Timestamp,Speed_kmh,Accel_ms2,Raw_RPM,Filtered_RPM,Brake_State,Control_Mode
2026-06-12 20:12:13.288,0.00,0.00,0.00,0.00,0,0
2026-06-12 20:12:13.337,0.00,0.00,0.00,0.00,2,0
2026-06-12 20:12:13.388,0.00,0.00,0.00,0.00,2,0
2026-06-12 20:12:13.438,0.00,0.00,0.00,0.00,2,0
2026-06-12 20:12:13.489,0.00,0.00,0.00,0.00,2,0
2026-06-12 20:12:13.539,0.00,0.00,0.00,0.00,2,0
2026-06-12 20:12:13.590,0.00,0.00,0.00,0.00,2,0
2026-06-12 20:12:13.640,0.00,0.00,0.00,0.00,2,0
2026-06-12 20:12:13.691,0.00,0.00,0.00,0.00,2,0
2026-06-12 20:12:13.741,0.00,0.00,0.00,0.00,2,0
2026-06-12 20:12:13.791,0.00,0.00,0.00,0.00,2,0
2026-06-12 20:12:13.842,0.00,0.00,0.00,0.00,2,0
2026-06-12 20:12:13.892,0.00,0.00,0.00,0.00,2,0
2026-06-12 20:12:13.943,0.00,0.00,0.00,0.00,2,0
2026-06-12 20:12:13.993,0.00,0.00,0.00,0.00,2,0
2026-06-12 20:12:14.043,0.00,0.00,0.00,0.00,2,0
2026-06-12 20:12:14.093,0.00,0.00,0.00,0.00,2,0
2026-06-12 20:12:14.144,0.00,0.00,0.00,0.00,2,0
2026-06-12 20:12:14.194,0.00,0.00,0.00,0.00,2,0
2026-06-12 20:12:14.245,0.00,0.00,0.00,0.00,2,0
2026-06-12 20:12:14.295,0.00,0.00,0.00,0.00,2,0
2026-06-12 20:12:14.345,0.00,0.00,0.00,0.00,2,0
2026-06-12 20:12:14.396,0.00,0.00,0.00,0.00,2,0
2026-06-12 20:12:14.447,0.00,0.00,0.00,0.00,2,0
2026-06-12 20:12:14.497,0.00,0.00,0.00,0.00,2,0
2026-06-12 20:12:14.547,0.00,0.00,0.00,0.00,2,0
2026-06-12 20:12:14.598,0.00,0.00,0.00,0.00,2,0
2026-06-12 20:12:14.648,0.00,0.00,0.00,0.00,2,0
2026-06-12 20:12:14.698,0.00,0.00,0.00,0.00,2,0
2026-06-12 20:12:14.749,0.00,0.00,0.00,0.00,2,0
2026-06-12 20:12:14.799,0.00,0.00,0.00,0.00,2,0
2026-06-12 20:12:14.849,0.00,0.00,0.00,0.00,2,0
2026-06-12 20:12:14.900,0.00,0.00,0.00,0.00,2,0
2026-06-12 20:12:14.950,0.00,0.00,0.00,0.00,2,0
2026-06-12 20:12:15.001,0.00,0.00,0.00,0.00,2,0
2026-06-12 20:12:15.052,0.00,0.00,0.00,0.00,2,0
2026-06-12 20:12:15.102,0.00,0.00,0.00,0.00,2,0
2026-06-12 20:12:15.152,0.00,0.00,0.00,0.00,2,0
2026-06-12 20:12:15.202,0.00,0.00,0.00,0.00,2,0
2026-06-12 20:12:15.255,0.00,0.00,0.00,0.00,2,0
2026-06-12 20:12:15.303,0.00,0.00,0.00,0.00,2,0
2026-06-12 20:12:15.353,0.00,0.00,0.00,0.00,2,0
2026-06-12 20:12:15.404,0.00,0.00,0.00,0.00,2,0
2026-06-12 20:12:15.454,0.00,0.00,0.00,0.00,2,0
2026-06-12 20:12:15.505,0.00,0.00,0.00,0.00,2,0
2026-06-12 20:12:15.555,0.00,0.00,0.00,0.00,2,0
2026-06-12 20:12:15.605,0.00,0.00,0.00,0.00,2,0
2026-06-12 20:12:15.656,0.00,0.00,0.00,0.00,2,0
2026-06-12 20:12:15.706,0.00,0.00,0.00,0.00,2,0
2026-06-12 20:12:15.757,0.00,0.00,0.00,0.00,2,0
2026-06-12 20:12:15.807,0.00,0.00,0.00,0.00,2,0
2026-06-12 20:12:15.857,0.00,0.00,0.00,0.00,2,0
2026-06-12 20:12:15.908,0.00,0.00,0.00,0.00,2,0
2026-06-12 20:12:15.958,0.00,0.00,0.00,0.00,2,0
2026-06-12 20:12:16.009,0.00,0.00,0.00,0.00,2,0
2026-06-12 20:12:16.059,0.00,0.00,0.00,0.00,2,0
2026-06-12 20:12:16.110,0.00,0.00,0.00,0.00,2,0
2026-06-12 20:12:16.160,0.00,0.00,0.00,0.00,2,0
2026-06-12 20:12:16.210,0.00,0.00,0.00,0.00,2,0
2026-06-12 20:12:16.261,0.00,0.00,0.00,0.00,2,0
2026-06-12 20:12:16.311,0.00,0.00,0.00,0.00,2,0
2026-06-12 20:12:16.362,0.00,0.00,0.00,0.00,2,0
2026-06-12 20:12:16.412,0.00,0.00,0.00,0.00,2,0
2026-06-12 20:12:16.462,0.00,0.00,0.00,0.00,2,0
2026-06-12 20:12:16.513,0.00,0.00,0.00,0.00,2,0
2026-06-12 20:12:16.565,0.00,0.00,0.00,0.00,2,0
2026-06-12 20:12:16.614,0.00,0.00,0.00,0.00,2,0
2026-06-12 20:12:16.664,0.00,0.00,0.00,0.00,2,0
2026-06-12 20:12:16.714,0.00,0.00,0.00,0.00,2,0
2026-06-12 20:12:16.765,0.00,0.00,0.00,0.00,2,0
2026-06-12 20:12:16.815,0.00,0.00,0.00,0.00,2,0
2026-06-12 20:12:16.865,0.00,0.00,0.00,0.00,2,0
2026-06-12 20:12:16.916,0.00,0.00,0.00,0.00,2,0
2026-06-12 20:12:16.966,0.00,0.00,0.00,0.00,2,0
2026-06-12 20:12:17.017,0.00,0.00,0.00,0.00,2,0
2026-06-12 20:12:17.067,0.00,0.00,0.00,0.00,2,0
2026-06-12 20:12:17.118,0.00,0.00,0.00,0.00,2,0
2026-06-12 20:12:17.168,0.00,0.00,0.00,0.00,2,0
2026-06-12 20:12:17.218,0.00,0.00,0.00,0.00,2,0
2026-06-12 20:12:17.269,0.00,0.00,0.00,0.00,2,0
2026-06-12 20:12:17.319,0.00,0.00,0.00,0.00,2,0
2026-06-12 20:12:17.370,0.00,0.00,0.00,0.00,2,0
2026-06-12 20:12:17.420,0.00,0.00,0.00,0.00,2,0
2026-06-12 20:12:17.470,0.00,0.00,0.00,0.00,2,0
2026-06-12 20:12:17.521,0.00,0.00,0.00,0.00,2,0
2026-06-12 20:12:17.572,0.00,0.00,0.00,0.00,2,0
2026-06-12 20:12:17.624,0.00,0.00,0.00,0.00,2,0
2026-06-12 20:12:17.672,0.00,0.00,0.00,0.00,2,0
2026-06-12 20:12:17.723,0.00,0.00,0.00,0.00,2,0
2026-06-12 20:12:17.774,0.00,0.00,0.00,0.00,2,0
2026-06-12 20:12:17.823,0.00,0.00,0.00,0.00,2,0
2026-06-12 20:12:17.873,0.00,0.00,0.00,0.00,2,0
2026-06-12 20:12:17.924,0.00,0.00,0.00,0.00,2,0
2026-06-12 20:12:17.974,0.00,0.00,0.00,0.00,2,0
2026-06-12 20:12:18.025,0.00,0.00,0.00,0.00,2,0
2026-06-12 20:12:18.075,0.00,0.00,0.00,0.00,2,0
2026-06-12 20:12:18.126,0.00,0.00,0.00,0.00,2,0
2026-06-12 20:12:18.176,0.00,0.00,0.00,0.00,2,0
2026-06-12 20:12:18.226,0.00,0.00,0.00,0.00,2,0
2026-06-12 20:12:18.277,0.00,0.00,0.00,0.00,2,0
2026-06-12 20:12:18.327,0.00,0.00,0.00,0.00,2,0
2026-06-12 20:12:18.378,0.00,0.00,0.00,0.00,2,0
2026-06-12 20:12:18.428,0.00,0.00,0.00,0.00,2,0
2026-06-12 20:12:18.478,0.00,0.00,0.00,0.00,2,0
2026-06-12 20:12:18.529,0.00,0.00,0.00,0.00,2,0
2026-06-12 20:12:18.579,0.00,0.00,0.00,0.00,2,0
2026-06-12 20:12:18.630,0.00,0.00,0.00,0.00,2,0
2026-06-12 20:12:18.680,0.00,0.00,0.00,0.00,2,0
2026-06-12 20:12:18.730,0.00,0.00,0.00,0.00,2,0
2026-06-12 20:12:18.781,0.00,0.00,0.00,0.00,2,0
2026-06-12 20:12:18.832,0.00,0.00,0.00,0.00,2,0
2026-06-12 20:12:18.882,0.00,0.00,0.00,0.00,2,0
2026-06-12 20:12:18.932,0.00,0.00,0.00,0.00,2,0
2026-06-12 20:12:18.982,0.00,0.00,0.00,0.00,2,0
2026-06-12 20:12:19.033,0.00,0.00,0.00,0.00,2,0
2026-06-12 20:12:19.083,0.00,0.00,0.00,0.00,2,0
2026-06-12 20:12:19.133,0.00,0.00,0.00,0.00,2,0
2026-06-12 20:12:19.184,0.00,0.00,0.00,0.00,2,0
2026-06-12 20:12:19.234,0.00,0.00,0.00,0.00,2,0
2026-06-12 20:12:19.285,0.00,0.00,0.00,0.00,2,0
2026-06-12 20:12:19.335,0.00,0.00,0.00,0.00,2,0
2026-06-12 20:12:19.385,0.00,0.00,0.00,0.00,2,0
2026-06-12 20:12:19.436,0.00,0.00,0.00,0.00,2,0
2026-06-12 20:12:19.486,0.00,0.00,0.00,0.00,2,0
2026-06-12 20:12:19.537,0.00,0.00,0.00,0.00,2,0
2026-06-12 20:12:19.587,0.00,0.00,0.00,0.00,2,0
2026-06-12 20:12:19.638,0.00,0.00,0.00,0.00,2,0
2026-06-12 20:12:19.688,0.00,0.00,0.00,0.00,2,0
2026-06-12 20:12:19.738,0.00,0.00,0.00,0.00,2,0
2026-06-12 20:12:19.789,0.00,0.00,0.00,0.00,2,0
2026-06-12 20:12:19.839,0.00,0.00,0.00,0.00,2,0
2026-06-12 20:12:19.890,0.00,0.00,0.00,0.00,2,0
2026-06-12 20:12:19.940,0.00,0.00,0.00,0.00,2,0
2026-06-12 20:12:19.991,0.00,0.00,0.00,0.00,2,0
2026-06-12 20:12:20.041,0.00,0.00,0.00,0.00,2,0
2026-06-12 20:12:20.092,0.00,0.00,0.00,0.00,2,0
2026-06-12 20:12:20.142,0.00,0.00,0.00,0.00,2,0
2026-06-12 20:12:20.192,0.00,0.00,0.00,0.00,2,0
2026-06-12 20:12:20.242,0.00,0.00,0.00,0.00,2,0
2026-06-12 20:12:20.293,0.00,0.00,0.00,0.00,2,0
2026-06-12 20:12:20.344,0.00,0.00,0.00,0.00,2,0
2026-06-12 20:12:20.394,0.00,0.00,0.00,0.00,2,0
2026-06-12 20:12:20.444,0.00,0.00,0.00,0.00,2,0
2026-06-12 20:12:20.494,0.00,0.00,0.00,0.00,2,0
2026-06-12 20:12:20.545,0.00,0.00,0.00,0.00,2,0
2026-06-12 20:12:20.595,0.00,0.00,0.00,0.00,2,0
2026-06-12 20:12:20.645,0.00,0.00,0.00,0.00,2,0
2026-06-12 20:12:20.696,0.00,0.00,0.00,0.00,2,0
2026-06-12 20:12:20.746,0.00,0.00,0.00,0.00,2,0
2026-06-12 20:12:20.797,0.00,0.00,0.00,0.00,2,0
2026-06-12 20:12:20.847,0.00,0.00,0.00,0.00,2,0
2026-06-12 20:12:20.897,0.00,0.00,0.00,0.00,2,0
2026-06-12 20:12:20.948,0.00,0.00,0.00,0.00,2,0
2026-06-12 20:12:20.998,0.00,0.00,0.00,0.00,2,0
2026-06-12 20:12:21.049,0.00,0.00,0.00,0.00,2,0
2026-06-12 20:12:21.099,0.00,0.00,0.00,0.00,2,0
2026-06-12 20:12:21.150,0.00,0.00,0.00,0.00,2,0
2026-06-12 20:12:21.200,0.00,0.00,0.00,0.00,2,0
2026-06-12 20:12:21.250,0.00,0.00,0.00,0.00,2,0
2026-06-12 20:12:21.301,0.00,0.00,0.00,0.00,2,0
2026-06-12 20:12:21.352,0.00,0.00,0.00,0.00,2,0
2026-06-12 20:12:21.402,0.00,0.00,0.00,0.00,2,0
2026-06-12 20:12:21.452,0.00,0.00,0.00,0.00,2,0
2026-06-12 20:12:21.502,0.00,0.00,0.00,0.00,2,0
2026-06-12 20:12:21.552,0.00,0.00,0.00,0.00,2,0
2026-06-12 20:12:21.603,0.00,0.00,0.00,0.00,2,0
2026-06-12 20:12:21.653,0.00,0.00,0.00,0.00,2,0
2026-06-12 20:12:21.704,0.00,0.00,0.00,0.00,2,0
2026-06-12 20:12:21.754,0.00,0.00,0.00,0.00,2,0
2026-06-12 20:12:21.805,0.00,0.00,0.00,0.00,2,0
2026-06-12 20:12:21.855,0.00,0.00,0.00,0.00,2,0
2026-06-12 20:12:21.905,0.00,0.00,0.00,0.00,2,0
2026-06-12 20:12:21.956,0.00,0.00,0.00,0.00,2,0
2026-06-12 20:12:22.006,0.00,0.00,0.00,0.00,2,0
2026-06-12 20:12:22.057,0.00,0.00,0.00,0.00,2,0
2026-06-12 20:12:22.107,0.00,0.00,0.00,0.00,2,0
2026-06-12 20:12:22.157,0.00,0.00,0.00,0.00,2,0
2026-06-12 20:12:22.208,0.00,0.00,0.00,0.00,2,0
2026-06-12 20:12:22.258,0.00,0.00,0.00,0.00,2,0
2026-06-12 20:12:22.309,0.00,0.00,0.00,0.00,2,0
2026-06-12 20:12:22.359,0.00,0.00,0.00,0.00,2,0
2026-06-12 20:12:22.409,0.00,0.00,0.00,0.00,2,0
2026-06-12 20:12:22.460,0.00,0.00,0.00,0.00,2,0
2026-06-12 20:12:22.510,0.00,0.00,0.00,0.00,2,0
2026-06-12 20:12:22.561,0.00,0.00,0.00,0.00,2,0
2026-06-12 20:12:22.612,0.00,0.00,0.00,0.00,2,0
2026-06-12 20:12:22.662,0.00,0.00,0.00,0.00,2,0
2026-06-12 20:12:22.712,0.00,0.00,0.00,0.00,2,0
2026-06-12 20:12:22.762,0.00,0.00,0.00,0.00,2,0
2026-06-12 20:12:22.812,0.00,0.00,0.00,0.00,2,0
2026-06-12 20:12:22.863,0.00,0.00,0.00,0.00,2,0
2026-06-12 20:12:22.913,0.00,0.00,0.00,0.00,2,0
2026-06-12 20:12:22.964,0.00,0.00,0.00,0.00,2,0
2026-06-12 20:12:23.014,0.00,0.00,0.00,0.00,2,0
2026-06-12 20:12:23.065,0.00,0.00,0.00,0.00,2,0
2026-06-12 20:12:23.115,0.00,0.00,0.00,0.00,2,0
2026-06-12 20:12:23.165,0.00,0.00,0.00,0.00,2,0
2026-06-12 20:12:23.216,0.00,0.00,0.00,0.00,2,0
2026-06-12 20:12:23.266,0.00,0.00,0.00,0.00,2,0
2026-06-12 20:12:23.317,0.00,0.00,0.00,0.00,2,0
2026-06-12 20:12:23.367,0.00,0.00,0.00,0.00,2,0
2026-06-12 20:12:23.417,0.00,0.00,0.00,0.00,2,0
2026-06-12 20:12:23.468,0.00,0.00,0.00,0.00,2,0
2026-06-12 20:12:23.518,0.00,0.00,0.00,0.00,2,0
2026-06-12 20:12:23.568,0.00,0.00,0.00,0.00,2,0
2026-06-12 20:12:23.619,0.00,0.00,0.00,0.00,2,0
2026-06-12 20:12:23.669,0.00,0.00,0.00,0.00,2,0
2026-06-12 20:12:23.720,0.00,0.00,0.00,0.00,2,0
2026-06-12 20:12:23.770,0.00,0.00,0.00,0.00,2,0
2026-06-12 20:12:23.821,0.00,0.00,0.00,0.00,2,0
2026-06-12 20:12:23.871,0.00,0.00,0.00,0.00,2,0
2026-06-12 20:12:23.922,0.00,0.00,0.00,0.00,2,0
2026-06-12 20:12:23.972,0.00,0.00,0.00,0.00,2,0
2026-06-12 20:12:24.022,0.00,0.00,0.00,0.00,2,0
2026-06-12 20:12:24.072,0.00,0.00,0.00,0.00,2,0
2026-06-12 20:12:24.123,0.00,0.00,0.00,0.00,2,0
2026-06-12 20:12:24.173,0.00,0.00,0.00,0.00,2,0
2026-06-12 20:12:24.224,0.00,0.00,0.00,0.00,2,0
2026-06-12 20:12:24.274,0.00,0.00,0.00,0.00,2,0
2026-06-12 20:12:24.325,0.00,0.00,0.00,0.00,2,0
2026-06-12 20:12:24.375,0.00,0.00,0.00,0.00,2,0
2026-06-12 20:12:24.425,0.00,0.00,0.00,0.00,2,0
2026-06-12 20:12:24.476,0.00,0.00,0.00,0.00,2,0
2026-06-12 20:12:24.526,0.00,0.00,0.00,0.00,2,0
2026-06-12 20:12:24.577,0.00,0.00,0.00,0.00,2,0
2026-06-12 20:12:24.627,0.00,0.00,0.00,0.00,2,0
2026-06-12 20:12:24.677,0.00,0.00,0.00,0.00,2,0
2026-06-12 20:12:24.728,0.00,0.00,0.00,0.00,2,0
2026-06-12 20:12:24.778,0.00,0.00,0.00,0.00,2,0
2026-06-12 20:12:24.829,0.00,0.00,0.00,0.00,2,0
2026-06-12 20:12:24.879,0.00,0.00,0.00,0.00,2,0
2026-06-12 20:12:24.929,0.00,0.00,0.00,0.00,2,0
2026-06-12 20:12:24.980,0.00,0.00,0.00,0.00,2,0
2026-06-12 20:12:25.030,0.00,0.00,0.00,0.00,2,0
2026-06-12 20:12:25.080,0.00,0.00,0.00,0.00,2,0
2026-06-12 20:12:25.132,0.00,0.00,0.00,0.00,2,0
2026-06-12 20:12:25.182,0.00,0.00,0.00,0.00,2,0
2026-06-12 20:12:25.232,0.00,0.00,0.00,0.00,2,0
2026-06-12 20:12:25.282,0.00,0.00,0.00,0.00,2,0
2026-06-12 20:12:25.332,0.00,0.00,0.00,0.00,2,0
2026-06-12 20:12:25.383,0.00,0.00,0.00,0.00,2,0
2026-06-12 20:12:25.436,0.00,0.00,0.00,0.00,2,0
2026-06-12 20:12:25.484,0.00,0.00,0.00,0.00,2,0
2026-06-12 20:12:25.534,0.00,0.00,0.00,0.00,2,0
2026-06-12 20:12:25.584,0.00,0.00,0.00,0.00,2,0
2026-06-12 20:12:25.635,0.00,0.00,0.00,0.00,2,0
2026-06-12 20:12:25.685,0.00,0.00,0.00,0.00,2,0
2026-06-12 20:12:25.736,0.00,0.00,0.00,0.00,2,0
2026-06-12 20:12:25.786,0.00,0.00,0.00,0.00,2,0
2026-06-12 20:12:25.836,0.00,0.00,0.00,0.00,2,0
2026-06-12 20:12:25.887,0.00,0.00,0.00,0.00,2,0
2026-06-12 20:12:25.937,0.00,0.00,0.00,0.00,2,0
2026-06-12 20:12:25.988,0.00,0.00,0.00,0.00,2,0
2026-06-12 20:12:26.038,0.00,0.00,0.00,0.00,2,0
2026-06-12 20:12:26.088,0.00,0.00,0.00,0.00,2,0
2026-06-12 20:12:26.139,0.00,0.00,0.00,0.00,2,0
2026-06-12 20:12:26.189,0.00,0.00,0.00,0.00,2,0
2026-06-12 20:12:26.240,0.00,0.00,0.00,0.00,2,0
2026-06-12 20:12:26.290,0.00,0.00,0.00,0.00,2,0
2026-06-12 20:12:26.340,0.00,0.00,0.00,0.00,2,0
2026-06-12 20:12:26.391,0.00,0.00,0.00,0.00,2,0
2026-06-12 20:12:26.442,0.00,0.00,0.00,0.00,2,0
2026-06-12 20:12:26.492,0.00,0.00,0.00,0.00,2,0
2026-06-12 20:12:26.542,0.00,0.00,0.00,0.00,2,0
2026-06-12 20:12:26.592,0.00,0.00,0.00,0.00,2,0
2026-06-12 20:12:26.643,0.00,0.00,0.00,0.00,2,0
2026-06-12 20:12:26.693,0.00,0.00,0.00,0.00,2,0
2026-06-12 20:12:26.744,0.00,0.00,0.00,0.00,2,0
2026-06-12 20:12:26.794,0.00,0.00,0.00,0.00,2,0
2026-06-12 20:12:26.844,0.00,0.00,0.00,0.00,2,0
2026-06-12 20:12:26.895,0.00,0.00,0.00,0.00,2,0
2026-06-12 20:12:26.945,0.00,0.00,0.00,0.00,2,0
2026-06-12 20:12:26.996,0.00,0.00,0.00,0.00,2,0
2026-06-12 20:12:27.051,0.00,0.00,0.00,0.00,2,0
2026-06-12 20:12:27.097,0.00,0.00,0.00,0.00,2,0
2026-06-12 20:12:27.147,0.00,0.00,0.00,0.00,2,0
2026-06-12 20:12:27.197,0.00,0.00,0.00,0.00,2,0
2026-06-12 20:12:27.248,0.00,0.00,0.00,0.00,2,0
2026-06-12 20:12:27.299,0.00,0.00,0.00,0.00,2,0
2026-06-12 20:12:27.348,0.00,0.00,0.00,0.00,2,0
2026-06-12 20:12:27.399,0.00,0.00,0.00,0.00,2,0
2026-06-12 20:12:27.449,0.00,0.00,0.00,0.00,2,0
2026-06-12 20:12:27.500,0.00,0.00,0.00,0.00,2,0
2026-06-12 20:12:27.550,0.00,0.00,0.00,0.00,2,0
2026-06-12 20:12:27.600,0.00,0.00,0.00,0.00,2,0
2026-06-12 20:12:27.651,0.00,0.00,0.00,0.00,2,0
2026-06-12 20:12:27.701,0.00,0.00,0.00,0.00,2,0
2026-06-12 20:12:27.752,0.00,0.00,0.00,0.00,2,0
2026-06-12 20:12:27.802,0.00,0.00,0.00,0.00,2,0
2026-06-12 20:12:27.853,0.00,0.00,0.00,0.00,2,0
2026-06-12 20:12:27.903,0.00,0.00,0.00,0.00,2,0
2026-06-12 20:12:27.953,0.00,0.00,0.00,0.00,2,0
2026-06-12 20:12:28.004,0.00,0.00,0.00,0.00,2,0
2026-06-12 20:12:28.054,0.00,0.00,0.00,0.00,2,0
2026-06-12 20:12:28.104,0.00,0.00,0.00,0.00,2,0
2026-06-12 20:12:28.155,0.00,0.00,0.00,0.00,2,0
2026-06-12 20:12:28.205,0.00,0.00,0.00,0.00,2,0
2026-06-12 20:12:28.256,0.00,0.00,0.00,0.00,2,0
2026-06-12 20:12:28.306,0.00,0.00,0.00,0.00,2,0
2026-06-12 20:12:28.356,0.00,0.00,0.00,0.00,2,0
2026-06-12 20:12:28.407,0.00,0.00,0.00,0.00,2,0
2026-06-12 20:12:28.457,0.00,0.00,0.00,0.00,2,0
2026-06-12 20:12:28.508,0.00,0.00,0.00,0.00,2,0
2026-06-12 20:12:28.558,0.00,0.00,0.00,0.00,2,0
2026-06-12 20:12:28.608,0.00,0.00,0.00,0.00,2,0
2026-06-12 20:12:28.659,0.00,0.00,0.00,0.00,2,0
2026-06-12 20:12:28.709,0.00,0.00,0.00,0.00,2,0
2026-06-12 20:12:28.760,0.00,0.00,0.00,0.00,2,0
2026-06-12 20:12:28.810,0.00,0.00,0.00,0.00,2,0
2026-06-12 20:12:28.860,0.00,0.00,0.00,0.00,2,0
2026-06-12 20:12:28.911,0.00,0.00,0.00,0.00,2,0
2026-06-12 20:12:28.963,0.00,0.00,0.00,0.00,2,0
2026-06-12 20:12:29.011,0.00,0.00,0.00,0.00,2,0
2026-06-12 20:12:29.062,0.00,0.00,0.00,0.00,2,0
2026-06-12 20:12:29.112,0.00,0.00,0.00,0.00,2,0
2026-06-12 20:12:29.163,0.00,0.00,0.00,0.00,2,0
2026-06-12 20:12:29.213,0.00,0.00,0.00,0.00,2,0
2026-06-12 20:12:29.263,0.00,0.00,0.00,0.00,2,0
2026-06-12 20:12:29.314,0.00,0.00,0.00,0.00,2,0
2026-06-12 20:12:29.364,0.00,0.00,0.00,0.00,2,0
2026-06-12 20:12:29.415,0.00,0.00,0.00,0.00,2,0
2026-06-12 20:12:29.465,0.00,0.00,0.00,0.00,2,0
2026-06-12 20:12:29.515,0.00,0.00,0.00,0.00,2,0
2026-06-12 20:12:29.566,0.00,0.00,0.00,0.00,2,0
2026-06-12 20:12:29.616,0.00,0.00,0.00,0.00,2,0
2026-06-12 20:12:29.667,0.00,0.00,0.00,0.00,2,0
2026-06-12 20:12:29.717,0.00,0.00,0.00,0.00,2,0
2026-06-12 20:12:29.767,0.00,0.00,0.00,0.00,2,0
2026-06-12 20:12:29.818,0.00,0.00,0.00,0.00,2,0
2026-06-12 20:12:29.868,0.00,0.00,0.00,0.00,2,0
2026-06-12 20:12:29.919,0.00,0.00,0.00,0.00,2,0
2026-06-12 20:12:29.969,0.00,0.00,0.00,0.00,2,0
2026-06-12 20:12:30.020,0.00,0.00,0.00,0.00,2,0
2026-06-12 20:12:30.070,0.00,0.00,0.00,0.00,2,0
2026-06-12 20:12:30.120,0.00,0.00,0.00,0.00,2,0
2026-06-12 20:12:30.176,0.00,0.00,0.00,0.00,2,0
2026-06-12 20:12:30.223,0.00,0.00,0.00,0.00,2,0
2026-06-12 20:12:30.278,0.00,0.00,0.00,0.00,2,0
2026-06-12 20:12:30.322,0.00,0.00,0.00,0.00,2,0
2026-06-12 20:12:30.377,0.00,0.00,0.00,0.00,2,0
2026-06-12 20:12:30.423,0.00,0.00,0.00,0.00,2,0
2026-06-12 20:12:30.473,0.00,0.00,0.00,0.00,2,0
2026-06-12 20:12:30.524,0.00,0.00,0.00,0.00,2,0
2026-06-12 20:12:30.574,0.00,0.00,0.00,0.00,2,0
2026-06-12 20:12:30.624,0.00,0.00,0.00,0.00,2,0
2026-06-12 20:12:30.680,0.00,0.00,0.00,0.00,2,0
2026-06-12 20:12:30.725,0.00,0.00,0.00,0.00,2,0
2026-06-12 20:12:30.775,0.00,0.00,0.00,0.00,2,0
2026-06-12 20:12:30.826,0.00,0.00,0.00,0.00,2,0
2026-06-12 20:12:30.877,0.00,0.00,0.00,0.00,2,0
2026-06-12 20:12:30.927,0.00,0.00,0.00,0.00,2,0
2026-06-12 20:12:30.977,0.00,0.00,0.00,0.00,2,0
2026-06-12 20:12:31.027,0.00,0.00,0.00,0.00,2,0
2026-06-12 20:12:31.078,0.00,0.00,0.00,0.00,2,0
2026-06-12 20:12:31.128,0.00,0.00,0.00,0.00,2,0
2026-06-12 20:12:31.179,0.00,0.00,0.00,0.00,2,0
2026-06-12 20:12:31.229,0.00,0.00,0.00,0.00,2,0
2026-06-12 20:12:31.280,0.00,0.00,0.00,0.00,2,0
2026-06-12 20:12:31.330,0.00,0.00,0.00,0.00,2,0
2026-06-12 20:12:31.380,0.00,0.00,0.00,0.00,2,0
2026-06-12 20:12:31.431,0.00,0.00,0.00,0.00,2,0
2026-06-12 20:12:31.482,0.00,0.00,0.00,0.00,2,0
2026-06-12 20:12:31.531,0.00,0.00,0.00,0.00,2,0
2026-06-12 20:12:31.582,0.00,0.00,0.00,0.00,2,0
2026-06-12 20:12:31.632,0.00,0.00,0.00,0.00,2,0
2026-06-12 20:12:31.683,0.00,0.00,0.00,0.00,2,0
2026-06-12 20:12:31.733,0.00,0.00,0.00,0.00,2,0
2026-06-12 20:12:31.784,0.00,0.00,0.00,0.00,2,0
2026-06-12 20:12:31.834,0.00,0.00,0.00,0.00,2,0
2026-06-12 20:12:31.885,0.00,0.00,0.00,0.00,2,0
2026-06-12 20:12:31.935,0.00,0.00,0.00,0.00,2,0
2026-06-12 20:12:31.985,0.00,0.00,0.00,0.00,2,0
2026-06-12 20:12:32.035,0.00,0.00,0.00,0.00,2,0
2026-06-12 20:12:32.086,0.00,0.00,0.00,0.00,2,0
2026-06-12 20:12:32.136,0.00,0.00,0.00,0.00,2,0
2026-06-12 20:12:32.188,0.00,0.00,0.00,0.00,2,0
2026-06-12 20:12:32.237,0.00,0.00,0.00,0.00,2,0
2026-06-12 20:12:32.288,0.00,0.00,0.00,0.00,2,0
2026-06-12 20:12:32.338,0.00,0.00,0.00,0.00,2,0
2026-06-12 20:12:32.388,0.00,0.00,0.00,0.00,2,0
2026-06-12 20:12:32.439,0.00,0.00,0.00,0.00,2,0
2026-06-12 20:12:32.489,0.00,0.00,0.00,0.00,2,0
2026-06-12 20:12:32.540,0.00,0.00,0.00,0.00,2,0
2026-06-12 20:12:32.590,0.00,0.00,0.00,0.00,2,0
2026-06-12 20:12:32.640,0.00,0.00,0.00,0.00,2,0
2026-06-12 20:12:32.691,0.00,0.00,0.00,0.00,2,0
2026-06-12 20:12:32.742,0.00,0.00,0.00,0.00,2,0
2026-06-12 20:12:32.792,0.00,0.00,0.00,0.00,2,0
2026-06-12 20:12:32.842,0.00,0.00,0.00,0.00,2,0
2026-06-12 20:12:32.892,0.00,0.00,0.00,0.00,2,0
2026-06-12 20:12:32.943,0.00,0.00,0.00,0.00,2,0
2026-06-12 20:12:32.994,0.00,0.00,0.00,0.00,2,0
2026-06-12 20:12:33.044,0.00,0.00,0.00,0.00,2,0
2026-06-12 20:12:33.094,0.00,0.00,0.00,0.00,2,0
2026-06-12 20:12:33.144,0.00,0.00,0.00,0.00,2,0
2026-06-12 20:12:33.195,0.00,0.00,0.00,0.00,2,0
2026-06-12 20:12:33.245,0.00,0.00,0.00,0.00,2,0
2026-06-12 20:12:33.296,0.00,0.00,0.00,0.00,2,0
2026-06-12 20:12:33.346,0.00,0.00,0.00,0.00,2,0
2026-06-12 20:12:33.396,0.00,0.00,0.00,0.00,2,0
2026-06-12 20:12:33.447,0.00,0.00,0.00,0.00,2,0
2026-06-12 20:12:33.497,0.00,0.00,0.00,0.00,2,0
2026-06-12 20:12:33.548,0.00,0.00,0.00,0.00,2,0
2026-06-12 20:12:33.598,0.00,0.00,0.00,0.00,2,0
2026-06-12 20:12:33.648,0.00,0.00,0.00,0.00,2,0
2026-06-12 20:12:33.699,0.00,0.00,0.00,0.00,2,0
2026-06-12 20:12:33.749,0.00,0.00,0.00,0.00,2,0
2026-06-12 20:12:33.799,0.00,0.00,0.00,0.00,2,0
2026-06-12 20:12:33.850,0.00,0.00,0.00,0.00,2,0
2026-06-12 20:12:33.900,0.00,0.00,0.00,0.00,2,0
2026-06-12 20:12:33.951,0.00,0.00,0.00,0.00,2,0
2026-06-12 20:12:34.001,0.00,0.00,0.00,0.00,2,0
2026-06-12 20:12:34.052,0.00,0.00,0.00,0.00,2,0
2026-06-12 20:12:34.102,0.00,0.00,0.00,0.00,2,0
2026-06-12 20:12:34.152,0.00,0.00,0.00,0.00,2,0
2026-06-12 20:12:34.203,0.00,0.00,0.00,0.00,2,0
2026-06-12 20:12:34.253,0.00,0.00,0.00,0.00,2,0
2026-06-12 20:12:34.303,0.00,0.00,0.00,0.00,2,0
2026-06-12 20:12:34.354,0.00,0.00,0.00,0.00,2,0
2026-06-12 20:12:34.404,0.00,0.00,0.00,0.00,2,0
2026-06-12 20:12:34.455,0.00,0.00,0.00,0.00,2,0
2026-06-12 20:12:34.505,0.00,0.00,0.00,0.00,2,0
2026-06-12 20:12:34.556,0.00,0.00,0.00,0.00,2,0
2026-06-12 20:12:34.606,0.00,0.00,0.00,0.00,2,0
2026-06-12 20:12:34.656,0.00,0.00,0.00,0.00,2,0
2026-06-12 20:12:34.707,0.00,0.00,0.00,0.00,2,0
2026-06-12 20:12:34.757,0.00,0.00,0.00,0.00,2,0
2026-06-12 20:12:34.807,0.00,0.00,0.00,0.00,2,0
2026-06-12 20:12:34.859,0.00,0.00,0.00,0.00,2,0
2026-06-12 20:12:34.908,0.00,0.00,0.00,0.00,2,0
2026-06-12 20:12:34.959,0.00,0.00,0.00,0.00,2,0
2026-06-12 20:12:35.009,0.00,0.00,0.00,0.00,2,0
2026-06-12 20:12:35.060,0.00,0.00,0.00,0.00,2,0
2026-06-12 20:12:35.110,0.00,0.00,0.00,0.00,2,0
2026-06-12 20:12:35.160,0.00,0.00,0.00,0.00,2,0
2026-06-12 20:12:35.211,0.00,0.00,0.00,0.00,2,0
2026-06-12 20:12:35.262,0.00,0.00,0.00,0.00,2,0
2026-06-12 20:12:35.312,0.00,0.00,0.00,0.00,2,0
2026-06-12 20:12:35.362,0.00,0.00,0.00,0.00,2,0
2026-06-12 20:12:35.412,0.00,0.00,0.00,0.00,2,0
2026-06-12 20:12:35.467,0.00,0.00,0.00,0.00,2,0
2026-06-12 20:12:35.514,0.00,0.00,0.00,0.00,2,0
2026-06-12 20:12:35.563,0.00,0.00,0.00,0.00,2,0
2026-06-12 20:12:35.614,0.00,0.00,0.00,0.00,2,0
2026-06-12 20:12:35.665,0.00,0.00,0.00,0.00,2,0
2026-06-12 20:12:35.716,0.00,0.00,0.00,0.00,2,0
2026-06-12 20:12:35.765,0.00,0.00,0.00,0.00,2,0
2026-06-12 20:12:35.815,0.00,0.00,0.00,0.00,2,0
2026-06-12 20:12:35.866,0.00,0.00,0.00,0.00,2,0
2026-06-12 20:12:35.916,0.00,0.00,0.00,0.00,2,0
2026-06-12 20:12:35.967,0.00,0.00,0.00,0.00,2,0
2026-06-12 20:12:36.017,0.00,0.00,0.00,0.00,2,0
2026-06-12 20:12:36.068,0.00,0.00,0.00,0.00,2,0
2026-06-12 20:12:36.118,0.00,0.00,0.00,0.00,2,0
2026-06-12 20:12:36.168,0.00,0.00,0.00,0.00,2,0
2026-06-12 20:12:36.219,0.00,0.00,0.00,0.00,2,0
2026-06-12 20:12:36.269,0.00,0.00,0.00,0.00,2,0
2026-06-12 20:12:36.319,0.00,0.00,0.00,0.00,2,0
2026-06-12 20:12:36.370,0.00,0.00,0.00,0.00,2,0
2026-06-12 20:12:36.420,0.00,0.00,0.00,0.00,2,0
2026-06-12 20:12:36.471,0.00,0.00,0.00,0.00,2,0
2026-06-12 20:12:36.521,0.00,0.00,0.00,0.00,2,0
2026-06-12 20:12:36.571,0.00,0.00,0.00,0.00,2,0
2026-06-12 20:12:36.623,0.00,0.00,0.00,0.00,2,0
2026-06-12 20:12:36.672,0.00,0.00,0.00,0.00,2,0
2026-06-12 20:12:36.723,0.00,0.00,0.00,0.00,2,0
2026-06-12 20:12:36.773,0.00,0.00,0.00,0.00,2,0
2026-06-12 20:12:36.823,0.00,0.00,0.00,0.00,2,0
2026-06-12 20:12:36.877,0.00,0.00,0.00,0.00,2,0
2026-06-12 20:12:36.924,0.00,0.00,0.00,0.00,2,0
2026-06-12 20:12:36.974,0.00,0.00,0.00,0.00,2,0
2026-06-12 20:12:37.025,0.00,0.00,0.00,0.00,2,0
2026-06-12 20:12:37.075,0.00,0.00,0.00,0.00,2,0
2026-06-12 20:12:37.126,0.00,0.00,0.00,0.00,2,0
2026-06-12 20:12:37.176,0.00,0.00,0.00,0.00,2,0
2026-06-12 20:12:37.227,0.00,0.00,0.00,0.00,2,0
2026-06-12 20:12:37.277,0.00,0.00,0.00,0.00,2,0
2026-06-12 20:12:37.327,0.00,0.00,0.00,0.00,2,0
2026-06-12 20:12:37.378,0.00,0.00,0.00,0.00,2,0
2026-06-12 20:12:37.428,0.00,0.00,0.00,0.00,2,0
2026-06-12 20:12:37.479,0.00,0.00,0.00,0.00,2,0
2026-06-12 20:12:37.529,0.00,0.00,0.00,0.00,2,0
2026-06-12 20:12:37.579,0.00,0.00,0.00,0.00,2,0
2026-06-12 20:12:37.630,0.00,0.00,0.00,0.00,2,0
2026-06-12 20:12:37.680,0.00,0.00,0.00,0.00,2,0
2026-06-12 20:12:37.731,0.00,0.00,0.00,0.00,2,0
2026-06-12 20:12:37.781,0.00,0.00,0.00,0.00,2,0
2026-06-12 20:12:37.831,0.00,0.00,0.00,0.00,2,0
2026-06-12 20:12:37.882,0.00,0.00,0.00,0.00,2,0
2026-06-12 20:12:37.932,0.00,0.00,0.00,0.00,2,0
2026-06-12 20:12:37.982,0.00,0.00,0.00,0.00,2,0
2026-06-12 20:12:38.033,0.00,0.00,0.00,0.00,2,0
2026-06-12 20:12:38.083,0.00,0.00,0.00,0.00,2,0
2026-06-12 20:12:38.134,0.00,0.00,0.00,0.00,2,0
2026-06-12 20:12:38.184,0.00,0.00,0.00,0.00,2,0
2026-06-12 20:12:38.235,0.00,0.00,0.00,0.00,2,0
2026-06-12 20:12:38.285,0.00,0.00,0.00,0.00,2,0
2026-06-12 20:12:38.335,0.00,0.00,0.00,0.00,2,0
2026-06-12 20:12:38.386,0.00,0.00,0.00,0.00,2,0
2026-06-12 20:12:38.440,0.00,0.00,0.00,0.00,2,0
2026-06-12 20:12:38.487,0.00,0.00,0.00,0.00,2,0
2026-06-12 20:12:38.537,0.00,0.00,0.00,0.00,2,0
2026-06-12 20:12:38.587,0.00,0.00,0.00,0.00,2,0
2026-06-12 20:12:38.638,0.00,0.00,0.00,0.00,2,0
2026-06-12 20:12:38.688,0.00,0.00,0.00,0.00,2,0
2026-06-12 20:12:38.740,0.00,0.00,0.00,0.00,2,0
2026-06-12 20:12:38.789,0.00,0.00,0.00,0.00,2,0
2026-06-12 20:12:38.839,0.00,0.00,0.00,0.00,2,0
2026-06-12 20:12:38.890,0.00,0.00,0.00,0.00,2,0
2026-06-12 20:12:38.940,0.00,0.00,0.00,0.00,2,0
2026-06-12 20:12:38.991,0.00,0.00,0.00,0.00,2,0
2026-06-12 20:12:39.041,0.00,0.00,0.00,0.00,2,0
2026-06-12 20:12:39.091,0.00,0.00,0.00,0.00,2,0
2026-06-12 20:12:39.142,0.00,0.00,0.00,0.00,2,0
2026-06-12 20:12:39.192,0.00,0.00,0.00,0.00,2,0
2026-06-12 20:12:39.242,0.00,0.00,0.00,0.00,2,0
2026-06-12 20:12:39.293,0.00,0.00,0.00,0.00,2,0
2026-06-12 20:12:39.343,0.00,0.00,0.00,0.00,2,0
2026-06-12 20:12:39.394,0.00,0.00,0.00,0.00,2,0
2026-06-12 20:12:39.444,0.00,0.00,0.00,0.00,2,0
2026-06-12 20:12:39.494,0.00,0.00,0.00,0.00,2,0
2026-06-12 20:12:39.545,0.00,0.00,0.00,0.00,2,0
2026-06-12 20:12:39.595,0.00,0.00,0.00,0.00,2,0
2026-06-12 20:12:39.646,0.00,0.00,0.00,0.00,2,0
2026-06-12 20:12:39.696,0.00,0.00,0.00,0.00,2,0
2026-06-12 20:12:39.746,0.00,0.00,0.00,0.00,2,0
2026-06-12 20:12:39.798,0.00,0.00,0.00,0.00,2,0
2026-06-12 20:12:39.847,0.00,0.00,0.00,0.00,1,0
2026-06-12 20:12:39.898,0.00,0.00,0.00,0.00,1,0
2026-06-12 20:12:39.948,0.00,0.00,0.00,0.00,1,0
2026-06-12 20:12:39.999,0.00,0.00,0.00,0.00,1,0
2026-06-12 20:12:40.049,0.00,0.00,0.00,0.00,1,0
2026-06-12 20:12:40.099,0.00,0.00,0.00,0.00,1,0
2026-06-12 20:12:40.150,0.00,0.00,0.00,0.00,1,0
2026-06-12 20:12:40.200,0.00,0.00,0.00,0.00,1,0
2026-06-12 20:12:40.250,0.00,0.00,0.00,0.00,1,0
2026-06-12 20:12:40.303,0.00,0.00,0.00,0.00,1,0
2026-06-12 20:12:40.352,0.00,0.00,0.00,0.00,1,0
2026-06-12 20:12:40.402,0.00,0.00,0.00,0.00,1,0
2026-06-12 20:12:40.452,0.00,0.00,0.00,0.00,1,0
2026-06-12 20:12:40.502,0.00,0.00,0.00,0.00,1,0
2026-06-12 20:12:40.553,0.00,0.00,0.00,0.00,1,0
2026-06-12 20:12:40.603,0.00,0.00,0.00,0.00,1,0
2026-06-12 20:12:40.654,0.00,0.00,0.00,0.00,1,0
2026-06-12 20:12:40.704,0.00,0.00,0.00,0.00,1,0
2026-06-12 20:12:40.755,0.00,0.00,0.00,0.00,1,0
2026-06-12 20:12:40.805,0.00,0.00,0.00,0.00,1,0
2026-06-12 20:12:40.855,0.00,0.00,0.00,0.00,1,0
2026-06-12 20:12:40.906,0.00,0.00,0.00,0.00,1,0
2026-06-12 20:12:40.956,0.00,0.00,0.00,0.00,1,0
2026-06-12 20:12:41.006,0.00,0.00,0.00,0.00,1,0
2026-06-12 20:12:41.057,0.00,0.00,0.00,0.00,1,0
2026-06-12 20:12:41.107,0.00,0.00,0.00,0.00,1,0
2026-06-12 20:12:41.159,0.00,0.00,0.00,0.00,1,0
2026-06-12 20:12:41.208,0.00,0.00,0.00,0.00,1,0
2026-06-12 20:12:41.259,0.00,0.00,0.00,0.00,1,0
2026-06-12 20:12:41.309,0.00,0.00,0.00,0.00,1,0
2026-06-12 20:12:41.359,0.00,0.00,0.00,0.00,1,0
2026-06-12 20:12:41.410,0.00,0.00,0.00,0.00,1,0
2026-06-12 20:12:41.460,0.00,0.00,0.00,0.00,1,0
2026-06-12 20:12:41.511,0.00,0.00,0.00,0.00,1,0
2026-06-12 20:12:41.562,0.00,0.00,0.00,0.00,1,0
2026-06-12 20:12:41.612,0.00,0.00,0.00,0.00,1,0
2026-06-12 20:12:41.662,0.00,0.00,0.00,0.00,1,0
2026-06-12 20:12:41.712,0.00,0.00,0.00,0.00,1,0
2026-06-12 20:12:41.763,0.00,0.00,0.00,0.00,1,0
2026-06-12 20:12:41.813,0.00,0.00,0.00,0.00,1,0
2026-06-12 20:12:41.863,0.00,0.00,0.00,0.00,1,0
2026-06-12 20:12:41.914,0.00,0.00,0.00,0.00,1,0
2026-06-12 20:12:41.964,0.00,0.00,0.00,0.00,1,0
2026-06-12 20:12:42.015,0.00,0.00,0.00,0.00,1,0
2026-06-12 20:12:42.065,0.00,0.00,0.00,0.00,1,0
2026-06-12 20:12:42.115,0.00,0.00,0.00,0.00,1,0
2026-06-12 20:12:42.166,0.00,0.00,0.00,0.00,1,0
2026-06-12 20:12:42.219,0.00,0.00,0.00,0.00,1,0
2026-06-12 20:12:42.267,0.00,0.00,0.00,0.00,1,0
2026-06-12 20:12:42.317,0.00,0.00,0.00,0.00,1,0
2026-06-12 20:12:42.369,0.00,0.00,0.00,0.00,1,0
2026-06-12 20:12:42.418,0.00,0.00,0.00,0.00,1,0
2026-06-12 20:12:42.468,0.00,0.00,0.00,0.00,1,0
2026-06-12 20:12:42.518,0.00,0.00,0.00,0.00,1,0
2026-06-12 20:12:42.569,0.00,0.00,0.00,0.00,1,0
2026-06-12 20:12:42.619,0.00,0.00,0.00,0.00,1,0
2026-06-12 20:12:42.670,0.00,0.00,0.00,0.00,1,0
2026-06-12 20:12:42.720,0.00,0.00,0.00,0.00,1,0
2026-06-12 20:12:42.770,0.00,0.00,0.00,0.00,1,0
2026-06-12 20:12:42.822,0.00,0.00,0.00,0.00,1,0
2026-06-12 20:12:42.871,0.00,0.00,0.00,0.00,0,0
2026-06-12 20:12:42.922,0.00,0.00,0.00,0.00,0,0
2026-06-12 20:12:42.972,0.00,0.00,0.00,0.00,0,0
2026-06-12 20:12:43.023,0.00,0.00,0.00,0.00,0,0
2026-06-12 20:12:43.073,0.00,0.00,0.00,0.00,0,0
2026-06-12 20:12:43.124,0.00,0.00,0.00,0.00,0,0
2026-06-12 20:12:43.174,0.00,0.00,0.00,0.00,0,0
2026-06-12 20:12:43.224,0.00,0.00,0.00,0.00,0,0
2026-06-12 20:12:43.275,0.00,0.00,0.00,0.00,0,0
2026-06-12 20:12:43.325,0.00,0.00,0.00,0.00,0,0
2026-06-12 20:12:43.375,0.00,0.00,0.00,0.00,0,0
2026-06-12 20:12:43.426,0.00,0.00,0.00,0.00,0,0
2026-06-12 20:12:43.476,0.00,0.00,0.00,0.00,0,0
2026-06-12 20:12:43.526,0.00,0.00,0.00,0.00,0,0
2026-06-12 20:12:43.577,0.00,0.00,0.00,0.00,0,0
2026-06-12 20:12:43.628,0.00,0.00,0.00,0.00,0,0
2026-06-12 20:12:43.678,0.00,0.00,0.00,0.00,0,0
2026-06-12 20:12:43.728,0.00,0.00,0.00,0.00,0,0
2026-06-12 20:12:43.779,0.00,0.00,0.00,0.00,0,0
2026-06-12 20:12:43.829,0.00,0.00,0.00,0.00,0,0
2026-06-12 20:12:43.879,0.00,0.00,0.00,0.00,0,0
2026-06-12 20:12:43.930,0.00,0.00,0.00,0.00,0,0
2026-06-12 20:12:43.980,0.00,0.00,0.00,0.00,0,0
2026-06-12 20:12:44.030,0.00,0.00,0.00,0.00,0,0
2026-06-12 20:12:44.082,0.00,0.00,0.00,0.00,0,0
2026-06-12 20:12:44.131,0.00,0.00,0.00,0.00,0,0
2026-06-12 20:12:44.182,0.00,0.00,0.00,0.00,0,0
2026-06-12 20:12:44.232,0.00,0.00,0.00,0.00,0,0
2026-06-12 20:12:44.283,0.00,0.00,0.00,0.00,0,0
2026-06-12 20:12:44.333,0.00,0.00,0.00,0.00,0,0
2026-06-12 20:12:44.383,0.00,0.00,0.00,0.00,0,0
2026-06-12 20:12:44.434,0.00,0.00,0.00,0.00,0,0
2026-06-12 20:12:44.484,0.00,0.00,0.00,0.00,0,0
2026-06-12 20:12:44.534,0.00,0.00,0.00,0.00,0,0
2026-06-12 20:12:44.585,0.00,0.00,0.00,0.00,0,0
2026-06-12 20:12:44.635,0.00,0.00,0.00,0.00,0,0
2026-06-12 20:12:44.686,0.00,0.00,0.00,0.00,0,0
2026-06-12 20:12:44.736,0.00,0.00,0.00,0.00,0,0
2026-06-12 20:12:44.786,0.00,0.00,0.00,0.00,0,0
2026-06-12 20:12:44.837,0.00,0.00,0.00,0.00,0,0
2026-06-12 20:12:44.887,0.00,0.00,0.00,0.00,2,0
2026-06-12 20:12:44.938,0.00,0.00,0.00,0.00,2,0
2026-06-12 20:12:44.988,0.00,0.00,0.00,0.00,2,0
2026-06-12 20:12:45.038,0.00,0.00,0.00,0.00,2,0
2026-06-12 20:12:45.089,0.00,0.00,0.00,0.00,2,0
2026-06-12 20:12:45.139,0.00,0.00,0.00,0.00,2,0
2026-06-12 20:12:45.190,0.00,0.00,0.00,0.00,2,0
2026-06-12 20:12:45.240,0.00,0.00,0.00,0.00,2,0
2026-06-12 20:12:45.290,0.00,0.00,0.00,0.00,2,0
2026-06-12 20:12:45.341,0.00,0.00,0.00,0.00,2,0
2026-06-12 20:12:45.392,0.00,0.00,0.00,0.00,2,0
2026-06-12 20:12:45.442,0.00,0.00,0.00,0.00,2,0
2026-06-12 20:12:45.492,0.00,0.00,0.00,0.00,2,0
2026-06-12 20:12:45.543,0.00,0.00,0.00,0.00,2,0
2026-06-12 20:12:45.593,0.00,0.00,0.00,0.00,2,0
2026-06-12 20:12:45.643,0.00,0.00,0.00,0.00,2,0
2026-06-12 20:12:45.694,0.00,0.00,0.00,0.00,2,0
2026-06-12 20:12:45.744,0.00,0.00,0.00,0.00,2,0
2026-06-12 20:12:45.794,0.00,0.00,0.00,0.00,2,0
2026-06-12 20:12:45.845,0.00,0.00,0.00,0.00,2,0
2026-06-12 20:12:45.895,0.00,0.00,0.00,0.00,2,0
2026-06-12 20:12:45.946,0.00,0.00,0.00,0.00,2,0
2026-06-12 20:12:45.996,0.00,0.00,0.00,0.00,2,0
2026-06-12 20:12:46.046,0.00,0.00,0.00,0.00,2,0
2026-06-12 20:12:46.097,0.00,0.00,0.00,0.00,2,0
2026-06-12 20:12:46.147,0.00,0.00,0.00,0.00,2,0
2026-06-12 20:12:46.198,0.00,0.00,0.00,0.00,2,0
2026-06-12 20:12:46.248,0.00,0.00,0.00,0.00,2,0
2026-06-12 20:12:46.298,0.00,0.00,0.00,0.00,2,0
2026-06-12 20:12:46.349,0.00,0.00,0.00,0.00,2,0
2026-06-12 20:12:46.400,0.00,0.00,0.00,0.00,2,0
2026-06-12 20:12:46.450,0.00,0.00,0.00,0.00,2,0
2026-06-12 20:12:46.500,0.00,0.00,0.00,0.00,2,0
2026-06-12 20:12:46.550,0.00,0.00,0.00,0.00,2,0
2026-06-12 20:12:46.601,0.00,0.00,0.00,0.00,2,0
2026-06-12 20:12:46.652,0.00,0.00,0.00,0.00,2,0
2026-06-12 20:12:46.702,0.00,0.00,0.00,0.00,2,0
2026-06-12 20:12:46.752,0.00,0.00,0.00,0.00,2,0
2026-06-12 20:12:46.802,0.00,0.00,0.00,0.00,2,0
2026-06-12 20:12:46.853,0.00,0.00,0.00,0.00,2,0
2026-06-12 20:12:46.903,0.00,0.00,0.00,0.00,2,0
2026-06-12 20:12:46.954,0.00,0.00,0.00,0.00,2,0
2026-06-12 20:12:47.004,0.00,0.00,0.00,0.00,2,0
2026-06-12 20:12:47.054,0.00,0.00,0.00,0.00,2,0
2026-06-12 20:12:47.105,0.00,0.00,0.00,0.00,2,0
2026-06-12 20:12:47.155,0.00,0.00,0.00,0.00,2,0
2026-06-12 20:12:47.206,0.00,0.00,0.00,0.00,2,0
2026-06-12 20:12:47.256,0.00,0.00,0.00,0.00,2,0
2026-06-12 20:12:47.306,0.00,0.00,0.00,0.00,2,0
2026-06-12 20:12:47.357,0.00,0.00,0.00,0.00,2,0
2026-06-12 20:12:47.407,0.00,0.00,0.00,0.00,2,0
2026-06-12 20:12:47.458,0.00,0.00,0.00,0.00,2,0
2026-06-12 20:12:47.508,0.00,0.00,0.00,0.00,2,0
2026-06-12 20:12:47.558,0.00,0.00,0.00,0.00,2,0
2026-06-12 20:12:47.609,0.00,0.00,0.00,0.00,2,0
2026-06-12 20:12:47.659,0.00,0.00,0.00,0.00,2,0
2026-06-12 20:12:47.710,0.00,0.00,0.00,0.00,2,0
2026-06-12 20:12:47.760,0.00,0.00,0.00,0.00,2,0
2026-06-12 20:12:47.810,0.00,0.00,0.00,0.00,2,0
2026-06-12 20:12:47.862,0.00,0.00,0.00,0.00,2,0
2026-06-12 20:12:47.911,0.00,0.00,0.00,0.00,2,0
2026-06-12 20:12:47.961,0.00,0.00,0.00,0.00,2,0
2026-06-12 20:12:48.012,0.00,0.00,0.00,0.00,2,0
2026-06-12 20:12:48.062,0.00,0.00,0.00,0.00,2,0
2026-06-12 20:12:48.113,0.00,0.00,0.00,0.00,2,0
2026-06-12 20:12:48.163,0.00,0.00,0.00,0.00,2,0
2026-06-12 20:12:48.213,0.00,0.00,0.00,0.00,2,0
2026-06-12 20:12:48.265,0.00,0.00,0.00,0.00,2,0
2026-06-12 20:12:48.315,0.00,0.00,0.00,0.00,2,0
2026-06-12 20:12:48.365,0.00,0.00,0.00,0.00,2,0
2026-06-12 20:12:48.415,0.00,0.00,0.00,0.00,2,0
2026-06-12 20:12:48.465,0.00,0.00,0.00,0.00,2,0
2026-06-12 20:12:48.518,0.00,0.00,0.00,0.00,2,0
2026-06-12 20:12:48.566,0.00,0.00,0.00,0.00,2,0
2026-06-12 20:12:48.617,0.00,0.00,0.00,0.00,2,0
2026-06-12 20:12:48.667,0.00,0.00,0.00,0.00,2,0
2026-06-12 20:12:48.717,0.00,0.00,0.00,0.00,2,0
2026-06-12 20:12:48.768,0.00,0.00,0.00,0.00,2,0
2026-06-12 20:12:48.818,0.00,0.00,0.00,0.00,2,0
2026-06-12 20:12:48.869,0.00,0.00,0.00,0.00,2,0
2026-06-12 20:12:48.920,0.00,0.00,0.00,0.00,2,0
2026-06-12 20:12:48.969,0.00,0.00,0.00,0.00,2,0
2026-06-12 20:12:49.020,0.00,0.00,0.00,0.00,2,0
2026-06-12 20:12:49.070,0.00,0.00,0.00,0.00,2,0
2026-06-12 20:12:49.121,0.00,0.00,0.00,0.00,2,0
2026-06-12 20:12:49.171,0.00,0.00,0.00,0.00,2,0
2026-06-12 20:12:49.221,0.00,0.00,0.00,0.00,2,0
2026-06-12 20:12:49.272,0.00,0.00,0.00,0.00,2,0
2026-06-12 20:12:49.322,0.00,0.00,0.00,0.00,2,0
2026-06-12 20:12:49.373,0.00,0.00,0.00,0.00,2,0
2026-06-12 20:12:49.423,0.00,0.00,0.00,0.00,2,0
2026-06-12 20:12:49.473,0.00,0.00,0.00,0.00,2,0
2026-06-12 20:12:49.524,0.00,0.00,0.00,0.00,2,0
2026-06-12 20:12:49.574,0.00,0.00,0.00,0.00,2,0
2026-06-12 20:12:49.625,0.00,0.00,0.00,0.00,2,0
2026-06-12 20:12:49.675,0.00,0.00,0.00,0.00,2,0
2026-06-12 20:12:49.726,0.00,0.00,0.00,0.00,2,0
2026-06-12 20:12:49.776,0.00,0.00,0.00,0.00,2,0
2026-06-12 20:12:49.826,0.00,0.00,0.00,0.00,2,0
2026-06-12 20:12:49.880,0.00,0.00,0.00,0.00,2,0
2026-06-12 20:12:49.927,0.00,0.00,0.00,0.00,2,0
2026-06-12 20:12:49.978,0.00,0.00,0.00,0.00,2,0
2026-06-12 20:12:50.028,0.00,0.00,0.00,0.00,2,0
2026-06-12 20:12:50.078,0.00,0.00,0.00,0.00,2,0
2026-06-12 20:12:50.129,0.00,0.00,0.00,0.00,2,0
2026-06-12 20:12:50.179,0.00,0.00,0.00,0.00,2,0
2026-06-12 20:12:50.231,0.00,0.00,0.00,0.00,2,0
2026-06-12 20:12:50.280,0.00,0.00,0.00,0.00,2,0
2026-06-12 20:12:50.330,0.00,0.00,0.00,0.00,2,0
2026-06-12 20:12:50.381,0.00,0.00,0.00,0.00,2,0
2026-06-12 20:12:50.433,0.00,0.00,0.00,0.00,2,0
2026-06-12 20:12:50.482,0.00,0.00,0.00,0.00,2,0
2026-06-12 20:12:50.533,0.00,0.00,0.00,0.00,2,0
2026-06-12 20:12:50.583,0.00,0.00,0.00,0.00,2,0
2026-06-12 20:12:50.633,0.00,0.00,0.00,0.00,2,0
2026-06-12 20:12:50.683,0.00,0.00,0.00,0.00,2,0
2026-06-12 20:12:50.733,0.00,0.00,0.00,0.00,2,0
2026-06-12 20:12:50.784,0.00,0.00,0.00,0.00,2,0
2026-06-12 20:12:50.834,0.00,0.00,0.00,0.00,2,0
2026-06-12 20:12:50.885,0.00,0.00,0.00,0.00,2,0
2026-06-12 20:12:50.935,0.00,0.00,0.00,0.00,2,0
2026-06-12 20:12:50.986,0.00,0.00,0.00,0.00,2,0
2026-06-12 20:12:51.036,0.00,0.00,0.00,0.00,2,0
2026-06-12 20:12:51.086,0.00,0.00,0.00,0.00,2,0
2026-06-12 20:12:51.137,0.00,0.00,0.00,0.00,2,0
2026-06-12 20:12:51.187,0.00,0.00,0.00,0.00,2,0
2026-06-12 20:12:51.237,0.00,0.00,0.00,0.00,2,0
2026-06-12 20:12:51.288,0.00,0.00,0.00,0.00,2,0
2026-06-12 20:12:51.339,0.00,0.00,0.00,0.00,2,0
2026-06-12 20:12:51.389,0.00,0.00,0.00,0.00,2,0
2026-06-12 20:12:51.444,0.00,0.00,0.00,0.00,2,0
2026-06-12 20:12:51.489,0.00,0.00,0.00,0.00,2,0
2026-06-12 20:12:51.540,0.00,0.00,0.00,0.00,2,0
2026-06-12 20:12:51.592,0.00,0.00,0.00,0.00,2,0
2026-06-12 20:12:51.641,0.00,0.00,0.00,0.00,2,0
2026-06-12 20:12:51.692,0.00,0.00,0.00,0.00,2,0
2026-06-12 20:12:51.741,0.00,0.00,0.00,0.00,2,0
2026-06-12 20:12:51.792,0.00,0.00,0.00,0.00,2,0
2026-06-12 20:12:51.842,0.00,0.00,0.00,0.00,2,0
2026-06-12 20:12:51.893,0.00,0.00,0.00,0.00,2,0
2026-06-12 20:12:51.943,0.00,0.00,0.00,0.00,2,0
2026-06-12 20:12:51.993,0.00,0.00,0.00,0.00,2,0
2026-06-12 20:12:52.045,0.00,0.00,0.00,0.00,2,0
2026-06-12 20:12:52.095,0.00,0.00,0.00,0.00,2,0
2026-06-12 20:12:52.145,0.00,0.00,0.00,0.00,2,0
2026-06-12 20:12:52.195,0.00,0.00,0.00,0.00,2,0
2026-06-12 20:12:52.245,0.00,0.00,0.00,0.00,2,0
2026-06-12 20:12:52.296,0.00,0.00,0.00,0.00,2,0
2026-06-12 20:12:52.347,0.00,0.00,0.00,0.00,2,0
2026-06-12 20:12:52.398,0.00,0.00,0.00,0.00,2,0
2026-06-12 20:12:52.447,0.00,0.00,0.00,0.00,2,0
2026-06-12 20:12:52.498,0.00,0.00,0.00,0.00,2,0
2026-06-12 20:12:52.549,0.00,0.00,0.00,0.00,2,0
2026-06-12 20:12:52.598,0.00,0.00,0.00,0.00,2,0
2026-06-12 20:12:52.649,0.00,0.00,0.00,0.00,2,0
2026-06-12 20:12:52.699,0.00,0.00,0.00,0.00,2,0
2026-06-12 20:12:52.749,0.00,0.00,0.00,0.00,2,0
2026-06-12 20:12:52.800,0.00,0.00,0.00,0.00,2,0
2026-06-12 20:12:52.853,0.00,0.00,0.00,0.00,2,0
2026-06-12 20:12:52.901,0.00,0.00,0.00,0.00,2,0
2026-06-12 20:12:52.952,0.00,0.00,0.00,0.00,2,0
2026-06-12 20:12:53.001,0.00,0.00,0.00,0.00,2,0
2026-06-12 20:12:53.052,0.00,0.00,0.00,0.00,2,0
2026-06-12 20:12:53.102,0.00,0.00,0.00,0.00,2,0
2026-06-12 20:12:53.153,0.00,0.00,0.00,0.00,2,0
2026-06-12 20:12:53.203,0.00,0.00,0.00,0.00,2,0
2026-06-12 20:12:53.253,0.00,0.00,0.00,0.00,2,0
2026-06-12 20:12:53.304,0.00,0.00,0.00,0.00,2,0
2026-06-12 20:12:53.354,0.00,0.00,0.00,0.00,2,0
2026-06-12 20:12:53.405,0.00,0.00,0.00,0.00,2,0
2026-06-12 20:12:53.455,0.00,0.00,0.00,0.00,2,0
2026-06-12 20:12:53.507,0.00,0.00,0.00,0.00,2,0
2026-06-12 20:12:53.556,0.00,0.00,0.00,0.00,2,0
2026-06-12 20:12:53.606,0.00,0.00,0.00,0.00,2,0
2026-06-12 20:12:53.657,0.00,0.00,0.00,0.00,2,0
2026-06-12 20:12:53.707,0.00,0.00,0.00,0.00,2,0
2026-06-12 20:12:53.757,0.00,0.00,0.00,0.00,2,0
2026-06-12 20:12:53.808,0.00,0.00,0.00,0.00,2,0
2026-06-12 20:12:53.859,0.00,0.00,0.00,0.00,2,0
2026-06-12 20:12:53.909,0.00,0.00,0.00,0.00,2,0
2026-06-12 20:12:53.960,0.00,0.00,0.00,0.00,2,0
2026-06-12 20:12:54.009,0.00,0.00,0.00,0.00,2,0
2026-06-12 20:12:54.062,0.00,0.00,0.00,0.00,2,0
2026-06-12 20:12:54.110,0.00,0.00,0.00,0.00,2,0
2026-06-12 20:12:54.161,0.00,0.00,0.00,0.00,2,0
2026-06-12 20:12:54.212,0.00,0.00,0.00,0.00,2,0
2026-06-12 20:12:54.262,0.00,0.00,0.00,0.00,2,0
2026-06-12 20:12:54.312,0.00,0.00,0.00,0.00,2,0
2026-06-12 20:12:54.362,0.00,0.00,0.00,0.00,2,0
2026-06-12 20:12:54.412,0.00,0.00,0.00,0.00,2,0
2026-06-12 20:12:54.463,0.00,0.00,0.00,0.00,2,0
2026-06-12 20:12:54.515,0.00,0.00,0.00,0.00,2,0
2026-06-12 20:12:54.564,0.00,0.00,0.00,0.00,2,0
2026-06-12 20:12:54.614,0.00,0.00,0.00,0.00,2,0
2026-06-12 20:12:54.665,0.00,0.00,0.00,0.00,2,0
2026-06-12 20:12:54.715,0.00,0.00,0.00,0.00,2,0
2026-06-12 20:12:54.766,0.00,0.00,0.00,0.00,2,0
2026-06-12 20:12:54.816,0.00,0.00,0.00,0.00,2,0
2026-06-12 20:12:54.866,0.00,0.00,0.00,0.00,2,0
2026-06-12 20:12:54.917,0.00,0.00,0.00,0.00,2,0
2026-06-12 20:12:54.967,0.00,0.00,0.00,0.00,2,0
2026-06-12 20:12:55.017,0.00,0.00,0.00,0.00,2,0
2026-06-12 20:12:55.068,0.00,0.00,0.00,0.00,2,0
2026-06-12 20:12:55.118,0.00,0.00,0.00,0.00,2,0
2026-06-12 20:12:55.169,0.00,0.00,0.00,0.00,2,0
2026-06-12 20:12:55.219,0.00,0.00,0.00,0.00,2,0
2026-06-12 20:12:55.269,0.00,0.00,0.00,0.00,2,0
2026-06-12 20:12:55.320,0.00,0.00,0.00,0.00,2,0
2026-06-12 20:12:55.370,0.00,0.00,0.00,0.00,2,0
2026-06-12 20:12:55.421,0.00,0.00,0.00,0.00,2,0
2026-06-12 20:12:55.472,0.00,0.00,0.00,0.00,2,0
2026-06-12 20:12:55.522,0.00,0.00,0.00,0.00,2,0
2026-06-12 20:12:55.572,0.00,0.00,0.00,0.00,2,0
2026-06-12 20:12:55.622,0.00,0.00,0.00,0.00,2,0
2026-06-12 20:12:55.672,0.00,0.00,0.00,0.00,2,0
2026-06-12 20:12:55.723,0.00,0.00,0.00,0.00,2,0
2026-06-12 20:12:55.773,0.00,0.00,0.00,0.00,2,0
2026-06-12 20:12:55.824,0.00,0.00,0.00,0.00,2,0
2026-06-12 20:12:55.874,0.00,0.00,0.00,0.00,2,0
2026-06-12 20:12:55.924,0.00,0.00,0.00,0.00,2,0
2026-06-12 20:12:55.975,0.00,0.00,0.00,0.00,2,0
2026-06-12 20:12:56.025,0.00,0.00,0.00,0.00,2,0
2026-06-12 20:12:56.076,0.00,0.00,0.00,0.00,2,0
2026-06-12 20:12:56.126,0.00,0.00,0.00,0.00,2,0
2026-06-12 20:12:56.177,0.00,0.00,0.00,0.00,2,0
2026-06-12 20:12:56.227,0.00,0.00,0.00,0.00,2,0
2026-06-12 20:12:56.277,0.00,0.00,0.00,0.00,2,0
2026-06-12 20:12:56.328,0.00,0.00,0.00,0.00,2,0
2026-06-12 20:12:56.378,0.00,0.00,0.00,0.00,2,0
2026-06-12 20:12:56.429,0.00,0.00,0.00,0.00,2,0
2026-06-12 20:12:56.479,0.00,0.00,0.00,0.00,2,0
2026-06-12 20:12:56.529,0.00,0.00,0.00,0.00,2,0
2026-06-12 20:12:56.580,0.00,0.00,0.00,0.00,2,0
2026-06-12 20:12:56.630,0.00,0.00,0.00,0.00,2,0
2026-06-12 20:12:56.682,0.00,0.00,0.00,0.00,2,0
2026-06-12 20:12:56.731,0.00,0.00,0.00,0.00,2,0
2026-06-12 20:12:56.782,0.00,0.00,0.00,0.00,2,0
2026-06-12 20:12:56.832,0.00,0.00,0.00,0.00,2,0
2026-06-12 20:12:56.882,0.00,0.00,0.00,0.00,2,0
2026-06-12 20:12:56.932,0.00,0.00,0.00,0.00,2,0
2026-06-12 20:12:56.983,0.00,0.00,0.00,0.00,2,0
2026-06-12 20:12:57.033,0.00,0.00,0.00,0.00,2,0
2026-06-12 20:12:57.084,0.00,0.00,0.00,0.00,2,0
2026-06-12 20:12:57.134,0.00,0.00,0.00,0.00,2,0
2026-06-12 20:12:57.184,0.00,0.00,0.00,0.00,2,0
2026-06-12 20:12:57.235,0.00,0.00,0.00,0.00,2,0
2026-06-12 20:12:57.286,0.00,0.00,0.00,0.00,2,0
2026-06-12 20:12:57.336,0.00,0.00,0.00,0.00,2,0
2026-06-12 20:12:57.386,0.00,0.00,0.00,0.00,2,0
2026-06-12 20:12:57.436,0.00,0.00,0.00,0.00,2,0
2026-06-12 20:12:57.487,0.00,0.00,0.00,0.00,2,0
2026-06-12 20:12:57.538,0.00,0.00,0.00,0.00,2,0
2026-06-12 20:12:57.588,0.00,0.00,0.00,0.00,2,0
2026-06-12 20:12:57.638,0.00,0.00,0.00,0.00,2,0
2026-06-12 20:12:57.689,0.00,0.00,0.00,0.00,2,0
2026-06-12 20:12:57.739,0.00,0.00,0.00,0.00,2,0
2026-06-12 20:12:57.789,0.00,0.00,0.00,0.00,2,0
2026-06-12 20:12:57.840,0.00,0.00,0.00,0.00,2,0
2026-06-12 20:12:57.890,0.00,0.00,0.00,0.00,2,0
2026-06-12 20:12:57.940,0.00,0.00,0.00,0.00,2,0
2026-06-12 20:12:57.991,0.00,0.00,0.00,0.00,2,0
2026-06-12 20:12:58.041,0.00,0.00,0.00,0.00,2,0
2026-06-12 20:12:58.092,0.00,0.00,0.00,0.00,2,0
2026-06-12 20:12:58.142,0.00,0.00,0.00,0.00,2,0
2026-06-12 20:12:58.193,0.00,0.00,0.00,0.00,2,0
2026-06-12 20:12:58.243,0.00,0.00,0.00,0.00,2,0
2026-06-12 20:12:58.293,0.00,0.00,0.00,0.00,2,0
2026-06-12 20:12:58.344,0.00,0.00,0.00,0.00,2,0
2026-06-12 20:12:58.394,0.00,0.00,0.00,0.00,2,0
2026-06-12 20:12:58.445,0.00,0.00,0.00,0.00,2,0
2026-06-12 20:12:58.495,0.00,0.00,0.00,0.00,2,0
2026-06-12 20:12:58.545,0.00,0.00,0.00,0.00,2,0
2026-06-12 20:12:58.596,0.00,0.00,0.00,0.00,2,0
2026-06-12 20:12:58.646,0.00,0.00,0.00,0.00,2,0
2026-06-12 20:12:58.696,0.00,0.00,0.00,0.00,2,0
2026-06-12 20:12:58.747,0.00,0.00,0.00,0.00,2,0
2026-06-12 20:12:58.797,0.00,0.00,0.00,0.00,2,0
2026-06-12 20:12:58.848,0.00,0.00,0.00,0.00,2,0
2026-06-12 20:12:58.898,0.00,0.00,0.00,0.00,2,0
2026-06-12 20:12:58.948,0.00,0.00,0.00,0.00,2,0
2026-06-12 20:12:58.999,0.00,0.00,0.00,0.00,2,0
2026-06-12 20:12:59.049,0.00,0.00,0.00,0.00,2,0
2026-06-12 20:12:59.100,0.00,0.00,0.00,0.00,2,0
2026-06-12 20:12:59.150,0.00,0.00,0.00,0.00,2,0
2026-06-12 20:12:59.200,0.00,0.00,0.00,0.00,2,0
2026-06-12 20:12:59.253,0.00,0.00,0.00,0.00,2,0
2026-06-12 20:12:59.301,0.00,0.00,0.00,0.00,2,0
2026-06-12 20:12:59.352,0.00,0.00,0.00,0.00,2,0
2026-06-12 20:12:59.402,0.00,0.00,0.00,0.00,2,0
2026-06-12 20:12:59.452,0.00,0.00,0.00,0.00,2,0
2026-06-12 20:12:59.503,0.00,0.00,0.00,0.00,2,0
2026-06-12 20:12:59.553,0.00,0.00,0.00,0.00,2,0
2026-06-12 20:12:59.604,0.00,0.00,0.00,0.00,2,0
2026-06-12 20:12:59.654,0.00,0.00,0.00,0.00,2,0
2026-06-12 20:12:59.704,0.00,0.00,0.00,0.00,2,0
2026-06-12 20:12:59.755,0.00,0.00,0.00,0.00,2,0
2026-06-12 20:12:59.812,0.00,0.00,0.00,0.00,2,0
2026-06-12 20:12:59.856,0.00,0.00,0.00,0.00,2,0
2026-06-12 20:12:59.906,0.00,0.00,0.00,0.00,2,0
2026-06-12 20:12:59.956,0.00,0.00,0.00,0.00,2,0
2026-06-12 20:13:00.007,0.00,0.00,0.00,0.00,2,0
2026-06-12 20:13:00.059,0.00,0.00,0.00,0.00,2,0
2026-06-12 20:13:00.108,0.00,0.00,0.00,0.00,2,0
2026-06-12 20:13:00.158,0.00,0.00,0.00,0.00,2,0
2026-06-12 20:13:00.208,0.00,0.00,0.00,0.00,2,0
2026-06-12 20:13:00.259,0.00,0.00,0.00,0.00,2,0
2026-06-12 20:13:00.309,0.00,0.00,0.00,0.00,2,0
2026-06-12 20:13:00.360,0.00,0.00,0.00,0.00,2,0
2026-06-12 20:13:00.410,0.00,0.00,0.00,0.00,2,0
2026-06-12 20:13:00.460,0.00,0.00,0.00,0.00,2,0
2026-06-12 20:13:00.511,0.00,0.00,0.00,0.00,2,0
2026-06-12 20:13:00.562,0.00,0.00,0.00,0.00,2,0
2026-06-12 20:13:00.612,0.00,0.00,0.00,0.00,2,0
2026-06-12 20:13:00.662,0.00,0.00,0.00,0.00,2,0
2026-06-12 20:13:00.712,0.00,0.00,0.00,0.00,2,0
2026-06-12 20:13:00.764,0.00,0.00,0.00,0.00,2,0
2026-06-12 20:13:00.813,0.00,0.00,0.00,0.00,2,0
2026-06-12 20:13:00.863,0.00,0.00,0.00,0.00,2,0
2026-06-12 20:13:00.914,0.00,0.00,0.00,0.00,2,0
2026-06-12 20:13:00.964,0.00,0.00,0.00,0.00,2,0
2026-06-12 20:13:01.015,0.00,0.00,0.00,0.00,2,0
2026-06-12 20:13:01.065,0.00,0.00,0.00,0.00,2,0
2026-06-12 20:13:01.115,0.00,0.00,0.00,0.00,2,0
2026-06-12 20:13:01.166,0.00,0.00,0.00,0.00,2,0
2026-06-12 20:13:01.216,0.00,0.00,0.00,0.00,2,0
2026-06-12 20:13:01.267,0.00,0.00,0.00,0.00,2,0
2026-06-12 20:13:01.317,0.00,0.00,0.00,0.00,2,0
2026-06-12 20:13:01.367,0.00,0.00,0.00,0.00,2,0
2026-06-12 20:13:01.418,0.00,0.00,0.00,0.00,2,0
2026-06-12 20:13:01.468,0.00,0.00,0.00,0.00,2,0
2026-06-12 20:13:01.519,0.00,0.00,0.00,0.00,2,0
2026-06-12 20:13:01.569,0.00,0.00,0.00,0.00,2,0
2026-06-12 20:13:01.619,0.00,0.00,0.00,0.00,2,0
2026-06-12 20:13:01.670,0.00,0.00,0.00,0.00,2,0
2026-06-12 20:13:01.720,0.00,0.00,0.00,0.00,2,0
2026-06-12 20:13:01.771,0.00,0.00,0.00,0.00,2,0
2026-06-12 20:13:01.821,0.00,0.00,0.00,0.00,2,0
2026-06-12 20:13:01.871,0.00,0.00,0.00,0.00,2,0
2026-06-12 20:13:01.922,0.00,0.00,0.00,0.00,2,0
2026-06-12 20:13:01.972,0.00,0.00,0.00,0.00,2,0
2026-06-12 20:13:02.023,0.00,0.00,0.00,0.00,2,0
2026-06-12 20:13:02.073,0.00,0.00,0.00,0.00,2,0
2026-06-12 20:13:02.123,0.00,0.00,0.00,0.00,2,0
2026-06-12 20:13:02.174,0.00,0.00,0.00,0.00,2,0
2026-06-12 20:13:02.224,0.00,0.00,0.00,0.00,2,0
2026-06-12 20:13:02.275,0.00,0.00,0.00,0.00,2,0
2026-06-12 20:13:02.325,0.00,0.00,0.00,0.00,2,0
2026-06-12 20:13:02.375,0.00,0.00,0.00,0.00,2,0
2026-06-12 20:13:02.426,0.00,0.00,0.00,0.00,2,0
2026-06-12 20:13:02.476,0.00,0.00,0.00,0.00,2,0
2026-06-12 20:13:02.527,0.00,0.00,0.00,0.00,2,0
2026-06-12 20:13:02.577,0.00,0.00,0.00,0.00,2,0
2026-06-12 20:13:02.627,0.00,0.00,0.00,0.00,2,0
2026-06-12 20:13:02.678,0.00,0.00,0.00,0.00,2,0
2026-06-12 20:13:02.728,0.00,0.00,0.00,0.00,2,0
2026-06-12 20:13:02.779,0.00,0.00,0.00,0.00,2,0
2026-06-12 20:13:02.832,0.00,0.00,0.00,0.00,2,0
2026-06-12 20:13:02.880,0.00,0.00,0.00,0.00,2,0
2026-06-12 20:13:02.930,0.00,0.00,0.00,0.00,2,0
2026-06-12 20:13:02.981,0.00,0.00,0.00,0.00,2,0
2026-06-12 20:13:03.031,0.00,0.00,0.00,0.00,2,0
2026-06-12 20:13:03.082,0.00,0.00,0.00,0.00,2,0
2026-06-12 20:13:03.131,0.00,0.00,0.00,0.00,2,0
2026-06-12 20:13:03.182,0.00,0.00,0.00,0.00,2,0
2026-06-12 20:13:03.232,0.00,0.00,0.00,0.00,2,0
2026-06-12 20:13:03.283,0.00,0.00,0.00,0.00,2,0
2026-06-12 20:13:03.333,0.00,0.00,0.00,0.00,2,0
2026-06-12 20:13:03.384,0.00,0.00,0.00,0.00,2,0
2026-06-12 20:13:03.434,0.00,0.00,0.00,0.00,2,0
2026-06-12 20:13:03.484,0.00,0.00,0.00,0.00,2,0
2026-06-12 20:13:03.535,0.00,0.00,0.00,0.00,2,0
2026-06-12 20:13:03.585,0.00,0.00,0.00,0.00,2,0
2026-06-12 20:13:03.635,0.00,0.00,0.00,0.00,2,0
2026-06-12 20:13:03.686,0.00,0.00,0.00,0.00,2,0
2026-06-12 20:13:03.736,0.00,0.00,0.00,0.00,2,0
2026-06-12 20:13:03.787,0.00,0.00,0.00,0.00,2,0
2026-06-12 20:13:03.837,0.00,0.00,0.00,0.00,2,0
2026-06-12 20:13:03.887,0.00,0.00,0.00,0.00,2,0
2026-06-12 20:13:03.938,0.00,0.00,0.00,0.00,2,0
2026-06-12 20:13:03.988,0.00,0.00,0.00,0.00,2,0
2026-06-12 20:13:04.039,0.00,0.00,0.00,0.00,2,0
2026-06-12 20:13:04.089,0.00,0.00,0.00,0.00,2,0
2026-06-12 20:13:04.140,0.00,0.00,0.00,0.00,2,0
2026-06-12 20:13:04.190,0.00,0.00,0.00,0.00,2,0
2026-06-12 20:13:04.244,0.00,0.00,0.00,0.00,2,0
2026-06-12 20:13:04.291,0.00,0.00,0.00,0.00,2,0
2026-06-12 20:13:04.341,0.00,0.00,0.00,0.00,2,0
2026-06-12 20:13:04.391,0.00,0.00,0.00,0.00,2,0
2026-06-12 20:13:04.442,0.00,0.00,0.00,0.00,2,0
2026-06-12 20:13:04.492,0.00,0.00,0.00,0.00,2,0
2026-06-12 20:13:04.543,0.00,0.00,0.00,0.00,2,0
2026-06-12 20:13:04.593,0.00,0.00,0.00,0.00,2,0
2026-06-12 20:13:04.643,0.00,0.00,0.00,0.00,2,0
2026-06-12 20:13:04.694,0.00,0.00,0.00,0.00,2,0
2026-06-12 20:13:04.747,0.00,0.00,0.00,0.00,2,0
2026-06-12 20:13:04.795,0.00,0.00,0.00,0.00,2,0
2026-06-12 20:13:04.845,0.00,0.00,0.00,0.00,2,0
2026-06-12 20:13:04.896,0.00,0.00,0.00,0.00,2,0
2026-06-12 20:13:04.946,0.00,0.00,0.00,0.00,2,0
2026-06-12 20:13:04.996,0.00,0.00,0.00,0.00,2,0
2026-06-12 20:13:05.047,0.00,0.00,0.00,0.00,2,0
2026-06-12 20:13:05.097,0.00,0.00,0.00,0.00,2,0
2026-06-12 20:13:05.147,0.00,0.00,0.00,0.00,2,0
2026-06-12 20:13:05.198,0.00,0.00,0.00,0.00,2,0
2026-06-12 20:13:05.248,0.00,0.00,0.00,0.00,2,0
2026-06-12 20:13:05.299,0.00,0.00,0.00,0.00,2,0
2026-06-12 20:13:05.349,0.00,0.00,0.00,0.00,2,0
2026-06-12 20:13:05.399,0.00,0.00,0.00,0.00,2,0
2026-06-12 20:13:05.450,0.00,0.00,0.00,0.00,2,0
2026-06-12 20:13:05.500,0.00,0.00,0.00,0.00,2,0
2026-06-12 20:13:05.551,0.00,0.00,0.00,0.00,2,0
2026-06-12 20:13:05.601,0.00,0.00,0.00,0.00,2,0
2026-06-12 20:13:05.652,0.00,0.00,0.00,0.00,2,0
2026-06-12 20:13:05.702,0.00,0.00,0.00,0.00,2,0
2026-06-12 20:13:05.752,0.00,0.00,0.00,0.00,2,0
2026-06-12 20:13:05.803,0.00,0.00,0.00,0.00,2,0
2026-06-12 20:13:05.853,0.00,0.00,0.00,0.00,2,0
2026-06-12 20:13:05.903,0.00,0.00,0.00,0.00,2,0
2026-06-12 20:13:05.954,0.00,0.00,0.00,0.00,2,0
2026-06-12 20:13:06.004,0.00,0.00,0.00,0.00,2,0
2026-06-12 20:13:06.055,0.00,0.00,0.00,0.00,2,0
2026-06-12 20:13:06.105,0.00,0.00,0.00,0.00,2,0
2026-06-12 20:13:06.155,0.00,0.00,0.00,0.00,2,0
2026-06-12 20:13:06.206,0.00,0.00,0.00,0.00,2,0
2026-06-12 20:13:06.256,0.00,0.00,0.00,0.00,2,0
2026-06-12 20:13:06.307,0.00,0.00,0.00,0.00,2,0
2026-06-12 20:13:06.357,0.00,0.00,0.00,0.00,2,0
2026-06-12 20:13:06.407,0.00,0.00,0.00,0.00,2,0
2026-06-12 20:13:06.458,0.00,0.00,0.00,0.00,2,0
2026-06-12 20:13:06.508,0.00,0.00,0.00,0.00,2,0
2026-06-12 20:13:06.559,0.00,0.00,0.00,0.00,2,0
2026-06-12 20:13:06.609,0.00,0.00,0.00,0.00,2,0
2026-06-12 20:13:06.659,0.00,0.00,0.00,0.00,2,0
2026-06-12 20:13:06.710,0.00,0.00,0.00,0.00,2,0
2026-06-12 20:13:06.760,0.00,0.00,0.00,0.00,2,0
2026-06-12 20:13:06.811,0.00,0.00,0.00,0.00,2,0
2026-06-12 20:13:06.861,0.00,0.00,0.00,0.00,2,0
2026-06-12 20:13:06.912,0.00,0.00,0.00,0.00,2,0
2026-06-12 20:13:06.968,0.00,0.00,0.00,0.00,2,0
2026-06-12 20:13:07.012,0.00,0.00,0.00,0.00,2,0
2026-06-12 20:13:07.063,0.00,0.00,0.00,0.00,2,0
2026-06-12 20:13:07.113,0.00,0.00,0.00,0.00,2,0
2026-06-12 20:13:07.163,0.00,0.00,0.00,0.00,2,0
2026-06-12 20:13:07.214,0.00,0.00,0.00,0.00,2,0
2026-06-12 20:13:07.264,0.00,0.00,0.00,0.00,2,0
2026-06-12 20:13:07.315,0.00,0.00,0.00,0.00,2,0
2026-06-12 20:13:07.365,0.02,0.00,0.00,0.00,2,0
2026-06-12 20:13:07.418,0.02,0.00,0.50,0.15,2,0
2026-06-12 20:13:07.466,0.02,0.00,0.50,0.15,2,0
2026-06-12 20:13:07.516,1.18,0.39,0.50,0.15,2,0
2026-06-12 20:13:07.567,1.18,0.39,35.42,10.73,2,0
2026-06-12 20:13:07.617,2.47,0.75,35.42,10.73,2,0
2026-06-12 20:13:07.668,2.47,0.75,49.66,22.41,2,0
2026-06-12 20:13:07.719,3.62,1.12,49.66,22.41,2,0
2026-06-12 20:13:07.768,3.62,1.12,57.18,32.84,2,0
2026-06-12 20:13:07.819,3.62,1.12,57.18,32.84,2,0
2026-06-12 20:13:07.869,4.61,1.28,57.18,32.84,2,0
2026-06-12 20:13:07.920,5.50,1.58,63.01,41.89,2,0
2026-06-12 20:13:07.970,5.50,1.58,68.84,49.98,2,0
2026-06-12 20:13:08.020,6.33,1.69,68.84,49.98,2,0
2026-06-12 20:13:08.071,6.33,1.69,75.14,57.52,2,0
2026-06-12 20:13:08.122,7.11,1.86,75.14,57.52,2,0
2026-06-12 20:13:08.172,7.86,2.00,80.97,64.56,2,0
2026-06-12 20:13:08.222,7.86,2.00,87.42,71.42,2,0
2026-06-12 20:13:08.272,8.52,1.97,87.42,71.42,2,0
2026-06-12 20:13:08.323,8.52,1.97,91.18,77.34,2,0
2026-06-12 20:13:08.373,9.06,1.97,91.18,77.34,2,0
2026-06-12 20:13:08.424,9.54,2.07,93.73,82.26,2,0
2026-06-12 20:13:08.476,9.95,1.99,96.75,86.61,2,0
2026-06-12 20:13:08.524,9.95,1.99,99.22,90.39,2,0
2026-06-12 20:13:08.577,10.36,1.92,99.22,90.39,2,0
2026-06-12 20:13:08.626,10.75,1.84,102.70,94.08,2,0
2026-06-12 20:13:08.676,11.12,1.88,105.82,97.60,2,0
2026-06-12 20:13:08.726,11.12,1.88,109.00,101.02,2,0
2026-06-12 20:13:08.776,11.52,1.81,109.00,101.02,2,0
2026-06-12 20:13:08.827,11.89,1.86,112.84,104.57,2,0
2026-06-12 20:13:08.877,12.25,1.77,116.05,108.01,2,0
2026-06-12 20:13:08.928,12.58,1.78,118.80,111.25,2,0
2026-06-12 20:13:08.978,12.58,1.78,121.11,114.21,2,0
2026-06-12 20:13:09.028,12.87,1.67,121.11,114.21,2,0
2026-06-12 20:13:09.079,13.15,1.66,122.95,116.83,2,0
2026-06-12 20:13:09.129,14.46,3.09,125.46,119.42,2,0
2026-06-12 20:13:09.180,16.00,5.20,152.80,131.28,2,0
2026-06-12 20:13:09.230,19.58,8.50,177.94,145.28,2,0
2026-06-12 20:13:09.280,20.80,8.25,227.12,177.76,2,0
2026-06-12 20:13:09.332,20.73,6.95,214.94,188.92,2,0
2026-06-12 20:13:09.383,20.64,5.84,186.66,188.24,2,0
2026-06-12 20:13:09.432,19.75,4.22,185.61,187.45,2,0
2026-06-12 20:13:09.482,18.60,2.65,160.34,179.32,2,0
2026-06-12 20:13:09.532,17.90,1.67,144.64,168.91,2,0
2026-06-12 20:13:09.583,17.58,1.15,147.68,162.55,2,0
2026-06-12 20:13:09.633,17.40,0.69,152.86,159.64,2,0
2026-06-12 20:13:09.684,17.37,0.56,154.20,158.01,2,0
2026-06-12 20:13:09.734,17.35,0.46,157.12,157.74,2,0
2026-06-12 20:13:09.784,17.34,0.39,157.02,157.52,2,0
2026-06-12 20:13:09.835,17.41,0.38,157.40,157.49,2,0
2026-06-12 20:13:09.885,17.48,0.38,159.38,158.06,2,0
2026-06-12 20:13:09.936,17.92,0.83,160.34,158.74,2,0
2026-06-12 20:13:09.986,18.18,0.91,168.03,162.75,2,0
2026-06-12 20:13:10.036,18.43,0.98,170.47,165.07,2,0
2026-06-12 20:13:10.087,18.58,1.08,172.62,167.33,2,0
2026-06-12 20:13:10.137,18.65,0.98,171.95,168.72,2,0
2026-06-12 20:13:10.188,18.80,0.95,170.86,169.36,2,0
2026-06-12 20:13:10.238,19.07,1.05,173.82,170.70,2,0
2026-06-12 20:13:10.289,19.29,1.07,176.88,173.17,2,0
2026-06-12 20:13:10.339,19.36,1.03,179.76,175.15,2,0
2026-06-12 20:13:10.389,19.53,1.02,177.43,175.83,2,0
2026-06-12 20:13:10.440,19.73,0.94,180.94,177.36,2,0
2026-06-12 20:13:10.490,19.77,0.84,180.60,179.16,2,0
2026-06-12 20:13:10.541,19.79,0.73,180.49,179.56,2,0
2026-06-12 20:13:10.592,19.84,0.69,180.17,179.74,2,0
2026-06-12 20:13:10.642,20.12,0.85,181.03,180.13,2,0
2026-06-12 20:13:10.692,20.22,0.80,186.02,182.75,2,0
2026-06-12 20:13:10.742,20.24,0.70,185.72,183.64,2,0
2026-06-12 20:13:10.793,20.13,0.40,184.24,183.82,2,0
2026-06-12 20:13:10.843,20.08,0.30,180.38,182.79,2,0
2026-06-12 20:13:10.893,19.94,0.06,181.33,182.35,2,0
2026-06-12 20:13:10.944,19.95,0.06,179.67,181.08,2,0
2026-06-12 20:13:10.994,19.89,-0.00,181.37,181.17,2,0
2026-06-12 20:13:11.045,19.84,-0.08,179.38,180.63,2,0
2026-06-12 20:13:11.095,19.74,-0.15,179.19,180.20,2,0
2026-06-12 20:13:11.145,19.54,-0.29,177.02,179.25,2,0
2026-06-12 20:13:11.202,19.14,-0.68,173.29,177.46,2,0
2026-06-12 20:13:11.246,19.05,-0.66,169.60,173.84,2,0
2026-06-12 20:13:11.297,19.08,-0.54,170.99,172.98,2,0
2026-06-12 20:13:11.347,19.11,-0.41,173.88,173.25,2,0
2026-06-12 20:13:11.398,19.16,-0.30,174.09,173.50,2,0
2026-06-12 20:13:11.448,19.16,-0.26,175.21,174.02,2,0
2026-06-12 20:13:11.498,19.00,-0.35,174.00,174.01,2,0
2026-06-12 20:13:11.549,18.72,-0.59,169.13,172.55,2,0
2026-06-12 20:13:11.599,18.59,-0.61,166.94,170.00,2,0
2026-06-12 20:13:11.650,18.61,-0.50,166.15,168.84,2,0
2026-06-12 20:13:11.700,18.55,-0.47,169.49,169.04,2,0
2026-06-12 20:13:11.751,18.47,-0.54,167.16,168.47,2,0
2026-06-12 20:13:11.802,18.36,-0.55,166.05,167.75,2,0
2026-06-12 20:13:11.852,18.10,-0.68,164.39,166.74,2,0
2026-06-12 20:13:11.902,17.92,-0.73,158.88,164.38,2,0
2026-06-12 20:13:11.952,17.70,-0.80,158.75,162.69,2,0
2026-06-12 20:13:12.003,17.56,-0.80,156.27,160.76,2,0
2026-06-12 20:13:12.053,17.52,-0.71,156.41,159.46,2,0
2026-06-12 20:13:12.103,17.40,-0.70,158.17,159.07,2,0
2026-06-12 20:13:12.154,17.32,-0.66,155.53,158.01,2,0
2026-06-12 20:13:12.204,17.14,-0.71,155.66,157.30,2,0
2026-06-12 20:13:12.255,16.88,-0.82,151.86,155.67,2,0
2026-06-12 20:13:12.305,16.71,-0.84,147.80,153.31,2,0
2026-06-12 20:13:12.356,16.47,-0.92,148.20,151.78,2,0
2026-06-12 20:13:12.406,16.26,-0.95,144.33,149.54,2,0
2026-06-12 20:13:12.456,16.12,-0.92,143.36,147.69,2,0
2026-06-12 20:13:12.507,15.87,-0.99,143.31,146.37,2,0
2026-06-12 20:13:12.557,15.70,-0.94,138.95,144.15,2,0
2026-06-12 20:13:12.608,15.47,-0.98,138.85,142.56,2,0
2026-06-12 20:13:12.658,15.20,-1.06,135.67,140.49,2,0
2026-06-12 20:13:12.708,14.97,-1.09,132.34,138.04,2,0
2026-06-12 20:13:12.759,14.97,-1.09,131.18,135.99,2,0
2026-06-12 20:13:12.809,14.71,-1.07,131.18,135.99,2,0
2026-06-12 20:13:12.860,14.49,-1.09,128.01,133.59,2,0
2026-06-12 20:13:12.910,14.32,-1.02,126.99,131.61,2,0
2026-06-12 20:13:12.961,14.14,-1.01,126.23,130.00,2,0
2026-06-12 20:13:13.012,14.14,-1.01,124.83,128.45,2,0
2026-06-12 20:13:13.062,13.96,-0.96,124.83,128.45,2,0
2026-06-12 20:13:13.112,13.72,-1.02,122.88,126.78,2,0
2026-06-12 20:13:13.162,13.45,-1.01,119.38,124.56,2,0
2026-06-12 20:13:13.213,13.16,-1.10,116.60,122.17,2,0
2026-06-12 20:13:13.263,13.16,-1.10,113.42,119.55,2,0
2026-06-12 20:13:13.314,12.89,-1.09,113.42,119.55,2,0
2026-06-12 20:13:13.364,12.64,-1.06,111.10,117.01,2,0
2026-06-12 20:13:13.414,12.64,-1.06,109.57,114.78,2,0
2026-06-12 20:13:13.465,12.41,-1.03,109.57,114.78,2,0
2026-06-12 20:13:13.515,12.20,-0.99,107.75,112.67,2,0
2026-06-12 20:13:13.566,12.20,-0.99,106.35,110.78,2,0
2026-06-12 20:13:13.616,11.98,-0.96,106.35,110.78,2,0
2026-06-12 20:13:13.667,11.75,-0.95,104.17,108.79,2,0
2026-06-12 20:13:13.717,11.75,-0.95,101.69,106.66,2,0
2026-06-12 20:13:13.767,11.49,-0.95,101.69,106.66,2,0
2026-06-12 20:13:13.818,11.19,-0.96,98.84,104.32,2,0
2026-06-12 20:13:13.868,11.19,-0.96,95.46,101.66,2,0
2026-06-12 20:13:13.919,10.92,-0.97,95.46,101.66,2,0
2026-06-12 20:13:13.972,10.92,-0.97,93.44,99.19,2,0
2026-06-12 20:13:14.020,10.69,-0.92,93.44,99.19,1,0
2026-06-12 20:13:14.070,10.49,-0.89,92.03,97.04,1,0
2026-06-12 20:13:14.120,10.49,-0.89,90.95,95.22,1,0
2026-06-12 20:13:14.171,10.35,-0.84,90.95,95.22,1,0
2026-06-12 20:13:14.224,10.35,-0.84,91.02,93.96,1,0
2026-06-12 20:13:14.272,10.24,-0.75,91.02,93.96,1,0
2026-06-12 20:13:14.322,10.17,-0.68,90.77,93.00,1,0
2026-06-12 20:13:14.372,10.63,0.19,90.69,92.31,1,0
2026-06-12 20:13:14.423,11.47,0.85,106.26,96.50,1,0
2026-06-12 20:13:14.473,12.15,1.10,121.96,104.13,1,0
2026-06-12 20:13:14.524,12.15,1.10,124.81,110.34,1,0
2026-06-12 20:13:14.574,12.73,1.25,124.81,110.34,1,0
2026-06-12 20:13:14.624,12.54,0.96,127.94,115.62,1,0
2026-06-12 20:13:14.675,12.54,0.96,109.90,113.90,1,0
2026-06-12 20:13:14.725,12.13,0.59,109.90,113.90,1,0
2026-06-12 20:13:14.780,11.98,0.38,101.41,110.15,1,0
2026-06-12 20:13:14.826,12.00,0.33,105.59,108.79,1,0
2026-06-12 20:13:14.876,12.00,0.33,109.47,108.99,1,0
2026-06-12 20:13:14.927,12.13,0.35,109.47,108.99,1,0
2026-06-12 20:13:14.977,12.31,0.45,112.78,110.13,1,0
2026-06-12 20:13:15.028,12.48,0.53,115.76,111.82,1,0
2026-06-12 20:13:15.078,12.75,0.59,117.00,113.37,1,0
2026-06-12 20:13:15.128,13.08,0.78,121.31,115.75,1,0
2026-06-12 20:13:15.179,13.41,0.94,125.70,118.74,1,0
2026-06-12 20:13:15.232,13.76,1.08,128.92,121.79,1,0
2026-06-12 20:13:15.280,13.76,1.08,132.29,124.94,1,0
2026-06-12 20:13:15.330,14.09,1.10,132.29,124.94,1,0
2026-06-12 20:13:15.381,14.36,1.16,135.02,127.96,1,0
2026-06-12 20:13:15.432,14.60,1.18,136.11,130.41,1,0
2026-06-12 20:13:15.481,14.84,1.20,137.56,132.55,1,0
2026-06-12 20:13:15.532,15.07,1.21,139.83,134.74,1,0
2026-06-12 20:13:15.582,15.36,1.27,141.80,136.86,1,0
2026-06-12 20:13:15.632,15.70,1.37,145.55,139.47,1,0
2026-06-12 20:13:15.683,16.05,1.45,149.95,142.61,1,0
2026-06-12 20:13:15.733,16.33,1.46,153.03,145.74,1,0
2026-06-12 20:13:15.784,16.56,1.44,154.30,148.31,1,0
2026-06-12 20:13:15.834,16.70,1.33,155.36,150.42,1,0
2026-06-12 20:13:15.885,16.93,1.28,154.55,151.66,1,0
2026-06-12 20:13:15.940,17.15,1.26,157.07,153.75,1,0
2026-06-12 20:13:15.985,17.44,1.32,160.27,155.71,1,0
2026-06-12 20:13:16.036,17.82,1.43,164.59,158.37,1,0
2026-06-12 20:13:16.086,18.10,1.68,170.03,161.87,1,0
2026-06-12 20:13:16.137,18.24,1.54,170.21,164.37,1,0
2026-06-12 20:13:16.187,18.34,1.39,168.57,165.63,1,0
2026-06-12 20:13:16.238,18.43,1.14,168.58,166.51,1,0
2026-06-12 20:13:16.288,18.54,1.06,168.90,167.39,1,0
2026-06-12 20:13:16.338,18.61,0.96,170.71,168.38,1,0
2026-06-12 20:13:16.389,19.67,1.70,170.37,168.98,1,0
2026-06-12 20:13:16.439,21.30,4.06,201.06,178.60,1,0
2026-06-12 20:13:16.489,22.64,4.57,228.12,193.46,1,0
2026-06-12 20:13:16.540,23.06,2.99,233.89,205.59,1,0
2026-06-12 20:13:16.590,22.02,1.68,196.34,209.39,1,0
2026-06-12 20:13:16.641,21.35,0.88,178.05,199.99,1,0
2026-06-12 20:13:16.691,21.01,0.18,179.78,193.93,1,0
2026-06-12 20:13:16.745,20.63,-0.29,183.62,190.83,1,0
2026-06-12 20:13:16.792,20.43,-0.41,184.04,187.31,1,0
2026-06-12 20:13:16.842,20.19,-0.55,181.46,185.56,1,0
2026-06-12 20:13:16.895,20.01,-0.74,178.10,183.32,1,0
2026-06-12 20:13:16.945,19.83,-0.78,178.09,181.75,1,0
2026-06-12 20:13:16.993,19.80,-0.58,176.24,180.10,1,0
2026-06-12 20:13:17.044,19.72,-0.55,180.15,179.77,1,0
2026-06-12 20:13:17.094,19.78,-0.42,177.58,179.12,0,0
2026-06-12 20:13:17.145,19.66,-0.54,180.68,179.58,0,0
2026-06-12 20:13:17.195,19.49,-0.61,176.08,178.53,0,0
2026-06-12 20:13:17.246,19.35,-0.63,173.31,176.97,0,0
2026-06-12 20:13:17.296,19.15,-0.70,172.74,175.70,0,0
2026-06-12 20:13:17.347,18.89,-0.78,169.63,173.88,0,0
2026-06-12 20:13:17.397,18.80,-0.73,169.48,171.52,0,0
2026-06-12 20:13:17.448,18.69,-0.72,169.00,170.76,0,0
2026-06-12 20:13:17.498,18.64,-0.66,167.24,169.71,0,0
2026-06-12 20:13:17.548,18.49,-0.79,168.14,169.24,0,0
2026-06-12 20:13:17.599,18.35,-0.79,164.93,167.95,0,0
2026-06-12 20:13:17.649,18.23,-0.78,163.54,166.63,0,0
2026-06-12 20:13:17.700,18.10,-0.77,162.92,165.51,0,0
2026-06-12 20:13:17.750,18.08,-0.67,161.60,164.34,0,0
2026-06-12 20:13:17.800,18.07,-0.51,163.84,164.19,0,0
2026-06-12 20:13:17.852,17.90,-0.58,163.56,164.11,0,0
2026-06-12 20:13:17.901,17.66,-0.69,158.84,162.53,0,0
2026-06-12 20:13:17.952,17.46,-0.75,155.26,160.35,0,0
2026-06-12 20:13:18.002,17.28,-0.78,154.48,158.59,0,0
2026-06-12 20:13:18.052,17.25,-0.69,153.18,156.96,0,0
2026-06-12 20:13:18.103,17.29,-0.56,155.90,156.64,0,0
2026-06-12 20:13:18.153,17.25,-0.51,157.87,157.01,0,0
2026-06-12 20:13:18.206,17.29,-0.40,155.85,156.66,0,0
2026-06-12 20:13:18.254,17.26,-0.36,157.77,156.99,0,0
2026-06-12 20:13:18.304,17.17,-0.38,156.15,156.74,0,0
2026-06-12 20:13:18.355,17.19,-0.31,154.12,155.96,0,0
2026-06-12 20:13:18.406,17.16,-0.32,156.31,156.06,0,0
2026-06-12 20:13:18.456,17.20,-0.24,155.16,155.79,0,0
2026-06-12 20:13:18.506,17.34,-0.08,157.00,156.15,0,0
2026-06-12 20:13:18.557,17.44,0.02,160.43,157.44,0,0
2026-06-12 20:13:18.607,17.57,0.12,160.67,158.41,0,0
2026-06-12 20:13:18.657,17.70,0.19,162.18,159.54,0,0
2026-06-12 20:13:18.708,17.66,0.12,160.94,160.76,0,0
2026-06-12 20:13:18.758,17.62,0.07,159.44,160.37,0,0
2026-06-12 20:13:18.809,17.51,-0.03,159.18,160.01,0,0
2026-06-12 20:13:18.859,17.47,-0.06,156.59,158.98,0,0
2026-06-12 20:13:18.909,17.46,-0.06,157.87,158.65,0,0
2026-06-12 20:13:18.960,17.42,-0.08,158.29,158.54,0,0
2026-06-12 20:13:19.010,17.40,-0.08,157.31,158.17,0,0
2026-06-12 20:13:19.062,17.29,-0.16,157.68,158.02,0,0
2026-06-12 20:13:19.111,17.19,-0.22,154.60,157.00,2,0
2026-06-12 20:13:19.162,17.11,-0.25,153.90,156.07,2,0
2026-06-12 20:13:19.212,17.10,-0.23,153.69,155.35,2,0
2026-06-12 20:13:19.262,17.21,-0.10,155.06,155.27,2,0
2026-06-12 20:13:19.313,17.33,0.01,158.71,156.30,2,0
2026-06-12 20:13:19.363,17.41,0.07,160.03,157.42,2,0
2026-06-12 20:13:19.414,17.41,0.06,159.55,158.06,2,0
2026-06-12 20:13:19.464,17.31,-0.03,158.24,158.11,2,0
2026-06-12 20:13:19.514,17.13,-0.18,155.06,157.20,2,0
2026-06-12 20:13:19.565,17.06,-0.21,151.60,155.52,2,0
2026-06-12 20:13:19.615,16.96,-0.26,153.43,154.89,2,0
2026-06-12 20:13:19.666,17.10,0.02,152.00,154.02,2,0
2026-06-12 20:13:19.716,17.12,0.03,157.60,155.28,2,0
2026-06-12 20:13:19.767,17.13,0.04,155.86,155.45,2,0
2026-06-12 20:13:19.817,17.01,-0.07,155.95,155.60,2,0
2026-06-12 20:13:19.867,16.87,-0.18,151.71,154.43,2,0
2026-06-12 20:13:19.918,16.80,-0.20,150.32,153.20,2,0
2026-06-12 20:13:19.968,16.80,-0.18,151.17,152.59,2,0
2026-06-12 20:13:20.019,16.89,-0.08,152.41,152.54,2,0
2026-06-12 20:13:20.069,16.97,0.00,155.33,153.37,2,0
2026-06-12 20:13:20.120,17.00,0.02,155.87,154.12,2,0
2026-06-12 20:13:20.170,16.99,0.02,154.91,154.36,2,0
2026-06-12 20:13:20.220,19.31,3.64,154.19,154.31,2,0
2026-06-12 20:13:20.271,20.08,3.72,204.35,175.37,2,0
2026-06-12 20:13:20.323,20.74,3.71,198.76,182.39,2,0
2026-06-12 20:13:20.372,20.00,2.55,202.19,188.33,2,0
2026-06-12 20:13:20.422,19.01,1.34,165.92,181.61,2,0
2026-06-12 20:13:20.472,18.37,0.61,151.58,172.60,2,0
2026-06-12 20:13:20.523,17.83,0.08,153.29,166.81,2,0
2026-06-12 20:13:20.573,17.40,-0.29,150.51,161.92,2,0
2026-06-12 20:13:20.624,17.00,-0.58,148.90,158.01,2,0
2026-06-12 20:13:20.674,16.57,-0.84,145.78,154.34,2,0
2026-06-12 20:13:20.724,16.23,-1.00,141.58,150.51,2,0
2026-06-12 20:13:20.775,15.95,-1.08,140.23,147.43,2,0
2026-06-12 20:13:20.826,15.75,-1.09,138.89,144.87,2,0
2026-06-12 20:13:20.876,15.75,-1.09,138.75,143.03,2,0
2026-06-12 20:13:20.926,15.62,-1.00,138.75,143.03,2,0
2026-06-12 20:13:20.977,15.41,-1.01,139.05,141.84,2,0
2026-06-12 20:13:21.027,15.16,-1.08,135.63,139.97,2,0
2026-06-12 20:13:21.079,14.83,-1.10,132.17,137.63,2,0
2026-06-12 20:13:21.131,14.50,-1.20,127.68,134.65,2,0
2026-06-12 20:13:21.178,14.50,-1.20,124.74,131.68,2,0
2026-06-12 20:13:21.229,14.22,-1.18,124.74,131.68,2,0
2026-06-12 20:13:21.280,13.96,-1.22,123.08,129.10,2,0
2026-06-12 20:13:21.330,13.77,-1.14,121.23,126.74,2,0
2026-06-12 20:13:21.380,13.56,-1.14,121.09,125.04,2,0
2026-06-12 20:13:21.430,13.56,-1.14,118.73,123.15,2,0
2026-06-12 20:13:21.481,13.30,-1.11,118.73,123.15,2,0
2026-06-12 20:13:21.532,12.98,-1.12,115.34,120.81,2,0
2026-06-12 20:13:21.582,12.98,-1.12,111.14,117.91,2,0
2026-06-12 20:13:21.634,12.60,-1.16,111.14,117.91,2,0
2026-06-12 20:13:21.682,12.29,-1.16,106.35,114.44,2,0
2026-06-12 20:13:21.733,12.03,-1.20,105.14,111.65,2,0
2026-06-12 20:13:21.783,12.03,-1.20,103.76,109.28,2,0
2026-06-12 20:13:21.834,11.90,-1.09,103.76,109.28,2,0
2026-06-12 20:13:21.884,11.85,-0.96,105.19,108.05,2,0
2026-06-12 20:13:21.935,11.85,-0.96,106.57,107.61,2,0
2026-06-12 20:13:21.985,11.83,-0.82,106.57,107.61,2,0
2026-06-12 20:13:22.035,11.84,-0.69,106.94,107.41,2,0
2026-06-12 20:13:22.086,11.85,-0.58,107.83,107.53,2,0
2026-06-12 20:13:22.136,11.85,-0.58,107.71,107.59,2,0
2026-06-12 20:13:22.187,11.88,-0.48,107.71,107.59,2,0
2026-06-12 20:13:22.237,11.87,-0.41,108.48,107.86,2,0
2026-06-12 20:13:22.288,11.91,-0.32,107.62,107.79,2,0
2026-06-12 20:13:22.338,11.91,-0.32,108.96,108.14,2,0
2026-06-12 20:13:22.388,11.99,-0.23,108.96,108.14,2,0
2026-06-12 20:13:22.439,12.07,-0.15,110.50,108.85,2,0
2026-06-12 20:13:22.489,12.15,-0.06,111.33,109.59,2,0
2026-06-12 20:13:22.540,12.15,-0.06,112.07,110.34,2,0
2026-06-12 20:13:22.590,12.24,0.00,112.07,110.34,2,0
2026-06-12 20:13:22.640,12.32,0.07,113.19,111.19,2,0
2026-06-12 20:13:22.691,12.36,0.08,113.57,111.90,2,0
2026-06-12 20:13:22.742,12.36,0.08,112.98,112.23,2,0
2026-06-12 20:13:22.792,12.42,0.10,112.98,112.23,2,0
2026-06-12 20:13:22.842,12.51,0.16,114.23,112.83,2,0
2026-06-12 20:13:22.892,12.63,0.20,115.56,113.65,2,0
2026-06-12 20:13:22.943,12.82,0.33,117.13,114.69,2,0
2026-06-12 20:13:22.994,12.82,0.33,120.41,116.41,2,0
2026-06-12 20:13:23.044,13.00,0.38,120.41,116.41,2,0
2026-06-12 20:13:23.094,13.10,0.40,121.94,118.07,2,0
2026-06-12 20:13:23.144,13.15,0.38,120.91,118.92,2,0
2026-06-12 20:13:23.195,13.14,0.32,120.45,119.38,2,0
2026-06-12 20:13:23.245,13.14,0.32,119.16,119.31,2,0
2026-06-12 20:13:23.296,13.10,0.25,119.16,119.31,2,0
2026-06-12 20:13:23.346,13.12,0.23,118.24,118.99,2,0
2026-06-12 20:13:23.400,13.07,0.17,119.52,119.15,2,0
2026-06-12 20:13:23.447,13.01,0.09,117.75,118.73,2,0
2026-06-12 20:13:23.497,13.01,0.09,116.82,118.16,2,0
2026-06-12 20:13:23.548,12.95,0.05,116.82,118.16,2,0
2026-06-12 20:13:23.598,12.73,-0.08,116.41,117.63,2,0
2026-06-12 20:13:23.648,12.73,-0.08,110.96,115.63,2,0
2026-06-12 20:13:23.699,12.49,-0.20,110.96,115.63,2,0
2026-06-12 20:13:23.749,12.14,-0.37,108.38,113.46,2,0
2026-06-12 20:13:23.800,12.53,0.31,102.66,110.22,2,0
2026-06-12 20:13:23.850,13.08,0.73,122.00,113.75,2,0
2026-06-12 20:13:23.901,13.36,0.77,130.56,118.79,2,0
2026-06-12 20:13:23.951,13.36,0.77,127.37,121.37,2,0
2026-06-12 20:13:24.001,13.59,0.78,127.37,121.37,2,0
2026-06-12 20:13:24.052,12.89,0.28,128.18,123.41,2,0
2026-06-12 20:13:24.106,12.89,0.28,102.32,117.08,2,0
2026-06-12 20:13:24.153,12.05,-0.11,102.32,117.08,1,0
2026-06-12 20:13:24.203,12.05,-0.11,91.52,109.41,1,0
2026-06-12 20:13:24.254,11.34,-0.48,91.52,109.41,1,0
2026-06-12 20:13:24.304,11.34,-0.48,87.91,102.96,1,0
2026-06-12 20:13:24.354,10.76,-0.65,87.91,102.96,1,0
2026-06-12 20:13:24.405,10.29,-0.81,85.46,97.71,1,0
2026-06-12 20:13:24.455,10.29,-0.81,83.55,93.46,1,0
2026-06-12 20:13:24.505,10.29,-0.81,83.55,93.46,1,0
2026-06-12 20:13:24.564,9.88,-0.82,83.55,93.46,1,0
2026-06-12 20:13:24.606,9.88,-0.82,80.96,89.71,1,0
2026-06-12 20:13:24.657,9.49,-0.86,80.96,89.71,1,0
2026-06-12 20:13:24.707,9.49,-0.86,78.08,86.22,1,0
2026-06-12 20:13:24.758,9.12,-0.88,78.08,86.22,1,0
2026-06-12 20:13:24.811,9.12,-0.88,75.00,82.86,1,0
2026-06-12 20:13:24.859,8.76,-0.90,75.00,82.86,1,0
2026-06-12 20:13:24.909,8.76,-0.90,71.79,79.54,1,0
2026-06-12 20:13:24.960,8.51,-0.87,71.79,79.54,1,0
2026-06-12 20:13:25.010,8.51,-0.87,71.99,77.27,1,0
2026-06-12 20:13:25.060,8.29,-0.81,71.99,77.27,1,0
2026-06-12 20:13:25.111,8.29,-0.81,70.75,75.32,1,0
2026-06-12 20:13:25.162,8.29,-0.81,70.75,75.32,1,0
2026-06-12 20:13:25.211,7.89,-0.80,70.75,75.32,1,0
2026-06-12 20:13:25.262,7.89,-0.80,63.05,71.64,1,0
2026-06-12 20:13:25.312,7.89,-0.80,63.05,71.64,1,0
2026-06-12 20:13:25.363,7.89,-0.80,63.05,71.64,1,0
2026-06-12 20:13:25.413,7.32,-0.82,63.05,71.64,1,0
2026-06-12 20:13:25.463,7.32,-0.82,54.29,66.43,1,0
2026-06-12 20:13:25.514,7.32,-0.82,54.29,66.43,1,0
2026-06-12 20:13:25.564,7.32,-0.82,54.29,66.43,1,0
2026-06-12 20:13:25.615,7.32,-0.82,54.29,66.43,1,0
2026-06-12 20:13:25.665,6.48,-0.82,54.29,66.43,1,0
2026-06-12 20:13:25.716,6.48,-0.82,41.20,58.86,1,0
2026-06-12 20:13:25.767,6.48,-0.82,41.20,58.86,1,0
2026-06-12 20:13:25.816,6.48,-0.82,41.20,58.86,1,0
2026-06-12 20:13:25.868,6.48,-0.82,41.20,58.86,1,0
2026-06-12 20:13:25.918,6.48,-0.82,41.20,58.86,1,0
2026-06-12 20:13:25.968,6.48,-0.82,41.20,58.86,1,0
2026-06-12 20:13:26.018,6.48,-0.82,41.20,58.86,1,0
2026-06-12 20:13:26.069,6.48,-0.82,41.20,58.86,1,0
2026-06-12 20:13:26.119,6.48,-0.82,41.20,58.86,1,0
2026-06-12 20:13:26.169,6.48,-0.82,41.20,58.86,1,0
2026-06-12 20:13:26.220,6.48,-0.82,41.20,58.86,1,0
2026-06-12 20:13:26.270,6.48,-0.82,41.20,58.86,1,0
2026-06-12 20:13:26.321,6.48,-0.82,41.20,58.86,1,0
2026-06-12 20:13:26.372,6.48,-0.82,41.20,58.86,1,0
2026-06-12 20:13:26.424,6.48,-0.82,41.20,58.86,1,0
2026-06-12 20:13:26.472,6.48,-0.82,41.20,58.86,1,0
2026-06-12 20:13:26.522,6.48,-0.82,41.20,58.86,1,0
2026-06-12 20:13:26.573,6.48,-0.82,41.20,58.86,1,0
2026-06-12 20:13:26.623,6.48,-0.82,41.20,58.86,1,0
2026-06-12 20:13:26.674,6.48,-0.82,41.20,58.86,1,0
2026-06-12 20:13:26.728,6.48,-0.82,41.20,58.86,1,0
2026-06-12 20:13:26.776,6.48,-0.82,41.20,58.86,1,0
2026-06-12 20:13:26.825,6.48,-0.82,41.20,58.86,1,0
2026-06-12 20:13:26.875,6.48,-0.82,41.20,58.86,1,0
2026-06-12 20:13:26.926,6.48,-0.82,41.20,58.86,1,0
2026-06-12 20:13:26.976,6.48,-0.82,41.20,58.86,1,0
2026-06-12 20:13:27.027,6.48,-0.82,41.20,58.86,1,0
2026-06-12 20:13:27.077,6.48,-0.82,41.20,58.86,1,0
2026-06-12 20:13:27.127,6.48,-0.82,41.20,58.86,1,0
2026-06-12 20:13:27.178,6.48,-0.82,41.20,58.86,0,0
2026-06-12 20:13:27.229,6.48,-0.82,41.20,58.86,0,0
2026-06-12 20:13:27.280,6.48,-0.82,41.20,58.86,0,0
2026-06-12 20:13:27.329,6.48,-0.82,41.20,58.86,0,0
2026-06-12 20:13:27.380,6.48,-0.82,41.20,58.86,0,0
2026-06-12 20:13:27.430,6.48,-0.82,41.20,58.86,0,0
2026-06-12 20:13:27.480,6.48,-0.82,41.20,58.86,0,0
2026-06-12 20:13:27.532,6.48,-0.82,41.20,58.86,0,0
2026-06-12 20:13:27.582,6.48,-0.82,41.20,58.86,0,0
2026-06-12 20:13:27.634,6.48,-0.82,41.20,58.86,0,0
2026-06-12 20:13:27.682,0.00,0.00,41.20,58.86,0,0
2026-06-12 20:13:27.732,0.00,0.00,0.00,0.00,0,0
2026-06-12 20:13:27.783,0.00,0.00,0.00,0.00,0,0
2026-06-12 20:13:27.833,0.00,0.00,0.00,0.00,0,0
2026-06-12 20:13:27.884,0.00,0.00,0.00,0.00,0,0
2026-06-12 20:13:27.936,0.00,0.00,0.00,0.00,0,0
2026-06-12 20:13:27.984,0.00,0.00,0.00,0.00,0,0
2026-06-12 20:13:28.035,0.00,0.00,0.00,0.00,0,0
2026-06-12 20:13:28.085,0.00,0.00,0.00,0.00,0,0
2026-06-12 20:13:28.136,0.00,0.00,0.00,0.00,0,0
2026-06-12 20:13:28.186,0.00,0.00,0.00,0.00,0,0
2026-06-12 20:13:28.243,0.00,0.00,0.00,0.00,0,0
2026-06-12 20:13:28.287,0.00,0.00,0.00,0.00,0,0
2026-06-12 20:13:28.337,0.00,0.00,0.00,0.00,0,0
2026-06-12 20:13:28.388,0.00,0.00,0.00,0.00,0,0
2026-06-12 20:13:28.438,0.00,0.00,0.00,0.00,0,0
2026-06-12 20:13:28.488,0.00,0.00,0.00,0.00,0,0
2026-06-12 20:13:28.539,0.00,0.00,0.00,0.00,0,0
2026-06-12 20:13:28.589,0.00,0.00,0.00,0.00,0,0
2026-06-12 20:13:28.640,0.00,0.00,0.00,0.00,0,0
2026-06-12 20:13:28.690,0.00,0.00,0.00,0.00,0,0
2026-06-12 20:13:28.741,0.00,0.00,0.00,0.00,0,0
2026-06-12 20:13:28.792,0.00,0.00,0.00,0.00,0,0
2026-06-12 20:13:28.842,0.00,0.00,0.00,0.00,0,0
2026-06-12 20:13:28.892,0.00,0.00,0.00,0.00,0,0
2026-06-12 20:13:28.943,0.00,0.00,0.00,0.00,0,0
2026-06-12 20:13:28.992,0.00,0.00,0.00,0.00,0,0
2026-06-12 20:13:29.043,0.00,0.00,0.00,0.00,0,0
2026-06-12 20:13:29.093,0.00,0.00,0.00,0.00,0,0
2026-06-12 20:13:29.144,0.00,0.00,0.00,0.00,0,0
2026-06-12 20:13:29.194,0.00,0.00,0.00,0.00,2,0
2026-06-12 20:13:29.244,0.00,0.00,0.00,0.00,2,0
2026-06-12 20:13:29.295,0.00,0.00,0.00,0.00,2,0
2026-06-12 20:13:29.345,0.00,0.00,0.00,0.00,2,0
2026-06-12 20:13:29.396,0.00,0.00,0.00,0.00,2,0
2026-06-12 20:13:29.446,0.00,0.00,0.00,0.00,2,0
2026-06-12 20:13:29.500,0.00,0.00,0.00,0.00,2,0
2026-06-12 20:13:29.547,0.00,0.00,0.00,0.00,2,0
2026-06-12 20:13:29.597,0.00,0.00,0.00,0.00,2,0
2026-06-12 20:13:29.648,0.00,0.00,0.00,0.00,2,0
2026-06-12 20:13:29.698,0.00,0.00,0.00,0.00,2,0
2026-06-12 20:13:29.748,0.00,0.00,0.00,0.00,2,0
2026-06-12 20:13:29.805,0.00,0.00,0.00,0.00,2,0
2026-06-12 20:13:29.850,0.00,0.00,0.00,0.00,2,0
2026-06-12 20:13:29.900,0.00,0.00,0.00,0.00,2,0
2026-06-12 20:13:29.950,0.00,0.00,0.00,0.00,2,0
2026-06-12 20:13:30.000,0.00,0.00,0.00,0.00,2,0
2026-06-12 20:13:30.051,0.00,0.00,0.00,0.00,2,0
2026-06-12 20:13:30.101,0.00,0.00,0.00,0.00,2,0
2026-06-12 20:13:30.152,0.00,0.00,0.00,0.00,2,0
2026-06-12 20:13:30.202,0.00,0.00,0.00,0.00,2,0
2026-06-12 20:13:30.252,0.00,0.00,0.00,0.00,2,0
2026-06-12 20:13:30.303,0.00,0.00,0.00,0.00,2,0
2026-06-12 20:13:30.353,0.00,0.00,0.00,0.00,2,0
2026-06-12 20:13:30.404,0.00,0.00,0.00,0.00,2,0
2026-06-12 20:13:30.454,0.00,0.00,0.00,0.00,2,0
2026-06-12 20:13:30.504,0.00,0.00,0.00,0.00,2,0
2026-06-12 20:13:30.555,0.00,0.00,0.00,0.00,2,0
2026-06-12 20:13:30.605,0.00,0.00,0.00,0.00,2,0
2026-06-12 20:13:30.656,0.00,0.00,0.00,0.00,2,0
2026-06-12 20:13:30.706,0.00,0.00,0.00,0.00,2,0
2026-06-12 20:13:30.756,0.00,0.00,0.00,0.00,2,0
2026-06-12 20:13:30.807,0.00,0.00,0.00,0.00,2,0
2026-06-12 20:13:30.857,0.00,0.00,0.00,0.00,2,0
2026-06-12 20:13:30.908,0.00,0.00,0.00,0.00,2,0
2026-06-12 20:13:30.958,0.00,0.00,0.00,0.00,2,0
2026-06-12 20:13:31.008,0.00,0.00,0.00,0.00,2,0
2026-06-12 20:13:31.059,0.00,0.00,0.00,0.00,2,0
2026-06-12 20:13:31.109,0.00,0.00,0.00,0.00,2,0
2026-06-12 20:13:31.160,0.00,0.00,0.00,0.00,2,0
2026-06-12 20:13:31.210,0.00,0.00,0.00,0.00,2,0
2026-06-12 20:13:31.260,0.00,0.00,0.00,0.00,2,0
2026-06-12 20:13:31.311,0.00,0.00,0.00,0.00,2,0
2026-06-12 20:13:31.362,0.00,0.00,0.00,0.00,2,0
2026-06-12 20:13:31.412,0.00,0.00,0.00,0.00,2,0
2026-06-12 20:13:31.462,0.00,0.00,0.00,0.00,2,0
2026-06-12 20:13:31.512,0.00,0.00,0.00,0.00,2,0
2026-06-12 20:13:31.563,0.00,0.00,0.00,0.00,2,0
2026-06-12 20:13:31.613,0.00,0.00,0.00,0.00,2,0
2026-06-12 20:13:31.664,0.00,0.00,0.00,0.00,2,0
2026-06-12 20:13:31.714,0.00,0.00,0.00,0.00,2,0
2026-06-12 20:13:31.764,0.00,0.00,0.00,0.00,2,0
2026-06-12 20:13:31.815,0.00,0.00,0.00,0.00,2,0
2026-06-12 20:13:31.865,0.00,0.00,0.00,0.00,2,0
2026-06-12 20:13:31.916,0.00,0.00,0.00,0.00,2,0
2026-06-12 20:13:31.966,0.00,0.00,0.00,0.00,2,0
2026-06-12 20:13:32.016,0.00,0.00,0.00,0.00,2,0
2026-06-12 20:13:32.067,0.00,0.00,0.00,0.00,2,0
2026-06-12 20:13:32.117,0.00,0.00,0.00,0.00,2,0
2026-06-12 20:13:32.168,0.00,0.00,0.00,0.00,2,0
2026-06-12 20:13:32.218,0.00,0.00,0.00,0.00,2,0
2026-06-12 20:13:32.268,0.00,0.00,0.00,0.00,2,0
2026-06-12 20:13:32.319,0.00,0.00,0.00,0.00,2,0
2026-06-12 20:13:32.369,0.00,0.00,0.00,0.00,2,0
2026-06-12 20:13:32.420,0.00,0.00,0.00,0.00,2,0
2026-06-12 20:13:32.470,0.00,0.00,0.00,0.00,2,0
2026-06-12 20:13:32.520,0.00,0.00,0.00,0.00,2,0
2026-06-12 20:13:32.572,0.00,0.00,0.00,0.00,2,0
2026-06-12 20:13:32.621,0.00,0.00,0.00,0.00,2,0
2026-06-12 20:13:32.673,0.00,0.00,0.00,0.00,2,0
2026-06-12 20:13:32.723,0.00,0.00,0.00,0.00,2,0
2026-06-12 20:13:32.772,0.00,0.00,0.00,0.00,2,0
2026-06-12 20:13:32.823,0.00,0.00,0.00,0.00,2,0
2026-06-12 20:13:32.873,0.00,0.00,0.00,0.00,2,0
2026-06-12 20:13:32.924,0.00,0.00,0.00,0.00,2,0
2026-06-12 20:13:32.974,0.00,0.00,0.00,0.00,2,0
2026-06-12 20:13:33.024,0.00,0.00,0.00,0.00,2,0
2026-06-12 20:13:33.075,0.00,0.00,0.00,0.00,2,0
2026-06-12 20:13:33.125,0.00,0.00,0.00,0.00,2,0
2026-06-12 20:13:33.178,0.00,0.00,0.00,0.00,2,0
2026-06-12 20:13:33.226,0.00,0.00,0.00,0.00,2,0
2026-06-12 20:13:33.276,0.00,0.00,0.00,0.00,2,0
2026-06-12 20:13:33.327,0.00,0.00,0.00,0.00,2,0
2026-06-12 20:13:33.377,0.00,0.00,0.00,0.00,2,0
2026-06-12 20:13:33.428,0.00,0.00,0.00,0.00,2,0
2026-06-12 20:13:33.478,0.00,0.00,0.00,0.00,2,0
2026-06-12 20:13:33.528,0.00,0.00,0.00,0.00,2,0
2026-06-12 20:13:33.579,0.00,0.00,0.00,0.00,2,0
2026-06-12 20:13:33.629,0.00,0.00,0.00,0.00,2,0
2026-06-12 20:13:33.679,0.00,0.00,0.00,0.00,2,0
2026-06-12 20:13:33.730,0.00,0.00,0.00,0.00,2,0
2026-06-12 20:13:33.780,0.00,0.00,0.00,0.00,2,0
2026-06-12 20:13:33.831,0.00,0.00,0.00,0.00,2,0
2026-06-12 20:13:33.882,0.00,0.00,0.00,0.00,2,0
2026-06-12 20:13:33.932,0.00,0.00,0.00,0.00,2,0
2026-06-12 20:13:33.982,0.00,0.00,0.00,0.00,2,0
2026-06-12 20:13:34.032,0.00,0.00,0.00,0.00,2,0
2026-06-12 20:13:34.083,0.00,0.00,0.00,0.00,2,0
2026-06-12 20:13:34.133,0.00,0.00,0.00,0.00,2,0
2026-06-12 20:13:34.184,0.00,0.00,0.00,0.00,2,0
2026-06-12 20:13:34.234,0.00,0.00,0.00,0.00,2,0
2026-06-12 20:13:34.284,0.00,0.00,0.00,0.00,2,0
2026-06-12 20:13:34.335,0.00,0.00,0.00,0.00,2,0
2026-06-12 20:13:34.385,0.00,0.00,0.00,0.00,2,0
2026-06-12 20:13:34.436,0.00,0.00,0.00,0.00,2,0
2026-06-12 20:13:34.486,0.00,0.00,0.00,0.00,2,0
2026-06-12 20:13:34.536,0.00,0.00,0.00,0.00,2,0
2026-06-12 20:13:34.587,0.00,0.00,0.00,0.00,2,0
2026-06-12 20:13:34.642,0.00,0.00,0.00,0.00,2,0
2026-06-12 20:13:34.688,0.00,0.00,0.00,0.00,2,0
2026-06-12 20:13:34.738,0.00,0.00,0.00,0.00,2,0
2026-06-12 20:13:34.788,0.00,0.00,0.00,0.00,2,0
2026-06-12 20:13:34.852,0.00,0.00,0.00,0.00,2,0
2026-06-12 20:13:34.912,0.00,0.00,0.00,0.00,2,0
2026-06-12 20:13:34.940,0.00,0.00,0.00,0.00,2,0
2026-06-12 20:13:34.990,0.00,0.00,0.00,0.00,2,0
2026-06-12 20:13:35.040,0.00,0.00,0.00,0.00,2,0
2026-06-12 20:13:35.091,0.00,0.00,0.00,0.00,2,0
2026-06-12 20:13:35.141,0.00,0.00,0.00,0.00,2,0
2026-06-12 20:13:35.192,0.00,0.00,0.00,0.00,2,0
2026-06-12 20:13:35.242,0.00,0.00,0.00,0.00,2,0
2026-06-12 20:13:35.292,0.00,0.00,0.00,0.00,2,0
2026-06-12 20:13:35.343,0.00,0.00,0.00,0.00,2,0
2026-06-12 20:13:35.393,0.00,0.00,0.00,0.00,2,0
2026-06-12 20:13:35.445,0.00,0.00,0.00,0.00,2,0
2026-06-12 20:13:35.494,0.00,0.00,0.00,0.00,2,0
2026-06-12 20:13:35.544,0.00,0.00,0.00,0.00,2,0
2026-06-12 20:13:35.595,0.00,0.00,0.00,0.00,2,0
2026-06-12 20:13:35.645,0.00,0.00,0.00,0.00,2,0
2026-06-12 20:13:35.695,0.00,0.00,0.00,0.00,2,0
2026-06-12 20:13:35.748,0.00,0.00,0.00,0.00,2,0
2026-06-12 20:13:35.796,0.00,0.00,0.00,0.00,2,0
2026-06-12 20:13:35.847,0.00,0.00,0.00,0.00,2,0
2026-06-12 20:13:35.897,0.00,0.00,0.00,0.00,2,0
2026-06-12 20:13:35.947,0.00,0.00,0.00,0.00,2,0
2026-06-12 20:13:35.998,0.00,0.00,0.00,0.00,2,0
2026-06-12 20:13:36.049,0.00,0.00,0.00,0.00,2,0
2026-06-12 20:13:36.102,0.00,0.00,0.00,0.00,2,0
2026-06-12 20:13:36.149,0.00,0.00,0.00,0.00,2,0
2026-06-12 20:13:36.199,0.00,0.00,0.00,0.00,2,0
2026-06-12 20:13:36.250,0.00,0.00,0.00,0.00,2,0
2026-06-12 20:13:36.300,0.00,0.00,0.00,0.00,2,0
2026-06-12 20:13:36.351,0.00,0.00,0.00,0.00,2,0
2026-06-12 20:13:36.401,0.00,0.00,0.00,0.00,2,0
2026-06-12 20:13:36.452,0.00,0.00,0.00,0.00,2,0
2026-06-12 20:13:36.502,0.00,0.00,0.00,0.00,2,0
2026-06-12 20:13:36.552,0.00,0.00,0.00,0.00,2,0
2026-06-12 20:13:36.603,0.00,0.00,0.00,0.00,2,0
2026-06-12 20:13:36.653,0.00,0.00,0.00,0.00,2,0
2026-06-12 20:13:36.703,0.00,0.00,0.00,0.00,2,0
2026-06-12 20:13:36.754,0.00,0.00,0.00,0.00,2,0
2026-06-12 20:13:36.804,0.00,0.00,0.00,0.00,2,0
2026-06-12 20:13:36.855,0.00,0.00,0.00,0.00,2,0
2026-06-12 20:13:36.905,0.00,0.00,0.00,0.00,2,0
2026-06-12 20:13:36.955,0.00,0.00,0.00,0.00,2,0
2026-06-12 20:13:37.006,0.00,0.00,0.00,0.00,2,0
2026-06-12 20:13:37.056,0.00,0.00,0.00,0.00,2,0
2026-06-12 20:13:37.107,0.00,0.00,0.00,0.00,2,0
2026-06-12 20:13:37.160,0.00,0.00,0.00,0.00,2,0
2026-06-12 20:13:37.207,0.00,0.00,0.00,0.00,2,0
2026-06-12 20:13:37.258,0.00,0.00,0.00,0.00,2,0
2026-06-12 20:13:37.308,0.00,0.00,0.00,0.00,2,0
2026-06-12 20:13:37.359,0.00,0.00,0.00,0.00,2,0
2026-06-12 20:13:37.409,0.00,0.00,0.00,0.00,2,0
2026-06-12 20:13:37.459,0.00,0.00,0.00,0.00,2,0
2026-06-12 20:13:37.510,0.00,0.00,0.00,0.00,2,0
2026-06-12 20:13:37.560,0.00,0.00,0.00,0.00,2,0
2026-06-12 20:13:37.611,0.00,0.00,0.00,0.00,2,0
2026-06-12 20:13:37.662,0.00,0.00,0.00,0.00,2,0
2026-06-12 20:13:37.712,0.00,0.00,0.00,0.00,2,0
2026-06-12 20:13:37.762,0.00,0.00,0.00,0.00,2,0
2026-06-12 20:13:37.812,0.00,0.00,0.00,0.00,2,0
2026-06-12 20:13:37.863,0.00,0.00,0.00,0.00,2,0
2026-06-12 20:13:37.913,0.00,0.00,0.00,0.00,2,0
2026-06-12 20:13:37.963,0.00,0.00,0.00,0.00,2,0
2026-06-12 20:13:38.014,0.00,0.00,0.00,0.00,2,0
2026-06-12 20:13:38.064,0.00,0.00,0.00,0.00,2,0
2026-06-12 20:13:38.121,0.00,0.00,0.00,0.00,2,0
2026-06-12 20:13:38.165,0.00,0.00,0.00,0.00,2,0
2026-06-12 20:13:38.216,0.00,0.00,0.00,0.00,2,0
2026-06-12 20:13:38.266,0.00,0.00,0.00,0.00,2,0
2026-06-12 20:13:38.316,0.00,0.00,0.00,0.00,2,0
2026-06-12 20:13:38.367,0.00,0.00,0.00,0.00,2,0
2026-06-12 20:13:38.417,0.00,0.00,0.00,0.00,2,0
2026-06-12 20:13:38.467,0.00,0.00,0.00,0.00,2,0
2026-06-12 20:13:38.518,0.00,0.00,0.00,0.00,2,0
2026-06-12 20:13:38.568,0.00,0.00,0.00,0.00,2,0
2026-06-12 20:13:38.619,0.00,0.00,0.00,0.00,2,0
2026-06-12 20:13:38.669,0.00,0.00,0.00,0.00,2,0
2026-06-12 20:13:38.719,0.00,0.00,0.00,0.00,2,0
2026-06-12 20:13:38.770,0.00,0.00,0.00,0.00,2,0
2026-06-12 20:13:38.821,0.00,0.00,0.00,0.00,2,0
2026-06-12 20:13:38.871,0.00,0.00,0.00,0.00,2,0
2026-06-12 20:13:38.921,0.00,0.00,0.00,0.00,2,0
2026-06-12 20:13:38.972,0.00,0.00,0.00,0.00,2,0
2026-06-12 20:13:39.022,0.00,0.00,0.00,0.00,2,0
2026-06-12 20:13:39.072,0.00,0.00,0.00,0.00,2,0
2026-06-12 20:13:39.123,0.00,0.00,0.00,0.00,2,0
2026-06-12 20:13:39.173,0.00,0.00,0.00,0.00,2,0
2026-06-12 20:13:39.223,0.00,0.00,0.00,0.00,2,0
2026-06-12 20:13:39.274,0.00,0.00,0.00,0.00,2,0
2026-06-12 20:13:39.324,0.00,0.00,0.00,0.00,2,0
2026-06-12 20:13:39.375,0.00,0.00,0.00,0.00,2,0
2026-06-12 20:13:39.427,0.00,0.00,0.00,0.00,2,0
2026-06-12 20:13:39.475,0.00,0.00,0.00,0.00,2,0
2026-06-12 20:13:39.526,0.00,0.00,0.00,0.00,2,0
2026-06-12 20:13:39.576,0.00,0.00,0.00,0.00,2,0
2026-06-12 20:13:39.627,0.00,0.00,0.00,0.00,2,0
2026-06-12 20:13:39.677,0.00,0.00,0.00,0.00,2,0
2026-06-12 20:13:39.727,0.00,0.00,0.00,0.00,2,0
2026-06-12 20:13:39.778,0.00,0.00,0.00,0.00,2,0
2026-06-12 20:13:39.828,0.00,0.00,0.00,0.00,2,0
2026-06-12 20:13:39.879,0.00,0.00,0.00,0.00,2,0
2026-06-12 20:13:39.929,0.00,0.00,0.00,0.00,2,0
2026-06-12 20:13:39.979,0.00,0.00,0.00,0.00,2,0
2026-06-12 20:13:40.030,0.00,0.00,0.00,0.00,2,0
2026-06-12 20:13:40.080,0.00,0.00,0.00,0.00,2,0
2026-06-12 20:13:40.130,0.00,0.00,0.00,0.00,2,0
2026-06-12 20:13:40.181,0.00,0.00,0.00,0.00,2,0
2026-06-12 20:13:40.232,0.00,0.00,0.00,0.00,2,0
2026-06-12 20:13:40.282,0.00,0.00,0.00,0.00,2,0
2026-06-12 20:13:40.340,0.00,0.00,0.00,0.00,2,0
2026-06-12 20:13:40.383,0.00,0.00,0.00,0.00,2,0
2026-06-12 20:13:40.433,0.00,0.00,0.00,0.00,2,0
2026-06-12 20:13:40.483,0.00,0.00,0.00,0.00,2,0
2026-06-12 20:13:40.534,0.00,0.00,0.00,0.00,2,0
2026-06-12 20:13:40.587,0.00,0.00,0.00,0.00,2,0
2026-06-12 20:13:40.634,0.00,0.00,0.00,0.00,2,0
2026-06-12 20:13:40.685,0.00,0.00,0.00,0.00,2,0
2026-06-12 20:13:40.735,0.00,0.00,0.00,0.00,2,0
2026-06-12 20:13:40.786,0.00,0.00,0.00,0.00,2,0
2026-06-12 20:13:40.836,0.00,0.00,0.00,0.00,2,0
2026-06-12 20:13:40.886,0.00,0.00,0.00,0.00,2,0
2026-06-12 20:13:40.937,0.00,0.00,0.00,0.00,2,0
2026-06-12 20:13:40.987,0.00,0.00,0.00,0.00,2,0
2026-06-12 20:13:41.038,0.00,0.00,0.00,0.00,2,0
2026-06-12 20:13:41.092,0.00,0.00,0.00,0.00,2,0
2026-06-12 20:13:41.138,0.00,0.00,0.00,0.00,2,0
2026-06-12 20:13:41.189,0.00,0.00,0.00,0.00,2,0
2026-06-12 20:13:41.239,0.00,0.00,0.00,0.00,2,0
2026-06-12 20:13:41.290,0.00,0.00,0.00,0.00,2,0
2026-06-12 20:13:41.340,0.00,0.00,0.00,0.00,2,0
2026-06-12 20:13:41.390,0.00,0.00,0.00,0.00,2,0
2026-06-12 20:13:41.441,0.00,0.00,0.00,0.00,2,0
2026-06-12 20:13:41.491,0.00,0.00,0.00,0.00,2,0
2026-06-12 20:13:41.542,0.00,0.00,0.00,0.00,2,0
2026-06-12 20:13:41.592,0.00,0.00,0.00,0.00,2,0
2026-06-12 20:13:41.642,0.00,0.00,0.00,0.00,2,0
2026-06-12 20:13:41.693,0.00,0.00,0.00,0.00,2,0
2026-06-12 20:13:41.743,0.00,0.00,0.00,0.00,2,0
2026-06-12 20:13:41.794,0.00,0.00,0.00,0.00,2,0
2026-06-12 20:13:41.844,0.00,0.00,0.00,0.00,2,0
2026-06-12 20:13:41.894,0.00,0.00,0.00,0.00,2,0
2026-06-12 20:13:41.945,0.00,0.00,0.00,0.00,2,0
2026-06-12 20:13:41.995,0.00,0.00,0.00,0.00,2,0
2026-06-12 20:13:42.046,0.00,0.00,0.00,0.00,2,0
2026-06-12 20:13:42.096,0.00,0.00,0.00,0.00,2,0
2026-06-12 20:13:42.147,0.00,0.00,0.00,0.00,2,0
2026-06-12 20:13:42.197,0.00,0.00,0.00,0.00,2,0
2026-06-12 20:13:42.247,0.00,0.00,0.00,0.00,2,0
2026-06-12 20:13:42.298,0.00,0.00,0.00,0.00,2,0
2026-06-12 20:13:42.348,0.00,0.00,0.00,0.00,2,0
2026-06-12 20:13:42.399,0.00,0.00,0.00,0.00,2,0
2026-06-12 20:13:42.449,0.00,0.00,0.00,0.00,2,0
2026-06-12 20:13:42.499,0.00,0.00,0.00,0.00,2,0
2026-06-12 20:13:42.550,0.00,0.00,0.00,0.00,2,0
2026-06-12 20:13:42.600,0.00,0.00,0.00,0.00,2,0
2026-06-12 20:13:42.650,0.00,0.00,0.00,0.00,2,0
2026-06-12 20:13:42.701,0.00,0.00,0.00,0.00,2,0
2026-06-12 20:13:42.753,0.00,0.00,0.00,0.00,2,0
2026-06-12 20:13:42.802,0.00,0.00,0.00,0.00,2,0
2026-06-12 20:13:42.852,0.00,0.00,0.00,0.00,2,0
2026-06-12 20:13:42.902,0.00,0.00,0.00,0.00,2,0
2026-06-12 20:13:42.953,0.00,0.00,0.00,0.00,2,0
2026-06-12 20:13:43.003,0.00,0.00,0.00,0.00,2,0
2026-06-12 20:13:43.054,0.00,0.00,0.00,0.00,2,0
2026-06-12 20:13:43.104,0.00,0.00,0.00,0.00,2,0
2026-06-12 20:13:43.155,0.00,0.00,0.00,0.00,2,0
2026-06-12 20:13:43.205,0.00,0.00,0.00,0.00,2,0
2026-06-12 20:13:43.255,0.00,0.00,0.00,0.00,2,0
2026-06-12 20:13:43.306,0.00,0.00,0.00,0.00,2,0
2026-06-12 20:13:43.356,0.00,0.00,0.00,0.00,2,0
2026-06-12 20:13:43.406,0.00,0.00,0.00,0.00,2,0
2026-06-12 20:13:43.457,0.00,0.00,0.00,0.00,2,0
2026-06-12 20:13:43.507,0.00,0.00,0.00,0.00,2,0
2026-06-12 20:13:43.558,0.00,0.00,0.00,0.00,2,0
2026-06-12 20:13:43.608,0.00,0.00,0.00,0.00,2,0
2026-06-12 20:13:43.659,0.00,0.00,0.00,0.00,2,0
2026-06-12 20:13:43.709,0.00,0.00,0.00,0.00,2,0
2026-06-12 20:13:43.759,0.00,0.00,0.00,0.00,2,0
2026-06-12 20:13:43.810,0.00,0.00,0.00,0.00,2,0
2026-06-12 20:13:43.860,0.00,0.00,0.00,0.00,2,0
2026-06-12 20:13:43.910,0.00,0.00,0.00,0.00,2,0
2026-06-12 20:13:43.961,0.00,0.00,0.00,0.00,2,0
2026-06-12 20:13:44.012,0.00,0.00,0.00,0.00,2,0
2026-06-12 20:13:44.062,0.00,0.00,0.00,0.00,2,0
2026-06-12 20:13:44.112,0.00,0.00,0.00,0.00,2,0
2026-06-12 20:13:44.164,0.00,0.00,0.00,0.00,2,0
2026-06-12 20:13:44.213,0.00,0.00,0.00,0.00,2,0
2026-06-12 20:13:44.263,0.00,0.00,0.00,0.00,2,0
2026-06-12 20:13:44.314,0.00,0.00,0.00,0.00,2,0
2026-06-12 20:13:44.364,0.00,0.00,0.00,0.00,2,0
2026-06-12 20:13:44.414,0.00,0.00,0.00,0.00,2,0
2026-06-12 20:13:44.465,0.00,0.00,0.00,0.00,2,0
2026-06-12 20:13:44.516,0.00,0.00,0.00,0.00,2,0
2026-06-12 20:13:44.565,0.00,0.00,0.00,0.00,2,0
2026-06-12 20:13:44.616,0.00,0.00,0.00,0.00,2,0
2026-06-12 20:13:44.666,0.00,0.00,0.00,0.00,2,0
2026-06-12 20:13:44.717,0.00,0.00,0.00,0.00,2,0
2026-06-12 20:13:44.767,0.00,0.00,0.00,0.00,2,0
2026-06-12 20:13:44.818,0.00,0.00,0.00,0.00,2,0
2026-06-12 20:13:44.868,0.00,0.00,0.00,0.00,2,0
2026-06-12 20:13:44.918,0.00,0.00,0.00,0.00,2,0
2026-06-12 20:13:44.969,0.00,0.00,0.00,0.00,2,0
2026-06-12 20:13:45.019,0.00,0.00,0.00,0.00,2,0
2026-06-12 20:13:45.070,0.00,0.00,0.00,0.00,2,0
2026-06-12 20:13:45.120,0.00,0.00,0.00,0.00,2,0
2026-06-12 20:13:45.170,0.00,0.00,0.00,0.00,2,0
2026-06-12 20:13:45.222,0.00,0.00,0.00,0.00,2,0
2026-06-12 20:13:45.271,0.00,0.00,0.00,0.00,2,0
2026-06-12 20:13:45.322,0.00,0.00,0.00,0.00,2,0
2026-06-12 20:13:45.372,0.00,0.00,0.00,0.00,2,0
2026-06-12 20:13:45.423,0.00,0.00,0.00,0.00,2,0
2026-06-12 20:13:45.473,0.00,0.00,0.00,0.00,2,0
2026-06-12 20:13:45.523,0.00,0.00,0.00,0.00,2,0
2026-06-12 20:13:45.573,0.00,0.00,0.00,0.00,2,0
2026-06-12 20:13:45.624,0.00,0.00,0.00,0.00,2,0
2026-06-12 20:13:45.674,0.00,0.00,0.00,0.00,2,0
2026-06-12 20:13:45.725,0.00,0.00,0.00,0.00,2,0
2026-06-12 20:13:45.775,0.00,0.00,0.00,0.00,2,0
2026-06-12 20:13:45.826,0.00,0.00,0.00,0.00,2,0
2026-06-12 20:13:45.876,0.00,0.00,0.00,0.00,2,0
2026-06-12 20:13:45.926,0.00,0.00,0.00,0.00,2,0
2026-06-12 20:13:45.977,0.00,0.00,0.00,0.00,2,0
2026-06-12 20:13:46.027,0.00,0.00,0.00,0.00,2,0
2026-06-12 20:13:46.078,0.00,0.00,0.00,0.00,2,0
2026-06-12 20:13:46.128,0.00,0.00,0.00,0.00,2,0
2026-06-12 20:13:46.178,0.00,0.00,0.00,0.00,2,0
2026-06-12 20:13:46.229,0.00,0.00,0.00,0.00,2,0
2026-06-12 20:13:46.279,0.00,0.00,0.00,0.00,2,0
2026-06-12 20:13:46.330,0.00,0.00,0.00,0.00,2,0
2026-06-12 20:13:46.380,0.00,0.00,0.00,0.00,2,0
2026-06-12 20:13:46.430,0.00,0.00,0.00,0.00,2,0
2026-06-12 20:13:46.482,0.00,0.00,0.00,0.00,2,0
2026-06-12 20:13:46.531,0.00,0.00,0.00,0.00,2,0
2026-06-12 20:13:46.581,0.00,0.00,0.00,0.00,2,0
2026-06-12 20:13:46.640,0.00,0.00,0.00,0.00,2,0
2026-06-12 20:13:46.683,0.00,0.00,0.00,0.00,2,0
2026-06-12 20:13:46.733,0.00,0.00,0.00,0.00,2,0
2026-06-12 20:13:46.783,0.00,0.00,0.00,0.00,2,0
2026-06-12 20:13:46.834,0.00,0.00,0.00,0.00,2,0
2026-06-12 20:13:46.884,0.00,0.00,0.00,0.00,2,0
2026-06-12 20:13:46.934,0.00,0.00,0.00,0.00,2,0
2026-06-12 20:13:46.985,0.00,0.00,0.00,0.00,2,0
2026-06-12 20:13:47.035,0.00,0.00,0.00,0.00,2,0
2026-06-12 20:13:47.086,0.00,0.00,0.00,0.00,2,0
2026-06-12 20:13:47.136,0.00,0.00,0.00,0.00,2,0
2026-06-12 20:13:47.187,0.00,0.00,0.00,0.00,2,0
2026-06-12 20:13:47.237,0.00,0.00,0.00,0.00,2,0
2026-06-12 20:13:47.287,0.00,0.00,0.00,0.00,2,0
2026-06-12 20:13:47.338,0.00,0.00,0.00,0.00,2,0
2026-06-12 20:13:47.388,0.00,0.00,0.00,0.00,2,0
2026-06-12 20:13:47.438,0.00,0.00,0.00,0.00,2,0
2026-06-12 20:13:47.489,0.00,0.00,0.00,0.00,2,0
2026-06-12 20:13:47.539,0.00,0.00,0.00,0.00,2,0
2026-06-12 20:13:47.590,0.00,0.00,0.00,0.00,2,0
2026-06-12 20:13:47.640,0.00,0.00,0.00,0.00,2,0
2026-06-12 20:13:47.690,0.00,0.00,0.00,0.00,2,0
2026-06-12 20:13:47.741,0.00,0.00,0.00,0.00,2,0
2026-06-12 20:13:47.792,0.00,0.00,0.00,0.00,2,0
2026-06-12 20:13:47.846,0.00,0.00,0.00,0.00,2,0
2026-06-12 20:13:47.892,0.00,0.00,0.00,0.00,2,0
2026-06-12 20:13:47.942,0.00,0.00,0.00,0.00,2,0
2026-06-12 20:13:47.993,0.00,0.00,0.00,0.00,2,0
2026-06-12 20:13:48.043,0.00,0.00,0.00,0.00,2,0
2026-06-12 20:13:48.093,0.00,0.00,0.00,0.00,2,0
2026-06-12 20:13:48.144,0.00,0.00,0.00,0.00,2,0
2026-06-12 20:13:48.194,0.00,0.00,0.00,0.00,2,0
2026-06-12 20:13:48.245,0.00,0.00,0.00,0.00,2,0
2026-06-12 20:13:48.295,0.00,0.00,0.00,0.00,2,0
2026-06-12 20:13:48.346,0.00,0.00,0.00,0.00,2,0
2026-06-12 20:13:48.396,0.00,0.00,0.00,0.00,2,0
2026-06-12 20:13:48.446,0.00,0.00,0.00,0.00,2,0
2026-06-12 20:13:48.497,0.00,0.00,0.00,0.00,2,0
2026-06-12 20:13:48.547,0.00,0.00,0.00,0.00,2,0
2026-06-12 20:13:48.598,0.00,0.00,0.00,0.00,2,0
2026-06-12 20:13:48.648,0.00,0.00,0.00,0.00,2,0
2026-06-12 20:13:48.698,0.00,0.00,0.00,0.00,2,0
2026-06-12 20:13:48.749,0.00,0.00,0.00,0.00,2,0
2026-06-12 20:13:48.799,0.00,0.00,0.00,0.00,2,0
2026-06-12 20:13:48.850,0.00,0.00,0.00,0.00,2,0
2026-06-12 20:13:48.902,0.00,0.00,0.00,0.00,2,0
2026-06-12 20:13:48.950,0.00,0.00,0.00,0.00,2,0
2026-06-12 20:13:49.003,0.00,0.00,0.00,0.00,2,0
2026-06-12 20:13:49.052,0.00,0.00,0.00,0.00,2,0
2026-06-12 20:13:49.102,0.00,0.00,0.00,0.00,2,0
2026-06-12 20:13:49.152,0.00,0.00,0.00,0.00,2,0
2026-06-12 20:13:49.202,0.00,0.00,0.00,0.00,2,0
2026-06-12 20:13:49.253,0.00,0.00,0.00,0.00,2,0
2026-06-12 20:13:49.303,0.00,0.00,0.00,0.00,2,0
2026-06-12 20:13:49.353,0.00,0.00,0.00,0.00,2,0
2026-06-12 20:13:49.404,0.00,0.00,0.00,0.00,2,0
2026-06-12 20:13:49.454,0.00,0.00,0.00,0.00,2,0
2026-06-12 20:13:49.505,0.00,0.00,0.00,0.00,2,0
2026-06-12 20:13:49.555,0.00,0.00,0.00,0.00,2,0
2026-06-12 20:13:49.606,0.00,0.00,0.00,0.00,2,0
2026-06-12 20:13:49.656,0.00,0.00,0.00,0.00,2,0
2026-06-12 20:13:49.706,0.00,0.00,0.00,0.00,2,0
2026-06-12 20:13:49.757,0.00,0.00,0.00,0.00,2,0
2026-06-12 20:13:49.807,0.00,0.00,0.00,0.00,2,0
2026-06-12 20:13:49.858,0.00,0.00,0.00,0.00,2,0
2026-06-12 20:13:49.908,0.00,0.00,0.00,0.00,2,0
2026-06-12 20:13:49.958,0.00,0.00,0.00,0.00,2,0
2026-06-12 20:13:50.009,0.00,0.00,0.00,0.00,2,0
2026-06-12 20:13:50.059,0.00,0.00,0.00,0.00,2,0
2026-06-12 20:13:50.110,0.00,0.00,0.00,0.00,2,0
2026-06-12 20:13:50.160,0.00,0.00,0.00,0.00,2,0
2026-06-12 20:13:50.210,0.00,0.00,0.00,0.00,2,0
2026-06-12 20:13:50.261,0.00,0.00,0.00,0.00,2,0
2026-06-12 20:13:50.312,0.00,0.00,0.00,0.00,2,0
2026-06-12 20:13:50.361,0.00,0.00,0.00,0.00,2,0
2026-06-12 20:13:50.412,0.00,0.00,0.00,0.00,2,0
2026-06-12 20:13:50.462,0.00,0.00,0.00,0.00,2,0
2026-06-12 20:13:50.513,0.00,0.00,0.00,0.00,2,0
2026-06-12 20:13:50.563,0.00,0.00,0.00,0.00,2,0
2026-06-12 20:13:50.613,0.00,0.00,0.00,0.00,2,0
2026-06-12 20:13:50.664,0.00,0.00,0.00,0.00,2,0
2026-06-12 20:13:50.714,0.00,0.00,0.00,0.00,2,0
2026-06-12 20:13:50.765,0.00,0.00,0.00,0.00,2,0
2026-06-12 20:13:50.815,0.00,0.00,0.00,0.00,2,0
2026-06-12 20:13:50.865,0.04,0.00,0.00,0.00,2,0
2026-06-12 20:13:50.916,0.04,0.00,1.16,0.35,2,0
2026-06-12 20:13:50.966,0.04,0.00,1.16,0.35,2,0
2026-06-12 20:13:51.017,0.04,0.00,1.16,0.35,2,0
2026-06-12 20:13:51.067,0.04,0.00,1.16,0.35,2,0
2026-06-12 20:13:51.117,0.07,0.00,1.16,0.35,2,0
2026-06-12 20:13:51.168,0.07,0.00,1.16,0.59,2,0
2026-06-12 20:13:51.218,0.07,0.00,1.16,0.59,2,0
2026-06-12 20:13:51.269,0.07,0.00,1.16,0.59,2,0
2026-06-12 20:13:51.320,0.08,0.01,1.16,0.59,2,0
2026-06-12 20:13:51.370,0.10,0.01,1.16,0.76,2,0
2026-06-12 20:13:51.420,0.10,0.01,1.17,0.88,2,0
2026-06-12 20:13:51.470,1.74,0.69,1.17,0.88,2,0
2026-06-12 20:13:51.521,1.74,0.69,50.54,15.78,2,0
2026-06-12 20:13:51.572,1.74,0.69,50.54,15.78,2,0
2026-06-12 20:13:51.621,3.28,1.10,50.54,15.78,2,0
2026-06-12 20:13:51.672,3.28,1.10,62.54,29.81,2,0
2026-06-12 20:13:51.722,3.28,1.10,62.54,29.81,2,0
2026-06-12 20:13:51.773,4.59,1.29,62.54,29.81,2,0
2026-06-12 20:13:51.823,4.59,1.29,69.49,41.71,2,0
2026-06-12 20:13:51.873,5.14,1.28,69.49,41.71,2,0
2026-06-12 20:13:51.924,5.14,1.28,58.13,46.64,2,0
2026-06-12 20:13:51.974,5.14,1.28,58.13,46.64,2,0
2026-06-12 20:13:52.025,5.14,1.28,58.13,46.64,2,0
2026-06-12 20:13:52.075,5.26,1.12,58.13,46.64,2,0
2026-06-12 20:13:52.125,5.26,1.12,50.47,47.79,2,0
2026-06-12 20:13:52.176,5.26,1.12,50.47,47.79,2,0
2026-06-12 20:13:52.226,6.59,1.26,50.47,47.79,1,0
2026-06-12 20:13:52.277,9.13,3.14,88.06,59.87,1,0
2026-06-12 20:13:52.328,9.13,3.14,136.57,82.88,1,0
2026-06-12 20:13:52.377,9.13,3.14,136.57,82.88,1,0
2026-06-12 20:13:52.428,9.13,3.14,136.57,82.88,1,0
2026-06-12 20:13:52.478,9.13,3.14,136.57,82.88,1,0
2026-06-12 20:13:52.529,9.13,3.14,136.57,82.88,1,0
2026-06-12 20:13:52.579,9.13,3.14,136.57,82.88,1,0
2026-06-12 20:13:52.630,9.13,3.14,136.57,82.88,1,0
2026-06-12 20:13:52.680,9.13,3.14,136.57,82.88,1,0
2026-06-12 20:13:52.730,9.13,3.14,136.57,82.88,1,0
2026-06-12 20:13:52.782,9.13,3.14,136.57,82.88,1,0
2026-06-12 20:13:52.832,9.13,3.14,136.57,82.88,1,0
2026-06-12 20:13:52.882,9.13,3.14,136.57,82.88,1,0
2026-06-12 20:13:52.932,9.13,3.14,136.57,82.88,1,0
2026-06-12 20:13:52.982,9.13,3.14,136.57,82.88,1,0
2026-06-12 20:13:53.033,9.13,3.14,136.57,82.88,1,0
2026-06-12 20:13:53.083,9.13,3.14,136.57,82.88,1,0
2026-06-12 20:13:53.136,9.13,3.14,136.57,82.88,1,0
2026-06-12 20:13:53.184,9.13,3.14,136.57,82.88,1,0
2026-06-12 20:13:53.234,9.13,3.14,136.57,82.88,1,0
2026-06-12 20:13:53.285,9.13,3.14,136.57,82.88,1,0
2026-06-12 20:13:53.335,9.13,3.14,136.57,82.88,1,0
2026-06-12 20:13:53.387,9.13,3.14,136.57,82.88,1,0
2026-06-12 20:13:53.436,9.13,3.14,136.57,82.88,1,0
2026-06-12 20:13:53.486,9.13,3.14,136.57,82.88,1,0
2026-06-12 20:13:53.537,9.13,3.14,136.57,82.88,1,0
2026-06-12 20:13:53.587,9.13,3.14,136.57,82.88,1,0
2026-06-12 20:13:53.638,9.13,3.14,136.57,82.88,1,0
2026-06-12 20:13:53.688,9.13,3.14,136.57,82.88,1,0
2026-06-12 20:13:53.738,9.13,3.14,136.57,82.88,1,0
2026-06-12 20:13:53.789,9.13,3.14,136.57,82.88,1,0
2026-06-12 20:13:53.839,9.13,3.14,136.57,82.88,1,0
2026-06-12 20:13:53.890,9.13,3.14,136.57,82.88,1,0
2026-06-12 20:13:53.940,9.13,3.14,136.57,82.88,1,0
2026-06-12 20:13:53.991,9.13,3.14,136.57,82.88,1,0
2026-06-12 20:13:54.042,9.13,3.14,136.57,82.88,1,0
2026-06-12 20:13:54.091,9.13,3.14,136.57,82.88,1,0
2026-06-12 20:13:54.142,9.13,3.14,136.57,82.88,1,0
2026-06-12 20:13:54.193,9.13,3.14,136.57,82.88,1,0
2026-06-12 20:13:54.243,9.13,3.14,136.57,82.88,1,0
2026-06-12 20:13:54.293,0.00,0.00,136.57,82.88,1,0
2026-06-12 20:13:54.343,0.00,0.00,0.00,0.00,1,0
2026-06-12 20:13:54.394,0.00,0.00,0.00,0.00,1,0
2026-06-12 20:13:54.444,0.00,0.00,0.00,0.00,1,0
2026-06-12 20:13:54.495,0.00,0.00,0.00,0.00,1,0
2026-06-12 20:13:54.545,0.00,0.00,0.00,0.00,1,0
2026-06-12 20:13:54.595,0.00,0.00,0.00,0.00,1,0
2026-06-12 20:13:54.646,0.00,0.00,0.00,0.00,1,0
2026-06-12 20:13:54.696,0.00,0.00,0.00,0.00,1,0
2026-06-12 20:13:54.747,0.00,0.00,0.00,0.00,1,0
2026-06-12 20:13:54.797,0.00,0.00,0.00,0.00,1,0
2026-06-12 20:13:54.847,0.00,0.00,0.00,0.00,1,0
2026-06-12 20:13:54.898,0.00,0.00,0.00,0.00,1,0
2026-06-12 20:13:54.950,0.00,0.00,0.00,0.00,1,0
2026-06-12 20:13:54.998,0.00,0.00,0.00,0.00,1,0
2026-06-12 20:13:55.049,0.00,0.00,0.00,0.00,1,0
2026-06-12 20:13:55.099,0.00,0.00,0.00,0.00,1,0
2026-06-12 20:13:55.150,0.00,0.00,0.00,0.00,1,0
2026-06-12 20:13:55.200,0.00,0.00,0.00,0.00,1,0
2026-06-12 20:13:55.251,0.00,0.00,0.00,0.00,1,0
2026-06-12 20:13:55.302,0.33,0.00,0.00,0.00,0,0
2026-06-12 20:13:55.352,0.33,0.00,9.85,2.95,0,0
2026-06-12 20:13:55.402,0.33,0.00,9.85,2.95,0,0
2026-06-12 20:13:55.452,0.33,0.00,9.85,2.95,0,0
2026-06-12 20:13:55.502,0.33,0.00,9.85,2.95,0,0
2026-06-12 20:13:55.553,0.33,0.00,9.85,2.95,0,0
2026-06-12 20:13:55.603,0.33,0.00,9.85,2.95,0,0
2026-06-12 20:13:55.654,0.33,0.00,9.85,2.95,0,0
2026-06-12 20:13:55.704,0.33,0.00,9.85,2.95,0,0
2026-06-12 20:13:55.754,0.33,0.00,9.85,2.95,0,0
2026-06-12 20:13:55.805,0.33,0.00,9.85,2.95,0,0
2026-06-12 20:13:55.855,0.33,0.00,9.85,2.95,0,0
2026-06-12 20:13:55.906,0.33,0.00,9.85,2.95,0,0
2026-06-12 20:13:55.956,0.33,0.00,9.85,2.95,0,0
2026-06-12 20:13:56.006,0.33,0.00,9.85,2.95,0,0
2026-06-12 20:13:56.058,0.33,0.00,9.85,2.95,0,0
2026-06-12 20:13:56.108,0.33,0.00,9.85,2.95,0,0
2026-06-12 20:13:56.158,0.33,0.00,9.85,2.95,0,0
2026-06-12 20:13:56.208,0.33,0.00,9.85,2.95,0,0
2026-06-12 20:13:56.259,0.33,0.00,9.85,2.95,0,0
2026-06-12 20:13:56.309,0.33,0.00,9.85,2.95,0,0
2026-06-12 20:13:56.359,0.33,0.00,9.85,2.95,0,0
2026-06-12 20:13:56.410,0.33,0.00,9.85,2.95,0,0
2026-06-12 20:13:56.460,0.33,0.00,9.85,2.95,0,0
2026-06-12 20:13:56.511,0.33,0.00,9.85,2.95,0,0
2026-06-12 20:13:56.561,0.33,0.00,9.85,2.95,0,0
2026-06-12 20:13:56.614,0.33,0.00,9.85,2.95,0,0
2026-06-12 20:13:56.662,0.33,0.00,9.85,2.95,0,0
2026-06-12 20:13:56.712,0.33,0.00,9.85,2.95,0,0
2026-06-12 20:13:56.762,0.33,0.00,9.85,2.95,0,0
2026-06-12 20:13:56.813,0.33,0.00,9.85,2.95,0,0
2026-06-12 20:13:56.863,0.33,0.00,9.85,2.95,0,0
2026-06-12 20:13:56.914,0.33,0.00,9.85,2.95,0,0
2026-06-12 20:13:56.964,0.33,0.00,9.85,2.95,0,0
2026-06-12 20:13:57.014,0.33,0.00,9.85,2.95,0,0
2026-06-12 20:13:57.065,0.33,0.00,9.85,2.95,0,0
2026-06-12 20:13:57.115,0.33,0.00,9.85,2.95,0,0
2026-06-12 20:13:57.166,0.33,0.00,9.85,2.95,0,0
2026-06-12 20:13:57.216,0.33,0.00,9.85,2.95,0,0
2026-06-12 20:13:57.267,0.00,0.00,9.85,2.95,0,0
2026-06-12 20:13:57.317,0.20,0.00,0.00,0.00,2,0
2026-06-12 20:13:57.367,0.20,0.00,5.92,1.78,2,0
2026-06-12 20:13:57.418,0.20,0.00,5.92,1.78,2,0
2026-06-12 20:13:57.468,0.20,0.00,5.92,1.78,2,0
2026-06-12 20:13:57.518,0.20,0.00,5.92,1.78,2,0
2026-06-12 20:13:57.570,0.20,0.00,5.92,1.78,2,0
2026-06-12 20:13:57.619,0.20,0.00,5.92,1.78,2,0
2026-06-12 20:13:57.670,0.20,0.00,5.92,1.78,2,0
2026-06-12 20:13:57.720,0.20,0.00,5.92,1.78,2,0
2026-06-12 20:13:57.770,0.20,0.00,5.92,1.78,2,0
2026-06-12 20:13:57.821,0.20,0.00,5.92,1.78,2,0
2026-06-12 20:13:57.880,0.20,0.00,5.92,1.78,2,0
2026-06-12 20:13:57.922,0.20,0.00,5.92,1.78,2,0
2026-06-12 20:13:57.972,0.20,0.00,5.92,1.78,2,0
2026-06-12 20:13:58.022,0.20,0.00,5.92,1.78,2,0
2026-06-12 20:13:58.073,0.20,0.00,5.92,1.78,2,0
2026-06-12 20:13:58.125,0.20,0.00,5.92,1.78,2,0
2026-06-12 20:13:58.174,0.20,0.00,5.92,1.78,2,0
2026-06-12 20:13:58.224,0.20,0.00,5.92,1.78,2,0
2026-06-12 20:13:58.275,0.20,0.00,5.92,1.78,2,0
2026-06-12 20:13:58.325,0.20,0.00,5.92,1.78,2,0
2026-06-12 20:13:58.378,0.20,0.00,5.92,1.78,2,0
2026-06-12 20:13:58.426,0.20,0.00,5.92,1.78,2,0
2026-06-12 20:13:58.476,0.20,0.00,5.92,1.78,2,0
2026-06-12 20:13:58.527,0.20,0.00,5.92,1.78,2,0
2026-06-12 20:13:58.577,0.20,0.00,5.92,1.78,2,0
2026-06-12 20:13:58.627,0.20,0.00,5.92,1.78,2,0
2026-06-12 20:13:58.678,0.20,0.00,5.92,1.78,2,0
2026-06-12 20:13:58.728,0.20,0.00,5.92,1.78,2,0
2026-06-12 20:13:58.779,0.20,0.00,5.92,1.78,2,0
2026-06-12 20:13:58.829,0.20,0.00,5.92,1.78,2,0
2026-06-12 20:13:58.879,0.20,0.00,5.92,1.78,2,0
2026-06-12 20:13:58.930,0.20,0.00,5.92,1.78,2,0
2026-06-12 20:13:58.980,0.20,0.00,5.92,1.78,2,0
2026-06-12 20:13:59.031,0.20,0.00,5.92,1.78,2,0
2026-06-12 20:13:59.082,0.20,0.00,5.92,1.78,2,0
2026-06-12 20:13:59.131,0.20,0.00,5.92,1.78,2,0
2026-06-12 20:13:59.182,0.20,0.00,5.92,1.78,2,0
2026-06-12 20:13:59.232,0.20,0.00,5.92,1.78,2,0
2026-06-12 20:13:59.282,0.00,0.00,5.92,1.78,2,0
2026-06-12 20:13:59.333,0.00,0.00,0.00,0.00,2,0
2026-06-12 20:13:59.383,0.00,0.00,0.00,0.00,2,0
2026-06-12 20:13:59.436,0.00,0.00,0.00,0.00,2,0
2026-06-12 20:13:59.484,0.00,0.00,0.00,0.00,2,0
2026-06-12 20:13:59.534,0.00,0.00,0.00,0.00,2,0
2026-06-12 20:13:59.585,0.00,0.00,0.00,0.00,2,0
2026-06-12 20:13:59.635,0.00,0.00,0.00,0.00,2,0
2026-06-12 20:13:59.686,0.00,0.00,0.00,0.00,2,0
2026-06-12 20:13:59.736,0.00,0.00,0.00,0.00,2,0
2026-06-12 20:13:59.787,0.00,0.00,0.00,0.00,2,0
2026-06-12 20:13:59.837,0.00,0.00,0.00,0.00,2,0
2026-06-12 20:13:59.888,0.00,0.00,0.00,0.00,2,0
2026-06-12 20:13:59.938,0.00,0.00,0.00,0.00,2,0
2026-06-12 20:13:59.988,0.00,0.00,0.00,0.00,2,0
2026-06-12 20:14:00.039,0.00,0.00,0.00,0.00,2,0
2026-06-12 20:14:00.089,0.00,0.00,0.00,0.00,2,0
2026-06-12 20:14:00.139,0.00,0.00,0.00,0.00,2,0
2026-06-12 20:14:00.190,0.00,0.00,0.00,0.00,2,0
2026-06-12 20:14:00.240,0.00,0.00,0.00,0.00,2,0
2026-06-12 20:14:00.290,0.00,0.00,0.00,0.00,2,0
2026-06-12 20:14:00.341,0.00,0.00,0.00,0.00,2,0
2026-06-12 20:14:00.392,0.00,0.00,0.00,0.00,2,0
2026-06-12 20:14:00.442,0.00,0.00,0.00,0.00,2,0
2026-06-12 20:14:00.492,0.00,0.00,0.00,0.00,2,0
2026-06-12 20:14:00.542,0.00,0.00,0.00,0.00,2,0
2026-06-12 20:14:00.593,0.00,0.00,0.00,0.00,2,0
2026-06-12 20:14:00.643,0.00,0.00,0.00,0.00,2,0
2026-06-12 20:14:00.694,0.00,0.00,0.00,0.00,2,0
2026-06-12 20:14:00.744,0.00,0.00,0.00,0.00,2,0
2026-06-12 20:14:00.795,0.00,0.00,0.00,0.00,2,0
2026-06-12 20:14:00.845,0.00,0.00,0.00,0.00,2,0
2026-06-12 20:14:00.895,0.00,0.00,0.00,0.00,2,0
2026-06-12 20:14:00.946,0.00,0.00,0.00,0.00,2,0
2026-06-12 20:14:00.996,0.00,0.00,0.00,0.00,2,0
2026-06-12 20:14:01.047,0.00,0.00,0.00,0.00,2,0
2026-06-12 20:14:01.097,0.00,0.00,0.00,0.00,2,0
2026-06-12 20:14:01.147,0.00,0.00,0.00,0.00,2,0
2026-06-12 20:14:01.198,0.00,0.00,0.00,0.00,2,0
2026-06-12 20:14:01.248,0.00,0.00,0.00,0.00,2,0
2026-06-12 20:14:01.299,0.00,0.00,0.00,0.00,2,0
2026-06-12 20:14:01.349,0.00,0.00,0.00,0.00,2,0
2026-06-12 20:14:01.399,0.00,0.00,0.00,0.00,2,0
2026-06-12 20:14:01.450,0.00,0.00,0.00,0.00,2,0
2026-06-12 20:14:01.500,0.00,0.00,0.00,0.00,2,0
2026-06-12 20:14:01.551,0.00,0.00,0.00,0.00,2,0
2026-06-12 20:14:01.602,0.00,0.00,0.00,0.00,2,0
2026-06-12 20:14:01.652,0.00,0.00,0.00,0.00,2,0
2026-06-12 20:14:01.702,0.00,0.00,0.00,0.00,2,0
2026-06-12 20:14:01.755,0.00,0.00,0.00,0.00,2,0
2026-06-12 20:14:01.803,0.00,0.00,0.00,0.00,2,0
2026-06-12 20:14:01.853,0.00,0.00,0.00,0.00,2,0
2026-06-12 20:14:01.903,0.00,0.00,0.00,0.00,2,0
2026-06-12 20:14:01.954,0.00,0.00,0.00,0.00,2,0
2026-06-12 20:14:02.004,0.00,0.00,0.00,0.00,2,0
2026-06-12 20:14:02.054,0.00,0.00,0.00,0.00,2,0
2026-06-12 20:14:02.105,0.00,0.00,0.00,0.00,2,0
2026-06-12 20:14:02.155,0.00,0.00,0.00,0.00,2,0
2026-06-12 20:14:02.206,0.00,0.00,0.00,0.00,2,0
2026-06-12 20:14:02.256,0.00,0.00,0.00,0.00,2,0
2026-06-12 20:14:02.306,0.00,0.00,0.00,0.00,2,0
2026-06-12 20:14:02.357,0.00,0.00,0.00,0.00,2,0
2026-06-12 20:14:02.407,0.00,0.00,0.00,0.00,2,0
2026-06-12 20:14:02.458,0.00,0.00,0.00,0.00,2,0
2026-06-12 20:14:02.508,0.00,0.00,0.00,0.00,2,0
2026-06-12 20:14:02.558,0.00,0.00,0.00,0.00,2,0
2026-06-12 20:14:02.609,0.00,0.00,0.00,0.00,2,0
2026-06-12 20:14:02.659,0.00,0.00,0.00,0.00,2,0
2026-06-12 20:14:02.710,0.00,0.00,0.00,0.00,2,0
2026-06-12 20:14:02.760,0.00,0.00,0.00,0.00,2,0
2026-06-12 20:14:02.811,0.00,0.00,0.00,0.00,2,0
2026-06-12 20:14:02.862,0.00,0.00,0.00,0.00,2,0
2026-06-12 20:14:02.912,0.00,0.00,0.00,0.00,2,0
2026-06-12 20:14:02.962,0.00,0.00,0.00,0.00,2,0
2026-06-12 20:14:03.013,0.00,0.00,0.00,0.00,2,0
2026-06-12 20:14:03.062,0.00,0.00,0.00,0.00,2,0
2026-06-12 20:14:03.116,0.00,0.00,0.00,0.00,2,0
2026-06-12 20:14:03.163,0.00,0.00,0.00,0.00,2,0
2026-06-12 20:14:03.214,0.00,0.00,0.00,0.00,2,0
2026-06-12 20:14:03.264,0.00,0.00,0.00,0.00,2,0
2026-06-12 20:14:03.314,0.00,0.00,0.00,0.00,2,0
2026-06-12 20:14:03.365,0.00,0.00,0.00,0.00,2,0
2026-06-12 20:14:03.415,0.00,0.00,0.00,0.00,2,0
2026-06-12 20:14:03.472,0.00,0.00,0.00,0.00,2,0
2026-06-12 20:14:03.516,0.00,0.00,0.00,0.00,2,0
2026-06-12 20:14:03.566,0.00,0.00,0.00,0.00,2,0
2026-06-12 20:14:03.617,0.00,0.00,0.00,0.00,2,0
2026-06-12 20:14:03.667,0.00,0.00,0.00,0.00,2,0
2026-06-12 20:14:03.718,0.00,0.00,0.00,0.00,2,0
2026-06-12 20:14:03.768,0.00,0.00,0.00,0.00,2,0
2026-06-12 20:14:03.818,0.00,0.00,0.00,0.00,2,0
2026-06-12 20:14:03.869,0.00,0.00,0.00,0.00,2,0
2026-06-12 20:14:03.919,0.00,0.00,0.00,0.00,2,0
2026-06-12 20:14:03.970,0.00,0.00,0.00,0.00,2,0
2026-06-12 20:14:04.020,0.00,0.00,0.00,0.00,2,0
2026-06-12 20:14:04.070,0.00,0.00,0.00,0.00,2,0
2026-06-12 20:14:04.122,0.00,0.00,0.00,0.00,2,0
2026-06-12 20:14:04.172,0.00,0.00,0.00,0.00,2,0
2026-06-12 20:14:04.222,0.00,0.00,0.00,0.00,2,0
2026-06-12 20:14:04.273,0.00,0.00,0.00,0.00,2,0
2026-06-12 20:14:04.323,0.00,0.00,0.00,0.00,2,0
2026-06-12 20:14:04.373,0.00,0.00,0.00,0.00,2,0
2026-06-12 20:14:04.424,0.00,0.00,0.00,0.00,2,0
2026-06-12 20:14:04.474,0.00,0.00,0.00,0.00,2,0
2026-06-12 20:14:04.524,0.00,0.00,0.00,0.00,2,0
2026-06-12 20:14:04.574,0.00,0.00,0.00,0.00,2,0
2026-06-12 20:14:04.625,0.00,0.00,0.00,0.00,2,0
2026-06-12 20:14:04.675,0.00,0.00,0.00,0.00,2,0
2026-06-12 20:14:04.726,0.00,0.00,0.00,0.00,2,0
2026-06-12 20:14:04.776,0.00,0.00,0.00,0.00,2,0
2026-06-12 20:14:04.826,0.00,0.00,0.00,0.00,2,0
2026-06-12 20:14:04.877,0.00,0.00,0.00,0.00,2,0
2026-06-12 20:14:04.927,0.00,0.00,0.00,0.00,2,0
2026-06-12 20:14:04.978,0.00,0.00,0.00,0.00,2,0
2026-06-12 20:14:05.028,0.00,0.00,0.00,0.00,2,0
2026-06-12 20:14:05.078,0.00,0.00,0.00,0.00,2,0
2026-06-12 20:14:05.129,0.00,0.00,0.00,0.00,2,0
2026-06-12 20:14:05.179,0.00,0.00,0.00,0.00,2,0
2026-06-12 20:14:05.230,0.00,0.00,0.00,0.00,2,0
2026-06-12 20:14:05.280,0.00,0.00,0.00,0.00,2,0
2026-06-12 20:14:05.336,0.00,0.00,0.00,0.00,2,0
2026-06-12 20:14:05.381,0.00,0.00,0.00,0.00,2,0
2026-06-12 20:14:05.432,0.00,0.00,0.00,0.00,2,0
2026-06-12 20:14:05.482,0.00,0.00,0.00,0.00,2,0
2026-06-12 20:14:05.532,0.00,0.00,0.00,0.00,2,0
2026-06-12 20:14:05.582,0.00,0.00,0.00,0.00,2,0
2026-06-12 20:14:05.633,0.00,0.00,0.00,0.00,2,0
2026-06-12 20:14:05.683,0.00,0.00,0.00,0.00,2,0
2026-06-12 20:14:05.734,0.00,0.00,0.00,0.00,2,0
2026-06-12 20:14:05.784,0.00,0.00,0.00,0.00,2,0
2026-06-12 20:14:05.834,0.00,0.00,0.00,0.00,2,0
2026-06-12 20:14:05.885,0.00,0.00,0.00,0.00,2,0
2026-06-12 20:14:05.935,0.00,0.00,0.00,0.00,2,0
2026-06-12 20:14:05.987,0.00,0.00,0.00,0.00,2,0
2026-06-12 20:14:06.036,0.00,0.00,0.00,0.00,2,0
2026-06-12 20:14:06.086,0.00,0.00,0.00,0.00,2,0
2026-06-12 20:14:06.137,0.00,0.00,0.00,0.00,2,0
2026-06-12 20:14:06.187,0.00,0.00,0.00,0.00,2,0
2026-06-12 20:14:06.238,0.00,0.00,0.00,0.00,2,0
2026-06-12 20:14:06.288,0.00,0.00,0.00,0.00,2,0
2026-06-12 20:14:06.338,0.00,0.00,0.00,0.00,2,0
2026-06-12 20:14:06.390,0.00,0.00,0.00,0.00,2,0
2026-06-12 20:14:06.439,0.00,0.00,0.00,0.00,2,0
2026-06-12 20:14:06.490,0.00,0.00,0.00,0.00,2,0
2026-06-12 20:14:06.540,0.00,0.00,0.00,0.00,2,0
2026-06-12 20:14:06.596,0.00,0.00,0.00,0.00,2,0
2026-06-12 20:14:06.641,0.00,0.00,0.00,0.00,2,0
2026-06-12 20:14:06.691,0.00,0.00,0.00,0.00,2,0
2026-06-12 20:14:06.741,0.00,0.00,0.00,0.00,2,0
2026-06-12 20:14:06.792,0.00,0.00,0.00,0.00,2,0
2026-06-12 20:14:06.842,0.00,0.00,0.00,0.00,2,0
2026-06-12 20:14:06.893,0.00,0.00,0.00,0.00,2,0
2026-06-12 20:14:06.943,0.00,0.00,0.00,0.00,2,0
2026-06-12 20:14:06.993,0.00,0.00,0.00,0.00,2,0
2026-06-12 20:14:07.044,0.00,0.00,0.00,0.00,2,0
2026-06-12 20:14:07.094,0.00,0.00,0.00,0.00,2,0
2026-06-12 20:14:07.145,0.00,0.00,0.00,0.00,2,0
2026-06-12 20:14:07.195,0.00,0.00,0.00,0.00,2,0
2026-06-12 20:14:07.246,0.00,0.00,0.00,0.00,2,0
2026-06-12 20:14:07.296,0.00,0.00,0.00,0.00,2,0
2026-06-12 20:14:07.346,0.00,0.00,0.00,0.00,2,0
2026-06-12 20:14:07.397,0.00,0.00,0.00,0.00,2,0
2026-06-12 20:14:07.447,0.00,0.00,0.00,0.00,2,0
2026-06-12 20:14:07.498,0.00,0.00,0.00,0.00,2,0
2026-06-12 20:14:07.548,0.00,0.00,0.00,0.00,2,0
2026-06-12 20:14:07.598,0.00,0.00,0.00,0.00,2,0
2026-06-12 20:14:07.649,0.00,0.00,0.00,0.00,2,0
2026-06-12 20:14:07.699,0.00,0.00,0.00,0.00,2,0
2026-06-12 20:14:07.750,0.00,0.00,0.00,0.00,2,0
2026-06-12 20:14:07.800,0.00,0.00,0.00,0.00,2,0
2026-06-12 20:14:07.850,0.00,0.00,0.00,0.00,2,0
2026-06-12 20:14:07.902,0.00,0.00,0.00,0.00,2,0
2026-06-12 20:14:07.954,0.00,0.00,0.00,0.00,2,0
2026-06-12 20:14:08.001,0.00,0.00,0.00,0.00,2,0
2026-06-12 20:14:08.052,0.00,0.00,0.00,0.00,2,0
2026-06-12 20:14:08.105,0.00,0.00,0.00,0.00,2,0
2026-06-12 20:14:08.153,0.00,0.00,0.00,0.00,2,0
2026-06-12 20:14:08.203,0.00,0.00,0.00,0.00,2,0
2026-06-12 20:14:08.253,0.00,0.00,0.00,0.00,2,0
2026-06-12 20:14:08.304,0.00,0.00,0.00,0.00,2,0
2026-06-12 20:14:08.354,0.00,0.00,0.00,0.00,2,0
2026-06-12 20:14:08.405,0.00,0.00,0.00,0.00,2,0
2026-06-12 20:14:08.455,0.00,0.00,0.00,0.00,2,0
2026-06-12 20:14:08.505,0.00,0.00,0.00,0.00,2,0
2026-06-12 20:14:08.556,0.00,0.00,0.00,0.00,2,0
2026-06-12 20:14:08.606,0.00,0.00,0.00,0.00,2,0
2026-06-12 20:14:08.657,0.00,0.00,0.00,0.00,2,0
2026-06-12 20:14:08.707,0.00,0.00,0.00,0.00,2,0
2026-06-12 20:14:08.757,0.00,0.00,0.00,0.00,2,0
2026-06-12 20:14:08.808,0.00,0.00,0.00,0.00,2,0
2026-06-12 20:14:08.858,0.00,0.00,0.00,0.00,2,0
2026-06-12 20:14:08.909,0.00,0.00,0.00,0.00,2,0
2026-06-12 20:14:08.959,0.06,0.00,0.00,0.00,2,0
2026-06-12 20:14:09.009,0.06,0.00,1.80,0.54,2,0
2026-06-12 20:14:09.060,0.06,0.00,1.80,0.54,2,0
2026-06-12 20:14:09.110,0.06,0.00,1.80,0.54,2,0
2026-06-12 20:14:09.161,0.06,0.00,1.80,0.54,2,0
2026-06-12 20:14:09.211,0.06,0.00,1.80,0.54,2,0
2026-06-12 20:14:09.261,0.06,0.00,1.80,0.54,2,0
2026-06-12 20:14:09.312,0.06,0.00,1.80,0.54,2,0
2026-06-12 20:14:09.362,0.11,0.01,1.80,0.54,2,0
2026-06-12 20:14:09.413,0.11,0.01,2.13,1.02,2,0
2026-06-12 20:14:09.464,0.11,0.01,2.13,1.02,2,0
2026-06-12 20:14:09.513,0.11,0.01,2.13,1.02,2,0
2026-06-12 20:14:09.565,0.16,0.01,2.13,1.02,2,0
2026-06-12 20:14:09.614,0.16,0.01,2.45,1.45,2,0
2026-06-12 20:14:09.665,0.16,0.01,2.45,1.45,2,0
2026-06-12 20:14:09.715,0.19,0.02,2.45,1.45,2,0
2026-06-12 20:14:09.765,0.19,0.02,2.42,1.74,2,0
2026-06-12 20:14:09.816,0.19,0.02,2.42,1.74,2,0
2026-06-12 20:14:09.866,1.24,0.30,2.42,1.74,2,0
2026-06-12 20:14:09.917,1.24,0.30,33.37,11.23,2,0
2026-06-12 20:14:09.967,2.45,0.66,33.37,11.23,2,0
2026-06-12 20:14:10.017,2.45,0.66,47.83,22.21,2,0
2026-06-12 20:14:10.068,3.58,1.03,47.83,22.21,2,0
2026-06-12 20:14:10.118,3.58,1.03,56.54,32.51,2,0
2026-06-12 20:14:10.171,4.59,1.29,56.54,32.51,2,0
2026-06-12 20:14:10.219,4.59,1.29,63.07,41.68,2,0
2026-06-12 20:14:10.270,5.54,1.49,63.07,41.68,2,0
2026-06-12 20:14:10.320,5.54,1.49,70.36,50.28,2,0
2026-06-12 20:14:10.370,6.41,1.75,70.36,50.28,2,0
2026-06-12 20:14:10.422,7.22,1.93,76.79,58.24,2,0
2026-06-12 20:14:10.472,7.22,1.93,82.56,65.53,2,0
2026-06-12 20:14:10.522,7.93,1.94,82.56,65.53,2,0
2026-06-12 20:14:10.572,7.93,1.94,87.12,72.01,2,0
2026-06-12 20:14:10.622,8.53,1.97,87.12,72.01,2,0
2026-06-12 20:14:10.673,9.05,1.96,90.05,77.42,2,0
2026-06-12 20:14:10.724,9.05,1.96,93.16,82.14,2,0
2026-06-12 20:14:10.774,9.49,1.91,93.16,82.14,2,0
2026-06-12 20:14:10.824,9.91,1.86,95.50,86.15,2,0
2026-06-12 20:14:10.874,10.34,1.93,98.94,89.98,2,0
2026-06-12 20:14:10.925,10.34,1.93,102.97,93.88,2,0
2026-06-12 20:14:10.975,10.76,1.88,102.97,93.88,2,0
2026-06-12 20:14:11.026,11.21,1.84,106.71,97.73,2,0
2026-06-12 20:14:11.076,11.58,1.88,111.18,101.76,2,0
2026-06-12 20:14:11.126,11.58,1.88,113.20,105.19,2,0
2026-06-12 20:14:11.177,11.90,1.77,113.20,105.19,2,0
2026-06-12 20:14:11.227,12.18,1.73,114.78,108.07,2,0
2026-06-12 20:14:11.278,12.42,1.61,116.40,110.57,2,0
2026-06-12 20:14:11.328,12.68,1.58,117.95,112.78,2,0
2026-06-12 20:14:11.378,12.99,1.60,120.68,115.15,2,0
2026-06-12 20:14:11.429,13.33,1.64,124.44,117.94,2,0
2026-06-12 20:14:11.479,13.33,1.64,128.16,121.01,2,0
2026-06-12 20:14:11.530,13.68,1.59,128.16,121.01,2,0
2026-06-12 20:14:11.580,13.99,1.61,131.71,124.22,2,0
2026-06-12 20:14:11.630,14.26,1.59,133.76,127.08,2,0
2026-06-12 20:14:11.682,14.48,1.53,135.08,129.48,2,0
2026-06-12 20:14:11.732,14.70,1.48,136.09,131.46,2,0
2026-06-12 20:14:11.782,14.93,1.45,138.21,133.49,2,0
2026-06-12 20:14:11.832,15.19,1.45,140.54,135.60,2,0
2026-06-12 20:14:11.882,15.48,1.47,143.49,137.97,2,0
2026-06-12 20:14:11.933,15.74,1.47,146.67,140.58,2,0
2026-06-12 20:14:11.983,16.01,1.47,148.44,142.94,2,0
2026-06-12 20:14:12.034,16.23,1.43,151.08,145.38,2,0
2026-06-12 20:14:12.084,16.44,1.39,152.19,147.42,2,0
2026-06-12 20:14:12.134,16.70,1.39,153.57,149.27,2,0
2026-06-12 20:14:12.185,16.91,1.36,157.23,151.66,2,0
2026-06-12 20:14:12.236,17.45,1.64,158.11,153.59,2,0
2026-06-12 20:14:12.286,17.69,1.60,164.56,158.43,2,0
2026-06-12 20:14:12.336,17.95,1.57,165.88,160.66,2,0
2026-06-12 20:14:12.386,18.18,1.53,168.59,163.04,2,0
2026-06-12 20:14:12.437,18.30,1.48,169.96,165.12,2,0
2026-06-12 20:14:12.487,18.46,1.40,168.52,166.14,2,0
2026-06-12 20:14:12.540,18.83,1.48,171.19,167.66,2,0
2026-06-12 20:14:12.588,19.15,1.53,175.64,170.98,2,0
2026-06-12 20:14:12.638,19.40,1.50,180.85,173.94,2,0
2026-06-12 20:14:12.689,19.66,1.71,181.43,176.19,2,0
2026-06-12 20:14:12.739,19.95,1.55,184.09,178.56,2,0
2026-06-12 20:14:12.790,20.17,1.50,183.72,181.13,2,0
2026-06-12 20:14:12.840,20.33,1.41,187.84,183.14,2,0
2026-06-12 20:14:12.891,20.53,1.52,188.18,184.65,2,0
2026-06-12 20:14:12.944,20.93,1.56,190.45,186.39,2,0
2026-06-12 20:14:12.992,21.14,1.49,193.86,190.06,2,0
2026-06-12 20:14:13.044,21.28,1.50,196.36,191.95,2,0
2026-06-12 20:14:13.092,21.43,1.23,196.16,193.21,2,0
2026-06-12 20:14:13.143,21.52,1.13,195.52,194.61,2,0
2026-06-12 20:14:13.193,21.70,1.25,197.44,195.46,2,0
2026-06-12 20:14:13.243,22.19,1.51,200.70,197.03,2,0
2026-06-12 20:14:13.294,22.43,1.67,207.26,201.55,2,0
2026-06-12 20:14:13.344,22.69,1.47,208.67,203.69,2,0
2026-06-12 20:14:13.395,22.76,1.31,207.90,206.04,2,0
2026-06-12 20:14:13.452,23.05,1.40,208.22,206.69,2,0
2026-06-12 20:14:13.495,23.26,1.36,212.90,209.30,2,0
2026-06-12 20:14:13.548,23.66,1.59,215.70,211.22,2,0
2026-06-12 20:14:13.596,25.19,2.60,218.26,214.87,2,0
2026-06-12 20:14:13.647,27.30,5.73,261.21,228.77,2,0
2026-06-12 20:14:13.697,29.81,6.87,292.69,247.95,2,0
2026-06-12 20:14:13.747,27.71,1.72,291.66,270.75,2,0
2026-06-12 20:14:13.798,26.90,0.78,225.52,251.61,2,0
2026-06-12 20:14:13.848,26.03,-0.75,227.11,244.26,2,0
2026-06-12 20:14:13.899,25.65,-0.95,227.36,236.37,2,0
2026-06-12 20:14:13.949,25.25,-1.29,225.04,232.97,2,0
2026-06-12 20:14:13.999,25.25,-1.09,226.39,229.27,2,0
2026-06-12 20:14:14.051,25.52,-0.37,229.40,229.31,2,0
2026-06-12 20:14:14.100,25.63,-0.13,235.12,231.74,2,0
2026-06-12 20:14:14.151,25.74,0.01,235.15,232.77,2,0
2026-06-12 20:14:14.201,25.75,0.03,234.48,233.72,2,0
2026-06-12 20:14:14.252,25.83,0.09,234.05,233.83,2,0
2026-06-12 20:14:14.302,26.10,0.49,236.18,234.53,2,0
2026-06-12 20:14:14.352,26.21,0.59,240.27,237.02,2,0
2026-06-12 20:14:14.403,26.15,0.33,240.32,238.01,2,0
2026-06-12 20:14:14.453,26.02,0.04,236.18,237.51,2,0
2026-06-12 20:14:14.504,26.14,0.14,235.90,236.26,2,0
2026-06-12 20:14:14.554,26.50,0.65,239.86,237.34,2,0
2026-06-12 20:14:14.604,26.62,0.75,244.24,240.61,2,0
2026-06-12 20:14:14.655,26.59,0.49,244.24,241.70,2,0
2026-06-12 20:14:14.705,26.49,0.20,240.81,241.42,2,0
2026-06-12 20:14:14.756,26.47,0.15,239.10,240.51,2,0
2026-06-12 20:14:14.806,26.59,0.31,239.91,240.33,2,0
2026-06-12 20:14:14.856,26.65,0.37,243.71,241.45,2,0
2026-06-12 20:14:14.907,26.42,-0.06,243.38,242.03,2,0
2026-06-12 20:14:14.957,25.94,-0.76,236.44,239.91,2,0
2026-06-12 20:14:15.008,25.91,-0.67,231.06,235.52,2,0
2026-06-12 20:14:15.058,26.05,-0.26,234.73,235.28,2,0
2026-06-12 20:14:15.108,26.10,-0.13,239.11,236.57,2,0
2026-06-12 20:14:15.159,25.91,-0.33,238.11,237.03,2,0
2026-06-12 20:14:15.209,25.73,-0.56,233.09,235.27,2,0
2026-06-12 20:14:15.260,25.65,-0.44,229.98,233.68,2,0
2026-06-12 20:14:15.313,28.49,4.40,233.41,232.93,1,0
2026-06-12 20:14:15.361,30.38,5.32,318.05,258.70,1,0
2026-06-12 20:14:15.411,31.33,5.05,316.03,275.90,1,0
2026-06-12 20:14:15.464,29.57,1.37,279.02,284.49,1,0
2026-06-12 20:14:15.512,27.55,-1.20,231.35,268.55,1,0
2026-06-12 20:14:15.562,26.80,-1.97,233.46,250.18,1,0
2026-06-12 20:14:15.613,26.62,-1.82,237.51,243.41,1,0
2026-06-12 20:14:15.663,26.28,-1.84,237.97,241.78,1,0
2026-06-12 20:14:15.714,26.11,-1.70,234.95,238.66,1,0
2026-06-12 20:14:15.764,26.03,-1.35,233.62,237.15,1,0
2026-06-12 20:14:15.814,26.13,-0.99,236.74,236.37,1,0
2026-06-12 20:14:15.865,26.08,-0.82,239.30,237.25,1,0
2026-06-12 20:14:15.916,25.78,-1.04,235.20,236.83,1,0
2026-06-12 20:14:15.966,25.72,-0.94,231.00,234.13,1,0
2026-06-12 20:14:16.016,25.81,-0.54,232.23,233.56,1,0
2026-06-12 20:14:16.066,25.89,-0.32,235.61,234.39,1,0
2026-06-12 20:14:16.117,25.96,-0.18,236.85,235.13,1,0
2026-06-12 20:14:16.167,25.90,-0.25,235.90,235.78,1,0
2026-06-12 20:14:16.218,25.56,-0.60,233.97,235.24,1,0
2026-06-12 20:14:16.276,25.34,-0.86,228.19,232.10,1,0
2026-06-12 20:14:16.319,24.94,-1.08,225.52,230.12,1,0
2026-06-12 20:14:16.369,24.78,-1.18,222.48,226.47,1,0
2026-06-12 20:14:16.419,24.33,-1.43,221.57,225.00,1,0
2026-06-12 20:14:16.476,23.95,-1.52,215.32,220.90,1,0
2026-06-12 20:14:16.520,23.58,-1.89,209.56,217.50,1,0
2026-06-12 20:14:16.571,22.71,-2.39,206.19,214.11,1,0
2026-06-12 20:14:16.621,22.34,-2.34,197.18,206.27,1,0
2026-06-12 20:14:16.672,21.91,-2.70,194.84,202.84,1,0
2026-06-12 20:14:16.723,21.50,-2.63,189.93,198.97,1,0
2026-06-12 20:14:16.772,21.00,-2.65,186.53,195.24,1,0
2026-06-12 20:14:16.823,19.77,-3.42,180.18,190.72,1,0
2026-06-12 20:14:16.873,19.77,-3.42,165.68,179.49,1,0
2026-06-12 20:14:16.924,19.04,-3.30,165.68,179.49,1,0
2026-06-12 20:14:16.975,18.31,-3.40,157.41,172.86,1,0
2026-06-12 20:14:17.024,17.55,-3.53,150.75,166.23,1,0
2026-06-12 20:14:17.075,16.73,-3.68,143.29,159.35,1,0
2026-06-12 20:14:17.125,15.83,-3.62,134.53,151.90,1,0
2026-06-12 20:14:17.176,15.83,-3.62,124.59,143.71,1,0
2026-06-12 20:14:17.226,14.78,-3.65,124.59,143.71,1,0
2026-06-12 20:14:17.277,14.78,-3.65,112.10,134.23,1,0
2026-06-12 20:14:17.327,13.54,-3.62,112.10,134.23,1,0
2026-06-12 20:14:17.378,13.54,-3.62,96.59,122.94,1,0
2026-06-12 20:14:17.428,13.54,-3.62,96.59,122.94,1,0
2026-06-12 20:14:17.478,11.99,-3.50,96.59,122.94,1,0
2026-06-12 20:14:17.529,11.99,-3.50,75.99,108.85,1,0
2026-06-12 20:14:17.579,11.99,-3.50,75.99,108.85,1,0
2026-06-12 20:14:17.630,11.99,-3.50,75.99,108.85,1,0
2026-06-12 20:14:17.680,11.99,-3.50,75.99,108.85,1,0
2026-06-12 20:14:17.731,11.99,-3.50,75.99,108.85,1,0
2026-06-12 20:14:17.782,11.99,-3.50,75.99,108.85,1,0
2026-06-12 20:14:17.832,11.99,-3.50,75.99,108.85,1,0
2026-06-12 20:14:17.882,11.99,-3.50,75.99,108.85,1,0
2026-06-12 20:14:17.932,11.99,-3.50,75.99,108.85,1,0
2026-06-12 20:14:17.982,11.99,-3.50,75.99,108.85,1,0
2026-06-12 20:14:18.033,11.99,-3.50,75.99,108.85,1,0
2026-06-12 20:14:18.083,11.99,-3.50,75.99,108.85,1,0
2026-06-12 20:14:18.134,11.99,-3.50,75.99,108.85,1,0
2026-06-12 20:14:18.188,11.99,-3.50,75.99,108.85,1,0
2026-06-12 20:14:18.235,11.99,-3.50,75.99,108.85,1,0
2026-06-12 20:14:18.285,11.99,-3.50,75.99,108.85,1,0
2026-06-12 20:14:18.335,9.22,-3.11,75.99,108.85,0,0
2026-06-12 20:14:18.390,9.22,-3.11,25.00,83.69,0,0
2026-06-12 20:14:18.436,9.22,-3.11,25.00,83.69,0,0
2026-06-12 20:14:18.487,9.22,-3.11,25.00,83.69,0,0
2026-06-12 20:14:18.537,9.22,-3.11,25.00,83.69,0,0
2026-06-12 20:14:18.588,9.22,-3.11,25.00,83.69,0,0
2026-06-12 20:14:18.638,9.22,-3.11,25.00,83.69,0,0
2026-06-12 20:14:18.689,9.22,-3.11,25.00,83.69,0,0
2026-06-12 20:14:18.739,9.22,-3.11,25.00,83.69,0,0
2026-06-12 20:14:18.789,9.22,-3.11,25.00,83.69,0,0
2026-06-12 20:14:18.840,9.22,-3.11,25.00,83.69,0,0
2026-06-12 20:14:18.892,9.22,-3.11,25.00,83.69,0,0
2026-06-12 20:14:18.941,9.22,-3.11,25.00,83.69,0,0
2026-06-12 20:14:18.991,9.22,-3.11,25.00,83.69,0,0
2026-06-12 20:14:19.041,9.22,-3.11,25.00,83.69,0,0
2026-06-12 20:14:19.092,9.22,-3.11,25.00,83.69,0,0
2026-06-12 20:14:19.142,9.22,-3.11,25.00,83.69,0,0
2026-06-12 20:14:19.193,9.22,-3.11,25.00,83.69,0,0
2026-06-12 20:14:19.243,9.22,-3.11,25.00,83.69,0,0
2026-06-12 20:14:19.293,9.22,-3.11,25.00,83.69,0,0
2026-06-12 20:14:19.344,9.22,-3.11,25.00,83.69,0,0
2026-06-12 20:14:19.394,9.22,-3.11,25.00,83.69,0,0
2026-06-12 20:14:19.445,9.22,-3.11,25.00,83.69,0,0
2026-06-12 20:14:19.495,9.22,-3.11,25.00,83.69,0,0
2026-06-12 20:14:19.548,9.22,-3.11,25.00,83.69,0,0
2026-06-12 20:14:19.596,9.22,-3.11,25.00,83.69,0,0
2026-06-12 20:14:19.646,9.22,-3.11,25.00,83.69,0,0
2026-06-12 20:14:19.697,9.22,-3.11,25.00,83.69,0,0
2026-06-12 20:14:19.747,9.22,-3.11,25.00,83.69,0,0
2026-06-12 20:14:19.798,9.22,-3.11,25.00,83.69,0,0
2026-06-12 20:14:19.848,9.22,-3.11,25.00,83.69,0,0
2026-06-12 20:14:19.899,9.22,-3.11,25.00,83.69,0,0
2026-06-12 20:14:19.949,9.22,-3.11,25.00,83.69,0,0
2026-06-12 20:14:19.999,9.22,-3.11,25.00,83.69,0,0
2026-06-12 20:14:20.052,9.22,-3.11,25.00,83.69,0,0
2026-06-12 20:14:20.100,9.22,-3.11,25.00,83.69,0,0
2026-06-12 20:14:20.151,9.22,-3.11,25.00,83.69,0,0
2026-06-12 20:14:20.201,9.22,-3.11,25.00,83.69,0,0
2026-06-12 20:14:20.252,9.22,-3.11,25.00,83.69,0,0
2026-06-12 20:14:20.302,9.22,-3.11,25.00,83.69,0,0
2026-06-12 20:14:20.352,0.33,0.00,25.00,83.69,2,0
2026-06-12 20:14:20.403,0.33,0.00,9.86,2.96,2,0
2026-06-12 20:14:20.453,0.33,0.00,9.86,2.96,2,0
2026-06-12 20:14:20.503,0.33,0.00,9.86,2.96,2,0
2026-06-12 20:14:20.554,0.33,0.00,9.86,2.96,2,0
2026-06-12 20:14:20.604,0.33,0.00,9.86,2.96,2,0
2026-06-12 20:14:20.655,0.33,0.00,9.86,2.96,2,0
2026-06-12 20:14:20.705,0.33,0.00,9.86,2.96,2,0
2026-06-12 20:14:20.756,0.33,0.00,9.86,2.96,2,0
2026-06-12 20:14:20.806,0.33,0.00,9.86,2.96,2,0
2026-06-12 20:14:20.857,0.33,0.00,9.86,2.96,2,0
2026-06-12 20:14:20.907,0.33,0.00,9.86,2.96,2,0
2026-06-12 20:14:20.959,0.33,0.00,9.86,2.96,2,0
2026-06-12 20:14:21.008,0.33,0.00,9.86,2.96,2,0
2026-06-12 20:14:21.058,0.33,0.00,9.86,2.96,2,0
2026-06-12 20:14:21.108,0.33,0.00,9.86,2.96,2,0
2026-06-12 20:14:21.159,0.33,0.00,9.86,2.96,2,0
2026-06-12 20:14:21.209,0.33,0.00,9.86,2.96,2,0
2026-06-12 20:14:21.260,0.33,0.00,9.86,2.96,2,0
2026-06-12 20:14:21.312,0.33,0.00,9.86,2.96,2,0
2026-06-12 20:14:21.361,0.33,0.00,9.86,2.96,2,0
2026-06-12 20:14:21.412,0.33,0.00,9.86,2.96,2,0
2026-06-12 20:14:21.462,0.33,0.00,9.86,2.96,2,0
2026-06-12 20:14:21.512,0.33,0.00,9.86,2.96,2,0
2026-06-12 20:14:21.562,0.33,0.00,9.86,2.96,2,0
2026-06-12 20:14:21.612,0.33,0.00,9.86,2.96,2,0
2026-06-12 20:14:21.663,0.33,0.00,9.86,2.96,2,0
2026-06-12 20:14:21.713,0.33,0.00,9.86,2.96,2,0
2026-06-12 20:14:21.764,0.33,0.00,9.86,2.96,2,0
2026-06-12 20:14:21.814,0.33,0.00,9.86,2.96,2,0
2026-06-12 20:14:21.864,0.33,0.00,9.86,2.96,2,0
2026-06-12 20:14:21.915,0.33,0.00,9.86,2.96,2,0
2026-06-12 20:14:21.966,0.33,0.00,9.86,2.96,2,0
2026-06-12 20:14:22.016,0.33,0.00,9.86,2.96,2,0
2026-06-12 20:14:22.068,0.33,0.00,9.86,2.96,2,0
2026-06-12 20:14:22.116,0.33,0.00,9.86,2.96,2,0
2026-06-12 20:14:22.167,0.33,0.00,9.86,2.96,2,0
2026-06-12 20:14:22.217,0.33,0.00,9.86,2.96,2,0
2026-06-12 20:14:22.268,0.33,0.00,9.86,2.96,2,0
2026-06-12 20:14:22.318,0.33,0.00,9.86,2.96,2,0
2026-06-12 20:14:22.368,0.00,0.00,9.86,2.96,2,0
2026-06-12 20:14:22.419,0.00,0.00,0.00,0.00,2,0
2026-06-12 20:14:22.469,0.00,0.00,0.00,0.00,2,0
2026-06-12 20:14:22.520,0.00,0.00,0.00,0.00,2,0
2026-06-12 20:14:22.570,0.00,0.00,0.00,0.00,2,0
2026-06-12 20:14:22.621,0.00,0.00,0.00,0.00,2,0
2026-06-12 20:14:22.672,0.00,0.00,0.00,0.00,2,0
2026-06-12 20:18:16.219,0.00,0.00,0.00,0.00,2,0
2026-06-12 20:18:16.269,0.00,0.00,0.00,0.00,1,0
2026-06-12 20:18:16.320,0.00,0.00,0.00,0.00,2,0
2026-06-12 20:18:16.370,0.00,0.00,0.00,0.00,2,0
2026-06-12 20:18:16.421,0.00,0.00,0.00,0.00,2,0
2026-06-12 20:18:16.473,0.00,0.00,0.00,0.00,2,0
2026-06-12 20:18:16.521,0.00,0.00,0.00,0.00,2,0
2026-06-12 20:18:16.572,0.00,0.00,0.00,0.00,2,0
2026-06-12 20:18:16.626,0.00,0.00,0.00,0.00,2,0
2026-06-12 20:18:16.676,0.00,0.00,0.00,0.00,2,0
2026-06-12 20:18:16.723,0.00,0.00,0.00,0.00,2,0
2026-06-12 20:18:16.773,0.00,0.00,0.00,0.00,2,0
2026-06-12 20:18:16.824,0.00,0.00,0.00,0.00,2,0
2026-06-12 20:18:16.874,0.00,0.00,0.00,0.00,2,0
2026-06-12 20:18:16.932,0.00,0.00,0.00,0.00,2,0
2026-06-12 20:18:16.975,0.00,0.00,0.00,0.00,2,0
2026-06-12 20:18:17.025,0.00,0.00,0.00,0.00,2,0
2026-06-12 20:18:17.076,0.00,0.00,0.00,0.00,2,0
2026-06-12 20:18:17.126,0.00,0.00,0.00,0.00,2,0
2026-06-12 20:18:17.177,0.00,0.00,0.00,0.00,2,0
2026-06-12 20:18:17.227,0.00,0.00,0.00,0.00,2,0
2026-06-12 20:18:17.279,0.00,0.00,0.00,0.00,2,0
2026-06-12 20:18:17.328,0.00,0.00,0.00,0.00,2,0
2026-06-12 20:18:17.378,0.00,0.00,0.00,0.00,2,0
2026-06-12 20:18:17.429,0.00,0.00,0.00,0.00,2,0
2026-06-12 20:18:17.484,0.00,0.00,0.00,0.00,2,0
2026-06-12 20:18:17.529,0.00,0.00,0.00,0.00,2,0
2026-06-12 20:18:17.580,0.00,0.00,0.00,0.00,2,0
2026-06-12 20:18:17.630,0.00,0.00,0.00,0.00,2,0
2026-06-12 20:18:17.681,0.00,0.00,0.00,0.00,2,0
2026-06-12 20:18:17.732,0.00,0.00,0.00,0.00,2,0
2026-06-12 20:18:17.782,0.00,0.00,0.00,0.00,2,0
2026-06-12 20:18:17.832,0.00,0.00,0.00,0.00,2,0
2026-06-12 20:18:17.882,0.00,0.00,0.00,0.00,2,0
2026-06-12 20:18:17.933,0.00,0.00,0.00,0.00,2,0
2026-06-12 20:18:17.983,0.00,0.00,0.00,0.00,2,0
2026-06-12 20:18:18.033,0.00,0.00,0.00,0.00,2,0
2026-06-12 20:18:18.084,0.00,0.00,0.00,0.00,2,0
2026-06-12 20:18:18.134,0.00,0.00,0.00,0.00,2,0
2026-06-12 20:18:18.187,0.00,0.00,0.00,0.00,2,0
2026-06-12 20:18:18.235,0.00,0.00,0.00,0.00,2,0
2026-06-12 20:18:18.285,0.00,0.00,0.00,0.00,2,0
2026-06-12 20:18:18.336,0.00,0.00,0.00,0.00,2,0
2026-06-12 20:18:18.386,0.00,0.00,0.00,0.00,2,0
2026-06-12 20:18:18.437,0.00,0.00,0.00,0.00,2,0
2026-06-12 20:18:18.487,0.00,0.00,0.00,0.00,2,0
2026-06-12 20:18:18.537,0.00,0.00,0.00,0.00,2,0
2026-06-12 20:18:18.588,0.00,0.00,0.00,0.00,2,0
2026-06-12 20:18:18.638,0.00,0.00,0.00,0.00,2,0
2026-06-12 20:18:18.689,0.00,0.00,0.00,0.00,2,0
2026-06-12 20:18:18.739,0.00,0.00,0.00,0.00,2,0
2026-06-12 20:18:18.789,0.00,0.00,0.00,0.00,2,0
2026-06-12 20:18:18.840,0.00,0.00,0.00,0.00,2,0
2026-06-12 20:18:18.890,0.00,0.00,0.00,0.00,2,0
2026-06-12 20:18:18.941,0.00,0.00,0.00,0.00,2,0
2026-06-12 20:18:18.991,0.00,0.00,0.00,0.00,2,0
2026-06-12 20:18:19.042,0.00,0.00,0.00,0.00,2,0
2026-06-12 20:18:19.092,0.00,0.00,0.00,0.00,2,0
2026-06-12 20:18:19.142,0.00,0.00,0.00,0.00,2,0
2026-06-12 20:18:19.193,0.00,0.00,0.00,0.00,2,0
2026-06-12 20:18:19.243,0.00,0.00,0.00,0.00,2,0
2026-06-12 20:18:19.293,0.00,0.00,0.00,0.00,2,0
2026-06-12 20:18:19.344,0.00,0.00,0.00,0.00,2,0
2026-06-12 20:18:19.394,0.00,0.00,0.00,0.00,2,0
2026-06-12 20:18:19.444,0.00,0.00,0.00,0.00,2,0
2026-06-12 20:18:19.495,0.00,0.00,0.00,0.00,2,0
2026-06-12 20:18:19.545,0.00,0.00,0.00,0.00,2,0
2026-06-12 20:18:19.596,0.00,0.00,0.00,0.00,2,0
2026-06-12 20:18:19.646,0.00,0.00,0.00,0.00,2,0
2026-06-12 20:18:19.697,0.00,0.00,0.00,0.00,2,0
2026-06-12 20:18:19.747,0.00,0.00,0.00,0.00,2,0
2026-06-12 20:18:19.797,0.00,0.00,0.00,0.00,2,0
2026-06-12 20:18:19.852,0.00,0.00,0.00,0.00,2,0
2026-06-12 20:18:19.898,0.00,0.00,0.00,0.00,2,0
2026-06-12 20:18:19.949,0.00,0.00,0.00,0.00,2,0
2026-06-12 20:18:19.999,0.00,0.00,0.00,0.00,2,0
2026-06-12 20:18:20.049,0.00,0.00,0.00,0.00,2,0
2026-06-12 20:18:20.100,0.00,0.00,0.00,0.00,2,0
2026-06-12 20:18:20.150,0.00,0.00,0.00,0.00,2,0
2026-06-12 20:18:20.201,0.00,0.00,0.00,0.00,2,0
2026-06-12 20:18:20.255,0.00,0.00,0.00,0.00,2,0
2026-06-12 20:18:20.302,0.00,0.00,0.00,0.00,2,0
2026-06-12 20:18:20.352,0.19,0.00,0.00,0.00,2,0
2026-06-12 20:18:20.402,1.62,0.79,5.85,1.75,2,0
2026-06-12 20:18:20.452,1.62,0.79,44.88,14.69,2,0
2026-06-12 20:18:20.503,3.27,1.58,44.88,14.69,2,0
2026-06-12 20:18:20.553,3.27,1.58,64.56,29.65,2,0
2026-06-12 20:18:20.604,4.74,1.95,64.56,29.65,2,0
2026-06-12 20:18:20.654,4.74,1.95,74.19,43.01,2,0
2026-06-12 20:18:20.705,6.00,2.07,74.19,43.01,2,0
2026-06-12 20:18:20.755,6.00,2.07,81.22,54.47,2,0
2026-06-12 20:18:20.805,6.60,2.01,81.22,54.47,2,0
2026-06-12 20:18:20.859,6.60,2.01,72.83,59.98,2,0
2026-06-12 20:18:20.906,6.86,1.82,72.83,59.98,2,0
2026-06-12 20:18:20.956,6.86,1.82,67.72,62.30,2,0
2026-06-12 20:18:21.007,7.21,1.69,67.72,62.30,2,0
2026-06-12 20:18:21.062,7.21,1.69,73.00,65.51,2,0
2026-06-12 20:18:21.112,7.61,1.66,73.00,65.51,2,0
2026-06-12 20:18:21.158,7.61,1.66,77.58,69.13,2,0
2026-06-12 20:18:21.209,8.04,1.58,77.58,69.13,2,0
2026-06-12 20:18:21.259,8.45,1.57,82.03,73.00,2,0
2026-06-12 20:18:21.309,8.45,1.57,85.50,76.75,2,0
2026-06-12 20:18:21.360,8.81,1.54,85.50,76.75,2,0
2026-06-12 20:18:21.410,8.81,1.54,87.70,80.04,2,0
2026-06-12 20:18:21.461,9.15,1.45,87.70,80.04,2,0
2026-06-12 20:18:21.511,9.45,1.40,90.32,83.12,2,0
2026-06-12 20:18:21.561,9.45,1.40,92.26,85.86,2,0
2026-06-12 20:18:21.612,9.76,1.36,92.26,85.86,2,0
2026-06-12 20:18:21.662,10.08,1.41,95.19,88.66,2,0
2026-06-12 20:18:21.713,10.41,1.38,98.17,91.51,2,0
2026-06-12 20:18:21.763,10.41,1.38,101.45,94.49,2,0
2026-06-12 20:18:21.813,10.74,1.36,101.45,94.49,2,0
2026-06-12 20:18:21.864,11.05,1.32,104.51,97.50,2,0
2026-06-12 20:18:21.915,11.05,1.32,106.87,100.31,2,0
2026-06-12 20:18:21.965,11.29,1.26,106.87,100.31,2,0
2026-06-12 20:18:22.015,11.51,1.26,107.74,102.54,2,0
2026-06-12 20:18:22.065,11.71,1.17,109.24,104.55,2,0
2026-06-12 20:18:22.116,11.92,1.18,110.37,106.29,2,0
2026-06-12 20:18:22.166,11.92,1.18,112.95,108.29,2,0
2026-06-12 20:18:22.217,12.18,1.14,112.95,108.29,2,0
2026-06-12 20:18:22.267,12.44,1.18,116.00,110.60,2,0
2026-06-12 20:18:22.317,12.73,1.17,118.42,112.95,2,0
2026-06-12 20:18:22.368,12.98,1.20,121.89,115.63,2,0
2026-06-12 20:18:22.418,13.20,1.20,123.10,117.87,2,0
2026-06-12 20:18:22.469,13.20,1.20,124.50,119.86,2,0
2026-06-12 20:18:22.519,13.37,1.12,124.50,119.86,2,0
2026-06-12 20:18:22.570,13.57,1.11,125.18,121.46,2,0
2026-06-12 20:18:22.620,13.78,1.12,127.50,123.27,2,0
2026-06-12 20:18:22.670,14.01,1.14,129.64,125.18,2,0
2026-06-12 20:18:22.722,14.30,1.21,132.09,127.25,2,0
2026-06-12 20:18:22.772,14.56,1.17,136.04,129.89,2,0
2026-06-12 20:18:22.822,14.83,1.21,137.72,132.24,2,0
2026-06-12 20:18:22.872,15.02,1.19,140.34,134.67,2,0
2026-06-12 20:18:22.922,15.16,1.13,140.52,136.42,2,0
2026-06-12 20:18:22.973,15.34,1.10,140.55,137.66,2,0
2026-06-12 20:18:23.024,15.45,1.03,143.02,139.27,2,0
2026-06-12 20:18:23.074,15.65,1.04,142.67,140.29,2,0
2026-06-12 20:18:23.124,15.87,1.07,146.24,142.08,2,0
2026-06-12 20:18:23.174,16.03,1.04,149.02,144.16,2,0
2026-06-12 20:18:23.225,16.23,1.05,148.90,145.58,2,0
2026-06-12 20:18:23.275,16.37,1.01,151.72,147.42,2,0
2026-06-12 20:18:23.326,16.44,0.91,151.61,148.68,2,0
2026-06-12 20:18:23.376,16.53,0.85,150.70,149.29,2,0
2026-06-12 20:18:23.426,16.61,0.79,152.00,150.10,2,0
2026-06-12 20:18:23.480,16.73,0.77,152.57,150.84,2,0
2026-06-12 20:18:23.527,16.90,0.94,154.45,151.92,2,0
2026-06-12 20:18:23.578,17.07,0.94,157.14,153.49,2,0
2026-06-12 20:18:23.628,17.22,0.92,158.68,155.05,2,0
2026-06-12 20:18:23.678,17.31,0.86,159.39,156.35,2,0
2026-06-12 20:18:23.729,17.39,0.79,159.19,157.20,2,0
2026-06-12 20:18:23.779,17.44,0.71,159.52,157.90,2,0
2026-06-12 20:18:23.830,17.56,0.67,159.36,158.34,2,0
2026-06-12 20:18:23.880,17.67,0.66,160.88,159.45,2,0
2026-06-12 20:18:23.930,17.81,0.67,162.91,160.48,2,0
2026-06-12 20:18:23.982,17.93,0.67,164.53,161.70,2,0
2026-06-12 20:18:24.032,18.03,0.66,165.41,162.81,2,0
2026-06-12 20:18:24.082,18.03,0.56,165.95,163.75,2,0
2026-06-12 20:18:24.132,18.04,0.48,163.67,163.73,2,0
2026-06-12 20:18:24.182,18.03,0.40,164.04,163.82,2,0
2026-06-12 20:18:24.237,18.05,0.36,163.41,163.70,2,0
2026-06-12 20:18:24.283,18.25,0.48,164.50,163.94,2,0
2026-06-12 20:18:24.334,18.37,0.50,167.52,165.74,2,0
2026-06-12 20:18:24.384,18.44,0.48,169.26,166.79,2,0
2026-06-12 20:18:24.435,18.41,0.39,168.85,167.41,2,0
2026-06-12 20:18:24.485,18.43,0.36,166.63,167.18,2,0
2026-06-12 20:18:24.535,18.41,0.29,167.70,167.33,2,0
2026-06-12 20:18:24.586,18.45,0.28,166.85,167.19,2,0
2026-06-12 20:18:24.637,21.22,3.82,168.40,167.55,2,0
2026-06-12 20:18:24.686,22.41,4.22,229.27,192.73,2,0
2026-06-12 20:18:24.737,23.21,4.25,228.59,203.48,2,0
2026-06-12 20:18:24.787,22.53,3.05,227.74,210.76,2,0
2026-06-12 20:18:24.838,21.39,0.77,190.24,204.60,2,0
2026-06-12 20:18:24.888,20.58,-0.03,170.15,194.27,2,0
2026-06-12 20:18:24.939,20.02,-0.48,169.69,186.89,2,0
2026-06-12 20:18:24.989,19.59,-0.83,170.08,181.85,2,0
2026-06-12 20:18:25.040,19.52,-0.77,173.93,177.90,2,0
2026-06-12 20:18:25.090,19.45,-0.70,175.65,177.22,2,0
2026-06-12 20:18:25.140,19.32,-0.82,175.32,176.65,2,0
2026-06-12 20:18:25.191,19.25,-0.76,172.70,175.47,2,0
2026-06-12 20:18:25.242,19.14,-0.73,173.19,174.78,2,0
2026-06-12 20:18:25.292,19.23,-0.38,171.69,173.85,2,0
2026-06-12 20:18:25.342,19.31,-0.26,176.53,174.61,2,0
2026-06-12 20:18:25.392,19.45,-0.10,177.04,175.34,2,0
2026-06-12 20:18:25.443,19.50,0.00,179.58,176.61,2,0
2026-06-12 20:18:25.493,19.46,-0.04,178.30,177.12,2,0
2026-06-12 20:18:25.544,19.48,-0.04,175.64,176.67,2,0
2026-06-12 20:18:25.594,19.48,-0.03,176.32,176.93,2,0
2026-06-12 20:18:25.644,19.58,0.06,176.88,176.92,2,0
2026-06-12 20:18:25.695,19.59,0.07,180.01,177.85,2,0
2026-06-12 20:18:25.748,19.70,0.14,178.17,177.94,2,0
2026-06-12 20:18:25.796,19.72,0.07,181.09,178.89,2,0
2026-06-12 20:18:25.846,19.77,0.10,178.02,179.09,2,0
2026-06-12 20:18:25.897,19.70,0.03,180.55,179.53,2,0
2026-06-12 20:18:25.947,19.70,0.02,177.52,178.93,2,0
2026-06-12 20:18:25.997,19.86,0.16,178.90,178.92,2,0
2026-06-12 20:18:26.048,20.00,0.25,181.03,180.31,2,0
2026-06-12 20:18:26.098,20.04,0.25,184.70,181.63,2,0
2026-06-12 20:18:26.149,19.95,0.07,182.78,181.97,2,0
2026-06-12 20:18:26.199,19.91,0.03,179.32,181.18,2,0
2026-06-12 20:18:26.249,19.89,0.04,180.02,180.83,2,0
2026-06-12 20:18:26.300,20.06,0.18,181.48,180.61,2,0
2026-06-12 20:18:26.350,20.20,0.38,185.94,182.21,2,0
2026-06-12 20:18:26.401,20.32,0.42,186.27,183.43,2,0
2026-06-12 20:18:26.452,20.29,0.21,187.17,184.55,2,0
2026-06-12 20:18:26.503,23.04,4.44,182.76,184.25,2,0
2026-06-12 20:18:26.552,24.18,4.71,242.21,209.21,2,0
2026-06-12 20:18:26.602,25.16,5.63,243.91,219.62,2,0
2026-06-12 20:18:26.652,23.25,1.68,249.17,228.48,2,0
2026-06-12 20:18:26.703,22.51,0.81,188.06,211.12,2,0
2026-06-12 20:18:26.753,21.91,-0.31,188.78,204.42,2,0
2026-06-12 20:18:26.804,21.44,-0.65,186.18,198.95,2,0
2026-06-12 20:18:26.854,20.90,-1.07,184.80,194.70,2,0
2026-06-12 20:18:26.905,20.83,-0.97,184.88,189.80,2,0
2026-06-12 20:18:26.955,20.85,-0.80,187.78,189.20,2,0
2026-06-12 20:18:27.005,20.86,-0.67,189.57,189.31,2,0
2026-06-12 20:18:27.056,20.86,-0.51,189.61,189.40,2,0
2026-06-12 20:18:27.106,20.75,-0.52,188.86,189.39,2,0
2026-06-12 20:18:27.157,20.68,-0.55,186.10,188.40,2,0
2026-06-12 20:18:27.207,20.62,-0.45,186.47,187.82,2,0
2026-06-12 20:18:27.258,20.71,-0.31,187.13,187.25,2,0
2026-06-12 20:18:27.308,20.78,-0.20,190.00,188.08,2,0
2026-06-12 20:18:27.358,20.85,-0.05,190.10,188.68,2,0
2026-06-12 20:18:27.409,20.83,-0.11,190.95,189.36,2,0
2026-06-12 20:18:27.459,20.83,-0.09,187.99,189.19,2,0
2026-06-12 20:18:27.510,20.82,-0.10,189.07,189.16,2,0
2026-06-12 20:18:27.560,20.80,-0.10,188.77,189.04,2,0
2026-06-12 20:18:27.611,20.84,-0.06,188.60,188.91,2,0
2026-06-12 20:18:27.661,20.88,-0.02,188.93,189.28,2,0
2026-06-12 20:18:27.716,20.86,-0.04,190.36,189.61,2,0
2026-06-12 20:18:27.762,20.79,-0.09,189.07,189.45,2,0
2026-06-12 20:18:27.812,20.70,-0.15,188.69,188.83,2,0
2026-06-12 20:18:27.863,20.70,-0.13,186.07,188.01,2,0
2026-06-12 20:18:27.913,20.77,0.01,187.88,187.97,2,0
2026-06-12 20:18:27.972,20.81,0.09,190.15,188.62,2,0
2026-06-12 20:18:28.014,20.79,0.06,190.26,188.97,2,0
2026-06-12 20:18:28.064,20.66,-0.05,188.31,188.78,2,0
2026-06-12 20:18:28.115,20.61,-0.13,185.05,187.66,2,0
2026-06-12 20:18:28.165,20.51,-0.18,186.08,187.19,2,0
2026-06-12 20:18:28.216,20.61,-0.08,185.89,186.29,2,0
2026-06-12 20:18:28.266,20.70,0.10,189.11,187.13,2,0
2026-06-12 20:18:28.316,20.75,0.12,190.09,188.02,2,0
2026-06-12 20:18:28.367,20.68,-0.06,189.49,188.46,2,0
2026-06-12 20:18:28.417,20.59,-0.13,185.72,187.81,2,0
2026-06-12 20:18:28.468,20.52,-0.16,184.93,186.95,2,0
2026-06-12 20:18:28.518,20.50,-0.18,185.03,186.37,2,0
2026-06-12 20:18:28.569,20.66,0.05,185.58,186.13,2,0
2026-06-12 20:18:28.619,20.74,0.10,188.97,187.60,2,0
2026-06-12 20:18:28.669,20.80,0.20,189.96,188.31,2,0
2026-06-12 20:18:28.723,20.78,0.15,190.33,188.91,2,0
2026-06-12 20:18:28.770,20.73,0.03,188.15,188.68,2,0
2026-06-12 20:18:28.822,20.73,0.02,187.25,188.22,2,0
2026-06-12 20:18:28.871,20.79,0.13,188.23,188.22,2,0
2026-06-12 20:18:28.922,21.01,0.38,190.24,188.83,2,0
2026-06-12 20:18:28.972,21.01,0.32,193.61,190.82,2,0
2026-06-12 20:18:29.023,20.97,0.20,190.70,190.79,2,0
2026-06-12 20:18:29.073,20.91,0.13,189.54,190.41,2,0
2026-06-12 20:18:29.123,20.93,0.19,188.77,189.92,2,0
2026-06-12 20:18:29.173,21.04,0.25,192.08,190.11,2,0
2026-06-12 20:18:29.274,21.10,0.31,193.26,191.05,2,0
2026-06-12 20:18:29.274,21.19,0.30,192.89,191.60,2,0
2026-06-12 20:18:29.325,21.15,0.22,192.54,192.47,2,0
2026-06-12 20:18:29.375,21.13,0.15,191.20,192.09,2,0
2026-06-12 20:18:29.426,21.07,0.08,191.51,191.91,2,0
2026-06-12 20:18:29.476,21.19,0.16,191.56,191.38,2,0
2026-06-12 20:18:29.527,21.22,0.16,194.73,192.39,1,0
2026-06-12 20:18:29.577,21.36,0.37,193.29,192.66,1,0
2026-06-12 20:18:29.627,21.31,0.17,197.03,193.97,1,0
2026-06-12 20:18:29.677,21.37,0.19,192.11,193.50,1,0
2026-06-12 20:18:29.728,21.37,0.16,195.36,194.06,1,0
2026-06-12 20:18:29.778,21.53,0.35,193.96,194.03,1,0
2026-06-12 20:18:29.829,21.59,0.35,198.19,195.50,1,0
2026-06-12 20:18:29.879,21.64,0.38,197.51,196.10,1,0
2026-06-12 20:18:29.929,21.63,0.21,197.50,196.52,1,0
2026-06-12 20:18:29.980,21.55,0.12,195.22,196.38,1,0
2026-06-12 20:18:30.030,21.54,0.08,194.16,195.72,1,0
2026-06-12 20:18:30.081,21.66,0.23,195.40,195.62,1,0
2026-06-12 20:18:30.131,22.94,1.27,198.69,196.70,1,0
2026-06-12 20:18:30.184,24.80,4.05,235.51,208.34,1,0
2026-06-12 20:18:30.232,26.79,5.06,264.58,225.21,1,0
2026-06-12 20:18:30.284,25.88,3.56,259.26,243.29,1,0
2026-06-12 20:18:30.340,24.56,0.83,215.68,235.00,1,0
2026-06-12 20:18:30.383,23.17,-0.87,195.12,223.04,1,0
2026-06-12 20:18:30.433,22.81,-1.04,199.70,210.44,1,0
2026-06-12 20:18:30.484,22.58,-1.27,199.39,207.13,1,0
2026-06-12 20:18:30.534,22.08,-1.50,200.09,205.01,1,0
2026-06-12 20:18:30.585,24.84,3.23,195.39,200.52,1,0
2026-06-12 20:18:30.635,25.92,4.53,259.22,225.59,1,0
2026-06-12 20:18:30.686,25.88,2.31,258.15,235.36,1,0
2026-06-12 20:18:30.736,24.60,0.90,214.59,235.00,1,0
2026-06-12 20:18:30.786,23.82,-0.49,196.35,223.40,1,0
2026-06-12 20:18:30.837,23.21,-0.92,199.65,216.28,1,0
2026-06-12 20:18:30.887,22.38,-1.54,197.97,210.78,1,0
2026-06-12 20:18:30.940,22.10,-1.55,196.39,203.23,1,0
2026-06-12 20:18:30.988,21.94,-1.58,194.74,200.68,1,0
2026-06-12 20:18:31.039,21.95,-1.12,195.80,199.22,1,0
2026-06-12 20:18:31.089,21.99,-0.92,199.73,199.37,1,0
2026-06-12 20:18:31.139,21.99,-0.78,200.41,199.68,1,0
2026-06-12 20:18:31.190,21.82,-0.77,199.77,199.71,1,0
2026-06-12 20:18:31.240,21.76,-0.70,196.33,198.13,1,0
2026-06-12 20:18:31.291,21.83,-0.39,196.40,197.61,1,0
2026-06-12 20:18:31.341,21.91,-0.27,199.99,198.22,1,0
2026-06-12 20:18:31.392,21.96,-0.13,200.56,198.92,1,0
2026-06-12 20:18:31.443,24.15,3.52,200.65,199.44,1,0
2026-06-12 20:18:31.493,25.60,4.18,265.11,219.28,1,0
2026-06-12 20:18:31.543,26.53,4.33,263.31,232.49,1,0
2026-06-12 20:18:31.593,26.93,3.99,260.70,240.95,1,0
2026-06-12 20:18:31.644,27.79,4.09,269.46,244.60,1,0
2026-06-12 20:18:31.694,28.27,4.27,270.44,252.35,1,0
2026-06-12 20:18:31.744,25.50,-0.39,266.79,256.68,1,0
2026-06-12 20:18:31.795,24.39,-1.25,197.63,231.54,1,0
2026-06-12 20:18:31.845,23.61,-2.38,198.18,221.53,1,0
2026-06-12 20:18:31.896,22.79,-2.55,197.71,214.39,1,0
2026-06-12 20:18:31.946,22.54,-2.38,201.06,206.99,1,0
2026-06-12 20:18:31.997,22.42,-2.23,199.40,204.72,1,0
2026-06-12 20:18:32.047,22.17,-1.92,200.87,203.56,1,0
2026-06-12 20:18:32.097,22.09,-1.69,198.26,201.30,1,0
2026-06-12 20:18:32.148,22.02,-1.56,199.12,200.64,1,0
2026-06-12 20:18:32.199,25.24,3.05,198.49,200.00,1,0
2026-06-12 20:18:32.249,26.60,3.70,271.07,229.20,1,0
2026-06-12 20:18:32.299,27.51,4.67,270.33,241.54,1,0
2026-06-12 20:18:32.349,25.27,0.48,269.27,249.86,1,0
2026-06-12 20:18:32.400,24.28,-0.42,200.37,229.46,1,0
2026-06-12 20:18:32.451,23.55,-1.57,199.55,220.49,1,0
2026-06-12 20:18:32.501,22.86,-1.85,198.44,213.88,1,0
2026-06-12 20:18:32.552,22.69,-1.71,202.38,207.55,0,0
2026-06-12 20:18:32.601,22.65,-1.52,202.51,206.04,0,0
2026-06-12 20:18:32.652,22.40,-1.41,204.90,205.69,0,0
2026-06-12 20:18:32.702,22.34,-1.24,200.48,203.37,0,0
2026-06-12 20:18:32.753,22.24,-1.04,201.67,202.86,0,0
2026-06-12 20:18:32.803,22.29,-0.84,201.92,201.94,0,0
2026-06-12 20:18:32.854,22.34,-0.63,203.64,202.45,0,0
2026-06-12 20:18:32.904,22.41,-0.40,203.98,202.91,0,0
2026-06-12 20:18:32.954,22.35,-0.39,203.81,203.55,0,0
2026-06-12 20:18:33.005,22.28,-0.44,201.46,202.92,0,0
2026-06-12 20:18:33.055,22.21,-0.39,200.99,202.34,0,0
2026-06-12 20:18:33.106,22.30,-0.25,201.32,201.66,0,0
2026-06-12 20:18:33.156,22.39,-0.07,204.62,202.55,0,0
2026-06-12 20:18:33.207,22.43,-0.03,205.00,203.28,0,0
2026-06-12 20:18:33.257,22.32,-0.12,203.49,203.72,0,0
2026-06-12 20:18:33.307,22.23,-0.25,200.30,202.69,0,0
2026-06-12 20:18:33.358,22.13,-0.28,199.99,201.88,0,0
2026-06-12 20:18:33.409,22.16,-0.18,200.23,200.93,0,0
2026-06-12 20:18:33.459,22.27,0.01,202.00,201.25,0,0
2026-06-12 20:18:33.509,22.35,0.07,203.75,202.26,0,0
2026-06-12 20:18:33.560,22.31,0.01,204.55,202.95,0,0
2026-06-12 20:18:33.610,22.14,-0.22,201.90,202.63,0,0
2026-06-12 20:18:33.660,22.11,-0.21,198.79,201.03,0,0
2026-06-12 20:18:33.712,22.22,-0.00,200.32,200.82,0,0
2026-06-12 20:18:33.761,22.39,0.20,203.95,201.76,0,0
2026-06-12 20:18:33.811,25.40,4.80,205.16,203.33,0,0
2026-06-12 20:18:33.862,26.69,6.23,269.15,230.68,0,0
2026-06-12 20:18:33.912,26.58,3.57,269.75,242.40,0,0
2026-06-12 20:18:33.963,25.28,0.87,222.62,241.40,0,0
2026-06-12 20:18:34.013,23.91,-0.82,202.09,229.61,0,0
2026-06-12 20:18:34.064,23.51,-1.02,206.05,217.10,0,0
2026-06-12 20:18:34.114,23.13,-1.50,205.14,213.51,0,0
2026-06-12 20:18:34.164,22.65,-1.63,202.04,210.07,0,0
2026-06-12 20:18:34.216,22.48,-1.53,201.05,205.67,0,0
2026-06-12 20:18:34.265,22.46,-1.33,200.62,204.15,0,0
2026-06-12 20:18:34.316,22.50,-0.89,203.47,203.95,0,0
2026-06-12 20:18:34.366,22.55,-0.72,205.29,204.37,0,0
2026-06-12 20:18:34.420,22.49,-0.71,205.73,204.78,0,0
2026-06-12 20:18:34.467,22.36,-0.63,202.86,204.20,0,0
2026-06-12 20:18:34.517,22.29,-0.65,202.51,203.05,0,0
2026-06-12 20:18:34.568,22.45,-0.26,200.91,202.41,2,0
2026-06-12 20:18:34.624,22.50,-0.18,205.96,203.86,2,0
2026-06-12 20:18:34.669,22.62,0.05,205.43,204.33,2,0
2026-06-12 20:18:34.719,22.57,-0.06,208.00,205.43,2,0
2026-06-12 20:18:34.770,22.54,-0.08,203.68,204.99,2,0
2026-06-12 20:18:34.820,22.45,-0.22,204.00,204.69,2,0
2026-06-12 20:18:34.870,22.53,-0.02,201.87,203.85,2,0
2026-06-12 20:18:34.921,22.59,0.07,206.28,204.63,2,0
2026-06-12 20:18:34.972,22.68,0.10,206.26,205.12,2,0
2026-06-12 20:18:35.023,22.64,0.05,205.64,205.99,2,0
2026-06-12 20:18:35.072,22.59,-0.05,204.78,205.62,2,0
2026-06-12 20:18:35.127,22.59,0.03,203.96,205.12,2,0
2026-06-12 20:18:35.173,22.68,0.18,206.51,205.14,2,0
2026-06-12 20:18:35.225,22.79,0.27,207.92,205.97,2,0
2026-06-12 20:18:35.274,22.79,0.22,208.36,206.99,2,0
2026-06-12 20:18:35.325,22.74,0.11,206.76,206.92,2,0
2026-06-12 20:18:35.375,22.71,0.01,205.56,206.51,2,0
2026-06-12 20:18:35.425,22.73,0.02,205.11,206.20,2,0
2026-06-12 20:18:35.475,22.81,0.14,206.79,206.38,2,0
2026-06-12 20:18:35.526,22.90,0.20,207.90,207.14,2,0
2026-06-12 20:18:35.576,24.12,2.16,209.98,207.99,2,0
2026-06-12 20:18:35.627,27.15,6.07,244.53,218.99,2,0
2026-06-12 20:18:35.677,31.59,10.99,272.77,246.53,2,0
2026-06-12 20:18:35.727,31.22,8.74,312.70,286.89,2,0
2026-06-12 20:18:35.778,29.30,3.30,275.56,283.49,2,0
2026-06-12 20:18:35.836,27.39,-0.36,229.61,266.04,2,0
2026-06-12 20:18:35.879,24.96,-2.97,208.43,248.76,2,0
2026-06-12 20:18:35.929,25.50,-2.08,204.38,226.68,2,0
2026-06-12 20:18:35.979,26.91,0.50,242.88,231.54,2,0
2026-06-12 20:18:36.030,28.84,2.43,274.33,244.38,2,0
2026-06-12 20:18:36.080,27.83,0.44,277.50,261.90,2,0
2026-06-12 20:18:36.131,25.38,-2.42,231.25,252.71,2,0
2026-06-12 20:18:36.181,24.60,-2.70,208.31,230.44,2,0
2026-06-12 20:18:36.236,24.07,-3.14,207.04,223.42,2,0
2026-06-12 20:18:36.282,23.46,-2.92,207.35,218.60,2,0
2026-06-12 20:18:36.332,23.35,-2.65,208.40,213.01,2,0
2026-06-12 20:18:36.383,23.19,-2.06,209.79,212.05,2,0
2026-06-12 20:18:36.433,23.09,-1.83,209.78,210.61,2,0
2026-06-12 20:18:36.483,22.97,-1.77,207.66,209.73,2,0
2026-06-12 20:18:36.534,22.86,-1.42,205.97,208.60,2,0
2026-06-12 20:18:36.584,22.85,-1.24,206.13,207.63,2,0
2026-06-12 20:18:36.635,22.92,-0.83,207.07,207.46,2,0
2026-06-12 20:18:36.685,22.92,-0.71,208.28,208.11,2,0
2026-06-12 20:18:36.736,22.90,-0.64,208.11,208.11,2,0
2026-06-12 20:18:36.786,22.73,-0.67,207.53,207.94,2,0
2026-06-12 20:18:36.836,22.68,-0.60,204.45,206.38,2,0
2026-06-12 20:18:36.887,22.83,-0.19,205.09,206.00,2,0
2026-06-12 20:18:36.937,22.94,-0.08,209.97,207.37,2,0
2026-06-12 20:18:36.988,23.01,0.06,210.41,208.28,2,0
2026-06-12 20:18:37.038,22.93,-0.09,210.64,208.99,2,0
2026-06-12 20:18:37.089,22.87,-0.12,206.54,208.21,2,0
2026-06-12 20:18:37.139,22.83,-0.15,206.60,207.73,2,0
2026-06-12 20:18:37.189,22.89,-0.08,207.37,207.34,2,0
2026-06-12 20:18:37.240,22.99,0.10,208.99,207.83,2,0
2026-06-12 20:18:37.290,23.06,0.14,210.86,208.74,2,0
2026-06-12 20:18:37.341,23.03,0.09,209.76,209.42,2,0
2026-06-12 20:18:37.392,22.93,-0.08,208.41,209.12,2,0
2026-06-12 20:18:37.442,22.92,-0.08,207.51,208.22,2,0
2026-06-12 20:18:37.492,22.96,-0.01,207.98,208.15,2,0
2026-06-12 20:18:37.544,23.07,0.13,209.21,208.47,2,0
2026-06-12 20:18:37.593,23.02,0.07,210.62,209.54,2,0
2026-06-12 20:18:37.643,22.84,-0.25,207.99,209.08,2,0
2026-06-12 20:18:37.694,22.72,-0.31,204.62,207.37,2,0
2026-06-12 20:18:37.745,22.80,-0.14,203.95,206.34,2,0
2026-06-12 20:18:37.794,23.03,0.19,208.54,207.00,2,0
2026-06-12 20:18:37.845,23.12,0.30,211.85,209.15,2,0
2026-06-12 20:18:37.895,22.95,-0.01,211.74,209.93,2,0
2026-06-12 20:18:37.946,22.82,-0.12,205.90,208.45,2,0
2026-06-12 20:18:37.996,22.80,-0.13,204.38,207.23,2,0
2026-06-12 20:18:38.047,22.90,0.03,206.70,207.07,2,0
2026-06-12 20:18:38.097,23.00,0.21,209.32,207.92,2,0
2026-06-12 20:18:38.148,22.94,0.05,211.12,208.88,2,0
2026-06-12 20:18:38.198,22.88,-0.01,207.11,208.33,2,0
2026-06-12 20:18:38.248,22.87,-0.03,206.59,207.81,2,0
2026-06-12 20:18:38.299,22.91,0.06,207.32,207.66,2,0
2026-06-12 20:18:38.349,22.99,0.19,209.28,208.05,2,0
2026-06-12 20:18:38.400,25.39,4.08,210.55,208.80,2,0
2026-06-12 20:18:38.450,26.87,4.70,280.12,230.60,2,0
2026-06-12 20:18:38.500,27.87,5.60,275.30,244.01,2,0
2026-06-12 20:18:38.553,25.83,1.32,274.39,253.12,2,0
2026-06-12 20:18:38.601,24.98,0.41,206.17,234.58,2,0
2026-06-12 20:18:38.651,24.00,-1.16,208.70,226.82,2,0
2026-06-12 20:18:38.702,23.77,-1.17,209.48,217.96,2,0
2026-06-12 20:18:38.752,23.54,-1.37,211.02,215.88,2,0
2026-06-12 20:18:38.803,23.14,-1.43,208.88,213.78,2,0
2026-06-12 20:18:38.854,23.01,-1.32,206.58,210.17,2,0
2026-06-12 20:18:38.904,22.99,-0.98,206.21,208.98,2,0
2026-06-12 20:18:38.954,23.03,-0.80,209.30,208.79,2,0
2026-06-12 20:18:39.005,23.05,-0.66,210.05,209.17,2,0
2026-06-12 20:18:39.057,22.96,-0.59,209.61,209.30,2,0
2026-06-12 20:18:39.105,22.91,-0.59,207.21,208.55,2,0
2026-06-12 20:18:39.156,22.90,-0.42,206.98,208.08,2,0
2026-06-12 20:18:39.206,22.96,-0.30,208.30,207.92,2,0
2026-06-12 20:18:39.257,23.00,-0.19,209.85,208.50,2,0
2026-06-12 20:18:39.307,23.06,-0.10,209.70,208.86,2,0
2026-06-12 20:18:39.357,23.03,-0.13,209.39,209.42,2,0
2026-06-12 20:18:39.408,22.91,-0.21,208.45,209.13,2,0
2026-06-12 20:18:39.458,22.92,-0.17,207.33,208.06,2,0
2026-06-12 20:18:39.509,23.00,-0.02,208.32,208.14,2,0
2026-06-12 20:18:39.559,23.15,0.13,210.51,208.85,2,0
2026-06-12 20:18:39.610,23.13,0.08,211.03,210.23,2,0
2026-06-12 20:18:39.660,22.92,-0.22,209.67,210.06,2,0
2026-06-12 20:18:39.710,22.82,-0.26,205.41,208.11,2,0
2026-06-12 20:18:39.762,22.85,-0.17,205.09,207.20,2,0
2026-06-12 20:18:39.813,23.01,0.08,208.16,207.49,2,0
2026-06-12 20:18:39.862,23.08,0.18,210.91,208.98,2,0
2026-06-12 20:18:39.912,22.93,-0.06,211.12,209.62,2,0
2026-06-12 20:18:39.962,22.88,-0.09,206.33,208.22,2,0
2026-06-12 20:18:40.013,22.80,-0.21,206.79,207.79,2,0
2026-06-12 20:18:40.063,22.82,-0.13,205.30,207.04,2,0
2026-06-12 20:18:40.114,22.82,-0.11,207.43,207.23,2,0
2026-06-12 20:18:40.164,22.73,-0.23,207.28,207.24,2,0
2026-06-12 20:18:40.214,22.59,-0.31,204.47,206.39,2,0
2026-06-12 20:18:40.265,22.41,-0.56,202.19,205.13,2,0
2026-06-12 20:18:40.315,22.22,-0.60,199.80,203.53,2,0
2026-06-12 20:18:40.366,22.20,-0.53,200.45,201.78,2,0
2026-06-12 20:18:40.416,22.16,-0.51,201.16,201.59,2,0
2026-06-12 20:18:40.467,22.05,-0.54,200.34,201.21,2,0
2026-06-12 20:18:40.517,23.19,0.49,198.24,200.21,2,0
2026-06-12 20:18:40.567,24.78,2.96,234.81,210.59,2,0
2026-06-12 20:18:40.620,26.71,4.32,258.60,224.99,2,0
2026-06-12 20:18:40.669,25.76,2.89,260.49,242.58,2,0
2026-06-12 20:18:40.719,24.49,1.41,213.66,233.90,2,0
2026-06-12 20:18:40.769,23.62,-0.25,195.66,222.43,2,0
2026-06-12 20:18:40.819,22.47,-1.47,196.10,214.53,2,0
2026-06-12 20:18:40.870,22.07,-1.59,193.47,204.07,2,0
2026-06-12 20:18:40.920,21.71,-1.92,191.78,200.38,2,0
2026-06-12 20:18:40.972,21.37,-1.72,189.68,197.17,2,0
2026-06-12 20:18:41.021,21.36,-1.47,191.94,194.07,2,0
2026-06-12 20:18:41.071,21.42,-1.16,193.80,193.99,2,0
2026-06-12 20:18:41.122,21.43,-0.97,195.68,194.50,2,0
2026-06-12 20:18:41.172,21.28,-0.87,194.97,194.64,2,0
2026-06-12 20:18:41.223,21.24,-0.77,191.96,193.27,2,0
2026-06-12 20:18:41.273,21.24,-0.66,191.93,192.87,2,0
2026-06-12 20:18:41.324,21.38,-0.33,192.86,192.86,2,0
2026-06-12 20:18:41.374,21.43,-0.24,195.10,194.16,2,0
2026-06-12 20:18:41.428,21.44,-0.19,195.58,194.59,2,0
2026-06-12 20:18:41.475,21.35,-0.22,194.95,194.69,2,0
2026-06-12 20:18:41.525,21.30,-0.23,193.50,193.86,2,0
2026-06-12 20:18:41.576,21.38,-0.05,192.32,193.40,2,0
2026-06-12 20:18:41.626,21.63,0.25,196.04,194.19,2,0
2026-06-12 20:18:41.677,21.78,0.34,198.89,196.44,2,0
2026-06-12 20:18:41.727,21.83,0.36,201.03,197.81,2,0
2026-06-12 20:18:41.777,21.74,0.16,199.15,198.21,2,0
2026-06-12 20:18:41.828,21.74,0.14,196.59,197.42,2,0
2026-06-12 20:18:41.878,21.82,0.25,197.44,197.43,2,0
2026-06-12 20:18:41.929,22.18,0.57,199.93,198.18,2,0
2026-06-12 20:18:41.979,22.29,0.58,204.59,201.38,2,0
2026-06-12 20:18:42.029,22.27,0.46,204.87,202.42,2,0
2026-06-12 20:18:42.080,22.21,0.24,201.81,202.24,2,0
2026-06-12 20:18:42.130,22.18,0.17,200.53,201.71,2,0
2026-06-12 20:18:42.181,22.26,0.25,200.60,201.37,2,0
2026-06-12 20:18:42.231,22.36,0.30,202.83,202.16,2,0
2026-06-12 20:18:42.284,22.46,0.42,205.28,203.09,2,0
2026-06-12 20:18:42.332,22.43,0.25,206.13,204.00,2,0
2026-06-12 20:18:42.382,22.41,0.19,202.91,203.72,2,0
2026-06-12 20:18:42.433,22.32,0.00,203.14,203.54,2,0
2026-06-12 20:18:42.483,22.41,0.13,200.61,202.66,2,0
2026-06-12 20:18:42.533,22.43,0.13,204.99,203.48,2,0
2026-06-12 20:18:42.584,22.53,0.28,204.17,203.69,2,0
2026-06-12 20:18:42.635,22.41,0.03,206.80,204.62,2,0
2026-06-12 20:18:42.685,22.32,-0.05,201.49,203.52,2,0
2026-06-12 20:18:42.735,22.19,-0.26,200.72,202.68,2,0
2026-06-12 20:18:42.785,22.11,-0.23,198.72,201.49,2,0
2026-06-12 20:18:42.836,22.18,-0.09,200.92,200.81,2,0
2026-06-12 20:18:42.886,22.17,-0.11,202.80,201.40,2,0
2026-06-12 20:18:42.937,22.01,-0.23,200.53,201.35,2,0
2026-06-12 20:18:42.987,21.87,-0.43,196.43,199.88,2,0
2026-06-12 20:18:43.038,21.73,-0.47,195.50,198.56,2,0
2026-06-12 20:18:43.088,21.65,-0.40,194.59,197.37,2,0
2026-06-12 20:18:43.139,21.57,-0.41,196.52,196.58,2,0
2026-06-12 20:18:43.189,21.51,-0.44,194.11,195.84,2,0
2026-06-12 20:18:43.239,21.26,-0.64,194.26,195.37,2,0
2026-06-12 20:18:43.290,21.11,-0.67,189.76,193.11,2,0
2026-06-12 20:18:43.340,20.95,-0.70,188.45,191.71,2,0
2026-06-12 20:18:43.391,20.86,-0.74,186.82,190.24,2,0
2026-06-12 20:18:43.441,20.84,-0.58,187.65,189.47,2,0
2026-06-12 20:18:43.491,20.81,-0.52,188.71,189.26,2,0
2026-06-12 20:18:43.542,22.65,2.63,188.25,188.95,2,0
2026-06-12 20:18:43.592,23.80,3.18,244.75,205.69,2,0
2026-06-12 20:18:43.643,23.91,1.64,240.59,216.16,2,0
2026-06-12 20:18:43.693,22.69,0.40,200.97,217.08,2,0
2026-06-12 20:18:43.748,21.93,-0.29,180.26,206.04,2,0
2026-06-12 20:18:43.796,21.28,-1.34,183.20,199.19,2,0
2026-06-12 20:18:43.848,20.88,-1.46,179.34,193.23,2,0
2026-06-12 20:18:43.895,20.16,-1.91,181.13,189.60,2,0
2026-06-12 20:18:43.945,19.93,-1.80,175.59,183.05,2,0
2026-06-12 20:18:43.996,19.68,-1.75,176.25,181.01,2,0
2026-06-12 20:18:44.046,19.54,-1.60,173.24,178.68,2,0
2026-06-12 20:18:44.097,19.45,-1.50,174.61,177.46,2,0
2026-06-12 20:18:44.147,19.33,-1.38,174.83,176.67,2,0
2026-06-12 20:18:44.197,19.21,-1.27,172.87,175.53,2,0
2026-06-12 20:18:44.248,18.75,-1.50,172.01,174.48,2,0
2026-06-12 20:18:44.298,18.50,-1.48,164.52,170.26,2,0
2026-06-12 20:18:44.349,18.22,-1.50,162.76,168.01,2,0
2026-06-12 20:18:44.399,17.94,-1.50,159.36,165.41,2,0
2026-06-12 20:18:44.450,17.74,-1.44,157.17,162.94,2,0
2026-06-12 20:18:44.500,17.52,-1.41,156.89,161.12,2,0
2026-06-12 20:18:44.554,17.28,-1.39,154.23,159.06,2,0
2026-06-12 20:18:44.601,16.98,-1.44,152.07,156.96,2,0
2026-06-12 20:18:44.651,16.63,-1.51,147.68,154.18,2,0
2026-06-12 20:18:44.701,16.63,-1.51,143.50,150.97,2,0
2026-06-12 20:18:44.752,16.27,-1.48,143.50,150.97,2,0
2026-06-12 20:18:44.802,15.91,-1.55,140.21,147.75,2,0
2026-06-12 20:18:44.853,15.59,-1.59,136.93,144.50,2,0
2026-06-12 20:18:44.903,15.28,-1.61,134.63,141.54,2,0
2026-06-12 20:18:44.954,14.96,-1.54,132.16,138.72,2,0
2026-06-12 20:18:45.004,14.64,-1.58,129.21,135.87,2,0
2026-06-12 20:18:45.064,14.64,-1.58,126.02,132.91,2,0
2026-06-12 20:18:45.105,14.30,-1.53,126.02,132.91,2,0
2026-06-12 20:18:45.155,13.93,-1.60,122.62,129.82,2,0
2026-06-12 20:18:45.206,13.56,-1.56,118.77,126.51,2,0
2026-06-12 20:18:45.256,13.56,-1.56,115.34,123.16,2,0
2026-06-12 20:18:45.307,13.18,-1.54,115.34,123.16,2,0
2026-06-12 20:18:45.357,12.83,-1.50,111.59,119.69,2,0
2026-06-12 20:18:45.407,12.83,-1.50,109.17,116.53,2,0
2026-06-12 20:18:45.458,12.51,-1.45,109.17,116.53,2,0
2026-06-12 20:18:45.508,12.17,-1.42,106.65,113.57,2,0
2026-06-12 20:18:45.559,12.17,-1.42,103.39,110.51,2,0
2026-06-12 20:18:45.612,11.83,-1.40,103.39,110.51,2,0
2026-06-12 20:18:45.664,11.45,-1.39,100.12,107.39,2,0
2026-06-12 20:18:45.710,11.45,-1.39,96.07,104.00,2,0
2026-06-12 20:18:45.760,11.07,-1.40,96.07,104.00,2,0
2026-06-12 20:18:45.812,11.07,-1.40,92.29,100.49,1,0
2026-06-12 20:18:45.862,10.70,-1.34,92.29,100.49,1,0
2026-06-12 20:18:45.912,10.37,-1.32,89.48,97.18,1,0
2026-06-12 20:18:45.962,10.37,-1.32,87.28,94.21,1,0
2026-06-12 20:18:46.012,10.11,-1.23,87.28,94.21,1,0
2026-06-12 20:18:46.063,10.11,-1.23,86.18,91.80,1,0
2026-06-12 20:18:46.113,9.91,-1.16,86.18,91.80,1,0
2026-06-12 20:18:46.164,9.91,-1.16,85.63,89.95,1,0
2026-06-12 20:18:46.214,9.75,-1.05,85.63,89.95,1,0
2026-06-12 20:18:46.265,9.69,-0.93,85.39,88.58,1,0
2026-06-12 20:18:46.315,9.69,-0.93,86.61,87.99,1,0
2026-06-12 20:18:46.365,9.66,-0.80,86.61,87.99,1,0
2026-06-12 20:18:46.416,9.66,-0.80,86.97,87.68,1,0
2026-06-12 20:18:46.466,9.66,-0.68,86.97,87.68,1,0
2026-06-12 20:18:46.517,9.74,-0.53,87.84,87.73,1,0
2026-06-12 20:18:46.567,9.74,-0.53,90.23,88.48,1,0
2026-06-12 20:18:46.618,9.85,-0.39,90.23,88.48,1,0
2026-06-12 20:18:46.668,10.03,-0.23,91.71,89.45,1,0
2026-06-12 20:18:46.718,10.03,-0.23,94.97,91.11,1,0
2026-06-12 20:18:46.769,10.24,-0.08,94.97,91.11,1,0
2026-06-12 20:18:46.819,10.44,0.04,97.46,93.01,1,0
2026-06-12 20:18:46.870,10.44,0.04,98.93,94.79,1,0
2026-06-12 20:18:46.920,10.62,0.13,98.93,94.79,1,0
2026-06-12 20:18:46.970,10.75,0.19,100.28,96.44,1,0
2026-06-12 20:18:47.025,10.75,0.19,100.44,97.64,1,0
2026-06-12 20:18:47.072,10.88,0.23,100.44,97.64,1,0
2026-06-12 20:18:47.124,10.98,0.25,101.46,98.78,1,0
2026-06-12 20:18:47.172,10.98,0.25,101.88,99.71,1,0
2026-06-12 20:18:47.223,11.09,0.27,101.88,99.71,1,0
2026-06-12 20:18:47.274,11.24,0.36,103.03,100.71,1,0
2026-06-12 20:18:47.323,11.42,0.40,105.37,102.10,1,0
2026-06-12 20:18:47.374,11.42,0.40,107.35,103.68,1,0
2026-06-12 20:18:47.425,11.63,0.45,107.35,103.68,1,0
2026-06-12 20:18:47.474,11.83,0.56,110.02,105.58,1,0
2026-06-12 20:18:47.525,11.99,0.56,111.82,107.45,1,0
2026-06-12 20:18:47.575,11.99,0.56,112.08,108.84,1,0
2026-06-12 20:18:47.626,12.10,0.54,112.08,108.84,1,0
2026-06-12 20:18:47.676,12.19,0.53,112.30,109.88,1,0
2026-06-12 20:18:47.727,12.28,0.50,112.60,110.69,1,0
2026-06-12 20:18:47.777,12.41,0.54,113.38,111.50,1,0
2026-06-12 20:18:47.827,12.41,0.54,115.58,112.72,1,0
2026-06-12 20:18:47.878,12.59,0.55,115.58,112.72,1,0
2026-06-12 20:18:47.928,12.77,0.62,118.14,114.35,1,0
2026-06-12 20:18:47.979,12.95,0.67,119.67,115.95,1,0
2026-06-12 20:18:48.029,13.08,0.65,121.45,117.60,1,0
2026-06-12 20:18:48.079,13.15,0.61,121.65,118.81,1,0
2026-06-12 20:18:48.130,13.15,0.61,120.96,119.46,1,0
2026-06-12 20:18:48.180,13.24,0.57,120.96,119.46,1,0
2026-06-12 20:18:48.231,13.27,0.51,122.08,120.25,1,0
2026-06-12 20:18:48.281,13.28,0.43,121.23,120.54,1,0
2026-06-12 20:18:48.331,13.31,0.40,120.73,120.60,1,0
2026-06-12 20:18:48.382,13.31,0.40,121.58,120.89,1,0
2026-06-12 20:18:48.432,13.31,0.34,121.58,120.89,1,0
2026-06-12 20:18:48.483,13.33,0.30,120.94,120.91,1,0
2026-06-12 20:18:48.533,13.27,0.22,121.38,121.05,1,0
2026-06-12 20:18:48.583,13.77,1.02,119.23,120.50,1,0
2026-06-12 20:18:48.634,14.58,1.53,135.58,125.03,1,0
2026-06-12 20:18:48.684,14.99,1.64,149.59,132.40,1,0
2026-06-12 20:18:48.735,15.23,1.53,144.73,136.10,1,0
2026-06-12 20:18:48.785,15.23,1.53,143.52,138.32,1,0
2026-06-12 20:18:48.836,14.71,1.01,143.52,138.32,0,0
2026-06-12 20:18:48.886,13.88,0.40,122.57,133.60,0,0
2026-06-12 20:18:48.936,13.25,-0.18,108.30,126.01,0,0
2026-06-12 20:18:48.987,13.25,-0.18,107.04,120.32,0,0
2026-06-12 20:18:49.037,12.78,-0.41,107.04,120.32,0,0
2026-06-12 20:18:49.088,12.37,-0.58,106.13,116.06,0,0
2026-06-12 20:18:49.138,12.37,-0.58,103.64,112.34,0,0
2026-06-12 20:18:49.188,12.08,-0.65,103.64,112.34,0,0
2026-06-12 20:18:49.239,11.87,-0.67,103.40,109.66,0,0
2026-06-12 20:18:49.289,11.87,-0.67,103.36,107.77,0,0
2026-06-12 20:18:49.340,11.71,-0.66,103.36,107.77,0,0
2026-06-12 20:18:49.390,11.59,-0.62,102.96,106.32,0,0
2026-06-12 20:18:49.441,11.59,-0.62,102.79,105.26,0,0
2026-06-12 20:18:49.491,11.51,-0.57,102.79,105.26,0,0
2026-06-12 20:18:49.542,11.49,-0.50,102.88,104.55,0,0
2026-06-12 20:18:49.592,11.51,-0.42,103.96,104.37,0,0
2026-06-12 20:18:49.642,11.51,-0.42,104.74,104.48,0,0
2026-06-12 20:18:49.693,11.56,-0.33,104.74,104.48,0,0
2026-06-12 20:18:49.743,11.60,-0.26,106.04,104.95,0,0
2026-06-12 20:18:49.796,11.60,-0.26,106.26,105.34,0,0
2026-06-12 20:18:49.844,11.65,-0.19,106.26,105.34,0,0
2026-06-12 20:18:49.894,11.71,-0.11,106.84,105.79,0,0
2026-06-12 20:18:49.945,11.80,-0.05,107.73,106.37,0,0
2026-06-12 20:18:49.995,11.80,-0.05,108.89,107.13,0,0
2026-06-12 20:18:50.046,11.95,0.04,108.89,107.13,0,0
2026-06-12 20:18:50.096,12.12,0.18,111.70,108.50,0,0
2026-06-12 20:18:50.146,12.31,0.26,113.81,110.09,0,0
2026-06-12 20:18:50.197,12.51,0.38,115.71,111.78,0,0
2026-06-12 20:18:50.247,12.51,0.38,117.77,113.57,0,0
2026-06-12 20:18:50.298,12.63,0.39,117.77,113.57,0,0
2026-06-12 20:18:50.348,12.76,0.43,117.36,114.71,0,0
2026-06-12 20:18:50.398,12.89,0.48,118.46,115.84,0,0
2026-06-12 20:18:50.449,12.99,0.47,119.86,117.04,0,0
2026-06-12 20:18:50.499,13.16,0.53,120.21,117.99,0,0
2026-06-12 20:18:50.549,13.16,0.53,122.95,119.48,0,0
2026-06-12 20:18:50.600,13.27,0.51,122.95,119.48,0,0
2026-06-12 20:18:50.650,13.34,0.50,122.84,120.49,0,0
2026-06-12 20:18:50.701,13.39,0.45,122.79,121.18,0,0
2026-06-12 20:18:50.753,13.40,0.39,122.64,121.62,0,0
2026-06-12 20:18:50.802,13.40,0.39,121.70,121.64,0,0
2026-06-12 20:18:50.852,13.38,0.32,121.70,121.64,2,0
2026-06-12 20:18:50.902,13.33,0.23,121.29,121.54,2,0
2026-06-12 20:18:50.953,13.30,0.18,119.94,121.06,2,0
2026-06-12 20:18:51.003,13.29,0.14,120.06,120.76,2,0
2026-06-12 20:18:51.054,13.28,0.11,120.38,120.65,2,0
2026-06-12 20:18:51.104,13.28,0.11,120.38,120.57,2,0
2026-06-12 20:18:51.155,13.29,0.10,120.38,120.57,2,0
2026-06-12 20:18:51.205,13.29,0.08,121.01,120.70,2,0
2026-06-12 20:18:51.255,13.26,0.05,120.60,120.67,2,0
2026-06-12 20:18:51.306,13.20,0.00,119.72,120.38,2,0
2026-06-12 20:18:51.356,13.20,0.00,118.82,119.92,2,0
2026-06-12 20:18:51.406,13.18,-0.01,118.82,119.92,2,0
2026-06-12 20:18:51.457,13.16,-0.03,119.12,119.68,2,0
2026-06-12 20:18:51.507,13.18,-0.01,119.05,119.49,2,0
2026-06-12 20:18:51.558,13.24,0.04,120.28,119.73,2,0
2026-06-12 20:18:51.608,13.24,0.04,121.35,120.22,2,0
2026-06-12 20:18:51.659,13.25,0.04,121.35,120.22,2,0
2026-06-12 20:18:51.709,13.30,0.08,120.54,120.31,2,0
2026-06-12 20:18:51.760,13.29,0.05,121.94,120.80,2,0
2026-06-12 20:18:51.810,13.30,0.06,120.29,120.65,2,0
2026-06-12 20:18:51.860,13.30,0.06,121.02,120.76,2,0
2026-06-12 20:18:51.911,13.33,0.07,121.02,120.76,2,0
2026-06-12 20:18:51.961,13.32,0.05,121.85,121.09,2,0
2026-06-12 20:18:52.012,13.40,0.11,120.69,120.97,2,0
2026-06-12 20:18:52.062,13.38,0.08,123.32,121.67,2,0
2026-06-12 20:18:52.112,13.34,0.04,121.10,121.50,2,0
2026-06-12 20:18:52.163,13.34,0.04,120.44,121.18,2,0
2026-06-12 20:18:52.213,13.32,0.02,120.44,121.18,2,0
2026-06-12 20:18:52.263,13.14,-0.08,120.52,120.98,2,0
2026-06-12 20:18:52.317,13.02,-0.17,115.57,119.36,2,0
2026-06-12 20:18:52.364,13.02,-0.17,115.66,118.25,2,0
2026-06-12 20:18:52.415,13.00,-0.15,115.66,118.25,2,0
2026-06-12 20:18:52.465,13.05,-0.09,117.74,118.10,2,0
2026-06-12 20:18:52.516,13.26,0.10,119.52,118.52,2,0
2026-06-12 20:18:52.566,13.45,0.19,124.91,120.44,2,0
2026-06-12 20:18:52.616,13.57,0.26,126.25,122.18,2,0
2026-06-12 20:18:52.667,13.65,0.28,125.76,123.26,2,0
2026-06-12 20:18:52.717,13.65,0.28,125.54,123.94,2,0
2026-06-12 20:18:52.769,13.70,0.27,125.54,123.94,2,0
2026-06-12 20:18:52.818,13.74,0.26,125.51,124.41,2,0
2026-06-12 20:18:52.868,13.75,0.23,125.74,124.81,2,0
2026-06-12 20:18:52.919,13.77,0.21,124.87,124.83,2,0
2026-06-12 20:18:52.969,13.84,0.24,125.55,125.04,2,0
2026-06-12 20:18:53.020,13.98,0.32,127.27,125.71,2,0
2026-06-12 20:18:53.071,13.98,0.32,129.78,126.93,2,0
2026-06-12 20:18:53.120,14.08,0.33,129.78,126.93,2,0
2026-06-12 20:18:53.171,14.13,0.31,130.13,127.89,2,0
2026-06-12 20:18:53.222,14.07,0.22,129.19,128.28,2,0
2026-06-12 20:18:53.272,13.94,0.11,126.49,127.74,2,0
2026-06-12 20:18:53.322,13.83,0.01,123.78,126.55,2,0
2026-06-12 20:18:53.372,13.83,0.01,123.30,125.58,2,0
2026-06-12 20:18:53.423,13.66,-0.09,123.30,125.58,2,0
2026-06-12 20:18:53.473,13.56,-0.15,120.51,124.06,2,0
2026-06-12 20:18:53.524,13.45,-0.19,121.09,123.17,2,0
2026-06-12 20:18:53.574,13.35,-0.25,119.68,122.12,2,0
2026-06-12 20:18:53.624,13.35,-0.25,119.15,121.23,2,0
2026-06-12 20:18:53.675,13.28,-0.25,119.15,121.23,2,0
2026-06-12 20:18:53.725,13.11,-0.30,119.21,120.62,2,0
2026-06-12 20:18:53.776,12.94,-0.40,115.53,119.10,2,0
2026-06-12 20:18:53.826,12.94,-0.40,113.86,117.53,2,0
2026-06-12 20:18:53.877,12.81,-0.41,113.86,117.53,2,0
2026-06-12 20:18:53.927,12.72,-0.42,113.66,116.37,2,0
2026-06-12 20:18:53.978,12.71,-0.36,113.65,115.55,2,0
2026-06-12 20:18:54.028,12.75,-0.28,115.23,115.45,2,0
2026-06-12 20:18:54.078,12.75,-0.28,116.66,115.82,2,0
2026-06-12 20:18:54.129,12.76,-0.23,116.66,115.82,2,0
2026-06-12 20:18:54.180,12.75,-0.20,115.88,115.84,2,0
2026-06-12 20:18:54.230,12.69,-0.22,115.71,115.80,2,0
2026-06-12 20:18:54.280,12.69,-0.22,113.98,115.25,2,0
2026-06-12 20:18:54.330,12.56,-0.26,113.98,115.25,2,0
2026-06-12 20:18:54.382,12.53,-0.24,111.42,114.10,2,0
2026-06-12 20:18:54.432,12.52,-0.21,113.12,113.81,2,0
2026-06-12 20:18:54.482,12.52,-0.21,113.40,113.69,2,0
2026-06-12 20:18:54.532,12.57,-0.15,113.40,113.69,2,0
2026-06-12 20:18:54.582,12.71,-0.02,115.17,114.13,2,0
2026-06-12 20:18:54.633,12.76,0.02,118.29,115.38,2,0
2026-06-12 20:18:54.683,12.79,0.04,117.17,115.92,2,0
2026-06-12 20:18:54.734,12.79,0.04,116.74,116.16,2,0
2026-06-12 20:18:54.788,12.78,0.02,116.74,116.16,2,0
2026-06-12 20:18:54.836,12.72,-0.01,115.72,116.03,2,0
2026-06-12 20:18:54.885,12.71,-0.02,114.29,115.51,2,0
2026-06-12 20:18:54.935,12.71,-0.02,115.07,115.38,2,0
2026-06-12 20:18:54.986,12.74,-0.00,115.07,115.38,2,0
2026-06-12 20:18:55.036,12.80,0.05,116.35,115.67,2,0
2026-06-12 20:18:55.087,12.88,0.09,117.59,116.25,2,0
2026-06-12 20:18:55.137,12.91,0.10,118.78,117.01,2,0
2026-06-12 20:18:55.188,12.91,0.10,117.71,117.22,2,0
2026-06-12 20:18:55.238,12.87,0.06,117.71,117.22,2,0
2026-06-12 20:18:55.288,12.84,0.03,116.22,116.92,2,0
2026-06-12 20:18:55.339,12.74,-0.03,115.89,116.61,2,0
2026-06-12 20:18:55.389,12.74,-0.03,113.68,115.73,2,0
2026-06-12 20:18:55.440,12.73,-0.04,113.68,115.73,2,0
2026-06-12 20:18:55.490,12.76,-0.01,115.20,115.57,2,0
2026-06-12 20:18:55.540,12.77,0.00,116.46,115.84,2,0
2026-06-12 20:18:55.591,12.88,0.09,116.25,115.96,2,0
2026-06-12 20:18:55.642,12.88,0.09,119.29,116.96,2,0
2026-06-12 20:18:55.692,12.91,0.09,119.29,116.96,2,0
2026-06-12 20:18:55.742,12.89,0.06,117.81,117.21,2,0
2026-06-12 20:18:55.792,12.87,0.04,116.58,117.02,2,0
2026-06-12 20:18:55.843,12.83,0.00,116.54,116.88,2,0
2026-06-12 20:18:55.893,12.83,0.00,115.54,116.48,2,0
2026-06-12 20:18:55.944,12.83,0.00,115.54,116.48,1,0
2026-06-12 20:18:55.994,12.94,0.09,116.70,116.54,1,0
2026-06-12 20:18:56.045,13.09,0.16,119.73,117.50,1,0
2026-06-12 20:18:56.095,13.28,0.29,122.10,118.88,1,0
2026-06-12 20:18:56.145,13.43,0.37,124.48,120.56,1,0
2026-06-12 20:18:56.196,13.43,0.37,125.17,121.94,1,0
2026-06-12 20:18:56.246,13.49,0.35,125.17,121.94,1,0
2026-06-12 20:18:56.296,13.51,0.32,123.86,122.52,1,0
2026-06-12 20:18:56.347,13.47,0.24,123.14,122.71,1,0
2026-06-12 20:18:56.397,13.44,0.19,121.36,122.30,1,0
2026-06-12 20:18:56.448,13.44,0.19,121.51,122.07,1,0
2026-06-12 20:18:56.498,13.46,0.17,121.51,122.07,1,0
2026-06-12 20:18:56.549,13.51,0.18,122.58,122.22,1,0
2026-06-12 20:18:56.599,13.57,0.21,123.65,122.65,1,0
2026-06-12 20:18:56.650,13.61,0.20,124.65,123.25,1,0
2026-06-12 20:18:56.700,13.59,0.15,124.50,123.63,1,0
2026-06-12 20:18:56.750,13.59,0.15,122.81,123.38,1,0
2026-06-12 20:18:56.801,13.53,0.10,122.81,123.38,1,0
2026-06-12 20:18:56.852,13.47,0.03,121.72,122.88,1,0
2026-06-12 20:18:56.902,13.48,0.03,121.17,122.37,1,0
2026-06-12 20:18:56.952,13.55,0.07,122.47,122.40,1,0
2026-06-12 20:18:57.004,13.64,0.13,124.57,123.05,1,0
2026-06-12 20:18:57.053,13.78,0.23,125.68,123.84,1,0
2026-06-12 20:18:57.103,13.78,0.23,128.04,125.10,1,0
2026-06-12 20:18:57.153,13.83,0.22,128.04,125.10,1,0
2026-06-12 20:18:57.204,13.83,0.19,126.83,125.62,1,0
2026-06-12 20:18:57.254,13.79,0.14,125.55,125.60,1,0
2026-06-12 20:18:57.304,13.69,0.03,124.49,125.27,1,0
2026-06-12 20:18:57.355,13.69,0.03,122.18,124.34,1,0
2026-06-12 20:18:57.405,13.60,-0.02,122.18,124.34,1,0
2026-06-12 20:18:57.456,13.58,-0.03,121.59,123.51,1,0
2026-06-12 20:18:57.506,13.59,-0.02,122.96,123.35,1,0
2026-06-12 20:18:57.557,13.63,0.00,123.58,123.42,1,0
2026-06-12 20:18:57.607,13.65,0.02,124.57,123.76,1,0
2026-06-12 20:18:57.664,13.65,0.02,124.56,124.00,1,0
2026-06-12 20:18:57.708,13.62,-0.00,124.56,124.00,1,0
2026-06-12 20:18:57.758,13.54,-0.06,122.83,123.65,1,0
2026-06-12 20:18:57.810,13.45,-0.10,121.38,122.97,1,0
2026-06-12 20:18:57.859,13.40,-0.13,120.29,122.17,1,0
2026-06-12 20:18:57.910,13.40,-0.11,120.53,121.68,1,0
2026-06-12 20:18:57.960,13.40,-0.11,121.86,121.73,1,0
2026-06-12 20:18:58.012,13.44,-0.07,121.86,121.73,1,0
2026-06-12 20:18:58.062,13.51,-0.01,122.90,122.08,1,0
2026-06-12 20:18:58.112,13.53,0.01,124.09,122.68,1,0
2026-06-12 20:18:58.162,13.48,-0.04,123.34,122.88,1,0
2026-06-12 20:18:58.212,13.48,-0.04,121.22,122.38,1,0
2026-06-12 20:18:58.262,13.38,-0.09,121.22,122.38,1,0
2026-06-12 20:18:58.313,13.21,-0.21,119.51,121.52,1,0
2026-06-12 20:18:58.363,13.07,-0.26,116.39,119.98,1,0
2026-06-12 20:18:58.414,13.07,-0.26,115.64,118.68,1,0
2026-06-12 20:18:58.464,12.96,-0.28,115.64,118.68,1,0
2026-06-12 20:18:58.515,12.86,-0.32,115.24,117.65,1,0
2026-06-12 20:18:58.565,12.80,-0.30,114.84,116.80,1,0
2026-06-12 20:18:58.615,12.80,-0.30,115.02,116.27,1,0
2026-06-12 20:18:58.666,12.69,-0.32,115.02,116.27,1,0
2026-06-12 20:18:58.716,12.52,-0.41,112.84,115.24,1,0
2026-06-12 20:18:58.767,12.30,-0.47,110.21,113.73,1,0
2026-06-12 20:18:58.817,12.30,-0.47,106.96,111.70,1,0
2026-06-12 20:18:58.867,12.04,-0.54,106.96,111.70,1,0
2026-06-12 20:18:58.918,11.82,-0.58,103.90,109.36,1,0
2026-06-12 20:18:58.968,11.82,-0.58,102.70,107.36,0,0
2026-06-12 20:18:59.019,11.62,-0.60,102.70,107.36,0,0
2026-06-12 20:18:59.069,11.46,-0.60,101.36,105.56,0,0
2026-06-12 20:18:59.120,11.46,-0.60,100.71,104.11,0,0
2026-06-12 20:18:59.170,11.31,-0.60,100.71,104.11,0,0
2026-06-12 20:18:59.221,11.12,-0.61,99.36,102.68,0,0
2026-06-12 20:18:59.271,11.12,-0.61,97.01,100.98,0,0
2026-06-12 20:18:59.322,10.90,-0.61,97.01,100.98,0,0
2026-06-12 20:18:59.372,10.90,-0.61,94.43,99.02,0,0
2026-06-12 20:18:59.423,10.61,-0.68,94.43,99.02,0,0
2026-06-12 20:18:59.472,10.61,-0.68,90.28,96.39,0,0
2026-06-12 20:18:59.524,10.34,-0.69,90.28,96.39,0,0
2026-06-12 20:18:59.573,10.09,-0.73,88.07,93.90,0,0
2026-06-12 20:18:59.624,10.09,-0.73,86.21,91.59,0,0
2026-06-12 20:18:59.675,9.86,-0.71,86.21,91.59,0,0
2026-06-12 20:18:59.725,9.86,-0.71,84.72,89.53,0,0
2026-06-12 20:18:59.775,9.68,-0.70,84.72,89.53,0,0
2026-06-12 20:18:59.829,9.68,-0.70,84.09,87.90,0,0
2026-06-12 20:18:59.876,9.49,-0.67,84.09,87.90,0,0
2026-06-12 20:18:59.927,9.49,-0.67,82.28,86.21,0,0
2026-06-12 20:18:59.977,9.28,-0.66,82.28,86.21,0,0
2026-06-12 20:19:00.027,9.28,-0.66,79.82,84.29,0,0
2026-06-12 20:19:00.078,9.04,-0.66,79.82,84.29,0,0
2026-06-12 20:19:00.128,9.04,-0.66,76.92,82.08,0,0
2026-06-12 20:19:00.179,8.75,-0.66,76.92,82.08,0,0
2026-06-12 20:19:00.229,8.75,-0.66,73.22,79.43,0,0
2026-06-12 20:19:00.279,8.46,-0.68,73.22,79.43,0,0
2026-06-12 20:19:00.330,8.46,-0.68,70.76,76.82,0,0
2026-06-12 20:19:00.383,8.18,-0.69,70.76,76.82,0,0
2026-06-12 20:19:00.431,8.18,-0.69,68.47,74.32,0,0
2026-06-12 20:19:00.481,8.18,-0.69,68.47,74.32,0,0
2026-06-12 20:19:00.531,7.92,-0.67,68.47,74.32,0,0
2026-06-12 20:19:00.583,7.92,-0.67,66.44,71.96,0,0
2026-06-12 20:19:00.632,7.69,-0.65,66.44,71.96,0,0
2026-06-12 20:19:00.683,7.69,-0.65,64.73,69.79,0,0
2026-06-12 20:19:00.733,7.69,-0.65,64.73,69.79,0,0
2026-06-12 20:19:00.783,7.43,-0.64,64.73,69.79,0,0
2026-06-12 20:19:00.834,7.43,-0.64,62.11,67.48,0,0
2026-06-12 20:19:00.884,7.43,-0.64,62.11,67.48,0,0
2026-06-12 20:19:00.935,7.16,-0.62,62.11,67.48,0,0
2026-06-12 20:19:00.985,7.16,-0.62,59.18,64.99,2,0
2026-06-12 20:19:01.038,6.86,-0.62,59.18,64.99,2,0
2026-06-12 20:19:01.086,6.86,-0.62,56.10,62.32,2,0
2026-06-12 20:19:01.136,6.86,-0.62,56.10,62.32,2,0
2026-06-12 20:19:01.189,6.56,-0.61,56.10,62.32,2,0
2026-06-12 20:19:01.237,6.56,-0.61,53.13,59.56,2,0
2026-06-12 20:19:01.288,6.56,-0.61,53.13,59.56,2,0
2026-06-12 20:19:01.338,6.56,-0.61,53.13,59.56,2,0
2026-06-12 20:19:01.389,6.27,-0.59,53.13,59.56,2,0
2026-06-12 20:19:01.439,6.27,-0.59,50.78,56.93,2,0
2026-06-12 20:19:01.492,6.27,-0.59,50.78,56.93,2,0
2026-06-12 20:19:01.540,6.03,-0.57,50.78,56.93,2,0
2026-06-12 20:19:01.590,6.03,-0.57,49.72,54.77,2,0
2026-06-12 20:19:01.641,5.87,-0.53,49.72,54.77,2,0
2026-06-12 20:19:01.691,5.87,-0.53,49.93,53.32,2,0
2026-06-12 20:19:01.741,5.87,-0.53,49.93,53.32,2,0
2026-06-12 20:19:01.792,5.79,-0.48,49.93,53.32,2,0
2026-06-12 20:19:01.842,5.79,-0.48,50.97,52.61,2,0
2026-06-12 20:19:01.893,5.79,-0.48,50.97,52.61,2,0
2026-06-12 20:19:01.943,5.79,-0.40,50.97,52.61,2,0
2026-06-12 20:19:01.994,5.79,-0.40,52.61,52.61,2,0
2026-06-12 20:19:02.044,5.84,-0.33,52.61,52.61,2,0
2026-06-12 20:19:02.095,5.84,-0.33,54.17,53.08,2,0
2026-06-12 20:19:02.146,5.84,-0.33,54.17,53.08,2,0
2026-06-12 20:19:02.195,5.92,-0.26,54.17,53.08,2,0
2026-06-12 20:19:02.246,5.92,-0.26,55.43,53.78,2,0
2026-06-12 20:19:02.296,5.92,-0.26,55.43,53.78,2,0
2026-06-12 20:19:02.347,6.02,-0.18,55.43,53.78,2,0
2026-06-12 20:19:02.397,6.02,-0.18,56.84,54.70,2,0
2026-06-12 20:19:02.447,6.16,-0.10,56.84,54.70,2,0
2026-06-12 20:19:02.498,6.16,-0.10,58.78,55.92,2,0
2026-06-12 20:19:02.548,6.28,-0.04,58.78,55.92,2,0
2026-06-12 20:19:02.599,6.28,-0.04,59.67,57.05,2,0
2026-06-12 20:19:02.649,6.28,-0.04,59.67,57.05,2,0
2026-06-12 20:19:02.699,6.40,0.00,59.67,57.05,2,0
2026-06-12 20:19:02.750,6.40,0.00,60.56,58.10,2,0
2026-06-12 20:19:02.800,6.50,0.03,60.56,58.10,2,0
2026-06-12 20:19:02.851,6.50,0.03,61.27,59.05,2,0
2026-06-12 20:19:02.902,6.50,0.03,61.27,59.05,2,0
2026-06-12 20:19:02.952,6.55,0.04,61.27,59.05,2,0
2026-06-12 20:19:03.002,6.89,0.32,60.45,59.47,2,0
2026-06-12 20:19:03.052,7.43,0.57,69.72,62.55,2,0
2026-06-12 20:19:03.103,7.43,0.57,78.85,67.44,2,0
2026-06-12 20:19:03.153,7.43,0.57,78.85,67.44,2,0
2026-06-12 20:19:03.204,7.71,0.56,78.85,67.44,2,0
2026-06-12 20:19:03.254,7.71,0.56,76.01,70.01,2,0
2026-06-12 20:19:03.304,7.71,0.56,76.01,70.01,2,0
2026-06-12 20:19:03.355,7.79,0.50,76.01,70.01,2,0
2026-06-12 20:19:03.405,7.79,0.50,72.36,70.72,2,0
2026-06-12 20:19:03.456,7.79,0.50,72.36,70.72,2,0
2026-06-12 20:19:03.506,7.40,0.32,72.36,70.72,2,0
2026-06-12 20:19:03.560,7.40,0.32,58.97,67.19,2,0
2026-06-12 20:19:03.607,7.40,0.32,58.97,67.19,2,0
2026-06-12 20:19:03.657,6.84,0.12,58.97,67.19,2,0
2026-06-12 20:19:03.708,6.84,0.12,50.21,62.10,2,0
2026-06-12 20:19:03.758,6.84,0.12,50.21,62.10,2,0
2026-06-12 20:19:03.808,6.84,0.12,50.21,62.10,2,0
2026-06-12 20:19:03.859,6.36,-0.01,50.21,62.10,2,0
2026-06-12 20:19:03.909,6.36,-0.01,47.64,57.76,2,0
2026-06-12 20:19:03.960,6.36,-0.01,47.64,57.76,2,0
2026-06-12 20:19:04.010,5.95,-0.11,47.64,57.76,2,0
2026-06-12 20:19:04.060,5.95,-0.11,45.37,54.04,2,0
2026-06-12 20:19:04.111,5.95,-0.11,45.37,54.04,2,0
2026-06-12 20:19:04.161,5.95,-0.11,45.37,54.04,2,0
2026-06-12 20:19:04.212,5.56,-0.17,45.37,54.04,2,0
2026-06-12 20:19:04.262,5.56,-0.17,42.34,50.53,2,0
2026-06-12 20:19:04.313,5.56,-0.17,42.34,50.53,2,0
2026-06-12 20:19:04.363,5.56,-0.17,42.34,50.53,2,0
2026-06-12 20:19:04.413,5.20,-0.22,42.34,50.53,2,0
2026-06-12 20:19:04.464,5.20,-0.22,39.50,47.22,2,0
2026-06-12 20:19:04.514,5.20,-0.22,39.50,47.22,2,0
2026-06-12 20:19:04.565,5.20,-0.22,39.50,47.22,2,0
2026-06-12 20:19:04.615,5.20,-0.22,39.50,47.22,2,0
2026-06-12 20:19:04.666,4.82,-0.25,39.50,47.22,2,0
2026-06-12 20:19:04.716,4.82,-0.25,35.86,43.81,2,0
2026-06-12 20:19:04.766,4.82,-0.25,35.86,43.81,2,0
2026-06-12 20:19:04.817,4.82,-0.25,35.86,43.81,2,0
2026-06-12 20:19:04.867,4.82,-0.25,35.86,43.81,2,0
2026-06-12 20:19:04.918,4.45,-0.27,35.86,43.81,2,0
2026-06-12 20:19:04.968,4.45,-0.27,32.49,40.42,2,0
2026-06-12 20:19:05.018,4.45,-0.27,32.49,40.42,2,0
2026-06-12 20:19:05.069,4.45,-0.27,32.49,40.42,2,0
2026-06-12 20:19:05.119,4.45,-0.27,32.49,40.42,2,0
2026-06-12 20:19:05.170,4.45,-0.27,32.49,40.42,2,0
2026-06-12 20:19:05.220,4.45,-0.27,32.49,40.42,2,0
2026-06-12 20:19:05.271,4.08,-0.28,32.49,40.42,2,0
2026-06-12 20:19:05.321,4.08,-0.28,29.22,37.06,2,0
2026-06-12 20:19:05.371,4.08,-0.28,29.22,37.06,2,0
2026-06-12 20:19:05.423,4.08,-0.28,29.22,37.06,2,0
2026-06-12 20:19:05.472,4.08,-0.28,29.22,37.06,2,0
2026-06-12 20:19:05.524,4.08,-0.28,29.22,37.06,2,0
2026-06-12 20:19:05.573,4.08,-0.28,29.22,37.06,2,0
2026-06-12 20:19:05.624,3.69,-0.28,29.22,37.06,2,0
2026-06-12 20:19:05.674,3.69,-0.28,25.16,33.49,2,0
2026-06-12 20:19:05.725,3.69,-0.28,25.16,33.49,2,0
2026-06-12 20:19:05.775,3.69,-0.28,25.16,33.49,2,0
2026-06-12 20:19:05.826,3.69,-0.28,25.16,33.49,2,0
2026-06-12 20:19:05.876,3.69,-0.28,25.16,33.49,2,0
2026-06-12 20:19:05.926,3.69,-0.28,25.16,33.49,2,0
2026-06-12 20:19:05.977,3.69,-0.28,25.16,33.49,2,0
2026-06-12 20:19:06.027,3.69,-0.28,25.16,33.49,2,0
2026-06-12 20:19:06.077,3.69,-0.28,25.16,33.49,2,0
2026-06-12 20:19:06.128,3.69,-0.28,25.16,33.49,2,0
2026-06-12 20:19:06.178,3.69,-0.28,25.16,33.49,2,0
2026-06-12 20:19:06.229,3.69,-0.28,25.16,33.49,2,0
2026-06-12 20:19:06.279,3.69,-0.28,25.16,33.49,2,0
2026-06-12 20:19:06.329,3.17,-0.27,25.16,33.49,2,0
2026-06-12 20:19:06.380,3.17,-0.27,17.89,28.81,2,0
2026-06-12 20:19:06.431,3.17,-0.27,17.89,28.81,2,0
2026-06-12 20:19:06.481,3.17,-0.27,17.89,28.81,2,0
2026-06-12 20:19:06.531,3.17,-0.27,17.89,28.81,2,0
2026-06-12 20:19:06.581,3.17,-0.27,17.89,28.81,2,0
2026-06-12 20:19:06.632,3.17,-0.27,17.89,28.81,1,0
2026-06-12 20:19:06.682,3.17,-0.27,17.89,28.81,1,0
2026-06-12 20:19:06.733,3.17,-0.27,17.89,28.81,1,0
2026-06-12 20:19:06.784,3.17,-0.27,17.89,28.81,1,0
2026-06-12 20:19:06.834,3.17,-0.27,17.89,28.81,1,0
2026-06-12 20:19:06.884,3.17,-0.27,17.89,28.81,1,0
2026-06-12 20:19:06.935,3.17,-0.27,17.89,28.81,1,0
2026-06-12 20:19:06.985,3.17,-0.27,17.89,28.81,1,0
2026-06-12 20:19:07.035,3.17,-0.27,17.89,28.81,1,0
2026-06-12 20:19:07.086,3.17,-0.27,17.89,28.81,1,0
2026-06-12 20:19:07.136,3.17,-0.27,17.89,28.81,1,0
2026-06-12 20:19:07.188,3.17,-0.27,17.89,28.81,1,0
2026-06-12 20:19:07.237,3.17,-0.27,17.89,28.81,1,0
2026-06-12 20:19:07.287,3.17,-0.27,17.89,28.81,1,0
2026-06-12 20:19:07.338,3.17,-0.27,17.89,28.81,1,0
2026-06-12 20:19:07.388,3.17,-0.27,17.89,28.81,1,0
2026-06-12 20:19:07.439,3.17,-0.27,17.89,28.81,1,0
2026-06-12 20:19:07.489,3.17,-0.27,17.89,28.81,1,0
2026-06-12 20:19:07.540,3.17,-0.27,17.89,28.81,1,0
2026-06-12 20:19:07.590,3.17,-0.27,17.89,28.81,1,0
2026-06-12 20:19:07.641,3.17,-0.27,17.89,28.81,1,0
2026-06-12 20:19:07.691,3.17,-0.27,17.89,28.81,1,0
2026-06-12 20:19:07.741,3.17,-0.27,17.89,28.81,1,0
2026-06-12 20:19:07.792,3.17,-0.27,17.89,28.81,1,0
2026-06-12 20:19:07.848,3.17,-0.27,17.89,28.81,1,0
2026-06-12 20:19:07.892,3.17,-0.27,17.89,28.81,1,0
2026-06-12 20:19:07.943,3.17,-0.27,17.89,28.81,1,0
2026-06-12 20:19:07.993,3.17,-0.27,17.89,28.81,1,0
2026-06-12 20:19:08.044,3.17,-0.27,17.89,28.81,1,0
2026-06-12 20:19:08.094,3.17,-0.27,17.89,28.81,1,0
2026-06-12 20:19:08.145,3.17,-0.27,17.89,28.81,1,0
2026-06-12 20:19:08.195,3.17,-0.27,17.89,28.81,1,0
2026-06-12 20:19:08.245,3.17,-0.27,17.89,28.81,1,0
2026-06-12 20:19:08.296,3.17,-0.27,17.89,28.81,1,0
2026-06-12 20:19:08.346,0.00,0.00,17.89,28.81,1,0
2026-06-12 20:19:08.397,0.00,0.00,0.00,0.00,1,0
2026-06-12 20:19:08.447,0.00,0.00,0.00,0.00,1,0
2026-06-12 20:19:08.497,0.00,0.00,0.00,0.00,1,0
2026-06-12 20:19:08.548,0.00,0.00,0.00,0.00,1,0
2026-06-12 20:19:08.599,0.00,0.00,0.00,0.00,1,0
2026-06-12 20:19:08.649,0.00,0.00,0.00,0.00,1,0
2026-06-12 20:19:08.700,0.00,0.00,0.00,0.00,1,0
2026-06-12 20:19:08.749,0.00,0.00,0.00,0.00,1,0
2026-06-12 20:19:08.800,0.00,0.00,0.00,0.00,1,0
2026-06-12 20:19:08.850,0.00,0.00,0.00,0.00,1,0
2026-06-12 20:19:08.901,0.00,0.00,0.00,0.00,1,0
2026-06-12 20:19:08.952,0.00,0.00,0.00,0.00,1,0
2026-06-12 20:19:09.002,0.00,0.00,0.00,0.00,1,0
2026-06-12 20:19:09.052,0.00,0.00,0.00,0.00,1,0
2026-06-12 20:19:09.108,0.00,0.00,0.00,0.00,1,0
2026-06-12 20:19:09.153,0.00,0.00,0.00,0.00,1,0
2026-06-12 20:19:09.208,0.00,0.00,0.00,0.00,1,0
2026-06-12 20:19:09.253,0.00,0.00,0.00,0.00,1,0
2026-06-12 20:19:09.304,0.00,0.00,0.00,0.00,1,0
2026-06-12 20:19:09.354,0.00,0.00,0.00,0.00,1,0
2026-06-12 20:19:09.405,0.00,0.00,0.00,0.00,1,0
2026-06-12 20:19:09.455,0.00,0.00,0.00,0.00,1,0
2026-06-12 20:19:09.505,0.00,0.00,0.00,0.00,1,0
2026-06-12 20:19:09.556,0.00,0.00,0.00,0.00,1,0
2026-06-12 20:19:09.606,0.00,0.00,0.00,0.00,1,0
2026-06-12 20:19:09.657,0.00,0.00,0.00,0.00,1,0
2026-06-12 20:19:09.707,0.00,0.00,0.00,0.00,0,0
2026-06-12 20:19:09.758,0.00,0.00,0.00,0.00,0,0
2026-06-12 20:19:09.808,0.00,0.00,0.00,0.00,0,0
2026-06-12 20:19:09.858,0.00,0.00,0.00,0.00,0,0
2026-06-12 20:19:09.909,0.00,0.00,0.00,0.00,0,0
2026-06-12 20:19:09.959,0.00,0.00,0.00,0.00,0,0
2026-06-12 20:19:10.009,0.00,0.00,0.00,0.00,0,0
2026-06-12 20:19:10.060,0.00,0.00,0.00,0.00,0,0
2026-06-12 20:19:10.110,0.00,0.00,0.00,0.00,0,0
2026-06-12 20:19:10.161,0.00,0.00,0.00,0.00,0,0
2026-06-12 20:19:10.211,0.00,0.00,0.00,0.00,0,0
2026-06-12 20:19:10.264,0.00,0.00,0.00,0.00,0,0
2026-06-12 20:19:10.315,0.00,0.00,0.00,0.00,0,0
2026-06-12 20:19:10.362,0.00,0.00,0.00,0.00,0,0
2026-06-12 20:19:10.413,0.00,0.00,0.00,0.00,0,0
2026-06-12 20:19:10.463,0.00,0.00,0.00,0.00,0,0
2026-06-12 20:19:10.513,0.00,0.00,0.00,0.00,0,0
2026-06-12 20:19:10.564,0.00,0.00,0.00,0.00,0,0
2026-06-12 20:19:10.614,0.00,0.00,0.00,0.00,0,0
2026-06-12 20:19:10.665,0.00,0.00,0.00,0.00,0,0
2026-06-12 20:19:10.715,0.00,0.00,0.00,0.00,0,0
2026-06-12 20:19:10.765,0.00,0.00,0.00,0.00,0,0
2026-06-12 20:19:10.816,0.00,0.00,0.00,0.00,0,0
2026-06-12 20:19:10.866,0.00,0.00,0.00,0.00,0,0
2026-06-12 20:19:10.917,0.00,0.00,0.00,0.00,0,0
2026-06-12 20:19:10.967,0.00,0.00,0.00,0.00,0,0
2026-06-12 20:19:11.017,0.00,0.00,0.00,0.00,0,0
2026-06-12 20:19:11.068,0.00,0.00,0.00,0.00,0,0
2026-06-12 20:19:11.118,0.00,0.00,0.00,0.00,0,0
2026-06-12 20:19:11.169,0.00,0.00,0.00,0.00,0,0
2026-06-12 20:19:11.219,0.00,0.00,0.00,0.00,0,0
2026-06-12 20:19:11.270,0.00,0.00,0.00,0.00,0,0
2026-06-12 20:19:11.320,0.00,0.00,0.00,0.00,0,0
2026-06-12 20:19:11.370,0.00,0.00,0.00,0.00,0,0
2026-06-12 20:19:11.421,0.00,0.00,0.00,0.00,0,0
2026-06-12 20:19:11.471,0.00,0.00,0.00,0.00,0,0
2026-06-12 20:19:11.521,0.00,0.00,0.00,0.00,0,0
2026-06-12 20:19:11.572,0.00,0.00,0.00,0.00,0,0
2026-06-12 20:19:11.622,0.00,0.00,0.00,0.00,0,0
2026-06-12 20:19:11.673,0.00,0.00,0.00,0.00,0,0
2026-06-12 20:19:11.723,0.00,0.00,0.00,0.00,2,0
2026-06-12 20:19:11.773,0.00,0.00,0.00,0.00,2,0
2026-06-12 20:19:11.824,0.00,0.00,0.00,0.00,2,0
2026-06-12 20:19:11.874,0.00,0.00,0.00,0.00,2,0
2026-06-12 20:19:11.925,0.00,0.00,0.00,0.00,2,0
2026-06-12 20:19:11.976,0.00,0.00,0.00,0.00,2,0
2026-06-12 20:19:12.025,0.00,0.00,0.00,0.00,2,0
2026-06-12 20:19:12.080,0.00,0.00,0.00,0.00,2,0
2026-06-12 20:19:12.126,0.00,0.00,0.00,0.00,2,0
2026-06-12 20:19:12.180,0.00,0.00,0.00,0.00,2,0
2026-06-12 20:19:12.227,0.00,0.00,0.00,0.00,2,0
2026-06-12 20:19:12.278,0.00,0.00,0.00,0.00,2,0
2026-06-12 20:19:12.328,0.00,0.00,0.00,0.00,2,0
2026-06-12 20:19:12.378,0.00,0.00,0.00,0.00,2,0
2026-06-12 20:19:12.429,0.00,0.00,0.00,0.00,2,0
2026-06-12 20:19:12.479,0.00,0.00,0.00,0.00,2,0
2026-06-12 20:19:12.530,0.00,0.00,0.00,0.00,2,0
2026-06-12 20:19:12.580,0.00,0.00,0.00,0.00,2,0
2026-06-12 20:19:12.630,0.00,0.00,0.00,0.00,2,0
2026-06-12 20:19:12.681,0.00,0.00,0.00,0.00,2,0
2026-06-12 20:19:12.731,0.00,0.00,0.00,0.00,2,0
2026-06-12 20:19:12.781,0.00,0.00,0.00,0.00,2,0
2026-06-12 20:19:12.832,0.00,0.00,0.00,0.00,2,0
2026-06-12 20:19:12.882,0.00,0.00,0.00,0.00,2,0
2026-06-12 20:19:12.933,0.00,0.00,0.00,0.00,2,0
2026-06-12 20:19:12.983,0.00,0.00,0.00,0.00,2,0
2026-06-12 20:19:13.033,0.00,0.00,0.00,0.00,2,0
2026-06-12 20:19:13.084,0.00,0.00,0.00,0.00,2,0
2026-06-12 20:19:13.134,0.00,0.00,0.00,0.00,2,0
2026-06-12 20:19:13.185,0.00,0.00,0.00,0.00,2,0
2026-06-12 20:19:13.235,0.00,0.00,0.00,0.00,2,0
2026-06-12 20:19:13.285,0.00,0.00,0.00,0.00,2,0
2026-06-12 20:19:13.336,0.00,0.00,0.00,0.00,2,0
2026-06-12 20:19:13.386,0.00,0.00,0.00,0.00,2,0
2026-06-12 20:19:13.436,0.00,0.00,0.00,0.00,2,0
2026-06-12 20:19:13.487,0.00,0.00,0.00,0.00,2,0
2026-06-12 20:19:13.537,0.00,0.00,0.00,0.00,2,0
2026-06-12 20:19:13.588,0.00,0.00,0.00,0.00,2,0
2026-06-12 20:19:13.650,0.00,0.00,0.00,0.00,2,0
2026-06-12 20:19:13.689,0.00,0.00,0.00,0.00,2,0
2026-06-12 20:19:13.739,0.00,0.00,0.00,0.00,2,0
2026-06-12 20:19:13.789,0.00,0.00,0.00,0.00,2,0
2026-06-12 20:19:13.840,0.00,0.00,0.00,0.00,2,0
2026-06-12 20:19:13.890,0.00,0.00,0.00,0.00,2,0
2026-06-12 20:19:13.941,0.00,0.00,0.00,0.00,2,0
2026-06-12 20:19:13.992,0.00,0.00,0.00,0.00,2,0
2026-06-12 20:19:14.041,0.00,0.00,0.00,0.00,2,0
2026-06-12 20:19:14.092,0.00,0.00,0.00,0.00,2,0
2026-06-12 20:19:14.142,0.00,0.00,0.00,0.00,2,0
2026-06-12 20:19:14.192,0.00,0.00,0.00,0.00,2,0
2026-06-12 20:19:14.243,0.00,0.00,0.00,0.00,2,0
2026-06-12 20:19:14.293,0.00,0.00,0.00,0.00,2,0
2026-06-12 20:19:14.345,0.00,0.00,0.00,0.00,2,0
2026-06-12 20:19:14.394,0.00,0.00,0.00,0.00,2,0
2026-06-12 20:19:14.445,0.00,0.00,0.00,0.00,2,0
2026-06-12 20:19:14.495,0.00,0.00,0.00,0.00,2,0
2026-06-12 20:19:14.545,0.00,0.00,0.00,0.00,2,0
2026-06-12 20:19:14.596,0.00,0.00,0.00,0.00,2,0
2026-06-12 20:19:14.646,0.00,0.00,0.00,0.00,2,0
2026-06-12 20:19:14.697,0.00,0.00,0.00,0.00,2,0
2026-06-12 20:19:14.747,0.00,0.00,0.00,0.00,2,0
2026-06-12 20:19:14.797,0.00,0.00,0.00,0.00,2,0
2026-06-12 20:19:14.848,0.00,0.00,0.00,0.00,2,0
2026-06-12 20:19:14.900,0.00,0.00,0.00,0.00,2,0
2026-06-12 20:19:14.948,0.00,0.00,0.00,0.00,2,0
2026-06-12 20:19:14.999,0.00,0.00,0.00,0.00,2,0
2026-06-12 20:19:15.049,0.00,0.00,0.00,0.00,2,0
2026-06-12 20:19:15.100,0.00,0.00,0.00,0.00,2,0
2026-06-12 20:19:15.155,0.00,0.00,0.00,0.00,2,0
2026-06-12 20:19:15.201,0.00,0.00,0.00,0.00,2,0
2026-06-12 20:19:15.255,0.00,0.00,0.00,0.00,2,0
2026-06-12 20:19:15.301,0.00,0.00,0.00,0.00,2,0
2026-06-12 20:19:15.352,0.00,0.00,0.00,0.00,2,0
2026-06-12 20:19:15.402,0.00,0.00,0.00,0.00,2,0
2026-06-12 20:19:15.455,0.00,0.00,0.00,0.00,2,0
2026-06-12 20:19:15.503,0.00,0.00,0.00,0.00,2,0
2026-06-12 20:19:15.553,0.00,0.00,0.00,0.00,2,0
2026-06-12 20:19:15.604,0.00,0.00,0.00,0.00,2,0
2026-06-12 20:19:15.654,0.00,0.00,0.00,0.00,2,0
2026-06-12 20:19:15.704,0.00,0.00,0.00,0.00,2,0
2026-06-12 20:19:15.755,0.00,0.00,0.00,0.00,2,0
2026-06-12 20:19:15.805,0.00,0.00,0.00,0.00,2,0
2026-06-12 20:19:15.856,0.00,0.00,0.00,0.00,2,0
2026-06-12 20:19:15.906,0.00,0.00,0.00,0.00,2,0
2026-06-12 20:19:15.956,0.00,0.00,0.00,0.00,2,0
2026-06-12 20:19:16.007,0.00,0.00,0.00,0.00,2,0
2026-06-12 20:19:16.057,0.00,0.00,0.00,0.00,2,0
2026-06-12 20:19:16.108,0.00,0.00,0.00,0.00,2,0
2026-06-12 20:19:16.158,0.00,0.00,0.00,0.00,2,0
2026-06-12 20:19:16.208,0.00,0.00,0.00,0.00,2,0
2026-06-12 20:19:16.262,0.00,0.00,0.00,0.00,2,0
2026-06-12 20:19:16.309,0.00,0.00,0.00,0.00,2,0
2026-06-12 20:19:16.360,0.00,0.00,0.00,0.00,2,0
2026-06-12 20:19:16.410,0.00,0.00,0.00,0.00,2,0
2026-06-12 20:19:16.460,0.00,0.00,0.00,0.00,2,0
2026-06-12 20:19:16.512,0.00,0.00,0.00,0.00,2,0
2026-06-12 20:19:16.562,0.00,0.00,0.00,0.00,2,0
2026-06-12 20:19:16.612,0.00,0.00,0.00,0.00,2,0
2026-06-12 20:19:16.662,0.00,0.00,0.00,0.00,2,0
2026-06-12 20:19:16.712,0.00,0.00,0.00,0.00,2,0
2026-06-12 20:19:16.763,0.00,0.00,0.00,0.00,2,0
2026-06-12 20:19:16.814,0.00,0.00,0.00,0.00,2,0
2026-06-12 20:19:16.864,0.00,0.00,0.00,0.00,2,0
2026-06-12 20:19:16.914,0.00,0.00,0.00,0.00,2,0
2026-06-12 20:19:16.964,0.00,0.00,0.00,0.00,2,0
2026-06-12 20:19:17.015,0.00,0.00,0.00,0.00,2,0
2026-06-12 20:19:17.065,0.00,0.00,0.00,0.00,2,0
2026-06-12 20:19:17.116,0.00,0.00,0.00,0.00,2,0
2026-06-12 20:19:17.166,0.00,0.00,0.00,0.00,2,0
2026-06-12 20:19:17.216,0.00,0.00,0.00,0.00,2,0
2026-06-12 20:19:17.267,0.00,0.00,0.00,0.00,2,0
2026-06-12 20:19:17.317,0.00,0.00,0.00,0.00,2,0
2026-06-12 20:19:17.368,0.00,0.00,0.00,0.00,2,0
2026-06-12 20:19:17.418,0.00,0.00,0.00,0.00,2,0
2026-06-12 20:19:17.476,0.00,0.00,0.00,0.00,2,0
2026-06-12 20:19:17.519,0.00,0.00,0.00,0.00,2,0
2026-06-12 20:19:17.569,0.00,0.00,0.00,0.00,2,0
2026-06-12 20:19:17.620,0.00,0.00,0.00,0.00,2,0
2026-06-12 20:19:17.670,0.00,0.00,0.00,0.00,2,0
2026-06-12 20:19:17.720,0.00,0.00,0.00,0.00,2,0
2026-06-12 20:19:17.772,0.00,0.00,0.00,0.00,2,0
2026-06-12 20:19:17.822,0.00,0.00,0.00,0.00,2,0
2026-06-12 20:19:17.872,0.00,0.00,0.00,0.00,2,0
2026-06-12 20:19:17.923,0.00,0.00,0.00,0.00,2,0
2026-06-12 20:19:17.972,0.00,0.00,0.00,0.00,2,0
2026-06-12 20:19:18.024,0.00,0.00,0.00,0.00,2,0
2026-06-12 20:19:18.073,0.00,0.00,0.00,0.00,2,0
2026-06-12 20:19:18.124,0.00,0.00,0.00,0.00,2,0
2026-06-12 20:19:18.174,0.00,0.00,0.00,0.00,2,0
2026-06-12 20:19:18.232,0.00,0.00,0.00,0.00,2,0
2026-06-12 20:19:18.275,0.00,0.00,0.00,0.00,2,0
2026-06-12 20:19:18.325,0.00,0.00,0.00,0.00,2,0
2026-06-12 20:19:18.376,0.00,0.00,0.00,0.00,2,0
2026-06-12 20:19:18.426,0.00,0.00,0.00,0.00,2,0
2026-06-12 20:19:18.476,0.00,0.00,0.00,0.00,2,0
2026-06-12 20:19:18.527,0.00,0.00,0.00,0.00,2,0
2026-06-12 20:19:18.577,0.00,0.00,0.00,0.00,2,0
2026-06-12 20:19:18.628,0.00,0.00,0.00,0.00,2,0
2026-06-12 20:19:18.678,0.00,0.00,0.00,0.00,2,0
2026-06-12 20:19:18.728,0.00,0.00,0.00,0.00,2,0
2026-06-12 20:19:18.779,0.00,0.00,0.00,0.00,2,0
2026-06-12 20:19:18.829,0.00,0.00,0.00,0.00,2,0
2026-06-12 20:19:18.879,0.00,0.00,0.00,0.00,2,0
2026-06-12 20:19:18.930,0.00,0.00,0.00,0.00,2,0
2026-06-12 20:19:18.980,0.00,0.00,0.00,0.00,2,0
2026-06-12 20:19:19.031,0.00,0.00,0.00,0.00,2,0
2026-06-12 20:19:19.081,0.00,0.00,0.00,0.00,2,0
2026-06-12 20:19:19.132,0.00,0.00,0.00,0.00,2,0
2026-06-12 20:19:19.182,0.00,0.00,0.00,0.00,2,0
2026-06-12 20:19:19.232,0.00,0.00,0.00,0.00,2,0
2026-06-12 20:19:19.283,0.00,0.00,0.00,0.00,2,0
2026-06-12 20:19:19.337,0.00,0.00,0.00,0.00,2,0
2026-06-12 20:19:19.383,0.00,0.00,0.00,0.00,2,0
2026-06-12 20:19:19.434,0.00,0.00,0.00,0.00,2,0
2026-06-12 20:19:19.484,0.00,0.00,0.00,0.00,2,0
2026-06-12 20:19:19.535,0.00,0.00,0.00,0.00,2,0
2026-06-12 20:19:19.585,0.00,0.00,0.00,0.00,2,0
2026-06-12 20:19:19.635,0.00,0.00,0.00,0.00,2,0
2026-06-12 20:19:19.686,0.00,0.00,0.00,0.00,2,0
2026-06-12 20:19:19.736,0.00,0.00,0.00,0.00,2,0
2026-06-12 20:19:19.787,0.00,0.00,0.00,0.00,2,0
2026-06-12 20:19:19.839,0.00,0.00,0.00,0.00,2,0
2026-06-12 20:19:19.888,0.00,0.00,0.00,0.00,2,0
2026-06-12 20:19:19.938,0.00,0.00,0.00,0.00,2,0
2026-06-12 20:19:19.988,0.00,0.00,0.00,0.00,2,0
2026-06-12 20:19:20.039,0.00,0.00,0.00,0.00,2,0
2026-06-12 20:19:20.089,0.00,0.00,0.00,0.00,2,0
2026-06-12 20:19:20.140,0.00,0.00,0.00,0.00,2,0
2026-06-12 20:19:20.190,0.00,0.00,0.00,0.00,2,0
2026-06-12 20:19:20.241,0.00,0.00,0.00,0.00,2,0
2026-06-12 20:19:20.291,0.00,0.00,0.00,0.00,2,0
2026-06-12 20:19:20.341,0.00,0.00,0.00,0.00,2,0
2026-06-12 20:19:20.391,0.00,0.00,0.00,0.00,2,0
2026-06-12 20:19:20.450,0.00,0.00,0.00,0.00,2,0
2026-06-12 20:19:20.492,0.00,0.00,0.00,0.00,2,0
2026-06-12 20:19:20.543,0.00,0.00,0.00,0.00,2,0
2026-06-12 20:19:20.593,0.00,0.00,0.00,0.00,2,0
2026-06-12 20:19:20.643,0.00,0.00,0.00,0.00,2,0
2026-06-12 20:19:20.694,0.00,0.00,0.00,0.00,2,0
2026-06-12 20:19:20.745,0.00,0.00,0.00,0.00,2,0
2026-06-12 20:19:20.795,0.00,0.00,0.00,0.00,2,0
2026-06-12 20:19:20.845,0.00,0.00,0.00,0.00,2,0
2026-06-12 20:19:20.895,0.00,0.00,0.00,0.00,2,0
2026-06-12 20:19:20.946,0.00,0.00,0.00,0.00,2,0
2026-06-12 20:19:20.996,0.00,0.00,0.00,0.00,2,0
2026-06-12 20:19:21.047,0.00,0.00,0.00,0.00,2,0
2026-06-12 20:19:21.097,0.00,0.00,0.00,0.00,2,0
2026-06-12 20:19:21.147,0.00,0.00,0.00,0.00,2,0
2026-06-12 20:19:21.198,0.00,0.00,0.00,0.00,2,0
2026-06-12 20:19:21.248,0.00,0.00,0.00,0.00,2,0
2026-06-12 20:19:21.299,0.00,0.00,0.00,0.00,2,0
2026-06-12 20:19:21.349,0.00,0.00,0.00,0.00,2,0
2026-06-12 20:19:21.399,0.00,0.00,0.00,0.00,2,0
2026-06-12 20:19:21.450,0.00,0.00,0.00,0.00,2,0
2026-06-12 20:19:21.500,0.00,0.00,0.00,0.00,2,0
2026-06-12 20:19:21.551,0.00,0.00,0.00,0.00,2,0
2026-06-12 20:19:21.602,0.00,0.00,0.00,0.00,2,0
2026-06-12 20:19:21.652,0.00,0.00,0.00,0.00,2,0
2026-06-12 20:19:21.702,0.00,0.00,0.00,0.00,2,0
2026-06-12 20:19:21.752,0.00,0.00,0.00,0.00,2,0
2026-06-12 20:19:21.803,0.00,0.00,0.00,0.00,2,0
2026-06-12 20:19:21.853,0.00,0.00,0.00,0.00,2,0
2026-06-12 20:19:21.903,0.00,0.00,0.00,0.00,2,0
2026-06-12 20:19:21.954,0.00,0.00,0.00,0.00,2,0
2026-06-12 20:19:22.005,0.00,0.00,0.00,0.00,2,0
2026-06-12 20:19:22.055,0.00,0.00,0.00,0.00,2,0
2026-06-12 20:19:22.105,0.00,0.00,0.00,0.00,2,0
2026-06-12 20:19:22.155,0.00,0.00,0.00,0.00,2,0
2026-06-12 20:19:22.206,0.00,0.00,0.00,0.00,2,0
2026-06-12 20:19:22.256,0.00,0.00,0.00,0.00,2,0
2026-06-12 20:19:22.312,0.00,0.00,0.00,0.00,2,0
2026-06-12 20:19:22.357,0.00,0.00,0.00,0.00,2,0
2026-06-12 20:19:22.407,0.00,0.00,0.00,0.00,2,0
2026-06-12 20:19:22.458,0.00,0.00,0.00,0.00,2,0
2026-06-12 20:19:22.510,0.00,0.00,0.00,0.00,2,0
2026-06-12 20:19:22.559,0.00,0.00,0.00,0.00,2,0
2026-06-12 20:19:22.612,0.00,0.00,0.00,0.00,2,0
2026-06-12 20:19:22.664,0.00,0.00,0.00,0.00,2,0
2026-06-12 20:19:22.710,0.00,0.00,0.00,0.00,2,0
2026-06-12 20:19:22.760,0.00,0.00,0.00,0.00,2,0
2026-06-12 20:19:22.811,0.00,0.00,0.00,0.00,2,0
2026-06-12 20:19:22.862,0.00,0.00,0.00,0.00,2,0
2026-06-12 20:19:22.911,0.00,0.00,0.00,0.00,2,0
2026-06-12 20:19:22.962,0.00,0.00,0.00,0.00,2,0
2026-06-12 20:19:23.013,0.00,0.00,0.00,0.00,2,0
2026-06-12 20:19:23.064,0.00,0.00,0.00,0.00,2,0
2026-06-12 20:19:23.113,0.00,0.00,0.00,0.00,2,0
2026-06-12 20:19:23.163,0.00,0.00,0.00,0.00,2,0
2026-06-12 20:19:23.214,0.00,0.00,0.00,0.00,2,0
2026-06-12 20:19:23.264,0.00,0.00,0.00,0.00,2,0
2026-06-12 20:19:23.314,0.00,0.00,0.00,0.00,2,0
2026-06-12 20:19:23.365,0.00,0.00,0.00,0.00,2,0
2026-06-12 20:19:23.415,0.00,0.00,0.00,0.00,2,0
2026-06-12 20:19:23.466,0.00,0.00,0.00,0.00,2,0
2026-06-12 20:19:23.516,0.00,0.00,0.00,0.00,2,0
2026-06-12 20:19:23.566,0.00,0.00,0.00,0.00,2,0
2026-06-12 20:19:23.617,0.00,0.00,0.00,0.00,2,0
2026-06-12 20:19:23.667,0.00,0.00,0.00,0.00,2,0
2026-06-12 20:19:23.718,0.00,0.00,0.00,0.00,2,0
2026-06-12 20:19:23.768,0.00,0.00,0.00,0.00,2,0
2026-06-12 20:19:23.819,0.00,0.00,0.00,0.00,2,0
2026-06-12 20:19:23.869,0.00,0.00,0.00,0.00,2,0
2026-06-12 20:19:23.919,0.00,0.00,0.00,0.00,2,0
2026-06-12 20:19:23.970,0.00,0.00,0.00,0.00,2,0
2026-06-12 20:19:24.020,0.00,0.00,0.00,0.00,2,0
2026-06-12 20:19:24.071,0.00,0.00,0.00,0.00,2,0
2026-06-12 20:19:24.124,0.00,0.00,0.00,0.00,2,0
2026-06-12 20:19:24.171,0.00,0.00,0.00,0.00,2,0
2026-06-12 20:19:24.223,0.00,0.00,0.00,0.00,2,0
2026-06-12 20:19:24.272,0.00,0.00,0.00,0.00,2,0
2026-06-12 20:19:24.324,0.00,0.00,0.00,0.00,2,0
2026-06-12 20:19:24.373,0.00,0.00,0.00,0.00,2,0
2026-06-12 20:19:24.423,0.00,0.00,0.00,0.00,2,0
2026-06-12 20:19:24.474,0.00,0.00,0.00,0.00,2,0
2026-06-12 20:19:24.524,0.00,0.00,0.00,0.00,2,0
2026-06-12 20:19:24.575,0.00,0.00,0.00,0.00,2,0
2026-06-12 20:19:24.625,0.00,0.00,0.00,0.00,2,0
2026-06-12 20:19:24.675,0.00,0.00,0.00,0.00,2,0
2026-06-12 20:19:24.726,0.00,0.00,0.00,0.00,2,0
2026-06-12 20:19:24.776,0.00,0.00,0.00,0.00,2,0
2026-06-12 20:19:24.827,0.00,0.00,0.00,0.00,2,0
2026-06-12 20:19:24.877,0.00,0.00,0.00,0.00,2,0
2026-06-12 20:19:24.927,0.00,0.00,0.00,0.00,2,0
2026-06-12 20:19:24.979,0.00,0.00,0.00,0.00,2,0
2026-06-12 20:19:25.028,0.00,0.00,0.00,0.00,2,0
2026-06-12 20:19:25.079,0.00,0.00,0.00,0.00,2,0
2026-06-12 20:19:25.136,0.00,0.00,0.00,0.00,2,0
2026-06-12 20:19:25.179,0.00,0.00,0.00,0.00,2,0
2026-06-12 20:19:25.230,0.00,0.00,0.00,0.00,2,0
2026-06-12 20:19:25.284,0.00,0.00,0.00,0.00,2,0
2026-06-12 20:19:25.331,0.00,0.00,0.00,0.00,2,0
2026-06-12 20:19:25.382,0.00,0.00,0.00,0.00,2,0
2026-06-12 20:19:25.431,0.00,0.00,0.00,0.00,2,0
2026-06-12 20:19:25.482,0.00,0.00,0.00,0.00,2,0
2026-06-12 20:19:25.532,0.00,0.00,0.00,0.00,2,0
2026-06-12 20:19:25.582,0.00,0.00,0.00,0.00,2,0
2026-06-12 20:19:25.633,0.00,0.00,0.00,0.00,2,0
2026-06-12 20:19:25.683,0.00,0.00,0.00,0.00,2,0
2026-06-12 20:19:25.734,0.00,0.00,0.00,0.00,2,0
2026-06-12 20:19:25.784,0.00,0.00,0.00,0.00,2,0
2026-06-12 20:19:25.835,0.00,0.00,0.00,0.00,2,0
2026-06-12 20:19:25.885,0.00,0.00,0.00,0.00,2,0
2026-06-12 20:19:25.935,0.00,0.00,0.00,0.00,2,0
2026-06-12 20:19:25.986,0.00,0.00,0.00,0.00,2,0
2026-06-12 20:19:26.036,0.00,0.00,0.00,0.00,2,0
2026-06-12 20:19:26.087,0.00,0.00,0.00,0.00,2,0
2026-06-12 20:19:26.137,0.00,0.00,0.00,0.00,2,0
2026-06-12 20:19:26.187,0.00,0.00,0.00,0.00,2,0
2026-06-12 20:19:26.238,0.00,0.00,0.00,0.00,2,0
2026-06-12 20:19:26.288,0.00,0.00,0.00,0.00,2,0
2026-06-12 20:19:26.339,0.00,0.00,0.00,0.00,2,0
2026-06-12 20:19:26.389,0.00,0.00,0.00,0.00,2,0
2026-06-12 20:19:26.439,0.00,0.00,0.00,0.00,2,0
2026-06-12 20:19:26.490,0.00,0.00,0.00,0.00,2,0
2026-06-12 20:19:26.540,0.00,0.00,0.00,0.00,2,0
2026-06-12 20:19:26.590,0.00,0.00,0.00,0.00,2,0
2026-06-12 20:19:26.642,0.00,0.00,0.00,0.00,2,0
2026-06-12 20:19:26.693,0.00,0.00,0.00,0.00,2,0
2026-06-12 20:19:26.742,0.00,0.00,0.00,0.00,2,0
2026-06-12 20:19:26.792,0.00,0.00,0.00,0.00,2,0
2026-06-12 20:19:26.842,0.00,0.00,0.00,0.00,2,0
2026-06-12 20:19:26.893,0.00,0.00,0.00,0.00,2,0
2026-06-12 20:19:26.944,0.00,0.00,0.00,0.00,2,0
2026-06-12 20:19:26.995,0.00,0.00,0.00,0.00,2,0
2026-06-12 20:19:27.046,0.00,0.00,0.00,0.00,2,0
2026-06-12 20:19:27.100,0.00,0.00,0.00,0.00,2,0
2026-06-12 20:19:27.145,0.00,0.00,0.00,0.00,2,0
2026-06-12 20:19:27.195,0.00,0.00,0.00,0.00,2,0
2026-06-12 20:19:27.246,0.00,0.00,0.00,0.00,2,0
2026-06-12 20:19:27.296,0.00,0.00,0.00,0.00,2,0
2026-06-12 20:19:27.346,0.00,0.00,0.00,0.00,2,0
2026-06-12 20:19:27.397,0.00,0.00,0.00,0.00,2,0
2026-06-12 20:19:27.447,0.00,0.00,0.00,0.00,2,0
2026-06-12 20:19:27.498,0.00,0.00,0.00,0.00,2,0
2026-06-12 20:19:27.548,0.00,0.00,0.00,0.00,2,0
2026-06-12 20:19:27.598,0.00,0.00,0.00,0.00,2,0
2026-06-12 20:19:27.649,0.00,0.00,0.00,0.00,2,0
2026-06-12 20:19:27.699,0.00,0.00,0.00,0.00,2,0
2026-06-12 20:19:27.750,0.00,0.00,0.00,0.00,2,0
2026-06-12 20:19:27.800,0.00,0.00,0.00,0.00,2,0
2026-06-12 20:19:27.850,0.00,0.00,0.00,0.00,2,0
2026-06-12 20:19:27.904,0.00,0.00,0.00,0.00,2,0
2026-06-12 20:19:27.952,0.00,0.00,0.00,0.00,2,0
2026-06-12 20:19:28.002,0.00,0.00,0.00,0.00,2,0
2026-06-12 20:19:28.052,0.00,0.00,0.00,0.00,2,0
2026-06-12 20:19:28.102,0.00,0.00,0.00,0.00,2,0
2026-06-12 20:19:28.153,0.00,0.00,0.00,0.00,2,0
2026-06-12 20:19:28.203,0.00,0.00,0.00,0.00,2,0
2026-06-12 20:19:28.254,0.00,0.00,0.00,0.00,2,0
2026-06-12 20:19:28.306,0.00,0.00,0.00,0.00,2,0
2026-06-12 20:19:28.354,0.00,0.00,0.00,0.00,2,0
2026-06-12 20:19:28.405,0.00,0.00,0.00,0.00,2,0
2026-06-12 20:19:28.455,0.00,0.00,0.00,0.00,2,0
2026-06-12 20:19:28.506,0.00,0.00,0.00,0.00,2,0
2026-06-12 20:19:28.556,0.00,0.00,0.00,0.00,2,0
2026-06-12 20:19:28.606,0.00,0.00,0.00,0.00,2,0
2026-06-12 20:19:28.657,0.00,0.00,0.00,0.00,2,0
2026-06-12 20:19:28.707,0.00,0.00,0.00,0.00,2,0
2026-06-12 20:19:28.758,0.00,0.00,0.00,0.00,2,0
2026-06-12 20:19:28.808,0.00,0.00,0.00,0.00,2,0
2026-06-12 20:19:28.858,0.00,0.00,0.00,0.00,2,0
2026-06-12 20:19:28.909,0.00,0.00,0.00,0.00,2,0
2026-06-12 20:19:28.959,0.00,0.00,0.00,0.00,2,0
2026-06-12 20:19:29.010,0.00,0.00,0.00,0.00,2,0
2026-06-12 20:19:29.060,0.00,0.00,0.00,0.00,2,0
2026-06-12 20:19:29.110,0.00,0.00,0.00,0.00,2,0
2026-06-12 20:19:29.162,0.00,0.00,0.00,0.00,2,0
2026-06-12 20:19:29.211,0.00,0.00,0.00,0.00,2,0
2026-06-12 20:19:29.262,0.00,0.00,0.00,0.00,2,0
2026-06-12 20:19:29.312,0.00,0.00,0.00,0.00,2,0
2026-06-12 20:19:29.362,0.00,0.00,0.00,0.00,2,0
2026-06-12 20:19:29.413,0.00,0.00,0.00,0.00,2,0
2026-06-12 20:19:29.463,0.00,0.00,0.00,0.00,2,0
2026-06-12 20:19:29.514,0.00,0.00,0.00,0.00,2,0
2026-06-12 20:19:29.564,0.00,0.00,0.00,0.00,2,0
2026-06-12 20:19:29.614,0.00,0.00,0.00,0.00,2,0
2026-06-12 20:19:29.665,0.00,0.00,0.00,0.00,2,0
2026-06-12 20:19:29.716,0.00,0.00,0.00,0.00,2,0
2026-06-12 20:19:29.766,0.00,0.00,0.00,0.00,2,0
2026-06-12 20:19:29.816,0.00,0.00,0.00,0.00,2,0
2026-06-12 20:19:29.868,0.00,0.00,0.00,0.00,2,0
2026-06-12 20:19:29.917,0.00,0.00,0.00,0.00,2,0
2026-06-12 20:19:29.967,0.00,0.00,0.00,0.00,2,0
2026-06-12 20:19:30.020,0.00,0.00,0.00,0.00,2,0
2026-06-12 20:19:30.068,0.00,0.00,0.00,0.00,2,0
2026-06-12 20:19:30.120,0.00,0.00,0.00,0.00,2,0
2026-06-12 20:19:30.169,0.00,0.00,0.00,0.00,2,0
2026-06-12 20:19:30.219,0.00,0.00,0.00,0.00,2,0
2026-06-12 20:19:30.270,0.00,0.00,0.00,0.00,2,0
2026-06-12 20:19:30.320,0.00,0.00,0.00,0.00,2,0
2026-06-12 20:19:30.370,0.00,0.00,0.00,0.00,2,0
2026-06-12 20:19:30.422,0.00,0.00,0.00,0.00,2,0
2026-06-12 20:19:30.472,0.00,0.00,0.00,0.00,2,0
2026-06-12 20:19:30.523,0.00,0.00,0.00,0.00,2,0
2026-06-12 20:19:30.572,0.00,0.00,0.00,0.00,2,0
2026-06-12 20:19:30.623,0.00,0.00,0.00,0.00,2,0
2026-06-12 20:19:30.673,0.00,0.00,0.00,0.00,2,0
2026-06-12 20:19:30.724,0.00,0.00,0.00,0.00,2,0
2026-06-12 20:19:30.774,0.00,0.00,0.00,0.00,2,0
2026-06-12 20:19:30.826,0.00,0.00,0.00,0.00,2,0
2026-06-12 20:19:30.874,0.00,0.00,0.00,0.00,2,0
2026-06-12 20:19:30.925,0.00,0.00,0.00,0.00,2,0
2026-06-12 20:19:30.975,0.00,0.00,0.00,0.00,2,0
2026-06-12 20:19:31.026,0.00,0.00,0.00,0.00,2,0
2026-06-12 20:19:31.076,0.00,0.00,0.00,0.00,2,0
2026-06-12 20:19:31.126,0.04,0.00,0.00,0.00,2,0
2026-06-12 20:19:31.177,0.04,0.00,1.15,0.34,2,0
2026-06-12 20:19:31.227,0.04,0.00,1.15,0.34,2,0
2026-06-12 20:19:31.278,0.04,0.00,1.15,0.34,2,0
2026-06-12 20:19:31.328,0.04,0.00,1.15,0.34,2,0
2026-06-12 20:19:31.378,0.04,0.00,1.15,0.34,2,0
2026-06-12 20:19:31.432,0.04,0.00,1.15,0.34,2,0
2026-06-12 20:19:31.479,0.04,0.00,1.15,0.34,2,0
2026-06-12 20:19:31.530,0.04,0.00,1.15,0.34,2,0
2026-06-12 20:19:31.580,0.06,0.00,1.15,0.34,2,0
2026-06-12 20:19:31.630,0.06,0.00,1.14,0.58,2,0
2026-06-12 20:19:31.684,0.06,0.00,1.14,0.58,2,0
2026-06-12 20:19:31.731,0.06,0.00,1.14,0.58,2,0
2026-06-12 20:19:31.782,0.08,0.01,1.14,0.58,2,0
2026-06-12 20:19:31.832,0.08,0.01,1.15,0.75,2,0
2026-06-12 20:19:31.882,0.08,0.01,1.15,0.75,2,0
2026-06-12 20:19:31.933,0.10,0.01,1.15,0.75,2,0
2026-06-12 20:19:31.983,0.10,0.01,1.17,0.88,2,0
2026-06-12 20:19:32.034,0.10,0.01,1.17,0.88,2,0
2026-06-12 20:19:32.084,1.12,0.35,1.17,0.88,2,0
2026-06-12 20:19:32.134,1.12,0.35,31.94,10.20,2,0
2026-06-12 20:19:32.185,2.37,0.71,31.94,10.20,2,0
2026-06-12 20:19:32.235,2.37,0.71,47.96,21.52,2,0
2026-06-12 20:19:32.286,3.57,1.10,47.96,21.52,2,0
2026-06-12 20:19:32.336,3.57,1.10,57.70,32.38,2,0
2026-06-12 20:19:32.387,4.73,1.41,57.70,32.38,2,0
2026-06-12 20:19:32.437,4.73,1.41,67.48,42.91,2,0
2026-06-12 20:19:32.487,5.76,1.77,67.48,42.91,2,0
2026-06-12 20:19:32.538,5.76,1.77,74.24,52.31,2,0
2026-06-12 20:19:32.592,6.73,1.90,74.24,52.31,2,0
2026-06-12 20:19:32.638,7.57,2.08,81.71,61.13,2,0
2026-06-12 20:19:32.689,7.57,2.08,86.56,68.76,2,0
2026-06-12 20:19:32.739,8.29,2.17,86.56,68.76,2,0
2026-06-12 20:19:32.790,8.94,2.20,90.50,75.28,2,0
2026-06-12 20:19:32.844,8.94,2.20,94.94,81.18,2,0
2026-06-12 20:19:32.891,9.50,2.18,94.94,81.18,2,0
2026-06-12 20:19:32.942,10.05,2.16,98.06,86.24,2,0
2026-06-12 20:19:32.992,10.56,2.26,103.05,91.28,2,0
2026-06-12 20:19:33.042,10.56,2.26,106.77,95.93,2,0
2026-06-12 20:19:33.092,11.07,2.20,106.77,95.93,2,0
2026-06-12 20:19:33.142,11.55,2.26,111.26,100.53,2,0
2026-06-12 20:19:33.193,11.96,2.15,114.91,104.84,2,0
2026-06-12 20:19:33.243,12.33,2.14,117.52,108.65,2,0
2026-06-12 20:19:33.294,12.64,2.06,119.72,111.97,2,0
2026-06-12 20:19:33.344,12.64,2.06,121.21,114.74,2,0
2026-06-12 20:19:33.397,12.96,1.94,121.21,114.74,2,0
2026-06-12 20:19:33.445,13.31,1.93,124.72,117.73,2,0
2026-06-12 20:19:33.495,13.66,1.93,128.31,120.91,2,0
2026-06-12 20:19:33.552,14.05,1.96,131.44,124.07,2,0
2026-06-12 20:19:33.596,14.41,1.97,135.84,127.60,2,0
2026-06-12 20:19:33.647,14.76,1.96,138.54,130.88,2,0
2026-06-12 20:19:33.697,15.05,1.90,141.46,134.06,2,0
2026-06-12 20:19:33.748,15.27,1.74,142.72,136.65,2,0
2026-06-12 20:19:33.798,15.53,1.89,143.32,138.65,2,0
2026-06-12 20:19:33.848,15.75,1.79,146.43,140.99,2,0
2026-06-12 20:19:33.899,16.05,1.77,147.72,143.00,2,0
2026-06-12 20:19:33.949,16.39,1.79,152.04,145.72,2,0
2026-06-12 20:19:33.999,16.60,1.70,156.05,148.82,2,0
2026-06-12 20:19:34.050,16.86,1.65,155.27,150.75,2,0
2026-06-12 20:19:34.100,17.06,1.58,158.49,153.07,2,0
2026-06-12 20:19:34.151,17.46,1.63,159.37,154.96,2,0
2026-06-12 20:19:34.202,20.30,5.64,163.70,158.51,2,0
2026-06-12 20:19:34.252,21.64,5.91,220.56,184.34,2,0
2026-06-12 20:19:34.302,22.64,5.84,224.87,196.50,2,0
2026-06-12 20:19:34.352,22.16,4.17,226.76,205.58,2,0
2026-06-12 20:19:34.403,21.25,2.80,191.19,201.26,2,0
2026-06-12 20:19:34.453,20.16,0.81,173.58,192.96,2,0
2026-06-12 20:19:34.503,19.92,0.49,173.33,183.11,2,0
2026-06-12 20:19:34.554,19.75,0.27,175.87,180.94,2,0
2026-06-12 20:19:34.604,19.70,0.15,175.62,179.34,2,0
2026-06-12 20:19:34.655,19.79,0.20,177.85,178.90,2,0
2026-06-12 20:19:34.705,19.97,0.39,181.51,179.68,2,0
2026-06-12 20:19:34.755,20.07,0.42,184.03,181.31,2,0
2026-06-12 20:19:34.806,20.12,0.40,184.41,182.24,2,0
2026-06-12 20:19:34.856,20.23,0.52,183.73,182.69,2,0
2026-06-12 20:19:34.907,20.47,0.69,185.99,183.68,2,0
2026-06-12 20:19:34.957,20.69,0.77,189.04,185.87,2,0
2026-06-12 20:19:35.008,20.91,1.02,192.64,187.90,2,0
2026-06-12 20:19:35.058,21.32,1.19,194.46,189.87,2,0
2026-06-12 20:19:35.108,21.47,1.13,197.36,193.62,2,0
2026-06-12 20:19:35.159,21.58,1.15,197.99,194.93,2,0
2026-06-12 20:19:35.209,21.89,1.24,198.41,195.98,2,0
2026-06-12 20:19:35.260,22.08,1.21,203.00,198.75,2,0
2026-06-12 20:19:35.310,22.43,1.41,204.64,200.52,2,0
2026-06-12 20:19:35.360,22.52,1.27,207.22,203.70,2,0
2026-06-12 20:19:35.411,22.55,1.14,206.26,204.47,2,0
2026-06-12 20:19:35.461,22.61,0.91,205.64,204.82,2,0
2026-06-12 20:19:35.512,22.70,0.85,206.37,205.35,2,0
2026-06-12 20:19:35.562,23.01,1.08,208.10,206.18,2,0
2026-06-12 20:19:35.612,23.15,1.04,212.36,208.95,2,0
2026-06-12 20:19:35.663,23.25,1.04,213.31,210.26,2,0
2026-06-12 20:19:35.713,23.33,0.83,213.22,211.14,2,0
2026-06-12 20:19:35.766,23.31,0.66,212.29,211.90,2,0
2026-06-12 20:19:35.814,23.48,0.67,211.10,211.66,2,0
2026-06-12 20:19:35.865,24.97,2.94,214.82,213.25,2,0
2026-06-12 20:19:35.916,28.19,6.90,256.52,226.74,2,0
2026-06-12 20:19:35.965,29.08,6.61,283.63,255.96,2,0
2026-06-12 20:19:36.016,28.08,4.02,282.87,264.03,2,0
2026-06-12 20:19:36.066,25.65,0.25,233.85,254.98,2,0
2026-06-12 20:19:36.116,25.00,-0.86,212.34,232.91,2,0
2026-06-12 20:19:36.167,24.30,-1.39,213.36,227.04,2,0
2026-06-12 20:19:36.217,23.99,-1.44,214.56,220.67,2,0
2026-06-12 20:19:36.269,23.43,-1.89,211.27,217.85,2,0
2026-06-12 20:19:36.318,23.22,-1.78,206.95,212.74,2,0
2026-06-12 20:19:36.369,23.14,-1.65,206.53,210.88,2,0
2026-06-12 20:19:36.419,23.08,-1.25,208.28,210.10,2,0
2026-06-12 20:19:36.470,23.03,-1.10,209.31,209.55,2,0
2026-06-12 20:19:36.520,22.80,-1.14,208.07,209.10,2,0
2026-06-12 20:19:36.570,24.10,0.11,204.55,207.03,2,0
2026-06-12 20:19:36.621,25.93,3.03,246.35,218.82,2,0
2026-06-12 20:19:36.671,28.34,4.85,274.24,235.45,2,0
2026-06-12 20:19:36.721,27.47,3.40,278.44,257.36,2,0
2026-06-12 20:19:36.772,25.46,-0.54,231.09,249.48,2,0
2026-06-12 20:19:36.822,24.87,-0.96,213.24,231.21,2,0
2026-06-12 20:19:36.873,24.39,-1.57,213.23,225.82,2,0
2026-06-12 20:19:36.923,23.99,-1.50,211.48,221.52,2,0
2026-06-12 20:19:36.974,24.01,-1.23,216.12,217.82,2,0
2026-06-12 20:19:37.024,24.20,-0.67,218.63,218.06,2,0
2026-06-12 20:19:37.076,24.18,-0.61,221.66,219.78,2,0
2026-06-12 20:19:37.125,24.00,-0.68,218.98,219.54,2,0
2026-06-12 20:19:37.175,23.96,-0.65,215.34,217.98,2,0
2026-06-12 20:19:37.226,24.21,-0.17,216.71,217.60,2,0
2026-06-12 20:19:37.276,24.46,0.27,222.70,219.85,2,0
2026-06-12 20:19:37.326,24.59,0.29,227.36,222.10,2,0
2026-06-12 20:19:37.377,25.95,2.50,223.32,223.28,2,0
2026-06-12 20:19:37.427,29.13,6.63,265.33,235.70,2,0
2026-06-12 20:19:37.478,30.12,7.21,292.15,264.55,2,0
2026-06-12 20:19:37.528,27.76,2.27,294.33,273.48,2,0
2026-06-12 20:19:37.579,26.81,0.33,223.85,252.12,2,0
2026-06-12 20:19:37.629,25.48,-1.25,223.21,243.45,2,0
2026-06-12 20:19:37.679,24.99,-1.46,219.11,231.35,2,0
2026-06-12 20:19:37.730,24.44,-1.87,216.66,226.94,2,0
2026-06-12 20:19:37.780,24.34,-1.66,217.93,221.91,2,0
2026-06-12 20:19:37.831,24.33,-1.22,219.14,221.08,2,0
2026-06-12 20:19:37.881,24.26,-1.10,220.95,220.98,2,0
2026-06-12 20:19:37.932,23.96,-1.25,218.65,220.28,2,0
2026-06-12 20:19:37.982,23.88,-1.13,214.24,217.59,2,0
2026-06-12 20:19:38.032,23.89,-0.95,215.04,216.83,2,0
2026-06-12 20:19:38.083,24.10,-0.40,217.10,216.91,2,0
2026-06-12 20:19:38.133,24.15,-0.27,221.83,218.89,2,0
2026-06-12 20:19:38.183,25.50,2.08,220.20,219.28,2,0
2026-06-12 20:19:38.234,27.43,5.00,260.65,231.54,2,0
2026-06-12 20:19:38.284,30.11,6.67,290.19,249.14,2,0
2026-06-12 20:19:38.335,29.19,3.56,299.14,273.42,2,0
2026-06-12 20:19:38.385,31.12,5.51,265.11,265.05,2,0
2026-06-12 20:19:38.436,31.57,5.40,298.66,282.63,2,0
2026-06-12 20:19:38.486,28.48,-0.06,296.22,286.71,2,0
2026-06-12 20:19:38.536,27.22,-2.15,219.59,258.59,2,0
2026-06-12 20:19:38.587,25.92,-2.95,220.42,247.14,2,0
2026-06-12 20:19:38.637,25.70,-2.87,224.54,235.34,2,0
2026-06-12 20:19:38.688,25.26,-2.62,228.81,233.38,2,0
2026-06-12 20:19:38.738,25.04,-2.60,224.05,229.36,2,0
2026-06-12 20:19:38.788,24.59,-2.37,222.64,227.35,2,0
2026-06-12 20:19:38.839,24.55,-2.08,219.21,223.33,2,0
2026-06-12 20:19:38.889,24.54,-1.50,222.15,222.98,2,0
2026-06-12 20:19:38.940,24.57,-1.23,223.09,222.84,2,0
2026-06-12 20:19:38.990,24.34,-1.16,223.67,223.09,2,0
2026-06-12 20:19:39.041,24.15,-1.14,218.58,221.06,2,0
2026-06-12 20:19:39.091,27.22,3.99,215.31,219.33,2,0
2026-06-12 20:19:39.141,28.77,4.66,286.85,247.23,2,0
2026-06-12 20:19:39.192,28.93,3.35,294.00,261.26,2,0
2026-06-12 20:19:39.242,27.46,1.62,242.31,262.73,2,0
2026-06-12 20:19:39.293,25.52,-1.72,218.06,249.33,2,0
2026-06-12 20:19:39.343,24.94,-1.95,213.78,231.75,2,0
2026-06-12 20:19:39.393,24.59,-1.90,214.08,226.45,2,0
2026-06-12 20:19:39.444,24.64,-1.58,221.78,223.35,2,0
2026-06-12 20:19:39.494,24.59,-1.22,224.68,223.75,2,0
2026-06-12 20:19:39.545,24.47,-1.13,222.16,223.32,2,0
2026-06-12 20:19:39.595,24.32,-1.23,219.78,222.26,2,0
2026-06-12 20:19:39.646,24.26,-0.92,217.44,220.81,2,0
2026-06-12 20:19:39.697,24.33,-0.66,220.47,220.33,2,0
2026-06-12 20:19:39.746,24.53,-0.30,222.51,220.98,2,0
2026-06-12 20:19:39.797,24.47,-0.35,223.58,222.73,2,0
2026-06-12 20:19:39.847,24.25,-0.57,221.08,222.23,2,0
2026-06-12 20:19:39.898,24.18,-0.59,216.68,220.19,2,0
2026-06-12 20:19:39.948,24.22,-0.39,218.23,219.60,2,0
2026-06-12 20:19:39.998,24.32,-0.16,220.28,219.90,2,0
2026-06-12 20:19:40.049,24.34,-0.13,223.12,220.87,2,0
2026-06-12 20:19:40.099,24.24,-0.29,220.27,221.06,2,0
2026-06-12 20:19:40.150,24.02,-0.46,217.83,220.09,2,0
2026-06-12 20:19:40.200,24.08,-0.28,215.94,218.09,2,0
2026-06-12 20:19:40.251,24.46,0.26,220.13,218.70,2,0
2026-06-12 20:19:40.301,24.63,0.50,226.50,222.17,2,0
2026-06-12 20:19:40.352,24.53,0.21,227.22,223.68,2,0
2026-06-12 20:19:40.402,24.50,0.14,221.02,222.75,2,0
2026-06-12 20:19:40.452,24.54,0.17,221.98,222.52,2,0
2026-06-12 20:19:40.503,24.64,0.30,223.82,222.84,2,0
2026-06-12 20:19:40.553,24.88,0.50,225.88,223.75,2,0
2026-06-12 20:19:40.603,24.88,0.42,228.35,225.91,2,0
2026-06-12 20:19:40.654,24.74,0.12,225.85,225.89,2,0
2026-06-12 20:19:40.704,24.65,-0.04,222.66,224.64,2,0
2026-06-12 20:19:40.755,24.79,0.11,222.14,223.89,2,0
2026-06-12 20:19:40.805,24.81,0.13,226.19,225.10,2,0
2026-06-12 20:19:40.856,24.75,-0.02,225.70,225.28,2,0
2026-06-12 20:19:40.906,24.68,-0.14,223.11,224.75,2,0
2026-06-12 20:19:40.957,24.45,-0.38,222.62,224.11,2,0
2026-06-12 20:19:41.008,24.41,-0.39,219.32,222.01,2,0
2026-06-12 20:19:41.057,24.41,-0.27,220.80,221.65,2,0
2026-06-12 20:19:41.108,24.42,-0.23,221.88,221.70,2,0
2026-06-12 20:19:41.158,24.16,-0.47,221.78,221.72,2,0
2026-06-12 20:19:41.209,24.14,-0.42,216.58,219.43,2,0
2026-06-12 20:19:41.259,24.06,-0.41,218.61,219.18,2,0
2026-06-12 20:19:41.309,24.13,-0.29,219.08,218.48,2,0
2026-06-12 20:19:41.360,24.23,-0.04,220.58,219.11,2,0
2026-06-12 20:19:41.410,24.19,-0.07,222.18,220.03,2,0
2026-06-12 20:19:41.461,23.96,-0.39,218.76,219.65,2,0
2026-06-12 20:19:41.511,23.82,-0.45,215.36,217.61,2,0
2026-06-12 20:19:41.562,23.87,-0.30,213.40,216.34,2,0
2026-06-12 20:19:41.612,24.01,-0.07,217.81,216.78,2,0
2026-06-12 20:19:41.662,24.05,0.01,219.14,218.03,2,0
2026-06-12 20:19:41.713,23.83,-0.27,219.27,218.40,2,0
2026-06-12 20:19:41.763,23.71,-0.43,213.78,216.39,2,0
2026-06-12 20:19:41.814,23.55,-0.46,212.66,215.27,2,0
2026-06-12 20:19:41.864,23.55,-0.39,213.08,213.89,2,0
2026-06-12 20:19:41.914,23.57,-0.24,213.89,213.89,2,0
2026-06-12 20:19:41.965,23.48,-0.28,214.99,214.09,2,0
2026-06-12 20:19:42.015,23.35,-0.45,211.22,213.23,2,0
2026-06-12 20:19:42.066,23.05,-0.69,209.32,212.05,2,0
2026-06-12 20:19:42.118,23.02,-0.61,206.06,209.31,2,0
2026-06-12 20:19:42.167,23.09,-0.34,208.37,209.03,2,0
2026-06-12 20:19:42.217,23.11,-0.27,209.99,209.69,2,0
2026-06-12 20:19:42.267,23.07,-0.30,210.33,209.88,2,0
2026-06-12 20:19:42.318,22.95,-0.29,208.55,209.48,2,0
2026-06-12 20:19:42.368,22.93,-0.27,208.63,208.44,2,0
2026-06-12 20:19:42.419,23.19,0.22,207.68,208.21,2,0
2026-06-12 20:19:42.469,23.34,0.31,214.32,210.60,2,0
2026-06-12 20:19:42.520,23.58,0.58,215.17,211.97,2,0
2026-06-12 20:19:42.570,23.56,0.47,215.85,214.14,2,0
2026-06-12 20:19:42.622,23.59,0.46,213.45,213.93,2,0
2026-06-12 20:19:42.676,23.77,0.54,214.97,214.24,2,0
2026-06-12 20:19:42.722,23.91,0.69,217.68,215.83,2,0
2026-06-12 20:19:42.772,24.09,0.70,220.10,217.11,2,0
2026-06-12 20:19:42.822,24.12,0.64,220.46,218.76,2,0
2026-06-12 20:19:42.872,23.96,0.26,219.61,219.01,2,0
2026-06-12 20:19:42.925,23.83,0.12,215.52,217.57,2,0
2026-06-12 20:19:42.974,23.94,0.27,213.68,216.40,2,0
2026-06-12 20:19:43.024,24.05,0.32,219.49,217.45,2,0
2026-06-12 20:19:43.074,24.04,0.19,220.61,218.40,2,0
2026-06-12 20:19:43.125,23.96,0.09,216.10,218.31,2,0
2026-06-12 20:19:43.175,23.81,-0.17,215.86,217.58,2,0
2026-06-12 20:19:43.226,23.67,-0.22,212.98,216.20,2,0
2026-06-12 20:19:43.276,23.67,-0.18,215.05,214.93,2,0
2026-06-12 20:19:43.326,23.87,0.11,214.99,214.95,2,0
2026-06-12 20:19:43.376,23.85,0.05,218.98,216.78,2,0
2026-06-12 20:19:43.427,23.77,-0.06,216.01,216.55,2,0
2026-06-12 20:19:43.477,27.08,5.14,214.88,215.84,2,0
2026-06-12 20:19:43.528,29.55,7.40,286.74,245.95,2,0
2026-06-12 20:19:43.578,28.57,5.47,291.08,268.36,2,0
2026-06-12 20:19:43.628,26.29,0.54,238.65,259.45,2,0
2026-06-12 20:19:43.679,25.53,-0.17,217.98,238.70,2,0
2026-06-12 20:19:43.729,24.92,-1.16,215.88,231.86,2,0
2026-06-12 20:19:43.780,24.24,-1.55,213.36,226.31,2,0
2026-06-12 20:19:43.830,24.10,-1.56,214.96,220.15,2,0
2026-06-12 20:19:43.881,23.94,-1.31,215.77,218.84,2,0
2026-06-12 20:19:43.932,23.81,-1.33,215.84,217.39,2,0
2026-06-12 20:19:43.981,23.48,-1.37,213.35,216.18,2,0
2026-06-12 20:19:44.032,23.28,-1.33,209.32,213.24,2,0
2026-06-12 20:19:44.082,23.23,-1.21,207.24,211.44,2,0
2026-06-12 20:19:44.133,23.34,-0.72,209.93,210.99,2,0
2026-06-12 20:19:44.183,23.44,-0.44,213.72,211.96,2,0
2026-06-12 20:19:44.233,23.34,-0.45,215.02,212.87,2,0
2026-06-12 20:19:44.284,26.53,4.66,210.65,211.94,2,0
2026-06-12 20:19:44.334,28.99,7.04,280.26,240.91,2,0
2026-06-12 20:19:44.385,28.12,5.26,286.31,263.22,2,0
2026-06-12 20:19:44.435,26.05,0.67,236.90,255.33,2,0
2026-06-12 20:19:44.486,25.37,0.01,218.98,236.58,2,0
2026-06-12 20:19:44.540,24.88,-0.81,215.93,230.39,2,0
2026-06-12 20:19:44.586,24.11,-1.45,215.47,225.91,2,0
2026-06-12 20:19:44.638,31.14,10.49,211.65,218.93,1,0
2026-06-12 20:19:44.687,38.11,13.40,431.88,282.81,1,0
2026-06-12 20:19:44.738,36.16,9.80,365.68,346.08,1,0
2026-06-12 20:19:44.789,31.92,0.40,287.19,328.41,1,0
2026-06-12 20:19:44.839,29.20,-1.88,232.88,289.87,1,0
2026-06-12 20:19:44.889,27.27,-4.83,207.57,265.18,1,0
2026-06-12 20:19:44.939,25.08,-5.85,206.59,247.60,1,0
2026-06-12 20:19:44.990,24.49,-5.46,209.44,227.79,1,0
2026-06-12 20:19:45.040,23.67,-5.21,209.94,222.44,1,0
2026-06-12 20:19:45.091,23.27,-4.76,206.29,214.97,1,0
2026-06-12 20:19:45.142,22.93,-4.60,202.79,211.31,1,0
2026-06-12 20:19:45.192,22.35,-3.96,201.18,208.27,1,0
2026-06-12 20:19:45.242,22.21,-3.48,198.05,202.95,1,0
2026-06-12 20:19:45.292,22.07,-3.19,198.61,201.65,1,0
2026-06-12 20:19:45.343,21.97,-2.79,197.49,200.40,1,0
2026-06-12 20:19:45.398,21.43,-2.71,197.42,199.51,1,0
2026-06-12 20:19:45.444,21.17,-2.51,187.71,194.58,1,0
2026-06-12 20:19:45.498,20.83,-2.43,186.85,192.26,1,0
2026-06-12 20:19:45.544,20.57,-2.47,181.80,189.12,1,0
2026-06-12 20:19:45.595,20.38,-2.26,181.40,186.80,1,0
2026-06-12 20:19:45.645,19.88,-2.21,181.07,185.08,1,0
2026-06-12 20:19:45.696,19.54,-2.15,175.55,180.51,1,0
2026-06-12 20:19:45.746,19.11,-2.19,170.35,177.46,1,0
2026-06-12 20:19:45.796,18.66,-2.23,164.49,173.57,1,0
2026-06-12 20:19:45.847,18.18,-2.30,159.96,169.49,1,0
2026-06-12 20:19:45.897,17.69,-2.35,154.71,165.05,1,0
2026-06-12 20:19:45.948,17.23,-2.38,150.30,160.63,1,0
2026-06-12 20:19:45.998,16.74,-2.43,146.75,156.46,1,0
2026-06-12 20:19:46.049,16.74,-2.43,141.76,152.05,1,0
2026-06-12 20:19:46.099,16.19,-2.37,141.76,152.05,1,0
2026-06-12 20:19:46.149,15.50,-2.39,135.19,146.99,1,0
2026-06-12 20:19:46.200,14.72,-2.69,126.33,140.79,1,0
2026-06-12 20:19:46.250,14.72,-2.69,116.96,133.65,1,0
2026-06-12 20:19:46.301,13.79,-2.66,116.96,133.65,1,0
2026-06-12 20:19:46.352,13.79,-2.66,105.73,125.27,1,0
2026-06-12 20:19:46.402,12.73,-2.70,105.73,125.27,1,0
2026-06-12 20:19:46.452,12.73,-2.70,92.99,115.59,1,0
2026-06-12 20:19:46.502,12.73,-2.70,92.99,115.59,1,0
2026-06-12 20:19:46.553,11.41,-2.74,92.99,115.59,1,0
2026-06-12 20:19:46.603,11.41,-2.74,75.54,103.57,1,0
2026-06-12 20:19:46.654,11.41,-2.74,75.54,103.57,1,0
2026-06-12 20:19:46.704,11.41,-2.74,75.54,103.57,1,0
2026-06-12 20:19:46.754,11.41,-2.74,75.54,103.57,1,0
2026-06-12 20:19:46.805,11.41,-2.74,75.54,103.57,1,0
2026-06-12 20:19:46.855,11.41,-2.74,75.54,103.57,1,0
2026-06-12 20:19:46.906,11.41,-2.74,75.54,103.57,1,0
2026-06-12 20:19:46.956,11.41,-2.74,75.54,103.57,1,0
2026-06-12 20:19:47.007,11.41,-2.74,75.54,103.57,1,0
2026-06-12 20:19:47.057,11.41,-2.74,75.54,103.57,1,0
2026-06-12 20:19:47.107,11.41,-2.74,75.54,103.57,1,0
2026-06-12 20:19:47.158,11.41,-2.74,75.54,103.57,1,0
2026-06-12 20:19:47.208,11.41,-2.74,75.54,103.57,1,0
2026-06-12 20:19:47.259,11.41,-2.74,75.54,103.57,1,0
2026-06-12 20:19:47.309,11.41,-2.74,75.54,103.57,1,0
2026-06-12 20:19:47.360,11.41,-2.74,75.54,103.57,1,0
2026-06-12 20:19:47.410,11.41,-2.74,75.54,103.57,1,0
2026-06-12 20:19:47.460,11.41,-2.74,75.54,103.57,1,0
2026-06-12 20:19:47.512,11.41,-2.74,75.54,103.57,1,0
2026-06-12 20:19:47.562,11.41,-2.74,75.54,103.57,1,0
2026-06-12 20:19:47.620,11.41,-2.74,75.54,103.57,1,0
2026-06-12 20:19:47.662,8.67,-2.43,75.54,103.57,0,0
2026-06-12 20:19:47.712,8.67,-2.43,20.78,78.73,0,0
2026-06-12 20:19:47.763,8.67,-2.43,20.78,78.73,0,0
2026-06-12 20:19:47.813,8.67,-2.43,20.78,78.73,0,0
2026-06-12 20:19:47.884,8.67,-2.43,20.78,78.73,0,0
2026-06-12 20:19:47.914,8.67,-2.43,20.78,78.73,0,0
2026-06-12 20:19:47.965,8.67,-2.43,20.78,78.73,0,0
2026-06-12 20:19:48.015,8.67,-2.43,20.78,78.73,0,0
2026-06-12 20:19:48.065,8.67,-2.43,20.78,78.73,0,0
2026-06-12 20:19:48.116,8.67,-2.43,20.78,78.73,0,0
2026-06-12 20:19:48.166,8.67,-2.43,20.78,78.73,0,0
2026-06-12 20:19:48.217,8.67,-2.43,20.78,78.73,0,0
2026-06-12 20:19:48.267,8.67,-2.43,20.78,78.73,0,0
2026-06-12 20:19:48.318,8.67,-2.43,20.78,78.73,0,0
2026-06-12 20:19:48.368,8.67,-2.43,20.78,78.73,0,0
2026-06-12 20:19:48.418,8.67,-2.43,20.78,78.73,0,0
2026-06-12 20:19:48.469,8.67,-2.43,20.78,78.73,0,0
2026-06-12 20:19:48.519,8.67,-2.43,20.78,78.73,0,0
2026-06-12 20:19:48.570,8.67,-2.43,20.78,78.73,0,0
2026-06-12 20:19:48.620,8.67,-2.43,20.78,78.73,0,0
2026-06-12 20:19:48.671,8.67,-2.43,20.78,78.73,0,0
2026-06-12 20:19:48.721,8.67,-2.43,20.78,78.73,0,0
2026-06-12 20:19:48.772,8.67,-2.43,20.78,78.73,0,0
2026-06-12 20:19:48.828,8.67,-2.43,20.78,78.73,0,0
2026-06-12 20:19:48.872,8.67,-2.43,20.78,78.73,0,0
2026-06-12 20:19:48.923,8.67,-2.43,20.78,78.73,0,0
2026-06-12 20:19:48.973,8.67,-2.43,20.78,78.73,0,0
2026-06-12 20:19:49.025,8.67,-2.43,20.78,78.73,0,0
2026-06-12 20:19:49.074,8.67,-2.43,20.78,78.73,0,0
2026-06-12 20:19:49.125,8.67,-2.43,20.78,78.73,0,0
2026-06-12 20:19:49.175,8.67,-2.43,20.78,78.73,0,0
2026-06-12 20:19:49.225,8.67,-2.43,20.78,78.73,0,0
2026-06-12 20:19:49.275,8.67,-2.43,20.78,78.73,0,0
2026-06-12 20:19:49.326,8.67,-2.43,20.78,78.73,0,0
2026-06-12 20:19:49.376,8.67,-2.43,20.78,78.73,0,0
2026-06-12 20:19:49.427,8.67,-2.43,20.78,78.73,0,0
2026-06-12 20:19:49.477,8.67,-2.43,20.78,78.73,0,0
2026-06-12 20:19:49.528,8.67,-2.43,20.78,78.73,0,0
2026-06-12 20:19:49.578,8.67,-2.43,20.78,78.73,0,0
2026-06-12 20:19:49.628,8.67,-2.43,20.78,78.73,0,0
2026-06-12 20:19:49.679,0.30,0.00,20.78,78.73,2,0
2026-06-12 20:19:49.731,0.30,0.00,9.13,2.74,2,0
2026-06-12 20:19:49.780,0.30,0.00,9.13,2.74,2,0
2026-06-12 20:19:49.830,0.30,0.00,9.13,2.74,2,0
2026-06-12 20:19:49.881,0.30,0.00,9.13,2.74,2,0
2026-06-12 20:19:49.931,0.30,0.00,9.13,2.74,2,0
2026-06-12 20:19:49.985,0.30,0.00,9.13,2.74,2,0
2026-06-12 20:19:50.037,0.30,0.00,9.13,2.74,2,0
2026-06-12 20:19:50.082,0.30,0.00,9.13,2.74,2,0
2026-06-12 20:19:50.132,0.30,0.00,9.13,2.74,2,0
2026-06-12 20:19:50.183,0.30,0.00,9.13,2.74,2,0
2026-06-12 20:19:50.233,0.30,0.00,9.13,2.74,2,0
2026-06-12 20:19:50.284,0.30,0.00,9.13,2.74,2,0
2026-06-12 20:19:50.334,0.30,0.00,9.13,2.74,2,0
2026-06-12 20:19:50.385,0.30,0.00,9.13,2.74,2,0
2026-06-12 20:19:50.435,0.30,0.00,9.13,2.74,2,0
2026-06-12 20:19:50.485,0.30,0.00,9.13,2.74,2,0
2026-06-12 20:19:50.536,0.30,0.00,9.13,2.74,2,0
2026-06-12 20:19:50.586,0.30,0.00,9.13,2.74,2,0
2026-06-12 20:19:50.637,0.30,0.00,9.13,2.74,2,0
2026-06-12 20:19:50.688,0.30,0.00,9.13,2.74,2,0
2026-06-12 20:19:50.738,0.30,0.00,9.13,2.74,2,0
2026-06-12 20:19:50.788,0.30,0.00,9.13,2.74,2,0
2026-06-12 20:19:50.838,0.30,0.00,9.13,2.74,2,0
2026-06-12 20:19:50.889,0.30,0.00,9.13,2.74,2,0
2026-06-12 20:19:50.939,0.30,0.00,9.13,2.74,2,0
2026-06-12 20:19:50.989,0.30,0.00,9.13,2.74,2,0
2026-06-12 20:19:51.040,0.30,0.00,9.13,2.74,2,0
2026-06-12 20:19:51.090,0.30,0.00,9.13,2.74,2,0
2026-06-12 20:19:51.140,0.30,0.00,9.13,2.74,2,0
2026-06-12 20:19:51.191,0.30,0.00,9.13,2.74,2,0
2026-06-12 20:19:51.241,0.30,0.00,9.13,2.74,2,0
2026-06-12 20:19:51.292,0.30,0.00,9.13,2.74,2,0
2026-06-12 20:19:51.342,0.30,0.00,9.13,2.74,2,0
2026-06-12 20:19:51.392,0.30,0.00,9.13,2.74,2,0
2026-06-12 20:19:51.443,0.30,0.00,9.13,2.74,2,0
2026-06-12 20:19:51.493,0.30,0.00,9.13,2.74,2,0
2026-06-12 20:19:51.544,0.30,0.00,9.13,2.74,2,0
2026-06-12 20:19:51.594,0.30,0.00,9.13,2.74,2,0
2026-06-12 20:19:51.644,0.30,0.00,9.13,2.74,2,0
2026-06-12 20:19:51.695,0.00,0.00,9.13,2.74,2,0
2026-06-12 20:19:51.745,0.00,0.00,0.00,0.00,2,0
2026-06-12 20:19:51.796,0.00,0.00,0.00,0.00,2,0
2026-06-12 20:19:51.846,0.00,0.00,0.00,0.00,2,0
2026-06-12 20:19:51.896,0.00,0.00,0.00,0.00,2,0
2026-06-12 20:19:51.947,0.00,0.00,0.00,0.00,2,0
2026-06-12 20:19:51.997,0.00,0.00,0.00,0.00,2,0
2026-06-12 20:19:52.048,0.00,0.00,0.00,0.00,2,0
2026-06-12 20:19:52.098,0.00,0.00,0.00,0.00,2,0
2026-06-12 20:19:52.148,0.00,0.00,0.00,0.00,2,0
2026-06-12 20:19:52.199,0.00,0.00,0.00,0.00,2,0
2026-06-12 20:19:52.249,0.00,0.00,0.00,0.00,2,0
2026-06-12 20:19:52.300,0.00,0.00,0.00,0.00,2,0
2026-06-12 20:19:52.350,0.00,0.00,0.00,0.00,2,0
2026-06-12 20:19:52.403,0.00,0.00,0.00,0.00,2,0
2026-06-12 20:19:52.451,0.00,0.00,0.00,0.00,2,0
2026-06-12 20:20:53.862,0.00,0.00,0.00,0.00,2,0
2026-06-12 20:20:53.905,0.00,0.00,0.00,0.00,1,0
2026-06-12 20:20:53.960,0.00,0.00,0.00,0.00,1,0
2026-06-12 20:20:54.006,0.00,0.00,0.00,0.00,1,0
2026-06-12 20:20:54.057,0.00,0.00,0.00,0.00,1,0
2026-06-12 20:20:54.107,0.00,0.00,0.00,0.00,1,0
2026-06-12 20:20:54.158,0.00,0.00,0.00,0.00,1,0
2026-06-12 20:20:54.208,0.00,0.00,0.00,0.00,1,0
2026-06-12 20:20:54.258,0.00,0.00,0.00,0.00,1,0
2026-06-12 20:20:54.309,0.00,0.00,0.00,0.00,1,0
2026-06-12 20:20:54.360,0.00,0.00,0.00,0.00,1,0
2026-06-12 20:20:54.409,0.00,0.00,0.00,0.00,1,0
2026-06-12 20:20:54.460,0.00,0.00,0.00,0.00,1,0
2026-06-12 20:20:54.510,0.00,0.00,0.00,0.00,1,0
2026-06-12 20:20:54.561,0.00,0.00,0.00,0.00,1,0
2026-06-12 20:20:54.612,0.00,0.00,0.00,0.00,1,0
2026-06-12 20:20:54.661,0.00,0.00,0.00,0.00,1,0
2026-06-12 20:20:54.712,0.00,0.00,0.00,0.00,1,0
2026-06-12 20:20:56.028,0.00,0.00,0.00,0.00,1,0
2026-06-12 20:20:56.076,0.00,0.00,0.00,0.00,1,0
2026-06-12 20:20:56.126,0.00,0.00,0.00,0.00,1,0
2026-06-12 20:20:56.177,0.00,0.00,0.00,0.00,1,0
2026-06-12 20:20:56.227,0.00,0.00,0.00,0.00,1,0
2026-06-12 20:20:56.278,0.00,0.00,0.00,0.00,1,0
2026-06-12 20:20:56.328,0.00,0.00,0.00,0.00,1,0
2026-06-12 20:20:56.378,0.00,0.00,0.00,0.00,1,0
2026-06-12 20:20:56.429,0.00,0.00,0.00,0.00,1,0
2026-06-12 20:20:56.479,0.00,0.00,0.00,0.00,1,0
2026-06-12 20:20:56.529,0.00,0.00,0.00,0.00,1,0
2026-06-12 20:20:56.580,0.00,0.00,0.00,0.00,1,0
2026-06-12 20:20:56.630,0.00,0.00,0.00,0.00,1,0
2026-06-12 20:20:56.681,0.00,0.00,0.00,0.00,1,0
2026-06-12 20:20:56.732,0.00,0.00,0.00,0.00,1,0
2026-06-12 20:20:56.782,0.00,0.00,0.00,0.00,1,0
2026-06-12 20:20:56.833,0.00,0.00,0.00,0.00,1,0
2026-06-12 20:20:56.882,0.00,0.00,0.00,0.00,1,0
2026-06-12 20:20:56.933,0.00,0.00,0.00,0.00,1,0
2026-06-12 20:20:56.983,0.00,0.00,0.00,0.00,1,0
2026-06-12 20:20:57.034,0.00,0.00,0.00,0.00,1,0
2026-06-12 20:20:57.084,0.00,0.00,0.00,0.00,1,0
2026-06-12 20:20:57.134,0.00,0.00,0.00,0.00,1,0
2026-06-12 20:20:57.185,0.00,0.00,0.00,0.00,1,0
2026-06-12 20:20:57.235,0.00,0.00,0.00,0.00,1,0
2026-06-12 20:20:57.286,0.00,0.00,0.00,0.00,1,0
2026-06-12 20:20:57.336,0.00,0.00,0.00,0.00,1,0
2026-06-12 20:20:57.386,0.00,0.00,0.00,0.00,1,0
2026-06-12 20:20:57.437,0.00,0.00,0.00,0.00,1,0
2026-06-12 20:20:57.487,0.00,0.00,0.00,0.00,1,0
2026-06-12 20:20:57.538,0.00,0.00,0.00,0.00,1,0
2026-06-12 20:20:57.588,0.00,0.00,0.00,0.00,1,0
2026-06-12 20:20:57.638,0.00,0.00,0.00,0.00,1,0
2026-06-12 20:20:57.689,0.00,0.00,0.00,0.00,1,0
2026-06-12 20:20:57.739,0.00,0.00,0.00,0.00,1,0
2026-06-12 20:20:57.790,0.00,0.00,0.00,0.00,1,0
2026-06-12 20:20:57.840,0.00,0.00,0.00,0.00,1,0
2026-06-12 20:20:57.890,0.00,0.00,0.00,0.00,1,0
2026-06-12 20:20:57.941,0.00,0.00,0.00,0.00,1,0
2026-06-12 20:20:57.992,0.00,0.00,0.00,0.00,1,0
2026-06-12 20:20:58.042,0.00,0.00,0.00,0.00,1,0
2026-06-12 20:20:58.092,0.00,0.00,0.00,0.00,1,0
2026-06-12 20:20:58.142,0.00,0.00,0.00,0.00,1,0
2026-06-12 20:20:58.193,0.00,0.00,0.00,0.00,1,0
2026-06-12 20:20:58.243,0.00,0.00,0.00,0.00,1,0
2026-06-12 20:20:58.293,0.00,0.00,0.00,0.00,1,0
2026-06-12 20:20:58.344,0.00,0.00,0.00,0.00,1,0
2026-06-12 20:20:58.397,0.00,0.00,0.00,0.00,1,0
2026-06-12 20:20:58.445,0.00,0.00,0.00,0.00,1,0
2026-06-12 20:20:58.495,0.00,0.00,0.00,0.00,1,0
2026-06-12 20:20:58.545,0.00,0.00,0.00,0.00,1,0
2026-06-12 20:20:58.596,0.00,0.00,0.00,0.00,1,0
2026-06-12 20:20:58.646,0.00,0.00,0.00,0.00,1,0
2026-06-12 20:20:58.700,0.00,0.00,0.00,0.00,1,0
2026-06-12 20:20:58.749,0.00,0.00,0.00,0.00,1,0
2026-06-12 20:20:58.797,0.00,0.00,0.00,0.00,1,0
2026-06-12 20:20:58.850,0.00,0.00,0.00,0.00,1,0
2026-06-12 20:20:58.898,0.00,0.00,0.00,0.00,1,0
2026-06-12 20:20:58.949,0.00,0.00,0.00,0.00,1,0
2026-06-12 20:20:58.999,0.00,0.00,0.00,0.00,1,0
2026-06-12 20:20:59.052,0.00,0.00,0.00,0.00,1,0
2026-06-12 20:20:59.100,0.00,0.00,0.00,0.00,1,0
2026-06-12 20:20:59.150,0.00,0.00,0.00,0.00,0,0
2026-06-12 20:20:59.202,0.00,0.00,0.00,0.00,0,0
2026-06-12 20:20:59.252,0.00,0.00,0.00,0.00,0,0
2026-06-12 20:20:59.302,0.00,0.00,0.00,0.00,0,0
2026-06-12 20:20:59.356,0.00,0.00,0.00,0.00,0,0
2026-06-12 20:20:59.402,0.00,0.00,0.00,0.00,0,0
2026-06-12 20:20:59.453,0.00,0.00,0.00,0.00,0,0
2026-06-12 20:20:59.503,0.00,0.00,0.00,0.00,0,0
2026-06-12 20:20:59.553,0.00,0.00,0.00,0.00,0,0
2026-06-12 20:20:59.604,0.00,0.00,0.00,0.00,0,0
2026-06-12 20:20:59.654,0.00,0.00,0.00,0.00,0,0
2026-06-12 20:20:59.705,0.00,0.00,0.00,0.00,0,0
2026-06-12 20:20:59.755,0.00,0.00,0.00,0.00,0,0
2026-06-12 20:20:59.805,0.00,0.00,0.00,0.00,0,0
2026-06-12 20:20:59.856,0.00,0.00,0.00,0.00,0,0
2026-06-12 20:20:59.906,0.00,0.00,0.00,0.00,0,0
2026-06-12 20:20:59.957,0.00,0.00,0.00,0.00,0,0
2026-06-12 20:21:00.007,0.00,0.00,0.00,0.00,0,0
2026-06-12 20:21:00.058,0.00,0.00,0.00,0.00,0,0
2026-06-12 20:21:00.108,0.00,0.00,0.00,0.00,0,0
2026-06-12 20:21:00.159,0.00,0.00,0.00,0.00,0,0
2026-06-12 20:21:00.209,0.00,0.00,0.00,0.00,0,0
2026-06-12 20:21:00.259,0.00,0.00,0.00,0.00,0,0
2026-06-12 20:21:00.310,0.00,0.00,0.00,0.00,0,0
2026-06-12 20:21:00.360,0.00,0.00,0.00,0.00,0,0
2026-06-12 20:21:00.410,0.00,0.00,0.00,0.00,0,0
2026-06-12 20:21:00.461,0.00,0.00,0.00,0.00,0,0
2026-06-12 20:21:00.512,0.00,0.00,0.00,0.00,0,0
2026-06-12 20:21:00.562,0.00,0.00,0.00,0.00,0,0
2026-06-12 20:21:00.612,0.00,0.00,0.00,0.00,0,0
2026-06-12 20:21:00.662,0.00,0.00,0.00,0.00,0,0
2026-06-12 20:21:00.713,0.00,0.00,0.00,0.00,0,0
2026-06-12 20:21:00.763,0.00,0.00,0.00,0.00,0,0
2026-06-12 20:21:00.813,0.00,0.00,0.00,0.00,0,0
2026-06-12 20:21:00.864,0.00,0.00,0.00,0.00,0,0
2026-06-12 20:21:00.914,0.00,0.00,0.00,0.00,0,0
2026-06-12 20:21:00.965,0.00,0.00,0.00,0.00,0,0
2026-06-12 20:21:01.015,0.00,0.00,0.00,0.00,0,0
2026-06-12 20:21:01.065,0.00,0.00,0.00,0.00,0,0
2026-06-12 20:21:01.116,0.00,0.00,0.00,0.00,0,0
2026-06-12 20:21:01.166,0.00,0.00,0.00,0.00,2,0
2026-06-12 20:21:01.217,0.00,0.00,0.00,0.00,2,0
2026-06-12 20:21:01.267,0.00,0.00,0.00,0.00,2,0
2026-06-12 20:21:01.318,0.00,0.00,0.00,0.00,2,0
2026-06-12 20:21:01.368,0.00,0.00,0.00,0.00,2,0
2026-06-12 20:21:01.418,0.00,0.00,0.00,0.00,2,0
2026-06-12 20:21:01.469,0.00,0.00,0.00,0.00,2,0
2026-06-12 20:21:01.519,0.00,0.00,0.00,0.00,2,0
2026-06-12 20:21:01.570,0.00,0.00,0.00,0.00,2,0
2026-06-12 20:21:01.620,0.00,0.00,0.00,0.00,2,0
2026-06-12 20:21:01.670,0.00,0.00,0.00,0.00,2,0
2026-06-12 20:21:01.721,0.00,0.00,0.00,0.00,2,0
2026-06-12 20:21:01.771,0.00,0.00,0.00,0.00,2,0
2026-06-12 20:21:01.821,0.00,0.00,0.00,0.00,2,0
2026-06-12 20:21:01.872,0.00,0.00,0.00,0.00,2,0
2026-06-12 20:21:01.922,0.00,0.00,0.00,0.00,2,0
2026-06-12 20:21:01.973,0.00,0.00,0.00,0.00,2,0
2026-06-12 20:21:02.023,0.00,0.00,0.00,0.00,2,0
2026-06-12 20:21:02.073,0.00,0.00,0.00,0.00,2,0
2026-06-12 20:21:02.124,0.00,0.00,0.00,0.00,2,0
2026-06-12 20:21:02.175,0.00,0.00,0.00,0.00,2,0
2026-06-12 20:21:02.225,0.00,0.00,0.00,0.00,2,0
2026-06-12 20:21:02.275,0.00,0.00,0.00,0.00,2,0
2026-06-12 20:21:02.325,0.00,0.00,0.00,0.00,2,0
2026-06-12 20:21:02.376,0.00,0.00,0.00,0.00,2,0
2026-06-12 20:21:02.427,0.00,0.00,0.00,0.00,2,0
2026-06-12 20:21:02.477,0.00,0.00,0.00,0.00,2,0
2026-06-12 20:21:02.527,0.00,0.00,0.00,0.00,2,0
2026-06-12 20:21:02.577,0.00,0.00,0.00,0.00,2,0
2026-06-12 20:21:02.631,0.00,0.00,0.00,0.00,2,0
2026-06-12 20:21:02.678,0.00,0.00,0.00,0.00,2,0
2026-06-12 20:21:02.729,0.00,0.00,0.00,0.00,2,0
2026-06-12 20:21:02.779,0.00,0.00,0.00,0.00,2,0
2026-06-12 20:21:02.829,0.00,0.00,0.00,0.00,2,0
2026-06-12 20:21:02.880,0.00,0.00,0.00,0.00,2,0
2026-06-12 20:21:02.930,0.00,0.00,0.00,0.00,2,0
2026-06-12 20:21:02.981,0.00,0.00,0.00,0.00,2,0
2026-06-12 20:21:03.031,0.00,0.00,0.00,0.00,2,0
2026-06-12 20:21:03.081,0.00,0.00,0.00,0.00,2,0
2026-06-12 20:21:03.132,0.00,0.00,0.00,0.00,2,0
2026-06-12 20:21:03.182,0.00,0.00,0.00,0.00,2,0
2026-06-12 20:21:03.233,0.00,0.00,0.00,0.00,2,0
2026-06-12 20:21:03.283,0.00,0.00,0.00,0.00,2,0
2026-06-12 20:21:03.333,0.00,0.00,0.00,0.00,2,0
2026-06-12 20:21:03.384,0.00,0.00,0.00,0.00,2,0
2026-06-12 20:21:03.434,0.00,0.00,0.00,0.00,2,0
2026-06-12 20:21:03.485,0.00,0.00,0.00,0.00,2,0
2026-06-12 20:21:03.535,0.00,0.00,0.00,0.00,2,0
2026-06-12 20:21:03.585,0.00,0.00,0.00,0.00,2,0
2026-06-12 20:21:03.636,0.00,0.00,0.00,0.00,2,0
2026-06-12 20:21:03.686,0.00,0.00,0.00,0.00,2,0
2026-06-12 20:21:03.737,0.00,0.00,0.00,0.00,2,0
2026-06-12 20:21:03.787,0.00,0.00,0.00,0.00,2,0
2026-06-12 20:21:03.837,0.00,0.00,0.00,0.00,2,0
2026-06-12 20:21:03.888,0.00,0.00,0.00,0.00,2,0
2026-06-12 20:21:03.938,0.00,0.00,0.00,0.00,2,0
2026-06-12 20:21:03.989,0.00,0.00,0.00,0.00,2,0
2026-06-12 20:21:04.039,0.00,0.00,0.00,0.00,2,0
2026-06-12 20:21:04.090,0.00,0.00,0.00,0.00,2,0
2026-06-12 20:21:04.140,0.00,0.00,0.00,0.00,2,0
2026-06-12 20:21:04.190,0.00,0.00,0.00,0.00,2,0
2026-06-12 20:21:04.241,0.00,0.00,0.00,0.00,2,0
2026-06-12 20:21:04.291,0.00,0.00,0.00,0.00,2,0
2026-06-12 20:21:04.342,0.00,0.00,0.00,0.00,2,0
2026-06-12 20:21:04.392,0.00,0.00,0.00,0.00,2,0
2026-06-12 20:21:04.442,0.00,0.00,0.00,0.00,2,0
2026-06-12 20:21:04.492,0.00,0.00,0.00,0.00,2,0
2026-06-12 20:21:04.543,0.00,0.00,0.00,0.00,2,0
2026-06-12 20:21:04.593,0.00,0.00,0.00,0.00,2,0
2026-06-12 20:21:04.644,0.00,0.00,0.00,0.00,2,0
2026-06-12 20:21:04.694,0.00,0.00,0.00,0.00,2,0
2026-06-12 20:21:04.745,0.00,0.00,0.00,0.00,2,0
2026-06-12 20:21:04.795,0.00,0.00,0.00,0.00,2,0
2026-06-12 20:21:04.845,0.00,0.00,0.00,0.00,2,0
2026-06-12 20:21:04.896,0.00,0.00,0.00,0.00,2,0
2026-06-12 20:21:04.946,0.00,0.00,0.00,0.00,2,0
2026-06-12 20:21:04.997,0.00,0.00,0.00,0.00,2,0
2026-06-12 20:21:05.047,0.00,0.00,0.00,0.00,2,0
2026-06-12 20:21:05.097,0.00,0.00,0.00,0.00,2,0
2026-06-12 20:21:05.150,0.00,0.00,0.00,0.00,2,0
2026-06-12 20:21:05.198,0.00,0.00,0.00,0.00,2,0
2026-06-12 20:21:05.249,0.00,0.00,0.00,0.00,2,0
2026-06-12 20:21:05.299,0.00,0.00,0.00,0.00,2,0
2026-06-12 20:21:05.349,0.00,0.00,0.00,0.00,2,0
2026-06-12 20:21:05.400,0.00,0.00,0.00,0.00,2,0
2026-06-12 20:21:05.451,0.00,0.00,0.00,0.00,2,0
2026-06-12 20:21:05.501,0.00,0.00,0.00,0.00,2,0
2026-06-12 20:21:05.552,0.00,0.00,0.00,0.00,2,0
2026-06-12 20:21:05.602,0.00,0.00,0.00,0.00,2,0
2026-06-12 20:21:05.652,0.00,0.00,0.00,0.00,2,0
2026-06-12 20:21:05.702,0.00,0.00,0.00,0.00,2,0
2026-06-12 20:21:05.753,0.00,0.00,0.00,0.00,2,0
2026-06-12 20:21:05.803,0.00,0.00,0.00,0.00,2,0
2026-06-12 20:21:05.856,0.00,0.00,0.00,0.00,2,0
2026-06-12 20:21:05.904,0.00,0.00,0.00,0.00,2,0
2026-06-12 20:21:05.954,0.00,0.00,0.00,0.00,2,0
2026-06-12 20:21:06.005,0.00,0.00,0.00,0.00,2,0
2026-06-12 20:21:06.055,0.00,0.00,0.00,0.00,2,0
2026-06-12 20:21:06.105,0.00,0.00,0.00,0.00,2,0
2026-06-12 20:21:06.156,0.00,0.00,0.00,0.00,1,0
2026-06-12 20:21:06.206,0.00,0.00,0.00,0.00,1,0
2026-06-12 20:21:06.257,0.00,0.00,0.00,0.00,1,0
2026-06-12 20:21:06.307,0.00,0.00,0.00,0.00,1,0
2026-06-12 20:21:06.357,0.00,0.00,0.00,0.00,1,0
2026-06-12 20:21:06.408,0.00,0.00,0.00,0.00,1,0
2026-06-12 20:21:06.458,0.00,0.00,0.00,0.00,1,0
2026-06-12 20:21:06.509,0.00,0.00,0.00,0.00,1,0
2026-06-12 20:21:06.559,0.00,0.00,0.00,0.00,1,0
2026-06-12 20:21:06.610,0.00,0.00,0.00,0.00,1,0
2026-06-12 20:21:06.660,0.00,0.00,0.00,0.00,1,0
2026-06-12 20:21:06.711,0.00,0.00,0.00,0.00,1,0
2026-06-12 20:21:06.760,0.00,0.00,0.00,0.00,1,0
2026-06-12 20:21:06.812,0.00,0.00,0.00,0.00,1,0
2026-06-12 20:21:06.861,0.00,0.00,0.00,0.00,1,0
2026-06-12 20:21:06.913,0.00,0.00,0.00,0.00,1,0
2026-06-12 20:21:06.962,0.00,0.00,0.00,0.00,1,0
2026-06-12 20:21:07.013,0.00,0.00,0.00,0.00,1,0
2026-06-12 20:21:07.063,0.00,0.00,0.00,0.00,1,0
2026-06-12 20:21:07.113,0.00,0.00,0.00,0.00,1,0
2026-06-12 20:21:07.164,0.00,0.00,0.00,0.00,1,0
2026-06-12 20:21:07.214,0.00,0.00,0.00,0.00,1,0
2026-06-12 20:21:07.265,0.00,0.00,0.00,0.00,1,0
2026-06-12 20:21:07.315,0.00,0.00,0.00,0.00,1,0
2026-06-12 20:21:07.365,0.00,0.00,0.00,0.00,1,0
2026-06-12 20:21:07.416,0.00,0.00,0.00,0.00,1,0
2026-06-12 20:21:07.466,0.00,0.00,0.00,0.00,1,0
2026-06-12 20:21:07.518,0.00,0.00,0.00,0.00,1,0
2026-06-12 20:21:07.567,0.00,0.00,0.00,0.00,1,0
2026-06-12 20:21:07.617,0.00,0.00,0.00,0.00,1,0
2026-06-12 20:21:07.668,0.00,0.00,0.00,0.00,1,0
2026-06-12 20:21:07.718,0.00,0.00,0.00,0.00,1,0
2026-06-12 20:21:07.768,0.00,0.00,0.00,0.00,1,0
2026-06-12 20:21:07.819,0.00,0.00,0.00,0.00,1,0
2026-06-12 20:21:07.869,0.00,0.00,0.00,0.00,1,0
2026-06-12 20:21:07.920,0.00,0.00,0.00,0.00,1,0
2026-06-12 20:21:07.970,0.00,0.00,0.00,0.00,1,0
2026-06-12 20:21:08.021,0.00,0.00,0.00,0.00,1,0
2026-06-12 20:21:08.071,0.00,0.00,0.00,0.00,1,0
2026-06-12 20:21:08.122,0.00,0.00,0.00,0.00,1,0
2026-06-12 20:21:08.172,0.00,0.00,0.00,0.00,1,0
2026-06-12 20:21:08.222,0.00,0.00,0.00,0.00,1,0
2026-06-12 20:21:08.272,0.00,0.00,0.00,0.00,1,0
2026-06-12 20:21:08.323,0.00,0.00,0.00,0.00,1,0
2026-06-12 20:21:08.373,0.00,0.00,0.00,0.00,1,0
2026-06-12 20:21:08.424,0.00,0.00,0.00,0.00,1,0
2026-06-12 20:21:08.474,0.00,0.00,0.00,0.00,1,0
2026-06-12 20:21:08.525,0.00,0.00,0.00,0.00,1,0
2026-06-12 20:21:08.575,0.00,0.00,0.00,0.00,1,0
2026-06-12 20:21:08.626,0.00,0.00,0.00,0.00,1,0
2026-06-12 20:21:08.676,0.00,0.00,0.00,0.00,1,0
2026-06-12 20:21:08.726,0.00,0.00,0.00,0.00,1,0
2026-06-12 20:21:08.778,0.00,0.00,0.00,0.00,1,0
2026-06-12 20:21:08.827,0.00,0.00,0.00,0.00,1,0
2026-06-12 20:21:08.877,0.00,0.00,0.00,0.00,1,0
2026-06-12 20:21:08.928,0.00,0.00,0.00,0.00,1,0
2026-06-12 20:21:08.978,0.00,0.00,0.00,0.00,1,0
2026-06-12 20:21:09.029,0.00,0.00,0.00,0.00,1,0
2026-06-12 20:21:09.079,0.00,0.00,0.00,0.00,1,0
2026-06-12 20:21:09.129,0.00,0.00,0.00,0.00,1,0
2026-06-12 20:21:09.180,0.00,0.00,0.00,0.00,0,0
2026-06-12 20:21:09.230,0.00,0.00,0.00,0.00,0,0
2026-06-12 20:21:09.281,0.00,0.00,0.00,0.00,0,0
2026-06-12 20:21:09.331,0.00,0.00,0.00,0.00,0,0
2026-06-12 20:21:09.382,0.00,0.00,0.00,0.00,0,0
2026-06-12 20:21:09.432,0.00,0.00,0.00,0.00,0,0
2026-06-12 20:21:09.482,0.00,0.00,0.00,0.00,0,0
2026-06-12 20:21:09.532,0.00,0.00,0.00,0.00,0,0
2026-06-12 20:21:09.583,0.00,0.00,0.00,0.00,0,0
2026-06-12 20:21:09.633,0.00,0.00,0.00,0.00,0,0
2026-06-12 20:21:09.684,0.00,0.00,0.00,0.00,0,0
2026-06-12 20:21:09.734,0.00,0.00,0.00,0.00,0,0
2026-06-12 20:21:09.784,0.00,0.00,0.00,0.00,0,0
2026-06-12 20:21:09.835,0.00,0.00,0.00,0.00,0,0
2026-06-12 20:21:09.885,0.00,0.00,0.00,0.00,0,0
2026-06-12 20:21:09.936,0.00,0.00,0.00,0.00,0,0
2026-06-12 20:21:09.996,0.00,0.00,0.00,0.00,0,0
2026-06-12 20:21:10.037,0.00,0.00,0.00,0.00,0,0
2026-06-12 20:21:10.087,0.00,0.00,0.00,0.00,0,0
2026-06-12 20:21:10.137,0.00,0.00,0.00,0.00,0,0
2026-06-12 20:21:10.188,0.00,0.00,0.00,0.00,0,0
2026-06-12 20:21:10.238,0.00,0.00,0.00,0.00,0,0
2026-06-12 20:21:10.289,0.00,0.00,0.00,0.00,0,0
2026-06-12 20:21:10.339,0.00,0.00,0.00,0.00,0,0
2026-06-12 20:21:10.389,0.00,0.00,0.00,0.00,0,0
2026-06-12 20:21:10.440,0.00,0.00,0.00,0.00,0,0
2026-06-12 20:21:10.490,0.00,0.00,0.00,0.00,0,0
2026-06-12 20:21:10.541,0.00,0.00,0.00,0.00,0,0
2026-06-12 20:21:10.596,0.00,0.00,0.00,0.00,0,0
2026-06-12 20:21:10.642,0.00,0.00,0.00,0.00,0,0
2026-06-12 20:21:10.692,0.00,0.00,0.00,0.00,0,0
2026-06-12 20:21:10.742,0.00,0.00,0.00,0.00,0,0
2026-06-12 20:21:10.792,0.00,0.00,0.00,0.00,0,0
2026-06-12 20:21:10.843,0.00,0.00,0.00,0.00,0,0
2026-06-12 20:21:10.893,0.00,0.00,0.00,0.00,0,0
2026-06-12 20:21:10.944,0.00,0.00,0.00,0.00,0,0
2026-06-12 20:21:10.994,0.00,0.00,0.00,0.00,0,0
2026-06-12 20:21:11.044,0.00,0.00,0.00,0.00,0,0
2026-06-12 20:21:11.095,0.00,0.00,0.00,0.00,0,0
2026-06-12 20:21:11.145,0.00,0.00,0.00,0.00,0,0
2026-06-12 20:21:11.196,0.00,0.00,0.00,0.00,2,0
2026-06-12 20:21:11.246,0.00,0.00,0.00,0.00,2,0
2026-06-12 20:21:11.296,0.00,0.00,0.00,0.00,2,0
2026-06-12 20:21:11.347,0.00,0.00,0.00,0.00,2,0
2026-06-12 20:21:11.397,0.00,0.00,0.00,0.00,2,0
2026-06-12 20:21:11.448,0.00,0.00,0.00,0.00,2,0
2026-06-12 20:21:11.498,0.00,0.00,0.00,0.00,2,0
2026-06-12 20:21:11.548,0.00,0.00,0.00,0.00,2,0
2026-06-12 20:21:11.599,0.00,0.00,0.00,0.00,2,0
2026-06-12 20:21:11.649,0.00,0.00,0.00,0.00,2,0
2026-06-12 20:21:11.700,0.00,0.00,0.00,0.00,2,0
2026-06-12 20:21:11.750,0.00,0.00,0.00,0.00,2,0
2026-06-12 20:21:11.800,0.00,0.00,0.00,0.00,2,0
2026-06-12 20:21:11.852,0.00,0.00,0.00,0.00,2,0
2026-06-12 20:21:11.901,0.00,0.00,0.00,0.00,2,0
2026-06-12 20:21:11.952,0.00,0.00,0.00,0.00,2,0
2026-06-12 20:21:12.002,0.00,0.00,0.00,0.00,2,0
2026-06-12 20:21:12.052,0.00,0.00,0.00,0.00,2,0
2026-06-12 20:21:12.108,0.00,0.00,0.00,0.00,2,0
2026-06-12 20:21:12.153,0.00,0.00,0.00,0.00,2,0
2026-06-12 20:21:12.204,0.00,0.00,0.00,0.00,2,0
2026-06-12 20:21:12.254,0.00,0.00,0.00,0.00,2,0
2026-06-12 20:21:12.304,0.00,0.00,0.00,0.00,2,0
2026-06-12 20:21:12.355,0.00,0.00,0.00,0.00,2,0
2026-06-12 20:21:12.405,0.00,0.00,0.00,0.00,2,0
2026-06-12 20:21:12.456,0.00,0.00,0.00,0.00,2,0
2026-06-12 20:21:12.506,0.00,0.00,0.00,0.00,2,0
2026-06-12 20:21:12.556,0.00,0.00,0.00,0.00,2,0
2026-06-12 20:21:12.607,0.00,0.00,0.00,0.00,2,0
2026-06-12 20:21:12.658,0.00,0.00,0.00,0.00,2,0
2026-06-12 20:21:12.708,0.00,0.00,0.00,0.00,2,0
2026-06-12 20:21:12.758,0.00,0.00,0.00,0.00,2,0
2026-06-12 20:21:12.812,0.00,0.00,0.00,0.00,2,0
2026-06-12 20:21:12.859,0.00,0.00,0.00,0.00,2,0
2026-06-12 20:21:12.909,0.00,0.00,0.00,0.00,2,0
2026-06-12 20:21:12.960,0.00,0.00,0.00,0.00,2,0
2026-06-12 20:21:13.010,0.00,0.00,0.00,0.00,2,0
2026-06-12 20:21:13.061,0.00,0.00,0.00,0.00,2,0
2026-06-12 20:21:13.112,0.00,0.00,0.00,0.00,2,0
2026-06-12 20:21:13.161,0.00,0.00,0.00,0.00,2,0
2026-06-12 20:21:13.211,0.00,0.00,0.00,0.00,2,0
2026-06-12 20:21:13.262,0.00,0.00,0.00,0.00,2,0
2026-06-12 20:21:13.312,0.00,0.00,0.00,0.00,2,0
2026-06-12 20:21:13.363,0.00,0.00,0.00,0.00,2,0
2026-06-12 20:21:13.413,0.00,0.00,0.00,0.00,2,0
2026-06-12 20:21:13.463,0.00,0.00,0.00,0.00,2,0
2026-06-12 20:21:13.514,0.00,0.00,0.00,0.00,2,0
2026-06-12 20:21:13.564,0.00,0.00,0.00,0.00,2,0
2026-06-12 20:21:13.615,0.00,0.00,0.00,0.00,2,0
2026-06-12 20:21:13.665,0.00,0.00,0.00,0.00,2,0
2026-06-12 20:21:13.716,0.00,0.00,0.00,0.00,2,0
2026-06-12 20:21:13.766,0.00,0.00,0.00,0.00,2,0
2026-06-12 20:21:13.816,0.00,0.00,0.00,0.00,2,0
2026-06-12 20:21:13.867,0.00,0.00,0.00,0.00,2,0
2026-06-12 20:21:13.917,0.00,0.00,0.00,0.00,2,0
2026-06-12 20:21:13.967,0.00,0.00,0.00,0.00,2,0
2026-06-12 20:21:14.018,0.00,0.00,0.00,0.00,2,0
2026-06-12 20:21:14.068,0.00,0.00,0.00,0.00,2,0
2026-06-12 20:21:14.119,0.00,0.00,0.00,0.00,2,0
2026-06-12 20:21:14.169,0.00,0.00,0.00,0.00,2,0
2026-06-12 20:21:14.220,0.00,0.00,0.00,0.00,2,0
2026-06-12 20:21:14.270,0.00,0.00,0.00,0.00,2,0
2026-06-12 20:21:14.320,0.00,0.00,0.00,0.00,2,0
2026-06-12 20:21:14.371,0.00,0.00,0.00,0.00,2,0
2026-06-12 20:21:14.421,0.00,0.00,0.00,0.00,2,0
2026-06-12 20:21:14.472,0.00,0.00,0.00,0.00,2,0
2026-06-12 20:21:14.522,0.00,0.00,0.00,0.00,2,0
2026-06-12 20:21:14.572,0.00,0.00,0.00,0.00,2,0
2026-06-12 20:21:14.624,0.00,0.00,0.00,0.00,2,0
2026-06-12 20:21:14.673,0.00,0.00,0.00,0.00,2,0
2026-06-12 20:21:14.724,0.00,0.00,0.00,0.00,2,0
2026-06-12 20:21:14.774,0.00,0.00,0.00,0.00,2,0
2026-06-12 20:21:14.825,0.00,0.00,0.00,0.00,2,0
2026-06-12 20:21:14.875,0.00,0.00,0.00,0.00,2,0
2026-06-12 20:21:14.925,0.00,0.00,0.00,0.00,2,0
2026-06-12 20:21:14.975,0.00,0.00,0.00,0.00,2,0
2026-06-12 20:21:15.026,0.00,0.00,0.00,0.00,2,0
2026-06-12 20:21:15.076,0.00,0.00,0.00,0.00,2,0
2026-06-12 20:21:15.127,0.00,0.00,0.00,0.00,2,0
2026-06-12 20:21:15.177,0.00,0.00,0.00,0.00,2,0
2026-06-12 20:21:15.227,0.00,0.00,0.00,0.00,2,0
2026-06-12 20:21:15.278,0.00,0.00,0.00,0.00,2,0
2026-06-12 20:21:15.328,0.00,0.00,0.00,0.00,2,0
2026-06-12 20:21:15.379,0.00,0.00,0.00,0.00,2,0
2026-06-12 20:21:15.429,0.00,0.00,0.00,0.00,2,0
2026-06-12 20:21:15.480,0.00,0.00,0.00,0.00,2,0
2026-06-12 20:21:15.530,0.00,0.00,0.00,0.00,2,0
2026-06-12 20:21:15.580,0.00,0.00,0.00,0.00,2,0
2026-06-12 20:21:15.631,0.00,0.00,0.00,0.00,2,0
2026-06-12 20:21:15.682,0.00,0.00,0.00,0.00,2,0
2026-06-12 20:21:15.731,0.00,0.00,0.00,0.00,2,0
2026-06-12 20:21:15.782,0.00,0.00,0.00,0.00,2,0
2026-06-12 20:21:15.832,0.00,0.00,0.00,0.00,2,0
2026-06-12 20:21:15.883,0.00,0.00,0.00,0.00,2,0
2026-06-12 20:21:15.933,0.00,0.00,0.00,0.00,2,0
2026-06-12 20:21:15.984,0.00,0.00,0.00,0.00,2,0
2026-06-12 20:21:16.034,0.00,0.00,0.00,0.00,2,0
2026-06-12 20:21:16.084,0.00,0.00,0.00,0.00,2,0
2026-06-12 20:21:16.135,0.00,0.00,0.00,0.00,2,0
2026-06-12 20:21:16.185,0.00,0.00,0.00,0.00,2,0
2026-06-12 20:21:16.235,0.00,0.00,0.00,0.00,2,0
2026-06-12 20:21:16.286,0.00,0.00,0.00,0.00,2,0
2026-06-12 20:21:16.336,0.00,0.00,0.00,0.00,2,0
2026-06-12 20:21:16.387,0.00,0.00,0.00,0.00,2,0
2026-06-12 20:21:16.437,0.00,0.00,0.00,0.00,2,0
2026-06-12 20:21:16.488,0.00,0.00,0.00,0.00,2,0
2026-06-12 20:21:16.538,0.00,0.00,0.00,0.00,2,0
2026-06-12 20:21:16.588,0.00,0.00,0.00,0.00,2,0
2026-06-12 20:21:16.639,0.00,0.00,0.00,0.00,2,0
2026-06-12 20:21:16.689,0.00,0.00,0.00,0.00,2,0
2026-06-12 20:21:16.740,0.00,0.00,0.00,0.00,2,0
2026-06-12 20:21:16.792,0.00,0.00,0.00,0.00,2,0
2026-06-12 20:21:16.840,0.00,0.00,0.00,0.00,2,0
2026-06-12 20:21:16.891,0.00,0.00,0.00,0.00,2,0
2026-06-12 20:21:16.941,0.00,0.00,0.00,0.00,2,0
2026-06-12 20:21:16.992,0.00,0.00,0.00,0.00,2,0
2026-06-12 20:21:17.042,0.00,0.00,0.00,0.00,2,0
2026-06-12 20:21:17.092,0.00,0.00,0.00,0.00,2,0
2026-06-12 20:21:17.143,0.00,0.00,0.00,0.00,2,0
2026-06-12 20:21:17.193,0.00,0.00,0.00,0.00,2,0
2026-06-12 20:21:17.243,0.00,0.00,0.00,0.00,2,0
2026-06-12 20:21:17.294,0.00,0.00,0.00,0.00,2,0
2026-06-12 20:21:17.344,0.00,0.00,0.00,0.00,2,0
2026-06-12 20:21:17.395,0.00,0.00,0.00,0.00,2,0
2026-06-12 20:21:17.445,0.00,0.00,0.00,0.00,2,0
2026-06-12 20:21:17.496,0.00,0.00,0.00,0.00,2,0
2026-06-12 20:21:17.548,0.00,0.00,0.00,0.00,2,0
2026-06-12 20:21:17.596,0.00,0.00,0.00,0.00,2,0
2026-06-12 20:21:17.647,0.00,0.00,0.00,0.00,2,0
2026-06-12 20:21:17.700,0.00,0.00,0.00,0.00,2,0
2026-06-12 20:21:17.748,0.00,0.00,0.00,0.00,2,0
2026-06-12 20:21:17.798,0.00,0.00,0.00,0.00,2,0
2026-06-12 20:21:17.848,0.00,0.00,0.00,0.00,2,0
2026-06-12 20:21:17.899,0.00,0.00,0.00,0.00,2,0
2026-06-12 20:21:17.949,0.00,0.00,0.00,0.00,2,0
2026-06-12 20:21:18.000,0.00,0.00,0.00,0.00,2,0
2026-06-12 20:21:18.050,0.00,0.00,0.00,0.00,2,0
2026-06-12 20:21:18.100,0.00,0.00,0.00,0.00,2,0
2026-06-12 20:21:18.151,0.00,0.00,0.00,0.00,2,0
2026-06-12 20:21:18.201,0.00,0.00,0.00,0.00,2,0
2026-06-12 20:21:18.252,0.00,0.00,0.00,0.00,1,0
2026-06-12 20:21:18.302,0.00,0.00,0.00,0.00,1,0
2026-06-12 20:21:18.353,0.00,0.00,0.00,0.00,1,0
2026-06-12 20:21:18.403,0.00,0.00,0.00,0.00,1,0
2026-06-12 20:21:18.453,0.00,0.00,0.00,0.00,1,0
2026-06-12 20:21:18.503,0.00,0.00,0.00,0.00,1,0
2026-06-12 20:21:18.554,0.00,0.00,0.00,0.00,1,0
2026-06-12 20:21:18.604,0.00,0.00,0.00,0.00,1,0
2026-06-12 20:21:18.655,0.00,0.00,0.00,0.00,1,0
2026-06-12 20:21:18.705,0.00,0.00,0.00,0.00,1,0
2026-06-12 20:21:18.756,0.00,0.00,0.00,0.00,1,0
2026-06-12 20:21:18.806,0.00,0.00,0.00,0.00,1,0
2026-06-12 20:21:18.856,0.00,0.00,0.00,0.00,1,0
2026-06-12 20:21:18.907,0.00,0.00,0.00,0.00,1,0
2026-06-12 20:21:18.957,0.00,0.00,0.00,0.00,1,0
2026-06-12 20:21:19.008,0.00,0.00,0.00,0.00,1,0
2026-06-12 20:21:19.058,0.00,0.00,0.00,0.00,1,0
2026-06-12 20:21:19.108,0.00,0.00,0.00,0.00,1,0
2026-06-12 20:21:19.159,0.00,0.00,0.00,0.00,1,0
2026-06-12 20:21:19.209,0.00,0.00,0.00,0.00,1,0
2026-06-12 20:21:19.259,0.00,0.00,0.00,0.00,1,0
2026-06-12 20:21:19.310,0.00,0.00,0.00,0.00,1,0
2026-06-12 20:21:19.360,0.00,0.00,0.00,0.00,1,0
2026-06-12 20:21:19.411,0.00,0.00,0.00,0.00,1,0
2026-06-12 20:21:19.463,0.00,0.00,0.00,0.00,1,0
2026-06-12 20:21:19.512,0.00,0.00,0.00,0.00,1,0
2026-06-12 20:21:19.562,0.00,0.00,0.00,0.00,1,0
2026-06-12 20:21:19.612,0.00,0.00,0.00,0.00,1,0
2026-06-12 20:21:19.663,0.00,0.00,0.00,0.00,1,0
2026-06-12 20:21:19.713,0.00,0.00,0.00,0.00,1,0
2026-06-12 20:21:19.763,0.00,0.00,0.00,0.00,1,0
2026-06-12 20:21:19.814,0.00,0.00,0.00,0.00,1,0
2026-06-12 20:21:19.864,0.00,0.00,0.00,0.00,1,0
2026-06-12 20:21:19.915,0.00,0.00,0.00,0.00,1,0
2026-06-12 20:21:19.965,0.00,0.00,0.00,0.00,1,0
2026-06-12 20:21:20.015,0.00,0.00,0.00,0.00,1,0
2026-06-12 20:21:20.066,0.00,0.00,0.00,0.00,1,0
2026-06-12 20:21:20.116,0.00,0.00,0.00,0.00,1,0
2026-06-12 20:21:20.167,0.00,0.00,0.00,0.00,1,0
2026-06-12 20:21:20.217,0.00,0.00,0.00,0.00,1,0
2026-06-12 20:21:20.267,0.00,0.00,0.00,0.00,1,0
2026-06-12 20:21:20.318,0.00,0.00,0.00,0.00,1,0
2026-06-12 20:21:20.368,0.00,0.00,0.00,0.00,1,0
2026-06-12 20:21:20.419,0.00,0.00,0.00,0.00,1,0
2026-06-12 20:21:20.469,0.00,0.00,0.00,0.00,1,0
2026-06-12 20:21:20.519,0.00,0.00,0.00,0.00,1,0
2026-06-12 20:21:20.570,0.00,0.00,0.00,0.00,1,0
2026-06-12 20:21:20.620,0.00,0.00,0.00,0.00,1,0
2026-06-12 20:21:20.671,0.00,0.00,0.00,0.00,1,0
2026-06-12 20:21:20.722,0.00,0.00,0.00,0.00,1,0
2026-06-12 20:21:20.772,0.00,0.00,0.00,0.00,1,0
2026-06-12 20:21:20.823,0.00,0.00,0.00,0.00,1,0
2026-06-12 20:21:20.872,0.00,0.00,0.00,0.00,1,0
2026-06-12 20:21:20.923,0.00,0.00,0.00,0.00,1,0
2026-06-12 20:21:20.973,0.00,0.00,0.00,0.00,1,0
2026-06-12 20:21:21.024,0.00,0.00,0.00,0.00,1,0
2026-06-12 20:21:21.074,0.00,0.00,0.00,0.00,1,0
2026-06-12 20:21:21.124,0.00,0.00,0.00,0.00,1,0
2026-06-12 20:21:21.174,0.00,0.00,0.00,0.00,1,0
2026-06-12 20:21:21.225,0.00,0.00,0.00,0.00,1,0
2026-06-12 20:21:21.275,0.00,0.00,0.00,0.00,0,0
2026-06-12 20:21:21.326,0.00,0.00,0.00,0.00,0,0
2026-06-12 20:21:21.376,0.00,0.00,0.00,0.00,0,0
2026-06-12 20:21:21.427,0.00,0.00,0.00,0.00,0,0
2026-06-12 20:21:21.484,0.00,0.00,0.00,0.00,0,0
2026-06-12 20:21:21.527,0.00,0.00,0.00,0.00,0,0
2026-06-12 20:21:21.578,0.00,0.00,0.00,0.00,0,0
2026-06-12 20:21:21.628,0.00,0.00,0.00,0.00,0,0
2026-06-12 20:21:21.679,0.00,0.00,0.00,0.00,0,0
2026-06-12 20:21:21.729,0.00,0.00,0.00,0.00,0,0
2026-06-12 20:21:21.779,0.00,0.00,0.00,0.00,0,0
2026-06-12 20:21:21.830,0.00,0.00,0.00,0.00,0,0
2026-06-12 20:21:21.880,0.00,0.00,0.00,0.00,0,0
2026-06-12 20:21:21.932,0.00,0.00,0.00,0.00,0,0
2026-06-12 20:21:21.982,0.00,0.00,0.00,0.00,0,0
2026-06-12 20:21:22.033,0.00,0.00,0.00,0.00,0,0
2026-06-12 20:21:22.082,0.00,0.00,0.00,0.00,0,0
2026-06-12 20:21:22.132,0.00,0.00,0.00,0.00,0,0
2026-06-12 20:21:22.184,0.00,0.00,0.00,0.00,0,0
2026-06-12 20:21:22.233,0.00,0.00,0.00,0.00,0,0
2026-06-12 20:21:22.283,0.00,0.00,0.00,0.00,0,0
2026-06-12 20:21:22.334,0.00,0.00,0.00,0.00,0,0
2026-06-12 20:21:22.384,0.00,0.00,0.00,0.00,0,0
2026-06-12 20:21:22.436,0.00,0.00,0.00,0.00,0,0
2026-06-12 20:21:22.485,0.00,0.00,0.00,0.00,0,0
2026-06-12 20:21:22.535,0.00,0.00,0.00,0.00,0,0
2026-06-12 20:21:22.586,0.00,0.00,0.00,0.00,0,0
2026-06-12 20:21:22.640,0.00,0.00,0.00,0.00,0,0
2026-06-12 20:21:22.687,0.00,0.00,0.00,0.00,0,0
2026-06-12 20:21:22.737,0.00,0.00,0.00,0.00,0,0
2026-06-12 20:21:22.787,0.00,0.00,0.00,0.00,0,0
2026-06-12 20:21:22.838,0.00,0.00,0.00,0.00,0,0
2026-06-12 20:21:22.888,0.00,0.00,0.00,0.00,0,0
2026-06-12 20:21:22.939,0.00,0.00,0.00,0.00,0,0
2026-06-12 20:21:22.989,0.00,0.00,0.00,0.00,0,0
2026-06-12 20:21:23.039,0.00,0.00,0.00,0.00,0,0
2026-06-12 20:21:23.090,0.00,0.00,0.00,0.00,0,0
2026-06-12 20:21:23.140,0.00,0.00,0.00,0.00,0,0
2026-06-12 20:21:23.190,0.00,0.00,0.00,0.00,0,0
2026-06-12 20:21:23.241,0.00,0.00,0.00,0.00,0,0
2026-06-12 20:21:23.291,0.00,0.00,0.00,0.00,2,0
2026-06-12 20:21:23.342,0.00,0.00,0.00,0.00,2,0
2026-06-12 20:21:23.392,0.00,0.00,0.00,0.00,2,0
2026-06-12 20:21:23.443,0.00,0.00,0.00,0.00,2,0
2026-06-12 20:21:23.493,0.00,0.00,0.00,0.00,2,0
2026-06-12 20:21:23.543,0.00,0.00,0.00,0.00,2,0
2026-06-12 20:21:23.596,0.00,0.00,0.00,0.00,2,0
2026-06-12 20:21:23.644,0.00,0.00,0.00,0.00,2,0
2026-06-12 20:21:23.695,0.00,0.00,0.00,0.00,2,0
2026-06-12 20:21:23.745,0.00,0.00,0.00,0.00,2,0
2026-06-12 20:21:23.804,0.00,0.00,0.00,0.00,2,0
2026-06-12 20:21:23.846,0.00,0.00,0.00,0.00,2,0
2026-06-12 20:21:23.896,0.00,0.00,0.00,0.00,2,0
2026-06-12 20:21:23.946,0.00,0.00,0.00,0.00,2,0
2026-06-12 20:21:23.997,0.00,0.00,0.00,0.00,2,0
2026-06-12 20:21:24.047,0.00,0.00,0.00,0.00,2,0
2026-06-12 20:21:24.098,0.00,0.00,0.00,0.00,2,0
2026-06-12 20:21:24.148,0.00,0.00,0.00,0.00,2,0
2026-06-12 20:21:24.199,0.00,0.00,0.00,0.00,2,0
2026-06-12 20:21:24.249,0.00,0.00,0.00,0.00,2,0
2026-06-12 20:21:24.299,0.00,0.00,0.00,0.00,2,0
2026-06-12 20:21:24.350,0.00,0.00,0.00,0.00,2,0
2026-06-12 20:21:24.400,0.00,0.00,0.00,0.00,2,0
2026-06-12 20:21:24.451,0.00,0.00,0.00,0.00,2,0
2026-06-12 20:21:24.502,0.00,0.00,0.00,0.00,2,0
2026-06-12 20:21:24.552,0.00,0.00,0.00,0.00,2,0
2026-06-12 20:21:24.602,0.00,0.00,0.00,0.00,2,0
2026-06-12 20:21:24.652,0.00,0.00,0.00,0.00,2,0
2026-06-12 20:21:24.702,0.00,0.00,0.00,0.00,2,0
2026-06-12 20:21:24.753,0.00,0.00,0.00,0.00,2,0
2026-06-12 20:21:24.803,0.00,0.00,0.00,0.00,2,0
2026-06-12 20:21:24.854,0.00,0.00,0.00,0.00,2,0
2026-06-12 20:21:24.904,0.00,0.00,0.00,0.00,2,0
2026-06-12 20:21:24.955,0.00,0.00,0.00,0.00,2,0
2026-06-12 20:21:25.005,0.00,0.00,0.00,0.00,2,0
2026-06-12 20:21:25.055,0.00,0.00,0.00,0.00,2,0
2026-06-12 20:21:25.106,0.00,0.00,0.00,0.00,2,0
2026-06-12 20:21:25.156,0.00,0.00,0.00,0.00,2,0
2026-06-12 20:21:25.207,0.00,0.00,0.00,0.00,2,0
2026-06-12 20:21:25.257,0.00,0.00,0.00,0.00,2,0
2026-06-12 20:21:25.307,0.00,0.00,0.00,0.00,2,0
2026-06-12 20:21:25.358,0.00,0.00,0.00,0.00,2,0
2026-06-12 20:21:25.408,0.00,0.00,0.00,0.00,2,0
2026-06-12 20:21:25.458,0.00,0.00,0.00,0.00,2,0
2026-06-12 20:21:25.509,0.00,0.00,0.00,0.00,2,0
2026-06-12 20:21:25.559,0.00,0.00,0.00,0.00,2,0
2026-06-12 20:21:25.610,0.00,0.00,0.00,0.00,2,0
2026-06-12 20:21:25.660,0.00,0.00,0.00,0.00,2,0
2026-06-12 20:21:25.711,0.00,0.00,0.00,0.00,2,0
2026-06-12 20:21:25.763,0.00,0.00,0.00,0.00,2,0
2026-06-12 20:21:25.821,0.00,0.00,0.00,0.00,2,0
2026-06-12 20:21:25.862,0.00,0.00,0.00,0.00,2,0
2026-06-12 20:21:25.912,0.00,0.00,0.00,0.00,2,0
2026-06-12 20:21:25.963,0.00,0.00,0.00,0.00,2,0
2026-06-12 20:21:26.013,0.00,0.00,0.00,0.00,2,0
2026-06-12 20:21:26.063,0.00,0.00,0.00,0.00,2,0
2026-06-12 20:21:26.114,0.00,0.00,0.00,0.00,2,0
2026-06-12 20:21:26.164,0.00,0.00,0.00,0.00,2,0
2026-06-12 20:21:26.215,0.00,0.00,0.00,0.00,2,0
2026-06-12 20:21:26.265,0.00,0.00,0.00,0.00,2,0
2026-06-12 20:21:26.315,0.00,0.00,0.00,0.00,2,0
2026-06-12 20:21:26.366,0.00,0.00,0.00,0.00,2,0
2026-06-12 20:21:26.416,0.00,0.00,0.00,0.00,2,0
2026-06-12 20:21:26.466,0.00,0.00,0.00,0.00,2,0
2026-06-12 20:21:26.517,0.00,0.00,0.00,0.00,2,0
2026-06-12 20:21:26.567,0.00,0.00,0.00,0.00,2,0
2026-06-12 20:21:26.618,0.00,0.00,0.00,0.00,2,0
2026-06-12 20:21:26.668,0.00,0.00,0.00,0.00,2,0
2026-06-12 20:21:26.718,0.00,0.00,0.00,0.00,2,0
2026-06-12 20:21:26.769,0.00,0.00,0.00,0.00,2,0
2026-06-12 20:21:26.819,0.00,0.00,0.00,0.00,2,0
2026-06-12 20:21:26.870,0.00,0.00,0.00,0.00,2,0
2026-06-12 20:21:26.920,0.00,0.00,0.00,0.00,2,0
2026-06-12 20:21:26.971,0.00,0.00,0.00,0.00,2,0
2026-06-12 20:21:27.025,0.00,0.00,0.00,0.00,2,0
2026-06-12 20:21:27.072,0.00,0.00,0.00,0.00,2,0
2026-06-12 20:21:27.123,0.00,0.00,0.00,0.00,2,0
2026-06-12 20:21:27.172,0.00,0.00,0.00,0.00,2,0
2026-06-12 20:21:27.223,0.00,0.00,0.00,0.00,2,0
2026-06-12 20:21:27.273,0.00,0.00,0.00,0.00,2,0
2026-06-12 20:21:27.328,0.00,0.00,0.00,0.00,2,0
2026-06-12 20:21:27.376,0.00,0.00,0.00,0.00,2,0
2026-06-12 20:21:27.424,0.00,0.00,0.00,0.00,2,0
2026-06-12 20:21:27.474,0.00,0.00,0.00,0.00,2,0
2026-06-12 20:21:27.525,0.00,0.00,0.00,0.00,2,0
2026-06-12 20:21:27.575,0.00,0.00,0.00,0.00,2,0
2026-06-12 20:21:27.626,0.00,0.00,0.00,0.00,2,0
2026-06-12 20:21:27.676,0.00,0.00,0.00,0.00,2,0
2026-06-12 20:21:27.726,0.00,0.00,0.00,0.00,2,0
2026-06-12 20:21:27.777,0.00,0.00,0.00,0.00,2,0
2026-06-12 20:21:27.828,0.00,0.00,0.00,0.00,2,0
2026-06-12 20:21:27.878,0.00,0.00,0.00,0.00,2,0
2026-06-12 20:21:27.928,0.00,0.00,0.00,0.00,2,0
2026-06-12 20:21:27.979,0.00,0.00,0.00,0.00,2,0
2026-06-12 20:21:28.029,0.00,0.00,0.00,0.00,2,0
2026-06-12 20:21:28.079,0.00,0.00,0.00,0.00,2,0
2026-06-12 20:21:28.130,0.00,0.00,0.00,0.00,2,0
2026-06-12 20:21:28.180,0.00,0.00,0.00,0.00,2,0
2026-06-12 20:21:28.230,0.00,0.00,0.00,0.00,2,0
2026-06-12 20:21:28.281,0.00,0.00,0.00,0.00,2,0
2026-06-12 20:21:28.331,0.00,0.00,0.00,0.00,2,0
2026-06-12 20:21:28.382,0.00,0.00,0.00,0.00,2,0
2026-06-12 20:21:28.432,0.00,0.00,0.00,0.00,1,0
2026-06-12 20:21:28.482,0.00,0.00,0.00,0.00,1,0
2026-06-12 20:21:28.533,0.00,0.00,0.00,0.00,1,0
2026-06-12 20:21:28.583,0.00,0.00,0.00,0.00,1,0
2026-06-12 20:21:28.634,0.00,0.00,0.00,0.00,1,0
2026-06-12 20:21:28.684,0.00,0.00,0.00,0.00,1,0
2026-06-12 20:21:28.735,0.00,0.00,0.00,0.00,1,0
2026-06-12 20:21:28.785,0.00,0.00,0.00,0.00,1,0
2026-06-12 20:21:28.835,0.00,0.00,0.00,0.00,1,0
2026-06-12 20:21:28.888,0.00,0.00,0.00,0.00,1,0
2026-06-12 20:21:28.936,0.00,0.00,0.00,0.00,1,0
2026-06-12 20:21:28.987,0.00,0.00,0.00,0.00,1,0
2026-06-12 20:21:29.039,0.00,0.00,0.00,0.00,1,0
2026-06-12 20:21:29.087,0.00,0.00,0.00,0.00,1,0
2026-06-12 20:21:29.138,0.00,0.00,0.00,0.00,1,0
2026-06-12 20:21:29.188,0.00,0.00,0.00,0.00,1,0
2026-06-12 20:21:29.238,0.00,0.00,0.00,0.00,1,0
2026-06-12 20:21:29.289,0.00,0.00,0.00,0.00,1,0
2026-06-12 20:21:29.340,0.00,0.00,0.00,0.00,1,0
2026-06-12 20:21:29.390,0.00,0.00,0.00,0.00,1,0
2026-06-12 20:21:29.440,0.00,0.00,0.00,0.00,1,0
2026-06-12 20:21:29.491,0.00,0.00,0.00,0.00,1,0
2026-06-12 20:21:29.541,0.00,0.00,0.00,0.00,1,0
2026-06-12 20:21:29.591,0.00,0.00,0.00,0.00,1,0
2026-06-12 20:21:29.642,0.00,0.00,0.00,0.00,1,0
2026-06-12 20:21:29.692,0.00,0.00,0.00,0.00,1,0
2026-06-12 20:21:29.742,0.00,0.00,0.00,0.00,1,0
2026-06-12 20:21:29.793,0.00,0.00,0.00,0.00,1,0
2026-06-12 20:21:29.843,0.00,0.00,0.00,0.00,1,0
2026-06-12 20:21:29.894,0.00,0.00,0.00,0.00,1,0
2026-06-12 20:21:29.944,0.00,0.00,0.00,0.00,1,0
2026-06-12 20:21:29.994,0.00,0.00,0.00,0.00,1,0
2026-06-12 20:21:30.045,0.00,0.00,0.00,0.00,1,0
2026-06-12 20:21:30.095,0.00,0.00,0.00,0.00,1,0
2026-06-12 20:21:30.146,0.00,0.00,0.00,0.00,1,0
2026-06-12 20:21:30.196,0.00,0.00,0.00,0.00,1,0
2026-06-12 20:21:30.246,0.00,0.00,0.00,0.00,1,0
2026-06-12 20:21:30.297,0.00,0.00,0.00,0.00,1,0
2026-06-12 20:21:30.347,0.00,0.00,0.00,0.00,1,0
2026-06-12 20:21:30.398,0.00,0.00,0.00,0.00,1,0
2026-06-12 20:21:30.448,0.00,0.00,0.00,0.00,1,0
2026-06-12 20:21:30.498,0.00,0.00,0.00,0.00,1,0
2026-06-12 20:21:30.549,0.00,0.00,0.00,0.00,1,0
2026-06-12 20:21:30.599,0.00,0.00,0.00,0.00,1,0
2026-06-12 20:21:30.650,0.00,0.00,0.00,0.00,1,0
2026-06-12 20:21:30.700,0.00,0.00,0.00,0.00,1,0
2026-06-12 20:21:30.750,0.00,0.00,0.00,0.00,1,0
2026-06-12 20:21:30.802,0.00,0.00,0.00,0.00,1,0
2026-06-12 20:21:30.853,0.00,0.00,0.00,0.00,1,0
2026-06-12 20:21:30.902,0.00,0.00,0.00,0.00,1,0
2026-06-12 20:21:30.952,0.00,0.00,0.00,0.00,1,0
2026-06-12 20:21:31.002,0.00,0.00,0.00,0.00,1,0
2026-06-12 20:21:31.053,0.00,0.00,0.00,0.00,1,0
2026-06-12 20:21:31.103,0.00,0.00,0.00,0.00,1,0
2026-06-12 20:21:31.158,0.00,0.00,0.00,0.00,1,0
2026-06-12 20:21:31.205,0.00,0.00,0.00,0.00,1,0
2026-06-12 20:21:31.255,0.00,0.00,0.00,0.00,1,0
2026-06-12 20:21:31.305,0.00,0.00,0.00,0.00,1,0
2026-06-12 20:21:31.355,0.00,0.00,0.00,0.00,1,0
2026-06-12 20:21:31.406,0.00,0.00,0.00,0.00,1,0
2026-06-12 20:21:31.456,0.00,0.00,0.00,0.00,0,0
2026-06-12 20:21:31.507,0.00,0.00,0.00,0.00,0,0
2026-06-12 20:21:31.558,0.00,0.00,0.00,0.00,0,0
2026-06-12 20:21:31.607,0.00,0.00,0.00,0.00,0,0
2026-06-12 20:21:31.658,0.00,0.00,0.00,0.00,0,0
2026-06-12 20:21:31.708,0.00,0.00,0.00,0.00,0,0
2026-06-12 20:21:31.758,0.00,0.00,0.00,0.00,0,0
2026-06-12 20:21:31.809,0.00,0.00,0.00,0.00,0,0
2026-06-12 20:21:31.859,0.00,0.00,0.00,0.00,0,0
2026-06-12 20:21:31.910,0.00,0.00,0.00,0.00,0,0
2026-06-12 20:21:31.960,0.00,0.00,0.00,0.00,0,0
2026-06-12 20:21:32.010,0.00,0.00,0.00,0.00,0,0
2026-06-12 20:21:32.062,0.00,0.00,0.00,0.00,0,0
2026-06-12 20:21:32.112,0.00,0.00,0.00,0.00,0,0
2026-06-12 20:21:32.162,0.00,0.00,0.00,0.00,0,0
2026-06-12 20:21:32.212,0.00,0.00,0.00,0.00,0,0
2026-06-12 20:21:32.262,0.00,0.00,0.00,0.00,0,0
2026-06-12 20:21:32.313,0.00,0.00,0.00,0.00,0,0
2026-06-12 20:21:32.364,0.00,0.00,0.00,0.00,0,0
2026-06-12 20:21:32.414,0.00,0.00,0.00,0.00,0,0
2026-06-12 20:21:32.464,0.00,0.00,0.00,0.00,0,0
2026-06-12 20:21:32.514,0.00,0.00,0.00,0.00,0,0
2026-06-12 20:21:32.565,0.00,0.00,0.00,0.00,0,0
2026-06-12 20:21:32.615,0.00,0.00,0.00,0.00,0,0
2026-06-12 20:21:32.666,0.00,0.00,0.00,0.00,0,0
2026-06-12 20:21:32.716,0.00,0.00,0.00,0.00,0,0
2026-06-12 20:21:32.766,0.00,0.00,0.00,0.00,0,0
2026-06-12 20:21:32.817,0.00,0.00,0.00,0.00,0,0
2026-06-12 20:21:32.867,0.00,0.00,0.00,0.00,0,0
2026-06-12 20:21:32.918,0.00,0.00,0.00,0.00,0,0
2026-06-12 20:21:32.970,0.00,0.00,0.00,0.00,0,0
2026-06-12 20:21:33.018,0.00,0.00,0.00,0.00,0,0
2026-06-12 20:21:33.069,0.00,0.00,0.00,0.00,0,0
2026-06-12 20:21:33.119,0.00,0.00,0.00,0.00,0,0
2026-06-12 20:21:33.170,0.00,0.00,0.00,0.00,0,0
2026-06-12 20:21:33.220,0.00,0.00,0.00,0.00,0,0
2026-06-12 20:21:33.270,0.00,0.00,0.00,0.00,0,0
2026-06-12 20:21:33.322,0.00,0.00,0.00,0.00,0,0
2026-06-12 20:21:33.372,0.00,0.00,0.00,0.00,0,0
2026-06-12 20:21:33.422,0.00,0.00,0.00,0.00,0,0
2026-06-12 20:21:33.472,0.00,0.00,0.00,0.00,2,0
2026-06-12 20:21:33.522,0.00,0.00,0.00,0.00,2,0
2026-06-12 20:21:33.573,0.00,0.00,0.00,0.00,2,0
2026-06-12 20:21:33.624,0.00,0.00,0.00,0.00,2,0
2026-06-12 20:21:33.674,0.00,0.00,0.00,0.00,2,0
2026-06-12 20:21:33.726,0.00,0.00,0.00,0.00,2,0
2026-06-12 20:21:33.774,0.00,0.00,0.00,0.00,2,0
2026-06-12 20:21:33.825,0.00,0.00,0.00,0.00,2,0
2026-06-12 20:21:33.875,0.00,0.00,0.00,0.00,2,0
2026-06-12 20:21:33.926,0.00,0.00,0.00,0.00,2,0
2026-06-12 20:21:33.976,0.00,0.00,0.00,0.00,2,0
2026-06-12 20:21:34.026,0.00,0.00,0.00,0.00,2,0
2026-06-12 20:21:34.077,0.00,0.00,0.00,0.00,2,0
2026-06-12 20:21:34.127,0.00,0.00,0.00,0.00,2,0
2026-06-12 20:21:34.178,0.00,0.00,0.00,0.00,2,0
2026-06-12 20:21:34.228,0.00,0.00,0.00,0.00,2,0
2026-06-12 20:21:34.284,0.00,0.00,0.00,0.00,2,0
2026-06-12 20:21:34.329,0.00,0.00,0.00,0.00,2,0
2026-06-12 20:21:34.379,0.00,0.00,0.00,0.00,2,0
2026-06-12 20:21:34.430,0.00,0.00,0.00,0.00,2,0
2026-06-12 20:21:34.480,0.00,0.00,0.00,0.00,2,0
2026-06-12 20:21:34.530,0.00,0.00,0.00,0.00,2,0
2026-06-12 20:21:34.582,0.00,0.00,0.00,0.00,2,0
2026-06-12 20:21:34.632,0.00,0.00,0.00,0.00,2,0
2026-06-12 20:21:34.682,0.00,0.00,0.00,0.00,2,0
2026-06-12 20:21:34.732,0.00,0.00,0.00,0.00,2,0
2026-06-12 20:21:34.782,0.00,0.00,0.00,0.00,2,0
2026-06-12 20:21:34.833,0.00,0.00,0.00,0.00,2,0
2026-06-12 20:21:34.883,0.00,0.00,0.00,0.00,2,0
2026-06-12 20:21:34.934,0.00,0.00,0.00,0.00,2,0
2026-06-12 20:21:34.984,0.00,0.00,0.00,0.00,2,0
2026-06-12 20:21:35.035,0.00,0.00,0.00,0.00,2,0
2026-06-12 20:21:35.085,0.00,0.00,0.00,0.00,2,0
2026-06-12 20:21:35.136,0.00,0.00,0.00,0.00,2,0
2026-06-12 20:21:35.186,0.00,0.00,0.00,0.00,2,0
2026-06-12 20:21:35.236,0.00,0.00,0.00,0.00,2,0
2026-06-12 20:21:35.288,0.00,0.00,0.00,0.00,2,0
2026-06-12 20:21:35.337,0.00,0.00,0.00,0.00,2,0
2026-06-12 20:21:35.389,0.00,0.00,0.00,0.00,2,0
2026-06-12 20:21:35.438,0.00,0.00,0.00,0.00,2,0
2026-06-12 20:21:35.488,0.00,0.00,0.00,0.00,2,0
2026-06-12 20:21:35.538,0.00,0.00,0.00,0.00,2,0
2026-06-12 20:21:35.589,0.00,0.00,0.00,0.00,2,0
2026-06-12 20:21:35.640,0.00,0.00,0.00,0.00,2,0
2026-06-12 20:21:35.691,0.00,0.00,0.00,0.00,2,0
2026-06-12 20:21:35.740,0.00,0.00,0.00,0.00,2,0
2026-06-12 20:21:35.790,0.00,0.00,0.00,0.00,2,0
2026-06-12 20:21:35.842,0.00,0.00,0.00,0.00,2,0
2026-06-12 20:21:35.892,0.00,0.00,0.00,0.00,2,0
2026-06-12 20:21:35.942,0.00,0.00,0.00,0.00,2,0
2026-06-12 20:21:35.992,0.00,0.00,0.00,0.00,2,0
2026-06-12 20:21:36.042,0.00,0.00,0.00,0.00,2,0
2026-06-12 20:21:36.093,0.00,0.00,0.00,0.00,2,0
2026-06-12 20:21:36.143,0.00,0.00,0.00,0.00,2,0
2026-06-12 20:21:36.193,0.00,0.00,0.00,0.00,2,0
2026-06-12 20:21:36.244,0.00,0.00,0.00,0.00,2,0
2026-06-12 20:21:36.294,0.00,0.00,0.00,0.00,2,0
2026-06-12 20:21:36.345,0.00,0.00,0.00,0.00,2,0
2026-06-12 20:21:36.395,0.00,0.00,0.00,0.00,2,0
2026-06-12 20:21:36.446,0.00,0.00,0.00,0.00,2,0
2026-06-12 20:21:36.496,0.00,0.00,0.00,0.00,2,0
2026-06-12 20:21:36.546,0.00,0.00,0.00,0.00,2,0
2026-06-12 20:21:36.597,0.00,0.00,0.00,0.00,2,0
2026-06-12 20:21:36.647,0.00,0.00,0.00,0.00,2,0
2026-06-12 20:21:36.698,0.00,0.00,0.00,0.00,2,0
2026-06-12 20:21:36.749,0.00,0.00,0.00,0.00,2,0
2026-06-12 20:21:36.798,0.00,0.00,0.00,0.00,2,0
2026-06-12 20:21:36.849,0.00,0.00,0.00,0.00,2,0
2026-06-12 20:21:36.899,0.00,0.00,0.00,0.00,2,0
2026-06-12 20:21:36.950,0.00,0.00,0.00,0.00,2,0
2026-06-12 20:21:37.000,0.00,0.00,0.00,0.00,2,0
2026-06-12 20:21:37.051,0.00,0.00,0.00,0.00,2,0
2026-06-12 20:21:37.101,0.00,0.00,0.00,0.00,2,0
2026-06-12 20:21:37.151,0.00,0.00,0.00,0.00,2,0
2026-06-12 20:21:37.202,0.00,0.00,0.00,0.00,2,0
2026-06-12 20:21:37.252,0.00,0.00,0.00,0.00,2,0
2026-06-12 20:21:37.302,0.00,0.00,0.00,0.00,2,0
2026-06-12 20:21:37.353,0.00,0.00,0.00,0.00,2,0
2026-06-12 20:21:37.403,0.00,0.00,0.00,0.00,2,0
2026-06-12 20:21:37.454,0.00,0.00,0.00,0.00,2,0
2026-06-12 20:21:37.504,0.00,0.00,0.00,0.00,2,0
2026-06-12 20:21:37.554,0.00,0.00,0.00,0.00,2,0
2026-06-12 20:21:37.605,0.00,0.00,0.00,0.00,2,0
2026-06-12 20:21:37.655,0.00,0.00,0.00,0.00,2,0
2026-06-12 20:21:37.706,0.00,0.00,0.00,0.00,2,0
2026-06-12 20:21:37.756,0.00,0.00,0.00,0.00,2,0
2026-06-12 20:21:37.806,0.00,0.00,0.00,0.00,2,0
2026-06-12 20:21:37.857,0.00,0.00,0.00,0.00,2,0
2026-06-12 20:21:37.907,0.00,0.00,0.00,0.00,2,0
2026-06-12 20:21:37.958,0.00,0.00,0.00,0.00,2,0
2026-06-12 20:21:38.008,0.00,0.00,0.00,0.00,2,0
2026-06-12 20:21:38.058,0.00,0.00,0.00,0.00,2,0
2026-06-12 20:21:38.109,0.00,0.00,0.00,0.00,2,0
2026-06-12 20:21:38.160,0.00,0.00,0.00,0.00,2,0
2026-06-12 20:21:38.210,0.00,0.00,0.00,0.00,2,0
2026-06-12 20:21:38.260,0.00,0.00,0.00,0.00,2,0
2026-06-12 20:21:38.310,0.00,0.00,0.00,0.00,2,0
2026-06-12 20:21:38.361,0.00,0.00,0.00,0.00,2,0
2026-06-12 20:21:38.412,0.00,0.00,0.00,0.00,2,0
2026-06-12 20:21:38.461,0.00,0.00,0.00,0.00,2,0
2026-06-12 20:21:38.512,0.00,0.00,0.00,0.00,2,0
2026-06-12 20:21:38.563,0.00,0.00,0.00,0.00,2,0
2026-06-12 20:21:38.613,0.00,0.00,0.00,0.00,2,0
2026-06-12 20:21:38.663,0.00,0.00,0.00,0.00,2,0
2026-06-12 20:21:38.713,0.00,0.00,0.00,0.00,2,0
2026-06-12 20:21:38.764,0.00,0.00,0.00,0.00,2,0
2026-06-12 20:21:38.814,0.00,0.00,0.00,0.00,2,0
2026-06-12 20:21:38.865,0.00,0.00,0.00,0.00,2,0
2026-06-12 20:21:38.915,0.00,0.00,0.00,0.00,2,0
2026-06-12 20:21:38.967,0.00,0.00,0.00,0.00,2,0
2026-06-12 20:21:39.016,0.00,0.00,0.00,0.00,2,0
2026-06-12 20:21:39.066,0.00,0.00,0.00,0.00,2,0
2026-06-12 20:21:39.117,0.00,0.00,0.00,0.00,2,0
2026-06-12 20:21:39.167,0.00,0.00,0.00,0.00,2,0
2026-06-12 20:21:39.217,0.00,0.00,0.00,0.00,2,0
2026-06-12 20:21:39.268,0.00,0.00,0.00,0.00,2,0
2026-06-12 20:21:39.318,0.00,0.00,0.00,0.00,2,0
2026-06-12 20:21:39.369,0.00,0.00,0.00,0.00,2,0
2026-06-12 20:21:39.419,0.00,0.00,0.00,0.00,2,0
2026-06-12 20:21:39.469,0.00,0.00,0.00,0.00,2,0
2026-06-12 20:21:39.520,0.00,0.00,0.00,0.00,2,0
2026-06-12 20:21:39.570,0.00,0.00,0.00,0.00,2,0
2026-06-12 20:21:39.621,0.00,0.00,0.00,0.00,2,0
2026-06-12 20:21:39.672,0.00,0.00,0.00,0.00,2,0
2026-06-12 20:21:39.722,0.00,0.00,0.00,0.00,2,0
2026-06-12 20:21:39.772,0.00,0.00,0.00,0.00,2,0
2026-06-12 20:21:39.823,0.00,0.00,0.00,0.00,2,0
2026-06-12 20:21:39.873,0.00,0.00,0.00,0.00,2,0
2026-06-12 20:21:39.923,0.00,0.00,0.00,0.00,2,0
2026-06-12 20:21:39.973,0.00,0.00,0.00,0.00,2,0
2026-06-12 20:21:40.025,0.00,0.00,0.00,0.00,2,0
2026-06-12 20:21:40.074,0.00,0.00,0.00,0.00,2,0
2026-06-12 20:21:40.125,0.00,0.00,0.00,0.00,2,0
2026-06-12 20:21:40.176,0.00,0.00,0.00,0.00,2,0
2026-06-12 20:21:40.226,0.00,0.00,0.00,0.00,2,0
2026-06-12 20:21:40.276,0.00,0.00,0.00,0.00,2,0
2026-06-12 20:21:40.326,0.00,0.00,0.00,0.00,2,0
2026-06-12 20:21:40.377,0.00,0.00,0.00,0.00,2,0
2026-06-12 20:21:40.427,0.00,0.00,0.00,0.00,2,0
2026-06-12 20:21:40.478,0.00,0.00,0.00,0.00,2,0
2026-06-12 20:21:40.528,0.00,0.00,0.00,0.00,2,0
2026-06-12 20:21:40.578,0.00,0.00,0.00,0.00,2,0
2026-06-12 20:21:40.629,0.00,0.00,0.00,0.00,2,0
2026-06-12 20:21:40.679,0.00,0.00,0.00,0.00,2,0
2026-06-12 20:21:40.729,0.00,0.00,0.00,0.00,2,0
2026-06-12 20:21:40.780,0.00,0.00,0.00,0.00,2,0
2026-06-12 20:21:40.830,0.00,0.00,0.00,0.00,2,0
2026-06-12 20:21:40.881,0.00,0.00,0.00,0.00,2,0
2026-06-12 20:21:40.932,0.00,0.00,0.00,0.00,2,0
2026-06-12 20:21:40.982,0.00,0.00,0.00,0.00,2,0
2026-06-12 20:21:41.032,0.00,0.00,0.00,0.00,2,0
2026-06-12 20:21:41.082,0.00,0.00,0.00,0.00,2,0
2026-06-12 20:21:41.133,0.00,0.00,0.00,0.00,2,0
2026-06-12 20:21:41.183,0.00,0.00,0.00,0.00,2,0
2026-06-12 20:21:41.233,0.00,0.00,0.00,0.00,2,0
2026-06-12 20:21:41.284,0.00,0.00,0.00,0.00,2,0
2026-06-12 20:21:41.334,0.00,0.00,0.00,0.00,2,0
2026-06-12 20:21:41.385,0.00,0.00,0.00,0.00,2,0
2026-06-12 20:21:41.436,0.00,0.00,0.00,0.00,2,0
2026-06-12 20:21:41.486,0.00,0.00,0.00,0.00,2,0
2026-06-12 20:21:41.536,0.00,0.00,0.00,0.00,2,0
2026-06-12 20:21:41.586,0.00,0.00,0.00,0.00,2,0
2026-06-12 20:21:41.640,0.00,0.00,0.00,0.00,2,0
2026-06-12 20:21:41.687,0.00,0.00,0.00,0.00,2,0
2026-06-12 20:21:41.737,0.00,0.00,0.00,0.00,2,0
2026-06-12 20:21:41.788,0.00,0.00,0.00,0.00,2,0
2026-06-12 20:21:41.838,0.00,0.00,0.00,0.00,2,0
2026-06-12 20:21:41.889,0.00,0.00,0.00,0.00,2,0
2026-06-12 20:21:41.939,0.00,0.00,0.00,0.00,2,0
2026-06-12 20:21:41.989,0.00,0.00,0.00,0.00,2,0
2026-06-12 20:21:42.040,0.00,0.00,0.00,0.00,2,0
2026-06-12 20:21:42.090,0.00,0.00,0.00,0.00,2,0
2026-06-12 20:21:42.141,0.00,0.00,0.00,0.00,2,0
2026-06-12 20:21:42.192,0.00,0.00,0.00,0.00,2,0
2026-06-12 20:21:42.242,0.00,0.00,0.00,0.00,2,0
2026-06-12 20:21:42.292,0.00,0.00,0.00,0.00,2,0
2026-06-12 20:21:42.342,0.00,0.00,0.00,0.00,2,0
2026-06-12 20:21:42.393,0.00,0.00,0.00,0.00,2,0
2026-06-12 20:21:42.443,0.00,0.00,0.00,0.00,2,0
2026-06-12 20:21:42.493,0.00,0.00,0.00,0.00,2,0
2026-06-12 20:21:42.544,0.00,0.00,0.00,0.00,2,0
2026-06-12 20:21:42.594,0.00,0.00,0.00,0.00,2,0
2026-06-12 20:21:42.645,0.00,0.00,0.00,0.00,2,0
2026-06-12 20:21:42.695,0.00,0.00,0.00,0.00,2,0
2026-06-12 20:21:42.745,0.00,0.00,0.00,0.00,2,0
2026-06-12 20:21:42.796,0.00,0.00,0.00,0.00,2,0
2026-06-12 20:21:42.846,0.00,0.00,0.00,0.00,2,0
2026-06-12 20:21:42.897,0.00,0.00,0.00,0.00,2,0
2026-06-12 20:21:42.947,0.00,0.00,0.00,0.00,2,0
2026-06-12 20:21:42.997,0.00,0.00,0.00,0.00,2,0
2026-06-12 20:21:43.048,0.00,0.00,0.00,0.00,2,0
2026-06-12 20:21:43.098,0.00,0.00,0.00,0.00,2,0
2026-06-12 20:21:43.149,0.00,0.00,0.00,0.00,2,0
2026-06-12 20:21:43.199,0.00,0.00,0.00,0.00,2,0
2026-06-12 20:21:43.249,0.00,0.00,0.00,0.00,2,0
2026-06-12 20:21:43.300,0.00,0.00,0.00,0.00,2,0
2026-06-12 20:21:43.350,0.00,0.00,0.00,0.00,2,0
2026-06-12 20:21:43.401,0.00,0.00,0.00,0.00,2,0
2026-06-12 20:21:43.452,0.00,0.00,0.00,0.00,2,0
2026-06-12 20:21:43.502,0.00,0.00,0.00,0.00,2,0
2026-06-12 20:21:43.552,0.00,0.00,0.00,0.00,2,0
2026-06-12 20:21:43.603,0.00,0.00,0.00,0.00,2,0
2026-06-12 20:21:43.652,0.00,0.00,0.00,0.00,2,0
2026-06-12 20:21:43.703,0.00,0.00,0.00,0.00,2,0
2026-06-12 20:21:43.753,0.00,0.00,0.00,0.00,2,0
2026-06-12 20:21:43.804,0.00,0.00,0.00,0.00,2,0
2026-06-12 20:21:43.854,0.00,0.00,0.00,0.00,2,0
2026-06-12 20:21:43.904,0.00,0.00,0.00,0.00,2,0
2026-06-12 20:21:43.955,0.00,0.00,0.00,0.00,2,0
2026-06-12 20:21:44.005,0.00,0.00,0.00,0.00,2,0
2026-06-12 20:21:44.056,0.00,0.00,0.00,0.00,2,0
2026-06-12 20:21:44.106,0.00,0.00,0.00,0.00,2,0
2026-06-12 20:21:44.157,0.00,0.00,0.00,0.00,2,0
2026-06-12 20:21:44.207,0.00,0.00,0.00,0.00,2,0
2026-06-12 20:21:44.257,0.00,0.00,0.00,0.00,2,0
2026-06-12 20:21:44.308,0.00,0.00,0.00,0.00,2,0
2026-06-12 20:21:44.358,0.00,0.00,0.00,0.00,2,0
2026-06-12 20:21:44.409,0.00,0.00,0.00,0.00,2,0
2026-06-12 20:21:44.459,0.00,0.00,0.00,0.00,2,0
2026-06-12 20:21:44.509,0.00,0.00,0.00,0.00,2,0
2026-06-12 20:21:44.560,0.00,0.00,0.00,0.00,2,0
2026-06-12 20:21:44.612,0.00,0.00,0.00,0.00,2,0
2026-06-12 20:21:44.660,0.00,0.00,0.00,0.00,2,0
2026-06-12 20:21:44.711,0.00,0.00,0.00,0.00,2,0
2026-06-12 20:21:44.762,0.00,0.00,0.00,0.00,2,0
2026-06-12 20:21:44.812,0.00,0.00,0.00,0.00,1,0
2026-06-12 20:21:44.862,0.00,0.00,0.00,0.00,1,0
2026-06-12 20:21:44.913,0.00,0.00,0.00,0.00,1,0
2026-06-12 20:21:44.963,0.00,0.00,0.00,0.00,1,0
2026-06-12 20:21:45.013,0.00,0.00,0.00,0.00,1,0
2026-06-12 20:21:45.064,0.00,0.00,0.00,0.00,1,0
2026-06-12 20:21:45.116,0.00,0.00,0.00,0.00,1,0
2026-06-12 20:21:45.164,0.00,0.00,0.00,0.00,1,0
2026-06-12 20:21:45.215,0.00,0.00,0.00,0.00,1,0
2026-06-12 20:21:45.265,0.00,0.00,0.00,0.00,1,0
2026-06-12 20:21:45.317,0.00,0.00,0.00,0.00,1,0
2026-06-12 20:21:45.366,0.00,0.00,0.00,0.00,1,0
2026-06-12 20:21:45.417,0.00,0.00,0.00,0.00,1,0
2026-06-12 20:21:45.467,0.00,0.00,0.00,0.00,1,0
2026-06-12 20:21:45.517,0.00,0.00,0.00,0.00,1,0
2026-06-12 20:21:45.568,0.00,0.00,0.00,0.00,1,0
2026-06-12 20:21:45.618,0.00,0.00,0.00,0.00,1,0
2026-06-12 20:21:45.669,0.00,0.00,0.00,0.00,1,0
2026-06-12 20:21:45.719,0.00,0.00,0.00,0.00,1,0
2026-06-12 20:21:45.769,0.00,0.00,0.00,0.00,1,0
2026-06-12 20:21:45.820,0.00,0.00,0.00,0.00,1,0
2026-06-12 20:21:45.870,0.00,0.00,0.00,0.00,1,0
2026-06-12 20:21:45.920,0.00,0.00,0.00,0.00,1,0
2026-06-12 20:21:45.971,0.00,0.00,0.00,0.00,1,0
2026-06-12 20:21:46.024,0.00,0.00,0.00,0.00,1,0
2026-06-12 20:21:46.072,0.00,0.00,0.00,0.00,1,0
2026-06-12 20:21:46.122,0.00,0.00,0.00,0.00,1,0
2026-06-12 20:21:46.175,0.00,0.00,0.00,0.00,1,0
2026-06-12 20:21:46.223,0.00,0.00,0.00,0.00,1,0
2026-06-12 20:21:46.274,0.00,0.00,0.00,0.00,1,0
2026-06-12 20:21:46.324,0.00,0.00,0.00,0.00,1,0
2026-06-12 20:21:46.374,0.00,0.00,0.00,0.00,1,0
2026-06-12 20:21:46.425,0.00,0.00,0.00,0.00,1,0
2026-06-12 20:21:46.475,0.00,0.00,0.00,0.00,1,0
2026-06-12 20:21:46.525,0.00,0.00,0.00,0.00,1,0
2026-06-12 20:21:46.576,0.00,0.00,0.00,0.00,1,0
2026-06-12 20:21:46.626,0.00,0.00,0.00,0.00,1,0
2026-06-12 20:21:46.676,0.00,0.00,0.00,0.00,1,0
2026-06-12 20:21:46.727,0.00,0.00,0.00,0.00,1,0
2026-06-12 20:21:46.777,0.00,0.00,0.00,0.00,1,0
2026-06-12 20:21:46.828,0.00,0.00,0.00,0.00,1,0
2026-06-12 20:21:46.878,0.00,0.00,0.00,0.00,1,0
2026-06-12 20:21:46.928,0.00,0.00,0.00,0.00,1,0
2026-06-12 20:21:46.979,0.00,0.00,0.00,0.00,1,0
2026-06-12 20:21:47.029,0.00,0.00,0.00,0.00,1,0
2026-06-12 20:21:47.080,0.00,0.00,0.00,0.00,1,0
2026-06-12 20:21:47.130,0.00,0.00,0.00,0.00,1,0
2026-06-12 20:21:47.181,0.00,0.00,0.00,0.00,1,0
2026-06-12 20:21:47.231,0.00,0.00,0.00,0.00,1,0
2026-06-12 20:21:47.282,0.00,0.00,0.00,0.00,1,0
2026-06-12 20:21:47.332,0.00,0.00,0.00,0.00,1,0
2026-06-12 20:21:47.382,0.00,0.00,0.00,0.00,1,0
2026-06-12 20:21:47.433,0.00,0.00,0.00,0.00,1,0
2026-06-12 20:21:47.483,0.00,0.00,0.00,0.00,1,0
2026-06-12 20:21:47.533,0.00,0.00,0.00,0.00,1,0
2026-06-12 20:21:47.584,0.00,0.00,0.00,0.00,1,0
2026-06-12 20:21:47.634,0.00,0.00,0.00,0.00,1,0
2026-06-12 20:21:47.686,0.00,0.00,0.00,0.00,1,0
2026-06-12 20:21:47.735,0.00,0.00,0.00,0.00,1,0
2026-06-12 20:21:47.785,0.00,0.00,0.00,0.00,1,0
2026-06-12 20:21:47.836,0.00,0.00,0.00,0.00,1,0
2026-06-12 20:21:47.886,0.00,0.00,0.00,0.00,0,0
2026-06-12 20:21:47.940,0.00,0.00,0.00,0.00,0,0
2026-06-12 20:21:47.987,0.00,0.00,0.00,0.00,0,0
2026-06-12 20:21:48.037,0.00,0.00,0.00,0.00,0,0
2026-06-12 20:21:48.088,0.00,0.00,0.00,0.00,0,0
2026-06-12 20:21:48.138,0.00,0.00,0.00,0.00,0,0
2026-06-12 20:21:48.188,0.00,0.00,0.00,0.00,0,0
2026-06-12 20:21:48.239,0.00,0.00,0.00,0.00,0,0
2026-06-12 20:21:48.289,0.00,0.00,0.00,0.00,0,0
2026-06-12 20:21:48.340,0.00,0.00,0.00,0.00,0,0
2026-06-12 20:21:48.390,0.00,0.00,0.00,0.00,0,0
2026-06-12 20:21:48.440,0.00,0.00,0.00,0.00,0,0
2026-06-12 20:21:48.492,0.00,0.00,0.00,0.00,0,0
2026-06-12 20:21:48.542,0.00,0.00,0.00,0.00,0,0
2026-06-12 20:21:48.592,0.00,0.00,0.00,0.00,0,0
2026-06-12 20:21:48.642,0.00,0.00,0.00,0.00,0,0
2026-06-12 20:21:48.692,0.00,0.00,0.00,0.00,0,0
2026-06-12 20:21:48.743,0.00,0.00,0.00,0.00,0,0
2026-06-12 20:21:48.793,0.00,0.00,0.00,0.00,0,0
2026-06-12 20:21:48.844,0.00,0.00,0.00,0.00,0,0
2026-06-12 20:21:48.894,0.00,0.00,0.00,0.00,0,0
2026-06-12 20:21:48.944,0.00,0.00,0.00,0.00,0,0
2026-06-12 20:21:48.995,0.00,0.00,0.00,0.00,0,0
2026-06-12 20:21:49.045,0.00,0.00,0.00,0.00,0,0
2026-06-12 20:21:49.096,0.00,0.00,0.00,0.00,0,0
2026-06-12 20:21:49.146,0.00,0.00,0.00,0.00,0,0
2026-06-12 20:21:49.196,0.00,0.00,0.00,0.00,0,0
2026-06-12 20:21:49.247,0.00,0.00,0.00,0.00,0,0
2026-06-12 20:21:49.297,0.00,0.00,0.00,0.00,0,0
2026-06-12 20:21:49.349,0.00,0.00,0.00,0.00,0,0
2026-06-12 20:21:49.398,0.00,0.00,0.00,0.00,0,0
2026-06-12 20:21:49.448,0.00,0.00,0.00,0.00,0,0
2026-06-12 20:21:49.499,0.00,0.00,0.00,0.00,0,0
2026-06-12 20:21:49.549,0.00,0.00,0.00,0.00,0,0
2026-06-12 20:21:49.600,0.00,0.00,0.00,0.00,0,0
2026-06-12 20:21:49.650,0.00,0.00,0.00,0.00,0,0
2026-06-12 20:21:49.704,0.00,0.00,0.00,0.00,0,0
2026-06-12 20:21:49.752,0.00,0.00,0.00,0.00,0,0
2026-06-12 20:21:49.801,0.00,0.00,0.00,0.00,0,0
2026-06-12 20:21:49.852,0.00,0.00,0.00,0.00,0,0
2026-06-12 20:21:49.902,0.00,0.00,0.00,0.00,2,0
2026-06-12 20:21:49.952,0.00,0.00,0.00,0.00,2,0
2026-06-12 20:21:50.003,0.00,0.00,0.00,0.00,2,0
2026-06-12 20:21:50.053,0.00,0.00,0.00,0.00,2,0
2026-06-12 20:21:50.104,0.00,0.00,0.00,0.00,2,0
2026-06-12 20:21:50.154,0.00,0.00,0.00,0.00,2,0
2026-06-12 20:21:50.204,0.00,0.00,0.00,0.00,2,0
2026-06-12 20:21:50.255,0.00,0.00,0.00,0.00,2,0
2026-06-12 20:21:50.305,0.00,0.00,0.00,0.00,2,0
2026-06-12 20:21:50.356,0.00,0.00,0.00,0.00,2,0
2026-06-12 20:21:50.406,0.00,0.00,0.00,0.00,2,0
2026-06-12 20:21:50.459,0.00,0.00,0.00,0.00,2,0
2026-06-12 20:21:50.507,0.00,0.00,0.00,0.00,2,0
2026-06-12 20:21:50.557,0.00,0.00,0.00,0.00,2,0
2026-06-12 20:21:50.608,0.00,0.00,0.00,0.00,2,0
2026-06-12 20:21:50.658,0.00,0.00,0.00,0.00,2,0
2026-06-12 20:21:50.708,0.00,0.00,0.00,0.00,2,0
2026-06-12 20:21:50.759,0.00,0.00,0.00,0.00,2,0
2026-06-12 20:21:50.809,0.00,0.00,0.00,0.00,2,0
2026-06-12 20:21:50.860,0.00,0.00,0.00,0.00,2,0
2026-06-12 20:21:50.910,0.00,0.00,0.00,0.00,2,0
2026-06-12 20:21:50.960,0.00,0.00,0.00,0.00,2,0
2026-06-12 20:21:51.011,0.00,0.00,0.00,0.00,2,0
2026-06-12 20:21:51.062,0.00,0.00,0.00,0.00,2,0
2026-06-12 20:21:51.112,0.00,0.00,0.00,0.00,2,0
2026-06-12 20:21:51.162,0.00,0.00,0.00,0.00,2,0
2026-06-12 20:21:51.212,0.00,0.00,0.00,0.00,2,0
2026-06-12 20:21:51.263,0.00,0.00,0.00,0.00,2,0
2026-06-12 20:21:51.313,0.00,0.00,0.00,0.00,2,0
2026-06-12 20:21:51.364,0.00,0.00,0.00,0.00,2,0
2026-06-12 20:21:51.414,0.00,0.00,0.00,0.00,2,0
2026-06-12 20:21:51.464,0.00,0.00,0.00,0.00,2,0
2026-06-12 20:21:51.515,0.00,0.00,0.00,0.00,2,0
2026-06-12 20:21:51.565,0.00,0.00,0.00,0.00,2,0
2026-06-12 20:21:51.616,0.00,0.00,0.00,0.00,2,0
2026-06-12 20:21:51.666,0.00,0.00,0.00,0.00,2,0
2026-06-12 20:21:51.716,0.00,0.00,0.00,0.00,2,0
2026-06-12 20:21:51.767,0.00,0.00,0.00,0.00,2,0
2026-06-12 20:21:51.817,0.00,0.00,0.00,0.00,2,0
2026-06-12 20:21:51.868,0.00,0.00,0.00,0.00,2,0
2026-06-12 20:21:51.918,0.00,0.00,0.00,0.00,2,0
2026-06-12 20:21:51.968,0.00,0.00,0.00,0.00,2,0
2026-06-12 20:21:52.019,0.00,0.00,0.00,0.00,2,0
2026-06-12 20:21:52.069,0.00,0.00,0.00,0.00,2,0
2026-06-12 20:21:52.120,0.00,0.00,0.00,0.00,2,0
2026-06-12 20:21:52.170,0.00,0.00,0.00,0.00,2,0
2026-06-12 20:21:52.220,0.00,0.00,0.00,0.00,2,0
2026-06-12 20:21:52.272,0.00,0.00,0.00,0.00,2,0
2026-06-12 20:21:52.322,0.00,0.00,0.00,0.00,2,0
2026-06-12 20:21:52.372,0.00,0.00,0.00,0.00,2,0
2026-06-12 20:21:52.422,0.00,0.00,0.00,0.00,2,0
2026-06-12 20:21:52.472,0.00,0.00,0.00,0.00,2,0
2026-06-12 20:21:52.523,0.00,0.00,0.00,0.00,2,0
2026-06-12 20:21:52.573,0.00,0.00,0.00,0.00,2,0
2026-06-12 20:21:52.624,0.00,0.00,0.00,0.00,2,0
2026-06-12 20:21:52.674,0.00,0.00,0.00,0.00,2,0
2026-06-12 20:21:52.725,0.00,0.00,0.00,0.00,2,0
2026-06-12 20:21:52.775,0.00,0.00,0.00,0.00,2,0
2026-06-12 20:21:52.825,0.00,0.00,0.00,0.00,2,0
2026-06-12 20:21:52.875,0.00,0.00,0.00,0.00,2,0
2026-06-12 20:21:52.926,0.00,0.00,0.00,0.00,2,0
2026-06-12 20:21:52.976,0.00,0.00,0.00,0.00,2,0
2026-06-12 20:21:53.027,0.00,0.00,0.00,0.00,2,0
2026-06-12 20:21:53.077,0.00,0.00,0.00,0.00,2,0
2026-06-12 20:21:53.131,0.00,0.00,0.00,0.00,2,0
2026-06-12 20:21:53.178,0.00,0.00,0.00,0.00,2,0
2026-06-12 20:21:53.228,0.00,0.00,0.00,0.00,2,0
2026-06-12 20:21:53.279,0.00,0.00,0.00,0.00,2,0
2026-06-12 20:21:53.329,0.00,0.00,0.00,0.00,2,0
2026-06-12 20:21:53.380,0.00,0.00,0.00,0.00,2,0
2026-06-12 20:21:53.430,0.00,0.00,0.00,0.00,2,0
2026-06-12 20:21:53.480,0.00,0.00,0.00,0.00,2,0
2026-06-12 20:21:53.532,0.00,0.00,0.00,0.00,2,0
2026-06-12 20:21:53.582,0.00,0.00,0.00,0.00,2,0
2026-06-12 20:21:53.631,0.00,0.00,0.00,0.00,2,0
2026-06-12 20:21:53.682,0.00,0.00,0.00,0.00,2,0
2026-06-12 20:21:53.732,0.00,0.00,0.00,0.00,2,0
2026-06-12 20:21:53.783,0.00,0.00,0.00,0.00,2,0
2026-06-12 20:21:53.833,0.00,0.00,0.00,0.00,2,0
2026-06-12 20:21:53.883,0.00,0.00,0.00,0.00,2,0
2026-06-12 20:21:53.934,0.00,0.00,0.00,0.00,2,0
2026-06-12 20:21:53.984,0.00,0.00,0.00,0.00,2,0
2026-06-12 20:21:54.035,0.00,0.00,0.00,0.00,2,0
2026-06-12 20:21:54.085,0.00,0.00,0.00,0.00,2,0
2026-06-12 20:21:54.135,0.00,0.00,0.00,0.00,2,0
2026-06-12 20:21:54.186,0.00,0.00,0.00,0.00,2,0
2026-06-12 20:21:54.236,0.00,0.00,0.00,0.00,2,0
2026-06-12 20:21:54.287,0.00,0.00,0.00,0.00,2,0
2026-06-12 20:21:54.337,0.00,0.00,0.00,0.00,2,0
2026-06-12 20:21:54.387,0.00,0.00,0.00,0.00,2,0
2026-06-12 20:21:54.438,0.00,0.00,0.00,0.00,2,0
2026-06-12 20:21:54.488,0.00,0.00,0.00,0.00,2,0
2026-06-12 20:21:54.540,0.00,0.00,0.00,0.00,2,0
2026-06-12 20:21:54.589,0.00,0.00,0.00,0.00,2,0
2026-06-12 20:21:54.639,0.00,0.00,0.00,0.00,2,0
2026-06-12 20:21:54.690,0.00,0.00,0.00,0.00,2,0
2026-06-12 20:21:54.740,0.00,0.00,0.00,0.00,2,0
2026-06-12 20:21:54.791,0.00,0.00,0.00,0.00,2,0
2026-06-12 20:21:54.842,0.00,0.00,0.00,0.00,2,0
2026-06-12 20:21:54.892,0.00,0.00,0.00,0.00,2,0
2026-06-12 20:21:54.942,0.00,0.00,0.00,0.00,2,0
2026-06-12 20:21:54.992,0.00,0.00,0.00,0.00,2,0
2026-06-12 20:21:55.043,0.00,0.00,0.00,0.00,2,0
2026-06-12 20:21:55.093,0.00,0.00,0.00,0.00,2,0
2026-06-12 20:21:55.143,0.00,0.00,0.00,0.00,2,0
2026-06-12 20:21:55.194,0.00,0.00,0.00,0.00,2,0
2026-06-12 20:21:55.245,0.00,0.00,0.00,0.00,2,0
2026-06-12 20:21:55.295,0.00,0.00,0.00,0.00,2,0
2026-06-12 20:21:55.345,0.00,0.00,0.00,0.00,2,0
2026-06-12 20:21:55.395,0.00,0.00,0.00,0.00,2,0
2026-06-12 20:21:55.446,0.00,0.00,0.00,0.00,2,0
2026-06-12 20:21:55.497,0.00,0.00,0.00,0.00,2,0
2026-06-12 20:21:55.547,0.00,0.00,0.00,0.00,2,0
2026-06-12 20:21:55.597,0.00,0.00,0.00,0.00,2,0
2026-06-12 20:21:55.648,0.00,0.00,0.00,0.00,2,0
2026-06-12 20:21:55.698,0.00,0.00,0.00,0.00,2,0
2026-06-12 20:21:55.748,0.00,0.00,0.00,0.00,2,0
2026-06-12 20:21:55.799,0.00,0.00,0.00,0.00,2,0
2026-06-12 20:21:55.849,0.00,0.00,0.00,0.00,2,0
2026-06-12 20:21:55.900,0.00,0.00,0.00,0.00,2,0
2026-06-12 20:21:55.950,0.00,0.00,0.00,0.00,2,0
2026-06-12 20:21:56.000,0.00,0.00,0.00,0.00,2,0
2026-06-12 20:21:56.051,0.00,0.00,0.00,0.00,2,0
2026-06-12 20:21:56.102,0.00,0.00,0.00,0.00,2,0
2026-06-12 20:21:56.152,0.00,0.00,0.00,0.00,2,0
2026-06-12 20:21:56.202,0.00,0.00,0.00,0.00,2,0
2026-06-12 20:21:56.253,0.00,0.00,0.00,0.00,2,0
2026-06-12 20:21:56.303,0.00,0.00,0.00,0.00,2,0
2026-06-12 20:21:56.353,0.00,0.00,0.00,0.00,2,0
2026-06-12 20:21:56.403,0.00,0.00,0.00,0.00,2,0
2026-06-12 20:21:56.454,0.00,0.00,0.00,0.00,2,0
2026-06-12 20:21:56.504,0.00,0.00,0.00,0.00,2,0
2026-06-12 20:21:56.555,0.00,0.00,0.00,0.00,2,0
2026-06-12 20:21:56.605,0.00,0.00,0.00,0.00,2,0
2026-06-12 20:21:56.655,0.00,0.00,0.00,0.00,2,0
2026-06-12 20:21:56.712,0.00,0.00,0.00,0.00,2,0
2026-06-12 20:21:56.756,0.00,0.00,0.00,0.00,2,0
2026-06-12 20:21:56.807,0.00,0.00,0.00,0.00,2,0
2026-06-12 20:21:56.857,0.00,0.00,0.00,0.00,2,0
2026-06-12 20:21:56.907,0.00,0.00,0.00,0.00,2,0
2026-06-12 20:21:56.958,0.00,0.00,0.00,0.00,2,0
2026-06-12 20:21:57.008,0.00,0.00,0.00,0.00,2,0
2026-06-12 20:21:57.059,0.00,0.00,0.00,0.00,2,0
2026-06-12 20:21:57.109,0.00,0.00,0.00,0.00,2,0
2026-06-12 20:21:57.159,0.00,0.00,0.00,0.00,2,0
2026-06-12 20:21:57.212,0.00,0.00,0.00,0.00,2,0
2026-06-12 20:21:57.260,0.00,0.00,0.00,0.00,2,0
2026-06-12 20:21:57.311,0.00,0.00,0.00,0.00,2,0
2026-06-12 20:21:57.362,0.00,0.00,0.00,0.00,2,0
2026-06-12 20:21:57.412,0.00,0.00,0.00,0.00,2,0
2026-06-12 20:21:57.462,0.00,0.00,0.00,0.00,2,0
2026-06-12 20:21:57.512,0.00,0.00,0.00,0.00,2,0
2026-06-12 20:21:57.562,0.00,0.00,0.00,0.00,2,0
2026-06-12 20:21:57.613,0.00,0.00,0.00,0.00,2,0
2026-06-12 20:21:57.663,0.00,0.00,0.00,0.00,2,0
2026-06-12 20:21:57.714,0.00,0.00,0.00,0.00,2,0
2026-06-12 20:21:57.764,0.00,0.00,0.00,0.00,2,0
2026-06-12 20:21:57.815,0.00,0.00,0.00,0.00,2,0
2026-06-12 20:21:57.865,0.00,0.00,0.00,0.00,2,0
2026-06-12 20:21:57.915,0.00,0.00,0.00,0.00,2,0
2026-06-12 20:21:57.966,0.00,0.00,0.00,0.00,2,0
2026-06-12 20:21:58.016,0.00,0.00,0.00,0.00,2,0
2026-06-12 20:21:58.067,0.00,0.00,0.00,0.00,2,0
2026-06-12 20:21:58.117,0.00,0.00,0.00,0.00,2,0
2026-06-12 20:21:58.167,0.00,0.00,0.00,0.00,2,0
2026-06-12 20:21:58.218,0.00,0.00,0.00,0.00,2,0
2026-06-12 20:21:58.268,0.00,0.00,0.00,0.00,2,0
2026-06-12 20:21:58.319,0.00,0.00,0.00,0.00,2,0
2026-06-12 20:21:58.369,0.00,0.00,0.00,0.00,2,0
2026-06-12 20:21:58.419,0.00,0.00,0.00,0.00,2,0
2026-06-12 20:21:58.470,0.00,0.00,0.00,0.00,2,0
2026-06-12 20:21:58.520,0.00,0.00,0.00,0.00,2,0
2026-06-12 20:21:58.571,0.00,0.00,0.00,0.00,2,0
2026-06-12 20:21:58.622,0.00,0.00,0.00,0.00,2,0
2026-06-12 20:21:58.672,0.00,0.00,0.00,0.00,2,0
2026-06-12 20:21:58.722,0.00,0.00,0.00,0.00,2,0
2026-06-12 20:21:58.772,0.00,0.00,0.00,0.00,2,0
2026-06-12 20:21:58.822,0.00,0.00,0.00,0.00,2,0
2026-06-12 20:21:58.873,0.00,0.00,0.00,0.00,2,0
2026-06-12 20:21:58.923,0.00,0.00,0.00,0.00,2,0
2026-06-12 20:21:58.974,0.00,0.00,0.00,0.00,2,0
2026-06-12 20:21:59.024,0.00,0.00,0.00,0.00,2,0
2026-06-12 20:21:59.074,0.00,0.00,0.00,0.00,2,0
2026-06-12 20:21:59.125,0.00,0.00,0.00,0.00,2,0
2026-06-12 20:21:59.175,0.00,0.00,0.00,0.00,2,0
2026-06-12 20:21:59.226,0.00,0.00,0.00,0.00,2,0
2026-06-12 20:21:59.276,0.00,0.00,0.00,0.00,2,0
2026-06-12 20:21:59.326,0.00,0.00,0.00,0.00,2,0
2026-06-12 20:21:59.377,0.00,0.00,0.00,0.00,2,0
2026-06-12 20:21:59.427,0.00,0.00,0.00,0.00,2,0
2026-06-12 20:21:59.478,0.00,0.00,0.00,0.00,2,0
2026-06-12 20:21:59.528,0.00,0.00,0.00,0.00,2,0
2026-06-12 20:21:59.578,0.00,0.00,0.00,0.00,2,0
2026-06-12 20:21:59.630,0.00,0.00,0.00,0.00,2,0
2026-06-12 20:21:59.679,0.00,0.00,0.00,0.00,2,0
2026-06-12 20:21:59.730,0.00,0.00,0.00,0.00,2,0
2026-06-12 20:21:59.780,0.00,0.00,0.00,0.00,2,0
2026-06-12 20:21:59.830,0.00,0.00,0.00,0.00,2,0
2026-06-12 20:21:59.881,0.00,0.00,0.00,0.00,2,0
2026-06-12 20:21:59.932,0.00,0.00,0.00,0.00,2,0
2026-06-12 20:21:59.982,0.00,0.00,0.00,0.00,2,0
2026-06-12 20:22:00.032,0.00,0.00,0.00,0.00,2,0
2026-06-12 20:22:00.084,0.00,0.00,0.00,0.00,2,0
2026-06-12 20:22:00.133,0.00,0.00,0.00,0.00,2,0
2026-06-12 20:22:00.183,0.00,0.00,0.00,0.00,2,0
2026-06-12 20:22:00.234,0.00,0.00,0.00,0.00,2,0
2026-06-12 20:22:00.284,0.00,0.00,0.00,0.00,2,0
2026-06-12 20:22:00.334,0.00,0.00,0.00,0.00,2,0
2026-06-12 20:22:00.385,0.00,0.00,0.00,0.00,2,0
2026-06-12 20:22:00.435,0.00,0.00,0.00,0.00,2,0
2026-06-12 20:22:00.486,0.00,0.00,0.00,0.00,2,0
2026-06-12 20:22:00.539,0.00,0.00,0.00,0.00,2,0
2026-06-12 20:22:00.586,0.00,0.00,0.00,0.00,2,0
2026-06-12 20:22:00.637,0.00,0.00,0.00,0.00,2,0
2026-06-12 20:22:00.687,0.00,0.00,0.00,0.00,2,0
2026-06-12 20:22:00.738,0.00,0.00,0.00,0.00,2,0
2026-06-12 20:22:00.788,0.00,0.00,0.00,0.00,2,0
2026-06-12 20:22:00.838,0.00,0.00,0.00,0.00,2,0
2026-06-12 20:22:00.890,0.00,0.00,0.00,0.00,2,0
2026-06-12 20:22:00.939,0.00,0.00,0.00,0.00,2,0
2026-06-12 20:22:00.990,0.00,0.00,0.00,0.00,2,0
2026-06-12 20:22:01.040,0.00,0.00,0.00,0.00,2,0
2026-06-12 20:22:01.090,0.00,0.00,0.00,0.00,2,0
2026-06-12 20:22:01.142,0.00,0.00,0.00,0.00,2,0
2026-06-12 20:22:01.191,0.00,0.00,0.00,0.00,2,0
2026-06-12 20:22:01.243,0.00,0.00,0.00,0.00,2,0
2026-06-12 20:22:01.292,0.00,0.00,0.00,0.00,2,0
2026-06-12 20:22:01.342,0.00,0.00,0.00,0.00,2,0
2026-06-12 20:22:01.393,0.00,0.00,0.00,0.00,2,0
2026-06-12 20:22:01.443,0.00,0.00,0.00,0.00,2,0
2026-06-12 20:22:01.494,0.00,0.00,0.00,0.00,2,0
2026-06-12 20:22:01.544,0.00,0.00,0.00,0.00,2,0
2026-06-12 20:22:01.594,0.00,0.00,0.00,0.00,2,0
2026-06-12 20:22:01.645,0.00,0.00,0.00,0.00,2,0
2026-06-12 20:22:01.695,0.00,0.00,0.00,0.00,2,0
2026-06-12 20:22:01.746,0.00,0.00,0.00,0.00,2,0
2026-06-12 20:22:01.796,0.00,0.00,0.00,0.00,2,0
2026-06-12 20:22:01.846,0.00,0.00,0.00,0.00,2,0
2026-06-12 20:22:01.897,0.00,0.00,0.00,0.00,2,0
2026-06-12 20:22:01.947,0.00,0.00,0.00,0.00,2,0
2026-06-12 20:22:01.998,0.00,0.00,0.00,0.00,2,0
2026-06-12 20:22:02.048,0.00,0.00,0.00,0.00,2,0
2026-06-12 20:22:02.098,0.00,0.00,0.00,0.00,2,0
2026-06-12 20:22:02.149,0.00,0.00,0.00,0.00,2,0
2026-06-12 20:22:02.199,0.00,0.00,0.00,0.00,2,0
2026-06-12 20:22:02.250,0.00,0.00,0.00,0.00,2,0
2026-06-12 20:22:02.300,0.00,0.00,0.00,0.00,2,0
2026-06-12 20:22:02.351,0.00,0.00,0.00,0.00,2,0
2026-06-12 20:22:02.402,0.00,0.00,0.00,0.00,2,0
2026-06-12 20:22:02.452,0.00,0.00,0.00,0.00,2,0
2026-06-12 20:22:02.502,0.00,0.00,0.00,0.00,2,0
2026-06-12 20:22:02.552,0.00,0.00,0.00,0.00,2,0
2026-06-12 20:22:02.602,0.00,0.00,0.00,0.00,2,0
2026-06-12 20:22:02.653,0.00,0.00,0.00,0.00,2,0
2026-06-12 20:22:02.703,0.00,0.00,0.00,0.00,2,0
2026-06-12 20:22:02.755,0.00,0.00,0.00,0.00,2,0
2026-06-12 20:22:02.804,0.00,0.00,0.00,0.00,2,0
2026-06-12 20:22:02.854,0.00,0.00,0.00,0.00,2,0
2026-06-12 20:22:02.905,0.00,0.00,0.00,0.00,2,0
2026-06-12 20:22:02.955,0.00,0.00,0.00,0.00,2,0
2026-06-12 20:22:03.006,0.00,0.00,0.00,0.00,2,0
2026-06-12 20:22:03.056,0.00,0.00,0.00,0.00,2,0
2026-06-12 20:22:03.108,0.00,0.00,0.00,0.00,2,0
2026-06-12 20:22:03.157,0.00,0.00,0.00,0.00,2,0
2026-06-12 20:22:03.207,0.00,0.00,0.00,0.00,2,0
2026-06-12 20:22:03.258,0.00,0.00,0.00,0.00,2,0
2026-06-12 20:22:03.308,0.00,0.00,0.00,0.00,2,0
2026-06-12 20:22:03.358,0.00,0.00,0.00,0.00,2,0
2026-06-12 20:22:03.409,0.00,0.00,0.00,0.00,2,0
2026-06-12 20:22:03.459,0.00,0.00,0.00,0.00,2,0
2026-06-12 20:22:03.510,0.00,0.00,0.00,0.00,2,0
2026-06-12 20:22:03.560,0.00,0.00,0.00,0.00,2,0
2026-06-12 20:22:03.610,0.00,0.00,0.00,0.00,2,0
2026-06-12 20:22:03.661,0.00,0.00,0.00,0.00,2,0
2026-06-12 20:22:03.711,0.00,0.00,0.00,0.00,2,0
2026-06-12 20:22:03.761,0.00,0.00,0.00,0.00,2,0
2026-06-12 20:22:03.812,0.00,0.00,0.00,0.00,2,0
2026-06-12 20:22:03.862,0.00,0.00,0.00,0.00,2,0
2026-06-12 20:22:03.913,0.00,0.00,0.00,0.00,2,0
2026-06-12 20:22:03.963,0.00,0.00,0.00,0.00,2,0
2026-06-12 20:22:04.014,0.00,0.00,0.00,0.00,2,0
2026-06-12 20:22:04.064,0.00,0.00,0.00,0.00,2,0
2026-06-12 20:22:04.114,0.00,0.00,0.00,0.00,2,0
2026-06-12 20:22:04.165,0.00,0.00,0.00,0.00,2,0
2026-06-12 20:22:04.215,0.00,0.00,0.00,0.00,2,0
2026-06-12 20:22:04.266,0.00,0.00,0.00,0.00,2,0
2026-06-12 20:22:04.316,0.00,0.00,0.00,0.00,2,0
2026-06-12 20:22:04.366,0.00,0.00,0.00,0.00,2,0
2026-06-12 20:22:04.417,0.00,0.00,0.00,0.00,2,0
2026-06-12 20:22:04.467,0.00,0.00,0.00,0.00,2,0
2026-06-12 20:22:04.518,0.00,0.00,0.00,0.00,2,0
2026-06-12 20:22:04.568,0.00,0.00,0.00,0.00,2,0
2026-06-12 20:22:04.618,0.00,0.00,0.00,0.00,2,0
2026-06-12 20:22:04.671,0.00,0.00,0.00,0.00,2,0
2026-06-12 20:22:04.719,0.00,0.00,0.00,0.00,2,0
2026-06-12 20:22:04.770,0.00,0.00,0.00,0.00,2,0
2026-06-12 20:22:04.820,0.00,0.00,0.00,0.00,2,0
2026-06-12 20:22:04.870,0.00,0.00,0.00,0.00,2,0
2026-06-12 20:22:04.921,0.00,0.00,0.00,0.00,2,0
2026-06-12 20:22:04.972,0.00,0.00,0.00,0.00,2,0
2026-06-12 20:22:05.021,0.00,0.00,0.00,0.00,2,0
2026-06-12 20:22:05.072,0.00,0.00,0.00,0.00,2,0
2026-06-12 20:22:05.122,0.00,0.00,0.00,0.00,2,0
2026-06-12 20:22:05.174,0.00,0.00,0.00,0.00,2,0
2026-06-12 20:22:05.223,0.00,0.00,0.00,0.00,2,0
2026-06-12 20:22:05.273,0.00,0.00,0.00,0.00,2,0
2026-06-12 20:22:05.324,0.00,0.00,0.00,0.00,2,0
2026-06-12 20:22:05.374,0.00,0.00,0.00,0.00,2,0
2026-06-12 20:22:05.425,0.00,0.00,0.00,0.00,2,0
2026-06-12 20:22:05.477,0.00,0.00,0.00,0.00,2,0
2026-06-12 20:22:05.525,0.00,0.00,0.00,0.00,2,0
2026-06-12 20:22:05.576,0.00,0.00,0.00,0.00,2,0
2026-06-12 20:22:05.628,0.00,0.00,0.00,0.00,2,0
2026-06-12 20:22:05.677,0.00,0.00,0.00,0.00,2,0
2026-06-12 20:22:05.727,0.00,0.00,0.00,0.00,2,0
2026-06-12 20:22:05.778,0.00,0.00,0.00,0.00,2,0
2026-06-12 20:22:05.836,0.00,0.00,0.00,0.00,2,0
2026-06-12 20:22:05.878,0.00,0.00,0.00,0.00,2,0
2026-06-12 20:22:05.929,0.00,0.00,0.00,0.00,2,0
2026-06-12 20:22:05.979,0.00,0.00,0.00,0.00,2,0
2026-06-12 20:22:06.030,0.00,0.00,0.00,0.00,2,0
2026-06-12 20:22:06.080,0.00,0.00,0.00,0.00,2,0
2026-06-12 20:22:06.130,0.00,0.00,0.00,0.00,2,0
2026-06-12 20:22:06.182,0.00,0.00,0.00,0.00,2,0
2026-06-12 20:22:06.232,0.00,0.00,0.00,0.00,2,0
2026-06-12 20:22:06.282,0.00,0.00,0.00,0.00,2,0
2026-06-12 20:22:06.332,0.00,0.00,0.00,0.00,2,0
2026-06-12 20:22:06.382,0.00,0.00,0.00,0.00,2,0
2026-06-12 20:22:06.433,0.00,0.00,0.00,0.00,2,0
2026-06-12 20:22:06.483,0.00,0.00,0.00,0.00,2,0
2026-06-12 20:22:06.533,0.00,0.00,0.00,0.00,2,0
2026-06-12 20:22:06.584,0.00,0.00,0.00,0.00,2,0
2026-06-12 20:22:06.640,0.00,0.00,0.00,0.00,2,0
2026-06-12 20:22:06.685,0.00,0.00,0.00,0.00,2,0
2026-06-12 20:22:06.738,0.00,0.00,0.00,0.00,2,0
2026-06-12 20:22:06.786,0.00,0.00,0.00,0.00,2,0
2026-06-12 20:22:06.836,0.00,0.00,0.00,0.00,2,0
2026-06-12 20:22:06.886,0.00,0.00,0.00,0.00,2,0
2026-06-12 20:22:06.937,0.00,0.00,0.00,0.00,2,0
2026-06-12 20:22:06.987,0.00,0.00,0.00,0.00,2,0
2026-06-12 20:22:07.038,0.00,0.00,0.00,0.00,2,0
2026-06-12 20:22:07.088,0.00,0.00,0.00,0.00,2,0
2026-06-12 20:22:07.138,0.00,0.00,0.00,0.00,2,0
2026-06-12 20:22:07.189,0.00,0.00,0.00,0.00,2,0
2026-06-12 20:22:07.239,0.00,0.00,0.00,0.00,2,0
2026-06-12 20:22:07.289,0.00,0.00,0.00,0.00,2,0
2026-06-12 20:22:07.340,0.00,0.00,0.00,0.00,2,0
2026-06-12 20:22:07.390,0.00,0.00,0.00,0.00,2,0
2026-06-12 20:22:07.441,0.00,0.00,0.00,0.00,2,0
2026-06-12 20:22:07.492,0.00,0.00,0.00,0.00,2,0
2026-06-12 20:22:07.542,0.00,0.00,0.00,0.00,2,0
2026-06-12 20:22:07.592,0.00,0.00,0.00,0.00,2,0
2026-06-12 20:22:07.642,0.00,0.00,0.00,0.00,2,0
2026-06-12 20:22:07.693,0.00,0.00,0.00,0.00,2,0
2026-06-12 20:22:07.743,0.00,0.00,0.00,0.00,2,0
2026-06-12 20:22:07.793,0.00,0.00,0.00,0.00,2,0
2026-06-12 20:22:07.844,0.00,0.00,0.00,0.00,2,0
2026-06-12 20:22:07.894,0.00,0.00,0.00,0.00,2,0
2026-06-12 20:22:07.945,0.00,0.00,0.00,0.00,2,0
2026-06-12 20:22:07.995,0.00,0.00,0.00,0.00,2,0
2026-06-12 20:22:08.045,0.00,0.00,0.00,0.00,2,0
2026-06-12 20:22:08.096,0.00,0.00,0.00,0.00,2,0
2026-06-12 20:22:08.146,0.00,0.00,0.00,0.00,2,0
2026-06-12 20:22:08.197,0.00,0.00,0.00,0.00,2,0
2026-06-12 20:22:08.247,0.00,0.00,0.00,0.00,2,0
2026-06-12 20:22:08.297,0.00,0.00,0.00,0.00,2,0
2026-06-12 20:22:08.348,0.00,0.00,0.00,0.00,2,0
2026-06-12 20:22:08.398,0.00,0.00,0.00,0.00,2,0
2026-06-12 20:22:08.449,0.00,0.00,0.00,0.00,2,0
2026-06-12 20:22:08.499,0.00,0.00,0.00,0.00,2,0
2026-06-12 20:22:08.549,0.00,0.00,0.00,0.00,2,0
2026-06-12 20:22:08.600,0.00,0.00,0.00,0.00,2,0
2026-06-12 20:22:08.650,0.00,0.00,0.00,0.00,2,0
2026-06-12 20:22:08.701,0.00,0.00,0.00,0.00,2,0
2026-06-12 20:22:08.752,0.00,0.00,0.00,0.00,2,0
2026-06-12 20:22:08.801,0.00,0.00,0.00,0.00,2,0
2026-06-12 20:22:08.852,0.00,0.00,0.00,0.00,2,0
2026-06-12 20:22:08.902,0.00,0.00,0.00,0.00,2,0
2026-06-12 20:22:08.953,0.00,0.00,0.00,0.00,2,0
2026-06-12 20:22:09.003,0.00,0.00,0.00,0.00,2,0
2026-06-12 20:22:09.053,0.00,0.00,0.00,0.00,2,0
2026-06-12 20:22:09.104,0.00,0.00,0.00,0.00,2,0
2026-06-12 20:22:09.154,0.00,0.00,0.00,0.00,2,0
2026-06-12 20:22:09.205,0.00,0.00,0.00,0.00,2,0
2026-06-12 20:22:09.255,0.00,0.00,0.00,0.00,2,0
2026-06-12 20:22:09.305,0.00,0.00,0.00,0.00,2,0
2026-06-12 20:22:09.356,0.00,0.00,0.00,0.00,2,0
2026-06-12 20:22:09.406,0.00,0.00,0.00,0.00,2,0
2026-06-12 20:22:09.457,0.00,0.00,0.00,0.00,2,0
2026-06-12 20:22:09.507,0.00,0.00,0.00,0.00,2,0
2026-06-12 20:22:09.559,0.00,0.00,0.00,0.00,2,0
2026-06-12 20:22:09.608,0.00,0.00,0.00,0.00,2,0
2026-06-12 20:22:09.658,0.00,0.00,0.00,0.00,2,0
2026-06-12 20:22:09.709,0.00,0.00,0.00,0.00,2,0
2026-06-12 20:22:09.759,0.00,0.00,0.00,0.00,2,0
2026-06-12 20:22:09.809,0.00,0.00,0.00,0.00,2,0
2026-06-12 20:22:09.861,0.00,0.00,0.00,0.00,2,0
2026-06-12 20:22:09.910,0.00,0.00,0.00,0.00,2,0
2026-06-12 20:22:09.961,0.00,0.00,0.00,0.00,2,0
2026-06-12 20:22:10.012,0.00,0.00,0.00,0.00,2,0
2026-06-12 20:22:10.062,0.00,0.00,0.00,0.00,2,0
2026-06-12 20:22:10.116,0.00,0.00,0.00,0.00,2,0
2026-06-12 20:22:10.163,0.00,0.00,0.00,0.00,2,0
2026-06-12 20:22:10.215,0.00,0.00,0.00,0.00,2,0
2026-06-12 20:22:10.263,0.00,0.00,0.00,0.00,2,0
2026-06-12 20:22:10.313,0.00,0.00,0.00,0.00,2,0
2026-06-12 20:22:10.364,0.00,0.00,0.00,0.00,2,0
2026-06-12 20:22:10.414,0.00,0.00,0.00,0.00,2,0
2026-06-12 20:22:10.465,0.00,0.00,0.00,0.00,2,0
2026-06-12 20:22:10.515,0.00,0.00,0.00,0.00,2,0
2026-06-12 20:22:10.565,0.00,0.00,0.00,0.00,2,0
2026-06-12 20:22:10.616,0.00,0.00,0.00,0.00,2,0
2026-06-12 20:22:10.666,0.00,0.00,0.00,0.00,2,0
2026-06-12 20:22:10.717,0.00,0.00,0.00,0.00,2,0
2026-06-12 20:22:10.767,0.00,0.00,0.00,0.00,2,0
2026-06-12 20:22:10.817,0.00,0.00,0.00,0.00,2,0
2026-06-12 20:22:10.868,0.00,0.00,0.00,0.00,2,0
2026-06-12 20:22:10.919,0.00,0.00,0.00,0.00,2,0
2026-06-12 20:22:10.969,0.00,0.00,0.00,0.00,2,0
2026-06-12 20:22:11.019,0.00,0.00,0.00,0.00,2,0
2026-06-12 20:22:11.069,0.00,0.00,0.00,0.00,2,0
2026-06-12 20:22:11.120,0.00,0.00,0.00,0.00,2,0
2026-06-12 20:22:11.170,0.00,0.00,0.00,0.00,2,0
2026-06-12 20:22:11.221,0.00,0.00,0.00,0.00,1,0
2026-06-12 20:22:11.271,0.00,0.00,0.00,0.00,1,0
2026-06-12 20:22:11.322,0.00,0.00,0.00,0.00,1,0
2026-06-12 20:22:11.372,0.00,0.00,0.00,0.00,1,0
2026-06-12 20:22:11.422,0.00,0.00,0.00,0.00,1,0
2026-06-12 20:22:11.473,0.00,0.00,0.00,0.00,1,0
2026-06-12 20:22:11.523,0.00,0.00,0.00,0.00,1,0
2026-06-12 20:22:11.573,0.00,0.00,0.00,0.00,1,0
2026-06-12 20:22:11.624,0.00,0.00,0.00,0.00,1,0
2026-06-12 20:22:11.674,0.00,0.00,0.00,0.00,1,0
2026-06-12 20:22:11.725,0.00,0.00,0.00,0.00,1,0
2026-06-12 20:22:11.775,0.00,0.00,0.00,0.00,1,0
2026-06-12 20:22:11.825,0.00,0.00,0.00,0.00,1,0
2026-06-12 20:22:11.876,0.00,0.00,0.00,0.00,1,0
2026-06-12 20:22:11.926,0.00,0.00,0.00,0.00,1,0
2026-06-12 20:22:11.977,0.00,0.00,0.00,0.00,1,0
2026-06-12 20:22:12.027,0.00,0.00,0.00,0.00,1,0
2026-06-12 20:22:12.077,0.00,0.00,0.00,0.00,1,0
2026-06-12 20:22:12.128,0.00,0.00,0.00,0.00,1,0
2026-06-12 20:22:12.178,0.00,0.00,0.00,0.00,1,0
2026-06-12 20:22:12.229,0.00,0.00,0.00,0.00,1,0
2026-06-12 20:22:12.279,0.00,0.00,0.00,0.00,1,0
2026-06-12 20:22:12.332,0.00,0.00,0.00,0.00,1,0
2026-06-12 20:22:12.380,0.00,0.00,0.00,0.00,1,0
2026-06-12 20:22:12.430,0.00,0.00,0.00,0.00,1,0
2026-06-12 20:22:12.481,0.00,0.00,0.00,0.00,1,0
2026-06-12 20:22:12.532,0.00,0.00,0.00,0.00,1,0
2026-06-12 20:22:12.582,0.00,0.00,0.00,0.00,1,0
2026-06-12 20:22:12.632,0.00,0.00,0.00,0.00,1,0
2026-06-12 20:22:12.683,0.00,0.00,0.00,0.00,1,0
2026-06-12 20:22:12.736,0.00,0.00,0.00,0.00,1,0
2026-06-12 20:22:12.783,0.00,0.00,0.00,0.00,1,0
2026-06-12 20:22:12.833,0.00,0.00,0.00,0.00,1,0
2026-06-12 20:22:12.884,0.00,0.00,0.00,0.00,1,0
2026-06-12 20:22:12.934,0.00,0.00,0.00,0.00,1,0
2026-06-12 20:22:12.985,0.00,0.00,0.00,0.00,1,0
2026-06-12 20:22:13.035,0.00,0.00,0.00,0.00,1,0
2026-06-12 20:22:13.085,0.00,0.00,0.00,0.00,1,0
2026-06-12 20:22:13.136,0.00,0.00,0.00,0.00,1,0
2026-06-12 20:22:13.186,0.00,0.00,0.00,0.00,1,0
2026-06-12 20:22:13.240,0.00,0.00,0.00,0.00,1,0
2026-06-12 20:22:13.287,0.00,0.00,0.00,0.00,1,0
2026-06-12 20:22:13.337,0.00,0.00,0.00,0.00,1,0
2026-06-12 20:22:13.392,0.00,0.00,0.00,0.00,1,0
2026-06-12 20:22:13.439,0.00,0.00,0.00,0.00,1,0
2026-06-12 20:22:13.489,0.00,0.00,0.00,0.00,1,0
2026-06-12 20:22:13.539,0.00,0.00,0.00,0.00,1,0
2026-06-12 20:22:13.589,0.00,0.00,0.00,0.00,1,0
2026-06-12 20:22:13.640,0.00,0.00,0.00,0.00,1,0
2026-06-12 20:22:13.690,0.00,0.00,0.00,0.00,1,0
2026-06-12 20:22:13.741,0.00,0.00,0.00,0.00,1,0
2026-06-12 20:22:13.791,0.00,0.00,0.00,0.00,1,0
2026-06-12 20:22:13.841,0.00,0.00,0.00,0.00,1,0
2026-06-12 20:22:13.892,0.00,0.00,0.00,0.00,1,0
2026-06-12 20:22:13.942,0.00,0.00,0.00,0.00,1,0
2026-06-12 20:22:13.992,0.00,0.00,0.00,0.00,1,0
2026-06-12 20:22:14.043,0.00,0.00,0.00,0.00,1,0
2026-06-12 20:22:14.093,0.00,0.00,0.00,0.00,1,0
2026-06-12 20:22:14.144,0.00,0.00,0.00,0.00,1,0
2026-06-12 20:22:14.194,0.00,0.00,0.00,0.00,1,0
2026-06-12 20:22:14.245,0.00,0.00,0.00,0.00,1,0
2026-06-12 20:22:14.295,0.00,0.00,0.00,0.00,0,0
2026-06-12 20:22:14.345,0.00,0.00,0.00,0.00,0,0
2026-06-12 20:22:14.396,0.00,0.00,0.00,0.00,0,0
2026-06-12 20:22:14.446,0.00,0.00,0.00,0.00,0,0
2026-06-12 20:22:14.497,0.00,0.00,0.00,0.00,0,0
2026-06-12 20:22:14.547,0.00,0.00,0.00,0.00,0,0
2026-06-12 20:22:14.597,0.00,0.00,0.00,0.00,0,0
2026-06-12 20:22:14.648,0.00,0.00,0.00,0.00,0,0
2026-06-12 20:22:14.698,0.00,0.00,0.00,0.00,0,0
2026-06-12 20:22:14.749,0.00,0.00,0.00,0.00,0,0
2026-06-12 20:22:14.799,0.00,0.00,0.00,0.00,0,0
2026-06-12 20:22:14.849,0.00,0.00,0.00,0.00,0,0
2026-06-12 20:22:14.900,0.00,0.00,0.00,0.00,0,0
2026-06-12 20:22:14.950,0.00,0.00,0.00,0.00,0,0
2026-06-12 20:22:15.001,0.00,0.00,0.00,0.00,0,0
2026-06-12 20:22:15.052,0.00,0.00,0.00,0.00,0,0
2026-06-12 20:22:15.102,0.00,0.00,0.00,0.00,0,0
2026-06-12 20:22:15.152,0.00,0.00,0.00,0.00,0,0
2026-06-12 20:22:15.202,0.00,0.00,0.00,0.00,0,0
2026-06-12 20:22:15.253,0.00,0.00,0.00,0.00,0,0
2026-06-12 20:22:15.303,0.00,0.00,0.00,0.00,0,0
2026-06-12 20:22:15.353,0.00,0.00,0.00,0.00,0,0
2026-06-12 20:22:15.404,0.00,0.00,0.00,0.00,0,0
2026-06-12 20:22:15.454,0.00,0.00,0.00,0.00,0,0
2026-06-12 20:22:15.504,0.00,0.00,0.00,0.00,0,0
2026-06-12 20:22:15.555,0.00,0.00,0.00,0.00,0,0
2026-06-12 20:22:15.605,0.00,0.00,0.00,0.00,0,0
2026-06-12 20:22:15.659,0.00,0.00,0.00,0.00,0,0
2026-06-12 20:22:15.706,0.00,0.00,0.00,0.00,0,0
2026-06-12 20:22:15.757,0.00,0.00,0.00,0.00,0,0
2026-06-12 20:22:15.807,0.00,0.00,0.00,0.00,0,0
2026-06-12 20:22:15.857,0.00,0.00,0.00,0.00,0,0
2026-06-12 20:22:15.908,0.00,0.00,0.00,0.00,0,0
2026-06-12 20:22:15.960,0.00,0.00,0.00,0.00,0,0
2026-06-12 20:22:16.008,0.00,0.00,0.00,0.00,0,0
2026-06-12 20:22:16.059,0.00,0.00,0.00,0.00,0,0
2026-06-12 20:22:16.109,0.00,0.00,0.00,0.00,0,0
2026-06-12 20:22:16.160,0.00,0.00,0.00,0.00,0,0
2026-06-12 20:22:16.210,0.00,0.00,0.00,0.00,0,0
2026-06-12 20:22:16.261,0.00,0.00,0.00,0.00,0,0
2026-06-12 20:22:16.312,0.00,0.00,0.00,0.00,2,0
2026-06-12 20:22:16.362,0.00,0.00,0.00,0.00,2,0
2026-06-12 20:22:16.412,0.00,0.00,0.00,0.00,2,0
2026-06-12 20:22:16.462,0.00,0.00,0.00,0.00,2,0
2026-06-12 20:22:16.513,0.00,0.00,0.00,0.00,2,0
2026-06-12 20:22:16.564,0.00,0.00,0.00,0.00,2,0
2026-06-12 20:22:16.614,0.00,0.00,0.00,0.00,2,0
2026-06-12 20:22:16.664,0.00,0.00,0.00,0.00,2,0
2026-06-12 20:22:16.716,0.00,0.00,0.00,0.00,2,0
2026-06-12 20:22:16.770,0.00,0.00,0.00,0.00,2,0
2026-06-12 20:22:16.815,0.00,0.00,0.00,0.00,2,0
2026-06-12 20:22:16.865,0.00,0.00,0.00,0.00,2,0
2026-06-12 20:22:16.916,0.00,0.00,0.00,0.00,2,0
2026-06-12 20:22:16.966,0.00,0.00,0.00,0.00,2,0
2026-06-12 20:22:17.016,0.00,0.00,0.00,0.00,2,0
2026-06-12 20:22:17.067,0.00,0.00,0.00,0.00,2,0
2026-06-12 20:22:17.117,0.00,0.00,0.00,0.00,2,0
2026-06-12 20:22:17.168,0.00,0.00,0.00,0.00,2,0
2026-06-12 20:22:17.218,0.00,0.00,0.00,0.00,2,0
2026-06-12 20:22:17.269,0.00,0.00,0.00,0.00,2,0
2026-06-12 20:22:17.319,0.00,0.00,0.00,0.00,2,0
2026-06-12 20:22:17.369,0.00,0.00,0.00,0.00,2,0
2026-06-12 20:22:17.420,0.00,0.00,0.00,0.00,2,0
2026-06-12 20:22:17.470,0.00,0.00,0.00,0.00,2,0
2026-06-12 20:22:17.521,0.00,0.00,0.00,0.00,2,0
2026-06-12 20:22:17.571,0.00,0.00,0.00,0.00,2,0
2026-06-12 20:22:17.622,0.00,0.00,0.00,0.00,2,0
2026-06-12 20:22:17.672,0.00,0.00,0.00,0.00,2,0
2026-06-12 20:22:17.722,0.00,0.00,0.00,0.00,2,0
2026-06-12 20:22:17.772,0.00,0.00,0.00,0.00,2,0
2026-06-12 20:22:17.823,0.00,0.00,0.00,0.00,2,0
2026-06-12 20:22:17.873,0.00,0.00,0.00,0.00,2,0
2026-06-12 20:22:17.924,0.00,0.00,0.00,0.00,2,0
2026-06-12 20:22:17.974,0.00,0.00,0.00,0.00,2,0
2026-06-12 20:22:18.024,0.00,0.00,0.00,0.00,2,0
2026-06-12 20:22:18.075,0.00,0.00,0.00,0.00,2,0
2026-06-12 20:22:18.125,0.00,0.00,0.00,0.00,2,0
2026-06-12 20:22:18.176,0.00,0.00,0.00,0.00,2,0
2026-06-12 20:22:18.226,0.00,0.00,0.00,0.00,2,0
2026-06-12 20:22:18.277,0.00,0.00,0.00,0.00,2,0
2026-06-12 20:22:18.327,0.00,0.00,0.00,0.00,2,0
2026-06-12 20:22:18.377,0.00,0.00,0.00,0.00,2,0
2026-06-12 20:22:18.428,0.00,0.00,0.00,0.00,2,0
2026-06-12 20:22:18.478,0.01,0.00,0.00,0.00,2,0
2026-06-12 20:22:18.528,0.01,0.00,0.36,0.11,2,0
2026-06-12 20:22:18.579,0.01,0.00,0.36,0.11,2,0
2026-06-12 20:22:18.629,0.01,0.00,0.36,0.11,2,0
2026-06-12 20:22:18.680,1.27,0.30,0.36,0.11,2,0
2026-06-12 20:22:18.730,1.27,0.30,38.11,11.51,2,0
2026-06-12 20:22:18.780,1.27,0.30,38.11,11.51,2,0
2026-06-12 20:22:18.831,2.19,0.47,38.11,11.51,2,0
2026-06-12 20:22:18.882,2.19,0.47,39.56,19.92,2,0
2026-06-12 20:22:18.932,2.19,0.47,39.56,19.92,2,0
2026-06-12 20:22:18.982,2.92,0.64,39.56,19.92,2,0
2026-06-12 20:22:19.032,2.92,0.64,41.80,26.49,2,0
2026-06-12 20:22:19.083,2.92,0.64,41.80,26.49,2,0
2026-06-12 20:22:19.133,3.62,0.74,41.80,26.49,2,0
2026-06-12 20:22:19.184,3.62,0.74,47.74,32.86,2,0
2026-06-12 20:22:19.234,4.32,0.91,47.74,32.86,2,0
2026-06-12 20:22:19.284,4.32,0.91,53.95,39.19,2,0
2026-06-12 20:22:19.335,4.98,1.00,53.95,39.19,2,0
2026-06-12 20:22:19.385,4.98,1.00,59.35,45.24,2,0
2026-06-12 20:22:19.436,5.60,1.10,59.35,45.24,2,0
2026-06-12 20:22:19.486,5.60,1.10,63.86,50.83,2,0
2026-06-12 20:22:19.537,6.18,1.18,63.86,50.83,2,0
2026-06-12 20:22:19.588,6.18,1.18,68.49,56.13,2,0
2026-06-12 20:22:19.637,6.68,1.21,68.49,56.13,2,0
2026-06-12 20:22:19.688,6.68,1.21,71.36,60.70,2,0
2026-06-12 20:22:19.738,7.11,1.20,71.36,60.70,2,0
2026-06-12 20:22:19.789,7.11,1.20,73.47,64.53,2,0
2026-06-12 20:22:19.839,7.50,1.24,73.47,64.53,2,0
2026-06-12 20:22:19.889,7.50,1.24,76.45,68.11,2,0
2026-06-12 20:22:19.940,7.87,1.21,76.45,68.11,2,0
2026-06-12 20:22:19.992,8.29,1.25,79.37,71.49,2,0
2026-06-12 20:22:20.041,8.29,1.25,84.00,75.24,2,0
2026-06-12 20:22:20.091,8.73,1.31,84.00,75.24,2,0
2026-06-12 20:22:20.141,9.16,1.35,88.67,79.27,2,0
2026-06-12 20:22:20.192,9.16,1.35,92.27,83.17,2,0
2026-06-12 20:22:20.242,9.54,1.36,92.27,83.17,2,0
2026-06-12 20:22:20.292,9.85,1.33,94.68,86.62,2,0
2026-06-12 20:22:20.343,9.85,1.33,96.12,89.47,2,0
2026-06-12 20:22:20.393,10.13,1.28,96.12,89.47,2,0
2026-06-12 20:22:20.444,10.39,1.23,97.96,92.02,2,0
2026-06-12 20:22:20.494,10.39,1.23,99.88,94.38,2,0
2026-06-12 20:22:20.544,10.66,1.19,99.88,94.38,2,0
2026-06-12 20:22:20.595,10.93,1.17,102.36,96.77,2,0
2026-06-12 20:22:20.645,11.23,1.24,105.21,99.30,2,0
2026-06-12 20:22:20.696,11.23,1.24,108.25,101.98,2,0
2026-06-12 20:22:20.746,11.55,1.23,108.25,101.98,2,0
2026-06-12 20:22:20.800,11.88,1.32,111.67,104.89,2,0
2026-06-12 20:22:20.847,12.15,1.27,114.85,107.88,2,0
2026-06-12 20:22:20.898,13.06,2.59,116.17,110.36,2,0
2026-06-12 20:22:20.948,14.34,3.27,137.75,118.58,2,0
2026-06-12 20:22:20.998,15.26,3.53,157.30,130.20,2,0
2026-06-12 20:22:21.049,16.06,3.67,158.16,138.59,2,0
2026-06-12 20:22:21.099,15.83,2.99,162.77,145.84,2,0
2026-06-12 20:22:21.149,15.28,2.08,138.78,143.72,2,0
2026-06-12 20:22:21.200,15.01,1.55,127.17,138.76,2,0
2026-06-12 20:22:21.250,14.90,1.22,130.65,136.32,2,0
2026-06-12 20:22:21.301,14.90,1.22,132.93,135.31,2,0
2026-06-12 20:22:21.352,14.86,1.02,132.93,135.31,2,0
2026-06-12 20:22:21.401,14.87,0.87,134.01,134.92,2,0
2026-06-12 20:22:21.452,14.94,0.81,135.20,135.00,2,0
2026-06-12 20:22:21.502,15.04,0.77,137.30,135.69,2,0
2026-06-12 20:22:21.553,15.24,0.82,138.69,136.59,2,0
2026-06-12 20:22:21.603,15.53,0.93,142.57,138.38,2,0
2026-06-12 20:22:21.654,15.79,1.00,147.22,141.04,2,0
2026-06-12 20:22:21.704,16.06,1.08,148.75,143.35,2,0
2026-06-12 20:22:21.754,16.23,1.06,151.69,145.85,2,0
2026-06-12 20:22:21.805,16.28,0.94,150.88,147.36,2,0
2026-06-12 20:22:21.855,16.34,0.85,148.83,147.80,2,0
2026-06-12 20:22:21.905,16.59,0.94,149.75,148.39,2,0
2026-06-12 20:22:21.956,16.81,0.98,154.02,150.64,2,0
2026-06-12 20:22:22.006,17.07,1.05,157.26,152.62,2,0
2026-06-12 20:22:22.057,17.30,1.09,160.62,155.02,2,0
2026-06-12 20:22:22.107,17.52,1.10,162.04,157.13,2,0
2026-06-12 20:22:22.158,17.69,1.08,163.67,159.09,2,0
2026-06-12 20:22:22.208,17.86,1.18,164.37,160.67,2,0
2026-06-12 20:22:22.258,17.99,1.11,165.60,162.15,2,0
2026-06-12 20:22:22.309,18.47,1.42,166.09,163.33,2,0
2026-06-12 20:22:22.359,18.74,1.42,173.74,167.70,2,0
2026-06-12 20:22:22.412,19.04,1.46,175.87,170.15,2,0
2026-06-12 20:22:22.461,19.23,1.56,179.31,172.90,2,0
2026-06-12 20:22:22.510,19.30,1.38,178.79,174.66,2,0
2026-06-12 20:22:22.563,19.40,1.11,176.75,175.29,2,0
2026-06-12 20:22:22.611,22.38,5.41,177.08,176.21,2,0
2026-06-12 20:22:22.662,23.78,5.77,241.74,203.23,2,0
2026-06-12 20:22:22.712,24.82,6.56,245.75,215.98,2,0
2026-06-12 20:22:22.762,24.11,4.99,247.30,225.38,2,0
2026-06-12 20:22:22.813,22.20,1.50,204.02,218.97,2,0
2026-06-12 20:22:22.863,21.76,0.91,184.98,201.56,2,0
2026-06-12 20:22:22.914,21.47,0.29,188.33,197.59,2,0
2026-06-12 20:22:22.964,21.40,0.17,188.76,194.94,2,0
2026-06-12 20:22:23.014,22.61,1.16,194.52,194.29,2,0
2026-06-12 20:22:23.065,24.48,4.09,231.10,205.33,2,0
2026-06-12 20:22:23.115,26.64,5.35,261.78,222.27,2,0
2026-06-12 20:22:23.166,25.83,3.87,261.28,241.96,2,0
2026-06-12 20:22:23.216,24.49,1.13,217.42,234.60,2,0
2026-06-12 20:22:23.266,23.02,-0.77,193.77,222.35,2,0
2026-06-12 20:22:23.317,22.61,-1.00,196.88,209.07,2,0
2026-06-12 20:22:23.367,22.41,-1.18,196.46,205.29,2,0
2026-06-12 20:22:23.418,23.12,0.57,199.30,203.49,2,0
2026-06-12 20:22:23.468,25.60,4.08,230.10,209.97,2,0
2026-06-12 20:22:23.519,26.22,3.98,252.70,232.50,2,0
2026-06-12 20:22:23.569,25.25,1.83,251.09,238.08,2,0
2026-06-12 20:22:23.619,22.96,-1.23,208.70,229.27,2,0
2026-06-12 20:22:23.671,22.26,-1.62,187.94,208.51,2,0
2026-06-12 20:22:23.720,21.66,-1.87,187.45,202.19,2,0
2026-06-12 20:22:23.771,21.13,-2.48,184.03,196.74,2,0
2026-06-12 20:22:23.822,20.70,-2.46,180.60,191.90,2,0
2026-06-12 20:22:23.871,20.29,-2.43,178.78,187.96,2,0
2026-06-12 20:22:23.924,19.77,-2.34,175.64,184.27,2,0
2026-06-12 20:22:23.972,19.58,-2.14,174.82,179.49,2,0
2026-06-12 20:22:24.024,19.45,-1.93,173.77,177.77,2,0
2026-06-12 20:22:24.073,19.28,-1.91,173.83,176.59,2,0
2026-06-12 20:22:24.124,19.08,-1.79,171.48,175.06,2,0
2026-06-12 20:22:24.175,19.59,-0.24,169.16,173.29,2,0
2026-06-12 20:22:24.224,20.91,1.99,193.10,177.87,2,0
2026-06-12 20:22:24.277,21.80,2.44,217.82,189.85,2,0
2026-06-12 20:22:24.325,21.60,0.86,216.98,197.99,2,0
2026-06-12 20:22:24.377,20.42,-0.25,179.56,196.16,2,0
2026-06-12 20:22:24.426,19.51,-0.96,160.54,185.47,2,0
2026-06-12 20:22:24.477,18.76,-1.44,157.69,177.14,2,0
2026-06-12 20:22:24.527,18.19,-1.68,154.63,170.39,2,0
2026-06-12 20:22:24.577,17.73,-1.82,153.20,165.23,2,0
2026-06-12 20:22:24.628,17.40,-1.82,151.23,161.03,2,0
2026-06-12 20:22:24.678,17.21,-1.71,150.91,157.99,2,0
2026-06-12 20:22:24.729,17.06,-1.57,152.20,156.26,2,0
2026-06-12 20:22:24.780,17.00,-1.39,151.87,154.94,2,0
2026-06-12 20:22:24.830,16.91,-1.25,153.00,154.36,1,0
2026-06-12 20:22:24.880,16.78,-1.17,151.85,153.61,1,0
2026-06-12 20:22:24.930,16.70,-1.06,149.63,152.41,1,0
2026-06-12 20:22:24.981,16.60,-0.99,149.93,151.67,1,0
2026-06-12 20:22:25.031,16.57,-0.87,148.52,150.72,1,0
2026-06-12 20:22:25.081,16.62,-0.69,149.75,150.43,1,0
2026-06-12 20:22:25.132,16.62,-0.58,151.99,150.90,1,0
2026-06-12 20:22:25.183,16.69,-0.44,151.09,150.96,1,0
2026-06-12 20:22:25.233,16.73,-0.35,153.03,151.58,1,0
2026-06-12 20:22:25.285,16.68,-0.34,152.59,151.88,1,0
2026-06-12 20:22:25.334,16.67,-0.29,150.39,151.43,1,0
2026-06-12 20:22:25.384,16.59,-0.32,151.34,151.41,1,0
2026-06-12 20:22:25.440,16.57,-0.28,148.80,150.63,1,0
2026-06-12 20:22:25.485,16.63,-0.19,150.13,150.48,1,0
2026-06-12 20:22:25.535,16.62,-0.17,152.17,150.98,1,0
2026-06-12 20:22:25.596,16.65,-0.12,150.70,150.90,1,0
2026-06-12 20:22:25.636,16.62,-0.12,151.78,151.16,1,0
2026-06-12 20:22:25.687,16.48,-0.22,150.50,150.97,1,0
2026-06-12 20:22:25.738,16.41,-0.25,146.67,149.68,1,0
2026-06-12 20:22:25.788,16.32,-0.29,147.56,149.04,1,0
2026-06-12 20:22:25.838,16.29,-0.26,146.26,148.21,1,0
2026-06-12 20:22:25.888,16.38,-0.15,147.41,147.97,1,0
2026-06-12 20:22:25.939,16.36,-0.15,150.59,148.76,1,0
2026-06-12 20:22:25.989,16.35,-0.13,148.01,148.53,1,0
2026-06-12 20:22:26.040,16.29,-0.17,148.40,148.49,1,0
2026-06-12 20:22:26.090,16.16,-0.24,146.50,147.90,1,0
2026-06-12 20:22:26.141,16.01,-0.33,144.15,146.77,1,0
2026-06-12 20:22:26.191,15.92,-0.36,142.27,145.42,1,0
2026-06-12 20:22:26.241,15.87,-0.34,142.51,144.55,1,0
2026-06-12 20:22:26.292,15.90,-0.27,143.24,144.16,1,0
2026-06-12 20:22:26.342,15.96,-0.18,144.85,144.36,1,0
2026-06-12 20:22:26.392,16.03,-0.09,146.32,144.95,1,0
2026-06-12 20:22:26.443,16.05,-0.06,146.99,145.56,1,0
2026-06-12 20:22:26.493,15.97,-0.12,146.17,145.74,1,0
2026-06-12 20:22:26.544,15.98,-0.10,143.43,145.05,1,0
2026-06-12 20:22:26.594,15.98,-0.10,145.13,145.07,1,0
2026-06-12 20:22:26.645,15.91,-0.12,145.13,145.07,1,0
2026-06-12 20:22:26.695,15.87,-0.13,142.99,144.45,1,0
2026-06-12 20:22:26.749,15.95,-0.05,143.46,144.15,1,0
2026-06-12 20:22:26.796,15.94,-0.04,146.49,144.85,1,0
2026-06-12 20:22:26.846,15.97,-0.01,144.65,144.79,1,0
2026-06-12 20:22:26.897,15.97,-0.02,145.71,145.07,1,0
2026-06-12 20:22:26.947,15.90,-0.07,144.78,144.98,1,0
2026-06-12 20:22:26.998,15.87,-0.08,143.15,144.43,1,0
2026-06-12 20:22:27.048,15.91,-0.04,143.40,144.12,1,0
2026-06-12 20:22:27.098,16.00,0.04,145.24,144.46,1,0
2026-06-12 20:22:27.149,16.16,0.16,147.25,145.30,1,0
2026-06-12 20:22:27.199,16.32,0.27,150.09,146.73,1,0
2026-06-12 20:22:27.250,16.44,0.33,151.54,148.18,1,0
2026-06-12 20:22:27.300,16.49,0.32,151.86,149.28,1,0
2026-06-12 20:22:27.350,16.45,0.24,150.83,149.75,1,0
2026-06-12 20:22:27.401,16.43,0.19,148.58,149.40,1,0
2026-06-12 20:22:27.451,16.34,0.08,148.70,149.19,1,0
2026-06-12 20:22:27.502,16.30,0.04,146.37,148.34,1,0
2026-06-12 20:22:27.552,16.33,0.06,147.36,148.05,1,0
2026-06-12 20:22:27.602,16.35,0.07,148.85,148.29,1,0
2026-06-12 20:22:27.653,16.39,0.09,148.96,148.49,1,0
2026-06-12 20:22:27.703,16.31,0.01,149.57,148.81,1,0
2026-06-12 20:22:27.754,16.18,-0.10,146.52,148.13,1,0
2026-06-12 20:22:27.804,16.04,-0.20,144.10,146.92,1,0
2026-06-12 20:22:27.854,15.93,-0.26,142.71,145.66,0,0
2026-06-12 20:22:27.905,15.93,-0.23,142.46,144.70,0,0
2026-06-12 20:22:27.955,15.96,-0.16,144.45,144.62,0,0
2026-06-12 20:22:28.006,16.00,-0.11,145.65,144.93,0,0
2026-06-12 20:22:28.056,16.86,1.35,146.08,145.28,0,0
2026-06-12 20:22:28.107,18.08,3.18,171.15,153.13,0,0
2026-06-12 20:22:28.157,18.85,3.12,189.99,164.19,0,0
2026-06-12 20:22:28.208,19.34,3.06,187.54,171.19,0,0
2026-06-12 20:22:28.258,18.70,2.08,185.98,175.63,0,0
2026-06-12 20:22:28.308,17.82,1.04,156.22,169.81,0,0
2026-06-12 20:22:28.359,17.31,0.45,143.33,161.86,0,0
2026-06-12 20:22:28.412,16.95,0.09,146.15,157.15,0,0
2026-06-12 20:22:28.460,16.70,-0.13,146.51,153.96,0,0
2026-06-12 20:22:28.510,16.54,-0.24,146.39,151.69,0,0
2026-06-12 20:22:28.560,16.32,-0.39,146.66,150.18,0,0
2026-06-12 20:22:28.611,16.04,-0.56,143.66,148.22,0,0
2026-06-12 20:22:28.662,15.86,-0.63,139.76,145.68,0,0
2026-06-12 20:22:28.712,15.72,-0.65,140.17,144.03,0,0
2026-06-12 20:22:28.762,15.70,-0.57,139.85,142.78,0,0
2026-06-12 20:22:28.812,15.70,-0.57,141.95,142.53,0,0
2026-06-12 20:22:28.863,15.77,-0.45,141.95,142.53,0,0
2026-06-12 20:22:28.913,15.78,-0.37,144.66,143.17,0,0
2026-06-12 20:22:28.964,15.68,-0.40,143.49,143.26,0,0
2026-06-12 20:22:29.014,15.58,-0.42,140.27,142.37,0,0
2026-06-12 20:22:29.065,16.43,1.19,139.51,141.51,0,0
2026-06-12 20:22:29.115,17.72,3.08,168.83,149.17,0,0
2026-06-12 20:22:29.165,18.70,3.44,188.36,160.93,0,0
2026-06-12 20:22:29.216,19.56,3.62,190.63,169.84,0,0
2026-06-12 20:22:29.267,18.83,2.47,195.79,177.62,0,0
2026-06-12 20:22:29.317,17.98,1.39,155.49,170.98,0,0
2026-06-12 20:22:29.368,17.31,0.82,145.29,163.28,0,0
2026-06-12 20:22:29.417,16.79,0.26,143.09,157.22,0,0
2026-06-12 20:22:29.468,16.42,-0.08,141.47,152.50,0,0
2026-06-12 20:22:29.518,16.17,-0.28,141.28,149.13,0,0
2026-06-12 20:22:29.569,16.06,-0.33,141.52,146.85,0,0
2026-06-12 20:22:29.619,16.06,-0.28,143.52,145.85,0,0
2026-06-12 20:22:29.676,16.04,-0.25,145.76,145.82,0,0
2026-06-12 20:22:29.720,15.95,-0.29,145.37,145.69,0,0
2026-06-12 20:22:29.770,15.82,-0.35,143.02,144.89,0,0
2026-06-12 20:22:29.821,15.63,-0.46,140.87,143.68,0,0
2026-06-12 20:22:29.872,15.63,-0.46,137.72,141.89,2,0
2026-06-12 20:22:29.923,15.44,-0.49,137.72,141.89,2,0
2026-06-12 20:22:29.972,16.24,0.23,136.40,140.24,2,0
2026-06-12 20:22:30.022,17.43,1.19,164.39,147.49,2,0
2026-06-12 20:22:30.073,18.43,1.83,183.36,158.25,2,0
2026-06-12 20:22:30.129,19.06,2.08,188.55,167.34,2,0
2026-06-12 20:22:30.174,18.42,1.23,186.63,173.13,2,0
2026-06-12 20:22:30.224,17.51,0.30,153.59,167.27,2,0
2026-06-12 20:22:30.274,16.77,-0.15,139.61,158.97,2,0
2026-06-12 20:22:30.325,16.20,-0.59,136.84,152.33,2,0
2026-06-12 20:22:30.375,15.79,-0.85,135.05,147.15,2,0
2026-06-12 20:22:30.426,15.51,-0.95,134.73,143.42,2,0
2026-06-12 20:22:30.476,15.33,-0.96,134.89,140.86,2,0
2026-06-12 20:22:30.527,16.04,0.37,135.27,139.19,2,0
2026-06-12 20:22:30.577,17.15,1.23,160.79,145.67,2,0
2026-06-12 20:22:30.627,17.90,1.66,179.39,155.78,2,0
2026-06-12 20:22:30.678,18.31,1.75,178.35,162.55,2,0
2026-06-12 20:22:30.728,17.55,1.07,175.02,166.29,2,0
2026-06-12 20:22:30.779,16.47,0.00,143.31,159.40,2,0
2026-06-12 20:22:30.829,15.68,-0.64,126.63,149.57,2,0
2026-06-12 20:22:30.881,15.68,-0.64,125.72,142.41,2,0
2026-06-12 20:22:30.930,15.13,-0.85,125.72,142.41,2,0
2026-06-12 20:22:30.980,14.75,-1.03,125.59,137.37,2,0
2026-06-12 20:22:31.031,15.23,-0.62,126.08,133.98,2,0
2026-06-12 20:22:31.082,16.11,0.21,148.32,138.28,2,0
2026-06-12 20:22:31.131,16.69,0.66,165.14,146.34,2,0
2026-06-12 20:22:31.183,16.69,0.66,163.76,151.57,2,0
2026-06-12 20:22:31.235,16.97,0.72,163.76,151.57,2,0
2026-06-12 20:22:31.283,16.23,0.00,160.05,154.11,2,0
2026-06-12 20:22:31.333,15.35,-0.49,131.57,147.35,2,0
2026-06-12 20:22:31.384,14.76,-0.90,120.86,139.40,2,0
2026-06-12 20:22:31.434,14.76,-0.90,121.67,134.08,2,0
2026-06-12 20:22:31.484,14.43,-0.95,121.67,134.08,2,0
2026-06-12 20:22:31.544,14.24,-0.97,123.98,131.05,2,0
2026-06-12 20:22:31.585,14.06,-0.97,125.14,129.28,2,0
2026-06-12 20:22:31.636,13.87,-0.93,124.02,127.70,2,0
2026-06-12 20:22:31.686,13.67,-0.95,121.93,125.97,2,0
2026-06-12 20:22:31.740,13.67,-0.95,119.95,124.16,2,0
2026-06-12 20:22:31.787,13.49,-0.91,119.95,124.16,2,0
2026-06-12 20:22:31.837,13.35,-0.89,118.69,122.52,2,0
2026-06-12 20:22:31.888,13.26,-0.81,118.12,121.20,2,0
2026-06-12 20:22:31.939,13.22,-0.72,118.46,120.38,2,0
2026-06-12 20:22:31.989,13.22,-0.72,119.22,120.03,2,0
2026-06-12 20:22:32.039,13.23,-0.60,119.22,120.03,2,0
2026-06-12 20:22:32.089,13.26,-0.49,120.49,120.17,2,0
2026-06-12 20:22:32.140,13.23,-0.43,121.12,120.46,2,0
2026-06-12 20:22:32.190,13.23,-0.43,119.34,120.12,2,0
2026-06-12 20:22:32.242,13.16,-0.41,119.34,120.12,2,0
2026-06-12 20:22:32.292,13.11,-0.39,118.11,119.52,2,0
2026-06-12 20:22:32.342,13.05,-0.38,117.83,119.01,2,0
2026-06-12 20:22:32.392,13.08,-0.30,117.35,118.51,2,0
2026-06-12 20:22:32.443,13.15,-0.20,119.55,118.83,2,0
2026-06-12 20:22:32.493,13.15,-0.20,120.78,119.41,2,0
2026-06-12 20:22:32.543,13.16,-0.17,120.78,119.41,2,0
2026-06-12 20:22:32.594,13.14,-0.15,119.58,119.46,2,0
2026-06-12 20:22:32.644,13.09,-0.16,119.08,119.35,2,0
2026-06-12 20:22:32.695,13.09,-0.16,117.83,118.89,2,0
2026-06-12 20:22:32.745,12.90,-0.24,117.83,118.89,2,0
2026-06-12 20:22:32.795,12.73,-0.30,113.17,117.18,2,0
2026-06-12 20:22:32.846,12.58,-0.38,111.81,115.57,2,0
2026-06-12 20:22:32.896,12.58,-0.38,111.15,114.24,2,0
2026-06-12 20:22:32.947,12.44,-0.40,111.15,114.24,2,0
2026-06-12 20:22:32.997,12.49,-0.30,109.86,112.93,2,0
2026-06-12 20:22:33.048,12.61,-0.18,114.48,113.39,2,0
2026-06-12 20:22:33.098,12.68,-0.10,117.17,114.53,2,0
2026-06-12 20:22:33.148,12.68,-0.10,116.63,115.16,2,0
2026-06-12 20:22:33.199,12.70,-0.07,116.63,115.16,2,0
2026-06-12 20:22:33.249,12.62,-0.11,115.73,115.33,2,0
2026-06-12 20:22:33.300,12.62,-0.11,112.83,114.58,2,0
2026-06-12 20:22:33.350,12.47,-0.17,112.83,114.58,2,0
2026-06-12 20:22:33.400,12.31,-0.28,110.22,113.27,2,0
2026-06-12 20:22:33.452,12.27,-0.26,108.47,111.83,2,0
2026-06-12 20:22:33.501,12.34,-0.16,110.62,111.47,2,0
2026-06-12 20:22:33.552,12.34,-0.16,113.56,112.10,2,0
2026-06-12 20:22:33.604,12.44,-0.08,113.56,112.10,2,0
2026-06-12 20:22:33.652,12.57,-0.00,115.12,113.00,2,0
2026-06-12 20:22:33.703,12.65,0.07,116.70,114.11,2,0
2026-06-12 20:22:33.754,12.65,0.07,116.69,114.89,2,0
2026-06-12 20:22:33.804,12.65,0.06,116.69,114.89,2,0
2026-06-12 20:22:33.854,12.59,-0.00,114.90,114.89,2,0
2026-06-12 20:22:33.905,12.52,-0.04,112.93,114.30,2,0
2026-06-12 20:22:33.955,12.52,-0.04,112.29,113.70,2,0
2026-06-12 20:22:34.005,12.53,-0.03,112.29,113.70,2,0
2026-06-12 20:22:34.056,12.60,0.03,113.92,113.76,2,0
2026-06-12 20:22:34.106,12.67,0.07,115.99,114.43,2,0
2026-06-12 20:22:34.157,12.73,0.11,116.40,115.02,2,0
2026-06-12 20:22:34.207,12.73,0.11,116.88,115.58,2,0
2026-06-12 20:22:34.257,12.66,0.05,116.88,115.58,2,0
2026-06-12 20:22:34.308,12.42,-0.09,113.46,114.94,2,0
2026-06-12 20:22:34.358,12.42,-0.09,107.79,112.80,2,0
2026-06-12 20:22:34.409,12.24,-0.17,107.79,112.80,2,0
2026-06-12 20:22:34.461,12.10,-0.27,107.37,111.17,2,0
2026-06-12 20:22:34.510,12.10,-0.27,106.74,109.84,2,0
2026-06-12 20:22:34.560,11.89,-0.31,106.74,109.84,2,0
2026-06-12 20:22:34.610,11.76,-0.38,103.54,107.95,2,0
2026-06-12 20:22:34.661,11.76,-0.38,103.95,106.75,2,0
2026-06-12 20:22:34.712,11.52,-0.42,103.95,106.75,2,0
2026-06-12 20:22:34.762,11.20,-0.53,99.61,104.61,2,0
2026-06-12 20:22:34.812,11.20,-0.53,94.98,101.72,2,0
2026-06-12 20:22:34.862,10.87,-0.59,94.98,101.72,2,0
2026-06-12 20:22:34.920,10.87,-0.59,91.56,98.67,2,0
2026-06-12 20:22:34.963,10.42,-0.74,91.56,98.67,2,0
2026-06-12 20:22:35.014,10.42,-0.74,85.25,94.65,2,0
2026-06-12 20:22:35.065,9.99,-0.81,85.25,94.65,1,0
2026-06-12 20:22:35.115,9.99,-0.81,81.51,90.70,1,0
2026-06-12 20:22:35.165,9.56,-0.87,81.51,90.70,1,0
2026-06-12 20:22:35.216,9.56,-0.87,77.81,86.84,1,0
2026-06-12 20:22:35.266,9.16,-0.90,77.81,86.84,1,0
2026-06-12 20:22:35.316,9.16,-0.90,74.53,83.14,1,0
2026-06-12 20:22:35.367,8.83,-0.87,74.53,83.14,1,0
2026-06-12 20:22:35.417,8.83,-0.87,73.38,80.22,1,0
2026-06-12 20:22:35.468,8.58,-0.85,73.38,80.22,1,0
2026-06-12 20:22:35.518,8.58,-0.85,72.67,77.95,1,0
2026-06-12 20:22:35.568,8.30,-0.84,72.67,77.95,1,0
2026-06-12 20:22:35.619,8.30,-0.84,69.28,75.35,1,0
2026-06-12 20:22:35.669,8.30,-0.84,69.28,75.35,1,0
2026-06-12 20:22:35.721,7.95,-0.81,69.28,75.35,1,0
2026-06-12 20:22:35.770,7.95,-0.81,64.92,72.22,1,0
2026-06-12 20:22:35.821,7.95,-0.81,64.92,72.22,1,0
2026-06-12 20:22:35.871,7.55,-0.82,64.92,72.22,1,0
2026-06-12 20:22:35.922,7.55,-0.82,59.94,68.54,1,0
2026-06-12 20:22:35.972,7.55,-0.82,59.94,68.54,1,0
2026-06-12 20:22:36.023,7.10,-0.82,59.94,68.54,1,0
2026-06-12 20:22:36.073,7.10,-0.82,54.98,64.47,1,0
2026-06-12 20:22:36.123,7.10,-0.82,54.98,64.47,1,0
2026-06-12 20:22:36.173,6.73,-0.80,54.98,64.47,1,0
2026-06-12 20:22:36.224,6.73,-0.80,53.36,61.14,1,0
2026-06-12 20:22:36.274,6.47,-0.77,53.36,61.14,1,0
2026-06-12 20:22:36.325,6.47,-0.77,53.08,58.72,1,0
2026-06-12 20:22:36.375,6.47,-0.77,53.08,58.72,1,0
2026-06-12 20:22:36.425,6.47,-0.77,53.08,58.72,1,0
2026-06-12 20:22:36.476,6.17,-0.72,53.08,58.72,1,0
2026-06-12 20:22:36.526,6.17,-0.72,49.84,56.06,1,0
2026-06-12 20:22:36.577,6.17,-0.72,49.84,56.06,1,0
2026-06-12 20:22:36.627,6.17,-0.72,49.84,56.06,1,0
2026-06-12 20:22:36.678,5.82,-0.68,49.84,56.06,1,0
2026-06-12 20:22:36.728,5.82,-0.68,45.52,52.90,1,0
2026-06-12 20:22:36.779,5.82,-0.68,45.52,52.90,1,0
2026-06-12 20:22:36.829,5.82,-0.68,45.52,52.90,1,0
2026-06-12 20:22:36.880,5.43,-0.66,45.52,52.90,1,0
2026-06-12 20:22:36.930,5.43,-0.66,40.89,49.29,1,0
2026-06-12 20:22:36.980,5.43,-0.66,40.89,49.29,1,0
2026-06-12 20:22:37.032,5.43,-0.66,40.89,49.29,1,0
2026-06-12 20:22:37.081,5.43,-0.66,40.89,49.29,1,0
2026-06-12 20:22:37.132,4.99,-0.64,40.89,49.29,1,0
2026-06-12 20:22:37.182,4.99,-0.64,36.03,45.32,1,0
2026-06-12 20:22:37.232,4.99,-0.64,36.03,45.32,1,0
2026-06-12 20:22:37.283,4.99,-0.64,36.03,45.32,1,0
2026-06-12 20:22:37.333,4.99,-0.64,36.03,45.32,1,0
2026-06-12 20:22:37.384,4.99,-0.64,36.03,45.32,1,0
2026-06-12 20:22:37.434,4.54,-0.60,36.03,45.32,1,0
2026-06-12 20:22:37.484,4.54,-0.60,31.83,41.27,1,0
2026-06-12 20:22:37.535,4.54,-0.60,31.83,41.27,1,0
2026-06-12 20:22:37.588,4.54,-0.60,31.83,41.27,1,0
2026-06-12 20:22:37.636,4.54,-0.60,31.83,41.27,1,0
2026-06-12 20:22:37.687,4.54,-0.60,31.83,41.27,1,0
2026-06-12 20:22:37.737,4.54,-0.60,31.83,41.27,1,0
2026-06-12 20:22:37.787,4.06,-0.57,31.83,41.27,1,0
2026-06-12 20:22:37.837,4.06,-0.57,26.50,36.84,1,0
2026-06-12 20:22:37.888,4.06,-0.57,26.50,36.84,1,0
2026-06-12 20:22:37.938,4.06,-0.57,26.50,36.84,1,0
2026-06-12 20:22:37.989,4.06,-0.57,26.50,36.84,1,0
2026-06-12 20:22:38.039,4.06,-0.57,26.50,36.84,1,0
2026-06-12 20:22:38.090,4.06,-0.57,26.50,36.84,0,0
2026-06-12 20:22:38.140,4.06,-0.57,26.50,36.84,0,0
2026-06-12 20:22:38.190,4.06,-0.57,26.50,36.84,0,0
2026-06-12 20:22:38.244,4.06,-0.57,26.50,36.84,0,0
2026-06-12 20:22:38.291,4.06,-0.57,26.50,36.84,0,0
2026-06-12 20:22:38.342,4.06,-0.57,26.50,36.84,0,0
2026-06-12 20:22:38.392,4.06,-0.57,26.50,36.84,0,0
2026-06-12 20:22:38.443,4.06,-0.57,26.50,36.84,0,0
2026-06-12 20:22:38.493,4.06,-0.57,26.50,36.84,0,0
2026-06-12 20:22:38.543,4.06,-0.57,26.50,36.84,0,0
2026-06-12 20:22:38.594,4.06,-0.57,26.50,36.84,0,0
2026-06-12 20:22:38.644,4.06,-0.57,26.50,36.84,0,0
2026-06-12 20:22:38.695,4.06,-0.57,26.50,36.84,0,0
2026-06-12 20:22:38.745,4.06,-0.57,26.50,36.84,0,0
2026-06-12 20:22:38.795,4.06,-0.57,26.50,36.84,0,0
2026-06-12 20:22:38.846,4.06,-0.57,26.50,36.84,0,0
2026-06-12 20:22:38.896,4.06,-0.57,26.50,36.84,0,0
2026-06-12 20:22:38.952,4.06,-0.57,26.50,36.84,0,0
2026-06-12 20:22:38.997,4.06,-0.57,26.50,36.84,0,0
2026-06-12 20:22:39.048,4.06,-0.57,26.50,36.84,0,0
2026-06-12 20:22:39.098,4.06,-0.57,26.50,36.84,0,0
2026-06-12 20:22:39.148,4.06,-0.57,26.50,36.84,0,0
2026-06-12 20:22:39.199,4.06,-0.57,26.50,36.84,0,0
2026-06-12 20:22:39.249,4.06,-0.57,26.50,36.84,0,0
2026-06-12 20:22:39.300,4.06,-0.57,26.50,36.84,0,0
2026-06-12 20:22:39.350,4.06,-0.57,26.50,36.84,0,0
2026-06-12 20:22:39.400,4.06,-0.57,26.50,36.84,0,0
2026-06-12 20:22:39.453,4.06,-0.57,26.50,36.84,0,0
2026-06-12 20:22:39.502,4.06,-0.57,26.50,36.84,0,0
2026-06-12 20:22:39.552,4.06,-0.57,26.50,36.84,0,0
2026-06-12 20:22:39.605,4.06,-0.57,26.50,36.84,0,0
2026-06-12 20:22:39.652,4.06,-0.57,26.50,36.84,0,0
2026-06-12 20:22:39.703,4.06,-0.57,26.50,36.84,0,0
2026-06-12 20:22:39.756,4.06,-0.57,26.50,36.84,0,0
2026-06-12 20:22:39.804,0.00,0.00,26.50,36.84,0,0
2026-06-12 20:22:39.854,0.00,0.00,0.00,0.00,0,0
2026-06-12 20:22:39.905,0.00,0.00,0.00,0.00,0,0
2026-06-12 20:22:39.955,0.00,0.00,0.00,0.00,0,0
2026-06-12 20:22:40.005,0.00,0.00,0.00,0.00,0,0
2026-06-12 20:22:40.056,0.00,0.00,0.00,0.00,0,0
2026-06-12 20:22:40.106,0.00,0.00,0.00,0.00,2,0
2026-06-12 20:22:40.157,0.00,0.00,0.00,0.00,2,0
2026-06-12 20:22:40.207,0.00,0.00,0.00,0.00,2,0
2026-06-12 20:22:40.257,0.00,0.00,0.00,0.00,2,0
2026-06-12 20:22:40.308,0.00,0.00,0.00,0.00,2,0
2026-06-12 20:22:40.358,0.00,0.00,0.00,0.00,2,0
2026-06-12 20:22:40.409,0.00,0.00,0.00,0.00,2,0
2026-06-12 20:22:40.459,0.00,0.00,0.00,0.00,2,0
2026-06-12 20:22:40.509,0.00,0.00,0.00,0.00,2,0
2026-06-12 20:22:40.560,0.00,0.00,0.00,0.00,2,0
2026-06-12 20:22:40.610,0.00,0.00,0.00,0.00,2,0
2026-06-12 20:22:40.661,0.00,0.00,0.00,0.00,2,0
2026-06-12 20:22:40.711,0.00,0.00,0.00,0.00,2,0
2026-06-12 20:22:40.762,0.00,0.00,0.00,0.00,2,0
2026-06-12 20:22:40.812,0.00,0.00,0.00,0.00,2,0
2026-06-12 20:22:40.862,0.00,0.00,0.00,0.00,2,0
2026-06-12 20:22:40.912,0.00,0.00,0.00,0.00,2,0
2026-06-12 20:22:40.968,0.00,0.00,0.00,0.00,2,0
2026-06-12 20:22:41.013,0.00,0.00,0.00,0.00,2,0
2026-06-12 20:22:41.064,0.00,0.00,0.00,0.00,2,0
2026-06-12 20:22:41.114,0.00,0.00,0.00,0.00,2,0
2026-06-12 20:22:41.164,0.00,0.00,0.00,0.00,2,0
2026-06-12 20:22:41.220,0.00,0.00,0.00,0.00,2,0
2026-06-12 20:22:41.265,0.00,0.00,0.00,0.00,2,0
2026-06-12 20:22:41.316,0.00,0.00,0.00,0.00,2,0
2026-06-12 20:22:41.366,0.00,0.00,0.00,0.00,2,0
2026-06-12 20:22:41.416,0.00,0.00,0.00,0.00,2,0
2026-06-12 20:22:41.467,0.00,0.00,0.00,0.00,2,0
2026-06-12 20:22:41.520,0.00,0.00,0.00,0.00,2,0
2026-06-12 20:22:41.568,0.00,0.00,0.00,0.00,2,0
2026-06-12 20:22:41.618,0.00,0.00,0.00,0.00,2,0
2026-06-12 20:22:41.672,0.00,0.00,0.00,0.00,2,0
2026-06-12 20:22:41.720,0.00,0.00,0.00,0.00,2,0
2026-06-12 20:22:41.776,0.00,0.00,0.00,0.00,2,0
2026-06-12 20:22:41.820,0.00,0.00,0.00,0.00,2,0
2026-06-12 20:22:41.870,0.00,0.00,0.00,0.00,2,0
2026-06-12 20:22:41.921,0.00,0.00,0.00,0.00,2,0
2026-06-12 20:22:41.971,0.00,0.00,0.00,0.00,2,0
2026-06-12 20:22:42.021,0.00,0.00,0.00,0.00,2,0
2026-06-12 20:22:42.072,0.00,0.00,0.00,0.00,2,0
2026-06-12 20:22:42.122,0.00,0.00,0.00,0.00,2,0
2026-06-12 20:22:42.172,0.00,0.00,0.00,0.00,2,0
2026-06-12 20:22:42.223,0.00,0.00,0.00,0.00,2,0
2026-06-12 20:22:42.273,0.00,0.00,0.00,0.00,2,0
2026-06-12 20:22:42.324,0.00,0.00,0.00,0.00,2,0
2026-06-12 20:22:42.374,0.00,0.00,0.00,0.00,2,0
2026-06-12 20:22:42.428,0.00,0.00,0.00,0.00,2,0
2026-06-12 20:22:42.475,0.00,0.00,0.00,0.00,2,0
2026-06-12 20:22:42.525,0.00,0.00,0.00,0.00,2,0
2026-06-12 20:22:42.576,0.00,0.00,0.00,0.00,2,0
2026-06-12 20:22:42.628,0.00,0.00,0.00,0.00,2,0
2026-06-12 20:22:42.677,0.00,0.00,0.00,0.00,2,0
2026-06-12 20:22:42.727,0.00,0.00,0.00,0.00,2,0
2026-06-12 20:22:42.780,0.00,0.00,0.00,0.00,2,0
2026-06-12 20:22:42.828,0.00,0.00,0.00,0.00,2,0
2026-06-12 20:22:42.878,0.00,0.00,0.00,0.00,2,0
2026-06-12 20:22:42.929,0.00,0.00,0.00,0.00,2,0
2026-06-12 20:22:42.979,0.00,0.00,0.00,0.00,2,0
2026-06-12 20:22:43.029,0.00,0.00,0.00,0.00,2,0
2026-06-12 20:22:43.080,0.00,0.00,0.00,0.00,2,0
2026-06-12 20:22:43.130,0.00,0.00,0.00,0.00,2,0
2026-06-12 20:22:43.180,0.00,0.00,0.00,0.00,2,0
2026-06-12 20:22:43.231,0.00,0.00,0.00,0.00,2,0
2026-06-12 20:22:43.281,0.00,0.00,0.00,0.00,2,0
2026-06-12 20:22:43.332,0.00,0.00,0.00,0.00,2,0
2026-06-12 20:22:43.382,0.00,0.00,0.00,0.00,2,0
2026-06-12 20:22:43.432,0.00,0.00,0.00,0.00,2,0
2026-06-12 20:22:43.485,0.00,0.00,0.00,0.00,2,0
2026-06-12 20:22:43.533,0.00,0.00,0.00,0.00,2,0
2026-06-12 20:22:43.584,0.00,0.00,0.00,0.00,2,0
2026-06-12 20:22:43.634,0.00,0.00,0.00,0.00,2,0
2026-06-12 20:22:43.685,0.00,0.00,0.00,0.00,2,0
2026-06-12 20:22:43.735,0.00,0.00,0.00,0.00,2,0
2026-06-12 20:22:43.785,0.00,0.00,0.00,0.00,2,0
2026-06-12 20:22:43.836,0.00,0.00,0.00,0.00,2,0
2026-06-12 20:22:43.886,0.00,0.00,0.00,0.00,2,0
2026-06-12 20:22:43.937,0.00,0.00,0.00,0.00,2,0
2026-06-12 20:22:43.987,0.00,0.00,0.00,0.00,2,0
2026-06-12 20:22:44.037,0.00,0.00,0.00,0.00,2,0
2026-06-12 20:22:44.088,0.00,0.00,0.00,0.00,2,0
2026-06-12 20:22:44.138,0.00,0.00,0.00,0.00,2,0
2026-06-12 20:22:44.188,0.00,0.00,0.00,0.00,2,0
2026-06-12 20:22:44.239,0.00,0.00,0.00,0.00,2,0
2026-06-12 20:22:44.289,0.00,0.00,0.00,0.00,2,0
2026-06-12 20:22:44.340,0.00,0.00,0.00,0.00,2,0
2026-06-12 20:22:44.390,0.13,0.00,0.00,0.00,2,0
2026-06-12 20:22:44.441,0.13,0.00,4.00,1.20,2,0
2026-06-12 20:22:44.491,0.13,0.00,4.00,1.20,2,0
2026-06-12 20:22:44.541,0.13,0.00,4.00,1.20,2,0
2026-06-12 20:22:44.592,0.13,0.00,4.00,1.20,2,0
2026-06-12 20:22:44.642,0.13,0.00,4.00,1.20,2,0
2026-06-12 20:22:44.692,0.13,0.00,4.00,1.20,2,0
2026-06-12 20:22:44.743,0.13,0.00,4.00,1.20,2,0
2026-06-12 20:22:44.793,0.22,0.01,4.00,1.20,2,0
2026-06-12 20:22:44.844,0.22,0.01,3.91,2.01,2,0
2026-06-12 20:22:44.894,0.22,0.01,3.91,2.01,2,0
2026-06-12 20:22:44.944,0.22,0.01,3.91,2.01,2,0
2026-06-12 20:22:44.995,0.29,0.02,3.91,2.01,2,0
2026-06-12 20:22:45.045,0.29,0.02,3.95,2.59,2,0
2026-06-12 20:22:45.096,0.29,0.02,3.95,2.59,2,0
2026-06-12 20:22:45.146,0.29,0.02,3.95,2.59,2,0
2026-06-12 20:22:45.196,0.33,0.03,3.95,2.59,2,0
2026-06-12 20:22:45.247,0.33,0.03,4.06,3.03,2,0
2026-06-12 20:22:45.297,0.33,0.03,4.06,3.03,2,0
2026-06-12 20:22:45.348,1.26,0.28,4.06,3.03,2,0
2026-06-12 20:22:45.398,1.26,0.28,30.93,11.40,2,0
2026-06-12 20:22:45.449,1.26,0.28,30.93,11.40,2,0
2026-06-12 20:22:45.499,2.26,0.51,30.93,11.40,2,0
2026-06-12 20:22:45.550,2.26,0.51,41.92,20.55,2,0
2026-06-12 20:22:45.600,2.26,0.51,41.92,20.55,2,0
2026-06-12 20:22:45.652,3.15,0.68,41.92,20.55,2,0
2026-06-12 20:22:45.700,3.15,0.68,47.24,28.56,2,0
2026-06-12 20:22:45.751,3.15,0.68,47.24,28.56,2,0
2026-06-12 20:22:45.801,3.91,0.83,47.24,28.56,2,0
2026-06-12 20:22:45.852,3.91,0.83,51.70,35.50,2,0
2026-06-12 20:22:45.902,4.55,0.92,51.70,35.50,2,0
2026-06-12 20:22:45.952,9.49,8.69,55.01,41.36,1,0
2026-06-12 20:22:46.003,9.49,8.69,190.76,86.18,1,0
2026-06-12 20:22:46.053,14.69,9.53,190.76,86.18,1,0
2026-06-12 20:22:46.104,14.69,9.53,243.70,133.43,1,0
2026-06-12 20:22:46.155,14.91,8.19,243.70,133.43,1,0
2026-06-12 20:22:46.205,14.21,6.39,139.85,135.36,1,0
2026-06-12 20:22:46.255,12.88,4.70,114.27,129.03,1,0
2026-06-12 20:22:46.305,12.88,4.70,88.88,116.99,1,0
2026-06-12 20:22:46.356,12.88,4.70,88.88,116.99,1,0
2026-06-12 20:22:46.406,11.62,3.65,88.88,116.99,1,0
2026-06-12 20:22:46.458,11.62,3.65,78.91,105.57,1,0
2026-06-12 20:22:46.507,11.62,3.65,78.91,105.57,1,0
2026-06-12 20:22:46.557,10.59,2.76,78.91,105.57,1,0
2026-06-12 20:22:46.608,10.59,2.76,74.16,96.14,1,0
2026-06-12 20:22:46.659,10.59,2.76,74.16,96.14,1,0
2026-06-12 20:22:46.709,9.34,2.05,74.16,96.14,1,0
2026-06-12 20:22:46.759,9.34,2.05,58.52,84.86,1,0
2026-06-12 20:22:46.809,9.34,2.05,58.52,84.86,1,0
2026-06-12 20:22:46.860,9.34,2.05,58.52,84.86,1,0
2026-06-12 20:22:46.910,8.09,1.48,58.52,84.86,1,0
2026-06-12 20:22:46.961,8.09,1.48,46.98,73.49,1,0
2026-06-12 20:22:47.012,8.09,1.48,46.98,73.49,1,0
2026-06-12 20:22:47.061,8.09,1.48,46.98,73.49,1,0
2026-06-12 20:22:47.112,8.09,1.48,46.98,73.49,1,0
2026-06-12 20:22:47.162,8.09,1.48,46.98,73.49,1,0
2026-06-12 20:22:47.213,8.09,1.48,46.98,73.49,1,0
2026-06-12 20:22:47.263,8.09,1.48,46.98,73.49,1,0
2026-06-12 20:22:47.313,8.09,1.48,46.98,73.49,1,0
2026-06-12 20:22:47.364,8.09,1.48,46.98,73.49,1,0
2026-06-12 20:22:47.414,8.09,1.48,46.98,73.49,1,0
2026-06-12 20:22:47.465,8.09,1.48,46.98,73.49,1,0
2026-06-12 20:22:47.515,8.09,1.48,46.98,73.49,1,0
2026-06-12 20:22:47.565,8.09,1.48,46.98,73.49,1,0
2026-06-12 20:22:47.616,8.09,1.48,46.98,73.49,1,0
2026-06-12 20:22:47.666,8.09,1.48,46.98,73.49,1,0
2026-06-12 20:22:47.717,8.09,1.48,46.98,73.49,1,0
2026-06-12 20:22:47.767,8.09,1.48,46.98,73.49,1,0
2026-06-12 20:22:47.818,8.09,1.48,46.98,73.49,1,0
2026-06-12 20:22:47.868,8.09,1.48,46.98,73.49,1,0
2026-06-12 20:22:47.918,8.09,1.48,46.98,73.49,1,0
2026-06-12 20:22:47.969,8.09,1.48,46.98,73.49,1,0
2026-06-12 20:22:48.019,8.09,1.48,46.98,73.49,1,0
2026-06-12 20:22:48.070,8.09,1.48,46.98,73.49,1,0
2026-06-12 20:22:48.120,8.09,1.48,46.98,73.49,1,0
2026-06-12 20:22:48.170,8.09,1.48,46.98,73.49,1,0
2026-06-12 20:22:48.222,8.09,1.48,46.98,73.49,1,0
2026-06-12 20:22:48.271,8.09,1.48,46.98,73.49,1,0
2026-06-12 20:22:48.325,8.09,1.48,46.98,73.49,1,0
2026-06-12 20:22:48.372,8.09,1.48,46.98,73.49,1,0
2026-06-12 20:22:48.428,8.09,1.48,46.98,73.49,1,0
2026-06-12 20:22:48.473,8.09,1.48,46.98,73.49,1,0
2026-06-12 20:22:48.524,8.09,1.48,46.98,73.49,1,0
2026-06-12 20:22:48.573,8.09,1.48,46.98,73.49,1,0
2026-06-12 20:22:48.626,8.09,1.48,46.98,73.49,1,0
2026-06-12 20:22:48.674,8.09,1.48,46.98,73.49,1,0
2026-06-12 20:22:48.725,8.09,1.48,46.98,73.49,1,0
2026-06-12 20:22:48.775,8.09,1.48,46.98,73.49,1,0
2026-06-12 20:22:48.826,8.09,1.48,46.98,73.49,1,0
2026-06-12 20:22:48.876,8.09,1.48,46.98,73.49,1,0
2026-06-12 20:22:48.926,0.00,0.00,46.98,73.49,1,0
2026-06-12 20:22:48.977,0.39,0.00,0.00,0.00,0,0
2026-06-12 20:22:49.028,0.39,0.00,11.67,3.50,0,0
2026-06-12 20:22:49.078,0.39,0.00,11.67,3.50,0,0
2026-06-12 20:22:49.128,0.39,0.00,11.67,3.50,0,0
2026-06-12 20:22:49.178,0.39,0.00,11.67,3.50,0,0
2026-06-12 20:22:49.229,0.39,0.00,11.67,3.50,0,0
2026-06-12 20:22:49.279,0.39,0.00,11.67,3.50,0,0
2026-06-12 20:22:49.330,0.39,0.00,11.67,3.50,0,0
2026-06-12 20:22:49.380,0.39,0.00,11.67,3.50,0,0
2026-06-12 20:22:49.430,0.39,0.00,11.67,3.50,0,0
2026-06-12 20:22:49.482,0.39,0.00,11.67,3.50,0,0
2026-06-12 20:22:49.531,0.39,0.00,11.67,3.50,0,0
2026-06-12 20:22:49.581,0.39,0.00,11.67,3.50,0,0
2026-06-12 20:22:49.632,0.39,0.00,11.67,3.50,0,0
2026-06-12 20:22:49.682,0.39,0.00,11.67,3.50,0,0
2026-06-12 20:22:49.733,0.39,0.00,11.67,3.50,0,0
2026-06-12 20:22:49.783,0.39,0.00,11.67,3.50,0,0
2026-06-12 20:22:49.834,0.39,0.00,11.67,3.50,0,0
2026-06-12 20:22:49.884,0.39,0.00,11.67,3.50,0,0
2026-06-12 20:22:49.934,0.39,0.00,11.67,3.50,0,0
2026-06-12 20:22:49.985,0.39,0.00,11.67,3.50,0,0
2026-06-12 20:22:50.035,0.39,0.00,11.67,3.50,0,0
2026-06-12 20:22:50.086,0.39,0.00,11.67,3.50,0,0
2026-06-12 20:22:50.136,0.39,0.00,11.67,3.50,0,0
2026-06-12 20:22:50.186,0.39,0.00,11.67,3.50,0,0
2026-06-12 20:22:50.237,0.39,0.00,11.67,3.50,0,0
2026-06-12 20:22:50.287,0.39,0.00,11.67,3.50,0,0
2026-06-12 20:22:50.338,0.39,0.00,11.67,3.50,0,0
2026-06-12 20:22:50.388,0.39,0.00,11.67,3.50,0,0
2026-06-12 20:22:50.440,0.39,0.00,11.67,3.50,0,0
2026-06-12 20:22:50.489,0.39,0.00,11.67,3.50,0,0
2026-06-12 20:22:50.539,0.39,0.00,11.67,3.50,0,0
2026-06-12 20:22:50.590,0.39,0.00,11.67,3.50,0,0
2026-06-12 20:22:50.640,0.39,0.00,11.67,3.50,0,0
2026-06-12 20:22:50.690,0.39,0.00,11.67,3.50,0,0
2026-06-12 20:22:50.741,0.39,0.00,11.67,3.50,0,0
2026-06-12 20:22:50.792,0.39,0.00,11.67,3.50,0,0
2026-06-12 20:22:50.842,0.39,0.00,11.67,3.50,0,0
2026-06-12 20:22:50.892,0.39,0.00,11.67,3.50,0,0
2026-06-12 20:22:50.942,0.39,0.00,11.67,3.50,0,0
2026-06-12 20:22:50.993,0.23,0.00,11.67,3.50,2,0
2026-06-12 20:22:51.043,0.23,0.00,7.00,2.10,2,0
2026-06-12 20:22:51.094,0.23,0.00,7.00,2.10,2,0
2026-06-12 20:22:51.144,0.23,0.00,7.00,2.10,2,0
2026-06-12 20:22:51.194,0.23,0.00,7.00,2.10,2,0
2026-06-12 20:22:51.245,0.23,0.00,7.00,2.10,2,0
2026-06-12 20:22:51.295,0.23,0.00,7.00,2.10,2,0
2026-06-12 20:22:51.346,0.23,0.00,7.00,2.10,2,0
2026-06-12 20:22:51.396,0.23,0.00,7.00,2.10,2,0
2026-06-12 20:22:51.446,0.23,0.00,7.00,2.10,2,0
2026-06-12 20:22:51.500,0.23,0.00,7.00,2.10,2,0
2026-06-12 20:22:51.547,0.23,0.00,7.00,2.10,2,0
2026-06-12 20:22:51.598,0.23,0.00,7.00,2.10,2,0
2026-06-12 20:22:51.648,0.23,0.00,7.00,2.10,2,0
2026-06-12 20:22:51.698,0.23,0.00,7.00,2.10,2,0
2026-06-12 20:22:51.751,0.23,0.00,7.00,2.10,2,0
2026-06-12 20:22:51.799,0.23,0.00,7.00,2.10,2,0
2026-06-12 20:22:51.850,0.23,0.00,7.00,2.10,2,0
2026-06-12 20:22:51.900,0.23,0.00,7.00,2.10,2,0
2026-06-12 20:22:51.951,0.23,0.00,7.00,2.10,2,0
2026-06-12 20:22:52.002,0.23,0.00,7.00,2.10,2,0
2026-06-12 20:22:52.052,0.23,0.00,7.00,2.10,2,0
2026-06-12 20:22:52.102,0.23,0.00,7.00,2.10,2,0
2026-06-12 20:22:52.152,0.23,0.00,7.00,2.10,2,0
2026-06-12 20:22:52.202,0.23,0.00,7.00,2.10,2,0
2026-06-12 20:22:52.253,0.23,0.00,7.00,2.10,2,0
2026-06-12 20:22:52.303,0.23,0.00,7.00,2.10,2,0
2026-06-12 20:22:52.360,0.23,0.00,7.00,2.10,2,0
2026-06-12 20:22:52.404,0.23,0.00,7.00,2.10,2,0
2026-06-12 20:22:52.454,0.23,0.00,7.00,2.10,2,0
2026-06-12 20:22:52.505,0.23,0.00,7.00,2.10,2,0
2026-06-12 20:22:52.555,0.23,0.00,7.00,2.10,2,0
2026-06-12 20:22:52.606,0.23,0.00,7.00,2.10,2,0
2026-06-12 20:22:52.656,0.23,0.00,7.00,2.10,2,0
2026-06-12 20:22:52.706,0.23,0.00,7.00,2.10,2,0
2026-06-12 20:22:52.757,0.23,0.00,7.00,2.10,2,0
2026-06-12 20:22:52.807,0.23,0.00,7.00,2.10,2,0
2026-06-12 20:22:52.858,0.23,0.00,7.00,2.10,2,0
2026-06-12 20:22:52.908,0.23,0.00,7.00,2.10,2,0
2026-06-12 20:22:52.958,0.23,0.00,7.00,2.10,2,0
2026-06-12 20:22:53.009,0.00,0.00,7.00,2.10,2,0
2026-06-12 20:22:53.059,0.00,0.00,0.00,0.00,2,0
2026-06-12 20:22:53.110,0.00,0.00,0.00,0.00,2,0
2026-06-12 20:22:53.160,0.00,0.00,0.00,0.00,2,0
2026-06-12 20:22:53.210,0.00,0.00,0.00,0.00,2,0
2026-06-12 20:22:53.262,0.00,0.00,0.00,0.00,2,0
2026-06-12 20:22:53.312,0.00,0.00,0.00,0.00,2,0
2026-06-12 20:22:53.362,0.00,0.00,0.00,0.00,2,0
2026-06-12 20:22:53.412,0.00,0.00,0.00,0.00,2,0
2026-06-12 20:22:53.462,0.00,0.00,0.00,0.00,2,0
2026-06-12 20:22:53.513,0.00,0.00,0.00,0.00,2,0
2026-06-12 20:22:53.563,0.00,0.00,0.00,0.00,2,0
2026-06-12 20:22:53.614,0.00,0.00,0.00,0.00,2,0
2026-06-12 20:22:53.668,0.00,0.00,0.00,0.00,2,0
2026-06-12 20:22:53.714,0.00,0.00,0.00,0.00,2,0
2026-06-12 20:22:53.765,0.00,0.00,0.00,0.00,2,0
2026-06-12 20:22:53.815,0.00,0.00,0.00,0.00,2,0
2026-06-12 20:22:53.866,0.00,0.00,0.00,0.00,2,0
2026-06-12 20:22:53.916,0.00,0.00,0.00,0.00,2,0
2026-06-12 20:22:53.966,0.00,0.00,0.00,0.00,2,0
2026-06-12 20:22:54.017,0.00,0.00,0.00,0.00,2,0
2026-06-12 20:22:54.067,0.00,0.00,0.00,0.00,2,0
2026-06-12 20:22:54.118,0.00,0.00,0.00,0.00,2,0
2026-06-12 20:22:54.168,0.00,0.00,0.00,0.00,2,0
2026-06-12 20:22:54.218,0.00,0.00,0.00,0.00,2,0
2026-06-12 20:22:54.269,0.00,0.00,0.00,0.00,2,0
2026-06-12 20:22:54.319,0.00,0.00,0.00,0.00,2,0
2026-06-12 20:22:54.370,0.00,0.00,0.00,0.00,2,0
2026-06-12 20:22:54.420,0.00,0.00,0.00,0.00,2,0
2026-06-12 20:22:54.470,0.00,0.00,0.00,0.00,2,0
2026-06-12 20:22:54.521,0.00,0.00,0.00,0.00,2,0
2026-06-12 20:22:54.572,0.00,0.00,0.00,0.00,2,0
2026-06-12 20:22:54.623,0.00,0.00,0.00,0.00,2,0
2026-06-12 20:22:54.673,0.00,0.00,0.00,0.00,2,0
2026-06-12 20:22:54.725,0.00,0.00,0.00,0.00,2,0
2026-06-12 20:22:54.773,0.00,0.00,0.00,0.00,2,0
2026-06-12 20:22:54.823,0.00,0.00,0.00,0.00,2,0
2026-06-12 20:22:54.874,0.00,0.00,0.00,0.00,2,0
2026-06-12 20:22:54.925,0.00,0.00,0.00,0.00,2,0
2026-06-12 20:22:54.974,0.00,0.00,0.00,0.00,2,0
2026-06-12 20:22:55.025,0.00,0.00,0.00,0.00,2,0
2026-06-12 20:22:55.075,0.00,0.00,0.00,0.00,2,0
2026-06-12 20:22:55.126,0.00,0.00,0.00,0.00,2,0
2026-06-12 20:22:55.176,0.00,0.00,0.00,0.00,2,0
2026-06-12 20:22:55.227,0.00,0.00,0.00,0.00,2,0
2026-06-12 20:22:55.277,0.00,0.00,0.00,0.00,2,0
2026-06-12 20:22:55.327,0.00,0.00,0.00,0.00,2,0
2026-06-12 20:22:55.378,0.00,0.00,0.00,0.00,2,0
2026-06-12 20:22:55.428,0.00,0.00,0.00,0.00,2,0
2026-06-12 20:22:55.478,0.00,0.00,0.00,0.00,2,0
2026-06-12 20:22:55.529,0.00,0.00,0.00,0.00,2,0
2026-06-12 20:22:55.579,0.00,0.00,0.00,0.00,2,0
2026-06-12 20:22:55.630,0.00,0.00,0.00,0.00,2,0
2026-06-12 20:22:55.680,0.00,0.00,0.00,0.00,2,0
2026-06-12 20:22:55.730,0.00,0.00,0.00,0.00,2,0
2026-06-12 20:22:55.782,0.00,0.00,0.00,0.00,2,0
2026-06-12 20:22:55.833,0.00,0.00,0.00,0.00,2,0
2026-06-12 20:22:55.882,0.00,0.00,0.00,0.00,2,0
2026-06-12 20:22:55.932,0.00,0.00,0.00,0.00,2,0
2026-06-12 20:22:55.982,0.00,0.00,0.00,0.00,2,0
2026-06-12 20:22:56.034,0.00,0.00,0.00,0.00,2,0
2026-06-12 20:22:56.083,0.00,0.00,0.00,0.00,2,0
2026-06-12 20:22:56.134,0.00,0.00,0.00,0.00,2,0
2026-06-12 20:22:56.184,0.00,0.00,0.00,0.00,2,0
2026-06-12 20:22:56.234,0.00,0.00,0.00,0.00,2,0
2026-06-12 20:22:56.285,0.00,0.00,0.00,0.00,2,0
2026-06-12 20:22:56.337,0.00,0.00,0.00,0.00,2,0
2026-06-12 20:22:56.386,0.00,0.00,0.00,0.00,2,0
2026-06-12 20:22:56.436,0.00,0.00,0.00,0.00,2,0
2026-06-12 20:22:56.486,0.00,0.00,0.00,0.00,2,0
2026-06-12 20:22:56.538,0.00,0.00,0.00,0.00,2,0
2026-06-12 20:22:56.588,0.00,0.00,0.00,0.00,2,0
2026-06-12 20:22:56.643,0.00,0.00,0.00,0.00,2,0
2026-06-12 20:22:56.688,0.00,0.00,0.00,0.00,2,0
2026-06-12 20:22:56.738,0.00,0.00,0.00,0.00,2,0
2026-06-12 20:22:56.793,0.00,0.00,0.00,0.00,2,0
2026-06-12 20:22:56.839,0.00,0.00,0.00,0.00,2,0
2026-06-12 20:22:56.891,0.00,0.00,0.00,0.00,2,0
2026-06-12 20:22:56.940,0.00,0.00,0.00,0.00,2,0
2026-06-12 20:22:56.990,0.00,0.00,0.00,0.00,2,0
2026-06-12 20:22:57.041,0.00,0.00,0.00,0.00,2,0
2026-06-12 20:22:57.091,0.00,0.00,0.00,0.00,2,0
2026-06-12 20:22:57.141,0.00,0.00,0.00,0.00,2,0
2026-06-12 20:22:57.192,0.00,0.00,0.00,0.00,2,0
2026-06-12 20:22:57.242,0.00,0.00,0.00,0.00,2,0
2026-06-12 20:22:57.293,0.00,0.00,0.00,0.00,2,0
2026-06-12 20:22:57.343,0.00,0.00,0.00,0.00,2,0
2026-06-12 20:22:57.393,0.00,0.00,0.00,0.00,2,0
2026-06-12 20:22:57.444,0.00,0.00,0.00,0.00,2,0
2026-06-12 20:22:57.494,0.00,0.00,0.00,0.00,2,0
2026-06-12 20:22:57.545,0.00,0.00,0.00,0.00,2,0
2026-06-12 20:22:57.595,0.00,0.00,0.00,0.00,2,0
2026-06-12 20:22:57.645,0.00,0.00,0.00,0.00,2,0
2026-06-12 20:22:57.696,0.00,0.00,0.00,0.00,2,0
2026-06-12 20:22:57.746,0.00,0.00,0.00,0.00,2,0
2026-06-12 20:22:57.797,0.00,0.00,0.00,0.00,2,0
2026-06-12 20:22:57.849,0.00,0.00,0.00,0.00,2,0
2026-06-12 20:22:57.897,0.00,0.00,0.00,0.00,2,0
2026-06-12 20:22:57.948,0.00,0.00,0.00,0.00,2,0
2026-06-12 20:22:57.998,0.00,0.00,0.00,0.00,2,0
2026-06-12 20:22:58.049,0.00,0.00,0.00,0.00,2,0
2026-06-12 20:22:58.099,0.00,0.00,0.00,0.00,2,0
2026-06-12 20:22:58.149,0.00,0.00,0.00,0.00,2,0
2026-06-12 20:22:58.200,0.00,0.00,0.00,0.00,2,0
2026-06-12 20:22:58.250,0.00,0.00,0.00,0.00,2,0
2026-06-12 20:22:58.302,0.00,0.00,0.00,0.00,2,0
2026-06-12 20:22:58.352,0.00,0.00,0.00,0.00,2,0
2026-06-12 20:22:58.401,0.00,0.00,0.00,0.00,2,0
2026-06-12 20:22:58.452,0.00,0.00,0.00,0.00,2,0
2026-06-12 20:22:58.502,0.00,0.00,0.00,0.00,2,0
2026-06-12 20:22:58.553,0.00,0.00,0.00,0.00,2,0
2026-06-12 20:22:58.603,0.00,0.00,0.00,0.00,2,0
2026-06-12 20:22:58.653,0.00,0.00,0.00,0.00,2,0
2026-06-12 20:22:58.705,0.00,0.00,0.00,0.00,2,0
2026-06-12 20:22:58.754,0.00,0.00,0.00,0.00,2,0
2026-06-12 20:22:58.805,0.00,0.00,0.00,0.00,2,0
2026-06-12 20:22:58.855,0.00,0.00,0.00,0.00,2,0
2026-06-12 20:22:58.905,0.00,0.00,0.00,0.00,2,0
2026-06-12 20:22:58.956,0.00,0.00,0.00,0.00,2,0
2026-06-12 20:22:59.006,0.00,0.00,0.00,0.00,2,0
2026-06-12 20:22:59.057,0.00,0.00,0.00,0.00,2,0
2026-06-12 20:22:59.107,0.00,0.00,0.00,0.00,2,0
2026-06-12 20:22:59.157,0.00,0.00,0.00,0.00,2,0
2026-06-12 20:22:59.208,0.00,0.00,0.00,0.00,2,0
2026-06-12 20:22:59.258,0.00,0.00,0.00,0.00,2,0
2026-06-12 20:22:59.309,0.00,0.00,0.00,0.00,2,0
2026-06-12 20:22:59.359,0.00,0.00,0.00,0.00,2,0
2026-06-12 20:22:59.409,0.00,0.00,0.00,0.00,2,0
2026-06-12 20:22:59.460,0.00,0.00,0.00,0.00,2,0
2026-06-12 20:22:59.510,0.00,0.00,0.00,0.00,2,0
2026-06-12 20:22:59.561,0.00,0.00,0.00,0.00,2,0
2026-06-12 20:22:59.611,0.00,0.00,0.00,0.00,2,0
2026-06-12 20:22:59.662,0.00,0.00,0.00,0.00,2,0
2026-06-12 20:22:59.712,0.00,0.00,0.00,0.00,2,0
2026-06-12 20:22:59.762,0.00,0.00,0.00,0.00,2,0
2026-06-12 20:22:59.813,0.00,0.00,0.00,0.00,2,0
2026-06-12 20:22:59.863,0.00,0.00,0.00,0.00,2,0
2026-06-12 20:22:59.913,0.00,0.00,0.00,0.00,2,0
2026-06-12 20:22:59.964,0.00,0.00,0.00,0.00,2,0
2026-06-12 20:23:00.014,0.00,0.00,0.00,0.00,2,0
2026-06-12 20:23:00.065,0.00,0.00,0.00,0.00,2,0
2026-06-12 20:23:00.115,0.00,0.00,0.00,0.00,2,0
2026-06-12 20:23:00.165,0.00,0.00,0.00,0.00,2,0
2026-06-12 20:23:00.216,0.00,0.00,0.00,0.00,2,0
2026-06-12 20:23:00.266,0.00,0.00,0.00,0.00,2,0
2026-06-12 20:23:00.322,0.00,0.00,0.00,0.00,2,0
2026-06-12 20:23:00.372,0.00,0.00,0.00,0.00,2,0
2026-06-12 20:23:00.418,0.00,0.00,0.00,0.00,2,0
2026-06-12 20:23:00.468,0.00,0.00,0.00,0.00,2,0
2026-06-12 20:23:00.518,0.00,0.00,0.00,0.00,2,0
2026-06-12 20:23:00.569,0.00,0.00,0.00,0.00,2,0
2026-06-12 20:23:00.619,0.00,0.00,0.00,0.00,2,0
2026-06-12 20:23:00.670,0.00,0.00,0.00,0.00,2,0
2026-06-12 20:23:00.720,0.00,0.00,0.00,0.00,2,0
2026-06-12 20:23:00.770,0.00,0.00,0.00,0.00,2,0
2026-06-12 20:23:00.821,0.00,0.00,0.00,0.00,2,0
2026-06-12 20:23:00.872,0.00,0.00,0.00,0.00,2,0
2026-06-12 20:23:00.922,0.00,0.00,0.00,0.00,2,0
2026-06-12 20:23:00.972,0.00,0.00,0.00,0.00,2,0
2026-06-12 20:23:01.023,0.00,0.00,0.00,0.00,2,0
2026-06-12 20:23:01.073,0.00,0.00,0.00,0.00,2,0
2026-06-12 20:23:01.124,0.00,0.00,0.00,0.00,2,0
2026-06-12 20:23:01.173,0.00,0.00,0.00,0.00,2,0
2026-06-12 20:23:01.224,0.00,0.00,0.00,0.00,2,0
2026-06-12 20:23:01.274,0.00,0.00,0.00,0.00,2,0
2026-06-12 20:23:01.325,0.00,0.00,0.00,0.00,2,0
2026-06-12 20:23:01.375,0.00,0.00,0.00,0.00,2,0
2026-06-12 20:23:01.425,0.00,0.00,0.00,0.00,2,0
2026-06-12 20:23:01.476,0.00,0.00,0.00,0.00,2,0
2026-06-12 20:23:01.526,0.00,0.00,0.00,0.00,2,0
2026-06-12 20:23:01.577,0.00,0.00,0.00,0.00,2,0
2026-06-12 20:23:01.627,0.00,0.00,0.00,0.00,2,0
2026-06-12 20:23:01.677,0.00,0.00,0.00,0.00,2,0
2026-06-12 20:23:01.728,0.00,0.00,0.00,0.00,2,0
2026-06-12 20:23:01.778,0.00,0.00,0.00,0.00,2,0
2026-06-12 20:23:01.829,0.00,0.00,0.00,0.00,2,0
2026-06-12 20:23:01.879,0.00,0.00,0.00,0.00,2,0
2026-06-12 20:23:01.929,0.00,0.00,0.00,0.00,2,0
2026-06-12 20:23:01.980,0.00,0.00,0.00,0.00,2,0
2026-06-12 20:23:02.030,0.00,0.00,0.00,0.00,2,0
2026-06-12 20:23:02.081,0.00,0.00,0.00,0.00,2,0
2026-06-12 20:23:02.132,0.00,0.00,0.00,0.00,2,0
2026-06-12 20:23:02.182,0.00,0.00,0.00,0.00,2,0
2026-06-12 20:23:02.232,0.00,0.00,0.00,0.00,2,0
2026-06-12 20:23:02.282,0.00,0.00,0.00,0.00,2,0
2026-06-12 20:23:02.333,0.00,0.00,0.00,0.00,2,0
2026-06-12 20:23:02.383,0.00,0.00,0.00,0.00,2,0
2026-06-12 20:23:02.433,0.00,0.00,0.00,0.00,2,0
2026-06-12 20:23:02.484,0.00,0.00,0.00,0.00,2,0
2026-06-12 20:23:02.534,0.00,0.00,0.00,0.00,2,0
2026-06-12 20:23:02.585,0.00,0.00,0.00,0.00,2,0
2026-06-12 20:23:02.636,0.00,0.00,0.00,0.00,2,0
2026-06-12 20:23:02.687,0.00,0.00,0.00,0.00,2,0
2026-06-12 20:23:02.736,0.00,0.00,0.00,0.00,2,0
2026-06-12 20:23:02.786,0.00,0.00,0.00,0.00,2,0
2026-06-12 20:23:02.837,0.00,0.00,0.00,0.00,2,0
2026-06-12 20:23:02.887,0.00,0.00,0.00,0.00,2,0
2026-06-12 20:23:02.937,0.00,0.00,0.00,0.00,2,0
2026-06-12 20:23:02.988,0.00,0.00,0.00,0.00,2,0
2026-06-12 20:23:03.038,0.00,0.00,0.00,0.00,2,0
2026-06-12 20:23:03.089,0.00,0.00,0.00,0.00,2,0
2026-06-12 20:23:03.139,0.00,0.00,0.00,0.00,2,0
2026-06-12 20:23:03.189,0.00,0.00,0.00,0.00,2,0
2026-06-12 20:23:03.240,0.00,0.00,0.00,0.00,2,0
2026-06-12 20:23:03.291,0.00,0.00,0.00,0.00,2,0
2026-06-12 20:23:03.341,0.00,0.00,0.00,0.00,2,0
2026-06-12 20:23:03.396,0.00,0.00,0.00,0.00,2,0
2026-06-12 20:23:03.443,0.00,0.00,0.00,0.00,2,0
2026-06-12 20:23:03.492,0.00,0.00,0.00,0.00,2,0
2026-06-12 20:23:03.542,0.00,0.00,0.00,0.00,2,0
2026-06-12 20:23:03.592,0.00,0.00,0.00,0.00,2,0
2026-06-12 20:23:03.643,0.00,0.00,0.00,0.00,2,0
2026-06-12 20:23:03.693,0.00,0.00,0.00,0.00,2,0
2026-06-12 20:23:03.744,0.00,0.00,0.00,0.00,2,0
2026-06-12 20:23:03.794,0.00,0.00,0.00,0.00,2,0
2026-06-12 20:23:03.845,0.00,0.00,0.00,0.00,2,0
2026-06-12 20:23:03.895,0.00,0.00,0.00,0.00,2,0
2026-06-12 20:23:03.945,0.00,0.00,0.00,0.00,2,0
2026-06-12 20:23:03.996,0.00,0.00,0.00,0.00,2,0
2026-06-12 20:23:04.047,0.00,0.00,0.00,0.00,2,0
2026-06-12 20:23:04.097,0.00,0.00,0.00,0.00,2,0
2026-06-12 20:23:04.147,0.00,0.00,0.00,0.00,2,0
2026-06-12 20:23:04.197,0.00,0.00,0.00,0.00,2,0
2026-06-12 20:23:04.248,0.00,0.00,0.00,0.00,2,0
2026-06-12 20:23:04.298,0.00,0.00,0.00,0.00,2,0
2026-06-12 20:23:04.349,0.00,0.00,0.00,0.00,2,0
2026-06-12 20:23:04.399,0.00,0.00,0.00,0.00,2,0
2026-06-12 20:23:04.451,0.00,0.00,0.00,0.00,2,0
2026-06-12 20:23:04.500,0.00,0.00,0.00,0.00,2,0
2026-06-12 20:23:04.550,0.00,0.00,0.00,0.00,2,0
2026-06-12 20:23:04.601,0.00,0.00,0.00,0.00,2,0
2026-06-12 20:23:04.651,0.00,0.00,0.00,0.00,2,0
2026-06-12 20:23:04.701,0.00,0.00,0.00,0.00,2,0
2026-06-12 20:23:04.752,0.00,0.00,0.00,0.00,2,0
2026-06-12 20:23:04.802,0.00,0.00,0.00,0.00,2,0
2026-06-12 20:23:04.853,0.00,0.00,0.00,0.00,2,0
2026-06-12 20:23:04.903,0.00,0.00,0.00,0.00,2,0
2026-06-12 20:23:04.953,0.00,0.00,0.00,0.00,2,0
2026-06-12 20:23:05.004,0.00,0.00,0.00,0.00,2,0
2026-06-12 20:23:05.054,0.00,0.00,0.00,0.00,2,0
2026-06-12 20:23:05.104,0.00,0.00,0.00,0.00,2,0
2026-06-12 20:23:05.156,0.00,0.00,0.00,0.00,2,0
2026-06-12 20:23:05.205,0.00,0.00,0.00,0.00,2,0
2026-06-12 20:23:05.256,0.00,0.00,0.00,0.00,2,0
2026-06-12 20:23:05.306,0.00,0.00,0.00,0.00,2,0
2026-06-12 20:23:05.357,0.00,0.00,0.00,0.00,2,0
2026-06-12 20:23:05.416,0.00,0.00,0.00,0.00,2,0
2026-06-12 20:23:05.457,0.00,0.00,0.00,0.00,2,0
2026-06-12 20:23:05.508,0.00,0.00,0.00,0.00,2,0
2026-06-12 20:23:05.558,0.00,0.00,0.00,0.00,2,0
2026-06-12 20:23:05.608,0.00,0.00,0.00,0.00,2,0
2026-06-12 20:23:05.659,0.00,0.00,0.00,0.00,2,0
2026-06-12 20:23:05.709,0.00,0.00,0.00,0.00,2,0
2026-06-12 20:23:05.760,0.00,0.00,0.00,0.00,2,0
2026-06-12 20:23:05.810,0.00,0.00,0.00,0.00,2,0
2026-06-12 20:23:05.861,0.00,0.00,0.00,0.00,2,0
2026-06-12 20:23:05.912,0.00,0.00,0.00,0.00,2,0
2026-06-12 20:23:05.962,0.00,0.00,0.00,0.00,2,0
2026-06-12 20:23:06.012,0.00,0.00,0.00,0.00,2,0
2026-06-12 20:23:06.062,0.00,0.00,0.00,0.00,2,0
2026-06-12 20:23:06.112,0.00,0.00,0.00,0.00,2,0
2026-06-12 20:23:06.163,0.00,0.00,0.00,0.00,2,0
2026-06-12 20:23:06.214,0.00,0.00,0.00,0.00,2,0
2026-06-12 20:23:06.264,0.00,0.00,0.00,0.00,2,0
2026-06-12 20:23:06.314,0.00,0.00,0.00,0.00,2,0
2026-06-12 20:23:06.364,0.00,0.00,0.00,0.00,2,0
2026-06-12 20:23:06.415,0.00,0.00,0.00,0.00,2,0
2026-06-12 20:23:06.468,0.00,0.00,0.00,0.00,2,0
2026-06-12 20:23:06.516,0.00,0.00,0.00,0.00,2,0
2026-06-12 20:23:06.566,0.00,0.00,0.00,0.00,2,0
2026-06-12 20:23:06.617,0.00,0.00,0.00,0.00,2,0
2026-06-12 20:23:06.667,0.00,0.00,0.00,0.00,2,0
2026-06-12 20:23:06.717,0.00,0.00,0.00,0.00,2,0
2026-06-12 20:23:06.768,0.00,0.00,0.00,0.00,2,0
2026-06-12 20:23:06.818,0.00,0.00,0.00,0.00,2,0
2026-06-12 20:23:06.869,0.00,0.00,0.00,0.00,2,0
2026-06-12 20:23:06.919,0.00,0.00,0.00,0.00,2,0
2026-06-12 20:23:06.969,0.00,0.00,0.00,0.00,2,0
2026-06-12 20:23:07.020,0.00,0.00,0.00,0.00,2,0
2026-06-12 20:23:07.070,0.00,0.00,0.00,0.00,2,0
2026-06-12 20:23:07.121,0.00,0.00,0.00,0.00,2,0
2026-06-12 20:23:07.171,0.00,0.00,0.00,0.00,2,0
2026-06-12 20:23:07.221,0.00,0.00,0.00,0.00,2,0
2026-06-12 20:23:07.272,0.00,0.00,0.00,0.00,2,0
2026-06-12 20:23:07.322,0.00,0.00,0.00,0.00,2,0
2026-06-12 20:23:07.372,0.00,0.00,0.00,0.00,2,0
2026-06-12 20:23:07.423,0.00,0.00,0.00,0.00,2,0
2026-06-12 20:23:07.473,0.00,0.00,0.00,0.00,2,0
2026-06-12 20:23:07.524,0.00,0.00,0.00,0.00,2,0
2026-06-12 20:23:07.574,0.00,0.00,0.00,0.00,2,0
2026-06-12 20:23:07.625,0.00,0.00,0.00,0.00,2,0
2026-06-12 20:23:07.675,0.00,0.00,0.00,0.00,2,0
2026-06-12 20:23:07.725,0.00,0.00,0.00,0.00,2,0
2026-06-12 20:23:07.776,0.00,0.00,0.00,0.00,2,0
2026-06-12 20:23:07.826,0.00,0.00,0.00,0.00,2,0
2026-06-12 20:23:07.876,0.00,0.00,0.00,0.00,2,0
2026-06-12 20:23:07.927,0.00,0.00,0.00,0.00,2,0
2026-06-12 20:23:07.977,0.00,0.00,0.00,0.00,2,0
2026-06-12 20:23:08.028,0.00,0.00,0.00,0.00,2,0
2026-06-12 20:23:08.080,0.00,0.00,0.00,0.00,2,0
2026-06-12 20:23:08.128,0.00,0.00,0.00,0.00,2,0
2026-06-12 20:23:08.179,0.00,0.00,0.00,0.00,2,0
2026-06-12 20:23:08.230,0.00,0.00,0.00,0.00,2,0
2026-06-12 20:23:08.280,0.00,0.00,0.00,0.00,2,0
2026-06-12 20:23:08.332,0.00,0.00,0.00,0.00,2,0
2026-06-12 20:23:08.380,0.00,0.00,0.00,0.00,2,0
2026-06-12 20:23:08.431,0.00,0.00,0.00,0.00,2,0
2026-06-12 20:23:08.481,0.00,0.00,0.00,0.00,2,0
2026-06-12 20:23:08.532,0.00,0.00,0.00,0.00,2,0
2026-06-12 20:23:08.582,0.00,0.00,0.00,0.00,2,0
2026-06-12 20:23:08.633,0.00,0.00,0.00,0.00,2,0
2026-06-12 20:23:08.683,0.00,0.00,0.00,0.00,2,0
2026-06-12 20:23:08.733,0.00,0.00,0.00,0.00,2,0
2026-06-12 20:23:08.784,0.00,0.00,0.00,0.00,2,0
2026-06-12 20:23:08.834,0.00,0.00,0.00,0.00,2,0
2026-06-12 20:23:08.884,0.00,0.00,0.00,0.00,2,0
2026-06-12 20:23:08.935,0.00,0.00,0.00,0.00,2,0
2026-06-12 20:23:08.985,0.00,0.00,0.00,0.00,2,0
2026-06-12 20:23:09.036,0.00,0.00,0.00,0.00,2,0
2026-06-12 20:23:09.086,0.00,0.00,0.00,0.00,2,0
2026-06-12 20:23:09.136,0.00,0.00,0.00,0.00,2,0
2026-06-12 20:23:09.187,0.00,0.00,0.00,0.00,2,0
2026-06-12 20:23:09.237,0.00,0.00,0.00,0.00,2,0
2026-06-12 20:23:09.288,0.00,0.00,0.00,0.00,2,0
2026-06-12 20:23:09.338,0.00,0.00,0.00,0.00,2,0
2026-06-12 20:23:09.388,0.00,0.00,0.00,0.00,2,0
2026-06-12 20:23:09.439,0.00,0.00,0.00,0.00,2,0
2026-06-12 20:23:09.489,0.00,0.00,0.00,0.00,2,0
2026-06-12 20:23:09.540,0.00,0.00,0.00,0.00,2,0
2026-06-12 20:23:09.590,0.00,0.00,0.00,0.00,2,0
2026-06-12 20:23:09.640,0.00,0.00,0.00,0.00,2,0
2026-06-12 20:23:09.691,0.00,0.00,0.00,0.00,2,0
2026-06-12 20:23:09.741,0.00,0.00,0.00,0.00,2,0
2026-06-12 20:23:09.792,0.00,0.00,0.00,0.00,2,0
2026-06-12 20:23:09.842,0.00,0.00,0.00,0.00,2,0
2026-06-12 20:23:09.892,0.00,0.00,0.00,0.00,2,0
2026-06-12 20:23:09.943,0.00,0.00,0.00,0.00,2,0
2026-06-12 20:23:09.993,0.00,0.00,0.00,0.00,2,0
2026-06-12 20:23:10.044,0.00,0.00,0.00,0.00,2,0
2026-06-12 20:23:10.094,0.00,0.00,0.00,0.00,2,0
2026-06-12 20:23:10.145,0.00,0.00,0.00,0.00,2,0
2026-06-12 20:23:10.195,0.00,0.00,0.00,0.00,2,0
2026-06-12 20:23:10.245,0.00,0.00,0.00,0.00,2,0
2026-06-12 20:23:10.296,0.00,0.00,0.00,0.00,2,0
2026-06-12 20:23:10.346,0.00,0.00,0.00,0.00,2,0
2026-06-12 20:23:10.396,0.00,0.00,0.00,0.00,2,0
2026-06-12 20:23:10.447,0.00,0.00,0.00,0.00,2,0
2026-06-12 20:23:10.497,0.00,0.00,0.00,0.00,2,0
2026-06-12 20:23:10.548,0.00,0.00,0.00,0.00,2,0
2026-06-12 20:23:10.598,0.00,0.00,0.00,0.00,2,0
2026-06-12 20:23:10.648,0.00,0.00,0.00,0.00,2,0
2026-06-12 20:23:10.699,0.00,0.00,0.00,0.00,2,0
2026-06-12 20:23:10.749,0.00,0.00,0.00,0.00,2,0
2026-06-12 20:23:10.800,0.00,0.00,0.00,0.00,2,0
2026-06-12 20:23:10.850,0.00,0.00,0.00,0.00,2,0
2026-06-12 20:23:10.900,0.00,0.00,0.00,0.00,2,0
2026-06-12 20:23:10.951,0.00,0.00,0.00,0.00,2,0
2026-06-12 20:23:11.002,0.00,0.00,0.00,0.00,2,0
2026-06-12 20:23:11.052,0.00,0.00,0.00,0.00,2,0
2026-06-12 20:23:11.103,0.00,0.00,0.00,0.00,2,0
2026-06-12 20:23:11.152,0.00,0.00,0.00,0.00,2,0
2026-06-12 20:23:11.203,0.00,0.00,0.00,0.00,2,0
2026-06-12 20:23:11.253,0.00,0.00,0.00,0.00,2,0
2026-06-12 20:23:11.304,0.00,0.00,0.00,0.00,2,0
2026-06-12 20:23:11.354,0.00,0.00,0.00,0.00,2,0
2026-06-12 20:23:11.404,0.00,0.00,0.00,0.00,2,0
2026-06-12 20:23:11.455,0.00,0.00,0.00,0.00,2,0
2026-06-12 20:23:11.505,0.00,0.00,0.00,0.00,2,0
2026-06-12 20:23:11.556,0.00,0.00,0.00,0.00,2,0
2026-06-12 20:23:11.606,0.00,0.00,0.00,0.00,2,0
2026-06-12 20:23:11.656,0.00,0.00,0.00,0.00,2,0
2026-06-12 20:23:11.707,0.00,0.00,0.00,0.00,2,0
2026-06-12 20:23:11.757,0.00,0.00,0.00,0.00,2,0
2026-06-12 20:23:11.808,0.00,0.00,0.00,0.00,2,0
2026-06-12 20:23:11.858,0.00,0.00,0.00,0.00,2,0
2026-06-12 20:23:11.912,0.00,0.00,0.00,0.00,2,0
2026-06-12 20:23:11.961,0.00,0.00,0.00,0.00,2,0
2026-06-12 20:23:12.009,0.00,0.00,0.00,0.00,2,0
2026-06-12 20:23:12.059,0.00,0.00,0.00,0.00,2,0
2026-06-12 20:23:12.110,0.00,0.00,0.00,0.00,2,0
2026-06-12 20:23:12.160,0.00,0.00,0.00,0.00,2,0
2026-06-12 20:23:12.212,0.00,0.00,0.00,0.00,2,0
2026-06-12 20:23:12.262,0.00,0.00,0.00,0.00,2,0
2026-06-12 20:23:12.314,0.00,0.00,0.00,0.00,2,0
2026-06-12 20:23:12.362,0.00,0.00,0.00,0.00,2,0
2026-06-12 20:23:12.412,0.00,0.00,0.00,0.00,2,0
2026-06-12 20:23:12.463,0.00,0.00,0.00,0.00,2,0
2026-06-12 20:23:12.513,0.00,0.00,0.00,0.00,2,0
2026-06-12 20:23:12.563,0.00,0.00,0.00,0.00,2,0
2026-06-12 20:23:12.614,0.00,0.00,0.00,0.00,2,0
2026-06-12 20:23:12.664,0.00,0.00,0.00,0.00,2,0
2026-06-12 20:23:12.715,0.00,0.00,0.00,0.00,2,0
2026-06-12 20:23:12.766,0.00,0.00,0.00,0.00,2,0
2026-06-12 20:23:12.816,0.00,0.00,0.00,0.00,2,0
2026-06-12 20:23:12.867,0.00,0.00,0.00,0.00,2,0
2026-06-12 20:23:12.916,0.00,0.00,0.00,0.00,2,0
2026-06-12 20:23:12.967,0.00,0.00,0.00,0.00,2,0
2026-06-12 20:23:13.017,0.00,0.00,0.00,0.00,2,0
2026-06-12 20:23:13.068,0.00,0.00,0.00,0.00,2,0
2026-06-12 20:23:13.118,0.00,0.00,0.00,0.00,2,0
2026-06-12 20:23:13.168,0.00,0.00,0.00,0.00,2,0
2026-06-12 20:23:13.219,0.00,0.00,0.00,0.00,2,0
2026-06-12 20:23:13.269,0.00,0.00,0.00,0.00,2,0
2026-06-12 20:23:13.320,0.00,0.00,0.00,0.00,2,0
2026-06-12 20:23:13.370,0.00,0.00,0.00,0.00,2,0
2026-06-12 20:23:13.420,0.00,0.00,0.00,0.00,2,0
2026-06-12 20:23:13.471,0.00,0.00,0.00,0.00,2,0
2026-06-12 20:23:13.521,0.00,0.00,0.00,0.00,2,0
2026-06-12 20:23:13.572,0.00,0.00,0.00,0.00,2,0
2026-06-12 20:23:13.622,0.00,0.00,0.00,0.00,2,0
2026-06-12 20:23:13.672,0.00,0.00,0.00,0.00,2,0
2026-06-12 20:23:13.724,0.00,0.00,0.00,0.00,2,0
2026-06-12 20:23:13.773,0.00,0.00,0.00,0.00,2,0
2026-06-12 20:23:13.824,0.00,0.00,0.00,0.00,2,0
2026-06-12 20:23:13.874,0.00,0.00,0.00,0.00,2,0
2026-06-12 20:23:13.925,0.00,0.00,0.00,0.00,2,0
2026-06-12 20:23:13.975,0.00,0.00,0.00,0.00,2,0
2026-06-12 20:23:14.029,0.00,0.00,0.00,0.00,2,0
2026-06-12 20:23:14.075,0.00,0.00,0.00,0.00,2,0
2026-06-12 20:23:14.126,0.00,0.00,0.00,0.00,2,0
2026-06-12 20:23:14.176,0.00,0.00,0.00,0.00,2,0
2026-06-12 20:23:14.227,0.00,0.00,0.00,0.00,2,0
2026-06-12 20:23:14.277,0.00,0.00,0.00,0.00,2,0
2026-06-12 20:23:14.329,0.00,0.00,0.00,0.00,2,0
2026-06-12 20:23:14.378,0.00,0.00,0.00,0.00,2,0
2026-06-12 20:23:14.428,0.00,0.00,0.00,0.00,2,0
2026-06-12 20:23:14.479,0.00,0.00,0.00,0.00,2,0
2026-06-12 20:23:14.529,0.00,0.00,0.00,0.00,2,0
2026-06-12 20:23:14.579,0.00,0.00,0.00,0.00,2,0
2026-06-12 20:23:14.630,0.00,0.00,0.00,0.00,2,0
2026-06-12 20:23:14.680,0.00,0.00,0.00,0.00,2,0
2026-06-12 20:23:14.731,0.00,0.00,0.00,0.00,2,0
2026-06-12 20:23:14.781,0.00,0.00,0.00,0.00,2,0
2026-06-12 20:23:14.832,0.00,0.00,0.00,0.00,2,0
2026-06-12 20:23:14.882,0.00,0.00,0.00,0.00,2,0
2026-06-12 20:23:14.932,0.00,0.00,0.00,0.00,2,0
2026-06-12 20:23:14.983,0.00,0.00,0.00,0.00,2,0
2026-06-12 20:23:15.033,0.00,0.00,0.00,0.00,2,0
2026-06-12 20:23:15.084,0.00,0.00,0.00,0.00,2,0
2026-06-12 20:23:15.134,0.00,0.00,0.00,0.00,2,0
2026-06-12 20:23:15.186,0.00,0.00,0.00,0.00,2,0
2026-06-12 20:23:15.235,0.00,0.00,0.00,0.00,2,0
2026-06-12 20:23:15.286,0.00,0.00,0.00,0.00,2,0
2026-06-12 20:23:15.336,0.00,0.00,0.00,0.00,2,0
2026-06-12 20:23:15.386,0.00,0.00,0.00,0.00,2,0
2026-06-12 20:23:15.436,0.00,0.00,0.00,0.00,2,0
2026-06-12 20:23:15.487,0.00,0.00,0.00,0.00,2,0
2026-06-12 20:23:15.537,0.00,0.00,0.00,0.00,2,0
2026-06-12 20:23:15.587,0.00,0.00,0.00,0.00,2,0
2026-06-12 20:23:15.638,0.00,0.00,0.00,0.00,2,0
2026-06-12 20:23:15.688,0.00,0.00,0.00,0.00,2,0
2026-06-12 20:23:15.739,0.00,0.00,0.00,0.00,2,0
2026-06-12 20:23:15.789,0.00,0.00,0.00,0.00,2,0
2026-06-12 20:23:15.839,0.00,0.00,0.00,0.00,2,0
2026-06-12 20:23:15.890,0.00,0.00,0.00,0.00,2,0
2026-06-12 20:23:15.940,0.00,0.00,0.00,0.00,2,0
2026-06-12 20:23:15.991,0.00,0.00,0.00,0.00,2,0
2026-06-12 20:23:16.042,0.00,0.00,0.00,0.00,2,0
2026-06-12 20:23:16.092,0.00,0.00,0.00,0.00,2,0
2026-06-12 20:23:16.142,0.00,0.00,0.00,0.00,2,0
2026-06-12 20:23:16.192,0.00,0.00,0.00,0.00,2,0
2026-06-12 20:23:16.243,0.00,0.00,0.00,0.00,2,0
2026-06-12 20:23:16.293,0.00,0.00,0.00,0.00,2,0
2026-06-12 20:23:16.343,0.00,0.00,0.00,0.00,2,0
2026-06-12 20:23:16.394,0.00,0.00,0.00,0.00,2,0
2026-06-12 20:23:16.444,0.00,0.00,0.00,0.00,2,0
2026-06-12 20:23:16.495,0.00,0.00,0.00,0.00,2,0
2026-06-12 20:23:16.545,0.00,0.00,0.00,0.00,2,0
2026-06-12 20:23:16.595,0.00,0.00,0.00,0.00,2,0
2026-06-12 20:23:16.646,0.00,0.00,0.00,0.00,2,0
2026-06-12 20:23:16.696,0.00,0.00,0.00,0.00,2,0
2026-06-12 20:23:16.747,0.00,0.00,0.00,0.00,2,0
2026-06-12 20:23:16.797,0.00,0.00,0.00,0.00,2,0
2026-06-12 20:23:16.847,0.00,0.00,0.00,0.00,2,0
2026-06-12 20:23:16.899,0.00,0.00,0.00,0.00,2,0
2026-06-12 20:23:16.948,0.00,0.00,0.00,0.00,2,0
2026-06-12 20:23:16.999,0.00,0.00,0.00,0.00,2,0
2026-06-12 20:23:17.049,0.00,0.00,0.00,0.00,2,0
2026-06-12 20:23:17.100,0.00,0.00,0.00,0.00,2,0
2026-06-12 20:23:17.150,0.00,0.00,0.00,0.00,2,0
2026-06-12 20:23:17.200,0.00,0.00,0.00,0.00,2,0
2026-06-12 20:23:17.251,0.00,0.00,0.00,0.00,2,0
2026-06-12 20:23:17.302,0.00,0.00,0.00,0.00,2,0
2026-06-12 20:23:17.352,0.00,0.00,0.00,0.00,2,0
2026-06-12 20:23:17.402,0.00,0.00,0.00,0.00,2,0
2026-06-12 20:23:17.452,0.00,0.00,0.00,0.00,2,0
2026-06-12 20:23:17.508,0.00,0.00,0.00,0.00,2,0
2026-06-12 20:23:17.553,0.00,0.00,0.00,0.00,2,0
2026-06-12 20:23:17.604,0.00,0.00,0.00,0.00,2,0
2026-06-12 20:23:17.654,0.00,0.00,0.00,0.00,2,0
2026-06-12 20:23:17.704,0.00,0.00,0.00,0.00,2,0
2026-06-12 20:23:17.755,0.00,0.00,0.00,0.00,2,0
2026-06-12 20:23:17.805,0.00,0.00,0.00,0.00,2,0
2026-06-12 20:23:17.855,0.00,0.00,0.00,0.00,2,0
2026-06-12 20:23:17.906,0.00,0.00,0.00,0.00,2,0
2026-06-12 20:23:17.956,0.00,0.00,0.00,0.00,2,0
2026-06-12 20:23:18.007,0.00,0.00,0.00,0.00,2,0
2026-06-12 20:23:18.057,0.00,0.00,0.00,0.00,2,0
2026-06-12 20:23:18.107,0.00,0.00,0.00,0.00,2,0
2026-06-12 20:23:18.158,0.00,0.00,0.00,0.00,2,0
2026-06-12 20:23:18.208,0.00,0.00,0.00,0.00,2,0
2026-06-12 20:23:18.260,0.00,0.00,0.00,0.00,2,0
2026-06-12 20:23:18.309,0.00,0.00,0.00,0.00,2,0
2026-06-12 20:23:18.359,0.00,0.00,0.00,0.00,2,0
2026-06-12 20:23:18.410,0.00,0.00,0.00,0.00,2,0
2026-06-12 20:23:18.460,0.00,0.00,0.00,0.00,2,0
2026-06-12 20:23:18.510,0.00,0.00,0.00,0.00,2,0
2026-06-12 20:23:18.561,0.00,0.00,0.00,0.00,2,0
2026-06-12 20:23:18.612,0.00,0.00,0.00,0.00,2,0
2026-06-12 20:23:18.662,0.00,0.00,0.00,0.00,2,0
2026-06-12 20:23:18.712,0.00,0.00,0.00,0.00,2,0
2026-06-12 20:23:18.763,0.00,0.00,0.00,0.00,2,0
2026-06-12 20:23:18.813,0.00,0.00,0.00,0.00,2,0
2026-06-12 20:23:18.863,0.00,0.00,0.00,0.00,2,0
2026-06-12 20:23:18.914,0.00,0.00,0.00,0.00,2,0
2026-06-12 20:23:18.964,0.00,0.00,0.00,0.00,2,0
2026-06-12 20:23:19.015,0.00,0.00,0.00,0.00,2,0
2026-06-12 20:23:19.065,0.00,0.00,0.00,0.00,2,0
2026-06-12 20:23:19.115,0.00,0.00,0.00,0.00,2,0
2026-06-12 20:23:19.166,0.00,0.00,0.00,0.00,2,0
2026-06-12 20:23:19.216,0.00,0.00,0.00,0.00,2,0
2026-06-12 20:23:19.267,0.00,0.00,0.00,0.00,2,0
2026-06-12 20:23:19.317,0.00,0.00,0.00,0.00,2,0
2026-06-12 20:23:19.369,0.00,0.00,0.00,0.00,2,0
2026-06-12 20:23:19.418,0.00,0.00,0.00,0.00,2,0
2026-06-12 20:23:19.469,0.00,0.00,0.00,0.00,2,0
2026-06-12 20:23:19.519,0.00,0.00,0.00,0.00,2,0
2026-06-12 20:23:19.569,0.00,0.00,0.00,0.00,2,0
2026-06-12 20:23:19.619,0.00,0.00,0.00,0.00,2,0
2026-06-12 20:23:19.670,0.00,0.00,0.00,0.00,2,0
2026-06-12 20:23:19.720,0.00,0.00,0.00,0.00,2,0
2026-06-12 20:23:19.771,0.00,0.00,0.00,0.00,2,0
2026-06-12 20:23:19.822,0.00,0.00,0.00,0.00,2,0
2026-06-12 20:23:19.872,0.00,0.00,0.00,0.00,2,0
2026-06-12 20:23:19.922,0.00,0.00,0.00,0.00,2,0
2026-06-12 20:23:19.972,0.00,0.00,0.00,0.00,2,0
2026-06-12 20:23:20.025,0.00,0.00,0.00,0.00,2,0
2026-06-12 20:23:20.073,0.00,0.00,0.00,0.00,2,0
2026-06-12 20:23:20.124,0.00,0.00,0.00,0.00,2,0
2026-06-12 20:23:20.176,0.00,0.00,0.00,0.00,2,0
2026-06-12 20:23:20.224,0.00,0.00,0.00,0.00,2,0
2026-06-12 20:23:20.275,0.00,0.00,0.00,0.00,2,0
2026-06-12 20:23:20.326,0.00,0.00,0.00,0.00,2,0
2026-06-12 20:23:20.375,0.03,0.00,0.00,0.00,2,0
2026-06-12 20:23:20.431,0.03,0.00,0.90,0.27,2,0
2026-06-12 20:23:20.476,0.03,0.00,0.90,0.27,2,0
2026-06-12 20:23:20.527,0.03,0.00,0.90,0.27,2,0
2026-06-12 20:23:20.577,0.03,0.00,0.90,0.27,2,0
2026-06-12 20:23:20.627,0.03,0.00,0.90,0.27,2,0
2026-06-12 20:23:20.678,0.03,0.00,0.90,0.27,2,0
2026-06-12 20:23:20.728,0.03,0.00,0.90,0.27,2,0
2026-06-12 20:23:20.781,0.03,0.00,0.90,0.27,2,0
2026-06-12 20:23:20.829,0.03,0.00,0.90,0.27,2,0
2026-06-12 20:23:20.879,0.05,0.00,0.90,0.27,2,0
2026-06-12 20:23:20.930,0.05,0.00,0.94,0.47,2,0
2026-06-12 20:23:20.980,0.05,0.00,0.94,0.47,2,0
2026-06-12 20:23:21.031,0.05,0.00,0.94,0.47,2,0
2026-06-12 20:23:21.081,0.05,0.00,0.94,0.47,2,0
2026-06-12 20:23:21.131,0.07,0.00,0.94,0.47,2,0
2026-06-12 20:23:21.182,0.07,0.00,1.00,0.63,2,0
2026-06-12 20:23:21.232,0.07,0.00,1.00,0.63,2,0
2026-06-12 20:23:21.284,0.07,0.00,1.00,0.63,2,0
2026-06-12 20:23:21.333,0.08,0.01,1.00,0.63,2,0
2026-06-12 20:23:21.383,0.08,0.01,0.99,0.74,2,0
2026-06-12 20:23:21.434,0.08,0.01,0.99,0.74,2,0
2026-06-12 20:23:21.484,0.08,0.01,0.99,0.74,2,0
2026-06-12 20:23:21.535,0.94,0.21,0.99,0.74,2,0
2026-06-12 20:23:21.588,0.94,0.21,26.81,8.56,2,0
2026-06-12 20:23:21.635,0.94,0.21,26.81,8.56,2,0
2026-06-12 20:23:21.686,1.87,0.43,26.81,8.56,2,0
2026-06-12 20:23:21.736,1.87,0.43,36.50,16.94,2,0
2026-06-12 20:23:21.787,1.87,0.43,36.50,16.94,2,0
2026-06-12 20:23:21.837,2.66,0.56,36.50,16.94,2,0
2026-06-12 20:23:21.887,2.66,0.56,41.05,24.17,2,0
2026-06-12 20:23:21.938,2.66,0.56,41.05,24.17,2,0
2026-06-12 20:23:21.988,2.66,0.56,41.05,24.17,2,0
2026-06-12 20:23:22.039,3.24,0.59,41.05,24.17,2,0
2026-06-12 20:23:22.089,3.24,0.59,41.66,29.42,2,0
2026-06-12 20:23:22.139,3.24,0.59,41.66,29.42,2,0
2026-06-12 20:23:22.190,3.24,0.59,41.66,29.42,2,0
2026-06-12 20:23:22.240,3.24,0.59,41.66,29.42,2,0
2026-06-12 20:23:22.291,3.24,0.59,41.66,29.42,2,0
2026-06-12 20:23:22.342,3.51,0.54,41.66,29.42,2,0
2026-06-12 20:23:22.392,3.51,0.54,37.56,31.86,2,0
2026-06-12 20:23:22.442,3.51,0.54,37.56,31.86,2,0
2026-06-12 20:23:22.492,3.51,0.54,37.56,31.86,2,0
2026-06-12 20:23:22.543,3.51,0.54,37.56,31.86,2,0
2026-06-12 20:23:22.593,3.51,0.54,37.56,31.86,2,0
2026-06-12 20:23:22.643,3.51,0.54,37.56,31.86,2,0
2026-06-12 20:23:22.694,3.51,0.54,37.56,31.86,2,0
2026-06-12 20:23:22.744,3.51,0.54,37.56,31.86,2,0
2026-06-12 20:23:22.795,3.51,0.54,37.56,31.86,2,0
2026-06-12 20:23:22.845,3.51,0.54,37.56,31.86,2,0
2026-06-12 20:23:22.896,3.51,0.54,37.56,31.86,2,0
2026-06-12 20:23:22.946,3.51,0.54,37.56,31.86,2,0
2026-06-12 20:23:22.996,3.51,0.54,37.56,31.86,2,0
2026-06-12 20:23:23.047,3.51,0.54,37.56,31.86,2,0
2026-06-12 20:23:23.101,3.51,0.54,37.56,31.86,2,0
2026-06-12 20:23:23.148,3.51,0.54,37.56,31.86,2,0
2026-06-12 20:23:23.198,3.51,0.54,37.56,31.86,2,0
2026-06-12 20:23:23.248,3.51,0.54,37.56,31.86,2,0
2026-06-12 20:23:23.299,3.51,0.54,37.56,31.86,2,0
2026-06-12 20:23:23.349,3.51,0.54,37.56,31.86,2,0
2026-06-12 20:23:23.400,3.51,0.54,37.56,31.86,2,0
2026-06-12 20:23:23.450,3.51,0.54,37.56,31.86,2,0
2026-06-12 20:23:23.500,3.51,0.54,37.56,31.86,2,0
2026-06-12 20:23:23.551,3.51,0.54,37.56,31.86,2,0
2026-06-12 20:23:23.602,3.51,0.54,37.56,31.86,2,0
2026-06-12 20:23:23.652,3.51,0.54,37.56,31.86,2,0
2026-06-12 20:23:23.702,3.51,0.54,37.56,31.86,2,0
2026-06-12 20:23:23.753,2.94,0.44,37.56,31.86,2,0
2026-06-12 20:23:23.803,2.94,0.44,14.52,26.66,2,0
2026-06-12 20:23:23.853,2.94,0.44,14.52,26.66,2,0
2026-06-12 20:23:23.903,2.94,0.44,14.52,26.66,2,0
2026-06-12 20:23:23.954,2.94,0.44,14.52,26.66,2,0
2026-06-12 20:23:24.005,2.94,0.44,14.52,26.66,2,0
2026-06-12 20:23:24.055,2.94,0.44,14.52,26.66,2,0
2026-06-12 20:23:24.106,2.94,0.44,14.52,26.66,2,0
2026-06-12 20:23:24.156,2.94,0.44,14.52,26.66,2,0
2026-06-12 20:23:24.206,2.47,0.34,14.52,26.66,2,0
2026-06-12 20:23:24.256,2.47,0.34,12.69,22.47,2,0
2026-06-12 20:23:24.307,2.47,0.34,12.69,22.47,2,0
2026-06-12 20:23:24.357,2.47,0.34,12.69,22.47,2,0
2026-06-12 20:23:24.408,2.47,0.34,12.69,22.47,2,0
2026-06-12 20:23:24.458,2.14,0.23,12.69,22.47,2,0
2026-06-12 20:23:24.508,2.14,0.23,12.40,19.45,2,0
2026-06-12 20:23:24.559,2.14,0.23,12.40,19.45,2,0
2026-06-12 20:23:24.609,2.14,0.23,12.40,19.45,2,0
2026-06-12 20:23:24.660,1.92,0.15,12.40,19.45,2,0
2026-06-12 20:23:24.710,1.92,0.15,12.73,17.43,2,0
2026-06-12 20:23:24.760,1.92,0.15,12.73,17.43,2,0
2026-06-12 20:23:24.812,1.92,0.15,12.73,17.43,2,0
2026-06-12 20:23:24.862,2.26,0.21,12.73,17.43,2,0
2026-06-12 20:23:24.911,2.26,0.21,27.59,20.48,2,0
2026-06-12 20:23:24.963,2.88,0.38,27.59,20.48,2,0
2026-06-12 20:23:25.012,2.88,0.38,39.27,26.12,2,0
2026-06-12 20:23:25.063,2.88,0.38,39.27,26.12,2,0
2026-06-12 20:23:25.113,3.57,0.52,39.27,26.12,2,0
2026-06-12 20:23:25.164,3.57,0.52,47.03,32.39,2,0
2026-06-12 20:23:25.214,4.28,0.73,47.03,32.39,2,0
2026-06-12 20:23:25.267,4.28,0.73,53.92,38.85,2,0
2026-06-12 20:23:25.315,4.98,0.91,53.92,38.85,2,0
2026-06-12 20:23:25.365,4.98,0.91,60.12,45.23,2,0
2026-06-12 20:23:25.416,5.68,1.06,60.12,45.23,2,0
2026-06-12 20:23:25.466,5.68,1.06,66.25,51.54,2,0
2026-06-12 20:23:25.516,6.31,1.17,66.25,51.54,2,0
2026-06-12 20:23:25.567,6.31,1.17,70.82,57.32,2,0
2026-06-12 20:23:25.617,6.88,1.23,70.82,57.32,2,0
2026-06-12 20:23:25.668,7.79,1.78,74.59,62.50,2,0
2026-06-12 20:23:25.719,8.92,2.46,89.85,70.71,2,0
2026-06-12 20:23:25.768,8.92,2.46,105.02,81.00,2,0
2026-06-12 20:23:25.819,9.83,2.59,105.02,81.00,2,0
2026-06-12 20:23:25.869,9.83,2.59,108.45,89.23,2,0
2026-06-12 20:23:25.920,10.51,2.48,108.45,89.23,2,0
2026-06-12 20:23:25.970,10.53,2.12,109.90,95.43,2,0
2026-06-12 20:23:26.021,10.53,2.12,95.94,95.59,2,0
2026-06-12 20:23:26.071,10.32,1.69,95.94,95.59,2,0
2026-06-12 20:23:26.121,10.31,1.43,89.26,93.69,2,0
2026-06-12 20:23:26.172,10.31,1.43,93.57,93.65,2,0
2026-06-12 20:23:26.222,11.17,2.28,93.57,93.65,2,0
2026-06-12 20:23:26.272,12.21,2.78,116.30,101.41,2,0
2026-06-12 20:23:26.323,12.21,2.78,132.85,110.84,2,0
2026-06-12 20:23:26.373,13.01,2.81,132.85,110.84,2,0
2026-06-12 20:23:26.424,13.62,2.73,135.26,118.17,2,0
2026-06-12 20:23:26.474,13.40,2.13,136.60,123.70,2,0
2026-06-12 20:23:26.524,13.40,2.13,116.89,121.65,2,0
2026-06-12 20:23:26.575,12.93,1.56,116.89,121.65,2,0
2026-06-12 20:23:26.628,12.70,1.19,107.66,117.46,2,0
2026-06-12 20:23:26.676,12.67,0.99,110.36,115.33,2,0
2026-06-12 20:23:26.726,12.67,0.99,114.51,115.08,2,0
2026-06-12 20:23:26.776,12.71,0.87,114.51,115.08,2,0
2026-06-12 20:23:26.827,12.82,0.82,116.28,115.44,2,0
2026-06-12 20:23:26.877,12.94,0.77,118.58,116.38,2,0
2026-06-12 20:23:26.928,13.07,0.76,120.15,117.51,2,0
2026-06-12 20:23:26.978,13.22,0.77,121.33,118.66,2,0
2026-06-12 20:23:27.028,13.22,0.77,123.22,120.03,2,0
2026-06-12 20:23:27.079,13.39,0.75,123.22,120.03,2,0
2026-06-12 20:23:27.129,13.64,0.84,125.36,121.63,2,0
2026-06-12 20:23:27.180,13.93,0.96,128.94,123.82,2,0
2026-06-12 20:23:27.230,14.21,1.05,132.81,126.52,2,0
2026-06-12 20:23:27.281,14.49,1.12,135.03,129.07,2,0
2026-06-12 20:23:27.332,14.71,1.14,137.54,131.61,2,0
2026-06-12 20:23:27.382,14.85,1.04,138.33,133.63,2,0
2026-06-12 20:23:27.432,14.99,1.00,137.71,134.85,2,0
2026-06-12 20:23:27.482,15.15,0.99,139.23,136.17,2,0
2026-06-12 20:23:27.533,15.31,0.97,140.96,137.60,2,0
2026-06-12 20:23:27.583,15.54,1.01,142.50,139.07,2,0
2026-06-12 20:23:27.633,15.72,1.01,145.95,141.14,2,0
2026-06-12 20:23:27.686,15.87,0.98,146.57,142.77,2,0
2026-06-12 20:23:27.734,15.93,0.89,147.14,144.08,2,0
2026-06-12 20:23:27.785,15.94,0.76,146.07,144.67,2,0
2026-06-12 20:23:27.835,16.04,0.73,144.95,144.76,2,0
2026-06-12 20:23:27.886,16.11,0.68,147.71,145.64,2,0
2026-06-12 20:23:27.936,16.25,0.69,147.80,146.29,2,0
2026-06-12 20:23:27.986,16.43,0.74,150.43,147.53,2,0
2026-06-12 20:23:28.037,16.54,0.72,153.20,149.23,2,0
2026-06-12 20:23:28.087,16.66,0.71,152.51,150.22,2,0
2026-06-12 20:23:28.137,16.76,0.69,153.87,151.31,2,0
2026-06-12 20:23:28.188,16.77,0.59,154.37,152.23,2,0
2026-06-12 20:23:28.238,16.82,0.59,152.45,152.30,2,0
2026-06-12 20:23:28.289,16.90,0.56,153.81,152.75,2,0
2026-06-12 20:23:28.339,16.99,0.55,155.02,153.43,2,0
2026-06-12 20:23:28.389,17.18,0.62,156.21,154.27,2,0
2026-06-12 20:23:28.440,17.36,0.69,160.00,155.99,2,0
2026-06-12 20:23:28.490,17.65,0.83,161.64,157.68,2,0
2026-06-12 20:23:28.541,17.75,0.79,163.15,160.30,2,0
2026-06-12 20:23:28.591,17.86,0.76,163.42,161.23,2,0
2026-06-12 20:23:28.641,17.96,0.73,164.33,162.16,2,0
2026-06-12 20:23:28.692,18.15,0.93,165.35,163.12,2,0
2026-06-12 20:23:28.742,18.36,0.97,168.85,164.84,2,0
2026-06-12 20:23:28.795,18.55,0.98,171.24,166.76,2,0
2026-06-12 20:23:28.843,18.94,1.12,172.56,168.50,2,0
2026-06-12 20:23:28.894,19.02,1.02,175.00,171.95,2,0
2026-06-12 20:23:28.944,19.19,1.01,174.54,172.73,2,0
2026-06-12 20:23:28.995,19.31,1.05,177.94,174.29,2,0
2026-06-12 20:23:29.045,19.84,1.41,177.97,175.40,2,0
2026-06-12 20:23:29.095,23.09,6.13,186.37,180.13,2,0
2026-06-12 20:23:29.145,24.45,6.32,252.42,209.67,2,0
2026-06-12 20:23:29.196,25.37,6.91,250.79,222.00,2,0
2026-06-12 20:23:29.246,23.49,2.53,249.82,230.35,2,0
2026-06-12 20:23:29.297,22.70,1.49,188.19,213.32,2,0
2026-06-12 20:23:29.348,22.22,0.48,189.24,206.10,2,0
2026-06-12 20:23:29.398,21.79,-0.13,191.83,201.82,2,0
2026-06-12 20:23:29.448,21.70,-0.18,194.14,197.85,2,0
2026-06-12 20:23:29.498,21.65,-0.23,195.20,197.06,2,0
2026-06-12 20:23:29.549,21.75,-0.00,195.55,196.60,2,0
2026-06-12 20:23:29.599,21.79,0.04,199.65,197.51,2,0
2026-06-12 20:23:29.650,21.90,0.21,198.85,197.92,2,0
2026-06-12 20:23:29.700,22.24,0.54,201.19,198.90,2,0
2026-06-12 20:23:29.751,22.47,0.64,205.22,201.95,2,0
2026-06-12 20:23:29.801,22.61,0.79,208.86,204.02,2,0
2026-06-12 20:23:29.853,22.66,0.62,208.40,205.34,2,0
2026-06-12 20:23:29.902,22.67,0.54,206.16,205.80,2,0
2026-06-12 20:23:29.952,22.85,0.63,206.02,205.86,2,0
2026-06-12 20:23:30.002,22.94,0.61,210.01,207.52,2,0
2026-06-12 20:23:30.053,23.08,0.65,210.17,208.31,2,0
2026-06-12 20:23:30.103,23.06,0.53,210.29,209.63,2,0
2026-06-12 20:23:30.154,23.05,0.44,208.88,209.41,2,0
2026-06-12 20:23:30.204,23.09,0.42,209.21,209.35,2,0
2026-06-12 20:23:30.255,23.22,0.57,211.34,209.70,2,0
2026-06-12 20:23:30.305,23.59,0.90,213.71,210.91,2,0
2026-06-12 20:23:30.355,23.68,0.83,219.22,214.26,2,0
2026-06-12 20:23:30.411,23.72,0.67,216.78,215.01,2,0
2026-06-12 20:23:30.456,23.69,0.55,216.11,215.42,2,0
2026-06-12 20:23:30.507,23.93,0.77,214.50,215.15,2,0
2026-06-12 20:23:30.557,24.08,0.78,220.63,217.29,2,0
2026-06-12 20:23:30.607,24.23,0.78,221.83,218.65,2,0
2026-06-12 20:23:30.658,24.21,0.65,221.02,220.02,2,0
2026-06-12 20:23:30.708,24.16,0.47,219.57,219.89,2,0
2026-06-12 20:23:30.759,24.27,0.49,218.37,219.43,2,0
2026-06-12 20:23:30.809,24.56,0.81,222.09,220.38,2,0
2026-06-12 20:23:30.859,24.69,0.80,226.51,223.05,2,0
2026-06-12 20:23:30.910,24.74,0.64,227.02,224.24,2,0
2026-06-12 20:23:30.960,24.73,0.54,224.58,224.67,2,0
2026-06-12 20:23:31.011,24.72,0.38,224.48,224.61,2,0
2026-06-12 20:23:31.062,24.79,0.38,224.91,224.52,2,0
2026-06-12 20:23:31.112,25.02,0.62,226.43,225.10,2,0
2026-06-12 20:23:31.162,25.10,0.60,229.56,227.17,2,0
2026-06-12 20:23:31.212,25.21,0.58,229.84,227.97,2,0
2026-06-12 20:23:31.262,25.22,0.52,229.48,228.93,2,0
2026-06-12 20:23:31.313,25.37,0.58,229.34,229.05,2,0
2026-06-12 20:23:31.363,25.65,0.85,232.58,230.38,2,0
2026-06-12 20:23:31.414,29.28,6.29,236.05,232.93,2,0
2026-06-12 20:23:31.464,31.59,7.94,311.31,265.89,2,0
2026-06-12 20:23:31.515,30.59,5.92,304.70,286.85,2,0
2026-06-12 20:23:31.565,28.10,0.50,256.53,277.76,2,0
2026-06-12 20:23:31.615,27.47,-0.59,233.99,255.15,2,0
2026-06-12 20:23:31.666,26.68,-1.28,236.02,249.41,2,0
2026-06-12 20:23:31.716,26.40,-1.54,235.63,242.30,2,0
2026-06-12 20:23:31.767,25.96,-1.62,233.83,239.76,2,0
2026-06-12 20:23:31.817,25.94,-1.18,231.42,235.78,2,0
2026-06-12 20:23:31.870,26.09,-0.88,236.82,235.56,2,0
2026-06-12 20:23:31.918,26.28,-0.36,240.09,236.92,2,0
2026-06-12 20:23:31.968,26.24,-0.37,239.33,238.67,2,0
2026-06-12 20:23:32.019,26.09,-0.44,237.43,238.30,2,0
2026-06-12 20:23:32.070,26.21,-0.13,235.56,236.91,2,0
2026-06-12 20:23:32.120,26.33,0.11,239.85,237.97,2,0
2026-06-12 20:23:32.171,26.56,0.32,241.87,239.14,2,0
2026-06-12 20:23:32.220,26.53,0.22,243.15,241.20,2,0
2026-06-12 20:23:32.271,26.38,0.03,240.31,240.93,2,0
2026-06-12 20:23:32.321,26.52,0.26,239.13,239.53,2,0
2026-06-12 20:23:32.372,26.69,0.50,243.14,240.86,2,0
2026-06-12 20:23:32.422,33.55,11.71,245.94,242.39,1,0
2026-06-12 20:23:32.472,43.32,23.28,448.24,304.67,1,0
2026-06-12 20:23:32.523,41.20,18.02,476.55,393.37,1,0
2026-06-12 20:23:32.573,34.18,2.53,329.35,374.16,1,0
2026-06-12 20:23:32.624,30.81,-3.28,245.90,310.37,1,0
2026-06-12 20:23:32.674,29.79,-4.43,251.26,279.82,1,0
2026-06-12 20:23:32.725,28.45,-4.73,248.79,270.51,1,0
2026-06-12 20:23:32.775,27.74,-4.47,245.48,258.34,1,0
2026-06-12 20:23:32.825,27.58,-4.06,247.81,251.89,1,0
2026-06-12 20:23:32.876,27.55,-2.91,247.03,250.43,1,0
2026-06-12 20:23:32.926,29.95,1.93,251.03,250.16,1,0
2026-06-12 20:23:32.977,31.55,2.98,325.42,271.96,1,0
2026-06-12 20:23:33.027,31.61,1.93,320.43,286.50,1,0
2026-06-12 20:23:33.077,29.22,-2.25,265.44,287.09,1,0
2026-06-12 20:23:33.132,28.49,-2.51,244.54,265.33,1,0
2026-06-12 20:23:33.178,27.25,-3.69,243.42,258.75,1,0
2026-06-12 20:23:33.229,26.73,-3.57,234.83,247.46,1,0
2026-06-12 20:23:33.279,25.77,-4.03,231.75,242.75,1,0
2026-06-12 20:23:33.330,28.30,1.07,224.21,234.05,1,0
2026-06-12 20:23:33.380,29.12,2.28,290.77,257.00,1,0
2026-06-12 20:23:33.431,27.56,-1.13,281.85,264.45,1,0
2026-06-12 20:23:33.484,25.30,-2.84,213.47,250.29,1,0
2026-06-12 20:23:33.532,23.27,-4.08,181.90,229.77,1,0
2026-06-12 20:23:33.583,21.41,-5.02,168.17,211.29,1,0
2026-06-12 20:23:33.632,21.41,-5.02,154.94,194.39,1,0
2026-06-12 20:23:33.682,19.73,-5.18,154.94,194.39,1,0
2026-06-12 20:23:33.733,18.21,-5.67,143.70,179.18,1,0
2026-06-12 20:23:33.783,16.75,-5.62,133.20,165.39,1,0
2026-06-12 20:23:33.834,16.75,-5.62,121.23,152.14,1,0
2026-06-12 20:23:33.884,15.28,-5.58,121.23,152.14,1,0
2026-06-12 20:23:33.935,15.28,-5.58,107.63,138.79,1,0
2026-06-12 20:23:33.985,13.70,-5.27,107.63,138.79,1,0
2026-06-12 20:23:34.036,13.70,-5.27,90.92,124.43,1,0
2026-06-12 20:23:34.086,13.70,-5.27,90.92,124.43,1,0
2026-06-12 20:23:34.136,13.70,-5.27,90.92,124.43,1,0
2026-06-12 20:23:34.187,13.70,-5.27,90.92,124.43,1,0
2026-06-12 20:23:34.237,13.70,-5.27,90.92,124.43,1,0
2026-06-12 20:23:34.288,13.70,-5.27,90.92,124.43,1,0
2026-06-12 20:23:34.338,13.70,-5.27,90.92,124.43,1,0
2026-06-12 20:23:34.388,11.24,-4.73,90.92,124.43,1,0
2026-06-12 20:23:34.439,9.61,-5.38,49.94,102.08,1,0
2026-06-12 20:23:34.489,8.82,-5.84,52.73,87.28,1,0
2026-06-12 20:23:34.540,8.82,-5.84,63.27,80.08,1,0
2026-06-12 20:23:34.590,8.82,-5.84,63.27,80.08,1,0
2026-06-12 20:23:34.641,8.82,-5.84,63.27,80.08,1,0
2026-06-12 20:23:34.692,8.82,-5.84,63.27,80.08,1,0
2026-06-12 20:23:34.742,8.82,-5.84,63.27,80.08,1,0
2026-06-12 20:23:34.792,8.82,-5.84,63.27,80.08,1,0
2026-06-12 20:23:34.842,8.82,-5.84,63.27,80.08,1,0
2026-06-12 20:23:34.893,8.82,-5.84,63.27,80.08,1,0
2026-06-12 20:23:34.943,8.82,-5.84,63.27,80.08,1,0
2026-06-12 20:23:34.993,8.82,-5.84,63.27,80.08,1,0
2026-06-12 20:23:35.044,8.82,-5.84,63.27,80.08,1,0
2026-06-12 20:23:35.094,8.82,-5.84,63.27,80.08,1,0
2026-06-12 20:23:35.145,8.82,-5.84,63.27,80.08,1,0
2026-06-12 20:23:35.200,8.82,-5.84,63.27,80.08,1,0
2026-06-12 20:23:35.246,8.82,-5.84,63.27,80.08,1,0
2026-06-12 20:23:35.296,8.82,-5.84,63.27,80.08,1,0
2026-06-12 20:23:35.346,8.82,-5.84,63.27,80.08,1,0
2026-06-12 20:23:35.398,8.82,-5.84,63.27,80.08,1,0
2026-06-12 20:23:35.447,8.82,-5.84,63.27,80.08,0,0
2026-06-12 20:23:50.531,0.00,0.00,63.27,80.08,0,0
2026-06-12 20:23:50.582,0.00,0.00,0.00,0.00,1,0
2026-06-12 20:23:50.632,0.91,0.00,0.00,0.00,2,0
2026-06-12 20:23:50.682,0.91,0.00,27.64,8.29,2,0
2026-06-12 20:23:50.733,0.91,0.00,27.64,8.29,2,0
2026-06-12 20:23:50.783,0.91,0.00,27.64,8.29,2,0
2026-06-12 20:23:50.834,0.91,0.00,27.64,8.29,2,0
2026-06-12 20:23:50.884,0.91,0.00,27.64,8.29,2,0
2026-06-12 20:23:50.934,0.91,0.00,27.64,8.29,2,0
2026-06-12 20:23:50.985,0.91,0.00,27.64,8.29,2,0
2026-06-12 20:23:51.037,0.91,0.00,27.64,8.29,2,0
2026-06-12 20:23:51.086,0.91,0.00,27.64,8.29,2,0
2026-06-12 20:23:51.136,0.91,0.00,27.64,8.29,2,0
2026-06-12 20:23:51.187,0.91,0.00,27.64,8.29,2,0
2026-06-12 20:23:51.237,0.91,0.00,27.64,8.29,2,0
2026-06-12 20:23:51.287,0.91,0.00,27.64,8.29,2,0
2026-06-12 20:23:51.338,0.91,0.00,27.64,8.29,2,0
2026-06-12 20:23:51.388,0.91,0.00,27.64,8.29,2,0
2026-06-12 20:23:51.439,0.91,0.00,27.64,8.29,2,0
2026-06-12 20:23:51.490,0.91,0.00,27.64,8.29,2,0
2026-06-12 20:23:51.540,0.91,0.00,27.64,8.29,2,0
2026-06-12 20:23:51.590,0.91,0.00,27.64,8.29,2,0
2026-06-12 20:23:51.640,0.91,0.00,27.64,8.29,2,0
2026-06-12 20:23:51.690,0.91,0.00,27.64,8.29,2,0
2026-06-12 20:23:51.741,0.91,0.00,27.64,8.29,2,0
2026-06-12 20:23:51.792,0.91,0.00,27.64,8.29,2,0
2026-06-12 20:23:51.842,0.91,0.00,27.64,8.29,2,0
2026-06-12 20:23:51.892,0.91,0.00,27.64,8.29,2,0
2026-06-12 20:23:51.942,0.91,0.00,27.64,8.29,2,0
2026-06-12 20:23:51.993,0.91,0.00,27.64,8.29,2,0
2026-06-12 20:23:52.043,0.91,0.00,27.64,8.29,2,0
2026-06-12 20:23:52.094,0.91,0.00,27.64,8.29,2,0
2026-06-12 20:23:52.144,0.91,0.00,27.64,8.29,2,0
2026-06-12 20:23:52.194,0.91,0.00,27.64,8.29,2,0
2026-06-12 20:23:52.245,0.91,0.00,27.64,8.29,2,0
2026-06-12 20:23:52.297,0.91,0.00,27.64,8.29,2,0
2026-06-12 20:23:52.346,0.91,0.00,27.64,8.29,2,0
2026-06-12 20:23:52.398,0.91,0.00,27.64,8.29,2,0
2026-06-12 20:23:52.446,0.91,0.00,27.64,8.29,2,0
2026-06-12 20:23:52.500,1.16,0.00,27.64,8.29,2,0
2026-06-12 20:23:52.547,1.16,0.00,15.91,10.58,2,0
2026-06-12 20:23:52.598,1.16,0.00,15.91,10.58,2,0
2026-06-12 20:23:52.648,1.16,0.00,15.91,10.58,2,0
2026-06-12 20:23:52.698,1.16,0.00,15.91,10.58,2,0
2026-06-12 20:23:52.749,1.16,0.00,15.91,10.58,2,0
2026-06-12 20:23:52.799,1.16,0.00,15.91,10.58,2,0
2026-06-12 20:23:52.850,1.16,0.00,15.91,10.58,2,0
2026-06-12 20:23:52.900,1.16,0.00,15.91,10.58,2,0
2026-06-12 20:23:52.952,1.16,0.00,15.91,10.58,2,0
2026-06-12 20:25:06.705,0.00,0.00,15.91,10.58,2,0
2026-06-12 20:25:06.756,0.00,0.00,0.00,0.00,2,0
2026-06-12 20:25:06.806,0.00,0.00,0.00,0.00,2,0
2026-06-12 20:25:06.856,0.00,0.00,0.00,0.00,2,0
2026-06-12 20:25:06.907,0.00,0.00,0.00,0.00,2,0
2026-06-12 20:25:06.957,0.00,0.00,0.00,0.00,2,0
2026-06-12 20:25:07.008,0.00,0.00,0.00,0.00,2,0
2026-06-12 20:25:07.058,0.00,0.00,0.00,0.00,2,0
2026-06-12 20:25:07.108,0.00,0.00,0.00,0.00,2,0
2026-06-12 20:25:07.159,0.00,0.00,0.00,0.00,2,0
2026-06-12 20:25:07.209,0.00,0.00,0.00,0.00,2,0
2026-06-12 20:25:07.260,0.00,0.00,0.00,0.00,2,0
2026-06-12 20:25:07.310,0.00,0.00,0.00,0.00,2,0
2026-06-12 20:25:07.360,0.00,0.00,0.00,0.00,2,0
2026-06-12 20:25:07.412,0.00,0.00,0.00,0.00,2,0
2026-06-12 20:25:07.462,0.00,0.00,0.00,0.00,2,0
2026-06-12 20:25:07.512,0.00,0.00,0.00,0.00,2,0
2026-06-12 20:25:07.562,0.00,0.00,0.00,0.00,2,0
2026-06-12 20:25:07.612,0.00,0.00,0.00,0.00,2,0
2026-06-12 20:25:07.663,0.00,0.00,0.00,0.00,2,0
2026-06-12 20:25:07.713,0.00,0.00,0.00,0.00,2,0
2026-06-12 20:25:07.764,0.00,0.00,0.00,0.00,2,0
2026-06-12 20:25:07.814,0.00,0.00,0.00,0.00,2,0
2026-06-12 20:25:07.865,0.00,0.00,0.00,0.00,2,0
2026-06-12 20:25:07.915,0.00,0.00,0.00,0.00,2,0
2026-06-12 20:25:07.965,0.00,0.00,0.00,0.00,2,0
2026-06-12 20:25:08.016,0.00,0.00,0.00,0.00,2,0
2026-06-12 20:25:08.066,0.00,0.00,0.00,0.00,2,0
2026-06-12 20:25:08.116,0.00,0.00,0.00,0.00,2,0
2026-06-12 20:25:08.167,0.00,0.00,0.00,0.00,2,0
2026-06-12 20:25:08.217,0.00,0.00,0.00,0.00,2,0
2026-06-12 20:25:08.268,0.00,0.00,0.00,0.00,2,0
2026-06-12 20:25:08.318,0.00,0.00,0.00,0.00,2,0
2026-06-12 20:25:08.369,0.00,0.00,0.00,0.00,2,0
2026-06-12 20:25:08.419,0.00,0.00,0.00,0.00,2,0
2026-06-12 20:25:08.469,0.00,0.00,0.00,0.00,2,0
2026-06-12 20:25:08.520,0.00,0.00,0.00,0.00,2,0
2026-06-12 20:25:08.571,0.00,0.00,0.00,0.00,2,0
2026-06-12 20:25:08.620,0.00,0.00,0.00,0.00,2,0
2026-06-12 20:25:08.672,0.00,0.00,0.00,0.00,2,0
2026-06-12 20:25:08.721,0.00,0.00,0.00,0.00,2,0
2026-06-12 20:25:08.772,0.00,0.00,0.00,0.00,2,0
2026-06-12 20:25:08.822,0.00,0.00,0.00,0.00,2,0
2026-06-12 20:25:08.872,0.00,0.00,0.00,0.00,2,0
2026-06-12 20:25:08.925,0.00,0.00,0.00,0.00,2,0
2026-06-12 20:25:08.973,0.00,0.00,0.00,0.00,2,0
2026-06-12 20:25:09.023,0.00,0.00,0.00,0.00,2,0
2026-06-12 20:25:09.074,0.00,0.00,0.00,0.00,2,0
2026-06-12 20:25:09.124,0.00,0.00,0.00,0.00,2,0
2026-06-12 20:25:09.175,0.00,0.00,0.00,0.00,2,0
2026-06-12 20:25:09.225,0.00,0.00,0.00,0.00,2,0
2026-06-12 20:25:09.275,0.00,0.00,0.00,0.00,2,0
2026-06-12 20:25:09.326,0.00,0.00,0.00,0.00,2,0
2026-06-12 20:25:09.376,0.00,0.00,0.00,0.00,2,0
2026-06-12 20:25:09.427,0.00,0.00,0.00,0.00,2,0
2026-06-12 20:25:09.480,0.00,0.00,0.00,0.00,2,0
2026-06-12 20:25:09.527,0.00,0.00,0.00,0.00,2,0
2026-06-12 20:25:09.580,0.00,0.00,0.00,0.00,2,0
2026-06-12 20:25:09.629,0.00,0.00,0.00,0.00,2,0
2026-06-12 20:25:09.679,0.00,0.00,0.00,0.00,2,0
2026-06-12 20:25:09.729,0.00,0.00,0.00,0.00,2,0
2026-06-12 20:25:09.780,0.00,0.00,0.00,0.00,2,0
2026-06-12 20:25:09.830,0.00,0.00,0.00,0.00,2,0
2026-06-12 20:25:09.880,0.00,0.00,0.00,0.00,2,0
2026-06-12 20:25:09.932,0.00,0.00,0.00,0.00,2,0
2026-06-12 20:25:09.982,0.00,0.00,0.00,0.00,2,0
2026-06-12 20:25:10.032,0.00,0.00,0.00,0.00,2,0
2026-06-12 20:25:10.082,0.00,0.00,0.00,0.00,2,0
2026-06-12 20:25:10.132,0.00,0.00,0.00,0.00,2,0
2026-06-12 20:25:10.183,0.00,0.00,0.00,0.00,2,0
2026-06-12 20:25:10.233,0.00,0.00,0.00,0.00,2,0
2026-06-12 20:25:10.283,0.00,0.00,0.00,0.00,2,0
2026-06-12 20:25:10.334,0.21,0.00,0.00,0.00,2,0
2026-06-12 20:25:10.384,0.21,0.00,6.46,1.94,2,0
2026-06-12 20:25:10.435,0.21,0.00,6.46,1.94,2,0
2026-06-12 20:25:10.485,0.21,0.00,6.46,1.94,2,0
2026-06-12 20:25:10.536,0.21,0.00,6.46,1.94,2,0
2026-06-12 20:25:10.586,0.80,0.10,6.46,1.94,2,0
2026-06-12 20:25:10.640,0.80,0.10,19.60,7.24,2,0
2026-06-12 20:25:10.688,0.80,0.10,19.60,7.24,2,0
2026-06-12 20:25:10.737,0.80,0.10,19.60,7.24,2,0
2026-06-12 20:25:10.788,1.47,0.22,19.60,7.24,2,0
2026-06-12 20:25:10.838,1.47,0.22,27.49,13.31,2,0
2026-06-12 20:25:10.888,1.47,0.22,27.49,13.31,2,0
2026-06-12 20:25:10.939,1.47,0.22,27.49,13.31,2,0
2026-06-12 20:25:10.989,2.06,0.33,27.49,13.31,2,0
2026-06-12 20:25:11.040,2.06,0.33,31.29,18.71,2,0
2026-06-12 20:25:11.090,2.06,0.33,31.29,18.71,2,0
2026-06-12 20:25:11.140,2.69,0.43,31.29,18.71,2,0
2026-06-12 20:25:11.191,2.69,0.43,37.82,24.44,2,0
2026-06-12 20:25:11.241,2.69,0.43,37.82,24.44,2,0
2026-06-12 20:25:11.292,3.31,0.57,37.82,24.44,2,0
2026-06-12 20:25:11.342,3.31,0.57,43.13,30.05,2,0
2026-06-12 20:25:11.392,3.31,0.57,43.13,30.05,2,0
2026-06-12 20:25:11.443,3.92,0.65,43.13,30.05,2,0
2026-06-12 20:25:11.493,3.92,0.65,48.67,35.63,2,0
2026-06-12 20:25:11.544,4.51,0.80,48.67,35.63,2,0
2026-06-12 20:25:11.600,4.51,0.80,53.34,40.95,2,0
2026-06-12 20:25:11.645,5.09,0.87,53.34,40.95,2,0
2026-06-12 20:25:11.695,5.09,0.87,58.55,46.23,2,0
2026-06-12 20:25:11.745,5.68,0.98,58.55,46.23,2,0
2026-06-12 20:25:11.796,5.68,0.98,63.94,51.54,2,0
2026-06-12 20:25:11.846,6.23,1.06,63.94,51.54,2,0
2026-06-12 20:25:11.896,6.23,1.06,68.43,56.61,2,0
2026-06-12 20:25:11.947,6.78,1.13,68.43,56.61,2,0
2026-06-12 20:25:11.998,6.78,1.13,73.05,61.54,2,0
2026-06-12 20:25:12.048,7.30,1.25,73.05,61.54,2,0
2026-06-12 20:25:12.098,7.30,1.25,77.23,66.25,2,0
2026-06-12 20:25:12.148,7.77,1.26,77.23,66.25,2,0
2026-06-12 20:25:12.199,8.23,1.32,80.57,70.55,2,0
2026-06-12 20:25:12.249,8.23,1.32,84.39,74.70,2,0
2026-06-12 20:25:12.301,8.64,1.35,84.39,74.70,2,0
2026-06-12 20:25:12.352,9.03,1.36,87.10,78.42,2,0
2026-06-12 20:25:12.400,9.03,1.36,90.26,81.97,2,0
2026-06-12 20:25:12.452,9.42,1.37,90.26,81.97,2,0
2026-06-12 20:25:12.501,9.80,1.38,94.00,85.58,2,0
2026-06-12 20:25:12.552,9.80,1.38,96.92,88.98,2,0
2026-06-12 20:25:12.602,10.19,1.39,96.92,88.98,2,0
2026-06-12 20:25:12.652,10.56,1.38,100.96,92.57,2,0
2026-06-12 20:25:12.704,10.56,1.38,103.62,95.89,2,0
2026-06-12 20:25:12.760,10.87,1.35,103.62,95.89,2,0
2026-06-12 20:25:12.804,11.18,1.40,105.45,98.76,2,0
2026-06-12 20:25:12.855,11.45,1.34,107.96,101.52,2,0
2026-06-12 20:25:12.905,11.45,1.34,109.79,104.00,2,0
2026-06-12 20:25:12.955,11.73,1.29,109.79,104.00,2,0
2026-06-12 20:25:13.008,12.02,1.34,112.36,106.51,2,0
2026-06-12 20:25:13.056,12.30,1.37,115.22,109.12,2,0
2026-06-12 20:25:13.112,12.62,1.34,117.82,111.73,2,0
2026-06-12 20:25:13.157,12.95,1.42,121.39,114.63,2,0
2026-06-12 20:25:13.207,12.95,1.42,124.55,117.60,2,0
2026-06-12 20:25:13.258,13.21,1.35,124.55,117.60,2,0
2026-06-12 20:25:13.308,13.43,1.32,125.48,119.97,2,0
2026-06-12 20:25:13.358,13.66,1.32,126.54,121.94,2,0
2026-06-12 20:25:13.409,13.86,1.29,129.05,124.07,2,0
2026-06-12 20:25:13.459,14.12,1.31,130.16,125.90,2,0
2026-06-12 20:25:13.509,14.43,1.28,133.72,128.25,2,0
2026-06-12 20:25:13.560,14.67,1.29,137.44,131.00,2,0
2026-06-12 20:25:13.610,14.94,1.32,138.43,133.23,2,0
2026-06-12 20:25:13.661,15.21,1.34,141.50,135.71,2,0
2026-06-12 20:25:13.711,15.40,1.30,143.73,138.12,2,0
2026-06-12 20:25:13.762,15.63,1.30,143.88,139.85,2,0
2026-06-12 20:25:13.812,15.88,1.30,146.92,141.97,2,0
2026-06-12 20:25:13.862,16.15,1.33,149.34,144.18,2,0
2026-06-12 20:25:13.913,16.47,1.67,152.35,146.63,2,0
2026-06-12 20:25:13.964,16.74,1.64,156.46,149.58,2,0
2026-06-12 20:25:14.013,16.99,1.61,157.68,152.01,2,0
2026-06-12 20:25:14.064,17.18,1.52,159.71,154.32,2,0
2026-06-12 20:25:14.114,17.31,1.40,160.02,156.03,2,0
2026-06-12 20:25:14.165,17.52,1.25,159.80,157.16,2,0
2026-06-12 20:25:14.215,17.67,1.19,161.15,159.08,2,0
2026-06-12 20:25:14.265,17.88,1.18,163.65,160.45,2,0
2026-06-12 20:25:14.317,18.07,1.16,166.76,162.34,2,0
2026-06-12 20:25:14.366,18.29,1.36,168.09,164.06,2,0
2026-06-12 20:25:14.417,18.44,1.28,170.87,166.11,2,0
2026-06-12 20:25:14.467,18.57,1.20,170.54,167.44,2,0
2026-06-12 20:25:14.518,18.88,1.19,171.49,168.65,2,0
2026-06-12 20:25:14.568,19.05,1.15,173.84,171.44,2,0
2026-06-12 20:25:14.618,19.24,1.14,176.58,172.99,2,0
2026-06-12 20:25:14.669,19.42,1.27,178.81,174.73,2,0
2026-06-12 20:25:14.719,19.87,1.42,180.18,176.37,2,0
2026-06-12 20:25:14.769,20.01,1.33,184.65,180.40,2,0
2026-06-12 20:25:14.820,20.19,1.28,184.87,181.75,2,0
2026-06-12 20:25:14.870,20.34,1.32,187.19,183.38,2,0
2026-06-12 20:25:14.923,20.79,1.51,187.67,184.67,2,0
2026-06-12 20:25:14.972,20.96,1.42,193.96,188.82,2,0
2026-06-12 20:25:15.022,21.15,1.53,193.87,190.34,2,0
2026-06-12 20:25:15.072,21.36,1.35,196.22,192.10,2,0
2026-06-12 20:25:15.122,21.42,1.20,196.09,193.97,2,0
2026-06-12 20:25:15.173,21.52,1.18,195.86,194.53,2,0
2026-06-12 20:25:15.223,21.83,1.22,197.55,195.44,2,0
2026-06-12 20:25:15.274,22.04,1.21,201.57,198.25,2,0
2026-06-12 20:25:15.324,22.18,1.26,204.47,200.12,2,0
2026-06-12 20:25:15.374,22.27,0.99,204.48,201.43,2,0
2026-06-12 20:25:15.425,22.29,0.88,202.55,202.22,2,0
2026-06-12 20:25:15.475,22.37,0.75,203.00,202.46,2,0
2026-06-12 20:25:15.525,22.50,0.74,204.44,203.11,2,0
2026-06-12 20:25:15.576,22.57,0.74,207.06,204.29,2,0
2026-06-12 20:25:15.626,22.65,0.61,206.43,204.93,2,0
2026-06-12 20:25:15.677,22.63,0.50,206.05,205.73,2,0
2026-06-12 20:25:15.727,22.63,0.36,204.96,205.50,2,0
2026-06-12 20:25:15.778,22.68,0.35,205.02,205.50,2,0
2026-06-12 20:25:15.829,22.79,0.47,207.06,205.96,2,0
2026-06-12 20:25:15.879,23.07,0.70,209.33,206.97,2,0
2026-06-12 20:25:15.929,23.14,0.70,213.03,209.49,2,0
2026-06-12 20:25:15.979,23.07,0.43,211.54,210.10,2,0
2026-06-12 20:25:16.030,23.00,0.30,208.75,209.53,2,0
2026-06-12 20:25:16.080,23.02,0.28,207.33,208.87,2,0
2026-06-12 20:25:16.130,23.25,0.47,209.35,209.01,2,0
2026-06-12 20:25:16.181,23.36,0.58,213.34,211.12,2,0
2026-06-12 20:25:16.231,23.42,0.45,214.61,212.16,2,0
2026-06-12 20:25:16.281,23.38,0.35,212.51,212.70,2,0
2026-06-12 20:25:16.332,23.37,0.25,211.46,212.32,2,0
2026-06-12 20:25:16.382,23.46,0.29,213.37,212.21,2,0
2026-06-12 20:25:16.440,23.68,0.55,215.03,213.06,2,0
2026-06-12 20:25:16.484,23.68,0.47,217.85,215.07,2,0
2026-06-12 20:25:16.533,23.61,0.29,214.94,215.03,2,0
2026-06-12 20:25:16.584,26.86,4.26,212.97,214.41,2,0
2026-06-12 20:25:16.635,28.31,6.04,282.65,243.95,2,0
2026-06-12 20:25:16.685,28.45,3.45,287.83,257.12,2,0
2026-06-12 20:25:16.735,27.14,0.75,236.47,258.32,2,0
2026-06-12 20:25:16.786,25.36,-1.44,218.70,246.44,2,0
2026-06-12 20:25:16.836,24.74,-1.74,214.04,230.26,2,0
2026-06-12 20:25:16.886,24.11,-2.20,211.49,224.63,2,0
2026-06-12 20:25:16.938,24.01,-1.95,214.33,218.90,2,0
2026-06-12 20:25:16.987,24.03,-1.63,216.06,218.05,2,0
2026-06-12 20:25:17.038,23.89,-1.36,218.56,218.20,2,0
2026-06-12 20:25:17.088,23.77,-1.36,214.97,216.94,2,0
2026-06-12 20:25:17.139,23.58,-1.17,213.28,215.84,2,0
2026-06-12 20:25:17.189,23.58,-1.00,212.91,214.12,2,0
2026-06-12 20:25:17.239,23.72,-0.49,214.03,214.09,2,0
2026-06-12 20:25:17.290,23.81,-0.35,217.28,215.41,2,0
2026-06-12 20:25:17.340,23.82,-0.24,218.04,216.20,2,0
2026-06-12 20:25:17.391,23.74,-0.26,215.95,216.29,2,0
2026-06-12 20:25:17.442,23.66,-0.36,214.10,215.63,2,0
2026-06-12 20:25:17.493,23.79,-0.09,213.11,214.87,2,0
2026-06-12 20:25:17.543,23.92,0.15,217.92,216.07,2,0
2026-06-12 20:25:17.592,24.00,0.13,220.05,217.26,2,0
2026-06-12 20:25:17.643,23.90,-0.06,217.25,217.92,2,0
2026-06-12 20:25:17.693,23.69,-0.26,214.84,216.99,2,0
2026-06-12 20:25:17.744,23.69,-0.22,213.43,215.12,2,0
2026-06-12 20:25:17.794,27.21,5.36,215.18,215.14,2,0
2026-06-12 20:25:17.844,28.62,5.73,292.79,247.06,2,0
2026-06-12 20:25:17.895,28.71,3.99,289.88,259.90,2,0
2026-06-12 20:25:17.946,27.20,2.13,241.66,260.67,2,0
2026-06-12 20:25:17.997,26.14,0.12,215.01,246.98,2,0
2026-06-12 20:25:18.046,25.06,-1.05,215.04,237.39,2,0
2026-06-12 20:25:18.097,24.80,-1.32,219.32,227.56,2,0
2026-06-12 20:25:18.147,24.41,-1.45,219.79,225.22,2,0
2026-06-12 20:25:18.197,24.20,-1.59,216.89,221.68,2,0
2026-06-12 20:25:18.248,23.93,-1.42,215.14,219.72,2,0
2026-06-12 20:25:18.298,23.93,-1.21,215.31,217.32,2,0
2026-06-12 20:25:18.349,24.01,-0.77,217.28,217.31,2,0
2026-06-12 20:25:18.399,24.02,-0.64,219.23,218.00,2,0
2026-06-12 20:25:18.450,23.97,-0.55,218.47,218.15,2,0
2026-06-12 20:25:18.500,23.86,-0.56,216.59,217.63,2,0
2026-06-12 20:25:18.550,23.80,-0.49,214.47,216.68,2,0
2026-06-12 20:25:18.601,23.87,-0.35,216.24,216.13,2,0
2026-06-12 20:25:18.660,24.12,0.12,218.38,216.81,2,0
2026-06-12 20:25:18.702,24.13,0.11,221.15,219.05,2,0
2026-06-12 20:25:18.753,24.07,0.00,219.25,219.11,2,0
2026-06-12 20:25:18.802,23.98,-0.10,217.46,218.62,2,0
2026-06-12 20:25:18.853,24.03,-0.01,216.96,217.73,2,0
2026-06-12 20:25:18.903,24.23,0.23,219.21,218.17,2,0
2026-06-12 20:25:18.956,24.34,0.36,221.97,220.03,2,0
2026-06-12 20:25:19.004,24.29,0.19,223.26,221.00,2,0
2026-06-12 20:25:19.054,24.26,0.11,219.66,220.61,2,0
2026-06-12 20:25:19.105,24.34,0.22,219.61,220.31,2,0
2026-06-12 20:25:19.155,25.98,2.86,223.03,221.07,2,0
2026-06-12 20:25:19.206,29.62,7.46,267.72,235.94,2,0
2026-06-12 20:25:19.259,30.54,7.87,299.51,269.03,2,0
2026-06-12 20:25:19.306,27.93,2.32,296.67,277.32,2,0
2026-06-12 20:25:19.357,26.82,0.19,220.14,253.63,2,0
2026-06-12 20:25:19.410,25.70,-1.06,219.98,243.53,2,0
2026-06-12 20:25:19.458,25.43,-1.33,224.37,233.37,2,0
2026-06-12 20:25:19.508,24.91,-1.63,225.26,230.94,2,0
2026-06-12 20:25:19.559,24.68,-1.77,219.57,226.24,2,0
2026-06-12 20:25:19.609,24.22,-1.78,219.07,224.09,2,0
2026-06-12 20:25:19.659,24.28,-1.42,215.83,219.95,2,0
2026-06-12 20:25:19.711,24.52,-0.66,221.74,220.49,2,0
2026-06-12 20:25:19.760,24.69,-0.29,226.89,222.70,2,0
2026-06-12 20:25:19.812,24.58,-0.37,227.65,224.19,2,0
2026-06-12 20:25:19.861,24.42,-0.45,221.25,223.21,2,0
2026-06-12 20:25:19.913,24.29,-0.52,218.42,221.78,2,0
2026-06-12 20:25:19.962,24.36,-0.32,219.81,220.57,2,0
2026-06-12 20:25:20.012,24.50,-0.06,222.66,221.20,2,0
2026-06-12 20:25:20.063,24.54,-0.02,224.09,222.49,2,0
2026-06-12 20:25:20.113,24.48,-0.11,223.63,222.83,2,0
2026-06-12 20:25:20.164,24.49,-0.08,221.61,222.31,2,0
2026-06-12 20:25:20.214,24.81,0.44,222.72,222.43,2,0
2026-06-12 20:25:20.264,25.03,0.74,229.29,225.30,2,0
2026-06-12 20:25:20.315,25.17,0.65,231.94,227.29,2,0
2026-06-12 20:25:20.365,25.15,0.51,228.86,228.61,2,0
2026-06-12 20:25:20.416,25.12,0.31,227.83,228.38,2,0
2026-06-12 20:25:20.466,25.25,0.44,227.41,228.10,2,0
2026-06-12 20:25:20.516,25.37,0.47,231.52,229.29,2,0
2026-06-12 20:25:20.567,25.54,0.59,232.90,230.37,2,0
2026-06-12 20:25:20.621,25.49,0.46,233.05,231.92,2,0
2026-06-12 20:25:20.668,25.49,0.35,230.46,231.48,2,0
2026-06-12 20:25:20.718,25.58,0.44,232.05,231.51,2,0
2026-06-12 20:25:20.768,25.74,0.47,234.07,232.28,2,0
2026-06-12 20:25:20.819,25.75,0.35,234.75,233.73,2,0
2026-06-12 20:25:20.869,25.74,0.29,233.38,233.84,2,0
2026-06-12 20:25:20.920,25.70,0.15,233.59,233.76,2,0
2026-06-12 20:25:20.970,25.79,0.28,233.17,233.39,2,0
2026-06-12 20:25:21.021,26.06,0.54,236.03,234.18,2,0
2026-06-12 20:25:21.071,26.18,0.56,239.90,236.69,2,0
2026-06-12 20:25:21.121,26.14,0.44,238.40,237.77,2,0
2026-06-12 20:25:21.172,26.08,0.23,236.43,237.37,2,0
2026-06-12 20:25:21.226,26.14,0.31,236.44,236.80,2,0
2026-06-12 20:25:21.276,26.48,0.63,238.82,237.40,2,0
2026-06-12 20:25:21.323,26.58,0.60,244.38,240.44,2,0
2026-06-12 20:25:21.374,26.55,0.48,240.75,241.37,2,0
2026-06-12 20:25:21.424,26.41,0.14,240.37,241.07,2,0
2026-06-12 20:25:21.476,26.52,0.31,239.14,239.79,2,0
2026-06-12 20:25:21.525,26.75,0.55,243.14,240.79,2,0
2026-06-12 20:25:21.575,26.91,0.63,246.61,242.95,2,0
2026-06-12 20:25:21.625,26.90,0.52,244.79,244.36,2,0
2026-06-12 20:25:21.676,26.76,0.23,244.06,244.27,2,0
2026-06-12 20:25:21.726,26.89,0.38,242.08,242.98,2,0
2026-06-12 20:25:21.777,27.05,0.57,246.12,244.17,2,0
2026-06-12 20:25:21.827,27.21,0.58,248.93,245.60,2,0
2026-06-12 20:25:21.877,27.16,0.33,248.19,247.13,2,0
2026-06-12 20:25:21.928,27.14,0.24,245.23,246.64,2,0
2026-06-12 20:25:21.979,27.25,0.31,245.99,246.44,2,0
2026-06-12 20:25:22.029,27.51,0.62,248.83,247.44,2,0
2026-06-12 20:25:22.079,27.50,0.50,251.86,249.84,2,0
2026-06-12 20:25:22.130,27.28,0.06,249.48,249.73,2,0
2026-06-12 20:25:22.180,27.27,0.04,244.47,247.72,2,0
2026-06-12 20:25:22.230,27.37,0.20,248.60,247.65,2,0
2026-06-12 20:25:22.282,27.54,0.34,250.67,248.56,2,0
2026-06-12 20:25:22.332,31.39,6.27,251.62,250.11,2,0
2026-06-12 20:25:22.382,32.77,7.53,333.02,285.10,2,0
2026-06-12 20:25:22.432,32.61,4.15,326.81,297.61,2,0
2026-06-12 20:25:22.483,30.14,-0.74,270.12,296.13,2,0
2026-06-12 20:25:22.533,29.49,-1.68,252.82,273.74,2,0
2026-06-12 20:25:22.583,28.47,-2.35,253.90,267.79,2,0
2026-06-12 20:25:22.634,27.84,-2.64,249.43,258.54,1,0
2026-06-12 20:25:22.684,27.73,-2.08,246.78,252.85,1,0
2026-06-12 20:25:22.734,27.75,-1.75,250.82,251.83,1,0
2026-06-12 20:25:22.785,27.68,-1.40,252.52,252.04,1,0
2026-06-12 20:25:22.836,27.38,-1.47,249.03,251.33,1,0
2026-06-12 20:25:22.886,27.23,-1.38,245.15,248.67,1,0
2026-06-12 20:25:22.937,27.22,-1.00,243.90,247.24,1,0
2026-06-12 20:25:22.987,27.35,-0.53,246.85,247.21,1,0
2026-06-12 20:25:23.038,27.30,-0.50,249.45,248.38,1,0
2026-06-12 20:25:23.087,26.96,-0.88,246.70,247.88,1,0
2026-06-12 20:25:23.138,26.79,-1.03,240.71,244.81,1,0
2026-06-12 20:25:23.188,26.65,-0.85,239.69,243.28,1,0
2026-06-12 20:25:23.239,26.65,-0.61,241.86,242.04,1,0
2026-06-12 20:25:23.292,26.59,-0.57,242.22,242.06,1,0
2026-06-12 20:25:23.340,26.33,-0.80,240.17,241.49,1,0
2026-06-12 20:25:23.390,26.21,-0.89,236.28,239.15,1,0
2026-06-12 20:25:23.440,26.26,-0.54,235.35,238.01,1,0
2026-06-12 20:25:23.492,26.46,-0.07,240.06,238.42,1,0
2026-06-12 20:25:23.542,26.47,-0.06,242.78,240.29,1,0
2026-06-12 20:25:23.592,26.32,-0.27,240.48,240.35,1,0
2026-06-12 20:25:23.642,26.18,-0.46,237.41,238.97,1,0
2026-06-12 20:25:23.694,26.28,-0.17,234.84,237.73,1,0
2026-06-12 20:25:23.743,26.56,0.31,240.69,238.66,1,0
2026-06-12 20:25:23.794,26.59,0.32,244.24,241.18,1,0
2026-06-12 20:25:23.844,26.39,-0.02,242.14,241.47,1,0
2026-06-12 20:25:23.894,26.38,-0.01,237.38,239.63,1,0
2026-06-12 20:25:23.945,26.52,0.10,240.65,239.55,1,0
2026-06-12 20:25:23.996,26.84,0.57,243.71,240.80,1,0
2026-06-12 20:25:24.045,26.87,0.54,247.09,243.71,1,0
2026-06-12 20:25:24.096,26.81,0.29,244.80,244.04,1,0
2026-06-12 20:25:24.146,26.72,0.07,242.19,243.46,1,0
2026-06-12 20:25:24.197,26.75,0.12,242.04,242.64,1,0
2026-06-12 20:25:24.251,26.99,0.35,243.70,242.95,1,0
2026-06-12 20:25:24.298,27.00,0.25,247.36,245.08,1,0
2026-06-12 20:25:24.350,26.90,0.13,243.95,245.16,1,0
2026-06-12 20:25:24.398,26.88,0.09,242.16,244.26,1,0
2026-06-12 20:25:24.449,27.35,0.79,246.00,244.10,1,0
2026-06-12 20:25:24.499,27.59,1.07,253.64,248.40,1,0
2026-06-12 20:25:24.550,27.51,0.63,255.69,250.59,1,0
2026-06-12 20:25:24.600,27.18,-0.04,247.88,249.80,1,0
2026-06-12 20:25:24.652,27.23,0.05,244.49,246.81,1,0
2026-06-12 20:25:24.702,27.56,0.52,248.45,247.30,1,0
2026-06-12 20:25:24.752,27.72,0.60,255.74,250.29,1,0
2026-06-12 20:25:24.802,27.71,0.49,251.83,251.72,1,0
2026-06-12 20:25:24.852,27.44,0.04,251.30,251.60,1,0
2026-06-12 20:25:24.902,27.51,0.14,246.37,249.20,1,0
2026-06-12 20:25:24.957,27.65,0.32,251.25,249.79,1,0
2026-06-12 20:25:25.003,27.68,0.30,252.55,251.12,1,0
2026-06-12 20:25:25.054,27.51,-0.05,252.06,251.40,1,0
2026-06-12 20:25:25.104,27.46,-0.11,247.88,249.84,1,0
2026-06-12 20:25:25.154,27.58,0.01,249.64,249.32,1,0
2026-06-12 20:25:25.205,31.94,6.79,253.12,250.46,1,0
2026-06-12 20:25:25.255,34.67,9.06,342.50,290.01,1,0
2026-06-12 20:25:25.306,33.41,5.68,337.99,314.87,1,0
2026-06-12 20:25:25.356,30.54,0.96,276.64,303.40,1,0
2026-06-12 20:25:25.406,29.41,-0.97,252.92,277.33,1,0
2026-06-12 20:25:25.457,28.75,-1.72,258.01,267.12,1,0
2026-06-12 20:25:25.511,28.40,-1.76,253.92,261.10,1,0
2026-06-12 20:25:25.558,27.81,-2.14,250.39,257.89,1,0
2026-06-12 20:25:25.608,27.95,-1.31,248.15,252.54,1,0
2026-06-12 20:25:25.659,28.19,-0.73,256.51,253.82,0,0
2026-06-12 20:25:25.709,28.31,-0.48,261.02,255.98,0,0
2026-06-12 20:25:25.759,28.18,-0.54,256.22,257.06,0,0
2026-06-12 20:25:25.810,32.82,6.69,254.90,255.88,0,0
2026-06-12 20:25:25.860,34.37,6.98,340.92,298.02,0,0
2026-06-12 20:25:25.911,31.91,1.28,344.99,312.11,0,0
2026-06-12 20:25:25.961,29.95,-2.06,261.39,289.75,0,0
2026-06-12 20:25:26.012,29.37,-2.68,253.64,272.01,0,0
2026-06-12 20:25:26.062,28.69,-2.64,254.40,266.73,0,0
2026-06-12 20:25:26.113,28.68,-1.91,255.65,260.52,0,0
2026-06-12 20:25:26.163,28.64,-1.46,261.14,260.46,0,0
2026-06-12 20:25:26.213,28.59,-1.32,258.76,260.05,0,0
2026-06-12 20:25:26.264,28.40,-1.15,258.63,259.62,0,0
2026-06-12 20:25:26.314,28.50,-0.69,256.43,257.93,0,0
2026-06-12 20:25:26.364,28.68,-0.22,259.79,258.78,0,0
2026-06-12 20:25:26.415,28.68,-0.19,262.05,260.44,0,0
2026-06-12 20:25:26.466,28.47,-0.36,260.42,260.43,0,0
2026-06-12 20:25:26.516,28.40,-0.35,256.74,258.55,0,0
2026-06-12 20:25:26.566,28.70,0.21,258.31,257.93,0,0
2026-06-12 20:25:26.616,28.87,0.44,264.32,260.65,0,0
2026-06-12 20:25:26.667,28.79,0.20,265.65,262.15,0,0
2026-06-12 20:25:26.717,28.67,-0.03,259.92,261.44,0,0
2026-06-12 20:25:26.768,28.85,0.28,260.17,260.32,0,0
2026-06-12 20:25:26.818,28.93,0.37,265.18,262.02,0,0
2026-06-12 20:25:26.869,28.97,0.31,264.40,262.73,0,0
2026-06-12 20:25:26.919,28.91,0.13,263.31,263.09,0,0
2026-06-12 20:25:26.969,28.81,-0.04,262.49,262.54,0,0
2026-06-12 20:25:27.020,28.97,0.22,261.46,261.61,0,0
2026-06-12 20:25:27.071,29.11,0.30,264.89,263.08,0,0
2026-06-12 20:25:27.121,29.03,0.07,267.36,264.36,0,0
2026-06-12 20:25:27.171,28.88,-0.18,260.85,263.60,0,0
2026-06-12 20:25:27.222,28.93,-0.03,261.03,262.24,0,0
2026-06-12 20:25:27.272,29.02,0.05,264.69,262.75,0,0
2026-06-12 20:25:27.323,28.95,-0.09,265.26,263.50,0,0
2026-06-12 20:25:27.380,28.62,-0.58,261.17,262.86,0,0
2026-06-12 20:25:27.423,28.69,-0.28,255.68,259.86,0,0
2026-06-12 20:25:27.474,28.88,0.06,263.24,260.55,0,0
2026-06-12 20:25:27.524,29.20,0.35,266.24,262.26,0,0
2026-06-12 20:25:27.574,29.07,0.06,266.94,265.13,0,0
2026-06-12 20:25:27.625,28.89,-0.23,262.35,264.01,0,0
2026-06-12 20:25:27.675,28.91,-0.16,261.02,262.31,2,0
2026-06-12 20:25:27.726,28.98,-0.04,263.07,262.54,2,0
2026-06-12 20:25:27.776,32.88,6.08,263.69,263.19,2,0
2026-06-12 20:25:27.827,35.59,8.41,349.10,298.55,2,0
2026-06-12 20:25:27.877,32.83,1.73,344.84,323.23,2,0
2026-06-12 20:25:27.927,31.75,0.59,262.52,298.09,2,0
2026-06-12 20:25:27.978,30.65,-1.24,265.41,288.29,2,0
2026-06-12 20:25:28.028,29.93,-1.99,268.73,278.35,2,0
2026-06-12 20:25:28.079,29.54,-2.02,265.26,271.80,2,0
2026-06-12 20:25:28.129,29.53,-1.74,264.86,268.25,2,0
2026-06-12 20:25:28.180,29.50,-1.25,267.83,268.12,2,0
2026-06-12 20:25:28.230,29.46,-0.98,268.41,267.91,2,0
2026-06-12 20:25:28.280,29.15,-1.19,266.04,267.54,2,0
2026-06-12 20:25:28.332,28.82,-1.36,260.30,264.74,2,0
2026-06-12 20:25:28.387,32.95,5.52,259.87,261.69,2,0
2026-06-12 20:25:28.431,36.01,8.49,353.39,299.24,2,0
2026-06-12 20:25:28.482,32.88,1.23,350.63,327.00,2,0
2026-06-12 20:25:28.532,31.38,-1.36,258.44,298.59,2,0
2026-06-12 20:25:28.583,29.55,-3.04,253.14,284.96,2,0
2026-06-12 20:25:28.633,28.67,-3.52,251.67,268.34,2,0
2026-06-12 20:25:28.684,28.36,-3.49,253.47,260.36,2,0
2026-06-12 20:25:28.734,27.65,-3.39,250.98,257.54,2,0
2026-06-12 20:25:28.784,26.95,-3.51,242.99,251.10,2,0
2026-06-12 20:25:28.835,26.67,-3.22,237.03,244.78,2,0
2026-06-12 20:25:28.885,26.25,-2.97,236.09,242.17,2,0
2026-06-12 20:25:28.936,26.11,-2.76,233.43,238.37,2,0
2026-06-12 20:25:28.986,25.53,-2.73,234.12,237.10,2,0
2026-06-12 20:25:29.037,25.21,-2.83,224.62,231.82,2,0
2026-06-12 20:25:29.087,24.51,-2.84,222.10,228.90,2,0
2026-06-12 20:25:29.137,24.29,-2.59,216.05,222.59,2,0
2026-06-12 20:25:29.188,23.92,-2.44,215.80,220.55,2,0
2026-06-12 20:25:29.242,23.67,-2.28,213.86,217.19,2,0
2026-06-12 20:25:29.289,23.35,-2.46,209.65,214.93,2,0
2026-06-12 20:25:29.339,22.68,-2.60,205.46,212.09,2,0
2026-06-12 20:25:29.390,22.37,-2.47,198.18,205.99,2,0
2026-06-12 20:25:29.440,22.08,-2.34,196.37,203.10,2,0
2026-06-12 20:25:29.490,21.77,-2.49,194.52,200.53,2,0
2026-06-12 20:25:29.542,21.14,-2.58,191.08,197.70,2,0
2026-06-12 20:25:29.592,20.75,-2.51,184.57,191.94,2,0
2026-06-12 20:25:29.642,20.35,-2.46,180.34,188.46,2,0
2026-06-12 20:25:29.692,19.94,-2.44,176.34,184.83,2,0
2026-06-12 20:25:29.743,19.60,-2.61,172.29,181.07,2,0
2026-06-12 20:25:29.793,19.32,-2.45,170.93,178.03,2,0
2026-06-12 20:25:29.843,19.10,-2.27,169.56,175.49,2,0
2026-06-12 20:25:29.894,18.91,-2.08,168.62,173.42,2,0
2026-06-12 20:25:29.945,18.67,-1.97,167.76,171.73,2,0
2026-06-12 20:25:29.995,18.17,-2.02,164.38,169.52,2,0
2026-06-12 20:25:30.045,17.86,-1.97,159.64,164.96,2,0
2026-06-12 20:25:30.096,17.64,-1.86,155.78,162.21,2,0
2026-06-12 20:25:30.146,17.44,-1.74,155.37,160.16,2,0
2026-06-12 20:25:30.196,17.24,-1.64,154.25,158.39,2,0
2026-06-12 20:25:30.247,17.10,-1.52,152.34,156.57,2,0
2026-06-12 20:25:30.297,16.86,-1.48,152.13,155.24,2,0
2026-06-12 20:25:30.348,16.55,-1.52,148.23,153.14,2,0
2026-06-12 20:25:30.398,16.55,-1.52,143.76,150.32,2,0
2026-06-12 20:25:30.449,16.24,-1.46,143.76,150.32,2,0
2026-06-12 20:25:30.499,15.90,-1.52,140.88,147.49,2,0
2026-06-12 20:25:30.549,15.58,-1.56,137.21,144.41,2,0
2026-06-12 20:25:30.600,15.30,-1.56,134.61,141.47,2,0
2026-06-12 20:25:30.650,15.01,-1.48,132.96,138.92,2,0
2026-06-12 20:25:30.700,14.72,-1.50,130.28,136.32,2,0
2026-06-12 20:25:30.752,14.72,-1.50,127.46,133.66,2,0
2026-06-12 20:25:30.801,14.39,-1.46,127.46,133.66,2,0
2026-06-12 20:25:30.852,14.01,-1.55,123.75,130.69,2,0
2026-06-12 20:25:30.902,13.61,-1.54,119.17,127.23,2,0
2026-06-12 20:25:30.954,13.61,-1.54,115.00,123.56,2,0
2026-06-12 20:25:31.003,13.21,-1.53,115.00,123.56,2,0
2026-06-12 20:25:31.053,12.81,-1.52,111.46,119.93,2,0
2026-06-12 20:25:31.104,12.81,-1.52,107.95,116.34,2,0
2026-06-12 20:25:31.158,12.47,-1.48,107.95,116.34,2,0
2026-06-12 20:25:31.205,12.17,-1.42,106.14,113.28,2,0
2026-06-12 20:25:31.255,12.17,-1.42,104.21,110.56,2,0
2026-06-12 20:25:31.306,11.88,-1.37,104.21,110.56,2,0
2026-06-12 20:25:31.356,11.61,-1.31,101.75,107.92,2,0
2026-06-12 20:25:31.406,11.61,-1.31,99.70,105.45,2,0
2026-06-12 20:25:31.457,11.35,-1.26,99.70,105.45,2,0
2026-06-12 20:25:31.507,11.09,-1.21,97.38,103.03,2,0
2026-06-12 20:25:31.558,11.09,-1.21,95.26,100.70,2,0
2026-06-12 20:25:31.608,10.87,-1.15,95.26,100.70,2,0
2026-06-12 20:25:31.664,10.73,-1.06,94.11,98.72,2,0
2026-06-12 20:25:31.712,10.73,-1.06,94.48,97.45,2,0
2026-06-12 20:25:31.759,10.66,-0.94,94.48,97.45,2,0
2026-06-12 20:25:31.810,10.66,-0.80,95.28,96.80,2,0
2026-06-12 20:25:31.860,10.66,-0.80,96.80,96.80,2,0
2026-06-12 20:25:31.911,10.71,-0.65,96.80,96.80,2,0
2026-06-12 20:25:31.962,10.77,-0.52,98.18,97.21,2,0
2026-06-12 20:25:32.012,10.77,-0.52,99.08,97.77,2,0
2026-06-12 20:25:32.062,10.82,-0.41,99.08,97.77,2,0
2026-06-12 20:25:32.112,10.88,-0.32,99.53,98.30,2,0
2026-06-12 20:25:32.163,10.88,-0.32,100.08,98.83,2,0
2026-06-12 20:25:32.213,10.95,-0.23,100.08,98.83,2,0
2026-06-12 20:25:32.264,11.08,-0.12,100.76,99.41,2,0
2026-06-12 20:25:32.314,11.08,-0.12,103.49,100.64,2,0
2026-06-12 20:25:32.365,11.24,-0.02,103.49,100.64,2,0
2026-06-12 20:25:32.415,11.40,0.12,105.35,102.05,2,0
2026-06-12 20:25:32.465,11.60,0.21,106.91,103.51,2,0
2026-06-12 20:25:32.516,11.60,0.21,109.69,105.36,2,0
2026-06-12 20:25:32.566,11.73,0.25,109.69,105.36,2,0
2026-06-12 20:25:32.617,12.62,1.54,109.19,106.51,2,0
2026-06-12 20:25:32.667,13.76,2.26,130.76,114.60,2,0
2026-06-12 20:25:32.717,13.76,2.26,149.16,124.97,2,0
2026-06-12 20:25:32.768,14.63,2.40,149.16,124.97,2,0
2026-06-12 20:25:32.818,15.23,2.53,151.32,132.88,2,0
2026-06-12 20:25:32.869,14.83,1.94,150.84,138.27,2,0
2026-06-12 20:25:32.919,14.16,1.09,126.42,134.71,1,0
2026-06-12 20:25:32.974,14.16,1.09,114.45,128.63,1,0
2026-06-12 20:25:33.020,13.71,0.67,114.45,128.63,1,0
2026-06-12 20:25:33.070,13.40,0.41,114.73,124.46,1,0
2026-06-12 20:25:33.121,13.16,0.14,115.33,121.72,1,0
2026-06-12 20:25:33.171,13.16,0.14,114.20,119.47,1,0
2026-06-12 20:25:33.222,13.00,0.04,114.20,119.47,1,0
2026-06-12 20:25:33.272,12.88,-0.07,114.72,118.04,1,0
2026-06-12 20:25:33.322,12.83,-0.09,114.36,116.94,1,0
2026-06-12 20:25:33.373,12.87,-0.04,115.37,116.47,1,0
2026-06-12 20:25:33.423,12.87,-0.04,117.73,116.85,1,0
2026-06-12 20:25:33.473,12.87,-0.04,117.73,116.85,1,0
2026-06-12 20:25:33.524,12.92,0.01,116.85,116.85,1,0
2026-06-12 20:25:33.574,12.97,0.04,118.38,117.31,1,0
2026-06-12 20:25:33.625,12.99,0.05,118.77,117.75,1,0
2026-06-12 20:25:33.675,12.99,0.05,118.40,117.94,1,0
2026-06-12 20:25:33.725,13.01,0.06,118.40,117.94,1,0
2026-06-12 20:25:33.776,13.04,0.07,118.71,118.17,1,0
2026-06-12 20:25:33.826,13.06,0.07,119.09,118.45,1,0
2026-06-12 20:25:33.877,13.11,0.10,119.10,118.64,1,0
2026-06-12 20:25:33.927,13.11,0.10,120.12,119.09,1,0
2026-06-12 20:25:33.977,13.21,0.14,120.12,119.09,1,0
2026-06-12 20:25:34.028,13.29,0.18,122.00,119.96,1,0
2026-06-12 20:25:34.078,13.36,0.20,122.33,120.67,1,0
2026-06-12 20:25:34.129,13.39,0.19,122.77,121.30,1,0
2026-06-12 20:25:34.179,13.39,0.19,122.31,121.60,1,0
2026-06-12 20:25:34.229,13.38,0.16,122.31,121.60,1,0
2026-06-12 20:25:34.280,13.35,0.10,121.42,121.55,1,0
2026-06-12 20:25:34.330,13.37,0.11,120.35,121.19,1,0
2026-06-12 20:25:34.383,13.45,0.14,121.92,121.41,1,0
2026-06-12 20:25:34.431,13.51,0.16,123.87,122.15,1,0
2026-06-12 20:25:34.481,13.64,0.25,123.93,122.68,1,0
2026-06-12 20:25:34.532,13.64,0.25,126.53,123.84,1,0
2026-06-12 20:25:34.582,13.66,0.22,126.53,123.84,1,0
2026-06-12 20:25:34.633,13.64,0.17,124.61,124.07,1,0
2026-06-12 20:25:34.683,13.65,0.15,123.33,123.85,1,0
2026-06-12 20:25:34.733,13.60,0.08,124.21,123.95,1,0
2026-06-12 20:25:34.784,13.63,0.10,122.38,123.48,1,0
2026-06-12 20:25:34.834,13.63,0.10,124.57,123.81,1,0
2026-06-12 20:25:34.885,13.66,0.10,124.57,123.81,1,0
2026-06-12 20:25:34.935,13.69,0.11,124.49,124.01,1,0
2026-06-12 20:25:34.985,13.77,0.14,125.00,124.31,1,0
2026-06-12 20:25:35.036,13.74,0.10,126.66,125.01,1,0
2026-06-12 20:25:35.086,13.74,0.10,124.29,124.80,1,0
2026-06-12 20:25:35.137,13.69,0.05,124.29,124.80,1,0
2026-06-12 20:25:35.187,13.62,-0.01,123.29,124.35,1,0
2026-06-12 20:25:35.238,13.56,-0.06,122.06,123.66,1,0
2026-06-12 20:25:35.288,13.58,-0.04,122.04,123.17,1,0
2026-06-12 20:25:35.339,13.69,0.05,123.75,123.35,1,0
2026-06-12 20:25:35.389,13.89,0.21,126.53,124.30,1,0
2026-06-12 20:25:35.439,14.08,0.34,130.45,126.15,1,0
2026-06-12 20:25:35.490,14.08,0.34,131.82,127.85,1,0
2026-06-12 20:25:35.540,14.30,0.41,131.82,127.85,1,0
2026-06-12 20:25:35.590,14.54,0.54,134.51,129.85,1,0
2026-06-12 20:25:35.642,14.75,0.64,137.13,132.03,1,0
2026-06-12 20:25:35.694,15.03,0.77,138.44,133.95,1,0
2026-06-12 20:25:35.742,15.36,0.93,142.31,136.46,1,0
2026-06-12 20:25:35.793,16.11,1.55,146.44,139.46,1,0
2026-06-12 20:25:35.842,16.50,1.64,153.98,146.30,1,0
2026-06-12 20:25:35.893,16.82,1.66,157.99,149.81,1,0
2026-06-12 20:25:35.943,17.06,1.61,159.65,152.76,1,0
2026-06-12 20:25:35.994,17.27,1.54,160.01,154.94,0,0
2026-06-12 20:25:36.044,17.41,1.42,161.13,156.79,0,0
2026-06-12 20:25:36.094,17.58,1.49,161.05,158.07,0,0
2026-06-12 20:25:36.145,17.76,1.42,163.25,159.62,0,0
2026-06-12 20:25:36.195,17.93,1.34,165.19,161.29,0,0
2026-06-12 20:25:36.246,18.26,1.33,166.27,162.79,0,0
2026-06-12 20:25:36.297,18.31,1.17,168.41,165.84,0,0
2026-06-12 20:25:36.346,18.44,1.10,167.29,166.28,0,0
2026-06-12 20:25:36.397,18.50,0.98,170.33,167.49,0,0
2026-06-12 20:25:36.460,18.63,1.05,169.05,167.96,0,0
2026-06-12 20:25:36.498,18.87,1.09,172.10,169.20,0,0
2026-06-12 20:25:36.548,19.25,1.26,176.46,171.38,0,0
2026-06-12 20:25:36.599,19.42,1.21,179.36,174.81,0,0
2026-06-12 20:25:36.649,22.38,5.51,179.89,176.33,0,0
2026-06-12 20:25:36.700,23.55,6.56,240.27,203.22,0,0
2026-06-12 20:25:36.750,24.43,6.31,238.80,213.89,0,0
2026-06-12 20:25:36.801,22.74,2.42,240.38,221.84,0,0
2026-06-12 20:25:36.851,22.09,1.52,185.53,206.50,0,0
2026-06-12 20:25:36.904,21.71,0.69,186.71,200.56,0,0
2026-06-12 20:25:36.952,21.19,-0.13,189.21,197.16,0,0
2026-06-12 20:25:37.002,20.89,-0.35,186.82,192.44,0,0
2026-06-12 20:25:37.052,20.61,-0.54,183.44,189.74,0,0
2026-06-12 20:25:37.103,20.45,-0.71,181.03,187.13,0,0
2026-06-12 20:25:37.153,20.63,-0.23,182.49,185.73,0,0
2026-06-12 20:25:37.204,20.85,-0.00,190.97,187.31,0,0
2026-06-12 20:25:37.254,21.10,0.40,194.18,189.37,0,0
2026-06-12 20:25:37.304,21.43,0.66,196.71,191.57,0,0
2026-06-12 20:25:37.355,21.46,0.58,197.55,194.59,0,0
2026-06-12 20:25:37.406,21.36,0.42,195.41,194.84,0,0
2026-06-12 20:25:37.456,21.20,0.09,191.98,193.98,0,0
2026-06-12 20:25:37.508,20.94,-0.15,189.20,192.55,0,0
2026-06-12 20:25:37.556,20.50,-0.61,184.44,190.11,0,0
2026-06-12 20:25:37.607,20.33,-0.66,181.74,186.18,0,0
2026-06-12 20:25:37.657,20.38,-0.49,180.92,184.60,0,0
2026-06-12 20:25:37.708,20.39,-0.40,186.06,185.04,0,0
2026-06-12 20:25:37.758,20.44,-0.22,185.42,185.16,0,0
2026-06-12 20:25:37.809,20.36,-0.25,186.41,185.62,0,0
2026-06-12 20:25:37.859,20.31,-0.31,183.34,184.93,0,0
2026-06-12 20:25:37.909,20.21,-0.34,183.18,184.41,0,0
2026-06-12 20:25:37.960,20.01,-0.46,181.37,183.50,0,0
2026-06-12 20:25:38.011,19.63,-0.78,177.53,181.71,2,0
2026-06-12 20:25:38.062,19.49,-0.78,174.12,178.25,2,0
2026-06-12 20:25:38.111,19.47,-0.68,173.98,176.96,2,0
2026-06-12 20:25:38.162,19.49,-0.55,176.32,176.77,2,0
2026-06-12 20:25:38.212,19.54,-0.42,177.38,176.95,2,0
2026-06-12 20:25:38.262,19.39,-0.53,178.48,177.41,2,0
2026-06-12 20:25:38.313,19.28,-0.55,173.31,176.10,2,0
2026-06-12 20:25:38.363,19.22,-0.51,172.79,175.11,2,0
2026-06-12 20:25:38.414,20.51,1.77,173.24,174.55,2,0
2026-06-12 20:25:38.464,22.35,4.45,212.86,186.25,2,0
2026-06-12 20:25:38.514,24.40,5.46,241.88,202.94,2,0
2026-06-12 20:25:38.565,23.60,3.97,239.10,221.57,2,0
2026-06-12 20:25:38.615,22.36,2.37,197.22,214.27,2,0
2026-06-12 20:25:38.666,21.51,0.60,176.93,203.07,2,0
2026-06-12 20:25:38.716,20.96,0.06,177.39,195.36,2,0
2026-06-12 20:25:38.766,20.51,-0.37,178.61,190.34,2,0
2026-06-12 20:25:38.817,20.50,-0.32,184.20,186.25,2,0
2026-06-12 20:25:38.867,20.52,-0.25,185.92,186.15,2,0
2026-06-12 20:25:38.918,20.54,-0.19,186.68,186.31,2,0
2026-06-12 20:25:38.968,20.42,-0.25,187.01,186.52,2,0
2026-06-12 20:25:39.019,20.44,-0.20,184.77,185.41,2,0
2026-06-12 20:25:39.069,20.55,0.01,185.98,185.58,2,0
2026-06-12 20:25:39.119,20.90,0.41,188.91,186.58,2,0
2026-06-12 20:25:39.170,21.02,0.45,193.26,189.80,2,0
2026-06-12 20:25:39.220,21.04,0.40,193.27,190.84,2,0
2026-06-12 20:25:39.271,21.00,0.28,191.44,191.02,2,0
2026-06-12 20:25:39.321,20.83,-0.01,189.95,190.70,2,0
2026-06-12 20:25:39.372,20.82,-0.01,187.24,189.15,2,0
2026-06-12 20:25:39.422,20.87,0.07,188.78,189.04,2,0
2026-06-12 20:25:39.472,20.85,0.05,190.52,189.49,2,0
2026-06-12 20:25:39.523,20.71,-0.17,188.99,189.34,2,0
2026-06-12 20:25:39.573,20.46,-0.35,185.65,188.10,2,0
2026-06-12 20:25:39.623,20.30,-0.44,180.47,185.81,2,0
2026-06-12 20:25:39.674,20.15,-0.62,180.82,184.31,2,0
2026-06-12 20:25:39.725,20.01,-0.64,179.81,182.96,2,0
2026-06-12 20:25:39.775,19.93,-0.60,178.91,181.74,2,0
2026-06-12 20:25:39.825,19.79,-0.62,179.22,180.96,2,0
2026-06-12 20:25:39.876,19.61,-0.68,176.88,179.74,2,0
2026-06-12 20:25:39.926,19.28,-0.85,174.22,178.08,2,0
2026-06-12 20:25:39.976,19.04,-1.12,168.13,175.10,2,0
2026-06-12 20:25:40.027,18.81,-1.14,167.89,172.93,2,0
2026-06-12 20:25:40.077,18.65,-1.11,165.99,170.85,2,0
2026-06-12 20:25:40.128,18.61,-0.97,165.79,169.33,2,0
2026-06-12 20:25:40.178,18.35,-1.02,168.29,169.02,2,0
2026-06-12 20:25:40.229,18.16,-1.03,163.66,166.68,2,0
2026-06-12 20:25:40.279,17.86,-1.12,160.82,164.92,2,0
2026-06-12 20:25:40.329,17.58,-1.19,155.72,162.16,2,0
2026-06-12 20:25:40.380,17.34,-1.20,153.69,159.62,2,0
2026-06-12 20:25:40.430,17.15,-1.18,152.57,157.51,2,0
2026-06-12 20:25:40.483,17.04,-1.09,151.52,155.71,2,0
2026-06-12 20:25:40.532,16.91,-1.04,152.61,154.78,2,0
2026-06-12 20:25:40.581,16.74,-1.03,150.69,153.55,2,0
2026-06-12 20:25:40.632,16.50,-1.06,148.33,151.99,2,0
2026-06-12 20:25:40.682,16.50,-1.06,144.89,149.86,2,0
2026-06-12 20:25:40.733,16.19,-1.08,144.89,149.86,2,0
2026-06-12 20:25:40.783,15.82,-1.22,140.27,146.98,2,0
2026-06-12 20:25:40.834,15.49,-1.31,135.89,143.65,2,0
2026-06-12 20:25:40.884,15.20,-1.35,133.62,140.64,2,0
2026-06-12 20:25:40.934,14.97,-1.27,132.01,138.05,2,0
2026-06-12 20:25:40.986,14.77,-1.25,131.04,135.95,2,0
2026-06-12 20:25:41.035,14.77,-1.25,129.85,134.12,2,0
2026-06-12 20:25:41.087,14.53,-1.19,129.85,134.12,2,0
2026-06-12 20:25:41.136,14.24,-1.25,126.88,131.95,2,0
2026-06-12 20:25:41.187,13.92,-1.24,123.14,129.31,2,0
2026-06-12 20:25:41.237,13.57,-1.34,119.56,126.38,2,0
2026-06-12 20:25:41.287,13.57,-1.34,115.96,123.26,2,0
2026-06-12 20:25:41.338,13.25,-1.31,115.96,123.26,2,0
2026-06-12 20:25:41.388,13.00,-1.26,113.62,120.36,2,0
2026-06-12 20:25:41.439,12.77,-1.26,112.73,118.08,2,0
2026-06-12 20:25:41.489,12.77,-1.26,111.14,115.99,2,0
2026-06-12 20:25:41.540,12.58,-1.18,111.14,115.99,2,0
2026-06-12 20:25:41.590,12.36,-1.12,110.07,114.22,2,0
2026-06-12 20:25:41.640,12.36,-1.12,107.61,112.24,2,0
2026-06-12 20:25:41.692,12.08,-1.11,107.61,112.24,2,0
2026-06-12 20:25:41.741,11.75,-1.12,103.71,109.68,2,0
2026-06-12 20:25:41.792,11.75,-1.12,99.61,106.66,2,0
2026-06-12 20:25:41.844,11.37,-1.11,99.61,106.66,2,0
2026-06-12 20:25:41.895,11.37,-1.11,95.41,103.28,2,0
2026-06-12 20:25:41.943,11.02,-1.14,95.41,103.28,2,0
2026-06-12 20:25:41.993,10.67,-1.16,92.50,100.05,2,0
2026-06-12 20:25:42.044,10.67,-1.16,89.67,96.94,2,0
2026-06-12 20:25:42.094,10.34,-1.12,89.67,96.94,2,0
2026-06-12 20:25:42.145,10.34,-1.12,86.78,93.89,2,0
2026-06-12 20:25:42.195,10.00,-1.09,86.78,93.89,2,0
2026-06-12 20:25:42.245,10.00,-1.09,83.73,90.84,2,0
2026-06-12 20:25:42.296,9.63,-1.08,83.73,90.84,2,0
2026-06-12 20:25:42.346,9.63,-1.08,79.54,87.45,2,0
2026-06-12 20:25:42.397,9.22,-1.09,79.54,87.45,2,0
2026-06-12 20:25:42.447,9.22,-1.09,74.91,83.69,2,0
2026-06-12 20:25:42.497,9.22,-1.09,74.91,83.69,2,0
2026-06-12 20:25:42.548,8.74,-1.09,74.91,83.69,2,0
2026-06-12 20:25:42.598,8.74,-1.09,69.17,79.33,2,0
2026-06-12 20:25:42.649,8.25,-1.09,69.17,79.33,2,0
2026-06-12 20:25:42.699,8.25,-1.09,64.54,74.90,2,0
2026-06-12 20:25:42.750,8.25,-1.09,64.54,74.90,2,0
2026-06-12 20:25:42.800,7.76,-1.06,64.54,74.90,2,0
2026-06-12 20:25:42.850,7.76,-1.06,60.23,70.50,2,0
2026-06-12 20:25:42.902,7.76,-1.06,60.23,70.50,2,0
2026-06-12 20:25:42.952,7.31,-1.05,60.23,70.50,2,0
2026-06-12 20:25:43.003,7.31,-1.05,56.81,66.39,2,0
2026-06-12 20:25:43.052,7.31,-1.05,56.81,66.39,2,0
2026-06-12 20:25:43.102,6.91,-1.00,56.81,66.39,2,0
2026-06-12 20:25:43.153,6.91,-1.00,54.19,62.73,2,0
2026-06-12 20:25:43.203,6.91,-1.00,54.19,62.73,2,0
2026-06-12 20:25:43.254,6.54,-0.95,54.19,62.73,2,0
2026-06-12 20:25:43.304,6.54,-0.95,51.69,59.42,2,0
2026-06-12 20:25:43.355,6.54,-0.95,51.69,59.42,2,0
2026-06-12 20:25:43.405,6.24,-0.89,51.69,59.42,2,0
2026-06-12 20:25:43.456,6.24,-0.89,50.37,56.70,2,0
2026-06-12 20:25:43.512,6.24,-0.89,50.37,56.70,2,0
2026-06-12 20:25:43.556,6.03,-0.82,50.37,56.70,2,0
2026-06-12 20:25:43.607,6.03,-0.82,50.18,54.75,2,0
2026-06-12 20:25:43.657,5.93,-0.73,50.18,54.75,2,0
2026-06-12 20:25:43.708,5.93,-0.73,51.64,53.81,2,0
2026-06-12 20:25:43.758,5.93,-0.73,51.64,53.81,2,0
2026-06-12 20:25:43.808,5.96,-0.61,51.64,53.81,2,0
2026-06-12 20:25:43.859,5.96,-0.61,54.94,54.15,2,0
2026-06-12 20:25:43.909,6.14,-0.44,54.94,54.15,2,0
2026-06-12 20:25:43.960,6.14,-0.44,59.47,55.75,2,0
2026-06-12 20:25:44.010,6.45,-0.25,59.47,55.75,2,0
2026-06-12 20:25:44.061,6.45,-0.25,65.02,58.53,2,0
2026-06-12 20:25:44.111,6.87,-0.04,65.02,58.53,2,0
2026-06-12 20:25:44.162,7.36,0.24,71.51,62.42,2,0
2026-06-12 20:25:44.212,7.36,0.24,77.07,66.82,2,0
2026-06-12 20:25:44.262,7.86,0.41,77.07,66.82,2,0
2026-06-12 20:25:44.313,7.86,0.41,82.13,71.41,2,0
2026-06-12 20:25:44.363,8.35,0.62,82.13,71.41,2,0
2026-06-12 20:25:44.414,8.83,0.79,86.21,75.85,2,0
2026-06-12 20:25:44.464,8.83,0.79,90.22,80.16,2,0
2026-06-12 20:25:44.514,9.27,0.91,90.22,80.16,2,0
2026-06-12 20:25:44.565,9.73,1.03,93.64,84.21,2,0
2026-06-12 20:25:44.615,9.73,1.03,98.16,88.39,2,0
2026-06-12 20:25:44.665,11.28,2.74,98.16,88.39,2,0
2026-06-12 20:25:44.716,12.80,4.78,124.95,102.40,2,0
2026-06-12 20:25:44.766,13.92,4.68,148.60,116.26,2,0
2026-06-12 20:25:44.817,14.77,4.69,150.02,126.39,2,0
2026-06-12 20:25:44.867,14.77,4.69,152.20,134.13,2,0
2026-06-12 20:25:44.917,14.56,3.87,152.20,134.13,2,0
2026-06-12 20:25:44.968,14.04,2.86,127.71,132.21,2,0
2026-06-12 20:25:45.018,13.73,2.26,116.40,127.46,2,0
2026-06-12 20:25:45.069,13.62,1.83,118.13,124.66,2,0
2026-06-12 20:25:45.119,13.62,1.83,121.29,123.65,2,0
2026-06-12 20:25:45.170,13.64,1.57,121.29,123.65,2,0
2026-06-12 20:25:45.220,13.78,1.45,124.26,123.83,2,0
2026-06-12 20:25:45.272,13.98,1.40,128.14,125.12,2,0
2026-06-12 20:25:45.321,14.19,1.36,131.19,126.94,2,0
2026-06-12 20:25:45.372,14.34,1.28,133.22,128.83,2,0
2026-06-12 20:25:45.422,14.45,1.15,133.45,130.21,2,0
2026-06-12 20:25:45.472,14.59,1.09,133.71,131.26,2,0
2026-06-12 20:25:45.522,14.76,1.07,135.42,132.51,2,0
2026-06-12 20:25:45.573,15.01,1.12,137.72,134.07,2,0
2026-06-12 20:25:45.623,15.30,1.19,141.55,136.32,2,0
2026-06-12 20:25:45.674,15.62,1.27,145.13,138.96,2,0
2026-06-12 20:25:45.724,18.27,5.02,148.46,141.81,2,0
2026-06-12 20:25:45.774,24.58,13.48,199.93,165.92,2,0
2026-06-12 20:25:45.826,24.99,11.80,300.82,223.22,2,0
2026-06-12 20:25:45.877,24.20,9.37,235.70,226.97,2,0
2026-06-12 20:25:45.926,22.56,6.60,202.89,219.74,2,0
2026-06-12 20:25:45.976,20.89,4.24,170.30,204.91,2,0
2026-06-12 20:25:46.026,19.80,1.78,154.29,189.73,2,0
2026-06-12 20:25:46.079,19.06,0.91,156.54,179.77,2,0
2026-06-12 20:25:46.127,18.67,0.45,157.44,173.07,2,0
2026-06-12 20:25:46.178,18.40,0.16,161.19,169.51,2,0
2026-06-12 20:25:46.228,18.20,-0.03,161.36,167.06,2,0
2026-06-12 20:25:46.279,18.08,-0.14,161.19,165.30,2,0
2026-06-12 20:25:46.329,18.11,-0.09,163.40,164.16,2,0
2026-06-12 20:25:46.379,18.24,0.03,165.31,164.50,2,0
2026-06-12 20:25:46.430,18.36,0.12,168.32,165.65,2,0
2026-06-12 20:25:46.480,18.50,0.32,169.22,166.72,2,0
2026-06-12 20:25:46.531,18.67,0.42,170.87,167.97,2,0
2026-06-12 20:25:46.581,19.00,0.72,173.36,169.58,2,0
2026-06-12 20:25:46.632,19.18,0.76,176.72,172.55,2,0
2026-06-12 20:25:46.682,19.35,0.79,177.84,174.14,2,0
2026-06-12 20:25:46.732,19.59,1.05,179.50,175.75,2,0
2026-06-12 20:25:46.783,20.00,1.26,182.77,177.85,2,0
2026-06-12 20:25:46.834,20.16,1.20,186.22,181.61,2,0
2026-06-12 20:25:46.883,20.26,1.10,186.62,183.12,2,0
2026-06-12 20:25:46.935,20.31,1.02,185.98,183.97,2,0
2026-06-12 20:25:46.984,20.43,0.94,185.43,184.41,2,0
2026-06-12 20:25:47.035,20.61,0.95,188.05,185.52,2,0
2026-06-12 20:25:47.085,20.84,1.17,190.99,187.16,2,0
2026-06-12 20:25:47.135,21.21,1.21,194.04,189.23,2,0
2026-06-12 20:25:47.186,24.11,5.34,194.89,192.60,2,0
2026-06-12 20:25:47.236,25.48,6.82,254.87,218.94,2,0
2026-06-12 20:25:47.287,25.80,4.52,260.32,231.35,2,0
2026-06-12 20:25:47.337,24.77,2.99,220.12,234.33,2,0
2026-06-12 20:25:47.387,24.02,1.30,202.93,224.91,2,0
2026-06-12 20:25:47.438,23.33,0.19,202.33,218.14,2,0
2026-06-12 20:25:47.488,23.15,0.00,205.92,211.89,2,0
2026-06-12 20:25:47.539,22.96,-0.30,206.20,210.19,2,0
2026-06-12 20:25:47.589,22.91,-0.21,204.69,208.54,2,0
2026-06-12 20:25:47.640,23.04,0.03,209.00,208.04,2,0
2026-06-12 20:25:47.690,23.42,0.48,211.94,209.21,2,0
2026-06-12 20:25:47.740,23.54,0.61,216.90,212.68,2,0
2026-06-12 20:25:47.791,23.66,0.57,216.24,213.75,2,0
2026-06-12 20:25:47.842,23.65,0.48,215.89,214.87,2,0
2026-06-12 20:25:47.892,23.87,0.70,214.49,214.75,2,0
2026-06-12 20:25:47.942,24.12,0.99,220.07,216.81,2,0
2026-06-12 20:25:47.992,24.49,1.10,224.16,219.01,2,0
2026-06-12 20:25:48.043,24.49,0.94,225.12,222.37,2,0
2026-06-12 20:25:48.093,27.84,5.85,222.55,222.43,2,0
2026-06-12 20:25:48.144,29.47,7.69,295.28,252.84,2,0
2026-06-12 20:25:48.194,29.91,4.96,302.20,267.65,2,0
2026-06-12 20:25:48.244,28.58,1.99,251.99,271.63,2,0
2026-06-12 20:25:48.295,26.87,-0.44,231.20,259.50,2,0
2026-06-12 20:25:48.345,26.37,-1.21,228.85,244.04,2,0
2026-06-12 20:25:48.397,25.87,-1.38,228.86,239.49,2,0
2026-06-12 20:25:48.447,25.89,-0.95,231.70,234.95,2,0
2026-06-12 20:25:48.496,25.98,-0.74,236.39,235.11,2,0
2026-06-12 20:25:48.547,26.00,-0.51,237.78,235.91,2,0
2026-06-12 20:25:48.597,25.95,-0.52,235.83,236.08,2,0
2026-06-12 20:25:48.652,25.93,-0.38,234.59,235.63,2,0
2026-06-12 20:25:48.698,26.09,-0.01,235.64,235.44,2,0
2026-06-12 20:25:48.749,26.18,0.06,239.38,236.95,2,0
2026-06-12 20:25:48.799,26.22,0.10,239.55,237.73,2,0
2026-06-12 20:25:48.851,26.15,-0.02,237.97,238.09,2,0
2026-06-12 20:25:48.900,26.16,0.03,236.15,237.51,2,0
2026-06-12 20:25:48.950,26.40,0.40,238.54,237.56,2,0
2026-06-12 20:25:49.001,26.52,0.44,242.71,239.73,2,0
2026-06-12 20:25:49.052,26.51,0.29,243.42,240.84,2,0
2026-06-12 20:25:49.101,26.39,0.04,240.06,240.73,2,0
2026-06-12 20:25:49.152,26.22,-0.11,236.99,239.61,2,0
2026-06-12 20:25:49.202,26.44,0.27,237.45,238.14,2,0
2026-06-12 20:25:49.253,26.60,0.49,243.36,240.14,2,0
2026-06-12 20:25:49.303,26.66,0.39,244.91,241.57,2,0
2026-06-12 20:25:49.353,26.52,0.07,242.02,242.10,2,0
2026-06-12 20:25:49.404,26.55,0.08,239.68,240.83,2,0
2026-06-12 20:25:49.454,26.72,0.33,241.62,241.07,2,0
2026-06-12 20:25:49.506,26.88,0.48,244.91,242.65,2,0
2026-06-12 20:25:49.555,26.82,0.36,245.27,244.13,2,0
2026-06-12 20:25:49.606,26.70,0.07,242.25,243.56,2,0
2026-06-12 20:25:49.656,26.69,0.04,241.05,242.47,2,0
2026-06-12 20:25:49.706,26.91,0.32,242.01,242.33,2,0
2026-06-12 20:25:49.757,27.00,0.35,247.35,244.36,2,0
2026-06-12 20:25:49.807,26.97,0.24,244.97,245.16,2,0
2026-06-12 20:25:49.858,26.76,-0.03,244.19,244.87,2,0
2026-06-12 20:25:49.908,26.96,0.29,241.69,242.97,2,0
2026-06-12 20:25:49.958,27.10,0.48,247.35,244.80,2,0
2026-06-12 20:25:50.009,27.21,0.42,249.10,246.09,2,0
2026-06-12 20:25:50.059,27.00,-0.02,246.90,247.12,2,0
2026-06-12 20:25:50.110,26.91,-0.10,242.77,245.22,2,0
2026-06-12 20:25:50.160,27.05,0.15,242.39,244.37,2,0
2026-06-12 20:25:50.210,27.27,0.44,248.02,245.61,2,0
2026-06-12 20:25:50.262,27.26,0.37,249.04,247.61,2,0
2026-06-12 20:25:50.312,27.07,-0.03,247.43,247.55,2,0
2026-06-12 20:25:50.362,27.08,0.01,243.70,245.86,2,0
2026-06-12 20:25:50.412,27.18,0.09,246.75,245.95,2,0
2026-06-12 20:25:50.462,27.36,0.32,248.93,246.85,2,0
2026-06-12 20:25:50.513,27.22,0.02,249.21,248.44,2,0
2026-06-12 20:25:50.563,27.05,-0.13,245.64,247.19,2,0
2026-06-12 20:25:50.614,26.90,-0.30,241.99,245.63,2,0
2026-06-12 20:25:50.664,26.84,-0.35,243.59,244.27,2,0
2026-06-12 20:25:50.715,26.66,-0.50,242.54,243.75,2,0
2026-06-12 20:25:50.765,26.36,-0.90,239.56,242.13,2,0
2026-06-12 20:25:50.815,25.41,-1.75,233.05,239.41,2,0
2026-06-12 20:25:50.866,24.85,-2.38,221.46,230.77,2,0
2026-06-12 20:25:50.916,23.70,-3.06,213.80,225.68,2,0
2026-06-12 20:25:50.967,23.00,-3.17,203.72,215.24,2,0
2026-06-12 20:25:51.017,22.26,-3.31,193.96,208.86,2,0
2026-06-12 20:25:51.068,21.38,-3.55,186.51,202.15,2,0
2026-06-12 20:25:51.118,20.34,-3.87,175.49,194.15,2,0
2026-06-12 20:25:51.168,19.21,-4.22,162.55,184.67,2,0
2026-06-12 20:25:51.219,19.21,-4.22,150.73,174.49,2,0
2026-06-12 20:25:51.269,17.98,-4.27,150.73,174.49,2,0
2026-06-12 20:25:51.320,16.70,-4.69,137.05,163.26,2,0
2026-06-12 20:25:51.372,15.41,-4.70,124.63,151.67,2,0
2026-06-12 20:25:51.421,15.41,-4.70,112.56,139.94,2,0
2026-06-12 20:25:51.472,14.01,-4.57,112.56,139.94,2,0
2026-06-12 20:25:51.522,14.01,-4.57,97.50,127.20,2,0
2026-06-12 20:25:51.573,14.01,-4.57,97.50,127.20,2,0
2026-06-12 20:25:51.623,12.41,-4.32,97.50,127.20,2,0
2026-06-12 20:25:51.672,12.41,-4.32,78.97,112.73,2,0
2026-06-12 20:25:51.723,12.41,-4.32,78.97,112.73,2,0
2026-06-12 20:25:51.774,12.41,-4.32,78.97,112.73,2,0
2026-06-12 20:25:51.824,12.41,-4.32,78.97,112.73,2,0
2026-06-12 20:25:51.874,12.41,-4.32,78.97,112.73,2,0
2026-06-12 20:25:51.925,12.41,-4.32,78.97,112.73,2,0
2026-06-12 20:25:51.975,12.41,-4.32,78.97,112.73,2,0
2026-06-12 20:25:52.025,12.41,-4.32,78.97,112.73,2,0
2026-06-12 20:25:52.076,12.41,-4.32,78.97,112.73,2,0
2026-06-12 20:25:52.126,12.41,-4.32,78.97,112.73,2,0
2026-06-12 20:25:52.180,12.41,-4.32,78.97,112.73,2,0
2026-06-12 20:25:52.229,12.41,-4.32,78.97,112.73,2,0
2026-06-12 20:25:52.278,12.41,-4.32,78.97,112.73,2,0
2026-06-12 20:25:52.328,12.41,-4.32,78.97,112.73,1,0
2026-06-12 20:25:52.378,12.41,-4.32,78.97,112.73,1,0
2026-06-12 20:25:52.429,12.41,-4.32,78.97,112.73,1,0
2026-06-12 20:25:52.479,12.41,-4.32,78.97,112.73,1,0
2026-06-12 20:25:52.530,12.41,-4.32,78.97,112.73,1,0
2026-06-12 20:25:52.580,12.41,-4.32,78.97,112.73,1,0
2026-06-12 20:25:52.631,12.41,-4.32,78.97,112.73,1,0
2026-06-12 20:25:52.681,12.41,-4.32,78.97,112.73,1,0
2026-06-12 20:25:52.731,12.41,-4.32,78.97,112.73,1,0
2026-06-12 20:25:52.782,12.41,-4.32,78.97,112.73,1,0
2026-06-12 20:25:52.832,12.41,-4.32,78.97,112.73,1,0
2026-06-12 20:25:52.883,12.41,-4.32,78.97,112.73,1,0
2026-06-12 20:25:52.934,12.41,-4.32,78.97,112.73,1,0
2026-06-12 20:25:52.983,12.41,-4.32,78.97,112.73,1,0
2026-06-12 20:25:53.034,12.41,-4.32,78.97,112.73,1,0
2026-06-12 20:25:53.084,12.41,-4.32,78.97,112.73,1,0
2026-06-12 20:25:53.135,12.41,-4.32,78.97,112.73,1,0
2026-06-12 20:25:53.185,12.41,-4.32,78.97,112.73,1,0
2026-06-12 20:25:53.236,12.41,-4.32,78.97,112.73,1,0
2026-06-12 20:25:53.286,12.41,-4.32,78.97,112.73,1,0
2026-06-12 20:25:53.336,9.18,-4.32,78.97,112.73,1,0
2026-06-12 20:25:53.387,9.18,-4.32,14.87,83.37,1,0
2026-06-12 20:25:53.437,9.18,-4.32,14.87,83.37,1,0
2026-06-12 20:25:53.488,9.18,-4.32,14.87,83.37,1,0
2026-06-12 20:25:53.538,9.18,-4.32,14.87,83.37,1,0
2026-06-12 20:25:53.588,6.88,-4.06,14.87,83.37,1,0
2026-06-12 20:25:53.639,6.88,-4.06,13.66,62.46,1,0
2026-06-12 20:25:53.692,6.88,-4.06,13.66,62.46,1,0
2026-06-12 20:25:53.740,6.88,-4.06,13.66,62.46,1,0
2026-06-12 20:25:53.792,5.24,-3.75,13.66,62.46,1,0
2026-06-12 20:25:53.841,5.24,-3.75,12.99,47.62,1,0
2026-06-12 20:25:53.892,5.24,-3.75,12.99,47.62,1,0
2026-06-12 20:25:53.941,5.24,-3.75,12.99,47.62,1,0
2026-06-12 20:25:53.992,5.24,-3.75,12.99,47.62,1,0
2026-06-12 20:25:54.044,5.24,-3.75,12.99,47.62,1,0
2026-06-12 20:25:54.093,4.07,-3.36,12.99,47.62,1,0
2026-06-12 20:25:54.143,4.07,-3.36,12.21,37.00,1,0
2026-06-12 20:25:54.193,4.07,-3.36,12.21,37.00,1,0
2026-06-12 20:25:54.244,4.07,-3.36,12.21,37.00,1,0
2026-06-12 20:25:54.294,4.07,-3.36,12.21,37.00,1,0
2026-06-12 20:25:54.345,3.82,-2.90,12.21,37.00,1,0
2026-06-12 20:25:54.395,3.82,-2.90,29.28,34.68,1,0
2026-06-12 20:25:54.446,3.82,-2.90,29.28,34.68,1,0
2026-06-12 20:25:54.496,3.82,-2.90,29.28,34.68,1,0
2026-06-12 20:25:54.546,3.82,-2.90,29.28,34.68,1,0
2026-06-12 20:25:54.597,3.82,-2.90,29.28,34.68,1,0
2026-06-12 20:25:54.647,3.62,-2.49,29.28,34.68,1,0
2026-06-12 20:25:54.698,3.62,-2.49,28.56,32.84,1,0
2026-06-12 20:25:54.748,3.62,-2.49,28.56,32.84,1,0
2026-06-12 20:25:54.799,3.62,-2.49,28.56,32.84,1,0
2026-06-12 20:25:54.849,3.62,-2.49,28.56,32.84,1,0
2026-06-12 20:25:54.900,3.42,-2.15,28.56,32.84,1,0
2026-06-12 20:25:54.950,3.42,-2.15,26.93,31.07,1,0
2026-06-12 20:25:55.000,3.42,-2.15,26.93,31.07,1,0
2026-06-12 20:25:55.052,3.42,-2.15,26.93,31.07,1,0
2026-06-12 20:25:55.102,3.42,-2.15,26.93,31.07,1,0
2026-06-12 20:25:55.152,3.42,-2.15,26.93,31.07,1,0
2026-06-12 20:25:55.202,3.28,-1.85,26.93,31.07,1,0
2026-06-12 20:25:55.253,3.28,-1.85,26.76,29.77,1,0
2026-06-12 20:25:55.303,3.28,-1.85,26.76,29.77,1,0
2026-06-12 20:25:55.353,3.28,-1.85,26.76,29.77,0,0
2026-06-12 20:25:55.404,3.28,-1.85,26.76,29.77,0,0
2026-06-12 20:25:55.454,3.28,-1.85,26.76,29.77,0,0
2026-06-12 20:25:55.505,3.17,-1.58,26.76,29.77,0,0
2026-06-12 20:25:55.555,3.17,-1.58,26.59,28.82,0,0
2026-06-12 20:25:55.605,3.17,-1.58,26.59,28.82,0,0
2026-06-12 20:25:55.656,3.17,-1.58,26.59,28.82,0,0
2026-06-12 20:25:55.706,3.17,-1.58,26.59,28.82,0,0
2026-06-12 20:25:55.757,3.10,-1.36,26.59,28.82,0,0
2026-06-12 20:25:55.807,3.10,-1.36,26.66,28.17,0,0
2026-06-12 20:25:55.857,3.10,-1.36,26.66,28.17,0,0
2026-06-12 20:25:55.908,3.10,-1.36,26.66,28.17,0,0
2026-06-12 20:25:55.961,3.10,-1.36,26.66,28.17,0,0
2026-06-12 20:25:56.009,3.06,-1.16,26.66,28.17,0,0
2026-06-12 20:25:56.059,3.06,-1.16,26.93,27.80,0,0
2026-06-12 20:25:56.110,3.06,-1.16,26.93,27.80,0,0
2026-06-12 20:25:56.160,3.06,-1.16,26.93,27.80,0,0
2026-06-12 20:25:56.211,3.06,-1.16,26.93,27.80,0,0
2026-06-12 20:25:56.262,3.06,-1.16,26.93,27.80,0,0
2026-06-12 20:25:56.313,3.06,-0.99,26.93,27.80,0,0
2026-06-12 20:25:56.362,3.06,-0.99,27.63,27.75,0,0
2026-06-12 20:25:56.412,3.06,-0.99,27.63,27.75,0,0
2026-06-12 20:25:56.462,3.06,-0.99,27.63,27.75,0,0
2026-06-12 20:25:56.513,3.09,-0.83,27.63,27.75,0,0
2026-06-12 20:25:56.563,3.09,-0.83,28.77,28.05,0,0
2026-06-12 20:25:56.614,3.09,-0.83,28.77,28.05,0,0
2026-06-12 20:25:56.664,3.09,-0.83,28.77,28.05,0,0
2026-06-12 20:25:56.715,3.09,-0.83,28.77,28.05,0,0
2026-06-12 20:25:56.765,3.13,-0.70,28.77,28.05,0,0
2026-06-12 20:25:56.815,3.13,-0.70,29.33,28.44,0,0
2026-06-12 20:25:56.866,3.13,-0.70,29.33,28.44,0,0
2026-06-12 20:25:56.917,3.13,-0.70,29.33,28.44,0,0
2026-06-12 20:25:56.967,3.13,-0.70,29.33,28.44,0,0
2026-06-12 20:25:57.017,3.13,-0.70,29.33,28.44,0,0
2026-06-12 20:25:57.068,3.16,-0.59,29.33,28.44,0,0
2026-06-12 20:25:57.118,3.16,-0.59,29.17,28.66,0,0
2026-06-12 20:25:57.169,3.16,-0.59,29.17,28.66,0,0
2026-06-12 20:25:57.219,3.16,-0.59,29.17,28.66,0,0
2026-06-12 20:25:57.269,3.16,-0.59,29.17,28.66,0,0
2026-06-12 20:25:57.320,3.16,-0.59,29.17,28.66,0,0
2026-06-12 20:25:57.370,3.14,-0.51,29.17,28.66,2,0
2026-06-12 20:25:57.420,3.14,-0.51,28.22,28.52,2,0
2026-06-12 20:25:57.471,3.14,-0.51,28.22,28.52,2,0
2026-06-12 20:25:57.523,3.14,-0.51,28.22,28.52,2,0
2026-06-12 20:25:57.572,3.14,-0.51,28.22,28.52,2,0
2026-06-12 20:25:57.622,3.14,-0.51,28.22,28.52,2,0
2026-06-12 20:25:57.673,3.08,-0.44,28.22,28.52,2,0
2026-06-12 20:25:57.723,3.08,-0.44,26.53,27.93,2,0
2026-06-12 20:25:57.774,3.08,-0.44,26.53,27.93,2,0
2026-06-12 20:25:57.824,3.08,-0.44,26.53,27.93,2,0
2026-06-12 20:25:57.875,3.08,-0.44,26.53,27.93,2,0
2026-06-12 20:25:57.925,3.08,-0.44,26.53,27.93,2,0
2026-06-12 20:25:57.975,3.08,-0.44,26.53,27.93,2,0
2026-06-12 20:25:58.026,2.96,-0.39,26.53,27.93,2,0
2026-06-12 20:25:58.076,2.96,-0.39,24.35,26.85,2,0
2026-06-12 20:25:58.126,2.96,-0.39,24.35,26.85,2,0
2026-06-12 20:25:58.177,2.96,-0.39,24.35,26.85,2,0
2026-06-12 20:25:58.227,2.96,-0.39,24.35,26.85,2,0
2026-06-12 20:25:58.278,2.96,-0.39,24.35,26.85,2,0
2026-06-12 20:25:58.328,2.96,-0.39,24.35,26.85,2,0
2026-06-12 20:25:58.379,2.96,-0.39,24.35,26.85,2,0
2026-06-12 20:25:58.429,2.96,-0.39,24.35,26.85,2,0
2026-06-12 20:25:58.479,2.96,-0.39,24.35,26.85,2,0
2026-06-12 20:25:58.530,2.96,-0.39,24.35,26.85,2,0
2026-06-12 20:25:58.580,2.96,-0.39,24.35,26.85,2,0
2026-06-12 20:25:58.631,2.96,-0.39,24.35,26.85,2,0
2026-06-12 20:25:58.682,2.96,-0.39,24.35,26.85,2,0
2026-06-12 20:25:58.752,2.96,-0.39,24.35,26.85,2,0
2026-06-12 20:25:58.782,2.96,-0.39,24.35,26.85,2,0
2026-06-12 20:25:58.835,2.96,-0.39,24.35,26.85,2,0
2026-06-12 20:25:58.883,2.96,-0.39,24.35,26.85,2,0
2026-06-12 20:25:58.933,2.96,-0.39,24.35,26.85,2,0
2026-06-12 20:25:58.984,2.96,-0.39,24.35,26.85,2,0
2026-06-12 20:25:59.034,2.96,-0.39,24.35,26.85,2,0
2026-06-12 20:25:59.085,2.96,-0.39,24.35,26.85,2,0
2026-06-12 20:25:59.135,2.96,-0.39,24.35,26.85,2,0
2026-06-12 20:25:59.185,2.96,-0.39,24.35,26.85,2,0
2026-06-12 20:25:59.236,2.96,-0.39,24.35,26.85,2,0
2026-06-12 20:25:59.289,2.96,-0.39,24.35,26.85,2,0
2026-06-12 20:25:59.336,2.51,-0.34,24.35,26.85,2,0
2026-06-12 20:25:59.387,2.51,-0.34,13.30,22.79,2,0
2026-06-12 20:25:59.437,2.51,-0.34,13.30,22.79,2,0
2026-06-12 20:25:59.488,2.51,-0.34,13.30,22.79,2,0
2026-06-12 20:25:59.538,2.51,-0.34,13.30,22.79,2,0
2026-06-12 20:25:59.589,2.51,-0.34,13.30,22.79,2,0
2026-06-12 20:25:59.639,2.51,-0.34,13.30,22.79,2,0
2026-06-12 20:25:59.689,2.51,-0.34,13.30,22.79,2,0
2026-06-12 20:25:59.741,2.51,-0.34,13.30,22.79,2,0
2026-06-12 20:25:59.790,2.51,-0.34,13.30,22.79,2,0
2026-06-12 20:25:59.842,2.51,-0.34,13.30,22.79,2,0
2026-06-12 20:25:59.891,2.51,-0.34,13.30,22.79,2,0
2026-06-12 20:25:59.943,2.51,-0.34,13.30,22.79,2,0
2026-06-12 20:25:59.992,2.51,-0.34,13.30,22.79,2,0
2026-06-12 20:26:00.042,2.51,-0.34,13.30,22.79,2,0
2026-06-12 20:26:00.093,2.51,-0.34,13.30,22.79,2,0
2026-06-12 20:26:00.143,2.51,-0.34,13.30,22.79,2,0
2026-06-12 20:26:00.194,2.51,-0.34,13.30,22.79,2,0
2026-06-12 20:26:00.244,2.51,-0.34,13.30,22.79,2,0
2026-06-12 20:26:00.294,2.51,-0.34,13.30,22.79,2,0
2026-06-12 20:26:00.345,2.51,-0.34,13.30,22.79,2,0
2026-06-12 20:26:00.395,2.51,-0.34,13.30,22.79,2,0
2026-06-12 20:26:00.446,2.51,-0.34,13.30,22.79,2,0
2026-06-12 20:26:00.496,2.51,-0.34,13.30,22.79,2,0
2026-06-12 20:26:00.547,2.51,-0.34,13.30,22.79,2,0
2026-06-12 20:26:00.597,2.51,-0.34,13.30,22.79,2,0
2026-06-12 20:26:00.647,2.51,-0.34,13.30,22.79,2,0
2026-06-12 20:26:00.698,2.51,-0.34,13.30,22.79,2,0
2026-06-12 20:26:00.748,2.51,-0.34,13.30,22.79,2,0
2026-06-12 20:26:00.799,2.51,-0.34,13.30,22.79,2,0
2026-06-12 20:26:00.849,2.51,-0.34,13.30,22.79,2,0
2026-06-12 20:26:00.899,2.51,-0.34,13.30,22.79,2,0
2026-06-12 20:26:00.950,2.51,-0.34,13.30,22.79,2,0
2026-06-12 20:26:01.000,2.51,-0.34,13.30,22.79,2,0
2026-06-12 20:26:01.052,2.51,-0.34,13.30,22.79,2,0
2026-06-12 20:26:01.102,2.51,-0.34,13.30,22.79,2,0
2026-06-12 20:26:01.152,2.51,-0.34,13.30,22.79,2,0
2026-06-12 20:26:01.202,2.51,-0.34,13.30,22.79,2,0
2026-06-12 20:26:01.252,2.51,-0.34,13.30,22.79,2,0
2026-06-12 20:26:01.303,0.00,0.00,13.30,22.79,2,0
2026-06-12 20:26:01.353,0.00,0.00,0.00,0.00,2,0
2026-06-12 20:26:01.404,0.00,0.00,0.00,0.00,2,0
2026-06-12 20:26:01.454,0.00,0.00,0.00,0.00,2,0
2026-06-12 20:26:01.504,0.00,0.00,0.00,0.00,2,0
2026-06-12 20:26:01.555,0.00,0.00,0.00,0.00,2,0
2026-06-12 20:26:01.605,0.00,0.00,0.00,0.00,2,0
2026-06-12 20:26:01.656,0.00,0.00,0.00,0.00,2,0
2026-06-12 20:26:01.706,0.00,0.00,0.00,0.00,2,0
2026-06-12 20:26:01.757,0.00,0.00,0.00,0.00,2,0
2026-06-12 20:26:01.807,0.00,0.00,0.00,0.00,2,0
2026-06-12 20:26:01.858,0.00,0.00,0.00,0.00,2,0
2026-06-12 20:26:01.908,0.00,0.00,0.00,0.00,2,0
2026-06-12 20:26:01.959,0.00,0.00,0.00,0.00,2,0
2026-06-12 20:26:02.009,0.00,0.00,0.00,0.00,2,0
2026-06-12 20:26:02.059,0.00,0.00,0.00,0.00,2,0
2026-06-12 20:26:02.109,0.00,0.00,0.00,0.00,2,0
2026-06-12 20:26:02.160,0.00,0.00,0.00,0.00,2,0
2026-06-12 20:26:02.210,0.00,0.00,0.00,0.00,2,0
2026-06-12 20:26:02.261,0.00,0.00,0.00,0.00,2,0
2026-06-12 20:26:02.312,0.00,0.00,0.00,0.00,2,0
2026-06-12 20:26:02.362,0.00,0.00,0.00,0.00,2,0
2026-06-12 20:26:02.412,0.00,0.00,0.00,0.00,2,0
2026-06-12 20:26:02.462,0.00,0.00,0.00,0.00,2,0
2026-06-12 20:26:02.512,0.00,0.00,0.00,0.00,2,0
2026-06-12 20:26:02.563,0.00,0.00,0.00,0.00,2,0
2026-06-12 20:26:02.613,0.00,0.00,0.00,0.00,2,0
2026-06-12 20:26:02.665,0.00,0.00,0.00,0.00,2,0
2026-06-12 20:26:02.714,0.00,0.00,0.00,0.00,2,0
2026-06-12 20:26:02.764,0.00,0.00,0.00,0.00,2,0
2026-06-12 20:26:02.815,0.00,0.00,0.00,0.00,2,0
2026-06-12 20:26:02.865,0.00,0.00,0.00,0.00,2,0
2026-06-12 20:26:02.916,0.00,0.00,0.00,0.00,2,0
2026-06-12 20:26:02.966,0.00,0.00,0.00,0.00,2,0
2026-06-12 20:26:03.018,0.00,0.00,0.00,0.00,2,0
2026-06-12 20:26:03.067,0.00,0.00,0.00,0.00,2,0
2026-06-12 20:26:03.117,0.00,0.00,0.00,0.00,2,0
2026-06-12 20:26:03.168,0.00,0.00,0.00,0.00,2,0
2026-06-12 20:26:03.218,0.00,0.00,0.00,0.00,2,0
2026-06-12 20:26:03.268,0.00,0.00,0.00,0.00,2,0
2026-06-12 20:26:03.319,0.00,0.00,0.00,0.00,2,0
2026-06-12 20:26:03.369,0.00,0.00,0.00,0.00,2,0
2026-06-12 20:26:03.420,0.00,0.00,0.00,0.00,2,0
2026-06-12 20:26:03.470,0.00,0.00,0.00,0.00,2,0
2026-06-12 20:26:03.520,0.00,0.00,0.00,0.00,2,0
2026-06-12 20:26:03.571,0.00,0.00,0.00,0.00,2,0
2026-06-12 20:26:03.622,0.00,0.00,0.00,0.00,2,0
2026-06-12 20:26:03.672,0.00,0.00,0.00,0.00,2,0
2026-06-12 20:26:03.723,0.00,0.00,0.00,0.00,2,0
2026-06-12 20:26:03.772,0.00,0.00,0.00,0.00,2,0
2026-06-12 20:26:03.824,0.00,0.00,0.00,0.00,2,0
2026-06-12 20:26:03.873,0.00,0.00,0.00,0.00,2,0
2026-06-12 20:26:03.924,0.00,0.00,0.00,0.00,2,0
2026-06-12 20:26:03.974,0.00,0.00,0.00,0.00,2,0
2026-06-12 20:26:04.025,0.00,0.00,0.00,0.00,2,0
2026-06-12 20:26:04.075,0.00,0.00,0.00,0.00,2,0
2026-06-12 20:26:04.125,0.00,0.00,0.00,0.00,2,0
2026-06-12 20:26:04.180,0.00,0.00,0.00,0.00,2,0
2026-06-12 20:26:04.226,0.00,0.00,0.00,0.00,2,0
2026-06-12 20:26:04.276,0.00,0.00,0.00,0.00,2,0
2026-06-12 20:26:04.327,0.14,0.00,0.00,0.00,2,0
2026-06-12 20:26:04.377,0.14,0.00,4.31,1.29,2,0
2026-06-12 20:26:04.428,0.14,0.00,4.31,1.29,2,0
2026-06-12 20:26:04.478,0.14,0.00,4.31,1.29,2,0
2026-06-12 20:26:04.529,0.14,0.00,4.31,1.29,2,0
2026-06-12 20:26:04.579,0.14,0.00,4.31,1.29,2,0
2026-06-12 20:26:04.629,0.14,0.00,4.31,1.29,2,0
2026-06-12 20:26:04.680,0.14,0.00,4.31,1.29,2,0
2026-06-12 20:26:04.730,0.24,0.01,4.31,1.29,2,0
2026-06-12 20:26:04.782,0.24,0.01,4.25,2.18,2,0
2026-06-12 20:26:04.831,0.24,0.01,4.25,2.18,2,0
2026-06-12 20:26:04.882,0.24,0.01,4.25,2.18,2,0
2026-06-12 20:26:04.932,0.31,0.02,4.25,2.18,2,0
2026-06-12 20:26:04.982,0.31,0.02,4.34,2.83,2,0
2026-06-12 20:26:05.036,0.31,0.02,4.34,2.83,2,0
2026-06-12 20:26:05.083,0.31,0.02,4.34,2.83,2,0
2026-06-12 20:26:05.133,0.39,0.04,4.34,2.83,2,0
2026-06-12 20:26:05.184,0.39,0.04,5.17,3.53,2,0
2026-06-12 20:26:05.234,0.39,0.04,5.17,3.53,2,0
2026-06-12 20:26:05.285,1.32,0.29,5.17,3.53,2,0
2026-06-12 20:26:05.335,1.32,0.29,31.71,11.99,2,0
2026-06-12 20:26:05.385,2.35,0.59,31.71,11.99,2,0
2026-06-12 20:26:05.437,2.35,0.59,43.16,21.34,2,0
2026-06-12 20:26:05.486,2.35,0.59,43.16,21.34,2,0
2026-06-12 20:26:05.536,3.29,0.81,43.16,21.34,2,0
2026-06-12 20:26:05.587,3.29,0.81,49.92,29.91,2,0
2026-06-12 20:26:05.637,4.14,0.97,49.92,29.91,2,0
2026-06-12 20:26:05.688,4.14,0.97,55.46,37.58,2,0
2026-06-12 20:26:05.738,4.14,0.97,55.46,37.58,2,0
2026-06-12 20:26:05.789,4.88,1.07,55.46,37.58,2,0
2026-06-12 20:26:05.840,4.88,1.07,59.95,44.29,2,0
2026-06-12 20:26:05.889,5.55,1.18,59.95,44.29,2,0
2026-06-12 20:26:05.940,5.55,1.18,64.72,50.42,2,0
2026-06-12 20:26:05.990,6.17,1.26,64.72,50.42,2,0
2026-06-12 20:26:06.041,6.77,1.40,69.08,56.02,2,0
2026-06-12 20:26:06.092,6.77,1.40,74.21,61.47,2,0
2026-06-12 20:26:06.142,7.36,1.44,74.21,61.47,2,0
2026-06-12 20:26:06.192,7.36,1.44,79.40,66.85,2,0
2026-06-12 20:26:06.244,7.91,1.53,79.40,66.85,2,0
2026-06-12 20:26:06.292,8.45,1.59,83.47,71.84,2,0
2026-06-12 20:26:06.343,8.45,1.59,88.16,76.74,2,0
2026-06-12 20:26:06.393,8.91,1.61,88.16,76.74,2,0
2026-06-12 20:26:06.444,9.34,1.60,90.76,80.94,2,0
2026-06-12 20:26:06.494,9.34,1.60,93.82,84.81,2,0
2026-06-12 20:26:06.545,9.73,1.58,93.82,84.81,2,0
2026-06-12 20:26:06.595,10.11,1.55,96.74,88.39,2,0
2026-06-12 20:26:06.645,10.11,1.55,99.78,91.80,2,0
2026-06-12 20:26:06.696,10.52,1.54,99.78,91.80,2,0
2026-06-12 20:26:06.749,10.94,1.66,104.28,95.55,2,0
2026-06-12 20:26:06.797,11.36,1.64,108.08,99.31,2,0
2026-06-12 20:26:06.847,11.74,1.71,112.03,103.13,2,0
2026-06-12 20:26:06.898,11.74,1.71,114.60,106.57,2,0
2026-06-12 20:26:06.952,12.07,1.63,114.60,106.57,2,0
2026-06-12 20:26:06.998,12.34,1.62,116.57,109.57,2,0
2026-06-12 20:26:07.049,12.63,1.53,118.03,112.11,2,0
2026-06-12 20:26:07.099,12.92,1.55,120.65,114.67,2,0
2026-06-12 20:26:07.150,32.05,30.58,123.56,117.34,1,0
2026-06-12 20:26:07.200,33.20,26.96,528.06,291.07,1,0
2026-06-12 20:26:07.250,33.20,26.96,325.89,301.52,1,0
2026-06-12 20:26:07.301,30.21,21.27,325.89,301.52,1,0
2026-06-12 20:26:07.352,26.29,14.82,210.88,274.33,1,0
2026-06-12 20:26:07.401,22.96,9.87,155.83,238.78,1,0
2026-06-12 20:26:07.452,20.67,6.48,137.98,208.54,1,0
2026-06-12 20:26:07.502,19.14,4.26,138.97,187.67,1,0
2026-06-12 20:26:07.556,18.11,2.77,141.59,173.85,1,0
2026-06-12 20:26:07.603,17.48,1.82,142.66,164.49,1,0
2026-06-12 20:26:07.653,17.11,1.25,145.17,158.69,1,0
2026-06-12 20:26:07.704,16.89,0.87,147.66,155.38,1,0
2026-06-12 20:26:07.754,16.75,0.63,148.58,153.34,1,0
2026-06-12 20:26:07.805,16.64,0.44,149.23,152.11,1,0
2026-06-12 20:26:07.855,16.50,0.26,148.77,151.10,1,0
2026-06-12 20:26:07.905,16.36,0.11,146.83,149.82,1,0
2026-06-12 20:26:07.956,16.23,-0.02,145.77,148.61,1,0
2026-06-12 20:26:08.006,16.12,-0.10,144.58,147.40,1,0
2026-06-12 20:26:08.057,16.05,-0.15,144.16,146.42,1,0
2026-06-12 20:26:08.108,15.93,-0.19,144.27,145.78,1,0
2026-06-12 20:26:08.158,15.76,-0.31,142.00,144.64,1,0
2026-06-12 20:26:08.208,15.53,-0.45,139.48,143.09,1,0
2026-06-12 20:26:08.259,15.24,-0.62,136.29,141.05,1,0
2026-06-12 20:26:08.309,15.24,-0.62,132.08,138.36,1,0
2026-06-12 20:26:08.359,14.91,-0.71,132.08,138.36,1,0
2026-06-12 20:26:08.410,14.53,-0.92,128.49,135.40,1,0
2026-06-12 20:26:08.460,14.14,-1.00,123.97,131.97,1,0
2026-06-12 20:26:08.511,14.14,-1.00,120.17,128.43,1,0
2026-06-12 20:26:08.562,13.72,-1.08,120.17,128.43,1,0
2026-06-12 20:26:08.612,13.22,-1.19,115.72,124.62,1,0
2026-06-12 20:26:08.662,13.22,-1.19,109.29,120.02,1,0
2026-06-12 20:26:08.712,12.63,-1.34,109.29,120.02,1,0
2026-06-12 20:26:08.763,12.63,-1.34,102.19,114.67,1,0
2026-06-12 20:26:08.814,11.88,-1.45,102.19,114.67,1,0
2026-06-12 20:26:08.864,11.88,-1.45,92.14,107.91,1,0
2026-06-12 20:26:08.914,10.92,-1.55,92.14,107.91,1,0
2026-06-12 20:26:08.964,10.92,-1.55,78.80,99.18,1,0
2026-06-12 20:26:09.015,10.92,-1.55,78.80,99.18,1,0
2026-06-12 20:26:09.065,10.92,-1.55,78.80,99.18,1,0
2026-06-12 20:26:09.116,9.63,-1.62,78.80,99.18,1,0
2026-06-12 20:26:09.166,9.63,-1.62,60.18,87.48,1,0
2026-06-12 20:26:09.216,9.63,-1.62,60.18,87.48,1,0
2026-06-12 20:26:09.267,9.63,-1.62,60.18,87.48,1,0
2026-06-12 20:26:09.317,9.63,-1.62,60.18,87.48,1,0
2026-06-12 20:26:09.368,9.63,-1.62,60.18,87.48,1,0
2026-06-12 20:26:09.418,9.63,-1.62,60.18,87.48,1,0
2026-06-12 20:26:09.470,9.63,-1.62,60.18,87.48,1,0
2026-06-12 20:26:09.519,9.63,-1.62,60.18,87.48,1,0
2026-06-12 20:26:09.569,9.63,-1.62,60.18,87.48,1,0
2026-06-12 20:26:09.620,9.63,-1.62,60.18,87.48,1,0
2026-06-12 20:26:09.673,9.63,-1.62,60.18,87.48,1,0
2026-06-12 20:26:09.721,9.63,-1.62,60.18,87.48,1,0
2026-06-12 20:26:09.771,9.63,-1.62,60.18,87.48,1,0
2026-06-12 20:26:09.822,9.63,-1.62,60.18,87.48,1,0
2026-06-12 20:26:09.872,9.63,-1.62,60.18,87.48,1,0
2026-06-12 20:26:09.922,9.63,-1.62,60.18,87.48,1,0
2026-06-12 20:26:09.973,9.63,-1.62,60.18,87.48,1,0
2026-06-12 20:26:10.023,9.63,-1.62,60.18,87.48,1,0
2026-06-12 20:26:10.074,9.63,-1.62,60.18,87.48,1,0
2026-06-12 20:26:10.124,9.63,-1.62,60.18,87.48,1,0
2026-06-12 20:26:10.174,7.43,-1.46,60.18,87.48,0,0
2026-06-12 20:26:10.225,7.43,-1.46,20.65,67.43,0,0
2026-06-12 20:26:10.275,7.43,-1.46,20.65,67.43,0,0
2026-06-12 20:26:10.326,7.43,-1.46,20.65,67.43,0,0
2026-06-12 20:26:10.376,7.43,-1.46,20.65,67.43,0,0
2026-06-12 20:26:10.426,7.43,-1.46,20.65,67.43,0,0
2026-06-12 20:26:10.477,7.43,-1.46,20.65,67.43,0,0
2026-06-12 20:26:10.527,7.43,-1.46,20.65,67.43,0,0
2026-06-12 20:26:10.578,7.43,-1.46,20.65,67.43,0,0
2026-06-12 20:26:10.628,7.43,-1.46,20.65,67.43,0,0
2026-06-12 20:26:10.679,7.43,-1.46,20.65,67.43,0,0
2026-06-12 20:26:10.729,7.43,-1.46,20.65,67.43,0,0
2026-06-12 20:26:10.780,7.43,-1.46,20.65,67.43,0,0
2026-06-12 20:26:10.830,7.43,-1.46,20.65,67.43,0,0
2026-06-12 20:26:10.883,7.43,-1.46,20.65,67.43,0,0
2026-06-12 20:26:10.931,7.43,-1.46,20.65,67.43,0,0
2026-06-12 20:26:10.982,7.43,-1.46,20.65,67.43,0,0
2026-06-12 20:26:11.031,7.43,-1.46,20.65,67.43,0,0
2026-06-12 20:26:11.082,7.43,-1.46,20.65,67.43,0,0
2026-06-12 20:26:11.132,7.43,-1.46,20.65,67.43,0,0
2026-06-12 20:26:11.183,7.43,-1.46,20.65,67.43,0,0
2026-06-12 20:26:11.233,7.43,-1.46,20.65,67.43,0,0
2026-06-12 20:26:11.284,7.43,-1.46,20.65,67.43,0,0
2026-06-12 20:26:11.334,7.43,-1.46,20.65,67.43,0,0
2026-06-12 20:26:11.385,7.43,-1.46,20.65,67.43,0,0
2026-06-12 20:26:11.435,7.43,-1.46,20.65,67.43,0,0
2026-06-12 20:26:11.485,7.43,-1.46,20.65,67.43,0,0
2026-06-12 20:26:11.536,7.43,-1.46,20.65,67.43,0,0
2026-06-12 20:26:11.586,7.43,-1.46,20.65,67.43,0,0
2026-06-12 20:26:11.637,7.43,-1.46,20.65,67.43,0,0
2026-06-12 20:26:11.687,7.43,-1.46,20.65,67.43,0,0
2026-06-12 20:26:11.737,7.43,-1.46,20.65,67.43,0,0
2026-06-12 20:26:11.788,7.43,-1.46,20.65,67.43,0,0
2026-06-12 20:26:11.838,7.43,-1.46,20.65,67.43,0,0
2026-06-12 20:26:11.889,7.43,-1.46,20.65,67.43,0,0
2026-06-12 20:26:11.939,7.43,-1.46,20.65,67.43,0,0
2026-06-12 20:26:11.990,7.43,-1.46,20.65,67.43,0,0
2026-06-12 20:26:12.040,7.43,-1.46,20.65,67.43,0,0
2026-06-12 20:26:12.092,7.43,-1.46,20.65,67.43,0,0
2026-06-12 20:26:12.142,0.00,0.00,20.65,67.43,0,0
2026-06-12 20:26:12.192,0.30,0.00,0.00,0.00,2,0
2026-06-12 20:26:12.242,0.30,0.00,9.21,2.76,2,0
2026-06-12 20:26:12.292,0.30,0.00,9.21,2.76,2,0
2026-06-12 20:26:12.342,0.30,0.00,9.21,2.76,2,0
2026-06-12 20:26:12.393,0.30,0.00,9.21,2.76,2,0
2026-06-12 20:26:12.443,0.30,0.00,9.21,2.76,2,0
2026-06-12 20:26:12.494,0.30,0.00,9.21,2.76,2,0
2026-06-12 20:26:12.544,0.30,0.00,9.21,2.76,2,0
2026-06-12 20:26:12.594,0.30,0.00,9.21,2.76,2,0
2026-06-12 20:26:12.645,0.30,0.00,9.21,2.76,2,0
2026-06-12 20:26:12.695,0.30,0.00,9.21,2.76,2,0
2026-06-12 20:26:12.746,0.30,0.00,9.21,2.76,2,0
2026-06-12 20:26:12.796,0.30,0.00,9.21,2.76,2,0
2026-06-12 20:26:12.846,0.30,0.00,9.21,2.76,2,0
2026-06-12 20:26:12.900,0.30,0.00,9.21,2.76,2,0
2026-06-12 20:26:12.947,0.30,0.00,9.21,2.76,2,0
2026-06-12 20:26:12.998,0.30,0.00,9.21,2.76,2,0
2026-06-12 20:26:13.048,0.30,0.00,9.21,2.76,2,0
2026-06-12 20:26:13.098,0.30,0.00,9.21,2.76,2,0
2026-06-12 20:26:13.150,0.30,0.00,9.21,2.76,2,0
2026-06-12 20:26:13.199,0.30,0.00,9.21,2.76,2,0
2026-06-12 20:26:13.250,0.30,0.00,9.21,2.76,2,0
2026-06-12 20:26:13.300,0.30,0.00,9.21,2.76,2,0
2026-06-12 20:26:13.351,0.30,0.00,9.21,2.76,2,0
2026-06-12 20:26:13.402,0.30,0.00,9.21,2.76,2,0
2026-06-12 20:26:13.452,0.30,0.00,9.21,2.76,2,0
2026-06-12 20:26:13.502,0.30,0.00,9.21,2.76,2,0
2026-06-12 20:26:13.552,0.30,0.00,9.21,2.76,2,0
2026-06-12 20:26:13.602,0.30,0.00,9.21,2.76,2,0
2026-06-12 20:26:13.653,0.30,0.00,9.21,2.76,2,0
2026-06-12 20:26:13.703,0.30,0.00,9.21,2.76,2,0
2026-06-12 20:26:13.754,0.30,0.00,9.21,2.76,2,0
2026-06-12 20:26:13.806,0.30,0.00,9.21,2.76,2,0
2026-06-12 20:26:13.855,0.30,0.00,9.21,2.76,2,0
2026-06-12 20:26:13.905,0.30,0.00,9.21,2.76,2,0
2026-06-12 20:26:13.955,0.30,0.00,9.21,2.76,2,0
2026-06-12 20:26:14.006,0.30,0.00,9.21,2.76,2,0
2026-06-12 20:26:14.056,0.30,0.00,9.21,2.76,2,0
2026-06-12 20:26:14.106,0.30,0.00,9.21,2.76,2,0
2026-06-12 20:26:14.157,0.00,0.00,9.21,2.76,2,0
2026-06-12 20:26:14.207,0.00,0.00,0.00,0.00,2,0
2026-06-12 20:26:14.258,0.00,0.00,0.00,0.00,2,0
2026-06-12 20:26:14.308,0.00,0.00,0.00,0.00,2,0
2026-06-12 20:26:14.358,0.00,0.00,0.00,0.00,2,0
2026-06-12 20:26:14.409,0.00,0.00,0.00,0.00,2,0
2026-06-12 20:26:14.459,0.00,0.00,0.00,0.00,2,0
2026-06-12 20:26:14.510,0.00,0.00,0.00,0.00,2,0
2026-06-12 20:26:14.560,0.00,0.00,0.00,0.00,2,0
2026-06-12 20:26:14.610,0.00,0.00,0.00,0.00,2,0
2026-06-12 20:26:14.662,0.00,0.00,0.00,0.00,2,0
2026-06-12 20:26:14.714,0.00,0.00,0.00,0.00,2,0
2026-06-12 20:26:14.762,0.00,0.00,0.00,0.00,2,0
2026-06-12 20:26:14.812,0.00,0.00,0.00,0.00,2,0
2026-06-12 20:26:14.862,0.00,0.00,0.00,0.00,2,0
2026-06-12 20:26:14.913,0.00,0.00,0.00,0.00,2,0
2026-06-12 20:26:14.963,0.00,0.00,0.00,0.00,2,0
2026-06-12 20:26:15.014,0.00,0.00,0.00,0.00,2,0
2026-06-12 20:26:15.064,0.00,0.00,0.00,0.00,2,0
2026-06-12 20:26:15.114,0.00,0.00,0.00,0.00,2,0
2026-06-12 20:26:15.165,0.00,0.00,0.00,0.00,2,0
2026-06-12 20:26:15.215,0.00,0.00,0.00,0.00,2,0
2026-06-12 20:26:15.266,0.00,0.00,0.00,0.00,2,0
2026-06-12 20:26:15.316,0.00,0.00,0.00,0.00,2,0
2026-06-12 20:26:15.366,0.00,0.00,0.00,0.00,2,0
2026-06-12 20:26:15.417,0.00,0.00,0.00,0.00,2,0
2026-06-12 20:26:15.468,0.00,0.00,0.00,0.00,2,0
2026-06-12 20:26:15.518,0.00,0.00,0.00,0.00,2,0
2026-06-12 20:26:15.568,0.00,0.00,0.00,0.00,2,0
2026-06-12 20:26:15.618,0.00,0.00,0.00,0.00,2,0
2026-06-12 20:26:15.669,0.00,0.00,0.00,0.00,2,0
2026-06-12 20:26:15.719,0.00,0.00,0.00,0.00,2,0
2026-06-12 20:26:15.784,0.00,0.00,0.00,0.00,2,0
2026-06-12 20:26:15.820,0.00,0.00,0.00,0.00,2,0
2026-06-12 20:26:15.870,0.00,0.00,0.00,0.00,2,0
2026-06-12 20:26:15.921,0.00,0.00,0.00,0.00,2,0
2026-06-12 20:26:15.971,0.00,0.00,0.00,0.00,2,0
2026-06-12 20:26:16.024,0.00,0.00,0.00,0.00,2,0
2026-06-12 20:26:16.072,0.00,0.00,0.00,0.00,2,0
2026-06-12 20:26:16.123,0.00,0.00,0.00,0.00,2,0
2026-06-12 20:26:16.173,0.00,0.00,0.00,0.00,2,0
2026-06-12 20:26:16.223,0.00,0.00,0.00,0.00,2,0
2026-06-12 20:26:16.274,0.00,0.00,0.00,0.00,2,0
2026-06-12 20:26:16.324,0.00,0.00,0.00,0.00,2,0
2026-06-12 20:26:16.374,0.00,0.00,0.00,0.00,2,0
2026-06-12 20:26:16.425,0.00,0.00,0.00,0.00,2,0
2026-06-12 20:26:16.475,0.00,0.00,0.00,0.00,2,0
2026-06-12 20:26:16.526,0.00,0.00,0.00,0.00,2,0
2026-06-12 20:26:16.577,0.00,0.00,0.00,0.00,2,0
2026-06-12 20:26:16.626,0.00,0.00,0.00,0.00,2,0
2026-06-12 20:26:16.677,0.00,0.00,0.00,0.00,2,0
2026-06-12 20:26:16.727,0.13,0.00,0.00,0.00,2,0
2026-06-12 20:26:16.778,0.13,0.00,3.95,1.18,2,0
2026-06-12 20:26:16.828,0.13,0.00,3.95,1.18,2,0
2026-06-12 20:26:16.878,0.13,0.00,3.95,1.18,2,0
2026-06-12 20:26:16.932,0.13,0.00,3.95,1.18,2,0
2026-06-12 20:26:16.979,0.24,0.02,3.95,1.18,2,0
2026-06-12 20:26:17.030,0.24,0.02,4.38,2.14,2,0
2026-06-12 20:26:17.080,0.24,0.02,4.38,2.14,2,0
2026-06-12 20:26:17.130,0.24,0.02,4.38,2.14,2,0
2026-06-12 20:26:17.181,0.36,0.04,4.38,2.14,2,0
2026-06-12 20:26:17.232,0.36,0.04,5.97,3.29,2,0
2026-06-12 20:26:17.282,0.36,0.04,5.97,3.29,2,0
2026-06-12 20:26:17.332,0.36,0.04,5.97,3.29,2,0
2026-06-12 20:26:17.382,0.44,0.05,5.97,3.29,2,0
2026-06-12 20:26:17.433,0.44,0.05,5.78,4.04,2,0
2026-06-12 20:26:17.483,0.44,0.05,5.78,4.04,2,0
2026-06-12 20:26:17.534,1.55,0.35,5.78,4.04,2,0
2026-06-12 20:26:17.584,1.55,0.35,37.45,14.06,2,0
2026-06-12 20:26:17.634,2.60,0.64,37.45,14.06,2,0
2026-06-12 20:26:17.685,2.60,0.64,45.75,23.57,2,0
2026-06-12 20:26:17.735,2.60,0.64,45.75,23.57,2,0
2026-06-12 20:26:17.786,3.54,0.86,45.75,23.57,2,0
2026-06-12 20:26:17.836,3.54,0.86,52.11,32.13,2,0
2026-06-12 20:26:17.886,4.38,1.01,52.11,32.13,2,0
2026-06-12 20:26:17.937,4.38,1.01,57.73,39.81,2,0
2026-06-12 20:26:17.987,5.14,1.17,57.73,39.81,2,0
2026-06-12 20:26:18.038,5.14,1.17,62.79,46.70,2,0
2026-06-12 20:26:18.088,5.84,1.28,62.79,46.70,2,0
2026-06-12 20:26:18.138,5.84,1.28,67.93,53.07,2,0
2026-06-12 20:26:18.189,6.50,1.36,67.93,53.07,2,0
2026-06-12 20:26:18.239,6.50,1.36,72.79,58.99,2,0
2026-06-12 20:26:18.290,7.11,1.49,72.79,58.99,2,0
2026-06-12 20:26:18.340,7.11,1.49,77.50,64.54,2,0
2026-06-12 20:26:18.390,7.66,1.50,77.50,64.54,2,0
2026-06-12 20:26:18.442,8.15,1.55,81.16,69.53,2,0
2026-06-12 20:26:18.492,8.15,1.55,84.57,74.04,2,0
2026-06-12 20:26:18.542,8.59,1.56,84.57,74.04,2,0
2026-06-12 20:26:18.596,8.95,1.52,87.32,78.03,2,0
2026-06-12 20:26:18.642,8.95,1.52,88.73,81.24,2,0
2026-06-12 20:26:18.693,9.33,1.50,88.73,81.24,2,0
2026-06-12 20:26:18.743,9.71,1.49,92.80,84.71,2,0
2026-06-12 20:26:18.796,9.71,1.49,96.23,88.16,2,0
2026-06-12 20:26:18.844,10.10,1.47,96.23,88.16,2,0
2026-06-12 20:26:18.894,10.51,1.48,99.87,91.68,2,0
2026-06-12 20:26:18.948,10.51,1.48,104.13,95.41,2,0
2026-06-12 20:26:18.995,10.86,1.45,104.13,95.41,2,0
2026-06-12 20:26:19.046,11.19,1.51,106.10,98.62,2,0
2026-06-12 20:26:19.096,11.48,1.44,108.74,101.66,2,0
2026-06-12 20:26:19.146,11.76,1.46,110.26,104.24,2,0
2026-06-12 20:26:19.197,11.76,1.46,112.81,106.81,2,0
2026-06-12 20:26:19.247,12.05,1.40,112.81,106.81,2,0
2026-06-12 20:26:19.298,12.34,1.43,115.57,109.44,2,0
2026-06-12 20:26:19.348,12.67,1.40,118.27,112.09,2,0
2026-06-12 20:26:19.399,13.00,1.47,122.01,115.06,2,0
2026-06-12 20:26:19.449,13.32,1.51,125.11,118.08,2,0
2026-06-12 20:26:19.499,13.32,1.51,127.80,120.99,2,0
2026-06-12 20:26:19.550,13.59,1.43,127.80,120.99,2,0
2026-06-12 20:26:19.600,13.81,1.40,128.93,123.38,2,0
2026-06-12 20:26:19.651,14.05,1.39,130.14,125.40,2,0
2026-06-12 20:26:19.702,14.28,1.37,132.67,127.58,2,0
2026-06-12 20:26:19.752,14.56,1.40,134.59,129.69,2,0
2026-06-12 20:26:19.802,14.88,1.46,138.22,132.25,2,0
2026-06-12 20:26:19.852,15.19,1.49,141.95,135.16,2,0
2026-06-12 20:26:19.903,15.50,1.52,144.56,137.98,2,0
2026-06-12 20:26:19.953,15.72,1.47,147.34,140.79,2,0
2026-06-12 20:26:20.003,15.91,1.41,147.31,142.75,2,0
2026-06-12 20:26:20.054,16.02,1.29,148.42,144.45,2,0
2026-06-12 20:26:20.104,16.13,1.18,148.01,145.52,2,0
2026-06-12 20:26:20.155,16.38,1.22,148.59,146.44,2,0
2026-06-12 20:26:20.205,16.64,1.25,154.18,148.76,2,0
2026-06-12 20:26:20.256,17.23,1.63,156.58,151.10,2,0
2026-06-12 20:26:20.306,17.43,1.55,163.44,156.46,2,0
2026-06-12 20:26:20.356,25.55,13.48,162.44,158.26,1,0
2026-06-12 20:26:20.407,28.78,14.15,322.11,232.00,1,0
2026-06-12 20:26:20.457,28.13,11.50,329.95,261.38,1,0
2026-06-12 20:26:20.507,25.82,5.92,241.72,255.48,1,0
2026-06-12 20:26:20.564,23.72,3.32,185.39,234.46,1,0
2026-06-12 20:26:20.608,21.45,-0.04,171.10,215.45,1,0
2026-06-12 20:26:20.659,20.84,-0.54,176.48,194.79,1,0
2026-06-12 20:26:20.710,20.36,-0.85,176.38,189.26,1,0
2026-06-12 20:26:20.760,20.11,-1.15,174.79,184.92,1,0
2026-06-12 20:26:20.810,19.90,-1.15,177.19,182.60,1,0
2026-06-12 20:26:20.861,19.84,-0.84,176.16,180.67,1,0
2026-06-12 20:26:20.911,19.86,-0.70,180.79,180.20,1,0
2026-06-12 20:26:20.963,19.97,-0.51,180.75,180.36,1,0
2026-06-12 20:26:21.012,20.01,-0.37,183.54,181.32,1,0
2026-06-12 20:26:21.062,19.99,-0.32,182.51,181.67,1,0
2026-06-12 20:26:21.112,19.87,-0.39,181.30,181.56,1,0
2026-06-12 20:26:21.163,19.82,-0.38,178.78,180.46,1,0
2026-06-12 20:26:21.213,19.83,-0.32,178.96,180.01,1,0
2026-06-12 20:26:21.264,19.81,-0.30,180.11,180.04,1,0
2026-06-12 20:26:21.314,19.78,-0.28,179.52,179.88,1,0
2026-06-12 20:26:21.365,19.55,-0.53,178.95,179.60,1,0
2026-06-12 20:26:21.415,19.36,-0.61,173.79,177.52,1,0
2026-06-12 20:26:21.465,19.16,-0.69,171.81,175.81,1,0
2026-06-12 20:26:21.516,18.94,-0.76,169.66,173.96,1,0
2026-06-12 20:26:21.566,18.78,-0.77,167.27,171.96,1,0
2026-06-12 20:26:21.617,18.59,-0.99,167.39,170.59,1,0
2026-06-12 20:26:21.667,18.33,-1.05,164.61,168.79,1,0
2026-06-12 20:26:21.720,18.01,-1.16,160.96,166.44,1,0
2026-06-12 20:26:21.768,17.58,-1.34,156.68,163.51,1,0
2026-06-12 20:26:21.818,17.11,-1.40,150.58,159.63,1,0
2026-06-12 20:26:21.873,16.57,-1.63,145.51,155.40,1,0
2026-06-12 20:26:21.919,15.98,-1.88,138.90,150.45,1,0
2026-06-12 20:26:21.970,15.98,-1.88,132.66,145.11,1,0
2026-06-12 20:26:22.020,15.34,-1.94,132.66,145.11,1,0
2026-06-12 20:26:22.071,14.60,-2.07,125.86,139.34,1,0
2026-06-12 20:26:22.122,14.60,-2.07,116.81,132.58,1,0
2026-06-12 20:26:22.172,13.75,-2.22,116.81,132.58,1,0
2026-06-12 20:26:22.222,13.75,-2.22,106.78,124.84,1,0
2026-06-12 20:26:22.272,12.67,-2.34,106.78,124.84,1,0
2026-06-12 20:26:22.323,12.67,-2.34,92.11,115.02,1,0
2026-06-12 20:26:22.373,12.67,-2.34,92.11,115.02,1,0
2026-06-12 20:26:22.423,11.18,-2.34,92.11,115.02,1,0
2026-06-12 20:26:22.474,11.18,-2.34,69.98,101.51,1,0
2026-06-12 20:26:22.524,11.18,-2.34,69.98,101.51,1,0
2026-06-12 20:26:22.575,11.18,-2.34,69.98,101.51,1,0
2026-06-12 20:26:22.625,11.18,-2.34,69.98,101.51,1,0
2026-06-12 20:26:22.676,11.18,-2.34,69.98,101.51,1,0
2026-06-12 20:26:22.726,11.18,-2.34,69.98,101.51,1,0
2026-06-12 20:26:22.776,11.18,-2.34,69.98,101.51,1,0
2026-06-12 20:26:22.827,11.18,-2.34,69.98,101.51,1,0
2026-06-12 20:26:22.877,11.18,-2.34,69.98,101.51,1,0
2026-06-12 20:26:22.928,11.18,-2.34,69.98,101.51,1,0
2026-06-12 20:26:22.978,11.18,-2.34,69.98,101.51,1,0
2026-06-12 20:26:23.028,11.18,-2.34,69.98,101.51,1,0
2026-06-12 20:26:23.079,11.18,-2.34,69.98,101.51,1,0
2026-06-12 20:26:23.129,11.18,-2.34,69.98,101.51,1,0
2026-06-12 20:26:23.180,11.18,-2.34,69.98,101.51,1,0
2026-06-12 20:26:23.230,11.18,-2.34,69.98,101.51,1,0
2026-06-12 20:26:23.281,11.18,-2.34,69.98,101.51,1,0
2026-06-12 20:26:23.331,11.18,-2.34,69.98,101.51,1,0
2026-06-12 20:26:23.383,8.60,-2.10,69.98,101.51,0,0
2026-06-12 20:26:23.432,8.60,-2.10,23.40,78.08,0,0
2026-06-12 20:26:23.482,8.60,-2.10,23.40,78.08,0,0
2026-06-12 20:26:23.533,8.60,-2.10,23.40,78.08,0,0
2026-06-12 20:26:23.583,8.60,-2.10,23.40,78.08,0,0
2026-06-12 20:26:23.634,8.60,-2.10,23.40,78.08,0,0
2026-06-12 20:26:23.684,8.60,-2.10,23.40,78.08,0,0
2026-06-12 20:26:23.734,8.60,-2.10,23.40,78.08,0,0
2026-06-12 20:26:23.785,8.60,-2.10,23.40,78.08,0,0
2026-06-12 20:26:23.835,8.60,-2.10,23.40,78.08,0,0
2026-06-12 20:26:23.886,8.60,-2.10,23.40,78.08,0,0
2026-06-12 20:26:23.936,8.60,-2.10,23.40,78.08,0,0
2026-06-12 20:26:23.987,8.60,-2.10,23.40,78.08,0,0
2026-06-12 20:26:24.037,8.60,-2.10,23.40,78.08,0,0
2026-06-12 20:26:24.087,8.60,-2.10,23.40,78.08,0,0
2026-06-12 20:26:24.138,8.60,-2.10,23.40,78.08,0,0
2026-06-12 20:26:24.188,8.60,-2.10,23.40,78.08,0,0
2026-06-12 20:26:24.239,8.60,-2.10,23.40,78.08,0,0
2026-06-12 20:26:24.289,8.60,-2.10,23.40,78.08,0,0
2026-06-12 20:26:24.339,8.60,-2.10,23.40,78.08,0,0
2026-06-12 20:26:24.390,8.60,-2.10,23.40,78.08,0,0
2026-06-12 20:26:24.440,8.60,-2.10,23.40,78.08,0,0
2026-06-12 20:26:24.492,8.60,-2.10,23.40,78.08,0,0
2026-06-12 20:26:24.542,8.60,-2.10,23.40,78.08,0,0
2026-06-12 20:26:24.591,8.60,-2.10,23.40,78.08,0,0
2026-06-12 20:26:24.642,8.60,-2.10,23.40,78.08,0,0
2026-06-12 20:26:24.692,8.60,-2.10,23.40,78.08,0,0
2026-06-12 20:26:24.743,8.60,-2.10,23.40,78.08,0,0
2026-06-12 20:26:24.793,8.60,-2.10,23.40,78.08,0,0
2026-06-12 20:26:24.844,8.60,-2.10,23.40,78.08,0,0
2026-06-12 20:26:24.894,8.60,-2.10,23.40,78.08,0,0
2026-06-12 20:26:24.944,8.60,-2.10,23.40,78.08,0,0
2026-06-12 20:26:24.995,8.60,-2.10,23.40,78.08,0,0
2026-06-12 20:26:25.045,8.60,-2.10,23.40,78.08,0,0
2026-06-12 20:26:25.096,8.60,-2.10,23.40,78.08,0,0
2026-06-12 20:26:25.146,8.60,-2.10,23.40,78.08,0,0
2026-06-12 20:26:25.197,8.60,-2.10,23.40,78.08,0,0
2026-06-12 20:26:25.247,8.60,-2.10,23.40,78.08,0,0
2026-06-12 20:26:25.297,8.60,-2.10,23.40,78.08,0,0
2026-06-12 20:26:25.348,0.00,0.00,23.40,78.08,0,0
2026-06-12 20:26:25.398,0.31,0.00,0.00,0.00,2,0
2026-06-12 20:26:25.449,0.31,0.00,9.31,2.79,2,0
2026-06-12 20:26:25.499,0.31,0.00,9.31,2.79,2,0
2026-06-12 20:26:25.549,0.31,0.00,9.31,2.79,2,0
2026-06-12 20:26:25.600,0.31,0.00,9.31,2.79,2,0
2026-06-12 20:26:25.650,0.31,0.00,9.31,2.79,2,0
2026-06-12 20:26:25.701,0.31,0.00,9.31,2.79,2,0
2026-06-12 20:26:25.752,0.31,0.00,9.31,2.79,2,0
2026-06-12 20:26:25.802,0.31,0.00,9.31,2.79,2,0
2026-06-12 20:26:25.852,0.31,0.00,9.31,2.79,2,0
2026-06-12 20:26:25.902,0.31,0.00,9.31,2.79,2,0
2026-06-12 20:26:25.953,0.31,0.00,9.31,2.79,2,0
2026-06-12 20:26:26.003,0.31,0.00,9.31,2.79,2,0
2026-06-12 20:26:26.053,0.31,0.00,9.31,2.79,2,0
2026-06-12 20:26:26.104,0.31,0.00,9.31,2.79,2,0
2026-06-12 20:26:26.154,0.31,0.00,9.31,2.79,2,0
2026-06-12 20:26:26.205,0.31,0.00,9.31,2.79,2,0
2026-06-12 20:26:26.255,0.31,0.00,9.31,2.79,2,0
2026-06-12 20:26:26.306,0.31,0.00,9.31,2.79,2,0
2026-06-12 20:26:26.356,0.31,0.00,9.31,2.79,2,0
2026-06-12 20:26:26.406,0.31,0.00,9.31,2.79,2,0
2026-06-12 20:26:26.457,0.31,0.00,9.31,2.79,2,0
2026-06-12 20:26:26.507,0.31,0.00,9.31,2.79,2,0
2026-06-12 20:26:26.557,0.31,0.00,9.31,2.79,2,0
2026-06-12 20:26:26.608,0.31,0.00,9.31,2.79,2,0
2026-06-12 20:26:26.658,0.31,0.00,9.31,2.79,2,0
2026-06-12 20:26:26.709,0.31,0.00,9.31,2.79,2,0
2026-06-12 20:26:26.759,0.31,0.00,9.31,2.79,2,0
2026-06-12 20:26:26.809,0.31,0.00,9.31,2.79,2,0
2026-06-12 20:26:26.861,0.31,0.00,9.31,2.79,2,0
2026-06-12 20:26:26.910,0.31,0.00,9.31,2.79,2,0
2026-06-12 20:26:26.961,0.31,0.00,9.31,2.79,2,0
2026-06-12 20:26:27.011,0.31,0.00,9.31,2.79,2,0
2026-06-12 20:26:27.062,0.31,0.00,9.31,2.79,2,0
2026-06-12 20:26:27.112,0.31,0.00,9.31,2.79,2,0
2026-06-12 20:26:27.162,0.31,0.00,9.31,2.79,2,0
2026-06-12 20:26:27.213,0.31,0.00,9.31,2.79,2,0
2026-06-12 20:26:27.263,0.31,0.00,9.31,2.79,2,0
2026-06-12 20:26:27.314,0.31,0.00,9.31,2.79,2,0
2026-06-12 20:26:27.364,0.00,0.00,9.31,2.79,2,0
2026-06-12 20:26:27.414,0.00,0.00,0.00,0.00,2,0
2026-06-12 20:26:27.465,0.00,0.00,0.00,0.00,2,0
2026-06-12 20:26:27.515,0.00,0.00,0.00,0.00,2,0
2026-06-12 20:26:27.567,0.00,0.00,0.00,0.00,2,0
2026-06-12 20:26:27.616,0.00,0.00,0.00,0.00,2,0
2026-06-12 20:26:27.668,0.00,0.00,0.00,0.00,2,0
2026-06-12 20:26:27.717,0.00,0.00,0.00,0.00,2,0
2026-06-12 20:26:27.767,0.00,0.00,0.00,0.00,2,0
2026-06-12 20:26:27.818,0.00,0.00,0.00,0.00,2,0
2026-06-12 20:26:27.868,0.00,0.00,0.00,0.00,2,0
2026-06-12 20:26:27.918,0.00,0.00,0.00,0.00,2,0
2026-06-12 20:26:27.969,0.00,0.00,0.00,0.00,2,0
2026-06-12 20:26:28.019,0.00,0.00,0.00,0.00,2,0
2026-06-12 20:26:28.071,0.00,0.00,0.00,0.00,2,0
2026-06-12 20:26:28.120,0.00,0.00,0.00,0.00,2,0
2026-06-12 20:26:28.170,0.00,0.00,0.00,0.00,2,0
2026-06-12 20:26:28.221,0.00,0.00,0.00,0.00,2,0
2026-06-12 20:26:28.271,0.00,0.00,0.00,0.00,2,0
2026-06-12 20:26:28.321,0.00,0.00,0.00,0.00,2,0
2026-06-12 20:26:28.372,0.00,0.00,0.00,0.00,2,0
2026-06-12 20:26:28.422,0.00,0.00,0.00,0.00,2,0
2026-06-12 20:26:28.473,0.00,0.00,0.00,0.00,2,0
2026-06-12 20:26:28.523,0.00,0.00,0.00,0.00,2,0
2026-06-12 20:26:28.573,0.00,0.00,0.00,0.00,2,0
2026-06-12 20:26:28.624,0.00,0.00,0.00,0.00,2,0
2026-06-12 20:26:28.674,0.00,0.00,0.00,0.00,2,0
2026-06-12 20:26:28.725,0.00,0.00,0.00,0.00,2,0
2026-06-12 20:26:28.775,0.00,0.00,0.00,0.00,2,0
2026-06-12 20:26:28.825,0.00,0.00,0.00,0.00,2,0
2026-06-12 20:26:28.876,0.00,0.00,0.00,0.00,2,0
2026-06-12 20:26:28.926,0.00,0.00,0.00,0.00,2,0
2026-06-12 20:26:28.977,0.00,0.00,0.00,0.00,2,0
2026-06-12 20:26:29.044,0.00,0.00,0.00,0.00,2,0
2026-06-12 20:26:29.079,0.00,0.00,0.00,0.00,2,0
2026-06-12 20:26:29.128,0.00,0.00,0.00,0.00,2,0
2026-06-12 20:26:29.178,0.00,0.00,0.00,0.00,2,0
2026-06-12 20:26:29.229,0.00,0.00,0.00,0.00,2,0
2026-06-12 20:26:29.279,0.00,0.00,0.00,0.00,2,0
2026-06-12 20:26:29.329,0.00,0.00,0.00,0.00,2,0
2026-06-12 20:26:29.380,0.00,0.00,0.00,0.00,2,0
2026-06-12 20:26:29.430,0.00,0.00,0.00,0.00,2,0
2026-06-12 20:26:29.482,0.00,0.00,0.00,0.00,2,0
2026-06-12 20:26:29.532,0.00,0.00,0.00,0.00,2,0
2026-06-12 20:26:29.582,0.00,0.00,0.00,0.00,2,0
2026-06-12 20:26:29.632,0.00,0.00,0.00,0.00,2,0
2026-06-12 20:26:29.683,0.00,0.00,0.00,0.00,2,0
2026-06-12 20:26:29.733,0.00,0.00,0.00,0.00,2,0
2026-06-12 20:26:29.783,0.00,0.00,0.00,0.00,2,0
2026-06-12 20:26:29.833,0.00,0.00,0.00,0.00,2,0
2026-06-12 20:26:29.884,0.00,0.00,0.00,0.00,2,0
2026-06-12 20:26:29.935,0.00,0.00,0.00,0.00,2,0
2026-06-12 20:26:29.985,0.00,0.00,0.00,0.00,2,0
2026-06-12 20:26:30.035,0.00,0.00,0.00,0.00,2,0
2026-06-12 20:26:30.086,0.00,0.00,0.00,0.00,2,0
2026-06-12 20:26:30.136,0.00,0.00,0.00,0.00,2,0
2026-06-12 20:26:30.186,0.00,0.00,0.00,0.00,2,0
2026-06-12 20:26:30.237,0.00,0.00,0.00,0.00,2,0
2026-06-12 20:26:30.287,0.00,0.00,0.00,0.00,2,0
2026-06-12 20:26:30.338,0.00,0.00,0.00,0.00,2,0
2026-06-12 20:26:30.388,0.00,0.00,0.00,0.00,2,0
2026-06-12 20:26:30.438,0.00,0.00,0.00,0.00,2,0
2026-06-12 20:26:30.489,0.00,0.00,0.00,0.00,2,0
2026-06-12 20:26:30.539,0.00,0.00,0.00,0.00,2,0
2026-06-12 20:26:30.590,0.00,0.00,0.00,0.00,2,0
2026-06-12 20:26:30.640,0.00,0.00,0.00,0.00,2,0
2026-06-12 20:26:30.690,0.00,0.00,0.00,0.00,2,0
2026-06-12 20:26:30.741,0.00,0.00,0.00,0.00,2,0
2026-06-12 20:26:30.791,0.00,0.00,0.00,0.00,2,0
2026-06-12 20:26:30.842,0.00,0.00,0.00,0.00,2,0
2026-06-12 20:26:30.892,0.00,0.00,0.00,0.00,2,0
2026-06-12 20:26:30.942,0.00,0.00,0.00,0.00,2,0
2026-06-12 20:26:30.993,0.00,0.00,0.00,0.00,2,0
2026-06-12 20:26:31.043,0.00,0.00,0.00,0.00,2,0
2026-06-12 20:26:31.093,0.00,0.00,0.00,0.00,2,0
2026-06-12 20:26:31.144,0.00,0.00,0.00,0.00,2,0
2026-06-12 20:26:31.194,0.00,0.00,0.00,0.00,2,0
2026-06-12 20:26:31.245,0.00,0.00,0.00,0.00,2,0
2026-06-12 20:26:31.296,0.00,0.00,0.00,0.00,2,0
2026-06-12 20:26:31.345,0.00,0.00,0.00,0.00,2,0
2026-06-12 20:26:31.396,0.00,0.00,0.00,0.00,2,0
2026-06-12 20:26:31.446,0.00,0.00,0.00,0.00,2,0
2026-06-12 20:26:31.497,0.00,0.00,0.00,0.00,2,0
2026-06-12 20:26:31.547,0.00,0.00,0.00,0.00,2,0
2026-06-12 20:26:31.599,0.11,0.00,0.00,0.00,2,0
2026-06-12 20:26:31.648,0.11,0.00,3.21,0.96,2,0
2026-06-12 20:26:31.698,0.11,0.00,3.21,0.96,2,0
2026-06-12 20:26:31.749,0.11,0.00,3.21,0.96,2,0
2026-06-12 20:26:31.799,0.11,0.00,3.21,0.96,2,0
2026-06-12 20:26:31.850,0.11,0.00,3.21,0.96,2,0
2026-06-12 20:26:31.900,0.11,0.00,3.21,0.96,2,0
2026-06-12 20:26:31.951,0.11,0.00,3.21,0.96,2,0
2026-06-12 20:26:32.001,0.18,0.01,3.21,0.96,2,0
2026-06-12 20:26:32.052,0.18,0.01,3.14,1.62,2,0
2026-06-12 20:26:32.102,0.18,0.01,3.14,1.62,2,0
2026-06-12 20:26:32.152,0.18,0.01,3.14,1.62,2,0
2026-06-12 20:26:32.202,0.18,0.01,3.14,1.62,2,0
2026-06-12 20:26:32.253,0.24,0.02,3.14,1.62,2,0
2026-06-12 20:26:32.303,0.24,0.02,3.38,2.15,2,0
2026-06-12 20:26:32.353,0.24,0.02,3.38,2.15,2,0
2026-06-12 20:26:32.404,0.24,0.02,3.38,2.15,2,0
2026-06-12 20:26:32.454,0.31,0.03,3.38,2.15,2,0
2026-06-12 20:26:32.505,0.31,0.03,4.25,2.78,2,0
2026-06-12 20:26:32.556,0.31,0.03,4.25,2.78,2,0
2026-06-12 20:26:32.606,1.19,0.23,4.25,2.78,2,0
2026-06-12 20:26:32.656,1.19,0.23,29.46,10.78,2,0
2026-06-12 20:26:32.706,1.19,0.23,29.46,10.78,2,0
2026-06-12 20:26:32.758,1.19,0.23,29.46,10.78,2,0
2026-06-12 20:26:32.807,2.06,0.40,29.46,10.78,2,0
2026-06-12 20:26:32.858,2.06,0.40,37.16,18.70,2,0
2026-06-12 20:26:32.908,2.87,0.61,37.16,18.70,2,0
2026-06-12 20:26:32.958,2.87,0.61,43.36,26.10,2,0
2026-06-12 20:26:33.009,2.87,0.61,43.36,26.10,2,0
2026-06-12 20:26:33.059,3.62,0.73,43.36,26.10,2,0
2026-06-12 20:26:33.110,3.62,0.73,48.63,32.86,2,0
2026-06-12 20:26:33.160,4.31,0.90,48.63,32.86,2,0
2026-06-12 20:26:33.210,4.31,0.90,53.73,39.12,2,0
2026-06-12 20:26:33.261,4.31,0.90,53.73,39.12,2,0
2026-06-12 20:26:33.311,4.94,0.98,53.73,39.12,2,0
2026-06-12 20:26:33.362,4.94,0.98,58.33,44.88,2,0
2026-06-12 20:26:33.415,5.56,1.09,58.33,44.88,2,0
2026-06-12 20:26:33.462,5.56,1.09,63.65,50.51,2,0
2026-06-12 20:26:33.514,6.14,1.16,63.65,50.51,2,0
2026-06-12 20:26:33.563,6.14,1.16,68.11,55.79,2,0
2026-06-12 20:26:33.614,6.69,1.21,68.11,55.79,2,0
2026-06-12 20:26:33.664,6.69,1.21,72.41,60.78,2,0
2026-06-12 20:26:33.715,7.21,1.25,72.41,60.78,2,0
2026-06-12 20:26:33.768,7.65,1.30,76.42,65.47,2,0
2026-06-12 20:26:33.815,7.65,1.30,78.84,69.48,2,0
2026-06-12 20:26:33.866,8.04,1.27,78.84,69.48,2,0
2026-06-12 20:26:33.916,8.04,1.27,81.36,73.04,2,0
2026-06-12 20:26:33.966,8.40,1.28,81.36,73.04,2,0
2026-06-12 20:26:34.017,8.72,1.26,83.76,76.26,2,0
2026-06-12 20:26:34.067,8.72,1.26,85.94,79.16,2,0
2026-06-12 20:26:34.118,9.09,1.28,85.94,79.16,2,0
2026-06-12 20:26:34.168,9.47,1.30,90.52,82.57,2,0
2026-06-12 20:26:34.218,9.47,1.30,94.08,86.02,2,0
2026-06-12 20:26:34.269,9.86,1.31,94.08,86.02,2,0
2026-06-12 20:26:34.319,10.25,1.33,97.70,89.53,2,0
2026-06-12 20:26:34.370,10.25,1.33,101.29,93.06,2,0
2026-06-12 20:26:34.420,10.54,1.29,101.29,93.06,2,0
2026-06-12 20:26:34.470,10.83,1.26,101.95,95.72,2,0
2026-06-12 20:26:34.522,10.83,1.26,104.50,98.36,2,0
2026-06-12 20:26:34.571,11.07,1.20,104.50,98.36,2,0
2026-06-12 20:26:34.622,11.32,1.23,105.67,100.55,2,0
2026-06-12 20:26:34.672,11.65,1.22,108.06,102.80,2,0
2026-06-12 20:26:34.722,11.96,1.30,112.64,105.75,2,0
2026-06-12 20:26:34.773,11.96,1.30,115.42,108.65,2,0
2026-06-12 20:26:34.824,12.28,1.28,115.42,108.65,2,0
2026-06-12 20:26:34.874,12.62,1.37,118.23,111.53,2,0
2026-06-12 20:26:34.924,12.91,1.40,121.82,114.61,2,0
2026-06-12 20:26:34.974,13.18,1.34,123.27,117.21,2,0
2026-06-12 20:26:35.025,13.42,1.34,125.40,119.67,2,0
2026-06-12 20:26:35.075,13.68,1.35,127.02,121.87,2,0
2026-06-12 20:26:35.126,13.95,1.38,129.61,124.19,2,0
2026-06-12 20:26:35.176,14.25,1.42,132.59,126.71,2,0
2026-06-12 20:26:35.227,14.25,1.42,135.76,129.43,2,0
2026-06-12 20:26:35.277,14.56,1.38,135.76,129.43,2,0
2026-06-12 20:26:35.328,14.83,1.39,138.87,132.26,2,0
2026-06-12 20:26:35.378,15.06,1.37,140.36,134.69,2,0
2026-06-12 20:26:35.428,15.24,1.31,141.59,136.76,2,0
2026-06-12 20:26:35.479,15.48,1.31,142.18,138.39,2,0
2026-06-12 20:26:35.529,15.66,1.27,145.61,140.55,2,0
2026-06-12 20:26:35.579,16.21,1.59,146.05,142.20,2,0
2026-06-12 20:26:35.630,16.44,1.54,153.50,147.16,2,0
2026-06-12 20:26:35.680,16.76,1.58,154.19,149.27,2,0
2026-06-12 20:26:35.731,17.02,1.55,158.95,152.17,2,0
2026-06-12 20:26:35.782,17.17,1.45,160.01,154.52,2,0
2026-06-12 20:26:35.831,17.40,1.42,159.19,155.92,2,0
2026-06-12 20:26:35.882,17.55,1.33,162.95,158.03,2,0
2026-06-12 20:26:35.932,17.72,1.42,162.55,159.39,2,0
2026-06-12 20:26:35.983,18.02,1.44,164.62,160.96,2,0
2026-06-12 20:26:36.033,18.50,1.64,169.76,163.60,2,0
2026-06-12 20:26:36.083,18.69,1.55,173.60,167.97,2,0
2026-06-12 20:26:36.134,18.83,1.44,173.82,169.72,2,0
2026-06-12 20:26:36.184,19.02,1.54,174.00,171.01,2,0
2026-06-12 20:26:36.235,19.14,1.41,176.76,172.73,2,0
2026-06-12 20:26:36.285,19.53,1.50,176.35,173.82,2,0
2026-06-12 20:26:36.335,45.07,40.19,181.88,177.34,1,0
2026-06-12 20:26:36.386,45.26,34.32,709.82,409.29,1,0
2026-06-12 20:26:36.436,40.91,21.92,415.01,411.00,1,0
2026-06-12 20:26:36.487,30.97,4.56,279.24,371.47,1,0
2026-06-12 20:26:36.537,27.84,1.26,185.88,281.28,1,0
2026-06-12 20:26:36.588,25.74,-0.64,186.30,252.79,1,0
2026-06-12 20:26:36.638,24.35,-2.86,189.33,233.75,1,0
2026-06-12 20:26:36.688,22.80,-3.73,191.76,221.15,1,0
2026-06-12 20:26:36.739,22.35,-3.53,194.56,207.01,1,0
2026-06-12 20:26:36.789,22.03,-3.54,193.51,202.96,1,0
2026-06-12 20:26:36.840,21.68,-2.99,193.18,200.03,1,0
2026-06-12 20:26:36.890,21.54,-2.65,192.84,196.85,1,0
2026-06-12 20:26:36.941,21.50,-2.33,192.77,195.62,1,0
2026-06-12 20:26:36.991,21.53,-1.59,194.27,195.22,1,0
2026-06-12 20:26:37.042,21.52,-1.36,196.89,195.53,1,0
2026-06-12 20:26:37.092,21.40,-1.26,195.30,195.46,1,0
2026-06-12 20:26:37.145,21.33,-1.18,191.74,194.34,1,0
2026-06-12 20:26:37.193,21.03,-1.19,192.29,193.73,1,0
2026-06-12 20:26:37.244,20.94,-1.09,188.33,190.97,1,0
2026-06-12 20:26:37.293,21.62,0.35,188.17,190.13,1,0
2026-06-12 20:26:37.344,23.23,2.98,214.57,196.35,1,0
2026-06-12 20:26:37.394,24.17,3.31,245.07,210.97,1,0
2026-06-12 20:26:37.445,23.76,1.22,239.26,219.46,1,0
2026-06-12 20:26:37.495,22.28,-0.20,196.39,215.80,1,0
2026-06-12 20:26:37.545,21.14,-1.10,170.85,202.32,1,0
2026-06-12 20:26:37.596,20.26,-1.67,167.82,191.97,1,0
2026-06-12 20:26:37.647,19.49,-2.06,165.37,183.99,1,0
2026-06-12 20:26:37.697,18.82,-2.30,160.72,177.01,1,0
2026-06-12 20:26:37.747,18.14,-2.52,156.74,170.93,1,0
2026-06-12 20:26:37.799,17.42,-2.73,150.33,164.75,1,0
2026-06-12 20:26:37.848,17.42,-2.73,142.84,158.18,1,0
2026-06-12 20:26:37.898,16.64,-2.75,142.84,158.18,1,0
2026-06-12 20:26:37.949,15.74,-3.08,134.66,151.12,1,0
2026-06-12 20:26:37.999,14.77,-3.15,123.91,142.96,1,0
2026-06-12 20:26:38.050,14.77,-3.15,113.53,134.13,1,0
2026-06-12 20:26:38.102,13.69,-3.13,113.53,134.13,1,0
2026-06-12 20:26:38.151,13.69,-3.13,101.43,124.32,1,0
2026-06-12 20:26:38.201,13.69,-3.13,101.43,124.32,1,0
2026-06-12 20:26:38.255,12.39,-3.09,101.43,124.32,1,0
2026-06-12 20:26:38.302,12.39,-3.09,84.87,112.49,1,0
2026-06-12 20:26:38.352,12.39,-3.09,84.87,112.49,1,0
2026-06-12 20:26:38.403,12.39,-3.09,84.87,112.49,1,0
2026-06-12 20:26:38.453,12.39,-3.09,84.87,112.49,1,0
2026-06-12 20:26:38.503,12.39,-3.09,84.87,112.49,1,0
2026-06-12 20:26:38.554,12.39,-3.09,84.87,112.49,1,0
2026-06-12 20:26:38.604,12.39,-3.09,84.87,112.49,1,0
2026-06-12 20:26:38.655,12.39,-3.09,84.87,112.49,1,0
2026-06-12 20:26:38.705,12.39,-3.09,84.87,112.49,1,0
2026-06-12 20:26:38.756,12.39,-3.09,84.87,112.49,1,0
2026-06-12 20:26:38.806,12.39,-3.09,84.87,112.49,1,0
2026-06-12 20:26:38.856,12.39,-3.09,84.87,112.49,1,0
2026-06-12 20:26:38.907,12.39,-3.09,84.87,112.49,1,0
2026-06-12 20:26:38.957,12.39,-3.09,84.87,112.49,1,0
2026-06-12 20:26:39.008,12.39,-3.09,84.87,112.49,1,0
2026-06-12 20:26:39.058,12.39,-3.09,84.87,112.49,1,0
2026-06-12 20:26:39.108,12.39,-3.09,84.87,112.49,1,0
2026-06-12 20:26:39.159,12.39,-3.09,84.87,112.49,1,0
2026-06-12 20:26:39.209,12.39,-3.09,84.87,112.49,1,0
2026-06-12 20:26:39.260,12.39,-3.09,84.87,112.49,1,0
2026-06-12 20:26:39.310,12.39,-3.09,84.87,112.49,1,0
2026-06-12 20:26:39.361,9.38,-2.74,84.87,112.49,0,0
2026-06-12 20:26:39.411,9.38,-2.74,21.48,85.18,0,0
2026-06-12 20:26:39.461,9.38,-2.74,21.48,85.18,0,0
2026-06-12 20:26:39.512,9.38,-2.74,21.48,85.18,0,0
2026-06-12 20:26:39.562,9.38,-2.74,21.48,85.18,0,0
2026-06-12 20:26:39.613,9.38,-2.74,21.48,85.18,0,0
2026-06-12 20:26:39.663,9.38,-2.74,21.48,85.18,0,0
2026-06-12 20:26:39.713,9.38,-2.74,21.48,85.18,0,0
2026-06-12 20:26:39.764,9.38,-2.74,21.48,85.18,0,0
2026-06-12 20:26:39.814,9.38,-2.74,21.48,85.18,0,0
2026-06-12 20:26:39.865,9.38,-2.74,21.48,85.18,0,0
2026-06-12 20:26:39.915,9.38,-2.74,21.48,85.18,0,0
2026-06-12 20:26:39.968,9.38,-2.74,21.48,85.18,0,0
2026-06-12 20:26:40.016,9.38,-2.74,21.48,85.18,0,0
2026-06-12 20:26:40.066,9.38,-2.74,21.48,85.18,0,0
2026-06-12 20:26:40.117,9.38,-2.74,21.48,85.18,0,0
2026-06-12 20:26:40.167,9.38,-2.74,21.48,85.18,0,0
2026-06-12 20:26:40.218,9.38,-2.74,21.48,85.18,0,0
2026-06-12 20:26:40.268,9.38,-2.74,21.48,85.18,0,0
2026-06-12 20:26:40.319,9.38,-2.74,21.48,85.18,0,0
2026-06-12 20:26:40.369,9.38,-2.74,21.48,85.18,0,0
2026-06-12 20:26:40.419,9.38,-2.74,21.48,85.18,0,0
2026-06-12 20:26:40.470,9.38,-2.74,21.48,85.18,0,0
2026-06-12 20:26:40.520,9.38,-2.74,21.48,85.18,0,0
2026-06-12 20:26:40.571,9.38,-2.74,21.48,85.18,0,0
2026-06-12 20:26:40.621,9.38,-2.74,21.48,85.18,0,0
2026-06-12 20:26:40.671,9.38,-2.74,21.48,85.18,0,0
2026-06-12 20:26:40.723,9.38,-2.74,21.48,85.18,0,0
2026-06-12 20:26:40.772,9.38,-2.74,21.48,85.18,0,0
2026-06-12 20:26:40.824,9.38,-2.74,21.48,85.18,0,0
2026-06-12 20:26:40.875,9.38,-2.74,21.48,85.18,0,0
2026-06-12 20:26:40.924,9.38,-2.74,21.48,85.18,0,0
2026-06-12 20:26:40.974,9.38,-2.74,21.48,85.18,0,0
2026-06-12 20:26:41.025,9.38,-2.74,21.48,85.18,0,0
2026-06-12 20:26:41.075,9.38,-2.74,21.48,85.18,0,0
2026-06-12 20:26:41.125,9.38,-2.74,21.48,85.18,0,0
2026-06-12 20:26:41.176,9.38,-2.74,21.48,85.18,0,0
2026-06-12 20:26:41.226,9.38,-2.74,21.48,85.18,0,0
2026-06-12 20:26:41.277,9.38,-2.74,21.48,85.18,0,0
2026-06-12 20:26:41.327,0.00,0.00,21.48,85.18,0,0
2026-06-12 20:26:41.379,0.30,0.00,0.00,0.00,2,0
2026-06-12 20:26:41.428,0.30,0.00,9.22,2.76,2,0
2026-06-12 20:26:41.478,0.30,0.00,9.22,2.76,2,0
2026-06-12 20:26:41.529,0.30,0.00,9.22,2.76,2,0
2026-06-12 20:26:41.579,0.30,0.00,9.22,2.76,2,0
2026-06-12 20:26:41.629,0.30,0.00,9.22,2.76,2,0
2026-06-12 20:26:41.680,0.30,0.00,9.22,2.76,2,0
2026-06-12 20:26:41.730,0.30,0.00,9.22,2.76,2,0
2026-06-12 20:26:41.781,0.30,0.00,9.22,2.76,2,0
2026-06-12 20:26:41.831,0.30,0.00,9.22,2.76,2,0
2026-06-12 20:26:41.882,0.30,0.00,9.22,2.76,2,0
2026-06-12 20:26:41.933,0.30,0.00,9.22,2.76,2,0
2026-06-12 20:26:41.982,0.30,0.00,9.22,2.76,2,0
2026-06-12 20:26:42.033,0.30,0.00,9.22,2.76,2,0
2026-06-12 20:26:42.083,0.30,0.00,9.22,2.76,2,0
2026-06-12 20:26:42.133,0.30,0.00,9.22,2.76,2,0
2026-06-12 20:26:42.188,0.30,0.00,9.22,2.76,2,0
2026-06-12 20:26:42.234,0.30,0.00,9.22,2.76,2,0
2026-06-12 20:26:42.285,0.30,0.00,9.22,2.76,2,0
2026-06-12 20:26:42.335,0.30,0.00,9.22,2.76,2,0
2026-06-12 20:26:42.385,0.30,0.00,9.22,2.76,2,0
2026-06-12 20:26:42.436,0.30,0.00,9.22,2.76,2,0
2026-06-12 20:26:42.486,0.30,0.00,9.22,2.76,2,0
2026-06-12 20:26:42.537,0.30,0.00,9.22,2.76,2,0
2026-06-12 20:26:42.587,0.30,0.00,9.22,2.76,2,0
2026-06-12 20:26:42.638,0.30,0.00,9.22,2.76,2,0
2026-06-12 20:26:42.688,0.30,0.00,9.22,2.76,2,0
2026-06-12 20:26:42.738,0.30,0.00,9.22,2.76,2,0
2026-06-12 20:26:42.789,0.30,0.00,9.22,2.76,2,0
2026-06-12 20:26:42.839,0.30,0.00,9.22,2.76,2,0
2026-06-12 20:26:42.889,0.30,0.00,9.22,2.76,2,0
2026-06-12 20:26:42.940,0.30,0.00,9.22,2.76,2,0
2026-06-12 20:26:42.990,0.30,0.00,9.22,2.76,2,0
2026-06-12 20:26:43.041,0.30,0.00,9.22,2.76,2,0
2026-06-12 20:26:43.091,0.30,0.00,9.22,2.76,2,0
2026-06-12 20:26:43.141,0.30,0.00,9.22,2.76,2,0
2026-06-12 20:26:43.192,0.30,0.00,9.22,2.76,2,0
2026-06-12 20:26:43.242,0.30,0.00,9.22,2.76,2,0
2026-06-12 20:26:43.293,0.30,0.00,9.22,2.76,2,0
2026-06-12 20:26:43.343,0.00,0.00,9.22,2.76,2,0
2026-06-12 20:26:43.393,0.00,0.00,0.00,0.00,2,0
2026-06-12 20:26:43.444,0.00,0.00,0.00,0.00,2,0
2026-06-12 20:26:43.494,0.00,0.00,0.00,0.00,2,0
2026-06-12 20:26:43.545,0.00,0.00,0.00,0.00,2,0
2026-06-12 20:26:43.595,0.00,0.00,0.00,0.00,2,0
2026-06-12 20:26:43.645,0.00,0.00,0.00,0.00,2,0
2026-06-12 20:26:43.696,0.00,0.00,0.00,0.00,2,0
2026-06-12 20:26:43.746,0.00,0.00,0.00,0.00,2,0
2026-06-12 20:26:43.797,0.00,0.00,0.00,0.00,2,0
2026-06-12 20:26:43.847,0.00,0.00,0.00,0.00,2,0
2026-06-12 20:26:43.897,0.00,0.00,0.00,0.00,2,0
2026-06-12 20:26:43.951,0.00,0.00,0.00,0.00,2,0
2026-06-12 20:26:43.998,0.00,0.00,0.00,0.00,2,0
2026-06-12 20:26:44.049,0.00,0.00,0.00,0.00,2,0
2026-06-12 20:26:44.099,0.00,0.00,0.00,0.00,2,0
2026-06-12 20:26:44.149,0.00,0.00,0.00,0.00,2,0
2026-06-12 20:26:44.200,0.00,0.00,0.00,0.00,2,0
2026-06-12 20:26:44.250,0.00,0.00,0.00,0.00,2,0
2026-06-12 20:26:44.301,0.00,0.00,0.00,0.00,2,0
2026-06-12 20:26:44.351,0.00,0.00,0.00,0.00,2,0
2026-06-12 20:26:44.401,0.00,0.00,0.00,0.00,2,0
2026-06-12 20:26:44.452,0.00,0.00,0.00,0.00,2,0
2026-06-12 20:26:44.502,0.00,0.00,0.00,0.00,2,0
2026-06-12 20:26:44.553,0.00,0.00,0.00,0.00,2,0
2026-06-12 20:26:44.603,0.00,0.00,0.00,0.00,2,0
2026-06-12 20:26:44.653,0.00,0.00,0.00,0.00,2,0
2026-06-12 20:26:44.704,0.00,0.00,0.00,0.00,2,0
2026-06-12 20:26:44.754,0.00,0.00,0.00,0.00,2,0
2026-06-12 20:26:44.805,0.00,0.00,0.00,0.00,2,0
2026-06-12 20:26:44.855,0.00,0.00,0.00,0.00,2,0
2026-06-12 20:26:44.905,0.00,0.00,0.00,0.00,2,0
2026-06-12 20:26:44.956,0.00,0.00,0.00,0.00,2,0
2026-06-12 20:26:45.006,0.00,0.00,0.00,0.00,2,0
2026-06-12 20:26:45.057,0.00,0.00,0.00,0.00,2,0
2026-06-12 20:26:45.107,0.00,0.00,0.00,0.00,2,0
2026-06-12 20:26:45.157,0.00,0.00,0.00,0.00,2,0
2026-06-12 20:26:45.208,0.00,0.00,0.00,0.00,2,0
2026-06-12 20:26:45.258,0.00,0.00,0.00,0.00,2,0
2026-06-12 20:26:45.308,0.00,0.00,0.00,0.00,2,0
2026-06-12 20:26:45.359,0.00,0.00,0.00,0.00,2,0
2026-06-12 20:26:45.410,0.00,0.00,0.00,0.00,2,0
2026-06-12 20:26:45.460,0.00,0.00,0.00,0.00,2,0
2026-06-12 20:26:45.510,0.00,0.00,0.00,0.00,2,0
2026-06-12 20:26:45.561,0.00,0.00,0.00,0.00,2,0
2026-06-12 20:26:45.611,0.00,0.00,0.00,0.00,2,0
2026-06-12 20:26:45.662,0.13,0.00,0.00,0.00,2,0
2026-06-12 20:26:45.712,0.13,0.00,4.04,1.21,2,0
2026-06-12 20:26:45.762,0.13,0.00,4.04,1.21,2,0
2026-06-12 20:26:45.812,0.13,0.00,4.04,1.21,2,0
2026-06-12 20:26:45.863,0.13,0.00,4.04,1.21,2,0
2026-06-12 20:26:45.913,0.13,0.00,4.04,1.21,2,0
2026-06-12 20:26:45.964,0.13,0.00,4.04,1.21,2,0
2026-06-12 20:26:46.016,0.13,0.00,4.04,1.21,2,0
2026-06-12 20:26:46.065,0.24,0.01,4.04,1.21,2,0
2026-06-12 20:26:46.115,0.24,0.01,4.45,2.18,2,0
2026-06-12 20:26:46.165,0.24,0.01,4.45,2.18,2,0
2026-06-12 20:26:46.216,0.24,0.01,4.45,2.18,2,0
2026-06-12 20:26:46.266,0.24,0.01,4.45,2.18,2,0
2026-06-12 20:26:46.317,0.37,0.03,4.45,2.18,2,0
2026-06-12 20:26:46.367,0.37,0.03,6.08,3.35,2,0
2026-06-12 20:26:46.417,0.37,0.03,6.08,3.35,2,0
2026-06-12 20:26:46.468,0.45,0.05,6.08,3.35,2,0
2026-06-12 20:26:46.520,0.45,0.05,5.88,4.11,2,0
2026-06-12 20:26:46.571,0.45,0.05,5.88,4.11,2,0
2026-06-12 20:26:46.619,1.35,0.29,5.88,4.11,2,0
2026-06-12 20:26:46.669,1.35,0.29,31.38,12.29,2,0
2026-06-12 20:26:46.720,2.44,0.61,31.38,12.29,2,0
2026-06-12 20:26:46.770,2.44,0.61,45.05,22.12,2,0
2026-06-12 20:26:46.821,2.44,0.61,45.05,22.12,2,0
2026-06-12 20:26:46.872,3.47,0.86,45.05,22.12,2,0
2026-06-12 20:26:46.922,3.47,0.86,53.48,31.53,2,0
2026-06-12 20:26:46.972,4.44,1.13,53.48,31.53,2,0
2026-06-12 20:26:47.022,4.44,1.13,60.86,40.33,2,0
2026-06-12 20:26:47.073,5.34,1.33,60.86,40.33,2,0
2026-06-12 20:26:47.123,5.34,1.33,67.46,48.47,2,0
2026-06-12 20:26:47.173,6.15,1.46,67.46,48.47,2,0
2026-06-12 20:26:47.224,6.88,1.65,72.95,55.81,2,0
2026-06-12 20:26:47.274,6.88,1.65,77.99,62.47,2,0
2026-06-12 20:26:47.325,7.53,1.76,77.99,62.47,2,0
2026-06-12 20:26:47.375,7.53,1.76,82.04,68.34,2,0
2026-06-12 20:26:47.425,8.09,1.73,82.04,68.34,2,0
2026-06-12 20:26:47.476,8.65,1.78,85.40,73.46,2,0
2026-06-12 20:26:47.526,8.65,1.78,90.52,78.58,2,0
2026-06-12 20:26:47.577,9.17,1.80,90.52,78.58,2,0
2026-06-12 20:26:47.627,9.69,1.96,94.23,83.27,2,0
2026-06-12 20:26:47.679,10.19,1.94,98.88,87.95,2,0
2026-06-12 20:26:47.728,10.19,1.94,103.33,92.57,2,0
2026-06-12 20:26:47.778,10.64,1.89,103.33,92.57,2,0
2026-06-12 20:26:47.829,11.04,1.84,106.01,96.60,2,0
2026-06-12 20:26:47.879,11.40,1.86,108.90,100.29,2,0
2026-06-12 20:26:47.929,11.40,1.86,111.06,103.52,2,0
2026-06-12 20:26:47.980,11.77,1.78,111.06,103.52,2,0
2026-06-12 20:26:48.030,12.09,1.78,114.70,106.87,2,0
2026-06-12 20:26:48.081,12.43,1.70,116.64,109.80,2,0
2026-06-12 20:26:48.132,12.76,1.72,119.95,112.85,2,0
2026-06-12 20:26:48.182,13.05,1.70,122.98,115.89,2,0
2026-06-12 20:26:48.233,13.05,1.70,124.48,118.46,2,0
2026-06-12 20:26:48.284,13.34,1.60,124.48,118.46,2,0
2026-06-12 20:26:48.333,13.59,1.57,127.48,121.17,2,0
2026-06-12 20:26:48.383,13.84,1.54,128.75,123.44,2,0
2026-06-12 20:26:48.433,14.11,1.53,130.93,125.69,2,0
2026-06-12 20:26:48.484,14.41,1.55,133.87,128.14,2,0
2026-06-12 20:26:48.534,14.74,1.59,137.28,130.88,2,0
2026-06-12 20:26:48.585,15.04,1.60,140.92,133.89,2,0
2026-06-12 20:26:48.635,20.33,5.68,142.96,136.62,1,0
2026-06-12 20:26:48.686,24.11,7.98,296.58,184.61,1,0
2026-06-12 20:26:48.736,25.64,8.06,299.21,218.99,1,0
2026-06-12 20:26:48.786,24.26,5.72,265.18,232.84,1,0
2026-06-12 20:26:48.837,21.97,2.95,191.00,220.29,1,0
2026-06-12 20:26:48.887,20.50,1.31,151.01,199.51,1,0
2026-06-12 20:26:48.938,19.61,0.37,154.94,186.14,1,0
2026-06-12 20:26:48.988,18.75,-0.61,159.34,178.10,1,0
2026-06-12 20:26:49.038,18.56,-0.67,164.25,170.26,1,0
2026-06-12 20:26:49.089,20.87,3.14,164.60,168.56,1,0
2026-06-12 20:26:49.139,23.98,5.20,219.37,189.54,1,0
2026-06-12 20:26:49.190,25.05,5.32,283.49,217.72,1,0
2026-06-12 20:26:49.240,24.94,4.35,250.23,227.48,1,0
2026-06-12 20:26:49.290,24.96,3.71,224.20,226.49,1,0
2026-06-12 20:26:49.342,23.59,2.01,227.07,226.67,1,0
2026-06-12 20:26:49.392,21.12,-1.28,185.15,214.21,1,0
2026-06-12 20:26:49.442,20.27,-1.79,169.66,191.78,1,0
2026-06-12 20:26:49.492,19.65,-2.03,166.08,184.07,1,0
2026-06-12 20:26:49.544,19.13,-2.16,165.27,178.43,1,0
2026-06-12 20:26:49.593,18.77,-2.13,162.83,173.75,1,0
2026-06-12 20:26:49.643,18.56,-2.16,162.87,170.49,1,0
2026-06-12 20:26:49.694,18.38,-1.98,163.95,168.53,1,0
2026-06-12 20:26:49.744,18.19,-1.84,163.17,166.92,1,0
2026-06-12 20:26:49.795,17.91,-1.79,161.01,165.15,1,0
2026-06-12 20:26:49.845,17.57,-1.80,156.94,162.68,1,0
2026-06-12 20:26:49.896,17.22,-1.83,152.32,159.57,1,0
2026-06-12 20:26:49.946,16.85,-1.86,148.79,156.34,1,0
2026-06-12 20:26:49.996,16.48,-1.78,145.35,153.04,1,0
2026-06-12 20:26:50.047,17.82,0.84,141.78,149.66,1,0
2026-06-12 20:26:50.097,18.24,1.06,181.70,161.78,1,0
2026-06-12 20:26:50.148,18.24,1.06,174.62,165.63,1,0
2026-06-12 20:26:50.198,18.23,0.89,174.62,165.63,1,0
2026-06-12 20:26:50.248,17.04,0.11,165.27,165.53,1,0
2026-06-12 20:26:50.299,17.04,0.11,129.67,154.77,1,0
2026-06-12 20:26:50.349,15.37,-0.82,129.67,154.77,1,0
2026-06-12 20:26:50.400,15.37,-0.82,104.22,139.61,1,0
2026-06-12 20:26:50.450,13.75,-1.37,104.22,139.61,1,0
2026-06-12 20:26:50.501,13.75,-1.37,90.44,124.86,1,0
2026-06-12 20:26:50.551,13.75,-1.37,90.44,124.86,1,0
2026-06-12 20:26:50.601,11.94,-1.59,90.44,124.86,1,0
2026-06-12 20:26:50.652,11.94,-1.59,70.24,108.47,1,0
2026-06-12 20:26:50.702,11.94,-1.59,70.24,108.47,1,0
2026-06-12 20:26:50.753,11.94,-1.59,70.24,108.47,1,0
2026-06-12 20:26:50.803,11.94,-1.59,70.24,108.47,1,0
2026-06-12 20:26:50.853,11.94,-1.59,70.24,108.47,1,0
2026-06-12 20:26:50.904,11.94,-1.59,70.24,108.47,1,0
2026-06-12 20:26:50.954,11.94,-1.59,70.24,108.47,1,0
2026-06-12 20:26:51.005,11.94,-1.59,70.24,108.47,1,0
2026-06-12 20:26:51.055,11.94,-1.59,70.24,108.47,1,0
2026-06-12 20:26:51.105,11.94,-1.59,70.24,108.47,1,0
2026-06-12 20:26:51.156,11.94,-1.59,70.24,108.47,1,0
2026-06-12 20:26:51.206,11.94,-1.59,70.24,108.47,1,0
2026-06-12 20:26:51.257,11.94,-1.59,70.24,108.47,1,0
2026-06-12 20:26:51.307,11.94,-1.59,70.24,108.47,1,0
2026-06-12 20:26:51.358,11.94,-1.59,70.24,108.47,1,0
2026-06-12 20:26:51.408,11.94,-1.59,70.24,108.47,1,0
2026-06-12 20:26:51.458,11.94,-1.59,70.24,108.47,1,0
2026-06-12 20:26:51.509,11.94,-1.59,70.24,108.47,1,0
2026-06-12 20:26:51.559,11.94,-1.59,70.24,108.47,1,0
2026-06-12 20:26:51.610,11.94,-1.59,70.24,108.47,1,0
2026-06-12 20:26:51.660,11.94,-1.59,70.24,108.47,0,0
2026-06-12 20:26:51.711,11.94,-1.59,70.24,108.47,0,0
2026-06-12 20:26:51.761,11.94,-1.59,70.24,108.47,0,0
2026-06-12 20:26:51.811,11.94,-1.59,70.24,108.47,0,0
2026-06-12 20:26:51.862,11.94,-1.59,70.24,108.47,0,0
2026-06-12 20:26:51.912,11.94,-1.59,70.24,108.47,0,0
2026-06-12 20:26:51.963,11.94,-1.59,70.24,108.47,0,0
2026-06-12 20:26:52.013,11.94,-1.59,70.24,108.47,0,0
2026-06-12 20:26:52.065,11.94,-1.59,70.24,108.47,0,0
2026-06-12 20:26:52.115,11.94,-1.59,70.24,108.47,0,0
2026-06-12 20:26:52.164,11.94,-1.59,70.24,108.47,0,0
2026-06-12 20:26:52.215,11.94,-1.59,70.24,108.47,0,0
2026-06-12 20:26:52.265,11.94,-1.59,70.24,108.47,0,0
2026-06-12 20:26:52.316,11.94,-1.59,70.24,108.47,0,0
2026-06-12 20:26:52.368,11.94,-1.59,70.24,108.47,0,0
2026-06-12 20:26:52.417,11.94,-1.59,70.24,108.47,0,0
2026-06-12 20:26:52.467,11.94,-1.59,70.24,108.47,0,0
2026-06-12 20:26:52.517,11.94,-1.59,70.24,108.47,0,0
2026-06-12 20:26:52.568,11.94,-1.59,70.24,108.47,0,0
2026-06-12 20:26:52.618,0.00,0.00,70.24,108.47,0,0
2026-06-12 20:26:52.669,0.00,0.00,0.00,0.00,0,0
2026-06-12 20:26:52.719,0.00,0.00,0.00,0.00,0,0
2026-06-12 20:26:52.769,0.00,0.00,0.00,0.00,0,0
2026-06-12 20:26:52.820,0.00,0.00,0.00,0.00,0,0
2026-06-12 20:26:52.870,0.00,0.00,0.00,0.00,0,0
2026-06-12 20:26:52.922,0.00,0.00,0.00,0.00,0,0
2026-06-12 20:26:52.971,0.00,0.00,0.00,0.00,0,0
2026-06-12 20:26:53.024,0.00,0.00,0.00,0.00,0,0
2026-06-12 20:26:53.072,0.00,0.00,0.00,0.00,0,0
2026-06-12 20:26:53.124,0.00,0.00,0.00,0.00,0,0
2026-06-12 20:26:53.172,0.00,0.00,0.00,0.00,0,0
2026-06-12 20:26:53.223,0.00,0.00,0.00,0.00,0,0
2026-06-12 20:26:53.273,0.00,0.00,0.00,0.00,0,0
2026-06-12 20:26:53.324,0.00,0.00,0.00,0.00,0,0
2026-06-12 20:26:53.374,0.00,0.00,0.00,0.00,0,0
2026-06-12 20:26:53.425,0.00,0.00,0.00,0.00,0,0
2026-06-12 20:26:53.475,0.00,0.00,0.00,0.00,0,0
2026-06-12 20:26:53.525,0.00,0.00,0.00,0.00,0,0
2026-06-12 20:26:53.576,0.00,0.00,0.00,0.00,0,0
2026-06-12 20:26:53.626,0.00,0.00,0.00,0.00,0,0
2026-06-12 20:26:53.677,0.31,0.00,0.00,0.00,2,0
2026-06-12 20:26:53.727,0.31,0.00,9.33,2.80,2,0
2026-06-12 20:26:53.777,0.31,0.00,9.33,2.80,2,0
2026-06-12 20:26:53.829,0.31,0.00,9.33,2.80,2,0
2026-06-12 20:26:53.879,0.31,0.00,9.33,2.80,2,0
2026-06-12 20:26:53.929,0.31,0.00,9.33,2.80,2,0
2026-06-12 20:26:53.979,0.31,0.00,9.33,2.80,2,0
2026-06-12 20:26:54.029,0.31,0.00,9.33,2.80,2,0
2026-06-12 20:26:54.080,0.31,0.00,9.33,2.80,2,0
2026-06-12 20:26:54.130,0.31,0.00,9.33,2.80,2,0
2026-06-12 20:26:54.181,0.31,0.00,9.33,2.80,2,0
2026-06-12 20:26:54.232,0.31,0.00,9.33,2.80,2,0
2026-06-12 20:26:54.281,0.31,0.00,9.33,2.80,2,0
2026-06-12 20:26:54.332,0.31,0.00,9.33,2.80,2,0
2026-06-12 20:26:54.382,0.31,0.00,9.33,2.80,2,0
2026-06-12 20:26:54.432,0.31,0.00,9.33,2.80,2,0
2026-06-12 20:26:54.483,0.31,0.00,9.33,2.80,2,0
2026-06-12 20:26:54.534,0.31,0.00,9.33,2.80,2,0
2026-06-12 20:26:54.584,0.31,0.00,9.33,2.80,2,0
2026-06-12 20:26:54.634,0.31,0.00,9.33,2.80,2,0
2026-06-12 20:26:54.685,0.31,0.00,9.33,2.80,2,0
2026-06-12 20:26:54.735,0.31,0.00,9.33,2.80,2,0
2026-06-12 20:26:54.785,0.31,0.00,9.33,2.80,2,0
2026-06-12 20:26:54.836,0.31,0.00,9.33,2.80,2,0
2026-06-12 20:26:54.886,0.31,0.00,9.33,2.80,2,0
2026-06-12 20:26:54.937,0.31,0.00,9.33,2.80,2,0
2026-06-12 20:26:54.987,0.31,0.00,9.33,2.80,2,0
2026-06-12 20:26:55.037,0.31,0.00,9.33,2.80,2,0
2026-06-12 20:26:55.088,0.31,0.00,9.33,2.80,2,0
2026-06-12 20:26:55.138,0.31,0.00,9.33,2.80,2,0
2026-06-12 20:26:55.189,0.31,0.00,9.33,2.80,2,0
2026-06-12 20:26:55.239,0.31,0.00,9.33,2.80,2,0
2026-06-12 20:26:55.289,0.31,0.00,9.33,2.80,2,0
2026-06-12 20:26:55.340,0.31,0.00,9.33,2.80,2,0
2026-06-12 20:26:55.390,0.31,0.00,9.33,2.80,2,0
2026-06-12 20:26:55.441,0.31,0.00,9.33,2.80,2,0
2026-06-12 20:26:55.491,0.31,0.00,9.33,2.80,2,0
2026-06-12 20:26:55.541,0.31,0.00,9.33,2.80,2,0
2026-06-12 20:26:55.592,0.31,0.00,9.33,2.80,2,0
2026-06-12 20:26:55.642,0.00,0.00,9.33,2.80,2,0
2026-06-12 20:26:55.692,0.00,0.00,0.00,0.00,2,0
2026-06-12 20:26:55.743,0.00,0.00,0.00,0.00,2,0
2026-06-12 20:26:55.793,0.00,0.00,0.00,0.00,2,0
2026-06-12 20:26:55.844,0.00,0.00,0.00,0.00,2,0
2026-06-12 20:26:55.894,0.00,0.00,0.00,0.00,2,0
2026-06-12 20:26:55.945,0.00,0.00,0.00,0.00,2,0
2026-06-12 20:26:55.995,0.00,0.00,0.00,0.00,2,0
2026-06-12 20:26:56.045,0.00,0.00,0.00,0.00,2,0
2026-06-12 20:26:56.096,0.00,0.00,0.00,0.00,2,0
2026-06-12 20:26:56.146,0.00,0.00,0.00,0.00,2,0
2026-06-12 20:26:56.196,0.00,0.00,0.00,0.00,2,0
2026-06-12 20:26:56.247,0.00,0.00,0.00,0.00,2,0
2026-06-12 20:26:56.297,0.00,0.00,0.00,0.00,2,0
2026-06-12 20:26:56.348,0.00,0.00,0.00,0.00,2,0
2026-06-12 20:26:56.398,0.00,0.00,0.00,0.00,2,0
2026-06-12 20:26:56.448,0.00,0.00,0.00,0.00,2,0
2026-06-12 20:26:56.499,0.00,0.00,0.00,0.00,2,0
2026-06-12 20:26:57.988,0.00,0.00,0.00,0.00,2,0
2026-06-12 20:26:58.039,0.00,0.00,0.00,0.00,1,0
2026-06-12 20:26:58.089,0.00,0.00,0.00,0.00,1,0
2026-06-12 20:26:58.140,0.00,0.00,0.00,0.00,1,0
2026-06-12 20:26:58.190,0.00,0.00,0.00,0.00,1,0
2026-06-12 20:26:58.240,0.00,0.00,0.00,0.00,1,0
2026-06-12 20:26:58.291,0.00,0.00,0.00,0.00,1,0
2026-06-12 20:26:58.342,0.00,0.00,0.00,0.00,1,0
2026-06-12 20:26:58.392,0.00,0.00,0.00,0.00,1,0
2026-06-12 20:26:58.442,0.00,0.00,0.00,0.00,1,0
2026-06-12 20:26:58.492,0.00,0.00,0.00,0.00,1,0
2026-06-12 20:26:58.543,0.00,0.00,0.00,0.00,1,0
2026-06-12 20:26:58.593,0.00,0.00,0.00,0.00,1,0
2026-06-12 20:26:58.644,0.00,0.00,0.00,0.00,1,0
2026-06-12 20:26:58.694,0.00,0.00,0.00,0.00,1,0
2026-06-12 20:26:58.748,0.57,0.00,0.00,0.00,2,0
2026-06-12 20:26:58.795,0.57,0.00,17.29,5.19,2,0
2026-06-12 20:26:58.845,0.57,0.00,17.29,5.19,2,0
2026-06-12 20:26:58.896,0.57,0.00,17.29,5.19,2,0
2026-06-12 20:26:58.946,0.57,0.00,17.29,5.19,2,0
2026-06-12 20:26:58.996,0.57,0.00,17.29,5.19,2,0
2026-06-12 20:26:59.047,0.57,0.00,17.29,5.19,2,0
2026-06-12 20:26:59.097,0.57,0.00,17.29,5.19,2,0
2026-06-12 20:26:59.148,0.57,0.00,17.29,5.19,2,0
2026-06-12 20:26:59.198,0.57,0.00,17.29,5.19,2,0
2026-06-12 20:26:59.248,0.57,0.00,17.29,5.19,2,0
2026-06-12 20:26:59.299,0.57,0.00,17.29,5.19,2,0
2026-06-12 20:26:59.349,0.57,0.00,17.29,5.19,2,0
2026-06-12 20:26:59.400,0.57,0.00,17.29,5.19,2,0
2026-06-12 20:26:59.450,0.57,0.00,17.29,5.19,2,0
2026-06-12 20:26:59.501,0.57,0.00,17.29,5.19,2,0
2026-06-12 20:26:59.552,0.57,0.00,17.29,5.19,2,0
2026-06-12 20:26:59.605,0.57,0.00,17.29,5.19,2,0
2026-06-12 20:26:59.652,0.57,0.00,17.29,5.19,2,0
2026-06-12 20:26:59.702,0.57,0.00,17.29,5.19,2,0
2026-06-12 20:26:59.753,0.57,0.00,17.29,5.19,2,0
2026-06-12 20:26:59.803,0.57,0.00,17.29,5.19,2,0
2026-06-12 20:26:59.854,0.57,0.00,17.29,5.19,2,0
2026-06-12 20:26:59.906,0.57,0.00,17.29,5.19,2,0
2026-06-12 20:26:59.954,0.57,0.00,17.29,5.19,2,0
2026-06-12 20:27:00.004,0.57,0.00,17.29,5.19,2,0
2026-06-12 20:27:00.057,0.57,0.00,17.29,5.19,2,0
2026-06-12 20:27:00.107,0.57,0.00,17.29,5.19,2,0
2026-06-12 20:27:00.156,0.57,0.00,17.29,5.19,2,0
2026-06-12 20:27:00.206,0.57,0.00,17.29,5.19,2,0
2026-06-12 20:27:00.256,0.85,0.00,17.29,5.19,1,0
2026-06-12 20:27:00.307,0.85,0.00,13.67,7.73,1,0
2026-06-12 20:27:00.357,0.85,0.00,13.67,7.73,1,0
2026-06-12 20:27:00.408,0.85,0.00,13.67,7.73,1,0
2026-06-12 20:27:00.458,0.85,0.00,13.67,7.73,1,0
2026-06-12 20:27:00.508,0.85,0.00,13.67,7.73,1,0
2026-06-12 20:27:00.559,0.85,0.00,13.67,7.73,1,0
2026-06-12 20:27:00.609,0.85,0.00,13.67,7.73,1,0
2026-06-12 20:27:00.660,0.85,0.00,13.67,7.73,1,0
2026-06-12 20:27:00.710,0.85,0.00,13.67,7.73,1,0
2026-06-12 20:27:00.760,0.85,0.00,13.67,7.73,1,0
2026-06-12 20:27:00.811,0.85,0.00,13.67,7.73,1,0
2026-06-12 20:27:00.862,0.85,0.00,13.67,7.73,1,0
2026-06-12 20:27:00.912,0.85,0.00,13.67,7.73,1,0
2026-06-12 20:27:00.962,0.85,0.00,13.67,7.73,1,0
2026-06-12 20:27:01.012,0.85,0.00,13.67,7.73,1,0
2026-06-12 20:27:01.063,0.85,0.00,13.67,7.73,1,0
2026-06-12 20:27:01.113,0.85,0.00,13.67,7.73,1,0
2026-06-12 20:27:01.164,0.85,0.00,13.67,7.73,1,0
2026-06-12 20:27:01.214,0.85,0.00,13.67,7.73,1,0
2026-06-12 20:27:01.264,0.85,0.00,13.67,7.73,1,0
2026-06-12 20:27:01.315,0.85,0.00,13.67,7.73,1,0
2026-06-12 20:27:01.365,0.85,0.00,13.67,7.73,1,0
2026-06-12 20:27:01.416,0.85,0.00,13.67,7.73,1,0
2026-06-12 20:27:01.466,0.85,0.00,13.67,7.73,1,0
2026-06-12 20:27:01.516,0.85,0.00,13.67,7.73,1,0
2026-06-12 20:27:01.567,0.85,0.00,13.67,7.73,1,0
2026-06-12 20:27:01.617,0.85,0.00,13.67,7.73,1,0
2026-06-12 20:27:01.668,0.85,0.00,13.67,7.73,1,0
2026-06-12 20:27:01.718,0.85,0.00,13.67,7.73,1,0
2026-06-12 20:27:01.768,0.85,0.00,13.67,7.73,1,0
2026-06-12 20:27:01.819,0.85,0.00,13.67,7.73,1,0
2026-06-12 20:27:01.869,0.85,0.00,13.67,7.73,1,0
2026-06-12 20:27:01.920,0.85,0.00,13.67,7.73,1,0
2026-06-12 20:27:01.970,0.85,0.00,13.67,7.73,1,0
2026-06-12 20:27:02.021,0.85,0.00,13.67,7.73,1,0
2026-06-12 20:27:02.071,0.85,0.00,13.67,7.73,1,0
2026-06-12 20:27:02.122,0.85,0.00,13.67,7.73,1,0
2026-06-12 20:27:02.172,0.85,0.00,13.67,7.73,1,0
2026-06-12 20:27:02.228,0.00,0.00,13.67,7.73,1,0
2026-06-12 20:27:02.272,0.00,0.00,0.00,0.00,1,0
2026-06-12 20:27:02.323,0.00,0.00,0.00,0.00,1,0
2026-06-12 20:27:02.373,0.00,0.00,0.00,0.00,1,0
2026-06-12 20:27:02.424,0.00,0.00,0.00,0.00,1,0
2026-06-12 20:27:02.474,0.00,0.00,0.00,0.00,1,0
2026-06-12 20:27:02.524,0.00,0.00,0.00,0.00,1,0
2026-06-12 20:27:02.575,0.00,0.00,0.00,0.00,1,0
2026-06-12 20:27:02.625,0.00,0.00,0.00,0.00,1,0
2026-06-12 20:27:02.676,0.00,0.00,0.00,0.00,1,0
2026-06-12 20:27:02.726,0.00,0.00,0.00,0.00,1,0
2026-06-12 20:27:02.777,0.00,0.00,0.00,0.00,1,0
2026-06-12 20:27:02.827,0.00,0.00,0.00,0.00,1,0
2026-06-12 20:27:02.877,0.00,0.00,0.00,0.00,1,0
2026-06-12 20:27:02.928,0.00,0.00,0.00,0.00,1,0
2026-06-12 20:27:02.978,0.00,0.00,0.00,0.00,1,0
2026-06-12 20:27:03.028,0.00,0.00,0.00,0.00,1,0
2026-06-12 20:27:03.079,0.00,0.00,0.00,0.00,1,0
2026-06-12 20:27:03.129,0.00,0.00,0.00,0.00,1,0
2026-06-12 20:27:03.180,0.00,0.00,0.00,0.00,1,0
2026-06-12 20:27:03.230,0.00,0.00,0.00,0.00,1,0
2026-06-12 20:27:03.281,0.00,0.00,0.00,0.00,0,0
2026-06-12 20:27:03.332,0.00,0.00,0.00,0.00,0,0
2026-06-12 20:27:03.382,0.00,0.00,0.00,0.00,0,0
2026-06-12 20:27:03.432,0.00,0.00,0.00,0.00,0,0
2026-06-12 20:27:03.482,0.00,0.00,0.00,0.00,0,0
2026-06-12 20:27:03.532,0.00,0.00,0.00,0.00,0,0
2026-06-12 20:27:03.583,0.00,0.00,0.00,0.00,0,0
2026-06-12 20:27:03.633,0.00,0.00,0.00,0.00,0,0
2026-06-12 20:27:03.684,0.00,0.00,0.00,0.00,0,0
2026-06-12 20:27:03.734,0.00,0.00,0.00,0.00,0,0
2026-06-12 20:27:03.784,0.00,0.00,0.00,0.00,0,0
2026-06-12 20:27:03.835,0.00,0.00,0.00,0.00,0,0
2026-06-12 20:27:03.885,0.00,0.00,0.00,0.00,0,0
2026-06-12 20:27:03.936,0.00,0.00,0.00,0.00,0,0
2026-06-12 20:27:03.986,0.00,0.00,0.00,0.00,0,0
2026-06-12 20:27:04.037,0.00,0.00,0.00,0.00,0,0
2026-06-12 20:27:04.087,0.00,0.00,0.00,0.00,0,0
2026-06-12 20:27:04.137,0.00,0.00,0.00,0.00,0,0
2026-06-12 20:27:04.188,0.00,0.00,0.00,0.00,0,0
2026-06-12 20:27:04.238,0.00,0.00,0.00,0.00,0,0
2026-06-12 20:27:04.288,0.00,0.00,0.00,0.00,0,0
2026-06-12 20:27:04.339,0.00,0.00,0.00,0.00,0,0
2026-06-12 20:27:04.389,0.00,0.00,0.00,0.00,0,0
2026-06-12 20:27:04.440,0.00,0.00,0.00,0.00,0,0
2026-06-12 20:27:04.492,0.00,0.00,0.00,0.00,0,0
2026-06-12 20:27:04.542,0.00,0.00,0.00,0.00,0,0
2026-06-12 20:27:04.591,0.00,0.00,0.00,0.00,0,0
2026-06-12 20:27:04.641,0.00,0.00,0.00,0.00,0,0
2026-06-12 20:27:04.692,0.00,0.00,0.00,0.00,0,0
2026-06-12 20:27:04.743,0.00,0.00,0.00,0.00,0,0
2026-06-12 20:27:04.792,0.00,0.00,0.00,0.00,0,0
2026-06-12 20:27:04.843,0.00,0.00,0.00,0.00,0,0
2026-06-12 20:27:04.893,0.00,0.00,0.00,0.00,0,0
2026-06-12 20:27:04.944,0.00,0.00,0.00,0.00,0,0
2026-06-12 20:27:04.994,0.00,0.00,0.00,0.00,0,0
2026-06-12 20:27:05.044,0.00,0.00,0.00,0.00,0,0
2026-06-12 20:27:05.095,0.00,0.00,0.00,0.00,0,0
2026-06-12 20:27:05.145,0.00,0.00,0.00,0.00,0,0
2026-06-12 20:27:05.196,0.00,0.00,0.00,0.00,0,0
2026-06-12 20:27:05.246,0.00,0.00,0.00,0.00,0,0
2026-06-12 20:27:05.296,0.20,0.00,0.00,0.00,2,0
2026-06-12 20:27:05.347,0.20,0.00,5.92,1.78,2,0
2026-06-12 20:27:05.397,0.20,0.00,5.92,1.78,2,0
2026-06-12 20:27:05.448,0.20,0.00,5.92,1.78,2,0
2026-06-12 20:27:05.498,0.20,0.00,5.92,1.78,2,0
2026-06-12 20:27:05.548,0.20,0.00,5.92,1.78,2,0
2026-06-12 20:27:05.599,0.20,0.00,5.92,1.78,2,0
2026-06-12 20:27:05.649,0.20,0.00,5.92,1.78,2,0
2026-06-12 20:27:05.700,0.20,0.00,5.92,1.78,2,0
2026-06-12 20:27:05.750,0.20,0.00,5.92,1.78,2,0
2026-06-12 20:27:05.800,0.20,0.00,5.92,1.78,2,0
2026-06-12 20:27:05.851,0.20,0.00,5.92,1.78,2,0
2026-06-12 20:27:05.902,0.20,0.00,5.92,1.78,2,0
2026-06-12 20:27:05.952,0.20,0.00,5.92,1.78,2,0
2026-06-12 20:27:06.002,0.20,0.00,5.92,1.78,2,0
2026-06-12 20:27:06.052,0.20,0.00,5.92,1.78,2,0
2026-06-12 20:27:06.103,0.20,0.00,5.92,1.78,2,0
2026-06-12 20:27:06.153,0.20,0.00,5.92,1.78,2,0
2026-06-12 20:27:06.204,0.20,0.00,5.92,1.78,2,0
2026-06-12 20:27:06.254,0.20,0.00,5.92,1.78,2,0
2026-06-12 20:27:06.304,0.20,0.00,5.92,1.78,2,0
2026-06-12 20:27:06.355,0.20,0.00,5.92,1.78,2,0
2026-06-12 20:27:06.405,0.20,0.00,5.92,1.78,2,0
2026-06-12 20:27:06.456,0.20,0.00,5.92,1.78,2,0
2026-06-12 20:27:06.506,0.20,0.00,5.92,1.78,2,0
2026-06-12 20:27:06.556,0.20,0.00,5.92,1.78,2,0
2026-06-12 20:27:06.607,0.20,0.00,5.92,1.78,2,0
2026-06-12 20:27:06.657,0.20,0.00,5.92,1.78,2,0
2026-06-12 20:27:06.708,0.20,0.00,5.92,1.78,2,0
2026-06-12 20:27:06.758,0.20,0.00,5.92,1.78,2,0
2026-06-12 20:27:06.808,0.20,0.00,5.92,1.78,2,0
2026-06-12 20:27:06.860,0.20,0.00,5.92,1.78,2,0
2026-06-12 20:27:06.909,0.20,0.00,5.92,1.78,2,0
2026-06-12 20:27:06.961,0.20,0.00,5.92,1.78,2,0
2026-06-12 20:27:07.010,0.20,0.00,5.92,1.78,2,0
2026-06-12 20:27:07.060,0.20,0.00,5.92,1.78,2,0
2026-06-12 20:27:07.111,0.20,0.00,5.92,1.78,2,0
2026-06-12 20:27:07.162,0.20,0.00,5.92,1.78,2,0
2026-06-12 20:27:07.212,0.20,0.00,5.92,1.78,2,0
2026-06-12 20:27:07.262,0.20,0.00,5.92,1.78,2,0
2026-06-12 20:27:07.312,0.00,0.00,5.92,1.78,2,0
2026-06-12 20:27:07.363,0.00,0.00,0.00,0.00,2,0
2026-06-12 20:27:07.413,0.00,0.00,0.00,0.00,2,0
2026-06-12 20:27:07.464,0.00,0.00,0.00,0.00,2,0
2026-06-12 20:27:07.514,0.00,0.00,0.00,0.00,2,0
2026-06-12 20:27:07.564,0.00,0.00,0.00,0.00,2,0
2026-06-12 20:27:14.624,0.00,0.00,0.00,0.00,2,0
2026-06-12 20:27:14.674,0.00,0.00,0.00,0.00,2,0
2026-06-12 20:27:14.724,0.00,0.00,0.00,0.00,2,0
2026-06-12 20:27:14.775,0.00,0.00,0.00,0.00,2,0
2026-06-12 20:27:14.825,0.00,0.00,0.00,0.00,2,0
2026-06-12 20:27:14.876,0.00,0.00,0.00,0.00,2,0
2026-06-12 20:27:14.928,0.00,0.00,0.00,0.00,1,0
2026-06-12 20:27:14.978,0.00,0.00,0.00,0.00,1,0
2026-06-12 20:27:15.027,0.00,0.00,0.00,0.00,1,0
2026-06-12 20:27:15.077,0.00,0.00,0.00,0.00,1,0
2026-06-12 20:27:15.128,0.00,0.00,0.00,0.00,1,0
2026-06-12 20:27:15.180,0.00,0.00,0.00,0.00,1,0
2026-06-12 20:27:15.229,0.00,0.00,0.00,0.00,1,0
2026-06-12 20:27:15.279,0.00,0.00,0.00,0.00,1,0
2026-06-12 20:27:15.329,0.00,0.00,0.00,0.00,1,0
2026-06-12 20:27:15.380,0.00,0.00,0.00,0.00,1,0
2026-06-12 20:27:15.430,0.00,0.00,0.00,0.00,1,0
2026-06-12 20:27:15.480,0.00,0.00,0.00,0.00,1,0
2026-06-12 20:27:15.532,0.00,0.00,0.00,0.00,1,0
2026-06-12 20:27:15.582,0.00,0.00,0.00,0.00,1,0
2026-06-12 20:27:15.632,0.00,0.00,0.00,0.00,1,0
2026-06-12 20:27:15.682,0.00,0.00,0.00,0.00,1,0
2026-06-12 20:27:15.732,0.00,0.00,0.00,0.00,1,0
2026-06-12 20:27:15.783,0.00,0.00,0.00,0.00,1,0
2026-06-12 20:27:15.833,0.00,0.00,0.00,0.00,1,0
2026-06-12 20:27:15.884,0.00,0.00,0.00,0.00,1,0
2026-06-12 20:27:15.934,0.00,0.00,0.00,0.00,1,0
2026-06-12 20:27:15.986,0.00,0.00,0.00,0.00,1,0
2026-06-12 20:27:16.035,0.00,0.00,0.00,0.00,1,0
2026-06-12 20:27:16.085,0.00,0.00,0.00,0.00,1,0
2026-06-12 20:27:16.136,0.00,0.00,0.00,0.00,1,0
2026-06-12 20:27:16.186,0.00,0.00,0.00,0.00,1,0
2026-06-12 20:27:16.236,0.00,0.00,0.00,0.00,1,0
2026-06-12 20:27:16.287,0.00,0.00,0.00,0.00,1,0
2026-06-12 20:27:16.337,0.00,0.00,0.00,0.00,1,0
2026-06-12 20:27:16.388,0.00,0.00,0.00,0.00,1,0
2026-06-12 20:27:16.438,0.00,0.00,0.00,0.00,1,0
2026-06-12 20:27:16.488,0.00,0.00,0.00,0.00,1,0
2026-06-12 20:27:16.540,0.00,0.00,0.00,0.00,1,0
2026-06-12 20:27:16.589,0.00,0.00,0.00,0.00,1,0
2026-06-12 20:27:16.640,0.00,0.00,0.00,0.00,1,0
2026-06-12 20:27:16.690,0.00,0.00,0.00,0.00,1,0
2026-06-12 20:27:16.740,0.00,0.00,0.00,0.00,1,0
2026-06-12 20:27:16.791,0.00,0.00,0.00,0.00,1,0
2026-06-12 20:27:16.842,0.00,0.00,0.00,0.00,1,0
2026-06-12 20:27:16.892,0.00,0.00,0.00,0.00,1,0
2026-06-12 20:27:16.942,0.00,0.00,0.00,0.00,1,0
2026-06-12 20:27:16.992,0.00,0.00,0.00,0.00,1,0
2026-06-12 20:27:17.052,0.00,0.00,0.00,0.00,1,0
2026-06-12 20:27:17.094,0.00,0.00,0.00,0.00,1,0
2026-06-12 20:27:17.143,0.00,0.00,0.00,0.00,1,0
2026-06-12 20:27:17.194,0.00,0.00,0.00,0.00,1,0
2026-06-12 20:27:17.244,0.00,0.00,0.00,0.00,1,0
2026-06-12 20:27:17.295,0.00,0.00,0.00,0.00,1,0
2026-06-12 20:27:17.345,0.00,0.00,0.00,0.00,1,0
2026-06-12 20:27:17.396,0.00,0.00,0.00,0.00,1,0
2026-06-12 20:27:17.446,0.00,0.00,0.00,0.00,1,0
2026-06-12 20:27:17.496,0.00,0.00,0.00,0.00,1,0
2026-06-12 20:27:17.547,0.00,0.00,0.00,0.00,1,0
2026-06-12 20:27:17.597,0.00,0.00,0.00,0.00,1,0
2026-06-12 20:27:17.648,0.00,0.00,0.00,0.00,1,0
2026-06-12 20:27:17.698,0.00,0.00,0.00,0.00,1,0
2026-06-12 20:27:17.748,0.00,0.00,0.00,0.00,1,0
2026-06-12 20:27:17.799,0.00,0.00,0.00,0.00,1,0
2026-06-12 20:27:17.849,0.00,0.00,0.00,0.00,1,0
2026-06-12 20:27:17.900,0.00,0.00,0.00,0.00,1,0
2026-06-12 20:27:17.950,0.00,0.00,0.00,0.00,1,0
2026-06-12 20:27:18.001,0.00,0.00,0.00,0.00,0,0
2026-06-12 20:27:18.052,0.00,0.00,0.00,0.00,0,0
2026-06-12 20:27:18.102,0.00,0.00,0.00,0.00,0,0
2026-06-12 20:27:18.152,0.00,0.00,0.00,0.00,0,0
2026-06-12 20:27:18.204,0.00,0.00,0.00,0.00,0,0
2026-06-12 20:27:18.252,0.00,0.00,0.00,0.00,0,0
2026-06-12 20:27:18.303,0.00,0.00,0.00,0.00,0,0
2026-06-12 20:27:18.353,0.00,0.00,0.00,0.00,0,0
2026-06-12 20:27:18.404,0.00,0.00,0.00,0.00,0,0
2026-06-12 20:27:18.454,0.00,0.00,0.00,0.00,0,0
2026-06-12 20:27:18.504,0.00,0.00,0.00,0.00,0,0
2026-06-12 20:27:18.555,0.00,0.00,0.00,0.00,0,0
2026-06-12 20:27:18.605,0.00,0.00,0.00,0.00,0,0
2026-06-12 20:27:18.656,0.00,0.00,0.00,0.00,0,0
2026-06-12 20:27:18.706,0.00,0.00,0.00,0.00,0,0
2026-06-12 20:27:18.756,0.00,0.00,0.00,0.00,0,0
2026-06-12 20:27:18.807,0.00,0.00,0.00,0.00,0,0
2026-06-12 20:27:18.857,0.00,0.00,0.00,0.00,0,0
2026-06-12 20:27:18.908,0.00,0.00,0.00,0.00,0,0
2026-06-12 20:27:18.958,0.00,0.00,0.00,0.00,0,0
2026-06-12 20:27:19.008,0.00,0.00,0.00,0.00,0,0
2026-06-12 20:27:19.059,0.00,0.00,0.00,0.00,0,0
2026-06-12 20:27:19.109,0.00,0.00,0.00,0.00,0,0
2026-06-12 20:27:19.160,0.00,0.00,0.00,0.00,0,0
2026-06-12 20:27:19.210,0.00,0.00,0.00,0.00,0,0
2026-06-12 20:27:19.260,0.00,0.00,0.00,0.00,0,0
2026-06-12 20:27:19.312,0.00,0.00,0.00,0.00,0,0
2026-06-12 20:27:19.361,0.00,0.00,0.00,0.00,0,0
2026-06-12 20:27:19.411,0.00,0.00,0.00,0.00,0,0
2026-06-12 20:27:19.462,0.00,0.00,0.00,0.00,0,0
2026-06-12 20:27:19.512,0.00,0.00,0.00,0.00,0,0
2026-06-12 20:27:19.563,0.00,0.00,0.00,0.00,0,0
2026-06-12 20:27:19.614,0.00,0.00,0.00,0.00,0,0
2026-06-12 20:27:19.663,0.00,0.00,0.00,0.00,0,0
2026-06-12 20:27:19.714,0.00,0.00,0.00,0.00,0,0
2026-06-12 20:27:19.764,0.00,0.00,0.00,0.00,0,0
2026-06-12 20:27:19.815,0.00,0.00,0.00,0.00,0,0
2026-06-12 20:27:19.865,0.00,0.00,0.00,0.00,0,0
2026-06-12 20:27:19.916,0.00,0.00,0.00,0.00,0,0
2026-06-12 20:27:19.966,0.00,0.00,0.00,0.00,0,0
2026-06-12 20:27:20.016,0.20,0.00,0.00,0.00,2,0
2026-06-12 20:27:20.067,0.20,0.00,5.92,1.77,2,0
2026-06-12 20:27:20.117,0.20,0.00,5.92,1.77,2,0
2026-06-12 20:27:20.168,0.20,0.00,5.92,1.77,2,0
2026-06-12 20:27:20.218,0.20,0.00,5.92,1.77,2,0
2026-06-12 20:27:20.268,0.20,0.00,5.92,1.77,2,0
2026-06-12 20:27:20.319,0.20,0.00,5.92,1.77,2,0
2026-06-12 20:27:20.369,0.20,0.00,5.92,1.77,2,0
2026-06-12 20:27:20.420,0.20,0.00,5.92,1.77,2,0
2026-06-12 20:27:20.470,0.20,0.00,5.92,1.77,2,0
2026-06-12 20:27:20.520,0.20,0.00,5.92,1.77,2,0
2026-06-12 20:27:20.571,0.20,0.00,5.92,1.77,2,0
2026-06-12 20:27:20.621,0.20,0.00,5.92,1.77,2,0
2026-06-12 20:27:20.672,0.20,0.00,5.92,1.77,2,0
2026-06-12 20:27:20.722,0.20,0.00,5.92,1.77,2,0
2026-06-12 20:27:20.772,0.20,0.00,5.92,1.77,2,0
2026-06-12 20:27:20.823,0.20,0.00,5.92,1.77,2,0
2026-06-12 20:27:20.873,0.20,0.00,5.92,1.77,2,0
2026-06-12 20:27:20.924,0.20,0.00,5.92,1.77,2,0
2026-06-12 20:27:20.974,0.20,0.00,5.92,1.77,2,0
2026-06-12 20:27:21.025,0.20,0.00,5.92,1.77,2,0
2026-06-12 20:27:21.075,0.20,0.00,5.92,1.77,2,0
2026-06-12 20:27:21.125,0.20,0.00,5.92,1.77,2,0
2026-06-12 20:27:21.176,0.20,0.00,5.92,1.77,2,0
2026-06-12 20:27:21.226,0.20,0.00,5.92,1.77,2,0
2026-06-12 20:27:21.276,0.20,0.00,5.92,1.77,2,0
2026-06-12 20:27:21.327,0.20,0.00,5.92,1.77,2,0
2026-06-12 20:27:21.377,0.20,0.00,5.92,1.77,2,0
2026-06-12 20:27:21.428,0.20,0.00,5.92,1.77,2,0
2026-06-12 20:27:21.478,0.20,0.00,5.92,1.77,2,0
2026-06-12 20:27:21.528,0.20,0.00,5.92,1.77,2,0
2026-06-12 20:27:21.579,0.20,0.00,5.92,1.77,2,0
2026-06-12 20:27:21.629,0.20,0.00,5.92,1.77,2,0
2026-06-12 20:27:21.680,0.20,0.00,5.92,1.77,2,0
2026-06-12 20:27:21.732,0.20,0.00,5.92,1.77,2,0
2026-06-12 20:27:21.784,0.20,0.00,5.92,1.77,2,0
2026-06-12 20:27:21.840,0.20,0.00,5.92,1.77,2,0
2026-06-12 20:27:21.882,0.20,0.00,5.92,1.77,2,0
2026-06-12 20:27:21.932,0.20,0.00,5.92,1.77,2,0
2026-06-12 20:27:21.982,0.00,0.00,5.92,1.77,2,0
2026-06-12 20:27:22.032,0.00,0.00,0.00,0.00,2,0
2026-06-12 20:27:22.083,0.00,0.00,0.00,0.00,2,0
2026-06-12 20:27:22.133,0.00,0.00,0.00,0.00,2,0
2026-06-12 20:27:22.184,0.00,0.00,0.00,0.00,2,0
2026-06-12 20:27:22.234,0.00,0.00,0.00,0.00,2,0
2026-06-12 20:27:22.284,0.00,0.00,0.00,0.00,2,0
2026-06-12 20:27:22.335,0.00,0.00,0.00,0.00,2,0
2026-06-12 20:27:22.385,0.00,0.00,0.00,0.00,2,0
2026-06-12 20:27:22.436,0.00,0.00,0.00,0.00,2,0
2026-06-12 20:27:22.486,0.00,0.00,0.00,0.00,2,0
2026-06-12 20:27:22.536,0.00,0.00,0.00,0.00,2,0
2026-06-12 20:27:22.587,0.00,0.00,0.00,0.00,2,0
2026-06-12 20:27:22.637,0.00,0.00,0.00,0.00,2,0
2026-06-12 20:27:22.688,0.00,0.00,0.00,0.00,2,0
2026-06-12 20:27:22.738,0.00,0.00,0.00,0.00,2,0
2026-06-12 20:27:22.788,0.00,0.00,0.00,0.00,2,0
2026-06-12 20:27:22.839,0.00,0.00,0.00,0.00,2,0
2026-06-12 20:27:22.889,0.00,0.00,0.00,0.00,2,0
2026-06-12 20:27:22.940,0.00,0.00,0.00,0.00,2,0
2026-06-12 20:27:22.990,0.00,0.00,0.00,0.00,2,0
2026-06-12 20:31:04.294,0.00,0.00,0.00,0.00,2,0
2026-06-12 20:31:04.344,0.00,0.00,0.00,0.00,2,0
2026-06-12 20:31:04.399,0.00,0.00,0.00,0.00,1,0
2026-06-12 20:31:04.445,0.00,0.00,0.00,0.00,1,0
2026-06-12 20:31:04.496,0.00,0.00,0.00,0.00,1,0
2026-06-12 20:31:04.546,0.00,0.00,0.00,0.00,1,0
2026-06-12 20:31:04.596,0.00,0.00,0.00,0.00,1,0
2026-06-12 20:31:04.647,0.00,0.00,0.00,0.00,1,0
2026-06-12 20:31:04.697,0.00,0.00,0.00,0.00,1,0
2026-06-12 20:31:04.748,0.00,0.00,0.00,0.00,1,0
2026-06-12 20:31:04.798,0.00,0.00,0.00,0.00,1,0
2026-06-12 20:31:04.848,0.00,0.00,0.00,0.00,1,0
2026-06-12 20:31:04.899,0.00,0.00,0.00,0.00,1,0
2026-06-12 20:31:04.949,0.00,0.00,0.00,0.00,1,0
2026-06-12 20:31:05.000,0.00,0.00,0.00,0.00,1,0
2026-06-12 20:31:05.050,0.00,0.00,0.00,0.00,1,0
2026-06-12 20:31:05.100,0.00,0.00,0.00,0.00,1,0
2026-06-12 20:31:05.152,0.00,0.00,0.00,0.00,1,0
2026-06-12 20:31:05.201,0.00,0.00,0.00,0.00,1,0
2026-06-12 20:31:05.252,0.00,0.00,0.00,0.00,1,0
2026-06-12 20:31:05.302,0.00,0.00,0.00,0.00,1,0
2026-06-12 20:31:05.352,0.00,0.00,0.00,0.00,1,0
2026-06-12 20:31:05.404,0.00,0.00,0.00,0.00,1,0
2026-06-12 20:31:05.453,0.00,0.00,0.00,0.00,1,0
2026-06-12 20:31:05.504,0.00,0.00,0.00,0.00,1,0
2026-06-12 20:31:05.554,0.00,0.00,0.00,0.00,1,0
2026-06-12 20:31:05.605,0.00,0.00,0.00,0.00,1,0
2026-06-12 20:31:05.655,0.00,0.00,0.00,0.00,1,0
2026-06-12 20:31:05.705,0.00,0.00,0.00,0.00,1,0
2026-06-12 20:31:05.756,0.00,0.00,0.00,0.00,1,0
2026-06-12 20:31:05.806,0.00,0.00,0.00,0.00,1,0
2026-06-12 20:31:05.856,0.00,0.00,0.00,0.00,1,0
2026-06-12 20:31:05.907,0.00,0.00,0.00,0.00,1,0
2026-06-12 20:31:05.957,0.00,0.00,0.00,0.00,1,0
2026-06-12 20:31:06.008,0.00,0.00,0.00,0.00,1,0
2026-06-12 20:31:06.061,0.00,0.00,0.00,0.00,1,0
2026-06-12 20:31:06.108,0.00,0.00,0.00,0.00,1,0
2026-06-12 20:31:06.159,0.00,0.00,0.00,0.00,1,0
2026-06-12 20:31:06.209,0.00,0.00,0.00,0.00,1,0
2026-06-12 20:31:06.262,0.00,0.00,0.00,0.00,1,0
2026-06-12 20:31:06.310,0.00,0.00,0.00,0.00,1,0
2026-06-12 20:31:06.360,0.00,0.00,0.00,0.00,1,0
2026-06-12 20:31:06.412,0.00,0.00,0.00,0.00,1,0
2026-06-12 20:31:06.461,0.00,0.00,0.00,0.00,1,0
2026-06-12 20:31:06.511,0.00,0.00,0.00,0.00,1,0
2026-06-12 20:31:06.562,0.00,0.00,0.00,0.00,1,0
2026-06-12 20:31:06.612,0.00,0.00,0.00,0.00,1,0
2026-06-12 20:31:06.663,0.00,0.00,0.00,0.00,1,0
2026-06-12 20:31:06.713,0.00,0.00,0.00,0.00,1,0
2026-06-12 20:31:06.765,0.00,0.00,0.00,0.00,1,0
2026-06-12 20:31:06.814,0.00,0.00,0.00,0.00,1,0
2026-06-12 20:31:06.864,0.00,0.00,0.00,0.00,1,0
2026-06-12 20:31:06.915,0.00,0.00,0.00,0.00,1,0
2026-06-12 20:31:06.965,0.00,0.00,0.00,0.00,1,0
2026-06-12 20:31:07.016,0.00,0.00,0.00,0.00,1,0
2026-06-12 20:31:07.066,0.00,0.00,0.00,0.00,1,0
2026-06-12 20:31:07.116,0.00,0.00,0.00,0.00,1,0
2026-06-12 20:31:07.167,0.00,0.00,0.00,0.00,1,0
2026-06-12 20:31:07.220,0.00,0.00,0.00,0.00,1,0
2026-06-12 20:31:07.268,0.00,0.00,0.00,0.00,1,0
2026-06-12 20:31:07.318,0.00,0.00,0.00,0.00,1,0
2026-06-12 20:31:07.370,0.00,0.00,0.00,0.00,1,0
2026-06-12 20:31:07.419,0.00,0.00,0.00,0.00,0,0
2026-06-12 20:31:07.469,0.00,0.00,0.00,0.00,0,0
2026-06-12 20:31:07.520,0.00,0.00,0.00,0.00,0,0
2026-06-12 20:31:07.570,0.00,0.00,0.00,0.00,0,0
2026-06-12 20:31:07.620,0.00,0.00,0.00,0.00,0,0
2026-06-12 20:31:07.671,0.00,0.00,0.00,0.00,0,0
2026-06-12 20:31:07.722,0.00,0.00,0.00,0.00,0,0
2026-06-12 20:31:07.772,0.00,0.00,0.00,0.00,0,0
2026-06-12 20:31:07.822,0.00,0.00,0.00,0.00,0,0
2026-06-12 20:31:07.872,0.00,0.00,0.00,0.00,0,0
2026-06-12 20:31:07.923,0.00,0.00,0.00,0.00,0,0
2026-06-12 20:31:07.973,0.00,0.00,0.00,0.00,0,0
2026-06-12 20:31:08.024,0.00,0.00,0.00,0.00,0,0
2026-06-12 20:31:08.074,0.00,0.00,0.00,0.00,0,0
2026-06-12 20:31:08.124,0.00,0.00,0.00,0.00,0,0
2026-06-12 20:31:08.175,0.00,0.00,0.00,0.00,0,0
2026-06-12 20:31:08.225,0.00,0.00,0.00,0.00,0,0
2026-06-12 20:31:08.276,0.00,0.00,0.00,0.00,0,0
2026-06-12 20:31:08.326,0.00,0.00,0.00,0.00,0,0
2026-06-12 20:31:08.376,0.00,0.00,0.00,0.00,0,0
2026-06-12 20:31:08.427,0.00,0.00,0.00,0.00,0,0
2026-06-12 20:31:08.477,0.00,0.00,0.00,0.00,0,0
2026-06-12 20:31:08.528,0.00,0.00,0.00,0.00,0,0
2026-06-12 20:31:08.578,0.00,0.00,0.00,0.00,0,0
2026-06-12 20:31:08.628,0.00,0.00,0.00,0.00,0,0
2026-06-12 20:31:08.679,0.00,0.00,0.00,0.00,0,0
2026-06-12 20:31:08.729,0.00,0.00,0.00,0.00,0,0
2026-06-12 20:31:08.780,0.00,0.00,0.00,0.00,0,0
2026-06-12 20:31:08.830,0.00,0.00,0.00,0.00,0,0
2026-06-12 20:31:08.880,0.00,0.00,0.00,0.00,0,0
2026-06-12 20:31:08.932,0.00,0.00,0.00,0.00,0,0
2026-06-12 20:31:08.982,0.00,0.00,0.00,0.00,0,0
2026-06-12 20:31:09.031,0.00,0.00,0.00,0.00,0,0
2026-06-12 20:31:09.082,0.00,0.00,0.00,0.00,0,0
2026-06-12 20:31:09.132,0.00,0.00,0.00,0.00,0,0
2026-06-12 20:31:09.183,0.00,0.00,0.00,0.00,0,0
2026-06-12 20:31:09.233,0.00,0.00,0.00,0.00,0,0
2026-06-12 20:31:09.283,0.00,0.00,0.00,0.00,0,0
2026-06-12 20:31:09.334,0.00,0.00,0.00,0.00,0,0
2026-06-12 20:31:09.384,0.00,0.00,0.00,0.00,0,0
2026-06-12 20:31:09.435,0.00,0.00,0.00,0.00,2,0
2026-06-12 20:31:09.485,0.00,0.00,0.00,0.00,2,0
2026-06-12 20:31:09.536,0.00,0.00,0.00,0.00,2,0
2026-06-12 20:31:09.586,0.00,0.00,0.00,0.00,2,0
2026-06-12 20:31:09.636,0.00,0.00,0.00,0.00,2,0
2026-06-12 20:31:09.689,0.00,0.00,0.00,0.00,2,0
2026-06-12 20:31:09.737,0.00,0.00,0.00,0.00,2,0
2026-06-12 20:31:09.788,0.00,0.00,0.00,0.00,2,0
2026-06-12 20:31:09.838,0.00,0.00,0.00,0.00,2,0
2026-06-12 20:31:09.888,0.00,0.00,0.00,0.00,2,0
2026-06-12 20:31:09.939,0.00,0.00,0.00,0.00,2,0
2026-06-12 20:31:09.989,0.00,0.00,0.00,0.00,2,0
2026-06-12 20:31:10.040,0.00,0.00,0.00,0.00,2,0
2026-06-12 20:31:10.090,0.00,0.00,0.00,0.00,2,0
2026-06-12 20:31:10.140,0.00,0.00,0.00,0.00,2,0
2026-06-12 20:31:10.191,0.00,0.00,0.00,0.00,2,0
2026-06-12 20:31:10.241,0.00,0.00,0.00,0.00,2,0
2026-06-12 20:31:10.292,0.00,0.00,0.00,0.00,2,0
2026-06-12 20:31:10.342,0.00,0.00,0.00,0.00,2,0
2026-06-12 20:31:10.392,0.00,0.00,0.00,0.00,2,0
2026-06-12 20:31:10.443,0.00,0.00,0.00,0.00,2,0
2026-06-12 20:31:10.493,0.00,0.00,0.00,0.00,2,0
2026-06-12 20:31:10.543,0.00,0.00,0.00,0.00,2,0
2026-06-12 20:31:10.594,0.00,0.00,0.00,0.00,2,0
2026-06-12 20:31:10.644,0.00,0.00,0.00,0.00,2,0
2026-06-12 20:31:10.695,0.00,0.00,0.00,0.00,2,0
2026-06-12 20:31:10.745,0.00,0.00,0.00,0.00,2,0
2026-06-12 20:31:10.796,0.00,0.00,0.00,0.00,2,0
2026-06-12 20:31:10.846,0.00,0.00,0.00,0.00,2,0
2026-06-12 20:31:10.896,0.00,0.00,0.00,0.00,2,0
2026-06-12 20:31:10.947,0.00,0.00,0.00,0.00,2,0
2026-06-12 20:31:10.997,0.00,0.00,0.00,0.00,2,0
2026-06-12 20:31:11.048,0.00,0.00,0.00,0.00,2,0
2026-06-12 20:31:11.098,0.00,0.00,0.00,0.00,2,0
2026-06-12 20:31:11.148,0.00,0.00,0.00,0.00,2,0
2026-06-12 20:31:11.199,0.00,0.00,0.00,0.00,2,0
2026-06-12 20:31:11.249,0.00,0.00,0.00,0.00,2,0
2026-06-12 20:31:11.300,0.00,0.00,0.00,0.00,2,0
2026-06-12 20:31:11.350,0.00,0.00,0.00,0.00,2,0
2026-06-12 20:31:11.400,0.12,0.00,0.00,0.00,2,0
2026-06-12 20:31:11.452,0.12,0.00,3.70,1.11,2,0
2026-06-12 20:31:11.502,0.12,0.00,3.70,1.11,2,0
2026-06-12 20:31:11.552,1.17,0.25,3.70,1.11,2,0
2026-06-12 20:31:11.602,1.17,0.25,32.73,10.60,2,0
2026-06-12 20:31:11.652,1.17,0.25,32.73,10.60,2,0
2026-06-12 20:31:11.703,2.15,0.48,32.73,10.60,2,0
2026-06-12 20:31:11.753,2.15,0.48,40.25,19.49,2,0
2026-06-12 20:31:11.804,2.15,0.48,40.25,19.49,2,0
2026-06-12 20:31:11.854,3.00,0.64,40.25,19.49,2,0
2026-06-12 20:31:11.904,3.00,0.64,45.37,27.26,2,0
2026-06-12 20:31:11.955,3.00,0.64,45.37,27.26,2,0
2026-06-12 20:31:12.005,3.73,0.79,45.37,27.26,2,0
2026-06-12 20:31:12.055,3.73,0.79,49.43,33.91,2,0
2026-06-12 20:31:12.106,3.73,0.79,49.43,33.91,2,0
2026-06-12 20:31:12.156,4.37,0.85,49.43,33.91,2,0
2026-06-12 20:31:12.207,4.37,0.85,53.11,39.67,2,0
2026-06-12 20:31:12.257,4.89,0.89,53.11,39.67,2,0
2026-06-12 20:31:12.308,4.89,0.89,55.61,44.45,2,0
2026-06-12 20:31:12.358,4.89,0.89,55.61,44.45,2,0
2026-06-12 20:31:12.408,5.34,0.91,55.61,44.45,2,0
2026-06-12 20:31:12.459,5.34,0.91,57.97,48.51,2,0
2026-06-12 20:31:12.509,5.71,0.92,57.97,48.51,2,0
2026-06-12 20:31:12.560,5.71,0.92,59.69,51.86,2,0
2026-06-12 20:31:12.610,6.00,0.88,59.69,51.86,2,0
2026-06-12 20:31:12.660,6.00,0.88,60.56,54.47,2,0
2026-06-12 20:31:12.712,6.00,0.88,60.56,54.47,2,0
2026-06-12 20:31:12.761,6.22,0.82,60.56,54.47,2,0
2026-06-12 20:31:12.812,6.22,0.82,61.21,56.49,2,0
2026-06-12 20:31:12.863,6.38,0.75,61.21,56.49,2,0
2026-06-12 20:31:12.912,6.38,0.75,61.27,57.93,2,0
2026-06-12 20:31:12.963,6.38,0.75,61.27,57.93,2,0
2026-06-12 20:31:13.013,6.51,0.68,61.27,57.93,2,0
2026-06-12 20:31:13.064,6.51,0.68,61.88,59.11,2,0
2026-06-12 20:31:13.114,6.65,0.64,61.88,59.11,2,0
2026-06-12 20:31:13.164,6.65,0.64,63.32,60.37,2,0
2026-06-12 20:31:13.215,6.78,0.58,63.32,60.37,2,0
2026-06-12 20:31:13.265,6.78,0.58,64.25,61.54,2,0
2026-06-12 20:31:13.316,6.90,0.55,64.25,61.54,2,0
2026-06-12 20:31:13.366,6.90,0.55,65.26,62.65,2,0
2026-06-12 20:31:13.416,6.90,0.55,65.26,62.65,2,0
2026-06-12 20:31:13.467,6.99,0.49,65.26,62.65,2,0
2026-06-12 20:31:13.517,6.99,0.49,65.38,63.47,2,0
2026-06-12 20:31:13.568,7.03,0.43,65.38,63.47,2,0
2026-06-12 20:31:13.620,7.03,0.43,64.58,63.80,2,0
2026-06-12 20:31:13.669,7.03,0.37,64.58,63.80,2,0
2026-06-12 20:31:13.719,7.03,0.37,64.05,63.88,2,0
2026-06-12 20:31:13.769,7.03,0.37,64.05,63.88,2,0
2026-06-12 20:31:13.820,7.04,0.32,64.05,63.88,2,0
2026-06-12 20:31:13.870,7.04,0.32,64.07,63.93,2,0
2026-06-12 20:31:13.921,7.06,0.28,64.07,63.93,2,0
2026-06-12 20:31:13.971,7.06,0.28,64.44,64.09,2,0
2026-06-12 20:31:14.022,7.15,0.27,64.44,64.09,2,0
2026-06-12 20:31:14.076,7.15,0.27,66.83,64.91,2,0
2026-06-12 20:31:14.122,7.31,0.30,66.83,64.91,2,0
2026-06-12 20:31:14.175,7.31,0.30,69.89,66.40,2,0
2026-06-12 20:31:14.223,7.51,0.34,69.89,66.40,2,0
2026-06-12 20:31:14.274,7.51,0.34,72.47,68.22,2,0
2026-06-12 20:31:14.324,7.76,0.39,72.47,68.22,2,0
2026-06-12 20:31:14.375,8.03,0.48,75.79,70.49,2,0
2026-06-12 20:31:14.424,8.03,0.48,78.59,72.92,2,0
2026-06-12 20:31:14.475,8.27,0.51,78.59,72.92,2,0
2026-06-12 20:31:14.525,8.27,0.51,80.21,75.11,2,0
2026-06-12 20:31:14.576,8.55,0.55,80.21,75.11,2,0
2026-06-12 20:31:14.626,8.55,0.55,83.59,77.65,2,0
2026-06-12 20:31:14.679,8.82,0.61,83.59,77.65,2,0
2026-06-12 20:31:14.727,9.06,0.65,85.91,80.13,2,0
2026-06-12 20:31:14.777,9.06,0.65,87.28,82.28,2,0
2026-06-12 20:31:14.828,9.33,0.70,87.28,82.28,2,0
2026-06-12 20:31:14.878,9.59,0.74,90.40,84.71,2,0
2026-06-12 20:31:14.929,9.59,0.74,92.73,87.12,2,0
2026-06-12 20:31:14.979,9.84,0.77,92.73,87.12,2,0
2026-06-12 20:31:15.029,10.09,0.79,94.57,89.35,2,0
2026-06-12 20:31:15.080,10.09,0.79,97.04,91.66,2,0
2026-06-12 20:31:15.130,10.34,0.81,97.04,91.66,2,0
2026-06-12 20:31:15.181,10.58,0.82,99.01,93.86,2,0
2026-06-12 20:31:15.231,10.58,0.82,101.23,96.07,2,0
2026-06-12 20:31:15.284,10.87,0.86,101.23,96.07,2,0
2026-06-12 20:31:15.332,11.20,1.00,104.90,98.72,2,0
2026-06-12 20:31:15.382,11.58,1.06,108.81,101.75,2,0
2026-06-12 20:31:15.433,11.97,1.22,113.13,105.16,2,0
2026-06-12 20:31:15.483,11.97,1.22,117.02,108.72,2,0
2026-06-12 20:31:15.533,12.34,1.24,117.02,108.72,2,0
2026-06-12 20:31:15.584,12.66,1.32,119.84,112.06,2,0
2026-06-12 20:31:15.634,12.94,1.35,121.80,114.98,2,0
2026-06-12 20:31:15.685,13.12,1.25,123.37,117.50,2,0
2026-06-12 20:31:15.735,13.30,1.22,122.90,119.12,2,0
2026-06-12 20:31:15.785,13.51,1.20,124.79,120.82,2,0
2026-06-12 20:31:15.836,13.51,1.20,127.00,122.67,2,0
2026-06-12 20:31:15.886,13.72,1.14,127.00,122.67,2,0
2026-06-12 20:31:15.938,13.96,1.17,128.98,124.57,2,0
2026-06-12 20:31:15.987,14.15,1.15,131.91,126.77,2,0
2026-06-12 20:31:16.037,14.27,1.08,132.44,128.47,2,0
2026-06-12 20:31:16.088,14.33,0.95,132.31,129.62,2,0
2026-06-12 20:31:16.138,14.41,0.87,131.29,130.12,2,0
2026-06-12 20:31:16.189,14.54,0.85,132.48,130.83,2,0
2026-06-12 20:31:16.239,14.72,0.87,134.84,132.03,2,0
2026-06-12 20:31:16.289,14.94,0.92,137.35,133.63,2,0
2026-06-12 20:31:16.341,15.15,0.96,140.57,135.71,2,0
2026-06-12 20:31:16.390,15.32,0.95,141.87,137.56,2,0
2026-06-12 20:31:16.443,15.47,0.93,142.64,139.08,2,0
2026-06-12 20:31:16.492,15.47,0.93,143.72,140.47,2,0
2026-06-12 20:31:16.542,15.57,0.85,143.72,140.47,2,0
2026-06-12 20:31:16.592,15.67,0.81,143.40,141.35,2,0
2026-06-12 20:31:16.642,15.94,0.91,144.54,142.31,2,0
2026-06-12 20:31:16.694,16.16,0.95,147.69,144.71,2,0
2026-06-12 20:31:16.743,16.37,0.99,151.56,146.76,2,0
2026-06-12 20:31:16.794,16.53,0.97,153.21,148.70,2,0
2026-06-12 20:31:16.844,16.64,0.91,153.53,150.15,2,0
2026-06-12 20:31:16.894,16.62,0.76,153.39,151.12,2,0
2026-06-12 20:31:16.945,16.61,0.64,150.42,150.91,2,0
2026-06-12 20:31:16.995,16.65,0.58,150.75,150.86,2,0
2026-06-12 20:31:17.046,16.73,0.56,152.09,151.23,2,0
2026-06-12 20:31:17.096,16.93,0.64,153.60,151.94,2,0
2026-06-12 20:31:17.146,17.09,0.67,157.97,153.75,2,0
2026-06-12 20:31:17.197,17.19,0.65,158.51,155.18,2,0
2026-06-12 20:31:17.247,17.23,0.59,158.17,156.08,2,0
2026-06-12 20:31:17.298,17.17,0.45,157.30,156.44,2,0
2026-06-12 20:31:17.349,17.12,0.31,154.62,155.90,2,0
2026-06-12 20:31:17.398,17.10,0.24,154.49,155.47,2,0
2026-06-12 20:31:17.449,17.11,0.22,154.73,155.25,2,0
2026-06-12 20:31:17.499,17.22,0.27,155.80,155.41,2,0
2026-06-12 20:31:17.550,17.30,0.30,158.57,156.36,2,0
2026-06-12 20:31:17.600,17.33,0.28,158.74,157.07,2,0
2026-06-12 20:31:17.651,17.30,0.22,157.98,157.35,2,0
2026-06-12 20:31:17.701,17.16,0.06,156.67,157.14,2,0
2026-06-12 20:31:17.751,17.07,-0.02,152.79,155.84,2,0
2026-06-12 20:31:17.802,16.97,-0.10,153.14,155.03,2,0
2026-06-12 20:31:17.852,16.94,-0.11,151.93,154.10,2,0
2026-06-12 20:31:17.902,16.99,-0.05,153.13,153.81,2,0
2026-06-12 20:31:17.953,16.91,-0.11,155.31,154.26,2,0
2026-06-12 20:31:18.003,16.91,-0.11,153.15,153.58,2,0
2026-06-12 20:31:18.054,16.76,-0.18,153.15,153.58,2,0
2026-06-12 20:31:18.105,16.54,-0.33,148.91,152.18,2,0
2026-06-12 20:31:18.155,16.37,-0.42,145.69,150.23,2,0
2026-06-12 20:31:18.205,16.16,-0.54,144.98,148.66,2,0
2026-06-12 20:31:18.256,16.04,-0.55,142.19,146.72,2,0
2026-06-12 20:31:18.306,15.98,-0.52,143.31,145.69,2,0
2026-06-12 20:31:18.356,15.88,-0.53,143.79,145.12,2,0
2026-06-12 20:31:18.407,15.79,-0.52,142.03,144.19,2,0
2026-06-12 20:31:18.457,15.63,-0.57,141.49,143.38,2,0
2026-06-12 20:31:18.509,15.43,-0.60,138.60,141.95,2,0
2026-06-12 20:31:18.558,15.28,-0.63,135.98,140.16,2,0
2026-06-12 20:31:18.608,15.14,-0.66,135.64,138.80,2,0
2026-06-12 20:31:18.659,15.04,-0.64,134.27,137.44,2,0
2026-06-12 20:31:18.709,15.00,-0.58,134.59,136.59,2,0
2026-06-12 20:31:18.760,15.00,-0.58,135.28,136.20,2,0
2026-06-12 20:31:18.810,14.95,-0.52,135.28,136.20,2,0
2026-06-12 20:31:18.861,14.89,-0.49,134.66,135.73,2,0
2026-06-12 20:31:18.912,14.79,-0.50,133.86,135.17,2,0
2026-06-12 20:31:18.961,14.63,-0.51,132.18,134.28,2,0
2026-06-12 20:31:19.012,14.44,-0.59,129.46,132.83,2,0
2026-06-12 20:31:19.062,14.30,-0.62,127.29,131.17,2,0
2026-06-12 20:31:19.113,14.30,-0.62,126.91,129.89,1,0
2026-06-12 20:31:19.168,14.16,-0.60,126.91,129.89,1,0
2026-06-12 20:31:19.213,14.03,-0.62,125.65,128.62,1,0
2026-06-12 20:31:19.264,13.81,-0.65,124.66,127.43,1,0
2026-06-12 20:31:19.315,13.62,-0.71,120.70,125.41,1,0
2026-06-12 20:31:19.365,13.62,-0.71,119.67,123.69,1,0
2026-06-12 20:31:19.415,13.48,-0.68,119.67,123.69,1,0
2026-06-12 20:31:19.466,13.98,0.50,119.56,122.45,1,0
2026-06-12 20:31:19.516,14.90,1.19,141.01,126.95,1,0
2026-06-12 20:31:19.566,14.90,1.19,154.78,135.30,1,0
2026-06-12 20:31:19.617,15.30,1.23,154.78,135.30,1,0
2026-06-12 20:31:19.667,15.56,1.26,147.51,138.96,1,0
2026-06-12 20:31:19.718,14.97,0.75,146.70,141.28,1,0
2026-06-12 20:31:19.768,14.97,0.75,123.43,135.93,1,0
2026-06-12 20:31:19.818,14.07,0.15,123.43,135.93,1,0
2026-06-12 20:31:19.869,13.32,-0.30,108.83,127.80,1,0
2026-06-12 20:31:19.919,13.32,-0.30,104.89,120.93,1,0
2026-06-12 20:31:19.970,12.58,-0.56,104.89,120.93,1,0
2026-06-12 20:31:20.020,12.58,-0.56,98.64,114.24,1,0
2026-06-12 20:31:20.070,11.85,-0.87,98.64,114.24,1,0
2026-06-12 20:31:20.122,11.24,-1.08,92.10,107.60,1,0
2026-06-12 20:31:20.172,11.24,-1.08,89.21,102.08,1,0
2026-06-12 20:31:20.222,10.79,-1.11,89.21,102.08,1,0
2026-06-12 20:31:20.272,10.79,-1.11,88.30,97.95,1,0
2026-06-12 20:31:20.323,10.49,-1.10,88.30,97.95,1,0
2026-06-12 20:31:20.373,10.31,-1.04,89.07,95.29,1,0
2026-06-12 20:31:20.423,10.31,-1.04,89.76,93.63,1,0
2026-06-12 20:31:20.474,10.18,-0.94,89.76,93.63,1,0
2026-06-12 20:31:20.524,10.18,-0.94,89.61,92.42,1,0
2026-06-12 20:31:20.575,10.04,-0.87,89.61,92.42,1,0
2026-06-12 20:31:20.625,10.04,-0.87,88.29,91.18,1,0
2026-06-12 20:31:20.676,9.89,-0.80,88.29,91.18,1,0
2026-06-12 20:31:20.726,9.74,-0.77,86.69,89.83,1,0
2026-06-12 20:31:20.776,9.74,-0.77,85.24,88.46,1,0
2026-06-12 20:31:20.827,9.62,-0.70,85.24,88.46,1,0
2026-06-12 20:31:20.877,9.62,-0.70,84.72,87.33,1,0
2026-06-12 20:31:20.928,9.57,-0.62,84.72,87.33,1,0
2026-06-12 20:31:20.978,9.56,-0.53,85.79,86.87,1,0
2026-06-12 20:31:21.029,9.56,-0.53,86.76,86.84,1,0
2026-06-12 20:31:21.079,9.65,-0.41,86.76,86.84,1,0
2026-06-12 20:31:21.129,9.65,-0.41,89.36,87.60,1,0
2026-06-12 20:31:21.180,9.75,-0.30,89.36,87.60,1,0
2026-06-12 20:31:21.230,9.85,-0.20,90.65,88.51,1,0
2026-06-12 20:31:21.281,9.85,-0.20,91.57,89.43,1,0
2026-06-12 20:31:21.331,9.94,-0.12,91.57,89.43,1,0
2026-06-12 20:31:21.382,9.98,-0.08,92.12,90.24,1,0
2026-06-12 20:31:21.432,9.98,-0.08,91.69,90.67,1,0
2026-06-12 20:31:21.482,10.04,-0.04,91.69,90.67,1,0
2026-06-12 20:31:21.533,10.04,-0.04,92.41,91.19,1,0
2026-06-12 20:31:21.583,10.10,-0.01,92.41,91.19,1,0
2026-06-12 20:31:21.634,10.21,0.06,92.89,91.70,1,0
2026-06-12 20:31:21.684,10.21,0.06,95.11,92.72,1,0
2026-06-12 20:31:21.734,10.35,0.13,95.11,92.72,1,0
2026-06-12 20:31:21.785,10.52,0.20,97.08,94.03,1,0
2026-06-12 20:31:21.835,10.52,0.20,98.98,95.52,1,0
2026-06-12 20:31:21.886,10.65,0.24,98.98,95.52,1,0
2026-06-12 20:31:21.936,10.73,0.25,99.53,96.72,1,0
2026-06-12 20:31:21.986,10.73,0.25,99.20,97.47,1,0
2026-06-12 20:31:22.037,10.78,0.24,99.20,97.47,1,0
2026-06-12 20:31:22.087,10.79,0.21,98.77,97.86,1,0
2026-06-12 20:31:22.138,10.79,0.21,98.18,97.95,0,0
2026-06-12 20:31:22.188,10.81,0.19,98.18,97.95,0,0
2026-06-12 20:31:22.238,10.86,0.19,98.77,98.20,0,0
2026-06-12 20:31:22.289,10.86,0.19,99.58,98.61,0,0
2026-06-12 20:31:22.339,10.92,0.19,99.58,98.61,0,0
2026-06-12 20:31:22.390,11.02,0.25,100.54,99.19,0,0
2026-06-12 20:31:22.440,11.13,0.27,102.14,100.07,0,0
2026-06-12 20:31:22.491,11.13,0.27,103.46,101.09,0,0
2026-06-12 20:31:22.541,11.22,0.28,103.46,101.09,0,0
2026-06-12 20:31:22.597,11.30,0.28,103.82,101.91,0,0
2026-06-12 20:31:22.642,11.30,0.28,104.23,102.61,0,0
2026-06-12 20:31:22.692,11.34,0.26,104.23,102.61,0,0
2026-06-12 20:31:22.742,11.35,0.22,103.94,103.01,0,0
2026-06-12 20:31:22.793,11.35,0.22,103.10,103.03,0,0
2026-06-12 20:31:22.843,11.36,0.20,103.10,103.03,0,0
2026-06-12 20:31:22.894,11.38,0.18,103.55,103.19,0,0
2026-06-12 20:31:22.944,11.40,0.17,103.66,103.33,0,0
2026-06-12 20:31:23.000,11.40,0.17,104.09,103.56,0,0
2026-06-12 20:31:23.045,11.44,0.17,104.09,103.56,0,0
2026-06-12 20:31:23.095,11.45,0.15,104.60,103.87,0,0
2026-06-12 20:31:23.146,11.45,0.15,104.34,104.01,0,0
2026-06-12 20:31:23.196,11.44,0.12,104.34,104.01,0,0
2026-06-12 20:31:23.247,11.43,0.09,103.60,103.89,0,0
2026-06-12 20:31:23.297,11.43,0.09,103.51,103.77,0,0
2026-06-12 20:31:23.348,11.43,0.08,103.51,103.77,0,0
2026-06-12 20:31:23.398,11.48,0.12,103.80,103.78,0,0
2026-06-12 20:31:23.448,11.62,0.17,105.48,104.29,0,0
2026-06-12 20:31:23.499,11.62,0.17,108.43,105.53,0,0
2026-06-12 20:31:23.549,11.78,0.24,108.43,105.53,0,0
2026-06-12 20:31:23.599,11.96,0.35,110.44,107.00,0,0
2026-06-12 20:31:23.650,12.11,0.38,112.42,108.63,0,0
2026-06-12 20:31:23.700,12.11,0.38,113.09,109.97,0,0
2026-06-12 20:31:23.751,12.21,0.37,113.09,109.97,0,0
2026-06-12 20:31:23.802,12.32,0.41,112.90,110.85,0,0
2026-06-12 20:31:23.852,12.44,0.42,114.16,111.84,0,0
2026-06-12 20:31:23.902,12.60,0.48,115.65,112.98,0,0
2026-06-12 20:31:23.952,12.80,0.58,117.70,114.40,0,0
2026-06-12 20:31:24.003,12.80,0.58,120.63,116.27,0,0
2026-06-12 20:31:24.053,13.02,0.61,120.63,116.27,0,0
2026-06-12 20:31:24.104,14.10,2.05,122.71,118.20,0,0
2026-06-12 20:31:24.154,15.46,4.00,146.59,128.08,2,0
2026-06-12 20:31:24.204,16.42,3.93,169.16,140.40,2,0
2026-06-12 20:31:24.255,17.22,4.00,169.40,149.10,2,0
2026-06-12 20:31:24.305,16.96,3.19,173.32,156.37,2,0
2026-06-12 20:31:24.355,16.31,2.18,148.50,154.01,2,0
2026-06-12 20:31:24.406,15.97,1.57,134.36,148.11,2,0
2026-06-12 20:31:24.456,15.81,1.21,137.97,145.07,2,0
2026-06-12 20:31:24.507,15.81,1.21,140.23,143.62,2,0
2026-06-12 20:31:24.557,15.74,0.99,140.23,143.62,2,0
2026-06-12 20:31:24.608,15.71,0.81,141.47,142.97,2,0
2026-06-12 20:31:24.658,15.69,0.67,141.80,142.62,2,0
2026-06-12 20:31:24.708,15.68,0.57,142.18,142.49,2,0
2026-06-12 20:31:24.759,15.73,0.52,142.31,142.44,2,0
2026-06-12 20:31:24.809,15.82,0.52,143.83,142.85,2,0
2026-06-12 20:31:24.860,15.97,0.56,145.61,143.68,2,0
2026-06-12 20:31:24.910,16.12,0.60,148.02,144.98,2,0
2026-06-12 20:31:24.960,16.29,0.65,149.64,146.38,2,0
2026-06-12 20:31:25.012,16.46,0.69,151.62,147.95,2,0
2026-06-12 20:31:25.062,16.72,0.82,152.93,149.44,2,0
2026-06-12 20:31:25.112,16.84,0.80,155.09,151.84,2,0
2026-06-12 20:31:25.162,16.98,0.80,155.51,152.94,2,0
2026-06-12 20:31:25.212,17.15,0.82,157.14,154.20,2,0
2026-06-12 20:31:25.263,17.29,0.81,159.45,155.77,2,0
2026-06-12 20:31:25.313,17.37,0.76,159.88,157.01,2,0
2026-06-12 20:31:25.364,17.44,0.70,159.57,157.78,2,0
2026-06-12 20:31:25.414,17.60,0.86,159.72,158.36,2,0
2026-06-12 20:31:25.464,17.87,0.95,163.16,159.80,2,0
2026-06-12 20:31:25.518,18.49,1.44,168.20,162.32,2,0
2026-06-12 20:31:25.565,18.74,1.43,174.85,167.87,2,0
2026-06-12 20:31:25.616,18.91,1.36,175.71,170.22,2,0
2026-06-12 20:31:25.666,19.17,1.59,175.37,171.77,2,0
2026-06-12 20:31:25.716,19.38,1.52,179.56,174.10,2,0
2026-06-12 20:31:25.767,19.44,1.16,180.54,176.03,2,0
2026-06-12 20:31:25.817,19.46,1.00,176.95,176.57,2,0
2026-06-12 20:31:25.868,20.73,1.91,177.12,176.73,2,0
2026-06-12 20:31:25.918,22.51,4.58,215.22,188.28,2,0
2026-06-12 20:31:25.973,23.58,4.77,241.99,204.39,2,0
2026-06-12 20:31:26.019,23.56,2.66,236.92,214.15,2,0
2026-06-12 20:31:26.069,22.32,1.25,196.97,213.96,2,0
2026-06-12 20:31:26.120,21.59,0.45,176.40,202.69,2,0
2026-06-12 20:31:26.170,21.04,-0.53,180.51,196.04,2,0
2026-06-12 20:31:26.220,20.72,-0.71,179.50,191.07,2,0
2026-06-12 20:31:26.271,20.66,-0.58,181.51,188.21,2,0
2026-06-12 20:31:26.322,20.67,-0.49,187.08,187.63,2,0
2026-06-12 20:31:26.372,20.71,-0.34,187.82,187.69,2,0
2026-06-12 20:31:26.422,20.74,-0.22,189.03,188.09,2,0
2026-06-12 20:31:26.473,20.80,-0.14,188.47,188.31,2,0
2026-06-12 20:31:26.524,20.85,-0.07,190.22,188.88,2,0
2026-06-12 20:31:26.573,20.93,0.07,190.35,189.32,2,0
2026-06-12 20:31:26.625,21.14,0.31,191.91,190.10,2,0
2026-06-12 20:31:26.674,21.22,0.32,194.34,191.97,2,0
2026-06-12 20:31:26.727,21.27,0.36,194.32,192.67,2,0
2026-06-12 20:31:26.775,21.50,0.53,194.26,193.15,2,0
2026-06-12 20:31:26.827,21.65,0.56,197.47,195.28,2,0
2026-06-12 20:31:26.876,21.83,0.79,199.59,196.57,2,0
2026-06-12 20:31:26.926,22.13,0.95,202.22,198.27,2,0
2026-06-12 20:31:26.977,22.27,1.05,204.81,200.93,2,0
2026-06-12 20:31:27.027,22.48,1.04,205.32,202.25,2,0
2026-06-12 20:31:27.077,22.56,0.95,207.12,204.14,2,0
2026-06-12 20:31:27.128,22.97,1.32,206.47,204.84,2,0
2026-06-12 20:31:27.178,23.12,1.25,213.64,208.55,2,0
2026-06-12 20:31:27.229,23.24,1.27,213.30,209.98,2,0
2026-06-12 20:31:27.279,23.31,0.97,213.66,211.08,2,0
2026-06-12 20:31:27.330,23.28,0.78,211.89,211.66,2,0
2026-06-12 20:31:27.380,23.45,0.80,210.80,211.40,2,0
2026-06-12 20:31:27.430,23.59,0.79,215.41,212.99,2,0
2026-06-12 20:31:27.481,23.85,0.97,217.05,214.21,2,0
2026-06-12 20:31:27.531,23.92,0.88,218.86,216.61,2,0
2026-06-12 20:31:27.582,24.00,0.76,218.54,217.19,2,0
2026-06-12 20:31:27.632,24.04,0.68,218.82,217.92,2,0
2026-06-12 20:31:27.682,24.29,0.88,219.24,218.32,2,0
2026-06-12 20:31:27.733,24.43,0.86,223.64,220.60,2,0
2026-06-12 20:31:27.783,24.60,0.85,224.85,221.88,2,0
2026-06-12 20:31:27.834,24.61,0.73,223.57,223.35,2,0
2026-06-12 20:31:27.884,24.58,0.49,223.85,223.50,2,0
2026-06-12 20:31:27.934,24.70,0.51,223.13,223.25,2,0
2026-06-12 20:31:27.985,25.01,0.85,226.80,224.31,2,0
2026-06-12 20:31:28.035,25.18,0.99,230.83,227.07,2,0
2026-06-12 20:31:28.086,25.27,0.81,232.29,228.64,2,0
2026-06-12 20:31:28.137,25.30,0.75,230.14,229.47,2,0
2026-06-12 20:31:28.186,25.41,0.72,230.47,229.77,2,0
2026-06-12 20:31:28.237,25.62,0.86,233.09,230.73,2,0
2026-06-12 20:31:28.288,25.74,0.82,235.41,232.68,2,0
2026-06-12 20:31:28.338,25.85,0.76,236.09,233.70,2,0
2026-06-12 20:31:28.388,25.75,0.57,235.31,234.71,2,0
2026-06-12 20:31:28.438,25.75,0.40,231.94,233.88,2,0
2026-06-12 20:31:28.489,26.03,0.74,234.22,233.80,2,0
2026-06-12 20:31:28.541,26.12,0.70,240.16,236.36,2,0
2026-06-12 20:31:28.590,25.96,0.25,239.21,237.21,2,0
2026-06-12 20:31:28.640,27.37,1.37,233.59,235.72,2,0
2026-06-12 20:31:28.690,30.71,6.06,278.49,248.55,2,0
2026-06-12 20:31:28.742,31.88,7.11,308.08,278.88,2,0
2026-06-12 20:31:28.792,29.30,1.93,314.45,289.55,2,0
2026-06-12 20:31:28.842,28.27,-0.08,235.25,266.05,2,0
2026-06-12 20:31:28.892,26.76,-1.79,234.84,256.69,2,0
2026-06-12 20:31:28.942,26.08,-2.32,228.14,243.02,2,0
2026-06-12 20:31:28.993,25.97,-2.07,231.60,236.81,2,0
2026-06-12 20:31:29.043,25.90,-1.61,233.41,235.79,2,0
2026-06-12 20:31:29.096,25.69,-1.54,233.40,235.21,2,0
2026-06-12 20:31:29.144,25.20,-1.86,228.76,233.27,2,0
2026-06-12 20:31:29.195,24.95,-1.79,223.33,228.83,2,0
2026-06-12 20:31:29.245,24.84,-1.45,221.38,226.60,2,0
2026-06-12 20:31:29.295,24.90,-1.14,224.99,225.60,2,0
2026-06-12 20:31:29.346,24.85,-0.96,227.24,226.09,2,0
2026-06-12 20:31:29.396,24.68,-0.95,223.43,225.66,2,0
2026-06-12 20:31:29.447,24.35,-1.19,220.54,224.12,2,0
2026-06-12 20:31:29.497,24.29,-1.07,218.16,221.11,2,0
2026-06-12 20:31:29.548,24.32,-0.71,219.19,220.54,2,0
2026-06-12 20:31:29.598,24.36,-0.57,221.93,220.87,2,0
2026-06-12 20:31:29.648,24.14,-0.76,221.87,221.17,2,0
2026-06-12 20:31:29.699,23.90,-0.85,215.64,219.20,2,0
2026-06-12 20:31:29.749,23.69,-1.05,211.91,217.01,2,0
2026-06-12 20:31:29.800,23.51,-0.95,210.79,215.15,2,0
2026-06-12 20:31:29.850,23.46,-0.85,212.21,213.47,2,0
2026-06-12 20:31:29.901,23.24,-0.95,211.99,213.03,2,0
2026-06-12 20:31:29.951,23.05,-0.97,208.15,211.07,2,0
2026-06-12 20:31:30.001,22.85,-1.14,205.18,209.30,2,0
2026-06-12 20:31:30.052,22.59,-1.09,203.32,207.51,2,0
2026-06-12 20:31:30.102,22.61,-0.91,203.43,205.10,2,0
2026-06-12 20:31:30.153,22.65,-0.70,205.72,205.29,2,0
2026-06-12 20:31:30.203,22.56,-0.67,206.66,205.70,2,0
2026-06-12 20:31:30.254,22.35,-0.74,202.66,204.83,2,0
2026-06-12 20:31:30.304,22.14,-0.98,198.71,202.99,2,0
2026-06-12 20:31:30.354,21.87,-0.98,196.61,201.08,2,0
2026-06-12 20:31:30.405,21.85,-0.85,196.69,198.61,2,0
2026-06-12 20:31:30.455,21.84,-0.75,198.00,198.43,2,0
2026-06-12 20:31:30.506,21.68,-0.77,197.98,198.29,2,0
2026-06-12 20:31:30.556,22.81,0.27,194.19,196.89,2,0
2026-06-12 20:31:30.607,24.24,2.61,231.17,207.18,2,0
2026-06-12 20:31:30.657,25.22,3.03,250.34,220.13,2,0
2026-06-12 20:31:30.707,25.03,1.11,249.75,229.01,2,0
2026-06-12 20:31:30.758,23.82,-0.07,206.62,227.33,2,0
2026-06-12 20:31:30.808,22.93,-1.48,190.63,216.32,2,0
2026-06-12 20:31:30.859,22.21,-1.86,189.45,208.26,2,0
2026-06-12 20:31:30.909,21.05,-2.66,186.29,201.67,2,0
2026-06-12 20:31:30.960,20.65,-2.58,180.23,191.14,2,0
2026-06-12 20:31:31.010,20.39,-2.41,179.24,187.57,1,0
2026-06-12 20:31:31.060,20.26,-2.27,179.64,185.19,1,0
2026-06-12 20:31:31.111,20.16,-2.01,181.12,183.97,1,0
2026-06-12 20:31:31.162,19.94,-1.75,180.95,183.06,1,0
2026-06-12 20:31:31.211,19.66,-1.72,178.02,181.06,1,0
2026-06-12 20:31:31.272,19.43,-1.65,172.63,178.53,1,0
2026-06-12 20:31:31.313,19.22,-1.57,171.45,176.41,1,0
2026-06-12 20:31:31.363,19.09,-1.55,170.21,174.55,1,0
2026-06-12 20:31:31.413,19.11,-1.31,170.66,173.38,1,0
2026-06-12 20:31:31.464,19.08,-1.13,173.78,173.50,1,0
2026-06-12 20:31:31.514,18.88,-1.07,172.74,173.27,1,0
2026-06-12 20:31:31.564,18.66,-1.09,169.02,171.47,1,0
2026-06-12 20:31:31.615,18.49,-1.07,164.77,169.46,1,0
2026-06-12 20:31:31.665,18.34,-1.03,164.40,167.94,1,0
2026-06-12 20:31:31.720,18.23,-0.97,163.26,166.54,1,0
2026-06-12 20:31:31.767,18.20,-0.88,163.17,165.53,1,0
2026-06-12 20:31:31.818,18.06,-0.85,164.59,165.25,1,0
2026-06-12 20:31:31.867,17.95,-0.82,161.25,164.05,1,0
2026-06-12 20:31:31.917,17.74,-0.87,160.58,163.01,1,0
2026-06-12 20:31:31.968,17.46,-0.98,156.64,161.10,1,0
2026-06-12 20:31:32.018,17.28,-0.97,152.52,158.52,1,0
2026-06-12 20:31:32.069,17.03,-1.04,153.26,156.94,1,0
2026-06-12 20:31:32.119,16.84,-1.03,149.24,154.63,1,0
2026-06-12 20:31:32.170,16.72,-0.98,149.01,152.94,1,0
2026-06-12 20:31:32.220,16.52,-1.00,149.17,151.81,1,0
2026-06-12 20:31:32.272,16.41,-0.94,145.92,150.04,1,0
2026-06-12 20:31:32.322,16.22,-0.96,146.51,148.98,1,0
2026-06-12 20:31:32.371,15.99,-0.94,143.25,147.27,1,0
2026-06-12 20:31:32.422,15.81,-0.95,140.53,145.24,1,0
2026-06-12 20:31:32.472,15.60,-0.98,139.61,143.55,1,0
2026-06-12 20:31:32.522,15.44,-0.97,137.29,141.68,1,0
2026-06-12 20:31:32.574,15.31,-0.93,136.74,140.20,1,0
2026-06-12 20:31:32.623,15.31,-0.93,136.29,139.02,1,0
2026-06-12 20:31:32.674,15.19,-0.85,136.29,139.02,1,0
2026-06-12 20:31:32.724,15.09,-0.81,135.51,137.97,1,0
2026-06-12 20:31:32.774,14.97,-0.79,134.73,137.00,1,0
2026-06-12 20:31:32.825,14.83,-0.78,133.39,135.92,1,0
2026-06-12 20:31:32.875,14.70,-0.74,131.73,134.66,1,0
2026-06-12 20:31:32.926,14.57,-0.73,130.71,133.48,1,0
2026-06-12 20:31:32.976,14.49,-0.69,129.71,132.35,1,0
2026-06-12 20:31:33.027,14.49,-0.69,129.81,131.59,1,0
2026-06-12 20:31:33.077,14.46,-0.60,129.81,131.59,1,0
2026-06-12 20:31:33.127,14.46,-0.51,130.68,131.31,1,0
2026-06-12 20:31:33.178,14.48,-0.42,131.39,131.34,1,0
2026-06-12 20:31:33.228,14.46,-0.37,131.83,131.49,1,0
2026-06-12 20:31:33.279,14.42,-0.34,130.94,131.32,1,0
2026-06-12 20:31:33.329,14.32,-0.37,130.00,130.92,1,0
2026-06-12 20:31:33.380,14.20,-0.42,127.87,130.01,1,0
2026-06-12 20:31:33.430,14.20,-0.42,126.44,128.94,1,0
2026-06-12 20:31:33.480,14.10,-0.40,126.44,128.94,1,0
2026-06-12 20:31:33.532,14.03,-0.41,126.05,128.07,1,0
2026-06-12 20:31:33.582,13.97,-0.37,125.82,127.40,1,0
2026-06-12 20:31:33.632,13.86,-0.41,125.76,126.91,1,0
2026-06-12 20:31:33.683,13.86,-0.41,123.46,125.87,1,0
2026-06-12 20:31:33.733,13.69,-0.44,123.46,125.87,1,0
2026-06-12 20:31:33.783,13.55,-0.49,120.84,124.36,1,0
2026-06-12 20:31:33.833,13.42,-0.53,120.12,123.09,1,0
2026-06-12 20:31:33.885,13.37,-0.48,119.15,121.91,1,0
2026-06-12 20:31:33.934,13.37,-0.48,120.30,121.43,1,0
2026-06-12 20:31:33.985,13.33,-0.43,120.30,121.43,1,0
2026-06-12 20:31:34.035,13.28,-0.41,120.16,121.04,0,0
2026-06-12 20:31:34.086,13.24,-0.38,119.48,120.57,0,0
2026-06-12 20:31:34.136,13.18,-0.35,119.30,120.19,0,0
2026-06-12 20:31:34.186,13.18,-0.35,118.46,119.67,0,0
2026-06-12 20:31:34.237,13.12,-0.34,118.46,119.67,0,0
2026-06-12 20:31:34.288,13.03,-0.36,117.77,119.10,0,0
2026-06-12 20:31:34.338,12.92,-0.36,116.48,118.32,0,0
2026-06-12 20:31:34.388,12.83,-0.39,115.14,117.36,0,0
2026-06-12 20:31:34.439,12.83,-0.39,114.41,116.48,0,0
2026-06-12 20:31:34.489,12.77,-0.36,114.41,116.48,0,0
2026-06-12 20:31:34.540,12.70,-0.34,114.76,115.96,0,0
2026-06-12 20:31:34.590,12.64,-0.34,113.85,115.33,0,0
2026-06-12 20:31:34.640,12.64,-0.34,113.52,114.79,0,0
2026-06-12 20:31:34.691,12.59,-0.32,113.52,114.79,0,0
2026-06-12 20:31:34.742,12.50,-0.32,113.27,114.33,0,0
2026-06-12 20:31:34.792,12.50,-0.32,111.58,113.51,0,0
2026-06-12 20:31:34.842,12.38,-0.34,111.58,113.51,0,0
2026-06-12 20:31:34.892,12.23,-0.41,109.82,112.40,0,0
2026-06-12 20:31:34.943,12.07,-0.44,108.06,111.10,0,0
2026-06-12 20:31:34.993,12.07,-0.44,106.10,109.60,0,0
2026-06-12 20:31:35.045,11.96,-0.43,106.10,109.60,0,0
2026-06-12 20:31:35.094,11.90,-0.40,106.42,108.64,0,0
2026-06-12 20:31:35.144,11.85,-0.38,106.74,108.07,0,0
2026-06-12 20:31:35.195,11.85,-0.38,106.60,107.63,0,0
2026-06-12 20:31:35.245,11.83,-0.34,106.60,107.63,0,0
2026-06-12 20:31:35.296,11.77,-0.32,106.95,107.43,0,0
2026-06-12 20:31:35.346,11.77,-0.32,105.68,106.90,0,0
2026-06-12 20:31:35.396,11.69,-0.32,105.68,106.90,0,0
2026-06-12 20:31:35.454,11.62,-0.31,104.36,106.14,0,0
2026-06-12 20:31:35.498,11.62,-0.31,103.93,105.48,0,0
2026-06-12 20:31:35.548,11.51,-0.32,103.93,105.48,0,0
2026-06-12 20:31:35.598,11.42,-0.32,102.20,104.50,0,0
2026-06-12 20:31:35.649,11.42,-0.32,101.94,103.73,0,0
2026-06-12 20:31:35.700,11.34,-0.31,101.94,103.73,0,0
2026-06-12 20:31:35.749,11.26,-0.31,101.37,103.02,0,0
2026-06-12 20:31:35.800,11.26,-0.31,100.58,102.29,0,0
2026-06-12 20:31:35.851,11.20,-0.30,100.58,102.29,0,0
2026-06-12 20:31:35.901,11.11,-0.31,100.21,101.66,0,0
2026-06-12 20:31:35.952,11.11,-0.31,99.02,100.87,0,0
2026-06-12 20:31:36.001,11.05,-0.29,99.02,100.87,0,0
2026-06-12 20:31:36.052,10.99,-0.28,99.03,100.32,2,0
2026-06-12 20:31:36.102,10.99,-0.28,98.60,99.80,2,0
2026-06-12 20:31:36.153,10.99,-0.24,98.60,99.80,2,0
2026-06-12 20:31:36.203,11.01,-0.19,99.72,99.78,2,0
2026-06-12 20:31:36.254,11.11,-0.08,100.57,100.02,2,0
2026-06-12 20:31:36.304,11.11,-0.08,102.79,100.85,2,0
2026-06-12 20:31:36.356,11.25,0.01,102.79,100.85,2,0
2026-06-12 20:31:36.405,11.40,0.09,105.21,102.16,2,0
2026-06-12 20:31:36.455,11.40,0.09,106.71,103.52,2,0
2026-06-12 20:31:36.506,11.60,0.19,106.71,103.52,2,0
2026-06-12 20:31:36.556,11.75,0.28,109.66,105.36,2,0
2026-06-12 20:31:36.607,11.90,0.32,109.80,106.70,2,0
2026-06-12 20:31:36.657,12.05,0.40,111.34,108.09,2,0
2026-06-12 20:31:36.707,12.05,0.40,112.59,109.44,2,0
2026-06-12 20:31:36.758,12.23,0.43,112.59,109.44,2,0
2026-06-12 20:31:36.808,12.46,0.56,114.74,111.03,2,0
2026-06-12 20:31:36.858,12.65,0.58,118.13,113.16,2,0
2026-06-12 20:31:36.909,12.86,0.67,119.02,114.92,2,0
2026-06-12 20:31:36.959,12.86,0.67,121.23,116.81,2,0
2026-06-12 20:31:37.010,13.01,0.65,121.23,116.81,2,0
2026-06-12 20:31:37.060,13.10,0.63,121.11,118.10,2,0
2026-06-12 20:31:37.111,13.19,0.58,121.09,119.00,2,0
2026-06-12 20:31:37.162,13.27,0.56,121.56,119.77,2,0
2026-06-12 20:31:37.215,13.40,0.59,122.19,120.49,2,0
2026-06-12 20:31:37.262,13.40,0.59,124.55,121.71,2,0
2026-06-12 20:31:37.312,13.57,0.59,124.55,121.71,2,0
2026-06-12 20:31:37.362,13.76,0.66,126.78,123.23,2,0
2026-06-12 20:31:37.413,13.97,0.73,129.01,124.97,2,0
2026-06-12 20:31:37.463,14.12,0.75,131.29,126.86,2,0
2026-06-12 20:31:37.514,14.22,0.69,131.39,128.22,2,0
2026-06-12 20:31:37.564,14.34,0.69,131.32,129.15,2,0
2026-06-12 20:31:37.615,14.41,0.64,132.67,130.21,2,0
2026-06-12 20:31:37.665,14.53,0.64,132.45,130.88,2,0
2026-06-12 20:31:37.715,14.69,0.68,134.35,131.92,2,0
2026-06-12 20:31:37.766,14.84,0.70,136.74,133.37,2,0
2026-06-12 20:31:37.820,14.84,0.70,138.07,134.78,2,0
2026-06-12 20:31:37.867,15.01,0.69,138.07,134.78,2,0
2026-06-12 20:31:37.917,15.13,0.69,139.95,136.33,2,0
2026-06-12 20:31:37.967,15.23,0.66,139.95,137.41,2,0
2026-06-12 20:31:38.018,15.34,0.66,140.35,138.30,2,0
2026-06-12 20:31:38.072,15.46,0.66,141.80,139.35,2,0
2026-06-12 20:31:38.119,15.62,0.69,142.89,140.41,2,0
2026-06-12 20:31:38.169,15.80,0.73,145.13,141.82,2,0
2026-06-12 20:31:38.219,15.95,0.75,147.28,143.46,2,0
2026-06-12 20:31:38.270,16.15,0.80,148.19,144.88,2,0
2026-06-12 20:31:38.320,16.30,0.81,150.82,146.66,2,0
2026-06-12 20:31:38.371,16.39,0.76,151.29,148.05,2,0
2026-06-12 20:31:38.424,16.49,0.73,150.76,148.86,2,0
2026-06-12 20:31:38.471,16.55,0.66,151.80,149.74,2,0
2026-06-12 20:31:38.522,16.81,0.80,151.47,150.26,2,0
2026-06-12 20:31:38.572,19.39,4.63,155.57,152.61,2,0
2026-06-12 20:31:38.623,20.53,4.89,209.55,176.11,2,0
2026-06-12 20:31:38.673,21.36,4.83,210.50,186.42,2,0
2026-06-12 20:31:38.724,20.83,3.66,211.52,193.95,2,0
2026-06-12 20:31:38.774,19.91,2.37,177.91,189.14,2,0
2026-06-12 20:31:38.824,19.27,1.47,161.43,180.83,2,0
2026-06-12 20:31:38.875,18.90,0.63,161.31,174.97,2,0
2026-06-12 20:31:38.925,18.71,0.39,163.69,171.59,2,0
2026-06-12 20:31:38.976,18.63,0.26,166.00,169.91,2,0
2026-06-12 20:31:39.032,18.76,0.34,167.60,169.22,2,0
2026-06-12 20:31:39.076,18.76,0.29,171.62,170.32,2,0
2026-06-12 20:31:39.127,18.78,0.26,170.43,170.35,2,0
2026-06-12 20:31:39.177,18.82,0.29,171.04,170.56,2,0
2026-06-12 20:31:39.228,18.93,0.34,171.67,170.89,2,0
2026-06-12 20:31:39.278,19.33,0.69,174.40,171.95,2,0
2026-06-12 20:31:39.329,19.47,0.71,179.33,175.51,2,0
2026-06-12 20:31:39.379,19.57,0.68,179.99,176.85,2,0
2026-06-12 20:31:39.429,19.55,0.55,179.74,177.72,2,0
2026-06-12 20:31:39.480,19.55,0.47,177.12,177.54,2,0
2026-06-12 20:31:39.544,19.61,0.42,177.66,177.58,2,0
2026-06-12 20:31:39.580,19.77,0.50,179.11,178.04,2,0
2026-06-12 20:31:39.637,19.86,0.49,183.11,179.56,2,0
2026-06-12 20:31:39.682,19.96,0.60,182.07,180.32,2,0
2026-06-12 20:31:39.732,19.99,0.53,183.59,181.30,2,0
2026-06-12 20:31:39.782,19.93,0.37,181.99,181.51,2,0
2026-06-12 20:31:39.832,19.93,0.31,181.54,181.02,2,0
2026-06-12 20:31:39.883,19.99,0.36,180.91,180.99,2,0
2026-06-12 20:31:39.933,20.16,0.45,182.80,181.53,2,0
2026-06-12 20:31:39.984,20.31,0.50,186.75,183.10,2,0
2026-06-12 20:31:40.034,20.31,0.43,185.95,184.42,2,0
2026-06-12 20:31:40.084,20.16,0.23,184.60,184.47,2,0
2026-06-12 20:31:40.135,20.04,0.01,179.80,183.07,2,0
2026-06-12 20:31:40.186,19.93,-0.08,179.52,182.01,2,0
2026-06-12 20:31:40.236,19.82,-0.15,178.63,180.99,2,0
2026-06-12 20:31:40.286,19.78,-0.15,179.78,179.95,2,0
2026-06-12 20:31:40.337,19.72,-0.18,178.93,179.65,2,0
2026-06-12 20:31:40.387,19.65,-0.26,177.87,179.11,2,0
2026-06-12 20:31:40.437,19.47,-0.37,177.00,178.48,2,0
2026-06-12 20:31:40.488,19.34,-0.43,173.05,176.85,2,0
2026-06-12 20:31:40.538,19.09,-0.59,172.70,175.60,2,0
2026-06-12 20:31:40.589,19.10,-0.50,170.98,173.39,2,0
2026-06-12 20:31:40.639,19.03,-0.48,173.64,173.46,2,0
2026-06-12 20:31:40.690,18.94,-0.56,171.40,172.84,2,0
2026-06-12 20:31:40.740,18.82,-0.58,170.08,172.02,2,0
2026-06-12 20:31:40.790,18.58,-0.69,168.21,170.88,2,0
2026-06-12 20:31:40.842,18.39,-0.74,163.69,168.72,2,0
2026-06-12 20:31:40.891,18.22,-0.77,163.09,167.03,2,0
2026-06-12 20:31:40.942,18.06,-0.70,161.77,165.45,2,0
2026-06-12 20:31:40.992,17.98,-0.65,163.37,163.97,2,0
2026-06-12 20:31:41.042,17.90,-0.62,161.78,163.31,2,0
2026-06-12 20:31:41.093,17.80,-0.62,160.85,162.58,2,0
2026-06-12 20:31:41.144,17.62,-0.67,159.43,161.63,2,0
2026-06-12 20:31:41.194,17.45,-0.71,156.21,160.01,2,0
2026-06-12 20:31:41.245,17.35,-0.69,154.88,158.47,2,0
2026-06-12 20:31:41.297,17.25,-0.67,155.43,157.56,2,0
2026-06-12 20:31:41.345,17.16,-0.64,154.46,156.63,2,0
2026-06-12 20:31:41.395,17.03,-0.65,154.12,155.87,2,0
2026-06-12 20:31:41.446,16.76,-0.77,151.83,154.66,2,0
2026-06-12 20:31:41.496,16.37,-0.99,146.52,152.22,2,0
2026-06-12 20:31:41.547,16.37,-0.99,140.24,148.63,2,0
2026-06-12 20:31:41.597,15.97,-1.06,140.24,148.63,2,0
2026-06-12 20:31:41.648,15.54,-1.26,136.54,145.00,2,0
2026-06-12 20:31:41.698,15.15,-1.39,132.01,141.10,2,0
2026-06-12 20:31:41.748,14.90,-1.39,129.35,137.58,2,0
2026-06-12 20:31:41.800,14.69,-1.29,129.94,135.29,2,0
2026-06-12 20:31:41.849,14.63,-1.15,128.94,133.38,2,0
2026-06-12 20:31:41.900,14.70,-0.92,131.61,132.85,2,0
2026-06-12 20:31:41.951,14.81,-0.69,135.03,133.50,2,0
2026-06-12 20:31:42.001,14.94,-0.48,136.66,134.45,2,0
2026-06-12 20:31:42.053,14.94,-0.48,138.62,135.70,2,0
2026-06-12 20:31:42.101,15.04,-0.35,138.62,135.70,2,0
2026-06-12 20:31:42.152,15.08,-0.27,138.57,136.56,2,0
2026-06-12 20:31:42.202,15.06,-0.24,137.70,136.90,2,0
2026-06-12 20:31:42.254,15.00,-0.25,136.42,136.76,2,0
2026-06-12 20:31:42.303,14.88,-0.28,135.04,136.24,2,0
2026-06-12 20:31:42.353,14.69,-0.40,132.57,135.14,2,0
2026-06-12 20:31:42.404,14.48,-0.51,129.26,133.38,2,0
2026-06-12 20:31:42.454,14.48,-0.51,127.22,131.53,2,0
2026-06-12 20:31:42.505,14.32,-0.52,127.22,131.53,2,0
2026-06-12 20:31:42.555,14.22,-0.52,126.50,130.02,2,0
2026-06-12 20:31:42.606,14.26,-0.42,127.14,129.15,2,0
2026-06-12 20:31:42.656,14.42,-0.22,130.23,129.48,2,0
2026-06-12 20:31:42.706,14.62,-0.02,134.24,130.91,2,0
2026-06-12 20:31:42.757,14.83,0.16,137.13,132.77,2,0
2026-06-12 20:31:42.807,15.01,0.23,139.21,134.70,2,0
2026-06-12 20:31:42.858,15.09,0.27,139.97,136.28,2,0
2026-06-12 20:31:42.908,15.13,0.26,138.91,137.07,2,0
2026-06-12 20:31:42.958,15.19,0.27,138.17,137.40,2,0
2026-06-12 20:31:43.009,15.33,0.34,139.32,137.98,2,0
2026-06-12 20:31:43.059,15.52,0.45,142.04,139.20,2,0
2026-06-12 20:31:43.110,15.80,0.61,144.87,140.90,2,0
2026-06-12 20:31:43.160,16.07,0.75,149.42,143.46,2,0
2026-06-12 20:31:43.210,16.26,0.79,151.80,145.96,2,0
2026-06-12 20:31:43.261,17.38,1.59,151.75,147.70,2,0
2026-06-12 20:31:43.311,18.82,2.55,181.46,157.83,2,0
2026-06-12 20:31:43.362,19.84,3.00,201.41,170.90,2,0
2026-06-12 20:31:43.415,20.59,3.17,201.68,180.14,2,0
2026-06-12 20:31:43.462,20.00,1.72,202.91,186.97,2,0
2026-06-12 20:31:43.513,19.23,0.83,169.23,181.65,2,0
2026-06-12 20:31:43.563,18.72,0.28,158.18,174.61,2,0
2026-06-12 20:31:43.614,18.40,-0.02,159.16,169.97,2,0
2026-06-12 20:31:43.664,18.12,-0.25,160.28,167.07,2,0
2026-06-12 20:31:43.715,17.86,-0.43,158.53,164.51,2,0
2026-06-12 20:31:43.765,17.70,-0.49,156.91,162.23,2,0
2026-06-12 20:31:43.815,17.63,-0.37,157.33,160.76,2,0
2026-06-12 20:31:43.866,17.78,-0.20,160.91,160.13,2,0
2026-06-12 20:31:43.916,17.89,-0.07,164.48,161.43,2,0
2026-06-12 20:31:43.967,18.01,0.03,164.96,162.49,2,0
2026-06-12 20:31:44.017,19.15,1.91,166.02,163.55,2,0
2026-06-12 20:31:44.067,20.65,4.12,196.55,173.95,2,0
2026-06-12 20:31:44.118,21.68,4.34,219.25,187.54,2,0
2026-06-12 20:31:44.168,22.54,4.41,218.70,196.89,2,0
2026-06-12 20:31:44.219,21.05,1.33,222.96,204.71,2,0
2026-06-12 20:31:44.269,20.54,0.71,173.36,191.20,2,0
2026-06-12 20:31:44.320,20.17,0.29,175.63,186.53,2,0
2026-06-12 20:31:44.370,19.92,-0.15,175.25,183.14,2,0
2026-06-12 20:31:44.422,19.66,-0.35,175.61,180.88,2,0
2026-06-12 20:31:44.471,19.42,-0.50,173.05,178.53,2,0
2026-06-12 20:31:44.525,19.42,-0.42,174.58,176.36,2,0
2026-06-12 20:31:44.572,19.56,-0.25,176.34,176.35,2,0
2026-06-12 20:31:44.622,19.67,-0.02,180.48,177.59,2,0
2026-06-12 20:31:44.672,19.79,0.08,181.16,178.66,2,0
2026-06-12 20:31:44.723,19.80,0.02,182.28,179.75,2,0
2026-06-12 20:31:44.773,19.76,-0.01,178.90,179.80,2,0
2026-06-12 20:31:44.824,19.76,-0.01,178.67,179.46,2,0
2026-06-12 20:31:44.874,19.84,0.12,179.42,179.45,2,0
2026-06-12 20:31:44.925,20.22,0.53,181.74,180.13,2,0
2026-06-12 20:31:44.975,20.42,0.61,187.47,183.61,2,0
2026-06-12 20:31:45.028,20.60,0.83,189.61,185.41,2,0
2026-06-12 20:31:45.076,20.69,0.77,190.97,187.08,2,0
2026-06-12 20:31:45.128,20.89,0.79,189.68,187.86,2,0
2026-06-12 20:31:45.176,20.99,0.76,191.64,189.71,2,0
2026-06-12 20:31:45.227,21.18,0.95,192.86,190.65,2,0
2026-06-12 20:31:45.277,24.49,4.88,196.36,192.36,2,0
2026-06-12 20:31:45.328,25.73,5.16,263.45,222.40,2,0
2026-06-12 20:31:45.378,26.61,5.85,259.96,233.67,2,0
2026-06-12 20:31:45.432,24.58,1.61,260.21,241.63,2,0
2026-06-12 20:31:45.479,23.77,0.70,197.00,223.21,2,0
2026-06-12 20:31:45.529,23.26,-0.25,198.74,215.87,2,0
2026-06-12 20:31:45.580,22.81,-0.64,200.44,211.24,2,0
2026-06-12 20:31:45.630,22.65,-0.80,204.07,207.15,2,0
2026-06-12 20:31:45.681,24.45,2.47,202.41,205.73,2,0
2026-06-12 20:31:45.731,25.98,3.37,264.07,222.05,2,0
2026-06-12 20:31:45.782,27.25,4.99,268.21,235.90,2,0
2026-06-12 20:31:45.832,25.50,1.31,274.54,247.49,2,0
2026-06-12 20:31:45.882,24.76,0.50,208.13,231.57,2,0
2026-06-12 20:31:45.933,24.21,-0.45,209.09,224.83,2,0
2026-06-12 20:31:45.983,23.44,-1.17,208.29,219.87,2,0
2026-06-12 20:31:46.033,23.25,-1.30,206.25,212.83,2,0
2026-06-12 20:31:46.084,23.31,-0.79,207.26,211.16,2,0
2026-06-12 20:31:46.134,23.41,-0.60,214.02,211.69,2,0
2026-06-12 20:31:46.185,23.45,-0.38,214.59,212.56,2,0
2026-06-12 20:31:46.235,23.45,-0.32,212.40,212.97,2,0
2026-06-12 20:31:46.287,23.55,-0.08,212.94,212.96,2,0
2026-06-12 20:31:46.337,23.73,0.09,215.54,213.87,2,0
2026-06-12 20:31:46.386,24.09,0.61,219.34,215.51,2,0
2026-06-12 20:31:46.437,24.24,0.65,222.88,218.72,2,0
2026-06-12 20:31:46.487,24.35,0.64,223.46,220.14,2,0
2026-06-12 20:31:46.538,24.37,0.56,222.37,221.17,2,0
2026-06-12 20:31:46.589,27.05,4.85,221.64,221.31,2,0
2026-06-12 20:31:46.638,29.12,5.85,301.30,245.62,2,0
2026-06-12 20:31:46.689,29.76,4.86,308.24,264.40,2,0
2026-06-12 20:31:46.739,28.40,2.99,253.29,270.22,2,0
2026-06-12 20:31:46.790,26.55,-0.59,229.10,257.88,2,0
2026-06-12 20:31:46.852,26.03,-0.93,224.46,241.14,2,0
2026-06-12 20:31:46.891,25.70,-1.16,225.33,236.40,2,0
2026-06-12 20:31:46.942,25.75,-0.90,232.10,233.39,2,0
2026-06-12 20:31:46.992,25.84,-0.57,234.95,233.86,2,0
2026-06-12 20:31:47.042,25.73,-0.60,234.99,234.66,2,0
2026-06-12 20:31:47.092,25.69,-0.53,231.95,233.62,2,0
2026-06-12 20:31:47.143,25.92,-0.03,232.64,233.33,2,0
2026-06-12 20:31:47.196,26.15,0.36,238.69,235.35,2,0
2026-06-12 20:31:47.243,26.42,0.54,242.37,237.46,2,0
2026-06-12 20:31:47.296,26.37,0.30,241.79,239.93,2,0
2026-06-12 20:31:47.344,26.35,0.24,238.50,239.43,2,0
2026-06-12 20:31:47.395,26.62,0.59,239.01,239.30,2,0
2026-06-12 20:31:47.445,26.89,0.84,245.52,241.72,2,0
2026-06-12 20:31:47.495,26.86,0.69,246.61,244.16,2,0
2026-06-12 20:31:47.547,26.75,0.33,243.26,243.89,2,0
2026-06-12 20:31:47.596,26.89,0.48,241.45,242.91,2,0
2026-06-12 20:31:47.647,27.03,0.52,247.37,244.23,2,0
2026-06-12 20:31:47.698,27.49,1.08,248.48,245.50,2,0
2026-06-12 20:31:47.748,27.53,0.83,254.00,249.67,2,0
2026-06-12 20:31:47.798,27.41,0.61,249.65,250.04,2,0
2026-06-12 20:31:47.848,27.36,0.37,246.30,248.92,2,0
2026-06-12 20:31:47.899,30.20,4.98,248.64,248.45,2,0
2026-06-12 20:31:47.949,32.09,5.81,332.61,274.27,2,0
2026-06-12 20:31:48.009,32.40,4.38,331.48,291.43,2,0
2026-06-12 20:31:48.060,29.88,-0.56,273.33,294.19,2,0
2026-06-12 20:31:48.106,29.33,-1.40,250.36,271.38,2,0
2026-06-12 20:31:48.152,29.24,-1.04,254.55,266.33,2,0
2026-06-12 20:31:48.202,29.02,-1.09,266.40,265.51,2,0
2026-06-12 20:31:48.253,28.61,-1.59,259.93,263.57,2,0
2026-06-12 20:31:48.302,27.52,-2.48,251.10,259.83,2,0
2026-06-12 20:31:48.352,26.79,-3.32,237.64,249.92,2,0
2026-06-12 20:31:48.403,25.36,-4.03,227.82,243.29,2,0
2026-06-12 20:31:48.453,25.12,-3.24,216.32,230.33,2,0
2026-06-12 20:31:48.504,25.67,-2.30,230.40,228.10,2,0
2026-06-12 20:31:48.554,27.02,0.40,244.95,233.15,2,0
2026-06-12 20:31:48.604,27.57,1.09,258.49,245.33,2,0
2026-06-12 20:31:48.655,27.72,1.19,254.38,250.33,2,0
2026-06-12 20:31:48.705,27.91,1.07,255.11,251.76,2,0
2026-06-12 20:31:48.756,27.93,0.80,255.15,253.44,2,0
2026-06-12 20:31:48.806,27.87,0.49,253.71,253.61,2,0
2026-06-12 20:31:48.856,27.88,0.42,252.38,253.08,2,0
2026-06-12 20:31:48.907,27.82,0.21,253.49,253.20,2,0
2026-06-12 20:31:48.957,27.56,-0.26,251.93,252.63,2,0
2026-06-12 20:31:49.008,27.31,-0.43,246.48,250.26,2,0
2026-06-12 20:31:49.058,27.26,-0.36,242.67,247.98,2,0
2026-06-12 20:31:49.109,27.59,0.24,248.50,247.58,2,0
2026-06-12 20:31:49.159,27.61,0.22,254.17,250.57,2,0
2026-06-12 20:31:49.209,27.55,0.06,251.14,250.74,2,0
2026-06-12 20:31:49.260,27.69,0.27,249.64,250.17,2,0
2026-06-12 20:31:49.310,27.83,0.46,253.40,251.50,2,0
2026-06-12 20:31:49.361,28.01,0.53,255.68,252.75,2,0
2026-06-12 20:31:49.412,27.91,0.21,255.85,254.38,2,0
2026-06-12 20:31:49.461,27.74,-0.11,251.43,253.48,2,0
2026-06-12 20:31:49.512,27.36,-0.50,248.24,251.91,2,0
2026-06-12 20:31:49.562,27.07,-0.81,244.97,248.45,2,0
2026-06-12 20:31:49.613,27.03,-0.74,243.44,245.78,2,0
2026-06-12 20:31:49.663,26.80,-0.82,244.67,245.45,2,0
2026-06-12 20:31:49.714,26.61,-1.00,240.72,243.36,2,0
2026-06-12 20:31:49.764,26.19,-1.20,237.56,241.62,2,0
2026-06-12 20:31:49.814,25.95,-1.24,233.86,237.85,2,0
2026-06-12 20:31:49.865,25.86,-1.13,233.40,235.62,2,0
2026-06-12 20:31:49.915,25.62,-1.20,232.94,234.81,2,0
2026-06-12 20:31:49.966,25.37,-1.22,229.24,232.62,2,0
2026-06-12 20:31:50.016,24.75,-1.85,225.24,230.41,2,0
2026-06-12 20:31:50.067,24.41,-1.85,217.44,224.72,2,0
2026-06-12 20:31:50.120,24.11,-2.07,214.63,221.70,2,0
2026-06-12 20:31:50.167,23.54,-2.17,212.62,218.97,2,0
2026-06-12 20:31:50.218,23.21,-2.11,207.87,213.77,2,0
2026-06-12 20:31:50.268,22.85,-2.40,203.92,210.81,2,0
2026-06-12 20:31:50.319,22.05,-2.70,199.71,207.48,2,0
2026-06-12 20:31:50.369,21.66,-2.62,191.36,200.26,2,0
2026-06-12 20:31:50.420,21.31,-2.52,188.53,196.74,2,0
2026-06-12 20:31:50.470,20.94,-2.75,185.90,193.49,2,0
2026-06-12 20:31:50.520,20.59,-2.63,182.34,190.15,2,0
2026-06-12 20:31:50.571,20.17,-2.58,179.72,187.02,2,0
2026-06-12 20:31:50.622,19.22,-2.98,174.25,183.19,2,0
2026-06-12 20:31:50.672,18.73,-2.94,164.73,174.57,2,0
2026-06-12 20:31:50.725,18.33,-2.83,159.60,170.08,2,0
2026-06-12 20:31:50.772,18.03,-2.65,157.86,166.41,2,0
2026-06-12 20:31:50.823,17.77,-2.47,157.33,163.69,2,0
2026-06-12 20:31:50.873,17.61,-2.23,156.03,161.39,2,0
2026-06-12 20:31:50.924,17.45,-2.03,156.58,159.95,2,0
2026-06-12 20:31:50.974,17.28,-1.87,155.07,158.48,2,0
2026-06-12 20:31:51.025,17.07,-1.75,153.22,156.90,2,0
2026-06-12 20:31:51.075,16.81,-1.71,150.66,155.03,2,0
2026-06-12 20:31:51.125,16.54,-1.67,147.09,152.65,2,0
2026-06-12 20:31:51.176,16.25,-1.66,144.48,150.20,2,0
2026-06-12 20:31:51.226,16.25,-1.66,141.56,147.61,2,0
2026-06-12 20:31:51.277,15.98,-1.56,141.56,147.61,2,0
2026-06-12 20:31:51.327,15.69,-1.57,139.25,145.10,2,0
2026-06-12 20:31:51.378,15.34,-1.62,136.49,142.52,2,0
2026-06-12 20:31:51.428,14.93,-1.61,131.76,139.29,2,0
2026-06-12 20:31:51.478,14.47,-1.75,126.90,135.57,2,0
2026-06-12 20:31:51.529,14.47,-1.75,121.60,131.38,2,0
2026-06-12 20:31:51.579,13.98,-1.75,121.60,131.38,2,0
2026-06-12 20:31:51.630,13.54,-1.74,116.64,126.96,2,0
2026-06-12 20:31:51.680,13.54,-1.74,113.47,122.91,2,0
2026-06-12 20:31:51.730,13.11,-1.71,113.47,122.91,2,0
2026-06-12 20:31:51.781,12.67,-1.69,109.95,119.02,2,0
2026-06-12 20:31:51.832,12.67,-1.69,105.85,115.07,2,0
2026-06-12 20:31:51.884,12.24,-1.68,105.85,115.07,2,0
2026-06-12 20:31:51.932,11.78,-1.68,101.96,111.14,2,0
2026-06-12 20:31:51.982,11.78,-1.68,97.28,106.98,2,0
2026-06-12 20:31:52.035,11.31,-1.69,97.28,106.98,2,0
2026-06-12 20:31:52.083,11.31,-1.69,92.67,102.69,2,0
2026-06-12 20:31:52.134,10.84,-1.63,92.67,102.69,2,0
2026-06-12 20:31:52.184,10.84,-1.63,88.43,98.41,2,0
2026-06-12 20:31:52.235,10.39,-1.57,88.43,98.41,2,0
2026-06-12 20:31:52.285,10.39,-1.57,84.76,94.32,2,0
2026-06-12 20:31:52.335,9.97,-1.51,84.76,94.32,2,0
2026-06-12 20:31:52.386,9.59,-1.49,81.66,90.52,2,0
2026-06-12 20:31:52.436,9.59,-1.49,79.05,87.08,2,0
2026-06-12 20:31:52.487,9.59,-1.49,79.05,87.08,2,0
2026-06-12 20:31:52.537,9.22,-1.39,79.05,87.08,2,0
2026-06-12 20:31:52.589,9.22,-1.39,76.00,83.76,2,0
2026-06-12 20:31:52.638,8.86,-1.33,76.00,83.76,2,0
2026-06-12 20:31:52.688,8.86,-1.33,72.66,80.43,2,0
2026-06-12 20:31:52.739,8.46,-1.26,72.66,80.43,2,0
2026-06-12 20:31:52.789,8.46,-1.26,68.35,76.80,2,0
2026-06-12 20:31:52.840,8.46,-1.26,68.35,76.80,2,0
2026-06-12 20:31:52.892,7.99,-1.23,68.35,76.80,2,0
2026-06-12 20:31:52.941,7.99,-1.23,62.55,72.53,2,0
2026-06-12 20:31:52.992,7.99,-1.23,62.55,72.53,2,0
2026-06-12 20:31:53.042,7.99,-1.23,62.55,72.53,2,0
2026-06-12 20:31:53.092,7.39,-1.17,62.55,72.53,2,0
2026-06-12 20:31:53.142,7.39,-1.17,54.40,67.09,2,0
2026-06-12 20:31:53.193,7.39,-1.17,54.40,67.09,2,0
2026-06-12 20:31:53.243,7.39,-1.17,54.40,67.09,2,0
2026-06-12 20:31:53.294,7.39,-1.17,54.40,67.09,2,0
2026-06-12 20:31:53.344,7.39,-1.17,54.40,67.09,2,0
2026-06-12 20:31:53.394,7.39,-1.17,54.40,67.09,2,0
2026-06-12 20:31:53.445,6.40,-1.11,54.40,67.09,2,0
2026-06-12 20:31:53.495,6.40,-1.11,37.14,58.10,2,0
2026-06-12 20:31:53.546,6.40,-1.11,37.14,58.10,2,0
2026-06-12 20:31:53.596,6.40,-1.11,37.14,58.10,2,0
2026-06-12 20:31:53.646,6.40,-1.11,37.14,58.10,2,0
2026-06-12 20:31:53.697,6.40,-1.11,37.14,58.10,2,0
2026-06-12 20:31:53.747,6.40,-1.11,37.14,58.10,2,0
2026-06-12 20:31:53.798,6.40,-1.11,37.14,58.10,2,0
2026-06-12 20:31:53.848,6.40,-1.11,37.14,58.10,2,0
2026-06-12 20:31:53.899,6.40,-1.11,37.14,58.10,2,0
2026-06-12 20:31:53.949,6.40,-1.11,37.14,58.10,2,0
2026-06-12 20:31:53.999,6.40,-1.11,37.14,58.10,2,0
2026-06-12 20:31:54.050,6.40,-1.11,37.14,58.10,2,0
2026-06-12 20:31:54.100,6.40,-1.11,37.14,58.10,2,0
2026-06-12 20:31:54.151,6.40,-1.11,37.14,58.10,2,0
2026-06-12 20:31:54.202,6.40,-1.11,37.14,58.10,2,0
2026-06-12 20:31:54.252,6.40,-1.11,37.14,58.10,2,0
2026-06-12 20:31:54.302,6.40,-1.11,37.14,58.10,2,0
2026-06-12 20:31:54.352,6.40,-1.11,37.14,58.10,2,0
2026-06-12 20:31:54.403,6.40,-1.11,37.14,58.10,2,0
2026-06-12 20:31:54.453,6.40,-1.11,37.14,58.10,2,0
2026-06-12 20:31:54.504,6.40,-1.11,37.14,58.10,2,0
2026-06-12 20:31:54.564,6.40,-1.11,37.14,58.10,2,0
2026-06-12 20:31:54.604,6.40,-1.11,37.14,58.10,2,0
2026-06-12 20:31:54.655,6.40,-1.11,37.14,58.10,2,0
2026-06-12 20:31:54.705,6.40,-1.11,37.14,58.10,2,0
2026-06-12 20:31:54.756,6.40,-1.11,37.14,58.10,2,0
2026-06-12 20:31:54.807,6.40,-1.11,37.14,58.10,2,0
2026-06-12 20:31:54.857,6.40,-1.11,37.14,58.10,2,0
2026-06-12 20:31:54.907,6.40,-1.11,37.14,58.10,2,0
2026-06-12 20:31:54.957,6.40,-1.11,37.14,58.10,2,0
2026-06-12 20:31:55.008,6.40,-1.11,37.14,58.10,2,0
2026-06-12 20:31:55.058,6.40,-1.11,37.14,58.10,2,0
2026-06-12 20:31:55.109,6.40,-1.11,37.14,58.10,2,0
2026-06-12 20:31:55.164,6.40,-1.11,37.14,58.10,2,0
2026-06-12 20:31:55.209,6.40,-1.11,37.14,58.10,2,0
2026-06-12 20:31:55.260,6.40,-1.11,37.14,58.10,2,0
2026-06-12 20:31:55.311,6.40,-1.11,37.14,58.10,2,0
2026-06-12 20:31:55.361,6.40,-1.11,37.14,58.10,2,0
2026-06-12 20:31:55.411,0.00,0.00,37.14,58.10,2,0
2026-06-12 20:31:55.462,0.00,0.00,0.00,0.00,2,0
2026-06-12 20:31:55.512,0.00,0.00,0.00,0.00,2,0
2026-06-12 20:31:55.562,0.00,0.00,0.00,0.00,2,0
2026-06-12 20:31:55.613,0.00,0.00,0.00,0.00,2,0
2026-06-12 20:31:55.663,0.00,0.00,0.00,0.00,2,0
2026-06-12 20:31:55.713,0.00,0.00,0.00,0.00,2,0
2026-06-12 20:31:55.764,0.00,0.00,0.00,0.00,2,0
2026-06-12 20:31:55.814,0.00,0.00,0.00,0.00,2,0
2026-06-12 20:31:55.865,0.00,0.00,0.00,0.00,2,0
2026-06-12 20:31:55.915,0.00,0.00,0.00,0.00,2,0
2026-06-12 20:31:55.965,0.00,0.00,0.00,0.00,2,0
2026-06-12 20:31:56.016,0.00,0.00,0.00,0.00,2,0
2026-06-12 20:31:56.066,0.00,0.00,0.00,0.00,2,0
2026-06-12 20:31:56.117,0.00,0.00,0.00,0.00,2,0
2026-06-12 20:31:56.167,0.00,0.00,0.00,0.00,2,0
2026-06-12 20:31:56.220,0.00,0.00,0.00,0.00,2,0
2026-06-12 20:31:56.272,0.00,0.00,0.00,0.00,2,0
2026-06-12 20:31:56.328,0.00,0.00,0.00,0.00,2,0
2026-06-12 20:31:56.370,0.00,0.00,0.00,0.00,2,0
2026-06-12 20:31:56.419,0.00,0.00,0.00,0.00,2,0
2026-06-12 20:31:56.472,0.00,0.00,0.00,0.00,2,0
2026-06-12 20:31:56.523,0.00,0.00,0.00,0.00,2,0
2026-06-12 20:31:56.572,0.00,0.00,0.00,0.00,2,0
2026-06-12 20:31:56.621,0.00,0.00,0.00,0.00,2,0
2026-06-12 20:31:56.671,0.00,0.00,0.00,0.00,2,0
2026-06-12 20:31:56.736,0.00,0.00,0.00,0.00,2,0
2026-06-12 20:31:56.772,0.00,0.00,0.00,0.00,2,0
2026-06-12 20:31:56.828,0.00,0.00,0.00,0.00,2,0
2026-06-12 20:31:56.873,0.00,0.00,0.00,0.00,2,0
2026-06-12 20:31:56.923,0.00,0.00,0.00,0.00,2,0
2026-06-12 20:31:56.973,0.00,0.00,0.00,0.00,2,0
2026-06-12 20:31:57.024,0.00,0.00,0.00,0.00,2,0
2026-06-12 20:31:57.074,0.00,0.00,0.00,0.00,2,0
2026-06-12 20:31:57.125,0.00,0.00,0.00,0.00,2,0
2026-06-12 20:31:57.175,0.00,0.00,0.00,0.00,2,0
2026-06-12 20:31:57.225,0.00,0.00,0.00,0.00,2,0
2026-06-12 20:31:57.276,0.00,0.00,0.00,0.00,2,0
2026-06-12 20:31:57.326,0.00,0.00,0.00,0.00,2,0
2026-06-12 20:31:57.377,0.00,0.00,0.00,0.00,2,0
2026-06-12 20:31:57.427,0.00,0.00,0.00,0.00,2,0
2026-06-12 20:31:57.477,0.00,0.00,0.00,0.00,2,0
2026-06-12 20:31:57.528,0.00,0.00,0.00,0.00,2,0
2026-06-12 20:31:57.578,0.00,0.00,0.00,0.00,2,0
2026-06-12 20:31:57.629,0.00,0.00,0.00,0.00,2,0
2026-06-12 20:31:57.679,0.00,0.00,0.00,0.00,2,0
2026-06-12 20:31:57.729,0.00,0.00,0.00,0.00,2,0
2026-06-12 20:31:57.782,0.00,0.00,0.00,0.00,2,0
2026-06-12 20:31:57.830,0.00,0.00,0.00,0.00,1,0
2026-06-12 20:31:57.881,0.00,0.00,0.00,0.00,1,0
2026-06-12 20:31:57.932,0.00,0.00,0.00,0.00,1,0
2026-06-12 20:31:57.981,0.00,0.00,0.00,0.00,1,0
2026-06-12 20:31:58.032,0.00,0.00,0.00,0.00,1,0
2026-06-12 20:31:58.082,0.00,0.00,0.00,0.00,1,0
2026-06-12 20:31:58.133,0.00,0.00,0.00,0.00,1,0
2026-06-12 20:31:58.183,0.00,0.00,0.00,0.00,1,0
2026-06-12 20:31:58.233,0.00,0.00,0.00,0.00,1,0
2026-06-12 20:31:58.284,0.00,0.00,0.00,0.00,1,0
2026-06-12 20:31:58.334,0.00,0.00,0.00,0.00,1,0
2026-06-12 20:31:58.385,0.00,0.00,0.00,0.00,1,0
2026-06-12 20:31:58.435,0.00,0.00,0.00,0.00,1,0
2026-06-12 20:31:58.486,0.00,0.00,0.00,0.00,1,0
2026-06-12 20:31:58.536,0.00,0.00,0.00,0.00,1,0
2026-06-12 20:31:58.586,0.00,0.00,0.00,0.00,1,0
2026-06-12 20:31:58.637,0.00,0.00,0.00,0.00,1,0
2026-06-12 20:31:58.687,0.00,0.00,0.00,0.00,1,0
2026-06-12 20:31:58.738,0.00,0.00,0.00,0.00,1,0
2026-06-12 20:31:58.790,0.00,0.00,0.00,0.00,1,0
2026-06-12 20:31:58.838,0.00,0.00,0.00,0.00,1,0
2026-06-12 20:31:58.889,0.00,0.00,0.00,0.00,1,0
2026-06-12 20:31:58.940,0.00,0.00,0.00,0.00,1,0
2026-06-12 20:31:58.992,0.00,0.00,0.00,0.00,1,0
2026-06-12 20:31:59.043,0.00,0.00,0.00,0.00,1,0
2026-06-12 20:31:59.090,0.00,0.00,0.00,0.00,1,0
2026-06-12 20:31:59.141,0.00,0.00,0.00,0.00,1,0
2026-06-12 20:31:59.192,0.00,0.00,0.00,0.00,1,0
2026-06-12 20:31:59.241,0.00,0.00,0.00,0.00,1,0
2026-06-12 20:31:59.292,0.00,0.00,0.00,0.00,1,0
2026-06-12 20:31:59.342,0.00,0.00,0.00,0.00,1,0
2026-06-12 20:31:59.393,0.00,0.00,0.00,0.00,1,0
2026-06-12 20:31:59.443,0.00,0.00,0.00,0.00,1,0
2026-06-12 20:31:59.493,0.00,0.00,0.00,0.00,1,0
2026-06-12 20:31:59.544,0.00,0.00,0.00,0.00,1,0
2026-06-12 20:31:59.594,0.00,0.00,0.00,0.00,1,0
2026-06-12 20:31:59.645,0.00,0.00,0.00,0.00,1,0
2026-06-12 20:31:59.695,0.00,0.00,0.00,0.00,1,0
2026-06-12 20:31:59.746,0.00,0.00,0.00,0.00,1,0
2026-06-12 20:31:59.797,0.00,0.00,0.00,0.00,1,0
2026-06-12 20:31:59.846,0.00,0.00,0.00,0.00,1,0
2026-06-12 20:31:59.897,0.00,0.00,0.00,0.00,1,0
2026-06-12 20:31:59.947,0.00,0.00,0.00,0.00,1,0
2026-06-12 20:31:59.997,0.00,0.00,0.00,0.00,1,0
2026-06-12 20:32:00.048,0.00,0.00,0.00,0.00,1,0
2026-06-12 20:32:00.098,0.00,0.00,0.00,0.00,1,0
2026-06-12 20:32:00.149,0.00,0.00,0.00,0.00,1,0
2026-06-12 20:32:00.199,0.00,0.00,0.00,0.00,1,0
2026-06-12 20:32:00.249,0.00,0.00,0.00,0.00,1,0
2026-06-12 20:32:00.300,0.00,0.00,0.00,0.00,1,0
2026-06-12 20:32:00.350,0.00,0.00,0.00,0.00,1,0
2026-06-12 20:32:00.401,0.00,0.00,0.00,0.00,1,0
2026-06-12 20:32:00.452,0.00,0.00,0.00,0.00,1,0
2026-06-12 20:32:00.501,0.00,0.00,0.00,0.00,1,0
2026-06-12 20:32:00.552,0.00,0.00,0.00,0.00,1,0
2026-06-12 20:32:00.602,0.00,0.00,0.00,0.00,1,0
2026-06-12 20:32:00.653,0.00,0.00,0.00,0.00,1,0
2026-06-12 20:32:00.703,0.00,0.00,0.00,0.00,1,0
2026-06-12 20:32:00.753,0.00,0.00,0.00,0.00,1,0
2026-06-12 20:32:00.804,0.00,0.00,0.00,0.00,1,0
2026-06-12 20:32:00.854,0.00,0.00,0.00,0.00,1,0
2026-06-12 20:32:00.905,0.00,0.00,0.00,0.00,0,0
2026-06-12 20:32:00.955,0.00,0.00,0.00,0.00,0,0
2026-06-12 20:32:01.005,0.00,0.00,0.00,0.00,0,0
2026-06-12 20:32:01.056,0.00,0.00,0.00,0.00,0,0
2026-06-12 20:32:01.106,0.00,0.00,0.00,0.00,0,0
2026-06-12 20:32:01.157,0.00,0.00,0.00,0.00,0,0
2026-06-12 20:32:01.207,0.00,0.00,0.00,0.00,0,0
2026-06-12 20:32:01.257,0.00,0.00,0.00,0.00,0,0
2026-06-12 20:32:01.308,0.00,0.00,0.00,0.00,0,0
2026-06-12 20:32:01.358,0.00,0.00,0.00,0.00,0,0
2026-06-12 20:32:01.409,0.00,0.00,0.00,0.00,0,0
2026-06-12 20:32:01.459,0.00,0.00,0.00,0.00,0,0
2026-06-12 20:32:01.510,0.00,0.00,0.00,0.00,0,0
2026-06-12 20:32:01.560,0.00,0.00,0.00,0.00,0,0
2026-06-12 20:32:01.612,0.00,0.00,0.00,0.00,0,0
2026-06-12 20:32:01.661,0.00,0.00,0.00,0.00,0,0
2026-06-12 20:32:01.711,0.00,0.00,0.00,0.00,0,0
2026-06-12 20:32:01.764,0.00,0.00,0.00,0.00,0,0
2026-06-12 20:32:01.812,0.00,0.00,0.00,0.00,0,0
2026-06-12 20:32:01.862,0.00,0.00,0.00,0.00,0,0
2026-06-12 20:32:01.913,0.00,0.00,0.00,0.00,0,0
2026-06-12 20:32:01.963,0.00,0.00,0.00,0.00,0,0
2026-06-12 20:32:02.013,0.00,0.00,0.00,0.00,0,0
2026-06-12 20:32:02.064,0.00,0.00,0.00,0.00,0,0
2026-06-12 20:32:02.115,0.00,0.00,0.00,0.00,0,0
2026-06-12 20:32:02.165,0.00,0.00,0.00,0.00,0,0
2026-06-12 20:32:02.215,0.00,0.00,0.00,0.00,0,0
2026-06-12 20:32:02.266,0.00,0.00,0.00,0.00,0,0
2026-06-12 20:32:02.316,0.00,0.00,0.00,0.00,0,0
2026-06-12 20:32:02.366,0.00,0.00,0.00,0.00,0,0
2026-06-12 20:32:02.416,0.00,0.00,0.00,0.00,0,0
2026-06-12 20:32:02.467,0.00,0.00,0.00,0.00,0,0
2026-06-12 20:32:02.518,0.00,0.00,0.00,0.00,0,0
2026-06-12 20:32:02.568,0.00,0.00,0.00,0.00,0,0
2026-06-12 20:32:02.618,0.00,0.00,0.00,0.00,0,0
2026-06-12 20:32:02.669,0.00,0.00,0.00,0.00,0,0
2026-06-12 20:32:02.719,0.00,0.00,0.00,0.00,0,0
2026-06-12 20:32:02.769,0.00,0.00,0.00,0.00,0,0
2026-06-12 20:32:02.820,0.00,0.00,0.00,0.00,0,0
2026-06-12 20:32:02.870,0.00,0.00,0.00,0.00,0,0
2026-06-12 20:32:02.921,0.00,0.00,0.00,0.00,2,0
2026-06-12 20:32:02.971,0.00,0.00,0.00,0.00,2,0
2026-06-12 20:32:03.022,0.00,0.00,0.00,0.00,2,0
2026-06-12 20:32:03.072,0.00,0.00,0.00,0.00,2,0
2026-06-12 20:32:03.122,0.00,0.00,0.00,0.00,2,0
2026-06-12 20:32:03.173,0.00,0.00,0.00,0.00,2,0
2026-06-12 20:32:03.224,0.00,0.00,0.00,0.00,2,0
2026-06-12 20:32:03.273,0.00,0.00,0.00,0.00,2,0
2026-06-12 20:32:03.324,0.00,0.00,0.00,0.00,2,0
2026-06-12 20:32:03.374,0.00,0.00,0.00,0.00,2,0
2026-06-12 20:32:03.425,0.00,0.00,0.00,0.00,2,0
2026-06-12 20:32:03.475,0.00,0.00,0.00,0.00,2,0
2026-06-12 20:32:03.525,0.00,0.00,0.00,0.00,2,0
2026-06-12 20:32:03.576,0.00,0.00,0.00,0.00,2,0
2026-06-12 20:32:03.626,0.00,0.00,0.00,0.00,2,0
2026-06-12 20:32:03.677,0.00,0.00,0.00,0.00,2,0
2026-06-12 20:32:03.727,0.00,0.00,0.00,0.00,2,0
2026-06-12 20:32:03.778,0.00,0.00,0.00,0.00,2,0
2026-06-12 20:32:03.828,0.00,0.00,0.00,0.00,2,0
2026-06-12 20:32:03.878,0.00,0.00,0.00,0.00,2,0
2026-06-12 20:32:03.932,0.00,0.00,0.00,0.00,2,0
2026-06-12 20:32:03.979,0.00,0.00,0.00,0.00,2,0
2026-06-12 20:32:04.029,0.00,0.00,0.00,0.00,2,0
2026-06-12 20:32:04.080,0.00,0.00,0.00,0.00,2,0
2026-06-12 20:32:04.130,0.00,0.00,0.00,0.00,2,0
2026-06-12 20:32:04.184,0.00,0.00,0.00,0.00,2,0
2026-06-12 20:32:04.232,0.00,0.00,0.00,0.00,2,0
2026-06-12 20:32:04.281,0.00,0.00,0.00,0.00,2,0
2026-06-12 20:32:04.332,0.00,0.00,0.00,0.00,2,0
2026-06-12 20:32:04.382,0.00,0.00,0.00,0.00,2,0
2026-06-12 20:32:04.433,0.00,0.00,0.00,0.00,2,0
2026-06-12 20:32:04.483,0.00,0.00,0.00,0.00,2,0
2026-06-12 20:32:04.533,0.00,0.00,0.00,0.00,2,0
2026-06-12 20:32:04.584,0.00,0.00,0.00,0.00,2,0
2026-06-12 20:32:04.634,0.00,0.00,0.00,0.00,2,0
2026-06-12 20:32:04.685,0.00,0.00,0.00,0.00,2,0
2026-06-12 20:32:04.735,0.00,0.00,0.00,0.00,2,0
2026-06-12 20:32:04.785,0.00,0.00,0.00,0.00,2,0
2026-06-12 20:32:04.836,0.00,0.00,0.00,0.00,2,0
2026-06-12 20:32:04.886,0.00,0.00,0.00,0.00,2,0
2026-06-12 20:32:04.937,0.00,0.00,0.00,0.00,2,0
2026-06-12 20:32:04.987,0.00,0.00,0.00,0.00,2,0
2026-06-12 20:32:05.037,0.00,0.00,0.00,0.00,2,0
2026-06-12 20:32:05.088,0.00,0.00,0.00,0.00,2,0
2026-06-12 20:32:05.138,0.00,0.00,0.00,0.00,2,0
2026-06-12 20:32:05.189,0.00,0.00,0.00,0.00,2,0
2026-06-12 20:32:05.239,0.00,0.00,0.00,0.00,2,0
2026-06-12 20:32:05.289,0.00,0.00,0.00,0.00,2,0
2026-06-12 20:32:05.340,0.00,0.00,0.00,0.00,2,0
2026-06-12 20:32:05.390,0.00,0.00,0.00,0.00,2,0
2026-06-12 20:32:05.441,0.00,0.00,0.00,0.00,2,0
2026-06-12 20:32:05.492,0.00,0.00,0.00,0.00,2,0
2026-06-12 20:32:05.541,0.00,0.00,0.00,0.00,2,0
2026-06-12 20:32:05.592,0.00,0.00,0.00,0.00,2,0
2026-06-12 20:32:05.642,0.00,0.00,0.00,0.00,2,0
2026-06-12 20:32:05.693,0.00,0.00,0.00,0.00,2,0
2026-06-12 20:32:05.743,0.00,0.00,0.00,0.00,2,0
2026-06-12 20:32:05.793,0.00,0.00,0.00,0.00,2,0
2026-06-12 20:32:05.844,0.00,0.00,0.00,0.00,2,0
2026-06-12 20:32:05.894,0.00,0.00,0.00,0.00,2,0
2026-06-12 20:32:05.945,0.00,0.00,0.00,0.00,2,0
2026-06-12 20:32:05.995,0.00,0.00,0.00,0.00,2,0
2026-06-12 20:32:06.045,0.00,0.00,0.00,0.00,2,0
2026-06-12 20:32:06.096,0.00,0.00,0.00,0.00,2,0
2026-06-12 20:32:06.146,0.00,0.00,0.00,0.00,2,0
2026-06-12 20:32:06.197,0.00,0.00,0.00,0.00,2,0
2026-06-12 20:32:06.247,0.00,0.00,0.00,0.00,2,0
2026-06-12 20:32:06.297,0.00,0.00,0.00,0.00,2,0
2026-06-12 20:32:06.348,0.00,0.00,0.00,0.00,2,0
2026-06-12 20:32:06.398,0.00,0.00,0.00,0.00,2,0
2026-06-12 20:32:06.448,0.00,0.00,0.00,0.00,2,0
2026-06-12 20:32:06.499,0.00,0.00,0.00,0.00,2,0
2026-06-12 20:32:06.549,0.00,0.00,0.00,0.00,2,0
2026-06-12 20:32:06.600,0.00,0.00,0.00,0.00,2,0
2026-06-12 20:32:06.650,0.00,0.00,0.00,0.00,2,0
2026-06-12 20:32:06.702,0.00,0.00,0.00,0.00,2,0
2026-06-12 20:32:06.751,0.00,0.00,0.00,0.00,2,0
2026-06-12 20:32:06.801,0.00,0.00,0.00,0.00,2,0
2026-06-12 20:32:06.852,0.00,0.00,0.00,0.00,2,0
2026-06-12 20:32:06.902,0.00,0.00,0.00,0.00,2,0
2026-06-12 20:32:06.953,0.00,0.00,0.00,0.00,2,0
2026-06-12 20:32:07.003,0.00,0.00,0.00,0.00,2,0
2026-06-12 20:32:07.053,0.00,0.00,0.00,0.00,2,0
2026-06-12 20:32:07.104,0.00,0.00,0.00,0.00,2,0
2026-06-12 20:32:07.154,0.00,0.00,0.00,0.00,2,0
2026-06-12 20:32:07.204,0.00,0.00,0.00,0.00,2,0
2026-06-12 20:32:07.255,0.00,0.00,0.00,0.00,2,0
2026-06-12 20:32:07.305,0.00,0.00,0.00,0.00,2,0
2026-06-12 20:32:07.356,0.00,0.00,0.00,0.00,2,0
2026-06-12 20:32:07.406,0.00,0.00,0.00,0.00,2,0
2026-06-12 20:32:07.457,0.00,0.00,0.00,0.00,2,0
2026-06-12 20:32:07.507,0.00,0.00,0.00,0.00,2,0
2026-06-12 20:32:07.557,0.00,0.00,0.00,0.00,2,0
2026-06-12 20:32:07.608,0.00,0.00,0.00,0.00,2,0
2026-06-12 20:32:07.658,0.00,0.00,0.00,0.00,2,0
2026-06-12 20:32:07.709,0.00,0.00,0.00,0.00,2,0
2026-06-12 20:32:07.759,0.00,0.00,0.00,0.00,2,0
2026-06-12 20:32:07.809,0.00,0.00,0.00,0.00,2,0
2026-06-12 20:32:07.860,0.00,0.00,0.00,0.00,2,0
2026-06-12 20:32:07.910,0.00,0.00,0.00,0.00,2,0
2026-06-12 20:32:07.960,0.00,0.00,0.00,0.00,2,0
2026-06-12 20:32:08.011,0.00,0.00,0.00,0.00,2,0
2026-06-12 20:32:08.061,0.00,0.00,0.00,0.00,2,0
2026-06-12 20:32:08.112,0.00,0.00,0.00,0.00,2,0
2026-06-12 20:32:08.162,0.00,0.00,0.00,0.00,2,0
2026-06-12 20:32:08.212,0.00,0.00,0.00,0.00,1,0
2026-06-12 20:32:08.263,0.00,0.00,0.00,0.00,1,0
2026-06-12 20:32:08.313,0.00,0.00,0.00,0.00,1,0
2026-06-12 20:32:08.364,0.00,0.00,0.00,0.00,1,0
2026-06-12 20:32:08.420,0.00,0.00,0.00,0.00,1,0
2026-06-12 20:32:08.464,0.00,0.00,0.00,0.00,1,0
2026-06-12 20:32:08.515,0.00,0.00,0.00,0.00,1,0
2026-06-12 20:32:08.565,0.00,0.00,0.00,0.00,1,0
2026-06-12 20:32:08.616,0.00,0.00,0.00,0.00,1,0
2026-06-12 20:32:08.666,0.00,0.00,0.00,0.00,1,0
2026-06-12 20:32:08.716,0.00,0.00,0.00,0.00,1,0
2026-06-12 20:32:08.767,0.00,0.00,0.00,0.00,1,0
2026-06-12 20:32:08.817,0.00,0.00,0.00,0.00,1,0
2026-06-12 20:32:08.868,0.00,0.00,0.00,0.00,1,0
2026-06-12 20:32:08.918,0.00,0.00,0.00,0.00,1,0
2026-06-12 20:32:08.968,0.00,0.00,0.00,0.00,1,0
2026-06-12 20:32:09.019,0.00,0.00,0.00,0.00,1,0
2026-06-12 20:32:09.069,0.00,0.00,0.00,0.00,1,0
2026-06-12 20:32:09.120,0.00,0.00,0.00,0.00,1,0
2026-06-12 20:32:09.170,0.00,0.00,0.00,0.00,1,0
2026-06-12 20:32:09.220,0.00,0.00,0.00,0.00,1,0
2026-06-12 20:32:09.272,0.00,0.00,0.00,0.00,1,0
2026-06-12 20:32:09.321,0.00,0.00,0.00,0.00,1,0
2026-06-12 20:32:09.372,0.00,0.00,0.00,0.00,1,0
2026-06-12 20:32:09.423,0.00,0.00,0.00,0.00,1,0
2026-06-12 20:32:09.472,0.00,0.00,0.00,0.00,1,0
2026-06-12 20:32:09.523,0.00,0.00,0.00,0.00,1,0
2026-06-12 20:32:09.573,0.00,0.00,0.00,0.00,1,0
2026-06-12 20:32:09.624,0.00,0.00,0.00,0.00,1,0
2026-06-12 20:32:09.674,0.00,0.00,0.00,0.00,1,0
2026-06-12 20:32:09.724,0.00,0.00,0.00,0.00,1,0
2026-06-12 20:32:09.775,0.00,0.00,0.00,0.00,1,0
2026-06-12 20:32:09.825,0.00,0.00,0.00,0.00,1,0
2026-06-12 20:32:09.876,0.00,0.00,0.00,0.00,1,0
2026-06-12 20:32:09.926,0.00,0.00,0.00,0.00,1,0
2026-06-12 20:32:09.976,0.00,0.00,0.00,0.00,1,0
2026-06-12 20:32:10.027,0.00,0.00,0.00,0.00,1,0
2026-06-12 20:32:10.077,0.00,0.00,0.00,0.00,1,0
2026-06-12 20:32:10.128,0.00,0.00,0.00,0.00,1,0
2026-06-12 20:32:10.178,0.00,0.00,0.00,0.00,1,0
2026-06-12 20:32:10.228,0.00,0.00,0.00,0.00,1,0
2026-06-12 20:32:10.279,0.00,0.00,0.00,0.00,1,0
2026-06-12 20:32:10.329,0.00,0.00,0.00,0.00,1,0
2026-06-12 20:32:10.380,0.00,0.00,0.00,0.00,1,0
2026-06-12 20:32:10.430,0.00,0.00,0.00,0.00,1,0
2026-06-12 20:32:10.480,0.00,0.00,0.00,0.00,1,0
2026-06-12 20:32:10.532,0.00,0.00,0.00,0.00,1,0
2026-06-12 20:32:10.582,0.00,0.00,0.00,0.00,1,0
2026-06-12 20:32:10.632,0.00,0.00,0.00,0.00,1,0
2026-06-12 20:32:10.682,0.00,0.00,0.00,0.00,1,0
2026-06-12 20:32:10.732,0.00,0.00,0.00,0.00,1,0
2026-06-12 20:32:10.783,0.00,0.00,0.00,0.00,1,0
2026-06-12 20:32:10.833,0.00,0.00,0.00,0.00,1,0
2026-06-12 20:32:10.884,0.00,0.00,0.00,0.00,1,0
2026-06-12 20:32:10.934,0.00,0.00,0.00,0.00,1,0
2026-06-12 20:32:10.984,0.00,0.00,0.00,0.00,1,0
2026-06-12 20:32:11.035,0.00,0.00,0.00,0.00,1,0
2026-06-12 20:32:11.085,0.00,0.00,0.00,0.00,1,0
2026-06-12 20:32:11.136,0.00,0.00,0.00,0.00,1,0
2026-06-12 20:32:11.186,0.00,0.00,0.00,0.00,1,0
2026-06-12 20:32:11.236,0.00,0.00,0.00,0.00,1,0
2026-06-12 20:32:11.287,0.00,0.00,0.00,0.00,0,0
2026-06-12 20:32:11.337,0.00,0.00,0.00,0.00,0,0
2026-06-12 20:32:11.388,0.00,0.00,0.00,0.00,0,0
2026-06-12 20:32:11.439,0.00,0.00,0.00,0.00,0,0
2026-06-12 20:32:11.488,0.00,0.00,0.00,0.00,0,0
2026-06-12 20:32:11.539,0.00,0.00,0.00,0.00,0,0
2026-06-12 20:32:11.589,0.00,0.00,0.00,0.00,0,0
2026-06-12 20:32:11.640,0.00,0.00,0.00,0.00,0,0
2026-06-12 20:32:11.690,0.00,0.00,0.00,0.00,0,0
2026-06-12 20:32:11.740,0.00,0.00,0.00,0.00,0,0
2026-06-12 20:32:11.792,0.00,0.00,0.00,0.00,0,0
2026-06-12 20:32:11.841,0.00,0.00,0.00,0.00,0,0
2026-06-12 20:32:11.892,0.00,0.00,0.00,0.00,0,0
2026-06-12 20:32:11.944,0.00,0.00,0.00,0.00,0,0
2026-06-12 20:32:11.992,0.00,0.00,0.00,0.00,0,0
2026-06-12 20:32:12.043,0.00,0.00,0.00,0.00,0,0
2026-06-12 20:32:12.093,0.00,0.00,0.00,0.00,0,0
2026-06-12 20:32:12.144,0.00,0.00,0.00,0.00,0,0
2026-06-12 20:32:12.194,0.00,0.00,0.00,0.00,0,0
2026-06-12 20:32:12.244,0.00,0.00,0.00,0.00,0,0
2026-06-12 20:32:12.295,0.00,0.00,0.00,0.00,0,0
2026-06-12 20:32:12.345,0.00,0.00,0.00,0.00,0,0
2026-06-12 20:32:12.396,0.00,0.00,0.00,0.00,0,0
2026-06-12 20:32:12.446,0.00,0.00,0.00,0.00,0,0
2026-06-12 20:32:12.496,0.00,0.00,0.00,0.00,0,0
2026-06-12 20:32:12.547,0.00,0.00,0.00,0.00,0,0
2026-06-12 20:32:12.597,0.00,0.00,0.00,0.00,0,0
2026-06-12 20:32:12.648,0.00,0.00,0.00,0.00,0,0
2026-06-12 20:32:12.698,0.00,0.00,0.00,0.00,0,0
2026-06-12 20:32:12.748,0.00,0.00,0.00,0.00,0,0
2026-06-12 20:32:12.799,0.00,0.00,0.00,0.00,0,0
2026-06-12 20:32:12.849,0.00,0.00,0.00,0.00,0,0
2026-06-12 20:32:12.900,0.00,0.00,0.00,0.00,0,0
2026-06-12 20:32:12.951,0.00,0.00,0.00,0.00,0,0
2026-06-12 20:32:13.000,0.00,0.00,0.00,0.00,0,0
2026-06-12 20:32:13.052,0.00,0.00,0.00,0.00,0,0
2026-06-12 20:32:13.101,0.00,0.00,0.00,0.00,0,0
2026-06-12 20:32:13.152,0.00,0.00,0.00,0.00,0,0
2026-06-12 20:32:13.202,0.00,0.00,0.00,0.00,0,0
2026-06-12 20:32:13.253,0.00,0.00,0.00,0.00,0,0
2026-06-12 20:32:13.303,0.05,0.00,0.00,0.00,2,0
2026-06-12 20:32:13.353,0.05,0.00,1.46,0.44,2,0
2026-06-12 20:32:13.404,0.05,0.00,1.46,0.44,2,0
2026-06-12 20:32:13.454,0.05,0.00,1.46,0.44,2,0
2026-06-12 20:32:13.504,0.08,0.01,1.46,0.44,2,0
2026-06-12 20:32:13.555,0.08,0.01,1.45,0.74,2,0
2026-06-12 20:32:13.605,0.08,0.01,1.45,0.74,2,0
2026-06-12 20:32:13.656,0.08,0.01,1.45,0.74,2,0
2026-06-12 20:32:13.706,0.11,0.01,1.45,0.74,2,0
2026-06-12 20:32:13.756,0.11,0.01,1.46,0.96,2,0
2026-06-12 20:32:13.807,0.12,0.01,1.46,0.96,2,0
2026-06-12 20:32:13.857,0.12,0.01,1.47,1.11,2,0
2026-06-12 20:32:13.909,1.65,0.65,1.47,1.11,2,0
2026-06-12 20:32:13.958,1.65,0.65,47.40,15.00,2,0
2026-06-12 20:32:14.008,3.08,1.14,47.40,15.00,2,0
2026-06-12 20:32:14.059,3.08,1.14,58.24,27.97,2,0
2026-06-12 20:32:14.109,3.08,1.14,58.24,27.97,2,0
2026-06-12 20:32:14.160,5.90,3.76,58.24,27.97,2,0
2026-06-12 20:32:14.210,7.44,4.46,86.36,53.59,2,0
2026-06-12 20:32:14.260,7.44,4.46,100.25,67.59,2,0
2026-06-12 20:32:14.311,8.71,4.31,100.25,67.59,2,0
2026-06-12 20:32:14.361,8.71,4.31,106.03,79.12,2,0
2026-06-12 20:32:14.412,9.78,4.26,106.03,79.12,2,0
2026-06-12 20:32:14.462,9.78,4.26,111.31,88.78,2,0
2026-06-12 20:32:14.512,9.81,3.63,111.31,88.78,2,0
2026-06-12 20:32:14.563,9.70,3.03,89.87,89.10,2,0
2026-06-12 20:32:14.613,9.70,3.03,85.67,88.07,2,0
2026-06-12 20:32:14.664,9.68,2.56,85.67,88.07,2,0
2026-06-12 20:32:14.714,9.68,2.56,87.62,87.94,2,0
2026-06-12 20:32:14.765,9.71,2.19,87.62,87.94,2,0
2026-06-12 20:32:14.815,9.81,1.92,88.72,88.17,2,0
2026-06-12 20:32:14.865,9.81,1.92,91.17,89.07,2,0
2026-06-12 20:32:14.916,9.89,1.67,91.17,89.07,2,0
2026-06-12 20:32:14.966,9.99,1.48,91.55,89.82,2,0
2026-06-12 20:32:15.016,9.99,1.48,92.75,90.70,2,0
2026-06-12 20:32:15.067,10.12,1.33,92.75,90.70,2,0
2026-06-12 20:32:15.117,10.28,1.22,94.84,91.94,2,0
2026-06-12 20:32:15.168,10.28,1.22,96.77,93.39,2,0
2026-06-12 20:32:15.218,10.45,1.13,96.77,93.39,2,0
2026-06-12 20:32:15.269,12.16,3.04,98.37,94.88,2,0
2026-06-12 20:32:15.319,12.16,3.04,132.82,110.45,2,0
2026-06-12 20:32:15.376,12.95,3.01,132.82,110.45,2,0
2026-06-12 20:32:15.420,13.57,2.90,134.20,117.57,2,0
2026-06-12 20:32:15.470,13.57,2.90,136.48,123.25,2,0
2026-06-12 20:32:15.521,13.34,2.34,136.48,123.25,2,0
2026-06-12 20:32:15.571,12.82,1.56,116.28,121.15,2,0
2026-06-12 20:32:15.621,12.54,1.17,105.30,116.40,2,0
2026-06-12 20:32:15.672,12.54,1.17,107.86,113.84,2,0
2026-06-12 20:32:15.725,12.43,0.94,107.86,113.84,2,0
2026-06-12 20:32:15.772,12.46,0.82,110.65,112.88,2,0
2026-06-12 20:32:15.823,12.56,0.76,113.90,113.19,2,0
2026-06-12 20:32:15.873,12.68,0.74,116.19,114.09,2,0
2026-06-12 20:32:15.924,12.68,0.74,117.63,115.15,2,0
2026-06-12 20:32:15.974,12.82,0.71,117.63,115.15,2,0
2026-06-12 20:32:16.025,12.98,0.73,119.53,116.46,2,0
2026-06-12 20:32:16.075,13.17,0.77,121.26,117.90,2,0
2026-06-12 20:32:16.125,13.40,0.78,123.41,119.55,2,0
2026-06-12 20:32:16.176,13.66,0.88,126.54,121.65,2,0
2026-06-12 20:32:16.226,13.93,0.97,129.59,124.03,2,0
2026-06-12 20:32:16.277,14.18,1.04,132.13,126.46,2,0
2026-06-12 20:32:16.327,14.39,1.05,134.14,128.77,2,0
2026-06-12 20:32:16.377,14.39,1.05,135.04,130.65,2,0
2026-06-12 20:32:16.428,14.54,0.98,135.04,130.65,2,0
2026-06-12 20:32:16.478,14.71,0.97,135.35,132.06,2,0
2026-06-12 20:32:16.529,14.89,0.98,137.15,133.58,2,0
2026-06-12 20:32:16.579,15.12,1.02,139.07,135.23,2,0
2026-06-12 20:32:16.629,15.39,1.09,142.17,137.31,2,0
2026-06-12 20:32:16.680,15.66,1.14,145.45,139.75,2,0
2026-06-12 20:32:16.730,15.88,1.16,147.79,142.17,2,0
2026-06-12 20:32:16.783,16.06,1.13,149.09,144.24,2,0
2026-06-12 20:32:16.831,16.23,1.11,149.54,145.83,2,0
2026-06-12 20:32:16.882,16.62,1.30,151.13,147.42,2,0
2026-06-12 20:32:16.932,16.90,1.33,155.83,150.96,2,0
2026-06-12 20:32:16.982,17.18,1.36,159.36,153.48,2,0
2026-06-12 20:32:17.033,17.47,1.40,161.86,155.99,2,0
2026-06-12 20:32:17.083,17.78,1.70,164.94,158.68,2,0
2026-06-12 20:32:17.134,18.04,1.66,168.07,161.50,2,0
2026-06-12 20:32:17.184,18.20,1.55,169.31,163.84,2,0
2026-06-12 20:32:17.234,18.61,1.60,168.68,165.29,2,0
2026-06-12 20:32:17.285,18.86,1.57,173.33,168.96,2,0
2026-06-12 20:32:17.335,19.13,1.56,176.67,171.27,2,0
2026-06-12 20:32:17.385,19.34,1.67,179.52,173.75,2,0
2026-06-12 20:32:17.436,19.44,1.50,179.98,175.62,2,0
2026-06-12 20:32:17.486,19.57,1.26,178.77,176.56,2,0
2026-06-12 20:32:17.537,19.62,1.11,179.54,177.69,2,0
2026-06-12 20:32:17.587,22.57,5.42,179.16,178.13,2,0
2026-06-12 20:32:17.638,23.93,6.86,241.36,204.99,2,0
2026-06-12 20:32:17.688,24.20,4.43,245.98,217.29,2,0
2026-06-12 20:32:17.738,23.12,2.87,204.09,219.78,2,0
2026-06-12 20:32:17.789,22.32,1.78,187.13,209.98,2,0
2026-06-12 20:32:17.840,21.84,0.71,185.53,202.65,2,0
2026-06-12 20:32:17.890,21.41,0.10,188.14,198.30,2,0
2026-06-12 20:32:17.940,21.40,0.08,192.02,194.44,2,0
2026-06-12 20:32:17.990,21.35,-0.02,193.96,194.30,2,0
2026-06-12 20:32:18.041,21.50,0.16,192.84,193.86,2,0
2026-06-12 20:32:18.092,21.57,0.20,196.76,195.22,2,0
2026-06-12 20:32:18.142,21.71,0.40,197.40,195.88,2,0
2026-06-12 20:32:18.192,21.93,0.59,200.04,197.12,2,0
2026-06-12 20:32:18.242,22.18,0.92,202.40,199.13,2,0
2026-06-12 20:32:18.293,22.74,1.34,206.67,201.40,2,0
2026-06-12 20:32:18.343,22.90,1.26,212.64,206.53,2,0
2026-06-12 20:32:18.394,22.95,1.17,211.15,207.92,2,0
2026-06-12 20:32:18.444,23.01,0.91,209.59,208.42,2,0
2026-06-12 20:32:18.494,23.11,0.94,209.64,208.94,2,0
2026-06-12 20:32:18.545,23.51,1.17,211.93,209.84,2,0
2026-06-12 20:32:18.598,23.71,1.32,218.05,213.52,2,0
2026-06-12 20:32:18.646,23.86,1.09,219.48,215.31,2,0
2026-06-12 20:32:18.696,23.91,0.96,217.26,216.70,2,0
2026-06-12 20:32:18.746,24.15,1.08,218.11,217.12,2,0
2026-06-12 20:32:18.797,24.40,1.31,223.11,219.28,2,0
2026-06-12 20:32:18.847,24.78,1.40,226.80,221.54,2,0
2026-06-12 20:32:18.898,24.84,1.29,229.01,225.02,2,0
2026-06-12 20:32:18.948,24.71,0.72,226.94,225.59,1,0
2026-06-12 20:32:18.999,24.63,0.47,221.71,224.41,1,0
2026-06-12 20:32:19.049,24.74,0.51,221.89,223.65,1,0
2026-06-12 20:32:19.100,24.91,0.71,226.55,224.67,1,0
2026-06-12 20:32:19.150,24.95,0.50,229.74,226.19,1,0
2026-06-12 20:32:19.200,24.82,0.21,225.67,226.61,1,0
2026-06-12 20:32:19.251,24.58,-0.15,222.64,225.42,1,0
2026-06-12 20:32:19.302,24.60,-0.10,220.46,223.24,1,0
2026-06-12 20:32:19.352,24.82,0.20,223.70,223.38,1,0
2026-06-12 20:32:19.402,24.91,0.32,227.93,225.35,1,0
2026-06-12 20:32:19.452,24.62,-0.17,228.12,226.18,1,0
2026-06-12 20:32:19.503,24.37,-0.53,219.27,223.54,1,0
2026-06-12 20:32:19.553,23.93,-0.87,216.22,221.34,1,0
2026-06-12 20:32:19.604,23.87,-0.79,213.61,217.35,1,0
2026-06-12 20:32:19.654,23.78,-0.70,215.47,216.79,1,0
2026-06-12 20:32:19.704,24.95,0.38,215.61,215.97,1,0
2026-06-12 20:32:19.755,26.72,3.17,251.20,226.54,1,0
2026-06-12 20:32:19.805,28.47,4.17,280.30,242.67,1,0
2026-06-12 20:32:19.856,27.38,2.63,272.73,258.53,1,0
2026-06-12 20:32:19.906,24.98,-1.68,225.50,248.62,1,0
2026-06-12 20:32:19.956,24.35,-1.95,205.38,226.81,1,0
2026-06-12 20:32:20.007,23.77,-2.59,207.93,221.15,1,0
2026-06-12 20:32:20.057,22.88,-2.85,203.55,215.87,1,0
2026-06-12 20:32:20.108,22.53,-2.71,199.98,207.77,1,0
2026-06-12 20:32:20.158,22.31,-2.67,197.17,204.59,1,0
2026-06-12 20:32:20.209,21.98,-2.34,198.01,202.61,1,0
2026-06-12 20:32:20.259,21.87,-2.08,195.64,199.60,1,0
2026-06-12 20:32:20.312,21.69,-1.92,196.32,198.62,1,0
2026-06-12 20:32:20.360,21.46,-2.00,193.03,196.94,1,0
2026-06-12 20:32:20.410,21.11,-1.90,190.08,194.88,1,0
2026-06-12 20:32:20.461,20.95,-1.75,187.02,191.70,1,0
2026-06-12 20:32:20.512,20.87,-1.62,186.91,190.26,1,0
2026-06-12 20:32:20.562,20.75,-1.48,187.73,189.50,1,0
2026-06-12 20:32:20.612,20.49,-1.41,185.89,188.42,1,0
2026-06-12 20:32:20.662,20.25,-1.40,182.43,186.10,1,0
2026-06-12 20:32:20.713,20.08,-1.33,178.79,183.91,1,0
2026-06-12 20:32:20.763,19.89,-1.44,178.71,182.35,1,0
2026-06-12 20:32:20.814,19.76,-1.34,176.73,180.66,1,0
2026-06-12 20:32:20.864,19.73,-1.16,176.46,179.40,1,0
2026-06-12 20:32:20.914,19.54,-1.05,178.55,179.15,1,0
2026-06-12 20:32:20.965,19.45,-0.97,175.72,177.46,1,0
2026-06-12 20:32:21.015,19.23,-1.00,174.54,176.58,1,0
2026-06-12 20:32:21.066,19.07,-0.98,170.21,174.67,1,0
2026-06-12 20:32:21.116,18.86,-1.18,169.73,173.19,1,0
2026-06-12 20:32:21.166,18.70,-1.14,166.91,171.30,1,0
2026-06-12 20:32:21.217,18.60,-1.06,166.48,169.86,1,0
2026-06-12 20:32:21.268,18.45,-1.02,166.57,168.87,1,0
2026-06-12 20:32:21.318,18.34,-0.95,164.32,167.51,1,0
2026-06-12 20:32:21.368,17.97,-1.15,164.43,166.58,1,0
2026-06-12 20:32:21.419,17.84,-1.09,158.83,163.21,1,0
2026-06-12 20:32:21.469,17.67,-1.06,159.19,162.00,1,0
2026-06-12 20:32:21.520,17.57,-0.99,156.88,160.47,1,0
2026-06-12 20:32:21.572,17.58,-0.83,157.48,159.57,1,0
2026-06-12 20:32:21.620,17.53,-0.75,159.89,159.67,1,0
2026-06-12 20:32:21.671,17.53,-0.64,158.12,159.20,1,0
2026-06-12 20:32:21.724,17.50,-0.56,159.15,159.19,1,0
2026-06-12 20:32:21.772,17.41,-0.55,158.34,158.93,1,0
2026-06-12 20:32:21.823,17.37,-0.55,156.23,158.12,1,0
2026-06-12 20:32:21.872,17.31,-0.52,156.69,157.69,1,0
2026-06-12 20:32:21.923,17.30,-0.45,155.88,157.15,1,0
2026-06-12 20:32:21.973,17.37,-0.32,156.90,157.08,0,0
2026-06-12 20:32:22.024,17.42,-0.23,159.18,157.71,0,0
2026-06-12 20:32:22.074,17.52,-0.11,159.32,158.19,0,0
2026-06-12 20:32:22.125,17.56,-0.07,161.17,159.09,0,0
2026-06-12 20:32:22.175,17.58,-0.04,159.13,159.46,0,0
2026-06-12 20:32:22.225,17.56,-0.05,160.11,159.65,0,0
2026-06-12 20:32:22.276,17.57,-0.04,159.13,159.50,0,0
2026-06-12 20:32:22.326,17.60,-0.00,159.55,159.51,0,0
2026-06-12 20:32:22.377,17.61,0.00,160.62,159.85,0,0
2026-06-12 20:32:22.427,17.58,-0.02,160.01,159.90,0,0
2026-06-12 20:32:22.478,17.51,-0.08,159.05,159.64,0,0
2026-06-12 20:32:22.528,17.38,-0.17,157.47,158.99,0,0
2026-06-12 20:32:22.578,17.27,-0.32,155.05,157.81,0,0
2026-06-12 20:32:22.629,17.16,-0.36,154.58,156.84,0,0
2026-06-12 20:32:22.680,17.08,-0.38,153.59,155.86,0,0
2026-06-12 20:32:22.730,17.04,-0.36,153.41,155.13,0,0
2026-06-12 20:32:22.780,16.97,-0.36,153.84,154.74,0,0
2026-06-12 20:32:22.830,16.95,-0.33,152.69,154.13,0,0
2026-06-12 20:32:22.881,16.88,-0.33,153.36,153.90,0,0
2026-06-12 20:32:22.932,16.77,-0.37,151.82,153.27,0,0
2026-06-12 20:32:22.984,16.66,-0.41,150.02,152.30,0,0
2026-06-12 20:32:23.032,16.53,-0.45,148.90,151.28,0,0
2026-06-12 20:32:23.083,16.46,-0.44,147.44,150.13,0,0
2026-06-12 20:32:23.133,16.44,-0.40,147.91,149.46,0,0
2026-06-12 20:32:23.183,16.45,-0.33,148.80,149.26,0,0
2026-06-12 20:32:23.234,17.32,1.16,149.60,149.36,0,0
2026-06-12 20:32:23.284,18.74,3.36,174.64,157.26,0,0
2026-06-12 20:32:23.335,19.67,3.61,200.26,170.16,0,0
2026-06-12 20:32:23.385,20.36,3.65,198.27,178.59,0,0
2026-06-12 20:32:23.436,19.85,2.68,199.72,184.93,0,0
2026-06-12 20:32:23.486,18.87,1.47,169.40,180.27,0,0
2026-06-12 20:32:23.536,18.26,0.75,150.54,171.35,0,0
2026-06-12 20:32:23.587,17.80,0.26,152.99,165.84,0,0
2026-06-12 20:32:23.637,17.51,-0.02,151.94,161.67,0,0
2026-06-12 20:32:23.688,17.30,-0.20,152.81,159.02,0,0
2026-06-12 20:32:23.739,17.06,-0.36,152.59,157.09,0,0
2026-06-12 20:32:23.788,16.88,-0.46,149.79,154.90,0,0
2026-06-12 20:32:23.839,16.68,-0.55,149.46,153.27,0,0
2026-06-12 20:32:23.889,16.55,-0.58,147.39,151.50,0,0
2026-06-12 20:32:23.940,16.50,-0.53,147.57,150.32,0,0
2026-06-12 20:32:23.990,16.46,-0.49,148.73,149.84,2,0
2026-06-12 20:32:24.043,16.45,-0.42,148.51,149.44,2,0
2026-06-12 20:32:24.091,16.44,-0.37,149.20,149.37,2,0
2026-06-12 20:32:24.143,16.34,-0.39,148.99,149.26,2,0
2026-06-12 20:32:24.192,16.23,-0.42,146.31,148.37,2,0
2026-06-12 20:32:24.242,16.17,-0.41,145.22,147.43,2,0
2026-06-12 20:32:24.293,16.14,-0.38,145.60,146.88,2,0
2026-06-12 20:32:24.343,16.21,-0.26,145.82,146.56,2,0
2026-06-12 20:32:24.393,16.27,-0.17,148.66,147.19,2,0
2026-06-12 20:32:24.444,16.35,-0.08,149.05,147.75,2,0
2026-06-12 20:32:24.494,16.41,-0.02,150.12,148.46,2,0
2026-06-12 20:32:24.548,16.37,-0.05,150.36,149.03,2,0
2026-06-12 20:32:24.595,16.33,-0.07,147.87,148.68,2,0
2026-06-12 20:32:24.645,16.31,-0.08,147.42,148.30,2,0
2026-06-12 20:32:24.696,16.28,-0.09,147.69,148.12,2,0
2026-06-12 20:32:24.746,16.40,0.02,147.34,147.89,2,0
2026-06-12 20:32:24.797,16.52,0.12,151.25,148.90,2,0
2026-06-12 20:32:24.847,16.60,0.16,152.66,150.02,2,0
2026-06-12 20:32:24.898,16.64,0.17,152.37,150.73,2,0
2026-06-12 20:32:24.948,16.55,0.07,152.02,151.12,2,0
2026-06-12 20:32:24.998,16.45,-0.02,148.38,150.30,2,0
2026-06-12 20:32:25.049,16.39,-0.07,147.27,149.39,2,0
2026-06-12 20:32:25.099,16.40,-0.05,147.45,148.81,2,0
2026-06-12 20:32:25.150,16.45,0.00,149.23,148.93,2,0
2026-06-12 20:32:25.200,16.46,0.01,150.47,149.40,2,0
2026-06-12 20:32:25.251,16.41,-0.04,149.57,149.45,2,0
2026-06-12 20:32:25.304,16.21,-0.20,147.89,148.98,2,0
2026-06-12 20:32:25.352,16.80,1.05,143.03,147.20,2,0
2026-06-12 20:32:25.402,17.70,1.63,169.63,152.53,2,0
2026-06-12 20:32:25.452,18.40,1.97,180.02,160.77,2,0
2026-06-12 20:32:25.504,18.84,2.04,181.92,167.12,2,0
2026-06-12 20:32:25.553,18.04,1.06,180.49,171.13,2,0
2026-06-12 20:32:25.603,17.12,0.14,146.62,163.78,2,0
2026-06-12 20:32:25.654,17.12,0.14,136.19,155.50,2,0
2026-06-12 20:32:25.704,16.42,-0.27,136.19,155.50,2,0
2026-06-12 20:32:25.755,15.88,-0.66,134.06,149.07,2,0
2026-06-12 20:32:25.805,15.44,-0.93,132.99,144.24,2,0
2026-06-12 20:32:25.855,15.07,-1.00,130.94,140.25,2,0
2026-06-12 20:32:25.906,14.85,-1.03,128.91,136.85,2,0
2026-06-12 20:32:25.958,14.74,-0.97,130.23,134.86,2,0
2026-06-12 20:32:26.007,14.70,-0.86,131.42,133.83,2,0
2026-06-12 20:32:26.057,14.76,-0.67,132.70,133.49,2,0
2026-06-12 20:32:26.107,14.76,-0.67,135.46,134.08,2,0
2026-06-12 20:32:26.158,14.78,-0.56,135.46,134.08,2,0
2026-06-12 20:32:26.208,14.74,-0.51,134.62,134.24,2,0
2026-06-12 20:32:26.259,14.67,-0.49,133.08,133.89,2,0
2026-06-12 20:32:26.309,14.53,-0.50,131.78,133.26,2,0
2026-06-12 20:32:26.360,14.44,-0.49,128.90,131.95,2,0
2026-06-12 20:32:26.410,14.39,-0.46,129.35,131.17,2,0
2026-06-12 20:32:26.460,14.38,-0.40,129.53,130.68,2,0
2026-06-12 20:32:26.511,14.38,-0.40,130.51,130.63,2,0
2026-06-12 20:32:26.561,14.42,-0.32,130.51,130.63,2,0
2026-06-12 20:32:26.614,14.39,-0.30,131.62,130.92,2,0
2026-06-12 20:32:26.662,14.33,-0.30,129.98,130.64,2,0
2026-06-12 20:32:26.713,14.24,-0.30,128.96,130.13,2,0
2026-06-12 20:32:26.763,14.16,-0.33,127.54,129.36,2,0
2026-06-12 20:32:26.813,16.13,2.80,126.67,128.55,2,0
2026-06-12 20:32:26.864,17.02,3.12,170.52,146.51,2,0
2026-06-12 20:32:26.914,17.02,3.12,173.49,154.60,2,0
2026-06-12 20:32:26.965,17.85,3.11,173.49,154.60,2,0
2026-06-12 20:32:27.015,17.27,2.15,179.51,162.08,2,0
2026-06-12 20:32:27.067,16.55,1.25,144.45,156.79,2,0
2026-06-12 20:32:27.116,16.09,0.67,135.15,150.30,2,0
2026-06-12 20:32:27.166,15.74,0.29,136.22,146.07,2,0
2026-06-12 20:32:27.217,15.55,0.14,135.73,142.97,2,0
2026-06-12 20:32:27.267,15.48,0.06,137.00,141.18,2,0
2026-06-12 20:32:27.318,15.52,0.08,139.19,140.58,2,0
2026-06-12 20:32:27.368,15.68,0.20,141.73,140.93,2,0
2026-06-12 20:32:27.418,15.88,0.34,145.78,142.38,2,0
2026-06-12 20:32:27.469,16.03,0.41,148.54,144.23,2,0
2026-06-12 20:32:27.519,16.15,0.45,148.81,145.60,2,0
2026-06-12 20:32:27.570,16.21,0.43,149.17,146.67,2,0
2026-06-12 20:32:27.620,16.26,0.41,148.46,147.21,2,0
2026-06-12 20:32:27.676,16.34,0.41,148.68,147.65,2,0
2026-06-12 20:32:27.721,16.46,0.55,150.15,148.40,2,0
2026-06-12 20:32:27.771,16.65,0.62,152.09,149.51,2,0
2026-06-12 20:32:27.822,16.83,0.67,155.17,151.21,2,0
2026-06-12 20:32:27.873,16.99,0.71,156.61,152.83,2,0
2026-06-12 20:32:27.922,17.02,0.63,157.72,154.29,2,0
2026-06-12 20:32:27.973,16.94,0.46,155.26,154.58,2,0
2026-06-12 20:32:28.024,16.81,0.29,152.01,153.81,2,0
2026-06-12 20:32:28.074,16.69,0.15,150.06,152.69,2,0
2026-06-12 20:32:28.125,16.58,0.03,149.07,151.60,2,0
2026-06-12 20:32:28.174,16.54,-0.01,148.17,150.57,2,0
2026-06-12 20:32:28.225,16.55,0.00,149.25,150.17,2,0
2026-06-12 20:32:28.276,16.55,0.00,150.54,150.28,2,0
2026-06-12 20:32:28.326,16.54,-0.01,150.36,150.31,2,0
2026-06-12 20:32:28.376,16.44,-0.09,149.89,150.18,2,0
2026-06-12 20:32:28.426,16.20,-0.27,147.09,149.25,2,0
2026-06-12 20:32:28.477,15.99,-0.40,142.17,147.13,2,0
2026-06-12 20:32:28.527,15.88,-0.44,140.84,145.24,2,0
2026-06-12 20:32:28.578,15.81,-0.41,141.78,144.20,2,0
2026-06-12 20:32:28.628,15.77,-0.38,142.04,143.55,2,0
2026-06-12 20:32:28.679,15.67,-0.41,142.36,143.20,2,0
2026-06-12 20:32:28.729,17.36,2.36,140.13,142.28,2,0
2026-06-12 20:32:28.782,17.36,2.36,179.57,157.66,2,0
2026-06-12 20:32:28.830,17.85,2.28,179.57,157.66,2,0
2026-06-12 20:32:28.880,17.96,2.03,172.36,162.07,2,0
2026-06-12 20:32:28.931,17.10,1.02,165.61,163.13,2,0
2026-06-12 20:32:28.981,15.99,0.25,137.00,155.30,2,0
2026-06-12 20:32:29.031,15.23,-0.41,121.71,145.22,2,0
2026-06-12 20:32:29.082,15.23,-0.41,122.22,138.32,2,0
2026-06-12 20:32:29.132,14.69,-0.65,122.22,138.32,2,0
2026-06-12 20:32:29.183,14.18,-0.83,121.95,133.41,2,0
2026-06-12 20:32:29.234,13.70,-1.10,118.05,128.80,2,0
2026-06-12 20:32:29.284,13.70,-1.10,114.30,124.45,2,0
2026-06-12 20:32:29.334,13.29,-1.16,114.30,124.45,1,0
2026-06-12 20:32:29.385,12.87,-1.22,111.86,120.67,1,0
2026-06-12 20:32:29.435,12.87,-1.22,107.91,116.85,1,0
2026-06-12 20:32:29.486,12.56,-1.21,107.91,116.85,1,0
2026-06-12 20:32:29.536,12.34,-1.20,107.47,114.03,1,0
2026-06-12 20:32:29.586,12.11,-1.15,107.58,112.10,1,0
2026-06-12 20:32:29.637,12.11,-1.15,105.13,110.01,1,0
2026-06-12 20:32:29.687,11.96,-1.06,105.13,110.01,1,0
2026-06-12 20:32:29.737,11.73,-1.03,105.42,108.63,1,0
2026-06-12 20:32:29.788,11.73,-1.03,101.72,106.56,1,0
2026-06-12 20:32:29.838,11.50,-1.00,101.72,106.56,1,0
2026-06-12 20:32:29.889,11.50,-1.00,99.40,104.41,1,0
2026-06-12 20:32:29.939,11.25,-0.95,99.40,104.41,1,0
2026-06-12 20:32:29.989,10.89,-1.01,97.06,102.21,1,0
2026-06-12 20:32:30.040,10.89,-1.01,91.09,98.87,1,0
2026-06-12 20:32:30.091,10.64,-1.00,91.09,98.87,1,0
2026-06-12 20:32:30.141,10.46,-0.95,91.38,96.62,1,0
2026-06-12 20:32:30.192,10.46,-0.95,91.02,94.94,1,0
2026-06-12 20:32:30.242,10.28,-0.88,91.02,94.94,1,0
2026-06-12 20:32:30.292,10.28,-0.88,89.73,93.38,1,0
2026-06-12 20:32:30.344,10.22,-0.78,89.73,93.38,1,0
2026-06-12 20:32:30.393,10.22,-0.78,91.36,92.77,1,0
2026-06-12 20:32:30.443,10.33,-0.15,91.36,92.77,1,0
2026-06-12 20:32:30.494,10.33,-0.15,99.81,93.79,1,0
2026-06-12 20:32:30.544,10.86,0.16,99.81,93.79,1,0
2026-06-12 20:32:30.594,10.86,0.16,109.93,98.63,1,0
2026-06-12 20:32:30.645,11.03,0.21,109.93,98.63,1,0
2026-06-12 20:32:30.695,11.03,0.21,103.86,100.20,1,0
2026-06-12 20:32:30.746,11.00,0.16,103.86,100.20,1,0
2026-06-12 20:32:30.796,11.00,0.16,99.16,99.89,1,0
2026-06-12 20:32:30.846,10.35,-0.13,99.16,99.89,1,0
2026-06-12 20:32:30.897,10.35,-0.13,80.23,93.99,1,0
2026-06-12 20:32:30.947,9.52,-0.38,80.23,93.99,1,0
2026-06-12 20:32:30.998,9.28,-0.52,68.80,86.43,1,0
2026-06-12 20:32:31.049,9.28,-0.52,79.34,84.31,1,0
2026-06-12 20:32:31.099,9.33,-0.42,79.34,84.31,1,0
2026-06-12 20:32:31.149,9.33,-0.42,85.85,84.77,1,0
2026-06-12 20:32:31.199,9.13,-0.42,85.85,84.77,1,0
2026-06-12 20:32:31.250,9.13,-0.42,78.63,82.93,1,0
2026-06-12 20:32:31.300,9.13,-0.42,78.63,82.93,1,0
2026-06-12 20:32:31.352,8.84,-0.44,78.63,82.93,1,0
2026-06-12 20:32:31.402,8.84,-0.44,74.05,80.26,1,0
2026-06-12 20:32:31.452,8.84,-0.44,74.05,80.26,1,0
2026-06-12 20:32:31.502,8.84,-0.44,74.05,80.26,1,0
2026-06-12 20:32:31.553,8.06,-0.56,74.05,80.26,1,0
2026-06-12 20:32:31.603,8.06,-0.56,56.56,73.15,1,0
2026-06-12 20:32:31.653,8.06,-0.56,56.56,73.15,1,0
2026-06-12 20:32:31.704,7.21,-0.67,56.56,73.15,1,0
2026-06-12 20:32:31.760,7.21,-0.67,47.47,65.45,1,0
2026-06-12 20:32:31.805,7.21,-0.67,47.47,65.45,1,0
2026-06-12 20:32:31.855,7.21,-0.67,47.47,65.45,1,0
2026-06-12 20:32:31.905,6.44,-0.73,47.47,65.45,1,0
2026-06-12 20:32:31.956,6.44,-0.73,42.36,58.52,1,0
2026-06-12 20:32:32.006,6.44,-0.73,42.36,58.52,1,0
2026-06-12 20:32:32.057,6.44,-0.73,42.36,58.52,1,0
2026-06-12 20:32:32.107,5.81,-0.75,42.36,58.52,1,0
2026-06-12 20:32:32.158,5.81,-0.75,39.47,52.81,1,0
2026-06-12 20:32:32.208,5.81,-0.75,39.47,52.81,1,0
2026-06-12 20:32:32.258,5.81,-0.75,39.47,52.81,1,0
2026-06-12 20:32:32.309,5.35,-0.75,39.47,52.81,1,0
2026-06-12 20:32:32.359,5.35,-0.75,38.80,48.60,0,0
2026-06-12 20:32:32.410,5.35,-0.75,38.80,48.60,0,0
2026-06-12 20:32:32.460,5.05,-0.71,38.80,48.60,0,0
2026-06-12 20:32:32.510,5.05,-0.71,39.43,45.85,0,0
2026-06-12 20:32:32.562,5.05,-0.71,39.43,45.85,0,0
2026-06-12 20:32:32.612,4.94,-0.63,39.43,45.85,0,0
2026-06-12 20:32:32.662,4.94,-0.63,42.65,44.89,0,0
2026-06-12 20:32:32.713,4.94,-0.63,42.65,44.89,0,0
2026-06-12 20:32:32.763,4.98,-0.53,42.65,44.89,0,0
2026-06-12 20:32:32.813,4.98,-0.53,45.95,45.21,0,0
2026-06-12 20:32:32.863,4.98,-0.53,45.95,45.21,0,0
2026-06-12 20:32:32.915,5.11,-0.41,45.95,45.21,0,0
2026-06-12 20:32:32.964,5.11,-0.41,49.33,46.45,0,0
2026-06-12 20:32:33.015,5.11,-0.41,49.33,46.45,0,0
2026-06-12 20:32:33.065,5.89,0.74,49.33,46.45,0,0
2026-06-12 20:32:33.116,5.89,0.74,65.97,53.44,0,0
2026-06-12 20:32:33.166,6.59,0.92,65.97,53.44,0,0
2026-06-12 20:32:33.216,6.59,0.92,74.86,59.87,0,0
2026-06-12 20:32:33.268,6.59,0.92,74.86,59.87,0,0
2026-06-12 20:32:33.317,7.20,0.98,74.86,59.87,0,0
2026-06-12 20:32:33.368,7.20,0.98,78.22,65.38,0,0
2026-06-12 20:32:33.418,7.77,1.07,78.22,65.38,0,0
2026-06-12 20:32:33.468,7.77,1.07,82.57,70.53,0,0
2026-06-12 20:32:33.519,7.69,0.89,82.57,70.53,0,0
2026-06-12 20:32:33.569,7.69,0.89,68.33,69.87,0,0
2026-06-12 20:32:33.619,7.53,0.69,68.33,69.87,0,0
2026-06-12 20:32:33.670,7.53,0.69,64.98,68.40,0,0
2026-06-12 20:32:33.720,7.53,0.69,64.98,68.40,0,0
2026-06-12 20:32:33.772,7.46,0.56,64.98,68.40,0,0
2026-06-12 20:32:33.822,7.46,0.56,66.12,67.72,0,0
2026-06-12 20:32:33.872,7.43,0.46,66.12,67.72,0,0
2026-06-12 20:32:33.922,7.43,0.46,66.82,67.45,0,0
2026-06-12 20:32:33.972,7.38,0.38,66.82,67.45,0,0
2026-06-12 20:32:34.023,7.38,0.38,66.11,67.05,0,0
2026-06-12 20:32:34.073,7.35,0.31,66.11,67.05,0,0
2026-06-12 20:32:34.124,7.35,0.31,66.00,66.73,0,0
2026-06-12 20:32:34.174,7.35,0.31,66.00,66.73,0,0
2026-06-12 20:32:34.224,7.36,0.26,66.00,66.73,0,0
2026-06-12 20:32:34.275,7.36,0.26,67.11,66.85,0,0
2026-06-12 20:32:34.325,7.41,0.25,67.11,66.85,0,0
2026-06-12 20:32:34.376,7.41,0.25,68.31,67.28,2,0
2026-06-12 20:32:34.427,7.48,0.24,68.31,67.28,2,0
2026-06-12 20:32:34.476,7.48,0.24,69.42,67.93,2,0
2026-06-12 20:32:34.527,7.57,0.24,69.42,67.93,2,0
2026-06-12 20:32:34.577,7.57,0.24,70.80,68.79,2,0
2026-06-12 20:32:34.628,7.60,0.21,70.80,68.79,2,0
2026-06-12 20:32:34.678,7.60,0.21,69.45,68.99,2,0
2026-06-12 20:32:34.729,7.60,0.21,69.45,68.99,2,0
2026-06-12 20:32:34.779,7.52,0.15,69.45,68.99,2,0
2026-06-12 20:32:34.829,7.52,0.15,66.56,68.26,2,0
2026-06-12 20:32:34.881,7.35,0.08,66.56,68.26,2,0
2026-06-12 20:32:34.930,7.35,0.08,63.24,66.75,2,0
2026-06-12 20:32:34.980,7.35,0.08,63.24,66.75,2,0
2026-06-12 20:32:35.032,7.10,-0.02,63.24,66.75,2,0
2026-06-12 20:32:35.082,7.10,-0.02,59.12,64.46,2,0
2026-06-12 20:32:35.132,7.10,-0.02,59.12,64.46,2,0
2026-06-12 20:32:35.184,6.76,-0.10,59.12,64.46,2,0
2026-06-12 20:32:35.233,6.76,-0.10,54.36,61.43,2,0
2026-06-12 20:32:35.283,6.76,-0.10,54.36,61.43,2,0
2026-06-12 20:32:35.333,6.76,-0.10,54.36,61.43,2,0
2026-06-12 20:32:35.384,6.37,-0.17,54.36,61.43,2,0
2026-06-12 20:32:35.434,6.37,-0.17,49.33,57.80,2,0
2026-06-12 20:32:35.485,6.37,-0.17,49.33,57.80,2,0
2026-06-12 20:32:35.535,6.37,-0.17,49.33,57.80,2,0
2026-06-12 20:32:35.585,5.88,-0.25,49.33,57.80,2,0
2026-06-12 20:32:35.636,5.88,-0.25,43.09,53.39,2,0
2026-06-12 20:32:35.686,5.88,-0.25,43.09,53.39,2,0
2026-06-12 20:32:35.737,5.88,-0.25,43.09,53.39,2,0
2026-06-12 20:32:35.787,5.88,-0.25,43.09,53.39,2,0
2026-06-12 20:32:35.838,5.88,-0.25,43.09,53.39,2,0
2026-06-12 20:32:35.888,5.24,-0.29,43.09,53.39,2,0
2026-06-12 20:32:35.938,5.24,-0.29,33.98,47.56,2,0
2026-06-12 20:32:35.989,5.24,-0.29,33.98,47.56,2,0
2026-06-12 20:32:36.039,5.24,-0.29,33.98,47.56,2,0
2026-06-12 20:32:36.090,5.24,-0.29,33.98,47.56,2,0
2026-06-12 20:32:36.140,5.24,-0.29,33.98,47.56,2,0
2026-06-12 20:32:36.192,5.24,-0.29,33.98,47.56,2,0
2026-06-12 20:32:36.241,5.24,-0.29,33.98,47.56,2,0
2026-06-12 20:32:36.292,5.24,-0.29,33.98,47.56,2,0
2026-06-12 20:32:36.342,5.24,-0.29,33.98,47.56,2,0
2026-06-12 20:32:36.397,5.24,-0.29,33.98,47.56,2,0
2026-06-12 20:32:36.442,5.24,-0.29,33.98,47.56,2,0
2026-06-12 20:32:36.493,5.24,-0.29,33.98,47.56,2,0
2026-06-12 20:32:36.543,5.24,-0.29,33.98,47.56,2,0
2026-06-12 20:32:36.594,5.24,-0.29,33.98,47.56,2,0
2026-06-12 20:32:36.644,5.24,-0.29,33.98,47.56,2,0
2026-06-12 20:32:36.695,5.24,-0.29,33.98,47.56,2,0
2026-06-12 20:32:36.745,5.24,-0.29,33.98,47.56,2,0
2026-06-12 20:32:36.795,5.24,-0.29,33.98,47.56,2,0
2026-06-12 20:32:36.846,5.24,-0.29,33.98,47.56,2,0
2026-06-12 20:32:36.896,5.24,-0.29,33.98,47.56,2,0
2026-06-12 20:32:36.947,5.24,-0.29,33.98,47.56,2,0
2026-06-12 20:32:36.997,5.24,-0.29,33.98,47.56,2,0
2026-06-12 20:32:37.048,5.24,-0.29,33.98,47.56,2,0
2026-06-12 20:32:37.098,5.24,-0.29,33.98,47.56,2,0
2026-06-12 20:32:37.148,5.24,-0.29,33.98,47.56,2,0
2026-06-12 20:32:37.199,5.24,-0.29,33.98,47.56,2,0
2026-06-12 20:32:37.250,5.24,-0.29,33.98,47.56,2,0
2026-06-12 20:32:37.300,5.24,-0.29,33.98,47.56,2,0
2026-06-12 20:32:37.350,5.24,-0.29,33.98,47.56,2,0
2026-06-12 20:32:37.401,5.24,-0.29,33.98,47.56,2,0
2026-06-12 20:32:37.451,5.24,-0.29,33.98,47.56,2,0
2026-06-12 20:32:37.502,4.10,-0.29,33.98,47.56,2,0
2026-06-12 20:32:37.552,4.10,-0.29,13.04,37.21,2,0
2026-06-12 20:32:37.603,4.10,-0.29,13.04,37.21,2,0
2026-06-12 20:32:37.653,4.10,-0.29,13.04,37.21,2,0
2026-06-12 20:32:37.703,4.10,-0.29,13.04,37.21,2,0
2026-06-12 20:32:37.754,4.10,-0.29,13.04,37.21,2,0
2026-06-12 20:32:37.806,4.10,-0.29,13.04,37.21,2,0
2026-06-12 20:32:37.854,4.10,-0.29,13.04,37.21,2,0
2026-06-12 20:32:37.905,4.10,-0.29,13.04,37.21,2,0
2026-06-12 20:32:37.955,4.10,-0.29,13.04,37.21,2,0
2026-06-12 20:32:38.006,4.10,-0.29,13.04,37.21,2,0
2026-06-12 20:32:38.056,4.10,-0.29,13.04,37.21,2,0
2026-06-12 20:32:38.106,4.10,-0.29,13.04,37.21,2,0
2026-06-12 20:32:38.158,4.10,-0.29,13.04,37.21,2,0
2026-06-12 20:32:38.207,4.10,-0.29,13.04,37.21,2,0
2026-06-12 20:32:38.258,4.10,-0.29,13.04,37.21,2,0
2026-06-12 20:32:38.312,4.10,-0.29,13.04,37.21,2,0
2026-06-12 20:32:38.358,4.10,-0.29,13.04,37.21,2,0
2026-06-12 20:32:38.409,4.10,-0.29,13.04,37.21,2,0
2026-06-12 20:32:38.459,4.10,-0.29,13.04,37.21,2,0
2026-06-12 20:32:38.510,4.10,-0.29,13.04,37.21,2,0
2026-06-12 20:32:38.560,4.10,-0.29,13.04,37.21,2,0
2026-06-12 20:32:38.612,4.10,-0.29,13.04,37.21,2,0
2026-06-12 20:32:38.661,4.10,-0.29,13.04,37.21,2,0
2026-06-12 20:32:38.711,4.10,-0.29,13.04,37.21,2,0
2026-06-12 20:32:38.762,4.10,-0.29,13.04,37.21,2,0
2026-06-12 20:32:38.812,4.10,-0.29,13.04,37.21,2,0
2026-06-12 20:32:38.863,4.10,-0.29,13.04,37.21,2,0
2026-06-12 20:32:38.913,4.10,-0.29,13.04,37.21,2,0
2026-06-12 20:32:38.964,4.10,-0.29,13.04,37.21,2,0
2026-06-12 20:32:39.014,4.10,-0.29,13.04,37.21,2,0
2026-06-12 20:32:39.064,4.10,-0.29,13.04,37.21,2,0
2026-06-12 20:32:39.115,4.10,-0.29,13.04,37.21,2,0
2026-06-12 20:32:39.165,4.10,-0.29,13.04,37.21,2,0
2026-06-12 20:32:39.216,4.10,-0.29,13.04,37.21,2,0
2026-06-12 20:32:39.266,4.10,-0.29,13.04,37.21,2,0
2026-06-12 20:32:39.316,4.10,-0.29,13.04,37.21,2,0
2026-06-12 20:32:39.367,4.10,-0.29,13.04,37.21,2,0
2026-06-12 20:32:39.417,4.10,-0.29,13.04,37.21,2,0
2026-06-12 20:32:39.469,0.00,0.00,13.04,37.21,2,0
2026-06-12 20:32:39.518,0.00,0.00,0.00,0.00,2,0
2026-06-12 20:32:39.570,0.00,0.00,0.00,0.00,2,0
2026-06-12 20:32:39.619,0.00,0.00,0.00,0.00,2,0
2026-06-12 20:32:39.669,0.00,0.00,0.00,0.00,2,0
2026-06-12 20:32:39.720,0.00,0.00,0.00,0.00,2,0
2026-06-12 20:32:39.770,0.00,0.00,0.00,0.00,2,0
2026-06-12 20:32:39.821,0.00,0.00,0.00,0.00,2,0
2026-06-12 20:32:39.871,0.00,0.00,0.00,0.00,2,0
2026-06-12 20:32:39.922,0.00,0.00,0.00,0.00,2,0
2026-06-12 20:32:39.972,0.00,0.00,0.00,0.00,2,0
2026-06-12 20:32:40.022,0.00,0.00,0.00,0.00,2,0
2026-06-12 20:32:40.073,0.00,0.00,0.00,0.00,2,0
2026-06-12 20:32:40.123,0.00,0.00,0.00,0.00,2,0
2026-06-12 20:32:40.173,0.00,0.00,0.00,0.00,2,0
2026-06-12 20:32:40.224,0.00,0.00,0.00,0.00,2,0
2026-06-12 20:32:40.274,0.00,0.00,0.00,0.00,2,0
2026-06-12 20:32:40.325,0.00,0.00,0.00,0.00,2,0
2026-06-12 20:32:40.375,0.00,0.00,0.00,0.00,2,0
2026-06-12 20:32:40.425,0.00,0.00,0.00,0.00,2,0
2026-06-12 20:32:40.476,0.00,0.00,0.00,0.00,2,0
2026-06-12 20:32:40.526,0.00,0.00,0.00,0.00,2,0
2026-06-12 20:32:40.577,0.00,0.00,0.00,0.00,2,0
2026-06-12 20:32:40.627,0.00,0.00,0.00,0.00,2,0
2026-06-12 20:32:40.677,0.00,0.00,0.00,0.00,2,0
2026-06-12 20:32:40.728,0.00,0.00,0.00,0.00,2,0
2026-06-12 20:32:40.778,0.00,0.00,0.00,0.00,2,0
2026-06-12 20:32:40.829,0.00,0.00,0.00,0.00,2,0
2026-06-12 20:32:40.879,0.00,0.00,0.00,0.00,2,0
2026-06-12 20:32:40.929,0.00,0.00,0.00,0.00,2,0
2026-06-12 20:32:40.980,0.00,0.00,0.00,0.00,2,0
2026-06-12 20:32:41.030,0.00,0.00,0.00,0.00,2,0
2026-06-12 20:32:41.081,0.00,0.00,0.00,0.00,2,0
2026-06-12 20:32:41.131,0.00,0.00,0.00,0.00,2,0
2026-06-12 20:32:41.182,0.00,0.00,0.00,0.00,2,0
2026-06-12 20:32:41.232,0.00,0.00,0.00,0.00,2,0
2026-06-12 20:32:41.282,0.00,0.00,0.00,0.00,2,0
2026-06-12 20:32:41.333,0.00,0.00,0.00,0.00,2,0
2026-06-12 20:32:41.383,0.00,0.00,0.00,0.00,2,0
2026-06-12 20:32:41.433,0.00,0.00,0.00,0.00,2,0
2026-06-12 20:32:41.484,0.00,0.00,0.00,0.00,2,0
2026-06-12 20:32:41.534,0.00,0.00,0.00,0.00,2,0
2026-06-12 20:32:41.585,0.00,0.00,0.00,0.00,2,0
2026-06-12 20:32:41.635,0.00,0.00,0.00,0.00,2,0
2026-06-12 20:32:41.685,0.00,0.00,0.00,0.00,2,0
2026-06-12 20:32:41.736,0.00,0.00,0.00,0.00,2,0
2026-06-12 20:32:41.786,0.00,0.00,0.00,0.00,2,0
2026-06-12 20:32:41.837,0.00,0.00,0.00,0.00,2,0
2026-06-12 20:32:41.887,0.00,0.00,0.00,0.00,2,0
2026-06-12 20:32:41.937,0.00,0.00,0.00,0.00,2,0
2026-06-12 20:32:41.988,0.00,0.00,0.00,0.00,2,0
2026-06-12 20:32:42.038,0.00,0.00,0.00,0.00,2,0
2026-06-12 20:32:42.089,0.00,0.00,0.00,0.00,2,0
2026-06-12 20:32:42.139,0.00,0.00,0.00,0.00,2,0
2026-06-12 20:32:42.189,0.00,0.00,0.00,0.00,2,0
2026-06-12 20:32:42.240,0.00,0.00,0.00,0.00,2,0
2026-06-12 20:32:42.290,0.00,0.00,0.00,0.00,2,0
2026-06-12 20:32:42.341,0.00,0.00,0.00,0.00,2,0
2026-06-12 20:32:42.393,0.00,0.00,0.00,0.00,2,0
2026-06-12 20:32:42.442,0.00,0.00,0.00,0.00,2,0
2026-06-12 20:32:42.497,0.00,0.00,0.00,0.00,2,0
2026-06-12 20:32:42.542,0.00,0.00,0.00,0.00,2,0
2026-06-12 20:32:42.592,0.00,0.00,0.00,0.00,2,0
2026-06-12 20:32:42.643,0.00,0.00,0.00,0.00,2,0
2026-06-12 20:32:42.693,0.00,0.00,0.00,0.00,2,0
2026-06-12 20:32:42.744,0.00,0.00,0.00,0.00,2,0
2026-06-12 20:32:42.794,0.00,0.00,0.00,0.00,2,0
2026-06-12 20:32:42.845,0.00,0.00,0.00,0.00,2,0
2026-06-12 20:32:42.895,0.00,0.00,0.00,0.00,2,0
2026-06-12 20:32:42.945,0.00,0.00,0.00,0.00,2,0
2026-06-12 20:32:42.996,0.00,0.00,0.00,0.00,2,0
2026-06-12 20:32:43.046,0.00,0.00,0.00,0.00,2,0
2026-06-12 20:32:43.096,0.00,0.00,0.00,0.00,2,0
2026-06-12 20:32:43.147,0.00,0.00,0.00,0.00,2,0
2026-06-12 20:32:43.197,0.00,0.00,0.00,0.00,2,0
2026-06-12 20:32:43.248,0.00,0.00,0.00,0.00,2,0
2026-06-12 20:32:43.298,0.00,0.00,0.00,0.00,2,0
2026-06-12 20:32:43.349,0.00,0.00,0.00,0.00,2,0
2026-06-12 20:32:43.399,0.00,0.00,0.00,0.00,2,0
2026-06-12 20:32:43.450,0.00,0.00,0.00,0.00,2,0
2026-06-12 20:32:43.500,0.00,0.00,0.00,0.00,2,0
2026-06-12 20:32:43.550,0.00,0.00,0.00,0.00,2,0
2026-06-12 20:32:43.600,0.00,0.00,0.00,0.00,2,0
2026-06-12 20:32:43.652,0.00,0.00,0.00,0.00,2,0
2026-06-12 20:32:43.702,0.00,0.00,0.00,0.00,2,0
2026-06-12 20:32:43.752,0.00,0.00,0.00,0.00,2,0
2026-06-12 20:32:43.802,0.00,0.00,0.00,0.00,2,0
2026-06-12 20:32:43.852,0.00,0.00,0.00,0.00,2,0
2026-06-12 20:32:43.903,0.00,0.00,0.00,0.00,2,0
2026-06-12 20:32:43.953,0.00,0.00,0.00,0.00,2,0
2026-06-12 20:32:44.004,0.00,0.00,0.00,0.00,2,0
2026-06-12 20:32:44.054,0.00,0.00,0.00,0.00,2,0
2026-06-12 20:32:44.105,0.00,0.00,0.00,0.00,2,0
2026-06-12 20:32:44.155,0.00,0.00,0.00,0.00,2,0
2026-06-12 20:32:44.205,0.00,0.00,0.00,0.00,2,0
2026-06-12 20:32:44.256,0.00,0.00,0.00,0.00,2,0
2026-06-12 20:32:44.306,0.00,0.00,0.00,0.00,2,0
2026-06-12 20:32:44.356,0.00,0.00,0.00,0.00,2,0
2026-06-12 20:32:44.407,0.00,0.00,0.00,0.00,2,0
2026-06-12 20:32:44.457,0.00,0.00,0.00,0.00,2,0
2026-06-12 20:32:44.508,0.00,0.00,0.00,0.00,2,0
2026-06-12 20:32:44.558,0.00,0.00,0.00,0.00,2,0
2026-06-12 20:32:44.608,0.00,0.00,0.00,0.00,2,0
2026-06-12 20:32:44.659,0.00,0.00,0.00,0.00,2,0
2026-06-12 20:32:44.709,0.00,0.00,0.00,0.00,2,0
2026-06-12 20:32:44.760,0.00,0.00,0.00,0.00,2,0
2026-06-12 20:32:44.810,0.00,0.00,0.00,0.00,2,0
2026-06-12 20:32:44.860,0.00,0.00,0.00,0.00,2,0
2026-06-12 20:32:44.912,0.00,0.00,0.00,0.00,2,0
2026-06-12 20:32:44.962,0.00,0.00,0.00,0.00,2,0
2026-06-12 20:32:45.012,0.00,0.00,0.00,0.00,2,0
2026-06-12 20:32:45.062,0.00,0.00,0.00,0.00,2,0
2026-06-12 20:32:45.112,0.00,0.00,0.00,0.00,2,0
2026-06-12 20:32:45.163,0.00,0.00,0.00,0.00,2,0
2026-06-12 20:32:45.213,0.00,0.00,0.00,0.00,2,0
2026-06-12 20:32:45.264,0.00,0.00,0.00,0.00,2,0
2026-06-12 20:32:45.314,0.00,0.00,0.00,0.00,2,0
2026-06-12 20:32:45.365,0.00,0.00,0.00,0.00,2,0
2026-06-12 20:32:45.415,0.00,0.00,0.00,0.00,2,0
2026-06-12 20:32:45.465,0.00,0.00,0.00,0.00,2,0
2026-06-12 20:32:45.516,0.00,0.00,0.00,0.00,2,0
2026-06-12 20:32:45.566,0.00,0.00,0.00,0.00,2,0
2026-06-12 20:32:45.616,0.00,0.00,0.00,0.00,2,0
2026-06-12 20:32:45.667,0.00,0.00,0.00,0.00,2,0
2026-06-12 20:32:45.717,0.00,0.00,0.00,0.00,2,0
2026-06-12 20:32:45.768,0.00,0.00,0.00,0.00,2,0
2026-06-12 20:32:45.818,0.00,0.00,0.00,0.00,2,0
2026-06-12 20:32:45.868,0.00,0.00,0.00,0.00,2,0
2026-06-12 20:32:45.919,0.00,0.00,0.00,0.00,2,0
2026-06-12 20:32:45.969,0.00,0.00,0.00,0.00,2,0
2026-06-12 20:32:46.020,0.00,0.00,0.00,0.00,2,0
2026-06-12 20:32:46.070,0.00,0.00,0.00,0.00,2,0
2026-06-12 20:32:46.121,0.00,0.00,0.00,0.00,1,0
2026-06-12 20:32:46.172,0.00,0.00,0.00,0.00,1,0
2026-06-12 20:32:46.221,0.00,0.00,0.00,0.00,1,0
2026-06-12 20:32:46.272,0.00,0.00,0.00,0.00,1,0
2026-06-12 20:32:46.322,0.00,0.00,0.00,0.00,1,0
2026-06-12 20:32:46.372,0.00,0.00,0.00,0.00,1,0
2026-06-12 20:32:46.429,0.00,0.00,0.00,0.00,1,0
2026-06-12 20:32:46.473,0.00,0.00,0.00,0.00,1,0
2026-06-12 20:32:46.524,0.00,0.00,0.00,0.00,1,0
2026-06-12 20:32:46.574,0.00,0.00,0.00,0.00,1,0
2026-06-12 20:32:46.626,0.00,0.00,0.00,0.00,1,0
2026-06-12 20:32:46.675,0.00,0.00,0.00,0.00,1,0
2026-06-12 20:32:46.725,0.00,0.00,0.00,0.00,1,0
2026-06-12 20:32:46.776,0.00,0.00,0.00,0.00,1,0
2026-06-12 20:32:46.826,0.00,0.00,0.00,0.00,1,0
2026-06-12 20:32:46.876,0.00,0.00,0.00,0.00,1,0
2026-06-12 20:32:46.927,0.00,0.00,0.00,0.00,1,0
2026-06-12 20:32:46.977,0.00,0.00,0.00,0.00,1,0
2026-06-12 20:32:47.028,0.00,0.00,0.00,0.00,1,0
2026-06-12 20:32:47.078,0.00,0.00,0.00,0.00,1,0
2026-06-12 20:32:47.128,0.00,0.00,0.00,0.00,1,0
2026-06-12 20:32:47.179,0.00,0.00,0.00,0.00,1,0
2026-06-12 20:32:47.229,0.00,0.00,0.00,0.00,1,0
2026-06-12 20:32:47.280,0.00,0.00,0.00,0.00,1,0
2026-06-12 20:32:47.330,0.00,0.00,0.00,0.00,1,0
2026-06-12 20:32:47.380,0.00,0.00,0.00,0.00,1,0
2026-06-12 20:32:47.431,0.00,0.00,0.00,0.00,1,0
2026-06-12 20:32:47.483,0.00,0.00,0.00,0.00,1,0
2026-06-12 20:32:47.532,0.00,0.00,0.00,0.00,1,0
2026-06-12 20:32:47.582,0.00,0.00,0.00,0.00,1,0
2026-06-12 20:32:47.632,0.00,0.00,0.00,0.00,1,0
2026-06-12 20:32:47.683,0.00,0.00,0.00,0.00,1,0
2026-06-12 20:32:47.733,0.00,0.00,0.00,0.00,1,0
2026-06-12 20:32:47.784,0.00,0.00,0.00,0.00,1,0
2026-06-12 20:32:47.834,0.00,0.00,0.00,0.00,1,0
2026-06-12 20:32:47.884,0.00,0.00,0.00,0.00,1,0
2026-06-12 20:32:47.935,0.00,0.00,0.00,0.00,1,0
2026-06-12 20:32:47.985,0.00,0.00,0.00,0.00,1,0
2026-06-12 20:32:48.036,0.00,0.00,0.00,0.00,1,0
2026-06-12 20:32:48.086,0.00,0.00,0.00,0.00,1,0
2026-06-12 20:32:48.136,0.00,0.00,0.00,0.00,1,0
2026-06-12 20:32:48.187,0.00,0.00,0.00,0.00,1,0
2026-06-12 20:32:48.237,0.00,0.00,0.00,0.00,1,0
2026-06-12 20:32:48.288,0.00,0.00,0.00,0.00,1,0
2026-06-12 20:32:48.338,0.00,0.00,0.00,0.00,1,0
2026-06-12 20:32:48.388,0.00,0.00,0.00,0.00,1,0
2026-06-12 20:32:48.439,0.00,0.00,0.00,0.00,1,0
2026-06-12 20:32:48.489,0.00,0.00,0.00,0.00,1,0
2026-06-12 20:32:48.540,0.00,0.00,0.00,0.00,1,0
2026-06-12 20:32:48.590,0.00,0.00,0.00,0.00,1,0
2026-06-12 20:32:48.640,0.00,0.00,0.00,0.00,1,0
2026-06-12 20:32:48.691,0.00,0.00,0.00,0.00,1,0
2026-06-12 20:32:48.742,0.00,0.00,0.00,0.00,1,0
2026-06-12 20:32:48.792,0.00,0.00,0.00,0.00,1,0
2026-06-12 20:32:48.842,0.00,0.00,0.00,0.00,1,0
2026-06-12 20:32:48.892,0.00,0.00,0.00,0.00,1,0
2026-06-12 20:32:48.943,0.00,0.00,0.00,0.00,1,0
2026-06-12 20:32:48.993,0.00,0.00,0.00,0.00,1,0
2026-06-12 20:32:49.045,0.00,0.00,0.00,0.00,1,0
2026-06-12 20:32:49.094,0.00,0.00,0.00,0.00,1,0
2026-06-12 20:32:49.144,0.00,0.00,0.00,0.00,1,0
2026-06-12 20:32:49.196,0.00,0.00,0.00,0.00,0,0
2026-06-12 20:32:49.245,0.00,0.00,0.00,0.00,0,0
2026-06-12 20:32:49.296,0.00,0.00,0.00,0.00,0,0
2026-06-12 20:32:49.346,0.00,0.00,0.00,0.00,0,0
2026-06-12 20:32:49.396,0.00,0.00,0.00,0.00,0,0
2026-06-12 20:32:49.447,0.00,0.00,0.00,0.00,0,0
2026-06-12 20:32:49.497,0.00,0.00,0.00,0.00,0,0
2026-06-12 20:32:49.548,0.00,0.00,0.00,0.00,0,0
2026-06-12 20:32:49.598,0.00,0.00,0.00,0.00,0,0
2026-06-12 20:32:49.648,0.00,0.00,0.00,0.00,0,0
2026-06-12 20:32:49.699,0.00,0.00,0.00,0.00,0,0
2026-06-12 20:32:49.749,0.00,0.00,0.00,0.00,0,0
2026-06-12 20:32:49.800,0.00,0.00,0.00,0.00,0,0
2026-06-12 20:32:49.850,0.00,0.00,0.00,0.00,0,0
2026-06-12 20:32:49.900,0.00,0.00,0.00,0.00,0,0
2026-06-12 20:32:49.952,0.00,0.00,0.00,0.00,0,0
2026-06-12 20:32:50.001,0.00,0.00,0.00,0.00,0,0
2026-06-12 20:32:50.052,0.00,0.00,0.00,0.00,0,0
2026-06-12 20:32:50.102,0.00,0.00,0.00,0.00,0,0
2026-06-12 20:32:50.152,0.00,0.00,0.00,0.00,0,0
2026-06-12 20:32:50.203,0.00,0.00,0.00,0.00,0,0
2026-06-12 20:32:50.253,0.00,0.00,0.00,0.00,0,0
2026-06-12 20:32:50.303,0.00,0.00,0.00,0.00,0,0
2026-06-12 20:32:50.354,0.00,0.00,0.00,0.00,0,0
2026-06-12 20:32:50.404,0.00,0.00,0.00,0.00,0,0
2026-06-12 20:32:50.455,0.00,0.00,0.00,0.00,0,0
2026-06-12 20:32:50.505,0.00,0.00,0.00,0.00,0,0
2026-06-12 20:32:50.556,0.00,0.00,0.00,0.00,0,0
2026-06-12 20:32:50.606,0.00,0.00,0.00,0.00,0,0
2026-06-12 20:32:50.656,0.00,0.00,0.00,0.00,0,0
2026-06-12 20:32:50.707,0.00,0.00,0.00,0.00,0,0
2026-06-12 20:32:50.757,0.00,0.00,0.00,0.00,0,0
2026-06-12 20:32:50.808,0.00,0.00,0.00,0.00,0,0
2026-06-12 20:32:50.858,0.00,0.00,0.00,0.00,0,0
2026-06-12 20:32:50.908,0.00,0.00,0.00,0.00,0,0
2026-06-12 20:32:50.959,0.00,0.00,0.00,0.00,0,0
2026-06-12 20:32:51.009,0.00,0.00,0.00,0.00,0,0
2026-06-12 20:32:51.060,0.00,0.00,0.00,0.00,0,0
2026-06-12 20:32:51.112,0.00,0.00,0.00,0.00,0,0
2026-06-12 20:32:51.160,0.00,0.00,0.00,0.00,0,0
2026-06-12 20:32:51.211,0.00,0.00,0.00,0.00,2,0
2026-06-12 20:32:51.261,0.00,0.00,0.00,0.00,2,0
2026-06-12 20:32:51.311,0.00,0.00,0.00,0.00,2,0
2026-06-12 20:32:51.362,0.00,0.00,0.00,0.00,2,0
2026-06-12 20:32:51.412,0.00,0.00,0.00,0.00,2,0
2026-06-12 20:32:51.463,0.00,0.00,0.00,0.00,2,0
2026-06-12 20:32:51.513,0.00,0.00,0.00,0.00,2,0
2026-06-12 20:32:51.563,0.00,0.00,0.00,0.00,2,0
2026-06-12 20:32:51.614,0.00,0.00,0.00,0.00,2,0
2026-06-12 20:32:51.664,0.00,0.00,0.00,0.00,2,0
2026-06-12 20:32:51.715,0.00,0.00,0.00,0.00,2,0
2026-06-12 20:32:51.765,0.00,0.00,0.00,0.00,2,0
2026-06-12 20:32:51.815,0.00,0.00,0.00,0.00,2,0
2026-06-12 20:32:51.866,0.00,0.00,0.00,0.00,2,0
2026-06-12 20:32:51.916,0.00,0.00,0.00,0.00,2,0
2026-06-12 20:32:51.967,0.00,0.00,0.00,0.00,2,0
2026-06-12 20:32:52.018,0.00,0.00,0.00,0.00,2,0
2026-06-12 20:32:52.068,0.00,0.00,0.00,0.00,2,0
2026-06-12 20:32:52.118,0.00,0.00,0.00,0.00,2,0
2026-06-12 20:32:52.168,0.00,0.00,0.00,0.00,2,0
2026-06-12 20:32:52.219,0.00,0.00,0.00,0.00,2,0
2026-06-12 20:32:52.269,0.00,0.00,0.00,0.00,2,0
2026-06-12 20:32:52.320,0.00,0.00,0.00,0.00,2,0
2026-06-12 20:32:52.370,0.00,0.00,0.00,0.00,2,0
2026-06-12 20:32:52.420,0.00,0.00,0.00,0.00,2,0
2026-06-12 20:32:52.472,0.00,0.00,0.00,0.00,2,0
2026-06-12 20:32:52.521,0.00,0.00,0.00,0.00,2,0
2026-06-12 20:32:52.571,0.00,0.00,0.00,0.00,2,0
2026-06-12 20:32:52.623,0.00,0.00,0.00,0.00,2,0
2026-06-12 20:32:52.672,0.00,0.00,0.00,0.00,2,0
2026-06-12 20:32:52.723,0.00,0.00,0.00,0.00,2,0
2026-06-12 20:32:52.773,0.00,0.00,0.00,0.00,2,0
2026-06-12 20:32:52.824,0.00,0.00,0.00,0.00,2,0
2026-06-12 20:32:52.874,0.00,0.00,0.00,0.00,2,0
2026-06-12 20:32:52.924,0.00,0.00,0.00,0.00,2,0
2026-06-12 20:32:52.975,0.00,0.00,0.00,0.00,2,0
2026-06-12 20:32:53.025,0.00,0.00,0.00,0.00,2,0
2026-06-12 20:32:53.076,0.00,0.00,0.00,0.00,2,0
2026-06-12 20:32:53.126,0.00,0.00,0.00,0.00,2,0
2026-06-12 20:32:53.176,0.00,0.00,0.00,0.00,2,0
2026-06-12 20:32:53.227,0.00,0.00,0.00,0.00,2,0
2026-06-12 20:32:53.277,0.00,0.00,0.00,0.00,2,0
2026-06-12 20:32:53.328,0.00,0.00,0.00,0.00,2,0
2026-06-12 20:32:53.378,0.00,0.00,0.00,0.00,2,0
2026-06-12 20:32:53.428,0.00,0.00,0.00,0.00,2,0
2026-06-12 20:32:53.479,0.00,0.00,0.00,0.00,2,0
2026-06-12 20:32:53.529,0.00,0.00,0.00,0.00,2,0
2026-06-12 20:32:53.580,0.00,0.00,0.00,0.00,2,0
2026-06-12 20:32:53.630,0.00,0.00,0.00,0.00,2,0
2026-06-12 20:32:53.681,0.00,0.00,0.00,0.00,2,0
2026-06-12 20:32:53.732,0.00,0.00,0.00,0.00,2,0
2026-06-12 20:32:53.782,0.00,0.00,0.00,0.00,2,0
2026-06-12 20:32:53.831,0.00,0.00,0.00,0.00,2,0
2026-06-12 20:32:53.882,0.00,0.00,0.00,0.00,2,0
2026-06-12 20:32:53.932,0.00,0.00,0.00,0.00,2,0
2026-06-12 20:32:53.983,0.00,0.00,0.00,0.00,2,0
2026-06-12 20:32:54.033,0.00,0.00,0.00,0.00,2,0
2026-06-12 20:32:54.083,0.00,0.00,0.00,0.00,2,0
2026-06-12 20:32:54.134,0.00,0.00,0.00,0.00,2,0
2026-06-12 20:32:54.188,0.00,0.00,0.00,0.00,2,0
2026-06-12 20:32:54.235,0.00,0.00,0.00,0.00,2,0
2026-06-12 20:32:54.285,0.00,0.00,0.00,0.00,2,0
2026-06-12 20:32:54.335,0.00,0.00,0.00,0.00,2,0
2026-06-12 20:32:54.386,0.00,0.00,0.00,0.00,2,0
2026-06-12 20:32:54.437,0.00,0.00,0.00,0.00,2,0
2026-06-12 20:32:54.487,0.00,0.00,0.00,0.00,2,0
2026-06-12 20:32:54.537,0.00,0.00,0.00,0.00,2,0
2026-06-12 20:32:54.588,0.00,0.00,0.00,0.00,2,0
2026-06-12 20:32:54.638,0.00,0.00,0.00,0.00,2,0
2026-06-12 20:32:54.688,0.00,0.00,0.00,0.00,2,0
2026-06-12 20:32:54.739,0.00,0.00,0.00,0.00,2,0
2026-06-12 20:32:54.789,0.00,0.00,0.00,0.00,2,0
2026-06-12 20:32:54.839,0.00,0.00,0.00,0.00,2,0
2026-06-12 20:32:54.890,0.00,0.00,0.00,0.00,2,0
2026-06-12 20:32:54.940,0.00,0.00,0.00,0.00,2,0
2026-06-12 20:32:54.991,0.00,0.00,0.00,0.00,2,0
2026-06-12 20:32:55.042,0.00,0.00,0.00,0.00,2,0
2026-06-12 20:32:55.092,0.00,0.00,0.00,0.00,2,0
2026-06-12 20:32:55.142,0.00,0.00,0.00,0.00,2,0
2026-06-12 20:32:55.192,0.00,0.00,0.00,0.00,2,0
2026-06-12 20:32:55.243,0.00,0.00,0.00,0.00,2,0
2026-06-12 20:32:55.294,0.00,0.00,0.00,0.00,2,0
2026-06-12 20:32:55.343,0.00,0.00,0.00,0.00,2,0
2026-06-12 20:32:55.394,0.00,0.00,0.00,0.00,2,0
2026-06-12 20:32:55.447,0.00,0.00,0.00,0.00,2,0
2026-06-12 20:32:55.495,0.00,0.00,0.00,0.00,2,0
2026-06-12 20:32:55.545,0.00,0.00,0.00,0.00,2,0
2026-06-12 20:32:55.595,0.00,0.00,0.00,0.00,2,0
2026-06-12 20:32:55.646,0.00,0.00,0.00,0.00,2,0
2026-06-12 20:32:55.700,0.00,0.00,0.00,0.00,2,0
2026-06-12 20:32:55.747,0.00,0.00,0.00,0.00,2,0
2026-06-12 20:32:55.797,0.00,0.00,0.00,0.00,2,0
2026-06-12 20:32:55.847,0.00,0.00,0.00,0.00,2,0
2026-06-12 20:32:55.898,0.00,0.00,0.00,0.00,2,0
2026-06-12 20:32:55.948,0.00,0.00,0.00,0.00,2,0
2026-06-12 20:32:55.999,0.00,0.00,0.00,0.00,2,0
2026-06-12 20:32:56.049,0.00,0.00,0.00,0.00,2,0
2026-06-12 20:32:56.099,0.00,0.00,0.00,0.00,2,0
2026-06-12 20:32:56.151,0.00,0.00,0.00,0.00,2,0
2026-06-12 20:32:56.200,0.00,0.00,0.00,0.00,2,0
2026-06-12 20:32:56.251,0.00,0.00,0.00,0.00,2,0
2026-06-12 20:32:56.309,0.00,0.00,0.00,0.00,2,0
2026-06-12 20:32:56.351,0.00,0.00,0.00,0.00,2,0
2026-06-12 20:32:56.404,0.00,0.00,0.00,0.00,2,0
2026-06-12 20:32:56.452,0.00,0.00,0.00,0.00,2,0
2026-06-12 20:32:56.503,0.00,0.00,0.00,0.00,2,0
2026-06-12 20:32:56.553,0.00,0.00,0.00,0.00,2,0
2026-06-12 20:32:56.603,0.00,0.00,0.00,0.00,2,0
2026-06-12 20:32:56.654,0.00,0.00,0.00,0.00,2,0
2026-06-12 20:32:56.704,0.00,0.00,0.00,0.00,2,0
2026-06-12 20:32:56.755,0.00,0.00,0.00,0.00,2,0
2026-06-12 20:32:56.805,0.00,0.00,0.00,0.00,2,0
2026-06-12 20:32:56.857,0.00,0.00,0.00,0.00,2,0
2026-06-12 20:32:56.906,0.00,0.00,0.00,0.00,2,0
2026-06-12 20:32:56.956,0.00,0.00,0.00,0.00,2,0
2026-06-12 20:32:57.007,0.00,0.00,0.00,0.00,2,0
2026-06-12 20:32:57.058,0.00,0.00,0.00,0.00,2,0
2026-06-12 20:32:57.108,0.00,0.00,0.00,0.00,2,0
2026-06-12 20:32:57.158,0.00,0.00,0.00,0.00,2,0
2026-06-12 20:32:57.208,0.00,0.00,0.00,0.00,2,0
2026-06-12 20:32:57.259,0.00,0.00,0.00,0.00,2,0
2026-06-12 20:32:57.309,0.00,0.00,0.00,0.00,2,0
2026-06-12 20:32:57.359,0.00,0.00,0.00,0.00,2,0
2026-06-12 20:32:57.410,0.00,0.00,0.00,0.00,2,0
2026-06-12 20:32:57.460,0.00,0.00,0.00,0.00,2,0
2026-06-12 20:32:57.511,0.00,0.00,0.00,0.00,2,0
2026-06-12 20:32:57.562,0.00,0.00,0.00,0.00,2,0
2026-06-12 20:32:57.612,0.00,0.00,0.00,0.00,2,0
2026-06-12 20:32:57.662,0.00,0.00,0.00,0.00,2,0
2026-06-12 20:32:57.712,0.00,0.00,0.00,0.00,2,0
2026-06-12 20:32:57.763,0.00,0.00,0.00,0.00,2,0
2026-06-12 20:32:57.813,0.00,0.00,0.00,0.00,2,0
2026-06-12 20:32:57.864,0.00,0.00,0.00,0.00,2,0
2026-06-12 20:32:57.914,0.00,0.00,0.00,0.00,2,0
2026-06-12 20:32:57.964,0.00,0.00,0.00,0.00,2,0
2026-06-12 20:32:58.015,0.00,0.00,0.00,0.00,2,0
2026-06-12 20:32:58.065,0.00,0.00,0.00,0.00,2,0
2026-06-12 20:32:58.115,0.00,0.00,0.00,0.00,2,0
2026-06-12 20:32:58.166,0.00,0.00,0.00,0.00,2,0
2026-06-12 20:32:58.216,0.00,0.00,0.00,0.00,2,0
2026-06-12 20:32:58.267,0.00,0.00,0.00,0.00,2,0
2026-06-12 20:32:58.317,0.00,0.00,0.00,0.00,2,0
2026-06-12 20:32:58.367,0.00,0.00,0.00,0.00,2,0
2026-06-12 20:32:58.418,0.00,0.00,0.00,0.00,2,0
2026-06-12 20:32:58.468,0.00,0.00,0.00,0.00,2,0
2026-06-12 20:32:58.519,0.00,0.00,0.00,0.00,2,0
2026-06-12 20:32:58.569,0.00,0.00,0.00,0.00,2,0
2026-06-12 20:32:58.619,0.00,0.00,0.00,0.00,2,0
2026-06-12 20:32:58.670,0.00,0.00,0.00,0.00,2,0
2026-06-12 20:32:58.724,0.00,0.00,0.00,0.00,2,0
2026-06-12 20:32:58.770,0.00,0.00,0.00,0.00,2,0
2026-06-12 20:32:58.822,0.00,0.00,0.00,0.00,2,0
2026-06-12 20:32:58.872,0.00,0.00,0.00,0.00,2,0
2026-06-12 20:32:58.922,0.00,0.00,0.00,0.00,2,0
2026-06-12 20:32:58.976,0.00,0.00,0.00,0.00,2,0
2026-06-12 20:32:59.023,0.00,0.00,0.00,0.00,2,0
2026-06-12 20:32:59.077,0.00,0.00,0.00,0.00,2,0
2026-06-12 20:32:59.123,0.00,0.00,0.00,0.00,2,0
2026-06-12 20:32:59.174,0.00,0.00,0.00,0.00,2,0
2026-06-12 20:32:59.225,0.00,0.00,0.00,0.00,2,0
2026-06-12 20:32:59.275,0.00,0.00,0.00,0.00,2,0
2026-06-12 20:32:59.325,0.00,0.00,0.00,0.00,2,0
2026-06-12 20:32:59.375,0.00,0.00,0.00,0.00,2,0
2026-06-12 20:32:59.426,0.00,0.00,0.00,0.00,2,0
2026-06-12 20:32:59.476,0.00,0.00,0.00,0.00,2,0
2026-06-12 20:32:59.528,0.00,0.00,0.00,0.00,2,0
2026-06-12 20:32:59.577,0.00,0.00,0.00,0.00,2,0
2026-06-12 20:32:59.627,0.00,0.00,0.00,0.00,2,0
2026-06-12 20:32:59.678,0.00,0.00,0.00,0.00,2,0
2026-06-12 20:32:59.728,0.00,0.00,0.00,0.00,2,0
2026-06-12 20:32:59.779,0.00,0.00,0.00,0.00,2,0
2026-06-12 20:32:59.829,0.00,0.00,0.00,0.00,2,0
2026-06-12 20:32:59.879,0.00,0.00,0.00,0.00,2,0
2026-06-12 20:32:59.930,0.00,0.00,0.00,0.00,2,0
2026-06-12 20:32:59.980,0.00,0.00,0.00,0.00,2,0
2026-06-12 20:33:00.031,0.00,0.00,0.00,0.00,2,0
2026-06-12 20:33:00.082,0.00,0.00,0.00,0.00,2,0
2026-06-12 20:33:00.132,0.00,0.00,0.00,0.00,2,0
2026-06-12 20:33:00.184,0.00,0.00,0.00,0.00,2,0
2026-06-12 20:33:00.232,0.00,0.00,0.00,0.00,2,0
2026-06-12 20:33:00.282,0.00,0.00,0.00,0.00,2,0
2026-06-12 20:33:00.333,0.00,0.00,0.00,0.00,2,0
2026-06-12 20:33:00.383,0.00,0.00,0.00,0.00,2,0
2026-06-12 20:33:00.434,0.00,0.00,0.00,0.00,2,0
2026-06-12 20:33:00.484,0.00,0.00,0.00,0.00,2,0
2026-06-12 20:33:00.535,0.00,0.00,0.00,0.00,2,0
2026-06-12 20:33:00.585,0.00,0.00,0.00,0.00,2,0
2026-06-12 20:33:00.635,0.00,0.00,0.00,0.00,2,0
2026-06-12 20:33:00.686,0.00,0.00,0.00,0.00,2,0
2026-06-12 20:33:00.736,0.04,0.00,0.00,0.00,2,0
2026-06-12 20:33:00.787,0.04,0.00,1.18,0.35,2,0
2026-06-12 20:33:00.837,0.04,0.00,1.18,0.35,2,0
2026-06-12 20:33:00.887,0.04,0.00,1.18,0.35,2,0
2026-06-12 20:33:00.938,0.04,0.00,1.18,0.35,2,0
2026-06-12 20:33:00.988,0.04,0.00,1.18,0.35,2,0
2026-06-12 20:33:01.039,0.04,0.00,1.18,0.35,2,0
2026-06-12 20:33:01.089,0.04,0.00,1.18,0.35,2,0
2026-06-12 20:33:01.139,0.04,0.00,1.18,0.35,2,0
2026-06-12 20:33:01.190,0.04,0.00,1.18,0.35,2,0
2026-06-12 20:33:01.243,0.04,0.00,1.18,0.35,2,0
2026-06-12 20:33:01.291,0.04,0.00,1.18,0.35,2,0
2026-06-12 20:33:01.341,0.04,0.00,1.18,0.35,2,0
2026-06-12 20:33:01.391,0.04,0.00,1.18,0.35,2,0
2026-06-12 20:33:01.442,0.04,0.00,1.18,0.35,2,0
2026-06-12 20:33:01.494,0.04,0.00,1.18,0.35,2,0
2026-06-12 20:33:01.542,0.04,0.00,1.18,0.35,2,0
2026-06-12 20:33:01.593,0.04,0.00,1.18,0.35,2,0
2026-06-12 20:33:01.643,0.04,0.00,1.18,0.35,2,0
2026-06-12 20:33:01.694,0.04,0.00,1.18,0.35,2,0
2026-06-12 20:33:01.744,0.04,0.00,1.18,0.35,2,0
2026-06-12 20:33:01.795,0.04,0.00,1.18,0.35,2,0
2026-06-12 20:33:01.845,0.04,0.00,1.18,0.35,2,0
2026-06-12 20:33:01.895,0.04,0.00,1.18,0.35,2,0
2026-06-12 20:33:01.946,0.04,0.00,1.18,0.35,2,0
2026-06-12 20:33:01.996,0.04,0.00,1.18,0.35,2,0
2026-06-12 20:33:02.046,0.04,0.00,1.18,0.35,2,0
2026-06-12 20:33:02.097,0.04,0.00,1.18,0.35,2,0
2026-06-12 20:33:02.147,0.04,0.00,1.18,0.35,2,0
2026-06-12 20:33:02.198,0.04,0.00,1.18,0.35,2,0
2026-06-12 20:33:02.248,0.04,0.00,1.18,0.35,2,0
2026-06-12 20:33:02.298,0.04,0.00,1.18,0.35,2,0
2026-06-12 20:33:02.349,0.04,0.00,1.18,0.35,2,0
2026-06-12 20:33:02.401,0.04,0.00,1.18,0.35,2,0
2026-06-12 20:33:02.450,0.04,0.00,1.18,0.35,2,0
2026-06-12 20:33:02.505,0.04,0.00,1.18,0.35,2,0
2026-06-12 20:33:02.551,0.04,0.00,1.18,0.35,2,0
2026-06-12 20:33:02.602,0.04,0.00,1.18,0.35,2,0
2026-06-12 20:33:02.652,0.04,0.00,1.18,0.35,2,0
2026-06-12 20:33:02.702,0.00,0.00,1.18,0.35,2,0
2026-06-12 20:33:02.753,0.00,0.00,0.00,0.00,2,0
2026-06-12 20:33:02.802,0.00,0.00,0.00,0.00,2,0
2026-06-12 20:33:02.853,0.00,0.00,0.00,0.00,2,0
2026-06-12 20:33:02.903,0.00,0.00,0.00,0.00,2,0
2026-06-12 20:33:02.954,0.00,0.00,0.00,0.00,2,0
2026-06-12 20:33:03.004,0.00,0.00,0.00,0.00,2,0
2026-06-12 20:33:03.055,0.00,0.00,0.00,0.00,2,0
2026-06-12 20:33:03.105,0.00,0.00,0.00,0.00,2,0
2026-06-12 20:33:03.155,0.00,0.00,0.00,0.00,2,0
2026-06-12 20:33:03.206,0.00,0.00,0.00,0.00,2,0
2026-06-12 20:33:03.256,0.00,0.00,0.00,0.00,2,0
2026-06-12 20:33:03.306,0.00,0.00,0.00,0.00,2,0
2026-06-12 20:33:03.357,0.00,0.00,0.00,0.00,2,0
2026-06-12 20:33:03.408,0.00,0.00,0.00,0.00,2,0
2026-06-12 20:33:03.458,0.00,0.00,0.00,0.00,2,0
2026-06-12 20:33:03.508,0.00,0.00,0.00,0.00,2,0
2026-06-12 20:33:03.558,0.00,0.00,0.00,0.00,2,0
2026-06-12 20:33:03.609,0.00,0.00,0.00,0.00,2,0
2026-06-12 20:33:03.659,0.00,0.00,0.00,0.00,2,0
2026-06-12 20:33:03.710,0.00,0.00,0.00,0.00,2,0
2026-06-12 20:33:03.760,0.00,0.00,0.00,0.00,2,0
2026-06-12 20:33:03.810,0.00,0.00,0.00,0.00,2,0
2026-06-12 20:33:03.862,0.00,0.00,0.00,0.00,2,0
2026-06-12 20:33:03.912,0.00,0.00,0.00,0.00,2,0
2026-06-12 20:33:03.962,0.00,0.00,0.00,0.00,2,0
2026-06-12 20:33:04.012,0.03,0.00,0.00,0.00,2,0
2026-06-12 20:33:04.062,0.03,0.00,1.06,0.32,2,0
2026-06-12 20:33:04.113,0.03,0.00,1.06,0.32,2,0
2026-06-12 20:33:04.164,0.03,0.00,1.06,0.32,2,0
2026-06-12 20:33:04.214,0.03,0.00,1.06,0.32,2,0
2026-06-12 20:33:04.264,0.03,0.00,1.06,0.32,2,0
2026-06-12 20:33:04.314,0.03,0.00,1.06,0.32,2,0
2026-06-12 20:33:04.365,0.03,0.00,1.06,0.32,2,0
2026-06-12 20:33:04.420,0.06,0.00,1.06,0.32,2,0
2026-06-12 20:33:04.466,0.06,0.00,1.05,0.54,2,0
2026-06-12 20:33:04.520,0.06,0.00,1.05,0.54,2,0
2026-06-12 20:33:04.566,0.06,0.00,1.05,0.54,2,0
2026-06-12 20:33:04.622,0.06,0.00,1.05,0.54,2,0
2026-06-12 20:33:04.667,0.06,0.00,1.05,0.54,2,0
2026-06-12 20:33:04.718,0.06,0.00,1.05,0.54,2,0
2026-06-12 20:33:04.768,0.06,0.00,1.05,0.54,2,0
2026-06-12 20:33:04.818,0.06,0.00,1.05,0.54,2,0
2026-06-12 20:33:04.869,0.08,0.00,1.05,0.54,2,0
2026-06-12 20:33:04.919,0.08,0.00,1.10,0.70,2,0
2026-06-12 20:33:04.970,0.08,0.00,1.10,0.70,2,0
2026-06-12 20:33:05.020,0.08,0.00,1.10,0.70,2,0
2026-06-12 20:33:05.071,0.08,0.00,1.10,0.70,2,0
2026-06-12 20:33:05.121,0.08,0.00,1.10,0.70,2,0
2026-06-12 20:33:05.172,0.08,0.00,1.10,0.70,2,0
2026-06-12 20:33:05.223,0.08,0.00,1.10,0.70,2,0
2026-06-12 20:33:05.272,0.08,0.00,1.10,0.70,2,0
2026-06-12 20:33:05.323,0.08,0.00,1.10,0.70,2,0
2026-06-12 20:33:05.373,0.08,0.00,1.10,0.70,2,0
2026-06-12 20:33:05.424,0.26,0.02,1.10,0.70,2,0
2026-06-12 20:33:05.474,0.26,0.02,6.38,2.41,2,0
2026-06-12 20:33:05.524,0.26,0.02,6.38,2.41,2,0
2026-06-12 20:33:05.575,0.26,0.02,6.38,2.41,2,0
2026-06-12 20:33:05.625,0.26,0.02,6.38,2.41,2,0
2026-06-12 20:33:05.675,0.26,0.02,6.38,2.41,2,0
2026-06-12 20:33:05.726,0.26,0.02,6.38,2.41,2,0
2026-06-12 20:33:05.776,0.26,0.02,6.38,2.41,2,0
2026-06-12 20:33:05.827,0.26,0.02,6.38,2.41,2,0
2026-06-12 20:33:05.877,0.26,0.02,6.38,2.41,2,0
2026-06-12 20:33:05.927,0.26,0.02,6.38,2.41,2,0
2026-06-12 20:33:05.978,0.26,0.02,6.38,2.41,2,0
2026-06-12 20:33:06.028,0.26,0.02,6.38,2.41,2,0
2026-06-12 20:33:06.080,0.26,0.02,6.38,2.41,2,0
2026-06-12 20:33:06.129,0.26,0.02,6.38,2.41,2,0
2026-06-12 20:33:06.179,0.26,0.02,6.38,2.41,2,0
2026-06-12 20:33:06.230,0.26,0.02,6.38,2.41,2,0
2026-06-12 20:33:06.280,0.26,0.02,6.38,2.41,2,0
2026-06-12 20:33:06.331,0.26,0.02,6.38,2.41,2,0
2026-06-12 20:33:06.382,0.26,0.02,6.38,2.41,2,0
2026-06-12 20:33:06.431,0.26,0.02,6.38,2.41,2,0
2026-06-12 20:33:06.482,0.26,0.02,6.38,2.41,2,0
2026-06-12 20:33:06.532,0.26,0.02,6.38,2.41,2,0
2026-06-12 20:33:06.584,0.26,0.02,6.38,2.41,2,0
2026-06-12 20:33:06.633,0.26,0.02,6.38,2.41,2,0
2026-06-12 20:33:06.683,0.26,0.02,6.38,2.41,2,0
2026-06-12 20:33:06.734,0.26,0.02,6.38,2.41,2,0
2026-06-12 20:33:06.784,0.26,0.02,6.38,2.41,2,0
2026-06-12 20:33:06.835,0.26,0.02,6.38,2.41,2,0
2026-06-12 20:33:06.898,0.26,0.02,6.38,2.41,2,0
2026-06-12 20:33:06.936,0.26,0.02,6.38,2.41,2,0
2026-06-12 20:33:06.986,0.26,0.02,6.38,2.41,2,0
2026-06-12 20:33:07.036,0.26,0.02,6.38,2.41,2,0
2026-06-12 20:33:07.087,0.26,0.02,6.38,2.41,2,0
2026-06-12 20:33:07.137,0.26,0.02,6.38,2.41,2,0
2026-06-12 20:33:07.187,0.26,0.02,6.38,2.41,2,0
2026-06-12 20:33:07.238,0.26,0.02,6.38,2.41,2,0
2026-06-12 20:33:07.288,0.26,0.02,6.38,2.41,2,0
2026-06-12 20:33:07.339,0.26,0.02,6.38,2.41,2,0
2026-06-12 20:33:07.389,0.26,0.02,6.38,2.41,2,0
2026-06-12 20:33:07.440,0.00,0.00,6.38,2.41,2,0
2026-06-12 20:33:07.490,0.00,0.00,0.00,0.00,2,0
2026-06-12 20:33:07.540,0.00,0.00,0.00,0.00,2,0
2026-06-12 20:33:07.591,0.00,0.00,0.00,0.00,2,0
2026-06-12 20:33:07.641,0.00,0.00,0.00,0.00,2,0
2026-06-12 20:33:07.692,0.00,0.00,0.00,0.00,2,0
2026-06-12 20:33:07.742,0.00,0.00,0.00,0.00,2,0
2026-06-12 20:33:07.792,0.00,0.00,0.00,0.00,2,0
2026-06-12 20:33:07.843,0.00,0.00,0.00,0.00,2,0
2026-06-12 20:33:07.893,0.00,0.00,0.00,0.00,2,0
2026-06-12 20:33:07.943,0.00,0.00,0.00,0.00,2,0
2026-06-12 20:33:07.995,0.00,0.00,0.00,0.00,2,0
2026-06-12 20:33:08.044,0.00,0.00,0.00,0.00,2,0
2026-06-12 20:33:08.100,0.00,0.00,0.00,0.00,2,0
2026-06-12 20:33:08.145,0.00,0.00,0.00,0.00,2,0
2026-06-12 20:33:08.195,0.00,0.00,0.00,0.00,2,0
2026-06-12 20:33:08.246,0.00,0.00,0.00,0.00,2,0
2026-06-12 20:33:08.296,0.00,0.00,0.00,0.00,2,0
2026-06-12 20:33:08.347,0.00,0.00,0.00,0.00,2,0
2026-06-12 20:33:08.397,0.00,0.00,0.00,0.00,2,0
2026-06-12 20:33:08.447,0.00,0.00,0.00,0.00,2,0
2026-06-12 20:33:08.498,0.00,0.00,0.00,0.00,2,0
2026-06-12 20:33:08.548,0.00,0.00,0.00,0.00,2,0
2026-06-12 20:33:08.599,0.00,0.00,0.00,0.00,2,0
2026-06-12 20:33:08.649,0.00,0.00,0.00,0.00,2,0
2026-06-12 20:33:08.700,0.00,0.00,0.00,0.00,2,0
2026-06-12 20:33:08.750,0.00,0.00,0.00,0.00,2,0
2026-06-12 20:33:08.800,0.00,0.00,0.00,0.00,2,0
2026-06-12 20:33:08.851,0.00,0.00,0.00,0.00,2,0
2026-06-12 20:33:08.902,0.00,0.00,0.00,0.00,2,0
2026-06-12 20:33:08.952,0.00,0.00,0.00,0.00,2,0
2026-06-12 20:33:09.002,0.00,0.00,0.00,0.00,2,0
2026-06-12 20:33:09.053,0.00,0.00,0.00,0.00,2,0
2026-06-12 20:33:09.103,0.00,0.00,0.00,0.00,2,0
2026-06-12 20:33:09.153,0.00,0.00,0.00,0.00,2,0
2026-06-12 20:33:09.203,0.00,0.00,0.00,0.00,2,0
2026-06-12 20:33:09.254,0.00,0.00,0.00,0.00,2,0
2026-06-12 20:33:09.304,0.00,0.00,0.00,0.00,2,0
2026-06-12 20:33:09.360,0.00,0.00,0.00,0.00,2,0
2026-06-12 20:33:09.405,0.00,0.00,0.00,0.00,2,0
2026-06-12 20:33:09.455,0.00,0.00,0.00,0.00,2,0
2026-06-12 20:33:09.506,0.00,0.00,0.00,0.00,2,0
2026-06-12 20:33:09.556,0.00,0.00,0.00,0.00,2,0
2026-06-12 20:33:09.607,0.00,0.00,0.00,0.00,2,0
2026-06-12 20:33:09.657,0.00,0.00,0.00,0.00,2,0
2026-06-12 20:33:09.707,0.00,0.00,0.00,0.00,2,0
2026-06-12 20:33:09.758,0.00,0.00,0.00,0.00,2,0
2026-06-12 20:33:09.808,0.00,0.00,0.00,0.00,2,0
2026-06-12 20:33:09.859,0.00,0.00,0.00,0.00,2,0
2026-06-12 20:33:09.909,0.00,0.00,0.00,0.00,2,0
2026-06-12 20:33:09.959,0.00,0.00,0.00,0.00,2,0
2026-06-12 20:33:10.010,0.00,0.00,0.00,0.00,2,0
2026-06-12 20:33:10.060,0.00,0.00,0.00,0.00,2,0
2026-06-12 20:33:10.111,0.00,0.00,0.00,0.00,2,0
2026-06-12 20:33:10.162,0.00,0.00,0.00,0.00,2,0
2026-06-12 20:33:10.212,0.00,0.00,0.00,0.00,2,0
2026-06-12 20:33:10.262,0.00,0.00,0.00,0.00,2,0
2026-06-12 20:33:10.312,0.00,0.00,0.00,0.00,2,0
2026-06-12 20:33:10.363,0.00,0.00,0.00,0.00,2,0
2026-06-12 20:33:10.413,0.00,0.00,0.00,0.00,2,0
2026-06-12 20:33:10.463,0.00,0.00,0.00,0.00,2,0
2026-06-12 20:33:10.514,0.00,0.00,0.00,0.00,2,0
2026-06-12 20:33:10.576,0.00,0.00,0.00,0.00,2,0
2026-06-12 20:33:10.614,0.00,0.00,0.00,0.00,2,0
2026-06-12 20:33:10.665,0.00,0.00,0.00,0.00,2,0
2026-06-12 20:33:10.719,0.00,0.00,0.00,0.00,2,0
2026-06-12 20:33:10.766,0.00,0.00,0.00,0.00,2,0
2026-06-12 20:33:10.816,0.00,0.00,0.00,0.00,2,0
2026-06-12 20:33:10.867,0.00,0.00,0.00,0.00,2,0
2026-06-12 20:33:10.918,0.00,0.00,0.00,0.00,2,0
2026-06-12 20:33:10.967,0.00,0.00,0.00,0.00,2,0
2026-06-12 20:33:11.018,0.00,0.00,0.00,0.00,2,0
2026-06-12 20:33:11.068,0.00,0.00,0.00,0.00,2,0
2026-06-12 20:33:11.119,0.00,0.00,0.00,0.00,2,0
2026-06-12 20:33:11.169,0.00,0.00,0.00,0.00,2,0
2026-06-12 20:33:11.219,0.00,0.00,0.00,0.00,2,0
2026-06-12 20:33:11.270,0.00,0.00,0.00,0.00,2,0
2026-06-12 20:33:11.320,0.00,0.00,0.00,0.00,2,0
2026-06-12 20:33:11.371,0.00,0.00,0.00,0.00,2,0
2026-06-12 20:33:11.423,0.00,0.00,0.00,0.00,2,0
2026-06-12 20:33:11.472,0.00,0.00,0.00,0.00,2,0
2026-06-12 20:33:11.522,0.00,0.00,0.00,0.00,2,0
2026-06-12 20:33:11.572,0.00,0.00,0.00,0.00,2,0
2026-06-12 20:33:11.623,0.00,0.00,0.00,0.00,2,0
2026-06-12 20:33:11.673,0.00,0.00,0.00,0.00,2,0
2026-06-12 20:33:11.723,0.00,0.00,0.00,0.00,2,0
2026-06-12 20:33:11.778,0.00,0.00,0.00,0.00,2,0
2026-06-12 20:33:11.824,0.00,0.00,0.00,0.00,2,0
2026-06-12 20:33:11.874,0.00,0.00,0.00,0.00,2,0
2026-06-12 20:33:11.925,0.00,0.00,0.00,0.00,2,0
2026-06-12 20:33:11.975,0.00,0.00,0.00,0.00,2,0
2026-06-12 20:33:12.026,0.00,0.00,0.00,0.00,2,0
2026-06-12 20:33:12.076,0.00,0.00,0.00,0.00,2,0
2026-06-12 20:33:12.127,0.00,0.00,0.00,0.00,2,0
2026-06-12 20:33:12.177,0.00,0.00,0.00,0.00,2,0
2026-06-12 20:33:12.227,0.00,0.00,0.00,0.00,2,0
2026-06-12 20:33:12.278,0.00,0.00,0.00,0.00,2,0
2026-06-12 20:33:12.328,0.00,0.00,0.00,0.00,2,0
2026-06-12 20:33:12.379,0.00,0.00,0.00,0.00,2,0
2026-06-12 20:33:12.429,0.00,0.00,0.00,0.00,2,0
2026-06-12 20:33:12.479,0.00,0.00,0.00,0.00,2,0
2026-06-12 20:33:12.530,0.00,0.00,0.00,0.00,2,0
2026-06-12 20:33:12.580,0.00,0.00,0.00,0.00,2,0
2026-06-12 20:33:12.631,0.00,0.00,0.00,0.00,2,0
2026-06-12 20:33:12.682,0.00,0.00,0.00,0.00,2,0
2026-06-12 20:33:12.732,0.00,0.00,0.00,0.00,2,0
2026-06-12 20:33:12.782,0.00,0.00,0.00,0.00,2,0
2026-06-12 20:33:12.832,0.00,0.00,0.00,0.00,2,0
2026-06-12 20:33:12.882,0.00,0.00,0.00,0.00,2,0
2026-06-12 20:33:12.933,0.00,0.00,0.00,0.00,2,0
2026-06-12 20:33:12.983,0.00,0.00,0.00,0.00,2,0
2026-06-12 20:33:13.034,0.00,0.00,0.00,0.00,2,0
2026-06-12 20:33:13.084,0.00,0.00,0.00,0.00,2,0
2026-06-12 20:33:13.134,0.00,0.00,0.00,0.00,2,0
2026-06-12 20:33:13.185,0.00,0.00,0.00,0.00,2,0
2026-06-12 20:33:13.235,0.00,0.00,0.00,0.00,2,0
2026-06-12 20:33:13.286,0.00,0.00,0.00,0.00,2,0
2026-06-12 20:33:13.336,0.00,0.00,0.00,0.00,2,0
2026-06-12 20:33:13.386,0.00,0.00,0.00,0.00,2,0
2026-06-12 20:33:13.437,0.00,0.00,0.00,0.00,2,0
2026-06-12 20:33:13.487,0.00,0.00,0.00,0.00,2,0
2026-06-12 20:33:13.540,0.00,0.00,0.00,0.00,2,0
2026-06-12 20:33:13.588,0.00,0.00,0.00,0.00,2,0
2026-06-12 20:33:13.638,0.00,0.00,0.00,0.00,2,0
2026-06-12 20:33:13.689,0.00,0.00,0.00,0.00,2,0
2026-06-12 20:33:13.739,0.00,0.00,0.00,0.00,2,0
2026-06-12 20:33:13.791,0.00,0.00,0.00,0.00,2,0
2026-06-12 20:33:13.840,0.00,0.00,0.00,0.00,2,0
2026-06-12 20:33:13.890,0.00,0.00,0.00,0.00,2,0
2026-06-12 20:33:13.942,0.00,0.00,0.00,0.00,2,0
2026-06-12 20:33:13.992,0.00,0.00,0.00,0.00,2,0
2026-06-12 20:33:14.042,0.00,0.00,0.00,0.00,2,0
2026-06-12 20:33:14.092,0.00,0.00,0.00,0.00,2,0
2026-06-12 20:33:14.142,0.00,0.00,0.00,0.00,2,0
2026-06-12 20:33:14.193,0.00,0.00,0.00,0.00,2,0
2026-06-12 20:33:14.243,0.00,0.00,0.00,0.00,2,0
2026-06-12 20:33:14.294,0.00,0.00,0.00,0.00,2,0
2026-06-12 20:33:14.344,0.00,0.00,0.00,0.00,2,0
2026-06-12 20:33:14.394,0.00,0.00,0.00,0.00,2,0
2026-06-12 20:33:14.445,0.00,0.00,0.00,0.00,2,0
2026-06-12 20:33:14.495,0.00,0.00,0.00,0.00,2,0
2026-06-12 20:33:14.546,0.00,0.00,0.00,0.00,2,0
2026-06-12 20:33:14.596,0.00,0.00,0.00,0.00,2,0
2026-06-12 20:33:14.646,0.00,0.00,0.00,0.00,2,0
2026-06-12 20:33:14.697,0.00,0.00,0.00,0.00,2,0
2026-06-12 20:33:14.747,0.00,0.00,0.00,0.00,2,0
2026-06-12 20:33:14.802,0.00,0.00,0.00,0.00,2,0
2026-06-12 20:33:14.848,0.00,0.00,0.00,0.00,2,0
2026-06-12 20:33:14.898,0.00,0.00,0.00,0.00,2,0
2026-06-12 20:33:14.949,0.00,0.00,0.00,0.00,2,0
2026-06-12 20:33:14.999,0.00,0.00,0.00,0.00,2,0
2026-06-12 20:33:15.050,0.00,0.00,0.00,0.00,2,0
2026-06-12 20:33:15.100,0.00,0.00,0.00,0.00,2,0
2026-06-12 20:33:15.152,0.00,0.00,0.00,0.00,2,0
2026-06-12 20:33:15.201,0.00,0.00,0.00,0.00,2,0
2026-06-12 20:33:15.252,0.00,0.00,0.00,0.00,2,0
2026-06-12 20:33:15.302,0.00,0.00,0.00,0.00,2,0
2026-06-12 20:33:15.352,0.00,0.00,0.00,0.00,2,0
2026-06-12 20:33:15.402,0.00,0.00,0.00,0.00,2,0
2026-06-12 20:33:15.453,0.00,0.00,0.00,0.00,2,0
2026-06-12 20:33:15.503,0.00,0.00,0.00,0.00,2,0
2026-06-12 20:33:15.554,0.00,0.00,0.00,0.00,2,0
2026-06-12 20:33:15.604,0.00,0.00,0.00,0.00,2,0
2026-06-12 20:33:15.654,0.00,0.00,0.00,0.00,2,0
2026-06-12 20:33:15.705,0.00,0.00,0.00,0.00,2,0
2026-06-12 20:33:15.756,0.00,0.00,0.00,0.00,2,0
2026-06-12 20:33:15.806,0.00,0.00,0.00,0.00,2,0
2026-06-12 20:33:15.856,0.00,0.00,0.00,0.00,2,0
2026-06-12 20:33:15.906,0.00,0.00,0.00,0.00,2,0
2026-06-12 20:33:15.957,0.00,0.00,0.00,0.00,2,0
2026-06-12 20:33:16.007,0.00,0.00,0.00,0.00,2,0
2026-06-12 20:33:16.058,0.00,0.00,0.00,0.00,2,0
2026-06-12 20:33:16.108,0.00,0.00,0.00,0.00,2,0
2026-06-12 20:33:16.159,0.00,0.00,0.00,0.00,2,0
2026-06-12 20:33:16.209,0.00,0.00,0.00,0.00,2,0
2026-06-12 20:33:16.259,0.00,0.00,0.00,0.00,2,0
2026-06-12 20:33:16.310,0.00,0.00,0.00,0.00,2,0
2026-06-12 20:33:16.360,0.00,0.00,0.00,0.00,2,0
2026-06-12 20:33:16.410,0.00,0.00,0.00,0.00,2,0
2026-06-12 20:33:16.462,0.00,0.00,0.00,0.00,2,0
2026-06-12 20:33:16.512,0.00,0.00,0.00,0.00,2,0
2026-06-12 20:33:16.561,0.00,0.00,0.00,0.00,2,0
2026-06-12 20:33:16.612,0.00,0.00,0.00,0.00,2,0
2026-06-12 20:33:16.662,0.00,0.00,0.00,0.00,2,0
2026-06-12 20:33:16.713,0.00,0.00,0.00,0.00,2,0
2026-06-12 20:33:16.764,0.00,0.00,0.00,0.00,2,0
2026-06-12 20:33:16.813,0.00,0.00,0.00,0.00,2,0
2026-06-12 20:33:16.864,0.00,0.00,0.00,0.00,2,0
2026-06-12 20:33:16.914,0.00,0.00,0.00,0.00,2,0
2026-06-12 20:33:16.966,0.00,0.00,0.00,0.00,2,0
2026-06-12 20:33:17.015,0.00,0.00,0.00,0.00,2,0
2026-06-12 20:33:17.067,0.00,0.00,0.00,0.00,2,0
2026-06-12 20:33:17.116,0.00,0.00,0.00,0.00,2,0
2026-06-12 20:33:17.166,0.00,0.00,0.00,0.00,2,0
2026-06-12 20:33:17.217,0.00,0.00,0.00,0.00,2,0
2026-06-12 20:33:17.267,0.00,0.00,0.00,0.00,2,0
2026-06-12 20:33:17.317,0.00,0.00,0.00,0.00,2,0
2026-06-12 20:33:17.368,0.00,0.00,0.00,0.00,2,0
2026-06-12 20:33:17.418,0.00,0.00,0.00,0.00,2,0
2026-06-12 20:33:17.469,0.00,0.00,0.00,0.00,2,0
2026-06-12 20:33:17.519,0.00,0.00,0.00,0.00,2,0
2026-06-12 20:33:17.569,0.00,0.00,0.00,0.00,2,0
2026-06-12 20:33:17.620,0.00,0.00,0.00,0.00,2,0
2026-06-12 20:33:17.670,0.00,0.00,0.00,0.00,2,0
2026-06-12 20:33:17.722,0.00,0.00,0.00,0.00,2,0
2026-06-12 20:33:17.771,0.00,0.00,0.00,0.00,2,0
2026-06-12 20:33:17.822,0.00,0.00,0.00,0.00,2,0
2026-06-12 20:33:17.872,0.00,0.00,0.00,0.00,2,0
2026-06-12 20:33:17.922,0.07,0.00,0.00,0.00,2,0
2026-06-12 20:33:17.973,0.07,0.00,2.16,0.65,2,0
2026-06-12 20:33:18.023,0.07,0.00,2.16,0.65,2,0
2026-06-12 20:33:18.074,0.07,0.00,2.16,0.65,2,0
2026-06-12 20:33:18.124,0.07,0.00,2.16,0.65,2,0
2026-06-12 20:33:18.174,0.12,0.01,2.16,0.65,2,0
2026-06-12 20:33:18.225,0.16,0.03,2.18,1.11,2,0
2026-06-12 20:33:18.275,0.16,0.03,2.24,1.45,2,0
2026-06-12 20:33:18.326,0.19,0.04,2.24,1.45,2,0
2026-06-12 20:33:18.376,0.19,0.04,2.32,1.71,2,0
2026-06-12 20:33:18.426,0.19,0.04,2.32,1.71,2,0
2026-06-12 20:33:18.481,1.84,0.49,2.32,1.71,2,0
2026-06-12 20:33:18.527,1.84,0.49,51.82,16.74,2,0
2026-06-12 20:33:18.578,1.84,0.49,51.82,16.74,2,0
2026-06-12 20:33:18.628,3.46,0.95,51.82,16.74,2,0
2026-06-12 20:33:18.680,3.46,0.95,65.58,31.39,2,0
2026-06-12 20:33:18.729,4.40,1.12,65.58,31.39,2,0
2026-06-12 20:33:18.779,4.40,1.12,60.02,39.98,2,0
2026-06-12 20:33:18.830,5.03,1.21,60.02,39.98,2,0
2026-06-12 20:33:18.880,5.03,1.21,59.09,45.71,2,0
2026-06-12 20:33:18.930,5.67,1.29,59.09,45.71,2,0
2026-06-12 20:33:18.986,5.67,1.29,64.82,51.45,2,0
2026-06-12 20:33:19.031,6.29,1.35,64.82,51.45,2,0
2026-06-12 20:33:19.082,6.29,1.35,70.38,57.13,2,0
2026-06-12 20:33:19.137,6.88,1.40,70.38,57.13,2,0
2026-06-12 20:33:19.182,6.88,1.40,75.06,62.51,2,0
2026-06-12 20:33:19.233,7.42,1.48,75.06,62.51,2,0
2026-06-12 20:33:19.283,7.42,1.48,78.71,67.37,2,0
2026-06-12 20:33:19.334,7.91,1.46,78.71,67.37,2,0
2026-06-12 20:33:19.384,8.31,1.46,82.27,71.84,2,0
2026-06-12 20:33:19.434,14.76,11.99,83.95,75.47,1,0
2026-06-12 20:33:19.485,22.29,16.47,270.60,134.01,1,0
2026-06-12 20:33:19.535,22.29,16.47,361.97,202.40,1,0
2026-06-12 20:33:19.586,22.32,14.01,361.97,202.40,1,0
2026-06-12 20:33:19.637,20.13,10.71,203.26,202.66,1,0
2026-06-12 20:33:19.687,17.55,6.95,136.56,182.83,1,0
2026-06-12 20:33:19.737,17.55,6.95,104.61,159.36,1,0
2026-06-12 20:33:19.787,15.60,4.84,104.61,159.36,1,0
2026-06-12 20:33:19.838,14.36,3.42,100.51,141.71,1,0
2026-06-12 20:33:19.888,14.36,3.42,104.08,130.42,1,0
2026-06-12 20:33:19.939,13.58,2.48,104.08,130.42,1,0
2026-06-12 20:33:19.989,13.06,1.68,106.61,123.28,1,0
2026-06-12 20:33:20.039,12.74,1.25,107.68,118.60,1,0
2026-06-12 20:33:20.090,12.74,1.25,108.85,115.67,1,0
2026-06-12 20:33:20.140,12.55,0.96,108.85,115.67,1,0
2026-06-12 20:33:20.191,12.38,0.72,110.03,113.98,1,0
2026-06-12 20:33:20.241,12.24,0.49,108.80,112.43,1,0
2026-06-12 20:33:20.291,12.24,0.49,108.04,111.11,1,0
2026-06-12 20:33:20.342,12.09,0.34,108.04,111.11,1,0
2026-06-12 20:33:20.392,11.90,0.19,106.66,109.77,1,0
2026-06-12 20:33:20.443,11.90,0.19,104.17,108.09,1,0
2026-06-12 20:33:20.493,11.69,0.04,104.17,108.09,1,0
2026-06-12 20:33:20.548,11.69,0.04,101.74,106.19,1,0
2026-06-12 20:33:20.594,11.41,-0.08,101.74,106.19,1,0
2026-06-12 20:33:20.644,10.99,-0.30,97.67,103.63,1,0
2026-06-12 20:33:20.695,10.99,-0.30,91.01,99.85,1,0
2026-06-12 20:33:20.745,10.49,-0.46,91.01,99.85,1,0
2026-06-12 20:33:20.795,10.49,-0.46,84.57,95.26,1,0
2026-06-12 20:33:20.846,10.49,-0.46,84.57,95.26,1,0
2026-06-12 20:33:20.896,9.84,-0.61,84.57,95.26,1,0
2026-06-12 20:33:20.947,9.52,-0.69,75.49,89.33,1,0
2026-06-12 20:33:21.000,9.52,-0.69,79.71,86.44,1,0
2026-06-12 20:33:21.048,9.23,-0.71,79.71,86.44,1,0
2026-06-12 20:33:21.098,9.23,-0.71,77.79,83.85,1,0
2026-06-12 20:33:21.148,9.23,-0.71,77.79,83.85,1,0
2026-06-12 20:33:21.199,9.23,-0.71,77.79,83.85,1,0
2026-06-12 20:33:21.249,9.23,-0.71,77.79,83.85,1,0
2026-06-12 20:33:21.300,9.23,-0.71,77.79,83.85,1,0
2026-06-12 20:33:21.351,9.23,-0.71,77.79,83.85,1,0
2026-06-12 20:33:21.401,9.23,-0.71,77.79,83.85,1,0
2026-06-12 20:33:21.452,9.23,-0.71,77.79,83.85,1,0
2026-06-12 20:33:21.502,9.23,-0.71,77.79,83.85,1,0
2026-06-12 20:33:21.552,9.23,-0.71,77.79,83.85,1,0
2026-06-12 20:33:21.602,9.23,-0.71,77.79,83.85,1,0
2026-06-12 20:33:21.653,9.23,-0.71,77.79,83.85,1,0
2026-06-12 20:33:21.703,9.23,-0.71,77.79,83.85,1,0
2026-06-12 20:33:21.754,9.23,-0.71,77.79,83.85,1,0
2026-06-12 20:33:21.805,9.23,-0.71,77.79,83.85,1,0
2026-06-12 20:33:21.856,9.23,-0.71,77.79,83.85,1,0
2026-06-12 20:33:21.905,9.23,-0.71,77.79,83.85,1,0
2026-06-12 20:33:21.955,9.23,-0.71,77.79,83.85,1,0
2026-06-12 20:33:22.005,9.23,-0.71,77.79,83.85,1,0
2026-06-12 20:33:22.056,9.23,-0.71,77.79,83.85,1,0
2026-06-12 20:33:22.106,9.23,-0.71,77.79,83.85,1,0
2026-06-12 20:33:22.157,9.23,-0.71,77.79,83.85,1,0
2026-06-12 20:33:22.208,9.23,-0.71,77.79,83.85,1,0
2026-06-12 20:33:22.261,9.23,-0.71,77.79,83.85,1,0
2026-06-12 20:33:22.309,9.23,-0.71,77.79,83.85,1,0
2026-06-12 20:33:22.360,9.23,-0.71,77.79,83.85,1,0
2026-06-12 20:33:22.409,9.23,-0.71,77.79,83.85,1,0
2026-06-12 20:33:22.459,9.23,-0.71,77.79,83.85,0,0
2026-06-12 20:33:22.510,9.23,-0.71,77.79,83.85,0,0
2026-06-12 20:33:22.560,9.23,-0.71,77.79,83.85,0,0
2026-06-12 20:33:22.620,9.23,-0.71,77.79,83.85,0,0
2026-06-12 20:33:22.661,9.23,-0.71,77.79,83.85,0,0
2026-06-12 20:33:22.712,9.23,-0.71,77.79,83.85,0,0
2026-06-12 20:33:22.762,9.23,-0.71,77.79,83.85,0,0
2026-06-12 20:33:22.816,9.23,-0.71,77.79,83.85,0,0
2026-06-12 20:33:22.863,9.23,-0.71,77.79,83.85,0,0
2026-06-12 20:33:22.913,9.23,-0.71,77.79,83.85,0,0
2026-06-12 20:33:22.963,9.23,-0.71,77.79,83.85,0,0
2026-06-12 20:33:23.014,9.23,-0.71,77.79,83.85,0,0
2026-06-12 20:33:23.065,0.00,0.00,77.79,83.85,0,0
2026-06-12 20:33:23.115,0.00,0.00,0.00,0.00,0,0
2026-06-12 20:33:23.168,0.00,0.00,0.00,0.00,0,0
2026-06-12 20:33:23.220,0.00,0.00,0.00,0.00,0,0
2026-06-12 20:33:23.266,0.00,0.00,0.00,0.00,0,0
2026-06-12 20:33:23.316,0.00,0.00,0.00,0.00,0,0
2026-06-12 20:33:23.367,0.00,0.00,0.00,0.00,0,0
2026-06-12 20:33:23.417,0.00,0.00,0.00,0.00,0,0
2026-06-12 20:33:23.468,0.00,0.00,0.00,0.00,0,0
2026-06-12 20:33:23.518,0.00,0.00,0.00,0.00,0,0
2026-06-12 20:33:23.568,0.00,0.00,0.00,0.00,0,0
2026-06-12 20:33:23.619,0.00,0.00,0.00,0.00,0,0
2026-06-12 20:33:23.669,0.00,0.00,0.00,0.00,0,0
2026-06-12 20:33:23.720,0.00,0.00,0.00,0.00,0,0
2026-06-12 20:33:23.770,0.00,0.00,0.00,0.00,0,0
2026-06-12 20:33:23.820,0.00,0.00,0.00,0.00,0,0
2026-06-12 20:33:23.872,0.00,0.00,0.00,0.00,0,0
2026-06-12 20:33:23.922,0.00,0.00,0.00,0.00,0,0
2026-06-12 20:33:23.972,0.00,0.00,0.00,0.00,0,0
2026-06-12 20:33:24.023,0.00,0.00,0.00,0.00,0,0
2026-06-12 20:33:24.072,0.00,0.00,0.00,0.00,0,0
2026-06-12 20:33:24.123,0.00,0.00,0.00,0.00,0,0
2026-06-12 20:33:24.173,0.00,0.00,0.00,0.00,0,0
2026-06-12 20:33:24.226,0.00,0.00,0.00,0.00,0,0
2026-06-12 20:33:24.274,0.00,0.00,0.00,0.00,0,0
2026-06-12 20:33:24.324,0.00,0.00,0.00,0.00,0,0
2026-06-12 20:33:24.375,0.00,0.00,0.00,0.00,0,0
2026-06-12 20:33:24.425,0.00,0.00,0.00,0.00,0,0
2026-06-12 20:33:24.476,0.28,0.00,0.00,0.00,2,0
2026-06-12 20:33:24.526,0.28,0.00,8.54,2.56,2,0
2026-06-12 20:33:24.576,0.28,0.00,8.54,2.56,2,0
2026-06-12 20:33:24.627,0.28,0.00,8.54,2.56,2,0
2026-06-12 20:33:24.677,0.28,0.00,8.54,2.56,2,0
2026-06-12 20:33:24.728,0.28,0.00,8.54,2.56,2,0
2026-06-12 20:33:24.778,0.28,0.00,8.54,2.56,2,0
2026-06-12 20:33:24.829,0.28,0.00,8.54,2.56,2,0
2026-06-12 20:33:24.879,0.28,0.00,8.54,2.56,2,0
2026-06-12 20:33:24.929,0.28,0.00,8.54,2.56,2,0
2026-06-12 20:33:24.980,0.28,0.00,8.54,2.56,2,0
2026-06-12 20:33:25.030,0.28,0.00,8.54,2.56,2,0
2026-06-12 20:33:25.080,0.28,0.00,8.54,2.56,2,0
2026-06-12 20:33:25.132,0.28,0.00,8.54,2.56,2,0
2026-06-12 20:33:25.182,0.28,0.00,8.54,2.56,2,0
2026-06-12 20:33:25.232,0.28,0.00,8.54,2.56,2,0
2026-06-12 20:33:25.282,0.28,0.00,8.54,2.56,2,0
2026-06-12 20:33:25.332,0.28,0.00,8.54,2.56,2,0
2026-06-12 20:33:25.383,0.28,0.00,8.54,2.56,2,0
2026-06-12 20:33:25.433,0.28,0.00,8.54,2.56,2,0
2026-06-12 20:33:25.484,0.28,0.00,8.54,2.56,2,0
2026-06-12 20:33:25.534,0.28,0.00,8.54,2.56,2,0
2026-06-12 20:33:25.584,0.28,0.00,8.54,2.56,2,0
2026-06-12 20:33:25.635,0.28,0.00,8.54,2.56,2,0
2026-06-12 20:33:25.685,0.28,0.00,8.54,2.56,2,0
2026-06-12 20:33:25.736,0.28,0.00,8.54,2.56,2,0
2026-06-12 20:33:25.786,0.28,0.00,8.54,2.56,2,0
2026-06-12 20:33:25.836,0.28,0.00,8.54,2.56,2,0
2026-06-12 20:33:25.888,0.28,0.00,8.54,2.56,2,0
2026-06-12 20:33:25.937,0.28,0.00,8.54,2.56,2,0
2026-06-12 20:33:25.988,0.28,0.00,8.54,2.56,2,0
2026-06-12 20:33:26.038,0.28,0.00,8.54,2.56,2,0
2026-06-12 20:33:26.088,0.28,0.00,8.54,2.56,2,0
2026-06-12 20:33:26.144,0.28,0.00,8.54,2.56,2,0
2026-06-12 20:33:26.189,0.28,0.00,8.54,2.56,2,0
2026-06-12 20:33:26.240,0.28,0.00,8.54,2.56,2,0
2026-06-12 20:33:26.290,0.28,0.00,8.54,2.56,2,0
2026-06-12 20:33:26.340,0.28,0.00,8.54,2.56,2,0
2026-06-12 20:33:26.391,0.28,0.00,8.54,2.56,2,0
2026-06-12 20:33:26.442,0.00,0.00,8.54,2.56,2,0
2026-06-12 20:33:26.492,0.00,0.00,0.00,0.00,2,0
2026-06-12 20:33:26.542,0.00,0.00,0.00,0.00,2,0
2026-06-12 20:33:26.592,0.00,0.00,0.00,0.00,2,0
2026-06-12 20:33:26.643,0.00,0.00,0.00,0.00,2,0
2026-06-12 20:33:26.693,0.00,0.00,0.00,0.00,2,0
2026-06-12 20:33:26.744,0.00,0.00,0.00,0.00,2,0
2026-06-12 20:33:26.794,0.00,0.00,0.00,0.00,2,0
2026-06-12 20:33:26.844,0.00,0.00,0.00,0.00,2,0
2026-06-12 20:33:26.895,0.00,0.00,0.00,0.00,2,0
2026-06-12 20:33:26.945,0.00,0.00,0.00,0.00,2,0
2026-06-12 20:33:26.996,0.00,0.00,0.00,0.00,2,0
2026-06-12 20:33:27.046,0.00,0.00,0.00,0.00,2,0
2026-06-12 20:33:27.096,0.00,0.00,0.00,0.00,2,0
2026-06-12 20:33:27.147,0.00,0.00,0.00,0.00,2,0
2026-06-12 20:33:27.197,0.00,0.00,0.00,0.00,2,0
2026-06-12 20:33:27.248,0.00,0.00,0.00,0.00,2,0
2026-06-12 20:33:27.298,0.00,0.00,0.00,0.00,2,0
2026-06-12 20:33:27.348,0.00,0.00,0.00,0.00,2,0
2026-06-12 20:33:27.399,0.00,0.00,0.00,0.00,2,0
2026-06-12 20:33:27.449,0.00,0.00,0.00,0.00,2,0
2026-06-12 20:33:27.500,0.00,0.00,0.00,0.00,2,0
2026-06-12 20:33:27.553,0.00,0.00,0.00,0.00,2,0
2026-06-12 20:33:27.600,0.00,0.00,0.00,0.00,2,0
2026-06-12 20:33:27.651,0.00,0.00,0.00,0.00,2,0
2026-06-12 20:33:27.701,0.00,0.00,0.00,0.00,2,0
2026-06-12 20:33:27.752,0.00,0.00,0.00,0.00,2,0
2026-06-12 20:33:27.802,0.00,0.00,0.00,0.00,2,0
2026-06-12 20:33:27.852,0.00,0.00,0.00,0.00,2,0
2026-06-12 20:33:27.903,0.00,0.00,0.00,0.00,2,0
2026-06-12 20:33:27.953,0.00,0.00,0.00,0.00,2,0
2026-06-12 20:33:28.003,0.00,0.00,0.00,0.00,2,0
2026-06-12 20:33:28.054,0.00,0.00,0.00,0.00,2,0
2026-06-12 20:33:28.104,0.00,0.00,0.00,0.00,2,0
2026-06-12 20:33:28.155,0.00,0.00,0.00,0.00,2,0
2026-06-12 20:33:28.205,0.00,0.00,0.00,0.00,2,0
2026-06-12 20:33:28.255,0.00,0.00,0.00,0.00,2,0
2026-06-12 20:33:28.306,0.00,0.00,0.00,0.00,2,0
2026-06-12 20:33:28.356,0.00,0.00,0.00,0.00,2,0
2026-06-12 20:33:28.407,0.00,0.00,0.00,0.00,2,0
2026-06-12 20:33:28.457,0.00,0.00,0.00,0.00,2,0
2026-06-12 20:33:28.507,0.00,0.00,0.00,0.00,2,0
2026-06-12 20:33:28.558,0.00,0.00,0.00,0.00,2,0
2026-06-12 20:33:28.608,0.00,0.00,0.00,0.00,2,0
2026-06-12 20:33:28.659,0.00,0.00,0.00,0.00,2,0
2026-06-12 20:33:28.709,0.00,0.00,0.00,0.00,2,0
2026-06-12 20:33:28.759,0.00,0.00,0.00,0.00,2,0
2026-06-12 20:33:28.810,0.00,0.00,0.00,0.00,2,0
2026-06-12 20:33:28.860,0.00,0.00,0.00,0.00,2,0
2026-06-12 20:33:28.911,0.00,0.00,0.00,0.00,2,0
2026-06-12 20:33:28.961,0.00,0.00,0.00,0.00,2,0
2026-06-12 20:33:29.011,0.00,0.00,0.00,0.00,2,0
2026-06-12 20:33:29.062,0.00,0.00,0.00,0.00,2,0
2026-06-12 20:33:29.117,0.00,0.00,0.00,0.00,2,0
2026-06-12 20:33:29.163,0.00,0.00,0.00,0.00,2,0
2026-06-12 20:33:29.215,0.00,0.00,0.00,0.00,2,0
2026-06-12 20:33:29.263,0.00,0.00,0.00,0.00,2,0
2026-06-12 20:33:29.314,0.00,0.00,0.00,0.00,2,0
2026-06-12 20:33:29.364,0.00,0.00,0.00,0.00,2,0
2026-06-12 20:33:29.415,0.00,0.00,0.00,0.00,2,0
2026-06-12 20:33:29.465,0.00,0.00,0.00,0.00,2,0
2026-06-12 20:33:29.515,0.00,0.00,0.00,0.00,2,0
2026-06-12 20:33:29.566,0.00,0.00,0.00,0.00,2,0
2026-06-12 20:33:29.616,0.00,0.00,0.00,0.00,2,0
2026-06-12 20:33:29.667,0.00,0.00,0.00,0.00,2,0
2026-06-12 20:33:29.717,0.00,0.00,0.00,0.00,2,0
2026-06-12 20:33:29.767,0.11,0.00,0.00,0.00,2,0
2026-06-12 20:33:29.818,0.11,0.00,3.43,1.03,2,0
2026-06-12 20:33:29.868,0.11,0.00,3.43,1.03,2,0
2026-06-12 20:33:29.919,0.11,0.00,3.43,1.03,2,0
2026-06-12 20:33:29.969,0.11,0.00,3.43,1.03,2,0
2026-06-12 20:33:30.019,0.11,0.00,3.43,1.03,2,0
2026-06-12 20:33:30.070,0.11,0.00,3.43,1.03,2,0
2026-06-12 20:33:30.120,0.25,0.02,3.43,1.03,2,0
2026-06-12 20:33:30.174,0.25,0.02,5.31,2.31,2,0
2026-06-12 20:33:30.222,0.25,0.02,5.31,2.31,2,0
2026-06-12 20:33:30.271,0.25,0.02,5.31,2.31,2,0
2026-06-12 20:33:30.322,0.35,0.03,5.31,2.31,2,0
2026-06-12 20:33:30.372,0.35,0.03,5.12,3.15,2,0
2026-06-12 20:33:30.423,0.35,0.03,5.12,3.15,2,0
2026-06-12 20:33:30.475,0.35,0.03,5.12,3.15,2,0
2026-06-12 20:33:30.524,0.41,0.04,5.12,3.15,2,0
2026-06-12 20:33:30.574,0.41,0.04,4.97,3.70,2,0
2026-06-12 20:33:30.625,0.41,0.04,4.97,3.70,2,0
2026-06-12 20:33:30.675,1.44,0.32,4.97,3.70,2,0
2026-06-12 20:33:30.725,1.44,0.32,34.84,13.04,2,0
2026-06-12 20:33:30.776,2.48,0.62,34.84,13.04,2,0
2026-06-12 20:33:30.828,2.48,0.62,44.56,22.50,2,0
2026-06-12 20:33:30.876,2.48,0.62,44.56,22.50,2,0
2026-06-12 20:33:30.927,3.44,0.84,44.56,22.50,2,0
2026-06-12 20:33:30.977,3.44,0.84,51.59,31.22,2,0
2026-06-12 20:33:31.028,4.32,1.08,51.59,31.22,2,0
2026-06-12 20:33:31.078,4.32,1.08,57.96,39.25,2,0
2026-06-12 20:33:31.128,5.14,1.25,57.96,39.25,2,0
2026-06-12 20:33:31.182,5.14,1.25,63.94,46.65,2,0
2026-06-12 20:33:31.229,5.84,1.36,63.94,46.65,2,0
2026-06-12 20:33:31.280,5.84,1.36,68.02,53.06,2,0
2026-06-12 20:33:31.330,6.48,1.41,68.02,53.06,2,0
2026-06-12 20:33:31.384,6.48,1.41,72.19,58.80,2,0
2026-06-12 20:33:31.431,7.03,1.43,72.19,58.80,2,0
2026-06-12 20:33:31.482,7.50,1.48,75.69,63.87,2,0
2026-06-12 20:33:31.532,7.50,1.48,78.00,68.11,2,0
2026-06-12 20:33:31.582,7.91,1.43,78.00,68.11,2,0
2026-06-12 20:33:31.632,7.91,1.43,80.65,71.87,2,0
2026-06-12 20:33:31.683,8.33,1.44,80.65,71.87,2,0
2026-06-12 20:33:31.733,8.72,1.44,84.31,75.60,2,0
2026-06-12 20:33:31.784,8.72,1.44,87.63,79.21,2,0
2026-06-12 20:33:31.834,9.14,1.45,87.63,79.21,2,0
2026-06-12 20:33:31.884,9.58,1.48,91.69,82.96,2,0
2026-06-12 20:33:31.935,9.58,1.48,96.37,86.98,2,0
2026-06-12 20:33:31.986,9.94,1.46,96.37,86.98,2,0
2026-06-12 20:33:32.040,10.29,1.43,98.02,90.29,2,0
2026-06-12 20:33:32.087,10.29,1.43,100.71,93.42,2,0
2026-06-12 20:33:32.136,10.57,1.37,100.71,93.42,2,0
2026-06-12 20:33:32.187,10.83,1.31,101.99,95.99,2,0
2026-06-12 20:33:32.237,10.83,1.31,103.89,98.36,2,0
2026-06-12 20:33:32.288,11.06,1.24,103.89,98.36,2,0
2026-06-12 20:33:32.338,11.30,1.25,105.21,100.42,2,0
2026-06-12 20:33:32.389,11.60,1.23,107.79,102.63,2,0
2026-06-12 20:33:32.439,11.90,1.29,111.59,105.32,2,0
2026-06-12 20:33:32.489,11.90,1.29,114.45,108.06,2,0
2026-06-12 20:33:32.540,12.24,1.29,114.45,108.06,2,0
2026-06-12 20:33:32.590,12.54,1.34,118.34,111.14,2,0
2026-06-12 20:33:32.640,12.81,1.29,120.17,113.85,2,0
2026-06-12 20:33:32.691,13.07,1.31,122.23,116.36,2,0
2026-06-12 20:33:32.742,13.35,1.34,124.24,118.73,2,0
2026-06-12 20:33:32.792,13.63,1.37,127.08,121.23,2,0
2026-06-12 20:33:32.842,13.63,1.37,129.64,123.75,2,0
2026-06-12 20:33:32.893,13.92,1.33,129.64,123.75,2,0
2026-06-12 20:33:32.943,14.22,1.37,132.65,126.42,2,0
2026-06-12 20:33:32.993,14.51,1.40,135.43,129.12,2,0
2026-06-12 20:33:33.044,14.73,1.37,137.82,131.73,2,0
2026-06-12 20:33:33.094,14.86,1.28,138.36,133.72,2,0
2026-06-12 20:33:33.144,15.02,1.22,137.91,134.98,2,0
2026-06-12 20:33:33.195,15.15,1.14,139.58,136.36,2,0
2026-06-12 20:33:33.245,15.37,1.16,140.47,137.59,2,0
2026-06-12 20:33:33.296,15.66,1.22,144.24,139.59,2,0
2026-06-12 20:33:33.346,15.90,1.23,148.33,142.21,2,0
2026-06-12 20:33:33.396,16.15,1.26,149.34,144.35,2,0
2026-06-12 20:33:33.447,16.37,1.25,152.20,146.70,2,0
2026-06-12 20:33:33.497,16.48,1.15,153.09,148.62,2,0
2026-06-12 20:33:33.548,21.49,5.07,152.06,149.65,1,0
2026-06-12 20:33:33.598,25.51,7.66,301.33,195.15,1,0
2026-06-12 20:33:33.649,26.90,5.30,316.82,231.65,1,0
2026-06-12 20:33:33.699,24.32,2.40,217.35,244.26,1,0
2026-06-12 20:33:33.750,22.52,0.54,166.19,220.84,1,0
2026-06-12 20:33:33.800,21.28,-0.55,166.52,204.54,1,0
2026-06-12 20:33:33.850,21.46,-0.32,167.02,193.29,1,0
2026-06-12 20:33:33.901,22.37,1.18,198.75,194.92,1,0
2026-06-12 20:33:33.952,23.04,1.56,222.28,203.13,1,0
2026-06-12 20:33:34.001,22.84,0.15,223.41,209.21,1,0
2026-06-12 20:33:34.052,21.70,-0.81,188.95,207.44,1,0
2026-06-12 20:33:34.102,20.93,-1.32,172.75,197.03,1,0
2026-06-12 20:33:34.153,20.35,-1.60,173.81,190.07,1,0
2026-06-12 20:33:34.203,19.85,-2.19,172.45,184.78,1,0
2026-06-12 20:33:34.254,19.53,-2.13,169.71,180.26,1,0
2026-06-12 20:33:34.304,19.27,-2.03,170.42,177.31,1,0
2026-06-12 20:33:34.354,19.03,-1.70,169.46,174.95,1,0
2026-06-12 20:33:34.405,21.31,2.35,171.28,172.77,1,0
2026-06-12 20:33:34.455,22.35,2.86,225.71,193.54,1,0
2026-06-12 20:33:34.506,22.82,2.82,224.88,202.94,1,0
2026-06-12 20:33:34.556,21.97,1.68,217.34,207.26,1,0
2026-06-12 20:33:34.607,20.62,0.31,181.31,199.48,1,0
2026-06-12 20:33:34.657,19.56,-0.61,158.73,187.25,1,0
2026-06-12 20:33:34.707,18.76,-1.18,155.11,177.61,1,0
2026-06-12 20:33:34.760,18.14,-1.51,153.54,170.39,1,0
2026-06-12 20:33:34.808,17.61,-1.72,151.66,164.77,1,0
2026-06-12 20:33:34.859,17.12,-1.87,148.70,159.95,1,0
2026-06-12 20:33:34.909,16.62,-2.00,145.13,155.50,1,0
2026-06-12 20:33:34.960,16.08,-2.15,140.19,150.91,1,0
2026-06-12 20:33:35.010,16.08,-2.15,134.63,146.03,1,0
2026-06-12 20:33:35.060,15.51,-2.14,134.63,146.03,1,0
2026-06-12 20:33:35.111,14.86,-2.17,128.65,140.81,1,0
2026-06-12 20:33:35.162,14.86,-2.17,121.36,134.98,1,0
2026-06-12 20:33:35.212,14.16,-2.24,121.36,134.98,1,0
2026-06-12 20:33:35.262,13.37,-2.34,113.61,128.57,1,0
2026-06-12 20:33:35.312,13.37,-2.34,104.61,121.38,1,0
2026-06-12 20:33:35.363,12.39,-2.39,104.61,121.38,1,0
2026-06-12 20:33:35.413,12.39,-2.39,91.84,112.52,1,0
2026-06-12 20:33:35.464,12.39,-2.39,91.84,112.52,1,0
2026-06-12 20:33:35.515,11.08,-2.39,91.84,112.52,1,0
2026-06-12 20:33:35.564,11.08,-2.39,73.00,100.66,1,0
2026-06-12 20:33:35.615,11.08,-2.39,73.00,100.66,1,0
2026-06-12 20:33:35.665,11.08,-2.39,73.00,100.66,1,0
2026-06-12 20:33:35.716,11.08,-2.39,73.00,100.66,1,0
2026-06-12 20:33:35.766,11.08,-2.39,73.00,100.66,1,0
2026-06-12 20:33:35.816,11.08,-2.39,73.00,100.66,1,0
2026-06-12 20:33:35.867,11.08,-2.39,73.00,100.66,1,0
2026-06-12 20:33:35.917,11.08,-2.39,73.00,100.66,1,0
2026-06-12 20:33:35.968,11.08,-2.39,73.00,100.66,1,0
2026-06-12 20:33:36.018,11.08,-2.39,73.00,100.66,1,0
2026-06-12 20:33:36.069,11.08,-2.39,73.00,100.66,1,0
2026-06-12 20:33:36.119,11.08,-2.39,73.00,100.66,1,0
2026-06-12 20:33:36.169,11.08,-2.39,73.00,100.66,1,0
2026-06-12 20:33:36.221,11.08,-2.39,73.00,100.66,1,0
2026-06-12 20:33:36.270,11.08,-2.39,73.00,100.66,1,0
2026-06-12 20:33:36.321,11.08,-2.39,73.00,100.66,1,0
2026-06-12 20:33:36.372,11.08,-2.39,73.00,100.66,1,0
2026-06-12 20:33:36.422,11.08,-2.39,73.00,100.66,1,0
2026-06-12 20:33:36.472,11.08,-2.39,73.00,100.66,1,0
2026-06-12 20:33:36.523,11.08,-2.39,73.00,100.66,1,0
2026-06-12 20:33:36.573,8.49,-2.14,73.00,100.66,0,0
2026-06-12 20:33:36.623,8.49,-2.14,21.99,77.06,0,0
2026-06-12 20:33:36.674,8.49,-2.14,21.99,77.06,0,0
2026-06-12 20:33:36.724,8.49,-2.14,21.99,77.06,0,0
2026-06-12 20:33:36.777,8.49,-2.14,21.99,77.06,0,0
2026-06-12 20:33:36.825,8.49,-2.14,21.99,77.06,0,0
2026-06-12 20:33:36.875,8.49,-2.14,21.99,77.06,0,0
2026-06-12 20:33:36.926,8.49,-2.14,21.99,77.06,0,0
2026-06-12 20:33:36.976,8.49,-2.14,21.99,77.06,0,0
2026-06-12 20:33:37.027,8.49,-2.14,21.99,77.06,0,0
2026-06-12 20:33:37.077,8.49,-2.14,21.99,77.06,0,0
2026-06-12 20:33:37.128,8.49,-2.14,21.99,77.06,0,0
2026-06-12 20:33:37.178,8.49,-2.14,21.99,77.06,0,0
2026-06-12 20:33:37.228,8.49,-2.14,21.99,77.06,0,0
2026-06-12 20:33:37.279,8.49,-2.14,21.99,77.06,0,0
2026-06-12 20:33:37.329,8.49,-2.14,21.99,77.06,0,0
2026-06-12 20:33:37.380,8.49,-2.14,21.99,77.06,0,0
2026-06-12 20:33:37.430,8.49,-2.14,21.99,77.06,0,0
2026-06-12 20:33:37.480,8.49,-2.14,21.99,77.06,0,0
2026-06-12 20:33:37.532,8.49,-2.14,21.99,77.06,0,0
2026-06-12 20:33:37.582,8.49,-2.14,21.99,77.06,0,0
2026-06-12 20:33:37.632,8.49,-2.14,21.99,77.06,0,0
2026-06-12 20:33:37.682,8.49,-2.14,21.99,77.06,0,0
2026-06-12 20:33:37.733,8.49,-2.14,21.99,77.06,0,0
2026-06-12 20:33:37.783,8.49,-2.14,21.99,77.06,0,0
2026-06-12 20:33:37.833,8.49,-2.14,21.99,77.06,0,0
2026-06-12 20:33:37.884,8.49,-2.14,21.99,77.06,0,0
2026-06-12 20:33:37.934,8.49,-2.14,21.99,77.06,0,0
2026-06-12 20:33:37.985,8.49,-2.14,21.99,77.06,0,0
2026-06-12 20:33:38.035,8.49,-2.14,21.99,77.06,0,0
2026-06-12 20:33:38.086,8.49,-2.14,21.99,77.06,0,0
2026-06-12 20:33:38.136,8.49,-2.14,21.99,77.06,0,0
2026-06-12 20:33:38.187,8.49,-2.14,21.99,77.06,0,0
2026-06-12 20:33:38.237,8.49,-2.14,21.99,77.06,0,0
2026-06-12 20:33:38.287,8.49,-2.14,21.99,77.06,0,0
2026-06-12 20:33:38.338,8.49,-2.14,21.99,77.06,0,0
2026-06-12 20:33:38.388,8.49,-2.14,21.99,77.06,0,0
2026-06-12 20:33:38.438,8.49,-2.14,21.99,77.06,0,0
2026-06-12 20:33:38.490,8.49,-2.14,21.99,77.06,0,0
2026-06-12 20:33:38.548,0.00,0.00,21.99,77.06,0,0
2026-06-12 20:33:38.590,0.32,0.00,0.00,0.00,2,0
2026-06-12 20:33:38.640,0.32,0.00,9.83,2.95,2,0
2026-06-12 20:33:38.691,0.32,0.00,9.83,2.95,2,0
2026-06-12 20:33:38.741,0.32,0.00,9.83,2.95,2,0
2026-06-12 20:33:38.791,0.32,0.00,9.83,2.95,2,0
2026-06-12 20:33:38.842,0.32,0.00,9.83,2.95,2,0
2026-06-12 20:33:38.892,0.32,0.00,9.83,2.95,2,0
2026-06-12 20:33:38.942,0.32,0.00,9.83,2.95,2,0
2026-06-12 20:33:38.993,0.32,0.00,9.83,2.95,2,0
2026-06-12 20:33:39.043,0.32,0.00,9.83,2.95,2,0
2026-06-12 20:33:39.094,0.32,0.00,9.83,2.95,2,0
2026-06-12 20:33:39.148,0.32,0.00,9.83,2.95,2,0
2026-06-12 20:33:39.195,0.32,0.00,9.83,2.95,2,0
2026-06-12 20:33:39.247,0.32,0.00,9.83,2.95,2,0
2026-06-12 20:33:39.295,0.32,0.00,9.83,2.95,2,0
2026-06-12 20:33:39.346,0.32,0.00,9.83,2.95,2,0
2026-06-12 20:33:39.396,0.32,0.00,9.83,2.95,2,0
2026-06-12 20:33:39.446,0.32,0.00,9.83,2.95,2,0
2026-06-12 20:33:39.497,0.32,0.00,9.83,2.95,2,0
2026-06-12 20:33:39.547,0.32,0.00,9.83,2.95,2,0
2026-06-12 20:33:39.599,0.32,0.00,9.83,2.95,2,0
2026-06-12 20:33:39.648,0.32,0.00,9.83,2.95,2,0
2026-06-12 20:33:39.699,0.32,0.00,9.83,2.95,2,0
2026-06-12 20:33:39.749,0.32,0.00,9.83,2.95,2,0
2026-06-12 20:33:39.799,0.32,0.00,9.83,2.95,2,0
2026-06-12 20:33:39.850,0.32,0.00,9.83,2.95,2,0
2026-06-12 20:33:39.900,0.32,0.00,9.83,2.95,2,0
2026-06-12 20:33:39.951,0.32,0.00,9.83,2.95,2,0
2026-06-12 20:33:40.002,0.32,0.00,9.83,2.95,2,0
2026-06-12 20:33:40.052,0.32,0.00,9.83,2.95,2,0
2026-06-12 20:33:40.102,0.32,0.00,9.83,2.95,2,0
2026-06-12 20:33:40.152,0.32,0.00,9.83,2.95,2,0
2026-06-12 20:33:40.202,0.32,0.00,9.83,2.95,2,0
2026-06-12 20:33:40.253,0.32,0.00,9.83,2.95,2,0
2026-06-12 20:33:40.304,0.32,0.00,9.83,2.95,2,0
2026-06-12 20:33:40.354,0.32,0.00,9.83,2.95,2,0
2026-06-12 20:33:40.404,0.32,0.00,9.83,2.95,2,0
2026-06-12 20:33:40.454,0.32,0.00,9.83,2.95,2,0
2026-06-12 20:33:40.505,0.32,0.00,9.83,2.95,2,0
2026-06-12 20:33:40.555,0.00,0.00,9.83,2.95,2,0
2026-06-12 20:33:40.606,0.00,0.00,0.00,0.00,2,0
2026-06-12 20:33:40.658,0.00,0.00,0.00,0.00,2,0
2026-06-12 20:33:40.707,0.00,0.00,0.00,0.00,2,0
2026-06-12 20:33:40.757,0.00,0.00,0.00,0.00,2,0
2026-06-12 20:33:40.807,0.00,0.00,0.00,0.00,2,0
2026-06-12 20:33:40.858,0.00,0.00,0.00,0.00,2,0
2026-06-12 20:33:40.908,0.00,0.00,0.00,0.00,2,0
2026-06-12 20:33:40.959,0.00,0.00,0.00,0.00,2,0
2026-06-12 20:33:41.009,0.00,0.00,0.00,0.00,2,0
2026-06-12 20:33:41.059,0.00,0.00,0.00,0.00,2,0
2026-06-12 20:33:41.110,0.00,0.00,0.00,0.00,2,0
2026-06-12 20:33:41.160,0.00,0.00,0.00,0.00,2,0
2026-06-12 20:33:41.211,0.00,0.00,0.00,0.00,2,0
2026-06-12 20:33:41.262,0.00,0.00,0.00,0.00,2,0
2026-06-12 20:33:41.312,0.00,0.00,0.00,0.00,2,0
2026-06-12 20:33:41.362,0.00,0.00,0.00,0.00,2,0
2026-06-12 20:33:41.413,0.00,0.00,0.00,0.00,2,0
2026-06-12 20:33:41.462,0.00,0.00,0.00,0.00,2,0
2026-06-12 20:33:41.513,0.00,0.00,0.00,0.00,2,0
2026-06-12 20:33:41.563,0.00,0.00,0.00,0.00,2,0
2026-06-12 20:33:41.614,0.00,0.00,0.00,0.00,2,0
2026-06-12 20:33:41.664,0.00,0.00,0.00,0.00,2,0
2026-06-12 20:33:41.715,0.00,0.00,0.00,0.00,2,0
2026-06-12 20:33:41.765,0.00,0.00,0.00,0.00,2,0
2026-06-12 20:33:41.815,0.00,0.00,0.00,0.00,2,0
2026-06-12 20:33:41.866,0.00,0.00,0.00,0.00,2,0
2026-06-12 20:33:41.916,0.00,0.00,0.00,0.00,2,0
2026-06-12 20:33:41.967,0.00,0.00,0.00,0.00,2,0
2026-06-12 20:33:42.017,0.00,0.00,0.00,0.00,2,0
2026-06-12 20:33:42.067,0.00,0.00,0.00,0.00,2,0
2026-06-12 20:33:42.118,0.00,0.00,0.00,0.00,2,0
2026-06-12 20:33:42.168,0.00,0.00,0.00,0.00,2,0
2026-06-12 20:33:42.219,0.00,0.00,0.00,0.00,2,0
2026-06-12 20:33:42.269,0.00,0.00,0.00,0.00,2,0
2026-06-12 20:33:42.319,0.00,0.00,0.00,0.00,2,0
2026-06-12 20:33:42.370,0.00,0.00,0.00,0.00,2,0
2026-06-12 20:33:42.420,0.00,0.00,0.00,0.00,2,0
2026-06-12 20:33:42.471,0.00,0.00,0.00,0.00,2,0
2026-06-12 20:33:42.522,0.00,0.00,0.00,0.00,2,0
2026-06-12 20:33:42.571,0.00,0.00,0.00,0.00,2,0
2026-06-12 20:33:42.622,0.00,0.00,0.00,0.00,2,0
2026-06-12 20:33:42.672,0.00,0.00,0.00,0.00,2,0
2026-06-12 20:33:42.722,0.00,0.00,0.00,0.00,2,0
2026-06-12 20:33:42.773,0.00,0.00,0.00,0.00,2,0
2026-06-12 20:33:42.823,0.00,0.00,0.00,0.00,2,0
2026-06-12 20:33:42.876,0.00,0.00,0.00,0.00,2,0
2026-06-12 20:33:42.924,0.00,0.00,0.00,0.00,2,0
2026-06-12 20:33:42.974,0.00,0.00,0.00,0.00,2,0
2026-06-12 20:33:43.025,0.00,0.00,0.00,0.00,2,0
2026-06-12 20:33:43.075,0.00,0.00,0.00,0.00,2,0
2026-06-12 20:33:43.126,0.00,0.00,0.00,0.00,2,0
2026-06-12 20:33:43.176,0.00,0.00,0.00,0.00,2,0
2026-06-12 20:33:43.226,0.00,0.00,0.00,0.00,2,0
2026-06-12 20:33:43.277,0.00,0.00,0.00,0.00,2,0
2026-06-12 20:33:43.327,0.00,0.00,0.00,0.00,2,0
2026-06-12 20:33:43.378,0.00,0.00,0.00,0.00,2,0
2026-06-12 20:33:43.428,0.00,0.00,0.00,0.00,2,0
2026-06-12 20:33:43.479,0.00,0.00,0.00,0.00,2,0
2026-06-12 20:33:43.529,0.00,0.00,0.00,0.00,2,0
2026-06-12 20:33:43.579,0.00,0.00,0.00,0.00,2,0
2026-06-12 20:33:43.630,0.00,0.00,0.00,0.00,2,0
2026-06-12 20:33:43.680,0.00,0.00,0.00,0.00,2,0
2026-06-12 20:33:43.730,0.00,0.00,0.00,0.00,2,0
2026-06-12 20:33:43.783,0.00,0.00,0.00,0.00,2,0
2026-06-12 20:33:43.832,0.00,0.00,0.00,0.00,2,0
2026-06-12 20:33:43.882,0.00,0.00,0.00,0.00,2,0
2026-06-12 20:33:43.932,0.00,0.00,0.00,0.00,2,0
2026-06-12 20:33:43.982,0.00,0.00,0.00,0.00,2,0
2026-06-12 20:33:44.033,0.00,0.00,0.00,0.00,2,0
2026-06-12 20:33:44.083,0.00,0.00,0.00,0.00,2,0
2026-06-12 20:33:44.134,0.00,0.00,0.00,0.00,2,0
2026-06-12 20:33:44.185,0.00,0.00,0.00,0.00,2,0
2026-06-12 20:33:44.234,0.00,0.00,0.00,0.00,2,0
2026-06-12 20:33:44.285,0.00,0.00,0.00,0.00,2,0
2026-06-12 20:33:44.335,0.00,0.00,0.00,0.00,2,0
2026-06-12 20:33:44.386,0.00,0.00,0.00,0.00,2,0
2026-06-12 20:33:44.436,0.00,0.00,0.00,0.00,2,0
2026-06-12 20:33:44.487,0.00,0.00,0.00,0.00,2,0
2026-06-12 20:33:44.540,0.00,0.00,0.00,0.00,2,0
2026-06-12 20:33:44.587,0.00,0.00,0.00,0.00,2,0
2026-06-12 20:33:44.639,0.00,0.00,0.00,0.00,2,0
2026-06-12 20:33:44.688,0.00,0.00,0.00,0.00,2,0
2026-06-12 20:33:44.738,0.00,0.00,0.00,0.00,2,0
2026-06-12 20:33:44.789,0.00,0.00,0.00,0.00,2,0
2026-06-12 20:33:44.839,0.00,0.00,0.00,0.00,2,0
2026-06-12 20:33:44.890,0.00,0.00,0.00,0.00,2,0
2026-06-12 20:33:44.940,0.00,0.00,0.00,0.00,2,0
2026-06-12 20:33:44.990,0.00,0.00,0.00,0.00,2,0
2026-06-12 20:33:45.041,0.00,0.00,0.00,0.00,2,0
2026-06-12 20:33:45.092,0.00,0.00,0.00,0.00,2,0
2026-06-12 20:33:45.142,0.00,0.00,0.00,0.00,2,0
2026-06-12 20:33:45.192,0.00,0.00,0.00,0.00,2,0
2026-06-12 20:33:45.242,0.00,0.00,0.00,0.00,2,0
2026-06-12 20:33:45.293,0.00,0.00,0.00,0.00,2,0
2026-06-12 20:33:45.343,0.00,0.00,0.00,0.00,2,0
2026-06-12 20:33:45.394,0.00,0.00,0.00,0.00,2,0
2026-06-12 20:33:45.445,0.00,0.00,0.00,0.00,2,0
2026-06-12 20:33:45.494,0.00,0.00,0.00,0.00,2,0
2026-06-12 20:33:45.547,0.00,0.00,0.00,0.00,2,0
2026-06-12 20:33:45.595,0.00,0.00,0.00,0.00,2,0
2026-06-12 20:33:45.646,0.00,0.00,0.00,0.00,2,0
2026-06-12 20:33:45.696,0.00,0.00,0.00,0.00,2,0
2026-06-12 20:33:45.746,0.00,0.00,0.00,0.00,2,0
2026-06-12 20:33:45.797,0.00,0.00,0.00,0.00,2,0
2026-06-12 20:33:45.847,0.00,0.00,0.00,0.00,2,0
2026-06-12 20:33:45.898,0.00,0.00,0.00,0.00,2,0
2026-06-12 20:33:45.948,0.00,0.00,0.00,0.00,2,0
2026-06-12 20:33:46.000,0.00,0.00,0.00,0.00,2,0
2026-06-12 20:33:46.050,0.00,0.00,0.00,0.00,2,0
2026-06-12 20:33:46.099,0.00,0.00,0.00,0.00,2,0
2026-06-12 20:33:46.150,0.00,0.00,0.00,0.00,2,0
2026-06-12 20:33:46.200,0.00,0.00,0.00,0.00,2,0
2026-06-12 20:33:46.251,0.00,0.00,0.00,0.00,2,0
2026-06-12 20:33:46.302,0.00,0.00,0.00,0.00,2,0
2026-06-12 20:33:46.352,0.00,0.00,0.00,0.00,2,0
2026-06-12 20:33:46.401,0.00,0.00,0.00,0.00,2,0
2026-06-12 20:33:46.452,0.00,0.00,0.00,0.00,2,0
2026-06-12 20:33:46.502,0.00,0.00,0.00,0.00,2,0
2026-06-12 20:33:46.553,0.00,0.00,0.00,0.00,2,0
2026-06-12 20:33:46.603,0.00,0.00,0.00,0.00,2,0
2026-06-12 20:33:46.653,0.00,0.00,0.00,0.00,2,0
2026-06-12 20:33:46.704,0.00,0.00,0.00,0.00,2,0
2026-06-12 20:33:46.754,0.00,0.00,0.00,0.00,2,0
2026-06-12 20:33:46.805,0.00,0.00,0.00,0.00,2,0
2026-06-12 20:33:46.856,0.00,0.00,0.00,0.00,2,0
2026-06-12 20:33:46.906,0.00,0.00,0.00,0.00,2,0
2026-06-12 20:33:46.959,0.00,0.00,0.00,0.00,2,0
2026-06-12 20:33:47.006,0.00,0.00,0.00,0.00,2,0
2026-06-12 20:33:47.057,0.00,0.00,0.00,0.00,2,0
2026-06-12 20:33:47.107,0.00,0.00,0.00,0.00,2,0
2026-06-12 20:33:47.158,0.00,0.00,0.00,0.00,2,0
2026-06-12 20:33:47.211,0.00,0.00,0.00,0.00,2,0
2026-06-12 20:33:47.258,0.00,0.00,0.00,0.00,2,0
2026-06-12 20:33:47.309,0.00,0.00,0.00,0.00,2,0
2026-06-12 20:33:47.359,0.00,0.00,0.00,0.00,2,0
2026-06-12 20:33:47.410,0.00,0.00,0.00,0.00,2,0
2026-06-12 20:33:47.460,0.00,0.00,0.00,0.00,2,0
2026-06-12 20:33:47.510,0.00,0.00,0.00,0.00,2,0
2026-06-12 20:33:47.564,0.00,0.00,0.00,0.00,2,0
2026-06-12 20:33:47.612,0.00,0.00,0.00,0.00,2,0
2026-06-12 20:33:47.661,0.00,0.00,0.00,0.00,2,0
2026-06-12 20:33:47.712,0.00,0.00,0.00,0.00,2,0
2026-06-12 20:33:47.763,0.00,0.00,0.00,0.00,2,0
2026-06-12 20:33:47.816,0.00,0.00,0.00,0.00,2,0
2026-06-12 20:33:47.868,0.00,0.00,0.00,0.00,2,0
2026-06-12 20:33:47.915,0.00,0.00,0.00,0.00,2,0
2026-06-12 20:33:47.964,0.00,0.00,0.00,0.00,2,0
2026-06-12 20:33:48.014,0.00,0.00,0.00,0.00,2,0
2026-06-12 20:33:48.065,0.00,0.00,0.00,0.00,2,0
2026-06-12 20:33:48.115,0.00,0.00,0.00,0.00,2,0
2026-06-12 20:33:48.166,0.00,0.00,0.00,0.00,2,0
2026-06-12 20:33:48.224,0.00,0.00,0.00,0.00,2,0
2026-06-12 20:33:48.266,0.00,0.00,0.00,0.00,2,0
2026-06-12 20:33:48.317,0.00,0.00,0.00,0.00,2,0
2026-06-12 20:33:48.367,0.00,0.00,0.00,0.00,2,0
2026-06-12 20:33:48.418,0.00,0.00,0.00,0.00,2,0
2026-06-12 20:33:48.468,0.00,0.00,0.00,0.00,2,0
2026-06-12 20:33:48.518,0.00,0.00,0.00,0.00,2,0
2026-06-12 20:33:48.569,0.00,0.00,0.00,0.00,2,0
2026-06-12 20:33:48.619,0.00,0.00,0.00,0.00,2,0
2026-06-12 20:33:48.670,0.00,0.00,0.00,0.00,2,0
2026-06-12 20:33:48.720,0.00,0.00,0.00,0.00,2,0
2026-06-12 20:33:48.770,0.00,0.00,0.00,0.00,2,0
2026-06-12 20:33:48.821,0.00,0.00,0.00,0.00,2,0
2026-06-12 20:33:48.872,0.00,0.00,0.00,0.00,2,0
2026-06-12 20:33:48.922,0.00,0.00,0.00,0.00,2,0
2026-06-12 20:33:48.972,0.00,0.00,0.00,0.00,2,0
2026-06-12 20:33:49.022,0.00,0.00,0.00,0.00,2,0
2026-06-12 20:33:49.073,0.00,0.00,0.00,0.00,2,0
2026-06-12 20:33:49.123,0.00,0.00,0.00,0.00,2,0
2026-06-12 20:33:49.173,0.00,0.00,0.00,0.00,2,0
2026-06-12 20:33:49.224,0.00,0.00,0.00,0.00,2,0
2026-06-12 20:33:49.274,0.00,0.00,0.00,0.00,2,0
2026-06-12 20:33:49.325,0.00,0.00,0.00,0.00,2,0
2026-06-12 20:33:49.375,0.00,0.00,0.00,0.00,2,0
2026-06-12 20:33:49.425,0.00,0.00,0.00,0.00,2,0
2026-06-12 20:33:49.476,0.00,0.00,0.00,0.00,2,0
2026-06-12 20:33:49.526,0.00,0.00,0.00,0.00,2,0
2026-06-12 20:33:49.577,0.00,0.00,0.00,0.00,2,0
2026-06-12 20:33:49.627,0.00,0.00,0.00,0.00,2,0
2026-06-12 20:33:49.678,0.00,0.00,0.00,0.00,2,0
2026-06-12 20:33:49.728,0.00,0.00,0.00,0.00,2,0
2026-06-12 20:33:49.778,0.00,0.00,0.00,0.00,2,0
2026-06-12 20:33:49.829,0.00,0.00,0.00,0.00,2,0
2026-06-12 20:33:49.879,0.00,0.00,0.00,0.00,2,0
2026-06-12 20:33:49.929,0.00,0.00,0.00,0.00,2,0
2026-06-12 20:33:49.980,0.00,0.00,0.00,0.00,2,0
2026-06-12 20:33:50.030,0.00,0.00,0.00,0.00,2,0
2026-06-12 20:33:50.082,0.00,0.00,0.00,0.00,2,0
2026-06-12 20:33:50.131,0.00,0.00,0.00,0.00,2,0
2026-06-12 20:33:50.181,0.00,0.00,0.00,0.00,2,0
2026-06-12 20:33:50.232,0.00,0.00,0.00,0.00,2,0
2026-06-12 20:33:50.282,0.00,0.00,0.00,0.00,2,0
2026-06-12 20:33:50.333,0.00,0.00,0.00,0.00,2,0
2026-06-12 20:33:50.384,0.00,0.00,0.00,0.00,2,0
2026-06-12 20:33:50.433,0.00,0.00,0.00,0.00,2,0
2026-06-12 20:33:50.484,0.00,0.00,0.00,0.00,2,0
2026-06-12 20:33:50.534,0.00,0.00,0.00,0.00,2,0
2026-06-12 20:33:50.585,0.00,0.00,0.00,0.00,2,0
2026-06-12 20:33:50.635,0.00,0.00,0.00,0.00,2,0
2026-06-12 20:33:50.686,0.00,0.00,0.00,0.00,2,0
2026-06-12 20:33:50.736,0.00,0.00,0.00,0.00,2,0
2026-06-12 20:33:50.786,0.00,0.00,0.00,0.00,2,0
2026-06-12 20:33:50.837,0.00,0.00,0.00,0.00,2,0
2026-06-12 20:33:50.887,0.00,0.00,0.00,0.00,2,0
2026-06-12 20:33:50.938,0.00,0.00,0.00,0.00,2,0
2026-06-12 20:33:50.988,0.00,0.00,0.00,0.00,2,0
2026-06-12 20:33:51.040,0.00,0.00,0.00,0.00,2,0
2026-06-12 20:33:51.090,0.00,0.00,0.00,0.00,2,0
2026-06-12 20:33:51.139,0.00,0.00,0.00,0.00,2,0
2026-06-12 20:33:51.190,0.00,0.00,0.00,0.00,2,0
2026-06-12 20:33:51.242,0.00,0.00,0.00,0.00,2,0
2026-06-12 20:33:51.290,0.00,0.00,0.00,0.00,2,0
2026-06-12 20:33:51.341,0.00,0.00,0.00,0.00,2,0
2026-06-12 20:33:51.392,0.00,0.00,0.00,0.00,2,0
2026-06-12 20:33:51.441,0.00,0.00,0.00,0.00,2,0
2026-06-12 20:33:51.492,0.00,0.00,0.00,0.00,2,0
2026-06-12 20:33:51.542,0.00,0.00,0.00,0.00,2,0
2026-06-12 20:33:51.593,0.00,0.00,0.00,0.00,2,0
2026-06-12 20:33:51.643,0.00,0.00,0.00,0.00,2,0
2026-06-12 20:33:51.693,0.00,0.00,0.00,0.00,2,0
2026-06-12 20:33:51.744,0.00,0.00,0.00,0.00,2,0
2026-06-12 20:33:51.794,0.00,0.00,0.00,0.00,2,0
2026-06-12 20:33:51.845,0.00,0.00,0.00,0.00,2,0
2026-06-12 20:33:51.895,0.00,0.00,0.00,0.00,2,0
2026-06-12 20:33:51.945,0.00,0.00,0.00,0.00,2,0
2026-06-12 20:33:51.996,0.00,0.00,0.00,0.00,2,0
2026-06-12 20:33:52.046,0.00,0.00,0.00,0.00,2,0
2026-06-12 20:33:52.097,0.00,0.00,0.00,0.00,2,0
2026-06-12 20:33:52.147,0.00,0.00,0.00,0.00,2,0
2026-06-12 20:33:52.197,0.00,0.00,0.00,0.00,2,0
2026-06-12 20:33:52.248,0.00,0.00,0.00,0.00,2,0
2026-06-12 20:33:52.300,0.00,0.00,0.00,0.00,2,0
2026-06-12 20:33:52.352,0.00,0.00,0.00,0.00,2,0
2026-06-12 20:33:52.399,0.00,0.00,0.00,0.00,2,0
2026-06-12 20:33:52.449,0.00,0.00,0.00,0.00,2,0
2026-06-12 20:33:52.500,0.00,0.00,0.00,0.00,2,0
2026-06-12 20:33:52.550,0.00,0.00,0.00,0.00,2,0
2026-06-12 20:33:52.601,0.00,0.00,0.00,0.00,2,0
2026-06-12 20:33:52.652,0.00,0.00,0.00,0.00,2,0
2026-06-12 20:33:52.701,0.00,0.00,0.00,0.00,2,0
2026-06-12 20:33:52.752,0.00,0.00,0.00,0.00,2,0
2026-06-12 20:33:52.802,0.00,0.00,0.00,0.00,2,0
2026-06-12 20:33:52.853,0.00,0.00,0.00,0.00,2,0
2026-06-12 20:33:52.903,0.00,0.00,0.00,0.00,2,0
2026-06-12 20:33:52.953,0.00,0.00,0.00,0.00,2,0
2026-06-12 20:33:53.004,0.00,0.00,0.00,0.00,2,0
2026-06-12 20:33:53.054,0.00,0.00,0.00,0.00,2,0
2026-06-12 20:33:53.105,0.00,0.00,0.00,0.00,2,0
2026-06-12 20:33:53.155,0.00,0.00,0.00,0.00,2,0
2026-06-12 20:33:53.205,0.00,0.00,0.00,0.00,2,0
2026-06-12 20:33:53.256,0.00,0.00,0.00,0.00,2,0
2026-06-12 20:33:53.306,0.00,0.00,0.00,0.00,2,0
2026-06-12 20:33:53.357,0.00,0.00,0.00,0.00,2,0
2026-06-12 20:33:53.407,0.00,0.00,0.00,0.00,2,0
2026-06-12 20:33:53.457,0.00,0.00,0.00,0.00,2,0
2026-06-12 20:33:53.509,0.00,0.00,0.00,0.00,2,0
2026-06-12 20:33:53.558,0.00,0.00,0.00,0.00,2,0
2026-06-12 20:33:53.609,0.00,0.00,0.00,0.00,2,0
2026-06-12 20:33:53.659,0.00,0.00,0.00,0.00,2,0
2026-06-12 20:33:53.709,0.00,0.00,0.00,0.00,2,0
2026-06-12 20:33:53.760,0.00,0.00,0.00,0.00,2,0
2026-06-12 20:33:53.810,0.00,0.00,0.00,0.00,2,0
2026-06-12 20:33:53.861,0.00,0.00,0.00,0.00,2,0
2026-06-12 20:33:53.911,0.00,0.00,0.00,0.00,2,0
2026-06-12 20:33:53.964,0.00,0.00,0.00,0.00,2,0
2026-06-12 20:33:54.012,0.00,0.00,0.00,0.00,2,0
2026-06-12 20:33:54.062,0.00,0.00,0.00,0.00,2,0
2026-06-12 20:33:54.113,0.00,0.00,0.00,0.00,2,0
2026-06-12 20:33:54.163,0.00,0.00,0.00,0.00,2,0
2026-06-12 20:33:54.213,0.00,0.00,0.00,0.00,2,0
2026-06-12 20:33:54.264,0.00,0.00,0.00,0.00,2,0
2026-06-12 20:33:54.315,0.00,0.00,0.00,0.00,2,0
2026-06-12 20:33:54.367,0.00,0.00,0.00,0.00,2,0
2026-06-12 20:33:54.415,0.00,0.00,0.00,0.00,2,0
2026-06-12 20:33:54.465,0.00,0.00,0.00,0.00,2,0
2026-06-12 20:33:54.516,0.00,0.00,0.00,0.00,2,0
2026-06-12 20:33:54.566,0.00,0.00,0.00,0.00,2,0
2026-06-12 20:33:54.616,0.00,0.00,0.00,0.00,2,0
2026-06-12 20:33:54.667,0.00,0.00,0.00,0.00,2,0
2026-06-12 20:33:54.717,0.00,0.00,0.00,0.00,2,0
2026-06-12 20:33:54.768,0.00,0.00,0.00,0.00,2,0
2026-06-12 20:33:54.818,0.00,0.00,0.00,0.00,2,0
2026-06-12 20:33:54.869,0.00,0.00,0.00,0.00,2,0
2026-06-12 20:33:54.919,0.00,0.00,0.00,0.00,2,0
2026-06-12 20:33:54.969,0.00,0.00,0.00,0.00,2,0
2026-06-12 20:33:55.020,0.00,0.00,0.00,0.00,2,0
2026-06-12 20:33:55.070,0.00,0.00,0.00,0.00,2,0
2026-06-12 20:33:55.121,0.00,0.00,0.00,0.00,2,0
2026-06-12 20:33:55.177,0.00,0.00,0.00,0.00,2,0
2026-06-12 20:33:55.222,0.00,0.00,0.00,0.00,2,0
2026-06-12 20:33:55.272,0.00,0.00,0.00,0.00,2,0
2026-06-12 20:33:55.322,0.00,0.00,0.00,0.00,2,0
2026-06-12 20:33:55.372,0.00,0.00,0.00,0.00,2,0
2026-06-12 20:33:55.423,0.00,0.00,0.00,0.00,2,0
2026-06-12 20:33:55.473,0.00,0.00,0.00,0.00,2,0
2026-06-12 20:33:55.528,0.00,0.00,0.00,0.00,2,0
2026-06-12 20:33:55.575,0.00,0.00,0.00,0.00,2,0
2026-06-12 20:33:55.625,0.00,0.00,0.00,0.00,2,0
2026-06-12 20:33:55.675,0.00,0.00,0.00,0.00,2,0
2026-06-12 20:33:55.725,0.00,0.00,0.00,0.00,2,0
2026-06-12 20:33:55.776,0.00,0.00,0.00,0.00,2,0
2026-06-12 20:33:55.826,0.00,0.00,0.00,0.00,2,0
2026-06-12 20:33:55.877,0.00,0.00,0.00,0.00,2,0
2026-06-12 20:33:55.936,0.00,0.00,0.00,0.00,2,0
2026-06-12 20:33:55.977,0.00,0.00,0.00,0.00,2,0
2026-06-12 20:33:56.028,0.00,0.00,0.00,0.00,2,0
2026-06-12 20:33:56.078,0.00,0.00,0.00,0.00,2,0
2026-06-12 20:33:56.132,0.00,0.00,0.00,0.00,2,0
2026-06-12 20:33:56.179,0.00,0.00,0.00,0.00,2,0
2026-06-12 20:33:56.230,0.00,0.00,0.00,0.00,2,0
2026-06-12 20:33:56.280,0.00,0.00,0.00,0.00,2,0
2026-06-12 20:33:56.330,0.00,0.00,0.00,0.00,2,0
2026-06-12 20:33:56.380,0.00,0.00,0.00,0.00,2,0
2026-06-12 20:33:56.431,0.00,0.00,0.00,0.00,2,0
2026-06-12 20:33:56.482,0.00,0.00,0.00,0.00,2,0
2026-06-12 20:33:56.532,0.00,0.00,0.00,0.00,2,0
2026-06-12 20:33:56.582,0.00,0.00,0.00,0.00,2,0
2026-06-12 20:33:56.632,0.00,0.00,0.00,0.00,2,0
2026-06-12 20:33:56.683,0.00,0.00,0.00,0.00,2,0
2026-06-12 20:33:56.733,0.00,0.00,0.00,0.00,2,0
2026-06-12 20:33:56.784,0.00,0.00,0.00,0.00,2,0
2026-06-12 20:33:56.834,0.05,0.00,0.00,0.00,2,0
2026-06-12 20:33:56.885,0.05,0.00,1.48,0.44,2,0
2026-06-12 20:33:56.935,0.05,0.00,1.48,0.44,2,0
2026-06-12 20:33:56.985,0.05,0.00,1.48,0.44,2,0
2026-06-12 20:33:57.037,0.05,0.00,1.48,0.44,2,0
2026-06-12 20:33:57.086,0.05,0.00,1.48,0.44,2,0
2026-06-12 20:33:57.137,0.05,0.00,1.48,0.44,2,0
2026-06-12 20:33:57.187,0.09,0.00,1.48,0.44,2,0
2026-06-12 20:33:57.237,0.09,0.00,1.61,0.79,2,0
2026-06-12 20:33:57.288,0.09,0.00,1.61,0.79,2,0
2026-06-12 20:33:57.338,0.09,0.00,1.61,0.79,2,0
2026-06-12 20:33:57.389,0.09,0.00,1.61,0.79,2,0
2026-06-12 20:33:57.439,0.11,0.01,1.61,0.79,2,0
2026-06-12 20:33:57.489,0.11,0.01,1.59,1.03,2,0
2026-06-12 20:33:57.540,0.11,0.01,1.59,1.03,2,0
2026-06-12 20:33:57.590,0.11,0.01,1.59,1.03,2,0
2026-06-12 20:33:57.640,0.13,0.01,1.59,1.03,2,0
2026-06-12 20:33:57.694,0.13,0.01,1.57,1.20,2,0
2026-06-12 20:33:57.742,0.13,0.01,1.57,1.20,2,0
2026-06-12 20:33:57.792,0.13,0.01,1.57,1.20,2,0
2026-06-12 20:33:57.842,1.10,0.21,1.57,1.20,2,0
2026-06-12 20:33:57.894,1.10,0.21,30.42,9.96,2,0
2026-06-12 20:33:57.943,1.10,0.21,30.42,9.96,2,0
2026-06-12 20:33:57.994,1.10,0.21,30.42,9.96,2,0
2026-06-12 20:33:58.044,1.92,0.37,30.42,9.96,2,0
2026-06-12 20:33:58.094,1.92,0.37,34.79,17.41,2,0
2026-06-12 20:33:58.145,1.92,0.37,34.79,17.41,2,0
2026-06-12 20:33:58.195,1.92,0.37,34.79,17.41,2,0
2026-06-12 20:33:58.245,2.59,0.45,34.79,17.41,2,0
2026-06-12 20:33:58.296,2.59,0.45,37.69,23.50,2,0
2026-06-12 20:33:58.346,2.59,0.45,37.69,23.50,2,0
2026-06-12 20:33:58.397,3.11,0.51,37.69,23.50,2,0
2026-06-12 20:33:58.447,3.11,0.51,39.32,28.24,2,0
2026-06-12 20:33:58.498,3.11,0.51,39.32,28.24,2,0
2026-06-12 20:33:58.548,3.11,0.51,39.32,28.24,2,0
2026-06-12 20:33:58.598,3.51,0.53,39.32,28.24,2,0
2026-06-12 20:33:58.649,3.51,0.53,40.43,31.90,2,0
2026-06-12 20:33:58.699,3.51,0.53,40.43,31.90,2,0
2026-06-12 20:33:58.749,3.82,0.52,40.43,31.90,2,0
2026-06-12 20:33:58.800,3.82,0.52,41.31,34.72,2,0
2026-06-12 20:33:58.850,3.82,0.52,41.31,34.72,2,0
2026-06-12 20:33:58.901,3.82,0.52,41.31,34.72,2,0
2026-06-12 20:33:58.953,4.04,0.50,41.31,34.72,2,0
2026-06-12 20:33:59.002,4.04,0.50,41.30,36.70,2,0
2026-06-12 20:33:59.052,4.04,0.50,41.30,36.70,2,0
2026-06-12 20:33:59.104,4.04,0.50,41.30,36.70,2,0
2026-06-12 20:33:59.153,4.17,0.45,41.30,36.70,2,0
2026-06-12 20:33:59.203,4.17,0.45,40.75,37.91,2,0
2026-06-12 20:33:59.253,4.17,0.45,40.75,37.91,2,0
2026-06-12 20:33:59.304,4.26,0.40,40.75,37.91,2,0
2026-06-12 20:33:59.354,4.26,0.40,40.46,38.68,2,0
2026-06-12 20:33:59.405,4.26,0.40,40.46,38.68,2,0
2026-06-12 20:33:59.455,4.26,0.40,40.46,38.68,2,0
2026-06-12 20:33:59.506,4.30,0.35,40.46,38.68,2,0
2026-06-12 20:33:59.556,4.30,0.35,40.00,39.07,2,0
2026-06-12 20:33:59.606,4.30,0.35,40.00,39.07,2,0
2026-06-12 20:33:59.657,4.30,0.35,40.00,39.07,2,0
2026-06-12 20:33:59.707,4.32,0.30,40.00,39.07,2,0
2026-06-12 20:33:59.757,4.32,0.30,39.45,39.19,2,0
2026-06-12 20:33:59.808,4.32,0.30,39.45,39.19,2,0
2026-06-12 20:33:59.858,4.32,0.30,39.45,39.19,2,0
2026-06-12 20:33:59.909,4.29,0.25,39.45,39.19,2,0
2026-06-12 20:33:59.959,4.29,0.25,38.57,39.00,2,0
2026-06-12 20:34:00.010,4.29,0.25,38.57,39.00,2,0
2026-06-12 20:34:00.060,4.29,0.25,38.57,39.00,2,0
2026-06-12 20:34:00.110,4.29,0.25,38.57,39.00,2,0
2026-06-12 20:34:00.162,4.21,0.20,38.57,39.00,2,0
2026-06-12 20:34:00.211,4.21,0.20,36.53,38.26,2,0
2026-06-12 20:34:00.263,4.21,0.20,36.53,38.26,2,0
2026-06-12 20:34:00.312,4.21,0.20,36.53,38.26,2,0
2026-06-12 20:34:00.372,4.21,0.20,36.53,38.26,2,0
2026-06-12 20:34:00.413,4.07,0.14,36.53,38.26,2,0
2026-06-12 20:34:00.463,4.07,0.14,33.81,36.92,2,0
2026-06-12 20:34:00.513,4.07,0.14,33.81,36.92,2,0
2026-06-12 20:34:00.564,4.07,0.14,33.81,36.92,2,0
2026-06-12 20:34:00.614,4.07,0.14,33.81,36.92,2,0
2026-06-12 20:34:00.665,3.86,0.09,33.81,36.92,2,0
2026-06-12 20:34:00.715,3.86,0.09,30.75,35.07,2,0
2026-06-12 20:34:00.766,3.86,0.09,30.75,35.07,2,0
2026-06-12 20:34:00.816,3.86,0.09,30.75,35.07,2,0
2026-06-12 20:34:00.866,3.86,0.09,30.75,35.07,2,0
2026-06-12 20:34:00.917,3.86,0.09,30.75,35.07,2,0
2026-06-12 20:34:00.967,3.86,0.09,30.75,35.07,2,0
2026-06-12 20:34:01.018,3.59,0.05,30.75,35.07,2,0
2026-06-12 20:34:01.068,3.59,0.05,26.86,32.61,2,0
2026-06-12 20:34:01.118,3.59,0.05,26.86,32.61,2,0
2026-06-12 20:34:01.169,3.59,0.05,26.86,32.61,2,0
2026-06-12 20:34:01.219,3.59,0.05,26.86,32.61,2,0
2026-06-12 20:34:01.275,3.59,0.05,26.86,32.61,2,0
2026-06-12 20:34:01.323,3.59,0.05,26.86,32.61,2,0
2026-06-12 20:34:01.370,3.59,0.05,26.86,32.61,2,0
2026-06-12 20:34:01.421,3.59,0.05,26.86,32.61,2,0
2026-06-12 20:34:01.471,3.59,0.05,26.86,32.61,2,0
2026-06-12 20:34:01.522,3.23,0.01,26.86,32.61,2,0
2026-06-12 20:34:01.572,3.23,0.01,21.75,29.35,2,0
2026-06-12 20:34:01.623,3.23,0.01,21.75,29.35,2,0
2026-06-12 20:34:01.673,3.23,0.01,21.75,29.35,2,0
2026-06-12 20:34:01.723,3.23,0.01,21.75,29.35,2,0
2026-06-12 20:34:01.774,3.23,0.01,21.75,29.35,2,0
2026-06-12 20:34:01.824,3.23,0.01,21.75,29.35,2,0
2026-06-12 20:34:01.874,3.23,0.01,21.75,29.35,2,0
2026-06-12 20:34:01.925,3.23,0.01,21.75,29.35,2,0
2026-06-12 20:34:01.975,3.23,0.01,21.75,29.35,2,0
2026-06-12 20:34:02.026,3.23,0.01,21.75,29.35,2,0
2026-06-12 20:34:02.076,3.23,0.01,21.75,29.35,2,0
2026-06-12 20:34:02.126,3.23,0.01,21.75,29.35,2,0
2026-06-12 20:34:02.177,3.23,0.01,21.75,29.35,2,0
2026-06-12 20:34:02.227,3.23,0.01,21.75,29.35,2,0
2026-06-12 20:34:02.278,3.23,0.01,21.75,29.35,2,0
2026-06-12 20:34:02.328,3.23,0.01,21.75,29.35,2,0
2026-06-12 20:34:02.378,3.23,0.01,21.75,29.35,2,0
2026-06-12 20:34:02.429,3.23,0.01,21.75,29.35,2,0
2026-06-12 20:34:02.479,2.74,-0.01,21.75,29.35,2,0
2026-06-12 20:34:02.530,2.74,-0.01,14.55,24.91,2,0
2026-06-12 20:34:02.580,2.74,-0.01,14.55,24.91,2,0
2026-06-12 20:34:02.631,2.74,-0.01,14.55,24.91,2,0
2026-06-12 20:34:02.682,2.74,-0.01,14.55,24.91,2,0
2026-06-12 20:34:02.732,2.74,-0.01,14.55,24.91,2,0
2026-06-12 20:34:02.782,2.74,-0.01,14.55,24.91,2,0
2026-06-12 20:34:02.832,2.74,-0.01,14.55,24.91,2,0
2026-06-12 20:34:02.883,2.74,-0.01,14.55,24.91,2,0
2026-06-12 20:34:02.933,2.74,-0.01,14.55,24.91,2,0
2026-06-12 20:34:02.986,2.74,-0.01,14.55,24.91,2,0
2026-06-12 20:34:03.034,2.74,-0.01,14.55,24.91,2,0
2026-06-12 20:34:03.084,2.74,-0.01,14.55,24.91,2,0
2026-06-12 20:34:03.139,2.74,-0.01,14.55,24.91,2,0
2026-06-12 20:34:03.185,2.74,-0.01,14.55,24.91,2,0
2026-06-12 20:34:03.236,2.74,-0.01,14.55,24.91,2,0
2026-06-12 20:34:03.286,2.74,-0.01,14.55,24.91,2,0
2026-06-12 20:34:03.336,2.74,-0.01,14.55,24.91,2,0
2026-06-12 20:34:03.387,2.74,-0.01,14.55,24.91,2,0
2026-06-12 20:34:03.437,2.74,-0.01,14.55,24.91,2,0
2026-06-12 20:34:03.488,2.74,-0.01,14.55,24.91,2,0
2026-06-12 20:34:03.538,2.74,-0.01,14.55,24.91,2,0
2026-06-12 20:34:03.589,2.74,-0.01,14.55,24.91,2,0
2026-06-12 20:34:03.639,2.74,-0.01,14.55,24.91,2,0
2026-06-12 20:34:03.689,2.74,-0.01,14.55,24.91,2,0
2026-06-12 20:34:03.740,2.74,-0.01,14.55,24.91,2,0
2026-06-12 20:34:03.790,2.74,-0.01,14.55,24.91,2,0
2026-06-12 20:34:03.841,2.74,-0.01,14.55,24.91,2,0
2026-06-12 20:34:03.892,2.74,-0.01,14.55,24.91,2,0
2026-06-12 20:34:03.942,2.74,-0.01,14.55,24.91,2,0
2026-06-12 20:34:03.992,2.74,-0.01,14.55,24.91,2,0
2026-06-12 20:34:04.042,2.74,-0.01,14.55,24.91,2,0
2026-06-12 20:34:04.093,2.74,-0.01,14.55,24.91,2,0
2026-06-12 20:34:04.143,2.74,-0.01,14.55,24.91,2,0
2026-06-12 20:34:04.194,2.74,-0.01,14.55,24.91,2,0
2026-06-12 20:34:04.244,2.74,-0.01,14.55,24.91,2,0
2026-06-12 20:34:04.294,2.74,-0.01,14.55,24.91,2,0
2026-06-12 20:34:04.345,2.74,-0.01,14.55,24.91,2,0
2026-06-12 20:34:04.395,2.74,-0.01,14.55,24.91,2,0
2026-06-12 20:34:04.446,0.00,0.00,14.55,24.91,2,0
2026-06-12 20:34:04.496,0.00,0.00,0.00,0.00,2,0
2026-06-12 20:34:04.546,0.00,0.00,0.00,0.00,2,0
2026-06-12 20:34:04.597,0.00,0.00,0.00,0.00,2,0
2026-06-12 20:34:04.647,0.00,0.00,0.00,0.00,2,0
2026-06-12 20:34:04.698,0.00,0.00,0.00,0.00,2,0
2026-06-12 20:34:04.748,0.00,0.00,0.00,0.00,2,0
2026-06-12 20:34:04.798,0.00,0.00,0.00,0.00,2,0
2026-06-12 20:34:04.849,0.00,0.00,0.00,0.00,2,0
2026-06-12 20:34:04.899,0.00,0.00,0.00,0.00,2,0
2026-06-12 20:34:04.950,0.00,0.00,0.00,0.00,2,0
2026-06-12 20:34:05.000,0.00,0.00,0.00,0.00,2,0
2026-06-12 20:34:05.050,0.00,0.00,0.00,0.00,2,0
2026-06-12 20:34:05.102,0.00,0.00,0.00,0.00,2,0
2026-06-12 20:34:05.152,0.00,0.00,0.00,0.00,2,0
2026-06-12 20:34:05.203,0.00,0.00,0.00,0.00,2,0
2026-06-12 20:34:05.253,0.00,0.00,0.00,0.00,2,0
2026-06-12 20:34:05.302,0.00,0.00,0.00,0.00,2,0
2026-06-12 20:34:05.353,0.00,0.00,0.00,0.00,2,0
2026-06-12 20:34:05.406,0.00,0.00,0.00,0.00,2,0
2026-06-12 20:34:05.454,0.00,0.00,0.00,0.00,2,0
2026-06-12 20:34:05.504,0.00,0.00,0.00,0.00,2,0
2026-06-12 20:34:05.554,0.00,0.00,0.00,0.00,2,0
2026-06-12 20:34:05.605,0.00,0.00,0.00,0.00,2,0
2026-06-12 20:34:05.656,0.00,0.00,0.00,0.00,2,0
2026-06-12 20:34:05.707,0.00,0.00,0.00,0.00,2,0
2026-06-12 20:34:05.756,0.00,0.00,0.00,0.00,2,0
2026-06-12 20:34:05.806,0.00,0.00,0.00,0.00,2,0
2026-06-12 20:34:05.857,0.00,0.00,0.00,0.00,2,0
2026-06-12 20:34:05.907,0.00,0.00,0.00,0.00,2,0
2026-06-12 20:34:05.958,0.00,0.00,0.00,0.00,2,0
2026-06-12 20:34:06.008,0.00,0.00,0.00,0.00,2,0
2026-06-12 20:34:06.063,0.00,0.00,0.00,0.00,2,0
2026-06-12 20:34:06.109,0.00,0.00,0.00,0.00,2,0
2026-06-12 20:34:06.164,0.00,0.00,0.00,0.00,2,0
2026-06-12 20:34:06.210,0.00,0.00,0.00,0.00,2,0
2026-06-12 20:34:06.260,0.00,0.00,0.00,0.00,2,0
2026-06-12 20:34:06.310,0.00,0.00,0.00,0.00,2,0
2026-06-12 20:34:06.362,0.00,0.00,0.00,0.00,2,0
2026-06-12 20:34:06.411,0.00,0.00,0.00,0.00,2,0
2026-06-12 20:34:06.461,0.00,0.00,0.00,0.00,2,0
2026-06-12 20:34:06.512,0.00,0.00,0.00,0.00,2,0
2026-06-12 20:34:06.562,0.00,0.00,0.00,0.00,2,0
2026-06-12 20:34:06.613,0.00,0.00,0.00,0.00,2,0
2026-06-12 20:34:06.663,0.00,0.00,0.00,0.00,2,0
2026-06-12 20:34:06.714,0.00,0.00,0.00,0.00,2,0
2026-06-12 20:34:06.764,0.00,0.00,0.00,0.00,2,0
2026-06-12 20:34:06.814,0.00,0.00,0.00,0.00,2,0
2026-06-12 20:34:06.865,0.00,0.00,0.00,0.00,2,0
2026-06-12 20:34:06.915,0.00,0.00,0.00,0.00,2,0
2026-06-12 20:34:06.966,0.00,0.00,0.00,0.00,2,0
2026-06-12 20:34:07.016,0.00,0.00,0.00,0.00,2,0
2026-06-12 20:34:07.066,0.00,0.00,0.00,0.00,2,0
2026-06-12 20:34:07.117,0.00,0.00,0.00,0.00,2,0
2026-06-12 20:34:07.167,0.00,0.00,0.00,0.00,2,0
2026-06-12 20:34:07.218,0.00,0.00,0.00,0.00,2,0
2026-06-12 20:34:07.268,0.00,0.00,0.00,0.00,2,0
2026-06-12 20:34:07.318,0.00,0.00,0.00,0.00,2,0
2026-06-12 20:34:07.369,0.00,0.00,0.00,0.00,2,0
2026-06-12 20:34:07.419,0.00,0.00,0.00,0.00,2,0
2026-06-12 20:34:07.470,0.00,0.00,0.00,0.00,2,0
2026-06-12 20:34:07.520,0.00,0.00,0.00,0.00,2,0
2026-06-12 20:34:07.570,0.00,0.00,0.00,0.00,2,0
2026-06-12 20:34:07.621,0.16,0.00,0.00,0.00,1,0
2026-06-12 20:34:07.672,0.16,0.00,4.91,1.47,1,0
2026-06-12 20:34:07.722,0.16,0.00,4.91,1.47,1,0
2026-06-12 20:34:07.772,0.16,0.00,4.91,1.47,1,0
2026-06-12 20:34:07.823,0.16,0.00,4.91,1.47,1,0
2026-06-12 20:34:07.873,0.16,0.00,4.91,1.47,1,0
2026-06-12 20:34:07.923,0.16,0.00,4.91,1.47,1,0
2026-06-12 20:34:07.974,0.16,0.00,4.91,1.47,1,0
2026-06-12 20:34:08.024,0.16,0.00,4.91,1.47,1,0
2026-06-12 20:34:08.076,0.16,0.00,4.91,1.47,1,0
2026-06-12 20:34:08.125,0.16,0.00,4.91,1.47,1,0
2026-06-12 20:34:08.175,0.16,0.00,4.91,1.47,1,0
2026-06-12 20:34:08.226,0.16,0.00,4.91,1.47,1,0
2026-06-12 20:34:08.276,0.16,0.00,4.91,1.47,1,0
2026-06-12 20:34:08.326,0.16,0.00,4.91,1.47,1,0
2026-06-12 20:34:08.377,0.16,0.00,4.91,1.47,1,0
2026-06-12 20:34:08.427,0.16,0.00,4.91,1.47,1,0
2026-06-12 20:34:08.478,0.16,0.00,4.91,1.47,1,0
2026-06-12 20:34:08.528,0.16,0.00,4.91,1.47,1,0
2026-06-12 20:34:08.578,0.16,0.00,4.91,1.47,1,0
2026-06-12 20:34:08.629,0.16,0.00,4.91,1.47,1,0
2026-06-12 20:34:08.680,0.16,0.00,4.91,1.47,1,0
2026-06-12 20:34:08.730,0.16,0.00,4.91,1.47,1,0
2026-06-12 20:34:08.780,0.16,0.00,4.91,1.47,1,0
2026-06-12 20:34:08.832,0.16,0.00,4.91,1.47,1,0
2026-06-12 20:34:08.881,0.16,0.00,4.91,1.47,1,0
2026-06-12 20:34:08.931,0.16,0.00,4.91,1.47,1,0
2026-06-12 20:34:08.981,0.16,0.00,4.91,1.47,1,0
2026-06-12 20:34:09.032,0.16,0.00,4.91,1.47,1,0
2026-06-12 20:34:09.082,0.16,0.00,4.91,1.47,1,0
2026-06-12 20:34:09.136,0.16,0.00,4.91,1.47,1,0
2026-06-12 20:34:09.183,0.16,0.00,4.91,1.47,1,0
2026-06-12 20:34:09.235,0.16,0.00,4.91,1.47,1,0
2026-06-12 20:34:09.284,0.16,0.00,4.91,1.47,1,0
2026-06-12 20:34:09.334,0.16,0.00,4.91,1.47,1,0
2026-06-12 20:34:09.385,0.16,0.00,4.91,1.47,1,0
2026-06-12 20:34:09.435,0.16,0.00,4.91,1.47,1,0
2026-06-12 20:34:09.486,0.16,0.00,4.91,1.47,1,0
2026-06-12 20:34:09.536,0.16,0.00,4.91,1.47,1,0
2026-06-12 20:34:09.586,0.16,0.00,4.91,1.47,1,0
2026-06-12 20:34:09.637,0.00,0.00,4.91,1.47,1,0
2026-06-12 20:34:09.687,0.00,0.00,0.00,0.00,1,0
2026-06-12 20:34:09.738,0.00,0.00,0.00,0.00,1,0
2026-06-12 20:34:09.788,0.00,0.00,0.00,0.00,1,0
2026-06-12 20:34:09.838,0.00,0.00,0.00,0.00,1,0
2026-06-12 20:34:09.889,0.00,0.00,0.00,0.00,1,0
2026-06-12 20:34:09.939,0.00,0.00,0.00,0.00,1,0
2026-06-12 20:34:09.990,0.00,0.00,0.00,0.00,1,0
2026-06-12 20:34:10.040,0.00,0.00,0.00,0.00,1,0
2026-06-12 20:34:10.090,0.00,0.00,0.00,0.00,1,0
2026-06-12 20:34:10.141,0.00,0.00,0.00,0.00,1,0
2026-06-12 20:34:10.191,0.00,0.00,0.00,0.00,1,0
2026-06-12 20:34:10.248,0.00,0.00,0.00,0.00,1,0
2026-06-12 20:34:10.295,0.00,0.00,0.00,0.00,1,0
2026-06-12 20:34:10.342,0.00,0.00,0.00,0.00,1,0
2026-06-12 20:34:10.393,0.00,0.00,0.00,0.00,1,0
2026-06-12 20:34:10.443,0.00,0.00,0.00,0.00,1,0
2026-06-12 20:34:10.496,0.00,0.00,0.00,0.00,1,0
2026-06-12 20:34:10.544,0.00,0.00,0.00,0.00,1,0
2026-06-12 20:34:10.594,0.00,0.00,0.00,0.00,1,0
2026-06-12 20:34:10.645,0.00,0.00,0.00,0.00,1,0
2026-06-12 20:34:10.704,0.00,0.00,0.00,0.00,0,0
2026-06-12 20:34:10.746,0.00,0.00,0.00,0.00,0,0
2026-06-12 20:34:10.796,0.00,0.00,0.00,0.00,0,0
2026-06-12 20:34:10.846,0.00,0.00,0.00,0.00,0,0
2026-06-12 20:34:10.904,0.00,0.00,0.00,0.00,0,0
2026-06-12 20:34:10.947,0.00,0.00,0.00,0.00,0,0
2026-06-12 20:34:10.998,0.00,0.00,0.00,0.00,0,0
2026-06-12 20:34:11.048,0.00,0.00,0.00,0.00,0,0
2026-06-12 20:34:11.098,0.00,0.00,0.00,0.00,0,0
2026-06-12 20:34:11.149,0.00,0.00,0.00,0.00,0,0
2026-06-12 20:34:11.199,0.00,0.00,0.00,0.00,0,0
2026-06-12 20:34:11.256,0.00,0.00,0.00,0.00,0,0
2026-06-12 20:34:11.300,0.00,0.00,0.00,0.00,0,0
2026-06-12 20:34:11.350,0.00,0.00,0.00,0.00,0,0
2026-06-12 20:34:11.401,0.00,0.00,0.00,0.00,0,0
2026-06-12 20:34:11.453,0.00,0.00,0.00,0.00,0,0
2026-06-12 20:34:11.501,0.00,0.00,0.00,0.00,0,0
2026-06-12 20:34:11.552,0.00,0.00,0.00,0.00,0,0
2026-06-12 20:34:11.602,0.00,0.00,0.00,0.00,0,0
2026-06-12 20:34:11.653,0.00,0.00,0.00,0.00,0,0
2026-06-12 20:34:11.703,0.00,0.00,0.00,0.00,0,0
2026-06-12 20:34:11.753,0.00,0.00,0.00,0.00,0,0
2026-06-12 20:34:11.812,0.00,0.00,0.00,0.00,0,0
2026-06-12 20:34:11.854,0.00,0.00,0.00,0.00,0,0
2026-06-12 20:34:11.905,0.00,0.00,0.00,0.00,0,0
2026-06-12 20:34:11.955,0.00,0.00,0.00,0.00,0,0
2026-06-12 20:34:12.005,0.00,0.00,0.00,0.00,0,0
2026-06-12 20:34:12.056,0.00,0.00,0.00,0.00,0,0
2026-06-12 20:34:12.106,0.00,0.00,0.00,0.00,0,0
2026-06-12 20:34:12.157,0.00,0.00,0.00,0.00,0,0
2026-06-12 20:34:12.207,0.00,0.00,0.00,0.00,0,0
2026-06-12 20:34:12.258,0.00,0.00,0.00,0.00,0,0
2026-06-12 20:34:12.311,0.00,0.00,0.00,0.00,0,0
2026-06-12 20:34:12.358,0.00,0.00,0.00,0.00,0,0
2026-06-12 20:34:12.409,0.00,0.00,0.00,0.00,0,0
2026-06-12 20:34:12.460,0.00,0.00,0.00,0.00,0,0
2026-06-12 20:34:12.510,0.00,0.00,0.00,0.00,0,0
2026-06-12 20:34:12.560,0.00,0.00,0.00,0.00,0,0
2026-06-12 20:34:12.610,0.00,0.00,0.00,0.00,0,0
2026-06-12 20:34:12.661,0.00,0.00,0.00,0.00,0,0
2026-06-12 20:34:12.712,0.20,0.00,0.00,0.00,2,0
2026-06-12 20:34:12.762,0.20,0.00,5.92,1.78,2,0
2026-06-12 20:34:12.812,0.20,0.00,5.92,1.78,2,0
2026-06-12 20:34:12.862,0.20,0.00,5.92,1.78,2,0
2026-06-12 20:34:12.913,0.20,0.00,5.92,1.78,2,0
2026-06-12 20:34:12.963,0.20,0.00,5.92,1.78,2,0
2026-06-12 20:34:13.014,0.20,0.00,5.92,1.78,2,0
2026-06-12 20:34:13.064,0.20,0.00,5.92,1.78,2,0
2026-06-12 20:34:13.115,0.20,0.00,5.92,1.78,2,0
2026-06-12 20:34:13.165,0.20,0.00,5.92,1.78,2,0
2026-06-12 20:34:13.215,0.20,0.00,5.92,1.78,2,0
2026-06-12 20:34:13.266,0.20,0.00,5.92,1.78,2,0
2026-06-12 20:34:13.316,0.20,0.00,5.92,1.78,2,0
2026-06-12 20:34:13.366,0.20,0.00,5.92,1.78,2,0
2026-06-12 20:34:13.417,0.20,0.00,5.92,1.78,2,0
2026-06-12 20:34:13.467,0.20,0.00,5.92,1.78,2,0
2026-06-12 20:34:13.518,0.20,0.00,5.92,1.78,2,0
2026-06-12 20:34:13.568,0.20,0.00,5.92,1.78,2,0
2026-06-12 20:34:13.620,0.20,0.00,5.92,1.78,2,0
2026-06-12 20:34:13.669,0.20,0.00,5.92,1.78,2,0
2026-06-12 20:34:13.719,0.20,0.00,5.92,1.78,2,0
2026-06-12 20:34:13.770,0.20,0.00,5.92,1.78,2,0
2026-06-12 20:34:13.821,0.20,0.00,5.92,1.78,2,0
2026-06-12 20:34:13.870,0.20,0.00,5.92,1.78,2,0
2026-06-12 20:34:13.922,0.20,0.00,5.92,1.78,2,0
2026-06-12 20:34:13.972,0.20,0.00,5.92,1.78,2,0
2026-06-12 20:34:14.023,0.20,0.00,5.92,1.78,2,0
2026-06-12 20:34:14.072,0.20,0.00,5.92,1.78,2,0
2026-06-12 20:34:14.123,0.20,0.00,5.92,1.78,2,0
2026-06-12 20:34:14.173,0.20,0.00,5.92,1.78,2,0
2026-06-12 20:34:14.224,0.20,0.00,5.92,1.78,2,0
2026-06-12 20:34:14.274,0.20,0.00,5.92,1.78,2,0
2026-06-12 20:34:14.324,0.20,0.00,5.92,1.78,2,0
2026-06-12 20:34:14.374,0.20,0.00,5.92,1.78,2,0
2026-06-12 20:34:14.425,0.20,0.00,5.92,1.78,2,0
2026-06-12 20:34:14.475,0.20,0.00,5.92,1.78,2,0
2026-06-12 20:34:14.526,0.20,0.00,5.92,1.78,2,0
2026-06-12 20:34:14.576,0.20,0.00,5.92,1.78,2,0
2026-06-12 20:34:14.626,0.20,0.00,5.92,1.78,2,0
2026-06-12 20:34:14.677,0.00,0.00,5.92,1.78,2,0
2026-06-12 20:34:14.727,0.00,0.00,0.00,0.00,2,0
2026-06-12 20:34:14.778,0.00,0.00,0.00,0.00,2,0
2026-06-12 20:34:14.828,0.00,0.00,0.00,0.00,2,0
2026-06-12 20:34:14.878,0.00,0.00,0.00,0.00,2,0
2026-06-12 20:34:14.929,0.00,0.00,0.00,0.00,2,0
2026-06-12 20:34:14.979,0.00,0.00,0.00,0.00,2,0
2026-06-12 20:34:15.030,0.00,0.00,0.00,0.00,2,0
2026-06-12 20:34:15.080,0.00,0.00,0.00,0.00,2,0
2026-06-12 20:34:15.131,0.00,0.00,0.00,0.00,2,0
2026-06-12 20:34:15.181,0.00,0.00,0.00,0.00,2,0
2026-06-12 20:34:15.232,0.00,0.00,0.00,0.00,2,0
2026-06-12 20:34:15.282,0.00,0.00,0.00,0.00,2,0
2026-06-12 20:34:15.332,0.00,0.00,0.00,0.00,2,0
2026-06-12 20:34:15.382,0.00,0.00,0.00,0.00,2,0
2026-06-12 20:34:15.433,0.00,0.00,0.00,0.00,2,0
2026-06-12 20:34:15.486,0.00,0.00,0.00,0.00,2,0
2026-06-12 20:34:15.534,0.00,0.00,0.00,0.00,2,0
2026-06-12 20:34:15.584,0.00,0.00,0.00,0.00,2,0
2026-06-12 20:34:15.635,0.00,0.00,0.00,0.00,2,0
2026-06-12 20:34:15.685,0.00,0.00,0.00,0.00,2,0
2026-06-12 20:34:15.735,0.00,0.00,0.00,0.00,2,0
2026-06-12 20:34:15.786,0.00,0.00,0.00,0.00,2,0
2026-06-12 20:34:15.836,0.00,0.00,0.00,0.00,2,0
2026-06-12 20:34:15.886,0.00,0.00,0.00,0.00,2,0
2026-06-12 20:34:15.937,0.00,0.00,0.00,0.00,2,0
2026-06-12 20:34:15.987,0.00,0.00,0.00,0.00,2,0
2026-06-12 20:34:16.038,0.00,0.00,0.00,0.00,2,0
2026-06-12 20:34:16.088,0.00,0.00,0.00,0.00,2,0
2026-06-12 20:34:16.138,0.00,0.00,0.00,0.00,2,0
2026-06-12 20:34:16.189,0.00,0.00,0.00,0.00,2,0
2026-06-12 20:34:16.239,0.00,0.00,0.00,0.00,2,0
2026-06-12 20:34:16.290,0.00,0.00,0.00,0.00,2,0
2026-06-12 20:34:16.340,0.00,0.00,0.00,0.00,2,0
2026-06-12 20:34:16.390,0.00,0.00,0.00,0.00,2,0
2026-06-12 20:34:16.441,0.00,0.00,0.00,0.00,2,0
2026-06-12 20:34:16.491,0.00,0.00,0.00,0.00,2,0
2026-06-12 20:34:16.542,0.00,0.00,0.00,0.00,2,0
2026-06-12 20:34:16.592,0.00,0.00,0.00,0.00,2,0
2026-06-12 20:34:16.642,0.00,0.00,0.00,0.00,2,0
2026-06-12 20:34:16.693,0.00,0.00,0.00,0.00,2,0
2026-06-12 20:34:16.743,0.00,0.00,0.00,0.00,2,0
2026-06-12 20:34:16.794,0.00,0.00,0.00,0.00,2,0
2026-06-12 20:34:16.844,0.00,0.00,0.00,0.00,2,0
2026-06-12 20:34:16.894,0.00,0.00,0.00,0.00,2,0
2026-06-12 20:34:16.945,0.00,0.00,0.00,0.00,2,0
2026-06-12 20:34:16.995,0.00,0.00,0.00,0.00,2,0
2026-06-12 20:34:17.046,0.00,0.00,0.00,0.00,2,0
2026-06-12 20:34:17.096,0.00,0.00,0.00,0.00,2,0
2026-06-12 20:34:17.146,0.00,0.00,0.00,0.00,2,0
2026-06-12 20:34:17.197,0.00,0.00,0.00,0.00,2,0
2026-06-12 20:34:17.247,0.00,0.00,0.00,0.00,2,0
2026-06-12 20:34:17.298,0.00,0.00,0.00,0.00,2,0
2026-06-12 20:34:17.348,0.00,0.00,0.00,0.00,2,0
2026-06-12 20:34:17.398,0.00,0.00,0.00,0.00,2,0
2026-06-12 20:34:17.449,0.00,0.00,0.00,0.00,2,0
2026-06-12 20:34:17.499,0.00,0.00,0.00,0.00,2,0
2026-06-12 20:34:17.550,0.00,0.00,0.00,0.00,2,0
2026-06-12 20:34:17.600,0.00,0.00,0.00,0.00,2,0
2026-06-12 20:34:17.651,0.00,0.00,0.00,0.00,2,0
2026-06-12 20:34:17.701,0.00,0.00,0.00,0.00,2,0
2026-06-12 20:34:17.752,0.00,0.00,0.00,0.00,2,0
2026-06-12 20:34:17.801,0.00,0.00,0.00,0.00,2,0
2026-06-12 20:34:17.852,0.00,0.00,0.00,0.00,2,0
2026-06-12 20:34:17.902,0.10,0.00,0.00,0.00,2,0
2026-06-12 20:34:17.953,0.10,0.00,2.92,0.88,2,0
2026-06-12 20:34:18.003,0.10,0.00,2.92,0.88,2,0
2026-06-12 20:34:18.054,0.10,0.00,2.92,0.88,2,0
2026-06-12 20:34:18.104,0.10,0.00,2.92,0.88,2,0
2026-06-12 20:34:18.154,0.10,0.00,2.92,0.88,2,0
2026-06-12 20:34:18.205,0.10,0.00,2.92,0.88,2,0
2026-06-12 20:34:18.255,0.10,0.00,2.92,0.88,2,0
2026-06-12 20:34:18.306,0.16,0.01,2.92,0.88,2,0
2026-06-12 20:34:18.356,0.16,0.01,2.81,1.46,2,0
2026-06-12 20:34:18.411,0.16,0.01,2.81,1.46,2,0
2026-06-12 20:34:18.457,0.28,0.04,2.81,1.46,2,0
2026-06-12 20:34:18.507,0.28,0.04,5.22,2.59,2,0
2026-06-12 20:34:18.561,0.28,0.04,5.22,2.59,2,0
2026-06-12 20:34:18.609,0.37,0.06,5.22,2.59,2,0
2026-06-12 20:34:18.658,0.37,0.06,5.09,3.34,2,0
2026-06-12 20:34:18.709,0.37,0.06,5.09,3.34,2,0
2026-06-12 20:34:18.759,0.37,0.06,5.09,3.34,2,0
2026-06-12 20:34:18.810,0.37,0.06,5.09,3.34,2,0
2026-06-12 20:34:18.860,1.31,0.20,5.09,3.34,2,0
2026-06-12 20:34:18.910,1.31,0.20,31.75,11.86,2,0
2026-06-12 20:34:18.961,1.31,0.20,31.75,11.86,2,0
2026-06-12 20:34:19.011,1.31,0.20,31.75,11.86,2,0
2026-06-12 20:34:19.062,2.26,0.37,31.75,11.86,2,0
2026-06-12 20:34:19.112,2.26,0.37,40.61,20.49,2,0
2026-06-12 20:34:19.162,2.26,0.37,40.61,20.49,2,0
2026-06-12 20:34:19.213,2.84,0.45,40.61,20.49,2,0
2026-06-12 20:34:19.263,2.84,0.45,38.23,25.81,2,0
2026-06-12 20:34:19.313,2.84,0.45,38.23,25.81,2,0
2026-06-12 20:34:19.364,3.24,0.49,38.23,25.81,2,0
2026-06-12 20:34:19.414,3.24,0.49,37.75,29.39,2,0
2026-06-12 20:34:19.465,3.24,0.49,37.75,29.39,2,0
2026-06-12 20:34:19.515,3.69,0.54,37.75,29.39,2,0
2026-06-12 20:34:19.566,3.69,0.54,43.00,33.47,2,0
2026-06-12 20:34:19.616,3.69,0.54,43.00,33.47,2,0
2026-06-12 20:34:19.667,4.13,0.58,43.00,33.47,2,0
2026-06-12 20:34:19.717,4.13,0.58,46.89,37.50,2,0
2026-06-12 20:34:19.767,4.13,0.58,46.89,37.50,2,0
2026-06-12 20:34:19.818,4.55,0.64,46.89,37.50,2,0
2026-06-12 20:34:19.868,4.55,0.64,50.38,41.36,2,0
2026-06-12 20:34:19.918,4.55,0.64,50.38,41.36,2,0
2026-06-12 20:34:19.969,4.95,0.65,50.38,41.36,2,0
2026-06-12 20:34:20.019,4.95,0.65,53.44,44.98,2,0
2026-06-12 20:34:20.070,5.29,0.67,53.44,44.98,2,0
2026-06-12 20:34:20.120,5.29,0.67,55.31,48.08,2,0
2026-06-12 20:34:20.170,5.29,0.67,55.31,48.08,2,0
2026-06-12 20:34:20.221,5.60,0.67,55.31,48.08,2,0
2026-06-12 20:34:20.272,5.60,0.67,57.41,50.88,2,0
2026-06-12 20:34:20.322,5.90,0.69,57.41,50.88,2,0
2026-06-12 20:34:20.372,5.90,0.69,59.92,53.59,2,0
2026-06-12 20:34:20.422,6.19,0.68,59.92,53.59,2,0
2026-06-12 20:34:20.473,6.19,0.68,62.45,56.25,2,0
2026-06-12 20:34:20.523,6.49,0.71,62.45,56.25,2,0
2026-06-12 20:34:20.574,6.49,0.71,65.25,58.95,2,0
2026-06-12 20:34:20.624,6.76,0.71,65.25,58.95,2,0
2026-06-12 20:34:20.674,6.76,0.71,67.23,61.43,2,0
2026-06-12 20:34:20.725,6.76,0.71,67.23,61.43,2,0
2026-06-12 20:34:20.775,7.01,0.69,67.23,61.43,2,0
2026-06-12 20:34:20.826,7.01,0.69,68.87,63.67,2,0
2026-06-12 20:34:20.876,7.23,0.67,68.87,63.67,2,0
2026-06-12 20:34:20.926,7.23,0.67,70.20,65.63,2,0
2026-06-12 20:34:20.977,7.42,0.65,70.20,65.63,2,0
2026-06-12 20:34:21.027,7.42,0.65,71.35,67.34,2,0
2026-06-12 20:34:21.078,7.57,0.62,71.35,67.34,2,0
2026-06-12 20:34:21.128,7.57,0.62,72.10,68.77,2,0
2026-06-12 20:34:21.179,7.71,0.58,72.10,68.77,2,0
2026-06-12 20:34:21.229,7.71,0.58,72.81,69.98,2,0
2026-06-12 20:34:21.279,7.84,0.55,72.81,69.98,2,0
2026-06-12 20:34:21.330,7.84,0.55,74.17,71.24,2,0
2026-06-12 20:34:21.380,7.97,0.52,74.17,71.24,2,0
2026-06-12 20:34:21.431,7.97,0.52,75.05,72.38,2,0
2026-06-12 20:34:21.482,8.07,0.48,75.05,72.38,2,0
2026-06-12 20:34:21.532,8.07,0.48,75.51,73.32,2,0
2026-06-12 20:34:21.582,8.16,0.45,75.51,73.32,2,0
2026-06-12 20:34:21.632,8.16,0.45,75.77,74.06,2,0
2026-06-12 20:34:21.683,8.19,0.39,75.77,74.06,2,0
2026-06-12 20:34:21.733,8.19,0.39,75.14,74.38,2,0
2026-06-12 20:34:21.783,8.21,0.34,75.14,74.38,2,0
2026-06-12 20:34:21.834,8.21,0.34,75.00,74.57,2,0
2026-06-12 20:34:21.885,8.74,1.12,75.00,74.57,2,0
2026-06-12 20:34:21.935,8.74,1.12,90.50,79.40,2,0
2026-06-12 20:34:21.985,9.43,1.33,90.50,79.40,2,0
2026-06-12 20:34:22.035,9.96,1.42,100.17,85.63,2,0
2026-06-12 20:34:22.086,9.96,1.42,101.69,90.45,2,0
2026-06-12 20:34:22.140,10.40,1.39,101.69,90.45,2,0
2026-06-12 20:34:22.187,10.40,1.39,103.82,94.46,2,0
2026-06-12 20:34:22.237,10.04,1.03,103.82,94.46,2,0
2026-06-12 20:34:22.287,10.04,1.03,83.45,91.16,2,0
2026-06-12 20:34:22.338,9.58,0.69,83.45,91.16,2,0
2026-06-12 20:34:22.388,9.58,0.69,77.20,86.97,2,0
2026-06-12 20:34:22.439,9.25,0.45,77.20,86.97,2,0
2026-06-12 20:34:22.489,9.25,0.45,77.00,83.98,2,0
2026-06-12 20:34:22.540,8.98,0.27,77.00,83.98,2,0
2026-06-12 20:34:22.590,8.98,0.27,75.97,81.58,2,0
2026-06-12 20:34:22.640,8.79,0.15,75.97,81.58,2,0
2026-06-12 20:34:22.691,8.79,0.15,75.76,79.83,2,0
2026-06-12 20:34:22.742,8.68,0.08,75.76,79.83,2,0
2026-06-12 20:34:22.792,8.68,0.08,76.33,78.78,2,0
2026-06-12 20:34:22.842,8.61,0.03,76.33,78.78,2,0
2026-06-12 20:34:22.892,8.61,0.03,76.82,78.19,2,0
2026-06-12 20:34:22.943,8.61,0.03,76.82,78.19,2,0
2026-06-12 20:34:22.993,8.61,0.03,78.05,78.15,2,0
2026-06-12 20:34:23.043,8.62,0.03,78.05,78.15,2,0
2026-06-12 20:34:23.094,8.62,0.03,78.65,78.30,2,0
2026-06-12 20:34:23.144,8.62,0.02,78.65,78.30,2,0
2026-06-12 20:34:23.195,8.62,0.02,78.19,78.27,2,0
2026-06-12 20:34:23.245,8.61,0.01,78.19,78.27,2,0
2026-06-12 20:34:23.295,8.60,0.01,77.85,78.14,2,0
2026-06-12 20:34:23.346,8.60,0.01,78.09,78.13,2,0
2026-06-12 20:34:23.396,8.57,-0.00,78.09,78.13,2,0
2026-06-12 20:34:23.447,8.57,-0.00,77.23,77.86,2,0
2026-06-12 20:34:23.497,8.58,-0.00,77.23,77.86,2,0
2026-06-12 20:34:23.547,8.58,-0.00,77.98,77.90,2,0
2026-06-12 20:34:23.598,8.59,0.01,77.98,77.90,2,0
2026-06-12 20:34:23.648,8.59,0.01,78.38,78.04,2,0
2026-06-12 20:34:23.699,8.61,0.02,78.38,78.04,2,0
2026-06-12 20:34:23.749,8.61,0.02,78.60,78.21,2,0
2026-06-12 20:34:23.800,8.67,0.04,78.60,78.21,2,0
2026-06-12 20:34:23.850,8.67,0.04,79.97,78.74,2,0
2026-06-12 20:34:23.900,8.71,0.05,79.97,78.74,2,0
2026-06-12 20:34:23.952,8.71,0.05,79.87,79.08,2,0
2026-06-12 20:34:24.001,8.72,0.04,79.87,79.08,2,0
2026-06-12 20:34:24.052,8.72,0.04,79.35,79.16,2,0
2026-06-12 20:34:24.102,8.69,0.03,79.35,79.16,2,0
2026-06-12 20:34:24.152,8.67,0.01,78.39,78.93,2,0
2026-06-12 20:34:24.203,8.67,0.01,78.39,78.77,2,0
2026-06-12 20:34:24.253,8.69,0.02,78.39,78.77,2,0
2026-06-12 20:34:24.304,8.69,0.02,79.19,78.89,2,0
2026-06-12 20:34:24.354,8.75,0.05,79.19,78.89,2,0
2026-06-12 20:34:24.405,8.75,0.05,80.92,79.50,2,0
2026-06-12 20:34:24.455,8.87,0.09,80.92,79.50,2,0
2026-06-12 20:34:24.505,8.87,0.09,82.90,80.52,2,0
2026-06-12 20:34:24.556,8.98,0.12,82.90,80.52,2,0
2026-06-12 20:34:24.606,9.06,0.15,83.96,81.55,2,0
2026-06-12 20:34:24.657,9.06,0.15,84.01,82.29,2,0
2026-06-12 20:34:24.707,9.10,0.14,84.01,82.29,2,0
2026-06-12 20:34:24.760,9.10,0.14,83.52,82.66,2,0
2026-06-12 20:34:24.808,9.09,0.12,83.52,82.66,2,0
2026-06-12 20:34:24.858,9.09,0.12,82.29,82.55,2,0
2026-06-12 20:34:24.912,9.09,0.10,82.29,82.55,2,0
2026-06-12 20:34:24.959,9.10,0.09,82.56,82.55,2,0
2026-06-12 20:34:25.009,9.10,0.09,82.90,82.66,2,0
2026-06-12 20:34:25.060,9.14,0.09,82.90,82.66,2,0
2026-06-12 20:34:25.110,9.14,0.09,83.77,82.99,2,0
2026-06-12 20:34:25.161,9.21,0.12,83.77,82.99,2,0
2026-06-12 20:34:25.211,9.21,0.12,85.23,83.66,2,0
2026-06-12 20:34:25.262,9.27,0.13,85.23,83.66,2,0
2026-06-12 20:34:25.312,9.30,0.12,85.55,84.23,2,0
2026-06-12 20:34:25.362,9.30,0.12,85.11,84.49,2,0
2026-06-12 20:34:25.412,9.29,0.10,85.11,84.49,2,0
2026-06-12 20:34:25.463,9.29,0.10,83.99,84.34,2,0
2026-06-12 20:34:25.513,9.25,0.07,83.99,84.34,2,0
2026-06-12 20:34:25.564,9.25,0.07,83.10,83.97,2,0
2026-06-12 20:34:25.614,9.18,0.02,83.10,83.97,2,0
2026-06-12 20:34:25.664,9.18,0.02,81.88,83.34,2,0
2026-06-12 20:34:25.715,9.17,0.01,81.88,83.34,2,0
2026-06-12 20:34:25.766,9.18,0.02,83.01,83.24,2,0
2026-06-12 20:34:25.816,9.18,0.02,83.74,83.39,2,0
2026-06-12 20:34:25.866,9.26,0.05,83.74,83.39,2,0
2026-06-12 20:34:25.917,9.26,0.05,85.63,84.06,2,0
2026-06-12 20:34:25.967,9.35,0.09,85.63,84.06,2,0
2026-06-12 20:34:26.017,9.35,0.09,87.01,84.95,2,0
2026-06-12 20:34:26.068,9.39,0.09,87.01,84.95,2,0
2026-06-12 20:34:26.118,9.42,0.10,86.00,85.26,2,0
2026-06-12 20:34:26.169,9.42,0.10,86.16,85.53,2,0
2026-06-12 20:34:26.219,9.40,0.07,86.16,85.53,2,0
2026-06-12 20:34:26.269,9.40,0.07,85.02,85.38,2,0
2026-06-12 20:34:26.320,9.36,0.04,85.02,85.38,2,0
2026-06-12 20:34:26.370,9.36,0.04,83.97,84.96,2,0
2026-06-12 20:34:26.421,9.36,0.03,83.97,84.96,2,0
2026-06-12 20:34:26.471,9.35,0.03,84.99,84.97,2,0
2026-06-12 20:34:26.525,9.35,0.03,84.88,84.94,2,0
2026-06-12 20:34:26.572,9.37,0.03,84.88,84.94,2,0
2026-06-12 20:34:26.622,9.37,0.03,85.57,85.13,2,0
2026-06-12 20:34:26.673,9.44,0.06,85.57,85.13,2,0
2026-06-12 20:34:26.723,9.46,0.06,86.99,85.69,2,0
2026-06-12 20:34:26.776,9.46,0.06,86.31,85.87,2,0
2026-06-12 20:34:26.824,9.48,0.06,86.31,85.87,2,0
2026-06-12 20:34:26.874,9.48,0.06,86.71,86.13,2,0
2026-06-12 20:34:26.925,9.49,0.06,86.71,86.13,2,0
2026-06-12 20:34:26.975,9.49,0.06,86.25,86.16,2,0
2026-06-12 20:34:27.025,9.47,0.04,86.25,86.16,2,0
2026-06-12 20:34:27.076,9.48,0.04,85.73,86.03,2,0
2026-06-12 20:34:27.126,9.48,0.04,86.35,86.13,2,0
2026-06-12 20:34:27.177,9.51,0.05,86.35,86.13,2,0
2026-06-12 20:34:27.227,13.40,3.28,86.89,86.36,1,0
2026-06-12 20:34:27.277,21.14,15.20,204.06,121.67,1,0
2026-06-12 20:34:27.328,23.49,14.22,356.04,191.98,1,0
2026-06-12 20:34:27.378,23.25,11.89,263.23,213.36,1,0
2026-06-12 20:34:27.429,21.47,8.62,205.97,211.14,1,0
2026-06-12 20:34:27.479,21.47,8.62,157.14,194.94,1,0
2026-06-12 20:34:27.530,18.91,5.93,157.14,194.94,1,0
2026-06-12 20:34:27.588,17.09,4.02,117.66,171.76,1,0
2026-06-12 20:34:27.630,17.09,4.02,116.43,155.16,1,0
2026-06-12 20:34:27.681,15.15,2.62,116.43,155.16,1,0
2026-06-12 20:34:27.731,15.15,2.62,96.62,137.60,1,0
2026-06-12 20:34:27.782,13.45,1.30,96.62,137.60,1,0
2026-06-12 20:34:27.832,13.45,1.30,86.18,122.17,1,0
2026-06-12 20:34:27.883,11.88,-0.10,86.18,122.17,1,0
2026-06-12 20:34:27.933,12.09,0.09,100.15,107.92,1,0
2026-06-12 20:34:27.987,12.09,0.09,114.21,109.80,1,0
2026-06-12 20:34:28.034,12.12,0.09,114.21,109.80,1,0
2026-06-12 20:34:28.085,12.12,0.09,110.60,110.04,1,0
2026-06-12 20:34:28.134,12.02,0.03,110.60,110.04,1,0
2026-06-12 20:34:28.185,12.02,0.03,106.97,109.12,1,0
2026-06-12 20:34:28.235,11.27,-0.28,106.97,109.12,1,0
2026-06-12 20:34:28.286,11.27,-0.28,86.47,102.33,1,0
2026-06-12 20:34:28.336,11.27,-0.28,86.47,102.33,1,0
2026-06-12 20:34:28.387,10.29,-0.56,86.47,102.33,1,0
2026-06-12 20:34:28.437,10.29,-0.56,72.78,93.46,1,0
2026-06-12 20:34:28.487,9.41,-0.77,72.78,93.46,1,0
2026-06-12 20:34:28.538,9.41,-0.77,66.78,85.46,1,0
2026-06-12 20:34:28.588,9.41,-0.77,66.78,85.46,1,0
2026-06-12 20:34:28.639,9.41,-0.77,66.78,85.46,1,0
2026-06-12 20:34:28.689,8.49,-0.87,66.78,85.46,1,0
2026-06-12 20:34:28.740,8.49,-0.87,57.48,77.07,1,0
2026-06-12 20:34:28.790,8.49,-0.87,57.48,77.07,1,0
2026-06-12 20:34:28.840,8.49,-0.87,57.48,77.07,1,0
2026-06-12 20:34:28.892,8.49,-0.87,57.48,77.07,1,0
2026-06-12 20:34:28.942,8.49,-0.87,57.48,77.07,1,0
2026-06-12 20:34:28.991,8.49,-0.87,57.48,77.07,1,0
2026-06-12 20:34:29.042,8.49,-0.87,57.48,77.07,1,0
2026-06-12 20:34:29.092,8.49,-0.87,57.48,77.07,1,0
2026-06-12 20:34:29.143,8.49,-0.87,57.48,77.07,1,0
2026-06-12 20:34:29.193,8.49,-0.87,57.48,77.07,1,0
2026-06-12 20:34:29.244,8.49,-0.87,57.48,77.07,1,0
2026-06-12 20:34:29.294,8.49,-0.87,57.48,77.07,1,0
2026-06-12 20:34:29.344,8.49,-0.87,57.48,77.07,1,0
2026-06-12 20:34:29.395,8.49,-0.87,57.48,77.07,1,0
2026-06-12 20:34:29.445,8.49,-0.87,57.48,77.07,1,0
2026-06-12 20:34:29.496,8.49,-0.87,57.48,77.07,1,0
2026-06-12 20:34:29.546,8.49,-0.87,57.48,77.07,1,0
2026-06-12 20:34:29.598,8.49,-0.87,57.48,77.07,1,0
2026-06-12 20:34:29.647,8.49,-0.87,57.48,77.07,1,0
2026-06-12 20:34:29.697,8.49,-0.87,57.48,77.07,1,0
2026-06-12 20:34:29.749,8.49,-0.87,57.48,77.07,1,0
2026-06-12 20:34:29.798,8.49,-0.87,57.48,77.07,1,0
2026-06-12 20:34:29.849,8.49,-0.87,57.48,77.07,1,0
2026-06-12 20:34:29.899,8.49,-0.87,57.48,77.07,1,0
2026-06-12 20:34:29.949,8.49,-0.87,57.48,77.07,1,0
2026-06-12 20:34:30.000,8.49,-0.87,57.48,77.07,1,0
2026-06-12 20:34:30.050,8.49,-0.87,57.48,77.07,1,0
2026-06-12 20:34:30.102,8.49,-0.87,57.48,77.07,1,0
2026-06-12 20:34:30.152,8.49,-0.87,57.48,77.07,1,0
2026-06-12 20:34:30.202,8.49,-0.87,57.48,77.07,1,0
2026-06-12 20:34:30.253,8.49,-0.87,57.48,77.07,0,0
2026-06-12 20:34:30.302,8.49,-0.87,57.48,77.07,0,0
2026-06-12 20:34:30.353,8.49,-0.87,57.48,77.07,0,0
2026-06-12 20:34:30.403,8.49,-0.87,57.48,77.07,0,0
2026-06-12 20:34:30.454,8.49,-0.87,57.48,77.07,0,0
2026-06-12 20:34:30.504,8.49,-0.87,57.48,77.07,0,0
2026-06-12 20:34:30.554,8.49,-0.87,57.48,77.07,0,0
2026-06-12 20:34:30.605,8.49,-0.87,57.48,77.07,0,0
2026-06-12 20:34:30.655,0.00,0.00,57.48,77.07,0,0
2026-06-12 20:34:30.706,0.00,0.00,0.00,0.00,0,0
2026-06-12 20:34:30.756,0.00,0.00,0.00,0.00,0,0
2026-06-12 20:34:30.807,0.00,0.00,0.00,0.00,0,0
2026-06-12 20:34:30.857,0.00,0.00,0.00,0.00,0,0
2026-06-12 20:34:30.907,0.00,0.00,0.00,0.00,0,0
2026-06-12 20:34:30.958,0.00,0.00,0.00,0.00,0,0
2026-06-12 20:34:31.008,0.00,0.00,0.00,0.00,0,0
2026-06-12 20:34:31.059,0.00,0.00,0.00,0.00,0,0
2026-06-12 20:34:31.109,0.00,0.00,0.00,0.00,0,0
2026-06-12 20:34:31.159,0.00,0.00,0.00,0.00,0,0
2026-06-12 20:34:31.210,0.00,0.00,0.00,0.00,0,0
2026-06-12 20:34:31.260,0.00,0.00,0.00,0.00,0,0
2026-06-12 20:34:31.311,0.00,0.00,0.00,0.00,0,0
2026-06-12 20:34:31.362,0.00,0.00,0.00,0.00,0,0
2026-06-12 20:34:31.411,0.00,0.00,0.00,0.00,0,0
2026-06-12 20:34:31.462,0.00,0.00,0.00,0.00,0,0
2026-06-12 20:34:31.513,0.00,0.00,0.00,0.00,0,0
2026-06-12 20:34:31.562,0.00,0.00,0.00,0.00,0,0
2026-06-12 20:34:31.613,0.00,0.00,0.00,0.00,0,0
2026-06-12 20:34:31.663,0.00,0.00,0.00,0.00,0,0
2026-06-12 20:34:31.714,0.00,0.00,0.00,0.00,0,0
2026-06-12 20:34:31.764,0.00,0.00,0.00,0.00,0,0
2026-06-12 20:34:31.815,0.00,0.00,0.00,0.00,0,0
2026-06-12 20:34:31.865,0.00,0.00,0.00,0.00,0,0
2026-06-12 20:34:31.915,0.00,0.00,0.00,0.00,0,0
2026-06-12 20:34:31.966,0.00,0.00,0.00,0.00,0,0
2026-06-12 20:34:32.016,0.00,0.00,0.00,0.00,0,0
2026-06-12 20:34:32.067,0.00,0.00,0.00,0.00,0,0
2026-06-12 20:34:32.117,0.00,0.00,0.00,0.00,0,0
2026-06-12 20:34:32.167,0.00,0.00,0.00,0.00,0,0
2026-06-12 20:34:32.218,0.00,0.00,0.00,0.00,0,0
2026-06-12 20:34:32.268,0.25,0.00,0.00,0.00,2,0
2026-06-12 20:34:32.319,0.25,0.00,7.67,2.30,2,0
2026-06-12 20:34:32.369,0.25,0.00,7.67,2.30,2,0
2026-06-12 20:34:32.419,0.25,0.00,7.67,2.30,2,0
2026-06-12 20:34:32.470,0.25,0.00,7.67,2.30,2,0
2026-06-12 20:34:32.520,0.25,0.00,7.67,2.30,2,0
2026-06-12 20:34:32.571,0.25,0.00,7.67,2.30,2,0
2026-06-12 20:34:32.622,0.25,0.00,7.67,2.30,2,0
2026-06-12 20:34:32.671,0.25,0.00,7.67,2.30,2,0
2026-06-12 20:34:32.722,0.25,0.00,7.67,2.30,2,0
2026-06-12 20:34:32.772,0.25,0.00,7.67,2.30,2,0
2026-06-12 20:34:32.823,0.25,0.00,7.67,2.30,2,0
2026-06-12 20:34:32.873,0.25,0.00,7.67,2.30,2,0
2026-06-12 20:34:32.924,0.25,0.00,7.67,2.30,2,0
2026-06-12 20:34:32.974,0.25,0.00,7.67,2.30,2,0
2026-06-12 20:34:33.024,0.25,0.00,7.67,2.30,2,0
2026-06-12 20:34:33.076,0.25,0.00,7.67,2.30,2,0
2026-06-12 20:34:33.125,0.25,0.00,7.67,2.30,2,0
2026-06-12 20:34:33.175,0.25,0.00,7.67,2.30,2,0
2026-06-12 20:34:33.226,0.25,0.00,7.67,2.30,2,0
2026-06-12 20:34:33.276,0.25,0.00,7.67,2.30,2,0
2026-06-12 20:34:33.327,0.25,0.00,7.67,2.30,2,0
2026-06-12 20:34:33.380,0.25,0.00,7.67,2.30,2,0
2026-06-12 20:34:33.427,0.25,0.00,7.67,2.30,2,0
2026-06-12 20:34:33.478,0.25,0.00,7.67,2.30,2,0
2026-06-12 20:34:33.528,0.25,0.00,7.67,2.30,2,0
2026-06-12 20:34:33.579,0.25,0.00,7.67,2.30,2,0
2026-06-12 20:34:33.629,0.25,0.00,7.67,2.30,2,0
2026-06-12 20:34:33.679,0.25,0.00,7.67,2.30,2,0
2026-06-12 20:34:33.730,0.25,0.00,7.67,2.30,2,0
2026-06-12 20:34:33.780,0.25,0.00,7.67,2.30,2,0
2026-06-12 20:34:33.831,0.25,0.00,7.67,2.30,2,0
2026-06-12 20:34:33.881,0.25,0.00,7.67,2.30,2,0
2026-06-12 20:34:33.931,0.25,0.00,7.67,2.30,2,0
2026-06-12 20:34:33.982,0.25,0.00,7.67,2.30,2,0
2026-06-12 20:34:34.032,0.25,0.00,7.67,2.30,2,0
2026-06-12 20:34:34.083,0.25,0.00,7.67,2.30,2,0
2026-06-12 20:34:34.133,0.25,0.00,7.67,2.30,2,0
2026-06-12 20:34:34.183,0.25,0.00,7.67,2.30,2,0
2026-06-12 20:34:34.234,0.25,0.00,7.67,2.30,2,0
2026-06-12 20:34:34.284,0.00,0.00,7.67,2.30,2,0
2026-06-12 20:34:34.338,0.00,0.00,0.00,0.00,2,0
2026-06-12 20:34:34.388,0.00,0.00,0.00,0.00,2,0
2026-06-12 20:34:34.435,0.00,0.00,0.00,0.00,2,0
2026-06-12 20:34:34.486,0.00,0.00,0.00,0.00,2,0
2026-06-12 20:34:34.536,0.00,0.00,0.00,0.00,2,0
2026-06-12 20:34:34.587,0.00,0.00,0.00,0.00,2,0
2026-06-12 20:34:34.637,0.00,0.00,0.00,0.00,2,0
2026-06-12 20:34:34.687,0.00,0.00,0.00,0.00,2,0
2026-06-12 20:34:34.738,0.00,0.00,0.00,0.00,2,0
2026-06-12 20:34:34.789,0.00,0.00,0.00,0.00,2,0
2026-06-12 20:34:34.839,0.00,0.00,0.00,0.00,2,0
2026-06-12 20:34:34.889,0.00,0.00,0.00,0.00,2,0
2026-06-12 20:34:34.939,0.00,0.00,0.00,0.00,2,0
2026-06-12 20:34:34.990,0.00,0.00,0.00,0.00,2,0
2026-06-12 20:34:35.040,0.00,0.00,0.00,0.00,2,0
2026-06-12 20:34:35.091,0.00,0.00,0.00,0.00,2,0
2026-06-12 20:34:35.141,0.00,0.00,0.00,0.00,2,0
2026-06-12 20:34:35.192,0.00,0.00,0.00,0.00,2,0
2026-06-12 20:34:35.242,0.00,0.00,0.00,0.00,2,0
2026-06-12 20:34:35.292,0.00,0.00,0.00,0.00,2,0
2026-06-12 20:34:35.343,0.00,0.00,0.00,0.00,2,0
2026-06-12 20:34:35.393,0.00,0.00,0.00,0.00,2,0
2026-06-12 20:34:35.443,0.00,0.00,0.00,0.00,2,0
2026-06-12 20:34:35.494,0.00,0.00,0.00,0.00,2,0
2026-06-12 20:34:35.544,0.00,0.00,0.00,0.00,2,0
2026-06-12 20:34:35.595,0.00,0.00,0.00,0.00,2,0
2026-06-12 20:34:35.645,0.00,0.00,0.00,0.00,2,0
2026-06-12 20:34:35.695,0.00,0.00,0.00,0.00,2,0
2026-06-12 20:34:35.746,0.00,0.00,0.00,0.00,2,0
2026-06-12 20:34:35.797,0.00,0.00,0.00,0.00,2,0
2026-06-12 20:34:35.847,0.00,0.00,0.00,0.00,2,0
2026-06-12 20:34:35.897,0.00,0.00,0.00,0.00,2,0
2026-06-12 20:34:35.947,0.00,0.00,0.00,0.00,2,0
2026-06-12 20:34:35.998,0.00,0.00,0.00,0.00,2,0
2026-06-12 20:34:36.048,0.00,0.00,0.00,0.00,2,0
2026-06-12 20:34:36.099,0.00,0.00,0.00,0.00,2,0
2026-06-12 20:34:36.149,0.00,0.00,0.00,0.00,2,0
2026-06-12 20:34:36.200,0.00,0.00,0.00,0.00,2,0
2026-06-12 20:34:36.250,0.00,0.00,0.00,0.00,2,0
2026-06-12 20:34:36.300,0.00,0.00,0.00,0.00,2,0
2026-06-12 20:34:36.351,0.00,0.00,0.00,0.00,2,0
2026-06-12 20:34:36.402,0.00,0.00,0.00,0.00,2,0
2026-06-12 20:34:36.452,0.00,0.00,0.00,0.00,2,0
2026-06-12 20:34:36.502,0.00,0.00,0.00,0.00,2,0
2026-06-12 20:34:36.552,0.00,0.00,0.00,0.00,2,0
2026-06-12 20:34:36.602,0.00,0.00,0.00,0.00,2,0
2026-06-12 20:34:36.653,0.00,0.00,0.00,0.00,2,0
2026-06-12 20:34:36.703,0.00,0.00,0.00,0.00,2,0
2026-06-12 20:34:36.754,0.00,0.00,0.00,0.00,2,0
2026-06-12 20:34:36.804,0.00,0.00,0.00,0.00,2,0
2026-06-12 20:34:36.855,0.00,0.00,0.00,0.00,2,0
2026-06-12 20:34:36.905,0.00,0.00,0.00,0.00,2,0
2026-06-12 20:34:36.955,0.00,0.00,0.00,0.00,2,0
2026-06-12 20:34:38.394,0.00,0.00,0.00,0.00,2,0
2026-06-12 20:34:38.446,0.00,0.00,0.00,0.00,2,0
2026-06-12 20:34:38.495,0.00,0.00,0.00,0.00,2,0
2026-06-12 20:34:38.545,0.00,0.00,0.00,0.00,2,0
2026-06-12 20:34:38.596,0.00,0.00,0.00,0.00,2,0
2026-06-12 20:34:38.646,0.00,0.00,0.00,0.00,2,0
2026-06-12 20:34:38.696,0.00,0.00,0.00,0.00,2,0
2026-06-12 20:34:38.747,0.00,0.00,0.00,0.00,2,0
2026-06-12 20:34:38.797,0.00,0.00,0.00,0.00,2,0
2026-06-12 20:34:38.848,0.00,0.00,0.00,0.00,2,0
2026-06-12 20:34:38.898,0.00,0.00,0.00,0.00,2,0
2026-06-12 20:34:38.948,0.00,0.00,0.00,0.00,2,0
2026-06-12 20:34:38.999,0.00,0.00,0.00,0.00,2,0
2026-06-12 20:34:39.049,0.00,0.00,0.00,0.00,2,0
2026-06-12 20:34:39.100,0.00,0.00,0.00,0.00,2,0
2026-06-12 20:34:39.150,0.00,0.00,0.00,0.00,2,0
2026-06-12 20:34:39.200,0.00,0.00,0.00,0.00,2,0
2026-06-12 20:34:39.251,0.00,0.00,0.00,0.00,2,0
2026-06-12 20:34:39.302,0.00,0.00,0.00,0.00,2,0
2026-06-12 20:34:39.352,0.00,0.00,0.00,0.00,2,0
2026-06-12 20:34:39.402,0.00,0.00,0.00,0.00,2,0
2026-06-12 20:34:39.452,0.00,0.00,0.00,0.00,2,0
2026-06-12 20:34:39.503,0.00,0.00,0.00,0.00,2,0
2026-06-12 20:34:39.553,0.00,0.00,0.00,0.00,2,0
2026-06-12 20:34:39.604,0.00,0.00,0.00,0.00,2,0
2026-06-12 20:34:39.654,0.00,0.00,0.00,0.00,2,0
2026-06-12 20:34:39.704,0.00,0.00,0.00,0.00,2,0
2026-06-12 20:34:39.755,0.00,0.00,0.00,0.00,2,0
2026-06-12 20:34:39.805,0.00,0.00,0.00,0.00,2,0
2026-06-12 20:34:39.856,0.00,0.00,0.00,0.00,2,0
2026-06-12 20:34:39.906,0.00,0.00,0.00,0.00,2,0
2026-06-12 20:34:39.956,0.00,0.00,0.00,0.00,2,0
2026-06-12 20:34:40.007,0.00,0.00,0.00,0.00,2,0
2026-06-12 20:34:40.057,0.00,0.00,0.00,0.00,2,0
2026-06-12 20:34:40.108,0.00,0.00,0.00,0.00,2,0
2026-06-12 20:34:40.158,0.00,0.00,0.00,0.00,2,0
2026-06-12 20:34:40.208,0.00,0.00,0.00,0.00,2,0
2026-06-12 20:34:40.259,0.00,0.00,0.00,0.00,2,0
2026-06-12 20:34:40.309,0.00,0.00,0.00,0.00,2,0
2026-06-12 20:34:40.360,0.00,0.00,0.00,0.00,2,0
2026-06-12 20:34:40.410,0.00,0.00,0.00,0.00,2,0
2026-06-12 20:34:40.460,0.00,0.00,0.00,0.00,2,0
2026-06-12 20:34:40.512,0.00,0.00,0.00,0.00,2,0
2026-06-12 20:34:40.562,0.00,0.00,0.00,0.00,2,0
2026-06-12 20:34:40.612,0.00,0.00,0.00,0.00,2,0
2026-06-12 20:34:40.662,0.00,0.00,0.00,0.00,2,0
2026-06-12 20:34:40.712,0.00,0.00,0.00,0.00,2,0
2026-06-12 20:34:40.763,0.00,0.00,0.00,0.00,2,0
2026-06-12 20:34:40.813,0.00,0.00,0.00,0.00,2,0
2026-06-12 20:34:40.864,0.00,0.00,0.00,0.00,2,0
2026-06-12 20:34:40.914,0.00,0.00,0.00,0.00,2,0
2026-06-12 20:34:40.964,0.00,0.00,0.00,0.00,2,0
2026-06-12 20:34:41.015,0.00,0.00,0.00,0.00,2,0
2026-06-12 20:34:41.065,0.00,0.00,0.00,0.00,2,0
2026-06-12 20:34:41.116,0.00,0.00,0.00,0.00,2,0
2026-06-12 20:34:41.166,0.00,0.00,0.00,0.00,2,0
2026-06-12 20:34:41.216,0.00,0.00,0.00,0.00,2,0
2026-06-12 20:34:41.267,0.00,0.00,0.00,0.00,2,0
2026-06-12 20:34:41.317,0.00,0.00,0.00,0.00,2,0
2026-06-12 20:34:41.368,0.00,0.00,0.00,0.00,2,0
2026-06-12 20:34:41.418,0.00,0.00,0.00,0.00,2,0
2026-06-12 20:34:41.468,0.00,0.00,0.00,0.00,2,0
2026-06-12 20:34:41.519,0.00,0.00,0.00,0.00,2,0
2026-06-12 20:34:41.569,0.00,0.00,0.00,0.00,2,0
2026-06-12 20:34:41.620,0.00,0.00,0.00,0.00,2,0
2026-06-12 20:34:41.670,0.00,0.00,0.00,0.00,2,0
2026-06-12 20:34:41.720,0.00,0.00,0.00,0.00,2,0
2026-06-12 20:34:41.771,0.00,0.00,0.00,0.00,2,0
2026-06-12 20:34:41.822,0.00,0.00,0.00,0.00,2,0
2026-06-12 20:34:41.872,0.00,0.00,0.00,0.00,2,0
2026-06-12 20:34:41.922,0.00,0.00,0.00,0.00,2,0
2026-06-12 20:34:41.972,0.00,0.00,0.00,0.00,2,0
2026-06-12 20:34:42.023,0.00,0.00,0.00,0.00,2,0
2026-06-12 20:34:42.073,0.00,0.00,0.00,0.00,2,0
2026-06-12 20:34:42.124,0.00,0.00,0.00,0.00,2,0
2026-06-12 20:34:42.174,0.00,0.00,0.00,0.00,2,0
2026-06-12 20:34:42.224,0.00,0.00,0.00,0.00,2,0
2026-06-12 20:34:42.275,0.00,0.00,0.00,0.00,2,0
2026-06-12 20:34:42.326,0.00,0.00,0.00,0.00,2,0
2026-06-12 20:34:42.376,0.00,0.00,0.00,0.00,2,0
2026-06-12 20:34:42.427,0.00,0.00,0.00,0.00,2,0
2026-06-12 20:34:42.484,0.00,0.00,0.00,0.00,2,0
2026-06-12 20:34:42.527,0.00,0.00,0.00,0.00,2,0
2026-06-12 20:34:42.577,0.00,0.00,0.00,0.00,2,0
2026-06-12 20:34:42.628,0.00,0.00,0.00,0.00,2,0
2026-06-12 20:34:42.678,0.00,0.00,0.00,0.00,2,0
2026-06-12 20:34:42.732,0.00,0.00,0.00,0.00,2,0
2026-06-12 20:34:42.779,0.00,0.00,0.00,0.00,2,0
2026-06-12 20:34:42.829,0.00,0.00,0.00,0.00,2,0
2026-06-12 20:34:42.880,0.00,0.00,0.00,0.00,2,0
2026-06-12 20:34:42.930,0.00,0.00,0.00,0.00,2,0
2026-06-12 20:34:42.983,0.00,0.00,0.00,0.00,2,0
2026-06-12 20:34:43.031,0.00,0.00,0.00,0.00,2,0
2026-06-12 20:34:43.081,0.00,0.00,0.00,0.00,2,0
2026-06-12 20:34:43.132,0.00,0.00,0.00,0.00,2,0
2026-06-12 20:34:43.182,0.00,0.00,0.00,0.00,2,0
2026-06-12 20:34:43.232,0.00,0.00,0.00,0.00,2,0
2026-06-12 20:34:43.283,0.00,0.00,0.00,0.00,2,0
2026-06-12 20:34:43.333,0.00,0.00,0.00,0.00,2,0
2026-06-12 20:34:43.383,0.00,0.00,0.00,0.00,2,0
2026-06-12 20:34:43.434,0.00,0.00,0.00,0.00,2,0
2026-06-12 20:34:43.484,0.00,0.00,0.00,0.00,2,0
2026-06-12 20:34:43.542,0.00,0.00,0.00,0.00,2,0
2026-06-12 20:34:43.585,0.00,0.00,0.00,0.00,2,0
2026-06-12 20:34:43.636,0.00,0.00,0.00,0.00,2,0
2026-06-12 20:34:43.686,0.00,0.00,0.00,0.00,2,0
2026-06-12 20:34:43.737,0.00,0.00,0.00,0.00,2,0
2026-06-12 20:34:43.788,0.00,0.00,0.00,0.00,2,0
2026-06-12 20:34:43.837,0.00,0.00,0.00,0.00,2,0
2026-06-12 20:34:43.888,0.00,0.00,0.00,0.00,2,0
2026-06-12 20:34:43.938,0.00,0.00,0.00,0.00,2,0
2026-06-12 20:34:43.992,0.00,0.00,0.00,0.00,2,0
2026-06-12 20:34:44.039,0.00,0.00,0.00,0.00,2,0
2026-06-12 20:34:44.090,0.00,0.00,0.00,0.00,2,0
2026-06-12 20:34:44.139,0.00,0.00,0.00,0.00,2,0
2026-06-12 20:34:44.190,0.00,0.00,0.00,0.00,2,0
2026-06-12 20:34:44.240,0.00,0.00,0.00,0.00,2,0
2026-06-12 20:34:44.291,0.00,0.00,0.00,0.00,2,0
2026-06-12 20:34:44.342,0.00,0.00,0.00,0.00,2,0
2026-06-12 20:34:44.392,0.00,0.00,0.00,0.00,2,0
2026-06-12 20:34:44.442,0.00,0.00,0.00,0.00,2,0
2026-06-12 20:34:44.492,0.00,0.00,0.00,0.00,2,0
2026-06-12 20:34:44.543,0.00,0.00,0.00,0.00,2,0
2026-06-12 20:34:44.593,0.00,0.00,0.00,0.00,2,0
2026-06-12 20:34:44.643,0.00,0.00,0.00,0.00,2,0
2026-06-12 20:34:44.694,0.00,0.00,0.00,0.00,2,0
2026-06-12 20:34:44.744,0.00,0.00,0.00,0.00,2,0
2026-06-12 20:34:44.795,0.00,0.00,0.00,0.00,2,0
2026-06-12 20:34:44.845,0.00,0.00,0.00,0.00,2,0
2026-06-12 20:34:44.895,0.00,0.00,0.00,0.00,2,0
2026-06-12 20:34:44.946,0.00,0.00,0.00,0.00,2,0
2026-06-12 20:34:44.996,0.00,0.00,0.00,0.00,2,0
2026-06-12 20:34:45.047,0.00,0.00,0.00,0.00,2,0
2026-06-12 20:34:45.097,0.00,0.00,0.00,0.00,2,0
2026-06-12 20:34:45.147,0.00,0.00,0.00,0.00,2,0
2026-06-12 20:34:45.198,0.00,0.00,0.00,0.00,2,0
2026-06-12 20:34:45.248,0.00,0.00,0.00,0.00,2,0
2026-06-12 20:34:45.299,0.00,0.00,0.00,0.00,2,0
2026-06-12 20:34:45.350,0.00,0.00,0.00,0.00,2,0
2026-06-12 20:34:45.399,0.00,0.00,0.00,0.00,2,0
2026-06-12 20:34:45.450,0.00,0.00,0.00,0.00,2,0
2026-06-12 20:34:45.501,0.00,0.00,0.00,0.00,2,0
2026-06-12 20:34:45.551,0.00,0.00,0.00,0.00,2,0
2026-06-12 20:34:45.602,0.00,0.00,0.00,0.00,2,0
2026-06-12 20:34:45.652,0.00,0.00,0.00,0.00,2,0
2026-06-12 20:34:45.702,0.00,0.00,0.00,0.00,2,0
2026-06-12 20:34:45.753,0.00,0.00,0.00,0.00,2,0
2026-06-12 20:34:45.802,0.00,0.00,0.00,0.00,2,0
2026-06-12 20:34:45.853,0.00,0.00,0.00,0.00,2,0
2026-06-12 20:34:45.903,0.00,0.00,0.00,0.00,2,0
2026-06-12 20:34:45.954,0.00,0.00,0.00,0.00,2,0
2026-06-12 20:34:46.004,0.00,0.00,0.00,0.00,2,0
2026-06-12 20:34:46.055,0.00,0.00,0.00,0.00,2,0
2026-06-12 20:34:46.105,0.00,0.00,0.00,0.00,2,0
2026-06-12 20:34:46.155,0.00,0.00,0.00,0.00,2,0
2026-06-12 20:34:46.206,0.00,0.00,0.00,0.00,2,0
2026-06-12 20:34:46.256,0.00,0.00,0.00,0.00,2,0
2026-06-12 20:34:46.307,0.00,0.00,0.00,0.00,2,0
2026-06-12 20:34:46.357,0.00,0.00,0.00,0.00,2,0
2026-06-12 20:34:46.407,0.00,0.00,0.00,0.00,2,0
2026-06-12 20:34:46.458,0.00,0.00,0.00,0.00,2,0
2026-06-12 20:34:46.508,0.00,0.00,0.00,0.00,2,0
2026-06-12 20:34:46.558,0.00,0.00,0.00,0.00,2,0
2026-06-12 20:34:46.609,0.00,0.00,0.00,0.00,2,0
2026-06-12 20:34:46.659,0.00,0.00,0.00,0.00,2,0
2026-06-12 20:34:46.710,0.00,0.00,0.00,0.00,2,0
2026-06-12 20:34:46.763,0.00,0.00,0.00,0.00,2,0
2026-06-12 20:34:46.811,0.00,0.00,0.00,0.00,2,0
2026-06-12 20:34:46.861,0.00,0.00,0.00,0.00,2,0
2026-06-12 20:34:46.912,0.00,0.00,0.00,0.00,2,0
2026-06-12 20:34:46.962,0.00,0.00,0.00,0.00,2,0
2026-06-12 20:34:47.012,0.00,0.00,0.00,0.00,1,0
2026-06-12 20:34:47.063,0.00,0.00,0.00,0.00,1,0
2026-06-12 20:34:47.113,0.00,0.00,0.00,0.00,1,0
2026-06-12 20:34:47.163,0.00,0.00,0.00,0.00,1,0
2026-06-12 20:34:47.214,0.00,0.00,0.00,0.00,1,0
2026-06-12 20:34:47.264,0.00,0.00,0.00,0.00,1,0
2026-06-12 20:34:47.315,0.00,0.00,0.00,0.00,1,0
2026-06-12 20:34:47.365,0.00,0.00,0.00,0.00,1,0
2026-06-12 20:34:47.415,0.00,0.00,0.00,0.00,1,0
2026-06-12 20:34:47.466,0.00,0.00,0.00,0.00,1,0
2026-06-12 20:34:47.516,0.00,0.00,0.00,0.00,1,0
2026-06-12 20:34:47.567,0.00,0.00,0.00,0.00,1,0
2026-06-12 20:34:47.617,0.00,0.00,0.00,0.00,1,0
2026-06-12 20:34:47.668,0.00,0.00,0.00,0.00,1,0
2026-06-12 20:34:47.718,0.00,0.00,0.00,0.00,1,0
2026-06-12 20:34:47.768,0.00,0.00,0.00,0.00,1,0
2026-06-12 20:34:47.819,0.00,0.00,0.00,0.00,1,0
2026-06-12 20:34:47.869,0.00,0.00,0.00,0.00,1,0
2026-06-12 20:34:47.919,0.00,0.00,0.00,0.00,1,0
2026-06-12 20:34:47.970,0.00,0.00,0.00,0.00,1,0
2026-06-12 20:34:48.020,0.00,0.00,0.00,0.00,1,0
2026-06-12 20:34:48.071,0.00,0.00,0.00,0.00,1,0
2026-06-12 20:34:48.122,0.00,0.00,0.00,0.00,1,0
2026-06-12 20:34:48.172,0.00,0.00,0.00,0.00,1,0
2026-06-12 20:34:48.222,0.00,0.00,0.00,0.00,1,0
2026-06-12 20:34:48.272,0.00,0.00,0.00,0.00,1,0
2026-06-12 20:37:24.152,0.00,0.00,0.00,0.00,1,0
2026-06-12 20:37:24.201,0.00,0.00,0.00,0.00,1,0
2026-06-12 20:37:24.253,0.00,0.00,0.00,0.00,2,0
2026-06-12 20:37:24.302,0.00,0.00,0.00,0.00,2,0
2026-06-12 20:37:24.353,0.00,0.00,0.00,0.00,1,0
2026-06-12 20:37:24.403,0.00,0.00,0.00,0.00,1,0
2026-06-12 20:37:24.453,0.00,0.00,0.00,0.00,1,0
2026-06-12 20:37:24.504,0.00,0.00,0.00,0.00,1,0
2026-06-12 20:37:24.555,0.00,0.00,0.00,0.00,1,0
2026-06-12 20:37:24.605,0.00,0.00,0.00,0.00,1,0
2026-06-12 20:37:24.655,0.00,0.00,0.00,0.00,1,0
2026-06-12 20:37:24.705,0.00,0.00,0.00,0.00,1,0
2026-06-12 20:37:24.756,0.00,0.00,0.00,0.00,1,0
2026-06-12 20:37:24.806,0.00,0.00,0.00,0.00,1,0
2026-06-12 20:37:24.857,0.00,0.00,0.00,0.00,1,0
2026-06-12 20:37:24.907,0.00,0.00,0.00,0.00,1,0
2026-06-12 20:37:24.957,0.00,0.00,0.00,0.00,1,0
2026-06-12 20:37:25.008,0.00,0.00,0.00,0.00,1,0
2026-06-12 20:37:25.058,0.00,0.00,0.00,0.00,1,0
2026-06-12 20:37:25.109,0.00,0.00,0.00,0.00,1,0
2026-06-12 20:37:25.159,0.00,0.00,0.00,0.00,1,0
2026-06-12 20:37:25.209,0.00,0.00,0.00,0.00,1,0
2026-06-12 20:37:25.265,0.00,0.00,0.00,0.00,1,0
2026-06-12 20:37:25.310,0.00,0.00,0.00,0.00,1,0
2026-06-12 20:37:25.361,0.00,0.00,0.00,0.00,1,0
2026-06-12 20:37:25.412,0.00,0.00,0.00,0.00,1,0
2026-06-12 20:37:25.462,0.00,0.00,0.00,0.00,1,0
2026-06-12 20:37:25.512,0.00,0.00,0.00,0.00,1,0
2026-06-12 20:37:25.562,0.00,0.00,0.00,0.00,1,0
2026-06-12 20:37:25.613,0.00,0.00,0.00,0.00,1,0
2026-06-12 20:37:25.663,0.00,0.00,0.00,0.00,1,0
2026-06-12 20:37:25.713,0.00,0.00,0.00,0.00,1,0
2026-06-12 20:37:25.764,0.00,0.00,0.00,0.00,1,0
2026-06-12 20:37:25.815,0.00,0.00,0.00,0.00,1,0
2026-06-12 20:37:25.865,0.00,0.00,0.00,0.00,1,0
2026-06-12 20:37:25.915,0.00,0.00,0.00,0.00,1,0
2026-06-12 20:37:25.966,0.00,0.00,0.00,0.00,1,0
2026-06-12 20:37:26.016,0.00,0.00,0.00,0.00,1,0
2026-06-12 20:37:26.066,0.00,0.00,0.00,0.00,1,0
2026-06-12 20:37:26.117,0.00,0.00,0.00,0.00,1,0
2026-06-12 20:37:26.167,0.00,0.00,0.00,0.00,1,0
2026-06-12 20:37:26.217,0.00,0.00,0.00,0.00,1,0
2026-06-12 20:37:26.268,0.00,0.00,0.00,0.00,1,0
2026-06-12 20:37:26.318,0.00,0.00,0.00,0.00,1,0
2026-06-12 20:37:26.369,0.00,0.00,0.00,0.00,1,0
2026-06-12 20:37:26.419,0.00,0.00,0.00,0.00,1,0
2026-06-12 20:37:26.469,0.00,0.00,0.00,0.00,1,0
2026-06-12 20:37:26.520,0.00,0.00,0.00,0.00,1,0
2026-06-12 20:37:26.570,0.00,0.00,0.00,0.00,1,0
2026-06-12 20:37:26.621,0.00,0.00,0.00,0.00,1,0
2026-06-12 20:37:26.672,0.00,0.00,0.00,0.00,1,0
2026-06-12 20:37:26.722,0.00,0.00,0.00,0.00,1,0
2026-06-12 20:37:26.772,0.00,0.00,0.00,0.00,1,0
2026-06-12 20:37:26.822,0.00,0.00,0.00,0.00,1,0
2026-06-12 20:37:26.873,0.00,0.00,0.00,0.00,1,0
2026-06-12 20:37:26.927,0.00,0.00,0.00,0.00,1,0
2026-06-12 20:37:26.973,0.00,0.00,0.00,0.00,1,0
2026-06-12 20:37:27.024,0.00,0.00,0.00,0.00,1,0
2026-06-12 20:37:27.074,0.00,0.00,0.00,0.00,1,0
2026-06-12 20:37:27.125,0.00,0.00,0.00,0.00,1,0
2026-06-12 20:37:27.175,0.00,0.00,0.00,0.00,1,0
2026-06-12 20:37:27.225,0.00,0.00,0.00,0.00,1,0
2026-06-12 20:37:27.276,0.00,0.00,0.00,0.00,1,0
2026-06-12 20:37:27.326,0.00,0.00,0.00,0.00,1,0
2026-06-12 20:37:27.380,0.00,0.00,0.00,0.00,0,0
2026-06-12 20:37:27.427,0.00,0.00,0.00,0.00,0,0
2026-06-12 20:37:27.477,0.00,0.00,0.00,0.00,0,0
2026-06-12 20:37:27.528,0.00,0.00,0.00,0.00,0,0
2026-06-12 20:37:27.578,0.00,0.00,0.00,0.00,0,0
2026-06-12 20:37:27.629,0.00,0.00,0.00,0.00,0,0
2026-06-12 20:37:27.679,0.00,0.00,0.00,0.00,0,0
2026-06-12 20:37:27.729,0.00,0.00,0.00,0.00,0,0
2026-06-12 20:37:27.780,0.00,0.00,0.00,0.00,0,0
2026-06-12 20:37:27.830,0.00,0.00,0.00,0.00,0,0
2026-06-12 20:37:27.881,0.00,0.00,0.00,0.00,0,0
2026-06-12 20:37:27.932,0.00,0.00,0.00,0.00,0,0
2026-06-12 20:37:27.981,0.00,0.00,0.00,0.00,0,0
2026-06-12 20:37:28.032,0.00,0.00,0.00,0.00,0,0
2026-06-12 20:37:28.082,0.00,0.00,0.00,0.00,0,0
2026-06-12 20:37:28.132,0.00,0.00,0.00,0.00,0,0
2026-06-12 20:37:28.183,0.00,0.00,0.00,0.00,0,0
2026-06-12 20:37:28.233,0.00,0.00,0.00,0.00,0,0
2026-06-12 20:37:28.284,0.00,0.00,0.00,0.00,0,0
2026-06-12 20:37:28.334,0.00,0.00,0.00,0.00,0,0
2026-06-12 20:37:28.384,0.00,0.00,0.00,0.00,0,0
2026-06-12 20:37:28.435,0.00,0.00,0.00,0.00,0,0
2026-06-12 20:37:28.485,0.00,0.00,0.00,0.00,0,0
2026-06-12 20:37:28.536,0.00,0.00,0.00,0.00,0,0
2026-06-12 20:37:28.586,0.00,0.00,0.00,0.00,0,0
2026-06-12 20:37:28.637,0.00,0.00,0.00,0.00,0,0
2026-06-12 20:37:28.687,0.00,0.00,0.00,0.00,0,0
2026-06-12 20:37:28.737,0.00,0.00,0.00,0.00,0,0
2026-06-12 20:37:28.788,0.00,0.00,0.00,0.00,0,0
2026-06-12 20:37:28.838,0.00,0.00,0.00,0.00,0,0
2026-06-12 20:37:28.888,0.00,0.00,0.00,0.00,0,0
2026-06-12 20:37:28.939,0.00,0.00,0.00,0.00,0,0
2026-06-12 20:37:28.989,0.00,0.00,0.00,0.00,0,0
2026-06-12 20:37:29.040,0.00,0.00,0.00,0.00,0,0
2026-06-12 20:37:29.090,0.00,0.00,0.00,0.00,0,0
2026-06-12 20:37:29.141,0.00,0.00,0.00,0.00,0,0
2026-06-12 20:37:29.191,0.00,0.00,0.00,0.00,0,0
2026-06-12 20:37:29.242,0.00,0.00,0.00,0.00,0,0
2026-06-12 20:37:29.292,0.00,0.00,0.00,0.00,0,0
2026-06-12 20:37:29.342,0.00,0.00,0.00,0.00,0,0
2026-06-12 20:37:29.392,0.00,0.00,0.00,0.00,2,0
2026-06-12 20:37:29.443,0.00,0.00,0.00,0.00,2,0
2026-06-12 20:37:29.494,0.00,0.00,0.00,0.00,2,0
2026-06-12 20:37:29.544,0.00,0.00,0.00,0.00,2,0
2026-06-12 20:37:29.595,0.00,0.00,0.00,0.00,2,0
2026-06-12 20:37:29.645,0.00,0.00,0.00,0.00,2,0
2026-06-12 20:37:29.695,0.00,0.00,0.00,0.00,2,0
2026-06-12 20:37:29.745,0.00,0.00,0.00,0.00,2,0
2026-06-12 20:37:29.796,0.00,0.00,0.00,0.00,2,0
2026-06-12 20:37:29.846,0.00,0.00,0.00,0.00,2,0
2026-06-12 20:37:29.897,0.00,0.00,0.00,0.00,2,0
2026-06-12 20:37:29.947,0.00,0.00,0.00,0.00,2,0
2026-06-12 20:37:29.997,0.00,0.00,0.00,0.00,2,0
2026-06-12 20:37:30.048,0.00,0.00,0.00,0.00,2,0
2026-06-12 20:37:30.098,0.00,0.00,0.00,0.00,2,0
2026-06-12 20:37:30.148,0.00,0.00,0.00,0.00,2,0
2026-06-12 20:37:30.199,0.00,0.00,0.00,0.00,2,0
2026-06-12 20:37:30.249,0.00,0.00,0.00,0.00,2,0
2026-06-12 20:37:30.300,0.00,0.00,0.00,0.00,2,0
2026-06-12 20:37:30.351,0.00,0.00,0.00,0.00,2,0
2026-06-12 20:37:30.404,0.00,0.00,0.00,0.00,2,0
2026-06-12 20:37:30.452,0.00,0.00,0.00,0.00,2,0
2026-06-12 20:37:30.501,0.00,0.00,0.00,0.00,2,0
2026-06-12 20:37:30.552,0.00,0.00,0.00,0.00,2,0
2026-06-12 20:37:30.602,0.00,0.00,0.00,0.00,2,0
2026-06-12 20:37:30.653,0.00,0.00,0.00,0.00,2,0
2026-06-12 20:37:30.704,0.00,0.00,0.00,0.00,2,0
2026-06-12 20:37:30.753,0.00,0.00,0.00,0.00,2,0
2026-06-12 20:37:30.804,0.00,0.00,0.00,0.00,2,0
2026-06-12 20:37:30.854,0.00,0.00,0.00,0.00,2,0
2026-06-12 20:37:30.904,0.00,0.00,0.00,0.00,2,0
2026-06-12 20:37:30.955,0.00,0.00,0.00,0.00,2,0
2026-06-12 20:37:31.005,0.00,0.00,0.00,0.00,2,0
2026-06-12 20:37:31.056,0.00,0.00,0.00,0.00,2,0
2026-06-12 20:37:31.106,0.00,0.00,0.00,0.00,2,0
2026-06-12 20:37:31.157,0.00,0.00,0.00,0.00,2,0
2026-06-12 20:37:31.207,0.00,0.00,0.00,0.00,2,0
2026-06-12 20:37:31.257,0.00,0.00,0.00,0.00,2,0
2026-06-12 20:37:31.308,0.00,0.00,0.00,0.00,2,0
2026-06-12 20:37:31.358,0.00,0.00,0.00,0.00,2,0
2026-06-12 20:37:31.409,0.00,0.00,0.00,0.00,2,0
2026-06-12 20:37:31.459,0.00,0.00,0.00,0.00,2,0
2026-06-12 20:37:31.509,0.00,0.00,0.00,0.00,2,0
2026-06-12 20:37:31.560,0.00,0.00,0.00,0.00,2,0
2026-06-12 20:37:31.610,0.00,0.00,0.00,0.00,2,0
2026-06-12 20:37:31.660,0.00,0.00,0.00,0.00,2,0
2026-06-12 20:37:31.712,0.00,0.00,0.00,0.00,2,0
2026-06-12 20:37:31.761,0.00,0.00,0.00,0.00,2,0
2026-06-12 20:37:31.812,0.00,0.00,0.00,0.00,2,0
2026-06-12 20:37:31.862,0.00,0.00,0.00,0.00,2,0
2026-06-12 20:37:31.912,0.00,0.00,0.00,0.00,2,0
2026-06-12 20:37:31.963,0.00,0.00,0.00,0.00,2,0
2026-06-12 20:37:32.013,0.00,0.00,0.00,0.00,2,0
2026-06-12 20:37:32.064,0.00,0.00,0.00,0.00,2,0
2026-06-12 20:37:32.114,0.00,0.00,0.00,0.00,2,0
2026-06-12 20:37:32.164,0.00,0.00,0.00,0.00,2,0
2026-06-12 20:37:32.215,0.00,0.00,0.00,0.00,2,0
2026-06-12 20:37:32.265,0.00,0.00,0.00,0.00,2,0
2026-06-12 20:37:32.316,0.00,0.00,0.00,0.00,2,0
2026-06-12 20:37:32.366,0.00,0.00,0.00,0.00,2,0
2026-06-12 20:37:32.416,0.00,0.00,0.00,0.00,2,0
2026-06-12 20:37:32.467,0.00,0.00,0.00,0.00,2,0
2026-06-12 20:37:32.517,0.00,0.00,0.00,0.00,2,0
2026-06-12 20:37:32.568,0.00,0.00,0.00,0.00,2,0
2026-06-12 20:37:32.618,0.00,0.00,0.00,0.00,2,0
2026-06-12 20:37:32.668,0.00,0.00,0.00,0.00,2,0
2026-06-12 20:37:32.719,0.00,0.00,0.00,0.00,2,0
2026-06-12 20:37:32.769,0.00,0.00,0.00,0.00,2,0
2026-06-12 20:37:32.820,0.00,0.00,0.00,0.00,2,0
2026-06-12 20:37:32.870,0.00,0.00,0.00,0.00,2,0
2026-06-12 20:37:32.920,0.00,0.00,0.00,0.00,2,0
2026-06-12 20:37:32.971,0.00,0.00,0.00,0.00,2,0
2026-06-12 20:37:33.022,0.00,0.00,0.00,0.00,2,0
2026-06-12 20:37:33.072,0.00,0.00,0.00,0.00,2,0
2026-06-12 20:37:33.122,0.00,0.00,0.00,0.00,2,0
2026-06-12 20:37:33.172,0.00,0.00,0.00,0.00,2,0
2026-06-12 20:37:33.223,0.00,0.00,0.00,0.00,2,0
2026-06-12 20:37:33.273,0.00,0.00,0.00,0.00,2,0
2026-06-12 20:37:33.324,0.00,0.00,0.00,0.00,2,0
2026-06-12 20:37:33.374,0.00,0.00,0.00,0.00,2,0
2026-06-12 20:37:33.424,0.00,0.00,0.00,0.00,2,0
2026-06-12 20:37:33.476,0.00,0.00,0.00,0.00,2,0
2026-06-12 20:37:33.525,0.00,0.00,0.00,0.00,2,0
2026-06-12 20:37:33.580,0.00,0.00,0.00,0.00,2,0
2026-06-12 20:37:33.627,0.00,0.00,0.00,0.00,2,0
2026-06-12 20:37:33.676,0.00,0.00,0.00,0.00,2,0
2026-06-12 20:37:33.727,0.00,0.00,0.00,0.00,2,0
2026-06-12 20:37:33.777,0.00,0.00,0.00,0.00,2,0
2026-06-12 20:37:33.828,0.00,0.00,0.00,0.00,2,0
2026-06-12 20:37:33.878,0.00,0.00,0.00,0.00,2,0
2026-06-12 20:37:33.928,0.00,0.00,0.00,0.00,2,0
2026-06-12 20:37:33.979,0.00,0.00,0.00,0.00,2,0
2026-06-12 20:37:34.029,0.00,0.00,0.00,0.00,2,0
2026-06-12 20:37:34.080,0.00,0.00,0.00,0.00,2,0
2026-06-12 20:37:34.130,0.00,0.00,0.00,0.00,2,0
2026-06-12 20:37:34.180,0.00,0.00,0.00,0.00,2,0
2026-06-12 20:37:34.232,0.00,0.00,0.00,0.00,2,0
2026-06-12 20:37:34.281,0.00,0.00,0.00,0.00,2,0
2026-06-12 20:37:34.332,0.00,0.00,0.00,0.00,2,0
2026-06-12 20:37:34.382,0.00,0.00,0.00,0.00,2,0
2026-06-12 20:37:34.432,0.00,0.00,0.00,0.00,2,0
2026-06-12 20:37:34.483,0.00,0.00,0.00,0.00,2,0
2026-06-12 20:37:34.533,0.00,0.00,0.00,0.00,2,0
2026-06-12 20:37:34.583,0.00,0.00,0.00,0.00,2,0
2026-06-12 20:37:34.634,0.00,0.00,0.00,0.00,2,0
2026-06-12 20:37:34.684,0.00,0.00,0.00,0.00,2,0
2026-06-12 20:37:34.735,0.00,0.00,0.00,0.00,2,0
2026-06-12 20:37:34.785,0.00,0.00,0.00,0.00,2,0
2026-06-12 20:37:34.836,0.00,0.00,0.00,0.00,2,0
2026-06-12 20:37:34.886,0.00,0.00,0.00,0.00,2,0
2026-06-12 20:37:34.936,0.00,0.00,0.00,0.00,1,0
2026-06-12 20:37:34.987,0.00,0.00,0.00,0.00,1,0
2026-06-12 20:37:35.037,0.00,0.00,0.00,0.00,1,0
2026-06-12 20:37:35.088,0.00,0.00,0.00,0.00,1,0
2026-06-12 20:37:35.138,0.00,0.00,0.00,0.00,1,0
2026-06-12 20:37:35.188,0.00,0.00,0.00,0.00,1,0
2026-06-12 20:37:35.239,0.00,0.00,0.00,0.00,1,0
2026-06-12 20:37:35.290,0.00,0.00,0.00,0.00,1,0
2026-06-12 20:37:35.340,0.00,0.00,0.00,0.00,1,0
2026-06-12 20:37:35.390,0.00,0.00,0.00,0.00,1,0
2026-06-12 20:37:35.441,0.00,0.00,0.00,0.00,1,0
2026-06-12 20:37:35.491,0.00,0.00,0.00,0.00,1,0
2026-06-12 20:37:35.541,0.00,0.00,0.00,0.00,1,0
2026-06-12 20:37:35.592,0.00,0.00,0.00,0.00,1,0
2026-06-12 20:37:35.642,0.00,0.00,0.00,0.00,1,0
2026-06-12 20:37:35.692,0.00,0.00,0.00,0.00,1,0
2026-06-12 20:37:35.743,0.00,0.00,0.00,0.00,1,0
2026-06-12 20:37:35.793,0.00,0.00,0.00,0.00,1,0
2026-06-12 20:37:35.844,0.00,0.00,0.00,0.00,1,0
2026-06-12 20:37:35.894,0.00,0.00,0.00,0.00,1,0
2026-06-12 20:37:35.944,0.00,0.00,0.00,0.00,1,0
2026-06-12 20:37:35.995,0.00,0.00,0.00,0.00,1,0
2026-06-12 20:37:36.045,0.00,0.00,0.00,0.00,1,0
2026-06-12 20:37:36.096,0.00,0.00,0.00,0.00,1,0
2026-06-12 20:37:36.146,0.00,0.00,0.00,0.00,1,0
2026-06-12 20:37:36.196,0.00,0.00,0.00,0.00,1,0
2026-06-12 20:37:36.247,0.00,0.00,0.00,0.00,1,0
2026-06-12 20:37:36.297,0.00,0.00,0.00,0.00,1,0
2026-06-12 20:37:36.348,0.00,0.00,0.00,0.00,1,0
2026-06-12 20:37:36.398,0.00,0.00,0.00,0.00,1,0
2026-06-12 20:37:36.448,0.00,0.00,0.00,0.00,1,0
2026-06-12 20:37:36.499,0.00,0.00,0.00,0.00,1,0
2026-06-12 20:37:36.549,0.00,0.00,0.00,0.00,1,0
2026-06-12 20:37:36.600,0.00,0.00,0.00,0.00,1,0
2026-06-12 20:37:36.650,0.00,0.00,0.00,0.00,1,0
2026-06-12 20:37:36.700,0.00,0.00,0.00,0.00,1,0
2026-06-12 20:37:36.753,0.00,0.00,0.00,0.00,1,0
2026-06-12 20:37:36.802,0.00,0.00,0.00,0.00,1,0
2026-06-12 20:37:36.852,0.00,0.00,0.00,0.00,1,0
2026-06-12 20:37:36.903,0.00,0.00,0.00,0.00,1,0
2026-06-12 20:37:36.953,0.00,0.00,0.00,0.00,1,0
2026-06-12 20:37:37.003,0.00,0.00,0.00,0.00,1,0
2026-06-12 20:37:37.053,0.00,0.00,0.00,0.00,1,0
2026-06-12 20:37:37.104,0.00,0.00,0.00,0.00,1,0
2026-06-12 20:37:37.154,0.00,0.00,0.00,0.00,1,0
2026-06-12 20:37:37.204,0.00,0.00,0.00,0.00,1,0
2026-06-12 20:37:37.255,0.00,0.00,0.00,0.00,1,0
2026-06-12 20:37:37.305,0.00,0.00,0.00,0.00,1,0
2026-06-12 20:37:37.356,0.00,0.00,0.00,0.00,1,0
2026-06-12 20:37:37.406,0.00,0.00,0.00,0.00,1,0
2026-06-12 20:37:37.457,0.00,0.00,0.00,0.00,1,0
2026-06-12 20:37:37.507,0.00,0.00,0.00,0.00,1,0
2026-06-12 20:37:37.557,0.00,0.00,0.00,0.00,1,0
2026-06-12 20:37:37.608,0.00,0.00,0.00,0.00,1,0
2026-06-12 20:37:37.658,0.00,0.00,0.00,0.00,1,0
2026-06-12 20:37:37.708,0.00,0.00,0.00,0.00,1,0
2026-06-12 20:37:37.759,0.00,0.00,0.00,0.00,1,0
2026-06-12 20:37:37.809,0.00,0.00,0.00,0.00,1,0
2026-06-12 20:37:37.860,0.00,0.00,0.00,0.00,1,0
2026-06-12 20:37:37.910,0.00,0.00,0.00,0.00,1,0
2026-06-12 20:37:37.960,0.00,0.00,0.00,0.00,0,0
2026-06-12 20:37:38.011,0.00,0.00,0.00,0.00,0,0
2026-06-12 20:37:38.062,0.00,0.00,0.00,0.00,0,0
2026-06-12 20:37:38.112,0.00,0.00,0.00,0.00,0,0
2026-06-12 20:37:38.162,0.00,0.00,0.00,0.00,0,0
2026-06-12 20:37:38.212,0.00,0.00,0.00,0.00,0,0
2026-06-12 20:37:38.263,0.00,0.00,0.00,0.00,0,0
2026-06-12 20:37:38.313,0.00,0.00,0.00,0.00,0,0
2026-06-12 20:37:38.364,0.00,0.00,0.00,0.00,0,0
2026-06-12 20:37:38.414,0.00,0.00,0.00,0.00,0,0
2026-06-12 20:37:38.464,0.00,0.00,0.00,0.00,0,0
2026-06-12 20:37:38.515,0.00,0.00,0.00,0.00,0,0
2026-06-12 20:37:38.565,0.00,0.00,0.00,0.00,0,0
2026-06-12 20:37:38.615,0.00,0.00,0.00,0.00,0,0
2026-06-12 20:37:38.666,0.00,0.00,0.00,0.00,0,0
2026-06-12 20:37:38.720,0.00,0.00,0.00,0.00,0,0
2026-06-12 20:37:38.767,0.00,0.00,0.00,0.00,0,0
2026-06-12 20:37:38.817,0.00,0.00,0.00,0.00,0,0
2026-06-12 20:37:38.868,0.00,0.00,0.00,0.00,0,0
2026-06-12 20:37:38.918,0.00,0.00,0.00,0.00,0,0
2026-06-12 20:37:38.968,0.00,0.00,0.00,0.00,0,0
2026-06-12 20:37:39.019,0.00,0.00,0.00,0.00,0,0
2026-06-12 20:37:39.069,0.00,0.00,0.00,0.00,0,0
2026-06-12 20:37:39.120,0.00,0.00,0.00,0.00,0,0
2026-06-12 20:37:39.170,0.00,0.00,0.00,0.00,0,0
2026-06-12 20:37:39.220,0.00,0.00,0.00,0.00,0,0
2026-06-12 20:37:39.272,0.00,0.00,0.00,0.00,0,0
2026-06-12 20:37:39.321,0.00,0.00,0.00,0.00,0,0
2026-06-12 20:37:39.372,0.00,0.00,0.00,0.00,0,0
2026-06-12 20:37:39.423,0.00,0.00,0.00,0.00,0,0
2026-06-12 20:37:39.472,0.00,0.00,0.00,0.00,0,0
2026-06-12 20:37:39.523,0.00,0.00,0.00,0.00,0,0
2026-06-12 20:37:39.573,0.00,0.00,0.00,0.00,0,0
2026-06-12 20:37:39.624,0.00,0.00,0.00,0.00,0,0
2026-06-12 20:37:39.674,0.00,0.00,0.00,0.00,0,0
2026-06-12 20:37:39.725,0.00,0.00,0.00,0.00,0,0
2026-06-12 20:37:39.775,0.00,0.00,0.00,0.00,0,0
2026-06-12 20:37:39.825,0.00,0.00,0.00,0.00,0,0
2026-06-12 20:37:39.875,0.00,0.00,0.00,0.00,0,0
2026-06-12 20:37:39.926,0.00,0.00,0.00,0.00,0,0
2026-06-12 20:37:39.976,0.00,0.00,0.00,0.00,2,0
2026-06-12 20:37:40.027,0.00,0.00,0.00,0.00,2,0
2026-06-12 20:37:40.077,0.00,0.00,0.00,0.00,2,0
2026-06-12 20:37:40.128,0.00,0.00,0.00,0.00,2,0
2026-06-12 20:37:40.178,0.00,0.00,0.00,0.00,2,0
2026-06-12 20:37:40.228,0.00,0.00,0.00,0.00,2,0
2026-06-12 20:37:40.279,0.00,0.00,0.00,0.00,2,0
2026-06-12 20:37:40.331,0.00,0.00,0.00,0.00,2,0
2026-06-12 20:37:40.380,0.00,0.00,0.00,0.00,2,0
2026-06-12 20:37:40.430,0.00,0.00,0.00,0.00,2,0
2026-06-12 20:37:40.480,0.00,0.00,0.00,0.00,2,0
2026-06-12 20:37:40.531,0.00,0.00,0.00,0.00,2,0
2026-06-12 20:37:40.581,0.00,0.00,0.00,0.00,2,0
2026-06-12 20:37:40.632,0.00,0.00,0.00,0.00,2,0
2026-06-12 20:37:40.682,0.00,0.00,0.00,0.00,2,0
2026-06-12 20:37:40.733,0.00,0.00,0.00,0.00,2,0
2026-06-12 20:37:40.783,0.00,0.00,0.00,0.00,2,0
2026-06-12 20:37:40.833,0.00,0.00,0.00,0.00,2,0
2026-06-12 20:37:40.884,0.00,0.00,0.00,0.00,2,0
2026-06-12 20:37:40.934,0.00,0.00,0.00,0.00,2,0
2026-06-12 20:37:40.984,0.00,0.00,0.00,0.00,2,0
2026-06-12 20:37:41.036,0.00,0.00,0.00,0.00,2,0
2026-06-12 20:37:41.088,0.00,0.00,0.00,0.00,2,0
2026-06-12 20:37:41.136,0.00,0.00,0.00,0.00,2,0
2026-06-12 20:37:41.186,0.00,0.00,0.00,0.00,2,0
2026-06-12 20:37:41.236,0.00,0.00,0.00,0.00,2,0
2026-06-12 20:37:41.287,0.00,0.00,0.00,0.00,2,0
2026-06-12 20:37:41.337,0.00,0.00,0.00,0.00,2,0
2026-06-12 20:37:41.388,0.00,0.00,0.00,0.00,2,0
2026-06-12 20:37:41.438,0.00,0.00,0.00,0.00,2,0
2026-06-12 20:37:41.488,0.00,0.00,0.00,0.00,2,0
2026-06-12 20:37:41.539,0.00,0.00,0.00,0.00,2,0
2026-06-12 20:37:41.589,0.00,0.00,0.00,0.00,2,0
2026-06-12 20:37:41.640,0.00,0.00,0.00,0.00,2,0
2026-06-12 20:37:41.690,0.00,0.00,0.00,0.00,2,0
2026-06-12 20:37:41.740,0.00,0.00,0.00,0.00,2,0
2026-06-12 20:37:41.792,0.00,0.00,0.00,0.00,2,0
2026-06-12 20:37:41.841,0.00,0.00,0.00,0.00,2,0
2026-06-12 20:37:41.891,0.00,0.00,0.00,0.00,2,0
2026-06-12 20:37:41.942,0.00,0.00,0.00,0.00,2,0
2026-06-12 20:37:41.992,0.00,0.00,0.00,0.00,2,0
2026-06-12 20:37:42.043,0.00,0.00,0.00,0.00,2,0
2026-06-12 20:37:42.093,0.00,0.00,0.00,0.00,2,0
2026-06-12 20:37:42.144,0.00,0.00,0.00,0.00,2,0
2026-06-12 20:37:42.194,0.00,0.00,0.00,0.00,2,0
2026-06-12 20:37:42.244,0.00,0.00,0.00,0.00,2,0
2026-06-12 20:37:42.295,0.00,0.00,0.00,0.00,2,0
2026-06-12 20:37:42.345,0.00,0.00,0.00,0.00,2,0
2026-06-12 20:37:42.396,0.00,0.00,0.00,0.00,2,0
2026-06-12 20:37:42.446,0.00,0.00,0.00,0.00,2,0
2026-06-12 20:37:42.496,0.00,0.00,0.00,0.00,2,0
2026-06-12 20:37:42.547,0.00,0.00,0.00,0.00,2,0
2026-06-12 20:37:42.597,0.00,0.00,0.00,0.00,2,0
2026-06-12 20:37:42.648,0.00,0.00,0.00,0.00,2,0
2026-06-12 20:37:42.698,0.00,0.00,0.00,0.00,2,0
2026-06-12 20:37:42.748,0.00,0.00,0.00,0.00,2,0
2026-06-12 20:37:42.799,0.00,0.00,0.00,0.00,2,0
2026-06-12 20:37:42.849,0.00,0.00,0.00,0.00,2,0
2026-06-12 20:37:42.900,0.00,0.00,0.00,0.00,2,0
2026-06-12 20:37:42.951,0.00,0.00,0.00,0.00,2,0
2026-06-12 20:37:43.000,0.00,0.00,0.00,0.00,2,0
2026-06-12 20:37:43.051,0.00,0.00,0.00,0.00,2,0
2026-06-12 20:37:43.102,0.00,0.00,0.00,0.00,2,0
2026-06-12 20:37:43.152,0.00,0.00,0.00,0.00,2,0
2026-06-12 20:37:43.202,0.00,0.00,0.00,0.00,2,0
2026-06-12 20:37:43.252,0.00,0.00,0.00,0.00,2,0
2026-06-12 20:37:43.303,0.00,0.00,0.00,0.00,2,0
2026-06-12 20:37:43.353,0.00,0.00,0.00,0.00,2,0
2026-06-12 20:37:43.403,0.00,0.00,0.00,0.00,2,0
2026-06-12 20:37:43.454,0.00,0.00,0.00,0.00,2,0
2026-06-12 20:37:43.504,0.00,0.00,0.00,0.00,2,0
2026-06-12 20:37:43.555,0.00,0.00,0.00,0.00,2,0
2026-06-12 20:37:43.605,0.00,0.00,0.00,0.00,2,0
2026-06-12 20:37:43.655,0.00,0.00,0.00,0.00,2,0
2026-06-12 20:37:43.706,0.00,0.00,0.00,0.00,2,0
2026-06-12 20:37:43.756,0.00,0.00,0.00,0.00,2,0
2026-06-12 20:37:43.808,0.00,0.00,0.00,0.00,2,0
2026-06-12 20:37:43.857,0.00,0.00,0.00,0.00,2,0
2026-06-12 20:37:43.908,0.00,0.00,0.00,0.00,2,0
2026-06-12 20:37:43.958,0.00,0.00,0.00,0.00,2,0
2026-06-12 20:37:44.008,0.00,0.00,0.00,0.00,2,0
2026-06-12 20:37:44.059,0.00,0.00,0.00,0.00,2,0
2026-06-12 20:37:44.109,0.00,0.00,0.00,0.00,2,0
2026-06-12 20:37:44.159,0.00,0.00,0.00,0.00,2,0
2026-06-12 20:37:44.210,0.00,0.00,0.00,0.00,2,0
2026-06-12 20:37:44.260,0.00,0.00,0.00,0.00,2,0
2026-06-12 20:37:44.311,0.00,0.00,0.00,0.00,2,0
2026-06-12 20:37:44.361,0.00,0.00,0.00,0.00,2,0
2026-06-12 20:37:44.411,0.00,0.00,0.00,0.00,2,0
2026-06-12 20:37:44.462,0.00,0.00,0.00,0.00,2,0
2026-06-12 20:37:44.512,0.00,0.00,0.00,0.00,2,0
2026-06-12 20:37:44.563,0.00,0.00,0.00,0.00,2,0
2026-06-12 20:37:44.613,0.00,0.00,0.00,0.00,2,0
2026-06-12 20:37:44.663,0.00,0.00,0.00,0.00,2,0
2026-06-12 20:37:44.714,0.00,0.00,0.00,0.00,2,0
2026-06-12 20:37:44.769,0.00,0.00,0.00,0.00,2,0
2026-06-12 20:37:44.817,0.00,0.00,0.00,0.00,2,0
2026-06-12 20:37:44.865,0.00,0.00,0.00,0.00,2,0
2026-06-12 20:37:44.919,0.00,0.00,0.00,0.00,2,0
2026-06-12 20:37:44.966,0.00,0.00,0.00,0.00,2,0
2026-06-12 20:37:45.016,0.00,0.00,0.00,0.00,2,0
2026-06-12 20:37:45.067,0.00,0.00,0.00,0.00,2,0
2026-06-12 20:37:45.117,0.00,0.00,0.00,0.00,2,0
2026-06-12 20:37:45.167,0.00,0.00,0.00,0.00,2,0
2026-06-12 20:37:45.218,0.00,0.00,0.00,0.00,2,0
2026-06-12 20:37:45.268,0.00,0.00,0.00,0.00,2,0
2026-06-12 20:37:45.319,0.00,0.00,0.00,0.00,2,0
2026-06-12 20:37:45.369,0.00,0.00,0.00,0.00,2,0
2026-06-12 20:37:45.419,0.00,0.00,0.00,0.00,2,0
2026-06-12 20:37:45.470,0.00,0.00,0.00,0.00,2,0
2026-06-12 20:37:45.520,0.00,0.00,0.00,0.00,2,0
2026-06-12 20:37:45.571,0.00,0.00,0.00,0.00,2,0
2026-06-12 20:37:45.621,0.00,0.00,0.00,0.00,2,0
2026-06-12 20:37:45.671,0.00,0.00,0.00,0.00,2,0
2026-06-12 20:37:45.722,0.00,0.00,0.00,0.00,2,0
2026-06-12 20:37:45.776,0.00,0.00,0.00,0.00,2,0
2026-06-12 20:37:45.822,0.00,0.00,0.00,0.00,2,0
2026-06-12 20:37:45.873,0.00,0.00,0.00,0.00,2,0
2026-06-12 20:37:45.923,0.00,0.00,0.00,0.00,2,0
2026-06-12 20:37:45.974,0.00,0.00,0.00,0.00,2,0
2026-06-12 20:37:46.024,0.00,0.00,0.00,0.00,2,0
2026-06-12 20:37:46.074,0.00,0.00,0.00,0.00,2,0
2026-06-12 20:37:46.126,0.00,0.00,0.00,0.00,2,0
2026-06-12 20:37:46.175,0.00,0.00,0.00,0.00,2,0
2026-06-12 20:37:46.226,0.00,0.00,0.00,0.00,2,0
2026-06-12 20:37:46.276,0.00,0.00,0.00,0.00,2,0
2026-06-12 20:37:46.326,0.00,0.00,0.00,0.00,2,0
2026-06-12 20:37:46.377,0.00,0.00,0.00,0.00,2,0
2026-06-12 20:37:46.427,0.00,0.00,0.00,0.00,2,0
2026-06-12 20:37:46.480,0.00,0.00,0.00,0.00,2,0
2026-06-12 20:37:46.528,0.00,0.00,0.00,0.00,2,0
2026-06-12 20:37:46.579,0.00,0.00,0.00,0.00,2,0
2026-06-12 20:37:46.632,0.00,0.00,0.00,0.00,2,0
2026-06-12 20:37:46.679,0.00,0.00,0.00,0.00,2,0
2026-06-12 20:37:46.730,0.00,0.00,0.00,0.00,2,0
2026-06-12 20:37:46.780,0.00,0.00,0.00,0.00,2,0
2026-06-12 20:37:46.831,0.00,0.00,0.00,0.00,2,0
2026-06-12 20:37:46.882,0.00,0.00,0.00,0.00,2,0
2026-06-12 20:37:46.932,0.00,0.00,0.00,0.00,2,0
2026-06-12 20:37:46.984,0.00,0.00,0.00,0.00,2,0
2026-06-12 20:37:47.032,0.00,0.00,0.00,0.00,2,0
2026-06-12 20:37:47.082,0.00,0.00,0.00,0.00,2,0
2026-06-12 20:37:47.133,0.00,0.00,0.00,0.00,2,0
2026-06-12 20:37:47.183,0.00,0.00,0.00,0.00,2,0
2026-06-12 20:37:47.234,0.00,0.00,0.00,0.00,2,0
2026-06-12 20:37:47.284,0.00,0.00,0.00,0.00,2,0
2026-06-12 20:37:47.334,0.00,0.00,0.00,0.00,2,0
2026-06-12 20:37:47.385,0.00,0.00,0.00,0.00,2,0
2026-06-12 20:37:47.435,0.00,0.00,0.00,0.00,2,0
2026-06-12 20:37:47.486,0.00,0.00,0.00,0.00,2,0
2026-06-12 20:37:47.536,0.00,0.00,0.00,0.00,2,0
2026-06-12 20:37:47.586,0.00,0.00,0.00,0.00,2,0
2026-06-12 20:37:47.637,0.00,0.00,0.00,0.00,2,0
2026-06-12 20:37:47.687,0.00,0.00,0.00,0.00,2,0
2026-06-12 20:37:47.738,0.00,0.00,0.00,0.00,2,0
2026-06-12 20:37:47.789,0.00,0.00,0.00,0.00,2,0
2026-06-12 20:37:47.838,0.00,0.00,0.00,0.00,2,0
2026-06-12 20:37:47.889,0.00,0.00,0.00,0.00,2,0
2026-06-12 20:37:47.939,0.00,0.00,0.00,0.00,2,0
2026-06-12 20:37:47.990,0.00,0.00,0.00,0.00,2,0
2026-06-12 20:37:48.040,0.00,0.00,0.00,0.00,2,0
2026-06-12 20:37:48.090,0.00,0.00,0.00,0.00,2,0
2026-06-12 20:37:48.141,0.00,0.00,0.00,0.00,2,0
2026-06-12 20:37:48.191,0.00,0.00,0.00,0.00,2,0
2026-06-12 20:37:48.242,0.00,0.00,0.00,0.00,2,0
2026-06-12 20:37:48.292,0.00,0.00,0.00,0.00,2,0
2026-06-12 20:37:48.342,0.00,0.00,0.00,0.00,2,0
2026-06-12 20:37:48.393,0.00,0.00,0.00,0.00,2,0
2026-06-12 20:37:48.443,0.00,0.00,0.00,0.00,2,0
2026-06-12 20:37:48.494,0.00,0.00,0.00,0.00,2,0
2026-06-12 20:37:48.544,0.00,0.00,0.00,0.00,2,0
2026-06-12 20:37:48.595,0.00,0.00,0.00,0.00,2,0
2026-06-12 20:37:48.645,0.00,0.00,0.00,0.00,2,0
2026-06-12 20:37:48.697,0.00,0.00,0.00,0.00,2,0
2026-06-12 20:37:48.746,0.00,0.00,0.00,0.00,2,0
2026-06-12 20:37:48.796,0.00,0.00,0.00,0.00,2,0
2026-06-12 20:37:48.846,0.00,0.00,0.00,0.00,2,0
2026-06-12 20:37:48.897,0.00,0.00,0.00,0.00,2,0
2026-06-12 20:37:48.947,0.00,0.00,0.00,0.00,2,0
2026-06-12 20:37:48.998,0.00,0.00,0.00,0.00,2,0
2026-06-12 20:37:49.048,0.00,0.00,0.00,0.00,2,0
2026-06-12 20:37:49.098,0.00,0.00,0.00,0.00,2,0
2026-06-12 20:37:49.149,0.00,0.00,0.00,0.00,2,0
2026-06-12 20:37:49.199,0.00,0.00,0.00,0.00,2,0
2026-06-12 20:37:49.250,0.00,0.00,0.00,0.00,2,0
2026-06-12 20:37:49.300,0.00,0.00,0.00,0.00,2,0
2026-06-12 20:37:49.351,0.00,0.00,0.00,0.00,2,0
2026-06-12 20:37:49.402,0.00,0.00,0.00,0.00,2,0
2026-06-12 20:37:49.452,0.00,0.00,0.00,0.00,2,0
2026-06-12 20:37:49.502,0.00,0.00,0.00,0.00,2,0
2026-06-12 20:37:49.552,0.00,0.00,0.00,0.00,2,0
2026-06-12 20:37:49.602,0.00,0.00,0.00,0.00,2,0
2026-06-12 20:37:49.653,0.00,0.00,0.00,0.00,2,0
2026-06-12 20:37:49.703,0.00,0.00,0.00,0.00,2,0
2026-06-12 20:37:49.754,0.00,0.00,0.00,0.00,2,0
2026-06-12 20:37:49.804,0.00,0.00,0.00,0.00,2,0
2026-06-12 20:37:49.854,0.00,0.00,0.00,0.00,2,0
2026-06-12 20:37:49.905,0.00,0.00,0.00,0.00,2,0
2026-06-12 20:37:49.955,0.00,0.00,0.00,0.00,2,0
2026-06-12 20:37:50.006,0.00,0.00,0.00,0.00,2,0
2026-06-12 20:37:50.056,0.00,0.00,0.00,0.00,2,0
2026-06-12 20:37:50.106,0.00,0.00,0.00,0.00,2,0
2026-06-12 20:37:50.157,0.00,0.00,0.00,0.00,2,0
2026-06-12 20:37:50.207,0.00,0.00,0.00,0.00,2,0
2026-06-12 20:37:50.258,0.00,0.00,0.00,0.00,2,0
2026-06-12 20:37:50.308,0.00,0.00,0.00,0.00,2,0
2026-06-12 20:37:50.359,0.00,0.00,0.00,0.00,2,0
2026-06-12 20:37:50.409,0.00,0.00,0.00,0.00,2,0
2026-06-12 20:37:50.459,0.00,0.00,0.00,0.00,2,0
2026-06-12 20:37:50.510,0.00,0.00,0.00,0.00,2,0
2026-06-12 20:37:50.560,0.00,0.00,0.00,0.00,2,0
2026-06-12 20:37:50.610,0.00,0.00,0.00,0.00,2,0
2026-06-12 20:37:50.661,0.00,0.00,0.00,0.00,2,0
2026-06-12 20:37:50.712,0.00,0.00,0.00,0.00,2,0
2026-06-12 20:37:50.762,0.00,0.00,0.00,0.00,2,0
2026-06-12 20:37:50.812,0.00,0.00,0.00,0.00,2,0
2026-06-12 20:37:50.862,0.00,0.00,0.00,0.00,2,0
2026-06-12 20:37:50.913,0.00,0.00,0.00,0.00,2,0
2026-06-12 20:37:50.963,0.00,0.00,0.00,0.00,2,0
2026-06-12 20:37:51.014,0.00,0.00,0.00,0.00,2,0
2026-06-12 20:37:51.064,0.00,0.00,0.00,0.00,2,0
2026-06-12 20:37:51.114,0.00,0.00,0.00,0.00,2,0
2026-06-12 20:37:51.165,0.00,0.00,0.00,0.00,2,0
2026-06-12 20:37:51.215,0.00,0.00,0.00,0.00,2,0
2026-06-12 20:37:51.266,0.00,0.00,0.00,0.00,2,0
2026-06-12 20:37:51.316,0.00,0.00,0.00,0.00,2,0
2026-06-12 20:37:51.366,0.00,0.00,0.00,0.00,2,0
2026-06-12 20:37:51.417,0.00,0.00,0.00,0.00,2,0
2026-06-12 20:37:51.467,0.00,0.00,0.00,0.00,2,0
2026-06-12 20:37:51.518,0.00,0.00,0.00,0.00,2,0
2026-06-12 20:37:51.568,0.00,0.00,0.00,0.00,2,0
2026-06-12 20:37:51.618,0.00,0.00,0.00,0.00,2,0
2026-06-12 20:37:51.669,0.00,0.00,0.00,0.00,2,0
2026-06-12 20:37:51.724,0.00,0.00,0.00,0.00,2,0
2026-06-12 20:37:51.770,0.00,0.00,0.00,0.00,2,0
2026-06-12 20:37:51.823,0.00,0.00,0.00,0.00,2,0
2026-06-12 20:37:51.870,0.00,0.00,0.00,0.00,2,0
2026-06-12 20:37:51.921,0.00,0.00,0.00,0.00,2,0
2026-06-12 20:37:51.971,0.00,0.00,0.00,0.00,2,0
2026-06-12 20:37:52.022,0.00,0.00,0.00,0.00,2,0
2026-06-12 20:37:52.072,0.00,0.00,0.00,0.00,2,0
2026-06-12 20:37:52.122,0.00,0.00,0.00,0.00,2,0
2026-06-12 20:37:52.173,0.00,0.00,0.00,0.00,2,0
2026-06-12 20:37:52.223,0.00,0.00,0.00,0.00,2,0
2026-06-12 20:37:52.273,0.00,0.00,0.00,0.00,2,0
2026-06-12 20:37:52.324,0.00,0.00,0.00,0.00,2,0
2026-06-12 20:37:52.374,0.00,0.00,0.00,0.00,2,0
2026-06-12 20:37:52.425,0.00,0.00,0.00,0.00,2,0
2026-06-12 20:37:52.475,0.00,0.00,0.00,0.00,2,0
2026-06-12 20:37:52.525,0.00,0.00,0.00,0.00,2,0
2026-06-12 20:37:52.576,0.00,0.00,0.00,0.00,2,0
2026-06-12 20:37:52.626,0.00,0.00,0.00,0.00,2,0
2026-06-12 20:37:52.677,0.00,0.00,0.00,0.00,2,0
2026-06-12 20:37:52.728,0.00,0.00,0.00,0.00,2,0
2026-06-12 20:37:52.778,0.00,0.00,0.00,0.00,2,0
2026-06-12 20:37:52.828,0.00,0.00,0.00,0.00,2,0
2026-06-12 20:37:52.878,0.00,0.00,0.00,0.00,2,0
2026-06-12 20:37:52.929,0.00,0.00,0.00,0.00,2,0
2026-06-12 20:37:52.979,0.00,0.00,0.00,0.00,2,0
2026-06-12 20:37:53.030,0.00,0.00,0.00,0.00,2,0
2026-06-12 20:37:53.080,0.00,0.00,0.00,0.00,2,0
2026-06-12 20:37:53.130,0.00,0.00,0.00,0.00,2,0
2026-06-12 20:37:53.181,0.00,0.00,0.00,0.00,2,0
2026-06-12 20:37:53.231,0.00,0.00,0.00,0.00,2,0
2026-06-12 20:37:53.282,0.00,0.00,0.00,0.00,2,0
2026-06-12 20:37:53.332,0.00,0.00,0.00,0.00,2,0
2026-06-12 20:37:53.382,0.00,0.00,0.00,0.00,2,0
2026-06-12 20:37:53.433,0.00,0.00,0.00,0.00,2,0
2026-06-12 20:37:53.483,0.00,0.00,0.00,0.00,2,0
2026-06-12 20:37:53.533,0.00,0.00,0.00,0.00,2,0
2026-06-12 20:37:53.584,0.00,0.00,0.00,0.00,2,0
2026-06-12 20:37:53.634,0.00,0.00,0.00,0.00,2,0
2026-06-12 20:37:53.685,0.00,0.00,0.00,0.00,2,0
2026-06-12 20:37:53.735,0.00,0.00,0.00,0.00,2,0
2026-06-12 20:37:53.785,0.00,0.00,0.00,0.00,2,0
2026-06-12 20:37:53.836,0.00,0.00,0.00,0.00,2,0
2026-06-12 20:37:53.886,0.00,0.00,0.00,0.00,2,0
2026-06-12 20:37:53.937,0.00,0.00,0.00,0.00,2,0
2026-06-12 20:37:53.987,0.00,0.00,0.00,0.00,2,0
2026-06-12 20:37:54.037,0.00,0.00,0.00,0.00,2,0
2026-06-12 20:37:54.088,0.00,0.00,0.00,0.00,2,0
2026-06-12 20:37:54.138,0.00,0.00,0.00,0.00,2,0
2026-06-12 20:37:54.189,0.00,0.00,0.00,0.00,2,0
2026-06-12 20:37:54.239,0.00,0.00,0.00,0.00,2,0
2026-06-12 20:37:54.289,0.00,0.00,0.00,0.00,2,0
2026-06-12 20:37:54.340,0.00,0.00,0.00,0.00,2,0
2026-06-12 20:37:54.390,0.00,0.00,0.00,0.00,2,0
2026-06-12 20:37:54.441,0.00,0.00,0.00,0.00,2,0
2026-06-12 20:37:54.491,0.00,0.00,0.00,0.00,2,0
2026-06-12 20:37:54.541,0.00,0.00,0.00,0.00,2,0
2026-06-12 20:37:54.592,0.00,0.00,0.00,0.00,2,0
2026-06-12 20:37:54.642,0.00,0.00,0.00,0.00,2,0
2026-06-12 20:37:54.693,0.00,0.00,0.00,0.00,2,0
2026-06-12 20:37:54.743,0.00,0.00,0.00,0.00,2,0
2026-06-12 20:37:54.793,0.00,0.00,0.00,0.00,2,0
2026-06-12 20:37:54.844,0.00,0.00,0.00,0.00,2,0
2026-06-12 20:37:54.894,0.00,0.00,0.00,0.00,2,0
2026-06-12 20:37:54.945,0.00,0.00,0.00,0.00,2,0
2026-06-12 20:37:54.995,0.00,0.00,0.00,0.00,2,0
2026-06-12 20:37:55.048,0.00,0.00,0.00,0.00,2,0
2026-06-12 20:37:55.096,0.00,0.00,0.00,0.00,2,0
2026-06-12 20:37:55.146,0.00,0.00,0.00,0.00,2,0
2026-06-12 20:37:55.197,0.00,0.00,0.00,0.00,2,0
2026-06-12 20:37:55.247,0.00,0.00,0.00,0.00,2,0
2026-06-12 20:37:55.297,0.00,0.00,0.00,0.00,2,0
2026-06-12 20:37:55.348,0.00,0.00,0.00,0.00,2,0
2026-06-12 20:37:55.398,0.00,0.00,0.00,0.00,2,0
2026-06-12 20:37:55.449,0.00,0.00,0.00,0.00,2,0
2026-06-12 20:37:55.499,0.00,0.00,0.00,0.00,2,0
2026-06-12 20:37:55.549,0.00,0.00,0.00,0.00,2,0
2026-06-12 20:37:55.600,0.00,0.00,0.00,0.00,2,0
2026-06-12 20:37:55.650,0.00,0.00,0.00,0.00,2,0
2026-06-12 20:37:55.701,0.00,0.00,0.00,0.00,2,0
2026-06-12 20:37:55.753,0.00,0.00,0.00,0.00,2,0
2026-06-12 20:37:55.801,0.00,0.00,0.00,0.00,2,0
2026-06-12 20:37:55.852,0.00,0.00,0.00,0.00,2,0
2026-06-12 20:37:55.902,0.00,0.00,0.00,0.00,2,0
2026-06-12 20:37:55.953,0.00,0.00,0.00,0.00,2,0
2026-06-12 20:37:56.003,0.00,0.00,0.00,0.00,2,0
2026-06-12 20:37:56.053,0.00,0.00,0.00,0.00,2,0
2026-06-12 20:37:56.104,0.00,0.00,0.00,0.00,2,0
2026-06-12 20:37:56.154,0.00,0.00,0.00,0.00,2,0
2026-06-12 20:37:56.205,0.00,0.00,0.00,0.00,2,0
2026-06-12 20:37:56.255,0.00,0.00,0.00,0.00,2,0
2026-06-12 20:37:56.305,0.00,0.00,0.00,0.00,2,0
2026-06-12 20:37:56.358,0.00,0.00,0.00,0.00,2,0
2026-06-12 20:37:56.407,0.00,0.00,0.00,0.00,2,0
2026-06-12 20:37:56.457,0.00,0.00,0.00,0.00,2,0
2026-06-12 20:37:56.507,0.00,0.00,0.00,0.00,2,0
2026-06-12 20:37:56.558,0.00,0.00,0.00,0.00,2,0
2026-06-12 20:37:56.608,0.00,0.00,0.00,0.00,2,0
2026-06-12 20:37:56.658,0.00,0.00,0.00,0.00,2,0
2026-06-12 20:37:56.709,0.00,0.00,0.00,0.00,2,0
2026-06-12 20:37:56.759,0.00,0.00,0.00,0.00,2,0
2026-06-12 20:37:56.809,0.00,0.00,0.00,0.00,2,0
2026-06-12 20:37:56.860,0.00,0.00,0.00,0.00,2,0
2026-06-12 20:37:56.910,0.00,0.00,0.00,0.00,2,0
2026-06-12 20:37:56.961,0.00,0.00,0.00,0.00,2,0
2026-06-12 20:37:57.012,0.00,0.00,0.00,0.00,2,0
2026-06-12 20:37:57.062,0.00,0.00,0.00,0.00,2,0
2026-06-12 20:37:57.112,0.00,0.00,0.00,0.00,2,0
2026-06-12 20:37:57.162,0.00,0.00,0.00,0.00,2,0
2026-06-12 20:37:57.213,0.00,0.00,0.00,0.00,2,0
2026-06-12 20:37:57.263,0.00,0.00,0.00,0.00,2,0
2026-06-12 20:37:57.313,0.00,0.00,0.00,0.00,2,0
2026-06-12 20:37:57.364,0.00,0.00,0.00,0.00,2,0
2026-06-12 20:37:57.414,0.00,0.00,0.00,0.00,2,0
2026-06-12 20:37:57.465,0.00,0.00,0.00,0.00,2,0
2026-06-12 20:37:57.515,0.00,0.00,0.00,0.00,2,0
2026-06-12 20:37:57.565,0.00,0.00,0.00,0.00,2,0
2026-06-12 20:37:57.616,0.00,0.00,0.00,0.00,2,0
2026-06-12 20:37:57.666,0.00,0.00,0.00,0.00,2,0
2026-06-12 20:37:57.717,0.00,0.00,0.00,0.00,2,0
2026-06-12 20:37:57.767,0.00,0.00,0.00,0.00,2,0
2026-06-12 20:37:57.817,0.00,0.00,0.00,0.00,2,0
2026-06-12 20:37:57.868,0.00,0.00,0.00,0.00,2,0
2026-06-12 20:37:57.918,0.00,0.00,0.00,0.00,2,0
2026-06-12 20:37:57.969,0.00,0.00,0.00,0.00,2,0
2026-06-12 20:37:58.019,0.00,0.00,0.00,0.00,2,0
2026-06-12 20:37:58.072,0.00,0.00,0.00,0.00,2,0
2026-06-12 20:37:58.122,0.00,0.00,0.00,0.00,2,0
2026-06-12 20:37:58.170,0.00,0.00,0.00,0.00,2,0
2026-06-12 20:37:58.221,0.00,0.00,0.00,0.00,2,0
2026-06-12 20:37:58.272,0.00,0.00,0.00,0.00,2,0
2026-06-12 20:37:58.321,0.00,0.00,0.00,0.00,2,0
2026-06-12 20:37:58.372,0.00,0.00,0.00,0.00,2,0
2026-06-12 20:37:58.422,0.00,0.00,0.00,0.00,2,0
2026-06-12 20:37:58.473,0.00,0.00,0.00,0.00,2,0
2026-06-12 20:37:58.523,0.00,0.00,0.00,0.00,2,0
2026-06-12 20:37:58.573,0.00,0.00,0.00,0.00,2,0
2026-06-12 20:37:58.624,0.00,0.00,0.00,0.00,2,0
2026-06-12 20:37:58.674,0.00,0.00,0.00,0.00,2,0
2026-06-12 20:37:58.725,0.00,0.00,0.00,0.00,2,0
2026-06-12 20:37:58.775,0.00,0.00,0.00,0.00,2,0
2026-06-12 20:37:58.825,0.00,0.00,0.00,0.00,2,0
2026-06-12 20:37:58.876,0.00,0.00,0.00,0.00,2,0
2026-06-12 20:37:58.926,0.00,0.00,0.00,0.00,2,0
2026-06-12 20:37:58.977,0.00,0.00,0.00,0.00,2,0
2026-06-12 20:37:59.027,0.00,0.00,0.00,0.00,2,0
2026-06-12 20:37:59.077,0.00,0.00,0.00,0.00,2,0
2026-06-12 20:37:59.128,0.00,0.00,0.00,0.00,2,0
2026-06-12 20:37:59.178,0.00,0.00,0.00,0.00,2,0
2026-06-12 20:37:59.229,0.00,0.00,0.00,0.00,2,0
2026-06-12 20:37:59.279,0.00,0.00,0.00,0.00,2,0
2026-06-12 20:37:59.329,0.00,0.00,0.00,0.00,2,0
2026-06-12 20:37:59.380,0.00,0.00,0.00,0.00,2,0
2026-06-12 20:37:59.430,0.00,0.00,0.00,0.00,2,0
2026-06-12 20:37:59.480,0.00,0.00,0.00,0.00,2,0
2026-06-12 20:37:59.531,0.00,0.00,0.00,0.00,2,0
2026-06-12 20:37:59.581,0.00,0.00,0.00,0.00,2,0
2026-06-12 20:37:59.632,0.00,0.00,0.00,0.00,2,0
2026-06-12 20:37:59.682,0.00,0.00,0.00,0.00,2,0
2026-06-12 20:37:59.732,0.00,0.00,0.00,0.00,2,0
2026-06-12 20:37:59.783,0.00,0.00,0.00,0.00,2,0
2026-06-12 20:37:59.833,0.00,0.00,0.00,0.00,2,0
2026-06-12 20:37:59.884,0.00,0.00,0.00,0.00,2,0
2026-06-12 20:37:59.934,0.00,0.00,0.00,0.00,2,0
2026-06-12 20:37:59.984,0.00,0.00,0.00,0.00,2,0
2026-06-12 20:38:00.035,0.00,0.00,0.00,0.00,2,0
2026-06-12 20:38:00.085,0.00,0.00,0.00,0.00,2,0
2026-06-12 20:38:00.136,0.00,0.00,0.00,0.00,2,0
2026-06-12 20:38:00.186,0.00,0.00,0.00,0.00,2,0
2026-06-12 20:38:00.236,0.00,0.00,0.00,0.00,2,0
2026-06-12 20:38:00.287,0.00,0.00,0.00,0.00,2,0
2026-06-12 20:38:00.337,0.00,0.00,0.00,0.00,2,0
2026-06-12 20:38:00.388,0.00,0.00,0.00,0.00,2,0
2026-06-12 20:38:00.438,0.00,0.00,0.00,0.00,2,0
2026-06-12 20:38:00.489,0.00,0.00,0.00,0.00,2,0
2026-06-12 20:38:00.539,0.00,0.00,0.00,0.00,2,0
2026-06-12 20:38:00.589,0.00,0.00,0.00,0.00,2,0
2026-06-12 20:38:00.640,0.00,0.00,0.00,0.00,2,0
2026-06-12 20:38:00.690,0.00,0.00,0.00,0.00,2,0
2026-06-12 20:38:00.741,0.00,0.00,0.00,0.00,2,0
2026-06-12 20:38:00.793,0.00,0.00,0.00,0.00,2,0
2026-06-12 20:38:00.841,0.00,0.00,0.00,0.00,2,0
2026-06-12 20:38:00.892,0.00,0.00,0.00,0.00,2,0
2026-06-12 20:38:00.942,0.00,0.00,0.00,0.00,2,0
2026-06-12 20:38:00.992,0.00,0.00,0.00,0.00,2,0
2026-06-12 20:38:01.043,0.00,0.00,0.00,0.00,2,0
2026-06-12 20:38:01.093,0.00,0.00,0.00,0.00,2,0
2026-06-12 20:38:01.144,0.00,0.00,0.00,0.00,2,0
2026-06-12 20:38:01.197,0.00,0.00,0.00,0.00,2,0
2026-06-12 20:38:01.244,0.00,0.00,0.00,0.00,2,0
2026-06-12 20:38:01.295,0.00,0.00,0.00,0.00,2,0
2026-06-12 20:38:01.345,0.00,0.00,0.00,0.00,2,0
2026-06-12 20:38:01.396,0.00,0.00,0.00,0.00,2,0
2026-06-12 20:38:01.446,0.00,0.00,0.00,0.00,2,0
2026-06-12 20:38:01.496,0.00,0.00,0.00,0.00,2,0
2026-06-12 20:38:01.547,0.00,0.00,0.00,0.00,2,0
2026-06-12 20:38:01.597,0.00,0.00,0.00,0.00,2,0
2026-06-12 20:38:01.648,0.00,0.00,0.00,0.00,2,0
2026-06-12 20:38:01.698,0.00,0.00,0.00,0.00,2,0
2026-06-12 20:38:01.748,0.00,0.00,0.00,0.00,2,0
2026-06-12 20:38:01.799,0.00,0.00,0.00,0.00,2,0
2026-06-12 20:38:01.849,0.00,0.00,0.00,0.00,2,0
2026-06-12 20:38:01.900,0.00,0.00,0.00,0.00,2,0
2026-06-12 20:38:01.950,0.00,0.00,0.00,0.00,2,0
2026-06-12 20:38:02.000,0.00,0.00,0.00,0.00,2,0
2026-06-12 20:38:02.051,0.00,0.00,0.00,0.00,2,0
2026-06-12 20:38:02.108,0.00,0.00,0.00,0.00,2,0
2026-06-12 20:38:02.152,0.00,0.00,0.00,0.00,2,0
2026-06-12 20:38:02.202,0.00,0.00,0.00,0.00,2,0
2026-06-12 20:38:02.252,0.00,0.00,0.00,0.00,2,0
2026-06-12 20:38:02.303,0.00,0.00,0.00,0.00,2,0
2026-06-12 20:38:02.353,0.00,0.00,0.00,0.00,2,0
2026-06-12 20:38:02.404,0.00,0.00,0.00,0.00,2,0
2026-06-12 20:38:02.454,0.00,0.00,0.00,0.00,2,0
2026-06-12 20:38:02.505,0.00,0.00,0.00,0.00,2,0
2026-06-12 20:38:02.555,0.00,0.00,0.00,0.00,2,0
2026-06-12 20:38:02.605,0.00,0.00,0.00,0.00,2,0
2026-06-12 20:38:02.656,0.00,0.00,0.00,0.00,2,0
2026-06-12 20:38:02.706,0.00,0.00,0.00,0.00,2,0
2026-06-12 20:38:02.756,0.00,0.00,0.00,0.00,2,0
2026-06-12 20:38:02.807,0.00,0.00,0.00,0.00,2,0
2026-06-12 20:38:02.857,0.00,0.00,0.00,0.00,2,0
2026-06-12 20:38:02.908,0.00,0.00,0.00,0.00,2,0
2026-06-12 20:38:02.958,0.00,0.00,0.00,0.00,2,0
2026-06-12 20:38:03.008,0.00,0.00,0.00,0.00,2,0
2026-06-12 20:38:03.059,0.00,0.00,0.00,0.00,2,0
2026-06-12 20:38:03.109,0.00,0.00,0.00,0.00,2,0
2026-06-12 20:38:03.160,0.00,0.00,0.00,0.00,2,0
2026-06-12 20:38:03.210,0.00,0.00,0.00,0.00,2,0
2026-06-12 20:38:03.260,0.00,0.00,0.00,0.00,2,0
2026-06-12 20:38:03.311,0.00,0.00,0.00,0.00,2,0
2026-06-12 20:38:03.361,0.00,0.00,0.00,0.00,2,0
2026-06-12 20:38:03.412,0.00,0.00,0.00,0.00,2,0
2026-06-12 20:38:03.462,0.00,0.00,0.00,0.00,2,0
2026-06-12 20:38:03.512,0.00,0.00,0.00,0.00,2,0
2026-06-12 20:38:03.563,0.00,0.00,0.00,0.00,2,0
2026-06-12 20:38:03.613,0.00,0.00,0.00,0.00,2,0
2026-06-12 20:38:03.664,0.00,0.00,0.00,0.00,2,0
2026-06-12 20:38:03.714,0.00,0.00,0.00,0.00,2,0
2026-06-12 20:38:03.764,0.00,0.00,0.00,0.00,2,0
2026-06-12 20:38:03.815,0.00,0.00,0.00,0.00,2,0
2026-06-12 20:38:03.865,0.00,0.00,0.00,0.00,2,0
2026-06-12 20:38:03.916,0.00,0.00,0.00,0.00,2,0
2026-06-12 20:38:03.966,0.00,0.00,0.00,0.00,2,0
2026-06-12 20:38:04.016,0.00,0.00,0.00,0.00,2,0
2026-06-12 20:38:04.067,0.00,0.00,0.00,0.00,2,0
2026-06-12 20:38:04.117,0.00,0.00,0.00,0.00,2,0
2026-06-12 20:38:04.169,0.00,0.00,0.00,0.00,2,0
2026-06-12 20:38:04.218,0.00,0.00,0.00,0.00,2,0
2026-06-12 20:38:04.268,0.00,0.00,0.00,0.00,2,0
2026-06-12 20:38:04.319,0.00,0.00,0.00,0.00,2,0
2026-06-12 20:38:04.369,0.00,0.00,0.00,0.00,2,0
2026-06-12 20:38:04.420,0.00,0.00,0.00,0.00,2,0
2026-06-12 20:38:04.470,0.00,0.00,0.00,0.00,2,0
2026-06-12 20:38:04.520,0.00,0.00,0.00,0.00,2,0
2026-06-12 20:38:04.572,0.00,0.00,0.00,0.00,2,0
2026-06-12 20:38:04.621,0.00,0.00,0.00,0.00,2,0
2026-06-12 20:38:04.672,0.00,0.00,0.00,0.00,2,0
2026-06-12 20:38:04.722,0.00,0.00,0.00,0.00,2,0
2026-06-12 20:38:04.772,0.00,0.00,0.00,0.00,2,0
2026-06-12 20:38:04.823,0.00,0.00,0.00,0.00,2,0
2026-06-12 20:38:04.873,0.00,0.00,0.00,0.00,2,0
2026-06-12 20:38:04.924,0.00,0.00,0.00,0.00,2,0
2026-06-12 20:38:04.974,0.00,0.00,0.00,0.00,2,0
2026-06-12 20:38:05.024,0.00,0.00,0.00,0.00,2,0
2026-06-12 20:38:05.075,0.00,0.00,0.00,0.00,2,0
2026-06-12 20:38:05.125,0.00,0.00,0.00,0.00,2,0
2026-06-12 20:38:05.176,0.00,0.00,0.00,0.00,2,0
2026-06-12 20:38:05.226,0.00,0.00,0.00,0.00,2,0
2026-06-12 20:38:05.276,0.00,0.00,0.00,0.00,2,0
2026-06-12 20:38:05.327,0.00,0.00,0.00,0.00,2,0
2026-06-12 20:38:05.377,0.00,0.00,0.00,0.00,2,0
2026-06-12 20:38:05.428,0.00,0.00,0.00,0.00,2,0
2026-06-12 20:38:05.478,0.00,0.00,0.00,0.00,2,0
2026-06-12 20:38:05.528,0.00,0.00,0.00,0.00,2,0
2026-06-12 20:38:05.579,0.00,0.00,0.00,0.00,2,0
2026-06-12 20:38:05.629,0.00,0.00,0.00,0.00,2,0
2026-06-12 20:38:05.680,0.00,0.00,0.00,0.00,2,0
2026-06-12 20:38:05.730,0.00,0.00,0.00,0.00,2,0
2026-06-12 20:38:05.780,0.00,0.00,0.00,0.00,2,0
2026-06-12 20:38:05.831,0.00,0.00,0.00,0.00,2,0
2026-06-12 20:38:05.882,0.00,0.00,0.00,0.00,2,0
2026-06-12 20:38:05.932,0.00,0.00,0.00,0.00,2,0
2026-06-12 20:38:05.982,0.00,0.00,0.00,0.00,2,0
2026-06-12 20:38:06.033,0.00,0.00,0.00,0.00,2,0
2026-06-12 20:38:06.083,0.00,0.00,0.00,0.00,2,0
2026-06-12 20:38:06.133,0.00,0.00,0.00,0.00,2,0
2026-06-12 20:38:06.184,0.00,0.00,0.00,0.00,2,0
2026-06-12 20:38:06.234,0.00,0.00,0.00,0.00,2,0
2026-06-12 20:38:06.284,0.00,0.00,0.00,0.00,2,0
2026-06-12 20:38:06.335,0.00,0.00,0.00,0.00,2,0
2026-06-12 20:38:06.385,0.00,0.00,0.00,0.00,2,0
2026-06-12 20:38:06.436,0.00,0.00,0.00,0.00,2,0
2026-06-12 20:38:06.486,0.00,0.00,0.00,0.00,2,0
2026-06-12 20:38:06.536,0.00,0.00,0.00,0.00,2,0
2026-06-12 20:38:06.587,0.00,0.00,0.00,0.00,2,0
2026-06-12 20:38:06.637,0.00,0.00,0.00,0.00,2,0
2026-06-12 20:38:06.688,0.00,0.00,0.00,0.00,2,0
2026-06-12 20:38:06.738,0.00,0.00,0.00,0.00,2,0
2026-06-12 20:38:06.788,0.00,0.00,0.00,0.00,2,0
2026-06-12 20:38:06.839,0.00,0.00,0.00,0.00,2,0
2026-06-12 20:38:06.889,0.00,0.00,0.00,0.00,2,0
2026-06-12 20:38:06.940,0.00,0.00,0.00,0.00,2,0
2026-06-12 20:38:06.990,0.00,0.00,0.00,0.00,2,0
2026-06-12 20:38:07.044,0.00,0.00,0.00,0.00,2,0
2026-06-12 20:38:07.096,0.00,0.00,0.00,0.00,2,0
2026-06-12 20:38:07.141,0.00,0.00,0.00,0.00,2,0
2026-06-12 20:38:07.191,0.00,0.00,0.00,0.00,2,0
2026-06-12 20:38:07.242,0.00,0.00,0.00,0.00,2,0
2026-06-12 20:38:07.292,0.00,0.00,0.00,0.00,2,0
2026-06-12 20:38:07.343,0.00,0.00,0.00,0.00,2,0
2026-06-12 20:38:07.393,0.00,0.00,0.00,0.00,2,0
2026-06-12 20:38:07.443,0.00,0.00,0.00,0.00,2,0
2026-06-12 20:38:07.494,0.00,0.00,0.00,0.00,2,0
2026-06-12 20:38:07.544,0.00,0.00,0.00,0.00,2,0
2026-06-12 20:38:07.595,0.00,0.00,0.00,0.00,2,0
2026-06-12 20:38:07.645,0.00,0.00,0.00,0.00,2,0
2026-06-12 20:38:07.700,0.00,0.00,0.00,0.00,2,0
2026-06-12 20:38:07.746,0.00,0.00,0.00,0.00,2,0
2026-06-12 20:38:07.796,0.00,0.00,0.00,0.00,2,0
2026-06-12 20:38:07.847,0.00,0.00,0.00,0.00,2,0
2026-06-12 20:38:07.897,0.00,0.00,0.00,0.00,2,0
2026-06-12 20:38:07.948,0.00,0.00,0.00,0.00,2,0
2026-06-12 20:38:07.998,0.00,0.00,0.00,0.00,2,0
2026-06-12 20:38:08.048,0.00,0.00,0.00,0.00,2,0
2026-06-12 20:38:08.099,0.00,0.00,0.00,0.00,2,0
2026-06-12 20:38:08.149,0.00,0.00,0.00,0.00,2,0
2026-06-12 20:38:08.199,0.00,0.00,0.00,0.00,2,0
2026-06-12 20:38:08.250,0.00,0.00,0.00,0.00,2,0
2026-06-12 20:38:08.300,0.00,0.00,0.00,0.00,2,0
2026-06-12 20:38:08.352,0.00,0.00,0.00,0.00,2,0
2026-06-12 20:38:08.402,0.00,0.00,0.00,0.00,2,0
2026-06-12 20:38:08.452,0.00,0.00,0.00,0.00,2,0
2026-06-12 20:38:08.502,0.00,0.00,0.00,0.00,2,0
2026-06-12 20:38:08.552,0.00,0.00,0.00,0.00,2,0
2026-06-12 20:38:08.603,0.00,0.00,0.00,0.00,2,0
2026-06-12 20:38:08.653,0.00,0.00,0.00,0.00,2,0
2026-06-12 20:38:08.703,0.00,0.00,0.00,0.00,2,0
2026-06-12 20:38:08.754,0.00,0.00,0.00,0.00,2,0
2026-06-12 20:38:08.804,0.00,0.00,0.00,0.00,2,0
2026-06-12 20:38:08.855,0.00,0.00,0.00,0.00,2,0
2026-06-12 20:38:08.910,0.00,0.00,0.00,0.00,2,0
2026-06-12 20:38:08.956,0.00,0.00,0.00,0.00,2,0
2026-06-12 20:38:09.006,0.00,0.00,0.00,0.00,2,0
2026-06-12 20:38:09.056,0.00,0.00,0.00,0.00,2,0
2026-06-12 20:38:09.107,0.00,0.00,0.00,0.00,2,0
2026-06-12 20:38:09.157,0.00,0.00,0.00,0.00,2,0
2026-06-12 20:38:09.208,0.00,0.00,0.00,0.00,2,0
2026-06-12 20:38:09.258,0.00,0.00,0.00,0.00,2,0
2026-06-12 20:38:09.308,0.00,0.00,0.00,0.00,2,0
2026-06-12 20:38:09.359,0.00,0.00,0.00,0.00,2,0
2026-06-12 20:38:09.409,0.00,0.00,0.00,0.00,2,0
2026-06-12 20:38:09.460,0.00,0.00,0.00,0.00,2,0
2026-06-12 20:38:09.511,0.00,0.00,0.00,0.00,2,0
2026-06-12 20:38:09.560,0.00,0.00,0.00,0.00,2,0
2026-06-12 20:38:09.612,0.00,0.00,0.00,0.00,2,0
2026-06-12 20:38:09.661,0.00,0.00,0.00,0.00,2,0
2026-06-12 20:38:09.711,0.00,0.00,0.00,0.00,2,0
2026-06-12 20:38:09.762,0.00,0.00,0.00,0.00,2,0
2026-06-12 20:38:09.820,0.00,0.00,0.00,0.00,2,0
2026-06-12 20:38:09.863,0.00,0.00,0.00,0.00,2,0
2026-06-12 20:38:09.924,0.00,0.00,0.00,0.00,2,0
2026-06-12 20:38:09.963,0.00,0.00,0.00,0.00,2,0
2026-06-12 20:38:10.014,0.00,0.00,0.00,0.00,2,0
2026-06-12 20:38:10.064,0.00,0.00,0.00,0.00,2,0
2026-06-12 20:38:10.115,0.00,0.00,0.00,0.00,2,0
2026-06-12 20:38:10.165,0.00,0.00,0.00,0.00,2,0
2026-06-12 20:38:10.216,0.00,0.00,0.00,0.00,2,0
2026-06-12 20:38:10.266,0.00,0.00,0.00,0.00,2,0
2026-06-12 20:38:10.320,0.00,0.00,0.00,0.00,2,0
2026-06-12 20:38:10.367,0.00,0.00,0.00,0.00,2,0
2026-06-12 20:38:10.417,0.00,0.00,0.00,0.00,2,0
2026-06-12 20:38:10.467,0.00,0.00,0.00,0.00,2,0
2026-06-12 20:38:10.518,0.00,0.00,0.00,0.00,2,0
2026-06-12 20:38:10.568,0.00,0.00,0.00,0.00,2,0
2026-06-12 20:38:10.619,0.00,0.00,0.00,0.00,2,0
2026-06-12 20:38:10.669,0.00,0.00,0.00,0.00,2,0
2026-06-12 20:38:10.720,0.00,0.00,0.00,0.00,2,0
2026-06-12 20:38:10.770,0.00,0.00,0.00,0.00,2,0
2026-06-12 20:38:10.820,0.00,0.00,0.00,0.00,2,0
2026-06-12 20:38:10.871,0.00,0.00,0.00,0.00,2,0
2026-06-12 20:38:10.922,0.00,0.00,0.00,0.00,2,0
2026-06-12 20:38:10.972,0.00,0.00,0.00,0.00,2,0
2026-06-12 20:38:11.023,0.00,0.00,0.00,0.00,2,0
2026-06-12 20:38:11.072,0.00,0.00,0.00,0.00,2,0
2026-06-12 20:38:11.123,0.00,0.00,0.00,0.00,2,0
2026-06-12 20:38:11.173,0.00,0.00,0.00,0.00,2,0
2026-06-12 20:38:11.223,0.00,0.00,0.00,0.00,2,0
2026-06-12 20:38:11.274,0.00,0.00,0.00,0.00,2,0
2026-06-12 20:38:11.325,0.00,0.00,0.00,0.00,2,0
2026-06-12 20:38:11.375,0.00,0.00,0.00,0.00,2,0
2026-06-12 20:38:11.425,0.00,0.00,0.00,0.00,2,0
2026-06-12 20:38:11.476,0.00,0.00,0.00,0.00,2,0
2026-06-12 20:38:11.526,0.00,0.00,0.00,0.00,2,0
2026-06-12 20:38:11.576,0.00,0.00,0.00,0.00,2,0
2026-06-12 20:38:11.627,0.00,0.00,0.00,0.00,2,0
2026-06-12 20:38:11.677,0.00,0.00,0.00,0.00,2,0
2026-06-12 20:38:11.728,0.00,0.00,0.00,0.00,2,0
2026-06-12 20:38:11.778,0.00,0.00,0.00,0.00,2,0
2026-06-12 20:38:11.828,0.00,0.00,0.00,0.00,2,0
2026-06-12 20:38:11.879,0.00,0.00,0.00,0.00,2,0
2026-06-12 20:38:11.929,0.00,0.00,0.00,0.00,2,0
2026-06-12 20:38:11.979,0.00,0.00,0.00,0.00,2,0
2026-06-12 20:38:12.030,0.00,0.00,0.00,0.00,2,0
2026-06-12 20:38:12.080,0.00,0.00,0.00,0.00,2,0
2026-06-12 20:38:12.131,0.00,0.00,0.00,0.00,2,0
2026-06-12 20:38:12.182,0.00,0.00,0.00,0.00,2,0
2026-06-12 20:38:12.232,0.00,0.00,0.00,0.00,2,0
2026-06-12 20:38:12.282,0.00,0.00,0.00,0.00,2,0
2026-06-12 20:38:12.334,0.00,0.00,0.00,0.00,2,0
2026-06-12 20:38:12.383,0.00,0.00,0.00,0.00,2,0
2026-06-12 20:38:12.433,0.00,0.00,0.00,0.00,2,0
2026-06-12 20:38:12.483,0.00,0.00,0.00,0.00,2,0
2026-06-12 20:38:12.534,0.00,0.00,0.00,0.00,2,0
2026-06-12 20:38:12.585,0.00,0.00,0.00,0.00,2,0
2026-06-12 20:38:12.635,0.00,0.00,0.00,0.00,2,0
2026-06-12 20:38:12.687,0.00,0.00,0.00,0.00,2,0
2026-06-12 20:38:12.735,0.00,0.00,0.00,0.00,2,0
2026-06-12 20:38:12.786,0.00,0.00,0.00,0.00,2,0
2026-06-12 20:38:12.836,0.00,0.00,0.00,0.00,2,0
2026-06-12 20:38:12.887,0.00,0.00,0.00,0.00,2,0
2026-06-12 20:38:12.937,0.00,0.00,0.00,0.00,2,0
2026-06-12 20:38:12.987,0.00,0.00,0.00,0.00,2,0
2026-06-12 20:38:13.038,0.00,0.00,0.00,0.00,2,0
2026-06-12 20:38:13.088,0.00,0.00,0.00,0.00,2,0
2026-06-12 20:38:13.139,0.00,0.00,0.00,0.00,2,0
2026-06-12 20:38:13.189,0.00,0.00,0.00,0.00,2,0
2026-06-12 20:38:13.240,0.00,0.00,0.00,0.00,2,0
2026-06-12 20:38:13.290,0.00,0.00,0.00,0.00,2,0
2026-06-12 20:38:13.340,0.00,0.00,0.00,0.00,2,0
2026-06-12 20:38:13.391,0.00,0.00,0.00,0.00,2,0
2026-06-12 20:38:13.442,0.00,0.00,0.00,0.00,2,0
2026-06-12 20:38:13.491,0.00,0.00,0.00,0.00,2,0
2026-06-12 20:38:13.542,0.00,0.00,0.00,0.00,2,0
2026-06-12 20:38:13.592,0.00,0.00,0.00,0.00,2,0
2026-06-12 20:38:13.643,0.00,0.00,0.00,0.00,2,0
2026-06-12 20:38:13.693,0.00,0.00,0.00,0.00,2,0
2026-06-12 20:38:13.743,0.00,0.00,0.00,0.00,2,0
2026-06-12 20:38:13.794,0.00,0.00,0.00,0.00,2,0
2026-06-12 20:38:13.844,0.00,0.00,0.00,0.00,2,0
2026-06-12 20:38:13.895,0.00,0.00,0.00,0.00,2,0
2026-06-12 20:38:13.945,0.00,0.00,0.00,0.00,2,0
2026-06-12 20:38:13.995,0.00,0.00,0.00,0.00,2,0
2026-06-12 20:38:14.046,0.00,0.00,0.00,0.00,2,0
2026-06-12 20:38:14.104,0.00,0.00,0.00,0.00,2,0
2026-06-12 20:38:14.146,0.00,0.00,0.00,0.00,2,0
2026-06-12 20:38:14.197,0.00,0.00,0.00,0.00,2,0
2026-06-12 20:38:14.247,0.00,0.00,0.00,0.00,2,0
2026-06-12 20:38:14.298,0.00,0.00,0.00,0.00,2,0
2026-06-12 20:38:14.348,0.00,0.00,0.00,0.00,2,0
2026-06-12 20:38:14.399,0.00,0.00,0.00,0.00,2,0
2026-06-12 20:38:14.449,0.00,0.00,0.00,0.00,2,0
2026-06-12 20:38:14.499,0.00,0.00,0.00,0.00,2,0
2026-06-12 20:38:14.550,0.00,0.00,0.00,0.00,2,0
2026-06-12 20:38:14.600,0.00,0.00,0.00,0.00,2,0
2026-06-12 20:38:14.651,0.00,0.00,0.00,0.00,2,0
2026-06-12 20:38:14.701,0.00,0.00,0.00,0.00,2,0
2026-06-12 20:38:14.753,0.00,0.00,0.00,0.00,2,0
2026-06-12 20:38:14.802,0.00,0.00,0.00,0.00,2,0
2026-06-12 20:38:14.852,0.00,0.00,0.00,0.00,2,0
2026-06-12 20:38:14.903,0.00,0.00,0.00,0.00,2,0
2026-06-12 20:38:14.953,0.00,0.00,0.00,0.00,2,0
2026-06-12 20:38:15.003,0.00,0.00,0.00,0.00,2,0
2026-06-12 20:38:15.054,0.00,0.00,0.00,0.00,2,0
2026-06-12 20:38:15.104,0.00,0.00,0.00,0.00,2,0
2026-06-12 20:38:15.155,0.00,0.00,0.00,0.00,2,0
2026-06-12 20:38:15.205,0.00,0.00,0.00,0.00,2,0
2026-06-12 20:38:15.255,0.00,0.00,0.00,0.00,2,0
2026-06-12 20:38:15.306,0.00,0.00,0.00,0.00,2,0
2026-06-12 20:38:15.357,0.00,0.00,0.00,0.00,2,0
2026-06-12 20:38:15.407,0.00,0.00,0.00,0.00,2,0
2026-06-12 20:38:15.457,0.00,0.00,0.00,0.00,2,0
2026-06-12 20:38:15.507,0.00,0.00,0.00,0.00,2,0
2026-06-12 20:38:15.558,0.00,0.00,0.00,0.00,2,0
2026-06-12 20:38:15.612,0.00,0.00,0.00,0.00,2,0
2026-06-12 20:38:15.659,0.00,0.00,0.00,0.00,2,0
2026-06-12 20:38:15.709,0.00,0.00,0.00,0.00,2,0
2026-06-12 20:38:15.759,0.00,0.00,0.00,0.00,2,0
2026-06-12 20:38:15.810,0.00,0.00,0.00,0.00,2,0
2026-06-12 20:38:15.860,0.00,0.00,0.00,0.00,2,0
2026-06-12 20:38:15.911,0.00,0.00,0.00,0.00,2,0
2026-06-12 20:38:15.961,0.00,0.00,0.00,0.00,2,0
2026-06-12 20:38:16.012,0.00,0.00,0.00,0.00,2,0
2026-06-12 20:38:16.062,0.00,0.00,0.00,0.00,2,0
2026-06-12 20:38:16.112,0.00,0.00,0.00,0.00,2,0
2026-06-12 20:38:16.162,0.00,0.00,0.00,0.00,2,0
2026-06-12 20:38:16.213,0.00,0.00,0.00,0.00,2,0
2026-06-12 20:38:16.263,0.00,0.00,0.00,0.00,2,0
2026-06-12 20:38:16.314,0.00,0.00,0.00,0.00,2,0
2026-06-12 20:38:16.366,0.00,0.00,0.00,0.00,2,0
2026-06-12 20:38:16.414,0.00,0.00,0.00,0.00,2,0
2026-06-12 20:38:16.467,0.00,0.00,0.00,0.00,2,0
2026-06-12 20:38:16.518,0.00,0.00,0.00,0.00,2,0
2026-06-12 20:38:16.566,0.00,0.00,0.00,0.00,2,0
2026-06-12 20:38:16.616,0.00,0.00,0.00,0.00,2,0
2026-06-12 20:38:16.667,0.00,0.00,0.00,0.00,2,0
2026-06-12 20:38:16.717,0.00,0.00,0.00,0.00,2,0
2026-06-12 20:38:16.767,0.00,0.00,0.00,0.00,2,0
2026-06-12 20:38:16.818,0.00,0.00,0.00,0.00,2,0
2026-06-12 20:38:16.868,0.00,0.00,0.00,0.00,2,0
2026-06-12 20:38:16.919,0.00,0.00,0.00,0.00,2,0
2026-06-12 20:38:16.969,0.00,0.00,0.00,0.00,2,0
2026-06-12 20:38:17.019,0.00,0.00,0.00,0.00,2,0
2026-06-12 20:38:17.070,0.00,0.00,0.00,0.00,2,0
2026-06-12 20:38:17.120,0.00,0.00,0.00,0.00,2,0
2026-06-12 20:38:17.171,0.00,0.00,0.00,0.00,2,0
2026-06-12 20:38:17.222,0.00,0.00,0.00,0.00,2,0
2026-06-12 20:38:17.272,0.00,0.00,0.00,0.00,2,0
2026-06-12 20:38:17.322,0.00,0.00,0.00,0.00,2,0
2026-06-12 20:38:17.372,0.00,0.00,0.00,0.00,2,0
2026-06-12 20:38:17.423,0.00,0.00,0.00,0.00,2,0
2026-06-12 20:38:17.473,0.00,0.00,0.00,0.00,2,0
2026-06-12 20:38:17.523,0.00,0.00,0.00,0.00,2,0
2026-06-12 20:38:17.574,0.00,0.00,0.00,0.00,2,0
2026-06-12 20:38:17.624,0.00,0.00,0.00,0.00,2,0
2026-06-12 20:38:17.674,0.00,0.00,0.00,0.00,2,0
2026-06-12 20:38:17.725,0.00,0.00,0.00,0.00,2,0
2026-06-12 20:38:17.775,0.00,0.00,0.00,0.00,2,0
2026-06-12 20:38:17.826,0.00,0.00,0.00,0.00,2,0
2026-06-12 20:38:17.876,0.00,0.00,0.00,0.00,2,0
2026-06-12 20:38:17.927,0.00,0.00,0.00,0.00,2,0
2026-06-12 20:38:17.977,0.00,0.00,0.00,0.00,2,0
2026-06-12 20:38:18.027,0.00,0.00,0.00,0.00,2,0
2026-06-12 20:38:18.078,0.00,0.00,0.00,0.00,2,0
2026-06-12 20:38:18.128,0.00,0.00,0.00,0.00,2,0
2026-06-12 20:38:18.179,0.00,0.00,0.00,0.00,2,0
2026-06-12 20:38:18.229,0.00,0.00,0.00,0.00,2,0
2026-06-12 20:38:18.279,0.00,0.00,0.00,0.00,2,0
2026-06-12 20:38:18.330,0.00,0.00,0.00,0.00,2,0
2026-06-12 20:38:18.380,0.00,0.00,0.00,0.00,2,0
2026-06-12 20:38:18.430,0.00,0.00,0.00,0.00,2,0
2026-06-12 20:38:18.482,0.00,0.00,0.00,0.00,2,0
2026-06-12 20:38:18.532,0.00,0.00,0.00,0.00,2,0
2026-06-12 20:38:18.582,0.00,0.00,0.00,0.00,2,0
2026-06-12 20:38:18.632,0.00,0.00,0.00,0.00,2,0
2026-06-12 20:38:18.684,0.00,0.00,0.00,0.00,2,0
2026-06-12 20:38:18.733,0.00,0.00,0.00,0.00,1,0
2026-06-12 20:38:18.785,0.00,0.00,0.00,0.00,1,0
2026-06-12 20:38:18.834,0.00,0.00,0.00,0.00,1,0
2026-06-12 20:38:18.884,0.00,0.00,0.00,0.00,1,0
2026-06-12 20:38:18.935,0.00,0.00,0.00,0.00,1,0
2026-06-12 20:38:18.985,0.00,0.00,0.00,0.00,1,0
2026-06-12 20:38:19.035,0.00,0.00,0.00,0.00,1,0
2026-06-12 20:38:19.086,0.00,0.00,0.00,0.00,1,0
2026-06-12 20:38:19.136,0.00,0.00,0.00,0.00,1,0
2026-06-12 20:38:19.187,0.00,0.00,0.00,0.00,1,0
2026-06-12 20:38:19.237,0.00,0.00,0.00,0.00,1,0
2026-06-12 20:38:19.287,0.00,0.00,0.00,0.00,1,0
2026-06-12 20:38:19.338,0.00,0.00,0.00,0.00,1,0
2026-06-12 20:38:19.388,0.00,0.00,0.00,0.00,1,0
2026-06-12 20:38:19.439,0.00,0.00,0.00,0.00,1,0
2026-06-12 20:38:19.489,0.00,0.00,0.00,0.00,1,0
2026-06-12 20:38:19.539,0.00,0.00,0.00,0.00,1,0
2026-06-12 20:38:19.590,0.00,0.00,0.00,0.00,1,0
2026-06-12 20:38:19.640,0.00,0.00,0.00,0.00,1,0
2026-06-12 20:38:19.696,0.00,0.00,0.00,0.00,1,0
2026-06-12 20:38:19.741,0.00,0.00,0.00,0.00,1,0
2026-06-12 20:38:19.791,0.00,0.00,0.00,0.00,1,0
2026-06-12 20:38:19.843,0.00,0.00,0.00,0.00,1,0
2026-06-12 20:38:19.892,0.00,0.00,0.00,0.00,1,0
2026-06-12 20:38:19.942,0.00,0.00,0.00,0.00,1,0
2026-06-12 20:38:19.993,0.00,0.00,0.00,0.00,1,0
2026-06-12 20:38:20.044,0.00,0.00,0.00,0.00,1,0
2026-06-12 20:38:20.094,0.00,0.00,0.00,0.00,1,0
2026-06-12 20:38:20.145,0.00,0.00,0.00,0.00,1,0
2026-06-12 20:38:20.194,0.00,0.00,0.00,0.00,1,0
2026-06-12 20:38:20.245,0.00,0.00,0.00,0.00,1,0
2026-06-12 20:38:20.295,0.00,0.00,0.00,0.00,1,0
2026-06-12 20:38:20.346,0.00,0.00,0.00,0.00,1,0
2026-06-12 20:38:20.396,0.00,0.00,0.00,0.00,1,0
2026-06-12 20:38:20.447,0.00,0.00,0.00,0.00,1,0
2026-06-12 20:38:20.497,0.00,0.00,0.00,0.00,1,0
2026-06-12 20:38:20.547,0.00,0.00,0.00,0.00,1,0
2026-06-12 20:38:20.598,0.00,0.00,0.00,0.00,1,0
2026-06-12 20:38:20.648,0.00,0.00,0.00,0.00,1,0
2026-06-12 20:38:20.698,0.00,0.00,0.00,0.00,1,0
2026-06-12 20:38:20.749,0.00,0.00,0.00,0.00,1,0
2026-06-12 20:38:20.799,0.00,0.00,0.00,0.00,1,0
2026-06-12 20:38:20.850,0.00,0.00,0.00,0.00,1,0
2026-06-12 20:38:20.900,0.00,0.00,0.00,0.00,1,0
2026-06-12 20:38:20.950,0.00,0.00,0.00,0.00,1,0
2026-06-12 20:38:21.001,0.00,0.00,0.00,0.00,1,0
2026-06-12 20:38:21.054,0.00,0.00,0.00,0.00,1,0
2026-06-12 20:38:21.102,0.00,0.00,0.00,0.00,1,0
2026-06-12 20:38:21.152,0.00,0.00,0.00,0.00,1,0
2026-06-12 20:38:21.202,0.00,0.00,0.00,0.00,1,0
2026-06-12 20:38:21.254,0.00,0.00,0.00,0.00,1,0
2026-06-12 20:38:21.303,0.00,0.00,0.00,0.00,1,0
2026-06-12 20:38:21.354,0.00,0.00,0.00,0.00,1,0
2026-06-12 20:38:21.404,0.00,0.00,0.00,0.00,1,0
2026-06-12 20:38:21.454,0.00,0.00,0.00,0.00,1,0
2026-06-12 20:38:21.505,0.00,0.00,0.00,0.00,1,0
2026-06-12 20:38:21.555,0.00,0.00,0.00,0.00,1,0
2026-06-12 20:38:35.079,0.00,0.00,0.00,0.00,1,0
2026-06-12 20:38:35.129,0.00,0.00,0.00,0.00,1,0
2026-06-12 20:38:35.179,0.00,0.00,0.00,0.00,2,0
2026-06-12 20:38:35.230,0.00,0.00,0.00,0.00,2,0
2026-06-12 20:38:35.281,0.00,0.00,0.00,0.00,2,0
2026-06-12 20:38:35.331,0.00,0.00,0.00,0.00,2,0
2026-06-12 20:38:35.381,0.00,0.00,0.00,0.00,2,0
2026-06-12 20:38:35.432,0.00,0.00,0.00,0.00,2,0
2026-06-12 20:38:35.482,0.00,0.00,0.00,0.00,2,0
2026-06-12 20:38:35.532,0.00,0.00,0.00,0.00,2,0
2026-06-12 20:38:35.583,0.00,0.00,0.00,0.00,2,0
2026-06-12 20:38:35.633,0.00,0.00,0.00,0.00,2,0
2026-06-12 20:38:35.683,0.00,0.00,0.00,0.00,2,0
2026-06-12 20:38:35.734,0.00,0.00,0.00,0.00,2,0
2026-06-12 20:38:35.784,0.00,0.00,0.00,0.00,2,0
2026-06-12 20:38:35.835,0.00,0.00,0.00,0.00,2,0
2026-06-12 20:38:35.885,0.00,0.00,0.00,0.00,2,0
2026-06-12 20:38:35.936,0.00,0.00,0.00,0.00,2,0
2026-06-12 20:38:35.986,0.00,0.00,0.00,0.00,2,0
2026-06-12 20:38:36.036,0.00,0.00,0.00,0.00,2,0
2026-06-12 20:38:36.087,0.00,0.00,0.00,0.00,2,0
2026-06-12 20:38:36.137,0.00,0.00,0.00,0.00,2,0
2026-06-12 20:38:36.188,0.00,0.00,0.00,0.00,2,0
2026-06-12 20:38:36.238,0.00,0.00,0.00,0.00,2,0
2026-06-12 20:38:36.288,0.00,0.00,0.00,0.00,2,0
2026-06-12 20:38:36.339,0.00,0.00,0.00,0.00,2,0
2026-06-12 20:38:36.389,0.00,0.00,0.00,0.00,2,0
2026-06-12 20:38:36.439,0.00,0.00,0.00,0.00,2,0
2026-06-12 20:38:36.490,0.00,0.00,0.00,0.00,2,0
2026-06-12 20:38:36.540,0.00,0.00,0.00,0.00,2,0
2026-06-12 20:38:36.591,0.00,0.00,0.00,0.00,2,0
2026-06-12 20:38:36.642,0.00,0.00,0.00,0.00,2,0
2026-06-12 20:38:36.692,0.00,0.00,0.00,0.00,2,0
2026-06-12 20:38:36.742,0.00,0.00,0.00,0.00,2,0
2026-06-12 20:38:36.792,0.00,0.00,0.00,0.00,2,0
2026-06-12 20:38:36.843,0.00,0.00,0.00,0.00,2,0
2026-06-12 20:38:36.893,0.00,0.00,0.00,0.00,2,0
2026-06-12 20:38:36.943,0.00,0.00,0.00,0.00,2,0
2026-06-12 20:38:36.994,0.00,0.00,0.00,0.00,2,0
2026-06-12 20:38:37.044,0.00,0.00,0.00,0.00,2,0
2026-06-12 20:38:37.100,0.00,0.00,0.00,0.00,2,0
2026-06-12 20:38:37.145,0.00,0.00,0.00,0.00,2,0
2026-06-12 20:38:37.195,0.00,0.00,0.00,0.00,2,0
2026-06-12 20:38:37.246,0.00,0.00,0.00,0.00,2,0
2026-06-12 20:38:37.296,0.00,0.00,0.00,0.00,2,0
2026-06-12 20:38:37.347,0.00,0.00,0.00,0.00,2,0
2026-06-12 20:38:37.397,0.00,0.00,0.00,0.00,2,0
2026-06-12 20:38:37.447,0.00,0.00,0.00,0.00,2,0
2026-06-12 20:38:37.498,0.00,0.00,0.00,0.00,2,0
2026-06-12 20:38:37.548,0.00,0.00,0.00,0.00,2,0
2026-06-12 20:38:37.599,0.00,0.00,0.00,0.00,2,0
2026-06-12 20:38:37.649,0.00,0.00,0.00,0.00,2,0
2026-06-12 20:38:37.699,0.00,0.00,0.00,0.00,2,0
2026-06-12 20:38:37.751,0.00,0.00,0.00,0.00,2,0
2026-06-12 20:38:37.800,0.00,0.00,0.00,0.00,2,0
2026-06-12 20:38:37.851,0.00,0.00,0.00,0.00,2,0
2026-06-12 20:38:37.902,0.00,0.00,0.00,0.00,2,0
2026-06-12 20:38:37.952,0.00,0.00,0.00,0.00,2,0
2026-06-12 20:38:38.002,0.00,0.00,0.00,0.00,2,0
2026-06-12 20:38:38.052,0.00,0.00,0.00,0.00,2,0
2026-06-12 20:38:38.103,0.00,0.00,0.00,0.00,2,0
2026-06-12 20:38:38.153,0.00,0.00,0.00,0.00,2,0
2026-06-12 20:38:38.203,0.00,0.00,0.00,0.00,2,0
2026-06-12 20:38:38.254,0.00,0.00,0.00,0.00,2,0
2026-06-12 20:38:38.304,0.00,0.00,0.00,0.00,2,0
2026-06-12 20:38:38.355,0.00,0.00,0.00,0.00,2,0
2026-06-12 20:38:38.405,0.00,0.00,0.00,0.00,2,0
2026-06-12 20:38:38.455,0.00,0.00,0.00,0.00,2,0
2026-06-12 20:38:38.508,0.00,0.00,0.00,0.00,2,0
2026-06-12 20:38:38.560,0.00,0.00,0.00,0.00,2,0
2026-06-12 20:38:38.607,0.00,0.00,0.00,0.00,2,0
2026-06-12 20:38:38.657,0.00,0.00,0.00,0.00,2,0
2026-06-12 20:38:38.707,0.00,0.00,0.00,0.00,2,0
2026-06-12 20:38:38.758,0.00,0.00,0.00,0.00,2,0
2026-06-12 20:38:38.808,0.00,0.00,0.00,0.00,2,0
2026-06-12 20:38:38.859,0.00,0.00,0.00,0.00,2,0
2026-06-12 20:38:38.909,0.00,0.00,0.00,0.00,2,0
2026-06-12 20:38:38.959,0.00,0.00,0.00,0.00,2,0
2026-06-12 20:38:39.010,0.00,0.00,0.00,0.00,2,0
2026-06-12 20:38:39.060,0.00,0.00,0.00,0.00,2,0
2026-06-12 20:38:39.111,0.00,0.00,0.00,0.00,2,0
2026-06-12 20:38:39.162,0.00,0.00,0.00,0.00,2,0
2026-06-12 20:38:39.212,0.00,0.00,0.00,0.00,2,0
2026-06-12 20:38:39.262,0.00,0.00,0.00,0.00,2,0
2026-06-12 20:38:39.312,0.00,0.00,0.00,0.00,2,0
2026-06-12 20:38:39.362,0.00,0.00,0.00,0.00,2,0
2026-06-12 20:38:39.413,0.00,0.00,0.00,0.00,2,0
2026-06-12 20:38:39.463,0.00,0.00,0.00,0.00,2,0
2026-06-12 20:38:39.514,0.00,0.00,0.00,0.00,2,0
2026-06-12 20:38:39.564,0.00,0.00,0.00,0.00,2,0
2026-06-12 20:38:39.614,0.00,0.00,0.00,0.00,2,0
2026-06-12 20:38:39.665,0.00,0.00,0.00,0.00,2,0
2026-06-12 20:38:39.715,0.00,0.00,0.00,0.00,2,0
2026-06-12 20:38:39.766,0.00,0.00,0.00,0.00,2,0
2026-06-12 20:38:39.816,0.00,0.00,0.00,0.00,2,0
2026-06-12 20:38:39.867,0.00,0.00,0.00,0.00,2,0
2026-06-12 20:38:39.917,0.00,0.00,0.00,0.00,2,0
2026-06-12 20:38:39.967,0.00,0.00,0.00,0.00,2,0
2026-06-12 20:38:40.018,0.00,0.00,0.00,0.00,2,0
2026-06-12 20:38:40.068,0.00,0.00,0.00,0.00,2,0
2026-06-12 20:38:40.119,0.00,0.00,0.00,0.00,2,0
2026-06-12 20:38:40.169,0.00,0.00,0.00,0.00,2,0
2026-06-12 20:38:40.219,0.00,0.00,0.00,0.00,2,0
2026-06-12 20:38:40.270,0.00,0.00,0.00,0.00,2,0
2026-06-12 20:38:40.320,0.00,0.00,0.00,0.00,2,0
2026-06-12 20:38:40.371,0.00,0.00,0.00,0.00,2,0
2026-06-12 20:38:40.422,0.00,0.00,0.00,0.00,2,0
2026-06-12 20:38:40.472,0.00,0.00,0.00,0.00,2,0
2026-06-12 20:38:40.522,0.00,0.00,0.00,0.00,2,0
2026-06-12 20:38:40.572,0.00,0.00,0.00,0.00,2,0
2026-06-12 20:38:40.622,0.00,0.00,0.00,0.00,2,0
2026-06-12 20:38:40.673,0.00,0.00,0.00,0.00,2,0
2026-06-12 20:38:40.723,0.00,0.00,0.00,0.00,2,0
2026-06-12 20:38:40.774,0.00,0.00,0.00,0.00,2,0
2026-06-12 20:38:40.824,0.00,0.00,0.00,0.00,2,0
2026-06-12 20:38:40.874,0.00,0.00,0.00,0.00,2,0
2026-06-12 20:38:40.925,0.00,0.00,0.00,0.00,2,0
2026-06-12 20:38:40.975,0.00,0.00,0.00,0.00,2,0
2026-06-12 20:38:41.026,0.00,0.00,0.00,0.00,2,0
2026-06-12 20:38:41.076,0.00,0.00,0.00,0.00,2,0
2026-06-12 20:38:41.126,0.00,0.00,0.00,0.00,2,0
2026-06-12 20:38:41.177,0.00,0.00,0.00,0.00,2,0
2026-06-12 20:38:41.227,0.00,0.00,0.00,0.00,2,0
2026-06-12 20:38:41.278,0.00,0.00,0.00,0.00,2,0
2026-06-12 20:38:41.328,0.00,0.00,0.00,0.00,2,0
2026-06-12 20:38:41.378,0.00,0.00,0.00,0.00,2,0
2026-06-12 20:38:41.429,0.00,0.00,0.00,0.00,2,0
2026-06-12 20:38:41.479,0.00,0.00,0.00,0.00,2,0
2026-06-12 20:38:41.530,0.00,0.00,0.00,0.00,2,0
2026-06-12 20:38:41.580,0.00,0.00,0.00,0.00,2,0
2026-06-12 20:38:41.630,0.00,0.00,0.00,0.00,2,0
2026-06-12 20:38:41.681,0.00,0.00,0.00,0.00,2,0
2026-06-12 20:38:41.731,0.00,0.00,0.00,0.00,2,0
2026-06-12 20:38:41.782,0.00,0.00,0.00,0.00,2,0
2026-06-12 20:38:41.832,0.00,0.00,0.00,0.00,2,0
2026-06-12 20:38:41.882,0.00,0.00,0.00,0.00,2,0
2026-06-12 20:38:41.933,0.00,0.00,0.00,0.00,2,0
2026-06-12 20:38:41.983,0.00,0.00,0.00,0.00,2,0
2026-06-12 20:38:42.034,0.00,0.00,0.00,0.00,2,0
2026-06-12 20:38:42.084,0.00,0.00,0.00,0.00,2,0
2026-06-12 20:38:42.134,0.00,0.00,0.00,0.00,2,0
2026-06-12 20:38:42.185,0.00,0.00,0.00,0.00,2,0
2026-06-12 20:38:42.235,0.00,0.00,0.00,0.00,2,0
2026-06-12 20:38:42.286,0.00,0.00,0.00,0.00,2,0
2026-06-12 20:38:42.336,0.00,0.00,0.00,0.00,2,0
2026-06-12 20:38:42.386,0.00,0.00,0.00,0.00,2,0
2026-06-12 20:38:42.437,0.00,0.00,0.00,0.00,2,0
2026-06-12 20:38:42.487,0.00,0.00,0.00,0.00,2,0
2026-06-12 20:38:42.538,0.00,0.00,0.00,0.00,2,0
2026-06-12 20:38:42.588,0.00,0.00,0.00,0.00,2,0
2026-06-12 20:38:42.639,0.00,0.00,0.00,0.00,2,0
2026-06-12 20:38:42.690,0.00,0.00,0.00,0.00,2,0
2026-06-12 20:38:42.739,0.00,0.00,0.00,0.00,2,0
2026-06-12 20:38:42.790,0.00,0.00,0.00,0.00,2,0
2026-06-12 20:38:42.840,0.00,0.00,0.00,0.00,2,0
2026-06-12 20:38:42.891,0.00,0.00,0.00,0.00,2,0
2026-06-12 20:38:42.942,0.00,0.00,0.00,0.00,2,0
2026-06-12 20:38:42.992,0.00,0.00,0.00,0.00,2,0
2026-06-12 20:38:43.042,0.00,0.00,0.00,0.00,2,0
2026-06-12 20:38:43.092,0.00,0.00,0.00,0.00,2,0
2026-06-12 20:38:43.143,0.00,0.00,0.00,0.00,2,0
2026-06-12 20:38:43.193,0.00,0.00,0.00,0.00,2,0
2026-06-12 20:38:43.243,0.00,0.00,0.00,0.00,2,0
2026-06-12 20:38:43.294,0.00,0.00,0.00,0.00,2,0
2026-06-12 20:38:43.344,0.00,0.00,0.00,0.00,2,0
2026-06-12 20:38:43.394,0.00,0.00,0.00,0.00,2,0
2026-06-12 20:38:43.445,0.00,0.00,0.00,0.00,2,0
2026-06-12 20:38:43.498,0.00,0.00,0.00,0.00,2,0
2026-06-12 20:38:43.546,0.00,0.00,0.00,0.00,2,0
2026-06-12 20:38:43.596,0.00,0.00,0.00,0.00,2,0
2026-06-12 20:38:43.646,0.00,0.00,0.00,0.00,2,0
2026-06-12 20:38:43.697,0.00,0.00,0.00,0.00,2,0
2026-06-12 20:38:43.747,0.00,0.00,0.00,0.00,2,0
2026-06-12 20:38:43.798,0.00,0.00,0.00,0.00,2,0
2026-06-12 20:38:43.848,0.00,0.00,0.00,0.00,2,0
2026-06-12 20:38:43.898,0.00,0.00,0.00,0.00,2,0
2026-06-12 20:38:43.949,0.00,0.00,0.00,0.00,2,0
2026-06-12 20:38:43.999,0.00,0.00,0.00,0.00,2,0
2026-06-12 20:38:44.050,0.00,0.00,0.00,0.00,2,0
2026-06-12 20:38:44.100,0.00,0.00,0.00,0.00,2,0
2026-06-12 20:38:44.150,0.00,0.00,0.00,0.00,2,0
2026-06-12 20:38:44.202,0.00,0.00,0.00,0.00,2,0
2026-06-12 20:38:44.252,0.00,0.00,0.00,0.00,2,0
2026-06-12 20:38:44.302,0.00,0.00,0.00,0.00,2,0
2026-06-12 20:38:44.352,0.00,0.00,0.00,0.00,2,0
2026-06-12 20:38:44.402,0.00,0.00,0.00,0.00,2,0
2026-06-12 20:38:44.453,0.00,0.00,0.00,0.00,2,0
2026-06-12 20:38:44.503,0.00,0.00,0.00,0.00,2,0
2026-06-12 20:38:44.554,0.00,0.00,0.00,0.00,2,0
2026-06-12 20:38:44.604,0.00,0.00,0.00,0.00,2,0
2026-06-12 20:38:44.654,0.00,0.00,0.00,0.00,2,0
2026-06-12 20:38:44.705,0.00,0.00,0.00,0.00,2,0
2026-06-12 20:38:44.755,0.00,0.00,0.00,0.00,2,0
2026-06-12 20:38:44.806,0.00,0.00,0.00,0.00,2,0
2026-06-12 20:38:44.856,0.00,0.00,0.00,0.00,2,0
2026-06-12 20:38:44.906,0.00,0.00,0.00,0.00,2,0
2026-06-12 20:38:44.957,0.00,0.00,0.00,0.00,2,0
2026-06-12 20:38:45.007,0.00,0.00,0.00,0.00,2,0
2026-06-12 20:38:45.058,0.00,0.00,0.00,0.00,2,0
2026-06-12 20:38:45.108,0.00,0.00,0.00,0.00,2,0
2026-06-12 20:38:45.158,0.00,0.00,0.00,0.00,2,0
2026-06-12 20:38:45.209,0.00,0.00,0.00,0.00,1,0
2026-06-12 20:38:45.259,0.00,0.00,0.00,0.00,1,0
2026-06-12 20:38:45.310,0.00,0.00,0.00,0.00,1,0
2026-06-12 20:38:45.360,0.00,0.00,0.00,0.00,1,0
2026-06-12 20:38:45.410,0.00,0.00,0.00,0.00,1,0
2026-06-12 20:38:45.461,0.00,0.00,0.00,0.00,1,0
2026-06-12 20:38:45.511,0.00,0.00,0.00,0.00,1,0
2026-06-12 20:38:45.562,0.00,0.00,0.00,0.00,1,0
2026-06-12 20:38:45.613,0.00,0.00,0.00,0.00,1,0
2026-06-12 20:38:45.663,0.00,0.00,0.00,0.00,1,0
2026-06-12 20:38:45.714,0.00,0.00,0.00,0.00,1,0
2026-06-12 20:38:45.763,0.00,0.00,0.00,0.00,1,0
2026-06-12 20:38:45.820,0.00,0.00,0.00,0.00,1,0
2026-06-12 20:38:45.867,0.00,0.00,0.00,0.00,1,0
2026-06-12 20:38:45.914,0.00,0.00,0.00,0.00,1,0
2026-06-12 20:38:45.965,0.00,0.00,0.00,0.00,1,0
2026-06-12 20:38:46.015,0.00,0.00,0.00,0.00,1,0
2026-06-12 20:38:46.067,0.00,0.00,0.00,0.00,1,0
2026-06-12 20:38:46.116,0.00,0.00,0.00,0.00,1,0
2026-06-12 20:38:46.166,0.00,0.00,0.00,0.00,1,0
2026-06-12 20:38:46.217,0.00,0.00,0.00,0.00,1,0
2026-06-12 20:38:46.267,0.00,0.00,0.00,0.00,1,0
2026-06-12 20:38:46.318,0.00,0.00,0.00,0.00,1,0
2026-06-12 20:38:46.368,0.00,0.00,0.00,0.00,1,0
2026-06-12 20:38:46.419,0.00,0.00,0.00,0.00,1,0
2026-06-12 20:38:46.469,0.00,0.00,0.00,0.00,1,0
2026-06-12 20:38:46.519,0.00,0.00,0.00,0.00,1,0
2026-06-12 20:38:46.570,0.00,0.00,0.00,0.00,1,0
2026-06-12 20:38:46.620,0.00,0.00,0.00,0.00,1,0
2026-06-12 20:38:46.670,0.00,0.00,0.00,0.00,1,0
2026-06-12 20:38:46.722,0.00,0.00,0.00,0.00,1,0
2026-06-12 20:38:46.772,0.00,0.00,0.00,0.00,1,0
2026-06-12 20:38:46.821,0.00,0.00,0.00,0.00,1,0
2026-06-12 20:38:46.872,0.00,0.00,0.00,0.00,1,0
2026-06-12 20:38:46.923,0.08,0.00,0.00,0.00,1,0
2026-06-12 20:38:46.973,0.08,0.00,2.34,0.70,1,0
2026-06-12 20:38:47.023,0.08,0.00,2.34,0.70,1,0
2026-06-12 20:38:47.074,0.15,0.02,2.34,0.70,1,0
2026-06-12 20:38:47.124,0.15,0.02,3.04,1.40,1,0
2026-06-12 20:38:47.174,0.15,0.02,3.04,1.40,1,0
2026-06-12 20:38:47.225,1.14,0.29,3.04,1.40,1,0
2026-06-12 20:38:47.275,1.14,0.29,31.16,10.33,1,0
2026-06-12 20:38:47.326,1.14,0.29,31.16,10.33,1,0
2026-06-12 20:38:47.376,2.23,0.60,31.16,10.33,1,0
2026-06-12 20:38:47.426,2.23,0.60,43.47,20.27,1,0
2026-06-12 20:38:47.477,3.27,0.86,43.47,20.27,1,0
2026-06-12 20:38:47.527,3.27,0.86,51.61,29.67,1,0
2026-06-12 20:38:47.578,3.27,0.86,51.61,29.67,1,0
2026-06-12 20:38:47.628,4.19,1.03,51.61,29.67,1,0
2026-06-12 20:38:47.679,4.19,1.03,57.62,38.06,1,0
2026-06-12 20:38:47.729,5.02,1.22,57.62,38.06,1,0
2026-06-12 20:38:47.779,5.02,1.22,63.30,45.63,1,0
2026-06-12 20:38:47.834,5.77,1.35,63.30,45.63,1,0
2026-06-12 20:38:47.882,5.77,1.35,68.31,52.43,1,0
2026-06-12 20:38:47.930,6.43,1.42,68.31,52.43,1,0
2026-06-12 20:38:47.982,6.98,1.51,72.25,58.38,1,0
2026-06-12 20:38:48.031,6.98,1.51,75.17,63.42,1,0
2026-06-12 20:38:48.082,7.43,1.47,75.17,63.42,1,0
2026-06-12 20:38:48.132,7.43,1.47,77.03,67.50,1,0
2026-06-12 20:38:48.184,7.80,1.40,77.03,67.50,1,0
2026-06-12 20:38:48.233,7.80,1.40,78.51,70.80,1,0
2026-06-12 20:38:48.283,8.11,1.36,78.51,70.80,0,0
2026-06-12 20:38:48.334,8.11,1.36,80.15,73.61,0,0
2026-06-12 20:38:48.384,8.40,1.28,80.15,73.61,0,0
2026-06-12 20:38:48.434,8.69,1.25,82.38,76.24,0,0
2026-06-12 20:38:48.485,8.69,1.25,85.10,78.90,0,0
2026-06-12 20:38:48.535,9.02,1.24,85.10,78.90,0,0
2026-06-12 20:38:48.586,9.36,1.25,88.81,81.87,0,0
2026-06-12 20:38:48.636,9.36,1.25,92.37,85.02,0,0
2026-06-12 20:38:48.687,9.70,1.25,92.37,85.02,0,0
2026-06-12 20:38:48.737,10.03,1.24,95.32,88.11,0,0
2026-06-12 20:38:48.787,10.03,1.24,98.17,91.13,0,0
2026-06-12 20:38:48.838,10.33,1.22,98.17,91.13,0,0
2026-06-12 20:38:48.888,10.63,1.20,100.14,93.83,0,0
2026-06-12 20:38:48.938,10.63,1.20,102.74,96.50,0,0
2026-06-12 20:38:48.989,10.92,1.18,102.74,96.50,0,0
2026-06-12 20:38:49.039,11.25,1.28,105.27,99.13,0,0
2026-06-12 20:38:49.096,11.65,1.31,109.15,102.14,0,0
2026-06-12 20:38:49.140,12.08,1.46,114.27,105.78,0,0
2026-06-12 20:38:49.191,12.57,1.65,118.86,109.70,0,0
2026-06-12 20:38:49.242,12.57,1.65,124.54,114.15,0,0
2026-06-12 20:38:49.292,12.96,1.62,124.54,114.15,0,0
2026-06-12 20:38:49.342,13.23,1.60,125.89,117.68,0,0
2026-06-12 20:38:49.392,13.45,1.54,126.01,120.18,0,0
2026-06-12 20:38:49.443,13.70,1.52,126.87,122.18,0,0
2026-06-12 20:38:49.496,14.05,1.57,129.74,124.45,0,0
2026-06-12 20:38:49.543,14.43,1.55,134.77,127.55,0,0
2026-06-12 20:38:49.594,14.78,1.61,139.29,131.07,0,0
2026-06-12 20:38:49.644,14.93,1.49,141.52,134.20,0,0
2026-06-12 20:38:49.695,15.01,1.34,138.71,135.56,0,0
2026-06-12 20:38:49.745,15.05,1.17,138.15,136.34,0,0
2026-06-12 20:38:49.795,15.11,1.04,137.50,136.68,0,0
2026-06-12 20:38:49.846,15.27,1.02,138.32,137.18,0,0
2026-06-12 20:38:49.896,15.45,1.01,142.19,138.68,0,0
2026-06-12 20:38:49.947,15.61,0.99,144.14,140.32,0,0
2026-06-12 20:38:49.997,15.61,0.99,144.99,141.72,0,0
2026-06-12 20:38:50.047,15.70,0.90,144.99,141.72,0,0
2026-06-12 20:38:50.098,15.78,0.83,144.71,142.62,0,0
2026-06-12 20:38:50.148,15.76,0.68,144.93,143.31,0,0
2026-06-12 20:38:50.199,15.76,0.58,142.63,143.11,0,0
2026-06-12 20:38:50.251,15.81,0.53,143.21,143.14,0,0
2026-06-12 20:38:50.299,15.86,0.50,144.56,143.56,2,0
2026-06-12 20:38:50.350,15.99,0.53,145.20,144.05,2,0
2026-06-12 20:38:50.400,16.19,0.62,147.86,145.20,2,0
2026-06-12 20:38:50.451,16.57,0.89,151.28,147.02,2,0
2026-06-12 20:38:50.501,16.76,0.91,154.38,150.44,2,0
2026-06-12 20:38:50.552,16.84,0.85,156.21,152.17,2,0
2026-06-12 20:38:50.602,16.89,0.76,154.77,152.95,2,0
2026-06-12 20:38:50.652,16.97,0.71,154.48,153.41,2,0
2026-06-12 20:38:50.703,17.09,0.71,155.84,154.14,2,0
2026-06-12 20:38:50.753,17.26,0.74,157.75,155.22,2,0
2026-06-12 20:38:50.804,17.52,1.05,160.34,156.76,2,0
2026-06-12 20:38:50.854,17.72,1.06,164.45,159.06,2,0
2026-06-12 20:38:50.904,17.89,1.04,165.36,160.95,2,0
2026-06-12 20:38:50.955,17.98,0.96,165.91,162.44,2,0
2026-06-12 20:38:51.005,18.23,1.01,165.32,163.30,2,0
2026-06-12 20:38:51.056,18.38,0.98,168.63,165.56,2,0
2026-06-12 20:38:51.106,18.62,1.03,170.06,166.91,2,0
2026-06-12 20:38:51.156,18.88,1.31,174.13,169.07,2,0
2026-06-12 20:38:51.207,19.10,1.30,176.95,171.44,2,0
2026-06-12 20:38:51.257,19.37,1.23,178.29,173.49,2,0
2026-06-12 20:38:51.308,19.44,1.09,178.08,175.94,2,0
2026-06-12 20:38:51.358,19.49,0.97,177.89,176.53,2,0
2026-06-12 20:38:51.408,19.64,1.07,178.15,177.01,2,0
2026-06-12 20:38:51.459,20.06,1.26,181.42,178.34,2,0
2026-06-12 20:38:51.509,20.24,1.22,186.33,182.17,2,0
2026-06-12 20:38:51.560,20.26,1.05,187.52,183.77,2,0
2026-06-12 20:38:51.610,20.12,0.67,184.53,184.00,2,0
2026-06-12 20:38:51.661,20.04,0.50,179.72,182.72,2,0
2026-06-12 20:38:51.712,19.97,0.34,180.14,181.94,2,0
2026-06-12 20:38:51.762,20.19,0.47,181.89,181.39,2,0
2026-06-12 20:38:51.812,21.70,2.80,188.01,183.38,2,0
2026-06-12 20:38:51.863,23.65,5.52,225.14,197.03,2,0
2026-06-12 20:38:51.912,25.55,6.02,256.31,214.81,2,0
2026-06-12 20:38:51.963,24.55,4.29,247.23,232.06,2,0
2026-06-12 20:38:52.013,23.18,1.37,201.59,222.92,2,0
2026-06-12 20:38:52.064,22.31,0.44,181.56,210.51,2,0
2026-06-12 20:38:52.114,21.34,-0.75,184.18,202.61,2,0
2026-06-12 20:38:52.165,21.00,-0.92,185.13,193.78,2,0
2026-06-12 20:38:52.215,20.68,-1.04,183.45,190.68,2,0
2026-06-12 20:38:52.265,20.40,-1.35,181.09,187.80,2,0
2026-06-12 20:38:52.316,20.18,-1.33,179.41,185.29,2,0
2026-06-12 20:38:52.366,19.92,-1.27,178.67,183.30,2,0
2026-06-12 20:38:52.417,19.83,-1.15,178.26,180.90,2,0
2026-06-12 20:38:52.467,19.82,-0.99,178.11,180.07,2,0
2026-06-12 20:38:52.518,19.79,-0.89,179.74,179.97,2,0
2026-06-12 20:38:52.568,19.67,-0.85,179.04,179.69,2,0
2026-06-12 20:38:52.618,19.40,-0.91,176.29,178.67,2,0
2026-06-12 20:38:52.669,19.29,-0.87,173.95,176.21,2,0
2026-06-12 20:38:52.719,19.22,-0.80,172.80,175.18,2,0
2026-06-12 20:38:52.770,19.26,-0.64,172.95,174.52,2,0
2026-06-12 20:38:52.820,19.27,-0.53,175.95,174.95,2,0
2026-06-12 20:38:52.871,19.29,-0.43,175.14,175.01,2,0
2026-06-12 20:38:52.921,19.19,-0.48,175.68,175.21,2,0
2026-06-12 20:38:52.972,19.11,-0.47,172.29,174.23,2,0
2026-06-12 20:38:53.022,19.01,-0.48,172.00,173.56,2,0
2026-06-12 20:38:53.072,19.00,-0.42,170.42,172.62,2,0
2026-06-12 20:38:53.123,19.12,-0.15,172.46,172.57,2,0
2026-06-12 20:38:53.173,19.26,-0.02,176.18,173.65,2,0
2026-06-12 20:38:53.224,19.33,0.02,177.81,174.90,2,0
2026-06-12 20:38:53.276,19.13,-0.15,175.16,175.57,2,0
2026-06-12 20:38:53.324,18.80,-0.40,169.55,173.77,2,0
2026-06-12 20:38:53.375,18.43,-0.65,163.77,170.77,2,0
2026-06-12 20:38:53.425,18.06,-0.85,159.55,167.40,2,0
2026-06-12 20:38:53.475,17.77,-0.97,156.13,164.02,2,0
2026-06-12 20:38:53.526,17.60,-0.96,155.21,161.38,2,0
2026-06-12 20:38:53.576,17.55,-0.86,156.17,159.81,2,0
2026-06-12 20:38:53.627,17.68,-0.52,158.38,159.38,2,0
2026-06-12 20:38:53.677,17.90,-0.26,163.16,160.52,2,0
2026-06-12 20:38:53.728,18.54,0.57,167.43,162.59,2,0
2026-06-12 20:38:53.778,18.72,0.63,175.05,168.37,2,0
2026-06-12 20:38:53.828,18.72,0.54,173.87,170.02,2,0
2026-06-12 20:38:53.879,18.52,0.29,170.08,170.04,2,0
2026-06-12 20:38:53.929,18.27,0.04,163.90,168.20,2,0
2026-06-12 20:38:53.980,18.00,-0.19,160.57,165.91,2,0
2026-06-12 20:38:54.030,17.80,-0.33,157.70,163.44,2,0
2026-06-12 20:38:54.081,17.71,-0.42,157.41,161.63,2,0
2026-06-12 20:38:54.131,17.63,-0.42,159.06,160.86,2,0
2026-06-12 20:38:54.181,17.61,-0.38,158.39,160.12,2,0
2026-06-12 20:38:54.232,17.62,-0.32,159.33,159.88,2,0
2026-06-12 20:38:54.282,17.65,-0.24,160.24,159.99,2,0
2026-06-12 20:38:54.333,17.86,0.07,161.10,160.32,2,0
2026-06-12 20:38:54.383,17.90,0.09,164.34,162.18,2,0
2026-06-12 20:38:54.433,20.42,4.04,163.35,162.53,2,0
2026-06-12 20:38:54.484,21.56,4.37,219.23,185.45,2,0
2026-06-12 20:38:54.534,22.50,4.49,220.04,195.83,2,0
2026-06-12 20:38:54.585,21.99,2.97,224.05,204.30,2,0
2026-06-12 20:38:54.635,21.02,1.73,189.01,199.71,2,0
2026-06-12 20:38:54.685,20.03,0.16,170.26,190.88,2,0
2026-06-12 20:38:54.736,19.74,-0.10,173.27,181.86,2,0
2026-06-12 20:38:54.788,19.61,-0.19,173.21,179.26,2,0
2026-06-12 20:38:54.840,19.53,-0.30,175.34,178.08,2,0
2026-06-12 20:38:54.887,19.56,-0.23,175.52,177.31,2,0
2026-06-12 20:38:54.938,19.70,-0.05,178.38,177.63,2,0
2026-06-12 20:38:54.988,19.84,0.07,179.24,178.86,2,0
2026-06-12 20:38:55.039,19.95,0.15,183.16,180.15,2,0
2026-06-12 20:38:55.089,20.03,0.27,183.54,181.17,2,0
2026-06-12 20:38:55.139,23.14,4.11,183.72,181.94,2,0
2026-06-12 20:38:55.190,24.53,4.65,248.20,210.15,2,0
2026-06-12 20:38:55.240,25.58,5.63,252.20,222.76,2,0
2026-06-12 20:38:55.291,24.82,4.16,254.42,232.26,2,0
2026-06-12 20:38:55.342,22.99,0.98,209.36,225.39,2,0
2026-06-12 20:38:55.392,22.42,0.36,192.47,208.80,2,0
2026-06-12 20:38:55.442,22.03,-0.34,191.41,203.58,2,0
2026-06-12 20:38:55.493,21.72,-0.53,191.80,200.05,2,0
2026-06-12 20:38:55.542,21.78,-0.39,195.79,197.21,2,0
2026-06-12 20:38:55.593,21.89,-0.17,199.27,197.83,2,0
2026-06-12 20:38:55.643,22.12,0.14,200.89,198.75,2,0
2026-06-12 20:38:55.694,22.13,0.14,203.13,200.83,2,0
2026-06-12 20:38:55.744,22.20,0.19,201.42,201.01,2,0
2026-06-12 20:38:55.795,22.25,0.20,201.78,201.58,2,0
2026-06-12 20:38:55.845,22.41,0.42,203.21,202.07,2,0
2026-06-12 20:38:55.895,22.80,0.79,206.77,203.48,2,0
2026-06-12 20:38:55.946,22.89,0.75,211.69,207.04,2,0
2026-06-12 20:38:55.996,22.87,0.52,209.87,207.89,2,0
2026-06-12 20:38:56.047,26.00,5.28,208.00,207.69,2,0
2026-06-12 20:38:56.097,27.57,7.01,276.67,236.10,2,0
2026-06-12 20:38:56.147,27.87,4.49,283.63,250.36,2,0
2026-06-12 20:38:56.198,26.61,1.80,235.74,253.07,2,0
2026-06-12 20:38:56.248,25.02,-0.50,214.97,241.64,2,0
2026-06-12 20:38:56.299,24.56,-0.81,212.27,227.24,2,0
2026-06-12 20:38:56.349,24.03,-1.37,213.19,223.02,2,0
2026-06-12 20:38:56.399,24.04,-1.16,214.05,218.19,2,0
2026-06-12 20:38:56.450,26.51,3.28,218.47,218.27,2,0
2026-06-12 20:38:56.500,30.61,6.20,292.40,240.74,2,0
2026-06-12 20:38:56.551,35.01,11.30,364.82,277.96,2,0
2026-06-12 20:38:56.602,38.31,12.43,368.19,317.88,2,0
2026-06-12 20:38:56.652,36.44,7.46,331.81,347.87,2,0
2026-06-12 20:38:56.708,30.81,-1.17,291.44,330.94,2,0
2026-06-12 20:38:56.752,28.99,-4.04,222.02,279.77,2,0
2026-06-12 20:38:56.803,26.67,-5.43,224.59,263.22,2,0
2026-06-12 20:38:56.853,25.98,-5.75,221.57,242.16,2,0
2026-06-12 20:38:56.904,25.27,-4.87,221.43,235.94,2,0
2026-06-12 20:38:56.954,25.10,-3.76,224.85,229.46,2,0
2026-06-12 20:38:57.004,25.11,-3.19,226.91,227.92,2,0
2026-06-12 20:38:57.055,25.15,-2.26,228.22,228.01,2,0
2026-06-12 20:38:57.105,25.10,-1.96,228.25,228.34,2,0
2026-06-12 20:38:57.156,27.77,3.03,226.85,227.90,2,0
2026-06-12 20:38:57.206,29.80,4.24,308.12,252.18,2,0
2026-06-12 20:38:57.257,30.52,3.90,313.77,270.65,2,0
2026-06-12 20:38:57.307,29.12,1.08,262.08,277.15,2,0
2026-06-12 20:38:57.357,27.21,-1.38,234.92,264.48,2,0
2026-06-12 20:38:57.410,27.57,-0.21,229.31,247.10,2,0
2026-06-12 20:38:57.458,30.99,5.08,271.08,250.36,2,0
2026-06-12 20:38:57.509,31.08,3.52,314.03,281.45,2,0
2026-06-12 20:38:57.559,29.45,1.67,259.34,282.22,2,0
2026-06-12 20:38:57.609,27.42,-1.87,233.02,267.46,2,0
2026-06-12 20:38:57.660,26.89,-2.45,232.16,249.03,2,0
2026-06-12 20:38:57.710,26.50,-2.13,232.84,244.17,2,0
2026-06-12 20:38:57.763,26.39,-1.70,238.74,240.66,2,0
2026-06-12 20:38:57.811,26.36,-1.47,239.14,239.67,2,0
2026-06-12 20:38:57.862,26.23,-1.27,238.69,239.38,2,0
2026-06-12 20:38:57.913,26.17,-1.16,236.68,238.16,2,0
2026-06-12 20:38:57.962,26.34,-0.61,236.61,237.69,2,0
2026-06-12 20:38:58.017,26.69,0.08,241.75,239.23,2,0
2026-06-12 20:38:58.063,26.67,0.05,245.89,242.38,2,0
2026-06-12 20:38:58.114,26.51,-0.21,241.71,242.18,2,0
2026-06-12 20:38:58.164,26.59,-0.00,239.47,240.70,2,0
2026-06-12 20:38:58.215,26.72,0.11,243.85,241.46,2,0
2026-06-12 20:38:58.267,26.80,0.20,245.54,242.68,2,0
2026-06-12 20:38:58.315,26.83,0.23,244.84,243.37,2,0
2026-06-12 20:38:58.366,26.86,0.21,244.36,243.66,2,0
2026-06-12 20:38:58.416,26.76,0.01,244.36,243.96,2,0
2026-06-12 20:38:58.466,26.83,0.12,243.02,243.02,2,0
2026-06-12 20:38:58.517,27.06,0.38,245.14,243.66,2,0
2026-06-12 20:38:58.567,26.96,0.11,248.52,245.75,2,0
2026-06-12 20:38:58.618,26.85,0.00,242.80,244.84,2,0
2026-06-12 20:38:58.668,26.80,-0.07,241.59,243.87,2,0
2026-06-12 20:38:58.719,26.92,0.13,243.58,243.41,2,0
2026-06-12 20:38:58.769,30.55,5.75,245.87,244.43,2,0
2026-06-12 20:38:58.819,32.90,7.70,327.08,277.42,2,0
2026-06-12 20:38:58.870,31.96,5.02,316.27,298.80,2,0
2026-06-12 20:38:58.920,29.24,0.69,270.09,290.19,2,0
2026-06-12 20:38:58.971,28.31,-0.91,243.03,265.49,2,0
2026-06-12 20:38:59.022,28.11,-1.09,249.41,257.08,2,0
2026-06-12 20:38:59.072,27.80,-1.12,251.14,255.29,2,0
2026-06-12 20:38:59.122,27.58,-1.13,249.95,252.44,2,0
2026-06-12 20:38:59.172,27.63,-0.75,248.42,250.49,2,0
2026-06-12 20:38:59.224,27.71,-0.57,251.32,250.88,2,0
2026-06-12 20:38:59.274,27.58,-0.64,253.52,251.67,2,0
2026-06-12 20:38:59.323,27.26,-1.07,247.19,250.42,2,0
2026-06-12 20:38:59.374,26.52,-1.63,240.85,247.55,2,0
2026-06-12 20:38:59.424,26.04,-1.90,233.37,240.85,2,0
2026-06-12 20:38:59.475,26.00,-1.65,233.11,236.48,2,0
2026-06-12 20:38:59.525,26.25,-0.79,235.34,236.14,2,0
2026-06-12 20:38:59.576,26.42,-0.39,242.08,238.38,2,0
2026-06-12 20:38:59.626,26.69,0.02,243.63,239.96,2,0
2026-06-12 20:38:59.676,26.91,0.36,244.79,242.36,2,0
2026-06-12 20:38:59.727,27.01,0.46,246.97,244.38,2,0
2026-06-12 20:38:59.777,26.85,0.09,247.30,245.26,2,0
2026-06-12 20:38:59.828,26.61,-0.33,240.96,243.87,2,0
2026-06-12 20:38:59.878,26.07,-0.85,236.46,241.65,2,0
2026-06-12 20:38:59.928,25.91,-0.84,231.72,236.71,2,0
2026-06-12 20:38:59.979,25.95,-0.68,234.76,235.31,2,0
2026-06-12 20:39:00.029,25.91,-0.55,236.58,235.69,2,0
2026-06-12 20:39:00.080,25.82,-0.62,234.47,235.33,2,0
2026-06-12 20:39:00.130,25.56,-0.74,232.46,234.47,2,0
2026-06-12 20:39:00.182,25.49,-0.75,229.69,232.10,2,0
2026-06-12 20:39:00.232,25.54,-0.44,229.95,231.45,2,0
2026-06-12 20:39:00.281,25.52,-0.37,233.27,231.94,2,0
2026-06-12 20:39:00.332,25.44,-0.38,230.63,231.74,1,0
2026-06-12 20:39:00.382,25.21,-0.61,229.34,231.02,1,0
2026-06-12 20:39:00.433,25.24,-0.50,227.18,228.98,1,0
2026-06-12 20:39:00.483,25.45,-0.03,229.72,229.20,1,0
2026-06-12 20:39:00.534,25.56,0.16,234.23,231.11,1,0
2026-06-12 20:39:00.588,25.62,0.17,234.48,232.12,1,0
2026-06-12 20:39:00.634,25.56,0.05,232.96,232.67,1,0
2026-06-12 20:39:00.685,25.58,0.09,230.89,232.13,1,0
2026-06-12 20:39:00.735,25.80,0.41,233.17,232.34,1,0
2026-06-12 20:39:00.787,25.90,0.42,237.26,234.32,1,0
2026-06-12 20:39:00.836,25.97,0.41,237.15,235.17,1,0
2026-06-12 20:39:00.886,25.95,0.32,235.92,235.82,1,0
2026-06-12 20:39:00.937,26.00,0.30,235.29,235.66,1,0
2026-06-12 20:39:00.987,26.21,0.54,236.91,236.11,1,0
2026-06-12 20:39:01.038,26.33,0.56,240.36,238.02,1,0
2026-06-12 20:39:01.088,26.31,0.37,241.72,239.13,1,0
2026-06-12 20:39:01.138,26.25,0.21,237.97,238.94,1,0
2026-06-12 20:39:01.189,29.81,4.81,237.03,238.37,1,0
2026-06-12 20:39:01.240,32.89,8.17,318.46,270.74,1,0
2026-06-12 20:39:01.290,32.06,5.62,327.15,298.66,1,0
2026-06-12 20:39:01.340,29.27,0.94,273.60,291.14,1,0
2026-06-12 20:39:01.390,27.80,-1.55,240.66,265.77,1,0
2026-06-12 20:39:01.441,27.47,-1.58,239.79,252.42,1,0
2026-06-12 20:39:01.492,27.25,-1.48,242.52,249.45,1,0
2026-06-12 20:39:01.542,27.31,-0.97,245.81,247.42,1,0
2026-06-12 20:39:01.592,27.24,-0.89,248.54,248.02,1,0
2026-06-12 20:39:01.643,27.22,-0.68,245.87,247.37,1,0
2026-06-12 20:39:01.693,27.43,-0.15,246.20,247.19,1,0
2026-06-12 20:39:01.744,27.60,0.01,252.67,249.11,1,0
2026-06-12 20:39:01.794,27.74,0.20,254.19,250.63,1,0
2026-06-12 20:39:01.844,27.77,0.20,252.07,251.92,1,0
2026-06-12 20:39:01.895,27.78,0.19,252.60,252.21,1,0
2026-06-12 20:39:01.945,27.96,0.34,252.55,252.31,1,0
2026-06-12 20:39:01.996,28.07,0.42,255.61,253.91,1,0
2026-06-12 20:39:02.046,28.14,0.41,257.20,254.87,1,0
2026-06-12 20:39:02.100,28.09,0.30,255.75,255.58,1,0
2026-06-12 20:39:02.147,28.07,0.20,253.92,255.08,1,0
2026-06-12 20:39:02.197,28.30,0.50,255.19,254.89,1,0
2026-06-12 20:39:02.252,28.44,0.58,260.04,256.96,1,0
2026-06-12 20:39:02.298,28.36,0.43,259.46,258.28,1,0
2026-06-12 20:39:02.348,28.20,0.06,255.82,257.54,1,0
2026-06-12 20:39:02.399,28.28,0.19,254.57,256.09,1,0
2026-06-12 20:39:02.449,28.44,0.43,259.17,256.81,1,0
2026-06-12 20:39:02.500,28.59,0.49,261.66,258.27,1,0
2026-06-12 20:39:02.550,28.63,0.41,261.32,259.61,1,0
2026-06-12 20:39:02.600,28.64,0.32,260.22,259.97,1,0
2026-06-12 20:39:02.652,28.86,0.59,261.36,260.04,1,0
2026-06-12 20:39:02.701,29.10,0.70,265.14,262.12,1,0
2026-06-12 20:39:02.753,29.02,0.37,269.37,264.29,1,0
2026-06-12 20:39:02.802,28.79,-0.08,262.23,263.51,1,0
2026-06-12 20:39:02.852,28.95,0.20,259.21,261.44,1,0
2026-06-12 20:39:02.903,29.09,0.28,265.17,262.94,1,0
2026-06-12 20:39:02.953,29.14,0.27,267.05,264.17,1,0
2026-06-12 20:39:03.004,29.13,0.20,264.28,264.61,1,0
2026-06-12 20:39:03.054,29.23,0.29,265.23,264.57,1,0
2026-06-12 20:39:03.104,29.36,0.40,266.56,265.45,1,0
2026-06-12 20:39:03.155,29.45,0.42,267.33,266.61,1,0
2026-06-12 20:39:03.205,29.49,0.35,269.44,267.45,1,0
2026-06-12 20:39:03.256,29.17,-0.22,267.20,267.80,1,0
2026-06-12 20:39:03.306,29.29,0.03,262.05,264.91,1,0
2026-06-12 20:39:03.356,29.61,0.51,267.91,265.96,0,0
2026-06-12 20:39:03.407,29.60,0.42,271.76,268.89,0,0
2026-06-12 20:39:03.457,29.39,-0.02,268.54,268.79,0,0
2026-06-12 20:39:03.508,29.27,-0.17,264.20,266.90,0,0
2026-06-12 20:39:03.558,29.64,0.47,266.25,265.83,0,0
2026-06-12 20:39:03.612,30.04,0.91,275.02,269.19,0,0
2026-06-12 20:39:03.659,30.00,0.74,274.87,272.81,0,0
2026-06-12 20:39:03.712,29.89,0.37,271.54,272.43,0,0
2026-06-12 20:39:03.760,30.06,0.55,270.63,271.45,0,0
2026-06-12 20:39:03.813,30.15,0.53,276.69,273.00,0,0
2026-06-12 20:39:03.861,30.13,0.34,274.45,273.79,0,0
2026-06-12 20:39:03.912,29.97,-0.01,271.84,273.64,0,0
2026-06-12 20:39:03.962,29.98,0.02,270.95,272.14,0,0
2026-06-12 20:39:04.012,30.31,0.43,272.57,272.27,0,0
2026-06-12 20:39:04.062,30.55,0.68,279.35,275.22,0,0
2026-06-12 20:39:04.113,30.38,0.22,278.99,277.46,0,0
2026-06-12 20:39:04.163,30.26,-0.03,273.59,275.88,0,0
2026-06-12 20:39:04.215,30.44,0.27,273.65,274.78,0,0
2026-06-12 20:39:04.264,30.51,0.29,278.92,276.46,0,0
2026-06-12 20:39:04.314,30.36,0.12,277.17,277.08,0,0
2026-06-12 20:39:04.365,29.97,-0.49,272.37,275.66,0,0
2026-06-12 20:39:04.415,30.18,-0.01,268.38,272.17,0,0
2026-06-12 20:39:04.465,30.55,0.54,278.42,274.08,0,0
2026-06-12 20:39:04.516,30.38,0.11,280.69,277.39,0,0
2026-06-12 20:39:04.566,30.13,-0.28,272.70,275.84,0,0
2026-06-12 20:39:04.617,30.23,-0.05,271.95,273.63,0,0
2026-06-12 20:39:04.667,30.30,0.01,276.06,274.49,0,0
2026-06-12 20:39:04.718,30.21,-0.13,276.61,275.13,0,0
2026-06-12 20:39:04.768,29.78,-0.77,272.53,274.36,0,0
2026-06-12 20:39:04.818,29.42,-1.11,264.77,270.45,0,0
2026-06-12 20:39:04.869,29.49,-0.67,264.14,267.15,0,0
2026-06-12 20:39:04.919,29.48,-0.58,269.96,267.81,0,0
2026-06-12 20:39:04.970,29.14,-0.94,267.44,267.70,0,0
2026-06-12 20:39:05.022,28.66,-1.42,259.97,264.67,0,0
2026-06-12 20:39:05.071,28.54,-1.40,255.81,260.29,0,0
2026-06-12 20:39:05.122,28.49,-1.05,256.55,259.17,0,0
2026-06-12 20:39:05.172,28.24,-1.16,258.65,258.72,0,0
2026-06-12 20:39:05.223,28.04,-1.31,252.05,256.46,0,0
2026-06-12 20:39:05.272,27.60,-1.46,250.30,254.61,0,0
2026-06-12 20:39:05.325,27.31,-1.51,246.22,250.65,0,0
2026-06-12 20:39:05.373,27.14,-1.56,244.24,247.98,2,0
2026-06-12 20:39:05.425,26.61,-1.80,243.00,246.49,2,0
2026-06-12 20:39:05.474,26.25,-2.13,234.95,241.69,2,0
2026-06-12 20:39:05.525,25.43,-2.54,230.74,238.41,2,0
2026-06-12 20:39:05.575,24.82,-2.66,221.83,230.91,2,0
2026-06-12 20:39:05.625,24.06,-3.52,212.39,225.35,2,0
2026-06-12 20:39:05.676,22.98,-3.73,202.47,218.49,2,0
2026-06-12 20:39:05.726,22.79,-3.50,199.00,208.72,2,0
2026-06-12 20:39:05.777,22.74,-2.59,202.85,206.96,2,0
2026-06-12 20:39:05.827,22.60,-2.32,205.88,206.55,2,0
2026-06-12 20:39:05.878,22.48,-2.17,202.15,205.23,2,0
2026-06-12 20:39:05.928,22.67,-1.31,201.57,204.13,2,0
2026-06-12 20:39:05.978,22.92,-0.69,208.77,205.86,2,0
2026-06-12 20:39:06.029,23.04,-0.49,213.55,208.17,2,0
2026-06-12 20:39:06.079,22.63,-0.91,211.70,209.23,2,0
2026-06-12 20:39:06.129,22.20,-1.12,199.63,205.48,2,0
2026-06-12 20:39:06.180,21.87,-1.51,192.68,201.64,2,0
2026-06-12 20:39:06.230,21.46,-1.54,191.40,198.57,2,0
2026-06-12 20:39:06.282,21.39,-1.37,191.34,194.90,2,0
2026-06-12 20:39:06.332,21.34,-1.24,192.62,194.22,2,0
2026-06-12 20:39:06.382,21.22,-1.16,192.83,193.80,2,0
2026-06-12 20:39:06.432,20.88,-1.27,190.08,192.68,2,0
2026-06-12 20:39:06.483,20.67,-1.25,185.42,189.59,2,0
2026-06-12 20:39:06.533,20.56,-1.24,183.42,187.74,2,0
2026-06-12 20:39:06.583,20.44,-1.16,184.33,186.72,2,0
2026-06-12 20:39:06.634,20.34,-1.06,182.98,185.60,2,0
2026-06-12 20:39:06.684,19.92,-1.30,182.78,184.75,2,0
2026-06-12 20:39:06.734,19.64,-1.33,175.69,180.86,2,0
2026-06-12 20:39:06.785,19.37,-1.36,172.44,178.34,2,0
2026-06-12 20:39:06.835,19.18,-1.46,170.15,175.88,2,0
2026-06-12 20:39:06.886,19.06,-1.35,170.35,174.22,2,0
2026-06-12 20:39:06.936,18.92,-1.26,170.37,173.06,2,0
2026-06-12 20:39:06.987,18.80,-1.17,168.82,171.79,2,0
2026-06-12 20:39:07.038,18.51,-1.22,168.28,170.74,2,0
2026-06-12 20:39:07.088,18.40,-1.13,164.25,168.09,2,0
2026-06-12 20:39:07.143,18.34,-1.01,164.70,167.08,2,0
2026-06-12 20:39:07.188,18.28,-0.91,165.44,166.59,2,0
2026-06-12 20:39:07.239,18.28,-0.77,164.53,165.97,2,0
2026-06-12 20:39:07.289,18.26,-0.68,166.13,166.02,2,0
2026-06-12 20:39:07.340,18.21,-0.63,165.49,165.86,2,0
2026-06-12 20:39:07.390,18.12,-0.61,164.10,165.33,2,0
2026-06-12 20:39:07.440,17.98,-0.64,162.77,164.56,2,0
2026-06-12 20:39:07.492,17.86,-0.64,160.14,163.24,2,0
2026-06-12 20:39:07.542,17.84,-0.44,159.61,162.15,2,0
2026-06-12 20:39:07.592,17.94,-0.30,162.69,161.99,2,0
2026-06-12 20:39:07.644,18.06,-0.15,164.94,162.88,2,0
2026-06-12 20:39:07.692,18.16,-0.05,166.54,163.97,2,0
2026-06-12 20:39:07.743,18.19,-0.01,167.03,164.89,2,0
2026-06-12 20:39:07.793,18.19,-0.00,165.78,165.16,2,0
2026-06-12 20:39:07.844,18.14,-0.05,165.30,165.20,2,0
2026-06-12 20:39:07.894,18.10,-0.07,163.54,164.70,2,0
2026-06-12 20:39:07.945,18.16,-0.02,163.52,164.35,2,0
2026-06-12 20:39:07.996,18.45,0.35,166.11,164.88,2,0
2026-06-12 20:39:08.052,18.56,0.39,170.92,167.53,2,0
2026-06-12 20:39:08.096,18.58,0.35,170.81,168.52,2,0
2026-06-12 20:39:08.147,18.47,0.21,169.22,168.73,2,0
2026-06-12 20:39:08.197,18.34,0.07,165.46,167.75,2,0
2026-06-12 20:39:08.247,18.23,-0.13,163.82,166.57,2,0
2026-06-12 20:39:08.297,18.15,-0.18,163.10,165.53,2,0
2026-06-12 20:39:08.348,18.17,-0.13,163.05,164.79,2,0
2026-06-12 20:39:08.398,18.17,-0.12,165.65,165.04,2,0
2026-06-12 20:39:08.449,18.07,-0.18,164.82,164.98,2,0
2026-06-12 20:39:08.499,18.84,0.49,161.91,164.06,2,0
2026-06-12 20:39:08.549,19.91,1.29,187.59,171.12,2,0
2026-06-12 20:39:08.600,20.50,1.59,203.52,180.84,2,0
2026-06-12 20:39:08.650,20.90,1.68,198.68,186.19,2,0
2026-06-12 20:39:08.701,20.03,0.70,198.30,189.82,2,0
2026-06-12 20:39:08.753,19.01,-0.25,163.36,181.88,2,0
2026-06-12 20:39:08.802,18.29,-0.80,151.20,172.68,2,0
2026-06-12 20:39:08.852,17.71,-1.17,150.81,166.12,2,0
2026-06-12 20:39:08.903,17.23,-1.39,148.50,160.83,2,0
2026-06-12 20:39:08.953,16.80,-1.54,146.28,156.47,2,0
2026-06-12 20:39:09.003,16.49,-1.57,143.42,152.55,2,0
2026-06-12 20:39:09.054,16.27,-1.51,143.11,149.72,2,0
2026-06-12 20:39:09.104,16.14,-1.39,143.04,147.72,2,0
2026-06-12 20:39:09.155,16.13,-1.19,143.96,146.59,2,0
2026-06-12 20:39:09.205,16.10,-1.04,146.29,146.50,2,0
2026-06-12 20:39:09.255,16.10,-0.88,145.53,146.21,2,0
2026-06-12 20:39:09.306,16.14,-0.72,146.31,146.24,2,0
2026-06-12 20:39:09.356,16.07,-0.67,147.29,146.55,2,0
2026-06-12 20:39:09.407,16.03,-0.60,144.40,145.91,2,0
2026-06-12 20:39:09.457,16.10,-0.45,144.89,145.60,2,0
2026-06-12 20:39:09.507,16.17,-0.33,147.76,146.25,2,0
2026-06-12 20:39:09.558,16.40,-0.09,148.25,146.85,2,0
2026-06-12 20:39:09.608,16.68,0.16,153.71,148.91,2,0
2026-06-12 20:39:09.660,16.79,0.23,157.44,151.47,2,0
2026-06-12 20:39:09.709,16.88,0.26,154.88,152.49,2,0
2026-06-12 20:39:09.760,16.89,0.24,155.05,153.26,2,0
2026-06-12 20:39:09.810,16.95,0.27,153.74,153.40,2,0
2026-06-12 20:39:09.861,17.03,0.29,155.24,153.94,2,0
2026-06-12 20:39:09.911,17.14,0.35,156.17,154.61,2,0
2026-06-12 20:39:09.961,17.30,0.43,158.22,155.69,2,0
2026-06-12 20:39:10.012,17.45,0.48,160.44,157.12,2,0
2026-06-12 20:39:10.062,17.54,0.49,161.65,158.48,2,0
2026-06-12 20:39:10.112,17.56,0.43,161.30,159.33,2,0
2026-06-12 20:39:10.163,17.54,0.35,159.79,159.47,2,0
2026-06-12 20:39:10.213,17.57,0.34,158.98,159.32,2,0
2026-06-12 20:39:10.264,17.62,0.33,160.13,159.56,2,0
2026-06-12 20:39:10.314,17.79,0.43,161.09,160.02,2,0
2026-06-12 20:39:10.364,18.06,0.58,165.28,161.60,2,0
2026-06-12 20:39:10.415,18.12,0.54,165.88,164.05,2,0
2026-06-12 20:39:10.465,18.02,0.38,165.84,164.58,2,0
2026-06-12 20:39:10.516,17.89,0.21,161.52,163.67,2,0
2026-06-12 20:39:10.566,17.81,0.11,159.50,162.42,2,0
2026-06-12 20:39:10.617,17.84,0.12,160.10,161.72,2,0
2026-06-12 20:39:10.667,18.01,0.39,162.59,161.98,2,0
2026-06-12 20:39:10.717,18.16,0.45,167.15,163.53,2,0
2026-06-12 20:39:10.768,18.27,0.48,168.14,164.91,2,0
2026-06-12 20:39:10.820,18.37,0.42,168.32,165.94,2,0
2026-06-12 20:39:10.868,18.37,0.36,167.00,166.86,2,0
2026-06-12 20:39:10.919,18.42,0.35,166.80,166.84,2,0
2026-06-12 20:39:10.969,18.47,0.34,168.35,167.29,2,0
2026-06-12 20:39:11.020,18.62,0.52,168.77,167.74,2,0
2026-06-12 20:39:11.070,18.79,0.59,172.20,169.07,2,0
2026-06-12 20:39:11.121,18.87,0.57,174.35,170.66,2,0
2026-06-12 20:39:11.171,18.77,0.21,173.10,171.39,2,0
2026-06-12 20:39:11.222,18.63,0.07,167.60,170.41,2,0
2026-06-12 20:39:11.272,18.55,-0.02,166.42,169.21,2,0
2026-06-12 20:39:11.323,18.50,-0.05,166.53,168.41,2,0
2026-06-12 20:39:11.373,18.60,0.12,167.00,167.99,2,0
2026-06-12 20:39:11.424,18.65,0.15,171.13,168.93,2,0
2026-06-12 20:39:11.473,18.77,0.22,170.50,169.40,2,0
2026-06-12 20:39:11.524,18.92,0.28,172.97,170.47,2,0
2026-06-12 20:39:11.574,19.06,0.35,172.23,171.85,2,0
2026-06-12 20:39:11.625,19.18,0.40,175.83,173.04,2,0
2026-06-12 20:39:11.675,19.34,0.61,176.72,174.15,2,0
2026-06-12 20:39:11.725,19.85,1.02,179.06,175.62,2,0
2026-06-12 20:39:11.776,20.06,1.05,185.26,180.23,2,0
2026-06-12 20:39:11.826,20.22,1.02,186.72,182.18,2,0
2026-06-12 20:39:11.877,20.26,0.94,187.02,183.63,2,0
2026-06-12 20:39:11.927,20.43,0.85,184.95,184.02,2,0
2026-06-12 20:39:11.978,20.51,0.79,186.70,185.48,2,0
2026-06-12 20:39:12.028,20.73,1.04,188.07,186.26,2,0
2026-06-12 20:39:12.078,20.86,0.99,192.95,188.27,2,0
2026-06-12 20:39:12.129,21.13,1.01,192.09,189.41,2,0
2026-06-12 20:39:12.179,21.16,0.88,194.14,191.86,2,0
2026-06-12 20:39:12.230,21.24,0.88,192.74,192.12,2,0
2026-06-12 20:39:12.280,21.48,0.96,194.64,192.88,2,0
2026-06-12 20:39:12.330,21.71,1.21,198.52,195.06,2,0
2026-06-12 20:39:12.381,22.17,1.40,202.15,197.19,2,0
2026-06-12 20:39:12.432,23.62,2.41,205.98,201.31,2,0
2026-06-12 20:39:12.482,25.67,5.33,245.39,214.53,2,0
2026-06-12 20:39:12.532,28.13,6.57,276.54,233.14,2,0
2026-06-12 20:39:12.582,27.29,4.90,277.20,255.45,2,0
2026-06-12 20:39:12.633,25.31,0.54,230.03,247.82,2,0
2026-06-12 20:39:12.683,24.86,0.09,213.11,229.82,2,0
2026-06-12 20:39:12.734,24.19,-0.96,216.39,225.79,2,0
2026-06-12 20:39:12.784,23.92,-1.04,212.83,219.66,2,0
2026-06-12 20:39:12.834,23.63,-1.34,211.47,217.20,2,0
2026-06-12 20:39:12.886,23.58,-0.96,208.60,214.62,2,0
2026-06-12 20:39:12.935,23.71,-0.60,215.21,214.13,2,0
2026-06-12 20:39:12.986,23.93,-0.19,217.93,215.27,2,0
2026-06-12 20:39:13.036,23.92,-0.18,219.20,217.31,2,0
2026-06-12 20:39:13.086,24.02,0.01,217.09,217.25,2,0
2026-06-12 20:39:13.137,24.09,0.06,219.66,218.16,2,0
2026-06-12 20:39:13.187,24.32,0.39,220.07,218.73,2,0
2026-06-12 20:39:13.238,24.40,0.40,223.24,220.82,2,0
2026-06-12 20:39:13.288,24.50,0.43,223.39,221.59,2,0
2026-06-12 20:39:13.338,24.40,0.29,222.86,222.47,2,0
2026-06-12 20:39:13.389,24.36,0.17,219.47,221.57,2,0
2026-06-12 20:39:13.439,24.54,0.44,222.41,221.21,2,0
2026-06-12 20:39:13.490,25.08,0.95,226.79,222.88,2,0
2026-06-12 20:39:13.540,25.21,1.02,233.45,227.78,2,0
2026-06-12 20:39:13.590,25.21,0.69,231.57,228.92,2,0
2026-06-12 20:39:13.641,25.26,0.58,227.94,228.98,2,0
2026-06-12 20:39:13.692,25.35,0.56,230.44,229.38,2,0
2026-06-12 20:39:13.742,25.75,1.02,232.03,230.18,2,0
2026-06-12 20:39:13.792,25.77,0.88,237.24,233.83,2,0
2026-06-12 20:39:13.843,25.78,0.64,234.58,234.05,2,0
2026-06-12 20:39:13.893,25.79,0.56,233.51,234.14,2,0
2026-06-12 20:39:13.943,25.94,0.57,234.39,234.21,2,0
2026-06-12 20:39:13.994,26.13,0.71,236.85,235.52,2,0
2026-06-12 20:39:14.044,26.22,0.67,239.29,237.31,2,0
2026-06-12 20:39:14.095,26.16,0.39,239.82,238.07,2,0
2026-06-12 20:39:14.145,26.14,0.31,236.24,237.55,2,0
2026-06-12 20:39:14.195,26.29,0.43,237.09,237.41,2,0
2026-06-12 20:39:14.246,26.56,0.71,241.06,238.74,2,0
2026-06-12 20:39:14.296,26.57,0.63,243.02,241.16,2,0
2026-06-12 20:39:14.347,26.43,0.25,241.62,241.30,2,0
2026-06-12 20:39:14.397,26.47,0.25,237.70,239.97,2,0
2026-06-12 20:39:14.447,26.56,0.29,241.24,240.37,2,0
2026-06-12 20:39:14.498,26.83,0.61,243.25,241.23,2,0
2026-06-12 20:39:14.548,26.80,0.47,245.63,243.67,2,0
2026-06-12 20:39:14.599,26.68,0.22,242.75,243.39,2,0
2026-06-12 20:39:14.649,26.74,0.27,241.56,242.24,2,0
2026-06-12 20:39:14.700,26.87,0.43,243.93,242.86,2,0
2026-06-12 20:39:14.750,27.19,0.69,246.71,244.01,2,0
2026-06-12 20:39:14.800,27.27,0.59,250.17,246.95,2,0
2026-06-12 20:39:14.851,27.11,0.24,247.09,247.65,2,0
2026-06-12 20:39:14.902,26.99,0.09,242.88,246.22,2,0
2026-06-12 20:39:14.952,27.20,0.38,245.08,245.11,2,0
2026-06-12 20:39:15.002,27.25,0.40,249.07,247.04,2,0
2026-06-12 20:39:15.052,27.33,0.36,248.44,247.46,2,0
2026-06-12 20:39:15.103,27.38,0.33,248.46,248.19,2,0
2026-06-12 20:39:15.153,27.53,0.49,249.35,248.61,2,0
2026-06-12 20:39:15.204,27.69,0.54,252.30,250.03,2,0
2026-06-12 20:39:15.254,27.86,0.64,254.67,251.42,2,0
2026-06-12 20:39:15.304,27.75,0.31,253.74,252.97,2,0
2026-06-12 20:39:15.355,27.70,0.22,251.06,252.03,2,0
2026-06-12 20:39:15.405,27.84,0.38,250.56,251.59,2,0
2026-06-12 20:39:15.456,28.02,0.54,255.08,252.85,2,0
2026-06-12 20:39:15.506,28.04,0.48,255.82,254.48,2,0
2026-06-12 20:39:15.556,27.84,0.08,254.83,254.59,2,0
2026-06-12 20:39:15.612,27.78,-0.04,249.93,252.86,2,0
2026-06-12 20:39:15.658,27.95,0.23,251.89,252.26,2,0
2026-06-12 20:39:15.708,31.80,6.22,256.48,253.79,2,0
2026-06-12 20:39:15.758,34.43,8.49,339.89,288.74,2,0
2026-06-12 20:39:15.808,31.56,1.68,334.34,312.68,1,0
2026-06-12 20:39:15.859,30.33,0.40,249.01,286.57,1,0
2026-06-12 20:39:15.909,29.07,-1.57,249.29,275.39,1,0
2026-06-12 20:39:15.960,28.35,-2.24,254.15,263.96,1,0
2026-06-12 20:39:16.010,27.98,-2.21,249.98,257.45,1,0
2026-06-12 20:39:16.061,27.39,-2.47,246.17,254.07,1,0
2026-06-12 20:39:16.111,27.27,-1.96,243.37,248.75,1,0
2026-06-12 20:39:16.162,27.29,-1.65,247.28,247.69,1,0
2026-06-12 20:39:16.212,27.27,-1.23,248.11,247.81,1,0
2026-06-12 20:39:16.262,27.17,-1.20,246.41,247.65,1,0
2026-06-12 20:39:16.313,26.84,-1.27,244.73,246.77,1,0
2026-06-12 20:39:16.363,26.77,-1.01,240.15,243.77,1,0
2026-06-12 20:39:16.413,26.80,-0.83,243.16,243.14,1,0
2026-06-12 20:39:16.464,26.63,-0.84,243.78,243.34,1,0
2026-06-12 20:39:16.514,26.37,-1.12,239.20,241.80,1,0
2026-06-12 20:39:16.565,25.88,-1.34,233.99,239.46,1,0
2026-06-12 20:39:16.615,25.80,-1.08,230.91,234.99,1,0
2026-06-12 20:39:16.666,25.86,-0.86,234.90,234.25,1,0
2026-06-12 20:39:16.716,25.79,-0.74,236.32,234.87,1,0
2026-06-12 20:39:16.766,25.69,-0.79,233.38,234.22,1,0
2026-06-12 20:39:16.817,25.45,-0.86,231.12,233.29,1,0
2026-06-12 20:39:16.867,25.36,-0.87,228.48,231.10,1,0
2026-06-12 20:39:16.924,25.41,-0.52,228.46,230.30,1,0
2026-06-12 20:39:16.968,25.56,-0.16,232.29,230.77,1,0
2026-06-12 20:39:17.019,25.53,-0.16,232.84,232.14,1,0
2026-06-12 20:39:17.069,25.51,-0.16,231.14,231.84,1,0
2026-06-12 20:39:17.120,25.56,-0.08,231.18,231.62,1,0
2026-06-12 20:39:17.170,25.80,0.29,233.42,232.16,1,0
2026-06-12 20:39:17.220,25.96,0.51,236.23,234.25,1,0
2026-06-12 20:39:17.271,26.10,0.51,239.26,235.75,1,0
2026-06-12 20:39:17.322,25.90,0.06,237.95,237.04,1,0
2026-06-12 20:39:17.373,25.95,0.09,233.07,235.22,1,0
2026-06-12 20:39:17.422,26.24,0.51,236.61,235.63,1,0
2026-06-12 20:39:17.472,26.34,0.59,241.20,238.28,1,0
2026-06-12 20:39:17.523,26.28,0.33,241.31,239.19,1,0
2026-06-12 20:39:17.573,26.41,0.45,237.48,238.62,1,0
2026-06-12 20:39:17.623,26.49,0.51,241.56,239.84,1,0
2026-06-12 20:39:17.674,26.46,0.31,242.20,240.55,1,0
2026-06-12 20:39:17.728,26.46,0.27,239.56,240.27,1,0
2026-06-12 20:39:17.775,26.28,-0.01,240.37,240.30,1,0
2026-06-12 20:39:17.825,26.09,-0.30,236.89,238.64,1,0
2026-06-12 20:39:17.875,26.07,-0.27,233.92,236.92,1,0
2026-06-12 20:39:17.926,26.10,-0.16,236.41,236.77,1,0
2026-06-12 20:39:17.976,26.12,-0.10,237.72,236.97,1,0
2026-06-12 20:39:18.027,25.87,-0.40,237.64,237.17,1,0
2026-06-12 20:39:18.077,25.59,-0.79,231.54,234.93,1,0
2026-06-12 20:39:18.128,25.34,-0.81,226.39,232.37,1,0
2026-06-12 20:39:18.178,25.43,-0.45,228.63,230.14,1,0
2026-06-12 20:39:18.228,25.41,-0.40,232.50,230.92,1,0
2026-06-12 20:39:18.281,24.97,-0.98,230.29,230.73,1,0
2026-06-12 20:39:18.329,24.73,-1.02,221.27,226.71,1,0
2026-06-12 20:39:18.380,24.52,-1.22,219.65,224.60,1,0
2026-06-12 20:39:18.430,24.29,-1.16,218.26,222.70,1,0
2026-06-12 20:39:18.481,24.20,-1.13,218.02,220.56,1,0
2026-06-12 20:39:18.532,24.02,-1.06,217.98,219.79,1,0
2026-06-12 20:39:18.582,23.87,-1.14,215.53,218.11,1,0
2026-06-12 20:39:18.632,23.47,-1.32,213.71,216.79,1,0
2026-06-12 20:39:18.682,23.30,-1.27,208.33,213.12,1,0
2026-06-12 20:39:18.733,23.22,-1.20,207.93,211.56,1,0
2026-06-12 20:39:18.783,23.07,-1.03,209.32,210.89,1,0
2026-06-12 20:39:18.833,23.01,-0.97,208.28,209.51,0,0
2026-06-12 20:39:18.884,22.79,-0.94,207.71,208.97,0,0
2026-06-12 20:39:18.934,22.67,-0.90,205.14,206.93,0,0
2026-06-12 20:39:18.985,22.54,-0.98,203.41,205.87,0,0
2026-06-12 20:39:19.035,22.35,-0.95,201.92,204.69,0,0
2026-06-12 20:39:19.086,22.23,-0.91,200.54,203.00,0,0
2026-06-12 20:39:19.136,22.07,-1.03,199.33,201.90,0,0
2026-06-12 20:39:19.186,21.83,-1.08,197.04,200.44,0,0
2026-06-12 20:39:19.238,24.11,2.24,192.96,198.20,0,0
2026-06-12 20:39:19.287,25.11,2.73,250.03,218.97,0,0
2026-06-12 20:39:19.338,25.76,3.40,249.30,228.07,0,0
2026-06-12 20:39:19.389,24.82,2.11,247.66,233.95,0,0
2026-06-12 20:39:19.439,22.34,-1.28,205.33,225.36,0,0
2026-06-12 20:39:19.489,21.39,-1.87,179.67,202.84,0,0
2026-06-12 20:39:19.540,20.65,-2.20,174.27,194.27,0,0
2026-06-12 20:39:19.590,20.01,-2.40,171.88,187.55,0,0
2026-06-12 20:39:19.640,19.49,-2.47,168.11,181.72,0,0
2026-06-12 20:39:19.692,19.72,-1.91,165.82,176.95,0,0
2026-06-12 20:39:19.741,20.76,0.05,183.95,179.05,0,0
2026-06-12 20:39:19.791,21.35,0.53,210.64,188.53,0,0
2026-06-12 20:39:19.842,21.64,0.70,206.30,193.86,0,0
2026-06-12 20:39:19.892,20.71,-0.17,202.77,196.53,0,0
2026-06-12 20:39:19.943,19.30,-0.93,168.22,188.04,0,0
2026-06-12 20:39:19.993,18.19,-1.70,145.38,175.24,0,0
2026-06-12 20:39:20.044,17.32,-2.17,141.58,165.14,0,0
2026-06-12 20:39:20.094,16.68,-2.37,138.82,157.25,0,0
2026-06-12 20:39:20.145,16.16,-2.44,137.92,151.45,0,0
2026-06-12 20:39:20.195,16.16,-2.44,135.74,146.74,0,0
2026-06-12 20:39:20.245,15.70,-2.33,135.74,146.74,0,0
2026-06-12 20:39:20.296,15.23,-2.37,132.91,142.59,0,0
2026-06-12 20:39:20.346,14.72,-2.30,128.21,138.28,0,0
2026-06-12 20:39:20.396,14.20,-2.38,122.91,133.67,0,0
2026-06-12 20:39:20.447,14.20,-2.38,118.04,128.98,0,0
2026-06-12 20:39:20.497,13.72,-2.29,118.04,128.98,0,0
2026-06-12 20:39:20.548,13.27,-2.20,114.50,124.64,0,0
2026-06-12 20:39:20.598,13.27,-2.20,110.74,120.47,0,0
2026-06-12 20:39:20.649,12.87,-2.08,110.74,120.47,0,0
2026-06-12 20:39:20.699,12.47,-1.99,108.59,116.90,0,0
2026-06-12 20:39:20.750,12.47,-1.99,104.76,113.26,0,0
2026-06-12 20:39:20.802,12.02,-1.94,104.76,113.26,0,0
2026-06-12 20:39:20.850,12.02,-1.94,99.53,109.14,2,0
2026-06-12 20:39:20.901,11.55,-1.85,99.53,109.14,2,0
2026-06-12 20:39:20.956,11.05,-1.84,94.96,104.89,2,0
2026-06-12 20:39:21.002,11.05,-1.84,89.70,100.33,2,0
2026-06-12 20:39:21.052,10.55,-1.77,89.70,100.33,2,0
2026-06-12 20:39:21.104,10.55,-1.77,85.29,95.82,2,0
2026-06-12 20:39:21.153,10.11,-1.69,85.29,95.82,2,0
2026-06-12 20:39:21.205,10.11,-1.69,82.37,91.79,2,0
2026-06-12 20:39:21.254,9.74,-1.64,82.37,91.79,2,0
2026-06-12 20:39:21.304,9.74,-1.64,80.70,88.46,2,0
2026-06-12 20:39:21.355,9.45,-1.51,80.70,88.46,2,0
2026-06-12 20:39:21.405,9.45,-1.51,79.70,85.83,2,0
2026-06-12 20:39:21.455,9.22,-1.38,79.70,85.83,2,0
2026-06-12 20:39:21.506,9.22,-1.38,78.74,83.70,2,0
2026-06-12 20:39:21.556,8.99,-1.27,78.74,83.70,2,0
2026-06-12 20:39:21.607,9.18,-0.92,76.76,81.62,2,0
2026-06-12 20:39:21.657,9.64,-0.40,87.28,83.32,2,0
2026-06-12 20:39:21.708,9.64,-0.40,97.44,87.55,2,0
2026-06-12 20:39:21.758,9.89,-0.24,97.44,87.55,2,0
2026-06-12 20:39:21.808,10.80,0.54,94.99,89.78,2,0
2026-06-12 20:39:21.859,11.28,0.86,117.55,98.11,2,0
2026-06-12 20:39:21.909,11.28,0.86,112.45,102.42,2,0
2026-06-12 20:39:21.960,11.12,0.66,112.45,102.42,2,0
2026-06-12 20:39:22.010,11.12,0.66,97.49,100.94,2,0
2026-06-12 20:39:22.060,11.05,0.54,97.49,100.94,2,0
2026-06-12 20:39:22.112,11.05,0.54,98.93,100.33,2,0
2026-06-12 20:39:22.162,10.54,0.25,98.93,100.33,2,0
2026-06-12 20:39:22.212,10.54,0.25,85.00,95.73,2,0
2026-06-12 20:39:22.262,9.93,-0.04,85.00,95.73,2,0
2026-06-12 20:39:22.312,9.55,-0.25,77.22,90.18,2,0
2026-06-12 20:39:22.363,9.55,-0.25,78.71,86.74,2,0
2026-06-12 20:39:22.413,9.33,-0.30,78.71,86.74,2,0
2026-06-12 20:39:22.464,9.33,-0.30,80.09,84.74,2,0
2026-06-12 20:39:22.514,9.16,-0.33,80.09,84.74,2,0
2026-06-12 20:39:22.565,9.16,-0.33,79.41,83.14,2,0
2026-06-12 20:39:22.615,9.01,-0.34,79.41,83.14,2,0
2026-06-12 20:39:22.665,9.01,-0.34,78.71,81.81,2,0
2026-06-12 20:39:22.716,8.89,-0.34,78.71,81.81,2,0
2026-06-12 20:39:22.766,8.89,-0.34,78.29,80.76,2,0
2026-06-12 20:39:22.817,8.84,-0.31,78.29,80.76,2,0
2026-06-12 20:39:22.868,8.84,-0.31,79.25,80.31,2,0
2026-06-12 20:39:22.918,8.86,-0.26,79.25,80.31,2,0
2026-06-12 20:39:22.968,8.96,-0.17,80.76,80.44,2,0
2026-06-12 20:39:23.018,8.96,-0.17,83.40,81.33,2,0
2026-06-12 20:39:23.069,9.07,-0.10,83.40,81.33,2,0
2026-06-12 20:39:23.119,9.07,-0.10,84.74,82.35,2,0
2026-06-12 20:39:23.170,9.19,-0.02,84.74,82.35,2,0
2026-06-12 20:39:23.220,9.33,0.07,85.92,83.42,2,0
2026-06-12 20:39:23.271,9.33,0.07,87.90,84.77,2,0
2026-06-12 20:39:23.322,9.49,0.12,87.90,84.77,2,0
2026-06-12 20:39:23.374,9.49,0.12,89.37,86.15,2,0
2026-06-12 20:39:23.422,9.63,0.18,89.37,86.15,2,0
2026-06-12 20:39:23.474,9.81,0.25,90.59,87.48,2,0
2026-06-12 20:39:23.523,9.81,0.25,92.69,89.04,2,0
2026-06-12 20:39:23.573,9.96,0.30,92.69,89.04,2,0
2026-06-12 20:39:23.623,10.10,0.33,93.87,90.49,2,0
2026-06-12 20:39:23.674,10.10,0.33,94.64,91.74,2,0
2026-06-12 20:39:23.725,10.23,0.35,94.64,91.74,2,0
2026-06-12 20:39:23.774,10.31,0.34,95.55,92.88,2,0
2026-06-12 20:39:23.825,10.31,0.34,95.34,93.62,2,0
2026-06-12 20:39:23.876,10.35,0.31,95.34,93.62,2,0
2026-06-12 20:39:23.926,10.35,0.31,94.76,93.96,2,0
2026-06-12 20:39:23.976,10.35,0.26,94.76,93.96,2,0
2026-06-12 20:39:24.026,10.33,0.21,93.98,93.97,2,0
2026-06-12 20:39:24.078,10.33,0.21,93.34,93.78,2,0
2026-06-12 20:39:24.127,10.29,0.16,93.34,93.78,2,0
2026-06-12 20:39:24.180,10.27,0.12,92.63,93.43,2,0
2026-06-12 20:39:24.228,10.27,0.12,92.87,93.26,2,0
2026-06-12 20:39:24.279,10.26,0.10,92.87,93.26,2,0
2026-06-12 20:39:24.329,10.26,0.10,92.94,93.17,2,0
2026-06-12 20:39:24.379,10.23,0.07,92.94,93.17,2,0
2026-06-12 20:39:24.430,10.18,0.03,92.27,92.90,2,0
2026-06-12 20:39:24.480,10.18,0.03,91.36,92.44,2,0
2026-06-12 20:39:24.531,10.07,-0.02,91.36,92.44,2,0
2026-06-12 20:39:24.582,10.07,-0.02,89.23,91.48,2,0
2026-06-12 20:39:24.632,9.93,-0.09,89.23,91.48,2,0
2026-06-12 20:39:24.682,9.93,-0.09,87.21,90.19,2,0
2026-06-12 20:39:24.732,9.80,-0.13,87.21,90.19,2,0
2026-06-12 20:39:24.783,9.70,-0.17,86.28,89.02,2,0
2026-06-12 20:39:24.833,9.70,-0.17,85.97,88.10,2,0
2026-06-12 20:39:24.883,9.65,-0.16,85.97,88.10,2,0
2026-06-12 20:39:24.934,9.65,-0.16,86.61,87.65,2,0
2026-06-12 20:39:24.987,9.66,-0.13,86.61,87.65,2,0
2026-06-12 20:39:25.035,9.72,-0.08,87.91,87.73,2,0
2026-06-12 20:39:25.085,9.72,-0.08,89.50,88.26,2,0
2026-06-12 20:39:25.136,9.83,-0.01,89.50,88.26,2,0
2026-06-12 20:39:25.186,9.97,0.07,91.47,89.22,2,0
2026-06-12 20:39:25.244,9.97,0.07,93.57,90.53,2,0
2026-06-12 20:39:25.287,10.13,0.15,93.57,90.53,2,0
2026-06-12 20:39:25.337,10.39,0.27,95.30,91.96,2,0
2026-06-12 20:39:25.388,10.39,0.27,99.90,94.34,2,0
2026-06-12 20:39:25.438,10.75,0.43,99.90,94.34,2,0
2026-06-12 20:39:25.488,11.19,0.73,105.37,97.65,2,0
2026-06-12 20:39:25.539,11.69,0.90,110.85,101.61,2,0
2026-06-12 20:39:25.589,12.16,1.15,116.75,106.15,2,0
2026-06-12 20:39:25.640,12.60,1.34,120.50,110.46,2,0
2026-06-12 20:39:25.690,12.97,1.45,123.65,114.41,2,0
2026-06-12 20:39:25.741,12.97,1.45,125.78,117.83,2,0
2026-06-12 20:39:25.792,13.26,1.39,125.78,117.83,2,0
2026-06-12 20:39:25.842,13.53,1.40,126.53,120.44,2,0
2026-06-12 20:39:25.892,13.73,1.35,128.66,122.90,2,0
2026-06-12 20:39:25.942,13.93,1.26,128.77,124.66,1,0
2026-06-12 20:39:25.993,14.19,1.29,130.73,126.48,1,0
2026-06-12 20:39:26.044,14.29,1.18,134.26,128.82,1,0
2026-06-12 20:39:26.094,14.29,1.18,132.06,129.79,1,0
2026-06-12 20:39:26.145,14.27,0.99,132.06,129.79,1,0
2026-06-12 20:39:26.194,14.14,0.73,129.07,129.57,1,0
2026-06-12 20:39:26.247,13.91,0.50,125.56,128.37,1,0
2026-06-12 20:39:26.295,13.75,0.29,121.56,126.32,1,0
2026-06-12 20:39:26.345,13.73,0.23,121.55,124.89,1,0
2026-06-12 20:39:26.396,13.73,0.23,124.33,124.72,1,0
2026-06-12 20:39:26.446,13.74,0.20,124.33,124.72,1,0
2026-06-12 20:39:26.497,13.75,0.18,124.74,124.73,1,0
2026-06-12 20:39:26.547,13.73,0.14,125.17,124.86,1,0
2026-06-12 20:39:26.597,13.56,0.03,124.28,124.69,1,0
2026-06-12 20:39:26.648,13.56,0.03,119.64,123.17,1,0
2026-06-12 20:39:26.698,13.32,-0.11,119.64,123.17,1,0
2026-06-12 20:39:26.749,13.10,-0.22,115.91,120.99,1,0
2026-06-12 20:39:26.800,12.84,-0.40,114.15,118.94,1,0
2026-06-12 20:39:26.850,12.84,-0.40,111.00,116.56,1,0
2026-06-12 20:39:26.900,12.62,-0.46,111.00,116.56,1,0
2026-06-12 20:39:26.952,12.46,-0.48,110.06,114.61,1,0
2026-06-12 20:39:27.002,12.46,-0.48,109.84,113.18,1,0
2026-06-12 20:39:27.054,12.26,-0.52,109.84,113.18,1,0
2026-06-12 20:39:27.104,11.99,-0.59,107.00,111.33,1,0
2026-06-12 20:39:27.152,11.99,-0.59,103.31,108.92,1,0
2026-06-12 20:39:27.202,11.63,-0.70,103.31,108.92,1,0
2026-06-12 20:39:27.253,11.63,-0.70,98.02,105.65,1,0
2026-06-12 20:39:27.303,11.16,-0.79,98.02,105.65,1,0
2026-06-12 20:39:27.354,10.69,-0.93,91.27,101.34,1,0
2026-06-12 20:39:27.404,10.69,-0.93,87.24,97.11,1,0
2026-06-12 20:39:27.455,10.29,-0.96,87.24,97.11,1,0
2026-06-12 20:39:27.505,10.29,-0.96,84.88,93.44,1,0
2026-06-12 20:39:27.556,9.94,-1.00,84.88,93.44,1,0
2026-06-12 20:39:27.606,9.94,-1.00,82.92,90.28,1,0
2026-06-12 20:39:27.656,9.71,-0.95,82.92,90.28,1,0
2026-06-12 20:39:27.707,9.71,-0.95,83.26,88.18,1,0
2026-06-12 20:39:27.757,9.53,-0.88,83.26,88.18,1,0
2026-06-12 20:39:27.808,9.38,-0.83,82.61,86.51,1,0
2026-06-12 20:39:27.858,9.38,-0.83,82.13,85.20,1,0
2026-06-12 20:39:27.908,9.22,-0.77,82.13,85.20,1,0
2026-06-12 20:39:27.959,9.22,-0.77,80.30,83.73,1,0
2026-06-12 20:39:28.009,9.22,-0.77,80.30,83.73,1,0
2026-06-12 20:39:28.060,8.95,-0.75,80.30,83.73,1,0
2026-06-12 20:39:28.111,8.95,-0.75,75.54,81.27,1,0
2026-06-12 20:39:28.161,8.53,-0.77,75.54,81.27,1,0
2026-06-12 20:39:28.212,8.53,-0.77,68.46,77.43,1,0
2026-06-12 20:39:28.262,8.53,-0.77,68.46,77.43,1,0
2026-06-12 20:39:28.312,7.93,-0.82,68.46,77.43,1,0
2026-06-12 20:39:28.362,7.93,-0.82,59.24,71.97,1,0
2026-06-12 20:39:28.412,7.93,-0.82,59.24,71.97,1,0
2026-06-12 20:39:28.463,7.93,-0.82,59.24,71.97,1,0
2026-06-12 20:39:28.513,7.93,-0.82,59.24,71.97,1,0
2026-06-12 20:39:28.564,7.09,-0.84,59.24,71.97,1,0
2026-06-12 20:39:28.614,7.09,-0.84,46.80,64.42,1,0
2026-06-12 20:39:28.665,7.09,-0.84,46.80,64.42,1,0
2026-06-12 20:39:28.715,7.09,-0.84,46.80,64.42,1,0
2026-06-12 20:39:28.766,7.09,-0.84,46.80,64.42,1,0
2026-06-12 20:39:28.816,7.09,-0.84,46.80,64.42,1,0
2026-06-12 20:39:28.866,7.09,-0.84,46.80,64.42,1,0
2026-06-12 20:39:28.917,7.09,-0.84,46.80,64.42,1,0
2026-06-12 20:39:28.967,7.09,-0.84,46.80,64.42,0,0
2026-06-12 20:39:29.018,7.09,-0.84,46.80,64.42,0,0
2026-06-12 20:39:29.069,7.09,-0.84,46.80,64.42,0,0
2026-06-12 20:39:29.118,7.09,-0.84,46.80,64.42,0,0
2026-06-12 20:39:29.169,7.09,-0.84,46.80,64.42,0,0
2026-06-12 20:39:29.219,5.79,-0.79,46.80,64.42,0,0
2026-06-12 20:39:29.270,5.79,-0.79,25.05,52.61,0,0
2026-06-12 20:39:29.320,5.79,-0.79,25.05,52.61,0,0
2026-06-12 20:39:29.371,5.79,-0.79,25.05,52.61,0,0
2026-06-12 20:39:29.421,5.79,-0.79,25.05,52.61,0,0
2026-06-12 20:39:29.471,5.79,-0.79,25.05,52.61,0,0
2026-06-12 20:39:29.522,5.79,-0.79,25.05,52.61,0,0
2026-06-12 20:39:29.572,5.79,-0.79,25.05,52.61,0,0
2026-06-12 20:39:29.628,5.79,-0.79,25.05,52.61,0,0
2026-06-12 20:39:29.673,5.79,-0.79,25.05,52.61,0,0
2026-06-12 20:39:29.725,5.79,-0.79,25.05,52.61,0,0
2026-06-12 20:39:29.775,5.79,-0.79,25.05,52.61,0,0
2026-06-12 20:39:29.824,4.66,-0.76,25.05,52.61,0,0
2026-06-12 20:39:29.875,4.66,-0.76,18.45,42.36,0,0
2026-06-12 20:39:29.925,4.66,-0.76,18.45,42.36,0,0
2026-06-12 20:39:29.975,4.66,-0.76,18.45,42.36,0,0
2026-06-12 20:39:30.026,4.66,-0.76,18.45,42.36,0,0
2026-06-12 20:39:30.076,4.66,-0.76,18.45,42.36,0,0
2026-06-12 20:39:30.127,4.66,-0.76,18.45,42.36,0,0
2026-06-12 20:39:30.177,4.66,-0.76,18.45,42.36,0,0
2026-06-12 20:39:30.228,4.66,-0.76,18.45,42.36,0,0
2026-06-12 20:39:30.278,3.78,-0.72,18.45,42.36,0,0
2026-06-12 20:39:30.328,3.78,-0.72,15.61,34.34,0,0
2026-06-12 20:39:30.379,3.78,-0.72,15.61,34.34,0,0
2026-06-12 20:39:30.429,3.78,-0.72,15.61,34.34,0,0
2026-06-12 20:39:30.480,3.78,-0.72,15.61,34.34,0,0
2026-06-12 20:39:30.530,3.78,-0.72,15.61,34.34,0,0
2026-06-12 20:39:30.581,3.78,-0.72,15.61,34.34,0,0
2026-06-12 20:39:30.631,3.78,-0.72,15.61,34.34,0,0
2026-06-12 20:39:30.681,3.12,-0.68,15.61,34.34,0,0
2026-06-12 20:39:30.732,3.12,-0.68,14.26,28.31,0,0
2026-06-12 20:39:30.782,3.12,-0.68,14.26,28.31,0,0
2026-06-12 20:39:30.833,3.12,-0.68,14.26,28.31,0,0
2026-06-12 20:39:30.883,3.12,-0.68,14.26,28.31,0,0
2026-06-12 20:39:30.933,3.12,-0.68,14.26,28.31,0,0
2026-06-12 20:39:30.984,3.12,-0.68,14.26,28.31,2,0
2026-06-12 20:39:31.035,3.12,-0.68,14.26,28.31,2,0
2026-06-12 20:39:31.085,3.12,-0.68,14.26,28.31,2,0
2026-06-12 20:39:31.135,2.71,-0.62,14.26,28.31,2,0
2026-06-12 20:39:31.186,2.71,-0.62,15.97,24.61,2,0
2026-06-12 20:39:31.237,2.71,-0.62,15.97,24.61,2,0
2026-06-12 20:39:31.286,2.71,-0.62,15.97,24.61,2,0
2026-06-12 20:39:31.337,2.71,-0.62,15.97,24.61,2,0
2026-06-12 20:39:31.388,2.71,-0.62,15.97,24.61,2,0
2026-06-12 20:39:31.438,2.71,-0.62,15.97,24.61,2,0
2026-06-12 20:39:31.488,2.71,-0.62,15.97,24.61,2,0
2026-06-12 20:39:31.539,2.71,-0.62,15.97,24.61,2,0
2026-06-12 20:39:31.589,2.45,-0.55,15.97,24.61,2,0
2026-06-12 20:39:31.639,2.45,-0.55,16.81,22.27,2,0
2026-06-12 20:39:31.690,2.45,-0.55,16.81,22.27,2,0
2026-06-12 20:39:31.740,2.45,-0.55,16.81,22.27,2,0
2026-06-12 20:39:31.792,2.45,-0.55,16.81,22.27,2,0
2026-06-12 20:39:31.841,2.45,-0.55,16.81,22.27,2,0
2026-06-12 20:39:31.892,2.45,-0.55,16.81,22.27,2,0
2026-06-12 20:39:31.942,2.45,-0.55,16.81,22.27,2,0
2026-06-12 20:39:31.992,2.45,-0.55,16.81,22.27,2,0
2026-06-12 20:39:32.043,2.45,-0.55,16.81,22.27,2,0
2026-06-12 20:39:32.093,2.45,-0.55,16.81,22.27,2,0
2026-06-12 20:39:32.144,2.45,-0.55,16.81,22.27,2,0
2026-06-12 20:39:32.194,2.45,-0.55,16.81,22.27,2,0
2026-06-12 20:39:32.244,2.45,-0.55,16.81,22.27,2,0
2026-06-12 20:39:32.295,2.45,-0.55,16.81,22.27,2,0
2026-06-12 20:39:32.345,2.45,-0.55,16.81,22.27,2,0
2026-06-12 20:39:32.396,2.45,-0.55,16.81,22.27,2,0
2026-06-12 20:39:32.446,2.45,-0.55,16.81,22.27,2,0
2026-06-12 20:39:32.497,2.45,-0.55,16.81,22.27,2,0
2026-06-12 20:39:32.547,2.45,-0.55,16.81,22.27,2,0
2026-06-12 20:39:32.597,2.45,-0.55,16.81,22.27,2,0
2026-06-12 20:39:32.648,2.45,-0.55,16.81,22.27,2,0
2026-06-12 20:39:32.698,2.45,-0.55,16.81,22.27,2,0
2026-06-12 20:39:32.749,2.45,-0.55,16.81,22.27,2,0
2026-06-12 20:39:32.799,2.45,-0.55,16.81,22.27,2,0
2026-06-12 20:39:32.850,2.45,-0.55,16.81,22.27,2,0
2026-06-12 20:39:32.900,2.45,-0.55,16.81,22.27,2,0
2026-06-12 20:39:32.950,2.45,-0.55,16.81,22.27,2,0
2026-06-12 20:39:33.001,2.45,-0.55,16.81,22.27,2,0
2026-06-12 20:39:33.051,2.45,-0.55,16.81,22.27,2,0
2026-06-12 20:39:33.102,2.45,-0.55,16.81,22.27,2,0
2026-06-12 20:39:33.152,2.45,-0.55,16.81,22.27,2,0
2026-06-12 20:39:33.202,2.45,-0.55,16.81,22.27,2,0
2026-06-12 20:39:33.255,2.45,-0.55,16.81,22.27,2,0
2026-06-12 20:39:33.303,2.45,-0.55,16.81,22.27,2,0
2026-06-12 20:39:33.354,2.45,-0.55,16.81,22.27,2,0
2026-06-12 20:39:33.404,2.45,-0.55,16.81,22.27,2,0
2026-06-12 20:39:33.455,2.45,-0.55,16.81,22.27,2,0
2026-06-12 20:39:33.505,2.45,-0.55,16.81,22.27,2,0
2026-06-12 20:39:33.557,2.45,-0.55,16.81,22.27,2,0
2026-06-12 20:39:33.606,0.00,0.00,16.81,22.27,2,0
2026-06-12 20:39:33.656,0.29,0.00,0.00,0.00,2,0
2026-06-12 20:39:33.707,0.29,0.00,8.88,2.66,2,0
2026-06-12 20:39:33.757,0.29,0.00,8.88,2.66,2,0
2026-06-12 20:39:33.807,0.29,0.00,8.88,2.66,2,0
2026-06-12 20:39:33.858,0.29,0.00,8.88,2.66,2,0
2026-06-12 20:39:33.908,0.51,0.04,8.88,2.66,2,0
2026-06-12 20:39:33.959,0.51,0.04,9.32,4.66,2,0
2026-06-12 20:39:34.009,0.51,0.04,9.32,4.66,2,0
2026-06-12 20:39:34.059,0.69,0.07,9.32,4.66,2,0
2026-06-12 20:39:34.110,0.69,0.07,10.16,6.31,2,0
2026-06-12 20:39:34.160,0.69,0.07,10.16,6.31,2,0
2026-06-12 20:39:34.211,0.86,0.11,10.16,6.31,2,0
2026-06-12 20:39:34.262,0.86,0.11,11.35,7.82,2,0
2026-06-12 20:39:34.312,0.86,0.11,11.35,7.82,2,0
2026-06-12 20:39:34.362,1.96,0.39,11.35,7.82,2,0
2026-06-12 20:39:34.412,1.96,0.39,41.11,17.81,2,0
2026-06-12 20:39:34.463,3.04,0.79,41.11,17.81,2,0
2026-06-12 20:39:34.513,3.04,0.79,50.57,27.64,2,0
2026-06-12 20:39:34.563,3.04,0.79,50.57,27.64,2,0
2026-06-12 20:39:34.614,4.00,0.98,50.57,27.64,2,0
2026-06-12 20:39:34.664,4.00,0.98,56.67,36.35,2,0
2026-06-12 20:39:34.715,4.81,1.11,56.67,36.35,2,0
2026-06-12 20:39:34.765,4.81,1.11,60.92,43.72,2,0
2026-06-12 20:39:34.815,4.81,1.11,60.92,43.72,2,0
2026-06-12 20:39:34.866,5.41,1.13,60.92,43.72,2,0
2026-06-12 20:39:34.916,5.41,1.13,61.63,49.09,2,0
2026-06-12 20:39:34.967,5.41,1.13,61.63,49.09,2,0
2026-06-12 20:39:35.017,5.70,1.04,61.63,49.09,2,0
2026-06-12 20:39:35.067,5.70,1.04,57.85,51.72,2,0
2026-06-12 20:39:35.118,5.70,1.04,57.85,51.72,2,0
2026-06-12 20:39:35.168,5.74,0.90,57.85,51.72,2,0
2026-06-12 20:39:35.219,5.74,0.90,53.06,52.12,2,0
2026-06-12 20:39:35.269,5.74,0.90,53.06,52.12,2,0
2026-06-12 20:39:35.320,5.62,0.74,53.06,52.12,2,0
2026-06-12 20:39:35.370,5.62,0.74,48.59,51.06,2,0
2026-06-12 20:39:35.420,5.62,0.74,48.59,51.06,2,0
2026-06-12 20:39:35.471,5.62,0.74,48.59,51.06,2,0
2026-06-12 20:39:35.521,5.47,0.59,48.59,51.06,2,0
2026-06-12 20:39:35.572,5.47,0.59,46.35,49.65,2,0
2026-06-12 20:39:35.623,5.47,0.59,46.35,49.65,2,0
2026-06-12 20:39:35.672,5.32,0.46,46.35,49.65,2,0
2026-06-12 20:39:35.723,5.32,0.46,45.34,48.36,2,0
2026-06-12 20:39:35.773,5.32,0.46,45.34,48.36,2,0
2026-06-12 20:39:35.824,5.32,0.46,45.34,48.36,2,0
2026-06-12 20:39:35.874,5.17,0.36,45.34,48.36,2,0
2026-06-12 20:39:35.924,5.17,0.36,43.68,46.95,2,0
2026-06-12 20:39:35.975,5.17,0.36,43.68,46.95,2,0
2026-06-12 20:39:36.025,5.07,0.28,43.68,46.95,2,0
2026-06-12 20:39:36.076,5.07,0.28,44.04,46.08,2,0
2026-06-12 20:39:36.126,5.07,0.28,44.04,46.08,1,0
2026-06-12 20:39:36.176,5.03,0.23,44.04,46.08,1,0
2026-06-12 20:39:36.227,5.03,0.23,44.80,45.70,1,0
2026-06-12 20:39:36.277,5.10,0.21,44.80,45.70,1,0
2026-06-12 20:39:36.328,5.10,0.21,47.61,46.27,1,0
2026-06-12 20:39:36.378,5.10,0.21,47.61,46.27,1,0
2026-06-12 20:39:36.428,5.34,0.26,47.61,46.27,1,0
2026-06-12 20:39:36.479,5.34,0.26,53.78,48.53,1,0
2026-06-12 20:39:36.529,5.72,0.38,53.78,48.53,1,0
2026-06-12 20:39:36.580,5.72,0.38,59.82,51.92,1,0
2026-06-12 20:39:36.630,6.17,0.51,59.82,51.92,1,0
2026-06-12 20:39:36.680,6.17,0.51,65.77,56.07,1,0
2026-06-12 20:39:36.731,6.63,0.62,65.77,56.07,1,0
2026-06-12 20:39:36.781,6.63,0.62,69.85,60.20,1,0
2026-06-12 20:39:36.832,7.07,0.71,69.85,60.20,1,0
2026-06-12 20:39:36.882,7.07,0.71,73.55,64.21,1,0
2026-06-12 20:39:36.932,7.45,0.76,73.55,64.21,1,0
2026-06-12 20:39:36.983,7.79,0.83,75.83,67.69,1,0
2026-06-12 20:39:37.037,7.79,0.83,77.85,70.74,1,0
2026-06-12 20:39:37.084,8.05,0.81,77.85,70.74,1,0
2026-06-12 20:39:37.134,8.05,0.81,78.52,73.07,1,0
2026-06-12 20:39:37.184,8.24,0.77,78.52,73.07,1,0
2026-06-12 20:39:37.235,8.24,0.77,79.04,74.86,1,0
2026-06-12 20:39:37.285,8.37,0.71,79.04,74.86,1,0
2026-06-12 20:39:37.336,8.37,0.71,78.68,76.01,1,0
2026-06-12 20:39:37.386,8.44,0.63,78.68,76.01,1,0
2026-06-12 20:39:37.437,8.44,0.63,78.04,76.62,1,0
2026-06-12 20:39:37.487,8.41,0.52,78.04,76.62,1,0
2026-06-12 20:39:37.537,8.41,0.52,75.67,76.33,1,0
2026-06-12 20:39:37.588,8.30,0.40,75.67,76.33,1,0
2026-06-12 20:39:37.638,8.30,0.40,73.16,75.38,1,0
2026-06-12 20:39:37.689,8.30,0.40,73.16,75.38,1,0
2026-06-12 20:39:37.739,8.05,0.27,73.16,75.38,1,0
2026-06-12 20:39:37.790,8.05,0.27,67.71,73.08,1,0
2026-06-12 20:39:37.840,8.05,0.27,67.71,73.08,1,0
2026-06-12 20:39:37.890,7.53,0.09,67.71,73.08,1,0
2026-06-12 20:39:37.941,7.53,0.09,57.46,68.39,1,0
2026-06-12 20:39:37.991,7.53,0.09,57.46,68.39,1,0
2026-06-12 20:39:38.042,7.53,0.09,57.46,68.39,1,0
2026-06-12 20:39:38.095,7.53,0.09,57.46,68.39,1,0
2026-06-12 20:39:38.142,7.53,0.09,57.46,68.39,1,0
2026-06-12 20:39:38.193,6.75,-0.04,57.46,68.39,1,0
2026-06-12 20:39:38.243,6.75,-0.04,44.67,61.28,1,0
2026-06-12 20:39:38.293,6.75,-0.04,44.67,61.28,1,0
2026-06-12 20:39:38.344,6.75,-0.04,44.67,61.28,1,0
2026-06-12 20:39:38.394,6.75,-0.04,44.67,61.28,1,0
2026-06-12 20:39:38.445,6.75,-0.04,44.67,61.28,1,0
2026-06-12 20:39:38.495,6.75,-0.04,44.67,61.28,1,0
2026-06-12 20:39:38.546,6.75,-0.04,44.67,61.28,1,0
2026-06-12 20:39:38.596,6.75,-0.04,44.67,61.28,1,0
2026-06-12 20:39:38.646,6.75,-0.04,44.67,61.28,1,0
2026-06-12 20:39:38.697,6.75,-0.04,44.67,61.28,1,0
2026-06-12 20:39:38.747,6.75,-0.04,44.67,61.28,1,0
2026-06-12 20:39:38.798,6.75,-0.04,44.67,61.28,1,0
2026-06-12 20:39:38.848,6.75,-0.04,44.67,61.28,1,0
2026-06-12 20:39:38.898,6.75,-0.04,44.67,61.28,1,0
2026-06-12 20:39:38.949,6.75,-0.04,44.67,61.28,1,0
2026-06-12 20:39:38.999,6.75,-0.04,44.67,61.28,1,0
2026-06-12 20:39:39.050,6.75,-0.04,44.67,61.28,1,0
2026-06-12 20:39:39.100,6.75,-0.04,44.67,61.28,1,0
2026-06-12 20:39:39.152,6.75,-0.04,44.67,61.28,0,0
2026-06-12 20:39:39.202,6.75,-0.04,44.67,61.28,0,0
2026-06-12 20:39:39.253,6.75,-0.04,44.67,61.28,0,0
2026-06-12 20:39:39.302,6.75,-0.04,44.67,61.28,0,0
2026-06-12 20:39:39.353,6.75,-0.04,44.67,61.28,0,0
2026-06-12 20:39:39.403,6.75,-0.04,44.67,61.28,0,0
2026-06-12 20:39:39.453,6.75,-0.04,44.67,61.28,0,0
2026-06-12 20:39:39.504,6.75,-0.04,44.67,61.28,0,0
2026-06-12 20:39:39.554,6.75,-0.04,44.67,61.28,0,0
2026-06-12 20:39:39.604,6.75,-0.04,44.67,61.28,0,0
2026-06-12 20:39:39.655,6.75,-0.04,44.67,61.28,0,0
2026-06-12 20:39:39.705,6.75,-0.04,44.67,61.28,0,0
2026-06-12 20:39:39.756,6.75,-0.04,44.67,61.28,0,0
2026-06-12 20:39:39.806,6.75,-0.04,44.67,61.28,0,0
2026-06-12 20:39:39.856,6.75,-0.04,44.67,61.28,0,0
2026-06-12 20:39:39.907,6.75,-0.04,44.67,61.28,0,0
2026-06-12 20:39:39.957,6.75,-0.04,44.67,61.28,0,0
2026-06-12 20:39:40.009,6.75,-0.04,44.67,61.28,0,0
2026-06-12 20:39:40.058,6.75,-0.04,44.67,61.28,0,0
2026-06-12 20:39:40.109,6.75,-0.04,44.67,61.28,0,0
2026-06-12 20:39:40.159,0.00,0.00,44.67,61.28,0,0
2026-06-12 20:39:40.209,0.00,0.00,0.00,0.00,0,0
2026-06-12 20:39:40.260,0.00,0.00,0.00,0.00,0,0
2026-06-12 20:39:40.317,0.00,0.00,0.00,0.00,0,0
2026-06-12 20:39:40.361,0.00,0.00,0.00,0.00,0,0
2026-06-12 20:39:40.411,0.00,0.00,0.00,0.00,0,0
2026-06-12 20:39:40.461,0.00,0.00,0.00,0.00,0,0
2026-06-12 20:39:40.512,0.00,0.00,0.00,0.00,0,0
2026-06-12 20:39:40.562,0.00,0.00,0.00,0.00,0,0
2026-06-12 20:39:40.613,0.00,0.00,0.00,0.00,0,0
2026-06-12 20:39:40.663,0.00,0.00,0.00,0.00,0,0
2026-06-12 20:39:40.713,0.00,0.00,0.00,0.00,0,0
2026-06-12 20:39:40.764,0.00,0.00,0.00,0.00,0,0
2026-06-12 20:39:40.814,0.00,0.00,0.00,0.00,0,0
2026-06-12 20:39:40.865,0.00,0.00,0.00,0.00,0,0
2026-06-12 20:39:40.915,0.00,0.00,0.00,0.00,0,0
2026-06-12 20:39:40.965,0.00,0.00,0.00,0.00,0,0
2026-06-12 20:39:41.016,0.00,0.00,0.00,0.00,0,0
2026-06-12 20:39:41.066,0.00,0.00,0.00,0.00,0,0
2026-06-12 20:39:41.117,0.00,0.00,0.00,0.00,0,0
2026-06-12 20:39:41.167,0.00,0.00,0.00,0.00,2,0
2026-06-12 20:39:41.217,0.00,0.00,0.00,0.00,2,0
2026-06-12 20:39:41.268,0.00,0.00,0.00,0.00,2,0
2026-06-12 20:39:41.320,0.00,0.00,0.00,0.00,2,0
2026-06-12 20:39:41.369,0.00,0.00,0.00,0.00,2,0
2026-06-12 20:39:41.419,0.00,0.00,0.00,0.00,2,0
2026-06-12 20:39:41.469,0.00,0.00,0.00,0.00,2,0
2026-06-12 20:39:41.520,0.00,0.00,0.00,0.00,2,0
2026-06-12 20:39:41.570,0.00,0.00,0.00,0.00,2,0
2026-06-12 20:39:41.621,0.00,0.00,0.00,0.00,2,0
2026-06-12 20:39:41.671,0.00,0.00,0.00,0.00,2,0
2026-06-12 20:39:41.721,0.00,0.00,0.00,0.00,2,0
2026-06-12 20:39:41.772,0.00,0.00,0.00,0.00,2,0
2026-06-12 20:39:41.823,0.00,0.00,0.00,0.00,2,0
2026-06-12 20:39:41.872,0.00,0.00,0.00,0.00,2,0
2026-06-12 20:39:41.923,0.00,0.00,0.00,0.00,2,0
2026-06-12 20:39:41.973,0.00,0.00,0.00,0.00,2,0
2026-06-12 20:39:42.024,0.00,0.00,0.00,0.00,2,0
2026-06-12 20:39:42.074,0.00,0.00,0.00,0.00,2,0
2026-06-12 20:39:42.125,0.00,0.00,0.00,0.00,2,0
2026-06-12 20:39:42.175,0.00,0.00,0.00,0.00,2,0
2026-06-12 20:39:42.225,0.00,0.00,0.00,0.00,2,0
2026-06-12 20:39:45.715,0.00,0.00,0.00,0.00,2,0
2026-06-12 20:39:45.766,0.00,0.00,0.00,0.00,1,0
2026-06-12 20:39:45.816,0.00,0.00,0.00,0.00,1,0
2026-06-12 20:39:45.867,0.00,0.00,0.00,0.00,1,0
2026-06-12 20:39:45.919,0.00,0.00,0.00,0.00,1,0
2026-06-12 20:39:45.968,0.00,0.00,0.00,0.00,1,0
2026-06-12 20:39:46.018,0.00,0.00,0.00,0.00,1,0
2026-06-12 20:39:46.068,0.00,0.00,0.00,0.00,1,0
2026-06-12 20:39:46.119,0.00,0.00,0.00,0.00,2,0
2026-06-12 20:39:46.169,0.00,0.00,0.00,0.00,2,0
2026-06-12 20:39:46.220,0.00,0.00,0.00,0.00,2,0
2026-06-12 20:39:46.270,0.00,0.00,0.00,0.00,2,0
2026-06-12 20:39:46.320,0.00,0.00,0.00,0.00,2,0
2026-06-12 20:39:46.372,0.00,0.00,0.00,0.00,2,0
2026-06-12 20:39:46.423,0.00,0.00,0.00,0.00,2,0
2026-06-12 20:39:46.472,0.00,0.00,0.00,0.00,2,0
2026-06-12 20:39:46.523,0.00,0.00,0.00,0.00,2,0
2026-06-12 20:39:46.572,0.00,0.00,0.00,0.00,2,0
2026-06-12 20:39:46.624,0.00,0.00,0.00,0.00,2,0
2026-06-12 20:39:46.673,0.00,0.00,0.00,0.00,2,0
2026-06-12 20:39:46.724,0.00,0.00,0.00,0.00,2,0
2026-06-12 20:39:46.774,0.00,0.00,0.00,0.00,2,0
2026-06-12 20:39:46.824,0.00,0.00,0.00,0.00,2,0
2026-06-12 20:39:46.875,0.00,0.00,0.00,0.00,2,0
2026-06-12 20:39:46.925,0.00,0.00,0.00,0.00,2,0
2026-06-12 20:39:46.976,0.00,0.00,0.00,0.00,2,0
2026-06-12 20:39:47.026,0.00,0.00,0.00,0.00,2,0
2026-06-12 20:39:47.076,0.00,0.00,0.00,0.00,2,0
2026-06-12 20:39:47.127,0.00,0.00,0.00,0.00,2,0
2026-06-12 20:39:47.177,0.00,0.00,0.00,0.00,2,0
2026-06-12 20:39:47.228,0.00,0.00,0.00,0.00,2,0
2026-06-12 20:39:47.278,0.00,0.00,0.00,0.00,2,0
2026-06-12 20:39:47.328,0.00,0.00,0.00,0.00,2,0
2026-06-12 20:39:47.379,0.00,0.00,0.00,0.00,2,0
2026-06-12 20:39:47.429,0.00,0.00,0.00,0.00,2,0
2026-06-12 20:39:47.480,0.00,0.00,0.00,0.00,2,0
2026-06-12 20:39:47.530,0.00,0.00,0.00,0.00,2,0
2026-06-12 20:39:47.580,0.00,0.00,0.00,0.00,2,0
2026-06-12 20:39:47.631,0.00,0.00,0.00,0.00,2,0
2026-06-12 20:39:47.681,0.00,0.00,0.00,0.00,2,0
2026-06-12 20:39:47.731,0.00,0.00,0.00,0.00,2,0
2026-06-12 20:39:47.782,0.00,0.00,0.00,0.00,2,0
2026-06-12 20:39:47.832,0.00,0.00,0.00,0.00,2,0
2026-06-12 20:39:47.883,0.00,0.00,0.00,0.00,2,0
2026-06-12 20:39:47.933,0.00,0.00,0.00,0.00,2,0
2026-06-12 20:39:47.983,0.00,0.00,0.00,0.00,2,0
2026-06-12 20:39:48.034,0.00,0.00,0.00,0.00,2,0
2026-06-12 20:39:48.084,0.00,0.00,0.00,0.00,2,0
2026-06-12 20:39:48.135,0.00,0.00,0.00,0.00,2,0
2026-06-12 20:39:48.185,0.00,0.00,0.00,0.00,2,0
2026-06-12 20:39:48.236,0.00,0.00,0.00,0.00,2,0
2026-06-12 20:39:48.286,0.00,0.00,0.00,0.00,2,0
2026-06-12 20:39:48.337,0.00,0.00,0.00,0.00,2,0
2026-06-12 20:39:48.387,0.00,0.00,0.00,0.00,2,0
2026-06-12 20:39:48.437,0.00,0.00,0.00,0.00,2,0
2026-06-12 20:39:48.488,0.00,0.00,0.00,0.00,2,0
2026-06-12 20:39:48.538,0.00,0.00,0.00,0.00,2,0
2026-06-12 20:39:48.588,0.00,0.00,0.00,0.00,2,0
2026-06-12 20:39:48.639,0.00,0.00,0.00,0.00,2,0
2026-06-12 20:39:48.689,0.00,0.00,0.00,0.00,2,0
2026-06-12 20:39:48.740,0.00,0.00,0.00,0.00,2,0
2026-06-12 20:39:48.790,0.00,0.00,0.00,0.00,2,0
2026-06-12 20:39:48.840,0.00,0.00,0.00,0.00,2,0
2026-06-12 20:39:48.891,0.00,0.00,0.00,0.00,2,0
2026-06-12 20:39:48.941,0.00,0.00,0.00,0.00,2,0
2026-06-12 20:39:48.991,0.00,0.00,0.00,0.00,2,0
2026-06-12 20:39:49.042,0.00,0.00,0.00,0.00,2,0
2026-06-12 20:39:49.092,0.00,0.00,0.00,0.00,2,0
2026-06-12 20:39:49.143,0.00,0.00,0.00,0.00,2,0
2026-06-12 20:39:49.193,0.00,0.00,0.00,0.00,2,0
2026-06-12 20:39:49.243,0.00,0.00,0.00,0.00,2,0
2026-06-12 20:39:49.294,0.00,0.00,0.00,0.00,2,0
2026-06-12 20:39:49.344,0.00,0.00,0.00,0.00,2,0
2026-06-12 20:39:49.396,0.00,0.00,0.00,0.00,2,0
2026-06-12 20:39:49.445,0.00,0.00,0.00,0.00,2,0
2026-06-12 20:39:49.496,0.00,0.00,0.00,0.00,2,0
2026-06-12 20:39:49.546,0.00,0.00,0.00,0.00,2,0
2026-06-12 20:39:49.596,0.00,0.00,0.00,0.00,2,0
2026-06-12 20:39:49.647,0.00,0.00,0.00,0.00,2,0
2026-06-12 20:39:49.697,0.00,0.00,0.00,0.00,2,0
2026-06-12 20:39:49.748,0.00,0.00,0.00,0.00,2,0
2026-06-12 20:39:49.798,0.00,0.00,0.00,0.00,2,0
2026-06-12 20:39:49.848,0.00,0.00,0.00,0.00,2,0
2026-06-12 20:39:49.899,0.00,0.00,0.00,0.00,2,0
2026-06-12 20:39:49.949,0.00,0.00,0.00,0.00,2,0
2026-06-12 20:39:50.000,0.00,0.00,0.00,0.00,2,0
2026-06-12 20:39:50.050,0.00,0.00,0.00,0.00,2,0
2026-06-12 20:39:50.100,0.00,0.00,0.00,0.00,2,0
2026-06-12 20:39:50.151,0.00,0.00,0.00,0.00,2,0
2026-06-12 20:39:50.201,0.00,0.00,0.00,0.00,2,0
2026-06-12 20:39:50.252,0.00,0.00,0.00,0.00,2,0
2026-06-12 20:39:50.302,0.00,0.00,0.00,0.00,2,0
2026-06-12 20:39:50.353,0.00,0.00,0.00,0.00,2,0
2026-06-12 20:39:50.403,0.00,0.00,0.00,0.00,2,0
2026-06-12 20:39:50.453,0.00,0.00,0.00,0.00,2,0
2026-06-12 20:39:50.503,0.00,0.00,0.00,0.00,2,0
2026-06-12 20:39:50.554,0.00,0.00,0.00,0.00,2,0
2026-06-12 20:39:50.604,0.00,0.00,0.00,0.00,2,0
2026-06-12 20:39:50.655,0.00,0.00,0.00,0.00,2,0
2026-06-12 20:39:50.705,0.00,0.00,0.00,0.00,2,0
2026-06-12 20:39:50.755,0.00,0.00,0.00,0.00,2,0
2026-06-12 20:39:50.806,0.00,0.00,0.00,0.00,2,0
2026-06-12 20:39:50.856,0.00,0.00,0.00,0.00,2,0
2026-06-12 20:39:50.907,0.00,0.00,0.00,0.00,2,0
2026-06-12 20:39:50.957,0.00,0.00,0.00,0.00,2,0
2026-06-12 20:39:51.007,0.00,0.00,0.00,0.00,2,0
2026-06-12 20:39:51.058,0.00,0.00,0.00,0.00,2,0
2026-06-12 20:39:51.112,0.00,0.00,0.00,0.00,2,0
2026-06-12 20:39:51.159,0.00,0.00,0.00,0.00,2,0
2026-06-12 20:39:51.209,0.00,0.00,0.00,0.00,2,0
2026-06-12 20:39:51.259,0.00,0.00,0.00,0.00,2,0
2026-06-12 20:39:51.310,0.00,0.00,0.00,0.00,2,0
2026-06-12 20:39:51.360,0.00,0.00,0.00,0.00,2,0
2026-06-12 20:39:51.411,0.00,0.00,0.00,0.00,2,0
2026-06-12 20:39:51.462,0.00,0.00,0.00,0.00,2,0
2026-06-12 20:39:51.511,0.00,0.00,0.00,0.00,2,0
2026-06-12 20:39:51.562,0.00,0.00,0.00,0.00,2,0
2026-06-12 20:39:51.612,0.00,0.00,0.00,0.00,2,0
2026-06-12 20:39:51.662,0.00,0.00,0.00,0.00,2,0
2026-06-12 20:39:51.713,0.00,0.00,0.00,0.00,2,0
2026-06-12 20:39:51.763,0.00,0.00,0.00,0.00,2,0
2026-06-12 20:39:51.814,0.00,0.00,0.00,0.00,2,0
2026-06-12 20:39:51.864,0.00,0.00,0.00,0.00,2,0
2026-06-12 20:39:51.915,0.00,0.00,0.00,0.00,2,0
2026-06-12 20:39:51.965,0.00,0.00,0.00,0.00,2,0
2026-06-12 20:39:52.015,0.00,0.00,0.00,0.00,2,0
2026-06-12 20:39:52.066,0.00,0.00,0.00,0.00,2,0
2026-06-12 20:39:52.116,0.00,0.00,0.00,0.00,2,0
2026-06-12 20:39:52.167,0.00,0.00,0.00,0.00,2,0
2026-06-12 20:39:52.217,0.00,0.00,0.00,0.00,2,0
2026-06-12 20:39:52.267,0.00,0.00,0.00,0.00,2,0
2026-06-12 20:39:52.318,0.00,0.00,0.00,0.00,2,0
2026-06-12 20:39:52.368,0.00,0.00,0.00,0.00,2,0
2026-06-12 20:39:52.419,0.00,0.00,0.00,0.00,2,0
2026-06-12 20:39:52.469,0.00,0.00,0.00,0.00,2,0
2026-06-12 20:39:52.519,0.00,0.00,0.00,0.00,2,0
2026-06-12 20:39:52.570,0.00,0.00,0.00,0.00,2,0
2026-06-12 20:39:52.620,0.00,0.00,0.00,0.00,2,0
2026-06-12 20:39:52.671,0.00,0.00,0.00,0.00,2,0
2026-06-12 20:39:52.722,0.00,0.00,0.00,0.00,2,0
2026-06-12 20:39:52.772,0.00,0.00,0.00,0.00,2,0
2026-06-12 20:39:52.823,0.00,0.00,0.00,0.00,2,0
2026-06-12 20:39:52.872,0.00,0.00,0.00,0.00,2,0
2026-06-12 20:39:52.923,0.00,0.00,0.00,0.00,2,0
2026-06-12 20:39:52.973,0.00,0.00,0.00,0.00,2,0
2026-06-12 20:39:53.025,0.00,0.00,0.00,0.00,2,0
2026-06-12 20:39:53.074,0.00,0.00,0.00,0.00,2,0
2026-06-12 20:39:53.124,0.00,0.00,0.00,0.00,2,0
2026-06-12 20:39:53.174,0.00,0.00,0.00,0.00,2,0
2026-06-12 20:39:53.225,0.00,0.00,0.00,0.00,2,0
2026-06-12 20:39:53.275,0.00,0.00,0.00,0.00,2,0
2026-06-12 20:39:53.326,0.00,0.00,0.00,0.00,2,0
2026-06-12 20:39:53.377,0.00,0.00,0.00,0.00,2,0
2026-06-12 20:39:53.426,0.00,0.00,0.00,0.00,2,0
2026-06-12 20:39:53.477,0.00,0.00,0.00,0.00,2,0
2026-06-12 20:39:53.527,0.00,0.00,0.00,0.00,2,0
2026-06-12 20:39:53.578,0.00,0.00,0.00,0.00,2,0
2026-06-12 20:39:53.628,0.00,0.00,0.00,0.00,2,0
2026-06-12 20:39:53.679,0.00,0.00,0.00,0.00,2,0
2026-06-12 20:39:53.729,0.00,0.00,0.00,0.00,2,0
2026-06-12 20:39:53.779,0.00,0.00,0.00,0.00,2,0
2026-06-12 20:39:53.830,0.00,0.00,0.00,0.00,2,0
2026-06-12 20:39:53.880,0.00,0.00,0.00,0.00,2,0
2026-06-12 20:39:53.931,0.00,0.00,0.00,0.00,2,0
2026-06-12 20:39:53.982,0.00,0.00,0.00,0.00,2,0
2026-06-12 20:39:54.032,0.00,0.00,0.00,0.00,2,0
2026-06-12 20:39:54.082,0.00,0.00,0.00,0.00,2,0
2026-06-12 20:39:54.132,0.00,0.00,0.00,0.00,2,0
2026-06-12 20:39:54.182,0.00,0.00,0.00,0.00,2,0
2026-06-12 20:39:54.233,0.00,0.00,0.00,0.00,2,0
2026-06-12 20:39:54.283,0.00,0.00,0.00,0.00,2,0
2026-06-12 20:39:54.335,0.00,0.00,0.00,0.00,2,0
2026-06-12 20:39:54.384,0.00,0.00,0.00,0.00,2,0
2026-06-12 20:39:54.434,0.00,0.00,0.00,0.00,2,0
2026-06-12 20:39:54.485,0.00,0.00,0.00,0.00,2,0
2026-06-12 20:39:54.536,0.00,0.00,0.00,0.00,2,0
2026-06-12 20:39:54.586,0.00,0.00,0.00,0.00,2,0
2026-06-12 20:39:54.636,0.00,0.00,0.00,0.00,2,0
2026-06-12 20:39:54.686,0.00,0.00,0.00,0.00,2,0
2026-06-12 20:39:54.737,0.00,0.00,0.00,0.00,2,0
2026-06-12 20:39:54.787,0.00,0.00,0.00,0.00,2,0
2026-06-12 20:39:54.838,0.00,0.00,0.00,0.00,2,0
2026-06-12 20:39:54.888,0.00,0.00,0.00,0.00,2,0
2026-06-12 20:39:54.939,0.00,0.00,0.00,0.00,2,0
2026-06-12 20:39:54.989,0.00,0.00,0.00,0.00,2,0
2026-06-12 20:39:55.040,0.00,0.00,0.00,0.00,2,0
2026-06-12 20:39:55.090,0.00,0.00,0.00,0.00,2,0
2026-06-12 20:39:55.140,0.00,0.00,0.00,0.00,2,0
2026-06-12 20:39:55.191,0.00,0.00,0.00,0.00,2,0
2026-06-12 20:39:55.241,0.00,0.00,0.00,0.00,2,0
2026-06-12 20:39:55.292,0.00,0.00,0.00,0.00,2,0
2026-06-12 20:39:55.342,0.00,0.00,0.00,0.00,2,0
2026-06-12 20:39:55.392,0.00,0.00,0.00,0.00,2,0
2026-06-12 20:39:55.442,0.00,0.00,0.00,0.00,2,0
2026-06-12 20:39:55.493,0.00,0.00,0.00,0.00,2,0
2026-06-12 20:39:55.543,0.00,0.00,0.00,0.00,2,0
2026-06-12 20:39:55.594,0.00,0.00,0.00,0.00,2,0
2026-06-12 20:39:55.644,0.00,0.00,0.00,0.00,2,0
2026-06-12 20:39:55.695,0.00,0.00,0.00,0.00,2,0
2026-06-12 20:39:55.745,0.00,0.00,0.00,0.00,2,0
2026-06-12 20:39:55.795,0.00,0.00,0.00,0.00,2,0
2026-06-12 20:39:55.846,0.00,0.00,0.00,0.00,2,0
2026-06-12 20:39:55.896,0.00,0.00,0.00,0.00,2,0
2026-06-12 20:39:55.947,0.00,0.00,0.00,0.00,2,0
2026-06-12 20:39:55.997,0.00,0.00,0.00,0.00,2,0
2026-06-12 20:39:56.048,0.00,0.00,0.00,0.00,2,0
2026-06-12 20:39:56.098,0.00,0.00,0.00,0.00,2,0
2026-06-12 20:39:56.148,0.00,0.00,0.00,0.00,2,0
2026-06-12 20:39:56.198,0.00,0.00,0.00,0.00,2,0
2026-06-12 20:39:56.249,0.00,0.00,0.00,0.00,2,0
2026-06-12 20:39:56.299,0.00,0.00,0.00,0.00,2,0
2026-06-12 20:39:56.350,0.00,0.00,0.00,0.00,2,0
2026-06-12 20:39:56.400,0.00,0.00,0.00,0.00,2,0
2026-06-12 20:39:56.451,0.00,0.00,0.00,0.00,2,0
2026-06-12 20:39:56.504,0.00,0.00,0.00,0.00,2,0
2026-06-12 20:39:56.552,0.00,0.00,0.00,0.00,2,0
2026-06-12 20:39:56.602,0.00,0.00,0.00,0.00,2,0
2026-06-12 20:39:56.652,0.00,0.00,0.00,0.00,2,0
2026-06-12 20:39:56.702,0.00,0.00,0.00,0.00,2,0
2026-06-12 20:39:56.753,0.00,0.00,0.00,0.00,2,0
2026-06-12 20:39:56.803,0.00,0.00,0.00,0.00,2,0
2026-06-12 20:39:56.854,0.00,0.00,0.00,0.00,2,0
2026-06-12 20:39:56.904,0.00,0.00,0.00,0.00,2,0
2026-06-12 20:39:56.954,0.00,0.00,0.00,0.00,2,0
2026-06-12 20:39:57.005,0.00,0.00,0.00,0.00,2,0
2026-06-12 20:39:57.055,0.00,0.00,0.00,0.00,2,0
2026-06-12 20:39:57.106,0.00,0.00,0.00,0.00,2,0
2026-06-12 20:39:57.156,0.00,0.00,0.00,0.00,2,0
2026-06-12 20:39:57.206,0.00,0.00,0.00,0.00,2,0
2026-06-12 20:39:57.257,0.00,0.00,0.00,0.00,2,0
2026-06-12 20:39:57.307,0.00,0.00,0.00,0.00,2,0
2026-06-12 20:39:57.358,0.00,0.00,0.00,0.00,2,0
2026-06-12 20:39:57.408,0.00,0.00,0.00,0.00,2,0
2026-06-12 20:39:57.458,0.00,0.00,0.00,0.00,2,0
2026-06-12 20:39:57.509,0.00,0.00,0.00,0.00,2,0
2026-06-12 20:39:57.559,0.00,0.00,0.00,0.00,2,0
2026-06-12 20:39:57.610,0.00,0.00,0.00,0.00,2,0
2026-06-12 20:39:57.660,0.00,0.00,0.00,0.00,2,0
2026-06-12 20:39:57.712,0.00,0.00,0.00,0.00,2,0
2026-06-12 20:39:57.761,0.00,0.00,0.00,0.00,2,0
2026-06-12 20:39:57.812,0.00,0.00,0.00,0.00,2,0
2026-06-12 20:39:57.862,0.00,0.00,0.00,0.00,2,0
2026-06-12 20:39:57.920,0.00,0.00,0.00,0.00,2,0
2026-06-12 20:39:57.962,0.00,0.00,0.00,0.00,2,0
2026-06-12 20:39:58.013,0.00,0.00,0.00,0.00,2,0
2026-06-12 20:39:58.063,0.00,0.00,0.00,0.00,2,0
2026-06-12 20:39:58.114,0.00,0.00,0.00,0.00,2,0
2026-06-12 20:39:58.165,0.00,0.00,0.00,0.00,2,0
2026-06-12 20:39:58.214,0.00,0.00,0.00,0.00,2,0
2026-06-12 20:39:58.265,0.00,0.00,0.00,0.00,2,0
2026-06-12 20:39:58.315,0.00,0.00,0.00,0.00,2,0
2026-06-12 20:39:58.366,0.00,0.00,0.00,0.00,2,0
2026-06-12 20:39:58.416,0.00,0.00,0.00,0.00,2,0
2026-06-12 20:39:58.466,0.00,0.00,0.00,0.00,2,0
2026-06-12 20:39:58.517,0.00,0.00,0.00,0.00,2,0
2026-06-12 20:39:58.567,0.00,0.00,0.00,0.00,2,0
2026-06-12 20:39:58.618,0.00,0.00,0.00,0.00,2,0
2026-06-12 20:39:58.668,0.00,0.00,0.00,0.00,2,0
2026-06-12 20:39:58.718,0.00,0.00,0.00,0.00,2,0
2026-06-12 20:39:58.769,0.00,0.00,0.00,0.00,2,0
2026-06-12 20:39:58.819,0.00,0.00,0.00,0.00,2,0
2026-06-12 20:39:58.870,0.00,0.00,0.00,0.00,2,0
2026-06-12 20:39:58.920,0.00,0.00,0.00,0.00,2,0
2026-06-12 20:39:58.970,0.00,0.00,0.00,0.00,2,0
2026-06-12 20:39:59.021,0.00,0.00,0.00,0.00,2,0
2026-06-12 20:39:59.072,0.00,0.00,0.00,0.00,2,0
2026-06-12 20:39:59.123,0.00,0.00,0.00,0.00,2,0
2026-06-12 20:39:59.172,0.00,0.00,0.00,0.00,2,0
2026-06-12 20:39:59.223,0.00,0.00,0.00,0.00,2,0
2026-06-12 20:39:59.273,0.00,0.00,0.00,0.00,2,0
2026-06-12 20:39:59.323,0.00,0.00,0.00,0.00,2,0
2026-06-12 20:39:59.373,0.00,0.00,0.00,0.00,2,0
2026-06-12 20:39:59.424,0.00,0.00,0.00,0.00,2,0
2026-06-12 20:39:59.474,0.00,0.00,0.00,0.00,2,0
2026-06-12 20:39:59.525,0.00,0.00,0.00,0.00,2,0
