Timestamp,Speed_kmh,Accel_ms2,Raw_RPM,Filtered_RPM,Brake_State,Control_Mode
2026-06-12 16:36:44.503,0.00,0.00,0.00,0.00,0,0
2026-06-12 16:36:44.553,0.00,0.00,0.00,0.00,0,2
2026-06-12 16:36:44.604,0.00,0.00,0.00,0.00,2,0
2026-06-12 16:36:44.655,0.00,0.00,0.00,0.00,2,0
2026-06-12 16:36:44.705,0.00,0.00,0.00,0.00,2,0
2026-06-12 16:36:44.755,0.00,0.00,0.00,0.00,2,0
2026-06-12 16:36:44.805,0.00,0.00,0.00,0.00,2,0
2026-06-12 16:36:44.856,0.00,0.00,0.00,0.00,2,0
2026-06-12 16:36:44.906,0.00,0.00,0.00,0.00,2,0
2026-06-12 16:36:44.956,0.00,0.00,0.00,0.00,2,0
2026-06-12 16:36:45.007,0.00,0.00,0.00,0.00,2,0
2026-06-12 16:36:45.057,0.00,0.00,0.00,0.00,2,0
2026-06-12 16:36:45.108,0.00,0.00,0.00,0.00,2,0
2026-06-12 16:36:45.158,0.00,0.00,0.00,0.00,2,0
2026-06-12 16:36:45.208,0.00,0.00,0.00,0.00,2,0
2026-06-12 16:36:45.259,0.00,0.00,0.00,0.00,2,0
2026-06-12 16:36:45.309,0.00,0.00,0.00,0.00,2,0
2026-06-12 16:36:45.360,0.00,0.00,0.00,0.00,2,0
2026-06-12 16:36:45.410,0.00,0.00,0.00,0.00,2,0
2026-06-12 16:36:45.460,0.00,0.00,0.00,0.00,2,0
2026-06-12 16:36:45.511,0.00,0.00,0.00,0.00,2,0
2026-06-12 16:36:45.561,0.00,0.00,0.00,0.00,2,0
2026-06-12 16:36:45.612,0.00,0.00,0.00,0.00,2,0
2026-06-12 16:36:45.662,0.00,0.00,0.00,0.00,2,0
2026-06-12 16:36:45.712,0.00,0.00,0.00,0.00,2,0
2026-06-12 16:36:45.763,0.00,0.00,0.00,0.00,2,0
2026-06-12 16:36:45.813,0.00,0.00,0.00,0.00,2,0
2026-06-12 16:36:45.864,0.00,0.00,0.00,0.00,2,0
2026-06-12 16:36:45.914,0.00,0.00,0.00,0.00,2,0
2026-06-12 16:36:45.965,0.00,0.00,0.00,0.00,2,0
2026-06-12 16:36:46.015,0.00,0.00,0.00,0.00,2,0
2026-06-12 16:36:46.065,0.00,0.00,0.00,0.00,2,0
2026-06-12 16:36:46.115,0.00,0.00,0.00,0.00,2,0
2026-06-12 16:36:46.166,0.00,0.00,0.00,0.00,2,0
2026-06-12 16:36:46.216,0.00,0.00,0.00,0.00,2,0
2026-06-12 16:36:46.267,0.00,0.00,0.00,0.00,2,0
2026-06-12 16:36:46.317,0.00,0.00,0.00,0.00,2,0
2026-06-12 16:36:46.367,0.00,0.00,0.00,0.00,2,0
2026-06-12 16:36:46.418,0.00,0.00,0.00,0.00,2,0
2026-06-12 16:36:46.468,0.00,0.00,0.00,0.00,2,0
2026-06-12 16:36:46.519,0.00,0.00,0.00,0.00,2,0
2026-06-12 16:36:46.569,0.00,0.00,0.00,0.00,2,0
2026-06-12 16:36:46.619,0.00,0.00,0.00,0.00,2,0
2026-06-12 16:36:46.670,0.00,0.00,0.00,0.00,2,0
2026-06-12 16:36:46.720,0.00,0.00,0.00,0.00,2,0
2026-06-12 16:36:46.771,0.00,0.00,0.00,0.00,2,0
2026-06-12 16:36:46.821,0.00,0.00,0.00,0.00,2,0
2026-06-12 16:36:46.871,0.00,0.00,0.00,0.00,2,0
2026-06-12 16:36:46.922,0.00,0.00,0.00,0.00,2,0
2026-06-12 16:36:46.972,0.00,0.00,0.00,0.00,2,0
2026-06-12 16:36:47.023,0.00,0.00,0.00,0.00,2,0
2026-06-12 16:36:47.073,0.00,0.00,0.00,0.00,2,0
2026-06-12 16:36:47.123,0.00,0.00,0.00,0.00,2,0
2026-06-12 16:36:47.175,0.00,0.00,0.00,0.00,2,0
2026-06-12 16:36:47.225,0.00,0.00,0.00,0.00,2,0
2026-06-12 16:36:47.275,0.00,0.00,0.00,0.00,2,0
2026-06-12 16:36:47.325,0.00,0.00,0.00,0.00,2,0
2026-06-12 16:36:47.375,0.00,0.00,0.00,0.00,2,0
2026-06-12 16:36:47.426,0.00,0.00,0.00,0.00,2,0
2026-06-12 16:36:47.476,0.00,0.00,0.00,0.00,2,0
2026-06-12 16:36:47.526,0.00,0.00,0.00,0.00,2,0
2026-06-12 16:36:47.577,0.00,0.00,0.00,0.00,2,0
2026-06-12 16:36:47.627,0.00,0.00,0.00,0.00,2,0
2026-06-12 16:36:47.678,0.00,0.00,0.00,0.00,2,0
2026-06-12 16:36:47.729,0.00,0.00,0.00,0.00,2,0
2026-06-12 16:36:47.779,0.00,0.00,0.00,0.00,2,0
2026-06-12 16:36:47.829,0.00,0.00,0.00,0.00,2,0
2026-06-12 16:36:47.879,0.00,0.00,0.00,0.00,2,0
2026-06-12 16:36:47.930,0.00,0.00,0.00,0.00,2,0
2026-06-12 16:36:47.980,0.00,0.00,0.00,0.00,2,0
2026-06-12 16:36:48.031,0.00,0.00,0.00,0.00,2,0
2026-06-12 16:36:48.081,0.00,0.00,0.00,0.00,2,0
2026-06-12 16:36:48.132,0.00,0.00,0.00,0.00,2,0
2026-06-12 16:36:48.182,0.00,0.00,0.00,0.00,2,0
2026-06-12 16:36:48.232,0.00,0.00,0.00,0.00,2,0
2026-06-12 16:36:48.283,0.00,0.00,0.00,0.00,2,0
2026-06-12 16:36:48.333,0.00,0.00,0.00,0.00,2,0
2026-06-12 16:36:48.383,0.00,0.00,0.00,0.00,2,0
2026-06-12 16:36:48.434,0.00,0.00,0.00,0.00,2,0
2026-06-12 16:36:48.484,0.00,0.00,0.00,0.00,2,0
2026-06-12 16:36:48.535,0.00,0.00,0.00,0.00,2,0
2026-06-12 16:36:48.585,0.00,0.00,0.00,0.00,2,0
2026-06-12 16:36:48.635,0.00,0.00,0.00,0.00,2,0
2026-06-12 16:36:48.686,0.00,0.00,0.00,0.00,2,0
2026-06-12 16:36:48.736,0.00,0.00,0.00,0.00,2,0
2026-06-12 16:36:48.786,0.00,0.00,0.00,0.00,2,0
2026-06-12 16:36:48.837,0.00,0.00,0.00,0.00,2,0
2026-06-12 16:36:48.887,0.00,0.00,0.00,0.00,2,0
2026-06-12 16:36:48.938,0.00,0.00,0.00,0.00,2,0
2026-06-12 16:36:48.988,0.00,0.00,0.00,0.00,2,0
2026-06-12 16:36:49.038,0.00,0.00,0.00,0.00,2,0
2026-06-12 16:36:49.089,0.00,0.00,0.00,0.00,2,0
2026-06-12 16:36:49.139,0.00,0.00,0.00,0.00,2,0
2026-06-12 16:36:49.190,0.00,0.00,0.00,0.00,2,0
2026-06-12 16:36:49.240,0.00,0.00,0.00,0.00,2,0
2026-06-12 16:36:49.290,0.00,0.00,0.00,0.00,2,0
2026-06-12 16:36:49.341,0.00,0.00,0.00,0.00,2,0
2026-06-12 16:36:49.391,0.00,0.00,0.00,0.00,2,0
2026-06-12 16:36:49.442,0.00,0.00,0.00,0.00,2,0
2026-06-12 16:36:49.492,0.00,0.00,0.00,0.00,2,0
2026-06-12 16:36:49.542,0.00,0.00,0.00,0.00,2,0
2026-06-12 16:36:49.593,0.00,0.00,0.00,0.00,2,0
2026-06-12 16:36:49.643,0.00,0.00,0.00,0.00,2,0
2026-06-12 16:36:49.694,0.00,0.00,0.00,0.00,2,0
2026-06-12 16:36:49.745,0.00,0.00,0.00,0.00,2,0
2026-06-12 16:36:49.795,0.00,0.00,0.00,0.00,2,0
2026-06-12 16:36:49.845,0.00,0.00,0.00,0.00,2,0
2026-06-12 16:36:49.895,0.00,0.00,0.00,0.00,2,0
2026-06-12 16:36:49.946,0.00,0.00,0.00,0.00,2,0
2026-06-12 16:36:49.996,0.00,0.00,0.00,0.00,2,0
2026-06-12 16:36:50.046,0.00,0.00,0.00,0.00,2,0
2026-06-12 16:36:50.097,0.00,0.00,0.00,0.00,2,0
2026-06-12 16:36:50.147,0.00,0.00,0.00,0.00,2,0
2026-06-12 16:36:50.198,0.00,0.00,0.00,0.00,2,0
2026-06-12 16:36:50.248,0.00,0.00,0.00,0.00,2,0
2026-06-12 16:36:50.298,0.00,0.00,0.00,0.00,2,0
2026-06-12 16:36:50.349,0.00,0.00,0.00,0.00,2,0
2026-06-12 16:36:50.399,0.00,0.00,0.00,0.00,2,0
2026-06-12 16:36:50.449,0.00,0.00,0.00,0.00,2,0
2026-06-12 16:36:50.500,0.00,0.00,0.00,0.00,2,0
2026-06-12 16:36:50.550,0.00,0.00,0.00,0.00,2,0
2026-06-12 16:36:50.601,0.00,0.00,0.00,0.00,2,0
2026-06-12 16:36:50.651,0.00,0.00,0.00,0.00,2,0
2026-06-12 16:36:50.701,0.00,0.00,0.00,0.00,2,0
2026-06-12 16:36:50.752,0.00,0.00,0.00,0.00,2,0
2026-06-12 16:36:50.802,0.00,0.00,0.00,0.00,2,0
2026-06-12 16:36:50.853,0.00,0.00,0.00,0.00,2,0
2026-06-12 16:36:50.903,0.00,0.00,0.00,0.00,2,0
2026-06-12 16:36:50.953,0.00,0.00,0.00,0.00,2,0
2026-06-12 16:36:51.004,0.00,0.00,0.00,0.00,2,0
2026-06-12 16:36:51.055,0.00,0.00,0.00,0.00,2,0
2026-06-12 16:36:51.105,0.00,0.00,0.00,0.00,2,0
2026-06-12 16:36:51.155,0.00,0.00,0.00,0.00,2,0
2026-06-12 16:36:51.205,0.00,0.00,0.00,0.00,2,0
2026-06-12 16:36:51.256,0.00,0.00,0.00,0.00,2,0
2026-06-12 16:36:51.306,0.00,0.00,0.00,0.00,2,0
2026-06-12 16:36:51.357,0.00,0.00,0.00,0.00,2,0
2026-06-12 16:36:51.407,0.00,0.00,0.00,0.00,2,0
2026-06-12 16:36:51.457,0.00,0.00,0.00,0.00,2,0
2026-06-12 16:36:51.508,0.00,0.00,0.00,0.00,2,0
2026-06-12 16:36:51.558,0.00,0.00,0.00,0.00,2,0
2026-06-12 16:36:51.609,0.00,0.00,0.00,0.00,2,0
2026-06-12 16:36:51.659,0.00,0.00,0.00,0.00,2,0
2026-06-12 16:36:51.709,0.00,0.00,0.00,0.00,2,0
2026-06-12 16:36:51.760,0.00,0.00,0.00,0.00,2,0
2026-06-12 16:36:51.810,0.00,0.00,0.00,0.00,2,0
2026-06-12 16:36:51.861,0.00,0.00,0.00,0.00,2,0
2026-06-12 16:36:51.911,0.00,0.00,0.00,0.00,2,0
2026-06-12 16:36:51.961,0.00,0.00,0.00,0.00,2,0
2026-06-12 16:36:52.012,0.00,0.00,0.00,0.00,2,0
2026-06-12 16:36:52.062,0.00,0.00,0.00,0.00,2,0
2026-06-12 16:36:52.113,0.00,0.00,0.00,0.00,2,0
2026-06-12 16:36:52.163,0.00,0.00,0.00,0.00,2,0
2026-06-12 16:36:52.213,0.00,0.00,0.00,0.00,2,0
2026-06-12 16:36:52.264,0.00,0.00,0.00,0.00,2,0
2026-06-12 16:36:52.314,0.00,0.00,0.00,0.00,2,0
2026-06-12 16:36:52.365,0.00,0.00,0.00,0.00,2,0
2026-06-12 16:36:52.415,0.00,0.00,0.00,0.00,2,0
2026-06-12 16:36:52.465,0.00,0.00,0.00,0.00,2,0
2026-06-12 16:36:52.516,0.00,0.00,0.00,0.00,2,0
2026-06-12 16:36:52.566,0.00,0.00,0.00,0.00,2,0
2026-06-12 16:36:52.616,0.00,0.00,0.00,0.00,2,0
2026-06-12 16:36:52.667,0.00,0.00,0.00,0.00,2,0
2026-06-12 16:36:52.717,0.00,0.00,0.00,0.00,2,0
2026-06-12 16:36:52.768,0.00,0.00,0.00,0.00,2,0
2026-06-12 16:36:52.818,0.00,0.00,0.00,0.00,2,0
2026-06-12 16:36:52.869,0.00,0.00,0.00,0.00,2,0
2026-06-12 16:36:52.919,0.00,0.00,0.00,0.00,2,0
2026-06-12 16:36:52.969,0.00,0.00,0.00,0.00,2,0
2026-06-12 16:36:53.020,0.00,0.00,0.00,0.00,2,0
2026-06-12 16:36:53.070,0.00,0.00,0.00,0.00,2,0
2026-06-12 16:36:53.120,0.00,0.00,0.00,0.00,2,0
2026-06-12 16:36:53.171,0.00,0.00,0.00,0.00,2,0
2026-06-12 16:36:53.221,0.00,0.00,0.00,0.00,2,0
2026-06-12 16:36:53.272,0.00,0.00,0.00,0.00,2,0
2026-06-12 16:36:53.322,0.00,0.00,0.00,0.00,2,0
2026-06-12 16:36:53.372,0.00,0.00,0.00,0.00,2,0
2026-06-12 16:36:53.423,0.00,0.00,0.00,0.00,2,0
2026-06-12 16:36:53.473,0.00,0.00,0.00,0.00,2,0
2026-06-12 16:36:53.524,0.00,0.00,0.00,0.00,2,0
2026-06-12 16:36:53.574,0.00,0.00,0.00,0.00,2,0
2026-06-12 16:36:53.624,0.00,0.00,0.00,0.00,2,0
2026-06-12 16:36:53.675,0.00,0.00,0.00,0.00,2,0
2026-06-12 16:36:53.725,0.00,0.00,0.00,0.00,2,0
2026-06-12 16:36:53.779,0.00,0.00,0.00,0.00,2,0
2026-06-12 16:36:53.826,0.00,0.00,0.00,0.00,2,0
2026-06-12 16:36:53.876,0.00,0.00,0.00,0.00,2,0
2026-06-12 16:36:53.927,0.00,0.00,0.00,0.00,2,0
2026-06-12 16:36:53.977,0.00,0.00,0.00,0.00,2,0
2026-06-12 16:36:54.028,0.00,0.00,0.00,0.00,2,0
2026-06-12 16:36:54.078,0.00,0.00,0.00,0.00,2,0
2026-06-12 16:36:54.128,0.00,0.00,0.00,0.00,2,0
2026-06-12 16:36:54.179,0.00,0.00,0.00,0.00,2,0
2026-06-12 16:36:54.229,0.00,0.00,0.00,0.00,2,0
2026-06-12 16:36:54.279,0.00,0.00,0.00,0.00,2,0
2026-06-12 16:36:54.330,0.00,0.00,0.00,0.00,2,0
2026-06-12 16:36:54.380,0.00,0.00,0.00,0.00,2,0
2026-06-12 16:36:54.431,0.00,0.00,0.00,0.00,2,0
2026-06-12 16:36:54.481,0.00,0.00,0.00,0.00,2,0
2026-06-12 16:36:54.532,0.00,0.00,0.00,0.00,2,0
2026-06-12 16:36:54.582,0.00,0.00,0.00,0.00,2,0
2026-06-12 16:36:54.632,0.00,0.00,0.00,0.00,2,0
2026-06-12 16:36:54.683,0.00,0.00,0.00,0.00,2,0
2026-06-12 16:36:54.733,0.00,0.00,0.00,0.00,2,0
2026-06-12 16:36:54.783,0.00,0.00,0.00,0.00,2,0
2026-06-12 16:36:54.834,0.00,0.00,0.00,0.00,2,0
2026-06-12 16:36:54.885,0.00,0.00,0.00,0.00,2,0
2026-06-12 16:36:54.935,0.00,0.00,0.00,0.00,2,0
2026-06-12 16:36:54.985,0.00,0.00,0.00,0.00,2,0
2026-06-12 16:36:55.035,0.00,0.00,0.00,0.00,2,0
2026-06-12 16:36:55.086,0.00,0.00,0.00,0.00,2,0
2026-06-12 16:36:55.136,0.00,0.00,0.00,0.00,2,0
2026-06-12 16:36:55.187,0.00,0.00,0.00,0.00,2,0
2026-06-12 16:36:55.237,0.00,0.00,0.00,0.00,2,0
2026-06-12 16:36:55.287,0.00,0.00,0.00,0.00,2,0
2026-06-12 16:36:55.338,0.00,0.00,0.00,0.00,2,0
2026-06-12 16:36:55.388,0.00,0.00,0.00,0.00,2,0
2026-06-12 16:36:55.439,0.00,0.00,0.00,0.00,2,0
2026-06-12 16:36:55.489,0.00,0.00,0.00,0.00,2,0
2026-06-12 16:36:55.539,0.00,0.00,0.00,0.00,2,0
2026-06-12 16:36:55.590,0.00,0.00,0.00,0.00,2,0
2026-06-12 16:36:55.640,0.00,0.00,0.00,0.00,2,0
2026-06-12 16:36:55.691,0.00,0.00,0.00,0.00,2,0
2026-06-12 16:36:55.741,0.00,0.00,0.00,0.00,2,0
2026-06-12 16:36:55.791,0.00,0.00,0.00,0.00,2,0
2026-06-12 16:36:55.842,0.00,0.00,0.00,0.00,2,0
2026-06-12 16:36:55.892,0.00,0.00,0.00,0.00,2,0
2026-06-12 16:36:55.943,0.00,0.00,0.00,0.00,2,0
2026-06-12 16:36:55.993,0.00,0.00,0.00,0.00,2,0
2026-06-12 16:36:56.043,0.00,0.00,0.00,0.00,2,0
2026-06-12 16:36:56.094,0.00,0.00,0.00,0.00,2,0
2026-06-12 16:36:56.145,0.00,0.00,0.00,0.00,2,0
2026-06-12 16:36:56.195,0.00,0.00,0.00,0.00,2,0
2026-06-12 16:36:56.245,0.00,0.00,0.00,0.00,2,0
2026-06-12 16:36:56.296,0.00,0.00,0.00,0.00,2,0
2026-06-12 16:36:56.346,0.00,0.00,0.00,0.00,2,0
2026-06-12 16:36:56.398,0.00,0.00,0.00,0.00,2,0
2026-06-12 16:36:56.447,0.00,0.00,0.00,0.00,2,0
2026-06-12 16:36:56.497,0.00,0.00,0.00,0.00,2,0
2026-06-12 16:36:56.547,0.00,0.00,0.00,0.00,2,0
2026-06-12 16:36:56.598,0.00,0.00,0.00,0.00,2,0
2026-06-12 16:36:56.648,0.00,0.00,0.00,0.00,2,0
2026-06-12 16:36:56.698,0.00,0.00,0.00,0.00,2,0
2026-06-12 16:36:56.749,0.00,0.00,0.00,0.00,2,0
2026-06-12 16:36:56.799,0.00,0.00,0.00,0.00,2,0
2026-06-12 16:36:56.850,0.00,0.00,0.00,0.00,2,0
2026-06-12 16:36:56.900,0.00,0.00,0.00,0.00,2,0
2026-06-12 16:36:56.950,0.00,0.00,0.00,0.00,2,0
2026-06-12 16:36:57.001,0.00,0.00,0.00,0.00,2,0
2026-06-12 16:36:57.051,0.00,0.00,0.00,0.00,2,0
2026-06-12 16:36:57.102,0.00,0.00,0.00,0.00,2,0
2026-06-12 16:36:57.152,0.00,0.00,0.00,0.00,2,0
2026-06-12 16:36:57.202,0.00,0.00,0.00,0.00,2,0
2026-06-12 16:36:57.253,0.00,0.00,0.00,0.00,2,0
2026-06-12 16:36:57.303,0.00,0.00,0.00,0.00,2,0
2026-06-12 16:36:57.354,0.00,0.00,0.00,0.00,2,0
2026-06-12 16:36:57.405,0.00,0.00,0.00,0.00,2,0
2026-06-12 16:36:57.455,0.00,0.00,0.00,0.00,2,0
2026-06-12 16:36:57.506,0.00,0.00,0.00,0.00,2,0
2026-06-12 16:36:57.555,0.00,0.00,0.00,0.00,2,0
2026-06-12 16:36:57.606,0.00,0.00,0.00,0.00,2,0
2026-06-12 16:36:57.656,0.00,0.00,0.00,0.00,2,0
2026-06-12 16:36:57.706,0.00,0.00,0.00,0.00,2,0
2026-06-12 16:36:57.757,0.00,0.00,0.00,0.00,2,0
2026-06-12 16:36:57.807,0.00,0.00,0.00,0.00,2,0
2026-06-12 16:36:57.858,0.00,0.00,0.00,0.00,2,0
2026-06-12 16:36:57.908,0.00,0.00,0.00,0.00,2,0
2026-06-12 16:36:57.958,0.00,0.00,0.00,0.00,2,0
2026-06-12 16:36:58.009,0.00,0.00,0.00,0.00,2,0
2026-06-12 16:36:58.059,0.00,0.00,0.00,0.00,2,0
2026-06-12 16:36:58.110,0.00,0.00,0.00,0.00,2,0
2026-06-12 16:36:58.160,0.00,0.00,0.00,0.00,2,0
2026-06-12 16:36:58.210,0.00,0.00,0.00,0.00,2,0
2026-06-12 16:36:58.261,0.00,0.00,0.00,0.00,2,0
2026-06-12 16:36:58.311,0.00,0.00,0.00,0.00,2,0
2026-06-12 16:36:58.362,0.00,0.00,0.00,0.00,2,0
2026-06-12 16:36:58.412,0.00,0.00,0.00,0.00,2,0
2026-06-12 16:36:58.463,0.00,0.00,0.00,0.00,2,0
2026-06-12 16:36:58.513,0.00,0.00,0.00,0.00,2,0
2026-06-12 16:36:58.563,0.00,0.00,0.00,0.00,2,0
2026-06-12 16:36:58.614,0.00,0.00,0.00,0.00,2,0
2026-06-12 16:36:58.664,0.00,0.00,0.00,0.00,2,0
2026-06-12 16:36:58.715,0.00,0.00,0.00,0.00,2,0
2026-06-12 16:36:58.765,0.00,0.00,0.00,0.00,2,0
2026-06-12 16:36:58.815,0.00,0.00,0.00,0.00,2,0
2026-06-12 16:36:58.865,0.00,0.00,0.00,0.00,2,0
2026-06-12 16:36:58.916,0.00,0.00,0.00,0.00,2,0
2026-06-12 16:36:58.966,0.00,0.00,0.00,0.00,2,0
2026-06-12 16:36:59.017,0.00,0.00,0.00,0.00,2,0
2026-06-12 16:36:59.067,0.00,0.00,0.00,0.00,2,0
2026-06-12 16:36:59.117,0.00,0.00,0.00,0.00,2,0
2026-06-12 16:36:59.169,0.00,0.00,0.00,0.00,2,0
2026-06-12 16:36:59.218,0.00,0.00,0.00,0.00,2,0
2026-06-12 16:36:59.269,0.00,0.00,0.00,0.00,2,0
2026-06-12 16:36:59.319,0.00,0.00,0.00,0.00,2,0
2026-06-12 16:36:59.369,0.00,0.00,0.00,0.00,2,0
2026-06-12 16:36:59.420,0.00,0.00,0.00,0.00,2,0
2026-06-12 16:36:59.470,0.00,0.00,0.00,0.00,2,0
2026-06-12 16:36:59.521,0.00,0.00,0.00,0.00,2,0
2026-06-12 16:36:59.571,0.00,0.00,0.00,0.00,2,0
2026-06-12 16:36:59.621,0.00,0.00,0.00,0.00,2,0
2026-06-12 16:36:59.672,0.00,0.00,0.00,0.00,2,0
2026-06-12 16:36:59.722,0.00,0.00,0.00,0.00,2,0
2026-06-12 16:36:59.773,0.00,0.00,0.00,0.00,2,0
2026-06-12 16:36:59.823,0.00,0.00,0.00,0.00,2,0
2026-06-12 16:36:59.874,0.00,0.00,0.00,0.00,2,0
2026-06-12 16:36:59.924,0.00,0.00,0.00,0.00,2,0
2026-06-12 16:36:59.976,0.00,0.00,0.00,0.00,2,0
2026-06-12 16:37:00.025,0.00,0.00,0.00,0.00,2,0
2026-06-12 16:37:00.075,0.00,0.00,0.00,0.00,2,0
2026-06-12 16:37:00.129,0.00,0.00,0.00,0.00,2,0
2026-06-12 16:37:00.176,0.00,0.00,0.00,0.00,2,0
2026-06-12 16:37:00.226,0.00,0.00,0.00,0.00,2,0
2026-06-12 16:37:00.276,0.00,0.00,0.00,0.00,2,0
2026-06-12 16:37:00.327,0.00,0.00,0.00,0.00,2,0
2026-06-12 16:37:00.377,0.00,0.00,0.00,0.00,2,0
2026-06-12 16:37:00.428,0.00,0.00,0.00,0.00,2,0
2026-06-12 16:37:00.478,0.00,0.00,0.00,0.00,2,0
2026-06-12 16:37:00.529,0.00,0.00,0.00,0.00,2,0
2026-06-12 16:37:00.579,0.00,0.00,0.00,0.00,2,0
2026-06-12 16:37:00.629,0.00,0.00,0.00,0.00,2,0
2026-06-12 16:37:00.680,0.00,0.00,0.00,0.00,2,0
2026-06-12 16:37:00.730,0.00,0.00,0.00,0.00,2,0
2026-06-12 16:37:00.780,0.00,0.00,0.00,0.00,2,0
2026-06-12 16:37:00.831,0.00,0.00,0.00,0.00,2,0
2026-06-12 16:37:00.881,0.00,0.00,0.00,0.00,2,0
2026-06-12 16:37:00.932,0.00,0.00,0.00,0.00,2,0
2026-06-12 16:37:00.982,0.00,0.00,0.00,0.00,2,0
2026-06-12 16:37:01.033,0.00,0.00,0.00,0.00,2,0
2026-06-12 16:37:01.083,0.00,0.00,0.00,0.00,2,0
2026-06-12 16:37:01.134,0.00,0.00,0.00,0.00,2,0
2026-06-12 16:37:01.184,0.00,0.00,0.00,0.00,2,0
2026-06-12 16:37:01.234,0.00,0.00,0.00,0.00,2,0
2026-06-12 16:37:01.285,0.00,0.00,0.00,0.00,2,0
2026-06-12 16:37:01.335,0.00,0.00,0.00,0.00,2,0
2026-06-12 16:37:01.386,0.00,0.00,0.00,0.00,2,0
2026-06-12 16:37:01.436,0.00,0.00,0.00,0.00,2,0
2026-06-12 16:37:01.486,0.00,0.00,0.00,0.00,2,0
2026-06-12 16:37:01.536,0.00,0.00,0.00,0.00,2,0
2026-06-12 16:37:01.587,0.00,0.00,0.00,0.00,2,0
2026-06-12 16:37:01.637,0.00,0.00,0.00,0.00,2,0
2026-06-12 16:37:01.688,0.00,0.00,0.00,0.00,2,0
2026-06-12 16:37:01.738,0.00,0.00,0.00,0.00,2,0
2026-06-12 16:37:01.788,0.00,0.00,0.00,0.00,2,0
2026-06-12 16:37:01.839,0.00,0.00,0.00,0.00,2,0
2026-06-12 16:37:01.889,0.00,0.00,0.00,0.00,2,0
2026-06-12 16:37:01.940,0.00,0.00,0.00,0.00,2,0
2026-06-12 16:37:01.990,0.00,0.00,0.00,0.00,2,0
2026-06-12 16:37:02.041,0.00,0.00,0.00,0.00,2,0
2026-06-12 16:37:02.091,0.00,0.00,0.00,0.00,2,0
2026-06-12 16:37:02.141,0.00,0.00,0.00,0.00,2,0
2026-06-12 16:37:02.192,0.00,0.00,0.00,0.00,2,0
2026-06-12 16:37:02.242,0.00,0.00,0.00,0.00,2,0
2026-06-12 16:37:02.292,0.00,0.00,0.00,0.00,2,0
2026-06-12 16:37:02.343,0.00,0.00,0.00,0.00,2,0
2026-06-12 16:37:02.393,0.00,0.00,0.00,0.00,2,0
2026-06-12 16:37:02.444,0.00,0.00,0.00,0.00,2,0
2026-06-12 16:37:02.494,0.00,0.00,0.00,0.00,2,0
2026-06-12 16:37:02.545,0.00,0.00,0.00,0.00,2,0
2026-06-12 16:37:02.595,0.00,0.00,0.00,0.00,2,0
2026-06-12 16:37:02.645,0.00,0.00,0.00,0.00,2,0
2026-06-12 16:37:02.696,0.00,0.00,0.00,0.00,2,0
2026-06-12 16:37:02.746,0.00,0.00,0.00,0.00,2,0
2026-06-12 16:37:02.796,0.00,0.00,0.00,0.00,2,0
2026-06-12 16:37:02.847,0.00,0.00,0.00,0.00,2,0
2026-06-12 16:37:02.897,0.00,0.00,0.00,0.00,2,0
2026-06-12 16:37:02.947,0.00,0.00,0.00,0.00,2,0
2026-06-12 16:37:02.998,0.00,0.00,0.00,0.00,2,0
2026-06-12 16:37:03.048,0.00,0.00,0.00,0.00,2,0
2026-06-12 16:37:03.099,0.00,0.00,0.00,0.00,2,0
2026-06-12 16:37:03.149,0.00,0.00,0.00,0.00,2,0
2026-06-12 16:37:03.200,0.00,0.00,0.00,0.00,2,0
2026-06-12 16:37:03.250,0.00,0.00,0.00,0.00,2,0
2026-06-12 16:37:03.300,0.00,0.00,0.00,0.00,2,0
2026-06-12 16:37:03.351,0.00,0.00,0.00,0.00,2,0
2026-06-12 16:37:03.401,0.00,0.00,0.00,0.00,2,0
2026-06-12 16:37:03.451,0.00,0.00,0.00,0.00,2,0
2026-06-12 16:37:03.502,0.00,0.00,0.00,0.00,2,0
2026-06-12 16:37:03.552,0.00,0.00,0.00,0.00,2,0
2026-06-12 16:37:03.603,0.00,0.00,0.00,0.00,2,0
2026-06-12 16:37:03.653,0.00,0.00,0.00,0.00,2,0
2026-06-12 16:37:03.703,0.00,0.00,0.00,0.00,2,0
2026-06-12 16:37:03.754,0.00,0.00,0.00,0.00,2,0
2026-06-12 16:37:03.805,0.00,0.00,0.00,0.00,2,0
2026-06-12 16:37:03.855,0.00,0.00,0.00,0.00,2,0
2026-06-12 16:37:03.905,0.00,0.00,0.00,0.00,2,0
2026-06-12 16:37:03.955,0.00,0.00,0.00,0.00,2,0
2026-06-12 16:37:04.006,0.00,0.00,0.00,0.00,2,0
2026-06-12 16:37:04.057,0.00,0.00,0.00,0.00,2,0
2026-06-12 16:37:04.106,0.00,0.00,0.00,0.00,2,0
2026-06-12 16:37:04.157,0.00,0.00,0.00,0.00,2,0
2026-06-12 16:37:04.207,0.00,0.00,0.00,0.00,2,0
2026-06-12 16:37:04.258,0.00,0.00,0.00,0.00,2,0
2026-06-12 16:37:04.308,0.00,0.00,0.00,0.00,2,0
2026-06-12 16:37:04.358,0.00,0.00,0.00,0.00,2,0
2026-06-12 16:37:04.409,0.00,0.00,0.00,0.00,2,0
2026-06-12 16:37:04.460,0.00,0.00,0.00,0.00,2,0
2026-06-12 16:37:04.510,0.00,0.00,0.00,0.00,2,0
2026-06-12 16:37:04.560,0.00,0.00,0.00,0.00,2,0
2026-06-12 16:37:04.610,0.00,0.00,0.00,0.00,2,0
2026-06-12 16:37:04.661,0.00,0.00,0.00,0.00,2,0
2026-06-12 16:37:04.711,0.00,0.00,0.00,0.00,2,0
2026-06-12 16:37:04.762,0.00,0.00,0.00,0.00,2,0
2026-06-12 16:37:04.812,0.00,0.00,0.00,0.00,2,0
2026-06-12 16:37:04.862,0.00,0.00,0.00,0.00,2,0
2026-06-12 16:37:04.913,0.00,0.00,0.00,0.00,2,0
2026-06-12 16:37:04.963,0.00,0.00,0.00,0.00,2,0
2026-06-12 16:37:05.014,0.00,0.00,0.00,0.00,2,0
2026-06-12 16:37:05.064,0.00,0.00,0.00,0.00,2,0
2026-06-12 16:37:05.115,0.00,0.00,0.00,0.00,2,0
2026-06-12 16:37:05.165,0.00,0.00,0.00,0.00,2,0
2026-06-12 16:37:05.215,0.00,0.00,0.00,0.00,2,0
2026-06-12 16:37:05.266,0.00,0.00,0.00,0.00,2,0
2026-06-12 16:37:05.316,0.00,0.00,0.00,0.00,2,0
2026-06-12 16:37:05.366,0.00,0.00,0.00,0.00,2,0
2026-06-12 16:37:05.417,0.00,0.00,0.00,0.00,2,0
2026-06-12 16:37:05.472,0.00,0.00,0.00,0.00,2,0
2026-06-12 16:37:05.518,0.00,0.00,0.00,0.00,2,0
2026-06-12 16:37:05.568,0.00,0.00,0.00,0.00,2,0
2026-06-12 16:37:05.618,0.00,0.00,0.00,0.00,2,0
2026-06-12 16:37:05.669,0.00,0.00,0.00,0.00,2,0
2026-06-12 16:37:05.719,0.00,0.00,0.00,0.00,2,0
2026-06-12 16:37:05.770,0.00,0.00,0.00,0.00,2,0
2026-06-12 16:37:05.820,0.00,0.00,0.00,0.00,2,0
2026-06-12 16:37:05.870,0.00,0.00,0.00,0.00,2,0
2026-06-12 16:37:05.921,0.00,0.00,0.00,0.00,2,0
2026-06-12 16:37:05.971,0.00,0.00,0.00,0.00,2,0
2026-06-12 16:37:06.022,0.00,0.00,0.00,0.00,2,0
2026-06-12 16:37:06.072,0.00,0.00,0.00,0.00,2,0
2026-06-12 16:37:06.122,0.00,0.00,0.00,0.00,2,0
2026-06-12 16:37:06.173,0.00,0.00,0.00,0.00,2,0
2026-06-12 16:37:06.223,0.00,0.00,0.00,0.00,2,0
2026-06-12 16:37:06.275,0.00,0.00,0.00,0.00,2,0
2026-06-12 16:37:06.325,0.00,0.00,0.00,0.00,2,0
2026-06-12 16:37:06.375,0.00,0.00,0.00,0.00,2,0
2026-06-12 16:37:06.425,0.00,0.00,0.00,0.00,2,0
2026-06-12 16:37:06.475,0.00,0.00,0.00,0.00,2,0
2026-06-12 16:37:06.526,0.00,0.00,0.00,0.00,2,0
2026-06-12 16:37:06.576,0.00,0.00,0.00,0.00,2,0
2026-06-12 16:37:06.626,0.00,0.00,0.00,0.00,2,0
2026-06-12 16:37:06.677,0.00,0.00,0.00,0.00,2,0
2026-06-12 16:37:06.727,0.00,0.00,0.00,0.00,2,0
2026-06-12 16:37:06.777,0.00,0.00,0.00,0.00,2,0
2026-06-12 16:37:06.828,0.00,0.00,0.00,0.00,2,0
2026-06-12 16:37:06.878,0.00,0.00,0.00,0.00,2,0
2026-06-12 16:37:06.929,0.00,0.00,0.00,0.00,2,0
2026-06-12 16:37:06.979,0.00,0.00,0.00,0.00,2,0
2026-06-12 16:37:07.029,0.00,0.00,0.00,0.00,2,0
2026-06-12 16:37:07.080,0.00,0.00,0.00,0.00,2,0
2026-06-12 16:37:07.130,0.00,0.00,0.00,0.00,2,0
2026-06-12 16:37:07.181,0.00,0.00,0.00,0.00,2,0
2026-06-12 16:37:07.231,0.00,0.00,0.00,0.00,2,0
2026-06-12 16:37:07.281,0.00,0.00,0.00,0.00,2,0
2026-06-12 16:37:07.332,0.00,0.00,0.00,0.00,2,0
2026-06-12 16:37:07.382,0.00,0.00,0.00,0.00,2,0
2026-06-12 16:37:07.433,0.00,0.00,0.00,0.00,2,0
2026-06-12 16:37:07.483,0.00,0.00,0.00,0.00,2,0
2026-06-12 16:37:07.534,0.00,0.00,0.00,0.00,2,0
2026-06-12 16:37:07.584,0.00,0.00,0.00,0.00,2,0
2026-06-12 16:37:07.634,0.00,0.00,0.00,0.00,2,0
2026-06-12 16:37:07.685,0.00,0.00,0.00,0.00,2,0
2026-06-12 16:37:07.736,0.00,0.00,0.00,0.00,2,0
2026-06-12 16:37:07.785,0.00,0.00,0.00,0.00,2,0
2026-06-12 16:37:07.836,0.00,0.00,0.00,0.00,2,0
2026-06-12 16:37:07.886,0.00,0.00,0.00,0.00,2,0
2026-06-12 16:37:07.937,0.00,0.00,0.00,0.00,2,0
2026-06-12 16:37:07.987,0.00,0.00,0.00,0.00,2,0
2026-06-12 16:37:08.037,0.00,0.00,0.00,0.00,2,0
2026-06-12 16:37:08.088,0.00,0.00,0.00,0.00,2,0
2026-06-12 16:37:08.138,0.00,0.00,0.00,0.00,2,0
2026-06-12 16:37:08.189,0.00,0.00,0.00,0.00,2,0
2026-06-12 16:37:08.239,0.00,0.00,0.00,0.00,2,0
2026-06-12 16:37:08.289,0.00,0.00,0.00,0.00,2,0
2026-06-12 16:37:08.340,0.00,0.00,0.00,0.00,2,0
2026-06-12 16:37:08.391,0.00,0.00,0.00,0.00,2,0
2026-06-12 16:37:08.440,0.00,0.00,0.00,0.00,2,0
2026-06-12 16:37:08.491,0.00,0.00,0.00,0.00,2,0
2026-06-12 16:37:08.542,0.00,0.00,0.00,0.00,2,0
2026-06-12 16:37:08.592,0.00,0.00,0.00,0.00,2,0
2026-06-12 16:37:08.642,0.00,0.00,0.00,0.00,2,0
2026-06-12 16:37:08.693,0.00,0.00,0.00,0.00,2,0
2026-06-12 16:37:08.743,0.00,0.00,0.00,0.00,2,0
2026-06-12 16:37:08.793,0.00,0.00,0.00,0.00,2,0
2026-06-12 16:37:08.844,0.00,0.00,0.00,0.00,2,0
2026-06-12 16:37:08.894,0.00,0.00,0.00,0.00,2,0
2026-06-12 16:37:08.945,0.00,0.00,0.00,0.00,2,0
2026-06-12 16:37:08.995,0.00,0.00,0.00,0.00,2,0
2026-06-12 16:37:09.045,0.00,0.00,0.00,0.00,2,0
2026-06-12 16:37:09.096,0.00,0.00,0.00,0.00,2,0
2026-06-12 16:37:09.146,0.00,0.00,0.00,0.00,2,0
2026-06-12 16:37:09.197,0.00,0.00,0.00,0.00,2,0
2026-06-12 16:37:09.247,0.00,0.00,0.00,0.00,2,0
2026-06-12 16:37:09.297,0.00,0.00,0.00,0.00,2,0
2026-06-12 16:37:09.348,0.00,0.00,0.00,0.00,2,0
2026-06-12 16:37:09.399,0.00,0.00,0.00,0.00,2,0
2026-06-12 16:37:09.449,0.00,0.00,0.00,0.00,2,0
2026-06-12 16:37:09.499,0.00,0.00,0.00,0.00,2,0
2026-06-12 16:37:09.549,0.00,0.00,0.00,0.00,2,0
2026-06-12 16:37:09.600,0.00,0.00,0.00,0.00,2,0
2026-06-12 16:37:09.650,0.00,0.00,0.00,0.00,2,0
2026-06-12 16:37:09.701,0.00,0.00,0.00,0.00,2,0
2026-06-12 16:37:09.751,0.00,0.00,0.00,0.00,2,0
2026-06-12 16:37:09.801,0.00,0.00,0.00,0.00,2,0
2026-06-12 16:37:09.851,0.00,0.00,0.00,0.00,2,0
2026-06-12 16:37:09.902,0.00,0.00,0.00,0.00,2,0
2026-06-12 16:37:09.952,0.00,0.00,0.00,0.00,2,0
2026-06-12 16:37:10.003,0.00,0.00,0.00,0.00,2,0
2026-06-12 16:37:10.053,0.00,0.00,0.00,0.00,2,0
2026-06-12 16:37:10.104,0.00,0.00,0.00,0.00,2,0
2026-06-12 16:37:10.154,0.00,0.00,0.00,0.00,2,0
2026-06-12 16:37:10.205,0.00,0.00,0.00,0.00,2,0
2026-06-12 16:37:10.255,0.00,0.00,0.00,0.00,2,0
2026-06-12 16:37:10.306,0.00,0.00,0.00,0.00,2,0
2026-06-12 16:37:10.356,0.00,0.00,0.00,0.00,2,0
2026-06-12 16:37:10.406,0.00,0.00,0.00,0.00,2,0
2026-06-12 16:37:10.456,0.00,0.00,0.00,0.00,2,0
2026-06-12 16:37:10.507,0.00,0.00,0.00,0.00,2,0
2026-06-12 16:37:10.557,0.00,0.00,0.00,0.00,2,0
2026-06-12 16:37:10.607,0.00,0.00,0.00,0.00,2,0
2026-06-12 16:37:10.658,0.00,0.00,0.00,0.00,2,0
2026-06-12 16:37:10.708,0.00,0.00,0.00,0.00,2,0
2026-06-12 16:37:10.759,0.00,0.00,0.00,0.00,2,0
2026-06-12 16:37:10.809,0.00,0.00,0.00,0.00,2,0
2026-06-12 16:37:10.859,0.00,0.00,0.00,0.00,2,0
2026-06-12 16:37:10.910,0.00,0.00,0.00,0.00,2,0
2026-06-12 16:37:10.960,0.00,0.00,0.00,0.00,2,0
2026-06-12 16:37:11.011,0.00,0.00,0.00,0.00,2,0
2026-06-12 16:37:11.061,0.00,0.00,0.00,0.00,2,0
2026-06-12 16:37:11.112,0.00,0.00,0.00,0.00,2,0
2026-06-12 16:37:11.162,0.00,0.00,0.00,0.00,2,0
2026-06-12 16:37:11.212,0.00,0.00,0.00,0.00,2,0
2026-06-12 16:37:11.263,0.00,0.00,0.00,0.00,2,0
2026-06-12 16:37:11.313,0.00,0.00,0.00,0.00,2,0
2026-06-12 16:37:11.364,0.00,0.00,0.00,0.00,2,0
2026-06-12 16:37:11.414,0.00,0.00,0.00,0.00,2,0
2026-06-12 16:37:11.465,0.00,0.00,0.00,0.00,2,0
2026-06-12 16:37:11.515,0.00,0.00,0.00,0.00,2,0
2026-06-12 16:37:11.565,0.00,0.00,0.00,0.00,2,0
2026-06-12 16:37:11.615,0.00,0.00,0.00,0.00,2,0
2026-06-12 16:37:11.666,0.00,0.00,0.00,0.00,2,0
2026-06-12 16:37:11.716,0.00,0.00,0.00,0.00,2,0
2026-06-12 16:37:11.766,0.00,0.00,0.00,0.00,2,0
2026-06-12 16:37:11.817,0.00,0.00,0.00,0.00,2,0
2026-06-12 16:37:11.867,0.00,0.00,0.00,0.00,2,0
2026-06-12 16:37:11.919,0.00,0.00,0.00,0.00,2,0
2026-06-12 16:37:11.968,0.00,0.00,0.00,0.00,2,0
2026-06-12 16:37:12.019,0.00,0.00,0.00,0.00,2,0
2026-06-12 16:37:12.069,0.00,0.00,0.00,0.00,2,0
2026-06-12 16:37:12.119,0.00,0.00,0.00,0.00,2,0
2026-06-12 16:37:12.170,0.00,0.00,0.00,0.00,2,0
2026-06-12 16:37:12.220,0.00,0.00,0.00,0.00,2,0
2026-06-12 16:37:12.270,0.00,0.00,0.00,0.00,2,0
2026-06-12 16:37:12.321,0.00,0.00,0.00,0.00,2,0
2026-06-12 16:37:12.371,0.00,0.00,0.00,0.00,2,0
2026-06-12 16:37:12.422,0.00,0.00,0.00,0.00,2,0
2026-06-12 16:37:12.472,0.00,0.00,0.00,0.00,2,0
2026-06-12 16:37:12.522,0.00,0.00,0.00,0.00,2,0
2026-06-12 16:37:12.573,0.00,0.00,0.00,0.00,2,0
2026-06-12 16:37:12.623,0.00,0.00,0.00,0.00,2,0
2026-06-12 16:37:12.674,0.00,0.00,0.00,0.00,2,0
2026-06-12 16:37:12.725,0.00,0.00,0.00,0.00,2,0
2026-06-12 16:37:12.775,0.00,0.00,0.00,0.00,2,0
2026-06-12 16:37:12.825,0.00,0.00,0.00,0.00,2,0
2026-06-12 16:37:12.875,0.00,0.00,0.00,0.00,2,0
2026-06-12 16:37:12.926,0.00,0.00,0.00,0.00,2,0
2026-06-12 16:37:12.976,0.00,0.00,0.00,0.00,2,0
2026-06-12 16:37:13.026,0.00,0.00,0.00,0.00,2,0
2026-06-12 16:37:13.077,0.00,0.00,0.00,0.00,2,0
2026-06-12 16:37:13.127,0.00,0.00,0.00,0.00,2,0
2026-06-12 16:37:13.178,0.00,0.00,0.00,0.00,2,0
2026-06-12 16:37:13.228,0.00,0.00,0.00,0.00,2,0
2026-06-12 16:37:13.278,0.00,0.00,0.00,0.00,2,0
2026-06-12 16:37:13.329,0.00,0.00,0.00,0.00,2,0
2026-06-12 16:37:13.379,0.00,0.00,0.00,0.00,2,0
2026-06-12 16:37:13.432,0.00,0.00,0.00,0.00,2,0
2026-06-12 16:37:13.480,0.00,0.00,0.00,0.00,2,0
2026-06-12 16:37:13.530,0.00,0.00,0.00,0.00,2,0
2026-06-12 16:37:13.581,0.00,0.00,0.00,0.00,2,0
2026-06-12 16:37:13.631,0.00,0.00,0.00,0.00,2,0
2026-06-12 16:37:13.681,0.00,0.00,0.00,0.00,2,0
2026-06-12 16:37:13.732,0.00,0.00,0.00,0.00,2,0
2026-06-12 16:37:13.782,0.00,0.00,0.00,0.00,2,0
2026-06-12 16:37:13.833,0.00,0.00,0.00,0.00,2,0
2026-06-12 16:37:13.883,0.00,0.00,0.00,0.00,2,0
2026-06-12 16:37:13.934,0.00,0.00,0.00,0.00,2,0
2026-06-12 16:37:13.989,0.00,0.00,0.00,0.00,2,0
2026-06-12 16:37:14.034,0.00,0.00,0.00,0.00,2,0
2026-06-12 16:37:14.085,0.00,0.00,0.00,0.00,2,0
2026-06-12 16:37:14.135,0.00,0.00,0.00,0.00,2,0
2026-06-12 16:37:14.185,0.00,0.00,0.00,0.00,2,0
2026-06-12 16:37:14.236,0.00,0.00,0.00,0.00,2,0
2026-06-12 16:37:14.286,0.00,0.00,0.00,0.00,2,0
2026-06-12 16:37:14.337,0.00,0.00,0.00,0.00,2,0
2026-06-12 16:37:14.387,0.00,0.00,0.00,0.00,2,0
2026-06-12 16:37:14.437,0.00,0.00,0.00,0.00,2,0
2026-06-12 16:37:14.488,0.00,0.00,0.00,0.00,2,0
2026-06-12 16:37:14.538,0.00,0.00,0.00,0.00,2,0
2026-06-12 16:37:14.590,0.00,0.00,0.00,0.00,2,0
2026-06-12 16:37:14.639,0.00,0.00,0.00,0.00,2,0
2026-06-12 16:37:14.689,0.00,0.00,0.00,0.00,2,0
2026-06-12 16:37:14.740,0.00,0.00,0.00,0.00,2,0
2026-06-12 16:37:14.790,0.00,0.00,0.00,0.00,2,0
2026-06-12 16:37:14.841,0.00,0.00,0.00,0.00,2,0
2026-06-12 16:37:14.891,0.00,0.00,0.00,0.00,2,0
2026-06-12 16:37:14.941,0.00,0.00,0.00,0.00,2,0
2026-06-12 16:37:14.992,0.00,0.00,0.00,0.00,2,0
2026-06-12 16:37:15.043,0.00,0.00,0.00,0.00,2,0
2026-06-12 16:37:15.093,0.00,0.00,0.00,0.00,2,0
2026-06-12 16:37:15.143,0.00,0.00,0.00,0.00,2,0
2026-06-12 16:37:15.193,0.00,0.00,0.00,0.00,2,0
2026-06-12 16:37:15.244,0.00,0.00,0.00,0.00,2,0
2026-06-12 16:37:15.295,0.00,0.00,0.00,0.00,2,0
2026-06-12 16:37:15.345,0.00,0.00,0.00,0.00,2,0
2026-06-12 16:37:15.395,0.00,0.00,0.00,0.00,2,0
2026-06-12 16:37:15.445,0.00,0.00,0.00,0.00,2,0
2026-06-12 16:37:15.496,0.00,0.00,0.00,0.00,2,0
2026-06-12 16:37:15.546,0.00,0.00,0.00,0.00,2,0
2026-06-12 16:37:15.597,0.00,0.00,0.00,0.00,2,0
2026-06-12 16:37:15.647,0.00,0.00,0.00,0.00,2,0
2026-06-12 16:37:15.697,0.00,0.00,0.00,0.00,2,0
2026-06-12 16:37:15.748,0.00,0.00,0.00,0.00,2,0
2026-06-12 16:37:15.798,0.00,0.00,0.00,0.00,2,0
2026-06-12 16:37:15.848,0.00,0.00,0.00,0.00,2,0
2026-06-12 16:37:15.899,0.00,0.00,0.00,0.00,2,0
2026-06-12 16:37:15.949,0.00,0.00,0.00,0.00,2,0
2026-06-12 16:37:16.000,0.00,0.00,0.00,0.00,2,0
2026-06-12 16:37:16.050,0.00,0.00,0.00,0.00,2,0
2026-06-12 16:37:16.100,0.00,0.00,0.00,0.00,2,0
2026-06-12 16:37:16.151,0.00,0.00,0.00,0.00,2,0
2026-06-12 16:37:16.201,0.00,0.00,0.00,0.00,2,0
2026-06-12 16:37:16.252,0.00,0.00,0.00,0.00,2,0
2026-06-12 16:37:16.302,0.00,0.00,0.00,0.00,2,0
2026-06-12 16:37:16.353,0.00,0.00,0.00,0.00,2,0
2026-06-12 16:37:16.403,0.00,0.00,0.00,0.00,2,0
2026-06-12 16:37:16.453,0.00,0.00,0.00,0.00,2,0
2026-06-12 16:37:16.504,0.00,0.00,0.00,0.00,2,0
2026-06-12 16:37:16.555,0.00,0.00,0.00,0.00,2,0
2026-06-12 16:37:16.605,0.00,0.00,0.00,0.00,2,0
2026-06-12 16:37:16.656,0.00,0.00,0.00,0.00,2,0
2026-06-12 16:37:16.706,0.00,0.00,0.00,0.00,2,0
2026-06-12 16:37:16.756,0.00,0.00,0.00,0.00,2,0
2026-06-12 16:37:16.806,0.00,0.00,0.00,0.00,2,0
2026-06-12 16:37:16.856,0.00,0.00,0.00,0.00,2,0
2026-06-12 16:37:16.907,0.00,0.00,0.00,0.00,2,0
2026-06-12 16:37:16.957,0.00,0.00,0.00,0.00,2,0
2026-06-12 16:37:17.008,0.00,0.00,0.00,0.00,2,0
2026-06-12 16:37:17.058,0.00,0.00,0.00,0.00,2,0
2026-06-12 16:37:17.108,0.00,0.00,0.00,0.00,2,0
2026-06-12 16:37:17.159,0.00,0.00,0.00,0.00,2,0
2026-06-12 16:37:17.209,0.00,0.00,0.00,0.00,2,0
2026-06-12 16:37:17.259,0.00,0.00,0.00,0.00,2,0
2026-06-12 16:37:17.310,0.00,0.00,0.00,0.00,2,0
2026-06-12 16:37:17.360,0.00,0.00,0.00,0.00,2,0
2026-06-12 16:37:17.411,0.00,0.00,0.00,0.00,2,0
2026-06-12 16:37:17.461,0.00,0.00,0.00,0.00,2,0
2026-06-12 16:37:17.512,0.00,0.00,0.00,0.00,2,0
2026-06-12 16:37:17.562,0.00,0.00,0.00,0.00,2,0
2026-06-12 16:37:17.613,0.00,0.00,0.00,0.00,2,0
2026-06-12 16:37:17.663,0.00,0.00,0.00,0.00,2,0
2026-06-12 16:37:17.713,0.00,0.00,0.00,0.00,2,0
2026-06-12 16:37:17.764,0.00,0.00,0.00,0.00,2,0
2026-06-12 16:37:17.814,0.00,0.00,0.00,0.00,2,0
2026-06-12 16:37:17.865,0.00,0.00,0.00,0.00,2,0
2026-06-12 16:37:17.915,0.00,0.00,0.00,0.00,2,0
2026-06-12 16:37:17.965,0.00,0.00,0.00,0.00,2,0
2026-06-12 16:37:18.015,0.00,0.00,0.00,0.00,2,0
2026-06-12 16:37:18.066,0.00,0.00,0.00,0.00,2,0
2026-06-12 16:37:18.116,0.00,0.00,0.00,0.00,2,0
2026-06-12 16:37:18.167,0.00,0.00,0.00,0.00,2,0
2026-06-12 16:37:18.217,0.00,0.00,0.00,0.00,2,0
2026-06-12 16:37:18.267,0.00,0.00,0.00,0.00,2,0
2026-06-12 16:37:18.318,0.00,0.00,0.00,0.00,2,0
2026-06-12 16:37:18.368,0.00,0.00,0.00,0.00,2,0
2026-06-12 16:37:18.419,0.00,0.00,0.00,0.00,2,0
2026-06-12 16:37:18.469,0.00,0.00,0.00,0.00,2,0
2026-06-12 16:37:18.519,0.00,0.00,0.00,0.00,2,0
2026-06-12 16:37:18.570,0.00,0.00,0.00,0.00,2,0
2026-06-12 16:37:18.620,0.00,0.00,0.00,0.00,2,0
2026-06-12 16:37:18.671,0.00,0.00,0.00,0.00,2,0
2026-06-12 16:37:18.721,0.00,0.00,0.00,0.00,2,0
2026-06-12 16:37:18.771,0.00,0.00,0.00,0.00,2,0
2026-06-12 16:37:18.822,0.00,0.00,0.00,0.00,2,0
2026-06-12 16:37:18.872,0.00,0.00,0.00,0.00,2,0
2026-06-12 16:37:18.922,0.00,0.00,0.00,0.00,2,0
2026-06-12 16:37:18.973,0.00,0.00,0.00,0.00,2,0
2026-06-12 16:37:19.023,0.00,0.00,0.00,0.00,2,0
2026-06-12 16:37:19.075,0.00,0.00,0.00,0.00,2,0
2026-06-12 16:37:19.125,0.00,0.00,0.00,0.00,2,0
2026-06-12 16:37:19.176,0.00,0.00,0.00,0.00,2,0
2026-06-12 16:37:19.225,0.00,0.00,0.00,0.00,2,0
2026-06-12 16:37:19.275,0.00,0.00,0.00,0.00,2,0
2026-06-12 16:37:19.326,0.00,0.00,0.00,0.00,2,0
2026-06-12 16:37:19.376,0.00,0.00,0.00,0.00,2,0
2026-06-12 16:37:19.426,0.00,0.00,0.00,0.00,2,0
2026-06-12 16:37:19.477,0.00,0.00,0.00,0.00,2,0
2026-06-12 16:37:19.527,0.00,0.00,0.00,0.00,2,0
2026-06-12 16:37:19.578,0.00,0.00,0.00,0.00,2,0
2026-06-12 16:37:19.628,0.00,0.00,0.00,0.00,2,0
2026-06-12 16:37:19.678,0.00,0.00,0.00,0.00,2,0
2026-06-12 16:37:19.729,0.00,0.00,0.00,0.00,2,0
2026-06-12 16:37:19.779,0.00,0.00,0.00,0.00,2,0
2026-06-12 16:37:19.830,0.00,0.00,0.00,0.00,2,0
2026-06-12 16:37:19.880,0.00,0.00,0.00,0.00,2,0
2026-06-12 16:37:19.930,0.00,0.00,0.00,0.00,2,0
2026-06-12 16:37:19.981,0.00,0.00,0.00,0.00,2,0
2026-06-12 16:37:20.031,0.00,0.00,0.00,0.00,2,0
2026-06-12 16:37:20.082,0.00,0.00,0.00,0.00,2,0
2026-06-12 16:37:20.132,0.00,0.00,0.00,0.00,2,0
2026-06-12 16:37:20.182,0.00,0.00,0.00,0.00,2,0
2026-06-12 16:37:20.233,0.00,0.00,0.00,0.00,2,0
2026-06-12 16:37:20.283,0.00,0.00,0.00,0.00,2,0
2026-06-12 16:37:20.334,0.00,0.00,0.00,0.00,2,0
2026-06-12 16:37:20.385,0.00,0.00,0.00,0.00,2,0
2026-06-12 16:37:20.435,0.00,0.00,0.00,0.00,2,0
2026-06-12 16:37:20.485,0.00,0.00,0.00,0.00,2,0
2026-06-12 16:37:20.535,0.00,0.00,0.00,0.00,2,0
2026-06-12 16:37:20.586,0.00,0.00,0.00,0.00,2,0
2026-06-12 16:37:20.636,0.00,0.00,0.00,0.00,2,0
2026-06-12 16:37:20.686,0.00,0.00,0.00,0.00,2,0
2026-06-12 16:37:20.737,0.00,0.00,0.00,0.00,2,0
2026-06-12 16:37:20.787,0.00,0.00,0.00,0.00,2,0
2026-06-12 16:37:20.838,0.00,0.00,0.00,0.00,2,0
2026-06-12 16:37:20.888,0.00,0.00,0.00,0.00,2,0
2026-06-12 16:37:20.938,0.00,0.00,0.00,0.00,2,0
2026-06-12 16:37:20.989,0.00,0.00,0.00,0.00,2,0
2026-06-12 16:37:21.039,0.00,0.00,0.00,0.00,2,0
2026-06-12 16:37:21.090,0.00,0.00,0.00,0.00,2,0
2026-06-12 16:37:21.140,0.00,0.00,0.00,0.00,2,0
2026-06-12 16:37:21.190,0.00,0.00,0.00,0.00,2,0
2026-06-12 16:37:21.241,0.00,0.00,0.00,0.00,2,0
2026-06-12 16:37:21.291,0.00,0.00,0.00,0.00,2,0
2026-06-12 16:37:21.341,0.00,0.00,0.00,0.00,2,0
2026-06-12 16:37:21.392,0.00,0.00,0.00,0.00,2,0
2026-06-12 16:37:21.442,0.00,0.00,0.00,0.00,2,0
2026-06-12 16:37:21.493,0.00,0.00,0.00,0.00,2,0
2026-06-12 16:37:21.543,0.00,0.00,0.00,0.00,2,0
2026-06-12 16:37:21.593,0.00,0.00,0.00,0.00,2,0
2026-06-12 16:37:21.644,0.00,0.00,0.00,0.00,2,0
2026-06-12 16:37:21.695,0.00,0.00,0.00,0.00,2,0
2026-06-12 16:37:21.745,0.00,0.00,0.00,0.00,2,0
2026-06-12 16:37:21.795,0.00,0.00,0.00,0.00,2,0
2026-06-12 16:37:21.845,0.00,0.00,0.00,0.00,2,0
2026-06-12 16:37:21.896,0.00,0.00,0.00,0.00,2,0
2026-06-12 16:37:21.946,0.00,0.00,0.00,0.00,2,0
2026-06-12 16:37:21.997,0.00,0.00,0.00,0.00,2,0
2026-06-12 16:37:22.047,0.00,0.00,0.00,0.00,2,0
2026-06-12 16:37:22.097,0.00,0.00,0.00,0.00,2,0
2026-06-12 16:37:22.148,0.00,0.00,0.00,0.00,2,0
2026-06-12 16:37:22.198,0.00,0.00,0.00,0.00,2,0
2026-06-12 16:37:22.249,0.00,0.00,0.00,0.00,2,0
2026-06-12 16:37:22.299,0.00,0.00,0.00,0.00,2,0
2026-06-12 16:37:22.349,0.00,0.00,0.00,0.00,2,0
2026-06-12 16:37:22.400,0.00,0.00,0.00,0.00,2,0
2026-06-12 16:37:22.450,0.00,0.00,0.00,0.00,2,0
2026-06-12 16:37:22.503,0.00,0.00,0.00,0.00,2,0
2026-06-12 16:37:22.551,0.00,0.00,0.00,0.00,2,0
2026-06-12 16:37:22.601,0.00,0.00,0.00,0.00,2,0
2026-06-12 16:37:22.652,0.00,0.00,0.00,0.00,2,0
2026-06-12 16:37:22.702,0.00,0.00,0.00,0.00,2,0
2026-06-12 16:37:22.753,0.00,0.00,0.00,0.00,2,0
2026-06-12 16:37:22.803,0.00,0.00,0.00,0.00,2,0
2026-06-12 16:37:22.853,0.00,0.00,0.00,0.00,2,0
2026-06-12 16:37:22.904,0.00,0.00,0.00,0.00,2,0
2026-06-12 16:37:22.956,0.00,0.00,0.00,0.00,2,0
2026-06-12 16:37:23.005,0.00,0.00,0.00,0.00,2,0
2026-06-12 16:37:23.055,0.00,0.00,0.00,0.00,2,0
2026-06-12 16:37:23.105,0.00,0.00,0.00,0.00,2,0
2026-06-12 16:37:23.156,0.00,0.00,0.00,0.00,2,0
2026-06-12 16:37:23.206,0.00,0.00,0.00,0.00,2,0
2026-06-12 16:37:23.257,0.00,0.00,0.00,0.00,2,0
2026-06-12 16:37:23.307,0.00,0.00,0.00,0.00,2,0
2026-06-12 16:37:23.357,0.00,0.00,0.00,0.00,2,0
2026-06-12 16:37:23.408,0.00,0.00,0.00,0.00,2,0
2026-06-12 16:37:23.458,0.00,0.00,0.00,0.00,2,0
2026-06-12 16:37:23.508,0.00,0.00,0.00,0.00,2,0
2026-06-12 16:37:23.559,0.00,0.00,0.00,0.00,2,0
2026-06-12 16:37:23.609,0.00,0.00,0.00,0.00,2,0
2026-06-12 16:37:23.660,0.00,0.00,0.00,0.00,2,0
2026-06-12 16:37:23.710,0.00,0.00,0.00,0.00,2,0
2026-06-12 16:37:23.761,0.00,0.00,0.00,0.00,2,0
2026-06-12 16:37:23.811,0.00,0.00,0.00,0.00,2,0
2026-06-12 16:37:23.861,0.00,0.00,0.00,0.00,2,0
2026-06-12 16:37:23.912,0.00,0.00,0.00,0.00,2,0
2026-06-12 16:37:23.962,0.00,0.00,0.00,0.00,2,0
2026-06-12 16:37:24.013,0.00,0.00,0.00,0.00,2,0
2026-06-12 16:37:24.063,0.00,0.00,0.00,0.00,2,0
2026-06-12 16:37:24.113,0.00,0.00,0.00,0.00,2,0
2026-06-12 16:37:24.164,0.00,0.00,0.00,0.00,2,0
2026-06-12 16:37:24.214,0.00,0.00,0.00,0.00,2,0
2026-06-12 16:37:24.265,0.00,0.00,0.00,0.00,2,0
2026-06-12 16:37:24.315,0.00,0.00,0.00,0.00,2,0
2026-06-12 16:37:24.366,0.00,0.00,0.00,0.00,2,0
2026-06-12 16:37:24.415,0.00,0.00,0.00,0.00,2,0
2026-06-12 16:37:24.467,0.00,0.00,0.00,0.00,2,0
2026-06-12 16:37:24.516,0.00,0.00,0.00,0.00,2,0
2026-06-12 16:37:24.567,0.00,0.00,0.00,0.00,2,0
2026-06-12 16:37:24.617,0.00,0.00,0.00,0.00,2,0
2026-06-12 16:37:24.667,0.00,0.00,0.00,0.00,2,0
2026-06-12 16:37:24.718,0.00,0.00,0.00,0.00,2,0
2026-06-12 16:37:24.768,0.00,0.00,0.00,0.00,2,0
2026-06-12 16:37:24.819,0.00,0.00,0.00,0.00,2,0
2026-06-12 16:37:24.870,0.00,0.00,0.00,0.00,2,0
2026-06-12 16:37:24.920,0.00,0.00,0.00,0.00,2,0
2026-06-12 16:37:24.970,0.00,0.00,0.00,0.00,2,0
2026-06-12 16:37:25.020,0.00,0.00,0.00,0.00,2,0
2026-06-12 16:37:25.071,0.00,0.00,0.00,0.00,2,0
2026-06-12 16:37:25.121,0.00,0.00,0.00,0.00,2,0
2026-06-12 16:37:25.172,0.00,0.00,0.00,0.00,2,0
2026-06-12 16:37:25.222,0.00,0.00,0.00,0.00,2,0
2026-06-12 16:37:25.272,0.00,0.00,0.00,0.00,2,0
2026-06-12 16:37:25.323,0.00,0.00,0.00,0.00,2,0
2026-06-12 16:37:25.373,0.00,0.00,0.00,0.00,2,0
2026-06-12 16:37:25.423,0.00,0.00,0.00,0.00,2,0
2026-06-12 16:37:25.476,0.00,0.00,0.00,0.00,2,0
2026-06-12 16:37:25.525,0.00,0.00,0.00,0.00,2,0
2026-06-12 16:37:25.575,0.00,0.00,0.00,0.00,2,0
2026-06-12 16:37:25.625,0.00,0.00,0.00,0.00,2,0
2026-06-12 16:37:25.675,0.00,0.00,0.00,0.00,2,0
2026-06-12 16:37:25.726,0.00,0.00,0.00,0.00,2,0
2026-06-12 16:37:25.776,0.00,0.00,0.00,0.00,2,0
2026-06-12 16:37:25.827,0.00,0.00,0.00,0.00,2,0
2026-06-12 16:37:25.877,0.00,0.00,0.00,0.00,2,0
2026-06-12 16:37:25.927,0.00,0.00,0.00,0.00,2,0
2026-06-12 16:37:25.978,0.00,0.00,0.00,0.00,2,0
2026-06-12 16:37:26.028,0.00,0.00,0.00,0.00,2,0
2026-06-12 16:37:26.078,0.00,0.00,0.00,0.00,2,0
2026-06-12 16:37:26.129,0.00,0.00,0.00,0.00,2,0
2026-06-12 16:37:26.179,0.00,0.00,0.00,0.00,2,0
2026-06-12 16:37:26.230,0.00,0.00,0.00,0.00,2,0
2026-06-12 16:37:26.280,0.00,0.00,0.00,0.00,2,0
2026-06-12 16:37:26.331,0.00,0.00,0.00,0.00,2,0
2026-06-12 16:37:26.381,0.00,0.00,0.00,0.00,2,0
2026-06-12 16:37:26.431,0.00,0.00,0.00,0.00,2,0
2026-06-12 16:37:26.482,0.00,0.00,0.00,0.00,2,0
2026-06-12 16:37:26.532,0.00,0.00,0.00,0.00,2,0
2026-06-12 16:37:26.583,0.00,0.00,0.00,0.00,2,0
2026-06-12 16:37:26.633,0.00,0.00,0.00,0.00,2,0
2026-06-12 16:37:26.683,0.00,0.00,0.00,0.00,2,0
2026-06-12 16:37:26.734,0.00,0.00,0.00,0.00,2,0
2026-06-12 16:37:26.784,0.00,0.00,0.00,0.00,2,0
2026-06-12 16:37:26.835,0.00,0.00,0.00,0.00,2,0
2026-06-12 16:37:26.886,0.00,0.00,0.00,0.00,2,0
2026-06-12 16:37:26.935,0.00,0.00,0.00,0.00,2,0
2026-06-12 16:37:26.987,0.00,0.00,0.00,0.00,2,0
2026-06-12 16:37:27.036,0.00,0.00,0.00,0.00,2,0
2026-06-12 16:37:27.086,0.00,0.00,0.00,0.00,2,0
2026-06-12 16:37:27.137,0.00,0.00,0.00,0.00,2,0
2026-06-12 16:37:27.187,0.00,0.00,0.00,0.00,2,0
2026-06-12 16:37:27.238,0.00,0.00,0.00,0.00,2,0
2026-06-12 16:37:27.288,0.00,0.00,0.00,0.00,2,0
2026-06-12 16:37:27.338,0.00,0.00,0.00,0.00,2,0
2026-06-12 16:37:27.389,0.00,0.00,0.00,0.00,2,0
2026-06-12 16:37:27.439,0.00,0.00,0.00,0.00,2,0
2026-06-12 16:37:27.490,0.00,0.00,0.00,0.00,2,0
2026-06-12 16:37:27.540,0.00,0.00,0.00,0.00,2,0
2026-06-12 16:37:27.590,0.00,0.00,0.00,0.00,2,0
2026-06-12 16:37:27.641,0.00,0.00,0.00,0.00,2,0
2026-06-12 16:37:27.691,0.00,0.00,0.00,0.00,2,0
2026-06-12 16:37:27.742,0.00,0.00,0.00,0.00,2,0
2026-06-12 16:37:27.792,0.00,0.00,0.00,0.00,2,0
2026-06-12 16:37:27.842,0.00,0.00,0.00,0.00,2,0
2026-06-12 16:37:27.893,0.00,0.00,0.00,0.00,2,0
2026-06-12 16:37:27.943,0.00,0.00,0.00,0.00,2,0
2026-06-12 16:37:27.993,0.00,0.00,0.00,0.00,2,0
2026-06-12 16:37:28.044,0.00,0.00,0.00,0.00,2,0
2026-06-12 16:37:28.095,0.00,0.00,0.00,0.00,2,0
2026-06-12 16:37:28.145,0.00,0.00,0.00,0.00,2,0
2026-06-12 16:37:28.195,0.00,0.00,0.00,0.00,2,0
2026-06-12 16:37:28.245,0.00,0.00,0.00,0.00,2,0
2026-06-12 16:37:28.296,0.00,0.00,0.00,0.00,2,0
2026-06-12 16:37:28.346,0.00,0.00,0.00,0.00,2,0
2026-06-12 16:37:28.397,0.00,0.00,0.00,0.00,2,0
2026-06-12 16:37:28.447,0.00,0.00,0.00,0.00,2,0
2026-06-12 16:37:28.497,0.00,0.00,0.00,0.00,2,0
2026-06-12 16:37:28.548,0.00,0.00,0.00,0.00,2,0
2026-06-12 16:37:28.598,0.00,0.00,0.00,0.00,2,0
2026-06-12 16:37:28.649,0.00,0.00,0.00,0.00,2,0
2026-06-12 16:37:28.699,0.00,0.00,0.00,0.00,2,0
2026-06-12 16:37:28.749,0.00,0.00,0.00,0.00,2,0
2026-06-12 16:37:28.800,0.00,0.00,0.00,0.00,2,0
2026-06-12 16:37:28.850,0.00,0.00,0.00,0.00,2,0
2026-06-12 16:37:28.901,0.00,0.00,0.00,0.00,2,0
2026-06-12 16:37:28.951,0.00,0.00,0.00,0.00,2,0
2026-06-12 16:37:29.002,0.00,0.00,0.00,0.00,2,0
2026-06-12 16:37:29.052,0.00,0.00,0.00,0.00,2,0
2026-06-12 16:37:29.102,0.00,0.00,0.00,0.00,2,0
2026-06-12 16:37:29.153,0.00,0.00,0.00,0.00,2,0
2026-06-12 16:37:29.203,0.00,0.00,0.00,0.00,2,0
2026-06-12 16:37:29.253,0.00,0.00,0.00,0.00,2,0
2026-06-12 16:37:29.304,0.00,0.00,0.00,0.00,2,0
2026-06-12 16:37:29.355,0.00,0.00,0.00,0.00,2,0
2026-06-12 16:37:29.405,0.00,0.00,0.00,0.00,2,0
2026-06-12 16:37:29.457,0.00,0.00,0.00,0.00,2,0
2026-06-12 16:37:29.505,0.00,0.00,0.00,0.00,2,0
2026-06-12 16:37:29.556,0.00,0.00,0.00,0.00,2,0
2026-06-12 16:37:29.606,0.00,0.00,0.00,0.00,2,0
2026-06-12 16:37:29.664,0.00,0.00,0.00,0.00,2,0
2026-06-12 16:37:29.707,0.00,0.00,0.00,0.00,2,0
2026-06-12 16:37:29.758,0.00,0.00,0.00,0.00,2,0
2026-06-12 16:37:29.808,0.00,0.00,0.00,0.00,2,0
2026-06-12 16:37:29.858,0.00,0.00,0.00,0.00,2,0
2026-06-12 16:37:29.909,0.00,0.00,0.00,0.00,2,0
2026-06-12 16:37:29.959,0.00,0.00,0.00,0.00,2,0
2026-06-12 16:37:30.009,0.00,0.00,0.00,0.00,2,0
2026-06-12 16:37:30.060,0.00,0.00,0.00,0.00,2,0
2026-06-12 16:37:30.110,0.00,0.00,0.00,0.00,2,0
2026-06-12 16:37:30.160,0.00,0.00,0.00,0.00,2,0
2026-06-12 16:37:30.211,0.00,0.00,0.00,0.00,2,0
2026-06-12 16:37:30.261,0.00,0.00,0.00,0.00,2,0
2026-06-12 16:37:30.312,0.00,0.00,0.00,0.00,2,0
2026-06-12 16:37:30.362,0.00,0.00,0.00,0.00,2,0
2026-06-12 16:37:30.412,0.00,0.00,0.00,0.00,2,0
2026-06-12 16:37:30.463,0.00,0.00,0.00,0.00,2,0
2026-06-12 16:37:30.513,0.00,0.00,0.00,0.00,2,0
2026-06-12 16:37:30.564,0.00,0.00,0.00,0.00,2,0
2026-06-12 16:37:30.615,0.00,0.00,0.00,0.00,2,0
2026-06-12 16:37:30.665,0.00,0.00,0.00,0.00,2,0
2026-06-12 16:37:30.716,0.00,0.00,0.00,0.00,2,0
2026-06-12 16:37:30.765,0.00,0.00,0.00,0.00,2,0
2026-06-12 16:37:30.816,0.00,0.00,0.00,0.00,2,0
2026-06-12 16:37:30.866,0.00,0.00,0.00,0.00,2,0
2026-06-12 16:37:30.916,0.00,0.00,0.00,0.00,2,0
2026-06-12 16:37:30.967,0.00,0.00,0.00,0.00,2,0
2026-06-12 16:37:31.017,0.00,0.00,0.00,0.00,2,0
2026-06-12 16:37:31.068,0.00,0.00,0.00,0.00,2,0
2026-06-12 16:37:31.118,0.00,0.00,0.00,0.00,2,0
2026-06-12 16:37:31.168,0.00,0.00,0.00,0.00,2,0
2026-06-12 16:37:31.219,0.00,0.00,0.00,0.00,2,0
2026-06-12 16:37:31.269,0.00,0.00,0.00,0.00,2,0
2026-06-12 16:37:31.320,0.00,0.00,0.00,0.00,2,0
2026-06-12 16:37:31.370,0.00,0.00,0.00,0.00,2,0
2026-06-12 16:37:31.420,0.00,0.00,0.00,0.00,2,0
2026-06-12 16:37:31.471,0.00,0.00,0.00,0.00,2,0
2026-06-12 16:37:31.521,0.00,0.00,0.00,0.00,2,0
2026-06-12 16:37:31.571,0.00,0.00,0.00,0.00,2,0
2026-06-12 16:37:31.622,0.00,0.00,0.00,0.00,2,0
2026-06-12 16:37:31.672,0.00,0.00,0.00,0.00,2,0
2026-06-12 16:37:31.723,0.00,0.00,0.00,0.00,2,0
2026-06-12 16:37:31.773,0.00,0.00,0.00,0.00,2,0
2026-06-12 16:37:31.823,0.00,0.00,0.00,0.00,2,0
2026-06-12 16:37:31.874,0.00,0.00,0.00,0.00,2,0
2026-06-12 16:37:31.925,0.00,0.00,0.00,0.00,2,0
2026-06-12 16:37:31.975,0.00,0.00,0.00,0.00,2,0
2026-06-12 16:37:32.026,0.00,0.00,0.00,0.00,2,0
2026-06-12 16:37:32.075,0.00,0.00,0.00,0.00,2,0
2026-06-12 16:37:32.126,0.00,0.00,0.00,0.00,2,0
2026-06-12 16:37:32.176,0.00,0.00,0.00,0.00,2,0
2026-06-12 16:37:32.227,0.00,0.00,0.00,0.00,2,0
2026-06-12 16:37:32.277,0.00,0.00,0.00,0.00,2,0
2026-06-12 16:37:32.327,0.00,0.00,0.00,0.00,2,0
2026-06-12 16:37:32.378,0.00,0.00,0.00,0.00,2,0
2026-06-12 16:37:32.428,0.00,0.00,0.00,0.00,2,0
2026-06-12 16:37:32.479,0.00,0.00,0.00,0.00,2,0
2026-06-12 16:37:32.529,0.00,0.00,0.00,0.00,2,0
2026-06-12 16:37:32.579,0.00,0.00,0.00,0.00,2,0
2026-06-12 16:37:32.630,0.00,0.00,0.00,0.00,2,0
2026-06-12 16:37:32.680,0.00,0.00,0.00,0.00,2,0
2026-06-12 16:37:32.731,0.00,0.00,0.00,0.00,2,0
2026-06-12 16:37:32.781,0.00,0.00,0.00,0.00,2,0
2026-06-12 16:37:32.831,0.00,0.00,0.00,0.00,2,0
2026-06-12 16:37:32.882,0.00,0.00,0.00,0.00,2,0
2026-06-12 16:37:32.932,0.00,0.00,0.00,0.00,2,0
2026-06-12 16:37:32.983,0.00,0.00,0.00,0.00,2,0
2026-06-12 16:37:33.033,0.00,0.00,0.00,0.00,2,0
2026-06-12 16:37:33.084,0.00,0.00,0.00,0.00,2,0
2026-06-12 16:37:33.134,0.00,0.00,0.00,0.00,2,0
2026-06-12 16:37:33.184,0.00,0.00,0.00,0.00,2,0
2026-06-12 16:37:33.235,0.00,0.00,0.00,0.00,2,0
2026-06-12 16:37:33.285,0.00,0.00,0.00,0.00,2,0
2026-06-12 16:37:33.335,0.00,0.00,0.00,0.00,2,0
2026-06-12 16:37:33.386,0.00,0.00,0.00,0.00,2,0
2026-06-12 16:37:33.436,0.00,0.00,0.00,0.00,2,0
2026-06-12 16:37:33.486,0.00,0.00,0.00,0.00,2,0
2026-06-12 16:37:33.537,0.00,0.00,0.00,0.00,2,0
2026-06-12 16:37:33.587,0.00,0.00,0.00,0.00,2,0
2026-06-12 16:37:33.638,0.00,0.00,0.00,0.00,2,0
2026-06-12 16:37:33.688,0.00,0.00,0.00,0.00,2,0
2026-06-12 16:37:33.738,0.00,0.00,0.00,0.00,2,0
2026-06-12 16:37:33.791,0.00,0.00,0.00,0.00,2,0
2026-06-12 16:37:33.839,0.00,0.00,0.00,0.00,2,0
2026-06-12 16:37:33.890,0.00,0.00,0.00,0.00,2,0
2026-06-12 16:37:33.940,0.00,0.00,0.00,0.00,2,0
2026-06-12 16:37:33.990,0.00,0.00,0.00,0.00,2,0
2026-06-12 16:37:34.041,0.00,0.00,0.00,0.00,2,0
2026-06-12 16:37:34.091,0.00,0.00,0.00,0.00,2,0
2026-06-12 16:37:34.142,0.00,0.00,0.00,0.00,2,0
2026-06-12 16:37:34.192,0.00,0.00,0.00,0.00,2,0
2026-06-12 16:37:34.242,0.00,0.00,0.00,0.00,2,0
2026-06-12 16:37:34.293,0.00,0.00,0.00,0.00,2,0
2026-06-12 16:37:34.343,0.00,0.00,0.00,0.00,2,0
2026-06-12 16:37:34.394,0.00,0.00,0.00,0.00,2,0
2026-06-12 16:37:34.444,0.00,0.00,0.00,0.00,2,0
2026-06-12 16:37:34.495,0.00,0.00,0.00,0.00,2,0
2026-06-12 16:37:34.545,0.00,0.00,0.00,0.00,2,0
2026-06-12 16:37:34.595,0.00,0.00,0.00,0.00,2,0
2026-06-12 16:37:34.646,0.00,0.00,0.00,0.00,2,0
2026-06-12 16:37:34.696,0.00,0.00,0.00,0.00,2,0
2026-06-12 16:37:34.746,0.00,0.00,0.00,0.00,2,0
2026-06-12 16:37:34.797,0.00,0.00,0.00,0.00,2,0
2026-06-12 16:37:34.847,0.00,0.00,0.00,0.00,2,0
2026-06-12 16:37:34.898,0.00,0.00,0.00,0.00,2,0
2026-06-12 16:37:34.948,0.00,0.00,0.00,0.00,2,0
2026-06-12 16:37:34.998,0.00,0.00,0.00,0.00,2,0
2026-06-12 16:37:35.049,0.00,0.00,0.00,0.00,2,0
2026-06-12 16:37:35.099,0.00,0.00,0.00,0.00,2,0
2026-06-12 16:37:35.149,0.00,0.00,0.00,0.00,2,0
2026-06-12 16:37:35.200,0.00,0.00,0.00,0.00,2,0
2026-06-12 16:37:35.250,0.00,0.00,0.00,0.00,2,0
2026-06-12 16:37:35.301,0.00,0.00,0.00,0.00,2,0
2026-06-12 16:37:35.351,0.00,0.00,0.00,0.00,2,0
2026-06-12 16:37:35.401,0.00,0.00,0.00,0.00,2,0
2026-06-12 16:37:35.452,0.00,0.00,0.00,0.00,2,0
2026-06-12 16:37:35.502,0.00,0.00,0.00,0.00,2,0
2026-06-12 16:37:35.553,0.00,0.00,0.00,0.00,2,0
2026-06-12 16:37:35.603,0.00,0.00,0.00,0.00,2,0
2026-06-12 16:37:35.653,0.00,0.00,0.00,0.00,2,0
2026-06-12 16:37:35.705,0.00,0.00,0.00,0.00,2,0
2026-06-12 16:37:35.754,0.00,0.00,0.00,0.00,2,0
2026-06-12 16:37:35.805,0.00,0.00,0.00,0.00,2,0
2026-06-12 16:37:35.856,0.00,0.00,0.00,0.00,2,0
2026-06-12 16:37:35.909,0.00,0.00,0.00,0.00,2,0
2026-06-12 16:37:35.956,0.00,0.00,0.00,0.00,2,0
2026-06-12 16:37:36.006,0.00,0.00,0.00,0.00,2,0
2026-06-12 16:37:36.057,0.00,0.00,0.00,0.00,2,0
2026-06-12 16:37:36.107,0.00,0.00,0.00,0.00,2,0
2026-06-12 16:37:36.157,0.00,0.00,0.00,0.00,2,0
2026-06-12 16:37:36.208,0.00,0.00,0.00,0.00,2,0
2026-06-12 16:37:36.258,0.00,0.00,0.00,0.00,2,0
2026-06-12 16:37:36.309,0.00,0.00,0.00,0.00,2,0
2026-06-12 16:37:36.359,0.00,0.00,0.00,0.00,2,0
2026-06-12 16:37:36.409,0.00,0.00,0.00,0.00,2,0
2026-06-12 16:37:36.460,0.00,0.00,0.00,0.00,2,0
2026-06-12 16:37:36.510,0.00,0.00,0.00,0.00,2,0
2026-06-12 16:37:36.561,0.00,0.00,0.00,0.00,2,0
2026-06-12 16:37:36.611,0.00,0.00,0.00,0.00,2,0
2026-06-12 16:37:36.661,0.00,0.00,0.00,0.00,2,0
2026-06-12 16:37:36.712,0.00,0.00,0.00,0.00,2,0
2026-06-12 16:37:36.762,0.00,0.00,0.00,0.00,2,0
2026-06-12 16:37:36.812,0.00,0.00,0.00,0.00,2,0
2026-06-12 16:37:36.863,0.00,0.00,0.00,0.00,2,0
2026-06-12 16:37:36.913,0.00,0.00,0.00,0.00,2,0
2026-06-12 16:37:36.964,0.00,0.00,0.00,0.00,2,0
2026-06-12 16:37:37.015,0.00,0.00,0.00,0.00,2,0
2026-06-12 16:37:37.065,0.00,0.00,0.00,0.00,2,0
2026-06-12 16:37:37.117,0.00,0.00,0.00,0.00,2,0
2026-06-12 16:37:37.165,0.00,0.00,0.00,0.00,2,0
2026-06-12 16:37:37.216,0.00,0.00,0.00,0.00,2,0
2026-06-12 16:37:37.266,0.00,0.00,0.00,0.00,2,0
2026-06-12 16:37:37.316,0.00,0.00,0.00,0.00,2,0
2026-06-12 16:37:37.367,0.00,0.00,0.00,0.00,2,0
2026-06-12 16:37:37.417,0.00,0.00,0.00,0.00,2,0
2026-06-12 16:37:37.468,0.00,0.00,0.00,0.00,2,0
2026-06-12 16:37:37.518,0.00,0.00,0.00,0.00,2,0
2026-06-12 16:37:37.568,0.00,0.00,0.00,0.00,2,0
2026-06-12 16:37:37.619,0.00,0.00,0.00,0.00,2,0
2026-06-12 16:37:37.669,0.00,0.00,0.00,0.00,2,0
2026-06-12 16:37:37.720,0.00,0.00,0.00,0.00,2,0
2026-06-12 16:37:37.770,0.00,0.00,0.00,0.00,2,0
2026-06-12 16:37:37.820,0.00,0.00,0.00,0.00,2,0
2026-06-12 16:37:37.871,0.00,0.00,0.00,0.00,2,0
2026-06-12 16:37:37.921,0.00,0.00,0.00,0.00,2,0
2026-06-12 16:37:37.972,0.00,0.00,0.00,0.00,2,0
2026-06-12 16:37:38.022,0.00,0.00,0.00,0.00,2,0
2026-06-12 16:37:38.072,0.00,0.00,0.00,0.00,2,0
2026-06-12 16:37:38.123,0.00,0.00,0.00,0.00,2,0
2026-06-12 16:37:38.173,0.00,0.00,0.00,0.00,2,0
2026-06-12 16:37:38.223,0.00,0.00,0.00,0.00,2,0
2026-06-12 16:37:38.274,0.00,0.00,0.00,0.00,2,0
2026-06-12 16:37:38.325,0.00,0.00,0.00,0.00,2,0
2026-06-12 16:37:38.375,0.00,0.00,0.00,0.00,2,0
2026-06-12 16:37:38.425,0.00,0.00,0.00,0.00,2,0
2026-06-12 16:37:38.475,0.00,0.00,0.00,0.00,2,0
2026-06-12 16:37:38.526,0.00,0.00,0.00,0.00,2,0
2026-06-12 16:37:38.576,0.00,0.00,0.00,0.00,2,0
2026-06-12 16:37:38.627,0.00,0.00,0.00,0.00,2,0
2026-06-12 16:37:38.677,0.00,0.00,0.00,0.00,2,0
2026-06-12 16:37:38.728,0.00,0.00,0.00,0.00,2,0
2026-06-12 16:37:38.778,0.00,0.00,0.00,0.00,2,0
2026-06-12 16:37:38.828,0.00,0.00,0.00,0.00,2,0
2026-06-12 16:37:38.879,0.00,0.00,0.00,0.00,2,0
2026-06-12 16:37:38.929,0.00,0.00,0.00,0.00,2,0
2026-06-12 16:37:38.979,0.00,0.00,0.00,0.00,2,0
2026-06-12 16:37:39.030,0.00,0.00,0.00,0.00,2,0
2026-06-12 16:37:39.080,0.00,0.00,0.00,0.00,2,0
2026-06-12 16:37:39.131,0.00,0.00,0.00,0.00,2,0
2026-06-12 16:37:39.181,0.00,0.00,0.00,0.00,2,0
2026-06-12 16:37:39.231,0.00,0.00,0.00,0.00,2,0
2026-06-12 16:37:39.282,0.00,0.00,0.00,0.00,2,0
2026-06-12 16:37:39.332,0.00,0.00,0.00,0.00,2,0
2026-06-12 16:37:39.383,0.00,0.00,0.00,0.00,2,0
2026-06-12 16:37:39.433,0.00,0.00,0.00,0.00,2,0
2026-06-12 16:37:39.483,0.00,0.00,0.00,0.00,2,0
2026-06-12 16:37:39.535,0.00,0.00,0.00,0.00,2,0
2026-06-12 16:37:39.585,0.00,0.00,0.00,0.00,2,0
2026-06-12 16:37:39.635,0.00,0.00,0.00,0.00,2,0
2026-06-12 16:37:39.685,0.00,0.00,0.00,0.00,2,0
2026-06-12 16:37:39.735,0.00,0.00,0.00,0.00,2,0
2026-06-12 16:37:39.786,0.00,0.00,0.00,0.00,2,0
2026-06-12 16:37:39.836,0.00,0.00,0.00,0.00,2,0
2026-06-12 16:37:39.887,0.00,0.00,0.00,0.00,2,0
2026-06-12 16:37:39.937,0.00,0.00,0.00,0.00,2,0
2026-06-12 16:37:39.987,0.00,0.00,0.00,0.00,2,0
2026-06-12 16:37:40.038,0.00,0.00,0.00,0.00,2,0
2026-06-12 16:37:40.088,0.00,0.00,0.00,0.00,2,0
2026-06-12 16:37:40.138,0.00,0.00,0.00,0.00,2,0
2026-06-12 16:37:40.189,0.00,0.00,0.00,0.00,2,0
2026-06-12 16:37:40.239,0.00,0.00,0.00,0.00,2,0
2026-06-12 16:37:40.290,0.00,0.00,0.00,0.00,2,0
2026-06-12 16:37:40.340,0.00,0.00,0.00,0.00,2,0
2026-06-12 16:37:40.390,0.00,0.00,0.00,0.00,2,0
2026-06-12 16:37:40.441,0.00,0.00,0.00,0.00,2,0
2026-06-12 16:37:40.491,0.00,0.00,0.00,0.00,2,0
2026-06-12 16:37:40.542,0.00,0.00,0.00,0.00,2,0
2026-06-12 16:37:40.592,0.00,0.00,0.00,0.00,2,0
2026-06-12 16:37:40.642,0.00,0.00,0.00,0.00,2,0
2026-06-12 16:37:40.693,0.00,0.00,0.00,0.00,2,0
2026-06-12 16:37:40.743,0.00,0.00,0.00,0.00,2,0
2026-06-12 16:37:40.794,0.00,0.00,0.00,0.00,2,0
2026-06-12 16:37:40.845,0.00,0.00,0.00,0.00,2,0
2026-06-12 16:37:40.894,0.00,0.00,0.00,0.00,2,0
2026-06-12 16:37:40.945,0.00,0.00,0.00,0.00,2,0
2026-06-12 16:37:40.995,0.00,0.00,0.00,0.00,2,0
2026-06-12 16:37:41.046,0.00,0.00,0.00,0.00,2,0
2026-06-12 16:37:41.096,0.00,0.00,0.00,0.00,2,0
2026-06-12 16:37:41.146,0.00,0.00,0.00,0.00,2,0
2026-06-12 16:37:41.197,0.00,0.00,0.00,0.00,2,0
2026-06-12 16:37:41.247,0.00,0.00,0.00,0.00,2,0
2026-06-12 16:37:41.298,0.00,0.00,0.00,0.00,2,0
2026-06-12 16:37:41.348,0.00,0.00,0.00,0.00,2,0
2026-06-12 16:37:41.399,0.00,0.00,0.00,0.00,2,0
2026-06-12 16:37:41.449,0.00,0.00,0.00,0.00,2,0
2026-06-12 16:37:41.499,0.00,0.00,0.00,0.00,2,0
2026-06-12 16:37:41.550,0.00,0.00,0.00,0.00,2,0
2026-06-12 16:37:41.600,0.00,0.00,0.00,0.00,2,0
2026-06-12 16:37:41.650,0.00,0.00,0.00,0.00,2,0
2026-06-12 16:37:41.701,0.00,0.00,0.00,0.00,2,0
2026-06-12 16:37:41.751,0.00,0.00,0.00,0.00,2,0
2026-06-12 16:37:41.802,0.00,0.00,0.00,0.00,2,0
2026-06-12 16:37:41.852,0.00,0.00,0.00,0.00,2,0
2026-06-12 16:37:41.902,0.00,0.00,0.00,0.00,2,0
2026-06-12 16:37:41.953,0.00,0.00,0.00,0.00,2,0
2026-06-12 16:37:42.003,0.00,0.00,0.00,0.00,2,0
2026-06-12 16:37:42.053,0.00,0.00,0.00,0.00,2,0
2026-06-12 16:37:42.105,0.00,0.00,0.00,0.00,2,0
2026-06-12 16:37:42.155,0.00,0.00,0.00,0.00,2,0
2026-06-12 16:37:42.206,0.00,0.00,0.00,0.00,2,0
2026-06-12 16:37:42.255,0.00,0.00,0.00,0.00,2,0
2026-06-12 16:37:42.305,0.00,0.00,0.00,0.00,2,0
2026-06-12 16:37:42.356,0.00,0.00,0.00,0.00,2,0
2026-06-12 16:37:42.406,0.00,0.00,0.00,0.00,2,0
2026-06-12 16:37:42.457,0.00,0.00,0.00,0.00,2,0
2026-06-12 16:37:42.507,0.00,0.00,0.00,0.00,2,0
2026-06-12 16:37:42.557,0.00,0.00,0.00,0.00,2,0
2026-06-12 16:37:42.608,0.00,0.00,0.00,0.00,2,0
2026-06-12 16:37:42.658,0.00,0.00,0.00,0.00,2,0
2026-06-12 16:37:42.709,0.00,0.00,0.00,0.00,2,0
2026-06-12 16:37:42.759,0.00,0.00,0.00,0.00,2,0
2026-06-12 16:37:42.809,0.00,0.00,0.00,0.00,2,0
2026-06-12 16:37:42.860,0.00,0.00,0.00,0.00,2,0
2026-06-12 16:37:42.910,0.00,0.00,0.00,0.00,2,0
2026-06-12 16:37:42.960,0.00,0.00,0.00,0.00,2,0
2026-06-12 16:37:43.011,0.00,0.00,0.00,0.00,2,0
2026-06-12 16:37:43.061,0.00,0.00,0.00,0.00,2,0
2026-06-12 16:37:43.112,0.00,0.00,0.00,0.00,2,0
2026-06-12 16:37:43.162,0.00,0.00,0.00,0.00,2,0
2026-06-12 16:37:43.213,0.00,0.00,0.00,0.00,2,0
2026-06-12 16:37:43.263,0.00,0.00,0.00,0.00,2,0
2026-06-12 16:37:43.313,0.00,0.00,0.00,0.00,2,0
2026-06-12 16:37:43.364,0.00,0.00,0.00,0.00,2,0
2026-06-12 16:37:43.414,0.00,0.00,0.00,0.00,2,0
2026-06-12 16:37:43.465,0.00,0.00,0.00,0.00,2,0
2026-06-12 16:37:43.515,0.00,0.00,0.00,0.00,2,0
2026-06-12 16:37:43.565,0.00,0.00,0.00,0.00,2,0
2026-06-12 16:37:43.616,0.00,0.00,0.00,0.00,2,0
2026-06-12 16:37:43.666,0.00,0.00,0.00,0.00,2,0
2026-06-12 16:37:43.716,0.00,0.00,0.00,0.00,2,0
2026-06-12 16:37:43.767,0.00,0.00,0.00,0.00,2,0
2026-06-12 16:37:43.817,0.00,0.00,0.00,0.00,2,0
2026-06-12 16:37:43.868,0.00,0.00,0.00,0.00,2,0
2026-06-12 16:37:43.918,0.00,0.00,0.00,0.00,2,0
2026-06-12 16:37:43.968,0.00,0.00,0.00,0.00,2,0
2026-06-12 16:37:44.019,0.00,0.00,0.00,0.00,2,0
2026-06-12 16:37:44.069,0.00,0.00,0.00,0.00,2,0
2026-06-12 16:37:44.120,0.00,0.00,0.00,0.00,2,0
2026-06-12 16:37:44.170,0.00,0.00,0.00,0.00,2,0
2026-06-12 16:37:44.220,0.00,0.00,0.00,0.00,2,0
2026-06-12 16:37:44.271,0.00,0.00,0.00,0.00,2,0
2026-06-12 16:37:44.321,0.00,0.00,0.00,0.00,2,0
2026-06-12 16:37:44.372,0.00,0.00,0.00,0.00,2,0
2026-06-12 16:37:44.422,0.00,0.00,0.00,0.00,2,0
2026-06-12 16:37:44.472,0.00,0.00,0.00,0.00,2,0
2026-06-12 16:37:44.523,0.00,0.00,0.00,0.00,2,0
2026-06-12 16:37:44.573,0.00,0.00,0.00,0.00,2,0
2026-06-12 16:37:44.624,0.00,0.00,0.00,0.00,2,0
2026-06-12 16:37:44.675,0.00,0.00,0.00,0.00,2,0
2026-06-12 16:37:44.725,0.00,0.00,0.00,0.00,2,0
2026-06-12 16:37:44.775,0.00,0.00,0.00,0.00,2,0
2026-06-12 16:37:44.825,0.00,0.00,0.00,0.00,2,0
2026-06-12 16:37:44.876,0.00,0.00,0.00,0.00,2,0
2026-06-12 16:37:44.926,0.00,0.00,0.00,0.00,2,0
2026-06-12 16:37:44.976,0.00,0.00,0.00,0.00,2,0
2026-06-12 16:37:45.027,0.00,0.00,0.00,0.00,2,0
2026-06-12 16:37:45.077,0.00,0.00,0.00,0.00,2,0
2026-06-12 16:37:45.127,0.00,0.00,0.00,0.00,2,0
2026-06-12 16:37:45.178,0.00,0.00,0.00,0.00,2,0
2026-06-12 16:37:45.228,0.00,0.00,0.00,0.00,2,0
2026-06-12 16:37:45.279,0.00,0.00,0.00,0.00,2,0
2026-06-12 16:37:45.329,0.00,0.00,0.00,0.00,2,0
2026-06-12 16:37:45.380,0.00,0.00,0.00,0.00,2,0
2026-06-12 16:37:45.430,0.00,0.00,0.00,0.00,2,0
2026-06-12 16:37:45.480,0.00,0.00,0.00,0.00,2,0
2026-06-12 16:37:45.531,0.00,0.00,0.00,0.00,2,0
2026-06-12 16:37:45.581,0.00,0.00,0.00,0.00,2,0
2026-06-12 16:37:45.631,0.00,0.00,0.00,0.00,2,0
2026-06-12 16:37:45.682,0.00,0.00,0.00,0.00,2,0
2026-06-12 16:37:45.732,0.00,0.00,0.00,0.00,2,0
2026-06-12 16:37:45.783,0.00,0.00,0.00,0.00,2,0
2026-06-12 16:37:45.833,0.00,0.00,0.00,0.00,2,0
2026-06-12 16:37:45.883,0.00,0.00,0.00,0.00,2,0
2026-06-12 16:37:45.935,0.00,0.00,0.00,0.00,2,0
2026-06-12 16:37:45.985,0.00,0.00,0.00,0.00,2,0
2026-06-12 16:37:46.035,0.00,0.00,0.00,0.00,2,0
2026-06-12 16:37:46.085,0.00,0.00,0.00,0.00,2,0
2026-06-12 16:37:46.135,0.00,0.00,0.00,0.00,2,0
2026-06-12 16:37:46.186,0.00,0.00,0.00,0.00,2,0
2026-06-12 16:37:46.236,0.00,0.00,0.00,0.00,2,0
2026-06-12 16:37:46.287,0.00,0.00,0.00,0.00,2,0
2026-06-12 16:37:46.337,0.00,0.00,0.00,0.00,2,0
2026-06-12 16:37:46.387,0.00,0.00,0.00,0.00,2,0
2026-06-12 16:37:46.438,0.00,0.00,0.00,0.00,2,0
2026-06-12 16:37:46.488,0.00,0.00,0.00,0.00,2,0
2026-06-12 16:37:46.539,0.00,0.00,0.00,0.00,2,0
2026-06-12 16:37:46.589,0.00,0.00,0.00,0.00,2,0
2026-06-12 16:37:46.639,0.00,0.00,0.00,0.00,2,0
2026-06-12 16:37:46.690,0.00,0.00,0.00,0.00,2,0
2026-06-12 16:37:46.740,0.00,0.00,0.00,0.00,2,0
2026-06-12 16:37:46.790,0.00,0.00,0.00,0.00,2,0
2026-06-12 16:37:46.841,0.00,0.00,0.00,0.00,2,0
2026-06-12 16:37:46.891,0.00,0.00,0.00,0.00,2,0
2026-06-12 16:37:46.942,0.00,0.00,0.00,0.00,2,0
2026-06-12 16:37:46.992,0.00,0.00,0.00,0.00,2,0
2026-06-12 16:37:47.043,0.00,0.00,0.00,0.00,2,0
2026-06-12 16:37:47.093,0.00,0.00,0.00,0.00,2,0
2026-06-12 16:37:47.143,0.00,0.00,0.00,0.00,2,0
2026-06-12 16:37:47.194,0.00,0.00,0.00,0.00,2,0
2026-06-12 16:37:47.245,0.00,0.00,0.00,0.00,2,0
2026-06-12 16:37:47.295,0.00,0.00,0.00,0.00,2,0
2026-06-12 16:37:47.345,0.00,0.00,0.00,0.00,2,0
2026-06-12 16:37:47.395,0.00,0.00,0.00,0.00,2,0
2026-06-12 16:37:47.446,0.00,0.00,0.00,0.00,2,0
2026-06-12 16:37:47.496,0.00,0.00,0.00,0.00,2,0
2026-06-12 16:37:47.546,0.00,0.00,0.00,0.00,2,0
2026-06-12 16:37:47.597,0.00,0.00,0.00,0.00,2,0
2026-06-12 16:37:47.647,0.00,0.00,0.00,0.00,2,0
2026-06-12 16:37:47.698,0.00,0.00,0.00,0.00,2,0
2026-06-12 16:37:47.748,0.00,0.00,0.00,0.00,2,0
2026-06-12 16:37:47.798,0.00,0.00,0.00,0.00,2,0
2026-06-12 16:37:47.849,0.00,0.00,0.00,0.00,2,0
2026-06-12 16:37:47.899,0.00,0.00,0.00,0.00,2,0
2026-06-12 16:37:47.950,0.00,0.00,0.00,0.00,2,0
2026-06-12 16:37:48.000,0.00,0.00,0.00,0.00,2,0
2026-06-12 16:37:48.050,0.00,0.00,0.00,0.00,2,0
2026-06-12 16:37:48.101,0.00,0.00,0.00,0.00,2,0
2026-06-12 16:37:48.151,0.00,0.00,0.00,0.00,2,0
2026-06-12 16:37:48.202,0.00,0.00,0.00,0.00,2,0
2026-06-12 16:37:48.252,0.00,0.00,0.00,0.00,2,0
2026-06-12 16:37:48.302,0.00,0.00,0.00,0.00,2,0
2026-06-12 16:37:48.353,0.00,0.00,0.00,0.00,2,0
2026-06-12 16:37:48.403,0.00,0.00,0.00,0.00,2,0
2026-06-12 16:37:48.454,0.00,0.00,0.00,0.00,2,0
2026-06-12 16:37:48.504,0.00,0.00,0.00,0.00,2,0
2026-06-12 16:37:48.555,0.00,0.00,0.00,0.00,2,0
2026-06-12 16:37:48.605,0.00,0.00,0.00,0.00,2,0
2026-06-12 16:37:48.655,0.00,0.00,0.00,0.00,2,0
2026-06-12 16:37:48.706,0.00,0.00,0.00,0.00,2,0
2026-06-12 16:37:48.756,0.00,0.00,0.00,0.00,2,0
2026-06-12 16:37:48.806,0.00,0.00,0.00,0.00,2,0
2026-06-12 16:37:48.857,0.00,0.00,0.00,0.00,2,0
2026-06-12 16:37:48.907,0.00,0.00,0.00,0.00,2,0
2026-06-12 16:37:48.958,0.00,0.00,0.00,0.00,2,0
2026-06-12 16:37:49.008,0.00,0.00,0.00,0.00,2,0
2026-06-12 16:37:49.058,0.00,0.00,0.00,0.00,2,0
2026-06-12 16:37:49.109,0.00,0.00,0.00,0.00,2,0
2026-06-12 16:37:49.159,0.00,0.00,0.00,0.00,2,0
2026-06-12 16:37:49.209,0.00,0.00,0.00,0.00,2,0
2026-06-12 16:37:49.260,0.00,0.00,0.00,0.00,2,0
2026-06-12 16:37:49.310,0.00,0.00,0.00,0.00,2,0
2026-06-12 16:37:49.361,0.00,0.00,0.00,0.00,2,0
2026-06-12 16:37:49.411,0.00,0.00,0.00,0.00,2,0
2026-06-12 16:37:49.461,0.00,0.00,0.00,0.00,2,0
2026-06-12 16:37:49.512,0.00,0.00,0.00,0.00,2,0
2026-06-12 16:37:49.562,0.00,0.00,0.00,0.00,2,0
2026-06-12 16:37:49.613,0.00,0.00,0.00,0.00,2,0
2026-06-12 16:37:49.663,0.00,0.00,0.00,0.00,2,0
2026-06-12 16:37:49.713,0.00,0.00,0.00,0.00,2,0
2026-06-12 16:37:49.764,0.00,0.00,0.00,0.00,2,0
2026-06-12 16:37:49.815,0.00,0.00,0.00,0.00,2,0
2026-06-12 16:37:49.865,0.00,0.00,0.00,0.00,2,0
2026-06-12 16:37:49.915,0.00,0.00,0.00,0.00,2,0
2026-06-12 16:37:49.965,0.00,0.00,0.00,0.00,2,0
2026-06-12 16:37:50.016,0.00,0.00,0.00,0.00,2,0
2026-06-12 16:37:50.066,0.00,0.00,0.00,0.00,2,0
2026-06-12 16:37:50.117,0.00,0.00,0.00,0.00,2,0
2026-06-12 16:37:50.167,0.00,0.00,0.00,0.00,2,0
2026-06-12 16:37:50.217,0.00,0.00,0.00,0.00,2,0
2026-06-12 16:37:50.268,0.00,0.00,0.00,0.00,2,0
2026-06-12 16:37:50.318,0.00,0.00,0.00,0.00,2,0
2026-06-12 16:37:50.368,0.00,0.00,0.00,0.00,2,0
2026-06-12 16:37:50.419,0.00,0.00,0.00,0.00,2,0
2026-06-12 16:37:50.469,0.00,0.00,0.00,0.00,2,0
2026-06-12 16:37:50.520,0.00,0.00,0.00,0.00,2,0
2026-06-12 16:37:50.570,0.00,0.00,0.00,0.00,2,0
2026-06-12 16:37:50.620,0.00,0.00,0.00,0.00,2,0
2026-06-12 16:37:50.671,0.00,0.00,0.00,0.00,2,0
2026-06-12 16:37:50.721,0.00,0.00,0.00,0.00,2,0
2026-06-12 16:37:50.772,0.00,0.00,0.00,0.00,2,0
2026-06-12 16:37:50.822,0.00,0.00,0.00,0.00,2,0
2026-06-12 16:37:50.872,0.00,0.00,0.00,0.00,2,0
2026-06-12 16:37:50.923,0.00,0.00,0.00,0.00,2,0
2026-06-12 16:37:50.973,0.00,0.00,0.00,0.00,2,0
2026-06-12 16:37:51.024,0.00,0.00,0.00,0.00,2,0
2026-06-12 16:37:51.075,0.00,0.00,0.00,0.00,2,0
2026-06-12 16:37:51.125,0.00,0.00,0.00,0.00,2,0
2026-06-12 16:37:51.175,0.00,0.00,0.00,0.00,2,0
2026-06-12 16:37:51.225,0.00,0.00,0.00,0.00,2,0
2026-06-12 16:37:51.276,0.00,0.00,0.00,0.00,2,0
2026-06-12 16:37:51.326,0.00,0.00,0.00,0.00,2,0
2026-06-12 16:37:51.376,0.00,0.00,0.00,0.00,2,0
2026-06-12 16:37:51.427,0.00,0.00,0.00,0.00,2,0
2026-06-12 16:37:51.477,0.00,0.00,0.00,0.00,2,0
2026-06-12 16:37:51.528,0.00,0.00,0.00,0.00,2,0
2026-06-12 16:37:51.578,0.00,0.00,0.00,0.00,2,0
2026-06-12 16:37:51.629,0.00,0.00,0.00,0.00,2,0
2026-06-12 16:37:51.679,0.00,0.00,0.00,0.00,2,0
2026-06-12 16:37:51.729,0.00,0.00,0.00,0.00,2,0
2026-06-12 16:37:51.780,0.00,0.00,0.00,0.00,2,0
2026-06-12 16:37:51.830,0.00,0.00,0.00,0.00,2,0
2026-06-12 16:37:51.880,0.00,0.00,0.00,0.00,2,0
2026-06-12 16:37:51.931,0.00,0.00,0.00,0.00,2,0
2026-06-12 16:37:51.981,0.00,0.00,0.00,0.00,2,0
2026-06-12 16:37:52.031,0.00,0.00,0.00,0.00,2,0
2026-06-12 16:37:52.082,0.00,0.00,0.00,0.00,2,0
2026-06-12 16:37:52.132,0.00,0.00,0.00,0.00,2,0
2026-06-12 16:37:52.183,0.00,0.00,0.00,0.00,2,0
2026-06-12 16:37:52.233,0.00,0.00,0.00,0.00,2,0
2026-06-12 16:37:52.283,0.00,0.00,0.00,0.00,2,0
2026-06-12 16:37:52.334,0.00,0.00,0.00,0.00,2,0
2026-06-12 16:37:52.385,0.00,0.00,0.00,0.00,2,0
2026-06-12 16:37:52.436,0.00,0.00,0.00,0.00,2,0
2026-06-12 16:37:52.485,0.00,0.00,0.00,0.00,2,0
2026-06-12 16:37:52.535,0.00,0.00,0.00,0.00,2,0
2026-06-12 16:37:52.586,0.00,0.00,0.00,0.00,2,0
2026-06-12 16:37:52.637,0.00,0.00,0.00,0.00,2,0
2026-06-12 16:37:52.687,0.00,0.00,0.00,0.00,2,0
2026-06-12 16:37:52.737,0.00,0.00,0.00,0.00,2,0
2026-06-12 16:37:52.787,0.00,0.00,0.00,0.00,2,0
2026-06-12 16:37:52.838,0.00,0.00,0.00,0.00,2,0
2026-06-12 16:37:52.888,0.00,0.00,0.00,0.00,2,0
2026-06-12 16:37:52.939,0.00,0.00,0.00,0.00,2,0
2026-06-12 16:37:52.989,0.00,0.00,0.00,0.00,2,0
2026-06-12 16:37:53.039,0.00,0.00,0.00,0.00,2,0
2026-06-12 16:37:53.090,0.00,0.00,0.00,0.00,2,0
2026-06-12 16:37:53.140,0.00,0.00,0.00,0.00,2,0
2026-06-12 16:37:53.191,0.00,0.00,0.00,0.00,2,0
2026-06-12 16:37:53.241,0.00,0.00,0.00,0.00,2,0
2026-06-12 16:37:53.291,0.00,0.00,0.00,0.00,2,0
2026-06-12 16:37:53.342,0.00,0.00,0.00,0.00,2,0
2026-06-12 16:37:53.392,0.00,0.00,0.00,0.00,2,0
2026-06-12 16:37:53.443,0.00,0.00,0.00,0.00,2,0
2026-06-12 16:37:53.493,0.00,0.00,0.00,0.00,2,0
2026-06-12 16:37:53.543,0.00,0.00,0.00,0.00,2,0
2026-06-12 16:37:53.594,0.00,0.00,0.00,0.00,2,0
2026-06-12 16:37:53.645,0.00,0.00,0.00,0.00,2,0
2026-06-12 16:37:53.695,0.00,0.00,0.00,0.00,2,0
2026-06-12 16:37:53.745,0.00,0.00,0.00,0.00,2,0
2026-06-12 16:37:53.795,0.00,0.00,0.00,0.00,2,0
2026-06-12 16:37:53.846,0.00,0.00,0.00,0.00,2,0
2026-06-12 16:37:53.896,0.00,0.00,0.00,0.00,2,0
2026-06-12 16:37:53.947,0.00,0.00,0.00,0.00,2,0
2026-06-12 16:37:53.997,0.00,0.00,0.00,0.00,2,0
2026-06-12 16:37:54.047,0.00,0.00,0.00,0.00,2,0
2026-06-12 16:37:54.098,0.00,0.00,0.00,0.00,2,0
2026-06-12 16:37:54.148,0.00,0.00,0.00,0.00,2,0
2026-06-12 16:37:54.198,0.00,0.00,0.00,0.00,2,0
2026-06-12 16:37:54.249,0.00,0.00,0.00,0.00,2,0
2026-06-12 16:37:54.299,0.00,0.00,0.00,0.00,2,0
2026-06-12 16:37:54.350,0.00,0.00,0.00,0.00,2,0
2026-06-12 16:37:54.400,0.00,0.00,0.00,0.00,2,0
2026-06-12 16:37:54.450,0.00,0.00,0.00,0.00,2,0
2026-06-12 16:37:54.501,0.00,0.00,0.00,0.00,2,0
2026-06-12 16:37:54.551,0.00,0.00,0.00,0.00,2,0
2026-06-12 16:37:54.602,0.00,0.00,0.00,0.00,2,0
2026-06-12 16:37:54.652,0.00,0.00,0.00,0.00,2,0
2026-06-12 16:37:54.702,0.00,0.00,0.00,0.00,2,0
2026-06-12 16:37:54.753,0.00,0.00,0.00,0.00,2,0
2026-06-12 16:37:54.803,0.00,0.00,0.00,0.00,2,0
2026-06-12 16:37:54.853,0.00,0.00,0.00,0.00,2,0
2026-06-12 16:37:54.905,0.00,0.00,0.00,0.00,2,0
2026-06-12 16:37:54.955,0.00,0.00,0.00,0.00,2,0
2026-06-12 16:37:55.005,0.00,0.00,0.00,0.00,2,0
2026-06-12 16:37:55.055,0.00,0.00,0.00,0.00,2,0
2026-06-12 16:37:55.106,0.00,0.00,0.00,0.00,2,0
2026-06-12 16:37:55.156,0.00,0.00,0.00,0.00,2,0
2026-06-12 16:37:55.206,0.00,0.00,0.00,0.00,2,0
2026-06-12 16:37:55.257,0.00,0.00,0.00,0.00,2,0
2026-06-12 16:37:55.307,0.00,0.00,0.00,0.00,2,0
2026-06-12 16:37:55.357,0.00,0.00,0.00,0.00,2,0
2026-06-12 16:37:55.408,0.00,0.00,0.00,0.00,2,0
2026-06-12 16:37:55.458,0.00,0.00,0.00,0.00,2,0
2026-06-12 16:37:55.509,0.00,0.00,0.00,0.00,2,0
2026-06-12 16:37:55.559,0.00,0.00,0.00,0.00,2,0
2026-06-12 16:37:55.609,0.00,0.00,0.00,0.00,2,0
2026-06-12 16:37:55.660,0.00,0.00,0.00,0.00,2,0
2026-06-12 16:37:55.710,0.00,0.00,0.00,0.00,2,0
2026-06-12 16:37:55.761,0.00,0.00,0.00,0.00,2,0
2026-06-12 16:37:55.811,0.00,0.00,0.00,0.00,2,0
2026-06-12 16:37:55.861,0.00,0.00,0.00,0.00,2,0
2026-06-12 16:37:55.912,0.00,0.00,0.00,0.00,2,0
2026-06-12 16:37:55.962,0.00,0.00,0.00,0.00,2,0
2026-06-12 16:37:56.013,0.00,0.00,0.00,0.00,2,0
2026-06-12 16:37:56.063,0.00,0.00,0.00,0.00,2,0
2026-06-12 16:37:56.113,0.00,0.00,0.00,0.00,2,0
2026-06-12 16:37:56.165,0.00,0.00,0.00,0.00,2,0
2026-06-12 16:37:56.215,0.00,0.00,0.00,0.00,2,0
2026-06-12 16:37:56.265,0.00,0.00,0.00,0.00,2,0
2026-06-12 16:37:56.315,0.00,0.00,0.00,0.00,2,0
2026-06-12 16:37:56.365,0.00,0.00,0.00,0.00,2,0
2026-06-12 16:37:56.416,0.00,0.00,0.00,0.00,2,0
2026-06-12 16:37:56.466,0.00,0.00,0.00,0.00,2,0
2026-06-12 16:37:56.516,0.00,0.00,0.00,0.00,2,0
2026-06-12 16:37:56.567,0.00,0.00,0.00,0.00,2,0
2026-06-12 16:37:56.617,0.00,0.00,0.00,0.00,2,0
2026-06-12 16:37:56.668,0.00,0.00,0.00,0.00,2,0
2026-06-12 16:37:56.718,0.00,0.00,0.00,0.00,2,0
2026-06-12 16:37:56.768,0.00,0.00,0.00,0.00,2,0
2026-06-12 16:37:56.819,0.00,0.00,0.00,0.00,2,0
2026-06-12 16:37:56.869,0.00,0.00,0.00,0.00,2,0
2026-06-12 16:37:56.920,0.00,0.00,0.00,0.00,2,0
2026-06-12 16:37:56.970,0.00,0.00,0.00,0.00,2,0
2026-06-12 16:37:57.020,0.00,0.00,0.00,0.00,2,0
2026-06-12 16:37:57.071,0.00,0.00,0.00,0.00,2,0
2026-06-12 16:37:57.121,0.00,0.00,0.00,0.00,2,0
2026-06-12 16:37:57.172,0.00,0.00,0.00,0.00,2,0
2026-06-12 16:37:57.222,0.00,0.00,0.00,0.00,2,0
2026-06-12 16:37:57.272,0.00,0.00,0.00,0.00,2,0
2026-06-12 16:37:57.323,0.00,0.00,0.00,0.00,2,0
2026-06-12 16:37:57.373,0.00,0.00,0.00,0.00,2,0
2026-06-12 16:37:57.424,0.00,0.00,0.00,0.00,2,0
2026-06-12 16:37:57.474,0.00,0.00,0.00,0.00,2,0
2026-06-12 16:37:57.525,0.00,0.00,0.00,0.00,2,0
2026-06-12 16:37:57.575,0.00,0.00,0.00,0.00,2,0
2026-06-12 16:37:57.625,0.00,0.00,0.00,0.00,2,0
2026-06-12 16:37:57.676,0.00,0.00,0.00,0.00,2,0
2026-06-12 16:37:57.726,0.00,0.00,0.00,0.00,2,0
2026-06-12 16:37:57.776,0.00,0.00,0.00,0.00,2,0
2026-06-12 16:37:57.827,0.00,0.00,0.00,0.00,2,0
2026-06-12 16:37:57.877,0.00,0.00,0.00,0.00,2,0
2026-06-12 16:37:57.928,0.00,0.00,0.00,0.00,2,0
2026-06-12 16:37:57.978,0.00,0.00,0.00,0.00,2,0
2026-06-12 16:37:58.028,0.00,0.00,0.00,0.00,2,0
2026-06-12 16:37:58.079,0.00,0.00,0.00,0.00,2,0
2026-06-12 16:37:58.129,0.00,0.00,0.00,0.00,2,0
2026-06-12 16:37:58.180,0.00,0.00,0.00,0.00,2,0
2026-06-12 16:37:58.230,0.00,0.00,0.00,0.00,2,0
2026-06-12 16:37:58.281,0.00,0.00,0.00,0.00,2,0
2026-06-12 16:37:58.331,0.00,0.00,0.00,0.00,2,0
2026-06-12 16:37:58.381,0.00,0.00,0.00,0.00,2,0
2026-06-12 16:37:58.432,0.00,0.00,0.00,0.00,2,0
2026-06-12 16:37:58.482,0.00,0.00,0.00,0.00,2,0
2026-06-12 16:37:58.532,0.00,0.00,0.00,0.00,2,0
2026-06-12 16:37:58.583,0.00,0.00,0.00,0.00,2,0
2026-06-12 16:37:58.633,0.00,0.00,0.00,0.00,2,0
2026-06-12 16:37:58.683,0.00,0.00,0.00,0.00,2,0
2026-06-12 16:37:58.734,0.00,0.00,0.00,0.00,2,0
2026-06-12 16:37:58.785,0.00,0.00,0.00,0.00,2,0
2026-06-12 16:37:58.835,0.00,0.00,0.00,0.00,2,0
2026-06-12 16:37:58.885,0.00,0.00,0.00,0.00,2,0
2026-06-12 16:37:58.935,0.00,0.00,0.00,0.00,2,0
2026-06-12 16:37:58.986,0.00,0.00,0.00,0.00,2,0
2026-06-12 16:37:59.036,0.00,0.00,0.00,0.00,2,0
2026-06-12 16:37:59.087,0.00,0.00,0.00,0.00,2,0
2026-06-12 16:37:59.137,0.00,0.00,0.00,0.00,2,0
2026-06-12 16:37:59.187,0.00,0.00,0.00,0.00,2,0
2026-06-12 16:37:59.238,0.00,0.00,0.00,0.00,2,0
2026-06-12 16:37:59.288,0.00,0.00,0.00,0.00,2,0
2026-06-12 16:37:59.339,0.00,0.00,0.00,0.00,2,0
2026-06-12 16:37:59.389,0.00,0.00,0.00,0.00,2,0
2026-06-12 16:37:59.439,0.00,0.00,0.00,0.00,2,0
2026-06-12 16:37:59.490,0.00,0.00,0.00,0.00,2,0
2026-06-12 16:37:59.540,0.00,0.00,0.00,0.00,2,0
2026-06-12 16:37:59.591,0.00,0.00,0.00,0.00,2,0
2026-06-12 16:37:59.641,0.00,0.00,0.00,0.00,2,0
2026-06-12 16:37:59.691,0.00,0.00,0.00,0.00,2,0
2026-06-12 16:37:59.742,0.00,0.00,0.00,0.00,2,0
2026-06-12 16:37:59.792,0.00,0.00,0.00,0.00,2,0
2026-06-12 16:37:59.843,0.00,0.00,0.00,0.00,2,0
2026-06-12 16:37:59.893,0.00,0.00,0.00,0.00,2,0
2026-06-12 16:37:59.943,0.00,0.00,0.00,0.00,2,0
2026-06-12 16:37:59.994,0.00,0.00,0.00,0.00,2,0
2026-06-12 16:38:00.044,0.00,0.00,0.00,0.00,2,0
2026-06-12 16:38:00.094,0.00,0.00,0.00,0.00,2,0
2026-06-12 16:38:00.145,0.00,0.00,0.00,0.00,2,0
2026-06-12 16:38:00.195,0.00,0.00,0.00,0.00,2,0
2026-06-12 16:38:00.246,0.00,0.00,0.00,0.00,2,0
2026-06-12 16:38:00.296,0.00,0.00,0.00,0.00,2,0
2026-06-12 16:38:00.346,0.00,0.00,0.00,0.00,2,0
2026-06-12 16:38:00.397,0.00,0.00,0.00,0.00,2,0
2026-06-12 16:38:00.447,0.00,0.00,0.00,0.00,2,0
2026-06-12 16:38:00.498,0.00,0.00,0.00,0.00,2,0
2026-06-12 16:38:00.548,0.00,0.00,0.00,0.00,2,0
2026-06-12 16:38:00.598,0.00,0.00,0.00,0.00,2,0
2026-06-12 16:38:00.649,0.00,0.00,0.00,0.00,2,0
2026-06-12 16:38:00.699,0.00,0.00,0.00,0.00,2,0
2026-06-12 16:38:00.750,0.00,0.00,0.00,0.00,2,0
2026-06-12 16:38:00.800,0.00,0.00,0.00,0.00,2,0
2026-06-12 16:38:00.850,0.00,0.00,0.00,0.00,2,0
2026-06-12 16:38:00.901,0.00,0.00,0.00,0.00,2,0
2026-06-12 16:38:00.951,0.00,0.00,0.00,0.00,2,0
2026-06-12 16:38:01.002,0.00,0.00,0.00,0.00,2,0
2026-06-12 16:38:01.052,0.00,0.00,0.00,0.00,2,0
2026-06-12 16:38:01.102,0.00,0.00,0.00,0.00,2,0
2026-06-12 16:38:01.153,0.00,0.00,0.00,0.00,2,0
2026-06-12 16:38:01.203,0.00,0.00,0.00,0.00,2,0
2026-06-12 16:38:01.253,0.00,0.00,0.00,0.00,2,0
2026-06-12 16:38:01.304,0.00,0.00,0.00,0.00,2,0
2026-06-12 16:38:01.355,0.00,0.00,0.00,0.00,2,0
2026-06-12 16:38:01.406,0.00,0.00,0.00,0.00,2,0
2026-06-12 16:38:01.456,0.00,0.00,0.00,0.00,2,0
2026-06-12 16:38:01.505,0.00,0.00,0.00,0.00,2,0
2026-06-12 16:38:01.556,0.00,0.00,0.00,0.00,2,0
2026-06-12 16:38:01.606,0.00,0.00,0.00,0.00,2,0
2026-06-12 16:38:01.657,0.00,0.00,0.00,0.00,2,0
2026-06-12 16:38:01.707,0.00,0.00,0.00,0.00,2,0
2026-06-12 16:38:01.757,0.00,0.00,0.00,0.00,2,0
2026-06-12 16:38:01.808,0.00,0.00,0.00,0.00,2,0
2026-06-12 16:38:01.858,0.00,0.00,0.00,0.00,2,0
2026-06-12 16:38:01.909,0.00,0.00,0.00,0.00,2,0
2026-06-12 16:38:01.959,0.00,0.00,0.00,0.00,2,0
2026-06-12 16:38:02.009,0.00,0.00,0.00,0.00,2,0
2026-06-12 16:38:02.060,0.00,0.00,0.00,0.00,2,0
2026-06-12 16:38:02.110,0.00,0.00,0.00,0.00,2,0
2026-06-12 16:38:02.161,0.00,0.00,0.00,0.00,2,0
2026-06-12 16:38:02.211,0.00,0.00,0.00,0.00,2,0
2026-06-12 16:38:02.261,0.00,0.00,0.00,0.00,2,0
2026-06-12 16:38:02.312,0.00,0.00,0.00,0.00,2,0
2026-06-12 16:38:02.362,0.00,0.00,0.00,0.00,2,0
2026-06-12 16:38:02.413,0.00,0.00,0.00,0.00,2,0
2026-06-12 16:38:02.463,0.00,0.00,0.00,0.00,2,0
2026-06-12 16:38:02.513,0.00,0.00,0.00,0.00,2,0
2026-06-12 16:38:02.564,0.00,0.00,0.00,0.00,2,0
2026-06-12 16:38:02.615,0.00,0.00,0.00,0.00,2,0
2026-06-12 16:38:02.665,0.00,0.00,0.00,0.00,2,0
2026-06-12 16:38:02.715,0.00,0.00,0.00,0.00,2,0
2026-06-12 16:38:02.765,0.00,0.00,0.00,0.00,2,0
2026-06-12 16:38:02.816,0.00,0.00,0.00,0.00,2,0
2026-06-12 16:38:02.866,0.00,0.00,0.00,0.00,2,0
2026-06-12 16:38:02.916,0.00,0.00,0.00,0.00,2,0
2026-06-12 16:38:02.967,0.00,0.00,0.00,0.00,2,0
2026-06-12 16:38:03.017,0.00,0.00,0.00,0.00,2,0
2026-06-12 16:38:03.068,0.00,0.00,0.00,0.00,2,0
2026-06-12 16:38:03.118,0.00,0.00,0.00,0.00,2,0
2026-06-12 16:38:03.168,0.00,0.00,0.00,0.00,2,0
2026-06-12 16:38:03.219,0.00,0.00,0.00,0.00,2,0
2026-06-12 16:38:03.269,0.00,0.00,0.00,0.00,2,0
2026-06-12 16:38:03.320,0.00,0.00,0.00,0.00,2,0
2026-06-12 16:38:03.370,0.00,0.00,0.00,0.00,2,0
2026-06-12 16:38:03.420,0.00,0.00,0.00,0.00,2,0
2026-06-12 16:38:03.471,0.00,0.00,0.00,0.00,2,0
2026-06-12 16:38:03.521,0.00,0.00,0.00,0.00,2,0
2026-06-12 16:38:03.572,0.00,0.00,0.00,0.00,2,0
2026-06-12 16:38:03.622,0.00,0.00,0.00,0.00,2,0
2026-06-12 16:38:03.672,0.00,0.00,0.00,0.00,2,0
2026-06-12 16:38:03.723,0.00,0.00,0.00,0.00,2,0
2026-06-12 16:38:03.773,0.00,0.00,0.00,0.00,2,0
2026-06-12 16:38:03.824,0.00,0.00,0.00,0.00,2,0
2026-06-12 16:38:03.874,0.00,0.00,0.00,0.00,2,0
2026-06-12 16:38:03.925,0.00,0.00,0.00,0.00,2,0
2026-06-12 16:38:03.975,0.00,0.00,0.00,0.00,2,0
2026-06-12 16:38:04.025,0.00,0.00,0.00,0.00,2,0
2026-06-12 16:38:04.075,0.00,0.00,0.00,0.00,2,0
2026-06-12 16:38:04.126,0.00,0.00,0.00,0.00,2,0
2026-06-12 16:38:04.176,0.00,0.00,0.00,0.00,2,0
2026-06-12 16:38:04.227,0.00,0.00,0.00,0.00,2,0
2026-06-12 16:38:04.277,0.00,0.00,0.00,0.00,2,0
2026-06-12 16:38:04.327,0.00,0.00,0.00,0.00,2,0
2026-06-12 16:38:04.378,0.00,0.00,0.00,0.00,2,0
2026-06-12 16:38:04.428,0.00,0.00,0.00,0.00,2,0
2026-06-12 16:38:04.479,0.00,0.00,0.00,0.00,2,0
2026-06-12 16:38:04.529,0.00,0.00,0.00,0.00,2,0
2026-06-12 16:38:04.579,0.00,0.00,0.00,0.00,2,0
2026-06-12 16:38:04.630,0.00,0.00,0.00,0.00,2,0
2026-06-12 16:38:04.680,0.00,0.00,0.00,0.00,2,0
2026-06-12 16:38:04.731,0.00,0.00,0.00,0.00,2,0
2026-06-12 16:38:04.781,0.00,0.00,0.00,0.00,2,0
2026-06-12 16:38:04.831,0.00,0.00,0.00,0.00,2,0
2026-06-12 16:38:04.882,0.00,0.00,0.00,0.00,2,0
2026-06-12 16:38:04.932,0.00,0.00,0.00,0.00,2,0
2026-06-12 16:38:04.983,0.00,0.00,0.00,0.00,2,0
2026-06-12 16:38:05.033,0.00,0.00,0.00,0.00,2,0
2026-06-12 16:38:05.083,0.00,0.00,0.00,0.00,2,0
2026-06-12 16:38:05.134,0.00,0.00,0.00,0.00,2,0
2026-06-12 16:38:05.184,0.00,0.00,0.00,0.00,2,0
2026-06-12 16:38:05.235,0.00,0.00,0.00,0.00,2,0
2026-06-12 16:38:05.285,0.00,0.00,0.00,0.00,2,0
2026-06-12 16:38:05.335,0.00,0.00,0.00,0.00,2,0
2026-06-12 16:38:05.386,0.00,0.00,0.00,0.00,2,0
2026-06-12 16:38:05.436,0.00,0.00,0.00,0.00,2,0
2026-06-12 16:38:05.487,0.00,0.00,0.00,0.00,2,0
2026-06-12 16:38:05.537,0.00,0.00,0.00,0.00,2,0
2026-06-12 16:38:05.587,0.00,0.00,0.00,0.00,2,0
2026-06-12 16:38:05.638,0.00,0.00,0.00,0.00,2,0
2026-06-12 16:38:05.688,0.00,0.00,0.00,0.00,2,0
2026-06-12 16:38:05.738,0.00,0.00,0.00,0.00,2,0
2026-06-12 16:38:05.789,0.00,0.00,0.00,0.00,2,0
2026-06-12 16:38:05.839,0.00,0.00,0.00,0.00,2,0
2026-06-12 16:38:05.890,0.00,0.00,0.00,0.00,2,0
2026-06-12 16:38:05.940,0.00,0.00,0.00,0.00,2,0
2026-06-12 16:38:05.991,0.00,0.00,0.00,0.00,2,0
2026-06-12 16:38:06.041,0.00,0.00,0.00,0.00,2,0
2026-06-12 16:38:06.091,0.00,0.00,0.00,0.00,2,0
2026-06-12 16:38:06.142,0.00,0.00,0.00,0.00,2,0
2026-06-12 16:38:06.192,0.00,0.00,0.00,0.00,2,0
2026-06-12 16:38:06.242,0.00,0.00,0.00,0.00,2,0
2026-06-12 16:38:06.293,0.00,0.00,0.00,0.00,2,0
2026-06-12 16:38:06.343,0.00,0.00,0.00,0.00,2,0
2026-06-12 16:38:06.394,0.00,0.00,0.00,0.00,2,0
2026-06-12 16:38:06.444,0.00,0.00,0.00,0.00,2,0
2026-06-12 16:38:06.495,0.00,0.00,0.00,0.00,2,0
2026-06-12 16:38:06.545,0.00,0.00,0.00,0.00,2,0
2026-06-12 16:38:06.595,0.00,0.00,0.00,0.00,2,0
2026-06-12 16:38:06.646,0.00,0.00,0.00,0.00,2,0
2026-06-12 16:38:06.696,0.00,0.00,0.00,0.00,2,0
2026-06-12 16:38:06.746,0.00,0.00,0.00,0.00,2,0
2026-06-12 16:38:06.797,0.00,0.00,0.00,0.00,2,0
2026-06-12 16:38:06.847,0.00,0.00,0.00,0.00,2,0
2026-06-12 16:38:06.898,0.00,0.00,0.00,0.00,2,0
2026-06-12 16:38:06.948,0.00,0.00,0.00,0.00,2,0
2026-06-12 16:38:06.998,0.00,0.00,0.00,0.00,2,0
2026-06-12 16:38:07.049,0.00,0.00,0.00,0.00,2,0
2026-06-12 16:38:07.099,0.00,0.00,0.00,0.00,2,0
2026-06-12 16:38:07.150,0.00,0.00,0.00,0.00,2,0
2026-06-12 16:38:07.200,0.00,0.00,0.00,0.00,2,0
2026-06-12 16:38:07.250,0.00,0.00,0.00,0.00,2,0
2026-06-12 16:38:07.301,0.00,0.00,0.00,0.00,2,0
2026-06-12 16:38:07.351,0.00,0.00,0.00,0.00,2,0
2026-06-12 16:38:07.402,0.00,0.00,0.00,0.00,2,0
2026-06-12 16:38:07.452,0.00,0.00,0.00,0.00,2,0
2026-06-12 16:38:07.502,0.00,0.00,0.00,0.00,2,0
2026-06-12 16:38:07.553,0.00,0.00,0.00,0.00,2,0
2026-06-12 16:38:07.603,0.00,0.00,0.00,0.00,2,0
2026-06-12 16:38:07.653,0.00,0.00,0.00,0.00,2,0
2026-06-12 16:38:07.704,0.00,0.00,0.00,0.00,2,0
2026-06-12 16:38:07.754,0.00,0.00,0.00,0.00,2,0
2026-06-12 16:38:07.805,0.00,0.00,0.00,0.00,2,0
2026-06-12 16:38:07.855,0.00,0.00,0.00,0.00,2,0
2026-06-12 16:38:07.905,0.00,0.00,0.00,0.00,2,0
2026-06-12 16:38:07.956,0.00,0.00,0.00,0.00,2,0
2026-06-12 16:38:08.006,0.00,0.00,0.00,0.00,2,0
2026-06-12 16:38:08.060,0.00,0.00,0.00,0.00,2,0
2026-06-12 16:38:08.107,0.00,0.00,0.00,0.00,2,0
2026-06-12 16:38:08.157,0.00,0.00,0.00,0.00,2,0
2026-06-12 16:38:08.208,0.00,0.00,0.00,0.00,2,0
2026-06-12 16:38:08.258,0.00,0.00,0.00,0.00,2,0
2026-06-12 16:38:08.309,0.00,0.00,0.00,0.00,2,0
2026-06-12 16:38:08.359,0.00,0.00,0.00,0.00,2,0
2026-06-12 16:38:08.410,0.00,0.00,0.00,0.00,2,0
2026-06-12 16:38:08.460,0.00,0.00,0.00,0.00,2,0
2026-06-12 16:38:08.510,0.00,0.00,0.00,0.00,2,0
2026-06-12 16:38:08.561,0.00,0.00,0.00,0.00,2,0
2026-06-12 16:38:08.611,0.00,0.00,0.00,0.00,2,0
2026-06-12 16:38:08.661,0.00,0.00,0.00,0.00,2,0
2026-06-12 16:38:08.712,0.00,0.00,0.00,0.00,2,0
2026-06-12 16:38:08.762,0.00,0.00,0.00,0.00,2,0
2026-06-12 16:38:08.813,0.00,0.00,0.00,0.00,2,0
2026-06-12 16:38:08.863,0.00,0.00,0.00,0.00,2,0
2026-06-12 16:38:08.913,0.00,0.00,0.00,0.00,2,0
2026-06-12 16:38:08.965,0.00,0.00,0.00,0.00,2,0
2026-06-12 16:38:09.014,0.00,0.00,0.00,0.00,2,0
2026-06-12 16:38:09.065,0.00,0.00,0.00,0.00,2,0
2026-06-12 16:38:09.115,0.00,0.00,0.00,0.00,2,0
2026-06-12 16:38:09.165,0.00,0.00,0.00,0.00,2,0
2026-06-12 16:38:09.218,0.00,0.00,0.00,0.00,2,0
2026-06-12 16:38:09.266,0.00,0.00,0.00,0.00,2,0
2026-06-12 16:38:09.317,0.00,0.00,0.00,0.00,2,0
2026-06-12 16:38:09.367,0.00,0.00,0.00,0.00,2,0
2026-06-12 16:38:09.417,0.00,0.00,0.00,0.00,2,0
2026-06-12 16:38:09.468,0.00,0.00,0.00,0.00,2,0
2026-06-12 16:38:09.518,0.00,0.00,0.00,0.00,2,0
2026-06-12 16:38:09.569,0.00,0.00,0.00,0.00,2,0
2026-06-12 16:38:09.619,0.00,0.00,0.00,0.00,2,0
2026-06-12 16:38:09.669,0.00,0.00,0.00,0.00,2,0
2026-06-12 16:38:09.720,0.00,0.00,0.00,0.00,2,0
2026-06-12 16:38:09.770,0.00,0.00,0.00,0.00,2,0
2026-06-12 16:38:09.820,0.00,0.00,0.00,0.00,2,0
2026-06-12 16:38:09.871,0.00,0.00,0.00,0.00,2,0
2026-06-12 16:38:09.921,0.00,0.00,0.00,0.00,2,0
2026-06-12 16:38:09.972,0.00,0.00,0.00,0.00,2,0
2026-06-12 16:38:10.022,0.00,0.00,0.00,0.00,2,0
2026-06-12 16:38:10.072,0.00,0.00,0.00,0.00,2,0
2026-06-12 16:38:10.123,0.00,0.00,0.00,0.00,2,0
2026-06-12 16:38:10.173,0.00,0.00,0.00,0.00,2,0
2026-06-12 16:38:10.224,0.00,0.00,0.00,0.00,2,0
2026-06-12 16:38:10.274,0.00,0.00,0.00,0.00,2,0
2026-06-12 16:38:10.324,0.00,0.00,0.00,0.00,2,0
2026-06-12 16:38:10.375,0.00,0.00,0.00,0.00,2,0
2026-06-12 16:38:10.425,0.00,0.00,0.00,0.00,2,0
2026-06-12 16:38:10.475,0.00,0.00,0.00,0.00,2,0
2026-06-12 16:38:10.526,0.00,0.00,0.00,0.00,2,0
2026-06-12 16:38:10.576,0.00,0.00,0.00,0.00,2,0
2026-06-12 16:38:10.627,0.00,0.00,0.00,0.00,2,0
2026-06-12 16:38:10.677,0.00,0.00,0.00,0.00,2,0
2026-06-12 16:38:10.727,0.00,0.00,0.00,0.00,2,0
2026-06-12 16:38:10.778,0.00,0.00,0.00,0.00,2,0
2026-06-12 16:38:10.828,0.00,0.00,0.00,0.00,2,0
2026-06-12 16:38:10.879,0.00,0.00,0.00,0.00,2,0
2026-06-12 16:38:10.929,0.00,0.00,0.00,0.00,2,0
2026-06-12 16:38:10.979,0.00,0.00,0.00,0.00,2,0
2026-06-12 16:38:11.030,0.00,0.00,0.00,0.00,2,0
2026-06-12 16:38:11.080,0.00,0.00,0.00,0.00,2,0
2026-06-12 16:38:11.131,0.00,0.00,0.00,0.00,2,0
2026-06-12 16:38:11.181,0.00,0.00,0.00,0.00,2,0
2026-06-12 16:38:11.231,0.00,0.00,0.00,0.00,2,0
2026-06-12 16:38:11.282,0.00,0.00,0.00,0.00,2,0
2026-06-12 16:38:11.332,0.00,0.00,0.00,0.00,2,0
2026-06-12 16:38:11.383,0.00,0.00,0.00,0.00,2,0
2026-06-12 16:38:11.433,0.00,0.00,0.00,0.00,2,0
2026-06-12 16:38:11.483,0.00,0.00,0.00,0.00,2,0
2026-06-12 16:38:11.534,0.00,0.00,0.00,0.00,2,0
2026-06-12 16:38:11.586,0.00,0.00,0.00,0.00,2,0
2026-06-12 16:38:11.635,0.00,0.00,0.00,0.00,2,0
2026-06-12 16:38:11.685,0.00,0.00,0.00,0.00,2,0
2026-06-12 16:38:11.735,0.00,0.00,0.00,0.00,2,0
2026-06-12 16:38:11.786,0.00,0.00,0.00,0.00,2,0
2026-06-12 16:38:11.836,0.00,0.00,0.00,0.00,2,0
2026-06-12 16:38:11.887,0.00,0.00,0.00,0.00,2,0
2026-06-12 16:38:11.937,0.00,0.00,0.00,0.00,2,0
2026-06-12 16:38:11.987,0.00,0.00,0.00,0.00,2,0
2026-06-12 16:38:12.038,0.00,0.00,0.00,0.00,2,0
2026-06-12 16:38:12.088,0.00,0.00,0.00,0.00,2,0
2026-06-12 16:38:12.138,0.00,0.00,0.00,0.00,2,0
2026-06-12 16:38:12.189,0.00,0.00,0.00,0.00,2,0
2026-06-12 16:38:12.239,0.00,0.00,0.00,0.00,2,0
2026-06-12 16:38:12.290,0.00,0.00,0.00,0.00,2,0
2026-06-12 16:38:12.340,0.00,0.00,0.00,0.00,2,0
2026-06-12 16:38:12.390,0.00,0.00,0.00,0.00,2,0
2026-06-12 16:38:12.441,0.00,0.00,0.00,0.00,2,0
2026-06-12 16:38:12.491,0.00,0.00,0.00,0.00,2,0
2026-06-12 16:38:12.542,0.00,0.00,0.00,0.00,2,0
2026-06-12 16:38:12.592,0.00,0.00,0.00,0.00,2,0
2026-06-12 16:38:12.643,0.00,0.00,0.00,0.00,2,0
2026-06-12 16:38:12.693,0.00,0.00,0.00,0.00,2,0
2026-06-12 16:38:12.743,0.00,0.00,0.00,0.00,2,0
2026-06-12 16:38:12.794,0.00,0.00,0.00,0.00,2,0
2026-06-12 16:38:12.844,0.00,0.00,0.00,0.00,2,0
2026-06-12 16:38:12.895,0.00,0.00,0.00,0.00,2,0
2026-06-12 16:38:12.945,0.00,0.00,0.00,0.00,2,0
2026-06-12 16:38:12.995,0.00,0.00,0.00,0.00,2,0
2026-06-12 16:38:13.046,0.00,0.00,0.00,0.00,2,0
2026-06-12 16:38:13.096,0.00,0.00,0.00,0.00,2,0
2026-06-12 16:38:13.147,0.00,0.00,0.00,0.00,2,0
2026-06-12 16:38:13.197,0.00,0.00,0.00,0.00,2,0
2026-06-12 16:38:13.247,0.00,0.00,0.00,0.00,2,0
2026-06-12 16:38:13.298,0.00,0.00,0.00,0.00,2,0
2026-06-12 16:38:13.348,0.00,0.00,0.00,0.00,2,0
2026-06-12 16:38:13.398,0.00,0.00,0.00,0.00,2,0
2026-06-12 16:38:13.449,0.00,0.00,0.00,0.00,2,0
2026-06-12 16:38:13.499,0.00,0.00,0.00,0.00,2,0
2026-06-12 16:38:13.550,0.00,0.00,0.00,0.00,2,0
2026-06-12 16:38:13.600,0.00,0.00,0.00,0.00,2,0
2026-06-12 16:38:13.650,0.00,0.00,0.00,0.00,2,0
2026-06-12 16:38:13.701,0.00,0.00,0.00,0.00,2,0
2026-06-12 16:38:13.751,0.00,0.00,0.00,0.00,2,0
2026-06-12 16:38:13.802,0.00,0.00,0.00,0.00,2,0
2026-06-12 16:38:13.852,0.00,0.00,0.00,0.00,2,0
2026-06-12 16:38:13.902,0.00,0.00,0.00,0.00,2,0
2026-06-12 16:38:13.953,0.00,0.00,0.00,0.00,2,0
2026-06-12 16:38:14.003,0.00,0.00,0.00,0.00,2,0
2026-06-12 16:38:14.054,0.00,0.00,0.00,0.00,2,0
2026-06-12 16:38:14.104,0.00,0.00,0.00,0.00,2,0
2026-06-12 16:38:14.154,0.00,0.00,0.00,0.00,2,0
2026-06-12 16:38:14.205,0.00,0.00,0.00,0.00,2,0
2026-06-12 16:38:14.255,0.00,0.00,0.00,0.00,2,0
2026-06-12 16:38:14.306,0.00,0.00,0.00,0.00,2,0
2026-06-12 16:38:14.356,0.00,0.00,0.00,0.00,2,0
2026-06-12 16:38:14.407,0.00,0.00,0.00,0.00,2,0
2026-06-12 16:38:14.457,0.00,0.00,0.00,0.00,2,0
2026-06-12 16:38:14.507,0.00,0.00,0.00,0.00,2,0
2026-06-12 16:38:14.557,0.00,0.00,0.00,0.00,2,0
2026-06-12 16:38:14.608,0.00,0.00,0.00,0.00,2,0
2026-06-12 16:38:14.658,0.00,0.00,0.00,0.00,2,0
2026-06-12 16:38:14.709,0.00,0.00,0.00,0.00,2,0
2026-06-12 16:38:14.759,0.00,0.00,0.00,0.00,2,0
2026-06-12 16:38:14.809,0.00,0.00,0.00,0.00,2,0
2026-06-12 16:38:14.860,0.00,0.00,0.00,0.00,2,0
2026-06-12 16:38:14.910,0.00,0.00,0.00,0.00,2,0
2026-06-12 16:38:14.961,0.00,0.00,0.00,0.00,2,0
2026-06-12 16:38:15.011,0.00,0.00,0.00,0.00,2,0
2026-06-12 16:38:15.061,0.00,0.00,0.00,0.00,2,0
2026-06-12 16:38:15.112,0.00,0.00,0.00,0.00,2,0
2026-06-12 16:38:15.162,0.00,0.00,0.00,0.00,2,0
2026-06-12 16:38:15.213,0.00,0.00,0.00,0.00,2,0
2026-06-12 16:38:15.263,0.00,0.00,0.00,0.00,2,0
2026-06-12 16:38:15.313,0.00,0.00,0.00,0.00,2,0
2026-06-12 16:38:15.365,0.00,0.00,0.00,0.00,2,0
2026-06-12 16:38:15.415,0.00,0.00,0.00,0.00,2,0
2026-06-12 16:38:15.465,0.00,0.00,0.00,0.00,2,0
2026-06-12 16:38:15.515,0.00,0.00,0.00,0.00,2,0
2026-06-12 16:38:15.565,0.00,0.00,0.00,0.00,2,0
2026-06-12 16:38:15.616,0.00,0.00,0.00,0.00,2,0
2026-06-12 16:38:15.666,0.00,0.00,0.00,0.00,2,0
2026-06-12 16:38:15.717,0.00,0.00,0.00,0.00,2,0
2026-06-12 16:38:15.767,0.00,0.00,0.00,0.00,2,0
2026-06-12 16:38:15.817,0.00,0.00,0.00,0.00,2,0
2026-06-12 16:38:15.868,0.00,0.00,0.00,0.00,2,0
2026-06-12 16:38:15.918,0.00,0.00,0.00,0.00,2,0
2026-06-12 16:38:15.969,0.00,0.00,0.00,0.00,2,0
2026-06-12 16:38:16.019,0.00,0.00,0.00,0.00,2,0
2026-06-12 16:38:16.069,0.00,0.00,0.00,0.00,2,0
2026-06-12 16:38:16.120,0.00,0.00,0.00,0.00,2,0
2026-06-12 16:38:16.170,0.00,0.00,0.00,0.00,2,0
2026-06-12 16:38:16.220,0.00,0.00,0.00,0.00,2,0
2026-06-12 16:38:16.271,0.00,0.00,0.00,0.00,2,0
2026-06-12 16:38:16.321,0.00,0.00,0.00,0.00,2,0
2026-06-12 16:38:16.372,0.00,0.00,0.00,0.00,2,0
2026-06-12 16:38:16.422,0.00,0.00,0.00,0.00,2,0
2026-06-12 16:38:16.472,0.00,0.00,0.00,0.00,2,0
2026-06-12 16:38:16.523,0.00,0.00,0.00,0.00,2,0
2026-06-12 16:38:16.574,0.00,0.00,0.00,0.00,2,0
2026-06-12 16:38:16.624,0.00,0.00,0.00,0.00,2,0
2026-06-12 16:38:16.674,0.00,0.00,0.00,0.00,2,0
2026-06-12 16:38:16.725,0.00,0.00,0.00,0.00,2,0
2026-06-12 16:38:16.776,0.00,0.00,0.00,0.00,2,0
2026-06-12 16:38:16.825,0.00,0.00,0.00,0.00,2,0
2026-06-12 16:38:16.876,0.00,0.00,0.00,0.00,2,0
2026-06-12 16:38:16.926,0.00,0.00,0.00,0.00,2,0
2026-06-12 16:38:16.976,0.00,0.00,0.00,0.00,2,0
2026-06-12 16:38:17.027,0.00,0.00,0.00,0.00,2,0
2026-06-12 16:38:17.077,0.00,0.00,0.00,0.00,2,0
2026-06-12 16:38:17.128,0.00,0.00,0.00,0.00,2,0
2026-06-12 16:38:17.178,0.00,0.00,0.00,0.00,2,0
2026-06-12 16:38:17.228,0.00,0.00,0.00,0.00,2,0
2026-06-12 16:38:17.279,0.00,0.00,0.00,0.00,2,0
2026-06-12 16:38:17.329,0.00,0.00,0.00,0.00,2,0
2026-06-12 16:38:17.380,0.00,0.00,0.00,0.00,2,0
2026-06-12 16:38:17.430,0.00,0.00,0.00,0.00,2,0
2026-06-12 16:38:17.480,0.00,0.00,0.00,0.00,2,0
2026-06-12 16:38:17.531,0.00,0.00,0.00,0.00,2,0
2026-06-12 16:38:17.581,0.00,0.00,0.00,0.00,2,0
2026-06-12 16:38:17.632,0.00,0.00,0.00,0.00,2,0
2026-06-12 16:38:17.682,0.00,0.00,0.00,0.00,2,0
2026-06-12 16:38:17.733,0.00,0.00,0.00,0.00,2,0
2026-06-12 16:38:17.783,0.00,0.00,0.00,0.00,2,0
2026-06-12 16:38:17.833,0.00,0.00,0.00,0.00,2,0
2026-06-12 16:38:17.884,0.00,0.00,0.00,0.00,2,0
2026-06-12 16:38:17.934,0.00,0.00,0.00,0.00,2,0
2026-06-12 16:38:17.985,0.00,0.00,0.00,0.00,2,0
2026-06-12 16:38:18.035,0.00,0.00,0.00,0.00,2,0
2026-06-12 16:38:18.085,0.00,0.00,0.00,0.00,2,0
2026-06-12 16:38:18.135,0.00,0.00,0.00,0.00,2,0
2026-06-12 16:38:18.186,0.00,0.00,0.00,0.00,2,0
2026-06-12 16:38:18.236,0.00,0.00,0.00,0.00,2,0
2026-06-12 16:38:18.287,0.00,0.00,0.00,0.00,2,0
2026-06-12 16:38:18.337,0.00,0.00,0.00,0.00,2,0
2026-06-12 16:38:18.388,0.00,0.00,0.00,0.00,2,0
2026-06-12 16:38:18.438,0.00,0.00,0.00,0.00,2,0
2026-06-12 16:38:18.488,0.00,0.00,0.00,0.00,2,0
2026-06-12 16:38:18.539,0.00,0.00,0.00,0.00,2,0
2026-06-12 16:38:18.589,0.00,0.00,0.00,0.00,2,0
2026-06-12 16:38:18.639,0.00,0.00,0.00,0.00,2,0
2026-06-12 16:38:18.690,0.00,0.00,0.00,0.00,2,0
2026-06-12 16:38:18.740,0.00,0.00,0.00,0.00,2,0
2026-06-12 16:38:18.791,0.00,0.00,0.00,0.00,2,0
2026-06-12 16:38:18.841,0.00,0.00,0.00,0.00,2,0
2026-06-12 16:38:18.891,0.00,0.00,0.00,0.00,2,0
2026-06-12 16:38:18.942,0.00,0.00,0.00,0.00,2,0
2026-06-12 16:38:18.992,0.00,0.00,0.00,0.00,2,0
2026-06-12 16:38:19.043,0.00,0.00,0.00,0.00,2,0
2026-06-12 16:38:19.093,0.00,0.00,0.00,0.00,2,0
2026-06-12 16:38:19.143,0.00,0.00,0.00,0.00,2,0
2026-06-12 16:38:19.194,0.00,0.00,0.00,0.00,2,0
2026-06-12 16:38:19.245,0.00,0.00,0.00,0.00,2,0
2026-06-12 16:38:19.295,0.00,0.00,0.00,0.00,2,0
2026-06-12 16:38:19.345,0.00,0.00,0.00,0.00,2,0
2026-06-12 16:38:19.395,0.00,0.00,0.00,0.00,2,0
2026-06-12 16:38:19.446,0.00,0.00,0.00,0.00,2,0
2026-06-12 16:38:19.496,0.00,0.00,0.00,0.00,2,0
2026-06-12 16:38:19.547,0.00,0.00,0.00,0.00,2,0
2026-06-12 16:38:19.597,0.00,0.00,0.00,0.00,2,0
2026-06-12 16:38:19.647,0.00,0.00,0.00,0.00,2,0
2026-06-12 16:38:19.698,0.00,0.00,0.00,0.00,2,0
2026-06-12 16:38:19.748,0.00,0.00,0.00,0.00,2,0
2026-06-12 16:38:19.798,0.00,0.00,0.00,0.00,2,0
2026-06-12 16:38:19.849,0.00,0.00,0.00,0.00,2,0
2026-06-12 16:38:19.899,0.00,0.00,0.00,0.00,2,0
2026-06-12 16:38:19.950,0.00,0.00,0.00,0.00,2,0
2026-06-12 16:38:20.000,0.00,0.00,0.00,0.00,2,0
2026-06-12 16:38:20.050,0.00,0.00,0.00,0.00,2,0
2026-06-12 16:38:20.101,0.00,0.00,0.00,0.00,2,0
2026-06-12 16:38:20.151,0.00,0.00,0.00,0.00,2,0
2026-06-12 16:38:20.202,0.00,0.00,0.00,0.00,2,0
2026-06-12 16:38:20.252,0.00,0.00,0.00,0.00,2,0
2026-06-12 16:38:20.302,0.00,0.00,0.00,0.00,2,0
2026-06-12 16:38:20.353,0.00,0.00,0.00,0.00,2,0
2026-06-12 16:38:20.403,0.00,0.00,0.00,0.00,2,0
2026-06-12 16:38:20.454,0.00,0.00,0.00,0.00,2,0
2026-06-12 16:38:20.505,0.00,0.00,0.00,0.00,2,0
2026-06-12 16:38:20.555,0.00,0.00,0.00,0.00,2,0
2026-06-12 16:38:20.605,0.00,0.00,0.00,0.00,2,0
2026-06-12 16:38:20.655,0.00,0.00,0.00,0.00,2,0
2026-06-12 16:38:20.706,0.00,0.00,0.00,0.00,2,0
2026-06-12 16:38:20.756,0.00,0.00,0.00,0.00,2,0
2026-06-12 16:38:20.806,0.00,0.00,0.00,0.00,2,0
2026-06-12 16:38:20.857,0.00,0.00,0.00,0.00,2,0
2026-06-12 16:38:20.907,0.00,0.00,0.00,0.00,2,0
2026-06-12 16:38:20.957,0.00,0.00,0.00,0.00,2,0
2026-06-12 16:38:21.008,0.00,0.00,0.00,0.00,2,0
2026-06-12 16:38:21.058,0.00,0.00,0.00,0.00,2,0
2026-06-12 16:38:21.109,0.00,0.00,0.00,0.00,2,0
2026-06-12 16:38:21.159,0.00,0.00,0.00,0.00,2,0
2026-06-12 16:38:21.209,0.00,0.00,0.00,0.00,2,0
2026-06-12 16:38:21.260,0.00,0.00,0.00,0.00,2,0
2026-06-12 16:38:21.310,0.00,0.00,0.00,0.00,2,0
2026-06-12 16:38:21.361,0.00,0.00,0.00,0.00,2,0
2026-06-12 16:38:21.411,0.00,0.00,0.00,0.00,2,0
2026-06-12 16:38:21.461,0.00,0.00,0.00,0.00,2,0
2026-06-12 16:38:21.512,0.00,0.00,0.00,0.00,2,0
2026-06-12 16:38:21.562,0.00,0.00,0.00,0.00,2,0
2026-06-12 16:38:21.613,0.00,0.00,0.00,0.00,2,0
2026-06-12 16:38:21.663,0.00,0.00,0.00,0.00,2,0
2026-06-12 16:38:21.713,0.00,0.00,0.00,0.00,2,0
2026-06-12 16:38:21.765,0.00,0.00,0.00,0.00,2,0
2026-06-12 16:38:21.814,0.00,0.00,0.00,0.00,2,0
2026-06-12 16:38:21.865,0.00,0.00,0.00,0.00,2,0
2026-06-12 16:38:21.915,0.00,0.00,0.00,0.00,2,0
2026-06-12 16:38:21.965,0.00,0.00,0.00,0.00,2,0
2026-06-12 16:38:22.016,0.00,0.00,0.00,0.00,2,0
2026-06-12 16:38:22.066,0.00,0.00,0.00,0.00,2,0
2026-06-12 16:38:22.117,0.00,0.00,0.00,0.00,2,0
2026-06-12 16:38:22.167,0.00,0.00,0.00,0.00,2,0
2026-06-12 16:38:22.217,0.00,0.00,0.00,0.00,2,0
2026-06-12 16:38:22.268,0.00,0.00,0.00,0.00,2,0
2026-06-12 16:38:22.318,0.00,0.00,0.00,0.00,2,0
2026-06-12 16:38:22.369,0.00,0.00,0.00,0.00,2,0
2026-06-12 16:38:22.419,0.00,0.00,0.00,0.00,2,0
2026-06-12 16:38:22.469,0.00,0.00,0.00,0.00,2,0
2026-06-12 16:38:22.520,0.00,0.00,0.00,0.00,2,0
2026-06-12 16:38:22.570,0.00,0.00,0.00,0.00,2,0
2026-06-12 16:38:22.621,0.00,0.00,0.00,0.00,2,0
2026-06-12 16:38:22.671,0.00,0.00,0.00,0.00,2,0
2026-06-12 16:38:22.721,0.00,0.00,0.00,0.00,2,0
2026-06-12 16:38:22.772,0.00,0.00,0.00,0.00,2,0
2026-06-12 16:38:22.822,0.00,0.00,0.00,0.00,2,0
2026-06-12 16:38:22.873,0.00,0.00,0.00,0.00,2,0
2026-06-12 16:38:22.923,0.00,0.00,0.00,0.00,2,0
2026-06-12 16:38:22.973,0.00,0.00,0.00,0.00,2,0
2026-06-12 16:38:23.024,0.00,0.00,0.00,0.00,2,0
2026-06-12 16:38:23.074,0.00,0.00,0.00,0.00,2,0
2026-06-12 16:38:23.125,0.00,0.00,0.00,0.00,2,0
2026-06-12 16:38:23.175,0.00,0.00,0.00,0.00,2,0
2026-06-12 16:38:23.225,0.00,0.00,0.00,0.00,2,0
2026-06-12 16:38:23.276,0.00,0.00,0.00,0.00,2,0
2026-06-12 16:38:23.326,0.00,0.00,0.00,0.00,2,0
2026-06-12 16:38:23.376,0.00,0.00,0.00,0.00,2,0
2026-06-12 16:38:23.427,0.00,0.00,0.00,0.00,2,0
2026-06-12 16:38:23.477,0.00,0.00,0.00,0.00,2,0
2026-06-12 16:38:23.528,0.00,0.00,0.00,0.00,2,0
2026-06-12 16:38:23.578,0.00,0.00,0.00,0.00,2,0
2026-06-12 16:38:23.628,0.00,0.00,0.00,0.00,2,0
2026-06-12 16:38:23.679,0.00,0.00,0.00,0.00,2,0
2026-06-12 16:38:23.729,0.00,0.00,0.00,0.00,2,0
2026-06-12 16:38:23.779,0.00,0.00,0.00,0.00,2,0
2026-06-12 16:38:23.830,0.00,0.00,0.00,0.00,2,0
2026-06-12 16:38:23.880,0.00,0.00,0.00,0.00,2,0
2026-06-12 16:38:23.931,0.00,0.00,0.00,0.00,2,0
2026-06-12 16:38:23.981,0.00,0.00,0.00,0.00,2,0
2026-06-12 16:38:24.031,0.00,0.00,0.00,0.00,2,0
2026-06-12 16:38:24.082,0.00,0.00,0.00,0.00,2,0
2026-06-12 16:38:24.132,0.00,0.00,0.00,0.00,2,0
2026-06-12 16:38:24.183,0.00,0.00,0.00,0.00,2,0
2026-06-12 16:38:24.233,0.00,0.00,0.00,0.00,2,0
2026-06-12 16:38:24.283,0.00,0.00,0.00,0.00,2,0
2026-06-12 16:38:24.335,0.00,0.00,0.00,0.00,2,0
2026-06-12 16:38:24.385,0.00,0.00,0.00,0.00,2,0
2026-06-12 16:38:24.435,0.00,0.00,0.00,0.00,2,0
2026-06-12 16:38:24.486,0.00,0.00,0.00,0.00,2,0
2026-06-12 16:38:24.535,0.00,0.00,0.00,0.00,2,0
2026-06-12 16:38:24.586,0.00,0.00,0.00,0.00,2,0
2026-06-12 16:38:24.636,0.00,0.00,0.00,0.00,2,0
2026-06-12 16:38:24.687,0.00,0.00,0.00,0.00,2,0
2026-06-12 16:38:24.737,0.00,0.00,0.00,0.00,2,0
2026-06-12 16:38:24.787,0.00,0.00,0.00,0.00,2,0
2026-06-12 16:38:24.838,0.00,0.00,0.00,0.00,2,0
2026-06-12 16:38:24.888,0.00,0.00,0.00,0.00,2,0
2026-06-12 16:38:24.939,0.00,0.00,0.00,0.00,2,0
2026-06-12 16:38:24.989,0.00,0.00,0.00,0.00,2,0
2026-06-12 16:38:25.039,0.00,0.00,0.00,0.00,2,0
2026-06-12 16:38:25.090,0.00,0.00,0.00,0.00,2,0
2026-06-12 16:38:25.140,0.00,0.00,0.00,0.00,2,0
2026-06-12 16:38:25.191,0.00,0.00,0.00,0.00,2,0
2026-06-12 16:38:25.241,0.00,0.00,0.00,0.00,2,0
2026-06-12 16:38:25.291,0.00,0.00,0.00,0.00,2,0
2026-06-12 16:38:25.342,0.00,0.00,0.00,0.00,2,0
2026-06-12 16:38:25.392,0.00,0.00,0.00,0.00,2,0
2026-06-12 16:38:25.442,0.00,0.00,0.00,0.00,2,0
2026-06-12 16:38:25.493,0.00,0.00,0.00,0.00,2,0
2026-06-12 16:38:25.543,0.00,0.00,0.00,0.00,2,0
2026-06-12 16:38:25.594,0.00,0.00,0.00,0.00,2,0
2026-06-12 16:38:25.645,0.00,0.00,0.00,0.00,2,0
2026-06-12 16:38:25.695,0.00,0.00,0.00,0.00,2,0
2026-06-12 16:38:25.745,0.00,0.00,0.00,0.00,2,0
2026-06-12 16:38:25.795,0.00,0.00,0.00,0.00,2,0
2026-06-12 16:38:25.846,0.00,0.00,0.00,0.00,2,0
2026-06-12 16:38:25.896,0.00,0.00,0.00,0.00,2,0
2026-06-12 16:38:25.947,0.00,0.00,0.00,0.00,2,0
2026-06-12 16:38:25.997,0.00,0.00,0.00,0.00,2,0
2026-06-12 16:38:26.048,0.00,0.00,0.00,0.00,2,0
2026-06-12 16:38:26.098,0.00,0.00,0.00,0.00,2,0
2026-06-12 16:38:26.148,0.00,0.00,0.00,0.00,2,0
2026-06-12 16:38:26.199,0.00,0.00,0.00,0.00,2,0
2026-06-12 16:38:26.249,0.00,0.00,0.00,0.00,2,0
2026-06-12 16:38:26.299,0.00,0.00,0.00,0.00,2,0
2026-06-12 16:38:26.350,0.00,0.00,0.00,0.00,2,0
2026-06-12 16:38:26.400,0.00,0.00,0.00,0.00,2,0
2026-06-12 16:38:26.451,0.00,0.00,0.00,0.00,2,0
2026-06-12 16:38:26.501,0.00,0.00,0.00,0.00,2,0
2026-06-12 16:38:26.551,0.00,0.00,0.00,0.00,2,0
2026-06-12 16:38:26.602,0.00,0.00,0.00,0.00,2,0
2026-06-12 16:38:26.652,0.00,0.00,0.00,0.00,2,0
2026-06-12 16:38:26.702,0.00,0.00,0.00,0.00,2,0
2026-06-12 16:38:26.753,0.00,0.00,0.00,0.00,2,0
2026-06-12 16:38:26.803,0.00,0.00,0.00,0.00,2,0
2026-06-12 16:38:26.854,0.00,0.00,0.00,0.00,2,0
2026-06-12 16:38:26.905,0.00,0.00,0.00,0.00,2,0
2026-06-12 16:38:26.955,0.00,0.00,0.00,0.00,2,0
2026-06-12 16:38:27.011,0.00,0.00,0.00,0.00,2,0
2026-06-12 16:38:27.056,0.00,0.00,0.00,0.00,2,0
2026-06-12 16:38:27.105,0.00,0.00,0.00,0.00,2,0
2026-06-12 16:38:27.156,0.00,0.00,0.00,0.00,2,0
2026-06-12 16:38:27.206,0.00,0.00,0.00,0.00,2,0
2026-06-12 16:38:27.257,0.00,0.00,0.00,0.00,2,0
2026-06-12 16:38:27.307,0.00,0.00,0.00,0.00,2,0
2026-06-12 16:38:27.358,0.00,0.00,0.00,0.00,2,0
2026-06-12 16:38:27.408,0.00,0.00,0.00,0.00,2,0
2026-06-12 16:38:27.458,0.00,0.00,0.00,0.00,2,0
2026-06-12 16:38:27.509,0.00,0.00,0.00,0.00,2,0
2026-06-12 16:38:27.559,0.00,0.00,0.00,0.00,2,0
2026-06-12 16:38:27.610,0.00,0.00,0.00,0.00,2,0
2026-06-12 16:38:27.660,0.00,0.00,0.00,0.00,2,0
2026-06-12 16:38:27.710,0.00,0.00,0.00,0.00,2,0
2026-06-12 16:38:27.761,0.00,0.00,0.00,0.00,2,0
2026-06-12 16:38:27.811,0.00,0.00,0.00,0.00,2,0
2026-06-12 16:38:27.861,0.00,0.00,0.00,0.00,2,0
2026-06-12 16:38:27.912,0.00,0.00,0.00,0.00,2,0
2026-06-12 16:38:27.962,0.00,0.00,0.00,0.00,2,0
2026-06-12 16:38:28.013,0.00,0.00,0.00,0.00,2,0
2026-06-12 16:38:28.063,0.00,0.00,0.00,0.00,2,0
2026-06-12 16:38:28.113,0.00,0.00,0.00,0.00,2,0
2026-06-12 16:38:28.164,0.00,0.00,0.00,0.00,2,0
2026-06-12 16:38:28.214,0.00,0.00,0.00,0.00,2,0
2026-06-12 16:38:28.265,0.00,0.00,0.00,0.00,2,0
2026-06-12 16:38:28.315,0.00,0.00,0.00,0.00,2,0
2026-06-12 16:38:28.365,0.00,0.00,0.00,0.00,2,0
2026-06-12 16:38:28.416,0.00,0.00,0.00,0.00,2,0
2026-06-12 16:38:28.466,0.00,0.00,0.00,0.00,2,0
2026-06-12 16:38:28.516,0.00,0.00,0.00,0.00,2,0
2026-06-12 16:38:28.567,0.00,0.00,0.00,0.00,2,0
2026-06-12 16:38:28.617,0.00,0.00,0.00,0.00,2,0
2026-06-12 16:38:28.668,0.00,0.00,0.00,0.00,2,0
2026-06-12 16:38:28.718,0.00,0.00,0.00,0.00,2,0
2026-06-12 16:38:28.768,0.00,0.00,0.00,0.00,2,0
2026-06-12 16:38:28.819,0.00,0.00,0.00,0.00,2,0
2026-06-12 16:38:28.869,0.00,0.00,0.00,0.00,2,0
2026-06-12 16:38:28.920,0.00,0.00,0.00,0.00,2,0
2026-06-12 16:38:28.970,0.00,0.00,0.00,0.00,2,0
2026-06-12 16:38:29.021,0.00,0.00,0.00,0.00,2,0
2026-06-12 16:38:29.071,0.00,0.00,0.00,0.00,2,0
2026-06-12 16:38:29.121,0.00,0.00,0.00,0.00,2,0
2026-06-12 16:38:29.172,0.00,0.00,0.00,0.00,2,0
2026-06-12 16:38:29.222,0.00,0.00,0.00,0.00,2,0
2026-06-12 16:38:29.273,0.00,0.00,0.00,0.00,2,0
2026-06-12 16:38:29.323,0.00,0.00,0.00,0.00,2,0
2026-06-12 16:38:29.373,0.00,0.00,0.00,0.00,2,0
2026-06-12 16:38:29.424,0.00,0.00,0.00,0.00,2,0
2026-06-12 16:38:29.475,0.00,0.00,0.00,0.00,2,0
2026-06-12 16:38:29.526,0.00,0.00,0.00,0.00,2,0
2026-06-12 16:38:29.575,0.00,0.00,0.00,0.00,2,0
2026-06-12 16:38:29.625,0.00,0.00,0.00,0.00,2,0
2026-06-12 16:38:29.676,0.00,0.00,0.00,0.00,2,0
2026-06-12 16:38:29.726,0.00,0.00,0.00,0.00,2,0
2026-06-12 16:38:29.776,0.00,0.00,0.00,0.00,2,0
2026-06-12 16:38:29.827,0.00,0.00,0.00,0.00,2,0
2026-06-12 16:38:29.877,0.00,0.00,0.00,0.00,2,0
2026-06-12 16:38:29.927,0.00,0.00,0.00,0.00,2,0
2026-06-12 16:38:29.978,0.00,0.00,0.00,0.00,2,0
2026-06-12 16:38:30.028,0.00,0.00,0.00,0.00,2,0
2026-06-12 16:38:30.079,0.00,0.00,0.00,0.00,2,0
2026-06-12 16:38:30.129,0.00,0.00,0.00,0.00,2,0
2026-06-12 16:38:30.179,0.00,0.00,0.00,0.00,2,0
2026-06-12 16:38:30.230,0.00,0.00,0.00,0.00,2,0
2026-06-12 16:38:30.280,0.00,0.00,0.00,0.00,2,0
2026-06-12 16:38:30.331,0.00,0.00,0.00,0.00,2,0
2026-06-12 16:38:30.381,0.00,0.00,0.00,0.00,2,0
2026-06-12 16:38:30.431,0.00,0.00,0.00,0.00,2,0
2026-06-12 16:38:30.482,0.00,0.00,0.00,0.00,2,0
2026-06-12 16:38:30.532,0.00,0.00,0.00,0.00,2,0
2026-06-12 16:38:30.583,0.00,0.00,0.00,0.00,2,0
2026-06-12 16:38:30.633,0.00,0.00,0.00,0.00,2,0
2026-06-12 16:38:30.683,0.00,0.00,0.00,0.00,2,0
2026-06-12 16:38:30.735,0.00,0.00,0.00,0.00,2,0
2026-06-12 16:38:30.785,0.00,0.00,0.00,0.00,2,0
2026-06-12 16:38:30.835,0.00,0.00,0.00,0.00,2,0
2026-06-12 16:38:30.885,0.00,0.00,0.00,0.00,2,0
2026-06-12 16:38:30.936,0.00,0.00,0.00,0.00,2,0
2026-06-12 16:38:30.986,0.00,0.00,0.00,0.00,2,0
2026-06-12 16:38:31.036,0.00,0.00,0.00,0.00,2,0
2026-06-12 16:38:31.086,0.00,0.00,0.00,0.00,2,0
2026-06-12 16:38:31.137,0.00,0.00,0.00,0.00,2,0
2026-06-12 16:38:31.187,0.00,0.00,0.00,0.00,2,0
2026-06-12 16:38:31.238,0.00,0.00,0.00,0.00,2,0
2026-06-12 16:38:31.288,0.00,0.00,0.00,0.00,2,0
2026-06-12 16:38:31.339,0.00,0.00,0.00,0.00,2,0
2026-06-12 16:38:31.389,0.00,0.00,0.00,0.00,2,0
2026-06-12 16:38:31.439,0.00,0.00,0.00,0.00,2,0
2026-06-12 16:38:31.490,0.00,0.00,0.00,0.00,2,0
2026-06-12 16:38:31.540,0.00,0.00,0.00,0.00,2,0
2026-06-12 16:38:31.591,0.00,0.00,0.00,0.00,2,0
2026-06-12 16:38:31.641,0.00,0.00,0.00,0.00,2,0
2026-06-12 16:38:31.691,0.00,0.00,0.00,0.00,2,0
2026-06-12 16:38:31.742,0.00,0.00,0.00,0.00,2,0
2026-06-12 16:38:31.792,0.00,0.00,0.00,0.00,2,0
2026-06-12 16:38:31.843,0.00,0.00,0.00,0.00,2,0
2026-06-12 16:38:31.893,0.00,0.00,0.00,0.00,2,0
2026-06-12 16:38:31.943,0.00,0.00,0.00,0.00,2,0
2026-06-12 16:38:31.994,0.00,0.00,0.00,0.00,2,0
2026-06-12 16:38:32.044,0.00,0.00,0.00,0.00,2,0
2026-06-12 16:38:32.095,0.00,0.00,0.00,0.00,2,0
2026-06-12 16:38:32.145,0.00,0.00,0.00,0.00,2,0
2026-06-12 16:38:32.195,0.00,0.00,0.00,0.00,2,0
2026-06-12 16:38:32.246,0.00,0.00,0.00,0.00,2,0
2026-06-12 16:38:32.296,0.00,0.00,0.00,0.00,2,0
2026-06-12 16:38:32.346,0.00,0.00,0.00,0.00,2,0
2026-06-12 16:38:32.397,0.00,0.00,0.00,0.00,2,0
2026-06-12 16:38:32.447,0.00,0.00,0.00,0.00,2,0
2026-06-12 16:38:32.498,0.00,0.00,0.00,0.00,2,0
2026-06-12 16:38:32.548,0.00,0.00,0.00,0.00,2,0
2026-06-12 16:38:32.598,0.00,0.00,0.00,0.00,2,0
2026-06-12 16:38:32.649,0.00,0.00,0.00,0.00,2,0
2026-06-12 16:38:32.699,0.00,0.00,0.00,0.00,2,0
2026-06-12 16:38:32.750,0.00,0.00,0.00,0.00,2,0
2026-06-12 16:38:32.800,0.00,0.00,0.00,0.00,2,0
2026-06-12 16:38:32.850,0.00,0.00,0.00,0.00,2,0
2026-06-12 16:38:32.901,0.00,0.00,0.00,0.00,2,0
2026-06-12 16:38:32.951,0.00,0.00,0.00,0.00,2,0
2026-06-12 16:38:33.002,0.00,0.00,0.00,0.00,2,0
2026-06-12 16:38:33.052,0.00,0.00,0.00,0.00,2,0
2026-06-12 16:38:33.102,0.00,0.00,0.00,0.00,2,0
2026-06-12 16:38:33.153,0.00,0.00,0.00,0.00,2,0
2026-06-12 16:38:33.203,0.00,0.00,0.00,0.00,2,0
2026-06-12 16:38:33.253,0.00,0.00,0.00,0.00,2,0
2026-06-12 16:38:33.304,0.00,0.00,0.00,0.00,2,0
2026-06-12 16:38:33.355,0.00,0.00,0.00,0.00,2,0
2026-06-12 16:38:33.405,0.00,0.00,0.00,0.00,2,0
2026-06-12 16:38:33.455,0.00,0.00,0.00,0.00,2,0
2026-06-12 16:38:33.506,0.00,0.00,0.00,0.00,2,0
2026-06-12 16:38:33.556,0.00,0.00,0.00,0.00,2,0
2026-06-12 16:38:33.606,0.00,0.00,0.00,0.00,2,0
2026-06-12 16:38:33.657,0.00,0.00,0.00,0.00,2,0
2026-06-12 16:38:33.707,0.00,0.00,0.00,0.00,2,0
2026-06-12 16:38:33.757,0.00,0.00,0.00,0.00,2,0
2026-06-12 16:38:33.808,0.00,0.00,0.00,0.00,2,0
2026-06-12 16:38:33.858,0.00,0.00,0.00,0.00,2,0
2026-06-12 16:38:33.909,0.00,0.00,0.00,0.00,2,0
2026-06-12 16:38:33.959,0.00,0.00,0.00,0.00,2,0
2026-06-12 16:38:34.009,0.00,0.00,0.00,0.00,2,0
2026-06-12 16:38:34.060,0.00,0.00,0.00,0.00,2,0
2026-06-12 16:38:34.110,0.00,0.00,0.00,0.00,2,0
2026-06-12 16:38:34.161,0.00,0.00,0.00,0.00,2,0
2026-06-12 16:38:34.211,0.00,0.00,0.00,0.00,2,0
2026-06-12 16:38:34.262,0.00,0.00,0.00,0.00,2,0
2026-06-12 16:38:34.312,0.00,0.00,0.00,0.00,2,0
2026-06-12 16:38:34.362,0.00,0.00,0.00,0.00,2,0
2026-06-12 16:38:34.413,0.00,0.00,0.00,0.00,2,0
2026-06-12 16:38:34.463,0.00,0.00,0.00,0.00,2,0
2026-06-12 16:38:34.513,0.00,0.00,0.00,0.00,2,0
2026-06-12 16:38:34.564,0.00,0.00,0.00,0.00,2,0
2026-06-12 16:38:34.615,0.00,0.00,0.00,0.00,2,0
2026-06-12 16:38:34.665,0.00,0.00,0.00,0.00,2,0
2026-06-12 16:38:34.715,0.00,0.00,0.00,0.00,2,0
2026-06-12 16:38:34.765,0.00,0.00,0.00,0.00,2,0
2026-06-12 16:38:34.816,0.00,0.00,0.00,0.00,2,0
2026-06-12 16:38:34.866,0.00,0.00,0.00,0.00,2,0
2026-06-12 16:38:34.916,0.00,0.00,0.00,0.00,2,0
2026-06-12 16:38:34.967,0.00,0.00,0.00,0.00,2,0
2026-06-12 16:38:35.017,0.00,0.00,0.00,0.00,2,0
2026-06-12 16:38:35.068,0.00,0.00,0.00,0.00,2,0
2026-06-12 16:38:35.118,0.00,0.00,0.00,0.00,2,0
2026-06-12 16:38:35.168,0.00,0.00,0.00,0.00,2,0
2026-06-12 16:38:35.219,0.00,0.00,0.00,0.00,2,0
2026-06-12 16:38:35.269,0.00,0.00,0.00,0.00,2,0
2026-06-12 16:38:35.320,0.00,0.00,0.00,0.00,2,0
2026-06-12 16:38:35.370,0.00,0.00,0.00,0.00,2,0
2026-06-12 16:38:35.421,0.00,0.00,0.00,0.00,2,0
2026-06-12 16:38:35.471,0.00,0.00,0.00,0.00,2,0
2026-06-12 16:38:35.521,0.00,0.00,0.00,0.00,2,0
2026-06-12 16:38:35.572,0.00,0.00,0.00,0.00,2,0
2026-06-12 16:38:35.622,0.00,0.00,0.00,0.00,2,0
2026-06-12 16:38:35.672,0.00,0.00,0.00,0.00,2,0
2026-06-12 16:38:35.723,0.00,0.00,0.00,0.00,2,0
2026-06-12 16:38:35.773,0.00,0.00,0.00,0.00,2,0
2026-06-12 16:38:35.824,0.00,0.00,0.00,0.00,2,0
2026-06-12 16:38:35.875,0.00,0.00,0.00,0.00,2,0
2026-06-12 16:38:35.925,0.00,0.00,0.00,0.00,2,0
2026-06-12 16:38:35.975,0.00,0.00,0.00,0.00,2,0
2026-06-12 16:38:36.025,0.00,0.00,0.00,0.00,2,0
2026-06-12 16:38:36.076,0.00,0.00,0.00,0.00,2,0
2026-06-12 16:38:36.126,0.00,0.00,0.00,0.00,2,0
2026-06-12 16:38:36.176,0.00,0.00,0.00,0.00,2,0
2026-06-12 16:38:36.227,0.00,0.00,0.00,0.00,2,0
2026-06-12 16:38:36.277,0.00,0.00,0.00,0.00,2,0
2026-06-12 16:38:36.328,0.00,0.00,0.00,0.00,2,0
2026-06-12 16:38:36.378,0.00,0.00,0.00,0.00,2,0
2026-06-12 16:38:36.428,0.00,0.00,0.00,0.00,2,0
2026-06-12 16:38:36.479,0.00,0.00,0.00,0.00,2,0
2026-06-12 16:38:36.529,0.00,0.00,0.00,0.00,2,0
2026-06-12 16:38:36.579,0.00,0.00,0.00,0.00,2,0
2026-06-12 16:38:36.630,0.00,0.00,0.00,0.00,2,0
2026-06-12 16:38:36.680,0.00,0.00,0.00,0.00,2,0
2026-06-12 16:38:36.731,0.00,0.00,0.00,0.00,2,0
2026-06-12 16:38:36.781,0.00,0.00,0.00,0.00,2,0
2026-06-12 16:38:36.831,0.00,0.00,0.00,0.00,2,0
2026-06-12 16:38:36.882,0.00,0.00,0.00,0.00,2,0
2026-06-12 16:38:36.932,0.00,0.00,0.00,0.00,2,0
2026-06-12 16:38:36.983,0.00,0.00,0.00,0.00,2,0
2026-06-12 16:38:37.033,0.00,0.00,0.00,0.00,2,0
2026-06-12 16:38:37.083,0.00,0.00,0.00,0.00,2,0
2026-06-12 16:38:37.135,0.00,0.00,0.00,0.00,2,0
2026-06-12 16:38:37.185,0.00,0.00,0.00,0.00,2,0
2026-06-12 16:38:37.235,0.00,0.00,0.00,0.00,2,0
2026-06-12 16:38:37.285,0.00,0.00,0.00,0.00,2,0
2026-06-12 16:38:37.335,0.00,0.00,0.00,0.00,2,0
2026-06-12 16:38:37.386,0.00,0.00,0.00,0.00,2,0
2026-06-12 16:38:37.436,0.00,0.00,0.00,0.00,2,0
2026-06-12 16:38:37.487,0.00,0.00,0.00,0.00,2,0
2026-06-12 16:38:37.537,0.00,0.00,0.00,0.00,2,0
2026-06-12 16:38:37.587,0.00,0.00,0.00,0.00,2,0
2026-06-12 16:38:37.638,0.00,0.00,0.00,0.00,2,0
2026-06-12 16:38:37.688,0.00,0.00,0.00,0.00,2,0
2026-06-12 16:38:37.738,0.00,0.00,0.00,0.00,2,0
2026-06-12 16:38:37.789,0.00,0.00,0.00,0.00,2,0
2026-06-12 16:38:37.839,0.00,0.00,0.00,0.00,2,0
2026-06-12 16:38:37.890,0.00,0.00,0.00,0.00,2,0
2026-06-12 16:38:37.940,0.00,0.00,0.00,0.00,2,0
2026-06-12 16:38:37.991,0.00,0.00,0.00,0.00,2,0
2026-06-12 16:38:38.041,0.00,0.00,0.00,0.00,2,0
2026-06-12 16:38:38.091,0.00,0.00,0.00,0.00,2,0
2026-06-12 16:38:38.142,0.00,0.00,0.00,0.00,2,0
2026-06-12 16:38:38.192,0.00,0.00,0.00,0.00,2,0
2026-06-12 16:38:38.242,0.00,0.00,0.00,0.00,2,0
2026-06-12 16:38:38.293,0.00,0.00,0.00,0.00,2,0
2026-06-12 16:38:38.343,0.00,0.00,0.00,0.00,2,0
2026-06-12 16:38:38.394,0.00,0.00,0.00,0.00,2,0
2026-06-12 16:38:38.444,0.00,0.00,0.00,0.00,2,0
2026-06-12 16:38:38.495,0.00,0.00,0.00,0.00,2,0
2026-06-12 16:38:38.545,0.00,0.00,0.00,0.00,2,0
2026-06-12 16:38:38.595,0.00,0.00,0.00,0.00,2,0
2026-06-12 16:38:38.646,0.00,0.00,0.00,0.00,2,0
2026-06-12 16:38:38.696,0.00,0.00,0.00,0.00,2,0
2026-06-12 16:38:38.746,0.00,0.00,0.00,0.00,2,0
2026-06-12 16:38:38.797,0.00,0.00,0.00,0.00,2,0
2026-06-12 16:38:38.847,0.00,0.00,0.00,0.00,2,0
2026-06-12 16:38:38.898,0.00,0.00,0.00,0.00,2,0
2026-06-12 16:38:38.948,0.00,0.00,0.00,0.00,2,0
2026-06-12 16:38:38.998,0.00,0.00,0.00,0.00,2,0
2026-06-12 16:38:39.049,0.00,0.00,0.00,0.00,2,0
2026-06-12 16:38:39.099,0.00,0.00,0.00,0.00,2,0
2026-06-12 16:38:39.150,0.00,0.00,0.00,0.00,2,0
2026-06-12 16:38:39.200,0.00,0.00,0.00,0.00,2,0
2026-06-12 16:38:39.250,0.00,0.00,0.00,0.00,2,0
2026-06-12 16:38:39.301,0.00,0.00,0.00,0.00,2,0
2026-06-12 16:38:39.351,0.00,0.00,0.00,0.00,2,0
2026-06-12 16:38:39.402,0.00,0.00,0.00,0.00,2,0
2026-06-12 16:38:39.452,0.00,0.00,0.00,0.00,2,0
2026-06-12 16:38:39.502,0.00,0.00,0.00,0.00,2,0
2026-06-12 16:38:39.553,0.00,0.00,0.00,0.00,2,0
2026-06-12 16:38:39.603,0.00,0.00,0.00,0.00,2,0
2026-06-12 16:38:39.654,0.00,0.00,0.00,0.00,2,0
2026-06-12 16:38:39.704,0.00,0.00,0.00,0.00,2,0
2026-06-12 16:38:39.755,0.00,0.00,0.00,0.00,2,0
2026-06-12 16:38:39.805,0.00,0.00,0.00,0.00,2,0
2026-06-12 16:38:39.855,0.00,0.00,0.00,0.00,2,0
2026-06-12 16:38:39.906,0.00,0.00,0.00,0.00,2,0
2026-06-12 16:38:39.956,0.00,0.00,0.00,0.00,2,0
2026-06-12 16:38:40.006,0.00,0.00,0.00,0.00,2,0
2026-06-12 16:38:40.057,0.00,0.00,0.00,0.00,2,0
2026-06-12 16:38:40.107,0.00,0.00,0.00,0.00,2,0
2026-06-12 16:38:40.157,0.00,0.00,0.00,0.00,2,0
2026-06-12 16:38:40.208,0.00,0.00,0.00,0.00,2,0
2026-06-12 16:38:40.258,0.00,0.00,0.00,0.00,2,0
2026-06-12 16:38:40.309,0.00,0.00,0.00,0.00,2,0
2026-06-12 16:38:40.359,0.00,0.00,0.00,0.00,2,0
2026-06-12 16:38:40.409,0.00,0.00,0.00,0.00,2,0
2026-06-12 16:38:40.460,0.00,0.00,0.00,0.00,2,0
2026-06-12 16:38:40.510,0.00,0.00,0.00,0.00,2,0
2026-06-12 16:38:40.561,0.00,0.00,0.00,0.00,2,0
2026-06-12 16:38:40.611,0.00,0.00,0.00,0.00,2,0
2026-06-12 16:38:40.661,0.00,0.00,0.00,0.00,2,0
2026-06-12 16:38:40.712,0.00,0.00,0.00,0.00,2,0
2026-06-12 16:38:40.762,0.00,0.00,0.00,0.00,2,0
2026-06-12 16:38:40.813,0.00,0.00,0.00,0.00,2,0
2026-06-12 16:38:40.863,0.00,0.00,0.00,0.00,2,0
2026-06-12 16:38:40.913,0.00,0.00,0.00,0.00,2,0
2026-06-12 16:38:40.965,0.00,0.00,0.00,0.00,2,0
2026-06-12 16:38:41.015,0.00,0.00,0.00,0.00,2,0
2026-06-12 16:38:41.064,0.00,0.00,0.00,0.00,2,0
2026-06-12 16:38:41.115,0.00,0.00,0.00,0.00,2,0
2026-06-12 16:38:41.165,0.00,0.00,0.00,0.00,2,0
2026-06-12 16:38:41.216,0.00,0.00,0.00,0.00,2,0
2026-06-12 16:38:41.266,0.00,0.00,0.00,0.00,2,0
2026-06-12 16:38:41.316,0.00,0.00,0.00,0.00,2,0
2026-06-12 16:38:41.367,0.00,0.00,0.00,0.00,2,0
2026-06-12 16:38:41.417,0.00,0.00,0.00,0.00,2,0
2026-06-12 16:38:41.468,0.00,0.00,0.00,0.00,2,0
2026-06-12 16:38:41.518,0.00,0.00,0.00,0.00,2,0
2026-06-12 16:38:41.568,0.00,0.00,0.00,0.00,2,0
2026-06-12 16:38:41.619,0.00,0.00,0.00,0.00,2,0
2026-06-12 16:38:41.669,0.00,0.00,0.00,0.00,2,0
2026-06-12 16:38:41.720,0.00,0.00,0.00,0.00,2,0
2026-06-12 16:38:41.770,0.00,0.00,0.00,0.00,2,0
2026-06-12 16:38:41.820,0.00,0.00,0.00,0.00,2,0
2026-06-12 16:38:41.871,0.00,0.00,0.00,0.00,2,0
2026-06-12 16:38:41.921,0.00,0.00,0.00,0.00,2,0
2026-06-12 16:38:41.971,0.00,0.00,0.00,0.00,2,0
2026-06-12 16:38:42.022,0.00,0.00,0.00,0.00,2,0
2026-06-12 16:38:42.072,0.00,0.00,0.00,0.00,2,0
2026-06-12 16:38:42.123,0.00,0.00,0.00,0.00,2,0
2026-06-12 16:38:42.173,0.00,0.00,0.00,0.00,2,0
2026-06-12 16:38:42.223,0.00,0.00,0.00,0.00,2,0
2026-06-12 16:38:42.274,0.00,0.00,0.00,0.00,2,0
2026-06-12 16:38:42.324,0.00,0.00,0.00,0.00,2,0
2026-06-12 16:38:42.375,0.00,0.00,0.00,0.00,2,0
2026-06-12 16:38:42.425,0.00,0.00,0.00,0.00,2,0
2026-06-12 16:38:42.475,0.00,0.00,0.00,0.00,2,0
2026-06-12 16:38:42.526,0.00,0.00,0.00,0.00,2,0
2026-06-12 16:38:42.576,0.00,0.00,0.00,0.00,2,0
2026-06-12 16:38:42.627,0.00,0.00,0.00,0.00,2,0
2026-06-12 16:38:42.677,0.00,0.00,0.00,0.00,2,0
2026-06-12 16:38:42.728,0.00,0.00,0.00,0.00,2,0
2026-06-12 16:38:42.778,0.00,0.00,0.00,0.00,2,0
2026-06-12 16:38:42.828,0.00,0.00,0.00,0.00,2,0
2026-06-12 16:38:42.879,0.00,0.00,0.00,0.00,2,0
2026-06-12 16:38:42.929,0.00,0.00,0.00,0.00,2,0
2026-06-12 16:38:42.979,0.00,0.00,0.00,0.00,2,0
2026-06-12 16:38:43.030,0.00,0.00,0.00,0.00,2,0
2026-06-12 16:38:43.080,0.00,0.00,0.00,0.00,2,0
2026-06-12 16:38:43.131,0.00,0.00,0.00,0.00,2,0
2026-06-12 16:38:43.181,0.00,0.00,0.00,0.00,2,0
2026-06-12 16:38:43.232,0.00,0.00,0.00,0.00,2,0
2026-06-12 16:38:43.282,0.00,0.00,0.00,0.00,2,0
2026-06-12 16:38:43.332,0.00,0.00,0.00,0.00,2,0
2026-06-12 16:38:43.383,0.00,0.00,0.00,0.00,2,0
2026-06-12 16:38:43.433,0.00,0.00,0.00,0.00,2,0
2026-06-12 16:38:43.483,0.00,0.00,0.00,0.00,2,0
2026-06-12 16:38:43.534,0.00,0.00,0.00,0.00,2,0
2026-06-12 16:38:43.585,0.00,0.00,0.00,0.00,2,0
2026-06-12 16:38:43.635,0.00,0.00,0.00,0.00,2,0
2026-06-12 16:38:43.685,0.00,0.00,0.00,0.00,2,0
2026-06-12 16:38:43.736,0.00,0.00,0.00,0.00,2,0
2026-06-12 16:38:43.786,0.00,0.00,0.00,0.00,2,0
2026-06-12 16:38:43.836,0.00,0.00,0.00,0.00,2,0
2026-06-12 16:38:43.887,0.00,0.00,0.00,0.00,2,0
2026-06-12 16:38:43.937,0.00,0.00,0.00,0.00,2,0
2026-06-12 16:38:43.987,0.00,0.00,0.00,0.00,2,0
2026-06-12 16:38:44.038,0.00,0.00,0.00,0.00,2,0
2026-06-12 16:38:44.088,0.00,0.00,0.00,0.00,2,0
2026-06-12 16:38:44.139,0.00,0.00,0.00,0.00,2,0
2026-06-12 16:38:44.189,0.00,0.00,0.00,0.00,2,0
2026-06-12 16:38:44.239,0.00,0.00,0.00,0.00,2,0
2026-06-12 16:38:44.290,0.00,0.00,0.00,0.00,2,0
2026-06-12 16:38:44.340,0.00,0.00,0.00,0.00,2,0
2026-06-12 16:38:44.391,0.00,0.00,0.00,0.00,2,0
2026-06-12 16:38:44.441,0.00,0.00,0.00,0.00,2,0
2026-06-12 16:38:44.491,0.00,0.00,0.00,0.00,2,0
2026-06-12 16:38:44.542,0.00,0.00,0.00,0.00,2,0
2026-06-12 16:38:44.592,0.00,0.00,0.00,0.00,2,0
2026-06-12 16:38:44.642,0.00,0.00,0.00,0.00,2,0
2026-06-12 16:38:44.693,0.00,0.00,0.00,0.00,2,0
2026-06-12 16:38:44.743,0.00,0.00,0.00,0.00,2,0
2026-06-12 16:38:44.794,0.00,0.00,0.00,0.00,2,0
2026-06-12 16:38:44.844,0.00,0.00,0.00,0.00,2,0
2026-06-12 16:38:44.895,0.00,0.00,0.00,0.00,2,0
2026-06-12 16:38:44.945,0.00,0.00,0.00,0.00,2,0
2026-06-12 16:38:44.996,0.00,0.00,0.00,0.00,2,0
2026-06-12 16:38:45.046,0.00,0.00,0.00,0.00,2,0
2026-06-12 16:38:45.096,0.00,0.00,0.00,0.00,2,0
2026-06-12 16:38:45.146,0.00,0.00,0.00,0.00,2,0
2026-06-12 16:38:45.197,0.00,0.00,0.00,0.00,2,0
2026-06-12 16:38:45.247,0.00,0.00,0.00,0.00,2,0
2026-06-12 16:38:45.298,0.00,0.00,0.00,0.00,2,0
2026-06-12 16:38:45.348,0.00,0.00,0.00,0.00,2,0
2026-06-12 16:38:45.398,0.00,0.00,0.00,0.00,2,0
2026-06-12 16:38:45.449,0.00,0.00,0.00,0.00,2,0
2026-06-12 16:38:45.499,0.00,0.00,0.00,0.00,2,0
2026-06-12 16:38:45.550,0.00,0.00,0.00,0.00,2,0
2026-06-12 16:38:45.600,0.00,0.00,0.00,0.00,2,0
2026-06-12 16:38:45.650,0.00,0.00,0.00,0.00,2,0
2026-06-12 16:38:45.701,0.00,0.00,0.00,0.00,2,0
2026-06-12 16:38:45.751,0.00,0.00,0.00,0.00,2,0
2026-06-12 16:38:45.801,0.00,0.00,0.00,0.00,2,0
2026-06-12 16:38:45.852,0.00,0.00,0.00,0.00,2,0
2026-06-12 16:38:45.902,0.00,0.00,0.00,0.00,2,0
2026-06-12 16:38:45.953,0.00,0.00,0.00,0.00,2,0
2026-06-12 16:38:46.003,0.00,0.00,0.00,0.00,2,0
2026-06-12 16:38:46.053,0.00,0.00,0.00,0.00,2,0
2026-06-12 16:38:46.105,0.00,0.00,0.00,0.00,2,0
2026-06-12 16:38:46.154,0.00,0.00,0.00,0.00,2,0
2026-06-12 16:38:46.205,0.00,0.00,0.00,0.00,2,0
2026-06-12 16:38:46.255,0.00,0.00,0.00,0.00,2,0
2026-06-12 16:38:46.306,0.00,0.00,0.00,0.00,2,0
2026-06-12 16:38:46.356,0.00,0.00,0.00,0.00,2,0
2026-06-12 16:38:46.406,0.00,0.00,0.00,0.00,2,0
2026-06-12 16:38:46.457,0.00,0.00,0.00,0.00,2,0
2026-06-12 16:38:46.507,0.00,0.00,0.00,0.00,2,0
2026-06-12 16:38:46.557,0.00,0.00,0.00,0.00,2,0
2026-06-12 16:38:46.608,0.00,0.00,0.00,0.00,2,0
2026-06-12 16:38:46.658,0.00,0.00,0.00,0.00,2,0
2026-06-12 16:38:46.709,0.00,0.00,0.00,0.00,2,0
2026-06-12 16:38:46.759,0.00,0.00,0.00,0.00,2,0
2026-06-12 16:38:46.809,0.00,0.00,0.00,0.00,2,0
2026-06-12 16:38:46.860,0.00,0.00,0.00,0.00,2,0
2026-06-12 16:38:46.910,0.00,0.00,0.00,0.00,2,0
2026-06-12 16:38:46.961,0.00,0.00,0.00,0.00,2,0
2026-06-12 16:38:47.011,0.00,0.00,0.00,0.00,2,0
2026-06-12 16:38:47.061,0.00,0.00,0.00,0.00,2,0
2026-06-12 16:38:47.112,0.00,0.00,0.00,0.00,2,0
2026-06-12 16:38:47.162,0.00,0.00,0.00,0.00,2,0
2026-06-12 16:38:47.213,0.00,0.00,0.00,0.00,2,0
2026-06-12 16:38:47.263,0.00,0.00,0.00,0.00,2,0
2026-06-12 16:38:47.313,0.00,0.00,0.00,0.00,2,0
2026-06-12 16:38:47.365,0.00,0.00,0.00,0.00,2,0
2026-06-12 16:38:47.414,0.00,0.00,0.00,0.00,2,0
2026-06-12 16:38:47.465,0.00,0.00,0.00,0.00,2,0
2026-06-12 16:38:47.515,0.00,0.00,0.00,0.00,2,0
2026-06-12 16:38:47.565,0.00,0.00,0.00,0.00,2,0
2026-06-12 16:38:53.926,0.00,0.00,0.00,0.00,2,0
2026-06-12 16:38:53.977,0.00,0.00,0.00,0.00,2,0
2026-06-12 16:38:54.027,0.00,0.00,0.00,0.00,2,0
2026-06-12 16:38:54.077,0.00,0.00,0.00,0.00,2,0
2026-06-12 16:38:54.128,0.00,0.00,0.00,0.00,2,0
2026-06-12 16:38:54.178,0.00,0.00,0.00,0.00,2,0
2026-06-12 16:38:54.229,0.00,0.00,0.00,0.00,2,0
2026-06-12 16:38:54.279,0.00,0.00,0.00,0.00,2,0
2026-06-12 16:38:54.329,0.00,0.00,0.00,0.00,2,0
2026-06-12 16:38:54.380,0.00,0.00,0.00,0.00,2,0
2026-06-12 16:38:54.430,0.00,0.00,0.00,0.00,2,0
2026-06-12 16:38:54.481,0.00,0.00,0.00,0.00,2,0
2026-06-12 16:38:54.531,0.00,0.00,0.00,0.00,2,0
2026-06-12 16:38:54.581,0.00,0.00,0.00,0.00,2,0
2026-06-12 16:38:54.632,0.00,0.00,0.00,0.00,2,0
2026-06-12 16:38:54.682,0.00,0.00,0.00,0.00,2,0
2026-06-12 16:38:54.733,0.00,0.00,0.00,0.00,2,0
2026-06-12 16:38:54.783,0.00,0.00,0.00,0.00,2,0
2026-06-12 16:38:54.833,0.00,0.00,0.00,0.00,2,0
2026-06-12 16:38:54.884,0.00,0.00,0.00,0.00,2,0
2026-06-12 16:38:54.935,0.00,0.00,0.00,0.00,2,0
2026-06-12 16:38:54.985,0.00,0.00,0.00,0.00,2,0
2026-06-12 16:38:55.035,0.00,0.00,0.00,0.00,2,0
2026-06-12 16:38:55.085,0.00,0.00,0.00,0.00,2,0
2026-06-12 16:38:55.136,0.00,0.00,0.00,0.00,2,0
2026-06-12 16:38:55.186,0.00,0.00,0.00,0.00,2,0
2026-06-12 16:38:55.236,0.00,0.00,0.00,0.00,2,0
2026-06-12 16:38:55.287,0.00,0.00,0.00,0.00,2,0
2026-06-12 16:38:55.337,0.00,0.00,0.00,0.00,2,0
2026-06-12 16:38:55.388,0.00,0.00,0.00,0.00,2,0
2026-06-12 16:38:55.438,0.00,0.00,0.00,0.00,2,0
2026-06-12 16:38:55.489,0.00,0.00,0.00,0.00,2,0
2026-06-12 16:38:55.539,0.00,0.00,0.00,0.00,2,0
2026-06-12 16:38:55.589,0.00,0.00,0.00,0.00,2,0
2026-06-12 16:38:55.640,0.00,0.00,0.00,0.00,2,0
2026-06-12 16:38:55.690,0.00,0.00,0.00,0.00,2,0
2026-06-12 16:38:55.741,0.00,0.00,0.00,0.00,2,0
2026-06-12 16:38:55.791,0.00,0.00,0.00,0.00,2,0
2026-06-12 16:38:55.841,0.00,0.00,0.00,0.00,2,0
2026-06-12 16:38:55.892,0.00,0.00,0.00,0.00,2,0
2026-06-12 16:38:55.942,0.00,0.00,0.00,0.00,2,0
2026-06-12 16:38:55.993,0.00,0.00,0.00,0.00,2,0
2026-06-12 16:38:56.043,0.00,0.00,0.00,0.00,2,0
2026-06-12 16:38:56.093,0.00,0.00,0.00,0.00,2,0
2026-06-12 16:38:56.144,0.00,0.00,0.00,0.00,2,0
2026-06-12 16:38:56.195,0.00,0.00,0.00,0.00,2,0
2026-06-12 16:38:56.245,0.00,0.00,0.00,0.00,2,0
2026-06-12 16:38:56.295,0.00,0.00,0.00,0.00,2,0
2026-06-12 16:38:56.346,0.00,0.00,0.00,0.00,2,0
2026-06-12 16:38:56.396,0.00,0.00,0.00,0.00,2,0
2026-06-12 16:38:56.446,0.00,0.00,0.00,0.00,2,0
2026-06-12 16:38:56.497,0.00,0.00,0.00,0.00,2,0
2026-06-12 16:38:56.547,0.00,0.00,0.00,0.00,2,0
2026-06-12 16:38:56.598,0.00,0.00,0.00,0.00,2,0
2026-06-12 16:38:56.648,0.00,0.00,0.00,0.00,2,0
2026-06-12 16:38:56.698,0.00,0.00,0.00,0.00,2,0
2026-06-12 16:38:56.749,0.00,0.00,0.00,0.00,2,0
2026-06-12 16:38:56.799,0.00,0.00,0.00,0.00,2,0
2026-06-12 16:38:56.850,0.00,0.00,0.00,0.00,2,0
2026-06-12 16:38:56.900,0.00,0.00,0.00,0.00,2,0
2026-06-12 16:38:56.950,0.00,0.00,0.00,0.00,2,0
2026-06-12 16:38:57.001,0.00,0.00,0.00,0.00,2,0
2026-06-12 16:38:57.051,0.00,0.00,0.00,0.00,2,0
2026-06-12 16:38:57.102,0.00,0.00,0.00,0.00,2,0
2026-06-12 16:38:57.152,0.00,0.00,0.00,0.00,2,0
2026-06-12 16:38:57.203,0.00,0.00,0.00,0.00,2,0
2026-06-12 16:38:57.253,0.00,0.00,0.00,0.00,2,0
2026-06-12 16:38:57.303,0.00,0.00,0.00,0.00,2,0
2026-06-12 16:38:57.354,0.00,0.00,0.00,0.00,2,0
2026-06-12 16:38:57.405,0.00,0.00,0.00,0.00,2,0
2026-06-12 16:38:57.455,0.00,0.00,0.00,0.00,2,0
2026-06-12 16:38:57.507,0.00,0.00,0.00,0.00,2,0
2026-06-12 16:38:57.555,0.00,0.00,0.00,0.00,2,0
2026-06-12 16:38:57.606,0.00,0.00,0.00,0.00,2,0
2026-06-12 16:38:57.656,0.00,0.00,0.00,0.00,2,0
2026-06-12 16:38:57.707,0.00,0.00,0.00,0.00,2,0
2026-06-12 16:38:57.757,0.00,0.00,0.00,0.00,2,0
2026-06-12 16:38:57.807,0.00,0.00,0.00,0.00,2,0
2026-06-12 16:38:57.858,0.00,0.00,0.00,0.00,2,0
2026-06-12 16:38:57.908,0.00,0.00,0.00,0.00,2,0
2026-06-12 16:38:57.959,0.00,0.00,0.00,0.00,2,0
2026-06-12 16:38:58.010,0.00,0.00,0.00,0.00,2,0
2026-06-12 16:38:58.060,0.00,0.00,0.00,0.00,2,0
2026-06-12 16:38:58.110,0.00,0.00,0.00,0.00,2,0
2026-06-12 16:38:58.160,0.00,0.00,0.00,0.00,2,0
2026-06-12 16:38:58.211,0.00,0.00,0.00,0.00,2,0
2026-06-12 16:38:58.261,0.00,0.00,0.00,0.00,2,0
2026-06-12 16:38:58.312,0.00,0.00,0.00,0.00,2,0
2026-06-12 16:38:58.362,0.00,0.00,0.00,0.00,2,0
2026-06-12 16:38:58.412,0.00,0.00,0.00,0.00,2,0
2026-06-12 16:38:58.463,0.00,0.00,0.00,0.00,2,0
2026-06-12 16:38:58.513,0.00,0.00,0.00,0.00,2,0
2026-06-12 16:38:58.564,0.00,0.00,0.00,0.00,2,0
2026-06-12 16:38:58.614,0.00,0.00,0.00,0.00,2,0
2026-06-12 16:38:58.664,0.00,0.00,0.00,0.00,2,0
2026-06-12 16:38:58.715,0.00,0.00,0.00,0.00,2,0
2026-06-12 16:38:58.765,0.00,0.00,0.00,0.00,2,0
2026-06-12 16:38:58.816,0.00,0.00,0.00,0.00,2,0
2026-06-12 16:38:58.866,0.00,0.00,0.00,0.00,2,0
2026-06-12 16:38:58.917,0.00,0.00,0.00,0.00,2,0
2026-06-12 16:38:58.967,0.00,0.00,0.00,0.00,2,0
2026-06-12 16:38:59.017,0.00,0.00,0.00,0.00,2,0
2026-06-12 16:38:59.068,0.00,0.00,0.00,0.00,2,0
2026-06-12 16:38:59.118,0.00,0.00,0.00,0.00,2,0
2026-06-12 16:38:59.169,0.00,0.00,0.00,0.00,2,0
2026-06-12 16:38:59.219,0.00,0.00,0.00,0.00,2,0
2026-06-12 16:38:59.269,0.00,0.00,0.00,0.00,2,0
2026-06-12 16:38:59.321,0.00,0.00,0.00,0.00,2,0
2026-06-12 16:38:59.370,0.00,0.00,0.00,0.00,2,0
2026-06-12 16:38:59.421,0.00,0.00,0.00,0.00,2,0
2026-06-12 16:38:59.471,0.00,0.00,0.00,0.00,2,0
2026-06-12 16:38:59.521,0.00,0.00,0.00,0.00,2,0
2026-06-12 16:38:59.572,0.00,0.00,0.00,0.00,2,0
2026-06-12 16:38:59.622,0.00,0.00,0.00,0.00,2,0
2026-06-12 16:38:59.673,0.00,0.00,0.00,0.00,2,0
2026-06-12 16:38:59.723,0.00,0.00,0.00,0.00,2,0
2026-06-12 16:38:59.774,0.00,0.00,0.00,0.00,2,0
2026-06-12 16:38:59.824,0.00,0.00,0.00,0.00,2,0
2026-06-12 16:38:59.875,0.00,0.00,0.00,0.00,2,0
2026-06-12 16:38:59.925,0.00,0.00,0.00,0.00,2,0
2026-06-12 16:38:59.975,0.00,0.00,0.00,0.00,2,0
2026-06-12 16:39:00.026,0.00,0.00,0.00,0.00,2,0
2026-06-12 16:39:00.076,0.00,0.00,0.00,0.00,2,0
2026-06-12 16:39:00.126,0.00,0.00,0.00,0.00,2,0
2026-06-12 16:39:00.177,0.00,0.00,0.00,0.00,2,0
2026-06-12 16:39:00.227,0.00,0.00,0.00,0.00,2,0
2026-06-12 16:39:00.278,0.00,0.00,0.00,0.00,2,0
2026-06-12 16:39:00.328,0.00,0.00,0.00,0.00,2,0
2026-06-12 16:39:00.379,0.00,0.00,0.00,0.00,2,0
2026-06-12 16:39:00.429,0.00,0.00,0.00,0.00,2,0
2026-06-12 16:39:00.479,0.00,0.00,0.00,0.00,2,0
2026-06-12 16:39:00.530,0.00,0.00,0.00,0.00,2,0
2026-06-12 16:39:00.580,0.00,0.00,0.00,0.00,2,0
2026-06-12 16:39:00.630,0.00,0.00,0.00,0.00,2,0
2026-06-12 16:39:00.681,0.00,0.00,0.00,0.00,2,0
2026-06-12 16:39:00.731,0.00,0.00,0.00,0.00,2,0
2026-06-12 16:39:00.782,0.00,0.00,0.00,0.00,2,0
2026-06-12 16:39:00.832,0.00,0.00,0.00,0.00,2,0
2026-06-12 16:39:00.883,0.00,0.00,0.00,0.00,2,0
2026-06-12 16:39:00.933,0.00,0.00,0.00,0.00,2,0
2026-06-12 16:39:00.983,0.00,0.00,0.00,0.00,2,0
2026-06-12 16:39:01.035,0.00,0.00,0.00,0.00,2,0
2026-06-12 16:39:01.085,0.00,0.00,0.00,0.00,2,0
2026-06-12 16:39:01.135,0.00,0.00,0.00,0.00,2,0
2026-06-12 16:39:01.185,0.00,0.00,0.00,0.00,2,0
2026-06-12 16:39:01.235,0.00,0.00,0.00,0.00,2,0
2026-06-12 16:39:01.286,0.00,0.00,0.00,0.00,2,0
2026-06-12 16:39:01.336,0.00,0.00,0.00,0.00,2,0
2026-06-12 16:39:01.387,0.00,0.00,0.00,0.00,2,0
2026-06-12 16:39:01.437,0.00,0.00,0.00,0.00,2,0
2026-06-12 16:39:01.487,0.00,0.00,0.00,0.00,2,0
2026-06-12 16:39:01.538,0.00,0.00,0.00,0.00,2,0
2026-06-12 16:39:01.588,0.00,0.00,0.00,0.00,2,0
2026-06-12 16:39:01.639,0.00,0.00,0.00,0.00,2,0
2026-06-12 16:39:01.689,0.00,0.00,0.00,0.00,2,0
2026-06-12 16:39:01.740,0.00,0.00,0.00,0.00,2,0
2026-06-12 16:39:01.790,0.00,0.00,0.00,0.00,2,0
2026-06-12 16:39:01.841,0.00,0.00,0.00,0.00,2,0
2026-06-12 16:39:01.891,0.00,0.00,0.00,0.00,2,0
2026-06-12 16:39:01.941,0.00,0.00,0.00,0.00,2,0
2026-06-12 16:39:01.992,0.00,0.00,0.00,0.00,2,0
2026-06-12 16:39:02.042,0.00,0.00,0.00,0.00,2,0
2026-06-12 16:39:02.092,0.00,0.00,0.00,0.00,2,0
2026-06-12 16:39:02.143,0.00,0.00,0.00,0.00,2,0
2026-06-12 16:39:02.193,0.00,0.00,0.00,0.00,2,0
2026-06-12 16:39:02.244,0.00,0.00,0.00,0.00,2,0
2026-06-12 16:39:02.294,0.00,0.00,0.00,0.00,2,0
2026-06-12 16:39:02.345,0.00,0.00,0.00,0.00,2,0
2026-06-12 16:39:02.395,0.00,0.00,0.00,0.00,2,0
2026-06-12 16:39:02.445,0.00,0.00,0.00,0.00,2,0
2026-06-12 16:39:02.496,0.00,0.00,0.00,0.00,2,0
2026-06-12 16:39:02.546,0.00,0.00,0.00,0.00,2,0
2026-06-12 16:39:02.597,0.00,0.00,0.00,0.00,2,0
2026-06-12 16:39:02.647,0.00,0.00,0.00,0.00,2,0
2026-06-12 16:39:02.697,0.00,0.00,0.00,0.00,2,0
2026-06-12 16:39:02.748,0.00,0.00,0.00,0.00,2,0
2026-06-12 16:39:02.798,0.00,0.00,0.00,0.00,2,0
2026-06-12 16:39:02.849,0.00,0.00,0.00,0.00,2,0
2026-06-12 16:39:02.899,0.00,0.00,0.00,0.00,2,0
2026-06-12 16:39:02.949,0.00,0.00,0.00,0.00,2,0
2026-06-12 16:39:03.000,0.00,0.00,0.00,0.00,2,0
2026-06-12 16:39:03.050,0.00,0.00,0.00,0.00,2,0
2026-06-12 16:39:03.101,0.00,0.00,0.00,0.00,2,0
2026-06-12 16:39:03.151,0.00,0.00,0.00,0.00,2,0
2026-06-12 16:39:03.202,0.00,0.00,0.00,0.00,2,0
2026-06-12 16:39:03.252,0.00,0.00,0.00,0.00,2,0
2026-06-12 16:39:03.302,0.00,0.00,0.00,0.00,2,0
2026-06-12 16:39:03.353,0.00,0.00,0.00,0.00,2,0
2026-06-12 16:39:03.403,0.00,0.00,0.00,0.00,2,0
2026-06-12 16:39:03.453,0.00,0.00,0.00,0.00,2,0
2026-06-12 16:39:03.505,0.00,0.00,0.00,0.00,2,0
2026-06-12 16:39:03.554,0.00,0.00,0.00,0.00,2,0
2026-06-12 16:39:03.605,0.00,0.00,0.00,0.00,2,0
2026-06-12 16:39:03.655,0.00,0.00,0.00,0.00,2,0
2026-06-12 16:39:03.705,0.00,0.00,0.00,0.00,2,0
2026-06-12 16:39:03.756,0.00,0.00,0.00,0.00,2,0
2026-06-12 16:39:03.806,0.00,0.00,0.00,0.00,2,0
2026-06-12 16:39:03.857,0.00,0.00,0.00,0.00,2,0
2026-06-12 16:39:03.907,0.00,0.00,0.00,0.00,2,0
2026-06-12 16:39:03.958,0.00,0.00,0.00,0.00,2,0
2026-06-12 16:39:04.008,0.00,0.00,0.00,0.00,2,0
2026-06-12 16:39:04.058,0.00,0.00,0.00,0.00,2,0
2026-06-12 16:39:04.109,0.00,0.00,0.00,0.00,2,0
2026-06-12 16:39:04.159,0.00,0.00,0.00,0.00,2,0
2026-06-12 16:39:04.210,0.00,0.00,0.00,0.00,2,0
2026-06-12 16:39:04.260,0.00,0.00,0.00,0.00,2,0
2026-06-12 16:39:04.310,0.00,0.00,0.00,0.00,2,0
2026-06-12 16:39:04.361,0.00,0.00,0.00,0.00,2,0
2026-06-12 16:39:04.411,0.00,0.00,0.00,0.00,2,0
2026-06-12 16:39:04.462,0.00,0.00,0.00,0.00,2,0
2026-06-12 16:39:04.512,0.00,0.00,0.00,0.00,2,0
2026-06-12 16:39:04.563,0.00,0.00,0.00,0.00,2,0
2026-06-12 16:39:04.613,0.00,0.00,0.00,0.00,2,0
2026-06-12 16:39:04.663,0.00,0.00,0.00,0.00,2,0
2026-06-12 16:39:04.714,0.00,0.00,0.00,0.00,2,0
2026-06-12 16:39:04.765,0.00,0.00,0.00,0.00,2,0
2026-06-12 16:39:04.815,0.00,0.00,0.00,0.00,2,0
2026-06-12 16:39:04.865,0.00,0.00,0.00,0.00,2,0
2026-06-12 16:39:04.915,0.00,0.00,0.00,0.00,2,0
2026-06-12 16:39:04.966,0.00,0.00,0.00,0.00,2,0
2026-06-12 16:39:05.016,0.00,0.00,0.00,0.00,2,0
2026-06-12 16:39:05.067,0.00,0.00,0.00,0.00,2,0
2026-06-12 16:39:05.117,0.00,0.00,0.00,0.00,2,0
2026-06-12 16:39:05.167,0.00,0.00,0.00,0.00,2,0
2026-06-12 16:39:05.218,0.00,0.00,0.00,0.00,2,0
2026-06-12 16:39:05.268,0.00,0.00,0.00,0.00,2,0
2026-06-12 16:39:05.319,0.00,0.00,0.00,0.00,2,0
2026-06-12 16:39:05.369,0.00,0.00,0.00,0.00,2,0
2026-06-12 16:39:05.419,0.00,0.00,0.00,0.00,2,0
2026-06-12 16:39:05.470,0.00,0.00,0.00,0.00,2,0
2026-06-12 16:39:05.521,0.00,0.00,0.00,0.00,2,0
2026-06-12 16:39:05.571,0.00,0.00,0.00,0.00,2,0
2026-06-12 16:39:05.621,0.00,0.00,0.00,0.00,2,0
2026-06-12 16:39:05.672,0.00,0.00,0.00,0.00,2,0
2026-06-12 16:39:05.722,0.00,0.00,0.00,0.00,2,0
2026-06-12 16:39:05.772,0.00,0.00,0.00,0.00,2,0
2026-06-12 16:39:05.823,0.00,0.00,0.00,0.00,2,0
2026-06-12 16:39:05.873,0.00,0.00,0.00,0.00,2,0
2026-06-12 16:39:05.924,0.00,0.00,0.00,0.00,2,0
2026-06-12 16:39:05.975,0.00,0.00,0.00,0.00,2,0
2026-06-12 16:39:06.025,0.00,0.00,0.00,0.00,2,0
2026-06-12 16:39:06.075,0.00,0.00,0.00,0.00,2,0
2026-06-12 16:39:06.125,0.00,0.00,0.00,0.00,2,0
2026-06-12 16:39:06.176,0.00,0.00,0.00,0.00,2,0
2026-06-12 16:39:06.226,0.00,0.00,0.00,0.00,2,0
2026-06-12 16:39:06.276,0.00,0.00,0.00,0.00,2,0
2026-06-12 16:39:06.327,0.00,0.00,0.00,0.00,2,0
2026-06-12 16:39:06.377,0.00,0.00,0.00,0.00,2,0
2026-06-12 16:39:06.428,0.00,0.00,0.00,0.00,2,0
2026-06-12 16:39:06.478,0.00,0.00,0.00,0.00,2,0
2026-06-12 16:39:06.529,0.00,0.00,0.00,0.00,2,0
2026-06-12 16:39:06.579,0.00,0.00,0.00,0.00,2,0
2026-06-12 16:39:06.629,0.00,0.00,0.00,0.00,2,0
2026-06-12 16:39:06.680,0.00,0.00,0.00,0.00,2,0
2026-06-12 16:39:06.730,0.00,0.00,0.00,0.00,2,0
2026-06-12 16:39:06.780,0.00,0.00,0.00,0.00,2,0
2026-06-12 16:39:06.831,0.00,0.00,0.00,0.00,2,0
2026-06-12 16:39:06.881,0.00,0.00,0.00,0.00,2,0
2026-06-12 16:39:06.932,0.00,0.00,0.00,0.00,2,0
2026-06-12 16:39:06.982,0.00,0.00,0.00,0.00,2,0
2026-06-12 16:39:07.033,0.00,0.00,0.00,0.00,2,0
2026-06-12 16:39:07.083,0.00,0.00,0.00,0.00,2,0
2026-06-12 16:39:07.134,0.00,0.00,0.00,0.00,2,0
2026-06-12 16:39:07.185,0.00,0.00,0.00,0.00,2,0
2026-06-12 16:39:07.235,0.00,0.00,0.00,0.00,2,0
2026-06-12 16:39:07.285,0.00,0.00,0.00,0.00,2,0
2026-06-12 16:39:07.335,0.00,0.00,0.00,0.00,2,0
2026-06-12 16:39:07.385,0.00,0.00,0.00,0.00,2,0
2026-06-12 16:39:07.436,0.00,0.00,0.00,0.00,2,0
2026-06-12 16:39:07.486,0.00,0.00,0.00,0.00,2,0
2026-06-12 16:39:07.537,0.00,0.00,0.00,0.00,2,0
2026-06-12 16:39:07.587,0.00,0.00,0.00,0.00,2,0
2026-06-12 16:39:07.637,0.00,0.00,0.00,0.00,2,0
2026-06-12 16:39:07.688,0.00,0.00,0.00,0.00,2,0
2026-06-12 16:39:07.738,0.00,0.00,0.00,0.00,2,0
2026-06-12 16:39:07.789,0.00,0.00,0.00,0.00,2,0
2026-06-12 16:39:07.839,0.00,0.00,0.00,0.00,2,0
2026-06-12 16:39:07.890,0.00,0.00,0.00,0.00,2,0
2026-06-12 16:39:07.940,0.00,0.00,0.00,0.00,2,0
2026-06-12 16:39:07.990,0.00,0.00,0.00,0.00,2,0
2026-06-12 16:39:08.041,0.00,0.00,0.00,0.00,2,0
2026-06-12 16:39:08.091,0.00,0.00,0.00,0.00,2,0
2026-06-12 16:39:08.142,0.00,0.00,0.00,0.00,2,0
2026-06-12 16:39:08.192,0.00,0.00,0.00,0.00,2,0
2026-06-12 16:39:08.242,0.00,0.00,0.00,0.00,2,0
2026-06-12 16:39:08.293,0.00,0.00,0.00,0.00,2,0
2026-06-12 16:39:08.343,0.00,0.00,0.00,0.00,2,0
2026-06-12 16:39:08.394,0.00,0.00,0.00,0.00,2,0
2026-06-12 16:39:08.445,0.00,0.00,0.00,0.00,2,0
2026-06-12 16:39:08.494,0.00,0.00,0.00,0.00,2,0
2026-06-12 16:39:08.546,0.00,0.00,0.00,0.00,2,0
2026-06-12 16:39:08.595,0.00,0.00,0.00,0.00,2,0
2026-06-12 16:39:08.646,0.00,0.00,0.00,0.00,2,0
2026-06-12 16:39:08.696,0.00,0.00,0.00,0.00,2,0
2026-06-12 16:39:08.746,0.00,0.00,0.00,0.00,2,0
2026-06-12 16:39:08.797,0.00,0.00,0.00,0.00,2,0
2026-06-12 16:39:08.847,0.00,0.00,0.00,0.00,2,0
2026-06-12 16:39:08.898,0.00,0.00,0.00,0.00,2,0
2026-06-12 16:39:08.948,0.00,0.00,0.00,0.00,2,0
2026-06-12 16:39:08.999,0.00,0.00,0.00,0.00,2,0
2026-06-12 16:39:09.049,0.00,0.00,0.00,0.00,2,0
2026-06-12 16:39:09.099,0.00,0.00,0.00,0.00,2,0
2026-06-12 16:39:09.150,0.00,0.00,0.00,0.00,2,0
2026-06-12 16:39:09.200,0.00,0.00,0.00,0.00,2,0
2026-06-12 16:39:09.251,0.00,0.00,0.00,0.00,2,0
2026-06-12 16:39:09.301,0.00,0.00,0.00,0.00,2,0
2026-06-12 16:39:09.351,0.00,0.00,0.00,0.00,2,0
2026-06-12 16:39:09.402,0.00,0.00,0.00,0.00,2,0
2026-06-12 16:39:09.452,0.00,0.00,0.00,0.00,2,0
2026-06-12 16:39:09.503,0.00,0.00,0.00,0.00,2,0
2026-06-12 16:39:09.553,0.00,0.00,0.00,0.00,2,0
2026-06-12 16:39:09.603,0.00,0.00,0.00,0.00,2,0
2026-06-12 16:39:09.654,0.00,0.00,0.00,0.00,2,0
2026-06-12 16:39:09.705,0.00,0.00,0.00,0.00,2,0
2026-06-12 16:39:09.755,0.00,0.00,0.00,0.00,2,0
2026-06-12 16:39:09.805,0.00,0.00,0.00,0.00,2,0
2026-06-12 16:39:09.855,0.00,0.00,0.00,0.00,2,0
2026-06-12 16:39:09.906,0.00,0.00,0.00,0.00,2,0
2026-06-12 16:39:09.957,0.00,0.00,0.00,0.00,2,0
2026-06-12 16:39:10.007,0.00,0.00,0.00,0.00,2,0
2026-06-12 16:39:10.057,0.00,0.00,0.00,0.00,2,0
2026-06-12 16:39:10.108,0.00,0.00,0.00,0.00,2,0
2026-06-12 16:39:10.158,0.00,0.00,0.00,0.00,2,0
2026-06-12 16:39:10.208,0.00,0.00,0.00,0.00,2,0
2026-06-12 16:39:10.259,0.00,0.00,0.00,0.00,2,0
2026-06-12 16:39:10.309,0.00,0.00,0.00,0.00,2,0
2026-06-12 16:39:10.360,0.00,0.00,0.00,0.00,2,0
2026-06-12 16:39:10.410,0.00,0.00,0.00,0.00,2,0
2026-06-12 16:39:10.460,0.00,0.00,0.00,0.00,2,0
2026-06-12 16:39:10.511,0.00,0.00,0.00,0.00,2,0
2026-06-12 16:39:10.561,0.00,0.00,0.00,0.00,2,0
2026-06-12 16:39:10.612,0.00,0.00,0.00,0.00,2,0
2026-06-12 16:39:10.662,0.00,0.00,0.00,0.00,2,0
2026-06-12 16:39:10.713,0.00,0.00,0.00,0.00,2,0
2026-06-12 16:39:10.763,0.00,0.00,0.00,0.00,2,0
2026-06-12 16:39:10.813,0.00,0.00,0.00,0.00,2,0
2026-06-12 16:39:10.864,0.00,0.00,0.00,0.00,2,0
2026-06-12 16:39:10.915,0.00,0.00,0.00,0.00,2,0
2026-06-12 16:39:10.965,0.00,0.00,0.00,0.00,2,0
2026-06-12 16:39:11.015,0.00,0.00,0.00,0.00,2,0
2026-06-12 16:39:11.065,0.00,0.00,0.00,0.00,2,0
2026-06-12 16:39:11.116,0.00,0.00,0.00,0.00,2,0
2026-06-12 16:39:11.166,0.00,0.00,0.00,0.00,2,0
2026-06-12 16:39:11.217,0.00,0.00,0.00,0.00,2,0
2026-06-12 16:39:11.267,0.00,0.00,0.00,0.00,2,0
2026-06-12 16:39:11.317,0.00,0.00,0.00,0.00,2,0
2026-06-12 16:39:11.368,0.00,0.00,0.00,0.00,2,0
2026-06-12 16:39:11.418,0.00,0.00,0.00,0.00,2,0
2026-06-12 16:39:11.469,0.00,0.00,0.00,0.00,2,0
2026-06-12 16:39:11.519,0.00,0.00,0.00,0.00,2,0
2026-06-12 16:39:11.570,0.00,0.00,0.00,0.00,2,0
2026-06-12 16:39:11.620,0.00,0.00,0.00,0.00,2,0
2026-06-12 16:39:11.670,0.00,0.00,0.00,0.00,2,0
2026-06-12 16:39:11.721,0.00,0.00,0.00,0.00,2,0
2026-06-12 16:39:11.771,0.00,0.00,0.00,0.00,2,0
2026-06-12 16:39:11.821,0.00,0.00,0.00,0.00,2,0
2026-06-12 16:39:11.872,0.00,0.00,0.00,0.00,2,0
2026-06-12 16:39:11.922,0.00,0.00,0.00,0.00,2,0
2026-06-12 16:39:11.973,0.00,0.00,0.00,0.00,2,0
2026-06-12 16:39:12.023,0.00,0.00,0.00,0.00,2,0
2026-06-12 16:39:12.074,0.00,0.00,0.00,0.00,2,0
2026-06-12 16:39:12.125,0.00,0.00,0.00,0.00,2,0
2026-06-12 16:39:12.175,0.00,0.00,0.00,0.00,2,0
2026-06-12 16:39:12.225,0.00,0.00,0.00,0.00,2,0
2026-06-12 16:39:12.275,0.00,0.00,0.00,0.00,2,0
2026-06-12 16:39:12.326,0.00,0.00,0.00,0.00,2,0
2026-06-12 16:39:12.376,0.00,0.00,0.00,0.00,2,0
2026-06-12 16:39:12.426,0.00,0.00,0.00,0.00,2,0
2026-06-12 16:39:12.477,0.00,0.00,0.00,0.00,2,0
2026-06-12 16:39:12.527,0.00,0.00,0.00,0.00,2,0
2026-06-12 16:39:12.578,0.00,0.00,0.00,0.00,2,0
2026-06-12 16:39:12.628,0.00,0.00,0.00,0.00,2,0
2026-06-12 16:39:12.678,0.00,0.00,0.00,0.00,2,0
2026-06-12 16:39:12.729,0.00,0.00,0.00,0.00,2,0
2026-06-12 16:39:12.779,0.00,0.00,0.00,0.00,2,0
2026-06-12 16:39:12.830,0.00,0.00,0.00,0.00,2,0
2026-06-12 16:39:12.880,0.00,0.00,0.00,0.00,2,0
2026-06-12 16:39:12.930,0.00,0.00,0.00,0.00,2,0
2026-06-12 16:39:12.981,0.00,0.00,0.00,0.00,2,0
2026-06-12 16:39:13.031,0.00,0.00,0.00,0.00,2,0
2026-06-12 16:39:13.082,0.00,0.00,0.00,0.00,2,0
2026-06-12 16:39:13.132,0.00,0.00,0.00,0.00,2,0
2026-06-12 16:39:13.183,0.00,0.00,0.00,0.00,2,0
2026-06-12 16:39:13.233,0.00,0.00,0.00,0.00,2,0
2026-06-12 16:39:13.283,0.00,0.00,0.00,0.00,2,0
2026-06-12 16:39:13.334,0.00,0.00,0.00,0.00,2,0
2026-06-12 16:39:13.385,0.00,0.00,0.00,0.00,2,0
2026-06-12 16:39:13.435,0.00,0.00,0.00,0.00,2,0
2026-06-12 16:39:13.485,0.00,0.00,0.00,0.00,2,0
2026-06-12 16:39:13.535,0.00,0.00,0.00,0.00,2,0
2026-06-12 16:39:13.586,0.00,0.00,0.00,0.00,2,0
2026-06-12 16:39:13.636,0.00,0.00,0.00,0.00,2,0
2026-06-12 16:39:13.687,0.00,0.00,0.00,0.00,2,0
2026-06-12 16:39:13.737,0.00,0.00,0.00,0.00,2,0
2026-06-12 16:39:13.787,0.00,0.00,0.00,0.00,2,0
2026-06-12 16:39:13.838,0.00,0.00,0.00,0.00,2,0
2026-06-12 16:39:13.888,0.00,0.00,0.00,0.00,2,0
2026-06-12 16:39:13.939,0.00,0.00,0.00,0.00,2,0
2026-06-12 16:39:13.989,0.00,0.00,0.00,0.00,2,0
2026-06-12 16:39:14.040,0.00,0.00,0.00,0.00,2,0
2026-06-12 16:39:14.090,0.00,0.00,0.00,0.00,2,0
2026-06-12 16:39:14.140,0.00,0.00,0.00,0.00,2,0
2026-06-12 16:39:14.191,0.00,0.00,0.00,0.00,2,0
2026-06-12 16:39:14.241,0.00,0.00,0.00,0.00,2,0
2026-06-12 16:39:14.292,0.00,0.00,0.00,0.00,2,0
2026-06-12 16:39:14.342,0.00,0.00,0.00,0.00,2,0
2026-06-12 16:39:14.392,0.00,0.00,0.00,0.00,2,0
2026-06-12 16:39:14.443,0.00,0.00,0.00,0.00,2,0
2026-06-12 16:39:14.494,0.00,0.00,0.00,0.00,2,0
2026-06-12 16:39:14.544,0.00,0.00,0.00,0.00,2,0
2026-06-12 16:39:14.594,0.00,0.00,0.00,0.00,2,0
2026-06-12 16:39:14.645,0.00,0.00,0.00,0.00,2,0
2026-06-12 16:39:14.695,0.00,0.00,0.00,0.00,2,0
2026-06-12 16:39:14.745,0.00,0.00,0.00,0.00,2,0
2026-06-12 16:39:14.796,0.00,0.00,0.00,0.00,2,0
2026-06-12 16:39:14.846,0.00,0.00,0.00,0.00,2,0
2026-06-12 16:39:14.896,0.00,0.00,0.00,0.00,2,0
2026-06-12 16:39:14.947,0.00,0.00,0.00,0.00,2,0
2026-06-12 16:39:14.997,0.00,0.00,0.00,0.00,2,0
2026-06-12 16:39:15.048,0.00,0.00,0.00,0.00,2,0
2026-06-12 16:39:15.098,0.00,0.00,0.00,0.00,2,0
2026-06-12 16:39:15.149,0.00,0.00,0.00,0.00,2,0
2026-06-12 16:39:15.199,0.00,0.00,0.00,0.00,2,0
2026-06-12 16:39:15.249,0.00,0.00,0.00,0.00,2,0
2026-06-12 16:39:15.300,0.00,0.00,0.00,0.00,2,0
2026-06-12 16:39:15.350,0.00,0.00,0.00,0.00,2,0
2026-06-12 16:39:15.401,0.00,0.00,0.00,0.00,2,0
2026-06-12 16:39:15.451,0.00,0.00,0.00,0.00,2,0
2026-06-12 16:39:15.501,0.00,0.00,0.00,0.00,2,0
2026-06-12 16:39:15.552,0.00,0.00,0.00,0.00,2,0
2026-06-12 16:39:15.602,0.00,0.00,0.00,0.00,2,0
2026-06-12 16:39:15.653,0.00,0.00,0.00,0.00,2,0
2026-06-12 16:39:15.703,0.00,0.00,0.00,0.00,2,0
2026-06-12 16:39:15.753,0.00,0.00,0.00,0.00,2,0
2026-06-12 16:39:15.804,0.00,0.00,0.00,0.00,2,0
2026-06-12 16:39:15.855,0.00,0.00,0.00,0.00,2,0
2026-06-12 16:39:15.905,0.00,0.00,0.00,0.00,2,0
2026-06-12 16:39:15.955,0.00,0.00,0.00,0.00,2,0
2026-06-12 16:39:16.006,0.00,0.00,0.00,0.00,2,0
2026-06-12 16:39:16.056,0.00,0.00,0.00,0.00,2,0
2026-06-12 16:39:16.106,0.00,0.00,0.00,0.00,2,0
2026-06-12 16:39:16.157,0.00,0.00,0.00,0.00,2,0
2026-06-12 16:39:16.207,0.00,0.00,0.00,0.00,2,0
2026-06-12 16:39:16.258,0.00,0.00,0.00,0.00,2,0
2026-06-12 16:39:16.308,0.00,0.00,0.00,0.00,2,0
2026-06-12 16:39:16.358,0.00,0.00,0.00,0.00,2,0
2026-06-12 16:39:16.409,0.00,0.00,0.00,0.00,2,0
2026-06-12 16:39:16.459,0.00,0.00,0.00,0.00,2,0
2026-06-12 16:39:16.509,0.00,0.00,0.00,0.00,2,0
2026-06-12 16:39:16.560,0.00,0.00,0.00,0.00,2,0
2026-06-12 16:39:16.611,0.00,0.00,0.00,0.00,2,0
2026-06-12 16:39:16.661,0.00,0.00,0.00,0.00,2,0
2026-06-12 16:39:16.711,0.00,0.00,0.00,0.00,2,0
2026-06-12 16:39:16.762,0.00,0.00,0.00,0.00,2,0
2026-06-12 16:39:16.812,0.00,0.00,0.00,0.00,2,0
2026-06-12 16:39:16.862,0.00,0.00,0.00,0.00,2,0
2026-06-12 16:39:16.913,0.00,0.00,0.00,0.00,2,0
2026-06-12 16:39:16.963,0.00,0.00,0.00,0.00,2,0
2026-06-12 16:39:17.014,0.00,0.00,0.00,0.00,2,0
2026-06-12 16:39:17.065,0.00,0.00,0.00,0.00,2,0
2026-06-12 16:39:17.115,0.00,0.00,0.00,0.00,2,0
2026-06-12 16:39:17.165,0.00,0.00,0.00,0.00,2,0
2026-06-12 16:39:17.215,0.00,0.00,0.00,0.00,2,0
2026-06-12 16:39:17.266,0.00,0.00,0.00,0.00,2,0
2026-06-12 16:39:17.316,0.00,0.00,0.00,0.00,2,0
2026-06-12 16:39:17.366,0.00,0.00,0.00,0.00,2,0
2026-06-12 16:39:17.417,0.00,0.00,0.00,0.00,2,0
2026-06-12 16:39:17.467,0.00,0.00,0.00,0.00,2,0
2026-06-12 16:39:17.518,0.00,0.00,0.00,0.00,2,0
2026-06-12 16:39:17.568,0.00,0.00,0.00,0.00,2,0
2026-06-12 16:39:17.619,0.00,0.00,0.00,0.00,2,0
2026-06-12 16:39:17.669,0.00,0.00,0.00,0.00,2,0
2026-06-12 16:39:17.719,0.00,0.00,0.00,0.00,2,0
2026-06-12 16:39:17.770,0.00,0.00,0.00,0.00,2,0
2026-06-12 16:39:17.820,0.00,0.00,0.00,0.00,2,0
2026-06-12 16:39:17.871,0.00,0.00,0.00,0.00,2,0
2026-06-12 16:39:17.921,0.00,0.00,0.00,0.00,2,0
2026-06-12 16:39:17.972,0.00,0.00,0.00,0.00,2,0
2026-06-12 16:39:18.022,0.00,0.00,0.00,0.00,2,0
2026-06-12 16:39:18.072,0.00,0.00,0.00,0.00,2,0
2026-06-12 16:39:18.123,0.00,0.00,0.00,0.00,2,0
2026-06-12 16:39:18.173,0.00,0.00,0.00,0.00,2,0
2026-06-12 16:39:18.223,0.00,0.00,0.00,0.00,2,0
2026-06-12 16:39:18.274,0.00,0.00,0.00,0.00,2,0
2026-06-12 16:39:18.325,0.00,0.00,0.00,0.00,2,0
2026-06-12 16:39:18.375,0.00,0.00,0.00,0.00,2,0
2026-06-12 16:39:18.425,0.00,0.00,0.00,0.00,2,0
2026-06-12 16:39:18.475,0.00,0.00,0.00,0.00,2,0
2026-06-12 16:39:18.526,0.00,0.00,0.00,0.00,2,0
2026-06-12 16:39:18.576,0.00,0.00,0.00,0.00,2,0
2026-06-12 16:39:18.627,0.00,0.00,0.00,0.00,2,0
2026-06-12 16:39:18.677,0.00,0.00,0.00,0.00,2,0
2026-06-12 16:39:18.727,0.00,0.00,0.00,0.00,2,0
2026-06-12 16:39:18.778,0.00,0.00,0.00,0.00,2,0
2026-06-12 16:39:18.828,0.00,0.00,0.00,0.00,2,0
2026-06-12 16:39:18.879,0.00,0.00,0.00,0.00,2,0
2026-06-12 16:39:18.929,0.00,0.00,0.00,0.00,2,0
2026-06-12 16:39:18.980,0.00,0.00,0.00,0.00,2,0
2026-06-12 16:39:19.031,0.00,0.00,0.00,0.00,2,0
2026-06-12 16:39:19.080,0.00,0.00,0.00,0.00,2,0
2026-06-12 16:39:19.131,0.00,0.00,0.00,0.00,2,0
2026-06-12 16:39:19.181,0.00,0.00,0.00,0.00,2,0
2026-06-12 16:39:19.232,0.00,0.00,0.00,0.00,2,0
2026-06-12 16:39:19.282,0.00,0.00,0.00,0.00,2,0
2026-06-12 16:39:19.332,0.00,0.00,0.00,0.00,2,0
2026-06-12 16:39:19.383,0.00,0.00,0.00,0.00,2,0
2026-06-12 16:39:19.433,0.00,0.00,0.00,0.00,2,0
2026-06-12 16:39:19.484,0.00,0.00,0.00,0.00,2,0
2026-06-12 16:39:19.535,0.00,0.00,0.00,0.00,2,0
2026-06-12 16:39:19.585,0.00,0.00,0.00,0.00,2,0
2026-06-12 16:39:19.635,0.00,0.00,0.00,0.00,2,0
2026-06-12 16:39:19.685,0.00,0.00,0.00,0.00,2,0
2026-06-12 16:39:19.736,0.00,0.00,0.00,0.00,2,0
2026-06-12 16:39:19.786,0.00,0.00,0.00,0.00,2,0
2026-06-12 16:39:19.836,0.00,0.00,0.00,0.00,2,0
2026-06-12 16:39:19.887,0.00,0.00,0.00,0.00,2,0
2026-06-12 16:39:19.937,0.00,0.00,0.00,0.00,2,0
2026-06-12 16:39:19.988,0.00,0.00,0.00,0.00,2,0
2026-06-12 16:39:20.038,0.00,0.00,0.00,0.00,2,0
2026-06-12 16:39:20.089,0.00,0.00,0.00,0.00,2,0
2026-06-12 16:39:20.139,0.00,0.00,0.00,0.00,2,0
2026-06-12 16:39:20.189,0.00,0.00,0.00,0.00,2,0
2026-06-12 16:39:20.240,0.00,0.00,0.00,0.00,2,0
2026-06-12 16:39:20.290,0.00,0.00,0.00,0.00,2,0
2026-06-12 16:39:20.341,0.00,0.00,0.00,0.00,2,0
2026-06-12 16:39:20.391,0.00,0.00,0.00,0.00,2,0
2026-06-12 16:39:20.441,0.00,0.00,0.00,0.00,2,0
2026-06-12 16:39:20.492,0.00,0.00,0.00,0.00,2,0
2026-06-12 16:39:20.542,0.00,0.00,0.00,0.00,2,0
2026-06-12 16:39:20.593,0.00,0.00,0.00,0.00,2,0
2026-06-12 16:39:20.643,0.00,0.00,0.00,0.00,2,0
2026-06-12 16:39:20.693,0.00,0.00,0.00,0.00,2,0
2026-06-12 16:39:20.744,0.00,0.00,0.00,0.00,2,0
2026-06-12 16:39:20.795,0.00,0.00,0.00,0.00,2,0
2026-06-12 16:39:20.845,0.00,0.00,0.00,0.00,2,0
2026-06-12 16:39:20.895,0.00,0.00,0.00,0.00,2,0
2026-06-12 16:39:20.946,0.00,0.00,0.00,0.00,2,0
2026-06-12 16:39:20.996,0.00,0.00,0.00,0.00,2,0
2026-06-12 16:39:21.046,0.00,0.00,0.00,0.00,2,0
2026-06-12 16:39:21.097,0.00,0.00,0.00,0.00,2,0
2026-06-12 16:39:21.147,0.00,0.00,0.00,0.00,2,0
2026-06-12 16:39:21.198,0.00,0.00,0.00,0.00,2,0
2026-06-12 16:39:21.248,0.00,0.00,0.00,0.00,2,0
2026-06-12 16:39:21.298,0.00,0.00,0.00,0.00,2,0
2026-06-12 16:39:21.349,0.00,0.00,0.00,0.00,2,0
2026-06-12 16:39:21.399,0.00,0.00,0.00,0.00,2,0
2026-06-12 16:39:21.450,0.00,0.00,0.00,0.00,2,0
2026-06-12 16:39:21.500,0.00,0.00,0.00,0.00,2,0
2026-06-12 16:39:21.550,0.00,0.00,0.00,0.00,2,0
2026-06-12 16:39:21.601,0.00,0.00,0.00,0.00,2,0
2026-06-12 16:39:21.651,0.00,0.00,0.00,0.00,2,0
2026-06-12 16:39:21.702,0.00,0.00,0.00,0.00,2,0
2026-06-12 16:39:21.752,0.00,0.00,0.00,0.00,2,0
2026-06-12 16:39:21.802,0.00,0.00,0.00,0.00,2,0
2026-06-12 16:39:21.853,0.00,0.00,0.00,0.00,2,0
2026-06-12 16:39:21.903,0.00,0.00,0.00,0.00,2,0
2026-06-12 16:39:21.954,0.00,0.00,0.00,0.00,2,0
2026-06-12 16:39:22.005,0.00,0.00,0.00,0.00,2,0
2026-06-12 16:39:22.055,0.00,0.00,0.00,0.00,2,0
2026-06-12 16:39:22.106,0.00,0.00,0.00,0.00,2,0
2026-06-12 16:39:22.155,0.00,0.00,0.00,0.00,2,0
2026-06-12 16:39:22.206,0.00,0.00,0.00,0.00,2,0
2026-06-12 16:39:22.256,0.00,0.00,0.00,0.00,2,0
2026-06-12 16:39:22.307,0.00,0.00,0.00,0.00,2,0
2026-06-12 16:39:22.357,0.00,0.00,0.00,0.00,2,0
2026-06-12 16:39:22.407,0.00,0.00,0.00,0.00,2,0
2026-06-12 16:39:22.458,0.00,0.00,0.00,0.00,2,0
2026-06-12 16:39:22.508,0.00,0.00,0.00,0.00,2,0
2026-06-12 16:39:22.559,0.00,0.00,0.00,0.00,2,0
2026-06-12 16:39:22.609,0.00,0.00,0.00,0.00,2,0
2026-06-12 16:39:22.659,0.00,0.00,0.00,0.00,2,0
2026-06-12 16:39:22.710,0.00,0.00,0.00,0.00,2,0
2026-06-12 16:39:22.760,0.00,0.00,0.00,0.00,2,0
2026-06-12 16:39:22.811,0.00,0.00,0.00,0.00,2,0
2026-06-12 16:39:22.861,0.00,0.00,0.00,0.00,2,0
2026-06-12 16:39:22.911,0.00,0.00,0.00,0.00,2,0
2026-06-12 16:39:22.962,0.00,0.00,0.00,0.00,2,0
2026-06-12 16:39:23.012,0.00,0.00,0.00,0.00,2,0
2026-06-12 16:39:23.063,0.00,0.00,0.00,0.00,2,0
2026-06-12 16:39:23.113,0.00,0.00,0.00,0.00,2,0
2026-06-12 16:39:23.163,0.00,0.00,0.00,0.00,2,0
2026-06-12 16:39:23.215,0.00,0.00,0.00,0.00,2,0
2026-06-12 16:39:23.264,0.00,0.00,0.00,0.00,2,0
2026-06-12 16:39:23.315,0.00,0.00,0.00,0.00,2,0
2026-06-12 16:39:23.365,0.00,0.00,0.00,0.00,2,0
2026-06-12 16:39:23.415,0.00,0.00,0.00,0.00,2,0
2026-06-12 16:39:23.466,0.00,0.00,0.00,0.00,2,0
2026-06-12 16:39:23.516,0.00,0.00,0.00,0.00,2,0
2026-06-12 16:39:23.567,0.00,0.00,0.00,0.00,2,0
2026-06-12 16:39:23.617,0.00,0.00,0.00,0.00,2,0
2026-06-12 16:39:23.667,0.00,0.00,0.00,0.00,2,0
2026-06-12 16:39:23.718,0.00,0.00,0.00,0.00,2,0
2026-06-12 16:39:23.768,0.00,0.00,0.00,0.00,2,0
2026-06-12 16:39:23.819,0.00,0.00,0.00,0.00,2,0
2026-06-12 16:39:23.869,0.00,0.00,0.00,0.00,2,0
2026-06-12 16:39:23.920,0.00,0.00,0.00,0.00,2,0
2026-06-12 16:39:23.970,0.00,0.00,0.00,0.00,2,0
2026-06-12 16:39:24.020,0.00,0.00,0.00,0.00,2,0
2026-06-12 16:39:24.071,0.00,0.00,0.00,0.00,2,0
2026-06-12 16:39:24.121,0.00,0.00,0.00,0.00,2,0
2026-06-12 16:39:24.172,0.00,0.00,0.00,0.00,2,0
2026-06-12 16:39:24.222,0.00,0.00,0.00,0.00,2,0
2026-06-12 16:39:24.273,0.00,0.00,0.00,0.00,2,0
2026-06-12 16:39:24.323,0.00,0.00,0.00,0.00,2,0
2026-06-12 16:39:24.373,0.00,0.00,0.00,0.00,2,0
2026-06-12 16:39:24.424,0.00,0.00,0.00,0.00,2,0
2026-06-12 16:39:24.474,0.00,0.00,0.00,0.00,2,0
2026-06-12 16:39:24.525,0.00,0.00,0.00,0.00,2,0
2026-06-12 16:39:24.575,0.00,0.00,0.00,0.00,2,0
2026-06-12 16:39:24.625,0.00,0.00,0.00,0.00,2,0
2026-06-12 16:39:24.676,0.00,0.00,0.00,0.00,2,0
2026-06-12 16:39:24.726,0.00,0.00,0.00,0.00,2,0
2026-06-12 16:39:24.776,0.00,0.00,0.00,0.00,2,0
2026-06-12 16:39:24.827,0.00,0.00,0.00,0.00,2,0
2026-06-12 16:39:24.877,0.00,0.00,0.00,0.00,2,0
2026-06-12 16:39:24.928,0.00,0.00,0.00,0.00,2,0
2026-06-12 16:39:24.978,0.00,0.00,0.00,0.00,2,0
2026-06-12 16:39:25.029,0.00,0.00,0.00,0.00,2,0
2026-06-12 16:39:25.079,0.00,0.00,0.00,0.00,2,0
2026-06-12 16:39:25.129,0.00,0.00,0.00,0.00,2,0
2026-06-12 16:39:25.180,0.00,0.00,0.00,0.00,2,0
2026-06-12 16:39:25.230,0.00,0.00,0.00,0.00,2,0
2026-06-12 16:39:25.281,0.00,0.00,0.00,0.00,2,0
2026-06-12 16:39:25.331,0.00,0.00,0.00,0.00,2,0
2026-06-12 16:39:25.381,0.00,0.00,0.00,0.00,2,0
2026-06-12 16:39:25.432,0.00,0.00,0.00,0.00,2,0
2026-06-12 16:39:25.482,0.00,0.00,0.00,0.00,2,0
2026-06-12 16:39:25.533,0.00,0.00,0.00,0.00,2,0
2026-06-12 16:39:25.583,0.00,0.00,0.00,0.00,2,0
2026-06-12 16:39:25.633,0.00,0.00,0.00,0.00,2,0
2026-06-12 16:39:25.684,0.00,0.00,0.00,0.00,2,0
2026-06-12 16:39:25.734,0.00,0.00,0.00,0.00,2,0
2026-06-12 16:39:25.785,0.00,0.00,0.00,0.00,2,0
2026-06-12 16:39:25.835,0.00,0.00,0.00,0.00,2,0
2026-06-12 16:39:25.886,0.00,0.00,0.00,0.00,2,0
2026-06-12 16:39:25.936,0.00,0.00,0.00,0.00,2,0
2026-06-12 16:39:25.986,0.00,0.00,0.00,0.00,2,0
2026-06-12 16:39:26.037,0.00,0.00,0.00,0.00,2,0
2026-06-12 16:39:26.087,0.00,0.00,0.00,0.00,2,0
2026-06-12 16:39:26.137,0.00,0.00,0.00,0.00,2,0
2026-06-12 16:39:26.188,0.00,0.00,0.00,0.00,2,0
2026-06-12 16:39:26.238,0.00,0.00,0.00,0.00,2,0
2026-06-12 16:39:26.289,0.00,0.00,0.00,0.00,2,0
2026-06-12 16:39:26.339,0.00,0.00,0.00,0.00,2,0
2026-06-12 16:39:26.390,0.00,0.00,0.00,0.00,2,0
2026-06-12 16:39:26.440,0.00,0.00,0.00,0.00,2,0
2026-06-12 16:39:26.491,0.00,0.00,0.00,0.00,2,0
2026-06-12 16:39:26.541,0.00,0.00,0.00,0.00,2,0
2026-06-12 16:39:26.591,0.00,0.00,0.00,0.00,2,0
2026-06-12 16:39:26.642,0.00,0.00,0.00,0.00,2,0
2026-06-12 16:39:26.692,0.00,0.00,0.00,0.00,2,0
2026-06-12 16:39:26.742,0.00,0.00,0.00,0.00,2,0
2026-06-12 16:39:26.793,0.00,0.00,0.00,0.00,2,0
2026-06-12 16:39:26.843,0.00,0.00,0.00,0.00,2,0
2026-06-12 16:39:26.894,0.00,0.00,0.00,0.00,2,0
2026-06-12 16:39:26.944,0.00,0.00,0.00,0.00,2,0
2026-06-12 16:39:26.995,0.00,0.00,0.00,0.00,2,0
2026-06-12 16:39:27.045,0.00,0.00,0.00,0.00,2,0
2026-06-12 16:39:27.095,0.00,0.00,0.00,0.00,2,0
2026-06-12 16:39:27.146,0.00,0.00,0.00,0.00,2,0
2026-06-12 16:39:27.196,0.00,0.00,0.00,0.00,2,0
2026-06-12 16:39:27.246,0.00,0.00,0.00,0.00,2,0
2026-06-12 16:39:27.297,0.00,0.00,0.00,0.00,2,0
2026-06-12 16:39:27.347,0.00,0.00,0.00,0.00,2,0
2026-06-12 16:39:27.398,0.00,0.00,0.00,0.00,2,0
2026-06-12 16:39:27.448,0.00,0.00,0.00,0.00,2,0
2026-06-12 16:39:27.498,0.00,0.00,0.00,0.00,2,0
2026-06-12 16:39:27.549,0.00,0.00,0.00,0.00,2,0
2026-06-12 16:39:27.599,0.00,0.00,0.00,0.00,2,0
2026-06-12 16:39:27.650,0.00,0.00,0.00,0.00,2,0
2026-06-12 16:39:27.700,0.00,0.00,0.00,0.00,2,0
2026-06-12 16:39:27.751,0.00,0.00,0.00,0.00,2,0
2026-06-12 16:39:27.801,0.00,0.00,0.00,0.00,2,0
2026-06-12 16:39:27.851,0.00,0.00,0.00,0.00,2,0
2026-06-12 16:39:27.902,0.00,0.00,0.00,0.00,2,0
2026-06-12 16:39:27.952,0.00,0.00,0.00,0.00,2,0
2026-06-12 16:39:28.003,0.00,0.00,0.00,0.00,2,0
2026-06-12 16:39:28.053,0.00,0.00,0.00,0.00,2,0
2026-06-12 16:39:28.103,0.00,0.00,0.00,0.00,2,0
2026-06-12 16:39:28.155,0.00,0.00,0.00,0.00,2,0
2026-06-12 16:39:28.205,0.00,0.00,0.00,0.00,2,0
2026-06-12 16:39:28.255,0.00,0.00,0.00,0.00,2,0
2026-06-12 16:39:28.305,0.00,0.00,0.00,0.00,2,0
2026-06-12 16:39:28.355,0.00,0.00,0.00,0.00,2,0
2026-06-12 16:39:28.406,0.00,0.00,0.00,0.00,2,0
2026-06-12 16:39:28.456,0.00,0.00,0.00,0.00,2,0
2026-06-12 16:39:28.507,0.00,0.00,0.00,0.00,2,0
2026-06-12 16:39:28.557,0.00,0.00,0.00,0.00,2,0
2026-06-12 16:39:28.607,0.00,0.00,0.00,0.00,2,0
2026-06-12 16:39:28.658,0.00,0.00,0.00,0.00,2,0
2026-06-12 16:39:28.708,0.00,0.00,0.00,0.00,2,0
2026-06-12 16:39:28.759,0.00,0.00,0.00,0.00,2,0
2026-06-12 16:39:28.809,0.00,0.00,0.00,0.00,2,0
2026-06-12 16:39:28.859,0.00,0.00,0.00,0.00,2,0
2026-06-12 16:39:28.910,0.00,0.00,0.00,0.00,2,0
2026-06-12 16:39:28.960,0.00,0.00,0.00,0.00,2,0
2026-06-12 16:39:29.011,0.00,0.00,0.00,0.00,2,0
2026-06-12 16:39:29.061,0.00,0.00,0.00,0.00,2,0
2026-06-12 16:39:29.112,0.00,0.00,0.00,0.00,2,0
2026-06-12 16:39:29.162,0.00,0.00,0.00,0.00,2,0
2026-06-12 16:39:29.212,0.00,0.00,0.00,0.00,2,0
2026-06-12 16:39:29.263,0.00,0.00,0.00,0.00,2,0
2026-06-12 16:39:29.313,0.00,0.00,0.00,0.00,2,0
2026-06-12 16:39:29.364,0.00,0.00,0.00,0.00,2,0
2026-06-12 16:39:29.414,0.00,0.00,0.00,0.00,2,0
2026-06-12 16:39:29.465,0.00,0.00,0.00,0.00,2,0
2026-06-12 16:39:29.515,0.00,0.00,0.00,0.00,2,0
2026-06-12 16:39:29.565,0.00,0.00,0.00,0.00,2,0
2026-06-12 16:39:29.616,0.00,0.00,0.00,0.00,2,0
2026-06-12 16:39:29.666,0.00,0.00,0.00,0.00,2,0
2026-06-12 16:39:29.716,0.00,0.00,0.00,0.00,2,0
2026-06-12 16:39:29.767,0.00,0.00,0.00,0.00,2,0
2026-06-12 16:39:29.817,0.00,0.00,0.00,0.00,2,0
2026-06-12 16:39:29.868,0.00,0.00,0.00,0.00,2,0
2026-06-12 16:39:29.918,0.00,0.00,0.00,0.00,2,0
2026-06-12 16:39:29.968,0.00,0.00,0.00,0.00,2,0
2026-06-12 16:39:30.019,0.00,0.00,0.00,0.00,2,0
2026-06-12 16:39:30.069,0.00,0.00,0.00,0.00,2,0
2026-06-12 16:39:30.120,0.00,0.00,0.00,0.00,2,0
2026-06-12 16:39:30.170,0.00,0.00,0.00,0.00,2,0
2026-06-12 16:39:30.221,0.00,0.00,0.00,0.00,2,0
2026-06-12 16:39:30.271,0.00,0.00,0.00,0.00,2,0
2026-06-12 16:39:30.321,0.00,0.00,0.00,0.00,2,0
2026-06-12 16:39:30.372,0.00,0.00,0.00,0.00,2,0
2026-06-12 16:39:30.422,0.00,0.00,0.00,0.00,2,0
2026-06-12 16:39:30.473,0.00,0.00,0.00,0.00,2,0
2026-06-12 16:39:30.523,0.00,0.00,0.00,0.00,2,0
2026-06-12 16:39:30.573,0.00,0.00,0.00,0.00,2,0
2026-06-12 16:39:30.624,0.00,0.00,0.00,0.00,2,0
2026-06-12 16:39:30.674,0.00,0.00,0.00,0.00,2,0
2026-06-12 16:39:30.725,0.00,0.00,0.00,0.00,2,0
2026-06-12 16:39:30.775,0.00,0.00,0.00,0.00,2,0
2026-06-12 16:39:30.825,0.00,0.00,0.00,0.00,2,0
2026-06-12 16:39:30.876,0.00,0.00,0.00,0.00,2,0
2026-06-12 16:39:30.926,0.00,0.00,0.00,0.00,2,0
2026-06-12 16:39:30.977,0.00,0.00,0.00,0.00,2,0
2026-06-12 16:39:31.027,0.00,0.00,0.00,0.00,2,0
2026-06-12 16:39:31.078,0.00,0.00,0.00,0.00,2,0
2026-06-12 16:39:31.128,0.00,0.00,0.00,0.00,2,0
2026-06-12 16:39:31.178,0.00,0.00,0.00,0.00,2,0
2026-06-12 16:39:31.229,0.00,0.00,0.00,0.00,2,0
2026-06-12 16:39:31.279,0.00,0.00,0.00,0.00,2,0
2026-06-12 16:39:31.329,0.00,0.00,0.00,0.00,2,0
2026-06-12 16:39:31.380,0.00,0.00,0.00,0.00,2,0
2026-06-12 16:39:31.430,0.00,0.00,0.00,0.00,2,0
2026-06-12 16:39:31.481,0.00,0.00,0.00,0.00,2,0
2026-06-12 16:39:31.531,0.00,0.00,0.00,0.00,2,0
2026-06-12 16:39:31.582,0.00,0.00,0.00,0.00,2,0
2026-06-12 16:39:31.632,0.00,0.00,0.00,0.00,2,0
2026-06-12 16:39:31.682,0.00,0.00,0.00,0.00,2,0
2026-06-12 16:39:31.733,0.00,0.00,0.00,0.00,2,0
2026-06-12 16:39:31.783,0.00,0.00,0.00,0.00,2,0
2026-06-12 16:39:31.834,0.00,0.00,0.00,0.00,2,0
2026-06-12 16:39:31.885,0.00,0.00,0.00,0.00,2,0
2026-06-12 16:39:31.935,0.00,0.00,0.00,0.00,2,0
2026-06-12 16:39:31.985,0.00,0.00,0.00,0.00,2,0
2026-06-12 16:39:32.035,0.00,0.00,0.00,0.00,2,0
2026-06-12 16:39:32.086,0.00,0.00,0.00,0.00,2,0
2026-06-12 16:39:32.136,0.00,0.00,0.00,0.00,2,0
2026-06-12 16:39:32.186,0.00,0.00,0.00,0.00,2,0
2026-06-12 16:39:32.237,0.00,0.00,0.00,0.00,2,0
2026-06-12 16:39:32.287,0.00,0.00,0.00,0.00,2,0
2026-06-12 16:39:32.338,0.00,0.00,0.00,0.00,2,0
2026-06-12 16:39:32.388,0.00,0.00,0.00,0.00,2,0
2026-06-12 16:39:32.439,0.00,0.00,0.00,0.00,2,0
2026-06-12 16:39:32.489,0.00,0.00,0.00,0.00,2,0
2026-06-12 16:39:32.539,0.00,0.00,0.00,0.00,2,0
2026-06-12 16:39:32.590,0.00,0.00,0.00,0.00,2,0
2026-06-12 16:39:32.640,0.00,0.00,0.00,0.00,2,0
2026-06-12 16:39:32.690,0.00,0.00,0.00,0.00,2,0
2026-06-12 16:39:32.741,0.00,0.00,0.00,0.00,2,0
2026-06-12 16:39:32.791,0.00,0.00,0.00,0.00,2,0
2026-06-12 16:39:32.842,0.00,0.00,0.00,0.00,2,0
2026-06-12 16:39:32.892,0.00,0.00,0.00,0.00,2,0
2026-06-12 16:39:32.942,0.00,0.00,0.00,0.00,2,0
2026-06-12 16:39:32.993,0.00,0.00,0.00,0.00,2,0
2026-06-12 16:39:33.043,0.00,0.00,0.00,0.00,2,0
2026-06-12 16:39:33.094,0.00,0.00,0.00,0.00,2,0
2026-06-12 16:39:33.144,0.00,0.00,0.00,0.00,2,0
2026-06-12 16:39:33.195,0.00,0.00,0.00,0.00,2,0
2026-06-12 16:39:33.245,0.00,0.00,0.00,0.00,2,0
2026-06-12 16:39:33.295,0.00,0.00,0.00,0.00,2,0
2026-06-12 16:39:33.346,0.00,0.00,0.00,0.00,2,0
2026-06-12 16:39:33.396,0.00,0.00,0.00,0.00,2,0
2026-06-12 16:39:33.447,0.00,0.00,0.00,0.00,2,0
2026-06-12 16:39:33.497,0.00,0.00,0.00,0.00,2,0
2026-06-12 16:39:33.547,0.00,0.00,0.00,0.00,2,0
2026-06-12 16:39:33.598,0.00,0.00,0.00,0.00,2,0
2026-06-12 16:39:33.648,0.00,0.00,0.00,0.00,2,0
2026-06-12 16:39:33.699,0.00,0.00,0.00,0.00,2,0
2026-06-12 16:39:33.749,0.00,0.00,0.00,0.00,2,0
2026-06-12 16:39:33.799,0.00,0.00,0.00,0.00,2,0
2026-06-12 16:39:33.850,0.00,0.00,0.00,0.00,2,0
2026-06-12 16:39:33.900,0.00,0.00,0.00,0.00,2,0
2026-06-12 16:39:33.951,0.00,0.00,0.00,0.00,2,0
2026-06-12 16:39:34.001,0.00,0.00,0.00,0.00,2,0
2026-06-12 16:39:34.052,0.00,0.00,0.00,0.00,2,0
2026-06-12 16:39:34.102,0.00,0.00,0.00,0.00,2,0
2026-06-12 16:39:34.152,0.00,0.00,0.00,0.00,2,0
2026-06-12 16:39:34.203,0.00,0.00,0.00,0.00,2,0
2026-06-12 16:39:34.253,0.00,0.00,0.00,0.00,2,0
2026-06-12 16:39:34.303,0.00,0.00,0.00,0.00,2,0
2026-06-12 16:39:34.354,0.00,0.00,0.00,0.00,2,0
2026-06-12 16:39:34.405,0.00,0.00,0.00,0.00,2,0
2026-06-12 16:39:34.455,0.00,0.00,0.00,0.00,2,0
2026-06-12 16:39:34.506,0.00,0.00,0.00,0.00,2,0
2026-06-12 16:39:34.556,0.00,0.00,0.00,0.00,2,0
2026-06-12 16:39:34.606,0.00,0.00,0.00,0.00,2,0
2026-06-12 16:39:34.656,0.00,0.00,0.00,0.00,2,0
2026-06-12 16:39:34.707,0.00,0.00,0.00,0.00,2,0
2026-06-12 16:39:34.757,0.00,0.00,0.00,0.00,2,0
2026-06-12 16:39:34.808,0.00,0.00,0.00,0.00,2,0
2026-06-12 16:39:34.858,0.00,0.00,0.00,0.00,2,0
2026-06-12 16:39:34.908,0.00,0.00,0.00,0.00,2,0
2026-06-12 16:39:34.959,0.00,0.00,0.00,0.00,2,0
2026-06-12 16:39:35.009,0.00,0.00,0.00,0.00,2,0
2026-06-12 16:39:35.060,0.00,0.00,0.00,0.00,2,0
2026-06-12 16:39:35.110,0.00,0.00,0.00,0.00,2,0
2026-06-12 16:39:35.161,0.00,0.00,0.00,0.00,2,0
2026-06-12 16:39:35.211,0.00,0.00,0.00,0.00,2,0
2026-06-12 16:39:35.261,0.00,0.00,0.00,0.00,2,0
2026-06-12 16:39:35.312,0.00,0.00,0.00,0.00,2,0
2026-06-12 16:39:35.362,0.00,0.00,0.00,0.00,2,0
2026-06-12 16:39:35.412,0.00,0.00,0.00,0.00,2,0
2026-06-12 16:39:35.463,0.00,0.00,0.00,0.00,2,0
2026-06-12 16:39:35.513,0.00,0.00,0.00,0.00,2,0
2026-06-12 16:39:35.564,0.00,0.00,0.00,0.00,2,0
2026-06-12 16:39:35.614,0.00,0.00,0.00,0.00,2,0
2026-06-12 16:39:35.665,0.00,0.00,0.00,0.00,2,0
2026-06-12 16:39:35.715,0.00,0.00,0.00,0.00,2,0
2026-06-12 16:39:35.765,0.00,0.00,0.00,0.00,2,0
2026-06-12 16:39:35.816,0.00,0.00,0.00,0.00,2,0
2026-06-12 16:39:35.866,0.00,0.00,0.00,0.00,2,0
2026-06-12 16:39:35.916,0.00,0.00,0.00,0.00,2,0
2026-06-12 16:39:35.967,0.00,0.00,0.00,0.00,2,0
2026-06-12 16:39:36.017,0.00,0.00,0.00,0.00,2,0
2026-06-12 16:39:36.068,0.00,0.00,0.00,0.00,2,0
2026-06-12 16:39:36.118,0.00,0.00,0.00,0.00,2,0
2026-06-12 16:39:36.169,0.00,0.00,0.00,0.00,2,0
2026-06-12 16:39:36.219,0.00,0.00,0.00,0.00,2,0
2026-06-12 16:39:36.269,0.00,0.00,0.00,0.00,2,0
2026-06-12 16:39:36.320,0.00,0.00,0.00,0.00,2,0
2026-06-12 16:39:36.370,0.00,0.00,0.00,0.00,2,0
2026-06-12 16:39:36.421,0.00,0.00,0.00,0.00,2,0
2026-06-12 16:39:36.471,0.00,0.00,0.00,0.00,2,0
2026-06-12 16:39:36.521,0.00,0.00,0.00,0.00,2,0
2026-06-12 16:39:36.572,0.00,0.00,0.00,0.00,2,0
2026-06-12 16:39:36.622,0.00,0.00,0.00,0.00,2,0
2026-06-12 16:39:36.673,0.00,0.00,0.00,0.00,2,0
2026-06-12 16:39:36.723,0.00,0.00,0.00,0.00,2,0
2026-06-12 16:39:36.774,0.00,0.00,0.00,0.00,2,0
2026-06-12 16:39:36.825,0.00,0.00,0.00,0.00,2,0
2026-06-12 16:39:36.875,0.00,0.00,0.00,0.00,2,0
2026-06-12 16:39:36.925,0.00,0.00,0.00,0.00,2,0
2026-06-12 16:39:36.975,0.00,0.00,0.00,0.00,2,0
2026-06-12 16:39:37.025,0.00,0.00,0.00,0.00,2,0
2026-06-12 16:39:37.076,0.00,0.00,0.00,0.00,2,0
2026-06-12 16:39:37.126,0.00,0.00,0.00,0.00,2,0
2026-06-12 16:39:37.177,0.00,0.00,0.00,0.00,2,0
2026-06-12 16:39:37.227,0.00,0.00,0.00,0.00,2,0
2026-06-12 16:39:37.278,0.00,0.00,0.00,0.00,2,0
2026-06-12 16:39:37.328,0.00,0.00,0.00,0.00,2,0
2026-06-12 16:39:37.378,0.00,0.00,0.00,0.00,2,0
2026-06-12 16:39:37.429,0.00,0.00,0.00,0.00,2,0
2026-06-12 16:39:37.479,0.00,0.00,0.00,0.00,2,0
2026-06-12 16:39:37.529,0.00,0.00,0.00,0.00,2,0
2026-06-12 16:39:37.580,0.00,0.00,0.00,0.00,2,0
2026-06-12 16:39:37.630,0.00,0.00,0.00,0.00,2,0
2026-06-12 16:39:37.681,0.00,0.00,0.00,0.00,2,0
2026-06-12 16:39:37.731,0.00,0.00,0.00,0.00,2,0
2026-06-12 16:39:37.782,0.00,0.00,0.00,0.00,2,0
2026-06-12 16:39:37.832,0.00,0.00,0.00,0.00,2,0
2026-06-12 16:39:37.882,0.00,0.00,0.00,0.00,2,0
2026-06-12 16:39:37.933,0.00,0.00,0.00,0.00,2,0
2026-06-12 16:39:37.983,0.00,0.00,0.00,0.00,2,0
2026-06-12 16:39:38.034,0.00,0.00,0.00,0.00,2,0
2026-06-12 16:39:38.085,0.00,0.00,0.00,0.00,2,0
2026-06-12 16:39:38.135,0.00,0.00,0.00,0.00,2,0
2026-06-12 16:39:38.185,0.00,0.00,0.00,0.00,2,0
2026-06-12 16:39:38.235,0.00,0.00,0.00,0.00,2,0
2026-06-12 16:39:38.286,0.00,0.00,0.00,0.00,2,0
2026-06-12 16:39:38.336,0.00,0.00,0.00,0.00,2,0
2026-06-12 16:39:38.386,0.00,0.00,0.00,0.00,2,0
2026-06-12 16:39:38.437,0.00,0.00,0.00,0.00,2,0
2026-06-12 16:39:38.487,0.00,0.00,0.00,0.00,2,0
2026-06-12 16:39:38.538,0.00,0.00,0.00,0.00,2,0
2026-06-12 16:39:38.588,0.00,0.00,0.00,0.00,2,0
2026-06-12 16:39:38.638,0.00,0.00,0.00,0.00,2,0
2026-06-12 16:39:38.689,0.00,0.00,0.00,0.00,2,0
2026-06-12 16:39:38.739,0.00,0.00,0.00,0.00,2,0
2026-06-12 16:39:38.790,0.00,0.00,0.00,0.00,2,0
2026-06-12 16:39:38.840,0.00,0.00,0.00,0.00,2,0
2026-06-12 16:39:38.890,0.00,0.00,0.00,0.00,2,0
2026-06-12 16:39:38.941,0.00,0.00,0.00,0.00,2,0
2026-06-12 16:39:38.991,0.00,0.00,0.00,0.00,2,0
2026-06-12 16:39:39.042,0.00,0.00,0.00,0.00,2,0
2026-06-12 16:39:39.092,0.00,0.00,0.00,0.00,2,0
2026-06-12 16:39:39.143,0.00,0.00,0.00,0.00,2,0
2026-06-12 16:39:39.193,0.00,0.00,0.00,0.00,2,0
2026-06-12 16:39:39.243,0.00,0.00,0.00,0.00,2,0
2026-06-12 16:39:39.295,0.00,0.00,0.00,0.00,2,0
2026-06-12 16:39:39.345,0.00,0.00,0.00,0.00,2,0
2026-06-12 16:39:39.395,0.00,0.00,0.00,0.00,2,0
2026-06-12 16:39:39.445,0.00,0.00,0.00,0.00,2,0
2026-06-12 16:39:39.495,0.00,0.00,0.00,0.00,2,0
2026-06-12 16:39:39.546,0.00,0.00,0.00,0.00,2,0
2026-06-12 16:39:39.596,0.00,0.00,0.00,0.00,2,0
2026-06-12 16:39:39.647,0.00,0.00,0.00,0.00,2,0
2026-06-12 16:39:39.697,0.00,0.00,0.00,0.00,2,0
2026-06-12 16:39:39.747,0.00,0.00,0.00,0.00,2,0
2026-06-12 16:39:39.800,0.00,0.00,0.00,0.00,2,0
2026-06-12 16:39:39.848,0.00,0.00,0.00,0.00,2,0
2026-06-12 16:39:39.899,0.00,0.00,0.00,0.00,2,0
2026-06-12 16:39:39.951,0.00,0.00,0.00,0.00,2,0
2026-06-12 16:39:39.999,0.00,0.00,0.00,0.00,2,0
2026-06-12 16:39:40.050,0.00,0.00,0.00,0.00,2,0
2026-06-12 16:39:40.100,0.00,0.00,0.00,0.00,2,0
2026-06-12 16:39:40.151,0.00,0.00,0.00,0.00,2,0
2026-06-12 16:39:40.201,0.00,0.00,0.00,0.00,2,0
2026-06-12 16:39:40.251,0.00,0.00,0.00,0.00,2,0
2026-06-12 16:39:40.302,0.00,0.00,0.00,0.00,2,0
2026-06-12 16:39:40.352,0.00,0.00,0.00,0.00,2,0
2026-06-12 16:39:40.403,0.00,0.00,0.00,0.00,2,0
2026-06-12 16:39:40.453,0.00,0.00,0.00,0.00,2,0
2026-06-12 16:39:40.504,0.00,0.00,0.00,0.00,2,0
2026-06-12 16:39:40.555,0.00,0.00,0.00,0.00,2,0
2026-06-12 16:39:40.605,0.00,0.00,0.00,0.00,2,0
2026-06-12 16:39:40.655,0.00,0.00,0.00,0.00,2,0
2026-06-12 16:39:40.705,0.00,0.00,0.00,0.00,2,0
2026-06-12 16:39:40.755,0.00,0.00,0.00,0.00,2,0
2026-06-12 16:39:40.806,0.00,0.00,0.00,0.00,2,0
2026-06-12 16:39:40.856,0.00,0.00,0.00,0.00,2,0
2026-06-12 16:39:40.907,0.00,0.00,0.00,0.00,2,0
2026-06-12 16:39:40.957,0.00,0.00,0.00,0.00,2,0
2026-06-12 16:39:41.007,0.00,0.00,0.00,0.00,2,0
2026-06-12 16:39:41.058,0.00,0.00,0.00,0.00,2,0
2026-06-12 16:39:41.108,0.00,0.00,0.00,0.00,2,0
2026-06-12 16:39:41.159,0.00,0.00,0.00,0.00,2,0
2026-06-12 16:39:41.209,0.00,0.00,0.00,0.00,2,0
2026-06-12 16:39:41.260,0.00,0.00,0.00,0.00,2,0
2026-06-12 16:39:41.310,0.00,0.00,0.00,0.00,2,0
2026-06-12 16:39:41.360,0.00,0.00,0.00,0.00,2,0
2026-06-12 16:39:41.411,0.00,0.00,0.00,0.00,2,0
2026-06-12 16:39:41.461,0.00,0.00,0.00,0.00,2,0
2026-06-12 16:39:41.512,0.00,0.00,0.00,0.00,2,0
2026-06-12 16:39:41.562,0.00,0.00,0.00,0.00,2,0
2026-06-12 16:39:41.612,0.00,0.00,0.00,0.00,2,0
2026-06-12 16:39:41.663,0.00,0.00,0.00,0.00,2,0
2026-06-12 16:39:41.713,0.00,0.00,0.00,0.00,2,0
2026-06-12 16:39:41.764,0.00,0.00,0.00,0.00,2,0
2026-06-12 16:39:41.814,0.00,0.00,0.00,0.00,2,0
2026-06-12 16:39:41.865,0.00,0.00,0.00,0.00,2,0
2026-06-12 16:39:41.915,0.00,0.00,0.00,0.00,2,0
2026-06-12 16:39:41.965,0.00,0.00,0.00,0.00,2,0
2026-06-12 16:39:42.016,0.00,0.00,0.00,0.00,2,0
2026-06-12 16:39:42.066,0.00,0.00,0.00,0.00,2,0
2026-06-12 16:39:42.116,0.00,0.00,0.00,0.00,2,0
2026-06-12 16:39:42.167,0.00,0.00,0.00,0.00,2,0
2026-06-12 16:39:42.217,0.00,0.00,0.00,0.00,2,0
2026-06-12 16:39:42.268,0.00,0.00,0.00,0.00,2,0
2026-06-12 16:39:42.318,0.00,0.00,0.00,0.00,2,0
2026-06-12 16:39:42.369,0.00,0.00,0.00,0.00,2,0
2026-06-12 16:39:42.419,0.00,0.00,0.00,0.00,2,0
2026-06-12 16:39:42.469,0.00,0.00,0.00,0.00,2,0
2026-06-12 16:39:42.520,0.00,0.00,0.00,0.00,2,0
2026-06-12 16:39:42.570,0.00,0.00,0.00,0.00,2,0
2026-06-12 16:39:42.621,0.00,0.00,0.00,0.00,2,0
2026-06-12 16:39:42.671,0.00,0.00,0.00,0.00,2,0
2026-06-12 16:39:42.721,0.00,0.00,0.00,0.00,2,0
2026-06-12 16:39:42.772,0.00,0.00,0.00,0.00,2,0
2026-06-12 16:39:42.822,0.00,0.00,0.00,0.00,2,0
2026-06-12 16:39:42.873,0.00,0.00,0.00,0.00,2,0
2026-06-12 16:39:42.923,0.00,0.00,0.00,0.00,2,0
2026-06-12 16:39:42.973,0.00,0.00,0.00,0.00,2,0
2026-06-12 16:39:43.025,0.00,0.00,0.00,0.00,2,0
2026-06-12 16:39:43.075,0.00,0.00,0.00,0.00,2,0
2026-06-12 16:39:43.125,0.00,0.00,0.00,0.00,2,0
2026-06-12 16:39:43.175,0.00,0.00,0.00,0.00,2,0
2026-06-12 16:39:43.225,0.00,0.00,0.00,0.00,2,0
2026-06-12 16:39:43.276,0.00,0.00,0.00,0.00,2,0
2026-06-12 16:39:43.326,0.00,0.00,0.00,0.00,2,0
2026-06-12 16:39:43.377,0.00,0.00,0.00,0.00,2,0
2026-06-12 16:39:43.427,0.00,0.00,0.00,0.00,2,0
2026-06-12 16:39:43.477,0.00,0.00,0.00,0.00,2,0
2026-06-12 16:39:43.528,0.00,0.00,0.00,0.00,2,0
2026-06-12 16:39:43.578,0.00,0.00,0.00,0.00,2,0
2026-06-12 16:39:43.629,0.00,0.00,0.00,0.00,2,0
2026-06-12 16:39:43.679,0.00,0.00,0.00,0.00,2,0
2026-06-12 16:39:43.729,0.00,0.00,0.00,0.00,2,0
2026-06-12 16:39:43.780,0.00,0.00,0.00,0.00,2,0
2026-06-12 16:39:43.830,0.00,0.00,0.00,0.00,2,0
2026-06-12 16:39:43.881,0.00,0.00,0.00,0.00,2,0
2026-06-12 16:39:43.931,0.00,0.00,0.00,0.00,2,0
2026-06-12 16:39:43.982,0.00,0.00,0.00,0.00,2,0
2026-06-12 16:39:44.032,0.00,0.00,0.00,0.00,2,0
2026-06-12 16:39:44.082,0.00,0.00,0.00,0.00,2,0
2026-06-12 16:39:44.133,0.00,0.00,0.00,0.00,2,0
2026-06-12 16:39:44.183,0.00,0.00,0.00,0.00,2,0
2026-06-12 16:39:44.234,0.00,0.00,0.00,0.00,2,0
2026-06-12 16:39:44.285,0.00,0.00,0.00,0.00,2,0
2026-06-12 16:39:44.334,0.00,0.00,0.00,0.00,2,0
2026-06-12 16:39:44.385,0.00,0.00,0.00,0.00,2,0
2026-06-12 16:39:44.435,0.00,0.00,0.00,0.00,2,0
2026-06-12 16:39:44.485,0.00,0.00,0.00,0.00,2,0
2026-06-12 16:39:44.536,0.00,0.00,0.00,0.00,2,0
2026-06-12 16:39:44.586,0.00,0.00,0.00,0.00,2,0
2026-06-12 16:39:44.637,0.00,0.00,0.00,0.00,2,0
2026-06-12 16:39:44.687,0.00,0.00,0.00,0.00,2,0
2026-06-12 16:39:44.738,0.00,0.00,0.00,0.00,2,0
2026-06-12 16:39:44.788,0.00,0.00,0.00,0.00,2,0
2026-06-12 16:39:44.838,0.00,0.00,0.00,0.00,2,0
2026-06-12 16:39:44.889,0.00,0.00,0.00,0.00,2,0
2026-06-12 16:39:44.939,0.00,0.00,0.00,0.00,2,0
2026-06-12 16:39:44.990,0.00,0.00,0.00,0.00,2,0
2026-06-12 16:39:45.040,0.00,0.00,0.00,0.00,2,0
2026-06-12 16:39:45.090,0.00,0.00,0.00,0.00,2,0
2026-06-12 16:39:45.141,0.00,0.00,0.00,0.00,2,0
2026-06-12 16:39:45.191,0.00,0.00,0.00,0.00,2,0
2026-06-12 16:39:45.242,0.00,0.00,0.00,0.00,2,0
2026-06-12 16:39:45.292,0.00,0.00,0.00,0.00,2,0
2026-06-12 16:39:45.342,0.00,0.00,0.00,0.00,2,0
2026-06-12 16:39:45.393,0.00,0.00,0.00,0.00,2,0
2026-06-12 16:39:45.443,0.00,0.00,0.00,0.00,2,0
2026-06-12 16:39:45.495,0.00,0.00,0.00,0.00,2,0
2026-06-12 16:39:45.545,0.00,0.00,0.00,0.00,2,0
2026-06-12 16:39:45.595,0.00,0.00,0.00,0.00,2,0
2026-06-12 16:39:45.645,0.00,0.00,0.00,0.00,2,0
2026-06-12 16:39:45.695,0.00,0.00,0.00,0.00,2,0
2026-06-12 16:39:45.746,0.00,0.00,0.00,0.00,2,0
2026-06-12 16:39:45.796,0.00,0.00,0.00,0.00,2,0
2026-06-12 16:39:45.847,0.00,0.00,0.00,0.00,2,0
2026-06-12 16:39:45.897,0.00,0.00,0.00,0.00,2,0
2026-06-12 16:39:45.947,0.00,0.00,0.00,0.00,2,0
2026-06-12 16:39:45.998,0.00,0.00,0.00,0.00,2,0
2026-06-12 16:39:46.048,0.00,0.00,0.00,0.00,2,0
2026-06-12 16:39:46.099,0.00,0.00,0.00,0.00,2,0
2026-06-12 16:39:46.149,0.00,0.00,0.00,0.00,2,0
2026-06-12 16:39:46.199,0.00,0.00,0.00,0.00,2,0
2026-06-12 16:39:46.250,0.00,0.00,0.00,0.00,2,0
2026-06-12 16:39:46.300,0.00,0.00,0.00,0.00,2,0
2026-06-12 16:39:46.351,0.00,0.00,0.00,0.00,2,0
2026-06-12 16:39:46.401,0.00,0.00,0.00,0.00,2,0
2026-06-12 16:39:46.451,0.00,0.00,0.00,0.00,2,0
2026-06-12 16:39:46.502,0.00,0.00,0.00,0.00,2,0
2026-06-12 16:39:46.552,0.00,0.00,0.00,0.00,2,0
2026-06-12 16:39:46.603,0.00,0.00,0.00,0.00,2,0
2026-06-12 16:39:46.653,0.00,0.00,0.00,0.00,2,0
2026-06-12 16:39:46.703,0.00,0.00,0.00,0.00,2,0
2026-06-12 16:39:46.755,0.00,0.00,0.00,0.00,2,0
2026-06-12 16:39:46.806,0.00,0.00,0.00,0.00,2,0
2026-06-12 16:39:46.855,0.00,0.00,0.00,0.00,2,0
2026-06-12 16:39:46.905,0.00,0.00,0.00,0.00,2,0
2026-06-12 16:39:46.955,0.00,0.00,0.00,0.00,2,0
2026-06-12 16:39:47.006,0.00,0.00,0.00,0.00,2,0
2026-06-12 16:39:47.056,0.00,0.00,0.00,0.00,2,0
2026-06-12 16:39:47.107,0.00,0.00,0.00,0.00,2,0
2026-06-12 16:39:47.157,0.00,0.00,0.00,0.00,2,0
2026-06-12 16:39:47.208,0.00,0.00,0.00,0.00,2,0
2026-06-12 16:39:47.258,0.00,0.00,0.00,0.00,2,0
2026-06-12 16:39:47.308,0.00,0.00,0.00,0.00,2,0
2026-06-12 16:39:47.359,0.00,0.00,0.00,0.00,2,0
2026-06-12 16:39:47.409,0.00,0.00,0.00,0.00,2,0
2026-06-12 16:39:47.460,0.00,0.00,0.00,0.00,2,0
2026-06-12 16:39:47.510,0.00,0.00,0.00,0.00,2,0
2026-06-12 16:39:47.560,0.00,0.00,0.00,0.00,2,0
2026-06-12 16:39:47.611,0.00,0.00,0.00,0.00,2,0
2026-06-12 16:39:47.661,0.00,0.00,0.00,0.00,2,0
2026-06-12 16:39:47.712,0.00,0.00,0.00,0.00,2,0
2026-06-12 16:39:47.762,0.00,0.00,0.00,0.00,2,0
2026-06-12 16:39:47.812,0.00,0.00,0.00,0.00,2,0
2026-06-12 16:39:47.863,0.00,0.00,0.00,0.00,2,0
2026-06-12 16:39:47.913,0.00,0.00,0.00,0.00,2,0
2026-06-12 16:39:47.964,0.00,0.00,0.00,0.00,2,0
2026-06-12 16:39:48.014,0.00,0.00,0.00,0.00,2,0
2026-06-12 16:39:48.064,0.00,0.00,0.00,0.00,2,0
2026-06-12 16:39:48.115,0.00,0.00,0.00,0.00,2,0
2026-06-12 16:39:48.165,0.00,0.00,0.00,0.00,2,0
2026-06-12 16:39:48.216,0.00,0.00,0.00,0.00,2,0
2026-06-12 16:39:48.266,0.00,0.00,0.00,0.00,2,0
2026-06-12 16:39:48.317,0.00,0.00,0.00,0.00,2,0
2026-06-12 16:39:48.367,0.00,0.00,0.00,0.00,2,0
2026-06-12 16:39:48.417,0.00,0.00,0.00,0.00,2,0
2026-06-12 16:39:48.468,0.00,0.00,0.00,0.00,2,0
2026-06-12 16:39:48.518,0.00,0.00,0.00,0.00,2,0
2026-06-12 16:39:48.568,0.00,0.00,0.00,0.00,2,0
2026-06-12 16:39:48.619,0.00,0.00,0.00,0.00,2,0
2026-06-12 16:39:48.669,0.00,0.00,0.00,0.00,2,0
2026-06-12 16:39:48.720,0.00,0.00,0.00,0.00,2,0
2026-06-12 16:39:48.770,0.00,0.00,0.00,0.00,2,0
2026-06-12 16:39:48.820,0.00,0.00,0.00,0.00,2,0
2026-06-12 16:39:48.871,0.00,0.00,0.00,0.00,2,0
2026-06-12 16:39:48.921,0.00,0.00,0.00,0.00,2,0
2026-06-12 16:39:48.972,0.00,0.00,0.00,0.00,2,0
2026-06-12 16:39:49.022,0.00,0.00,0.00,0.00,2,0
2026-06-12 16:39:49.073,0.00,0.00,0.00,0.00,2,0
2026-06-12 16:39:49.123,0.00,0.00,0.00,0.00,2,0
2026-06-12 16:39:49.173,0.00,0.00,0.00,0.00,2,0
2026-06-12 16:39:49.224,0.00,0.00,0.00,0.00,2,0
2026-06-12 16:39:49.274,0.00,0.00,0.00,0.00,2,0
2026-06-12 16:39:49.325,0.00,0.00,0.00,0.00,2,0
2026-06-12 16:39:49.375,0.00,0.00,0.00,0.00,2,0
2026-06-12 16:39:49.425,0.00,0.00,0.00,0.00,2,0
2026-06-12 16:39:49.476,0.00,0.00,0.00,0.00,2,0
2026-06-12 16:39:49.526,0.00,0.00,0.00,0.00,2,0
2026-06-12 16:39:49.577,0.00,0.00,0.00,0.00,2,0
2026-06-12 16:39:49.627,0.00,0.00,0.00,0.00,2,0
2026-06-12 16:39:49.677,0.00,0.00,0.00,0.00,2,0
2026-06-12 16:39:49.728,0.00,0.00,0.00,0.00,2,0
2026-06-12 16:39:49.778,0.00,0.00,0.00,0.00,2,0
2026-06-12 16:39:49.829,0.00,0.00,0.00,0.00,2,0
2026-06-12 16:39:49.879,0.00,0.00,0.00,0.00,2,0
2026-06-12 16:39:49.929,0.00,0.00,0.00,0.00,2,0
2026-06-12 16:39:49.980,0.00,0.00,0.00,0.00,2,0
2026-06-12 16:39:50.030,0.00,0.00,0.00,0.00,2,0
2026-06-12 16:39:50.081,0.00,0.00,0.00,0.00,2,0
2026-06-12 16:39:50.131,0.00,0.00,0.00,0.00,2,0
2026-06-12 16:39:50.181,0.00,0.00,0.00,0.00,2,0
2026-06-12 16:39:50.232,0.00,0.00,0.00,0.00,2,0
2026-06-12 16:39:50.282,0.00,0.00,0.00,0.00,2,0
2026-06-12 16:39:50.333,0.00,0.00,0.00,0.00,2,0
2026-06-12 16:39:50.383,0.00,0.00,0.00,0.00,2,0
2026-06-12 16:39:50.434,0.00,0.00,0.00,0.00,2,0
2026-06-12 16:39:50.484,0.00,0.00,0.00,0.00,2,0
2026-06-12 16:39:50.535,0.00,0.00,0.00,0.00,2,0
2026-06-12 16:39:50.585,0.00,0.00,0.00,0.00,2,0
2026-06-12 16:39:50.635,0.00,0.00,0.00,0.00,2,0
2026-06-12 16:39:50.686,0.00,0.00,0.00,0.00,2,0
2026-06-12 16:39:50.736,0.00,0.00,0.00,0.00,2,0
2026-06-12 16:39:50.786,0.00,0.00,0.00,0.00,2,0
2026-06-12 16:39:50.837,0.00,0.00,0.00,0.00,2,0
2026-06-12 16:39:50.887,0.00,0.00,0.00,0.00,2,0
2026-06-12 16:39:50.938,0.00,0.00,0.00,0.00,2,0
2026-06-12 16:39:50.988,0.00,0.00,0.00,0.00,2,0
2026-06-12 16:39:51.038,0.00,0.00,0.00,0.00,2,0
2026-06-12 16:39:51.089,0.00,0.00,0.00,0.00,2,0
2026-06-12 16:39:51.139,0.00,0.00,0.00,0.00,2,0
2026-06-12 16:39:51.190,0.00,0.00,0.00,0.00,2,0
2026-06-12 16:39:51.240,0.00,0.00,0.00,0.00,2,0
2026-06-12 16:39:51.290,0.00,0.00,0.00,0.00,2,0
2026-06-12 16:39:51.341,0.00,0.00,0.00,0.00,2,0
2026-06-12 16:39:51.391,0.00,0.00,0.00,0.00,2,0
2026-06-12 16:39:51.442,0.00,0.00,0.00,0.00,2,0
2026-06-12 16:39:51.492,0.00,0.00,0.00,0.00,2,0
2026-06-12 16:39:51.542,0.00,0.00,0.00,0.00,2,0
2026-06-12 16:39:51.593,0.00,0.00,0.00,0.00,2,0
2026-06-12 16:39:51.643,0.00,0.00,0.00,0.00,2,0
2026-06-12 16:39:51.694,0.00,0.00,0.00,0.00,2,0
2026-06-12 16:39:51.744,0.00,0.00,0.00,0.00,2,0
2026-06-12 16:39:51.795,0.00,0.00,0.00,0.00,2,0
2026-06-12 16:39:51.845,0.00,0.00,0.00,0.00,2,0
2026-06-12 16:39:51.895,0.00,0.00,0.00,0.00,2,0
2026-06-12 16:39:51.946,0.00,0.00,0.00,0.00,2,0
2026-06-12 16:39:51.996,0.00,0.00,0.00,0.00,2,0
2026-06-12 16:39:52.046,0.00,0.00,0.00,0.00,2,0
2026-06-12 16:39:52.097,0.00,0.00,0.00,0.00,2,0
2026-06-12 16:39:52.147,0.00,0.00,0.00,0.00,2,0
2026-06-12 16:39:52.198,0.00,0.00,0.00,0.00,2,0
2026-06-12 16:39:52.248,0.00,0.00,0.00,0.00,2,0
2026-06-12 16:39:52.299,0.00,0.00,0.00,0.00,2,0
2026-06-12 16:39:52.349,0.00,0.00,0.00,0.00,2,0
2026-06-12 16:39:52.399,0.00,0.00,0.00,0.00,2,0
2026-06-12 16:39:52.450,0.00,0.00,0.00,0.00,2,0
2026-06-12 16:39:52.500,0.00,0.00,0.00,0.00,2,0
2026-06-12 16:39:52.551,0.00,0.00,0.00,0.00,2,0
2026-06-12 16:39:52.601,0.00,0.00,0.00,0.00,2,0
2026-06-12 16:39:52.651,0.00,0.00,0.00,0.00,2,0
2026-06-12 16:39:52.702,0.00,0.00,0.00,0.00,2,0
2026-06-12 16:39:52.752,0.00,0.00,0.00,0.00,2,0
2026-06-12 16:39:52.803,0.00,0.00,0.00,0.00,2,0
2026-06-12 16:39:52.853,0.00,0.00,0.00,0.00,2,0
2026-06-12 16:39:52.903,0.00,0.00,0.00,0.00,2,0
2026-06-12 16:39:52.955,0.00,0.00,0.00,0.00,2,0
2026-06-12 16:39:53.006,0.00,0.00,0.00,0.00,2,0
2026-06-12 16:39:53.055,0.00,0.00,0.00,0.00,2,0
2026-06-12 16:39:53.105,0.00,0.00,0.00,0.00,2,0
2026-06-12 16:39:53.156,0.00,0.00,0.00,0.00,2,0
2026-06-12 16:39:53.206,0.00,0.00,0.00,0.00,2,0
2026-06-12 16:39:53.256,0.00,0.00,0.00,0.00,2,0
2026-06-12 16:39:53.307,0.00,0.00,0.00,0.00,2,0
2026-06-12 16:39:53.357,0.00,0.00,0.00,0.00,2,0
2026-06-12 16:39:53.407,0.00,0.00,0.00,0.00,2,0
2026-06-12 16:39:53.458,0.00,0.00,0.00,0.00,2,0
2026-06-12 16:39:53.508,0.00,0.00,0.00,0.00,2,0
2026-06-12 16:39:53.559,0.00,0.00,0.00,0.00,2,0
2026-06-12 16:39:53.609,0.00,0.00,0.00,0.00,2,0
2026-06-12 16:39:53.659,0.00,0.00,0.00,0.00,2,0
2026-06-12 16:39:53.711,0.00,0.00,0.00,0.00,2,0
2026-06-12 16:39:53.760,0.00,0.00,0.00,0.00,2,0
2026-06-12 16:39:53.811,0.00,0.00,0.00,0.00,2,0
2026-06-12 16:39:53.861,0.00,0.00,0.00,0.00,2,0
2026-06-12 16:39:53.911,0.00,0.00,0.00,0.00,2,0
2026-06-12 16:39:53.962,0.00,0.00,0.00,0.00,2,0
2026-06-12 16:39:54.012,0.00,0.00,0.00,0.00,2,0
2026-06-12 16:39:54.063,0.00,0.00,0.00,0.00,2,0
2026-06-12 16:39:54.113,0.00,0.00,0.00,0.00,2,0
2026-06-12 16:39:54.163,0.00,0.00,0.00,0.00,2,0
2026-06-12 16:39:54.214,0.00,0.00,0.00,0.00,2,0
2026-06-12 16:39:54.265,0.00,0.00,0.00,0.00,2,0
2026-06-12 16:39:54.315,0.00,0.00,0.00,0.00,2,0
2026-06-12 16:39:54.365,0.00,0.00,0.00,0.00,2,0
2026-06-12 16:39:54.416,0.00,0.00,0.00,0.00,2,0
2026-06-12 16:39:54.466,0.00,0.00,0.00,0.00,2,0
2026-06-12 16:39:54.516,0.00,0.00,0.00,0.00,2,0
2026-06-12 16:39:54.567,0.00,0.00,0.00,0.00,2,0
2026-06-12 16:39:54.617,0.00,0.00,0.00,0.00,2,0
2026-06-12 16:39:54.668,0.00,0.00,0.00,0.00,2,0
2026-06-12 16:39:54.718,0.00,0.00,0.00,0.00,2,0
2026-06-12 16:39:54.768,0.00,0.00,0.00,0.00,2,0
2026-06-12 16:39:54.819,0.00,0.00,0.00,0.00,2,0
2026-06-12 16:39:54.869,0.00,0.00,0.00,0.00,2,0
2026-06-12 16:39:54.920,0.00,0.00,0.00,0.00,2,0
2026-06-12 16:39:54.970,0.00,0.00,0.00,0.00,2,0
2026-06-12 16:39:55.020,0.00,0.00,0.00,0.00,2,0
2026-06-12 16:39:55.071,0.00,0.00,0.00,0.00,2,0
2026-06-12 16:39:55.121,0.00,0.00,0.00,0.00,2,0
2026-06-12 16:39:55.172,0.00,0.00,0.00,0.00,2,0
2026-06-12 16:39:55.222,0.00,0.00,0.00,0.00,2,0
2026-06-12 16:39:55.273,0.00,0.00,0.00,0.00,2,0
2026-06-12 16:39:55.323,0.00,0.00,0.00,0.00,2,0
2026-06-12 16:39:55.373,0.00,0.00,0.00,0.00,2,0
2026-06-12 16:39:55.424,0.00,0.00,0.00,0.00,2,0
2026-06-12 16:39:55.474,0.00,0.00,0.00,0.00,2,0
2026-06-12 16:39:55.525,0.00,0.00,0.00,0.00,2,0
2026-06-12 16:39:55.575,0.00,0.00,0.00,0.00,2,0
2026-06-12 16:39:55.626,0.00,0.00,0.00,0.00,2,0
2026-06-12 16:39:55.676,0.00,0.00,0.00,0.00,2,0
2026-06-12 16:39:55.726,0.00,0.00,0.00,0.00,2,0
2026-06-12 16:39:55.776,0.00,0.00,0.00,0.00,2,0
2026-06-12 16:39:55.827,0.00,0.00,0.00,0.00,2,0
2026-06-12 16:39:55.877,0.00,0.00,0.00,0.00,2,0
