Timestamp,Speed_kmh,Accel_ms2,Raw_RPM,Filtered_RPM,Brake_State,Control_Mode
2026-06-12 20:05:22.822,0.00,0.00,0.00,0.00,0,0
2026-06-12 20:05:22.869,0.00,0.00,0.00,0.00,0,2
2026-06-12 20:05:22.919,0.00,0.00,0.00,0.00,2,0
2026-06-12 20:05:22.969,0.00,0.00,0.00,0.00,2,0
2026-06-12 20:05:23.020,0.00,0.00,0.00,0.00,2,0
2026-06-12 20:05:23.072,0.00,0.00,0.00,0.00,2,0
2026-06-12 20:05:23.121,0.00,0.00,0.00,0.00,2,0
2026-06-12 20:05:23.171,0.00,0.00,0.00,0.00,2,0
2026-06-12 20:05:23.222,0.00,0.00,0.00,0.00,2,0
2026-06-12 20:05:23.272,0.00,0.00,0.00,0.00,2,0
2026-06-12 20:05:23.322,0.00,0.00,0.00,0.00,2,0
2026-06-12 20:05:23.373,0.00,0.00,0.00,0.00,2,0
2026-06-12 20:05:23.424,0.00,0.00,0.00,0.00,2,0
2026-06-12 20:05:23.474,0.00,0.00,0.00,0.00,2,0
2026-06-12 20:05:23.524,0.00,0.00,0.00,0.00,2,0
2026-06-12 20:05:23.574,0.00,0.00,0.00,0.00,2,0
2026-06-12 20:05:23.625,0.00,0.00,0.00,0.00,2,0
2026-06-12 20:05:23.675,0.00,0.00,0.00,0.00,2,0
2026-06-12 20:05:23.726,0.00,0.00,0.00,0.00,2,0
2026-06-12 20:05:23.776,0.00,0.00,0.00,0.00,2,0
2026-06-12 20:05:23.826,0.00,0.00,0.00,0.00,2,0
2026-06-12 20:05:23.877,0.00,0.00,0.00,0.00,2,0
2026-06-12 20:05:23.927,0.00,0.00,0.00,0.00,2,0
2026-06-12 20:05:23.978,0.00,0.00,0.00,0.00,2,0
2026-06-12 20:05:24.028,0.00,0.00,0.00,0.00,2,0
2026-06-12 20:05:24.080,0.00,0.00,0.00,0.00,2,0
2026-06-12 20:05:24.129,0.00,0.00,0.00,0.00,2,0
2026-06-12 20:05:24.179,0.00,0.00,0.00,0.00,2,0
2026-06-12 20:05:24.229,0.00,0.00,0.00,0.00,2,0
2026-06-12 20:05:24.280,0.00,0.00,0.00,0.00,2,0
2026-06-12 20:05:24.330,0.00,0.00,0.00,0.00,2,0
2026-06-12 20:05:24.381,0.00,0.00,0.00,0.00,2,0
2026-06-12 20:05:24.431,0.00,0.00,0.00,0.00,2,0
2026-06-12 20:05:24.481,0.00,0.00,0.00,0.00,2,0
2026-06-12 20:05:24.532,0.00,0.00,0.00,0.00,2,0
2026-06-12 20:05:24.582,0.00,0.00,0.00,0.00,2,0
2026-06-12 20:05:24.633,0.00,0.00,0.00,0.00,2,0
2026-06-12 20:05:24.683,0.00,0.00,0.00,0.00,2,0
2026-06-12 20:05:24.733,0.00,0.00,0.00,0.00,2,0
2026-06-12 20:05:24.784,0.00,0.00,0.00,0.00,2,0
2026-06-12 20:05:24.834,0.00,0.00,0.00,0.00,2,0
2026-06-12 20:05:24.885,0.00,0.00,0.00,0.00,2,0
2026-06-12 20:05:24.936,0.00,0.00,0.00,0.00,2,0
2026-06-12 20:05:24.985,0.00,0.00,0.00,0.00,2,0
2026-06-12 20:05:25.036,0.00,0.00,0.00,0.00,2,0
2026-06-12 20:05:25.086,0.00,0.00,0.00,0.00,2,0
2026-06-12 20:05:25.137,0.00,0.00,0.00,0.00,2,0
2026-06-12 20:05:25.187,0.00,0.00,0.00,0.00,2,0
2026-06-12 20:05:25.237,0.00,0.00,0.00,0.00,2,0
2026-06-12 20:05:25.288,0.00,0.00,0.00,0.00,2,0
2026-06-12 20:05:25.339,0.00,0.00,0.00,0.00,2,0
2026-06-12 20:05:25.389,0.00,0.00,0.00,0.00,2,0
2026-06-12 20:05:25.439,0.00,0.00,0.00,0.00,2,0
2026-06-12 20:05:25.489,0.00,0.00,0.00,0.00,2,0
2026-06-12 20:05:25.540,0.00,0.00,0.00,0.00,2,0
2026-06-12 20:05:25.590,0.00,0.00,0.00,0.00,2,0
2026-06-12 20:05:25.641,0.00,0.00,0.00,0.00,2,0
2026-06-12 20:05:25.692,0.00,0.00,0.00,0.00,2,0
2026-06-12 20:05:25.748,0.00,0.00,0.00,0.00,2,0
2026-06-12 20:05:25.792,0.00,0.00,0.00,0.00,2,0
2026-06-12 20:05:25.842,0.00,0.00,0.00,0.00,2,0
2026-06-12 20:05:25.893,0.00,0.00,0.00,0.00,2,0
2026-06-12 20:05:25.943,0.00,0.00,0.00,0.00,2,0
2026-06-12 20:05:25.993,0.00,0.00,0.00,0.00,2,0
2026-06-12 20:05:26.044,0.00,0.00,0.00,0.00,2,0
2026-06-12 20:05:26.094,0.00,0.00,0.00,0.00,2,0
2026-06-12 20:05:26.148,0.00,0.00,0.00,0.00,2,0
2026-06-12 20:05:26.195,0.00,0.00,0.00,0.00,2,0
2026-06-12 20:05:26.245,0.00,0.00,0.00,0.00,2,0
2026-06-12 20:05:26.296,0.00,0.00,0.00,0.00,2,0
2026-06-12 20:05:26.346,0.00,0.00,0.00,0.00,2,0
2026-06-12 20:05:26.397,0.00,0.00,0.00,0.00,2,0
2026-06-12 20:05:26.447,0.00,0.00,0.00,0.00,2,0
2026-06-12 20:05:26.497,0.00,0.00,0.00,0.00,2,0
2026-06-12 20:05:26.548,0.00,0.00,0.00,0.00,2,0
2026-06-12 20:05:26.598,0.00,0.00,0.00,0.00,2,0
2026-06-12 20:05:26.649,0.00,0.00,0.00,0.00,2,0
2026-06-12 20:05:26.699,0.00,0.00,0.00,0.00,2,0
2026-06-12 20:05:26.749,0.00,0.00,0.00,0.00,2,0
2026-06-12 20:05:26.800,0.00,0.00,0.00,0.00,2,0
2026-06-12 20:05:26.850,0.00,0.00,0.00,0.00,2,0
2026-06-12 20:05:26.901,0.00,0.00,0.00,0.00,2,0
2026-06-12 20:05:26.951,0.00,0.00,0.00,0.00,2,0
2026-06-12 20:05:27.004,0.00,0.00,0.00,0.00,2,0
2026-06-12 20:05:27.056,0.00,0.00,0.00,0.00,2,0
2026-06-12 20:05:27.105,0.00,0.00,0.00,0.00,2,0
2026-06-12 20:05:27.153,0.00,0.00,0.00,0.00,2,0
2026-06-12 20:05:27.204,0.00,0.00,0.00,0.00,2,0
2026-06-12 20:05:27.255,0.00,0.00,0.00,0.00,2,0
2026-06-12 20:05:27.304,0.00,0.00,0.00,0.00,2,0
2026-06-12 20:05:27.356,0.00,0.00,0.00,0.00,2,0
2026-06-12 20:05:27.416,0.00,0.00,0.00,0.00,2,0
2026-06-12 20:05:27.455,0.00,0.00,0.00,0.00,2,0
2026-06-12 20:05:27.505,0.00,0.00,0.00,0.00,2,0
2026-06-12 20:05:27.556,0.00,0.00,0.00,0.00,2,0
2026-06-12 20:05:27.606,0.00,0.00,0.00,0.00,2,0
2026-06-12 20:05:27.657,0.00,0.00,0.00,0.00,2,0
2026-06-12 20:05:27.707,0.00,0.00,0.00,0.00,2,0
2026-06-12 20:05:27.757,0.00,0.00,0.00,0.00,2,0
2026-06-12 20:05:27.808,0.00,0.00,0.00,0.00,2,0
2026-06-12 20:05:27.859,0.00,0.00,0.00,0.00,2,0
2026-06-12 20:05:27.920,0.00,0.00,0.00,0.00,2,0
2026-06-12 20:05:27.960,0.00,0.00,0.00,0.00,2,0
2026-06-12 20:05:28.012,0.00,0.00,0.00,0.00,2,0
2026-06-12 20:05:28.060,0.00,0.00,0.00,0.00,2,0
2026-06-12 20:05:28.120,0.00,0.00,0.00,0.00,2,0
2026-06-12 20:05:28.164,0.00,0.00,0.00,0.00,2,0
2026-06-12 20:05:28.211,0.00,0.00,0.00,0.00,2,0
2026-06-12 20:05:28.261,0.00,0.00,0.00,0.00,2,0
2026-06-12 20:05:28.312,0.00,0.00,0.00,0.00,2,0
2026-06-12 20:05:28.362,0.00,0.00,0.00,0.00,2,0
2026-06-12 20:05:28.412,0.00,0.00,0.00,0.00,2,0
2026-06-12 20:05:28.463,0.00,0.00,0.00,0.00,2,0
2026-06-12 20:05:28.514,0.00,0.00,0.00,0.00,2,0
2026-06-12 20:05:28.567,0.00,0.00,0.00,0.00,2,0
2026-06-12 20:05:28.614,0.00,0.00,0.00,0.00,2,0
2026-06-12 20:05:28.664,0.00,0.00,0.00,0.00,2,0
2026-06-12 20:05:28.716,0.00,0.00,0.00,0.00,2,0
2026-06-12 20:05:28.765,0.00,0.00,0.00,0.00,2,0
2026-06-12 20:05:28.816,0.00,0.00,0.00,0.00,2,0
2026-06-12 20:05:28.866,0.00,0.00,0.00,0.00,2,0
2026-06-12 20:05:28.916,0.00,0.00,0.00,0.00,2,0
2026-06-12 20:05:28.967,0.00,0.00,0.00,0.00,2,0
2026-06-12 20:05:29.017,0.00,0.00,0.00,0.00,2,0
2026-06-12 20:05:29.068,0.00,0.00,0.00,0.00,2,0
2026-06-12 20:05:29.118,0.00,0.00,0.00,0.00,2,0
2026-06-12 20:05:29.169,0.00,0.00,0.00,0.00,2,0
2026-06-12 20:05:29.219,0.00,0.00,0.00,0.00,2,0
2026-06-12 20:05:29.269,0.00,0.00,0.00,0.00,2,0
2026-06-12 20:05:29.320,0.00,0.00,0.00,0.00,2,0
2026-06-12 20:05:29.370,0.00,0.00,0.00,0.00,2,0
2026-06-12 20:05:29.420,0.00,0.00,0.00,0.00,2,0
2026-06-12 20:05:29.471,0.00,0.00,0.00,0.00,2,0
2026-06-12 20:05:29.521,0.00,0.00,0.00,0.00,2,0
2026-06-12 20:05:29.572,0.00,0.00,0.00,0.00,2,0
2026-06-12 20:05:29.622,0.00,0.00,0.00,0.00,2,0
2026-06-12 20:05:29.672,0.00,0.00,0.00,0.00,2,0
2026-06-12 20:05:29.723,0.00,0.00,0.00,0.00,2,0
2026-06-12 20:05:29.773,0.00,0.00,0.00,0.00,2,0
2026-06-12 20:05:29.824,0.00,0.00,0.00,0.00,2,0
2026-06-12 20:05:29.874,0.00,0.00,0.00,0.00,2,0
2026-06-12 20:05:29.925,0.00,0.00,0.00,0.00,2,0
2026-06-12 20:05:29.975,0.00,0.00,0.00,0.00,2,0
2026-06-12 20:05:30.025,0.00,0.00,0.00,0.00,2,0
2026-06-12 20:05:30.076,0.00,0.00,0.00,0.00,2,0
2026-06-12 20:05:30.126,0.00,0.00,0.00,0.00,2,0
2026-06-12 20:05:30.177,0.00,0.00,0.00,0.00,2,0
2026-06-12 20:05:30.227,0.00,0.00,0.00,0.00,2,0
2026-06-12 20:05:30.277,0.00,0.00,0.00,0.00,2,0
2026-06-12 20:05:30.328,0.00,0.00,0.00,0.00,2,0
2026-06-12 20:05:30.378,0.00,0.00,0.00,0.00,2,0
2026-06-12 20:05:30.429,0.00,0.00,0.00,0.00,2,0
2026-06-12 20:05:30.479,0.00,0.00,0.00,0.00,2,0
2026-06-12 20:05:30.529,0.00,0.00,0.00,0.00,2,0
2026-06-12 20:05:30.580,0.00,0.00,0.00,0.00,2,0
2026-06-12 20:05:30.630,0.00,0.00,0.00,0.00,2,0
2026-06-12 20:05:30.680,0.00,0.00,0.00,0.00,2,0
2026-06-12 20:05:30.731,0.00,0.00,0.00,0.00,2,0
2026-06-12 20:05:30.781,0.00,0.00,0.00,0.00,2,0
2026-06-12 20:05:30.832,0.00,0.00,0.00,0.00,2,0
2026-06-12 20:05:30.882,0.00,0.00,0.00,0.00,2,0
2026-06-12 20:05:30.932,0.00,0.00,0.00,0.00,2,0
2026-06-12 20:05:30.983,0.00,0.00,0.00,0.00,2,0
2026-06-12 20:05:31.033,0.00,0.00,0.00,0.00,2,0
2026-06-12 20:05:31.084,0.00,0.00,0.00,0.00,2,0
2026-06-12 20:05:31.134,0.00,0.00,0.00,0.00,2,0
2026-06-12 20:05:31.184,0.00,0.00,0.00,0.00,2,0
2026-06-12 20:05:31.235,0.00,0.00,0.00,0.00,2,0
2026-06-12 20:05:31.288,0.00,0.00,0.00,0.00,2,0
2026-06-12 20:05:31.336,0.00,0.00,0.00,0.00,2,0
2026-06-12 20:05:31.386,0.00,0.00,0.00,0.00,2,0
2026-06-12 20:05:31.436,0.00,0.00,0.00,0.00,2,0
2026-06-12 20:05:31.487,0.00,0.00,0.00,0.00,2,0
2026-06-12 20:05:31.537,0.00,0.00,0.00,0.00,2,0
2026-06-12 20:05:31.588,0.00,0.00,0.00,0.00,2,0
2026-06-12 20:05:31.638,0.00,0.00,0.00,0.00,2,0
2026-06-12 20:05:31.689,0.00,0.00,0.00,0.00,2,0
2026-06-12 20:05:31.739,0.00,0.00,0.00,0.00,2,0
2026-06-12 20:05:31.789,0.00,0.00,0.00,0.00,2,0
2026-06-12 20:05:31.840,0.00,0.00,0.00,0.00,2,0
2026-06-12 20:05:31.890,0.00,0.00,0.00,0.00,2,0
2026-06-12 20:05:31.940,0.00,0.00,0.00,0.00,2,0
2026-06-12 20:05:31.991,0.00,0.00,0.00,0.00,2,0
2026-06-12 20:05:32.041,0.00,0.00,0.00,0.00,2,0
2026-06-12 20:05:32.092,0.00,0.00,0.00,0.00,2,0
2026-06-12 20:05:32.142,0.00,0.00,0.00,0.00,2,0
2026-06-12 20:05:32.192,0.00,0.00,0.00,0.00,2,0
2026-06-12 20:05:32.243,0.00,0.00,0.00,0.00,2,0
2026-06-12 20:05:32.293,0.00,0.00,0.00,0.00,2,0
2026-06-12 20:05:32.344,0.00,0.00,0.00,0.00,2,0
2026-06-12 20:05:32.394,0.00,0.00,0.00,0.00,2,0
2026-06-12 20:05:32.444,0.00,0.00,0.00,0.00,2,0
2026-06-12 20:05:32.495,0.00,0.00,0.00,0.00,2,0
2026-06-12 20:05:32.545,0.00,0.00,0.00,0.00,2,0
2026-06-12 20:05:32.596,0.00,0.00,0.00,0.00,2,0
2026-06-12 20:05:32.646,0.00,0.00,0.00,0.00,2,0
2026-06-12 20:05:32.696,0.00,0.00,0.00,0.00,2,0
2026-06-12 20:05:32.747,0.00,0.00,0.00,0.00,2,0
2026-06-12 20:05:32.797,0.00,0.00,0.00,0.00,2,0
2026-06-12 20:05:32.848,0.00,0.00,0.00,0.00,2,0
2026-06-12 20:05:32.904,0.00,0.00,0.00,0.00,2,0
2026-06-12 20:05:32.949,0.00,0.00,0.00,0.00,2,0
2026-06-12 20:05:32.999,0.00,0.00,0.00,0.00,2,0
2026-06-12 20:05:33.049,0.00,0.00,0.00,0.00,2,0
2026-06-12 20:05:33.099,0.00,0.00,0.00,0.00,2,0
2026-06-12 20:05:33.150,0.00,0.00,0.00,0.00,2,0
2026-06-12 20:05:33.201,0.00,0.00,0.00,0.00,2,0
2026-06-12 20:05:33.251,0.00,0.00,0.00,0.00,2,0
2026-06-12 20:05:33.301,0.00,0.00,0.00,0.00,2,0
2026-06-12 20:05:33.355,0.00,0.00,0.00,0.00,2,0
2026-06-12 20:05:33.405,0.00,0.00,0.00,0.00,2,0
2026-06-12 20:05:33.452,0.00,0.00,0.00,0.00,2,0
2026-06-12 20:05:33.503,0.00,0.00,0.00,0.00,2,0
2026-06-12 20:05:33.553,0.00,0.00,0.00,0.00,2,0
2026-06-12 20:05:33.603,0.00,0.00,0.00,0.00,2,0
2026-06-12 20:05:33.654,0.00,0.00,0.00,0.00,2,0
2026-06-12 20:05:33.704,0.00,0.00,0.00,0.00,2,0
2026-06-12 20:05:33.755,0.00,0.00,0.00,0.00,2,0
2026-06-12 20:05:33.805,0.00,0.00,0.00,0.00,2,0
2026-06-12 20:05:33.856,0.00,0.00,0.00,0.00,2,0
2026-06-12 20:05:33.906,0.00,0.00,0.00,0.00,2,0
2026-06-12 20:05:33.956,0.00,0.00,0.00,0.00,2,0
2026-06-12 20:05:34.007,0.00,0.00,0.00,0.00,2,0
2026-06-12 20:05:34.057,0.00,0.00,0.00,0.00,2,0
2026-06-12 20:05:34.108,0.00,0.00,0.00,0.00,2,0
2026-06-12 20:05:34.158,0.00,0.00,0.00,0.00,2,0
2026-06-12 20:05:34.209,0.00,0.00,0.00,0.00,2,0
2026-06-12 20:05:34.259,0.00,0.00,0.00,0.00,2,0
2026-06-12 20:05:34.309,0.00,0.00,0.00,0.00,2,0
2026-06-12 20:05:34.359,0.00,0.00,0.00,0.00,2,0
2026-06-12 20:05:34.410,0.00,0.00,0.00,0.00,2,0
2026-06-12 20:05:34.460,0.00,0.00,0.00,0.00,2,0
2026-06-12 20:05:34.511,0.00,0.00,0.00,0.00,2,0
2026-06-12 20:05:34.561,0.00,0.00,0.00,0.00,2,0
2026-06-12 20:05:34.612,0.00,0.00,0.00,0.00,2,0
2026-06-12 20:05:34.662,0.00,0.00,0.00,0.00,2,0
2026-06-12 20:05:34.712,0.00,0.00,0.00,0.00,2,0
2026-06-12 20:05:34.763,0.00,0.00,0.00,0.00,2,0
2026-06-12 20:05:34.814,0.00,0.00,0.00,0.00,2,0
2026-06-12 20:05:34.863,0.00,0.00,0.00,0.00,2,0
2026-06-12 20:05:34.914,0.00,0.00,0.00,0.00,2,0
2026-06-12 20:05:34.964,0.00,0.00,0.00,0.00,2,0
2026-06-12 20:05:35.015,0.00,0.00,0.00,0.00,2,0
2026-06-12 20:05:35.065,0.00,0.00,0.00,0.00,2,0
2026-06-12 20:05:35.115,0.00,0.00,0.00,0.00,2,0
2026-06-12 20:05:35.166,0.00,0.00,0.00,0.00,2,0
2026-06-12 20:05:35.216,0.00,0.00,0.00,0.00,2,0
2026-06-12 20:05:35.267,0.00,0.00,0.00,0.00,2,0
2026-06-12 20:05:35.317,0.00,0.00,0.00,0.00,2,0
2026-06-12 20:05:35.368,0.00,0.00,0.00,0.00,2,0
2026-06-12 20:05:35.418,0.00,0.00,0.00,0.00,2,0
2026-06-12 20:05:35.469,0.00,0.00,0.00,0.00,2,0
2026-06-12 20:05:35.519,0.00,0.00,0.00,0.00,2,0
2026-06-12 20:05:35.569,0.00,0.00,0.00,0.00,2,0
2026-06-12 20:05:35.619,0.00,0.00,0.00,0.00,2,0
2026-06-12 20:05:35.670,0.00,0.00,0.00,0.00,2,0
2026-06-12 20:05:35.720,0.00,0.00,0.00,0.00,2,0
2026-06-12 20:05:35.771,0.00,0.00,0.00,0.00,2,0
2026-06-12 20:05:35.821,0.00,0.00,0.00,0.00,2,0
2026-06-12 20:05:35.871,0.00,0.00,0.00,0.00,2,0
2026-06-12 20:05:35.922,0.00,0.00,0.00,0.00,2,0
2026-06-12 20:05:35.972,0.00,0.00,0.00,0.00,2,0
2026-06-12 20:05:36.023,0.00,0.00,0.00,0.00,2,0
2026-06-12 20:05:36.073,0.00,0.00,0.00,0.00,2,0
2026-06-12 20:05:36.124,0.00,0.00,0.00,0.00,2,0
2026-06-12 20:05:36.174,0.00,0.00,0.00,0.00,2,0
2026-06-12 20:05:36.224,0.00,0.00,0.00,0.00,2,0
2026-06-12 20:05:36.275,0.00,0.00,0.00,0.00,2,0
2026-06-12 20:05:36.325,0.00,0.00,0.00,0.00,2,0
2026-06-12 20:05:36.376,0.00,0.00,0.00,0.00,2,0
2026-06-12 20:05:36.426,0.00,0.00,0.00,0.00,2,0
2026-06-12 20:05:36.476,0.00,0.00,0.00,0.00,2,0
2026-06-12 20:05:36.527,0.00,0.00,0.00,0.00,2,0
2026-06-12 20:05:36.577,0.00,0.00,0.00,0.00,2,0
2026-06-12 20:05:36.628,0.00,0.00,0.00,0.00,2,0
2026-06-12 20:05:36.678,0.00,0.00,0.00,0.00,2,0
2026-06-12 20:05:36.729,0.00,0.00,0.00,0.00,2,0
2026-06-12 20:05:36.779,0.00,0.00,0.00,0.00,2,0
2026-06-12 20:05:36.829,0.00,0.00,0.00,0.00,2,0
2026-06-12 20:05:36.880,0.00,0.00,0.00,0.00,2,0
2026-06-12 20:05:36.930,0.00,0.00,0.00,0.00,2,0
2026-06-12 20:05:36.980,0.00,0.00,0.00,0.00,2,0
2026-06-12 20:05:37.031,0.00,0.00,0.00,0.00,2,0
2026-06-12 20:05:37.081,0.00,0.00,0.00,0.00,2,0
2026-06-12 20:05:37.131,0.00,0.00,0.00,0.00,2,0
2026-06-12 20:05:37.182,0.00,0.00,0.00,0.00,2,0
2026-06-12 20:05:37.232,0.00,0.00,0.00,0.00,2,0
2026-06-12 20:05:37.283,0.00,0.00,0.00,0.00,2,0
2026-06-12 20:05:37.333,0.00,0.00,0.00,0.00,2,0
2026-06-12 20:05:37.384,0.00,0.00,0.00,0.00,2,0
2026-06-12 20:05:37.434,0.00,0.00,0.00,0.00,2,0
2026-06-12 20:05:37.484,0.00,0.00,0.00,0.00,2,0
2026-06-12 20:05:37.535,0.00,0.00,0.00,0.00,2,0
2026-06-12 20:05:37.585,0.00,0.00,0.00,0.00,2,0
2026-06-12 20:05:37.635,0.00,0.00,0.00,0.00,2,0
2026-06-12 20:05:37.686,0.00,0.00,0.00,0.00,2,0
2026-06-12 20:05:37.736,0.00,0.00,0.00,0.00,2,0
2026-06-12 20:05:37.787,0.00,0.00,0.00,0.00,2,0
2026-06-12 20:05:37.837,0.00,0.00,0.00,0.00,2,0
2026-06-12 20:05:37.887,0.00,0.00,0.00,0.00,2,0
2026-06-12 20:05:37.938,0.00,0.00,0.00,0.00,2,0
2026-06-12 20:05:37.990,0.00,0.00,0.00,0.00,2,0
2026-06-12 20:05:38.039,0.00,0.00,0.00,0.00,2,0
2026-06-12 20:05:38.089,0.00,0.00,0.00,0.00,2,0
2026-06-12 20:05:38.140,0.00,0.00,0.00,0.00,2,0
2026-06-12 20:05:38.190,0.00,0.00,0.00,0.00,2,0
2026-06-12 20:05:38.240,0.00,0.00,0.00,0.00,2,0
2026-06-12 20:05:38.291,0.00,0.00,0.00,0.00,2,0
2026-06-12 20:05:38.341,0.00,0.00,0.00,0.00,2,0
2026-06-12 20:05:38.392,0.00,0.00,0.00,0.00,2,0
2026-06-12 20:05:38.442,0.00,0.00,0.00,0.00,2,0
2026-06-12 20:05:38.492,0.00,0.00,0.00,0.00,2,0
2026-06-12 20:05:38.543,0.00,0.00,0.00,0.00,2,0
2026-06-12 20:05:38.593,0.00,0.00,0.00,0.00,2,0
2026-06-12 20:05:38.643,0.00,0.00,0.00,0.00,2,0
2026-06-12 20:05:38.694,0.00,0.00,0.00,0.00,2,0
2026-06-12 20:05:38.744,0.00,0.00,0.00,0.00,2,0
2026-06-12 20:05:38.795,0.00,0.00,0.00,0.00,2,0
2026-06-12 20:05:38.845,0.00,0.00,0.00,0.00,2,0
2026-06-12 20:05:38.896,0.00,0.00,0.00,0.00,2,0
2026-06-12 20:05:38.946,0.00,0.00,0.00,0.00,2,0
2026-06-12 20:05:38.997,0.00,0.00,0.00,0.00,2,0
2026-06-12 20:05:39.047,0.00,0.00,0.00,0.00,2,0
2026-06-12 20:05:39.097,0.00,0.00,0.00,0.00,2,0
2026-06-12 20:05:39.147,0.00,0.00,0.00,0.00,2,0
2026-06-12 20:05:39.199,0.00,0.00,0.00,0.00,2,0
2026-06-12 20:05:39.249,0.00,0.00,0.00,0.00,2,0
2026-06-12 20:05:39.299,0.00,0.00,0.00,0.00,2,0
2026-06-12 20:05:39.349,0.00,0.00,0.00,0.00,2,0
2026-06-12 20:05:39.399,0.00,0.00,0.00,0.00,2,0
2026-06-12 20:05:39.453,0.00,0.00,0.00,0.00,2,0
2026-06-12 20:05:39.500,0.00,0.00,0.00,0.00,2,0
2026-06-12 20:05:39.550,0.00,0.00,0.00,0.00,2,0
2026-06-12 20:05:39.601,0.00,0.00,0.00,0.00,2,0
2026-06-12 20:05:39.651,0.00,0.00,0.00,0.00,2,0
2026-06-12 20:05:39.702,0.00,0.00,0.00,0.00,2,0
2026-06-12 20:05:39.752,0.00,0.00,0.00,0.00,2,0
2026-06-12 20:05:39.803,0.00,0.00,0.00,0.00,2,0
2026-06-12 20:05:39.853,0.00,0.00,0.00,0.00,2,0
2026-06-12 20:05:39.903,0.00,0.00,0.00,0.00,2,0
2026-06-12 20:05:39.954,0.00,0.00,0.00,0.00,2,0
2026-06-12 20:05:40.004,0.00,0.00,0.00,0.00,2,0
2026-06-12 20:05:40.055,0.00,0.00,0.00,0.00,2,0
2026-06-12 20:05:40.105,0.00,0.00,0.00,0.00,2,0
2026-06-12 20:05:40.155,0.00,0.00,0.00,0.00,2,0
2026-06-12 20:05:40.206,0.00,0.00,0.00,0.00,2,0
2026-06-12 20:05:40.256,0.00,0.00,0.00,0.00,2,0
2026-06-12 20:05:40.307,0.00,0.00,0.00,0.00,2,0
2026-06-12 20:05:40.357,0.00,0.00,0.00,0.00,2,0
2026-06-12 20:05:40.407,0.00,0.00,0.00,0.00,2,0
2026-06-12 20:05:40.458,0.00,0.00,0.00,0.00,2,0
2026-06-12 20:05:40.509,0.00,0.00,0.00,0.00,2,0
2026-06-12 20:05:40.559,0.00,0.00,0.00,0.00,2,0
2026-06-12 20:05:40.609,0.00,0.00,0.00,0.00,2,0
2026-06-12 20:05:40.659,0.00,0.00,0.00,0.00,2,0
2026-06-12 20:05:40.710,0.00,0.00,0.00,0.00,2,0
2026-06-12 20:05:40.760,0.00,0.00,0.00,0.00,2,0
2026-06-12 20:05:40.811,0.00,0.00,0.00,0.00,2,0
2026-06-12 20:05:40.861,0.00,0.00,0.00,0.00,2,0
2026-06-12 20:05:40.911,0.00,0.00,0.00,0.00,2,0
2026-06-12 20:05:40.962,0.00,0.00,0.00,0.00,2,0
2026-06-12 20:05:41.016,0.00,0.00,0.00,0.00,2,0
2026-06-12 20:05:41.063,0.00,0.00,0.00,0.00,2,0
2026-06-12 20:05:41.113,0.00,0.00,0.00,0.00,2,0
2026-06-12 20:05:41.163,0.00,0.00,0.00,0.00,2,0
2026-06-12 20:05:41.214,0.00,0.00,0.00,0.00,2,0
2026-06-12 20:05:41.264,0.00,0.00,0.00,0.00,2,0
2026-06-12 20:05:41.315,0.00,0.00,0.00,0.00,2,0
2026-06-12 20:05:41.365,0.00,0.00,0.00,0.00,2,0
2026-06-12 20:05:41.416,0.00,0.00,0.00,0.00,2,0
2026-06-12 20:05:41.466,0.00,0.00,0.00,0.00,2,0
2026-06-12 20:05:41.517,0.00,0.00,0.00,0.00,2,0
2026-06-12 20:05:41.567,0.00,0.00,0.00,0.00,2,0
2026-06-12 20:05:41.617,0.00,0.00,0.00,0.00,2,0
2026-06-12 20:05:41.667,0.00,0.00,0.00,0.00,2,0
2026-06-12 20:05:41.719,0.00,0.00,0.00,0.00,1,0
2026-06-12 20:05:41.770,0.00,0.00,0.00,0.00,1,0
2026-06-12 20:05:41.819,0.00,0.00,0.00,0.00,1,0
2026-06-12 20:05:41.869,0.00,0.00,0.00,0.00,1,0
2026-06-12 20:05:41.919,0.00,0.00,0.00,0.00,1,0
2026-06-12 20:05:41.970,0.00,0.00,0.00,0.00,1,0
2026-06-12 20:05:42.020,0.00,0.00,0.00,0.00,1,0
2026-06-12 20:05:42.071,0.00,0.00,0.00,0.00,1,0
2026-06-12 20:05:42.121,0.00,0.00,0.00,0.00,1,0
2026-06-12 20:05:42.171,0.00,0.00,0.00,0.00,1,0
2026-06-12 20:05:42.222,0.00,0.00,0.00,0.00,1,0
2026-06-12 20:05:42.272,0.00,0.00,0.00,0.00,1,0
2026-06-12 20:05:42.323,0.00,0.00,0.00,0.00,1,0
2026-06-12 20:05:42.373,0.00,0.00,0.00,0.00,1,0
2026-06-12 20:05:42.424,0.00,0.00,0.00,0.00,1,0
2026-06-12 20:05:42.474,0.00,0.00,0.00,0.00,1,0
2026-06-12 20:05:42.524,0.00,0.00,0.00,0.00,1,0
2026-06-12 20:05:42.575,0.00,0.00,0.00,0.00,1,0
2026-06-12 20:05:42.625,0.00,0.00,0.00,0.00,1,0
2026-06-12 20:05:42.675,0.00,0.00,0.00,0.00,1,0
2026-06-12 20:05:42.726,0.00,0.00,0.00,0.00,1,0
2026-06-12 20:05:42.776,0.00,0.00,0.00,0.00,1,0
2026-06-12 20:05:42.827,0.00,0.00,0.00,0.00,1,0
2026-06-12 20:05:42.877,0.00,0.00,0.00,0.00,1,0
2026-06-12 20:05:42.927,0.00,0.00,0.00,0.00,1,0
2026-06-12 20:05:42.978,0.00,0.00,0.00,0.00,1,0
2026-06-12 20:05:43.029,0.00,0.00,0.00,0.00,1,0
2026-06-12 20:05:43.080,0.00,0.00,0.00,0.00,1,0
2026-06-12 20:05:43.129,0.00,0.00,0.00,0.00,1,0
2026-06-12 20:05:43.179,0.00,0.00,0.00,0.00,1,0
2026-06-12 20:05:43.230,0.00,0.00,0.00,0.00,1,0
2026-06-12 20:05:43.280,0.00,0.00,0.00,0.00,1,0
2026-06-12 20:05:43.331,0.00,0.00,0.00,0.00,1,0
2026-06-12 20:05:43.381,0.00,0.00,0.00,0.00,1,0
2026-06-12 20:05:43.431,0.00,0.00,0.00,0.00,1,0
2026-06-12 20:05:43.482,0.00,0.00,0.00,0.00,1,0
2026-06-12 20:05:43.532,0.00,0.00,0.00,0.00,1,0
2026-06-12 20:05:43.583,0.00,0.00,0.00,0.00,1,0
2026-06-12 20:05:43.633,0.00,0.00,0.00,0.00,1,0
2026-06-12 20:05:43.683,0.00,0.00,0.00,0.00,1,0
2026-06-12 20:05:43.734,0.00,0.00,0.00,0.00,1,0
2026-06-12 20:05:43.784,0.00,0.00,0.00,0.00,1,0
2026-06-12 20:05:43.835,0.00,0.00,0.00,0.00,1,0
2026-06-12 20:05:43.885,0.00,0.00,0.00,0.00,1,0
2026-06-12 20:05:43.935,0.00,0.00,0.00,0.00,1,0
2026-06-12 20:05:43.986,0.00,0.00,0.00,0.00,1,0
2026-06-12 20:05:44.048,0.00,0.00,0.00,0.00,1,0
2026-06-12 20:05:44.087,0.00,0.00,0.00,0.00,1,0
2026-06-12 20:05:44.137,0.00,0.00,0.00,0.00,1,0
2026-06-12 20:05:44.187,0.00,0.00,0.00,0.00,1,0
2026-06-12 20:05:44.238,0.00,0.00,0.00,0.00,1,0
2026-06-12 20:05:44.289,0.00,0.00,0.00,0.00,1,0
2026-06-12 20:05:44.339,0.00,0.00,0.00,0.00,1,0
2026-06-12 20:05:44.389,0.00,0.00,0.00,0.00,1,0
2026-06-12 20:05:44.439,0.00,0.00,0.00,0.00,1,0
2026-06-12 20:05:44.490,0.00,0.00,0.00,0.00,1,0
2026-06-12 20:05:44.540,0.00,0.00,0.00,0.00,1,0
2026-06-12 20:05:44.591,0.00,0.00,0.00,0.00,1,0
2026-06-12 20:05:44.641,0.00,0.00,0.00,0.00,1,0
2026-06-12 20:05:44.692,0.00,0.00,0.00,0.00,1,0
2026-06-12 20:05:44.743,0.00,0.00,0.00,0.00,1,0
2026-06-12 20:05:44.792,0.00,0.00,0.00,0.00,0,0
2026-06-12 20:05:44.843,0.00,0.00,0.00,0.00,0,0
2026-06-12 20:05:44.893,0.00,0.00,0.00,0.00,0,0
2026-06-12 20:05:44.943,0.00,0.00,0.00,0.00,0,0
2026-06-12 20:05:44.994,0.00,0.00,0.00,0.00,0,0
2026-06-12 20:05:45.044,0.00,0.00,0.00,0.00,0,0
2026-06-12 20:05:45.095,0.00,0.00,0.00,0.00,0,0
2026-06-12 20:05:45.145,0.00,0.00,0.00,0.00,0,0
2026-06-12 20:05:45.195,0.00,0.00,0.00,0.00,0,0
2026-06-12 20:05:45.246,0.00,0.00,0.00,0.00,0,0
2026-06-12 20:05:45.296,0.00,0.00,0.00,0.00,0,0
2026-06-12 20:05:45.347,0.00,0.00,0.00,0.00,0,0
2026-06-12 20:05:45.397,0.00,0.00,0.00,0.00,0,0
2026-06-12 20:05:45.447,0.00,0.00,0.00,0.00,0,0
2026-06-12 20:05:45.498,0.00,0.00,0.00,0.00,0,0
2026-06-12 20:05:45.549,0.00,0.00,0.00,0.00,0,0
2026-06-12 20:05:45.599,0.00,0.00,0.00,0.00,0,0
2026-06-12 20:05:45.649,0.00,0.00,0.00,0.00,0,0
2026-06-12 20:05:45.699,0.00,0.00,0.00,0.00,0,0
2026-06-12 20:05:45.750,0.00,0.00,0.00,0.00,0,0
2026-06-12 20:05:45.800,0.00,0.00,0.00,0.00,0,0
2026-06-12 20:05:45.851,0.00,0.00,0.00,0.00,0,0
2026-06-12 20:05:45.901,0.00,0.00,0.00,0.00,0,0
2026-06-12 20:05:45.951,0.00,0.00,0.00,0.00,0,0
2026-06-12 20:05:46.002,0.00,0.00,0.00,0.00,0,0
2026-06-12 20:05:46.052,0.00,0.00,0.00,0.00,0,0
2026-06-12 20:05:46.102,0.00,0.00,0.00,0.00,0,0
2026-06-12 20:05:46.153,0.00,0.00,0.00,0.00,0,0
2026-06-12 20:05:46.203,0.00,0.00,0.00,0.00,0,0
2026-06-12 20:05:46.254,0.00,0.00,0.00,0.00,0,0
2026-06-12 20:05:46.304,0.00,0.00,0.00,0.00,0,0
2026-06-12 20:05:46.355,0.00,0.00,0.00,0.00,0,0
2026-06-12 20:05:46.405,0.00,0.00,0.00,0.00,0,0
2026-06-12 20:05:46.456,0.00,0.00,0.00,0.00,0,0
2026-06-12 20:05:46.506,0.00,0.00,0.00,0.00,0,0
2026-06-12 20:05:46.556,0.03,0.00,0.00,0.00,0,0
2026-06-12 20:05:46.607,0.03,0.00,0.87,0.26,0,0
2026-06-12 20:05:46.657,0.03,0.00,0.87,0.26,0,0
2026-06-12 20:05:46.707,0.03,0.00,0.87,0.26,0,0
2026-06-12 20:05:46.758,0.03,0.00,0.87,0.26,0,0
2026-06-12 20:05:46.809,0.06,0.01,0.87,0.26,2,0
2026-06-12 20:05:46.860,0.06,0.01,1.26,0.56,2,0
2026-06-12 20:05:46.909,0.06,0.01,1.26,0.56,2,0
2026-06-12 20:05:46.959,0.08,0.01,1.26,0.56,2,0
2026-06-12 20:05:47.010,0.08,0.01,1.25,0.77,2,0
2026-06-12 20:05:47.060,0.08,0.01,1.25,0.77,2,0
2026-06-12 20:05:47.111,0.17,0.03,1.25,0.77,2,0
2026-06-12 20:05:47.161,0.17,0.03,3.22,1.50,2,0
2026-06-12 20:05:47.211,0.17,0.03,3.22,1.50,2,0
2026-06-12 20:05:47.262,1.54,0.48,3.22,1.50,2,0
2026-06-12 20:05:47.312,3.01,1.61,43.20,14.01,2,0
2026-06-12 20:05:47.363,3.01,1.61,58.55,27.37,2,0
2026-06-12 20:05:47.413,6.36,4.88,58.55,27.37,2,0
2026-06-12 20:05:47.463,6.36,4.88,98.72,57.80,2,0
2026-06-12 20:05:47.514,8.51,5.34,98.72,57.80,2,0
2026-06-12 20:05:47.564,8.51,5.34,122.75,77.29,2,0
2026-06-12 20:05:47.615,9.17,4.81,122.75,77.29,2,0
2026-06-12 20:05:47.665,9.17,4.81,97.33,83.30,2,0
2026-06-12 20:05:47.715,9.54,4.24,97.33,83.30,2,0
2026-06-12 20:05:47.766,9.54,4.24,94.45,86.64,2,0
2026-06-12 20:05:47.816,9.28,3.50,94.45,86.64,2,0
2026-06-12 20:05:47.867,9.28,3.50,78.67,84.25,2,0
2026-06-12 20:05:47.917,9.02,2.87,78.67,84.25,2,0
2026-06-12 20:05:47.967,8.93,2.38,76.50,81.93,2,0
2026-06-12 20:05:48.018,8.93,2.38,79.07,81.07,2,0
2026-06-12 20:05:48.069,8.91,2.02,79.07,81.07,2,0
2026-06-12 20:05:48.119,8.91,2.02,80.46,80.89,2,0
2026-06-12 20:05:48.169,8.97,1.75,80.46,80.89,2,0
2026-06-12 20:05:48.219,8.97,1.75,82.85,81.47,2,0
2026-06-12 20:05:48.270,9.08,1.53,82.85,81.47,2,0
2026-06-12 20:05:48.320,9.26,1.40,84.76,82.46,2,0
2026-06-12 20:05:48.371,9.26,1.40,87.98,84.11,2,0
2026-06-12 20:05:48.421,9.50,1.33,87.98,84.11,2,0
2026-06-12 20:05:48.471,9.69,1.23,91.41,86.30,2,0
2026-06-12 20:05:48.522,9.69,1.23,91.92,87.99,2,0
2026-06-12 20:05:48.572,9.83,1.10,91.92,87.99,2,0
2026-06-12 20:05:48.623,9.83,1.10,92.28,89.27,2,0
2026-06-12 20:05:48.673,9.84,0.94,92.28,89.27,2,0
2026-06-12 20:05:48.724,9.84,0.94,89.60,89.37,2,0
2026-06-12 20:05:48.774,9.73,0.76,89.60,89.37,2,0
2026-06-12 20:05:48.824,9.73,0.76,86.12,88.39,2,0
2026-06-12 20:05:48.875,9.59,0.58,86.12,88.39,2,0
2026-06-12 20:05:48.925,9.37,0.38,83.96,87.06,2,0
2026-06-12 20:05:48.976,9.37,0.38,80.61,85.13,2,0
2026-06-12 20:05:49.026,9.37,0.38,80.61,85.13,2,0
2026-06-12 20:05:49.076,9.12,0.24,80.61,85.13,2,0
2026-06-12 20:05:49.127,9.12,0.24,77.37,82.80,2,0
2026-06-12 20:05:49.177,8.85,0.09,77.37,82.80,2,0
2026-06-12 20:05:49.228,8.85,0.09,74.69,80.37,2,0
2026-06-12 20:05:49.278,8.51,-0.03,74.69,80.37,2,0
2026-06-12 20:05:49.330,8.51,-0.03,70.10,77.29,2,0
2026-06-12 20:05:49.379,8.51,-0.03,70.10,77.29,2,0
2026-06-12 20:05:49.429,8.10,-0.17,70.10,77.29,2,0
2026-06-12 20:05:49.480,8.10,-0.17,64.73,73.52,2,0
2026-06-12 20:05:49.530,8.10,-0.17,64.73,73.52,2,0
2026-06-12 20:05:49.580,7.59,-0.28,64.73,73.52,2,0
2026-06-12 20:05:49.631,7.59,-0.28,58.17,68.92,2,0
2026-06-12 20:05:49.681,7.59,-0.28,58.17,68.92,2,0
2026-06-12 20:05:49.732,7.59,-0.28,58.17,68.92,2,0
2026-06-12 20:05:49.782,6.93,-0.38,58.17,68.92,2,0
2026-06-12 20:05:49.833,6.93,-0.38,48.94,62.92,2,0
2026-06-12 20:05:49.883,6.93,-0.38,48.94,62.92,2,0
2026-06-12 20:05:49.934,6.93,-0.38,48.94,62.92,2,0
2026-06-12 20:05:49.984,6.93,-0.38,48.94,62.92,2,0
2026-06-12 20:05:50.034,6.93,-0.38,48.94,62.92,2,0
2026-06-12 20:05:50.086,6.93,-0.38,48.94,62.92,2,0
2026-06-12 20:05:50.135,6.93,-0.38,48.94,62.92,2,0
2026-06-12 20:05:50.186,6.93,-0.38,48.94,62.92,2,0
2026-06-12 20:05:50.236,6.93,-0.38,48.94,62.92,2,0
2026-06-12 20:05:50.286,6.93,-0.38,48.94,62.92,2,0
2026-06-12 20:05:50.337,6.93,-0.38,48.94,62.92,2,0
2026-06-12 20:05:50.387,6.93,-0.38,48.94,62.92,2,0
2026-06-12 20:05:50.438,6.93,-0.38,48.94,62.92,2,0
2026-06-12 20:05:50.488,6.93,-0.38,48.94,62.92,2,0
2026-06-12 20:05:50.539,6.93,-0.38,48.94,62.92,2,0
2026-06-12 20:05:50.589,6.93,-0.38,48.94,62.92,2,0
2026-06-12 20:05:50.641,6.93,-0.38,48.94,62.92,2,0
2026-06-12 20:05:50.692,6.93,-0.38,48.94,62.92,2,0
2026-06-12 20:05:50.740,6.93,-0.38,48.94,62.92,2,0
2026-06-12 20:05:50.791,6.93,-0.38,48.94,62.92,2,0
2026-06-12 20:05:50.842,6.93,-0.38,48.94,62.92,2,0
2026-06-12 20:05:50.891,6.93,-0.38,48.94,62.92,2,0
2026-06-12 20:05:50.944,6.93,-0.38,48.94,62.92,2,0
2026-06-12 20:05:50.992,6.93,-0.38,48.94,62.92,2,0
2026-06-12 20:05:51.043,6.93,-0.38,48.94,62.92,2,0
2026-06-12 20:05:51.093,6.93,-0.38,48.94,62.92,2,0
2026-06-12 20:05:51.144,6.93,-0.38,48.94,62.92,2,0
2026-06-12 20:05:51.194,6.93,-0.38,48.94,62.92,2,0
2026-06-12 20:05:51.244,6.93,-0.38,48.94,62.92,2,0
2026-06-12 20:05:51.295,6.93,-0.38,48.94,62.92,2,0
2026-06-12 20:05:51.345,6.93,-0.38,48.94,62.92,2,0
2026-06-12 20:05:51.396,6.93,-0.38,48.94,62.92,2,0
2026-06-12 20:05:51.446,6.93,-0.38,48.94,62.92,2,0
2026-06-12 20:05:51.496,6.93,-0.38,48.94,62.92,2,0
2026-06-12 20:05:51.547,6.93,-0.38,48.94,62.92,2,0
2026-06-12 20:05:51.599,6.93,-0.38,48.94,62.92,2,0
2026-06-12 20:05:51.648,6.93,-0.38,48.94,62.92,2,0
2026-06-12 20:05:51.698,6.93,-0.38,48.94,62.92,2,0
2026-06-12 20:05:51.749,0.00,0.00,48.94,62.92,2,0
2026-06-12 20:05:51.799,0.00,0.00,0.00,0.00,2,0
2026-06-12 20:05:51.849,0.00,0.00,0.00,0.00,2,0
2026-06-12 20:05:51.900,0.00,0.00,0.00,0.00,2,0
2026-06-12 20:05:51.950,0.00,0.00,0.00,0.00,2,0
2026-06-12 20:05:52.001,0.00,0.00,0.00,0.00,2,0
2026-06-12 20:05:52.051,0.00,0.00,0.00,0.00,2,0
2026-06-12 20:05:52.101,0.00,0.00,0.00,0.00,2,0
2026-06-12 20:05:52.152,0.00,0.00,0.00,0.00,2,0
2026-06-12 20:05:52.202,0.00,0.00,0.00,0.00,2,0
2026-06-12 20:05:52.254,0.00,0.00,0.00,0.00,2,0
2026-06-12 20:05:52.303,0.00,0.00,0.00,0.00,2,0
2026-06-12 20:05:52.353,0.00,0.00,0.00,0.00,2,0
2026-06-12 20:05:52.404,0.00,0.00,0.00,0.00,2,0
2026-06-12 20:05:52.454,0.00,0.00,0.00,0.00,2,0
2026-06-12 20:05:52.507,0.00,0.00,0.00,0.00,2,0
2026-06-12 20:05:52.555,0.00,0.00,0.00,0.00,2,0
2026-06-12 20:05:52.605,0.00,0.00,0.00,0.00,2,0
2026-06-12 20:05:52.656,0.00,0.00,0.00,0.00,2,0
2026-06-12 20:05:52.706,0.00,0.00,0.00,0.00,2,0
2026-06-12 20:05:52.757,0.00,0.00,0.00,0.00,2,0
2026-06-12 20:05:52.807,0.00,0.00,0.00,0.00,2,0
2026-06-12 20:05:52.857,0.00,0.00,0.00,0.00,2,0
2026-06-12 20:05:52.908,0.00,0.00,0.00,0.00,2,0
2026-06-12 20:05:52.959,0.00,0.00,0.00,0.00,2,0
2026-06-12 20:05:53.009,0.00,0.00,0.00,0.00,2,0
2026-06-12 20:05:53.059,0.00,0.00,0.00,0.00,2,0
2026-06-12 20:05:53.110,0.00,0.00,0.00,0.00,2,0
2026-06-12 20:05:53.160,0.00,0.00,0.00,0.00,2,0
2026-06-12 20:05:53.210,0.00,0.00,0.00,0.00,2,0
2026-06-12 20:05:53.261,0.00,0.00,0.00,0.00,2,0
2026-06-12 20:05:53.311,0.00,0.00,0.00,0.00,2,0
2026-06-12 20:05:53.361,0.00,0.00,0.00,0.00,2,0
2026-06-12 20:05:53.412,0.00,0.00,0.00,0.00,2,0
2026-06-12 20:05:53.462,0.00,0.00,0.00,0.00,2,0
2026-06-12 20:05:53.514,0.00,0.00,0.00,0.00,2,0
2026-06-12 20:05:53.563,0.00,0.00,0.00,0.00,2,0
2026-06-12 20:05:53.614,0.00,0.00,0.00,0.00,2,0
2026-06-12 20:05:53.664,0.00,0.00,0.00,0.00,2,0
2026-06-12 20:05:53.714,0.00,0.00,0.00,0.00,2,0
2026-06-12 20:05:53.766,0.00,0.00,0.00,0.00,2,0
2026-06-12 20:05:53.815,0.00,0.00,0.00,0.00,2,0
2026-06-12 20:05:53.865,0.00,0.00,0.00,0.00,2,0
2026-06-12 20:05:53.916,0.00,0.00,0.00,0.00,2,0
2026-06-12 20:05:53.966,0.00,0.00,0.00,0.00,2,0
2026-06-12 20:05:54.017,0.00,0.00,0.00,0.00,2,0
2026-06-12 20:05:54.067,0.00,0.00,0.00,0.00,2,0
2026-06-12 20:05:54.117,0.00,0.00,0.00,0.00,2,0
2026-06-12 20:05:54.168,0.00,0.00,0.00,0.00,2,0
2026-06-12 20:05:54.218,0.00,0.00,0.00,0.00,2,0
2026-06-12 20:05:54.269,0.00,0.00,0.00,0.00,2,0
2026-06-12 20:05:54.319,0.00,0.00,0.00,0.00,2,0
2026-06-12 20:05:54.369,0.00,0.00,0.00,0.00,2,0
2026-06-12 20:05:54.420,0.00,0.00,0.00,0.00,2,0
2026-06-12 20:05:54.470,0.00,0.00,0.00,0.00,2,0
2026-06-12 20:05:54.521,0.00,0.00,0.00,0.00,2,0
2026-06-12 20:05:54.571,0.00,0.00,0.00,0.00,2,0
2026-06-12 20:05:54.621,0.00,0.00,0.00,0.00,2,0
2026-06-12 20:05:54.672,0.00,0.00,0.00,0.00,2,0
2026-06-12 20:05:54.722,0.00,0.00,0.00,0.00,2,0
2026-06-12 20:05:54.772,0.00,0.00,0.00,0.00,2,0
2026-06-12 20:05:54.823,0.00,0.00,0.00,0.00,2,0
2026-06-12 20:05:54.873,0.00,0.00,0.00,0.00,2,0
2026-06-12 20:05:54.924,0.00,0.00,0.00,0.00,2,0
2026-06-12 20:05:54.974,0.00,0.00,0.00,0.00,2,0
2026-06-12 20:05:55.024,0.00,0.00,0.00,0.00,2,0
2026-06-12 20:05:55.075,0.00,0.00,0.00,0.00,2,0
2026-06-12 20:05:55.125,0.00,0.00,0.00,0.00,2,0
2026-06-12 20:05:55.179,0.00,0.00,0.00,0.00,2,0
2026-06-12 20:05:55.226,0.00,0.00,0.00,0.00,2,0
2026-06-12 20:05:55.276,0.00,0.00,0.00,0.00,2,0
2026-06-12 20:05:55.327,0.00,0.00,0.00,0.00,2,0
2026-06-12 20:05:55.377,0.00,0.00,0.00,0.00,2,0
2026-06-12 20:05:55.428,0.00,0.00,0.00,0.00,2,0
2026-06-12 20:05:55.478,0.00,0.00,0.00,0.00,2,0
2026-06-12 20:05:55.529,0.00,0.00,0.00,0.00,2,0
2026-06-12 20:05:55.579,0.00,0.00,0.00,0.00,2,0
2026-06-12 20:05:55.629,0.00,0.00,0.00,0.00,2,0
2026-06-12 20:05:55.680,0.00,0.00,0.00,0.00,2,0
2026-06-12 20:05:55.730,0.00,0.00,0.00,0.00,2,0
2026-06-12 20:05:55.780,0.00,0.00,0.00,0.00,2,0
2026-06-12 20:05:55.831,0.00,0.00,0.00,0.00,2,0
2026-06-12 20:05:55.881,0.00,0.00,0.00,0.00,2,0
2026-06-12 20:05:55.932,0.00,0.00,0.00,0.00,2,0
2026-06-12 20:05:55.982,0.00,0.00,0.00,0.00,2,0
2026-06-12 20:05:56.033,0.00,0.00,0.00,0.00,2,0
2026-06-12 20:05:56.083,0.00,0.00,0.00,0.00,2,0
2026-06-12 20:05:56.133,0.00,0.00,0.00,0.00,2,0
2026-06-12 20:05:56.184,0.00,0.00,0.00,0.00,2,0
2026-06-12 20:05:56.234,0.00,0.00,0.00,0.00,2,0
2026-06-12 20:05:56.284,0.00,0.00,0.00,0.00,2,0
2026-06-12 20:05:56.335,0.00,0.00,0.00,0.00,2,0
2026-06-12 20:05:56.385,0.00,0.00,0.00,0.00,2,0
2026-06-12 20:05:56.436,0.00,0.00,0.00,0.00,2,0
2026-06-12 20:05:56.486,0.00,0.00,0.00,0.00,2,0
2026-06-12 20:05:56.536,0.00,0.00,0.00,0.00,2,0
2026-06-12 20:05:56.587,0.00,0.00,0.00,0.00,2,0
2026-06-12 20:05:56.637,0.00,0.00,0.00,0.00,2,0
2026-06-12 20:05:56.688,0.00,0.00,0.00,0.00,2,0
2026-06-12 20:05:56.738,0.00,0.00,0.00,0.00,2,0
2026-06-12 20:05:56.789,0.00,0.00,0.00,0.00,2,0
2026-06-12 20:05:56.839,0.00,0.00,0.00,0.00,2,0
2026-06-12 20:05:56.889,0.00,0.00,0.00,0.00,2,0
2026-06-12 20:05:56.940,0.00,0.00,0.00,0.00,2,0
2026-06-12 20:05:56.990,0.00,0.00,0.00,0.00,2,0
2026-06-12 20:05:57.040,0.00,0.00,0.00,0.00,2,0
2026-06-12 20:05:57.091,0.00,0.00,0.00,0.00,2,0
2026-06-12 20:05:57.141,0.00,0.00,0.00,0.00,2,0
2026-06-12 20:05:57.192,0.00,0.00,0.00,0.00,2,0
2026-06-12 20:05:57.242,0.00,0.00,0.00,0.00,2,0
2026-06-12 20:05:57.293,0.00,0.00,0.00,0.00,2,0
2026-06-12 20:05:57.343,0.00,0.00,0.00,0.00,2,0
2026-06-12 20:05:57.393,0.00,0.00,0.00,0.00,2,0
2026-06-12 20:05:57.444,0.00,0.00,0.00,0.00,2,0
2026-06-12 20:05:57.494,0.00,0.00,0.00,0.00,2,0
2026-06-12 20:05:57.544,0.00,0.00,0.00,0.00,2,0
2026-06-12 20:05:57.595,0.00,0.00,0.00,0.00,2,0
2026-06-12 20:05:57.645,0.00,0.00,0.00,0.00,2,0
2026-06-12 20:05:57.696,0.00,0.00,0.00,0.00,2,0
2026-06-12 20:05:57.746,0.00,0.00,0.00,0.00,2,0
2026-06-12 20:05:57.796,0.00,0.00,0.00,0.00,2,0
2026-06-12 20:05:57.847,0.00,0.00,0.00,0.00,2,0
2026-06-12 20:05:57.897,0.00,0.00,0.00,0.00,2,0
2026-06-12 20:05:57.948,0.00,0.00,0.00,0.00,2,0
2026-06-12 20:05:57.998,0.00,0.00,0.00,0.00,2,0
2026-06-12 20:05:58.049,0.00,0.00,0.00,0.00,2,0
2026-06-12 20:05:58.099,0.00,0.00,0.00,0.00,2,0
2026-06-12 20:05:58.149,0.00,0.00,0.00,0.00,2,0
2026-06-12 20:05:58.200,0.00,0.00,0.00,0.00,2,0
2026-06-12 20:05:58.250,0.00,0.00,0.00,0.00,2,0
2026-06-12 20:05:58.300,0.00,0.00,0.00,0.00,2,0
2026-06-12 20:05:58.351,0.00,0.00,0.00,0.00,2,0
2026-06-12 20:05:58.401,0.00,0.00,0.00,0.00,2,0
2026-06-12 20:05:58.452,0.00,0.00,0.00,0.00,2,0
2026-06-12 20:05:58.502,0.00,0.00,0.00,0.00,2,0
2026-06-12 20:05:58.552,0.00,0.00,0.00,0.00,2,0
2026-06-12 20:05:58.603,0.00,0.00,0.00,0.00,2,0
2026-06-12 20:05:58.653,0.00,0.00,0.00,0.00,2,0
2026-06-12 20:05:58.704,0.00,0.00,0.00,0.00,2,0
2026-06-12 20:05:58.756,0.00,0.00,0.00,0.00,2,0
2026-06-12 20:05:58.804,0.00,0.00,0.00,0.00,2,0
2026-06-12 20:05:58.855,0.00,0.00,0.00,0.00,2,0
2026-06-12 20:05:58.905,0.00,0.00,0.00,0.00,2,0
2026-06-12 20:05:58.956,0.00,0.00,0.00,0.00,2,0
2026-06-12 20:05:59.006,0.00,0.00,0.00,0.00,2,0
2026-06-12 20:05:59.056,0.00,0.00,0.00,0.00,2,0
2026-06-12 20:05:59.107,0.00,0.00,0.00,0.00,2,0
2026-06-12 20:05:59.157,0.00,0.00,0.00,0.00,2,0
2026-06-12 20:05:59.208,0.00,0.00,0.00,0.00,2,0
2026-06-12 20:05:59.258,0.00,0.00,0.00,0.00,2,0
2026-06-12 20:05:59.309,0.00,0.00,0.00,0.00,2,0
2026-06-12 20:05:59.359,0.00,0.00,0.00,0.00,2,0
2026-06-12 20:05:59.409,0.00,0.00,0.00,0.00,2,0
2026-06-12 20:05:59.459,0.00,0.00,0.00,0.00,2,0
2026-06-12 20:05:59.510,0.00,0.00,0.00,0.00,2,0
2026-06-12 20:05:59.560,0.00,0.00,0.00,0.00,2,0
2026-06-12 20:05:59.611,0.00,0.00,0.00,0.00,2,0
2026-06-12 20:05:59.661,0.00,0.00,0.00,0.00,2,0
2026-06-12 20:05:59.711,0.00,0.00,0.00,0.00,2,0
2026-06-12 20:05:59.762,0.00,0.00,0.00,0.00,2,0
2026-06-12 20:05:59.812,0.00,0.00,0.00,0.00,2,0
2026-06-12 20:05:59.863,0.00,0.00,0.00,0.00,2,0
2026-06-12 20:05:59.913,0.00,0.00,0.00,0.00,2,0
2026-06-12 20:05:59.963,0.00,0.00,0.00,0.00,2,0
2026-06-12 20:06:00.014,0.00,0.00,0.00,0.00,2,0
2026-06-12 20:06:00.064,0.00,0.00,0.00,0.00,2,0
2026-06-12 20:06:00.115,0.00,0.00,0.00,0.00,2,0
2026-06-12 20:06:00.165,0.00,0.00,0.00,0.00,2,0
2026-06-12 20:06:00.215,0.00,0.00,0.00,0.00,2,0
2026-06-12 20:06:00.266,0.00,0.00,0.00,0.00,2,0
2026-06-12 20:06:00.316,0.00,0.00,0.00,0.00,2,0
2026-06-12 20:06:00.367,0.00,0.00,0.00,0.00,2,0
2026-06-12 20:06:00.417,0.00,0.00,0.00,0.00,2,0
2026-06-12 20:06:00.467,0.00,0.00,0.00,0.00,2,0
2026-06-12 20:06:00.518,0.00,0.00,0.00,0.00,2,0
2026-06-12 20:06:00.568,0.00,0.00,0.00,0.00,2,0
2026-06-12 20:06:00.619,0.00,0.00,0.00,0.00,2,0
2026-06-12 20:06:00.669,0.00,0.00,0.00,0.00,2,0
2026-06-12 20:06:00.719,0.00,0.00,0.00,0.00,2,0
2026-06-12 20:06:00.770,0.00,0.00,0.00,0.00,2,0
2026-06-12 20:06:00.820,0.00,0.00,0.00,0.00,2,0
2026-06-12 20:06:00.871,0.00,0.00,0.00,0.00,2,0
2026-06-12 20:06:00.921,0.00,0.00,0.00,0.00,2,0
2026-06-12 20:06:00.972,0.00,0.00,0.00,0.00,2,0
2026-06-12 20:06:01.022,0.00,0.00,0.00,0.00,2,0
2026-06-12 20:06:01.076,0.00,0.00,0.00,0.00,2,0
2026-06-12 20:06:01.123,0.00,0.00,0.00,0.00,2,0
2026-06-12 20:06:01.173,0.00,0.00,0.00,0.00,2,0
2026-06-12 20:06:01.223,0.00,0.00,0.00,0.00,2,0
2026-06-12 20:06:01.274,0.00,0.00,0.00,0.00,2,0
2026-06-12 20:06:01.324,0.00,0.00,0.00,0.00,2,0
2026-06-12 20:06:01.375,0.00,0.00,0.00,0.00,2,0
2026-06-12 20:06:01.425,0.00,0.00,0.00,0.00,2,0
2026-06-12 20:06:01.476,0.00,0.00,0.00,0.00,2,0
2026-06-12 20:06:01.526,0.00,0.00,0.00,0.00,2,0
2026-06-12 20:06:01.576,0.00,0.00,0.00,0.00,2,0
2026-06-12 20:06:01.627,0.00,0.00,0.00,0.00,2,0
2026-06-12 20:06:01.677,0.00,0.00,0.00,0.00,2,0
2026-06-12 20:06:01.728,0.00,0.00,0.00,0.00,2,0
2026-06-12 20:06:01.778,0.00,0.00,0.00,0.00,2,0
2026-06-12 20:06:01.829,0.00,0.00,0.00,0.00,2,0
2026-06-12 20:06:01.879,0.00,0.00,0.00,0.00,2,0
2026-06-12 20:06:01.929,0.00,0.00,0.00,0.00,2,0
2026-06-12 20:06:01.979,0.00,0.00,0.00,0.00,2,0
2026-06-12 20:06:02.030,0.00,0.00,0.00,0.00,2,0
2026-06-12 20:06:02.080,0.00,0.00,0.00,0.00,2,0
2026-06-12 20:06:02.131,0.00,0.00,0.00,0.00,2,0
2026-06-12 20:06:02.181,0.00,0.00,0.00,0.00,2,0
2026-06-12 20:06:02.231,0.00,0.00,0.00,0.00,2,0
2026-06-12 20:06:02.282,0.00,0.00,0.00,0.00,2,0
2026-06-12 20:06:02.333,0.00,0.00,0.00,0.00,2,0
2026-06-12 20:06:02.383,0.00,0.00,0.00,0.00,2,0
2026-06-12 20:06:02.437,0.00,0.00,0.00,0.00,2,0
2026-06-12 20:06:02.484,0.00,0.00,0.00,0.00,2,0
2026-06-12 20:06:02.536,0.00,0.00,0.00,0.00,2,0
2026-06-12 20:06:02.584,0.00,0.00,0.00,0.00,2,0
2026-06-12 20:06:02.635,0.07,0.00,0.00,0.00,2,0
2026-06-12 20:06:02.685,0.07,0.00,2.25,0.67,2,0
2026-06-12 20:06:02.736,0.07,0.00,2.25,0.67,2,0
2026-06-12 20:06:02.786,0.07,0.00,2.25,0.67,2,0
2026-06-12 20:06:02.836,0.07,0.00,2.25,0.67,2,0
2026-06-12 20:06:02.887,0.07,0.00,2.25,0.67,2,0
2026-06-12 20:06:02.937,0.07,0.00,2.25,0.67,2,0
2026-06-12 20:06:02.988,0.07,0.00,2.25,0.67,2,0
2026-06-12 20:06:03.038,0.07,0.00,2.25,0.67,2,0
2026-06-12 20:06:03.090,0.07,0.00,2.25,0.67,2,0
2026-06-12 20:06:03.139,0.07,0.00,2.25,0.67,2,0
2026-06-12 20:06:03.189,0.07,0.00,2.25,0.67,2,0
2026-06-12 20:06:03.239,0.12,0.00,2.25,0.67,2,0
2026-06-12 20:06:03.291,0.12,0.00,2.17,1.12,2,0
2026-06-12 20:06:03.340,0.12,0.00,2.17,1.12,2,0
2026-06-12 20:06:03.391,0.12,0.00,2.17,1.12,2,0
2026-06-12 20:06:03.441,0.16,0.01,2.17,1.12,2,0
2026-06-12 20:06:03.492,0.16,0.01,2.16,1.43,2,0
2026-06-12 20:06:03.542,0.16,0.01,2.16,1.43,2,0
2026-06-12 20:06:03.592,0.16,0.01,2.16,1.43,2,0
2026-06-12 20:06:03.643,0.18,0.01,2.16,1.43,2,0
2026-06-12 20:06:03.693,0.18,0.01,2.17,1.65,2,0
2026-06-12 20:06:03.743,0.18,0.01,2.17,1.65,2,0
2026-06-12 20:06:03.796,0.98,0.23,2.17,1.65,2,0
2026-06-12 20:06:03.844,0.98,0.23,25.72,8.87,2,0
2026-06-12 20:06:03.897,2.17,0.59,25.72,8.87,2,0
2026-06-12 20:06:03.945,2.17,0.59,44.90,19.68,2,0
2026-06-12 20:06:03.995,2.17,0.59,44.90,19.68,2,0
2026-06-12 20:06:04.048,3.21,0.85,44.90,19.68,2,0
2026-06-12 20:06:04.096,3.21,0.85,51.36,29.18,2,0
2026-06-12 20:06:04.147,4.12,1.02,51.36,29.18,2,0
2026-06-12 20:06:04.197,4.12,1.02,56.72,37.45,2,0
2026-06-12 20:06:04.247,4.94,1.20,56.72,37.45,2,0
2026-06-12 20:06:04.298,4.94,1.20,62.02,44.82,2,0
2026-06-12 20:06:04.349,5.62,1.31,62.02,44.82,2,0
2026-06-12 20:06:04.399,5.62,1.31,65.59,51.05,2,0
2026-06-12 20:06:04.449,6.23,1.36,65.59,51.05,2,0
2026-06-12 20:06:04.499,6.23,1.36,69.58,56.61,2,0
2026-06-12 20:06:04.550,6.80,1.39,69.58,56.61,2,0
2026-06-12 20:06:04.600,6.80,1.39,73.65,61.72,2,0
2026-06-12 20:06:04.651,7.29,1.39,73.65,61.72,2,0
2026-06-12 20:06:04.701,7.29,1.39,76.79,66.24,2,0
2026-06-12 20:06:04.752,7.73,1.42,76.79,66.24,2,0
2026-06-12 20:06:04.804,7.73,1.42,79.48,70.21,2,0
2026-06-12 20:06:04.853,8.12,1.37,79.48,70.21,2,0
2026-06-12 20:06:04.903,8.44,1.34,82.05,73.76,2,0
2026-06-12 20:06:04.953,8.44,1.34,83.51,76.69,2,0
2026-06-12 20:06:05.004,8.74,1.30,83.51,76.69,2,0
2026-06-12 20:06:05.054,8.74,1.30,85.58,79.35,2,0
2026-06-12 20:06:05.104,9.05,1.23,85.58,79.35,2,0
2026-06-12 20:06:05.155,9.35,1.21,88.66,82.15,2,0
2026-06-12 20:06:05.205,9.35,1.21,91.29,84.89,2,0
2026-06-12 20:06:05.256,9.71,1.23,91.29,84.89,2,0
2026-06-12 20:06:05.306,10.08,1.36,95.74,88.14,2,0
2026-06-12 20:06:05.356,10.44,1.35,99.51,91.55,2,0
2026-06-12 20:06:05.408,10.44,1.35,102.26,94.77,2,0
2026-06-12 20:06:05.457,10.77,1.33,102.26,94.77,2,0
2026-06-12 20:06:05.508,11.07,1.29,104.99,97.83,2,0
2026-06-12 20:06:05.558,11.33,1.32,106.72,100.50,2,0
2026-06-12 20:06:05.609,11.33,1.32,108.58,102.92,2,0
2026-06-12 20:06:05.659,11.63,1.28,108.58,102.92,2,0
2026-06-12 20:06:05.709,11.94,1.35,111.75,105.57,2,0
2026-06-12 20:06:05.760,12.28,1.33,115.06,108.42,2,0
2026-06-12 20:06:05.816,12.64,1.44,118.65,111.49,2,0
2026-06-12 20:06:05.861,12.99,1.51,122.57,114.81,2,0
2026-06-12 20:06:05.913,12.99,1.51,125.20,117.93,2,0
2026-06-12 20:06:05.961,13.28,1.45,125.20,117.93,2,0
2026-06-12 20:06:06.013,13.55,1.45,126.97,120.64,2,0
2026-06-12 20:06:06.062,13.79,1.43,128.65,123.04,2,0
2026-06-12 20:06:06.112,14.02,1.41,130.43,125.26,2,0
2026-06-12 20:06:06.163,14.31,1.35,132.25,127.36,2,0
2026-06-12 20:06:06.213,14.62,1.41,136.04,129.96,2,0
2026-06-12 20:06:06.265,14.91,1.44,139.34,132.77,2,0
2026-06-12 20:06:06.314,15.25,1.50,141.63,135.43,2,0
2026-06-12 20:06:06.365,15.51,1.49,145.52,138.46,2,0
2026-06-12 20:06:06.415,15.71,1.43,146.49,140.87,2,0
2026-06-12 20:06:06.465,15.94,1.41,146.84,142.66,2,0
2026-06-12 20:06:06.516,16.10,1.33,149.58,144.74,2,0
2026-06-12 20:06:06.566,16.30,1.46,149.74,146.24,2,0
2026-06-12 20:06:06.617,16.57,1.46,152.20,148.02,2,0
2026-06-12 20:06:06.667,16.83,1.46,156.14,150.46,2,0
2026-06-12 20:06:06.717,17.13,1.49,158.30,152.81,2,0
2026-06-12 20:06:06.768,17.36,1.45,161.86,155.53,2,0
2026-06-12 20:06:06.819,17.70,1.46,162.52,157.62,2,0
2026-06-12 20:06:06.869,17.83,1.35,164.56,160.71,2,0
2026-06-12 20:06:06.919,18.05,1.33,164.71,161.91,2,0
2026-06-12 20:06:06.969,18.37,1.67,168.59,163.91,2,0
2026-06-12 20:06:07.020,18.66,1.66,173.57,166.81,2,0
2026-06-12 20:06:07.070,19.30,1.92,175.73,169.49,2,0
2026-06-12 20:06:07.121,19.46,1.77,181.31,175.25,2,0
2026-06-12 20:06:07.171,19.61,1.63,180.25,176.75,2,0
2026-06-12 20:06:07.222,19.73,1.57,181.25,178.10,2,0
2026-06-12 20:06:07.272,20.10,1.63,181.55,179.13,2,0
2026-06-12 20:06:07.322,20.34,1.59,187.60,182.57,2,0
2026-06-12 20:06:07.373,20.60,1.56,189.83,184.75,2,0
2026-06-12 20:06:07.423,20.80,1.65,192.44,187.06,2,0
2026-06-12 20:06:07.473,21.08,1.52,193.03,188.85,2,0
2026-06-12 20:06:07.524,21.22,1.41,194.28,191.41,2,0
2026-06-12 20:06:07.574,21.68,1.73,195.69,192.70,2,0
2026-06-12 20:06:07.625,21.92,1.67,202.14,196.87,2,0
2026-06-12 20:06:07.675,22.16,1.82,204.13,199.05,2,0
2026-06-12 20:06:07.725,22.45,1.61,206.44,201.27,2,0
2026-06-12 20:06:07.776,22.56,1.46,205.87,203.85,2,0
2026-06-12 20:06:07.826,22.85,1.52,207.29,204.88,2,0
2026-06-12 20:06:07.877,23.10,1.49,211.55,207.52,2,0
2026-06-12 20:06:07.927,23.62,1.89,214.89,209.73,2,0
2026-06-12 20:06:07.978,23.79,1.74,220.29,214.52,2,0
2026-06-12 20:06:08.028,23.91,1.68,219.59,216.04,2,0
2026-06-12 20:06:08.079,24.05,1.35,219.66,217.13,2,0
2026-06-12 20:06:08.129,24.47,1.63,219.30,218.41,2,0
2026-06-12 20:06:08.180,24.70,1.58,227.67,222.22,2,0
2026-06-12 20:06:08.229,25.04,1.64,229.19,224.31,2,0
2026-06-12 20:06:08.280,25.07,1.41,230.03,227.42,2,0
2026-06-12 20:06:08.330,25.10,1.07,228.10,227.62,2,0
2026-06-12 20:06:08.381,26.58,2.13,228.62,227.89,2,0
2026-06-12 20:06:08.431,30.71,7.84,272.85,241.38,2,0
2026-06-12 20:06:08.482,31.87,8.51,316.42,278.92,2,0
2026-06-12 20:06:08.532,29.35,2.88,313.95,289.43,2,0
2026-06-12 20:06:08.582,27.31,-1.02,233.72,266.54,2,0
2026-06-12 20:06:08.634,26.79,-1.29,230.36,248.01,2,0
2026-06-12 20:06:08.683,26.35,-1.59,232.14,243.25,2,0
2026-06-12 20:06:08.734,26.24,-1.44,236.53,239.25,2,0
2026-06-12 20:06:08.784,25.93,-1.52,236.11,238.31,2,0
2026-06-12 20:06:08.834,25.70,-1.66,232.09,235.45,2,0
2026-06-12 20:06:08.885,25.58,-1.31,228.60,233.40,2,0
2026-06-12 20:06:08.935,25.73,-0.70,231.67,232.26,2,0
2026-06-12 20:06:08.986,25.71,-0.61,236.47,233.67,2,0
2026-06-12 20:06:09.036,25.57,-0.66,233.04,233.48,2,0
2026-06-12 20:06:09.087,25.41,-0.69,230.00,232.20,2,0
2026-06-12 20:06:09.137,25.28,-0.70,227.41,230.76,2,0
2026-06-12 20:06:09.188,25.34,-0.55,228.23,229.57,2,0
2026-06-12 20:06:09.238,25.60,0.00,231.25,230.07,2,0
2026-06-12 20:06:09.289,25.65,0.09,235.10,232.44,2,0
2026-06-12 20:06:09.339,25.55,-0.10,234.08,232.93,2,0
2026-06-12 20:06:09.389,25.71,0.20,229.97,231.98,2,0
2026-06-12 20:06:09.439,25.90,0.32,236.67,233.47,2,0
2026-06-12 20:06:09.490,26.32,0.86,239.16,235.18,2,0
2026-06-12 20:06:09.540,26.36,0.80,241.95,239.00,2,0
2026-06-12 20:06:09.591,26.26,0.46,240.21,239.36,2,0
2026-06-12 20:06:09.641,26.20,0.24,237.42,238.47,2,0
2026-06-12 20:06:09.692,26.25,0.25,237.47,237.89,2,0
2026-06-12 20:06:09.742,26.30,0.25,239.50,238.38,2,0
2026-06-12 20:06:09.792,26.27,0.16,239.14,238.81,2,0
2026-06-12 20:06:09.843,26.00,-0.23,237.85,238.52,2,0
2026-06-12 20:06:09.893,25.96,-0.21,232.57,236.09,2,0
2026-06-12 20:06:09.944,26.03,-0.12,236.56,235.75,2,0
2026-06-12 20:06:09.994,26.22,0.19,237.91,236.40,2,0
2026-06-12 20:06:10.044,26.14,0.03,239.01,238.10,2,0
2026-06-12 20:06:10.095,25.84,-0.37,235.59,237.34,2,0
2026-06-12 20:06:10.145,25.69,-0.56,230.72,234.65,2,0
2026-06-12 20:06:10.196,25.64,-0.44,230.22,233.32,2,0
2026-06-12 20:06:10.246,25.68,-0.26,232.77,232.84,2,0
2026-06-12 20:06:10.297,25.60,-0.29,233.02,233.23,2,0
2026-06-12 20:06:10.347,25.33,-0.64,230.88,232.52,2,0
2026-06-12 20:06:10.397,25.25,-0.61,226.44,230.03,2,0
2026-06-12 20:06:10.448,25.35,-0.28,227.49,229.27,2,0
2026-06-12 20:06:10.499,25.49,-0.01,231.63,230.19,2,0
2026-06-12 20:06:10.549,25.62,0.11,234.43,231.46,2,0
2026-06-12 20:06:10.599,25.56,-0.00,233.25,232.68,2,0
2026-06-12 20:06:10.649,25.59,0.07,230.87,232.13,2,0
2026-06-12 20:06:10.700,25.92,0.58,233.64,232.37,2,0
2026-06-12 20:06:10.750,26.13,0.66,239.69,235.41,2,0
2026-06-12 20:06:10.801,26.19,0.55,241.62,237.27,2,0
2026-06-12 20:06:10.851,26.22,0.51,237.15,237.82,2,0
2026-06-12 20:06:10.901,26.15,0.31,238.63,238.06,2,0
2026-06-12 20:06:10.952,26.25,0.37,237.18,237.51,2,0
2026-06-12 20:06:11.002,26.36,0.50,239.07,238.35,2,0
2026-06-12 20:06:11.055,26.51,0.52,241.83,239.40,2,0
2026-06-12 20:06:11.103,26.45,0.26,241.81,240.76,2,0
2026-06-12 20:06:11.153,26.47,0.24,238.36,240.19,2,0
2026-06-12 20:06:11.204,30.66,6.77,240.85,240.39,2,0
2026-06-12 20:06:11.254,33.49,9.18,334.48,278.46,2,0
2026-06-12 20:06:11.305,32.35,6.88,328.50,304.10,2,0
2026-06-12 20:06:11.355,29.46,0.57,269.70,293.78,2,0
2026-06-12 20:06:11.406,28.61,-0.87,241.92,267.52,2,0
2026-06-12 20:06:11.456,27.81,-1.50,241.91,259.84,2,0
2026-06-12 20:06:11.506,27.51,-1.53,245.97,252.54,2,0
2026-06-12 20:06:11.557,27.41,-1.46,247.11,249.83,2,0
2026-06-12 20:06:11.607,27.20,-1.30,246.82,248.93,2,0
2026-06-12 20:06:11.658,27.27,-0.81,245.01,247.04,2,0
2026-06-12 20:06:11.708,27.41,-0.46,249.63,247.68,2,0
2026-06-12 20:06:11.764,27.62,-0.13,251.84,248.93,2,0
2026-06-12 20:06:11.809,27.42,-0.41,252.14,250.84,2,0
2026-06-12 20:06:11.859,27.35,-0.47,246.56,249.01,2,0
2026-06-12 20:06:11.910,27.37,-0.23,246.73,248.33,2,0
2026-06-12 20:06:11.960,27.64,0.24,250.52,248.56,2,0
2026-06-12 20:06:12.011,27.74,0.31,253.35,250.99,2,0
2026-06-12 20:06:12.064,27.68,0.22,251.82,251.94,2,0
2026-06-12 20:06:12.112,27.60,0.04,250.10,251.39,2,0
2026-06-12 20:06:12.162,27.78,0.31,250.35,250.66,2,0
2026-06-12 20:06:12.212,27.90,0.36,254.32,252.27,2,0
2026-06-12 20:06:12.263,27.92,0.28,255.80,253.33,2,0
2026-06-12 20:06:12.313,27.89,0.15,252.55,253.58,2,0
2026-06-12 20:06:12.364,27.88,0.12,252.98,253.28,2,0
2026-06-12 20:06:12.414,28.01,0.23,253.08,253.22,2,0
2026-06-12 20:06:12.464,28.21,0.48,255.62,254.34,2,0
2026-06-12 20:06:12.515,28.16,0.27,258.38,256.19,2,0
2026-06-12 20:06:12.565,28.07,0.15,254.76,255.73,2,0
2026-06-12 20:06:12.616,28.04,0.08,253.04,254.93,2,0
2026-06-12 20:06:12.666,28.23,0.35,255.24,254.65,2,0
2026-06-12 20:06:12.716,28.34,0.42,258.98,256.34,2,0
2026-06-12 20:06:12.768,28.30,0.32,257.62,257.39,2,0
2026-06-12 20:06:12.817,28.24,0.14,256.03,256.98,2,0
2026-06-12 20:06:12.868,28.34,0.26,255.84,256.45,2,0
2026-06-12 20:06:12.918,29.91,2.80,259.00,257.35,2,0
2026-06-12 20:06:12.969,34.14,8.33,304.54,271.64,2,0
2026-06-12 20:06:13.019,34.20,5.80,346.92,309.99,2,0
2026-06-12 20:06:13.069,31.05,-0.59,284.22,310.59,2,0
2026-06-12 20:06:13.120,30.20,-1.87,254.99,282.00,2,0
2026-06-12 20:06:13.170,29.49,-2.12,256.07,274.22,2,0
2026-06-12 20:06:13.220,28.87,-2.45,261.94,267.77,2,0
2026-06-12 20:06:13.271,28.44,-2.42,256.23,262.18,2,0
2026-06-12 20:06:13.321,28.41,-2.08,255.16,258.25,2,0
2026-06-12 20:06:13.372,28.51,-1.35,257.32,257.97,2,0
2026-06-12 20:06:13.422,28.50,-1.00,260.56,258.86,2,0
2026-06-12 20:06:13.473,28.42,-0.97,257.79,258.77,2,0
2026-06-12 20:06:13.523,28.22,-0.94,256.44,258.07,2,0
2026-06-12 20:06:13.573,28.21,-0.70,254.01,256.30,2,0
2026-06-12 20:06:13.624,28.44,-0.15,256.50,256.18,2,0
2026-06-12 20:06:13.674,28.43,-0.15,260.72,258.27,2,0
2026-06-12 20:06:13.728,28.18,-0.42,257.85,258.14,2,0
2026-06-12 20:06:13.775,28.11,-0.38,252.88,255.88,2,0
2026-06-12 20:06:13.825,28.30,0.01,256.56,255.26,2,0
2026-06-12 20:06:13.876,28.44,0.13,259.14,256.95,2,0
2026-06-12 20:06:13.926,28.49,0.16,261.36,258.28,2,0
2026-06-12 20:06:13.977,28.20,-0.32,259.08,258.69,2,0
2026-06-12 20:06:14.027,28.15,-0.36,252.70,256.13,2,0
2026-06-12 20:06:14.078,28.20,-0.17,254.53,255.65,2,0
2026-06-12 20:06:14.128,28.24,-0.08,257.27,256.12,2,0
2026-06-12 20:06:14.179,30.84,4.30,255.85,256.45,2,0
2026-06-12 20:06:14.229,32.65,5.17,336.99,280.07,2,0
2026-06-12 20:06:14.279,33.39,4.58,334.93,296.52,2,0
2026-06-12 20:06:14.329,31.06,-0.14,287.13,303.20,2,0
2026-06-12 20:06:14.380,29.74,-2.12,262.49,282.03,2,0
2026-06-12 20:06:14.430,29.26,-2.19,257.74,270.04,2,0
2026-06-12 20:06:14.482,28.78,-2.30,255.51,265.68,2,0
2026-06-12 20:06:14.531,28.76,-1.68,257.78,261.37,2,0
2026-06-12 20:06:14.582,31.60,3.52,262.18,261.14,2,0
2026-06-12 20:06:14.632,33.54,4.61,346.32,286.98,2,0
2026-06-12 20:06:14.682,35.91,6.77,345.75,304.61,2,0
2026-06-12 20:06:14.733,37.21,6.92,341.75,326.06,2,0
2026-06-12 20:06:14.783,35.28,2.79,352.48,337.93,2,0
2026-06-12 20:06:14.836,31.84,-1.82,279.53,320.41,2,0
2026-06-12 20:06:14.884,29.89,-4.30,258.40,289.16,2,0
2026-06-12 20:06:14.935,29.03,-4.37,253.37,271.40,2,0
2026-06-12 20:06:14.985,28.94,-3.86,257.16,263.58,2,0
2026-06-12 20:06:15.035,29.05,-2.68,260.87,262.77,2,0
2026-06-12 20:06:15.086,28.83,-2.30,264.36,263.84,2,0
2026-06-12 20:06:15.136,28.58,-2.03,258.38,261.76,2,0
2026-06-12 20:06:15.187,28.62,-1.66,257.32,259.57,2,0
2026-06-12 20:06:15.237,28.83,-0.97,260.68,259.90,2,0
2026-06-12 20:06:15.287,28.83,-0.72,263.62,261.84,2,0
2026-06-12 20:06:15.338,28.58,-0.91,260.75,261.83,2,0
2026-06-12 20:06:15.388,28.50,-0.90,256.30,259.53,2,0
2026-06-12 20:06:15.439,28.60,-0.52,257.14,258.81,2,0
2026-06-12 20:06:15.489,28.85,-0.01,260.98,259.75,2,0
2026-06-12 20:06:15.540,28.65,-0.32,264.25,262.03,2,0
2026-06-12 20:06:15.590,28.54,-0.45,258.74,260.14,2,0
2026-06-12 20:06:15.640,28.59,-0.16,256.83,259.14,2,0
2026-06-12 20:06:15.691,28.89,0.35,262.44,259.61,2,0
2026-06-12 20:06:15.741,28.93,0.28,265.85,262.31,2,0
2026-06-12 20:06:15.792,28.87,0.15,260.85,262.68,2,0
2026-06-12 20:06:15.842,28.68,-0.09,261.01,262.18,2,0
2026-06-12 20:06:15.892,28.79,0.09,259.03,260.49,2,0
2026-06-12 20:06:15.943,29.01,0.40,262.30,261.46,2,0
2026-06-12 20:06:15.993,28.98,0.23,265.50,263.42,2,0
2026-06-12 20:06:16.044,28.93,0.15,261.70,263.16,2,0
2026-06-12 20:06:16.094,28.93,0.12,261.54,262.68,2,0
2026-06-12 20:06:16.145,29.10,0.35,263.31,262.70,2,0
2026-06-12 20:06:16.195,29.15,0.32,266.40,264.24,2,0
2026-06-12 20:06:16.245,29.08,0.15,264.08,264.70,2,0
2026-06-12 20:06:16.296,29.02,0.04,262.56,264.06,2,0
2026-06-12 20:06:16.346,29.13,0.19,262.88,263.56,2,0
2026-06-12 20:06:16.397,29.15,0.16,265.97,264.52,2,0
2026-06-12 20:06:16.447,28.98,-0.14,264.42,264.67,2,0
2026-06-12 20:06:16.497,28.78,-0.28,261.32,263.17,2,0
2026-06-12 20:06:16.548,28.58,-0.51,257.26,261.40,2,0
2026-06-12 20:06:16.599,28.66,-0.22,258.69,259.49,2,0
2026-06-12 20:06:16.649,28.72,-0.10,262.16,260.30,2,0
2026-06-12 20:06:16.699,28.55,-0.28,261.94,260.79,2,0
2026-06-12 20:06:16.761,28.37,-0.48,257.20,259.26,2,0
2026-06-12 20:06:16.800,28.33,-0.39,255.87,257.60,2,0
2026-06-12 20:06:16.850,28.31,-0.38,257.32,257.30,2,0
2026-06-12 20:06:16.901,28.23,-0.36,256.45,257.04,2,0
2026-06-12 20:06:16.951,27.95,-0.69,255.65,256.37,2,0
2026-06-12 20:06:17.002,27.78,-0.88,250.26,253.82,2,0
2026-06-12 20:06:17.052,27.69,-0.70,248.56,252.24,2,0
2026-06-12 20:06:17.102,27.83,-0.29,251.47,251.43,2,0
2026-06-12 20:06:17.153,27.69,-0.47,254.34,252.69,2,0
2026-06-12 20:06:17.203,27.27,-0.87,248.65,251.48,2,0
2026-06-12 20:06:17.254,27.06,-0.94,242.50,247.68,2,0
2026-06-12 20:06:17.304,27.07,-0.78,245.30,245.70,2,0
2026-06-12 20:06:17.355,27.15,-0.51,246.12,245.82,2,0
2026-06-12 20:06:17.405,29.53,3.62,246.44,246.54,2,0
2026-06-12 20:06:17.456,31.20,4.45,320.90,268.14,2,0
2026-06-12 20:06:17.506,31.34,3.16,318.85,283.36,2,0
2026-06-12 20:06:17.556,29.90,0.37,263.16,284.61,2,0
2026-06-12 20:06:17.607,28.20,-1.60,240.84,271.48,2,0
2026-06-12 20:06:17.657,27.13,-2.81,241.41,256.12,2,0
2026-06-12 20:06:17.708,26.69,-2.74,235.56,246.33,2,0
2026-06-12 20:06:17.760,26.17,-2.77,233.15,242.38,2,0
2026-06-12 20:06:17.809,26.10,-2.46,233.53,237.64,2,0
2026-06-12 20:06:17.859,26.02,-1.90,235.55,237.01,2,0
2026-06-12 20:06:17.909,25.90,-1.81,234.85,236.30,2,0
2026-06-12 20:06:17.960,25.50,-1.80,232.64,235.20,2,0
2026-06-12 20:06:18.010,25.33,-1.80,227.05,231.53,2,0
2026-06-12 20:06:18.060,25.19,-1.45,226.59,230.05,2,0
2026-06-12 20:06:18.111,25.15,-1.10,227.67,228.71,2,0
2026-06-12 20:06:18.161,25.05,-1.01,228.15,228.43,2,0
2026-06-12 20:06:18.212,24.79,-1.15,225.42,227.53,2,0
2026-06-12 20:06:18.262,24.62,-1.11,222.20,225.08,2,0
2026-06-12 20:06:18.316,24.54,-0.92,220.06,223.58,2,0
2026-06-12 20:06:18.363,24.51,-0.81,222.47,222.83,2,0
2026-06-12 20:06:18.414,24.52,-0.68,222.01,222.59,2,0
2026-06-12 20:06:18.465,24.25,-0.83,222.77,222.64,2,0
2026-06-12 20:06:18.514,24.08,-0.98,216.79,220.21,2,0
2026-06-12 20:06:18.565,27.22,3.35,214.99,218.65,2,0
2026-06-12 20:06:18.617,28.62,5.18,287.84,247.20,2,0
2026-06-12 20:06:18.666,28.45,2.56,289.59,259.92,2,0
2026-06-12 20:06:18.716,26.91,0.89,235.06,258.39,2,0
2026-06-12 20:06:18.767,25.75,-1.11,211.64,244.37,2,0
2026-06-12 20:06:18.820,24.19,-2.57,209.14,233.80,2,0
2026-06-12 20:06:18.867,23.73,-2.56,204.88,219.63,2,0
2026-06-12 20:06:18.918,23.09,-2.83,205.83,215.49,2,0
2026-06-12 20:06:18.968,22.93,-2.54,203.08,209.70,2,0
2026-06-12 20:06:19.019,22.69,-2.55,204.73,208.21,2,0
2026-06-12 20:06:19.069,25.32,1.44,200.96,206.03,2,0
2026-06-12 20:06:19.119,26.31,2.03,261.17,229.92,2,0
2026-06-12 20:06:19.170,26.96,2.27,259.79,238.88,2,0
2026-06-12 20:06:19.220,25.91,0.17,258.74,244.84,2,0
2026-06-12 20:06:19.270,23.70,-2.30,212.90,235.26,2,0
2026-06-12 20:06:19.324,23.04,-2.50,195.91,215.20,2,0
2026-06-12 20:06:19.371,22.37,-3.19,195.42,209.27,2,0
2026-06-12 20:06:19.422,21.58,-3.21,189.00,203.19,2,0
2026-06-12 20:06:19.472,21.32,-2.93,188.57,195.95,2,0
2026-06-12 20:06:19.523,21.25,-2.55,188.22,193.63,2,0
2026-06-12 20:06:19.573,21.08,-2.46,191.50,192.99,2,0
2026-06-12 20:06:19.624,20.77,-2.16,187.65,191.39,2,0
2026-06-12 20:06:19.674,20.51,-2.05,184.91,188.66,2,0
2026-06-12 20:06:19.724,20.36,-1.87,180.78,186.29,2,0
2026-06-12 20:06:19.775,20.14,-1.96,181.60,184.89,2,0
2026-06-12 20:06:19.825,20.04,-1.75,178.24,182.89,2,0
2026-06-12 20:06:19.876,19.89,-1.48,179.77,181.96,2,0
2026-06-12 20:06:19.926,19.86,-1.28,178.20,180.65,2,0
2026-06-12 20:06:19.976,19.74,-1.19,179.64,180.35,2,0
2026-06-12 20:06:20.027,19.55,-1.17,176.82,179.29,2,0
2026-06-12 20:06:20.079,19.39,-1.25,173.43,177.53,2,0
2026-06-12 20:06:20.128,19.23,-1.20,172.72,176.09,2,0
2026-06-12 20:06:20.178,19.09,-0.97,171.12,174.60,2,0
2026-06-12 20:06:20.229,19.04,-0.86,173.27,173.37,2,0
2026-06-12 20:06:20.279,18.96,-0.80,171.85,172.92,2,0
2026-06-12 20:06:20.329,18.85,-0.77,170.37,172.15,2,0
2026-06-12 20:06:20.380,18.68,-0.79,168.90,171.17,2,0
2026-06-12 20:06:20.430,18.55,-0.89,166.09,169.65,2,0
2026-06-12 20:06:20.481,18.37,-0.91,165.59,168.43,2,0
2026-06-12 20:06:20.531,18.23,-0.88,162.95,166.79,2,0
2026-06-12 20:06:20.581,18.14,-0.83,162.69,165.56,2,0
2026-06-12 20:06:20.632,18.06,-0.77,162.77,164.72,2,0
2026-06-12 20:06:20.682,17.95,-0.71,162.28,163.99,2,0
2026-06-12 20:06:20.733,17.81,-0.72,161.29,163.03,2,0
2026-06-12 20:06:20.783,17.70,-0.70,158.70,161.73,2,0
2026-06-12 20:06:20.833,17.61,-0.67,158.45,160.75,2,0
2026-06-12 20:06:20.884,17.66,-0.53,158.01,159.92,2,0
2026-06-12 20:06:20.934,17.78,-0.35,161.30,160.34,2,0
2026-06-12 20:06:20.985,17.90,-0.10,164.09,161.46,2,0
2026-06-12 20:06:21.035,18.03,0.02,165.02,162.53,2,0
2026-06-12 20:06:21.086,18.09,0.06,166.66,163.77,2,0
2026-06-12 20:06:21.140,18.12,0.08,165.36,164.25,2,0
2026-06-12 20:06:21.187,18.17,0.13,165.14,164.52,2,0
2026-06-12 20:06:21.237,18.24,0.17,165.73,164.96,2,0
2026-06-12 20:06:21.287,18.37,0.25,167.26,165.65,2,0
2026-06-12 20:06:21.338,18.54,0.35,169.62,166.84,2,0
2026-06-12 20:06:21.388,18.63,0.46,171.79,168.33,2,0
2026-06-12 20:06:21.439,18.64,0.40,171.31,169.22,2,0
2026-06-12 20:06:21.489,18.58,0.29,169.50,169.30,2,0
2026-06-12 20:06:21.539,18.48,0.16,167.33,168.71,2,0
2026-06-12 20:06:21.590,18.46,0.13,165.80,167.84,2,0
2026-06-12 20:06:21.640,18.51,0.16,168.31,167.64,2,0
2026-06-12 20:06:21.690,18.58,0.19,169.28,168.13,2,0
2026-06-12 20:06:21.741,18.67,0.31,169.99,168.69,2,0
2026-06-12 20:06:21.792,18.73,0.32,171.55,169.55,2,0
2026-06-12 20:06:21.843,18.74,0.27,171.46,170.12,2,0
2026-06-12 20:06:21.892,18.76,0.19,170.21,170.15,2,0
2026-06-12 20:06:21.943,18.80,0.19,169.81,170.33,2,0
2026-06-12 20:06:21.993,18.96,0.30,171.61,170.71,2,0
2026-06-12 20:06:22.043,19.08,0.45,175.72,172.22,2,0
2026-06-12 20:06:22.094,19.24,0.51,175.85,173.31,2,0
2026-06-12 20:06:22.144,20.36,2.19,177.93,174.69,2,0
2026-06-12 20:06:22.195,22.84,5.35,207.62,184.91,1,0
2026-06-12 20:06:22.245,23.49,5.09,228.58,207.44,1,0
2026-06-12 20:06:22.295,22.68,3.66,227.05,213.33,1,0
2026-06-12 20:06:22.346,21.65,1.39,188.63,205.92,1,0
2026-06-12 20:06:22.396,20.86,0.54,174.79,196.58,1,0
2026-06-12 20:06:22.447,20.31,0.00,172.70,189.42,1,0
2026-06-12 20:06:22.497,19.82,-0.41,172.75,184.42,1,0
2026-06-12 20:06:22.548,19.30,-0.77,169.50,179.94,1,0
2026-06-12 20:06:22.598,18.59,-1.38,164.33,175.26,1,0
2026-06-12 20:06:22.649,18.36,-1.36,161.66,168.79,1,0
2026-06-12 20:06:22.702,18.23,-1.27,161.93,166.73,1,0
2026-06-12 20:06:22.749,18.10,-1.18,162.75,165.54,1,0
2026-06-12 20:06:22.799,17.99,-1.10,161.59,164.35,1,0
2026-06-12 20:06:22.853,17.82,-1.07,161.06,163.37,1,0
2026-06-12 20:06:22.900,17.59,-1.10,158.35,161.86,1,0
2026-06-12 20:06:22.951,17.37,-1.12,154.89,159.77,1,0
2026-06-12 20:06:23.001,17.12,-1.16,153.09,157.77,1,0
2026-06-12 20:06:23.052,16.88,-1.18,150.01,155.44,1,0
2026-06-12 20:06:23.102,16.73,-1.13,148.36,153.32,1,0
2026-06-12 20:06:23.152,16.58,-1.08,148.77,151.95,1,0
2026-06-12 20:06:23.203,16.40,-1.07,147.37,150.58,1,0
2026-06-12 20:06:23.253,16.18,-1.09,145.21,148.97,1,0
2026-06-12 20:06:23.304,15.89,-1.17,142.15,146.92,1,0
2026-06-12 20:06:23.354,15.89,-1.17,138.14,144.29,1,0
2026-06-12 20:06:23.407,15.61,-1.15,138.14,144.29,1,0
2026-06-12 20:06:23.455,15.32,-1.21,135.78,141.73,1,0
2026-06-12 20:06:23.505,15.07,-1.24,133.15,139.16,1,0
2026-06-12 20:06:23.556,14.86,-1.23,131.53,136.87,1,0
2026-06-12 20:06:23.606,14.65,-1.16,130.50,134.96,1,0
2026-06-12 20:06:23.657,14.45,-1.15,128.53,133.03,1,0
2026-06-12 20:06:23.707,14.45,-1.15,126.91,131.19,1,0
2026-06-12 20:06:23.758,14.21,-1.11,126.91,131.19,1,0
2026-06-12 20:06:23.808,13.94,-1.17,123.97,129.03,1,0
2026-06-12 20:06:23.859,13.64,-1.16,120.98,126.61,1,0
2026-06-12 20:06:23.909,13.64,-1.16,117.36,123.84,1,0
2026-06-12 20:06:23.959,13.32,-1.16,117.36,123.84,1,0
2026-06-12 20:06:24.010,13.03,-1.23,114.36,120.99,1,0
2026-06-12 20:06:24.060,12.73,-1.21,111.97,118.29,1,0
2026-06-12 20:06:24.111,12.73,-1.21,109.19,115.56,1,0
2026-06-12 20:06:24.161,12.44,-1.19,109.19,115.56,1,0
2026-06-12 20:06:24.211,12.13,-1.18,106.85,112.94,1,0
2026-06-12 20:06:24.262,12.13,-1.18,103.75,110.19,1,0
2026-06-12 20:06:24.314,11.80,-1.18,103.75,110.19,1,0
2026-06-12 20:06:24.363,11.46,-1.20,100.12,107.17,1,0
2026-06-12 20:06:24.413,11.46,-1.20,96.72,104.03,1,0
2026-06-12 20:06:24.463,11.10,-1.17,96.72,104.03,1,0
2026-06-12 20:06:24.514,11.10,-1.17,93.22,100.79,1,0
2026-06-12 20:06:24.565,10.72,-1.20,93.22,100.79,1,0
2026-06-12 20:06:24.615,10.72,-1.20,89.33,97.35,1,0
2026-06-12 20:06:24.665,10.35,-1.17,89.33,97.35,1,0
2026-06-12 20:06:24.716,10.35,-1.17,86.06,93.96,1,0
2026-06-12 20:06:24.766,9.99,-1.14,86.06,93.96,1,0
2026-06-12 20:06:24.816,9.99,-1.14,83.25,90.75,1,0
2026-06-12 20:06:24.867,9.64,-1.12,83.25,90.75,1,0
2026-06-12 20:06:24.917,9.64,-1.12,80.10,87.55,1,0
2026-06-12 20:06:24.968,9.32,-1.08,80.10,87.55,1,0
2026-06-12 20:06:25.018,9.32,-1.08,77.80,84.63,1,0
2026-06-12 20:06:25.075,9.02,-1.04,77.80,84.63,1,0
2026-06-12 20:06:25.119,9.02,-1.04,75.60,81.92,1,0
2026-06-12 20:06:25.169,8.75,-1.00,75.60,81.92,1,0
2026-06-12 20:06:25.220,8.75,-1.00,73.60,79.42,0,0
2026-06-12 20:06:25.270,8.52,-0.94,73.60,79.42,0,0
2026-06-12 20:06:25.321,8.52,-0.94,72.50,77.35,0,0
2026-06-12 20:06:25.371,8.35,-0.87,72.50,77.35,0,0
2026-06-12 20:06:25.422,8.35,-0.87,72.20,75.80,0,0
2026-06-12 20:06:25.472,8.25,-0.78,72.20,75.80,0,0
2026-06-12 20:06:25.522,8.25,-0.78,72.81,74.91,0,0
2026-06-12 20:06:25.573,8.23,-0.67,72.81,74.91,0,0
2026-06-12 20:06:25.623,8.23,-0.67,74.45,74.77,0,0
2026-06-12 20:06:25.674,8.30,-0.54,74.45,74.77,0,0
2026-06-12 20:06:25.724,8.44,-0.38,76.84,75.39,0,0
2026-06-12 20:06:25.774,8.44,-0.38,79.66,76.67,0,0
2026-06-12 20:06:25.825,8.64,-0.25,79.66,76.67,0,0
2026-06-12 20:06:25.875,8.64,-0.25,82.54,78.43,0,0
2026-06-12 20:06:25.926,8.87,-0.08,82.54,78.43,0,0
2026-06-12 20:06:25.976,9.13,0.07,85.48,80.54,0,0
2026-06-12 20:06:26.027,9.13,0.07,88.37,82.89,0,0
2026-06-12 20:06:26.077,9.40,0.21,88.37,82.89,0,0
2026-06-12 20:06:26.127,9.67,0.33,91.08,85.35,0,0
2026-06-12 20:06:26.178,9.67,0.33,93.54,87.80,0,0
2026-06-12 20:06:26.229,9.91,0.41,93.54,87.80,0,0
2026-06-12 20:06:26.279,10.14,0.48,94.99,89.96,0,0
2026-06-12 20:06:26.330,10.14,0.48,96.92,92.05,0,0
2026-06-12 20:06:26.379,10.33,0.51,96.92,92.05,0,0
2026-06-12 20:06:26.431,10.51,0.53,97.99,93.83,0,0
2026-06-12 20:06:26.480,10.51,0.53,99.10,95.41,0,0
2026-06-12 20:06:26.531,10.66,0.54,99.10,95.41,0,0
2026-06-12 20:06:26.581,10.76,0.51,100.07,96.81,0,0
2026-06-12 20:06:26.631,10.76,0.51,99.69,97.67,0,0
2026-06-12 20:06:26.682,10.82,0.47,99.69,97.67,0,0
2026-06-12 20:06:26.732,10.90,0.44,99.69,98.28,0,0
2026-06-12 20:06:26.783,10.90,0.44,100.57,98.97,0,0
2026-06-12 20:06:26.835,10.97,0.41,100.57,98.97,0,0
2026-06-12 20:06:26.883,11.06,0.40,101.12,99.61,0,0
2026-06-12 20:06:26.934,11.06,0.40,102.47,100.47,0,0
2026-06-12 20:06:26.984,11.15,0.39,102.47,100.47,0,0
2026-06-12 20:06:27.035,11.18,0.35,103.12,101.26,0,0
2026-06-12 20:06:27.085,11.18,0.35,102.00,101.49,0,0
2026-06-12 20:06:27.135,11.15,0.28,102.00,101.49,0,0
2026-06-12 20:06:27.186,11.06,0.19,100.82,101.28,0,0
2026-06-12 20:06:27.236,11.06,0.19,98.33,100.40,2,0
2026-06-12 20:06:27.287,10.93,0.09,98.33,100.40,2,0
2026-06-12 20:06:27.337,10.81,0.01,96.71,99.29,2,0
2026-06-12 20:06:27.388,10.81,0.01,95.42,98.13,2,0
2026-06-12 20:06:27.438,10.67,-0.07,95.42,98.13,2,0
2026-06-12 20:06:27.489,11.02,0.23,94.09,96.92,2,0
2026-06-12 20:06:27.539,11.79,0.83,107.43,100.07,2,0
2026-06-12 20:06:27.589,12.23,0.95,123.31,107.04,2,0
2026-06-12 20:06:27.639,12.23,0.95,120.36,111.04,2,0
2026-06-12 20:06:27.690,12.44,0.89,120.36,111.04,2,0
2026-06-12 20:06:27.740,12.44,0.89,117.33,112.93,2,0
2026-06-12 20:06:27.791,11.98,0.51,117.33,112.93,2,0
2026-06-12 20:06:27.841,11.98,0.51,99.17,108.80,2,0
2026-06-12 20:06:27.893,11.25,0.13,99.17,108.80,2,0
2026-06-12 20:06:27.942,10.76,-0.16,86.66,102.16,2,0
2026-06-12 20:06:27.992,10.76,-0.16,87.44,97.74,2,0
2026-06-12 20:06:28.043,10.47,-0.30,87.44,97.74,2,0
2026-06-12 20:06:28.093,10.32,-0.33,88.86,95.07,2,0
2026-06-12 20:06:28.144,10.32,-0.33,90.65,93.75,2,0
2026-06-12 20:06:28.194,10.30,-0.29,90.65,93.75,2,0
2026-06-12 20:06:28.245,10.33,-0.23,93.10,93.55,2,0
2026-06-12 20:06:28.295,10.33,-0.23,94.50,93.84,2,0
2026-06-12 20:06:28.345,10.37,-0.18,94.50,93.84,2,0
2026-06-12 20:06:28.396,10.37,-0.18,94.96,94.17,2,0
2026-06-12 20:06:28.446,10.42,-0.13,94.96,94.17,2,0
2026-06-12 20:06:28.497,10.45,-0.09,95.71,94.63,2,0
2026-06-12 20:06:28.547,10.45,-0.09,95.58,94.92,2,0
2026-06-12 20:06:28.597,10.51,-0.05,95.58,94.92,2,0
2026-06-12 20:06:28.648,10.58,0.00,96.57,95.41,2,0
2026-06-12 20:06:28.699,10.58,0.00,97.71,96.10,2,0
2026-06-12 20:06:28.749,10.67,0.05,97.71,96.10,2,0
2026-06-12 20:06:28.799,10.77,0.10,98.60,96.85,2,0
2026-06-12 20:06:28.849,10.89,0.19,99.95,97.78,2,0
2026-06-12 20:06:28.900,10.89,0.19,101.56,98.92,2,0
2026-06-12 20:06:28.952,11.00,0.22,101.56,98.92,2,0
2026-06-12 20:06:29.001,11.09,0.24,102.18,99.89,2,0
2026-06-12 20:06:29.051,11.09,0.24,102.73,100.75,2,0
2026-06-12 20:06:29.104,11.18,0.25,102.73,100.75,2,0
2026-06-12 20:06:29.152,11.26,0.25,103.36,101.53,2,0
2026-06-12 20:06:29.202,11.26,0.25,103.82,102.22,2,0
2026-06-12 20:06:29.253,11.36,0.27,103.82,102.22,2,0
2026-06-12 20:06:29.303,11.51,0.35,105.49,103.20,2,0
2026-06-12 20:06:29.354,11.69,0.40,107.63,104.53,2,0
2026-06-12 20:06:29.404,11.69,0.40,109.97,106.16,2,0
2026-06-12 20:06:29.454,11.84,0.42,109.97,106.16,2,0
2026-06-12 20:06:29.505,11.97,0.47,110.69,107.52,2,0
2026-06-12 20:06:29.555,12.08,0.46,111.48,108.71,2,0
2026-06-12 20:06:29.605,12.20,0.49,111.93,109.68,2,0
2026-06-12 20:06:29.656,12.20,0.49,113.32,110.77,2,0
2026-06-12 20:06:29.706,12.29,0.47,113.32,110.77,2,0
2026-06-12 20:06:29.757,12.43,0.47,113.61,111.62,2,0
2026-06-12 20:06:29.807,12.58,0.53,115.70,112.84,2,0
2026-06-12 20:06:29.858,12.58,0.53,117.49,114.24,2,0
2026-06-12 20:06:29.908,12.70,0.51,117.49,114.24,2,0
2026-06-12 20:06:29.959,12.81,0.53,117.97,115.36,2,0
2026-06-12 20:06:30.009,12.90,0.50,118.66,116.35,2,0
2026-06-12 20:06:30.059,12.95,0.46,119.09,117.17,2,0
2026-06-12 20:06:30.109,12.95,0.46,118.45,117.55,2,0
2026-06-12 20:06:30.160,12.95,0.39,118.45,117.55,2,0
2026-06-12 20:06:30.210,12.99,0.37,117.59,117.57,2,0
2026-06-12 20:06:30.261,13.02,0.33,118.84,117.95,2,0
2026-06-12 20:06:30.311,13.06,0.31,118.94,118.25,2,0
2026-06-12 20:06:30.362,13.21,0.40,119.38,118.59,2,0
2026-06-12 20:06:30.412,13.21,0.40,123.32,120.01,2,0
2026-06-12 20:06:30.462,14.28,1.83,123.32,120.01,2,0
2026-06-12 20:06:30.513,15.64,3.82,148.21,129.70,2,0
2026-06-12 20:06:30.563,16.56,4.00,170.84,142.04,2,0
2026-06-12 20:06:30.614,17.17,3.74,169.77,150.36,2,0
2026-06-12 20:06:30.664,16.76,2.84,168.93,155.93,2,0
2026-06-12 20:06:30.714,16.08,1.85,143.45,152.19,2,0
2026-06-12 20:06:30.765,15.64,1.20,131.58,146.00,2,0
2026-06-12 20:06:30.815,15.64,1.20,132.68,142.01,2,0
2026-06-12 20:06:30.866,15.37,0.87,132.68,142.01,2,0
2026-06-12 20:06:30.916,15.22,0.63,133.83,139.55,2,0
2026-06-12 20:06:30.966,15.05,0.39,135.18,138.24,2,0
2026-06-12 20:06:31.019,14.87,0.18,133.01,136.67,2,0
2026-06-12 20:06:31.067,14.73,0.07,131.17,135.02,2,0
2026-06-12 20:06:31.118,14.58,-0.06,130.71,133.73,2,0
2026-06-12 20:06:31.168,14.51,-0.11,129.20,132.37,2,0
2026-06-12 20:06:31.219,14.51,-0.09,130.44,131.79,2,0
2026-06-12 20:06:31.269,14.51,-0.09,131.79,131.79,2,0
2026-06-12 20:06:31.320,14.49,-0.09,131.79,131.79,2,0
2026-06-12 20:06:31.370,14.48,-0.08,130.96,131.54,2,0
2026-06-12 20:06:31.420,14.44,-0.10,131.36,131.49,2,0
2026-06-12 20:06:31.471,14.39,-0.12,130.19,131.10,2,0
2026-06-12 20:06:31.521,14.42,-0.07,129.63,130.66,2,0
2026-06-12 20:06:31.571,14.46,-0.02,131.56,130.93,2,0
2026-06-12 20:06:31.622,14.56,0.06,132.33,131.35,2,0
2026-06-12 20:06:31.672,16.83,3.61,134.17,132.20,2,0
2026-06-12 20:06:31.723,18.00,4.05,182.76,152.84,2,0
2026-06-12 20:06:31.775,18.96,4.23,188.22,163.46,2,0
2026-06-12 20:06:31.827,18.96,4.23,192.59,172.20,2,0
2026-06-12 20:06:31.875,18.58,3.38,192.59,172.20,2,0
2026-06-12 20:06:31.924,17.76,2.19,160.58,168.71,2,0
2026-06-12 20:06:31.975,17.17,1.37,143.85,161.25,2,0
2026-06-12 20:06:32.025,16.75,0.82,143.54,155.94,2,0
2026-06-12 20:06:32.076,16.58,0.56,143.09,152.09,2,0
2026-06-12 20:06:32.126,16.43,0.35,147.12,150.59,2,0
2026-06-12 20:06:32.176,16.32,0.21,146.00,149.22,2,0
2026-06-12 20:06:32.227,16.32,0.17,145.79,148.19,2,0
2026-06-12 20:06:32.277,16.15,0.01,148.10,148.16,2,0
2026-06-12 20:06:32.330,16.06,-0.07,143.06,146.63,2,0
2026-06-12 20:06:32.378,16.02,-0.09,143.86,145.80,2,0
2026-06-12 20:06:32.429,15.96,-0.13,144.65,145.46,2,0
2026-06-12 20:06:32.479,15.98,-0.09,143.63,144.91,2,0
2026-06-12 20:06:32.529,16.02,-0.04,145.45,145.07,2,0
2026-06-12 20:06:32.580,16.03,-0.03,146.40,145.47,2,0
2026-06-12 20:06:32.630,15.94,-0.09,145.74,145.55,2,0
2026-06-12 20:06:32.680,15.81,-0.15,142.95,144.77,2,0
2026-06-12 20:06:32.731,15.59,-0.31,140.79,143.58,2,0
2026-06-12 20:06:32.781,15.35,-0.46,136.96,141.59,2,0
2026-06-12 20:06:32.832,15.18,-0.54,134.41,139.44,2,0
2026-06-12 20:06:32.882,15.13,-0.50,134.02,137.81,2,0
2026-06-12 20:06:32.933,15.20,-0.36,136.35,137.37,2,0
2026-06-12 20:06:32.983,15.20,-0.36,139.69,138.07,2,0
2026-06-12 20:06:33.033,15.31,-0.25,139.69,138.07,2,0
2026-06-12 20:06:33.084,15.42,-0.12,141.39,139.07,2,0
2026-06-12 20:06:33.134,15.44,-0.08,142.36,140.05,2,0
2026-06-12 20:06:33.185,15.34,-0.16,140.71,140.25,2,0
2026-06-12 20:06:33.235,15.27,-0.19,137.07,139.30,2,0
2026-06-12 20:06:33.286,15.13,-0.28,137.13,138.65,2,0
2026-06-12 20:06:33.336,15.07,-0.27,134.40,137.37,1,0
2026-06-12 20:06:33.387,15.02,-0.27,135.50,136.81,1,0
2026-06-12 20:06:33.437,14.87,-0.35,135.42,136.39,1,0
2026-06-12 20:06:33.487,14.77,-0.38,131.99,135.07,1,0
2026-06-12 20:06:33.538,14.77,-0.38,131.88,134.11,1,0
2026-06-12 20:06:33.589,14.57,-0.44,131.88,134.11,1,0
2026-06-12 20:06:33.639,14.30,-0.59,128.00,132.28,1,0
2026-06-12 20:06:33.689,13.97,-0.69,124.29,129.88,1,0
2026-06-12 20:06:33.739,13.97,-0.69,119.79,126.85,1,0
2026-06-12 20:06:33.790,13.65,-0.76,119.79,126.85,1,0
2026-06-12 20:06:33.844,13.34,-0.90,117.07,123.92,1,0
2026-06-12 20:06:33.891,13.07,-0.92,114.54,121.10,1,0
2026-06-12 20:06:33.941,13.07,-0.92,113.12,118.71,1,0
2026-06-12 20:06:33.991,12.83,-0.91,113.12,118.71,1,0
2026-06-12 20:06:34.042,12.55,-0.93,111.41,116.52,1,0
2026-06-12 20:06:34.092,12.55,-0.93,107.90,113.93,1,0
2026-06-12 20:06:34.143,12.24,-0.96,107.90,113.93,1,0
2026-06-12 20:06:34.193,11.96,-0.97,104.71,111.17,1,0
2026-06-12 20:06:34.244,11.96,-0.97,102.56,108.58,1,0
2026-06-12 20:06:34.294,12.43,-0.56,102.56,108.58,1,0
2026-06-12 20:06:34.348,13.17,0.13,123.01,112.91,1,0
2026-06-12 20:06:34.395,13.78,0.45,135.18,119.59,1,0
2026-06-12 20:06:34.445,13.78,0.45,138.08,125.14,1,0
2026-06-12 20:06:34.496,14.68,1.06,138.08,125.14,1,0
2026-06-12 20:06:34.546,15.14,1.63,138.78,133.29,1,0
2026-06-12 20:06:34.596,15.50,1.59,147.18,137.46,1,0
2026-06-12 20:06:34.648,15.50,1.59,148.40,140.74,1,0
2026-06-12 20:06:34.700,15.75,1.49,148.40,140.74,1,0
2026-06-12 20:06:34.756,15.09,0.90,148.50,143.07,1,0
2026-06-12 20:06:34.798,14.16,0.00,122.83,137.00,1,0
2026-06-12 20:06:34.849,14.16,0.00,108.82,128.54,1,0
2026-06-12 20:06:34.899,13.49,-0.36,108.82,128.54,1,0
2026-06-12 20:06:34.949,12.98,-0.59,108.53,122.54,1,0
2026-06-12 20:06:35.000,12.98,-0.59,107.13,117.91,1,0
2026-06-12 20:06:35.050,12.62,-0.70,107.13,117.91,1,0
2026-06-12 20:06:35.100,12.37,-0.73,107.01,114.64,1,0
2026-06-12 20:06:35.151,12.14,-0.81,106.98,112.34,1,0
2026-06-12 20:06:35.201,12.14,-0.81,105.49,110.29,1,0
2026-06-12 20:06:35.252,12.00,-0.76,105.49,110.29,1,0
2026-06-12 20:06:35.302,11.85,-0.74,106.05,109.02,1,0
2026-06-12 20:06:35.353,11.85,-0.74,104.35,107.62,1,0
2026-06-12 20:06:35.403,11.72,-0.70,104.35,107.62,1,0
2026-06-12 20:06:35.455,11.71,-0.60,103.67,106.43,1,0
2026-06-12 20:06:35.504,11.74,-0.49,106.02,106.31,1,0
2026-06-12 20:06:35.554,11.74,-0.49,107.21,106.58,1,0
2026-06-12 20:06:35.605,11.84,-0.35,107.21,106.58,1,0
2026-06-12 20:06:35.655,12.04,-0.19,109.86,107.56,1,0
2026-06-12 20:06:35.706,12.18,-0.04,113.36,109.30,1,0
2026-06-12 20:06:35.756,12.18,-0.04,113.77,110.64,1,0
2026-06-12 20:06:35.806,12.31,0.04,113.77,110.64,1,0
2026-06-12 20:06:35.857,12.47,0.15,114.59,111.83,1,0
2026-06-12 20:06:35.907,12.53,0.17,116.39,113.20,1,0
2026-06-12 20:06:35.958,12.66,0.25,115.22,113.80,1,0
2026-06-12 20:06:36.009,12.66,0.25,117.60,114.94,1,0
2026-06-12 20:06:36.059,12.84,0.31,117.60,114.94,1,0
2026-06-12 20:06:36.109,13.02,0.41,120.55,116.62,1,0
2026-06-12 20:06:36.159,13.24,0.53,121.92,118.21,1,0
2026-06-12 20:06:36.212,13.35,0.51,124.81,120.19,1,0
2026-06-12 20:06:36.263,13.36,0.45,123.64,121.22,1,0
2026-06-12 20:06:36.311,13.36,0.45,121.69,121.36,1,0
2026-06-12 20:06:36.361,13.32,0.36,121.69,121.36,0,0
2026-06-12 20:06:36.411,13.23,0.23,120.17,121.00,0,0
2026-06-12 20:06:36.462,13.17,0.16,118.26,120.18,0,0
2026-06-12 20:06:36.512,13.13,0.10,118.09,119.55,0,0
2026-06-12 20:06:36.563,13.13,0.10,118.51,119.24,0,0
2026-06-12 20:06:36.614,13.11,0.08,118.51,119.24,0,0
2026-06-12 20:06:36.663,13.12,0.07,118.72,119.08,0,0
2026-06-12 20:06:36.714,13.06,0.03,119.32,119.15,0,0
2026-06-12 20:06:36.764,13.06,0.03,117.29,118.60,0,0
2026-06-12 20:06:36.815,12.94,-0.04,117.29,118.60,0,0
2026-06-12 20:06:36.865,12.77,-0.18,115.03,117.53,0,0
2026-06-12 20:06:36.915,12.54,-0.28,112.23,115.94,0,0
2026-06-12 20:06:36.966,12.54,-0.28,109.08,113.88,0,0
2026-06-12 20:06:37.016,12.34,-0.34,109.08,113.88,0,0
2026-06-12 20:06:37.067,12.17,-0.39,107.91,112.09,0,0
2026-06-12 20:06:37.117,12.17,-0.39,106.85,110.52,0,0
2026-06-12 20:06:37.168,12.02,-0.41,106.85,110.52,0,0
2026-06-12 20:06:37.218,11.88,-0.43,106.06,109.18,0,0
2026-06-12 20:06:37.269,11.88,-0.43,104.82,107.87,0,0
2026-06-12 20:06:37.319,11.70,-0.46,104.82,107.87,0,0
2026-06-12 20:06:37.369,11.48,-0.52,102.47,106.25,0,0
2026-06-12 20:06:37.420,11.48,-0.52,99.55,104.24,0,0
2026-06-12 20:06:37.470,11.20,-0.59,99.55,104.24,0,0
2026-06-12 20:06:37.520,11.20,-0.59,95.79,101.71,0,0
2026-06-12 20:06:37.571,10.90,-0.63,95.79,101.71,0,0
2026-06-12 20:06:37.621,10.63,-0.68,92.69,99.00,0,0
2026-06-12 20:06:37.672,10.63,-0.68,90.69,96.51,0,0
2026-06-12 20:06:37.722,10.38,-0.72,90.69,96.51,0,0
2026-06-12 20:06:37.774,10.38,-0.72,88.88,94.22,0,0
2026-06-12 20:06:37.823,10.15,-0.70,88.88,94.22,0,0
2026-06-12 20:06:37.873,10.15,-0.70,87.43,92.18,0,0
2026-06-12 20:06:37.924,9.90,-0.70,87.43,92.18,0,0
2026-06-12 20:06:37.974,9.63,-0.75,84.65,89.92,0,0
2026-06-12 20:06:38.025,9.63,-0.75,81.80,87.49,0,0
2026-06-12 20:06:38.075,9.33,-0.76,81.80,87.49,0,0
2026-06-12 20:06:38.126,9.33,-0.76,78.31,84.73,0,0
2026-06-12 20:06:38.176,9.33,-0.76,78.31,84.73,0,0
2026-06-12 20:06:38.227,8.99,-0.76,78.31,84.73,0,0
2026-06-12 20:06:38.277,8.99,-0.76,74.47,81.65,0,0
2026-06-12 20:06:38.327,8.68,-0.77,74.47,81.65,0,0
2026-06-12 20:06:38.378,8.68,-0.77,72.28,78.84,2,0
2026-06-12 20:06:38.428,8.39,-0.77,72.28,78.84,2,0
2026-06-12 20:06:38.479,8.39,-0.77,70.08,76.21,2,0
2026-06-12 20:06:38.529,8.12,-0.75,70.08,76.21,2,0
2026-06-12 20:06:38.579,8.12,-0.75,68.11,73.78,2,0
2026-06-12 20:06:38.630,8.12,-0.75,68.11,73.78,2,0
2026-06-12 20:06:38.680,7.89,-0.71,68.11,73.78,2,0
2026-06-12 20:06:38.731,7.89,-0.71,66.82,71.69,2,0
2026-06-12 20:06:38.781,7.66,-0.70,66.82,71.69,2,0
2026-06-12 20:06:38.831,7.66,-0.70,64.72,69.60,2,0
2026-06-12 20:06:38.882,7.42,-0.68,64.72,69.60,2,0
2026-06-12 20:06:38.932,7.42,-0.68,62.20,67.38,2,0
2026-06-12 20:06:38.983,7.42,-0.68,62.20,67.38,2,0
2026-06-12 20:06:39.033,7.15,-0.65,62.20,67.38,2,0
2026-06-12 20:06:39.084,7.15,-0.65,59.10,64.90,2,0
2026-06-12 20:06:39.134,7.15,-0.65,59.10,64.90,2,0
2026-06-12 20:06:39.184,6.87,-0.63,59.10,64.90,2,0
2026-06-12 20:06:39.235,6.87,-0.63,56.45,62.36,2,0
2026-06-12 20:06:39.285,6.87,-0.63,56.45,62.36,2,0
2026-06-12 20:06:39.336,6.59,-0.61,56.45,62.36,2,0
2026-06-12 20:06:39.386,6.59,-0.61,53.83,59.80,2,0
2026-06-12 20:06:39.436,6.59,-0.61,53.83,59.80,2,0
2026-06-12 20:06:39.487,6.31,-0.60,53.83,59.80,2,0
2026-06-12 20:06:39.537,6.31,-0.60,51.57,57.33,2,0
2026-06-12 20:06:39.589,6.31,-0.60,51.57,57.33,2,0
2026-06-12 20:06:39.638,6.05,-0.58,51.57,57.33,2,0
2026-06-12 20:06:39.689,6.05,-0.58,49.40,54.95,2,0
2026-06-12 20:06:39.741,6.05,-0.58,49.40,54.95,2,0
2026-06-12 20:06:39.789,6.05,-0.58,49.40,54.95,2,0
2026-06-12 20:06:39.840,5.80,-0.55,49.40,54.95,2,0
2026-06-12 20:06:39.890,5.80,-0.55,47.22,52.63,2,0
2026-06-12 20:06:39.941,5.80,-0.55,47.22,52.63,2,0
2026-06-12 20:06:39.991,5.52,-0.53,47.22,52.63,2,0
2026-06-12 20:06:40.041,5.52,-0.53,44.23,50.11,2,0
2026-06-12 20:06:40.092,5.52,-0.53,44.23,50.11,2,0
2026-06-12 20:06:40.142,5.52,-0.53,44.23,50.11,2,0
2026-06-12 20:06:40.193,5.24,-0.51,44.23,50.11,2,0
2026-06-12 20:06:40.243,5.24,-0.51,41.78,47.61,2,0
2026-06-12 20:06:40.294,5.24,-0.51,41.78,47.61,2,0
2026-06-12 20:06:40.344,5.24,-0.51,41.78,47.61,2,0
2026-06-12 20:06:40.394,4.98,-0.49,41.78,47.61,2,0
2026-06-12 20:06:40.445,4.98,-0.49,39.58,45.20,2,0
2026-06-12 20:06:40.495,4.98,-0.49,39.58,45.20,2,0
2026-06-12 20:06:40.546,4.98,-0.49,39.58,45.20,2,0
2026-06-12 20:06:40.600,4.98,-0.49,39.58,45.20,2,0
2026-06-12 20:06:40.647,4.72,-0.46,39.58,45.20,2,0
2026-06-12 20:06:40.697,4.72,-0.46,37.25,42.82,2,0
2026-06-12 20:06:40.748,4.72,-0.46,37.25,42.82,2,0
2026-06-12 20:06:40.798,4.72,-0.46,37.25,42.82,2,0
2026-06-12 20:06:40.849,4.46,-0.44,37.25,42.82,2,0
2026-06-12 20:06:40.899,4.46,-0.44,34.97,40.46,2,0
2026-06-12 20:06:40.949,4.46,-0.44,34.97,40.46,2,0
2026-06-12 20:06:41.000,4.46,-0.44,34.97,40.46,2,0
2026-06-12 20:06:41.050,4.46,-0.44,34.97,40.46,2,0
2026-06-12 20:06:41.100,4.46,-0.44,34.97,40.46,2,0
2026-06-12 20:06:41.151,4.17,-0.42,34.97,40.46,2,0
2026-06-12 20:06:41.201,4.17,-0.42,31.70,37.83,2,0
2026-06-12 20:06:41.252,4.17,-0.42,31.70,37.83,2,0
2026-06-12 20:06:41.302,4.17,-0.42,31.70,37.83,2,0
2026-06-12 20:06:41.352,4.17,-0.42,31.70,37.83,2,0
2026-06-12 20:06:41.403,4.17,-0.42,31.70,37.83,2,0
2026-06-12 20:06:41.453,4.17,-0.42,31.70,37.83,2,0
2026-06-12 20:06:41.504,4.17,-0.42,31.70,37.83,2,0
2026-06-12 20:06:41.554,3.79,-0.39,31.70,37.83,2,0
2026-06-12 20:06:41.605,3.79,-0.39,26.58,34.46,2,0
2026-06-12 20:06:41.655,3.79,-0.39,26.58,34.46,2,0
2026-06-12 20:06:41.705,3.79,-0.39,26.58,34.46,2,0
2026-06-12 20:06:41.756,3.79,-0.39,26.58,34.46,2,0
2026-06-12 20:06:41.806,3.79,-0.39,26.58,34.46,2,0
2026-06-12 20:06:41.857,3.79,-0.39,26.58,34.46,2,0
2026-06-12 20:06:41.907,3.79,-0.39,26.58,34.46,2,0
2026-06-12 20:06:41.960,3.79,-0.39,26.58,34.46,2,0
2026-06-12 20:06:42.008,3.79,-0.39,26.58,34.46,2,0
2026-06-12 20:06:42.059,3.79,-0.39,26.58,34.46,2,0
2026-06-12 20:06:42.109,3.79,-0.39,26.58,34.46,2,0
2026-06-12 20:06:42.160,3.79,-0.39,26.58,34.46,2,0
2026-06-12 20:06:42.210,3.79,-0.39,26.58,34.46,2,0
2026-06-12 20:06:42.260,3.79,-0.39,26.58,34.46,2,0
2026-06-12 20:06:42.310,3.79,-0.39,26.58,34.46,2,0
2026-06-12 20:06:42.361,3.79,-0.39,26.58,34.46,2,0
2026-06-12 20:06:42.411,3.79,-0.39,26.58,34.46,2,0
2026-06-12 20:06:42.462,3.79,-0.39,26.58,34.46,2,0
2026-06-12 20:06:42.512,3.79,-0.39,26.58,34.46,2,0
2026-06-12 20:06:42.563,3.79,-0.39,26.58,34.46,2,0
2026-06-12 20:06:42.613,3.16,-0.36,26.58,34.46,2,0
2026-06-12 20:06:42.663,3.16,-0.36,15.12,28.65,2,0
2026-06-12 20:06:42.714,3.16,-0.36,15.12,28.65,2,0
2026-06-12 20:06:42.764,3.16,-0.36,15.12,28.65,2,0
2026-06-12 20:06:42.815,3.16,-0.36,15.12,28.65,2,0
2026-06-12 20:06:42.865,3.16,-0.36,15.12,28.65,2,0
2026-06-12 20:06:42.916,3.16,-0.36,15.12,28.65,2,0
2026-06-12 20:06:42.966,3.16,-0.36,15.12,28.65,2,0
2026-06-12 20:06:43.016,3.16,-0.36,15.12,28.65,2,0
2026-06-12 20:06:43.067,3.16,-0.36,15.12,28.65,2,0
2026-06-12 20:06:43.117,3.16,-0.36,15.12,28.65,2,0
2026-06-12 20:06:43.168,3.16,-0.36,15.12,28.65,2,0
2026-06-12 20:06:43.218,3.16,-0.36,15.12,28.65,2,0
2026-06-12 20:06:43.269,3.16,-0.36,15.12,28.65,2,0
2026-06-12 20:06:43.320,3.16,-0.36,15.12,28.65,2,0
2026-06-12 20:06:43.369,3.16,-0.36,15.12,28.65,2,0
2026-06-12 20:06:43.420,3.16,-0.36,15.12,28.65,2,0
2026-06-12 20:06:43.470,3.16,-0.36,15.12,28.65,2,0
2026-06-12 20:06:43.520,3.16,-0.36,15.12,28.65,2,0
2026-06-12 20:06:43.571,3.16,-0.36,15.12,28.65,2,0
2026-06-12 20:06:43.621,3.16,-0.36,15.12,28.65,2,0
2026-06-12 20:06:43.672,3.16,-0.36,15.12,28.65,2,0
2026-06-12 20:06:43.722,3.16,-0.36,15.12,28.65,2,0
2026-06-12 20:06:43.773,3.16,-0.36,15.12,28.65,2,0
2026-06-12 20:06:43.823,3.16,-0.36,15.12,28.65,2,0
2026-06-12 20:06:43.873,3.16,-0.36,15.12,28.65,2,0
2026-06-12 20:06:43.924,3.16,-0.36,15.12,28.65,2,0
2026-06-12 20:06:43.974,3.16,-0.36,15.12,28.65,2,0
2026-06-12 20:06:44.025,3.16,-0.36,15.12,28.65,2,0
2026-06-12 20:06:44.075,3.16,-0.36,15.12,28.65,2,0
2026-06-12 20:06:44.126,3.16,-0.36,15.12,28.65,2,0
2026-06-12 20:06:44.177,3.16,-0.36,15.12,28.65,2,0
2026-06-12 20:06:44.226,3.16,-0.36,15.12,28.65,2,0
2026-06-12 20:06:44.277,3.16,-0.36,15.12,28.65,2,0
2026-06-12 20:06:44.327,3.16,-0.36,15.12,28.65,2,0
2026-06-12 20:06:44.378,3.16,-0.36,15.12,28.65,2,0
2026-06-12 20:06:44.432,3.16,-0.36,15.12,28.65,2,0
2026-06-12 20:06:44.479,3.16,-0.36,15.12,28.65,2,0
2026-06-12 20:06:44.529,3.16,-0.36,15.12,28.65,2,0
2026-06-12 20:06:44.580,3.16,-0.36,15.12,28.65,2,0
2026-06-12 20:06:44.630,0.26,0.00,15.12,28.65,2,0
2026-06-12 20:06:44.680,0.26,0.00,7.96,2.39,2,0
2026-06-12 20:06:44.730,0.26,0.00,7.96,2.39,2,0
2026-06-12 20:06:44.781,0.26,0.00,7.96,2.39,2,0
2026-06-12 20:06:44.831,0.26,0.00,7.96,2.39,2,0
2026-06-12 20:06:44.882,0.26,0.00,7.96,2.39,2,0
2026-06-12 20:06:44.932,0.26,0.00,7.96,2.39,2,0
2026-06-12 20:06:44.982,0.26,0.00,7.96,2.39,2,0
2026-06-12 20:06:45.033,0.26,0.00,7.96,2.39,2,0
2026-06-12 20:06:45.084,0.26,0.00,7.96,2.39,2,0
2026-06-12 20:06:45.134,0.26,0.00,7.96,2.39,2,0
2026-06-12 20:06:45.184,0.26,0.00,7.96,2.39,2,0
2026-06-12 20:06:45.235,0.26,0.00,7.96,2.39,2,0
2026-06-12 20:06:45.285,0.26,0.00,7.96,2.39,2,0
2026-06-12 20:06:45.335,0.26,0.00,7.96,2.39,2,0
2026-06-12 20:06:45.387,0.26,0.00,7.96,2.39,2,0
2026-06-12 20:06:45.436,0.26,0.00,7.96,2.39,2,0
2026-06-12 20:06:45.487,0.26,0.00,7.96,2.39,2,0
2026-06-12 20:06:45.537,0.26,0.00,7.96,2.39,2,0
2026-06-12 20:06:45.588,0.26,0.00,7.96,2.39,2,0
2026-06-12 20:06:45.638,0.26,0.00,7.96,2.39,2,0
2026-06-12 20:06:45.689,0.26,0.00,7.96,2.39,2,0
2026-06-12 20:06:45.744,0.26,0.00,7.96,2.39,2,0
2026-06-12 20:06:45.789,0.26,0.00,7.96,2.39,2,0
2026-06-12 20:06:45.839,0.40,0.00,7.96,2.39,2,0
2026-06-12 20:06:45.890,0.40,0.00,6.40,3.59,2,0
2026-06-12 20:06:45.940,0.40,0.00,6.40,3.59,2,0
2026-06-12 20:06:45.990,0.40,0.00,6.40,3.59,2,0
2026-06-12 20:06:46.041,0.40,0.00,6.40,3.59,2,0
2026-06-12 20:06:46.091,0.40,0.00,6.40,3.59,2,0
2026-06-12 20:06:46.142,0.40,0.00,6.40,3.59,2,0
2026-06-12 20:06:46.192,0.40,0.00,6.40,3.59,2,0
2026-06-12 20:06:46.246,0.40,0.00,6.40,3.59,2,0
2026-06-12 20:06:46.293,0.40,0.00,6.40,3.59,2,0
2026-06-12 20:06:46.343,0.40,0.00,6.40,3.59,2,0
2026-06-12 20:06:46.396,0.40,0.00,6.40,3.59,2,0
2026-06-12 20:06:46.444,0.40,0.00,6.40,3.59,2,0
2026-06-12 20:06:46.495,0.48,0.01,6.40,3.59,2,0
2026-06-12 20:06:46.545,0.48,0.01,6.04,4.33,2,0
2026-06-12 20:06:46.596,0.48,0.01,6.04,4.33,2,0
2026-06-12 20:06:46.646,0.48,0.01,6.04,4.33,2,0
2026-06-12 20:06:46.696,0.48,0.01,6.04,4.33,2,0
2026-06-12 20:06:46.747,0.48,0.01,6.04,4.33,2,0
2026-06-12 20:06:46.797,0.48,0.01,6.04,4.33,2,0
2026-06-12 20:06:46.847,0.48,0.01,6.04,4.33,2,0
2026-06-12 20:06:46.898,0.48,0.01,6.04,4.33,2,0
2026-06-12 20:06:46.949,0.48,0.01,6.04,4.33,2,0
2026-06-12 20:06:46.999,0.56,0.02,6.04,4.33,2,0
2026-06-12 20:06:47.049,0.56,0.02,6.88,5.09,2,0
2026-06-12 20:06:47.099,0.56,0.02,6.88,5.09,2,0
2026-06-12 20:06:47.150,0.56,0.02,6.88,5.09,2,0
2026-06-12 20:06:47.200,0.56,0.02,6.88,5.09,2,0
2026-06-12 20:06:47.251,0.56,0.02,6.88,5.09,2,0
2026-06-12 20:06:47.301,0.56,0.02,6.88,5.09,2,0
2026-06-12 20:06:47.352,0.56,0.02,6.88,5.09,2,0
2026-06-12 20:06:47.402,0.75,0.03,6.88,5.09,2,0
2026-06-12 20:06:47.452,0.75,0.03,10.86,6.82,2,0
2026-06-12 20:06:47.503,0.75,0.03,10.86,6.82,2,0
2026-06-12 20:06:47.553,0.75,0.03,10.86,6.82,2,0
2026-06-12 20:06:47.603,0.75,0.03,10.86,6.82,2,0
2026-06-12 20:06:47.654,0.75,0.03,10.86,6.82,2,0
2026-06-12 20:06:47.704,0.75,0.03,10.86,6.82,2,0
2026-06-12 20:06:47.755,0.75,0.03,10.86,6.82,2,0
2026-06-12 20:06:47.805,1.03,0.06,10.86,6.82,2,0
2026-06-12 20:06:47.855,1.03,0.06,15.37,9.39,2,0
2026-06-12 20:06:47.906,1.03,0.06,15.37,9.39,2,0
2026-06-12 20:06:47.956,1.03,0.06,15.37,9.39,2,0
2026-06-12 20:06:48.007,1.03,0.06,15.37,9.39,2,0
2026-06-12 20:06:48.060,1.03,0.06,15.37,9.39,2,0
2026-06-12 20:06:48.111,1.03,0.06,15.37,9.39,2,0
2026-06-12 20:06:48.158,1.03,0.06,15.37,9.39,2,0
2026-06-12 20:06:48.209,1.31,0.08,15.37,9.39,2,0
2026-06-12 20:06:48.259,1.31,0.08,17.68,11.87,2,0
2026-06-12 20:06:48.309,1.31,0.08,17.68,11.87,2,0
2026-06-12 20:06:48.359,1.31,0.08,17.68,11.87,2,0
2026-06-12 20:06:48.410,1.31,0.08,17.68,11.87,2,0
2026-06-12 20:06:48.460,1.31,0.08,17.68,11.87,2,0
2026-06-12 20:06:48.511,1.31,0.08,17.68,11.87,2,0
2026-06-12 20:06:48.561,1.31,0.08,17.68,11.87,2,0
2026-06-12 20:06:48.612,1.31,0.08,17.68,11.87,2,0
2026-06-12 20:06:48.662,1.31,0.08,17.68,11.87,2,0
2026-06-12 20:06:48.712,1.31,0.08,17.68,11.87,2,0
2026-06-12 20:06:48.763,1.31,0.08,17.68,11.87,2,0
2026-06-12 20:06:48.814,1.46,0.08,17.68,11.87,2,0
2026-06-12 20:06:48.863,1.46,0.08,16.46,13.25,2,0
2026-06-12 20:06:48.914,1.46,0.08,16.46,13.25,2,0
2026-06-12 20:06:48.964,1.46,0.08,16.46,13.25,2,0
2026-06-12 20:06:49.015,1.46,0.08,16.46,13.25,2,0
2026-06-12 20:06:49.065,1.46,0.08,16.46,13.25,2,0
2026-06-12 20:06:49.116,1.46,0.08,16.46,13.25,2,0
2026-06-12 20:06:49.166,1.46,0.08,16.46,13.25,2,0
2026-06-12 20:06:49.216,1.46,0.08,16.46,13.25,2,0
2026-06-12 20:06:49.267,1.55,0.07,16.46,13.25,2,0
2026-06-12 20:06:49.317,1.55,0.07,16.07,14.10,2,0
2026-06-12 20:06:49.368,1.55,0.07,16.07,14.10,2,0
2026-06-12 20:06:49.418,1.55,0.07,16.07,14.10,2,0
2026-06-12 20:06:49.469,1.55,0.07,16.07,14.10,2,0
2026-06-12 20:06:49.519,1.66,0.08,16.07,14.10,2,0
2026-06-12 20:06:49.569,1.66,0.08,17.21,15.03,2,0
2026-06-12 20:06:49.619,1.66,0.08,17.21,15.03,2,0
2026-06-12 20:06:49.670,1.66,0.08,17.21,15.03,2,0
2026-06-12 20:06:49.720,1.66,0.08,17.21,15.03,2,0
2026-06-12 20:06:49.771,1.80,0.09,17.21,15.03,2,0
2026-06-12 20:06:49.821,1.80,0.09,19.40,16.34,2,0
2026-06-12 20:06:49.871,1.80,0.09,19.40,16.34,2,0
2026-06-12 20:06:49.922,1.80,0.09,19.40,16.34,2,0
2026-06-12 20:06:49.973,2.12,0.15,19.40,16.34,2,0
2026-06-12 20:06:50.023,2.12,0.15,26.03,19.25,2,0
2026-06-12 20:06:50.073,2.12,0.15,26.03,19.25,2,0
2026-06-12 20:06:50.124,2.62,0.24,26.03,19.25,2,0
2026-06-12 20:06:50.174,2.62,0.24,34.46,23.81,2,0
2026-06-12 20:06:50.224,2.62,0.24,34.46,23.81,2,0
2026-06-12 20:06:50.275,2.62,0.24,34.46,23.81,2,0
2026-06-12 20:06:50.325,3.09,0.30,34.46,23.81,2,0
2026-06-12 20:06:50.376,3.09,0.30,37.96,28.06,2,0
2026-06-12 20:06:50.427,3.09,0.30,37.96,28.06,2,0
2026-06-12 20:06:50.476,3.49,0.37,37.96,28.06,2,0
2026-06-12 20:06:50.527,3.49,0.37,40.18,31.69,2,0
2026-06-12 20:06:50.577,3.49,0.37,40.18,31.69,2,0
2026-06-12 20:06:50.628,3.86,0.41,40.18,31.69,2,0
2026-06-12 20:06:50.679,3.86,0.41,42.79,35.02,2,0
2026-06-12 20:06:50.729,3.86,0.41,42.79,35.02,2,0
2026-06-12 20:06:50.779,4.21,0.45,42.79,35.02,2,0
2026-06-12 20:06:50.829,4.21,0.45,45.63,38.21,2,0
2026-06-12 20:06:50.880,4.21,0.45,45.63,38.21,2,0
2026-06-12 20:06:50.930,4.56,0.48,45.63,38.21,2,0
2026-06-12 20:06:50.980,4.56,0.48,48.79,41.38,2,0
2026-06-12 20:06:51.031,4.56,0.48,48.79,41.38,2,0
2026-06-12 20:06:51.081,4.87,0.49,48.79,41.38,2,0
2026-06-12 20:06:51.132,4.87,0.49,51.00,44.27,2,0
2026-06-12 20:06:51.182,4.87,0.49,51.00,44.27,2,0
2026-06-12 20:06:51.232,5.14,0.51,51.00,44.27,2,0
2026-06-12 20:06:51.283,5.14,0.51,52.29,46.67,2,0
2026-06-12 20:06:51.333,5.14,0.51,52.29,46.67,2,0
2026-06-12 20:06:51.384,5.35,0.49,52.29,46.67,2,0
2026-06-12 20:06:51.434,5.35,0.49,53.09,48.60,2,0
2026-06-12 20:06:51.485,5.51,0.47,53.09,48.60,2,0
2026-06-12 20:06:51.535,5.51,0.47,53.48,50.06,2,0
2026-06-12 20:06:51.585,5.51,0.47,53.48,50.06,2,0
2026-06-12 20:06:51.636,5.66,0.45,53.48,50.06,2,0
2026-06-12 20:06:51.691,5.66,0.45,54.62,51.43,2,0
2026-06-12 20:06:51.737,5.83,0.43,54.62,51.43,2,0
2026-06-12 20:06:51.800,5.83,0.43,56.34,52.90,2,0
2026-06-12 20:06:51.837,5.83,0.43,56.34,52.90,2,0
2026-06-12 20:06:51.888,5.99,0.42,56.34,52.90,2,0
2026-06-12 20:06:51.938,5.99,0.42,57.88,54.40,2,0
2026-06-12 20:06:51.989,6.16,0.42,57.88,54.40,2,0
2026-06-12 20:06:52.039,6.16,0.42,59.45,55.91,2,0
2026-06-12 20:06:52.089,6.16,0.42,59.45,55.91,2,0
2026-06-12 20:06:52.140,6.28,0.40,59.45,55.91,2,0
2026-06-12 20:06:52.190,6.28,0.40,59.76,57.07,2,0
2026-06-12 20:06:52.241,6.36,0.36,59.76,57.07,2,0
2026-06-12 20:06:52.291,6.36,0.36,59.22,57.71,2,0
2026-06-12 20:06:52.341,6.36,0.36,59.22,57.71,2,0
2026-06-12 20:06:52.392,6.42,0.33,59.22,57.71,2,0
2026-06-12 20:06:52.442,6.42,0.33,59.62,58.29,2,0
2026-06-12 20:06:52.493,6.46,0.29,59.62,58.29,2,0
2026-06-12 20:06:52.543,6.46,0.29,59.41,58.62,2,0
2026-06-12 20:06:52.599,6.46,0.29,59.41,58.62,2,0
2026-06-12 20:06:52.644,6.50,0.26,59.41,58.62,2,0
2026-06-12 20:06:52.694,6.50,0.26,60.02,59.04,2,0
2026-06-12 20:06:52.745,6.56,0.24,60.02,59.04,2,0
2026-06-12 20:06:52.795,6.56,0.24,60.84,59.58,2,0
2026-06-12 20:06:52.845,6.56,0.24,60.84,59.58,2,0
2026-06-12 20:06:52.896,6.59,0.22,60.84,59.58,2,0
2026-06-12 20:06:52.946,6.59,0.22,60.47,59.85,2,0
2026-06-12 20:06:52.997,6.60,0.19,60.47,59.85,2,0
2026-06-12 20:06:53.047,6.60,0.19,60.14,59.93,2,0
2026-06-12 20:06:53.097,6.60,0.19,60.14,59.93,2,0
2026-06-12 20:06:53.148,6.57,0.15,60.14,59.93,2,0
2026-06-12 20:06:53.198,6.57,0.15,59.04,59.67,2,0
2026-06-12 20:06:53.249,6.57,0.15,59.04,59.67,2,0
2026-06-12 20:06:53.299,6.48,0.10,59.04,59.67,2,0
2026-06-12 20:06:53.349,6.48,0.10,56.79,58.80,2,0
2026-06-12 20:06:53.400,6.48,0.10,56.79,58.80,2,0
2026-06-12 20:06:53.450,6.34,0.05,56.79,58.80,2,0
2026-06-12 20:06:53.501,6.34,0.05,54.66,57.56,2,0
2026-06-12 20:06:53.551,6.34,0.05,54.66,57.56,2,0
2026-06-12 20:06:53.601,6.17,-0.01,54.66,57.56,2,0
2026-06-12 20:06:53.652,6.17,-0.01,52.44,56.03,2,0
2026-06-12 20:06:53.702,6.17,-0.01,52.44,56.03,2,0
2026-06-12 20:06:53.753,5.98,-0.06,52.44,56.03,2,0
2026-06-12 20:06:53.803,5.98,-0.06,50.16,54.26,2,0
2026-06-12 20:06:53.854,5.98,-0.06,50.16,54.26,2,0
2026-06-12 20:06:53.908,5.79,-0.10,50.16,54.26,2,0
2026-06-12 20:06:53.954,5.79,-0.10,48.63,52.58,2,0
2026-06-12 20:06:54.007,5.79,-0.10,48.63,52.58,2,0
2026-06-12 20:06:54.055,5.58,-0.13,48.63,52.58,2,0
2026-06-12 20:06:54.106,5.58,-0.13,46.35,50.71,2,0
2026-06-12 20:06:54.156,5.58,-0.13,46.35,50.71,2,0
2026-06-12 20:06:54.206,5.58,-0.13,46.35,50.71,2,0
2026-06-12 20:06:54.257,5.38,-0.16,46.35,50.71,2,0
2026-06-12 20:06:54.307,5.38,-0.16,44.39,48.81,2,0
2026-06-12 20:06:54.358,5.38,-0.16,44.39,48.81,2,0
2026-06-12 20:06:54.408,5.38,-0.16,44.39,48.81,2,0
2026-06-12 20:06:54.464,5.18,-0.18,44.39,48.81,2,0
2026-06-12 20:06:54.512,5.18,-0.18,42.90,47.04,2,0
2026-06-12 20:06:54.559,5.18,-0.18,42.90,47.04,2,0
2026-06-12 20:06:54.610,5.02,-0.20,42.90,47.04,2,0
2026-06-12 20:06:54.660,5.02,-0.20,42.34,45.63,2,0
2026-06-12 20:06:54.711,5.02,-0.20,42.34,45.63,2,0
2026-06-12 20:06:54.761,4.95,-0.18,42.34,45.63,2,0
2026-06-12 20:06:54.811,4.95,-0.18,43.44,44.97,2,0
2026-06-12 20:06:54.871,4.95,-0.18,43.44,44.97,2,0
2026-06-12 20:06:54.912,4.95,-0.16,43.44,44.97,2,0
2026-06-12 20:06:54.963,4.95,-0.16,45.02,44.99,2,0
2026-06-12 20:06:55.016,4.95,-0.16,45.02,44.99,2,0
2026-06-12 20:06:55.064,5.04,-0.11,45.02,44.99,2,0
2026-06-12 20:06:55.114,5.04,-0.11,47.59,45.77,2,0
2026-06-12 20:06:55.165,5.04,-0.11,47.59,45.77,2,0
2026-06-12 20:06:55.215,5.16,-0.06,47.59,45.77,2,0
2026-06-12 20:06:55.265,5.16,-0.06,49.39,46.86,2,0
2026-06-12 20:06:55.316,5.16,-0.06,49.39,46.86,2,0
2026-06-12 20:06:55.367,5.28,-0.01,49.39,46.86,2,0
2026-06-12 20:06:55.417,5.66,0.20,50.54,47.96,2,0
2026-06-12 20:06:55.467,5.66,0.20,59.34,51.38,2,0
2026-06-12 20:06:55.517,6.22,0.47,59.34,51.38,2,0
2026-06-12 20:06:55.568,6.22,0.47,68.29,56.45,2,0
2026-06-12 20:06:55.619,6.22,0.47,68.29,56.45,2,0
2026-06-12 20:06:55.669,6.59,0.51,68.29,56.45,2,0
2026-06-12 20:06:55.719,6.59,0.51,67.74,59.84,2,0
2026-06-12 20:06:55.769,6.59,0.51,67.74,59.84,2,0
2026-06-12 20:06:55.820,6.80,0.49,67.74,59.84,2,0
2026-06-12 20:06:55.870,6.80,0.49,66.26,61.76,2,0
2026-06-12 20:06:55.921,6.80,0.49,66.26,61.76,2,0
2026-06-12 20:06:55.971,6.57,0.36,66.26,61.76,2,0
2026-06-12 20:06:56.022,6.57,0.36,54.70,59.64,2,0
2026-06-12 20:06:56.072,6.57,0.36,54.70,59.64,2,0
2026-06-12 20:06:56.122,6.57,0.36,54.70,59.64,2,0
2026-06-12 20:06:56.173,6.15,0.21,54.70,59.64,2,0
2026-06-12 20:06:56.223,6.15,0.21,46.89,55.82,2,0
2026-06-12 20:06:56.273,6.15,0.21,46.89,55.82,2,0
2026-06-12 20:06:56.324,5.83,0.09,46.89,55.82,2,0
2026-06-12 20:06:56.375,5.83,0.09,46.11,52.91,2,0
2026-06-12 20:06:56.425,5.83,0.09,46.11,52.91,2,0
2026-06-12 20:06:56.475,5.57,0.01,46.11,52.91,2,0
2026-06-12 20:06:56.525,5.57,0.01,45.17,50.58,2,0
2026-06-12 20:06:56.576,5.57,0.01,45.17,50.58,2,0
2026-06-12 20:06:56.626,5.57,0.01,45.17,50.58,2,0
2026-06-12 20:06:56.677,5.36,-0.04,45.17,50.58,2,0
2026-06-12 20:06:56.728,5.36,-0.04,44.14,48.65,2,0
2026-06-12 20:06:56.777,5.36,-0.04,44.14,48.65,2,0
2026-06-12 20:06:56.835,5.18,-0.07,44.14,48.65,2,0
2026-06-12 20:06:56.879,5.18,-0.07,43.28,47.04,2,0
2026-06-12 20:06:56.929,5.18,-0.07,43.28,47.04,2,0
2026-06-12 20:06:56.979,5.18,-0.07,43.28,47.04,2,0
2026-06-12 20:06:57.030,4.99,-0.10,43.28,47.04,2,0
2026-06-12 20:06:57.080,4.99,-0.10,41.28,45.31,2,0
2026-06-12 20:06:57.130,4.99,-0.10,41.28,45.31,2,0
2026-06-12 20:06:57.181,4.99,-0.10,41.28,45.31,2,0
2026-06-12 20:06:57.231,4.80,-0.13,41.28,45.31,2,0
2026-06-12 20:06:57.284,4.80,-0.13,39.53,43.58,2,0
2026-06-12 20:06:57.332,4.80,-0.13,39.53,43.58,2,0
2026-06-12 20:06:57.383,4.80,-0.13,39.53,43.58,2,0
2026-06-12 20:06:57.433,4.61,-0.15,39.53,43.58,2,0
2026-06-12 20:06:57.483,4.61,-0.15,37.95,41.89,2,0
2026-06-12 20:06:57.536,4.61,-0.15,37.95,41.89,2,0
2026-06-12 20:06:57.585,4.61,-0.15,37.95,41.89,2,0
2026-06-12 20:06:57.635,4.61,-0.15,37.95,41.89,2,0
2026-06-12 20:06:57.688,4.42,-0.16,37.95,41.89,2,0
2026-06-12 20:06:57.736,4.42,-0.16,36.12,40.16,2,0
2026-06-12 20:06:57.786,4.42,-0.16,36.12,40.16,2,0
2026-06-12 20:06:57.836,4.42,-0.16,36.12,40.16,2,0
2026-06-12 20:06:57.887,4.42,-0.16,36.12,40.16,2,0
2026-06-12 20:06:57.937,4.22,-0.17,36.12,40.16,2,0
2026-06-12 20:06:57.988,4.22,-0.17,34.13,38.35,2,0
2026-06-12 20:06:58.038,4.22,-0.17,34.13,38.35,2,0
2026-06-12 20:06:58.088,4.22,-0.17,34.13,38.35,2,0
2026-06-12 20:06:58.139,4.22,-0.17,34.13,38.35,2,0
2026-06-12 20:06:58.189,3.99,-0.18,34.13,38.35,2,0
2026-06-12 20:06:58.241,3.99,-0.18,31.40,36.26,2,0
2026-06-12 20:06:58.290,3.99,-0.18,31.40,36.26,2,0
2026-06-12 20:06:58.340,3.99,-0.18,31.40,36.26,2,0
2026-06-12 20:06:58.391,3.99,-0.18,31.40,36.26,2,0
2026-06-12 20:06:58.441,3.99,-0.18,31.40,36.26,2,0
2026-06-12 20:06:58.492,3.99,-0.18,31.40,36.26,2,0
2026-06-12 20:06:58.542,3.99,-0.18,31.40,36.26,2,0
2026-06-12 20:06:58.593,3.66,-0.19,31.40,36.26,2,0
2026-06-12 20:06:58.643,3.66,-0.19,26.28,33.27,2,0
2026-06-12 20:06:58.693,3.66,-0.19,26.28,33.27,2,0
2026-06-12 20:06:58.744,3.66,-0.19,26.28,33.27,2,0
2026-06-12 20:06:58.794,3.66,-0.19,26.28,33.27,2,0
2026-06-12 20:06:58.845,3.66,-0.19,26.28,33.27,2,0
2026-06-12 20:06:58.895,3.66,-0.19,26.28,33.27,2,0
2026-06-12 20:06:58.946,3.66,-0.19,26.28,33.27,2,0
2026-06-12 20:06:58.996,3.66,-0.19,26.28,33.27,1,0
2026-06-12 20:06:59.047,3.66,-0.19,26.28,33.27,1,0
2026-06-12 20:06:59.097,3.66,-0.19,26.28,33.27,1,0
2026-06-12 20:06:59.147,3.66,-0.19,26.28,33.27,1,0
2026-06-12 20:06:59.198,3.66,-0.19,26.28,33.27,1,0
2026-06-12 20:06:59.249,3.66,-0.19,26.28,33.27,1,0
2026-06-12 20:06:59.299,3.66,-0.19,26.28,33.27,1,0
2026-06-12 20:06:59.350,3.66,-0.19,26.28,33.27,1,0
2026-06-12 20:06:59.399,3.66,-0.19,26.28,33.27,1,0
2026-06-12 20:06:59.450,3.66,-0.19,26.28,33.27,1,0
2026-06-12 20:06:59.500,3.66,-0.19,26.28,33.27,1,0
2026-06-12 20:06:59.551,3.66,-0.19,26.28,33.27,1,0
2026-06-12 20:06:59.601,3.66,-0.19,26.28,33.27,1,0
2026-06-12 20:06:59.652,3.66,-0.19,26.28,33.27,1,0
2026-06-12 20:06:59.702,3.66,-0.19,26.28,33.27,1,0
2026-06-12 20:06:59.752,3.66,-0.19,26.28,33.27,1,0
2026-06-12 20:06:59.803,3.66,-0.19,26.28,33.27,1,0
2026-06-12 20:06:59.853,3.66,-0.19,26.28,33.27,1,0
2026-06-12 20:06:59.904,3.66,-0.19,26.28,33.27,1,0
2026-06-12 20:06:59.954,3.66,-0.19,26.28,33.27,1,0
2026-06-12 20:07:00.005,3.66,-0.19,26.28,33.27,1,0
2026-06-12 20:07:00.055,3.66,-0.19,26.28,33.27,1,0
2026-06-12 20:07:00.105,3.66,-0.19,26.28,33.27,1,0
2026-06-12 20:07:00.156,3.66,-0.19,26.28,33.27,1,0
2026-06-12 20:07:00.206,3.66,-0.19,26.28,33.27,1,0
2026-06-12 20:07:00.257,3.66,-0.19,26.28,33.27,1,0
2026-06-12 20:07:00.307,3.66,-0.19,26.28,33.27,1,0
2026-06-12 20:07:00.357,3.66,-0.19,26.28,33.27,1,0
2026-06-12 20:07:00.408,3.66,-0.19,26.28,33.27,1,0
2026-06-12 20:07:00.459,3.66,-0.19,26.28,33.27,1,0
2026-06-12 20:07:00.509,3.66,-0.19,26.28,33.27,1,0
2026-06-12 20:07:00.559,3.66,-0.19,26.28,33.27,1,0
2026-06-12 20:07:00.610,0.00,0.00,26.28,33.27,1,0
2026-06-12 20:07:00.660,0.00,0.00,0.00,0.00,1,0
2026-06-12 20:07:00.710,0.00,0.00,0.00,0.00,1,0
2026-06-12 20:07:00.761,0.00,0.00,0.00,0.00,1,0
2026-06-12 20:07:00.811,0.00,0.00,0.00,0.00,1,0
2026-06-12 20:07:00.862,0.00,0.00,0.00,0.00,1,0
2026-06-12 20:07:00.916,0.00,0.00,0.00,0.00,1,0
2026-06-12 20:07:00.962,0.00,0.00,0.00,0.00,1,0
2026-06-12 20:07:01.013,0.00,0.00,0.00,0.00,1,0
2026-06-12 20:07:01.063,0.00,0.00,0.00,0.00,1,0
2026-06-12 20:07:01.113,0.00,0.00,0.00,0.00,1,0
2026-06-12 20:07:01.164,0.00,0.00,0.00,0.00,1,0
2026-06-12 20:07:01.215,0.00,0.00,0.00,0.00,1,0
2026-06-12 20:07:01.265,0.00,0.00,0.00,0.00,1,0
2026-06-12 20:07:01.315,0.00,0.00,0.00,0.00,1,0
2026-06-12 20:07:01.365,0.00,0.00,0.00,0.00,1,0
2026-06-12 20:07:01.416,0.00,0.00,0.00,0.00,1,0
2026-06-12 20:07:01.466,0.00,0.00,0.00,0.00,1,0
2026-06-12 20:07:01.517,0.00,0.00,0.00,0.00,1,0
2026-06-12 20:07:01.567,0.00,0.00,0.00,0.00,1,0
2026-06-12 20:07:01.617,0.00,0.00,0.00,0.00,1,0
2026-06-12 20:07:01.672,0.00,0.00,0.00,0.00,1,0
2026-06-12 20:07:01.719,0.00,0.00,0.00,0.00,1,0
2026-06-12 20:07:01.769,0.00,0.00,0.00,0.00,1,0
2026-06-12 20:07:01.819,0.00,0.00,0.00,0.00,1,0
2026-06-12 20:07:01.869,0.00,0.00,0.00,0.00,1,0
2026-06-12 20:07:01.920,0.00,0.00,0.00,0.00,1,0
2026-06-12 20:07:01.970,0.00,0.00,0.00,0.00,1,0
2026-06-12 20:07:02.021,0.00,0.00,0.00,0.00,0,0
2026-06-12 20:07:02.072,0.00,0.00,0.00,0.00,0,0
2026-06-12 20:07:02.121,0.00,0.00,0.00,0.00,0,0
2026-06-12 20:07:02.172,0.00,0.00,0.00,0.00,0,0
2026-06-12 20:07:02.222,0.00,0.00,0.00,0.00,0,0
2026-06-12 20:07:02.273,0.00,0.00,0.00,0.00,0,0
2026-06-12 20:07:02.323,0.00,0.00,0.00,0.00,0,0
2026-06-12 20:07:02.374,0.00,0.00,0.00,0.00,0,0
2026-06-12 20:07:02.424,0.00,0.00,0.00,0.00,0,0
2026-06-12 20:07:02.475,0.00,0.00,0.00,0.00,0,0
2026-06-12 20:07:02.525,0.00,0.00,0.00,0.00,0,0
2026-06-12 20:07:02.575,0.00,0.00,0.00,0.00,0,0
2026-06-12 20:07:02.626,0.00,0.00,0.00,0.00,0,0
2026-06-12 20:07:02.677,0.00,0.00,0.00,0.00,0,0
2026-06-12 20:07:02.726,0.00,0.00,0.00,0.00,0,0
2026-06-12 20:07:02.777,0.00,0.00,0.00,0.00,0,0
2026-06-12 20:07:02.827,0.00,0.00,0.00,0.00,0,0
2026-06-12 20:07:02.878,0.00,0.00,0.00,0.00,0,0
2026-06-12 20:07:02.928,0.00,0.00,0.00,0.00,0,0
2026-06-12 20:07:02.979,0.00,0.00,0.00,0.00,0,0
2026-06-12 20:07:03.029,0.00,0.00,0.00,0.00,0,0
2026-06-12 20:07:03.079,0.00,0.00,0.00,0.00,0,0
2026-06-12 20:07:03.129,0.00,0.00,0.00,0.00,0,0
2026-06-12 20:07:03.180,0.00,0.00,0.00,0.00,0,0
2026-06-12 20:07:03.230,0.00,0.00,0.00,0.00,0,0
2026-06-12 20:07:03.281,0.00,0.00,0.00,0.00,0,0
2026-06-12 20:07:03.331,0.00,0.00,0.00,0.00,0,0
2026-06-12 20:07:03.381,0.00,0.00,0.00,0.00,0,0
2026-06-12 20:07:03.432,0.00,0.00,0.00,0.00,0,0
2026-06-12 20:07:03.482,0.00,0.00,0.00,0.00,0,0
2026-06-12 20:07:03.533,0.00,0.00,0.00,0.00,0,0
2026-06-12 20:07:03.583,0.00,0.00,0.00,0.00,0,0
2026-06-12 20:07:03.633,0.00,0.00,0.00,0.00,0,0
2026-06-12 20:07:03.684,0.00,0.00,0.00,0.00,0,0
2026-06-12 20:07:03.736,0.00,0.00,0.00,0.00,0,0
2026-06-12 20:07:03.785,0.00,0.00,0.00,0.00,0,0
2026-06-12 20:07:03.835,0.00,0.00,0.00,0.00,0,0
2026-06-12 20:07:03.885,0.00,0.00,0.00,0.00,0,0
2026-06-12 20:07:03.936,0.00,0.00,0.00,0.00,0,0
2026-06-12 20:07:03.987,0.00,0.00,0.00,0.00,0,0
2026-06-12 20:07:04.037,0.00,0.00,0.00,0.00,2,0
2026-06-12 20:07:04.087,0.00,0.00,0.00,0.00,2,0
2026-06-12 20:07:04.137,0.00,0.00,0.00,0.00,2,0
2026-06-12 20:07:04.188,0.00,0.00,0.00,0.00,2,0
2026-06-12 20:07:04.239,0.00,0.00,0.00,0.00,2,0
2026-06-12 20:07:04.289,0.00,0.00,0.00,0.00,2,0
2026-06-12 20:07:04.339,0.00,0.00,0.00,0.00,2,0
2026-06-12 20:07:04.389,0.00,0.00,0.00,0.00,2,0
2026-06-12 20:07:04.442,0.00,0.00,0.00,0.00,2,0
2026-06-12 20:07:04.490,0.00,0.00,0.00,0.00,2,0
2026-06-12 20:07:04.544,0.00,0.00,0.00,0.00,2,0
2026-06-12 20:07:04.591,0.00,0.00,0.00,0.00,2,0
2026-06-12 20:07:04.641,0.00,0.00,0.00,0.00,2,0
2026-06-12 20:07:04.692,0.00,0.00,0.00,0.00,2,0
2026-06-12 20:07:04.746,0.00,0.00,0.00,0.00,2,0
2026-06-12 20:07:04.793,0.00,0.00,0.00,0.00,2,0
2026-06-12 20:07:04.843,0.00,0.00,0.00,0.00,2,0
2026-06-12 20:07:04.893,0.00,0.00,0.00,0.00,2,0
2026-06-12 20:07:04.944,0.00,0.00,0.00,0.00,2,0
2026-06-12 20:07:04.994,0.00,0.00,0.00,0.00,2,0
2026-06-12 20:07:05.045,0.00,0.00,0.00,0.00,2,0
2026-06-12 20:07:05.095,0.00,0.00,0.00,0.00,2,0
2026-06-12 20:07:05.145,0.00,0.00,0.00,0.00,2,0
2026-06-12 20:07:05.196,0.00,0.00,0.00,0.00,2,0
2026-06-12 20:07:05.246,0.00,0.00,0.00,0.00,2,0
2026-06-12 20:07:05.297,0.00,0.00,0.00,0.00,2,0
2026-06-12 20:07:05.347,0.00,0.00,0.00,0.00,2,0
2026-06-12 20:07:05.397,0.00,0.00,0.00,0.00,2,0
2026-06-12 20:07:05.449,0.00,0.00,0.00,0.00,2,0
2026-06-12 20:07:05.499,0.00,0.00,0.00,0.00,2,0
2026-06-12 20:07:05.549,0.00,0.00,0.00,0.00,2,0
2026-06-12 20:07:05.599,0.00,0.00,0.00,0.00,2,0
2026-06-12 20:07:05.649,0.12,0.00,0.00,0.00,2,0
2026-06-12 20:07:05.700,0.12,0.00,3.76,1.13,2,0
2026-06-12 20:07:05.750,0.12,0.00,3.76,1.13,2,0
2026-06-12 20:07:05.801,0.12,0.00,3.76,1.13,2,0
2026-06-12 20:07:05.851,0.12,0.00,3.76,1.13,2,0
2026-06-12 20:07:05.901,0.12,0.00,3.76,1.13,2,0
2026-06-12 20:07:05.952,0.12,0.00,3.76,1.13,2,0
2026-06-12 20:07:06.002,0.12,0.00,3.76,1.13,2,0
2026-06-12 20:07:06.053,0.12,0.00,3.76,1.13,2,0
2026-06-12 20:07:06.103,0.12,0.00,3.76,1.13,2,0
2026-06-12 20:07:06.153,0.12,0.00,3.76,1.13,2,0
2026-06-12 20:07:06.204,0.12,0.00,3.76,1.13,2,0
2026-06-12 20:07:06.254,0.12,0.00,3.76,1.13,2,0
2026-06-12 20:07:06.305,0.12,0.00,3.76,1.13,2,0
2026-06-12 20:07:06.355,0.12,0.00,3.76,1.13,2,0
2026-06-12 20:07:06.405,0.12,0.00,3.76,1.13,2,0
2026-06-12 20:07:06.456,0.12,0.00,3.76,1.13,2,0
2026-06-12 20:07:06.506,0.12,0.00,3.76,1.13,2,0
2026-06-12 20:07:06.557,0.12,0.00,3.76,1.13,2,0
2026-06-12 20:07:06.607,0.12,0.00,3.76,1.13,2,0
2026-06-12 20:07:06.657,0.12,0.00,3.76,1.13,2,0
2026-06-12 20:07:06.708,0.12,0.00,3.76,1.13,2,0
2026-06-12 20:07:06.759,0.12,0.00,3.76,1.13,2,0
2026-06-12 20:07:06.812,0.12,0.00,3.76,1.13,2,0
2026-06-12 20:07:06.859,0.12,0.00,3.76,1.13,2,0
2026-06-12 20:07:06.909,0.12,0.00,3.76,1.13,2,0
2026-06-12 20:07:06.960,0.12,0.00,3.76,1.13,2,0
2026-06-12 20:07:07.010,0.12,0.00,3.76,1.13,2,0
2026-06-12 20:07:07.061,0.12,0.00,3.76,1.13,2,0
2026-06-12 20:07:07.111,0.12,0.00,3.76,1.13,2,0
2026-06-12 20:07:07.162,0.12,0.00,3.76,1.13,2,0
2026-06-12 20:07:07.212,0.12,0.00,3.76,1.13,2,0
2026-06-12 20:07:07.266,0.12,0.00,3.76,1.13,2,0
2026-06-12 20:07:07.316,0.12,0.00,3.76,1.13,2,0
2026-06-12 20:07:07.363,0.12,0.00,3.76,1.13,2,0
2026-06-12 20:07:07.420,0.12,0.00,3.76,1.13,2,0
2026-06-12 20:07:07.464,0.12,0.00,3.76,1.13,2,0
2026-06-12 20:07:07.514,0.12,0.00,3.76,1.13,2,0
2026-06-12 20:07:07.565,0.12,0.00,3.76,1.13,2,0
2026-06-12 20:07:07.615,0.12,0.00,3.76,1.13,2,0
2026-06-12 20:07:07.665,0.00,0.00,3.76,1.13,2,0
2026-06-12 20:07:07.716,0.00,0.00,0.00,0.00,2,0
2026-06-12 20:07:07.766,0.00,0.00,0.00,0.00,2,0
2026-06-12 20:07:07.817,0.00,0.00,0.00,0.00,2,0
2026-06-12 20:07:07.868,0.00,0.00,0.00,0.00,2,0
2026-06-12 20:07:07.919,0.00,0.00,0.00,0.00,2,0
2026-06-12 20:07:07.970,0.00,0.00,0.00,0.00,2,0
2026-06-12 20:07:08.019,0.00,0.00,0.00,0.00,2,0
2026-06-12 20:07:08.069,0.00,0.00,0.00,0.00,2,0
2026-06-12 20:07:08.119,0.00,0.00,0.00,0.00,2,0
2026-06-12 20:07:08.169,0.00,0.00,0.00,0.00,2,0
2026-06-12 20:07:08.220,0.00,0.00,0.00,0.00,2,0
2026-06-12 20:07:08.272,0.00,0.00,0.00,0.00,2,0
2026-06-12 20:07:08.322,0.00,0.00,0.00,0.00,2,0
2026-06-12 20:07:08.371,0.00,0.00,0.00,0.00,2,0
2026-06-12 20:07:08.421,0.00,0.00,0.00,0.00,2,0
2026-06-12 20:07:08.472,0.00,0.00,0.00,0.00,2,0
2026-06-12 20:07:08.522,0.00,0.00,0.00,0.00,2,0
2026-06-12 20:07:08.572,0.00,0.00,0.00,0.00,2,0
2026-06-12 20:07:08.623,0.00,0.00,0.00,0.00,2,0
2026-06-12 20:07:08.673,0.00,0.00,0.00,0.00,2,0
2026-06-12 20:07:08.724,0.00,0.00,0.00,0.00,2,0
2026-06-12 20:07:08.774,0.00,0.00,0.00,0.00,2,0
2026-06-12 20:07:08.825,0.00,0.00,0.00,0.00,2,0
2026-06-12 20:07:08.875,0.00,0.00,0.00,0.00,2,0
2026-06-12 20:07:08.925,0.00,0.00,0.00,0.00,2,0
2026-06-12 20:07:08.977,0.00,0.00,0.00,0.00,2,0
2026-06-12 20:07:09.026,0.00,0.00,0.00,0.00,2,0
2026-06-12 20:07:09.076,0.00,0.00,0.00,0.00,2,0
2026-06-12 20:07:09.127,0.00,0.00,0.00,0.00,2,0
2026-06-12 20:07:09.177,0.00,0.00,0.00,0.00,2,0
2026-06-12 20:07:09.228,0.00,0.00,0.00,0.00,2,0
2026-06-12 20:07:09.279,0.00,0.00,0.00,0.00,2,0
2026-06-12 20:07:09.329,0.00,0.00,0.00,0.00,2,0
2026-06-12 20:07:09.379,0.00,0.00,0.00,0.00,2,0
2026-06-12 20:07:09.429,0.00,0.00,0.00,0.00,2,0
2026-06-12 20:07:09.480,0.00,0.00,0.00,0.00,2,0
2026-06-12 20:07:09.530,0.00,0.00,0.00,0.00,2,0
2026-06-12 20:07:09.580,0.00,0.00,0.00,0.00,2,0
2026-06-12 20:07:09.631,0.00,0.00,0.00,0.00,2,0
2026-06-12 20:07:09.681,0.00,0.00,0.00,0.00,2,0
2026-06-12 20:07:09.732,0.00,0.00,0.00,0.00,2,0
2026-06-12 20:07:09.782,0.00,0.00,0.00,0.00,2,0
2026-06-12 20:07:09.832,0.00,0.00,0.00,0.00,2,0
2026-06-12 20:07:09.883,0.00,0.00,0.00,0.00,2,0
2026-06-12 20:07:09.933,0.00,0.00,0.00,0.00,2,0
2026-06-12 20:07:09.984,0.00,0.00,0.00,0.00,2,0
2026-06-12 20:07:10.034,0.00,0.00,0.00,0.00,2,0
2026-06-12 20:07:10.085,0.00,0.00,0.00,0.00,2,0
2026-06-12 20:07:10.135,0.00,0.00,0.00,0.00,2,0
2026-06-12 20:07:10.192,0.00,0.00,0.00,0.00,2,0
2026-06-12 20:07:10.236,0.00,0.00,0.00,0.00,2,0
2026-06-12 20:07:10.286,0.00,0.00,0.00,0.00,2,0
2026-06-12 20:07:10.337,0.00,0.00,0.00,0.00,2,0
2026-06-12 20:07:10.392,0.00,0.00,0.00,0.00,2,0
2026-06-12 20:07:10.440,0.00,0.00,0.00,0.00,2,0
2026-06-12 20:07:10.488,0.00,0.00,0.00,0.00,2,0
2026-06-12 20:07:10.538,0.00,0.00,0.00,0.00,2,0
2026-06-12 20:07:10.588,0.00,0.00,0.00,0.00,2,0
2026-06-12 20:07:10.639,0.00,0.00,0.00,0.00,2,0
2026-06-12 20:07:10.689,0.00,0.00,0.00,0.00,2,0
2026-06-12 20:07:10.740,0.00,0.00,0.00,0.00,2,0
2026-06-12 20:07:10.790,0.00,0.00,0.00,0.00,2,0
2026-06-12 20:07:10.842,0.00,0.00,0.00,0.00,2,0
2026-06-12 20:07:10.891,0.00,0.00,0.00,0.00,2,0
2026-06-12 20:07:10.941,0.00,0.00,0.00,0.00,2,0
2026-06-12 20:07:10.992,0.00,0.00,0.00,0.00,2,0
2026-06-12 20:07:11.042,0.00,0.00,0.00,0.00,2,0
2026-06-12 20:07:11.092,0.00,0.00,0.00,0.00,2,0
2026-06-12 20:07:11.143,0.00,0.00,0.00,0.00,2,0
2026-06-12 20:07:11.193,0.00,0.00,0.00,0.00,2,0
2026-06-12 20:07:11.245,0.00,0.00,0.00,0.00,2,0
2026-06-12 20:07:11.294,0.00,0.00,0.00,0.00,2,0
2026-06-12 20:07:11.345,0.00,0.00,0.00,0.00,2,0
2026-06-12 20:07:11.395,0.00,0.00,0.00,0.00,2,0
2026-06-12 20:07:11.445,0.00,0.00,0.00,0.00,2,0
2026-06-12 20:07:11.496,0.00,0.00,0.00,0.00,2,0
2026-06-12 20:07:11.546,0.00,0.00,0.00,0.00,2,0
2026-06-12 20:07:11.597,0.00,0.00,0.00,0.00,2,0
2026-06-12 20:07:11.647,0.00,0.00,0.00,0.00,2,0
2026-06-12 20:07:11.697,0.00,0.00,0.00,0.00,2,0
2026-06-12 20:07:11.748,0.00,0.00,0.00,0.00,2,0
2026-06-12 20:07:11.801,0.00,0.00,0.00,0.00,2,0
2026-06-12 20:07:11.849,0.00,0.00,0.00,0.00,2,0
2026-06-12 20:07:11.899,0.00,0.00,0.00,0.00,2,0
2026-06-12 20:07:11.949,0.00,0.00,0.00,0.00,2,0
2026-06-12 20:07:12.000,0.00,0.00,0.00,0.00,2,0
2026-06-12 20:07:12.050,0.00,0.00,0.00,0.00,2,0
2026-06-12 20:07:12.101,0.00,0.00,0.00,0.00,2,0
2026-06-12 20:07:12.151,0.00,0.00,0.00,0.00,2,0
2026-06-12 20:07:12.204,0.00,0.00,0.00,0.00,2,0
2026-06-12 20:07:12.252,0.00,0.00,0.00,0.00,2,0
2026-06-12 20:07:12.302,0.00,0.00,0.00,0.00,2,0
2026-06-12 20:07:12.352,0.00,0.00,0.00,0.00,2,0
2026-06-12 20:07:12.403,0.00,0.00,0.00,0.00,2,0
2026-06-12 20:07:12.453,0.00,0.00,0.00,0.00,2,0
2026-06-12 20:07:12.504,0.00,0.00,0.00,0.00,2,0
2026-06-12 20:07:12.554,0.00,0.00,0.00,0.00,2,0
2026-06-12 20:07:12.604,0.00,0.00,0.00,0.00,2,0
2026-06-12 20:07:12.655,0.00,0.00,0.00,0.00,2,0
2026-06-12 20:07:12.705,0.00,0.00,0.00,0.00,2,0
2026-06-12 20:07:12.756,0.00,0.00,0.00,0.00,2,0
2026-06-12 20:07:12.806,0.00,0.00,0.00,0.00,2,0
2026-06-12 20:07:12.858,0.00,0.00,0.00,0.00,2,0
2026-06-12 20:07:12.907,0.00,0.00,0.00,0.00,2,0
2026-06-12 20:07:12.957,0.00,0.00,0.00,0.00,2,0
2026-06-12 20:07:13.008,0.00,0.00,0.00,0.00,2,0
2026-06-12 20:07:13.058,0.00,0.00,0.00,0.00,2,0
2026-06-12 20:07:13.109,0.00,0.00,0.00,0.00,2,0
2026-06-12 20:07:13.159,0.00,0.00,0.00,0.00,2,0
2026-06-12 20:07:13.209,0.00,0.00,0.00,0.00,2,0
2026-06-12 20:07:13.260,0.00,0.00,0.00,0.00,2,0
2026-06-12 20:07:13.310,0.00,0.00,0.00,0.00,2,0
2026-06-12 20:07:13.360,0.00,0.00,0.00,0.00,2,0
2026-06-12 20:07:13.411,0.00,0.00,0.00,0.00,2,0
2026-06-12 20:07:13.461,0.00,0.00,0.00,0.00,2,0
2026-06-12 20:07:13.512,0.00,0.00,0.00,0.00,2,0
2026-06-12 20:07:13.562,0.00,0.00,0.00,0.00,2,0
2026-06-12 20:07:13.612,0.00,0.00,0.00,0.00,2,0
2026-06-12 20:07:13.663,0.00,0.00,0.00,0.00,2,0
2026-06-12 20:07:13.713,0.00,0.00,0.00,0.00,2,0
2026-06-12 20:07:13.764,0.00,0.00,0.00,0.00,2,0
2026-06-12 20:07:13.814,0.00,0.00,0.00,0.00,2,0
2026-06-12 20:07:13.864,0.00,0.00,0.00,0.00,2,0
2026-06-12 20:07:13.915,0.00,0.00,0.00,0.00,2,0
2026-06-12 20:07:13.965,0.00,0.00,0.00,0.00,2,0
2026-06-12 20:07:14.016,0.00,0.00,0.00,0.00,2,0
2026-06-12 20:07:14.066,0.00,0.00,0.00,0.00,2,0
2026-06-12 20:07:14.116,0.00,0.00,0.00,0.00,2,0
2026-06-12 20:07:14.167,0.00,0.00,0.00,0.00,2,0
2026-06-12 20:07:14.217,0.00,0.00,0.00,0.00,2,0
2026-06-12 20:07:14.268,0.00,0.00,0.00,0.00,2,0
2026-06-12 20:07:14.318,0.00,0.00,0.00,0.00,2,0
2026-06-12 20:07:14.373,0.00,0.00,0.00,0.00,2,0
2026-06-12 20:07:14.419,0.00,0.00,0.00,0.00,2,0
2026-06-12 20:07:14.469,0.00,0.00,0.00,0.00,2,0
2026-06-12 20:07:14.520,0.00,0.00,0.00,0.00,2,0
2026-06-12 20:07:14.570,0.00,0.00,0.00,0.00,2,0
2026-06-12 20:07:14.620,0.00,0.00,0.00,0.00,2,0
2026-06-12 20:07:14.671,0.00,0.00,0.00,0.00,2,0
2026-06-12 20:07:14.721,0.00,0.00,0.00,0.00,2,0
2026-06-12 20:07:14.772,0.00,0.00,0.00,0.00,2,0
2026-06-12 20:07:14.822,0.00,0.00,0.00,0.00,2,0
2026-06-12 20:07:14.872,0.00,0.00,0.00,0.00,2,0
2026-06-12 20:07:14.923,0.00,0.00,0.00,0.00,2,0
2026-06-12 20:07:14.973,0.00,0.00,0.00,0.00,2,0
2026-06-12 20:07:15.024,0.00,0.00,0.00,0.00,2,0
2026-06-12 20:07:15.074,0.00,0.00,0.00,0.00,2,0
2026-06-12 20:07:15.125,0.00,0.00,0.00,0.00,2,0
2026-06-12 20:07:15.175,0.00,0.00,0.00,0.00,2,0
2026-06-12 20:07:15.226,0.00,0.00,0.00,0.00,2,0
2026-06-12 20:07:15.276,0.00,0.00,0.00,0.00,2,0
2026-06-12 20:07:15.326,0.00,0.00,0.00,0.00,2,0
2026-06-12 20:07:15.376,0.00,0.00,0.00,0.00,2,0
2026-06-12 20:07:15.427,0.00,0.00,0.00,0.00,2,0
2026-06-12 20:07:15.477,0.00,0.00,0.00,0.00,2,0
2026-06-12 20:07:15.528,0.00,0.00,0.00,0.00,2,0
2026-06-12 20:07:15.578,0.00,0.00,0.00,0.00,2,0
2026-06-12 20:07:15.629,0.00,0.00,0.00,0.00,2,0
2026-06-12 20:07:15.679,0.00,0.00,0.00,0.00,2,0
2026-06-12 20:07:15.729,0.00,0.00,0.00,0.00,2,0
2026-06-12 20:07:15.779,0.00,0.00,0.00,0.00,2,0
2026-06-12 20:07:15.830,0.00,0.00,0.00,0.00,2,0
2026-06-12 20:07:15.880,0.00,0.00,0.00,0.00,2,0
2026-06-12 20:07:15.931,0.06,0.00,0.00,0.00,2,0
2026-06-12 20:07:15.983,0.06,0.00,1.67,0.50,2,0
2026-06-12 20:07:16.032,0.06,0.00,1.67,0.50,2,0
2026-06-12 20:07:16.082,0.06,0.00,1.67,0.50,2,0
2026-06-12 20:07:16.133,0.06,0.00,1.67,0.50,2,0
2026-06-12 20:07:16.183,0.06,0.00,1.67,0.50,2,0
2026-06-12 20:07:16.233,0.06,0.00,1.67,0.50,2,0
2026-06-12 20:07:16.284,0.06,0.00,1.67,0.50,2,0
2026-06-12 20:07:16.334,0.06,0.00,1.67,0.50,2,0
2026-06-12 20:07:16.384,0.06,0.00,1.67,0.50,2,0
2026-06-12 20:07:16.435,0.06,0.00,1.67,0.50,2,0
2026-06-12 20:07:16.485,0.09,0.00,1.67,0.50,2,0
2026-06-12 20:07:16.535,0.09,0.00,1.64,0.84,2,0
2026-06-12 20:07:16.586,0.09,0.00,1.64,0.84,2,0
2026-06-12 20:07:16.636,0.09,0.00,1.64,0.84,2,0
2026-06-12 20:07:16.687,0.09,0.00,1.64,0.84,2,0
2026-06-12 20:07:16.737,0.12,0.01,1.64,0.84,2,0
2026-06-12 20:07:16.788,0.12,0.01,1.65,1.09,2,0
2026-06-12 20:07:16.838,0.12,0.01,1.65,1.09,2,0
2026-06-12 20:07:16.889,0.17,0.02,1.65,1.09,2,0
2026-06-12 20:07:16.939,0.17,0.02,2.66,1.56,2,0
2026-06-12 20:07:16.989,0.17,0.02,2.66,1.56,2,0
2026-06-12 20:07:17.040,0.17,0.02,2.66,1.56,2,0
2026-06-12 20:07:17.090,0.99,0.21,2.66,1.56,2,0
2026-06-12 20:07:17.141,0.99,0.21,26.41,9.01,2,0
2026-06-12 20:07:17.191,2.05,0.53,26.41,9.01,2,0
2026-06-12 20:07:17.241,2.05,0.53,41.05,18.62,2,0
2026-06-12 20:07:17.292,2.05,0.53,41.05,18.62,2,0
2026-06-12 20:07:17.342,3.08,0.79,41.05,18.62,2,0
2026-06-12 20:07:17.392,3.08,0.79,49.70,27.95,2,0
2026-06-12 20:07:17.443,3.99,0.97,49.70,27.95,2,0
2026-06-12 20:07:17.493,3.99,0.97,55.52,36.22,2,0
2026-06-12 20:07:17.544,4.79,1.16,55.52,36.22,2,0
2026-06-12 20:07:17.594,4.79,1.16,60.60,43.53,2,0
2026-06-12 20:07:17.644,4.79,1.16,60.60,43.53,2,0
2026-06-12 20:07:17.695,5.47,1.21,60.60,43.53,2,0
2026-06-12 20:07:17.745,5.47,1.21,64.08,49.70,2,0
2026-06-12 20:07:17.796,6.04,1.26,64.08,49.70,2,0
2026-06-12 20:07:17.846,6.04,1.26,66.82,54.83,2,0
2026-06-12 20:07:17.896,6.52,1.27,66.82,54.83,2,0
2026-06-12 20:07:17.947,6.52,1.27,69.33,59.18,2,0
2026-06-12 20:07:17.997,6.98,1.27,69.33,59.18,2,0
2026-06-12 20:07:18.048,7.43,1.33,73.10,63.36,2,0
2026-06-12 20:07:18.100,7.43,1.33,77.01,67.45,2,0
2026-06-12 20:07:18.149,7.87,1.37,77.01,67.45,2,0
2026-06-12 20:07:18.199,7.87,1.37,80.87,71.48,2,0
2026-06-12 20:07:18.250,8.33,1.36,80.87,71.48,2,0
2026-06-12 20:07:18.300,8.75,1.39,85.45,75.67,2,0
2026-06-12 20:07:18.350,8.75,1.39,88.44,79.50,2,0
2026-06-12 20:07:18.400,9.15,1.40,88.44,79.50,2,0
2026-06-12 20:07:18.451,9.52,1.39,91.57,83.12,2,0
2026-06-12 20:07:18.501,9.52,1.39,94.29,86.47,2,0
2026-06-12 20:07:18.552,9.86,1.37,94.29,86.47,2,0
2026-06-12 20:07:18.602,10.21,1.36,96.71,89.54,2,0
2026-06-12 20:07:18.652,10.21,1.36,100.10,92.71,2,0
2026-06-12 20:07:18.703,10.59,1.36,100.10,92.71,2,0
2026-06-12 20:07:18.753,10.95,1.46,104.16,96.15,2,0
2026-06-12 20:07:18.804,11.37,1.47,107.23,99.47,2,0
2026-06-12 20:07:18.854,11.72,1.54,112.22,103.29,2,0
2026-06-12 20:07:18.905,11.72,1.54,113.60,106.39,2,0
2026-06-12 20:07:18.955,11.95,1.43,113.60,106.39,2,0
2026-06-12 20:07:19.005,12.16,1.33,113.44,108.50,2,0
2026-06-12 20:07:19.056,12.33,1.28,114.81,110.39,2,0
2026-06-12 20:07:19.106,12.33,1.28,115.68,111.98,2,0
2026-06-12 20:07:19.157,12.48,1.17,115.68,111.98,2,0
2026-06-12 20:07:19.207,12.67,1.15,116.54,113.35,2,0
2026-06-12 20:07:19.257,12.84,1.12,118.92,115.02,2,0
2026-06-12 20:07:19.308,13.03,1.06,120.30,116.60,2,0
2026-06-12 20:07:19.359,13.21,1.05,122.33,118.32,2,0
2026-06-12 20:07:19.409,13.21,1.05,123.74,119.95,2,0
2026-06-12 20:07:19.459,13.36,0.97,123.74,119.95,2,0
2026-06-12 20:07:19.510,13.46,0.91,124.40,121.28,2,0
2026-06-12 20:07:19.564,13.55,0.85,124.45,122.23,2,0
2026-06-12 20:07:19.610,13.67,0.79,124.93,123.04,2,0
2026-06-12 20:07:19.661,13.80,0.78,126.80,124.17,2,0
2026-06-12 20:07:19.711,13.97,0.80,128.06,125.34,2,0
2026-06-12 20:07:19.761,14.12,0.81,130.47,126.88,2,0
2026-06-12 20:07:19.812,14.12,0.81,131.51,128.27,2,0
2026-06-12 20:07:19.862,14.24,0.75,131.51,128.27,2,0
2026-06-12 20:07:19.913,14.33,0.71,131.85,129.34,2,0
2026-06-12 20:07:19.963,14.37,0.64,132.07,130.16,2,0
2026-06-12 20:07:20.014,14.43,0.59,131.43,130.54,2,0
2026-06-12 20:07:20.064,14.51,0.54,132.33,131.08,2,0
2026-06-12 20:07:20.116,14.61,0.55,133.26,131.73,2,0
2026-06-12 20:07:20.165,14.77,0.60,135.01,132.72,2,0
2026-06-12 20:07:20.215,14.88,0.60,137.48,134.15,2,0
2026-06-12 20:07:20.266,15.00,0.61,137.47,135.14,2,0
2026-06-12 20:07:20.316,15.09,0.59,138.85,136.25,2,0
2026-06-12 20:07:20.366,15.13,0.54,138.95,137.06,2,0
2026-06-12 20:07:20.417,15.22,0.53,138.18,137.40,2,0
2026-06-12 20:07:20.467,15.22,0.53,140.07,138.20,2,0
2026-06-12 20:07:20.518,15.30,0.49,140.07,138.20,2,0
2026-06-12 20:07:20.568,15.42,0.52,140.63,138.93,2,0
2026-06-12 20:07:20.619,15.59,0.58,142.52,140.01,2,0
2026-06-12 20:07:20.669,15.68,0.57,145.19,141.56,2,0
2026-06-12 20:07:20.719,15.80,0.58,144.21,142.36,2,0
2026-06-12 20:07:20.769,15.88,0.56,146.03,143.46,2,0
2026-06-12 20:07:20.820,15.90,0.50,145.92,144.20,2,0
2026-06-12 20:07:20.870,16.03,0.53,144.88,144.40,2,0
2026-06-12 20:07:20.921,16.05,0.46,148.16,145.53,2,0
2026-06-12 20:07:20.971,16.15,0.48,146.20,145.73,2,0
2026-06-12 20:07:21.021,16.32,0.55,148.94,146.69,2,0
2026-06-12 20:07:21.072,16.39,0.52,151.73,148.21,2,0
2026-06-12 20:07:21.122,16.55,0.58,150.29,148.83,2,0
2026-06-12 20:07:21.173,16.63,0.56,153.62,150.27,2,0
2026-06-12 20:07:21.223,16.75,0.61,152.75,151.01,2,0
2026-06-12 20:07:21.274,16.82,0.57,154.77,152.14,2,0
2026-06-12 20:07:21.324,16.93,0.57,154.04,152.71,2,0
2026-06-12 20:07:21.374,17.13,0.66,156.01,153.70,2,0
2026-06-12 20:07:21.425,17.20,0.62,159.88,155.55,2,0
2026-06-12 20:07:21.475,19.88,4.65,157.66,156.19,2,0
2026-06-12 20:07:21.526,21.01,4.87,214.73,180.55,2,0
2026-06-12 20:07:21.576,21.87,5.59,214.57,190.75,2,0
2026-06-12 20:07:21.626,21.32,4.28,217.01,198.63,2,0
2026-06-12 20:07:21.677,20.29,2.80,181.81,193.59,2,0
2026-06-12 20:07:21.727,19.62,1.83,162.54,184.27,2,0
2026-06-12 20:07:21.778,18.98,0.62,164.08,178.22,2,0
2026-06-12 20:07:21.828,18.92,0.48,166.89,172.39,2,0
2026-06-12 20:07:21.879,18.85,0.34,170.47,171.81,2,0
2026-06-12 20:07:21.929,18.76,0.22,169.57,171.14,2,0
2026-06-12 20:07:21.979,18.76,0.19,168.52,170.35,2,0
2026-06-12 20:07:22.030,18.74,0.14,170.42,170.37,2,0
2026-06-12 20:07:22.080,18.99,0.44,169.63,170.15,2,0
2026-06-12 20:07:22.131,19.06,0.43,175.89,172.41,2,0
2026-06-12 20:07:22.181,19.18,0.47,174.56,173.05,2,0
2026-06-12 20:07:22.233,19.25,0.51,176.80,174.18,2,0
2026-06-12 20:07:22.282,19.26,0.44,176.21,174.79,2,0
2026-06-12 20:07:22.332,19.33,0.44,175.16,174.90,2,0
2026-06-12 20:07:22.382,19.41,0.44,177.12,175.57,2,0
2026-06-12 20:07:22.433,19.54,0.48,177.75,176.27,2,0
2026-06-12 20:07:22.483,19.67,0.63,180.12,177.42,2,0
2026-06-12 20:07:22.534,19.85,0.68,181.41,178.62,2,0
2026-06-12 20:07:22.587,19.91,0.53,184.01,180.24,2,0
2026-06-12 20:07:22.634,19.93,0.47,180.74,180.84,2,0
2026-06-12 20:07:22.685,19.92,0.38,181.45,181.03,2,0
2026-06-12 20:07:22.735,20.02,0.50,180.51,180.87,2,0
2026-06-12 20:07:22.788,20.26,0.62,183.97,181.80,2,0
2026-06-12 20:07:22.836,20.39,0.64,186.04,183.96,2,0
2026-06-12 20:07:22.887,20.40,0.55,187.97,185.17,2,0
2026-06-12 20:07:22.937,20.36,0.40,185.51,185.27,2,0
2026-06-12 20:07:22.988,20.36,0.26,184.08,184.91,2,0
2026-06-12 20:07:23.041,20.44,0.29,184.18,184.85,2,0
2026-06-12 20:07:23.089,20.61,0.53,187.40,185.62,2,0
2026-06-12 20:07:23.139,20.72,0.53,190.81,187.18,2,0
2026-06-12 20:07:23.189,20.93,0.59,190.33,188.12,2,0
2026-06-12 20:07:23.239,23.78,4.90,191.18,190.08,2,0
2026-06-12 20:07:23.290,24.97,6.07,252.54,215.99,2,0
2026-06-12 20:07:23.340,25.12,3.79,252.00,226.79,2,0
2026-06-12 20:07:23.391,23.95,2.27,212.68,228.13,2,0
2026-06-12 20:07:23.441,23.18,0.64,192.71,217.50,2,0
2026-06-12 20:07:23.491,22.70,0.15,194.16,210.50,2,0
2026-06-12 20:07:23.542,22.00,-0.69,195.98,206.14,2,0
2026-06-12 20:07:23.592,21.74,-0.81,193.09,199.81,2,0
2026-06-12 20:07:23.643,21.51,-1.05,191.78,197.40,2,0
2026-06-12 20:07:23.693,21.50,-0.71,190.43,195.31,2,0
2026-06-12 20:07:23.743,21.57,-0.55,196.41,195.26,2,0
2026-06-12 20:07:23.794,22.78,1.59,197.34,195.88,2,0
2026-06-12 20:07:23.844,25.55,5.35,230.23,206.85,2,0
2026-06-12 20:07:23.895,26.23,5.11,255.21,232.05,2,0
2026-06-12 20:07:23.945,25.34,2.86,252.64,238.23,2,0
2026-06-12 20:07:23.996,23.25,-0.19,211.30,230.15,2,0
2026-06-12 20:07:24.046,22.64,-0.68,193.60,211.13,2,0
2026-06-12 20:07:24.096,22.23,-0.91,192.59,205.57,2,0
2026-06-12 20:07:24.147,21.84,-1.41,193.23,201.87,2,0
2026-06-12 20:07:24.197,21.22,-1.69,189.94,198.29,2,0
2026-06-12 20:07:24.248,21.01,-1.61,187.39,192.73,2,0
2026-06-12 20:07:24.298,20.91,-1.45,186.36,190.82,2,0
2026-06-12 20:07:24.349,20.90,-1.25,187.76,189.90,2,0
2026-06-12 20:07:24.399,20.89,-0.90,189.67,189.83,2,0
2026-06-12 20:07:24.449,20.85,-0.80,189.91,189.67,2,0
2026-06-12 20:07:24.500,20.70,-0.80,188.56,189.34,2,0
2026-06-12 20:07:24.550,20.59,-0.86,184.73,187.96,2,0
2026-06-12 20:07:24.601,20.38,-0.82,184.66,186.97,2,0
2026-06-12 20:07:24.651,20.42,-0.67,183.90,185.11,2,0
2026-06-12 20:07:24.701,20.43,-0.56,186.28,185.46,2,0
2026-06-12 20:07:24.752,20.42,-0.49,185.59,185.50,2,0
2026-06-12 20:07:24.802,20.35,-0.48,185.28,185.43,2,0
2026-06-12 20:07:24.853,20.07,-0.68,183.32,184.80,2,0
2026-06-12 20:07:24.903,19.97,-0.66,179.28,182.23,2,0
2026-06-12 20:07:24.954,19.95,-0.59,179.22,181.32,2,0
2026-06-12 20:07:25.004,20.01,-0.45,180.78,181.16,2,0
2026-06-12 20:07:25.054,20.11,-0.21,182.97,181.70,2,0
2026-06-12 20:07:25.105,20.07,-0.21,183.53,182.63,2,0
2026-06-12 20:07:25.155,19.97,-0.26,181.46,182.28,2,0
2026-06-12 20:07:25.206,19.89,-0.36,179.33,181.39,2,0
2026-06-12 20:07:25.256,19.80,-0.38,178.84,180.63,2,0
2026-06-12 20:07:25.307,19.80,-0.23,177.80,179.78,2,0
2026-06-12 20:07:25.357,19.83,-0.17,180.78,179.82,2,0
2026-06-12 20:07:25.407,19.91,-0.08,180.82,180.12,2,0
2026-06-12 20:07:25.458,19.90,-0.08,182.37,180.79,2,0
2026-06-12 20:07:25.509,19.78,-0.17,180.54,180.72,2,0
2026-06-12 20:07:25.559,19.59,-0.35,177.10,179.63,2,0
2026-06-12 20:07:25.609,19.58,-0.31,175.77,177.91,2,0
2026-06-12 20:07:25.659,19.66,-0.19,177.44,177.77,2,0
2026-06-12 20:07:25.710,19.71,-0.10,180.45,178.57,2,0
2026-06-12 20:07:25.761,19.76,-0.03,179.82,178.95,2,0
2026-06-12 20:07:25.811,19.64,-0.20,180.71,179.47,2,0
2026-06-12 20:07:25.861,19.62,-0.19,176.37,178.35,2,0
2026-06-12 20:07:25.912,19.55,-0.22,177.67,178.15,2,0
2026-06-12 20:07:25.962,19.57,-0.15,176.10,177.53,2,0
2026-06-12 20:07:26.012,19.63,-0.08,178.16,177.72,2,0
2026-06-12 20:07:26.063,19.73,0.10,179.63,178.29,2,0
2026-06-12 20:07:26.113,19.71,0.06,181.07,179.21,2,0
2026-06-12 20:07:26.164,19.63,-0.01,178.38,178.96,2,0
2026-06-12 20:07:26.215,20.61,1.65,176.58,178.25,2,0
2026-06-12 20:07:26.265,22.09,3.77,209.62,187.19,2,0
2026-06-12 20:07:26.315,24.20,5.11,231.86,200.59,2,0
2026-06-12 20:07:26.365,23.35,3.64,239.53,219.75,2,0
2026-06-12 20:07:26.416,22.33,2.26,193.96,212.01,2,0
2026-06-12 20:07:26.466,21.54,0.60,181.24,202.78,2,0
2026-06-12 20:07:26.517,20.89,-0.02,178.75,195.57,2,0
2026-06-12 20:07:26.567,20.16,-0.87,176.02,189.71,2,0
2026-06-12 20:07:26.617,19.95,-0.92,175.59,183.10,2,0
2026-06-12 20:07:26.668,19.88,-0.84,176.55,181.14,2,0
2026-06-12 20:07:26.719,19.73,-0.96,179.07,180.52,2,0
2026-06-12 20:07:26.769,19.72,-0.82,176.04,179.18,2,0
2026-06-12 20:07:26.820,19.67,-0.74,178.91,179.10,2,0
2026-06-12 20:07:26.869,19.44,-0.80,177.63,178.65,2,0
2026-06-12 20:07:26.920,19.30,-0.79,174.35,176.52,2,0
2026-06-12 20:07:26.970,19.24,-0.72,172.43,175.29,2,0
2026-06-12 20:07:27.024,19.31,-0.50,173.53,174.76,2,0
2026-06-12 20:07:27.071,19.37,-0.38,176.77,175.37,2,0
2026-06-12 20:07:27.122,19.40,-0.25,177.01,175.86,2,0
2026-06-12 20:07:27.172,19.32,-0.28,176.29,176.15,2,0
2026-06-12 20:07:27.222,19.28,-0.27,173.76,175.44,2,0
2026-06-12 20:07:27.273,19.23,-0.27,174.19,175.06,2,0
2026-06-12 20:07:27.324,19.22,-0.24,173.60,174.62,2,0
2026-06-12 20:07:27.374,19.35,-0.10,174.49,174.58,2,0
2026-06-12 20:07:27.424,19.56,0.19,178.31,175.70,2,0
2026-06-12 20:07:27.475,19.61,0.20,180.09,177.63,2,0
2026-06-12 20:07:27.525,19.52,0.10,179.01,178.04,2,0
2026-06-12 20:07:27.575,19.47,0.00,175.55,177.29,2,0
2026-06-12 20:07:27.626,19.40,-0.06,175.76,176.83,2,0
2026-06-12 20:07:27.676,19.50,0.11,174.53,176.14,2,0
2026-06-12 20:07:27.727,19.54,0.12,178.95,177.12,2,0
2026-06-12 20:07:27.777,19.59,0.15,178.08,177.41,2,0
2026-06-12 20:07:27.827,19.50,-0.01,179.06,177.90,2,0
2026-06-12 20:07:27.878,19.34,-0.15,175.27,177.11,2,0
2026-06-12 20:07:27.929,19.26,-0.19,172.16,175.63,2,0
2026-06-12 20:07:27.984,19.16,-0.19,173.25,174.92,2,0
2026-06-12 20:07:28.029,19.25,-0.08,174.35,173.99,2,0
2026-06-12 20:07:28.079,19.24,-0.08,176.83,174.84,2,0
2026-06-12 20:07:28.130,19.34,0.10,174.51,174.74,2,0
2026-06-12 20:07:28.180,19.30,0.05,177.75,175.65,2,0
2026-06-12 20:07:28.231,19.22,-0.01,174.35,175.26,2,0
2026-06-12 20:07:28.282,19.11,-0.10,174.70,174.53,2,0
2026-06-12 20:07:28.332,19.14,-0.06,171.39,173.58,2,0
2026-06-12 20:07:28.382,19.23,0.02,174.35,173.81,2,0
2026-06-12 20:07:28.432,19.27,0.08,176.65,174.66,2,0
2026-06-12 20:07:28.483,19.37,0.16,175.83,175.01,2,0
2026-06-12 20:07:28.533,19.25,-0.08,178.10,175.94,2,0
2026-06-12 20:07:28.584,19.18,-0.13,172.45,174.81,2,0
2026-06-12 20:07:28.644,19.05,-0.22,172.54,174.13,2,0
2026-06-12 20:07:28.685,19.03,-0.20,170.29,172.98,2,0
2026-06-12 20:07:28.735,19.09,-0.07,172.52,172.84,2,0
2026-06-12 20:07:28.785,19.12,-0.04,174.54,173.35,2,0
2026-06-12 20:07:28.836,19.15,-0.05,174.28,173.63,2,0
2026-06-12 20:07:28.886,19.03,-0.14,173.01,173.87,2,0
2026-06-12 20:07:28.937,18.93,-0.20,170.29,172.80,2,0
2026-06-12 20:07:28.987,21.44,3.78,169.79,171.90,2,0
2026-06-12 20:07:29.037,22.67,5.18,225.73,194.70,2,0
2026-06-12 20:07:29.088,23.62,5.19,231.79,205.83,2,0
2026-06-12 20:07:29.139,21.83,1.53,234.58,214.46,2,0
2026-06-12 20:07:29.189,21.04,0.66,177.09,198.20,2,0
2026-06-12 20:07:29.239,20.41,0.04,174.34,191.04,2,0
2026-06-12 20:07:29.289,20.04,-0.27,172.14,185.37,2,0
2026-06-12 20:07:29.340,19.70,-0.81,174.18,182.02,2,0
2026-06-12 20:07:29.390,19.55,-0.81,171.54,178.87,2,0
2026-06-12 20:07:29.441,19.38,-0.82,174.31,177.50,2,0
2026-06-12 20:07:29.491,19.36,-0.72,173.37,176.01,2,0
2026-06-12 20:07:29.542,19.29,-0.67,175.23,175.77,2,0
2026-06-12 20:07:29.592,19.17,-0.66,173.69,175.15,2,0
2026-06-12 20:07:29.642,19.15,-0.60,171.64,174.09,2,0
2026-06-12 20:07:29.693,19.07,-0.57,173.49,173.91,2,0
2026-06-12 20:07:29.743,19.15,-0.28,171.54,173.20,2,0
2026-06-12 20:07:29.794,19.14,-0.24,175.65,173.90,2,0
2026-06-12 20:07:29.844,19.20,-0.16,173.72,173.85,2,0
2026-06-12 20:07:29.895,19.14,-0.18,175.41,174.32,2,0
2026-06-12 20:07:29.957,19.03,-0.35,172.71,173.84,2,0
2026-06-12 20:07:30.008,19.00,-0.32,170.38,172.80,2,0
2026-06-12 20:07:30.046,18.92,-0.33,171.87,172.52,2,0
2026-06-12 20:07:30.096,19.03,-0.07,170.21,171.83,2,0
2026-06-12 20:07:30.147,19.07,-0.03,174.87,172.82,2,0
2026-06-12 20:07:30.197,19.14,0.03,174.10,173.21,2,0
2026-06-12 20:07:30.247,19.13,0.01,175.10,173.77,2,0
2026-06-12 20:07:30.298,18.99,-0.10,173.45,173.68,2,0
2026-06-12 20:07:30.349,18.98,-0.10,169.62,172.46,2,0
2026-06-12 20:07:30.399,18.94,-0.08,172.22,172.39,2,0
2026-06-12 20:07:30.449,19.04,0.02,172.49,172.03,2,0
2026-06-12 20:07:30.499,18.98,-0.03,175.07,172.94,2,0
2026-06-12 20:07:30.550,19.08,0.14,171.15,172.40,2,0
2026-06-12 20:07:30.600,19.09,0.13,175.39,173.30,2,0
2026-06-12 20:07:30.651,19.05,0.07,173.60,173.39,2,0
2026-06-12 20:07:30.701,18.94,-0.12,172.01,172.97,2,0
2026-06-12 20:07:30.752,18.92,-0.12,169.85,172.02,2,0
2026-06-12 20:07:30.804,19.00,-0.04,171.42,171.84,2,0
2026-06-12 20:07:30.852,19.03,-0.01,174.24,172.56,2,0
2026-06-12 20:07:30.904,19.10,0.11,173.34,172.79,2,0
2026-06-12 20:07:30.953,19.07,0.07,174.98,173.45,2,0
2026-06-12 20:07:31.004,18.98,-0.02,172.55,173.18,2,0
2026-06-12 20:07:31.054,18.87,-0.16,170.35,172.33,2,0
2026-06-12 20:07:31.105,18.87,-0.14,169.70,171.34,2,0
2026-06-12 20:07:31.155,18.93,-0.06,171.43,171.36,2,0
2026-06-12 20:07:31.205,18.99,0.04,173.27,171.93,2,0
2026-06-12 20:07:31.256,19.07,0.09,173.64,172.44,2,0
2026-06-12 20:07:31.306,19.10,0.11,174.78,173.15,2,0
2026-06-12 20:07:31.357,19.00,-0.06,174.16,173.45,2,0
2026-06-12 20:07:31.407,18.90,-0.12,171.13,172.50,2,0
2026-06-12 20:07:31.457,18.87,-0.13,169.74,171.67,2,0
2026-06-12 20:07:31.508,18.89,-0.08,170.74,171.39,2,0
2026-06-12 20:07:31.559,18.92,-0.04,171.97,171.57,2,0
2026-06-12 20:07:31.609,18.96,-0.00,172.52,171.85,2,0
2026-06-12 20:07:31.659,18.86,-0.14,172.98,172.19,2,0
2026-06-12 20:07:31.710,36.05,13.92,169.77,171.25,1,0
2026-06-12 20:07:31.760,42.73,17.40,691.63,327.36,1,0
2026-06-12 20:07:31.816,40.33,12.83,529.62,388.04,1,0
2026-06-12 20:07:31.861,35.57,2.97,315.32,366.23,1,0
2026-06-12 20:07:31.911,30.54,-1.66,222.16,323.00,1,0
2026-06-12 20:07:31.962,27.07,-4.25,170.79,277.34,1,0
2026-06-12 20:07:32.012,24.60,-5.67,172.34,245.84,1,0
2026-06-12 20:07:32.062,24.10,-4.21,170.96,223.38,1,0
2026-06-12 20:07:32.113,24.23,-3.47,223.97,218.81,1,0
2026-06-12 20:07:32.163,24.44,-2.77,222.88,220.03,1,0
2026-06-12 20:07:32.214,23.24,-3.36,226.52,221.98,1,0
2026-06-12 20:07:32.264,21.79,-5.26,185.53,211.04,1,0
2026-06-12 20:07:32.315,20.82,-5.27,167.29,197.92,1,0
2026-06-12 20:07:32.365,20.06,-5.11,168.38,189.05,1,0
2026-06-12 20:07:32.415,19.41,-4.88,166.13,182.18,1,0
2026-06-12 20:07:32.466,18.92,-4.55,162.41,176.25,1,0
2026-06-12 20:07:32.516,18.49,-4.22,161.59,171.85,1,0
2026-06-12 20:07:32.567,17.83,-3.78,158.67,167.90,1,0
2026-06-12 20:07:32.617,17.53,-3.46,156.07,161.87,1,0
2026-06-12 20:07:32.668,17.53,-3.46,152.95,159.20,1,0
2026-06-12 20:07:32.718,17.24,-3.10,152.95,159.20,1,0
2026-06-12 20:07:32.769,16.91,-2.91,150.25,156.51,1,0
2026-06-12 20:07:32.819,16.53,-2.78,146.60,153.54,1,0
2026-06-12 20:07:32.869,16.12,-2.71,142.12,150.12,1,0
2026-06-12 20:07:32.920,15.66,-2.68,137.59,146.36,1,0
2026-06-12 20:07:32.970,15.21,-2.52,132.64,142.24,1,0
2026-06-12 20:07:33.021,15.21,-2.52,128.59,138.15,1,0
2026-06-12 20:07:33.071,14.71,-2.42,128.59,138.15,1,0
2026-06-12 20:07:33.122,14.17,-2.50,123.03,133.61,1,0
2026-06-12 20:07:33.172,13.57,-2.46,117.26,128.71,1,0
2026-06-12 20:07:33.222,13.57,-2.46,110.53,123.25,1,0
2026-06-12 20:07:33.273,12.83,-2.39,110.53,123.25,1,0
2026-06-12 20:07:33.323,12.83,-2.39,100.78,116.51,1,0
2026-06-12 20:07:33.373,11.93,-2.41,100.78,116.51,1,0
2026-06-12 20:07:33.424,11.93,-2.41,89.18,108.31,1,0
2026-06-12 20:07:33.475,11.93,-2.41,89.18,108.31,1,0
2026-06-12 20:07:33.525,10.75,-2.37,89.18,108.31,1,0
2026-06-12 20:07:33.580,10.75,-2.37,72.53,97.58,1,0
2026-06-12 20:07:33.626,10.75,-2.37,72.53,97.58,1,0
2026-06-12 20:07:33.676,10.75,-2.37,72.53,97.58,1,0
2026-06-12 20:07:33.726,10.75,-2.37,72.53,97.58,1,0
2026-06-12 20:07:33.777,10.75,-2.37,72.53,97.58,1,0
2026-06-12 20:07:33.827,10.75,-2.37,72.53,97.58,1,0
2026-06-12 20:07:33.878,10.75,-2.37,72.53,97.58,1,0
2026-06-12 20:07:33.928,10.75,-2.37,72.53,97.58,1,0
2026-06-12 20:07:33.979,10.75,-2.37,72.53,97.58,1,0
2026-06-12 20:07:34.029,10.75,-2.37,72.53,97.58,1,0
2026-06-12 20:07:34.079,10.75,-2.37,72.53,97.58,1,0
2026-06-12 20:07:34.130,10.75,-2.37,72.53,97.58,1,0
2026-06-12 20:07:34.184,10.75,-2.37,72.53,97.58,1,0
2026-06-12 20:07:34.230,10.75,-2.37,72.53,97.58,1,0
2026-06-12 20:07:34.281,10.75,-2.37,72.53,97.58,1,0
2026-06-12 20:07:34.331,10.75,-2.37,72.53,97.58,1,0
2026-06-12 20:07:34.382,10.75,-2.37,72.53,97.58,1,0
2026-06-12 20:07:34.432,10.75,-2.37,72.53,97.58,1,0
2026-06-12 20:07:34.483,10.75,-2.37,72.53,97.58,1,0
2026-06-12 20:07:34.533,10.75,-2.37,72.53,97.58,1,0
2026-06-12 20:07:34.584,10.75,-2.37,72.53,97.58,1,0
2026-06-12 20:07:34.634,10.75,-2.37,72.53,97.58,1,0
2026-06-12 20:07:34.684,10.75,-2.37,72.53,97.58,1,0
2026-06-12 20:07:34.735,8.16,-2.11,72.53,97.58,0,0
2026-06-12 20:07:34.785,8.16,-2.11,19.37,74.12,0,0
2026-06-12 20:07:34.836,8.16,-2.11,19.37,74.12,0,0
2026-06-12 20:07:34.886,8.16,-2.11,19.37,74.12,0,0
2026-06-12 20:07:34.937,8.16,-2.11,19.37,74.12,0,0
2026-06-12 20:07:34.987,8.16,-2.11,19.37,74.12,0,0
2026-06-12 20:07:35.037,8.16,-2.11,19.37,74.12,0,0
2026-06-12 20:07:35.088,8.16,-2.11,19.37,74.12,0,0
2026-06-12 20:07:35.138,8.16,-2.11,19.37,74.12,0,0
2026-06-12 20:07:35.189,8.16,-2.11,19.37,74.12,0,0
2026-06-12 20:07:35.239,8.16,-2.11,19.37,74.12,0,0
2026-06-12 20:07:35.292,8.16,-2.11,19.37,74.12,0,0
2026-06-12 20:07:35.340,8.16,-2.11,19.37,74.12,0,0
2026-06-12 20:07:35.390,8.16,-2.11,19.37,74.12,0,0
2026-06-12 20:07:35.441,8.16,-2.11,19.37,74.12,0,0
2026-06-12 20:07:35.492,8.16,-2.11,19.37,74.12,0,0
2026-06-12 20:07:35.542,8.16,-2.11,19.37,74.12,0,0
2026-06-12 20:07:35.592,8.16,-2.11,19.37,74.12,0,0
2026-06-12 20:07:35.643,8.16,-2.11,19.37,74.12,0,0
2026-06-12 20:07:35.693,8.16,-2.11,19.37,74.12,0,0
2026-06-12 20:07:35.743,8.16,-2.11,19.37,74.12,0,0
2026-06-12 20:07:35.794,8.16,-2.11,19.37,74.12,0,0
2026-06-12 20:07:35.844,8.16,-2.11,19.37,74.12,0,0
2026-06-12 20:07:35.894,8.16,-2.11,19.37,74.12,0,0
2026-06-12 20:07:35.945,8.16,-2.11,19.37,74.12,0,0
2026-06-12 20:07:35.995,8.16,-2.11,19.37,74.12,0,0
2026-06-12 20:07:36.046,8.16,-2.11,19.37,74.12,0,0
2026-06-12 20:07:36.096,8.16,-2.11,19.37,74.12,0,0
2026-06-12 20:07:36.147,8.16,-2.11,19.37,74.12,0,0
2026-06-12 20:07:36.197,8.16,-2.11,19.37,74.12,0,0
2026-06-12 20:07:36.249,8.16,-2.11,19.37,74.12,0,0
2026-06-12 20:07:36.298,8.16,-2.11,19.37,74.12,0,0
2026-06-12 20:07:36.349,8.16,-2.11,19.37,74.12,0,0
2026-06-12 20:07:36.399,8.16,-2.11,19.37,74.12,0,0
2026-06-12 20:07:36.449,8.16,-2.11,19.37,74.12,0,0
2026-06-12 20:07:36.499,8.16,-2.11,19.37,74.12,0,0
2026-06-12 20:07:36.550,8.16,-2.11,19.37,74.12,0,0
2026-06-12 20:07:36.600,8.16,-2.11,19.37,74.12,0,0
2026-06-12 20:07:36.651,8.16,-2.11,19.37,74.12,0,0
2026-06-12 20:07:36.702,8.16,-2.11,19.37,74.12,0,0
2026-06-12 20:07:36.752,0.31,0.00,19.37,74.12,2,0
2026-06-12 20:07:36.802,0.31,0.00,9.28,2.78,2,0
2026-06-12 20:07:36.852,0.31,0.00,9.28,2.78,2,0
2026-06-12 20:07:36.903,0.31,0.00,9.28,2.78,2,0
2026-06-12 20:07:36.953,0.31,0.00,9.28,2.78,2,0
2026-06-12 20:07:37.004,0.31,0.00,9.28,2.78,2,0
2026-06-12 20:07:37.054,0.31,0.00,9.28,2.78,2,0
2026-06-12 20:07:37.106,0.31,0.00,9.28,2.78,2,0
2026-06-12 20:07:37.155,0.31,0.00,9.28,2.78,2,0
2026-06-12 20:07:37.205,0.31,0.00,9.28,2.78,2,0
2026-06-12 20:07:37.256,0.31,0.00,9.28,2.78,2,0
2026-06-12 20:07:37.306,0.31,0.00,9.28,2.78,2,0
2026-06-12 20:07:37.357,0.31,0.00,9.28,2.78,2,0
2026-06-12 20:07:37.407,0.31,0.00,9.28,2.78,2,0
2026-06-12 20:07:37.457,0.31,0.00,9.28,2.78,2,0
2026-06-12 20:07:37.508,0.31,0.00,9.28,2.78,2,0
2026-06-12 20:07:37.558,0.31,0.00,9.28,2.78,2,0
2026-06-12 20:07:37.609,0.31,0.00,9.28,2.78,2,0
2026-06-12 20:07:37.659,0.31,0.00,9.28,2.78,2,0
2026-06-12 20:07:37.709,0.31,0.00,9.28,2.78,2,0
2026-06-12 20:07:37.760,0.31,0.00,9.28,2.78,2,0
2026-06-12 20:07:37.810,0.31,0.00,9.28,2.78,2,0
2026-06-12 20:07:37.861,0.31,0.00,9.28,2.78,2,0
2026-06-12 20:07:37.911,0.31,0.00,9.28,2.78,2,0
2026-06-12 20:07:37.961,0.31,0.00,9.28,2.78,2,0
2026-06-12 20:07:38.012,0.31,0.00,9.28,2.78,2,0
2026-06-12 20:07:38.062,0.31,0.00,9.28,2.78,2,0
2026-06-12 20:07:38.112,0.31,0.00,9.28,2.78,2,0
2026-06-12 20:07:38.163,0.31,0.00,9.28,2.78,2,0
2026-06-12 20:07:38.213,0.31,0.00,9.28,2.78,2,0
2026-06-12 20:07:38.264,0.31,0.00,9.28,2.78,2,0
2026-06-12 20:07:38.314,0.31,0.00,9.28,2.78,2,0
2026-06-12 20:07:38.364,0.31,0.00,9.28,2.78,2,0
2026-06-12 20:07:38.415,0.31,0.00,9.28,2.78,2,0
2026-06-12 20:07:38.465,0.31,0.00,9.28,2.78,2,0
2026-06-12 20:07:38.516,0.31,0.00,9.28,2.78,2,0
2026-06-12 20:07:38.568,0.31,0.00,9.28,2.78,2,0
2026-06-12 20:07:38.617,0.31,0.00,9.28,2.78,2,0
2026-06-12 20:07:38.667,0.31,0.00,9.28,2.78,2,0
2026-06-12 20:07:38.719,0.31,0.00,9.28,2.78,2,0
2026-06-12 20:07:38.776,0.00,0.00,9.28,2.78,2,0
2026-06-12 20:07:38.819,0.00,0.00,0.00,0.00,2,0
2026-06-12 20:07:38.869,0.00,0.00,0.00,0.00,2,0
2026-06-12 20:07:38.919,0.00,0.00,0.00,0.00,2,0
2026-06-12 20:07:38.969,0.00,0.00,0.00,0.00,2,0
2026-06-12 20:07:39.020,0.00,0.00,0.00,0.00,2,0
2026-06-12 20:07:39.070,0.00,0.00,0.00,0.00,2,0
2026-06-12 20:07:39.120,0.00,0.00,0.00,0.00,2,0
