Timestamp,Speed_kmh,Accel_ms2,Raw_RPM,Filtered_RPM,Brake_State,Control_Mode
2026-06-12 18:24:34.925,0.00,0.00,0.00,0.00,0,0
2026-06-12 18:24:34.975,0.00,0.00,0.00,0.00,0,2
2026-06-12 18:24:35.025,0.00,0.00,0.00,0.00,2,0
2026-06-12 18:24:35.076,0.00,0.00,0.00,0.00,2,0
2026-06-12 18:24:35.126,0.00,0.00,0.00,0.00,2,0
2026-06-12 18:24:35.177,0.00,0.00,0.00,0.00,2,0
2026-06-12 18:24:35.227,0.00,0.00,0.00,0.00,2,0
2026-06-12 18:24:35.277,0.00,0.00,0.00,0.00,2,0
2026-06-12 18:24:35.328,0.00,0.00,0.00,0.00,2,0
2026-06-12 18:24:35.378,0.00,0.00,0.00,0.00,2,0
2026-06-12 18:24:35.429,0.00,0.00,0.00,0.00,2,0
2026-06-12 18:24:35.479,0.00,0.00,0.00,0.00,2,0
2026-06-12 18:24:35.530,0.00,0.00,0.00,0.00,2,0
2026-06-12 18:24:35.580,0.00,0.00,0.00,0.00,2,0
2026-06-12 18:24:35.630,0.00,0.00,0.00,0.00,2,0
2026-06-12 18:24:35.681,0.00,0.00,0.00,0.00,2,0
2026-06-12 18:24:35.731,0.00,0.00,0.00,0.00,2,0
2026-06-12 18:24:35.782,0.00,0.00,0.00,0.00,2,0
2026-06-12 18:24:35.832,0.00,0.00,0.00,0.00,2,0
2026-06-12 18:24:35.882,0.00,0.00,0.00,0.00,2,0
2026-06-12 18:24:35.933,0.00,0.00,0.00,0.00,2,0
2026-06-12 18:24:35.983,0.00,0.00,0.00,0.00,2,0
2026-06-12 18:24:36.033,0.00,0.00,0.00,0.00,2,0
2026-06-12 18:24:36.084,0.00,0.00,0.00,0.00,2,0
2026-06-12 18:24:36.134,0.00,0.00,0.00,0.00,2,0
2026-06-12 18:24:36.185,0.00,0.00,0.00,0.00,2,0
2026-06-12 18:24:36.235,0.00,0.00,0.00,0.00,2,0
2026-06-12 18:24:36.285,0.00,0.00,0.00,0.00,2,0
2026-06-12 18:24:36.336,0.00,0.00,0.00,0.00,2,0
2026-06-12 18:24:36.386,0.00,0.00,0.00,0.00,2,0
2026-06-12 18:24:36.437,0.00,0.00,0.00,0.00,2,0
2026-06-12 18:24:36.487,0.00,0.00,0.00,0.00,2,0
2026-06-12 18:24:36.537,0.00,0.00,0.00,0.00,2,0
2026-06-12 18:24:36.588,0.00,0.00,0.00,0.00,2,0
2026-06-12 18:24:36.638,0.00,0.00,0.00,0.00,2,0
2026-06-12 18:24:36.688,0.00,0.00,0.00,0.00,2,0
2026-06-12 18:24:36.739,0.00,0.00,0.00,0.00,2,0
2026-06-12 18:24:36.789,0.00,0.00,0.00,0.00,2,0
2026-06-12 18:24:36.840,0.00,0.00,0.00,0.00,2,0
2026-06-12 18:24:36.890,0.00,0.00,0.00,0.00,2,0
2026-06-12 18:24:36.940,0.00,0.00,0.00,0.00,2,0
2026-06-12 18:24:36.991,0.00,0.00,0.00,0.00,2,0
2026-06-12 18:24:37.041,0.00,0.00,0.00,0.00,2,0
2026-06-12 18:24:37.092,0.00,0.00,0.00,0.00,2,0
2026-06-12 18:24:37.142,0.00,0.00,0.00,0.00,2,0
2026-06-12 18:24:37.192,0.00,0.00,0.00,0.00,2,0
2026-06-12 18:24:37.243,0.00,0.00,0.00,0.00,2,0
2026-06-12 18:24:37.293,0.00,0.00,0.00,0.00,2,0
2026-06-12 18:24:37.344,0.00,0.00,0.00,0.00,2,0
2026-06-12 18:24:37.394,0.00,0.00,0.00,0.00,2,0
2026-06-12 18:24:37.445,0.00,0.00,0.00,0.00,2,0
2026-06-12 18:24:37.495,0.00,0.00,0.00,0.00,2,0
2026-06-12 18:24:37.545,0.00,0.00,0.00,0.00,2,0
2026-06-12 18:24:37.597,0.00,0.00,0.00,0.00,2,0
2026-06-12 18:24:37.646,0.00,0.00,0.00,0.00,2,0
2026-06-12 18:24:37.696,0.00,0.00,0.00,0.00,2,0
2026-06-12 18:24:37.748,0.00,0.00,0.00,0.00,2,0
2026-06-12 18:24:37.797,0.00,0.00,0.00,0.00,2,0
2026-06-12 18:24:37.848,0.00,0.00,0.00,0.00,2,0
2026-06-12 18:24:37.898,0.00,0.00,0.00,0.00,2,0
2026-06-12 18:24:37.948,0.00,0.00,0.00,0.00,2,0
2026-06-12 18:24:37.999,0.00,0.00,0.00,0.00,2,0
2026-06-12 18:24:38.049,0.00,0.00,0.00,0.00,2,0
2026-06-12 18:24:38.100,0.00,0.00,0.00,0.00,2,0
2026-06-12 18:24:38.150,0.00,0.00,0.00,0.00,2,0
2026-06-12 18:24:38.200,0.00,0.00,0.00,0.00,2,0
2026-06-12 18:24:38.251,0.00,0.00,0.00,0.00,2,0
2026-06-12 18:24:38.301,0.00,0.00,0.00,0.00,2,0
2026-06-12 18:24:38.352,0.00,0.00,0.00,0.00,2,0
2026-06-12 18:24:38.402,0.00,0.00,0.00,0.00,2,0
2026-06-12 18:24:38.453,0.00,0.00,0.00,0.00,2,0
2026-06-12 18:24:38.503,0.00,0.00,0.00,0.00,2,0
2026-06-12 18:24:38.553,0.00,0.00,0.00,0.00,2,0
2026-06-12 18:24:38.604,0.00,0.00,0.00,0.00,2,0
2026-06-12 18:24:38.654,0.00,0.00,0.00,0.00,2,0
2026-06-12 18:24:38.704,0.00,0.00,0.00,0.00,2,0
2026-06-12 18:24:38.755,0.00,0.00,0.00,0.00,2,0
2026-06-12 18:24:38.805,0.00,0.00,0.00,0.00,2,0
2026-06-12 18:24:38.856,0.00,0.00,0.00,0.00,2,0
2026-06-12 18:24:38.906,0.00,0.00,0.00,0.00,2,0
2026-06-12 18:24:38.956,0.00,0.00,0.00,0.00,2,0
2026-06-12 18:24:39.007,0.00,0.00,0.00,0.00,2,0
2026-06-12 18:24:39.057,0.00,0.00,0.00,0.00,2,0
2026-06-12 18:24:39.108,0.00,0.00,0.00,0.00,2,0
2026-06-12 18:24:39.158,0.00,0.00,0.00,0.00,2,0
2026-06-12 18:24:39.208,0.00,0.00,0.00,0.00,2,0
2026-06-12 18:24:39.259,0.00,0.00,0.00,0.00,2,0
2026-06-12 18:24:39.309,0.00,0.00,0.00,0.00,2,0
2026-06-12 18:24:39.359,0.00,0.00,0.00,0.00,2,0
2026-06-12 18:24:39.410,0.00,0.00,0.00,0.00,2,0
2026-06-12 18:24:39.460,0.00,0.00,0.00,0.00,2,0
2026-06-12 18:24:39.511,0.00,0.00,0.00,0.00,2,0
2026-06-12 18:24:39.561,0.00,0.00,0.00,0.00,2,0
2026-06-12 18:24:39.612,0.00,0.00,0.00,0.00,2,0
2026-06-12 18:24:39.662,0.00,0.00,0.00,0.00,2,0
2026-06-12 18:24:39.712,0.00,0.00,0.00,0.00,2,0
2026-06-12 18:24:39.763,0.00,0.00,0.00,0.00,2,0
2026-06-12 18:24:39.813,0.00,0.00,0.00,0.00,2,0
2026-06-12 18:24:39.864,0.00,0.00,0.00,0.00,2,0
2026-06-12 18:24:39.914,0.00,0.00,0.00,0.00,2,0
2026-06-12 18:24:39.964,0.00,0.00,0.00,0.00,2,0
2026-06-12 18:24:40.015,0.00,0.00,0.00,0.00,2,0
2026-06-12 18:24:40.065,0.00,0.00,0.00,0.00,2,0
2026-06-12 18:24:40.115,0.00,0.00,0.00,0.00,2,0
2026-06-12 18:24:40.169,0.00,0.00,0.00,0.00,2,0
2026-06-12 18:24:40.216,0.00,0.00,0.00,0.00,2,0
2026-06-12 18:24:40.267,0.00,0.00,0.00,0.00,2,0
2026-06-12 18:24:40.317,0.00,0.00,0.00,0.00,2,0
2026-06-12 18:24:40.368,0.00,0.00,0.00,0.00,2,0
2026-06-12 18:24:40.418,0.00,0.00,0.00,0.00,2,0
2026-06-12 18:24:40.468,0.00,0.00,0.00,0.00,2,0
2026-06-12 18:24:40.519,0.00,0.00,0.00,0.00,2,0
2026-06-12 18:24:40.569,0.00,0.00,0.00,0.00,2,0
2026-06-12 18:24:40.619,0.00,0.00,0.00,0.00,2,0
2026-06-12 18:24:40.670,0.00,0.00,0.00,0.00,2,0
2026-06-12 18:24:40.720,0.00,0.00,0.00,0.00,2,0
2026-06-12 18:24:40.771,0.00,0.00,0.00,0.00,2,0
2026-06-12 18:24:40.821,0.00,0.00,0.00,0.00,2,0
2026-06-12 18:24:40.871,0.00,0.00,0.00,0.00,2,0
2026-06-12 18:24:40.922,0.00,0.00,0.00,0.00,2,0
2026-06-12 18:24:40.972,0.00,0.00,0.00,0.00,2,0
2026-06-12 18:24:41.023,0.00,0.00,0.00,0.00,2,0
2026-06-12 18:24:41.073,0.00,0.00,0.00,0.00,2,0
2026-06-12 18:24:41.123,0.00,0.00,0.00,0.00,2,0
2026-06-12 18:24:41.174,0.00,0.00,0.00,0.00,2,0
2026-06-12 18:24:41.224,0.00,0.00,0.00,0.00,2,0
2026-06-12 18:24:41.275,0.00,0.00,0.00,0.00,2,0
2026-06-12 18:24:41.325,0.00,0.00,0.00,0.00,2,0
2026-06-12 18:24:41.376,0.00,0.00,0.00,0.00,2,0
2026-06-12 18:24:41.426,0.00,0.00,0.00,0.00,2,0
2026-06-12 18:24:41.476,0.00,0.00,0.00,0.00,2,0
2026-06-12 18:24:41.527,0.00,0.00,0.00,0.00,2,0
2026-06-12 18:24:41.577,0.00,0.00,0.00,0.00,2,0
2026-06-12 18:24:41.628,0.00,0.00,0.00,0.00,2,0
2026-06-12 18:24:41.678,0.00,0.00,0.00,0.00,2,0
2026-06-12 18:24:41.728,0.00,0.00,0.00,0.00,2,0
2026-06-12 18:24:41.779,0.00,0.00,0.00,0.00,2,0
2026-06-12 18:24:41.829,0.00,0.00,0.00,0.00,2,0
2026-06-12 18:24:41.879,0.00,0.00,0.00,0.00,2,0
2026-06-12 18:24:41.930,0.00,0.00,0.00,0.00,2,0
2026-06-12 18:24:41.980,0.00,0.00,0.00,0.00,2,0
2026-06-12 18:24:42.031,0.00,0.00,0.00,0.00,2,0
2026-06-12 18:24:42.081,0.00,0.00,0.00,0.00,2,0
2026-06-12 18:24:42.132,0.00,0.00,0.00,0.00,2,0
2026-06-12 18:24:42.182,0.00,0.00,0.00,0.00,2,0
2026-06-12 18:24:42.232,0.00,0.00,0.00,0.00,2,0
2026-06-12 18:24:42.283,0.00,0.00,0.00,0.00,2,0
2026-06-12 18:24:42.333,0.00,0.00,0.00,0.00,2,0
2026-06-12 18:24:42.383,0.00,0.00,0.00,0.00,2,0
2026-06-12 18:24:42.434,0.00,0.00,0.00,0.00,2,0
2026-06-12 18:24:42.484,0.00,0.00,0.00,0.00,2,0
2026-06-12 18:24:42.535,0.00,0.00,0.00,0.00,2,0
2026-06-12 18:24:42.585,0.00,0.00,0.00,0.00,2,0
2026-06-12 18:24:42.635,0.00,0.00,0.00,0.00,2,0
2026-06-12 18:24:42.686,0.00,0.00,0.00,0.00,2,0
2026-06-12 18:24:42.736,0.00,0.00,0.00,0.00,2,0
2026-06-12 18:24:42.787,0.00,0.00,0.00,0.00,2,0
2026-06-12 18:24:42.837,0.00,0.00,0.00,0.00,2,0
2026-06-12 18:24:42.888,0.00,0.00,0.00,0.00,2,0
2026-06-12 18:24:42.938,0.00,0.00,0.00,0.00,2,0
2026-06-12 18:24:42.988,0.00,0.00,0.00,0.00,2,0
2026-06-12 18:24:43.039,0.00,0.00,0.00,0.00,2,0
2026-06-12 18:24:43.089,0.00,0.00,0.00,0.00,2,0
2026-06-12 18:24:43.139,0.00,0.00,0.00,0.00,2,0
2026-06-12 18:24:43.190,0.00,0.00,0.00,0.00,2,0
2026-06-12 18:24:43.240,0.00,0.00,0.00,0.00,2,0
2026-06-12 18:24:43.291,0.00,0.00,0.00,0.00,2,0
2026-06-12 18:24:43.341,0.00,0.00,0.00,0.00,2,0
2026-06-12 18:24:43.392,0.00,0.00,0.00,0.00,2,0
2026-06-12 18:24:43.442,0.00,0.00,0.00,0.00,2,0
2026-06-12 18:24:43.492,0.00,0.00,0.00,0.00,2,0
2026-06-12 18:24:43.543,0.00,0.00,0.00,0.00,2,0
2026-06-12 18:24:43.593,0.00,0.00,0.00,0.00,2,0
2026-06-12 18:24:43.645,0.00,0.00,0.00,0.00,2,0
2026-06-12 18:24:43.694,0.00,0.00,0.00,0.00,2,0
2026-06-12 18:24:43.744,0.00,0.00,0.00,0.00,2,0
2026-06-12 18:24:43.795,0.00,0.00,0.00,0.00,2,0
2026-06-12 18:24:43.846,0.00,0.00,0.00,0.00,2,0
2026-06-12 18:24:43.895,0.00,0.00,0.00,0.00,2,0
2026-06-12 18:24:43.946,0.00,0.00,0.00,0.00,2,0
2026-06-12 18:24:43.996,0.00,0.00,0.00,0.00,2,0
2026-06-12 18:24:44.047,0.00,0.00,0.00,0.00,2,0
2026-06-12 18:24:44.098,0.00,0.00,0.00,0.00,2,0
2026-06-12 18:24:44.148,0.00,0.00,0.00,0.00,2,0
2026-06-12 18:24:44.198,0.00,0.00,0.00,0.00,2,0
2026-06-12 18:24:44.249,0.00,0.00,0.00,0.00,2,0
2026-06-12 18:24:44.299,0.00,0.00,0.00,0.00,2,0
2026-06-12 18:24:44.349,0.00,0.00,0.00,0.00,2,0
2026-06-12 18:24:44.399,0.00,0.00,0.00,0.00,2,0
2026-06-12 18:24:44.450,0.00,0.00,0.00,0.00,2,0
2026-06-12 18:24:44.500,0.00,0.00,0.00,0.00,2,0
2026-06-12 18:24:44.551,0.00,0.00,0.00,0.00,2,0
2026-06-12 18:24:44.601,0.00,0.00,0.00,0.00,2,0
2026-06-12 18:24:44.651,0.00,0.00,0.00,0.00,2,0
2026-06-12 18:24:44.702,0.00,0.00,0.00,0.00,2,0
2026-06-12 18:24:44.752,0.00,0.00,0.00,0.00,2,0
2026-06-12 18:24:44.803,0.00,0.00,0.00,0.00,2,0
2026-06-12 18:24:44.853,0.00,0.00,0.00,0.00,2,0
2026-06-12 18:24:44.904,0.00,0.00,0.00,0.00,2,0
2026-06-12 18:24:44.954,0.00,0.00,0.00,0.00,2,0
2026-06-12 18:24:45.004,0.00,0.00,0.00,0.00,2,0
2026-06-12 18:24:45.055,0.00,0.00,0.00,0.00,2,0
2026-06-12 18:24:45.105,0.00,0.00,0.00,0.00,2,0
2026-06-12 18:24:45.156,0.00,0.00,0.00,0.00,2,0
2026-06-12 18:24:45.206,0.00,0.00,0.00,0.00,2,0
2026-06-12 18:24:45.256,0.00,0.00,0.00,0.00,2,0
2026-06-12 18:24:45.309,0.00,0.00,0.00,0.00,2,0
2026-06-12 18:24:45.357,0.00,0.00,0.00,0.00,2,0
2026-06-12 18:24:45.408,0.00,0.00,0.00,0.00,2,0
2026-06-12 18:24:45.458,0.00,0.00,0.00,0.00,2,0
2026-06-12 18:24:45.508,0.00,0.00,0.00,0.00,2,0
2026-06-12 18:24:45.558,0.00,0.00,0.00,0.00,2,0
2026-06-12 18:24:45.609,0.00,0.00,0.00,0.00,2,0
2026-06-12 18:24:45.659,0.00,0.00,0.00,0.00,2,0
2026-06-12 18:24:45.710,0.00,0.00,0.00,0.00,2,0
2026-06-12 18:24:45.760,0.00,0.00,0.00,0.00,2,0
2026-06-12 18:24:45.811,0.00,0.00,0.00,0.00,2,0
2026-06-12 18:24:45.861,0.00,0.00,0.00,0.00,2,0
2026-06-12 18:24:45.911,0.00,0.00,0.00,0.00,2,0
2026-06-12 18:24:45.962,0.00,0.00,0.00,0.00,2,0
2026-06-12 18:24:46.012,0.00,0.00,0.00,0.00,2,0
2026-06-12 18:24:46.063,0.00,0.00,0.00,0.00,2,0
2026-06-12 18:24:46.113,0.00,0.00,0.00,0.00,2,0
2026-06-12 18:24:46.163,0.00,0.00,0.00,0.00,2,0
2026-06-12 18:24:46.214,0.00,0.00,0.00,0.00,2,0
2026-06-12 18:24:46.264,0.00,0.00,0.00,0.00,2,0
2026-06-12 18:24:46.315,0.00,0.00,0.00,0.00,2,0
2026-06-12 18:24:46.365,0.00,0.00,0.00,0.00,2,0
2026-06-12 18:24:46.415,0.00,0.00,0.00,0.00,2,0
2026-06-12 18:24:46.466,0.00,0.00,0.00,0.00,2,0
2026-06-12 18:24:46.516,0.00,0.00,0.00,0.00,2,0
2026-06-12 18:24:46.567,0.00,0.00,0.00,0.00,2,0
2026-06-12 18:24:46.617,0.00,0.00,0.00,0.00,2,0
2026-06-12 18:24:46.667,0.00,0.00,0.00,0.00,2,0
2026-06-12 18:24:46.718,0.00,0.00,0.00,0.00,2,0
2026-06-12 18:24:46.768,0.00,0.00,0.00,0.00,2,0
2026-06-12 18:24:46.819,0.00,0.00,0.00,0.00,2,0
2026-06-12 18:24:46.869,0.00,0.00,0.00,0.00,2,0
2026-06-12 18:24:46.919,0.00,0.00,0.00,0.00,2,0
2026-06-12 18:24:46.970,0.00,0.00,0.00,0.00,2,0
2026-06-12 18:24:47.021,0.00,0.00,0.00,0.00,2,0
2026-06-12 18:24:47.070,0.00,0.00,0.00,0.00,2,0
2026-06-12 18:24:47.121,0.00,0.00,0.00,0.00,2,0
2026-06-12 18:24:47.171,0.00,0.00,0.00,0.00,2,0
2026-06-12 18:24:47.222,0.00,0.00,0.00,0.00,2,0
2026-06-12 18:24:47.272,0.00,0.00,0.00,0.00,2,0
2026-06-12 18:24:47.323,0.00,0.00,0.00,0.00,2,0
2026-06-12 18:24:47.373,0.00,0.00,0.00,0.00,2,0
2026-06-12 18:24:47.424,0.00,0.00,0.00,0.00,2,0
2026-06-12 18:24:47.474,0.00,0.00,0.00,0.00,2,0
2026-06-12 18:24:47.524,0.00,0.00,0.00,0.00,2,0
2026-06-12 18:24:47.575,0.00,0.00,0.00,0.00,2,0
2026-06-12 18:24:47.625,0.00,0.00,0.00,0.00,2,0
2026-06-12 18:24:47.675,0.00,0.00,0.00,0.00,2,0
2026-06-12 18:24:47.726,0.00,0.00,0.00,0.00,2,0
2026-06-12 18:24:47.776,0.00,0.00,0.00,0.00,2,0
2026-06-12 18:24:47.827,0.00,0.00,0.00,0.00,2,0
2026-06-12 18:24:47.877,0.00,0.00,0.00,0.00,2,0
2026-06-12 18:24:47.928,0.00,0.00,0.00,0.00,2,0
2026-06-12 18:24:47.979,0.00,0.00,0.00,0.00,2,0
2026-06-12 18:24:48.028,0.00,0.00,0.00,0.00,2,0
2026-06-12 18:24:48.078,0.00,0.00,0.00,0.00,2,0
2026-06-12 18:24:48.129,0.00,0.00,0.00,0.00,2,0
2026-06-12 18:24:48.179,0.00,0.00,0.00,0.00,2,0
2026-06-12 18:24:48.230,0.00,0.00,0.00,0.00,2,0
2026-06-12 18:24:48.280,0.00,0.00,0.00,0.00,2,0
2026-06-12 18:24:48.331,0.00,0.00,0.00,0.00,2,0
2026-06-12 18:24:48.381,0.00,0.00,0.00,0.00,2,0
2026-06-12 18:24:48.431,0.00,0.00,0.00,0.00,2,0
2026-06-12 18:24:48.482,0.00,0.00,0.00,0.00,2,0
2026-06-12 18:24:48.532,0.00,0.00,0.00,0.00,2,0
2026-06-12 18:24:48.582,0.00,0.00,0.00,0.00,2,0
2026-06-12 18:24:48.633,0.00,0.00,0.00,0.00,2,0
2026-06-12 18:24:48.683,0.00,0.00,0.00,0.00,2,0
2026-06-12 18:24:48.734,0.00,0.00,0.00,0.00,2,0
2026-06-12 18:24:48.784,0.00,0.00,0.00,0.00,2,0
2026-06-12 18:24:48.835,0.00,0.00,0.00,0.00,2,0
2026-06-12 18:24:48.885,0.00,0.00,0.00,0.00,2,0
2026-06-12 18:24:48.935,0.00,0.00,0.00,0.00,2,0
2026-06-12 18:24:48.986,0.00,0.00,0.00,0.00,2,0
2026-06-12 18:24:49.036,0.00,0.00,0.00,0.00,2,0
2026-06-12 18:24:49.086,0.00,0.00,0.00,0.00,2,0
2026-06-12 18:24:49.137,0.00,0.00,0.00,0.00,2,0
2026-06-12 18:24:49.187,0.00,0.00,0.00,0.00,2,0
2026-06-12 18:24:49.238,0.00,0.00,0.00,0.00,2,0
2026-06-12 18:24:49.289,0.00,0.00,0.00,0.00,2,0
2026-06-12 18:24:49.338,0.00,0.00,0.00,0.00,2,0
2026-06-12 18:24:49.389,0.00,0.00,0.00,0.00,2,0
2026-06-12 18:24:49.439,0.00,0.00,0.00,0.00,2,0
2026-06-12 18:24:49.490,0.00,0.00,0.00,0.00,2,0
2026-06-12 18:24:49.540,0.00,0.00,0.00,0.00,2,0
2026-06-12 18:24:49.590,0.00,0.00,0.00,0.00,2,0
2026-06-12 18:24:49.641,0.00,0.00,0.00,0.00,2,0
2026-06-12 18:24:49.691,0.00,0.00,0.00,0.00,2,0
2026-06-12 18:24:49.742,0.00,0.00,0.00,0.00,2,0
2026-06-12 18:24:49.792,0.00,0.00,0.00,0.00,2,0
2026-06-12 18:24:49.843,0.00,0.00,0.00,0.00,2,0
2026-06-12 18:24:49.893,0.00,0.00,0.00,0.00,2,0
2026-06-12 18:24:49.943,0.00,0.00,0.00,0.00,2,0
2026-06-12 18:24:49.994,0.00,0.00,0.00,0.00,2,0
2026-06-12 18:24:50.044,0.00,0.00,0.00,0.00,2,0
2026-06-12 18:24:50.094,0.00,0.00,0.00,0.00,2,0
2026-06-12 18:24:50.145,0.00,0.00,0.00,0.00,2,0
2026-06-12 18:24:50.195,0.00,0.00,0.00,0.00,2,0
2026-06-12 18:24:50.246,0.00,0.00,0.00,0.00,2,0
2026-06-12 18:24:50.296,0.00,0.00,0.00,0.00,2,0
2026-06-12 18:24:50.346,0.00,0.00,0.00,0.00,2,0
2026-06-12 18:24:50.397,0.00,0.00,0.00,0.00,2,0
2026-06-12 18:24:50.447,0.00,0.00,0.00,0.00,2,0
2026-06-12 18:24:50.498,0.00,0.00,0.00,0.00,2,0
2026-06-12 18:24:50.549,0.00,0.00,0.00,0.00,2,0
2026-06-12 18:24:50.599,0.00,0.00,0.00,0.00,2,0
2026-06-12 18:24:50.649,0.00,0.00,0.00,0.00,2,0
2026-06-12 18:24:50.699,0.00,0.00,0.00,0.00,2,0
2026-06-12 18:24:50.750,0.00,0.00,0.00,0.00,2,0
2026-06-12 18:24:50.800,0.00,0.00,0.00,0.00,2,0
2026-06-12 18:24:50.850,0.00,0.00,0.00,0.00,2,0
2026-06-12 18:24:50.901,0.00,0.00,0.00,0.00,2,0
2026-06-12 18:24:50.951,0.00,0.00,0.00,0.00,2,0
2026-06-12 18:24:51.002,0.00,0.00,0.00,0.00,2,0
2026-06-12 18:24:51.052,0.00,0.00,0.00,0.00,2,0
2026-06-12 18:24:51.102,0.00,0.00,0.00,0.00,2,0
2026-06-12 18:24:51.153,0.00,0.00,0.00,0.00,2,0
2026-06-12 18:24:51.203,0.00,0.00,0.00,0.00,2,0
2026-06-12 18:24:51.254,0.00,0.00,0.00,0.00,2,0
2026-06-12 18:24:51.304,0.00,0.00,0.00,0.00,2,0
2026-06-12 18:24:51.354,0.00,0.00,0.00,0.00,2,0
2026-06-12 18:24:51.405,0.00,0.00,0.00,0.00,2,0
2026-06-12 18:24:51.455,0.00,0.00,0.00,0.00,2,0
2026-06-12 18:24:51.506,0.00,0.00,0.00,0.00,2,0
2026-06-12 18:24:51.556,0.00,0.00,0.00,0.00,2,0
2026-06-12 18:24:51.606,0.00,0.00,0.00,0.00,2,0
2026-06-12 18:24:51.657,0.00,0.00,0.00,0.00,2,0
2026-06-12 18:24:51.707,0.00,0.00,0.00,0.00,2,0
2026-06-12 18:24:51.758,0.00,0.00,0.00,0.00,2,0
2026-06-12 18:24:51.809,0.00,0.00,0.00,0.00,2,0
2026-06-12 18:24:51.859,0.00,0.00,0.00,0.00,2,0
2026-06-12 18:24:51.909,0.00,0.00,0.00,0.00,2,0
2026-06-12 18:24:51.959,0.00,0.00,0.00,0.00,2,0
2026-06-12 18:24:52.010,0.00,0.00,0.00,0.00,2,0
2026-06-12 18:24:52.060,0.00,0.00,0.00,0.00,2,0
2026-06-12 18:24:52.110,0.00,0.00,0.00,0.00,2,0
2026-06-12 18:24:52.161,0.00,0.00,0.00,0.00,2,0
2026-06-12 18:24:52.211,0.00,0.00,0.00,0.00,2,0
2026-06-12 18:24:52.262,0.00,0.00,0.00,0.00,2,0
2026-06-12 18:24:52.312,0.00,0.00,0.00,0.00,2,0
2026-06-12 18:24:52.362,0.00,0.00,0.00,0.00,2,0
2026-06-12 18:24:52.413,0.00,0.00,0.00,0.00,2,0
2026-06-12 18:24:52.463,0.00,0.00,0.00,0.00,2,0
2026-06-12 18:24:52.514,0.00,0.00,0.00,0.00,2,0
2026-06-12 18:24:52.564,0.00,0.00,0.00,0.00,2,0
2026-06-12 18:24:52.614,0.00,0.00,0.00,0.00,2,0
2026-06-12 18:24:52.665,0.00,0.00,0.00,0.00,2,0
2026-06-12 18:24:52.715,0.00,0.00,0.00,0.00,2,0
2026-06-12 18:24:52.766,0.00,0.00,0.00,0.00,2,0
2026-06-12 18:24:52.816,0.00,0.00,0.00,0.00,2,0
2026-06-12 18:24:52.866,0.00,0.00,0.00,0.00,2,0
2026-06-12 18:24:52.917,0.00,0.00,0.00,0.00,2,0
2026-06-12 18:24:52.968,0.00,0.00,0.00,0.00,2,0
2026-06-12 18:24:53.018,0.00,0.00,0.00,0.00,2,0
2026-06-12 18:24:53.068,0.00,0.00,0.00,0.00,2,0
2026-06-12 18:24:53.118,0.00,0.00,0.00,0.00,2,0
2026-06-12 18:24:53.169,0.00,0.00,0.00,0.00,2,0
2026-06-12 18:24:53.219,0.00,0.00,0.00,0.00,2,0
2026-06-12 18:24:53.270,0.00,0.00,0.00,0.00,2,0
2026-06-12 18:24:53.320,0.00,0.00,0.00,0.00,2,0
2026-06-12 18:24:53.370,0.00,0.00,0.00,0.00,2,0
2026-06-12 18:24:53.421,0.00,0.00,0.00,0.00,2,0
2026-06-12 18:24:53.471,0.00,0.00,0.00,0.00,2,0
2026-06-12 18:24:53.522,0.00,0.00,0.00,0.00,2,0
2026-06-12 18:24:53.572,0.00,0.00,0.00,0.00,2,0
2026-06-12 18:24:53.622,0.00,0.00,0.00,0.00,2,0
2026-06-12 18:24:53.673,0.00,0.00,0.00,0.00,2,0
2026-06-12 18:24:53.723,0.00,0.00,0.00,0.00,2,0
2026-06-12 18:24:53.774,0.00,0.00,0.00,0.00,2,0
2026-06-12 18:24:53.824,0.00,0.00,0.00,0.00,2,0
2026-06-12 18:24:53.874,0.00,0.00,0.00,0.00,2,0
2026-06-12 18:24:53.925,0.00,0.00,0.00,0.00,2,0
2026-06-12 18:24:53.975,0.00,0.00,0.00,0.00,2,0
2026-06-12 18:24:54.026,0.00,0.00,0.00,0.00,2,0
2026-06-12 18:24:54.076,0.00,0.00,0.00,0.00,2,0
2026-06-12 18:24:54.127,0.00,0.00,0.00,0.00,2,0
2026-06-12 18:24:54.177,0.00,0.00,0.00,0.00,2,0
2026-06-12 18:24:54.227,0.00,0.00,0.00,0.00,2,0
2026-06-12 18:24:54.279,0.00,0.00,0.00,0.00,2,0
2026-06-12 18:24:54.328,0.00,0.00,0.00,0.00,2,0
2026-06-12 18:24:54.378,0.00,0.00,0.00,0.00,2,0
2026-06-12 18:24:54.429,0.00,0.00,0.00,0.00,2,0
2026-06-12 18:24:54.479,0.00,0.00,0.00,0.00,2,0
2026-06-12 18:24:54.530,0.00,0.00,0.00,0.00,2,0
2026-06-12 18:24:54.580,0.00,0.00,0.00,0.00,2,0
2026-06-12 18:24:54.630,0.00,0.00,0.00,0.00,2,0
2026-06-12 18:24:54.681,0.00,0.00,0.00,0.00,2,0
2026-06-12 18:24:54.731,0.00,0.00,0.00,0.00,1,0
2026-06-12 18:24:54.782,0.00,0.00,0.00,0.00,1,0
2026-06-12 18:24:54.832,0.00,0.00,0.00,0.00,1,0
2026-06-12 18:24:54.883,0.00,0.00,0.00,0.00,1,0
2026-06-12 18:24:54.933,0.00,0.00,0.00,0.00,1,0
2026-06-12 18:24:54.983,0.00,0.00,0.00,0.00,1,0
2026-06-12 18:24:55.034,0.00,0.00,0.00,0.00,1,0
2026-06-12 18:24:55.084,0.00,0.00,0.00,0.00,1,0
2026-06-12 18:24:55.134,0.00,0.00,0.00,0.00,1,0
2026-06-12 18:24:55.185,0.00,0.00,0.00,0.00,1,0
2026-06-12 18:24:55.235,0.00,0.00,0.00,0.00,1,0
2026-06-12 18:24:55.286,0.00,0.00,0.00,0.00,1,0
2026-06-12 18:24:55.336,0.00,0.00,0.00,0.00,1,0
2026-06-12 18:24:55.386,0.00,0.00,0.00,0.00,1,0
2026-06-12 18:24:55.437,0.00,0.00,0.00,0.00,1,0
2026-06-12 18:24:55.487,0.00,0.00,0.00,0.00,1,0
2026-06-12 18:24:55.538,0.00,0.00,0.00,0.00,1,0
2026-06-12 18:24:55.589,0.00,0.00,0.00,0.00,1,0
2026-06-12 18:24:55.639,0.00,0.00,0.00,0.00,1,0
2026-06-12 18:24:55.689,0.00,0.00,0.00,0.00,1,0
2026-06-12 18:24:55.740,0.00,0.00,0.00,0.00,1,0
2026-06-12 18:24:55.790,0.00,0.00,0.00,0.00,1,0
2026-06-12 18:24:55.842,0.00,0.00,0.00,0.00,1,0
2026-06-12 18:24:55.891,0.00,0.00,0.00,0.00,1,0
2026-06-12 18:24:55.941,0.00,0.00,0.00,0.00,1,0
2026-06-12 18:24:55.991,0.00,0.00,0.00,0.00,1,0
2026-06-12 18:24:56.042,0.00,0.00,0.00,0.00,1,0
2026-06-12 18:24:56.092,0.00,0.00,0.00,0.00,1,0
2026-06-12 18:24:56.142,0.00,0.00,0.00,0.00,1,0
2026-06-12 18:24:56.193,0.00,0.00,0.00,0.00,1,0
2026-06-12 18:24:56.243,0.00,0.00,0.00,0.00,1,0
2026-06-12 18:24:56.294,0.00,0.00,0.00,0.00,1,0
2026-06-12 18:24:56.344,0.00,0.00,0.00,0.00,1,0
2026-06-12 18:24:56.394,0.00,0.00,0.00,0.00,1,0
2026-06-12 18:24:56.445,0.00,0.00,0.00,0.00,1,0
2026-06-12 18:24:56.495,0.00,0.00,0.00,0.00,1,0
2026-06-12 18:24:56.546,0.00,0.00,0.00,0.00,1,0
2026-06-12 18:24:56.596,0.00,0.00,0.00,0.00,1,0
2026-06-12 18:24:56.646,0.00,0.00,0.00,0.00,1,0
2026-06-12 18:24:56.697,0.00,0.00,0.00,0.00,1,0
2026-06-12 18:24:56.747,0.00,0.00,0.00,0.00,1,0
2026-06-12 18:24:56.798,0.00,0.00,0.00,0.00,1,0
2026-06-12 18:24:56.848,0.00,0.00,0.00,0.00,1,0
2026-06-12 18:24:56.899,0.00,0.00,0.00,0.00,1,0
2026-06-12 18:24:56.952,0.00,0.00,0.00,0.00,1,0
2026-06-12 18:24:56.999,0.00,0.00,0.00,0.00,1,0
2026-06-12 18:24:57.049,0.00,0.00,0.00,0.00,1,0
2026-06-12 18:24:57.100,0.00,0.00,0.00,0.00,1,0
2026-06-12 18:24:57.150,0.00,0.00,0.00,0.00,1,0
2026-06-12 18:24:57.201,0.00,0.00,0.00,0.00,1,0
2026-06-12 18:24:57.251,0.00,0.00,0.00,0.00,1,0
2026-06-12 18:24:57.302,0.00,0.00,0.00,0.00,1,0
2026-06-12 18:24:57.352,0.00,0.00,0.00,0.00,1,0
2026-06-12 18:24:57.402,0.00,0.00,0.00,0.00,1,0
2026-06-12 18:24:57.453,0.00,0.00,0.00,0.00,1,0
2026-06-12 18:24:57.503,0.00,0.00,0.00,0.00,1,0
2026-06-12 18:24:57.553,0.00,0.00,0.00,0.00,1,0
2026-06-12 18:24:57.604,0.00,0.00,0.00,0.00,1,0
2026-06-12 18:24:57.654,0.00,0.00,0.00,0.00,1,0
2026-06-12 18:24:57.705,0.00,0.00,0.00,0.00,1,0
2026-06-12 18:24:57.755,0.00,0.00,0.00,0.00,0,0
2026-06-12 18:24:57.805,0.00,0.00,0.03,0.01,0,0
2026-06-12 18:24:57.856,0.00,0.00,0.03,0.01,0,0
2026-06-12 18:24:57.906,0.00,0.00,0.03,0.01,0,0
2026-06-12 18:24:57.957,0.00,0.00,0.03,0.01,0,0
2026-06-12 18:24:58.007,0.00,0.00,0.03,0.01,0,0
2026-06-12 18:24:58.058,0.00,0.00,0.03,0.01,0,0
2026-06-12 18:24:58.108,0.00,0.00,0.03,0.01,0,0
2026-06-12 18:24:58.158,0.00,0.00,0.03,0.01,0,0
2026-06-12 18:24:58.209,0.00,0.00,0.03,0.01,0,0
2026-06-12 18:24:58.259,0.00,0.00,0.03,0.01,0,0
2026-06-12 18:24:58.309,0.00,0.00,0.03,0.01,0,0
2026-06-12 18:24:58.360,0.00,0.00,0.03,0.01,0,0
2026-06-12 18:24:58.410,0.00,0.00,0.03,0.01,0,0
2026-06-12 18:24:58.461,0.00,0.00,0.03,0.01,0,0
2026-06-12 18:24:58.511,0.00,0.00,0.03,0.01,0,0
2026-06-12 18:24:58.562,0.00,0.00,0.03,0.01,0,0
2026-06-12 18:24:58.613,0.00,0.00,0.03,0.01,0,0
2026-06-12 18:24:58.662,0.00,0.00,0.03,0.01,0,0
2026-06-12 18:24:58.713,0.00,0.00,0.03,0.01,0,0
2026-06-12 18:24:58.763,0.00,0.00,0.03,0.01,0,0
2026-06-12 18:24:58.814,0.00,0.00,0.03,0.01,0,0
2026-06-12 18:24:58.864,0.00,0.00,0.03,0.01,0,0
2026-06-12 18:24:58.914,0.00,0.00,0.03,0.01,0,0
2026-06-12 18:24:58.965,0.00,0.00,0.03,0.01,0,0
2026-06-12 18:24:59.015,0.00,0.00,0.03,0.01,0,0
2026-06-12 18:24:59.066,0.00,0.00,0.03,0.01,0,0
2026-06-12 18:24:59.116,0.00,0.00,0.03,0.01,0,0
2026-06-12 18:24:59.166,0.00,0.00,0.03,0.01,0,0
2026-06-12 18:24:59.217,0.00,0.00,0.03,0.01,0,0
2026-06-12 18:24:59.267,0.00,0.00,0.03,0.01,0,0
2026-06-12 18:24:59.318,0.00,0.00,0.03,0.01,0,0
2026-06-12 18:24:59.369,0.00,0.00,0.03,0.01,0,0
2026-06-12 18:24:59.418,0.00,0.00,0.03,0.01,0,0
2026-06-12 18:24:59.469,0.00,0.00,0.03,0.01,0,0
2026-06-12 18:24:59.519,0.00,0.00,0.03,0.01,0,0
2026-06-12 18:24:59.570,0.00,0.00,0.03,0.01,0,0
2026-06-12 18:24:59.620,0.00,0.00,0.03,0.01,0,0
2026-06-12 18:24:59.671,0.00,0.00,0.03,0.01,0,0
2026-06-12 18:24:59.721,0.00,0.00,0.03,0.01,0,0
2026-06-12 18:24:59.771,0.20,0.00,0.03,0.01,2,0
2026-06-12 18:24:59.822,0.20,0.00,5.92,1.78,2,0
2026-06-12 18:24:59.872,0.20,0.00,5.92,1.78,2,0
2026-06-12 18:24:59.922,0.20,0.00,5.92,1.78,2,0
2026-06-12 18:24:59.973,0.20,0.00,5.92,1.78,2,0
2026-06-12 18:25:00.023,0.20,0.00,5.92,1.78,2,0
2026-06-12 18:25:00.074,0.20,0.00,5.92,1.78,2,0
2026-06-12 18:25:00.124,0.20,0.00,5.92,1.78,2,0
2026-06-12 18:25:00.174,0.20,0.00,5.92,1.78,2,0
2026-06-12 18:25:00.225,0.20,0.00,5.92,1.78,2,0
2026-06-12 18:25:00.275,0.20,0.00,5.92,1.78,2,0
2026-06-12 18:25:00.326,0.20,0.00,5.92,1.78,2,0
2026-06-12 18:25:00.376,0.20,0.00,5.92,1.78,2,0
2026-06-12 18:25:00.429,0.20,0.00,5.92,1.78,2,0
2026-06-12 18:25:00.477,0.20,0.00,5.92,1.78,2,0
2026-06-12 18:25:00.527,0.20,0.00,5.92,1.78,2,0
2026-06-12 18:25:00.578,0.20,0.00,5.92,1.78,2,0
2026-06-12 18:25:00.628,0.20,0.00,5.92,1.78,2,0
2026-06-12 18:25:00.678,0.20,0.00,5.92,1.78,2,0
2026-06-12 18:25:00.729,0.20,0.00,5.92,1.78,2,0
2026-06-12 18:25:00.779,0.20,0.00,5.92,1.78,2,0
2026-06-12 18:25:00.830,0.20,0.00,5.92,1.78,2,0
2026-06-12 18:25:00.880,0.20,0.00,5.92,1.78,2,0
2026-06-12 18:25:00.930,0.20,0.00,5.92,1.78,2,0
2026-06-12 18:25:00.981,0.20,0.00,5.92,1.78,2,0
2026-06-12 18:25:01.031,0.20,0.00,5.92,1.78,2,0
2026-06-12 18:25:01.082,0.20,0.00,5.92,1.78,2,0
2026-06-12 18:25:01.132,0.20,0.00,5.92,1.78,2,0
2026-06-12 18:25:01.182,0.20,0.00,5.92,1.78,2,0
2026-06-12 18:25:01.233,0.20,0.00,5.92,1.78,2,0
2026-06-12 18:25:01.283,0.20,0.00,5.92,1.78,2,0
2026-06-12 18:25:01.334,0.20,0.00,5.92,1.78,2,0
2026-06-12 18:25:01.384,0.20,0.00,5.92,1.78,2,0
2026-06-12 18:25:01.434,0.20,0.00,5.92,1.78,2,0
2026-06-12 18:25:01.485,0.20,0.00,5.92,1.78,2,0
2026-06-12 18:25:01.535,0.20,0.00,5.92,1.78,2,0
2026-06-12 18:25:01.586,0.20,0.00,5.92,1.78,2,0
2026-06-12 18:25:01.636,0.20,0.00,5.92,1.78,2,0
2026-06-12 18:25:01.687,0.20,0.00,5.92,1.78,2,0
2026-06-12 18:25:01.737,0.20,0.00,5.92,1.78,2,0
2026-06-12 18:25:01.788,0.00,0.00,5.92,1.78,2,0
2026-06-12 18:25:01.838,0.00,0.00,0.00,0.00,2,0
2026-06-12 18:25:01.888,0.00,0.00,0.00,0.00,2,0
2026-06-12 18:25:01.938,0.00,0.00,0.00,0.00,2,0
2026-06-12 18:25:01.989,0.00,0.00,0.00,0.00,2,0
2026-06-12 18:25:02.039,0.00,0.00,0.00,0.00,2,0
2026-06-12 18:25:02.090,0.00,0.00,0.00,0.00,2,0
2026-06-12 18:25:02.140,0.00,0.00,0.00,0.00,2,0
2026-06-12 18:25:02.190,0.00,0.00,0.00,0.00,2,0
2026-06-12 18:25:02.241,0.00,0.00,0.00,0.00,2,0
2026-06-12 18:25:02.291,0.00,0.00,0.00,0.00,2,0
2026-06-12 18:25:02.342,0.00,0.00,0.00,0.00,2,0
2026-06-12 18:25:02.392,0.00,0.00,0.00,0.00,2,0
2026-06-12 18:25:02.442,0.00,0.00,0.00,0.00,2,0
2026-06-12 18:25:02.493,0.00,0.00,0.00,0.00,2,0
2026-06-12 18:25:02.543,0.00,0.00,0.00,0.00,2,0
2026-06-12 18:25:02.594,0.00,0.00,0.00,0.00,2,0
2026-06-12 18:25:02.644,0.00,0.00,0.00,0.00,2,0
2026-06-12 18:25:02.694,0.00,0.00,0.00,0.00,2,0
2026-06-12 18:25:02.747,0.00,0.00,0.00,0.00,2,0
2026-06-12 18:25:02.795,0.00,0.00,0.00,0.00,2,0
2026-06-12 18:25:02.846,0.00,0.00,0.00,0.00,2,0
2026-06-12 18:25:02.896,0.00,0.00,0.00,0.00,2,0
2026-06-12 18:25:02.947,0.00,0.00,0.00,0.00,2,0
2026-06-12 18:25:02.997,0.00,0.00,0.00,0.00,2,0
2026-06-12 18:25:03.047,0.00,0.00,0.00,0.00,2,0
2026-06-12 18:25:03.100,0.00,0.00,0.00,0.00,2,0
2026-06-12 18:25:03.148,0.00,0.00,0.00,0.00,2,0
2026-06-12 18:25:03.198,0.00,0.00,0.00,0.00,2,0
2026-06-12 18:25:03.249,0.00,0.00,0.00,0.00,2,0
2026-06-12 18:25:03.300,0.00,0.00,0.00,0.00,2,0
2026-06-12 18:25:03.349,0.00,0.00,0.00,0.00,2,0
2026-06-12 18:25:03.400,0.00,0.00,0.00,0.00,2,0
2026-06-12 18:25:03.450,0.00,0.00,0.00,0.00,2,0
2026-06-12 18:25:03.501,0.00,0.00,0.00,0.00,2,0
2026-06-12 18:25:03.551,0.00,0.00,0.00,0.00,2,0
2026-06-12 18:25:03.602,0.00,0.00,0.00,0.00,2,0
2026-06-12 18:25:03.652,0.00,0.00,0.00,0.00,2,0
2026-06-12 18:25:03.702,0.00,0.00,0.00,0.00,2,0
2026-06-12 18:25:03.753,0.00,0.00,0.00,0.00,2,0
2026-06-12 18:25:03.803,0.00,0.00,0.00,0.00,2,0
2026-06-12 18:25:03.854,0.00,0.00,0.00,0.00,2,0
2026-06-12 18:25:03.904,0.00,0.00,0.00,0.00,2,0
2026-06-12 18:25:03.954,0.00,0.00,0.00,0.00,2,0
2026-06-12 18:25:04.005,0.00,0.00,0.00,0.00,2,0
2026-06-12 18:25:04.055,0.00,0.00,0.00,0.00,2,0
2026-06-12 18:25:04.106,0.00,0.00,0.00,0.00,2,0
2026-06-12 18:25:04.156,0.00,0.00,0.00,0.00,2,0
2026-06-12 18:25:04.206,0.00,0.00,0.00,0.00,2,0
2026-06-12 18:25:04.257,0.00,0.00,0.00,0.00,2,0
2026-06-12 18:25:04.307,0.00,0.00,0.00,0.00,2,0
2026-06-12 18:25:04.358,0.00,0.00,0.00,0.00,2,0
2026-06-12 18:25:04.409,0.00,0.00,0.00,0.00,2,0
2026-06-12 18:25:04.458,0.00,0.00,0.00,0.00,2,0
2026-06-12 18:25:04.509,0.00,0.00,0.00,0.00,2,0
2026-06-12 18:25:04.559,0.00,0.00,0.00,0.00,2,0
2026-06-12 18:25:04.610,0.00,0.00,0.00,0.00,2,0
2026-06-12 18:25:04.660,0.00,0.00,0.00,0.00,2,0
2026-06-12 18:25:04.710,0.00,0.00,0.00,0.00,2,0
2026-06-12 18:25:04.761,0.00,0.00,0.00,0.00,2,0
2026-06-12 18:25:04.813,0.00,0.00,0.00,0.00,2,0
2026-06-12 18:25:04.861,0.00,0.00,0.00,0.00,2,0
2026-06-12 18:25:04.912,0.00,0.00,0.00,0.00,2,0
2026-06-12 18:25:04.962,0.00,0.00,0.00,0.00,2,0
2026-06-12 18:25:05.013,0.00,0.00,0.00,0.00,2,0
2026-06-12 18:25:05.063,0.00,0.00,0.00,0.00,2,0
2026-06-12 18:25:05.114,0.00,0.00,0.00,0.00,2,0
2026-06-12 18:25:05.164,0.00,0.00,0.00,0.00,2,0
2026-06-12 18:25:05.214,0.00,0.00,0.00,0.00,2,0
2026-06-12 18:25:05.265,0.00,0.00,0.00,0.00,2,0
2026-06-12 18:25:05.315,0.00,0.00,0.00,0.00,2,0
2026-06-12 18:25:05.365,0.00,0.00,0.00,0.00,2,0
2026-06-12 18:25:05.416,0.00,0.00,0.00,0.00,2,0
2026-06-12 18:25:05.466,0.00,0.00,0.00,0.00,2,0
2026-06-12 18:25:05.517,0.00,0.00,0.00,0.00,2,0
2026-06-12 18:25:05.567,0.00,0.00,0.00,0.00,2,0
2026-06-12 18:25:05.618,0.00,0.00,0.00,0.00,2,0
2026-06-12 18:25:05.668,0.00,0.00,0.00,0.00,2,0
2026-06-12 18:25:05.719,0.00,0.00,0.00,0.00,2,0
2026-06-12 18:25:05.769,0.00,0.00,0.00,0.00,2,0
2026-06-12 18:25:05.819,0.00,0.00,0.00,0.00,2,0
2026-06-12 18:25:05.869,0.00,0.00,0.00,0.00,2,0
2026-06-12 18:25:05.920,0.00,0.00,0.00,0.00,2,0
2026-06-12 18:25:05.970,0.00,0.00,0.00,0.00,2,0
2026-06-12 18:25:06.021,0.00,0.00,0.00,0.00,2,0
2026-06-12 18:25:06.071,0.00,0.00,0.00,0.00,2,0
2026-06-12 18:25:06.122,0.00,0.00,0.00,0.00,2,0
2026-06-12 18:25:06.172,0.00,0.00,0.00,0.00,2,0
2026-06-12 18:25:06.222,0.00,0.00,0.00,0.00,2,0
2026-06-12 18:25:06.273,0.00,0.00,0.00,0.00,2,0
2026-06-12 18:25:06.323,0.00,0.00,0.00,0.00,2,0
2026-06-12 18:25:06.374,0.00,0.00,0.00,0.00,2,0
2026-06-12 18:25:06.426,0.00,0.00,0.00,0.00,2,0
2026-06-12 18:25:06.474,0.00,0.00,0.00,0.00,2,0
2026-06-12 18:25:06.525,0.00,0.00,0.00,0.00,2,0
2026-06-12 18:25:06.575,0.00,0.00,0.00,0.00,2,0
2026-06-12 18:25:06.626,0.00,0.00,0.00,0.00,2,0
2026-06-12 18:25:06.676,0.00,0.00,0.00,0.00,2,0
2026-06-12 18:25:06.726,0.00,0.00,0.00,0.00,2,0
2026-06-12 18:25:06.777,0.00,0.00,0.00,0.00,2,0
2026-06-12 18:25:06.827,0.00,0.00,0.00,0.00,2,0
2026-06-12 18:25:06.878,0.00,0.00,0.00,0.00,2,0
2026-06-12 18:25:06.928,0.00,0.00,0.00,0.00,2,0
2026-06-12 18:25:06.978,0.00,0.00,0.00,0.00,2,0
2026-06-12 18:25:07.029,0.00,0.00,0.00,0.00,2,0
2026-06-12 18:25:07.079,0.00,0.00,0.00,0.00,2,0
2026-06-12 18:25:07.129,0.00,0.00,0.00,0.00,2,0
2026-06-12 18:25:07.180,0.00,0.00,0.00,0.00,2,0
2026-06-12 18:25:07.230,0.00,0.00,0.00,0.00,2,0
2026-06-12 18:25:07.281,0.00,0.00,0.00,0.00,2,0
2026-06-12 18:25:07.331,0.00,0.00,0.00,0.00,2,0
2026-06-12 18:25:07.381,0.00,0.00,0.00,0.00,2,0
2026-06-12 18:25:07.432,0.00,0.00,0.00,0.00,2,0
2026-06-12 18:25:07.482,0.00,0.00,0.00,0.00,2,0
2026-06-12 18:25:07.533,0.00,0.00,0.00,0.00,2,0
2026-06-12 18:25:07.583,0.00,0.00,0.00,0.00,2,0
2026-06-12 18:25:07.633,0.00,0.00,0.00,0.00,2,0
2026-06-12 18:25:07.684,0.00,0.00,0.00,0.00,2,0
2026-06-12 18:25:07.734,0.00,0.00,0.00,0.00,2,0
2026-06-12 18:25:07.785,0.00,0.00,0.00,0.00,2,0
2026-06-12 18:25:07.835,0.00,0.00,0.00,0.00,2,0
2026-06-12 18:25:07.885,0.00,0.00,0.00,0.00,2,0
2026-06-12 18:25:07.936,0.00,0.00,0.00,0.00,2,0
2026-06-12 18:25:07.986,0.00,0.00,0.00,0.00,2,0
2026-06-12 18:25:08.037,0.00,0.00,0.00,0.00,2,0
2026-06-12 18:25:08.087,0.00,0.00,0.00,0.00,2,0
2026-06-12 18:25:08.138,0.00,0.00,0.00,0.00,2,0
2026-06-12 18:25:08.188,0.00,0.00,0.00,0.00,2,0
2026-06-12 18:25:08.239,0.00,0.00,0.00,0.00,2,0
2026-06-12 18:25:08.289,0.00,0.00,0.00,0.00,2,0
2026-06-12 18:25:08.339,0.00,0.00,0.00,0.00,2,0
2026-06-12 18:25:08.389,0.00,0.00,0.00,0.00,2,0
2026-06-12 18:25:08.440,0.00,0.00,0.00,0.00,2,0
2026-06-12 18:25:08.490,0.00,0.00,0.00,0.00,2,0
2026-06-12 18:25:08.541,0.00,0.00,0.00,0.00,2,0
2026-06-12 18:25:08.591,0.00,0.00,0.00,0.00,2,0
2026-06-12 18:25:08.642,0.00,0.00,0.00,0.00,2,0
2026-06-12 18:25:08.692,0.00,0.00,0.00,0.00,2,0
2026-06-12 18:25:08.742,0.00,0.00,0.00,0.00,2,0
2026-06-12 18:25:08.793,0.00,0.00,0.00,0.00,2,0
2026-06-12 18:25:08.843,0.00,0.00,0.00,0.00,2,0
2026-06-12 18:25:08.894,0.00,0.00,0.00,0.00,2,0
2026-06-12 18:25:08.944,0.00,0.00,0.00,0.00,2,0
2026-06-12 18:25:08.994,0.00,0.00,0.00,0.00,2,0
2026-06-12 18:25:09.045,0.00,0.00,0.00,0.00,2,0
2026-06-12 18:25:09.095,0.00,0.00,0.00,0.00,2,0
2026-06-12 18:25:09.145,0.00,0.00,0.00,0.00,2,0
2026-06-12 18:25:09.196,0.00,0.00,0.00,0.00,2,0
2026-06-12 18:25:09.246,0.00,0.00,0.00,0.00,2,0
2026-06-12 18:25:09.297,0.00,0.00,0.00,0.00,2,0
2026-06-12 18:25:09.347,0.00,0.00,0.00,0.00,2,0
2026-06-12 18:25:09.397,0.00,0.00,0.00,0.00,2,0
2026-06-12 18:25:09.448,0.00,0.00,0.00,0.00,2,0
2026-06-12 18:25:09.499,0.00,0.00,0.00,0.00,2,0
2026-06-12 18:25:09.549,0.00,0.00,0.00,0.00,2,0
2026-06-12 18:25:09.599,0.00,0.00,0.00,0.00,2,0
2026-06-12 18:25:09.649,0.00,0.00,0.00,0.00,2,0
2026-06-12 18:25:09.700,0.00,0.00,0.00,0.00,2,0
2026-06-12 18:25:09.750,0.00,0.00,0.00,0.00,2,0
2026-06-12 18:25:09.801,0.00,0.00,0.00,0.00,2,0
2026-06-12 18:25:09.851,0.00,0.00,0.00,0.00,2,0
2026-06-12 18:25:09.901,0.00,0.00,0.00,0.00,2,0
2026-06-12 18:25:09.952,0.00,0.00,0.00,0.00,2,0
2026-06-12 18:25:10.002,0.00,0.00,0.00,0.00,2,0
2026-06-12 18:25:10.053,0.00,0.00,0.00,0.00,2,0
2026-06-12 18:25:10.103,0.00,0.00,0.00,0.00,2,0
2026-06-12 18:25:10.153,0.00,0.00,0.00,0.00,2,0
2026-06-12 18:25:10.204,0.00,0.00,0.00,0.00,2,0
2026-06-12 18:25:10.254,0.00,0.00,0.00,0.00,2,0
2026-06-12 18:25:10.305,0.00,0.00,0.00,0.00,2,0
2026-06-12 18:25:10.355,0.00,0.00,0.00,0.00,2,0
2026-06-12 18:25:10.405,0.00,0.00,0.00,0.00,2,0
2026-06-12 18:25:10.456,0.00,0.00,0.00,0.00,2,0
2026-06-12 18:25:10.506,0.00,0.00,0.00,0.00,2,0
2026-06-12 18:25:10.557,0.00,0.00,0.00,0.00,2,0
2026-06-12 18:25:10.607,0.00,0.00,0.00,0.00,2,0
2026-06-12 18:25:10.658,0.00,0.00,0.00,0.00,2,0
2026-06-12 18:25:10.708,0.00,0.00,0.00,0.00,2,0
2026-06-12 18:25:10.758,0.00,0.00,0.00,0.00,2,0
2026-06-12 18:25:10.809,0.00,0.00,0.00,0.00,2,0
2026-06-12 18:25:10.859,0.00,0.00,0.00,0.00,2,0
2026-06-12 18:25:10.909,0.00,0.00,0.00,0.00,2,0
2026-06-12 18:25:10.960,0.00,0.00,0.00,0.00,2,0
2026-06-12 18:25:11.010,0.00,0.00,0.00,0.00,2,0
2026-06-12 18:25:11.061,0.00,0.00,0.00,0.00,2,0
2026-06-12 18:25:11.111,0.00,0.00,0.00,0.00,2,0
2026-06-12 18:25:11.161,0.00,0.00,0.00,0.00,2,0
2026-06-12 18:25:11.212,0.00,0.00,0.00,0.00,2,0
2026-06-12 18:25:11.262,0.00,0.00,0.00,0.00,2,0
2026-06-12 18:25:11.313,0.00,0.00,0.00,0.00,2,0
2026-06-12 18:25:11.363,0.00,0.00,0.00,0.00,2,0
2026-06-12 18:25:11.413,0.00,0.00,0.00,0.00,2,0
2026-06-12 18:25:11.464,0.00,0.00,0.00,0.00,2,0
2026-06-12 18:25:11.514,0.00,0.00,0.00,0.00,2,0
2026-06-12 18:25:11.565,0.00,0.00,0.00,0.00,2,0
2026-06-12 18:25:11.615,0.00,0.00,0.00,0.00,2,0
2026-06-12 18:25:11.665,0.00,0.00,0.00,0.00,2,0
2026-06-12 18:25:11.716,0.00,0.00,0.00,0.00,2,0
2026-06-12 18:25:11.766,0.00,0.00,0.00,0.00,2,0
2026-06-12 18:25:11.817,0.00,0.00,0.00,0.00,2,0
2026-06-12 18:25:11.867,0.00,0.00,0.00,0.00,2,0
2026-06-12 18:25:11.918,0.00,0.00,0.00,0.00,2,0
2026-06-12 18:25:11.968,0.00,0.00,0.00,0.00,2,0
2026-06-12 18:25:12.018,0.00,0.00,0.00,0.00,2,0
2026-06-12 18:25:12.069,0.00,0.00,0.00,0.00,2,0
2026-06-12 18:25:12.119,0.00,0.00,0.00,0.00,2,0
2026-06-12 18:25:12.169,0.00,0.00,0.00,0.00,2,0
2026-06-12 18:25:12.220,0.00,0.00,0.00,0.00,2,0
2026-06-12 18:25:12.270,0.00,0.00,0.00,0.00,2,0
2026-06-12 18:25:12.321,0.00,0.00,0.00,0.00,2,0
2026-06-12 18:25:12.371,0.00,0.00,0.00,0.00,2,0
2026-06-12 18:25:12.421,0.00,0.00,0.00,0.00,2,0
2026-06-12 18:25:12.472,0.00,0.00,0.00,0.00,2,0
2026-06-12 18:25:12.522,0.00,0.00,0.00,0.00,2,0
2026-06-12 18:25:12.573,0.00,0.00,0.00,0.00,2,0
2026-06-12 18:25:12.624,0.00,0.00,0.00,0.00,2,0
2026-06-12 18:25:12.673,0.00,0.00,0.00,0.00,2,0
2026-06-12 18:25:12.724,0.00,0.00,0.00,0.00,2,0
2026-06-12 18:25:12.774,0.00,0.00,0.00,0.00,2,0
2026-06-12 18:25:12.824,0.00,0.00,0.00,0.00,2,0
2026-06-12 18:25:12.875,0.00,0.00,0.00,0.00,2,0
2026-06-12 18:25:12.925,0.00,0.00,0.00,0.00,2,0
2026-06-12 18:25:12.976,0.00,0.00,0.00,0.00,2,0
2026-06-12 18:25:13.026,0.00,0.00,0.00,0.00,2,0
2026-06-12 18:25:13.077,0.00,0.00,0.00,0.00,2,0
2026-06-12 18:25:13.127,0.00,0.00,0.00,0.00,2,0
2026-06-12 18:25:13.178,0.00,0.00,0.00,0.00,2,0
2026-06-12 18:25:13.228,0.00,0.00,0.00,0.00,2,0
2026-06-12 18:25:13.278,0.00,0.00,0.00,0.00,2,0
2026-06-12 18:25:13.329,0.00,0.00,0.00,0.00,2,0
2026-06-12 18:25:13.379,0.00,0.00,0.00,0.00,2,0
2026-06-12 18:25:13.429,0.00,0.00,0.00,0.00,2,0
2026-06-12 18:25:13.480,0.00,0.00,0.00,0.00,2,0
2026-06-12 18:25:13.530,0.00,0.00,0.00,0.00,2,0
2026-06-12 18:25:13.580,0.00,0.00,0.00,0.00,2,0
2026-06-12 18:25:13.631,0.00,0.00,0.00,0.00,2,0
2026-06-12 18:25:13.681,0.00,0.00,0.00,0.00,2,0
2026-06-12 18:25:13.732,0.00,0.00,0.00,0.00,2,0
2026-06-12 18:25:13.782,0.00,0.00,0.00,0.00,2,0
2026-06-12 18:25:13.833,0.00,0.00,0.00,0.00,2,0
2026-06-12 18:25:13.883,0.00,0.00,0.00,0.00,2,0
2026-06-12 18:25:13.933,0.00,0.00,0.00,0.00,2,0
2026-06-12 18:25:13.984,0.00,0.00,0.00,0.00,2,0
2026-06-12 18:25:14.034,0.00,0.00,0.00,0.00,2,0
2026-06-12 18:25:14.084,0.00,0.00,0.00,0.00,2,0
2026-06-12 18:25:14.135,0.00,0.00,0.00,0.00,2,0
2026-06-12 18:25:14.185,0.00,0.00,0.00,0.00,2,0
2026-06-12 18:25:14.236,0.00,0.00,0.00,0.00,2,0
2026-06-12 18:25:14.286,0.00,0.00,0.00,0.00,2,0
2026-06-12 18:25:14.336,0.00,0.00,0.00,0.00,2,0
2026-06-12 18:25:14.387,0.00,0.00,0.00,0.00,2,0
2026-06-12 18:25:14.438,0.00,0.00,0.00,0.00,2,0
2026-06-12 18:25:14.488,0.00,0.00,0.00,0.00,2,0
2026-06-12 18:25:14.538,0.00,0.00,0.00,0.00,2,0
2026-06-12 18:25:14.588,0.00,0.00,0.00,0.00,2,0
2026-06-12 18:25:14.639,0.00,0.00,0.00,0.00,2,0
2026-06-12 18:25:14.689,0.00,0.00,0.00,0.00,2,0
2026-06-12 18:25:14.740,0.00,0.00,0.00,0.00,2,0
2026-06-12 18:25:14.790,0.00,0.00,0.00,0.00,2,0
2026-06-12 18:25:14.840,0.00,0.00,0.00,0.00,2,0
2026-06-12 18:25:14.893,0.00,0.00,0.00,0.00,2,0
2026-06-12 18:25:14.941,0.00,0.00,0.00,0.00,2,0
2026-06-12 18:25:14.992,0.00,0.00,0.00,0.00,2,0
2026-06-12 18:25:15.042,0.00,0.00,0.00,0.00,2,0
2026-06-12 18:25:15.092,0.00,0.00,0.00,0.00,2,0
2026-06-12 18:25:15.143,0.00,0.00,0.00,0.00,2,0
2026-06-12 18:25:15.193,0.00,0.00,0.00,0.00,2,0
2026-06-12 18:25:15.244,0.00,0.00,0.00,0.00,2,0
2026-06-12 18:25:15.294,0.00,0.00,0.00,0.00,2,0
2026-06-12 18:25:15.345,0.00,0.00,0.00,0.00,2,0
2026-06-12 18:25:15.395,0.00,0.00,0.00,0.00,2,0
2026-06-12 18:25:15.445,0.00,0.00,0.00,0.00,2,0
2026-06-12 18:25:15.496,0.00,0.00,0.00,0.00,2,0
2026-06-12 18:25:15.546,0.00,0.00,0.00,0.00,2,0
2026-06-12 18:25:15.596,0.00,0.00,0.00,0.00,2,0
2026-06-12 18:25:15.647,0.00,0.00,0.00,0.00,2,0
2026-06-12 18:25:15.699,0.00,0.00,0.00,0.00,2,0
2026-06-12 18:25:15.748,0.00,0.00,0.00,0.00,2,0
2026-06-12 18:25:15.798,0.00,0.00,0.00,0.00,2,0
2026-06-12 18:25:15.848,0.00,0.00,0.00,0.00,2,0
2026-06-12 18:25:15.899,0.00,0.00,0.00,0.00,2,0
2026-06-12 18:25:15.949,0.00,0.00,0.00,0.00,2,0
2026-06-12 18:25:16.000,0.00,0.00,0.00,0.00,2,0
2026-06-12 18:25:16.050,0.00,0.00,0.00,0.00,2,0
2026-06-12 18:25:16.100,0.00,0.00,0.00,0.00,2,0
2026-06-12 18:25:16.151,0.00,0.00,0.00,0.00,2,0
2026-06-12 18:25:16.201,0.00,0.00,0.00,0.00,2,0
2026-06-12 18:25:16.252,0.00,0.00,0.00,0.00,2,0
2026-06-12 18:25:16.302,0.00,0.00,0.00,0.00,2,0
2026-06-12 18:25:16.353,0.00,0.00,0.00,0.00,2,0
2026-06-12 18:25:16.403,0.00,0.00,0.00,0.00,2,0
2026-06-12 18:25:16.453,0.00,0.00,0.00,0.00,2,0
2026-06-12 18:25:16.504,0.00,0.00,0.00,0.00,2,0
2026-06-12 18:25:16.554,0.00,0.00,0.00,0.00,2,0
2026-06-12 18:25:16.604,0.00,0.00,0.00,0.00,2,0
2026-06-12 18:25:16.655,0.00,0.00,0.00,0.00,2,0
2026-06-12 18:25:16.705,0.00,0.00,0.00,0.00,2,0
2026-06-12 18:25:16.756,0.00,0.00,0.00,0.00,2,0
2026-06-12 18:25:16.806,0.00,0.00,0.00,0.00,2,0
2026-06-12 18:25:16.857,0.00,0.00,0.00,0.00,2,0
2026-06-12 18:25:16.907,0.00,0.00,0.00,0.00,2,0
2026-06-12 18:25:16.957,0.00,0.00,0.00,0.00,2,0
2026-06-12 18:25:17.008,0.00,0.00,0.00,0.00,2,0
2026-06-12 18:25:17.058,0.00,0.00,0.00,0.00,2,0
2026-06-12 18:25:17.109,0.00,0.00,0.00,0.00,2,0
2026-06-12 18:25:17.159,0.00,0.00,0.00,0.00,2,0
2026-06-12 18:25:17.209,0.00,0.00,0.00,0.00,2,0
2026-06-12 18:25:17.260,0.00,0.00,0.00,0.00,2,0
2026-06-12 18:25:17.315,0.00,0.00,0.00,0.00,2,0
2026-06-12 18:25:17.360,0.00,0.00,0.00,0.00,2,0
2026-06-12 18:25:17.411,0.00,0.00,0.00,0.00,2,0
2026-06-12 18:25:17.461,0.00,0.00,0.00,0.00,2,0
2026-06-12 18:25:17.512,0.00,0.00,0.00,0.00,2,0
2026-06-12 18:25:17.562,0.00,0.00,0.00,0.00,2,0
2026-06-12 18:25:17.612,0.00,0.00,0.00,0.00,2,0
2026-06-12 18:25:17.663,0.00,0.00,0.00,0.00,2,0
2026-06-12 18:25:17.714,0.00,0.00,0.00,0.00,2,0
2026-06-12 18:25:17.764,0.00,0.00,0.00,0.00,2,0
2026-06-12 18:25:17.814,0.00,0.00,0.00,0.00,2,0
2026-06-12 18:25:17.864,0.00,0.00,0.00,0.00,2,0
2026-06-12 18:25:17.915,0.00,0.00,0.00,0.00,2,0
2026-06-12 18:25:17.965,0.00,0.00,0.00,0.00,2,0
2026-06-12 18:25:18.016,0.00,0.00,0.00,0.00,2,0
2026-06-12 18:25:18.066,0.00,0.00,0.00,0.00,2,0
2026-06-12 18:25:18.116,0.00,0.00,0.00,0.00,2,0
2026-06-12 18:25:18.167,0.00,0.00,0.00,0.00,2,0
2026-06-12 18:25:18.217,0.00,0.00,0.00,0.00,2,0
2026-06-12 18:25:18.268,0.00,0.00,0.00,0.00,2,0
2026-06-12 18:25:18.319,0.00,0.00,0.00,0.00,2,0
2026-06-12 18:25:18.368,0.00,0.00,0.00,0.00,2,0
2026-06-12 18:25:18.419,0.00,0.00,0.00,0.00,2,0
2026-06-12 18:25:18.469,0.00,0.00,0.00,0.00,2,0
2026-06-12 18:25:18.520,0.00,0.00,0.00,0.00,2,0
2026-06-12 18:25:18.570,0.00,0.00,0.00,0.00,2,0
2026-06-12 18:25:18.620,0.00,0.00,0.00,0.00,2,0
2026-06-12 18:25:18.671,0.00,0.00,0.00,0.00,2,0
2026-06-12 18:25:18.721,0.00,0.00,0.00,0.00,2,0
2026-06-12 18:25:18.772,0.00,0.00,0.00,0.00,2,0
2026-06-12 18:25:18.822,0.00,0.00,0.00,0.00,2,0
2026-06-12 18:25:18.872,0.00,0.00,0.00,0.00,2,0
2026-06-12 18:25:18.923,0.00,0.00,0.00,0.00,2,0
2026-06-12 18:25:18.973,0.00,0.00,0.00,0.00,2,0
2026-06-12 18:25:19.024,0.00,0.00,0.00,0.00,2,0
2026-06-12 18:25:19.074,0.00,0.00,0.00,0.00,2,0
2026-06-12 18:25:19.124,0.00,0.00,0.00,0.00,2,0
2026-06-12 18:25:19.175,0.00,0.00,0.00,0.00,2,0
2026-06-12 18:25:19.225,0.00,0.00,0.00,0.00,2,0
2026-06-12 18:25:19.276,0.00,0.00,0.00,0.00,2,0
2026-06-12 18:25:19.326,0.00,0.00,0.00,0.00,2,0
2026-06-12 18:25:19.377,0.00,0.00,0.00,0.00,2,0
2026-06-12 18:25:19.427,0.00,0.00,0.00,0.00,2,0
2026-06-12 18:25:19.477,0.00,0.00,0.00,0.00,2,0
2026-06-12 18:25:19.528,0.00,0.00,0.00,0.00,2,0
2026-06-12 18:25:19.578,0.00,0.00,0.00,0.00,2,0
2026-06-12 18:25:19.629,0.00,0.00,0.00,0.00,2,0
2026-06-12 18:25:19.679,0.00,0.00,0.00,0.00,2,0
2026-06-12 18:25:19.729,0.00,0.00,0.00,0.00,2,0
2026-06-12 18:25:19.779,0.00,0.00,0.00,0.00,2,0
2026-06-12 18:25:19.830,0.00,0.00,0.00,0.00,2,0
2026-06-12 18:25:19.880,0.00,0.00,0.00,0.00,2,0
2026-06-12 18:25:19.931,0.00,0.00,0.00,0.00,2,0
2026-06-12 18:25:19.981,0.00,0.00,0.00,0.00,2,0
2026-06-12 18:25:20.032,0.00,0.00,0.00,0.00,2,0
2026-06-12 18:25:20.082,0.00,0.00,0.00,0.00,2,0
2026-06-12 18:25:20.132,0.00,0.00,0.00,0.00,2,0
2026-06-12 18:25:20.183,0.00,0.00,0.00,0.00,2,0
2026-06-12 18:25:20.233,0.00,0.00,0.00,0.00,2,0
2026-06-12 18:25:20.284,0.00,0.00,0.00,0.00,2,0
2026-06-12 18:25:20.334,0.00,0.00,0.00,0.00,2,0
2026-06-12 18:25:20.384,0.00,0.00,0.00,0.00,2,0
2026-06-12 18:25:20.435,0.00,0.00,0.00,0.00,2,0
2026-06-12 18:25:20.485,0.00,0.00,0.00,0.00,2,0
2026-06-12 18:25:20.536,0.00,0.00,0.00,0.00,2,0
2026-06-12 18:25:20.586,0.00,0.00,0.00,0.00,2,0
2026-06-12 18:25:20.639,0.00,0.00,0.00,0.00,2,0
2026-06-12 18:25:20.687,0.00,0.00,0.00,0.00,2,0
2026-06-12 18:25:20.737,0.00,0.00,0.00,0.00,2,0
2026-06-12 18:25:20.788,0.00,0.00,0.00,0.00,2,0
2026-06-12 18:25:20.838,0.00,0.00,0.00,0.00,2,0
2026-06-12 18:25:20.888,0.00,0.00,0.00,0.00,2,0
2026-06-12 18:25:20.939,0.00,0.00,0.00,0.00,2,0
2026-06-12 18:25:20.989,0.00,0.00,0.00,0.00,2,0
2026-06-12 18:25:21.040,0.00,0.00,0.00,0.00,2,0
2026-06-12 18:25:21.090,0.00,0.00,0.00,0.00,2,0
2026-06-12 18:25:21.140,0.00,0.00,0.00,0.00,2,0
2026-06-12 18:25:21.191,0.00,0.00,0.00,0.00,2,0
2026-06-12 18:25:21.242,0.00,0.00,0.00,0.00,2,0
2026-06-12 18:25:21.291,0.00,0.00,0.00,0.00,2,0
2026-06-12 18:25:21.342,0.00,0.00,0.00,0.00,2,0
2026-06-12 18:25:21.392,0.00,0.00,0.00,0.00,2,0
2026-06-12 18:25:21.443,0.00,0.00,0.00,0.00,2,0
2026-06-12 18:25:21.493,0.00,0.00,0.00,0.00,2,0
2026-06-12 18:25:21.544,0.00,0.00,0.00,0.00,2,0
2026-06-12 18:25:21.594,0.00,0.00,0.00,0.00,2,0
2026-06-12 18:25:21.645,0.00,0.00,0.00,0.00,2,0
2026-06-12 18:25:21.695,0.00,0.00,0.00,0.00,2,0
2026-06-12 18:25:21.745,0.00,0.00,0.00,0.00,2,0
2026-06-12 18:25:21.796,0.00,0.00,0.00,0.00,2,0
2026-06-12 18:25:21.846,0.00,0.00,0.00,0.00,2,0
2026-06-12 18:25:21.896,0.00,0.00,0.00,0.00,2,0
2026-06-12 18:25:21.947,0.00,0.00,0.00,0.00,2,0
2026-06-12 18:25:21.997,0.00,0.00,0.00,0.00,2,0
2026-06-12 18:25:22.048,0.00,0.00,0.00,0.00,2,0
2026-06-12 18:25:22.098,0.00,0.00,0.00,0.00,2,0
2026-06-12 18:25:22.149,0.00,0.00,0.00,0.00,2,0
2026-06-12 18:25:22.199,0.00,0.00,0.00,0.00,2,0
2026-06-12 18:25:22.249,0.00,0.00,0.00,0.00,2,0
2026-06-12 18:25:22.300,0.00,0.00,0.00,0.00,2,0
2026-06-12 18:25:22.350,0.00,0.00,0.00,0.00,2,0
2026-06-12 18:25:22.400,0.00,0.00,0.00,0.00,2,0
2026-06-12 18:25:22.451,0.00,0.00,0.00,0.00,2,0
2026-06-12 18:25:22.501,0.00,0.00,0.00,0.00,2,0
2026-06-12 18:25:22.552,0.00,0.00,0.00,0.00,2,0
2026-06-12 18:25:22.602,0.00,0.00,0.00,0.00,2,0
2026-06-12 18:25:22.652,0.00,0.00,0.00,0.00,2,0
2026-06-12 18:25:22.703,0.00,0.00,0.00,0.00,2,0
2026-06-12 18:25:22.753,0.00,0.00,0.00,0.00,2,0
2026-06-12 18:25:22.804,0.00,0.00,0.00,0.00,2,0
2026-06-12 18:25:22.854,0.00,0.00,0.00,0.00,2,0
2026-06-12 18:25:22.904,0.00,0.00,0.00,0.00,2,0
2026-06-12 18:25:22.955,0.00,0.00,0.00,0.00,2,0
2026-06-12 18:25:23.005,0.00,0.00,0.00,0.00,2,0
2026-06-12 18:25:23.055,0.00,0.00,0.00,0.00,2,0
2026-06-12 18:25:23.109,0.00,0.00,0.00,0.00,2,0
2026-06-12 18:25:23.156,0.00,0.00,0.00,0.00,2,0
2026-06-12 18:25:23.207,0.00,0.00,0.00,0.00,2,0
2026-06-12 18:25:23.257,0.00,0.00,0.00,0.00,2,0
2026-06-12 18:25:23.308,0.00,0.00,0.00,0.00,2,0
2026-06-12 18:25:23.359,0.00,0.00,0.00,0.00,2,0
2026-06-12 18:25:23.408,0.00,0.00,0.00,0.00,2,0
2026-06-12 18:25:23.459,0.00,0.00,0.00,0.00,2,0
2026-06-12 18:25:23.510,0.00,0.00,0.00,0.00,2,0
2026-06-12 18:25:23.560,0.00,0.00,0.00,0.00,2,0
2026-06-12 18:25:23.610,0.00,0.00,0.00,0.00,2,0
2026-06-12 18:25:23.660,0.00,0.00,0.00,0.00,2,0
2026-06-12 18:25:23.711,0.00,0.00,0.00,0.00,2,0
2026-06-12 18:25:23.761,0.00,0.00,0.00,0.00,2,0
2026-06-12 18:25:23.811,0.00,0.00,0.00,0.00,2,0
2026-06-12 18:25:23.862,0.00,0.00,0.00,0.00,2,0
2026-06-12 18:25:23.912,0.00,0.00,0.00,0.00,2,0
2026-06-12 18:25:23.963,0.00,0.00,0.00,0.00,2,0
2026-06-12 18:25:24.013,0.00,0.00,0.00,0.00,2,0
2026-06-12 18:25:24.063,0.00,0.00,0.00,0.00,2,0
2026-06-12 18:25:24.114,0.00,0.00,0.00,0.00,2,0
2026-06-12 18:25:24.164,0.00,0.00,0.00,0.00,2,0
2026-06-12 18:25:24.215,0.00,0.00,0.00,0.00,2,0
2026-06-12 18:25:24.265,0.00,0.00,0.00,0.00,2,0
2026-06-12 18:25:24.315,0.00,0.00,0.00,0.00,2,0
2026-06-12 18:25:24.366,0.00,0.00,0.00,0.00,2,0
2026-06-12 18:25:24.416,0.00,0.00,0.00,0.00,2,0
2026-06-12 18:25:24.467,0.00,0.00,0.00,0.00,2,0
2026-06-12 18:25:24.517,0.00,0.00,0.00,0.00,2,0
2026-06-12 18:25:24.568,0.00,0.00,0.00,0.00,2,0
2026-06-12 18:25:24.618,0.00,0.00,0.00,0.00,2,0
2026-06-12 18:25:24.668,0.00,0.00,0.00,0.00,2,0
2026-06-12 18:25:24.719,0.00,0.00,0.00,0.00,2,0
2026-06-12 18:25:24.769,0.00,0.00,0.00,0.00,2,0
2026-06-12 18:25:24.824,0.00,0.00,0.00,0.00,2,0
2026-06-12 18:25:24.870,0.00,0.00,0.00,0.00,2,0
2026-06-12 18:25:24.920,0.00,0.00,0.00,0.00,2,0
2026-06-12 18:25:24.971,0.00,0.00,0.00,0.00,2,0
2026-06-12 18:25:25.021,0.00,0.00,0.00,0.00,2,0
2026-06-12 18:25:25.072,0.00,0.00,0.00,0.00,2,0
2026-06-12 18:25:25.122,0.00,0.00,0.00,0.00,2,0
2026-06-12 18:25:25.172,0.00,0.00,0.00,0.00,2,0
2026-06-12 18:25:25.223,0.00,0.00,0.00,0.00,2,0
2026-06-12 18:25:25.273,0.00,0.00,0.00,0.00,2,0
2026-06-12 18:25:25.323,0.00,0.00,0.00,0.00,2,0
2026-06-12 18:25:25.374,0.00,0.00,0.00,0.00,2,0
2026-06-12 18:25:25.424,0.00,0.00,0.00,0.00,2,0
2026-06-12 18:25:25.475,0.00,0.00,0.00,0.00,2,0
2026-06-12 18:25:25.526,0.00,0.00,0.00,0.00,2,0
2026-06-12 18:25:25.575,0.00,0.00,0.00,0.00,2,0
2026-06-12 18:25:25.626,0.00,0.00,0.00,0.00,2,0
2026-06-12 18:25:25.676,0.00,0.00,0.00,0.00,2,0
2026-06-12 18:25:25.727,0.00,0.00,0.00,0.00,2,0
2026-06-12 18:25:25.777,0.00,0.00,0.00,0.00,2,0
2026-06-12 18:25:25.828,0.00,0.00,0.00,0.00,2,0
2026-06-12 18:25:25.878,0.00,0.00,0.00,0.00,2,0
2026-06-12 18:25:25.928,0.00,0.00,0.00,0.00,2,0
2026-06-12 18:25:25.979,0.00,0.00,0.00,0.00,2,0
2026-06-12 18:25:26.029,0.00,0.00,0.00,0.00,2,0
2026-06-12 18:25:26.079,0.00,0.00,0.00,0.00,2,0
2026-06-12 18:25:26.130,0.00,0.00,0.00,0.00,2,0
2026-06-12 18:25:26.180,0.00,0.00,0.00,0.00,2,0
2026-06-12 18:25:26.231,0.00,0.00,0.00,0.00,2,0
2026-06-12 18:25:26.281,0.00,0.00,0.00,0.00,2,0
2026-06-12 18:25:26.331,0.00,0.00,0.00,0.00,2,0
2026-06-12 18:25:26.382,0.00,0.00,0.00,0.00,2,0
2026-06-12 18:25:26.432,0.00,0.00,0.00,0.00,2,0
2026-06-12 18:25:26.483,0.00,0.00,0.00,0.00,2,0
2026-06-12 18:25:26.533,0.00,0.00,0.00,0.00,2,0
2026-06-12 18:25:26.583,0.00,0.00,0.00,0.00,2,0
2026-06-12 18:25:26.634,0.00,0.00,0.00,0.00,2,0
2026-06-12 18:25:26.684,0.00,0.00,0.00,0.00,2,0
2026-06-12 18:25:26.735,0.00,0.00,0.00,0.00,2,0
2026-06-12 18:25:26.785,0.00,0.00,0.00,0.00,2,0
2026-06-12 18:25:26.835,0.00,0.00,0.00,0.00,2,0
2026-06-12 18:25:26.886,0.00,0.00,0.00,0.00,2,0
2026-06-12 18:25:26.936,0.00,0.00,0.00,0.00,2,0
2026-06-12 18:25:26.987,0.00,0.00,0.00,0.00,2,0
2026-06-12 18:25:27.037,0.00,0.00,0.00,0.00,2,0
2026-06-12 18:25:27.088,0.00,0.00,0.00,0.00,2,0
2026-06-12 18:25:27.138,0.00,0.00,0.00,0.00,2,0
2026-06-12 18:25:27.188,0.00,0.00,0.00,0.00,2,0
2026-06-12 18:25:27.239,0.00,0.00,0.00,0.00,2,0
2026-06-12 18:25:27.289,0.00,0.00,0.00,0.00,2,0
2026-06-12 18:25:27.339,0.00,0.00,0.00,0.00,2,0
2026-06-12 18:25:27.390,0.00,0.00,0.00,0.00,2,0
2026-06-12 18:25:27.441,0.00,0.00,0.00,0.00,2,0
2026-06-12 18:25:27.491,0.00,0.00,0.00,0.00,2,0
2026-06-12 18:25:27.541,0.00,0.00,0.00,0.00,2,0
2026-06-12 18:25:27.591,0.00,0.00,0.00,0.00,2,0
2026-06-12 18:25:27.642,0.00,0.00,0.00,0.00,2,0
2026-06-12 18:25:27.692,0.00,0.00,0.00,0.00,2,0
2026-06-12 18:25:27.743,0.00,0.00,0.00,0.00,2,0
2026-06-12 18:25:27.793,0.00,0.00,0.00,0.00,2,0
2026-06-12 18:25:27.843,0.00,0.00,0.00,0.00,2,0
2026-06-12 18:25:27.894,0.00,0.00,0.00,0.00,2,0
2026-06-12 18:25:27.944,0.00,0.00,0.00,0.00,2,0
2026-06-12 18:25:27.996,0.00,0.00,0.00,0.00,2,0
2026-06-12 18:25:28.045,0.00,0.00,0.00,0.00,2,0
2026-06-12 18:25:28.096,0.00,0.00,0.00,0.00,2,0
2026-06-12 18:25:28.146,0.00,0.00,0.00,0.00,2,0
2026-06-12 18:25:28.196,0.00,0.00,0.00,0.00,2,0
2026-06-12 18:25:28.247,0.00,0.00,0.00,0.00,2,0
2026-06-12 18:25:28.297,0.00,0.00,0.00,0.00,2,0
2026-06-12 18:25:28.349,0.00,0.00,0.00,0.00,2,0
2026-06-12 18:25:28.399,0.00,0.00,0.00,0.00,2,0
2026-06-12 18:25:28.448,0.00,0.00,0.00,0.00,2,0
2026-06-12 18:25:28.499,0.00,0.00,0.00,0.00,2,0
2026-06-12 18:25:28.549,0.00,0.00,0.00,0.00,2,0
2026-06-12 18:25:28.599,0.00,0.00,0.00,0.00,2,0
2026-06-12 18:25:28.650,0.00,0.00,0.00,0.00,2,0
2026-06-12 18:25:28.700,0.00,0.00,0.00,0.00,2,0
2026-06-12 18:25:28.751,0.00,0.00,0.00,0.00,2,0
2026-06-12 18:25:28.801,0.00,0.00,0.00,0.00,2,0
2026-06-12 18:25:28.851,0.00,0.00,0.00,0.00,2,0
2026-06-12 18:25:28.902,0.00,0.00,0.00,0.00,2,0
2026-06-12 18:25:28.952,0.00,0.00,0.00,0.00,2,0
2026-06-12 18:25:29.003,0.00,0.00,0.00,0.00,2,0
2026-06-12 18:25:29.053,0.00,0.00,0.00,0.00,2,0
2026-06-12 18:25:29.103,0.00,0.00,0.00,0.00,2,0
2026-06-12 18:25:29.154,0.00,0.00,0.00,0.00,2,0
2026-06-12 18:25:29.204,0.00,0.00,0.00,0.00,2,0
2026-06-12 18:25:29.255,0.00,0.00,0.00,0.00,2,0
2026-06-12 18:25:29.305,0.00,0.00,0.00,0.00,2,0
2026-06-12 18:25:29.355,0.00,0.00,0.00,0.00,2,0
2026-06-12 18:25:29.406,0.00,0.00,0.00,0.00,2,0
2026-06-12 18:25:29.456,0.00,0.00,0.00,0.00,2,0
2026-06-12 18:25:29.507,0.00,0.00,0.00,0.00,2,0
2026-06-12 18:25:29.557,0.00,0.00,0.00,0.00,2,0
2026-06-12 18:25:29.608,0.00,0.00,0.00,0.00,2,0
2026-06-12 18:25:29.659,0.00,0.00,0.00,0.00,2,0
2026-06-12 18:25:29.709,0.00,0.00,0.00,0.00,2,0
2026-06-12 18:25:29.758,0.00,0.00,0.00,0.00,2,0
2026-06-12 18:25:29.809,0.00,0.00,0.00,0.00,2,0
2026-06-12 18:25:29.859,0.00,0.00,0.00,0.00,2,0
2026-06-12 18:25:29.910,0.00,0.00,0.00,0.00,2,0
2026-06-12 18:25:29.960,0.00,0.00,0.00,0.00,2,0
2026-06-12 18:25:30.011,0.00,0.00,0.00,0.00,2,0
2026-06-12 18:25:30.061,0.00,0.00,0.00,0.00,2,0
2026-06-12 18:25:30.111,0.00,0.00,0.00,0.00,2,0
2026-06-12 18:25:30.162,0.00,0.00,0.00,0.00,2,0
2026-06-12 18:25:30.212,0.00,0.00,0.00,0.00,2,0
2026-06-12 18:25:30.263,0.00,0.00,0.00,0.00,2,0
2026-06-12 18:25:30.313,0.00,0.00,0.00,0.00,2,0
2026-06-12 18:25:30.363,0.00,0.00,0.00,0.00,2,0
2026-06-12 18:25:30.414,0.00,0.00,0.00,0.00,2,0
2026-06-12 18:25:30.464,0.00,0.00,0.00,0.00,2,0
2026-06-12 18:25:30.514,0.00,0.00,0.00,0.00,2,0
2026-06-12 18:25:30.565,0.00,0.00,0.00,0.00,2,0
2026-06-12 18:25:30.615,0.00,0.00,0.00,0.00,2,0
2026-06-12 18:25:30.666,0.00,0.00,0.00,0.00,2,0
2026-06-12 18:25:30.716,0.00,0.00,0.00,0.00,2,0
2026-06-12 18:25:30.767,0.00,0.00,0.00,0.00,2,0
2026-06-12 18:25:30.817,0.00,0.00,0.00,0.00,2,0
2026-06-12 18:25:30.868,0.00,0.00,0.00,0.00,2,0
2026-06-12 18:25:30.918,0.00,0.00,0.00,0.00,2,0
2026-06-12 18:25:30.969,0.00,0.00,0.00,0.00,2,0
2026-06-12 18:25:31.018,0.00,0.00,0.00,0.00,2,0
2026-06-12 18:25:31.069,0.00,0.00,0.00,0.00,2,0
2026-06-12 18:25:31.120,0.00,0.00,0.00,0.00,2,0
2026-06-12 18:25:31.170,0.00,0.00,0.00,0.00,2,0
2026-06-12 18:25:31.220,0.00,0.00,0.00,0.00,2,0
2026-06-12 18:25:31.270,0.00,0.00,0.00,0.00,2,0
2026-06-12 18:25:31.321,0.00,0.00,0.00,0.00,2,0
2026-06-12 18:25:31.371,0.00,0.00,0.00,0.00,2,0
2026-06-12 18:25:31.422,0.00,0.00,0.00,0.00,2,0
2026-06-12 18:25:31.473,0.00,0.00,0.00,0.00,2,0
2026-06-12 18:25:31.523,0.00,0.00,0.00,0.00,2,0
2026-06-12 18:25:31.573,0.00,0.00,0.00,0.00,2,0
2026-06-12 18:25:31.623,0.00,0.00,0.00,0.00,2,0
2026-06-12 18:25:31.674,0.00,0.00,0.00,0.00,2,0
2026-06-12 18:25:31.724,0.00,0.00,0.00,0.00,2,0
2026-06-12 18:25:31.775,0.00,0.00,0.00,0.00,2,0
2026-06-12 18:25:31.825,0.00,0.00,0.00,0.00,2,0
2026-06-12 18:25:31.875,0.00,0.00,0.00,0.00,2,0
2026-06-12 18:25:31.926,0.00,0.00,0.00,0.00,2,0
2026-06-12 18:25:31.976,0.00,0.00,0.00,0.00,2,0
2026-06-12 18:25:32.027,0.00,0.00,0.00,0.00,2,0
2026-06-12 18:25:32.077,0.00,0.00,0.00,0.00,2,0
2026-06-12 18:25:32.128,0.00,0.00,0.00,0.00,2,0
2026-06-12 18:25:32.178,0.00,0.00,0.00,0.00,2,0
2026-06-12 18:25:32.229,0.00,0.00,0.00,0.00,2,0
2026-06-12 18:25:32.278,0.00,0.00,0.00,0.00,2,0
2026-06-12 18:25:32.329,0.00,0.00,0.00,0.00,2,0
2026-06-12 18:25:32.379,0.00,0.00,0.00,0.00,2,0
2026-06-12 18:25:32.430,0.00,0.00,0.00,0.00,2,0
2026-06-12 18:25:32.480,0.00,0.00,0.00,0.00,2,0
2026-06-12 18:25:32.530,0.00,0.00,0.00,0.00,2,0
2026-06-12 18:25:32.581,0.00,0.00,0.00,0.00,2,0
2026-06-12 18:25:32.631,0.00,0.00,0.00,0.00,2,0
2026-06-12 18:25:32.682,0.00,0.00,0.00,0.00,2,0
2026-06-12 18:25:32.732,0.00,0.00,0.00,0.00,2,0
2026-06-12 18:25:32.782,0.00,0.00,0.00,0.00,2,0
2026-06-12 18:25:32.833,0.00,0.00,0.00,0.00,2,0
2026-06-12 18:25:32.883,0.00,0.00,0.00,0.00,2,0
2026-06-12 18:25:32.934,0.00,0.00,0.00,0.00,2,0
2026-06-12 18:25:32.984,0.00,0.00,0.00,0.00,2,0
2026-06-12 18:25:33.034,0.00,0.00,0.00,0.00,2,0
2026-06-12 18:25:33.085,0.00,0.00,0.00,0.00,2,0
2026-06-12 18:25:33.135,0.00,0.00,0.00,0.00,2,0
2026-06-12 18:25:33.186,0.00,0.00,0.00,0.00,2,0
2026-06-12 18:25:33.236,0.00,0.00,0.00,0.00,2,0
2026-06-12 18:25:33.286,0.00,0.00,0.00,0.00,2,0
2026-06-12 18:25:33.337,0.00,0.00,0.00,0.00,2,0
2026-06-12 18:25:33.387,0.00,0.00,0.00,0.00,2,0
2026-06-12 18:25:33.438,0.00,0.00,0.00,0.00,2,0
2026-06-12 18:25:33.488,0.00,0.00,0.00,0.00,2,0
2026-06-12 18:25:33.538,0.00,0.00,0.00,0.00,2,0
2026-06-12 18:25:33.589,0.00,0.00,0.00,0.00,2,0
2026-06-12 18:25:33.639,0.00,0.00,0.00,0.00,2,0
2026-06-12 18:25:33.690,0.00,0.00,0.00,0.00,2,0
2026-06-12 18:25:33.740,0.00,0.00,0.00,0.00,2,0
2026-06-12 18:25:33.790,0.00,0.00,0.00,0.00,2,0
2026-06-12 18:25:33.841,0.00,0.00,0.00,0.00,2,0
2026-06-12 18:25:33.891,0.00,0.00,0.00,0.00,2,0
2026-06-12 18:25:33.942,0.00,0.00,0.00,0.00,2,0
2026-06-12 18:25:33.992,0.00,0.00,0.00,0.00,2,0
2026-06-12 18:25:34.042,0.00,0.00,0.00,0.00,2,0
2026-06-12 18:25:34.093,0.00,0.00,0.00,0.00,2,0
2026-06-12 18:25:34.143,0.00,0.00,0.00,0.00,2,0
2026-06-12 18:25:34.194,0.00,0.00,0.00,0.00,2,0
2026-06-12 18:25:34.244,0.00,0.00,0.00,0.00,2,0
2026-06-12 18:25:34.294,0.00,0.00,0.00,0.00,2,0
2026-06-12 18:25:34.345,0.00,0.00,0.00,0.00,2,0
2026-06-12 18:25:34.395,0.00,0.00,0.00,0.00,2,0
2026-06-12 18:25:34.446,0.00,0.00,0.00,0.00,2,0
2026-06-12 18:25:34.496,0.00,0.00,0.00,0.00,2,0
2026-06-12 18:25:34.547,0.00,0.00,0.00,0.00,2,0
2026-06-12 18:25:34.597,0.00,0.00,0.00,0.00,2,0
2026-06-12 18:25:34.648,0.00,0.00,0.00,0.00,2,0
2026-06-12 18:25:34.703,0.00,0.00,0.00,0.00,2,0
2026-06-12 18:25:34.748,0.00,0.00,0.00,0.00,2,0
2026-06-12 18:25:34.798,0.00,0.00,0.00,0.00,2,0
2026-06-12 18:25:34.849,0.00,0.00,0.00,0.00,2,0
2026-06-12 18:25:34.899,0.00,0.00,0.00,0.00,2,0
2026-06-12 18:25:34.950,0.00,0.00,0.00,0.00,2,0
2026-06-12 18:25:35.000,0.00,0.00,0.00,0.00,2,0
2026-06-12 18:25:35.050,0.00,0.00,0.00,0.00,2,0
2026-06-12 18:25:35.101,0.00,0.00,0.00,0.00,2,0
2026-06-12 18:25:35.151,0.00,0.00,0.00,0.00,2,0
2026-06-12 18:25:35.202,0.00,0.00,0.00,0.00,2,0
2026-06-12 18:25:35.252,0.00,0.00,0.00,0.00,2,0
2026-06-12 18:25:35.302,0.00,0.00,0.00,0.00,2,0
2026-06-12 18:25:35.353,0.00,0.00,0.00,0.00,2,0
2026-06-12 18:25:35.403,0.00,0.00,0.00,0.00,2,0
2026-06-12 18:25:35.454,0.00,0.00,0.00,0.00,2,0
2026-06-12 18:25:35.504,0.00,0.00,0.00,0.00,2,0
2026-06-12 18:25:35.554,0.00,0.00,0.00,0.00,2,0
2026-06-12 18:25:35.605,0.00,0.00,0.00,0.00,2,0
2026-06-12 18:25:35.655,0.00,0.00,0.00,0.00,2,0
2026-06-12 18:25:35.706,0.00,0.00,0.00,0.00,2,0
2026-06-12 18:25:35.756,0.00,0.00,0.00,0.00,2,0
2026-06-12 18:25:35.806,0.00,0.00,0.00,0.00,2,0
2026-06-12 18:25:35.857,0.00,0.00,0.00,0.00,2,0
2026-06-12 18:25:35.907,0.00,0.00,0.00,0.00,2,0
2026-06-12 18:25:35.959,0.00,0.00,0.00,0.00,2,0
2026-06-12 18:25:36.009,0.00,0.00,0.00,0.00,2,0
2026-06-12 18:25:36.058,0.00,0.00,0.00,0.00,2,0
2026-06-12 18:25:36.109,0.00,0.00,0.00,0.00,2,0
2026-06-12 18:25:36.159,0.00,0.00,0.00,0.00,2,0
2026-06-12 18:25:36.210,0.00,0.00,0.00,0.00,2,0
2026-06-12 18:25:36.263,0.00,0.00,0.00,0.00,2,0
2026-06-12 18:25:36.310,0.00,0.00,0.00,0.00,2,0
2026-06-12 18:25:36.361,0.00,0.00,0.00,0.00,2,0
2026-06-12 18:25:36.411,0.00,0.00,0.00,0.00,2,0
2026-06-12 18:25:36.462,0.00,0.00,0.00,0.00,2,0
2026-06-12 18:25:36.512,0.00,0.00,0.00,0.00,2,0
2026-06-12 18:25:36.562,0.00,0.00,0.00,0.00,2,0
2026-06-12 18:25:36.613,0.00,0.00,0.00,0.00,2,0
2026-06-12 18:25:36.663,0.00,0.00,0.00,0.00,2,0
2026-06-12 18:25:36.714,0.00,0.00,0.00,0.00,2,0
2026-06-12 18:25:36.764,0.00,0.00,0.00,0.00,2,0
2026-06-12 18:25:36.814,0.00,0.00,0.00,0.00,2,0
2026-06-12 18:25:36.865,0.00,0.00,0.00,0.00,2,0
2026-06-12 18:25:36.915,0.00,0.00,0.00,0.00,2,0
2026-06-12 18:25:36.966,0.00,0.00,0.00,0.00,2,0
2026-06-12 18:25:37.016,0.00,0.00,0.00,0.00,2,0
2026-06-12 18:25:37.066,0.00,0.00,0.00,0.00,2,0
2026-06-12 18:25:37.117,0.00,0.00,0.00,0.00,2,0
2026-06-12 18:25:37.167,0.00,0.00,0.00,0.00,2,0
2026-06-12 18:25:37.218,0.00,0.00,0.00,0.00,2,0
2026-06-12 18:25:37.268,0.00,0.00,0.00,0.00,2,0
2026-06-12 18:25:37.318,0.00,0.00,0.00,0.00,2,0
2026-06-12 18:25:37.369,0.00,0.00,0.00,0.00,2,0
2026-06-12 18:25:37.419,0.00,0.00,0.00,0.00,2,0
2026-06-12 18:25:37.469,0.00,0.00,0.00,0.00,2,0
2026-06-12 18:25:37.520,0.00,0.00,0.00,0.00,2,0
2026-06-12 18:25:37.570,0.00,0.00,0.00,0.00,2,0
2026-06-12 18:25:37.621,0.00,0.00,0.00,0.00,2,0
2026-06-12 18:25:37.671,0.00,0.00,0.00,0.00,2,0
2026-06-12 18:25:37.721,0.00,0.00,0.00,0.00,2,0
2026-06-12 18:25:37.772,0.00,0.00,0.00,0.00,2,0
2026-06-12 18:25:37.822,0.00,0.00,0.00,0.00,2,0
2026-06-12 18:25:37.873,0.00,0.00,0.00,0.00,2,0
2026-06-12 18:25:37.923,0.00,0.00,0.00,0.00,2,0
2026-06-12 18:25:37.973,0.00,0.00,0.00,0.00,2,0
2026-06-12 18:25:38.024,0.00,0.00,0.00,0.00,2,0
2026-06-12 18:25:38.074,0.00,0.00,0.00,0.00,2,0
2026-06-12 18:25:38.125,0.00,0.00,0.00,0.00,2,0
2026-06-12 18:25:38.175,0.00,0.00,0.00,0.00,2,0
2026-06-12 18:25:38.226,0.00,0.00,0.00,0.00,2,0
2026-06-12 18:25:38.276,0.00,0.00,0.00,0.00,2,0
2026-06-12 18:25:38.327,0.00,0.00,0.00,0.00,2,0
2026-06-12 18:25:38.377,0.00,0.00,0.00,0.00,2,0
2026-06-12 18:25:38.427,0.00,0.00,0.00,0.00,2,0
2026-06-12 18:25:38.478,0.00,0.00,0.00,0.00,2,0
2026-06-12 18:25:38.528,0.00,0.00,0.00,0.00,2,0
2026-06-12 18:25:38.579,0.00,0.00,0.00,0.00,2,0
2026-06-12 18:25:38.629,0.00,0.00,0.00,0.00,2,0
2026-06-12 18:25:38.679,0.00,0.00,0.00,0.00,2,0
2026-06-12 18:25:38.730,0.00,0.00,0.00,0.00,2,0
2026-06-12 18:25:38.780,0.00,0.00,0.00,0.00,2,0
2026-06-12 18:25:38.832,0.00,0.00,0.00,0.00,2,0
2026-06-12 18:25:38.882,0.00,0.00,0.00,0.00,2,0
2026-06-12 18:25:38.931,0.00,0.00,0.00,0.00,2,0
2026-06-12 18:25:38.981,0.00,0.00,0.00,0.00,2,0
2026-06-12 18:25:39.032,0.00,0.00,0.00,0.00,2,0
2026-06-12 18:25:39.082,0.00,0.00,0.00,0.00,2,0
2026-06-12 18:25:39.133,0.00,0.00,0.00,0.00,2,0
2026-06-12 18:25:39.183,0.00,0.00,0.00,0.00,2,0
2026-06-12 18:25:39.234,0.00,0.00,0.00,0.00,2,0
2026-06-12 18:25:39.284,0.00,0.00,0.00,0.00,2,0
2026-06-12 18:25:39.334,0.00,0.00,0.00,0.00,2,0
2026-06-12 18:25:39.385,0.00,0.00,0.00,0.00,2,0
2026-06-12 18:25:39.435,0.00,0.00,0.00,0.00,2,0
2026-06-12 18:25:39.485,0.00,0.00,0.00,0.00,2,0
2026-06-12 18:25:39.536,0.00,0.00,0.00,0.00,2,0
2026-06-12 18:25:39.586,0.00,0.00,0.00,0.00,2,0
2026-06-12 18:25:39.637,0.00,0.00,0.00,0.00,2,0
2026-06-12 18:25:39.688,0.00,0.00,0.00,0.00,2,0
2026-06-12 18:25:39.738,0.00,0.00,0.00,0.00,2,0
2026-06-12 18:25:39.788,0.00,0.00,0.00,0.00,2,0
2026-06-12 18:25:39.838,0.00,0.00,0.00,0.00,2,0
2026-06-12 18:25:39.889,0.00,0.00,0.00,0.00,2,0
2026-06-12 18:25:39.939,0.00,0.00,0.00,0.00,2,0
2026-06-12 18:25:39.990,0.00,0.00,0.00,0.00,2,0
2026-06-12 18:25:40.040,0.00,0.00,0.00,0.00,2,0
2026-06-12 18:25:40.090,0.00,0.00,0.00,0.00,2,0
2026-06-12 18:25:40.141,0.00,0.00,0.00,0.00,2,0
2026-06-12 18:25:40.191,0.00,0.00,0.00,0.00,2,0
2026-06-12 18:25:40.241,0.00,0.00,0.00,0.00,2,0
2026-06-12 18:25:40.292,0.00,0.00,0.00,0.00,2,0
2026-06-12 18:25:40.342,0.00,0.00,0.00,0.00,2,0
2026-06-12 18:25:40.393,0.00,0.00,0.00,0.00,2,0
2026-06-12 18:25:40.443,0.00,0.00,0.00,0.00,2,0
2026-06-12 18:25:40.493,0.00,0.00,0.00,0.00,2,0
2026-06-12 18:25:40.544,0.00,0.00,0.00,0.00,2,0
2026-06-12 18:25:40.594,0.00,0.00,0.00,0.00,2,0
2026-06-12 18:25:40.645,0.00,0.00,0.00,0.00,2,0
2026-06-12 18:25:40.695,0.00,0.00,0.00,0.00,2,0
2026-06-12 18:25:40.745,0.00,0.00,0.00,0.00,2,0
2026-06-12 18:25:40.796,0.00,0.00,0.00,0.00,2,0
2026-06-12 18:25:40.846,0.00,0.00,0.00,0.00,2,0
2026-06-12 18:25:40.897,0.00,0.00,0.00,0.00,2,0
2026-06-12 18:25:40.947,0.00,0.00,0.00,0.00,2,0
2026-06-12 18:25:40.998,0.00,0.00,0.00,0.00,2,0
2026-06-12 18:25:41.048,0.00,0.00,0.00,0.00,2,0
2026-06-12 18:25:41.100,0.00,0.00,0.00,0.00,2,0
2026-06-12 18:25:41.149,0.00,0.00,0.00,0.00,2,0
2026-06-12 18:25:41.199,0.00,0.00,0.00,0.00,2,0
2026-06-12 18:25:41.250,0.00,0.00,0.00,0.00,2,0
2026-06-12 18:25:41.301,0.00,0.00,0.00,0.00,2,0
2026-06-12 18:25:41.350,0.00,0.00,0.00,0.00,2,0
2026-06-12 18:25:41.401,0.00,0.00,0.00,0.00,2,0
2026-06-12 18:25:41.451,0.00,0.00,0.00,0.00,2,0
2026-06-12 18:25:41.501,0.00,0.00,0.00,0.00,2,0
2026-06-12 18:25:41.552,0.00,0.00,0.00,0.00,2,0
2026-06-12 18:25:41.602,0.00,0.00,0.00,0.00,2,0
2026-06-12 18:25:41.653,0.00,0.00,0.00,0.00,2,0
2026-06-12 18:25:41.703,0.00,0.00,0.00,0.00,2,0
2026-06-12 18:25:41.753,0.00,0.00,0.00,0.00,2,0
2026-06-12 18:25:41.804,0.00,0.00,0.00,0.00,2,0
2026-06-12 18:25:41.854,0.00,0.00,0.00,0.00,2,0
2026-06-12 18:25:41.905,0.00,0.00,0.00,0.00,2,0
2026-06-12 18:25:41.955,0.00,0.00,0.00,0.00,2,0
2026-06-12 18:25:42.006,0.00,0.00,0.00,0.00,2,0
2026-06-12 18:25:42.056,0.00,0.00,0.00,0.00,2,0
2026-06-12 18:25:42.106,0.00,0.00,0.00,0.00,2,0
2026-06-12 18:25:42.157,0.00,0.00,0.00,0.00,2,0
2026-06-12 18:25:42.207,0.00,0.00,0.00,0.00,2,0
2026-06-12 18:25:42.257,0.00,0.00,0.00,0.00,2,0
2026-06-12 18:25:42.308,0.00,0.00,0.00,0.00,2,0
2026-06-12 18:25:42.358,0.00,0.00,0.00,0.00,2,0
2026-06-12 18:25:42.409,0.00,0.00,0.00,0.00,2,0
2026-06-12 18:25:42.459,0.00,0.00,0.00,0.00,2,0
2026-06-12 18:25:42.509,0.00,0.00,0.00,0.00,2,0
2026-06-12 18:25:42.560,0.00,0.00,0.00,0.00,2,0
2026-06-12 18:25:42.610,0.00,0.00,0.00,0.00,2,0
2026-06-12 18:25:42.661,0.00,0.00,0.00,0.00,2,0
2026-06-12 18:25:42.711,0.00,0.00,0.00,0.00,2,0
2026-06-12 18:25:42.761,0.00,0.00,0.00,0.00,2,0
2026-06-12 18:25:42.812,0.00,0.00,0.00,0.00,2,0
2026-06-12 18:25:42.862,0.00,0.00,0.00,0.00,2,0
2026-06-12 18:25:42.913,0.00,0.00,0.00,0.00,2,0
2026-06-12 18:25:42.963,0.00,0.00,0.00,0.00,2,0
2026-06-12 18:25:43.013,0.00,0.00,0.00,0.00,2,0
2026-06-12 18:25:43.064,0.00,0.00,0.00,0.00,2,0
2026-06-12 18:25:43.114,0.00,0.00,0.00,0.00,2,0
2026-06-12 18:25:43.165,0.00,0.00,0.00,0.00,2,0
2026-06-12 18:25:43.215,0.00,0.00,0.00,0.00,2,0
2026-06-12 18:25:43.265,0.00,0.00,0.00,0.00,2,0
2026-06-12 18:25:43.316,0.00,0.00,0.00,0.00,2,0
2026-06-12 18:25:43.366,0.00,0.00,0.00,0.00,2,0
2026-06-12 18:25:43.417,0.00,0.00,0.00,0.00,2,0
2026-06-12 18:25:43.467,0.00,0.00,0.00,0.00,2,0
2026-06-12 18:25:43.518,0.00,0.00,0.00,0.00,2,0
2026-06-12 18:25:43.568,0.00,0.00,0.00,0.00,2,0
2026-06-12 18:25:43.618,0.00,0.00,0.00,0.00,2,0
2026-06-12 18:25:43.669,0.00,0.00,0.00,0.00,2,0
2026-06-12 18:25:43.719,0.00,0.00,0.00,0.00,2,0
2026-06-12 18:25:43.769,0.00,0.00,0.00,0.00,2,0
2026-06-12 18:25:43.820,0.00,0.00,0.00,0.00,2,0
2026-06-12 18:25:43.870,0.00,0.00,0.00,0.00,2,0
2026-06-12 18:25:43.921,0.00,0.00,0.00,0.00,2,0
2026-06-12 18:25:43.971,0.00,0.00,0.00,0.00,2,0
2026-06-12 18:25:44.021,0.00,0.00,0.00,0.00,2,0
2026-06-12 18:25:44.072,0.00,0.00,0.00,0.00,2,0
2026-06-12 18:25:44.122,0.00,0.00,0.00,0.00,2,0
2026-06-12 18:25:44.173,0.00,0.00,0.00,0.00,2,0
2026-06-12 18:25:44.223,0.00,0.00,0.00,0.00,2,0
2026-06-12 18:25:44.273,0.00,0.00,0.00,0.00,2,0
2026-06-12 18:25:44.324,0.00,0.00,0.00,0.00,2,0
2026-06-12 18:25:44.374,0.00,0.00,0.00,0.00,2,0
2026-06-12 18:25:44.425,0.00,0.00,0.00,0.00,2,0
2026-06-12 18:25:44.475,0.00,0.00,0.00,0.00,2,0
2026-06-12 18:25:44.525,0.00,0.00,0.00,0.00,2,0
2026-06-12 18:25:44.576,0.00,0.00,0.00,0.00,2,0
2026-06-12 18:25:44.626,0.00,0.00,0.00,0.00,2,0
2026-06-12 18:25:44.677,0.00,0.00,0.00,0.00,2,0
2026-06-12 18:25:44.727,0.00,0.00,0.00,0.00,2,0
2026-06-12 18:25:44.778,0.00,0.00,0.00,0.00,2,0
2026-06-12 18:25:44.828,0.00,0.00,0.00,0.00,2,0
2026-06-12 18:25:44.878,0.00,0.00,0.00,0.00,2,0
2026-06-12 18:25:44.928,0.00,0.00,0.00,0.00,2,0
2026-06-12 18:25:44.979,0.00,0.00,0.00,0.00,2,0
2026-06-12 18:25:45.029,0.00,0.00,0.00,0.00,2,0
2026-06-12 18:25:45.080,0.00,0.00,0.00,0.00,2,0
2026-06-12 18:25:45.130,0.00,0.00,0.00,0.00,2,0
2026-06-12 18:25:45.181,0.00,0.00,0.00,0.00,2,0
2026-06-12 18:25:45.231,0.00,0.00,0.00,0.00,2,0
2026-06-12 18:25:45.281,0.00,0.00,0.00,0.00,2,0
2026-06-12 18:25:45.332,0.00,0.00,0.00,0.00,2,0
2026-06-12 18:25:45.382,0.00,0.00,0.00,0.00,2,0
2026-06-12 18:25:45.432,0.00,0.00,0.00,0.00,2,0
2026-06-12 18:25:45.483,0.00,0.00,0.00,0.00,2,0
2026-06-12 18:25:45.533,0.00,0.00,0.00,0.00,2,0
2026-06-12 18:25:45.584,0.00,0.00,0.00,0.00,2,0
2026-06-12 18:25:45.634,0.00,0.00,0.00,0.00,2,0
2026-06-12 18:25:45.685,0.00,0.00,0.00,0.00,2,0
2026-06-12 18:25:45.735,0.00,0.00,0.00,0.00,2,0
2026-06-12 18:25:45.785,0.00,0.00,0.00,0.00,2,0
2026-06-12 18:25:45.836,0.00,0.00,0.00,0.00,2,0
2026-06-12 18:25:45.886,0.00,0.00,0.00,0.00,2,0
2026-06-12 18:25:45.937,0.00,0.00,0.00,0.00,2,0
2026-06-12 18:25:45.987,0.00,0.00,0.00,0.00,2,0
2026-06-12 18:25:46.038,0.00,0.00,0.00,0.00,2,0
2026-06-12 18:25:46.088,0.00,0.00,0.00,0.00,2,0
2026-06-12 18:25:46.138,0.00,0.00,0.00,0.00,2,0
2026-06-12 18:25:46.188,0.00,0.00,0.00,0.00,2,0
2026-06-12 18:25:46.239,0.00,0.00,0.00,0.00,2,0
2026-06-12 18:25:46.289,0.00,0.00,0.00,0.00,2,0
2026-06-12 18:25:46.340,0.00,0.00,0.00,0.00,2,0
2026-06-12 18:25:46.390,0.00,0.00,0.00,0.00,2,0
2026-06-12 18:25:46.440,0.00,0.00,0.00,0.00,2,0
2026-06-12 18:25:46.491,0.00,0.00,0.00,0.00,2,0
2026-06-12 18:25:46.541,0.00,0.00,0.00,0.00,2,0
2026-06-12 18:25:46.592,0.00,0.00,0.00,0.00,2,0
2026-06-12 18:25:46.642,0.00,0.00,0.00,0.00,2,0
2026-06-12 18:25:46.693,0.00,0.00,0.00,0.00,2,0
2026-06-12 18:25:46.743,0.00,0.00,0.00,0.00,2,0
2026-06-12 18:25:46.793,0.00,0.00,0.00,0.00,2,0
2026-06-12 18:25:46.844,0.00,0.00,0.00,0.00,2,0
2026-06-12 18:25:46.894,0.00,0.00,0.00,0.00,2,0
2026-06-12 18:25:46.944,0.00,0.00,0.00,0.00,2,0
2026-06-12 18:25:46.995,0.00,0.00,0.00,0.00,2,0
2026-06-12 18:25:47.045,0.00,0.00,0.00,0.00,2,0
2026-06-12 18:25:47.096,0.00,0.00,0.00,0.00,2,0
2026-06-12 18:25:47.146,0.00,0.00,0.00,0.00,2,0
2026-06-12 18:25:47.196,0.00,0.00,0.00,0.00,2,0
2026-06-12 18:25:47.247,0.00,0.00,0.00,0.00,2,0
2026-06-12 18:25:47.298,0.00,0.00,0.00,0.00,2,0
2026-06-12 18:25:47.348,0.00,0.00,0.00,0.00,2,0
2026-06-12 18:25:47.398,0.00,0.00,0.00,0.00,2,0
2026-06-12 18:25:47.448,0.00,0.00,0.00,0.00,2,0
2026-06-12 18:25:47.500,0.00,0.00,0.00,0.00,2,0
2026-06-12 18:25:47.549,0.00,0.00,0.00,0.00,2,0
2026-06-12 18:25:47.600,0.00,0.00,0.00,0.00,2,0
2026-06-12 18:25:47.650,0.00,0.00,0.00,0.00,2,0
2026-06-12 18:25:47.701,0.00,0.00,0.00,0.00,2,0
2026-06-12 18:25:47.751,0.00,0.00,0.00,0.00,2,0
2026-06-12 18:25:47.801,0.00,0.00,0.00,0.00,2,0
2026-06-12 18:25:47.852,0.00,0.00,0.00,0.00,2,0
2026-06-12 18:25:47.902,0.00,0.00,0.00,0.00,2,0
2026-06-12 18:25:47.952,0.00,0.00,0.00,0.00,2,0
2026-06-12 18:25:48.003,0.00,0.00,0.00,0.00,2,0
2026-06-12 18:25:48.053,0.00,0.00,0.00,0.00,2,0
2026-06-12 18:25:48.104,0.00,0.00,0.00,0.00,2,0
2026-06-12 18:25:48.154,0.00,0.00,0.00,0.00,2,0
2026-06-12 18:25:48.204,0.00,0.00,0.00,0.00,2,0
2026-06-12 18:25:48.255,0.00,0.00,0.00,0.00,2,0
2026-06-12 18:25:48.305,0.00,0.00,0.00,0.00,2,0
2026-06-12 18:25:48.356,0.00,0.00,0.00,0.00,2,0
2026-06-12 18:25:48.406,0.00,0.00,0.00,0.00,2,0
2026-06-12 18:25:48.457,0.00,0.00,0.00,0.00,2,0
2026-06-12 18:25:48.507,0.00,0.00,0.00,0.00,2,0
2026-06-12 18:25:48.558,0.00,0.00,0.00,0.00,2,0
2026-06-12 18:25:48.608,0.00,0.00,0.00,0.00,2,0
2026-06-12 18:25:48.658,0.00,0.00,0.00,0.00,2,0
2026-06-12 18:25:48.709,0.00,0.00,0.00,0.00,2,0
2026-06-12 18:25:48.759,0.00,0.00,0.00,0.00,2,0
2026-06-12 18:25:48.809,0.00,0.00,0.00,0.00,2,0
2026-06-12 18:25:48.860,0.00,0.00,0.00,0.00,2,0
2026-06-12 18:25:48.910,0.00,0.00,0.00,0.00,2,0
2026-06-12 18:25:48.960,0.00,0.00,0.00,0.00,2,0
2026-06-12 18:25:49.011,0.00,0.00,0.00,0.00,2,0
2026-06-12 18:25:49.061,0.00,0.00,0.00,0.00,2,0
2026-06-12 18:25:49.112,0.00,0.00,0.00,0.00,2,0
2026-06-12 18:25:49.162,0.00,0.00,0.00,0.00,2,0
2026-06-12 18:25:49.212,0.00,0.00,0.00,0.00,2,0
2026-06-12 18:25:49.263,0.00,0.00,0.00,0.00,2,0
2026-06-12 18:25:49.313,0.00,0.00,0.00,0.00,2,0
2026-06-12 18:25:49.364,0.00,0.00,0.00,0.00,2,0
2026-06-12 18:25:49.414,0.00,0.00,0.00,0.00,2,0
2026-06-12 18:25:49.464,0.00,0.00,0.00,0.00,2,0
2026-06-12 18:25:49.515,0.00,0.00,0.00,0.00,2,0
2026-06-12 18:25:49.565,0.00,0.00,0.00,0.00,2,0
2026-06-12 18:25:49.616,0.00,0.00,0.00,0.00,2,0
2026-06-12 18:25:49.666,0.00,0.00,0.00,0.00,2,0
2026-06-12 18:25:49.716,0.00,0.00,0.00,0.00,2,0
2026-06-12 18:25:49.767,0.00,0.00,0.00,0.00,2,0
2026-06-12 18:25:49.818,0.00,0.00,0.00,0.00,2,0
2026-06-12 18:25:49.868,0.00,0.00,0.00,0.00,2,0
2026-06-12 18:25:49.918,0.00,0.00,0.00,0.00,2,0
2026-06-12 18:25:49.968,0.00,0.00,0.00,0.00,2,0
2026-06-12 18:25:50.019,0.00,0.00,0.00,0.00,2,0
2026-06-12 18:25:50.069,0.00,0.00,0.00,0.00,2,0
2026-06-12 18:25:50.120,0.00,0.00,0.00,0.00,2,0
2026-06-12 18:25:50.170,0.00,0.00,0.00,0.00,2,0
2026-06-12 18:25:50.220,0.00,0.00,0.00,0.00,2,0
2026-06-12 18:25:50.271,0.00,0.00,0.00,0.00,2,0
2026-06-12 18:25:50.321,0.00,0.00,0.00,0.00,2,0
2026-06-12 18:25:50.372,0.00,0.00,0.00,0.00,2,0
2026-06-12 18:25:50.422,0.00,0.00,0.00,0.00,2,0
2026-06-12 18:25:50.472,0.00,0.00,0.00,0.00,2,0
2026-06-12 18:25:50.523,0.00,0.00,0.00,0.00,2,0
2026-06-12 18:25:50.573,0.00,0.00,0.00,0.00,2,0
2026-06-12 18:25:50.624,0.00,0.00,0.00,0.00,2,0
2026-06-12 18:25:50.674,0.00,0.00,0.00,0.00,2,0
2026-06-12 18:25:50.725,0.00,0.00,0.00,0.00,2,0
2026-06-12 18:25:50.775,0.00,0.00,0.00,0.00,2,0
2026-06-12 18:25:50.825,0.00,0.00,0.00,0.00,2,0
2026-06-12 18:25:50.876,0.00,0.00,0.00,0.00,2,0
2026-06-12 18:25:50.926,0.00,0.00,0.00,0.00,2,0
2026-06-12 18:25:50.976,0.00,0.00,0.00,0.00,2,0
2026-06-12 18:25:51.027,0.00,0.00,0.00,0.00,2,0
2026-06-12 18:25:51.077,0.00,0.00,0.00,0.00,2,0
2026-06-12 18:25:51.128,0.00,0.00,0.00,0.00,2,0
2026-06-12 18:25:51.178,0.00,0.00,0.00,0.00,2,0
2026-06-12 18:25:51.228,0.00,0.00,0.00,0.00,2,0
2026-06-12 18:25:51.279,0.00,0.00,0.00,0.00,2,0
2026-06-12 18:25:51.329,0.00,0.00,0.00,0.00,2,0
2026-06-12 18:25:51.380,0.00,0.00,0.00,0.00,2,0
2026-06-12 18:25:51.430,0.00,0.00,0.00,0.00,2,0
2026-06-12 18:25:51.480,0.00,0.00,0.00,0.00,2,0
2026-06-12 18:25:51.531,0.00,0.00,0.00,0.00,2,0
2026-06-12 18:25:51.581,0.00,0.00,0.00,0.00,2,0
2026-06-12 18:25:51.632,0.00,0.00,0.00,0.00,2,0
2026-06-12 18:25:51.682,0.00,0.00,0.00,0.00,2,0
2026-06-12 18:25:51.733,0.00,0.00,0.00,0.00,2,0
2026-06-12 18:25:51.783,0.00,0.00,0.00,0.00,2,0
2026-06-12 18:25:51.834,0.00,0.00,0.00,0.00,2,0
2026-06-12 18:25:51.884,0.00,0.00,0.00,0.00,2,0
2026-06-12 18:25:51.934,0.00,0.00,0.00,0.00,2,0
2026-06-12 18:25:51.984,0.00,0.00,0.00,0.00,2,0
2026-06-12 18:25:52.035,0.00,0.00,0.00,0.00,2,0
2026-06-12 18:25:52.085,0.00,0.00,0.00,0.00,2,0
2026-06-12 18:25:52.136,0.00,0.00,0.00,0.00,2,0
2026-06-12 18:25:52.186,0.00,0.00,0.00,0.00,2,0
2026-06-12 18:25:52.236,0.00,0.00,0.00,0.00,2,0
2026-06-12 18:25:52.287,0.00,0.00,0.00,0.00,2,0
2026-06-12 18:25:52.337,0.00,0.00,0.00,0.00,2,0
2026-06-12 18:25:52.388,0.00,0.00,0.00,0.00,2,0
2026-06-12 18:25:52.438,0.00,0.00,0.00,0.00,2,0
2026-06-12 18:25:52.488,0.00,0.00,0.00,0.00,2,0
2026-06-12 18:25:52.539,0.00,0.00,0.00,0.00,2,0
2026-06-12 18:25:52.589,0.00,0.00,0.00,0.00,2,0
2026-06-12 18:25:52.639,0.00,0.00,0.00,0.00,2,0
2026-06-12 18:25:52.690,0.00,0.00,0.00,0.00,2,0
2026-06-12 18:25:52.740,0.00,0.00,0.00,0.00,2,0
2026-06-12 18:25:52.791,0.00,0.00,0.00,0.00,2,0
2026-06-12 18:25:52.841,0.00,0.00,0.00,0.00,2,0
2026-06-12 18:25:52.891,0.00,0.00,0.00,0.00,2,0
2026-06-12 18:25:52.942,0.00,0.00,0.00,0.00,2,0
2026-06-12 18:25:52.992,0.00,0.00,0.00,0.00,2,0
2026-06-12 18:25:53.043,0.00,0.00,0.00,0.00,2,0
2026-06-12 18:25:53.093,0.00,0.00,0.00,0.00,2,0
2026-06-12 18:25:53.144,0.00,0.00,0.00,0.00,2,0
2026-06-12 18:25:53.194,0.00,0.00,0.00,0.00,2,0
2026-06-12 18:25:53.244,0.00,0.00,0.00,0.00,2,0
2026-06-12 18:25:53.295,0.00,0.00,0.00,0.00,2,0
2026-06-12 18:25:53.345,0.00,0.00,0.00,0.00,2,0
2026-06-12 18:25:53.396,0.00,0.00,0.00,0.00,2,0
2026-06-12 18:25:53.446,0.00,0.00,0.00,0.00,2,0
2026-06-12 18:25:53.496,0.00,0.00,0.00,0.00,2,0
2026-06-12 18:25:53.547,0.00,0.00,0.00,0.00,2,0
2026-06-12 18:25:53.599,0.00,0.00,0.00,0.00,2,0
2026-06-12 18:25:53.648,0.00,0.00,0.00,0.00,2,0
2026-06-12 18:25:53.698,0.00,0.00,0.00,0.00,2,0
2026-06-12 18:25:53.748,0.00,0.00,0.00,0.00,2,0
2026-06-12 18:25:53.799,0.00,0.00,0.00,0.00,2,0
2026-06-12 18:25:53.849,0.00,0.00,0.00,0.00,2,0
2026-06-12 18:25:53.899,0.00,0.00,0.00,0.00,2,0
2026-06-12 18:25:53.950,0.00,0.00,0.00,0.00,2,0
2026-06-12 18:25:54.000,0.00,0.00,0.00,0.00,2,0
2026-06-12 18:25:54.051,0.00,0.00,0.00,0.00,2,0
2026-06-12 18:25:54.101,0.00,0.00,0.00,0.00,2,0
2026-06-12 18:25:54.151,0.00,0.00,0.00,0.00,2,0
2026-06-12 18:25:54.202,0.00,0.00,0.00,0.00,2,0
2026-06-12 18:25:54.252,0.00,0.00,0.00,0.00,2,0
2026-06-12 18:25:54.303,0.00,0.00,0.00,0.00,2,0
2026-06-12 18:25:54.353,0.00,0.00,0.00,0.00,2,0
2026-06-12 18:25:54.404,0.00,0.00,0.00,0.00,2,0
2026-06-12 18:25:54.454,0.00,0.00,0.00,0.00,2,0
2026-06-12 18:25:54.504,0.00,0.00,0.00,0.00,2,0
2026-06-12 18:25:54.555,0.00,0.00,0.00,0.00,2,0
2026-06-12 18:25:54.605,0.00,0.00,0.00,0.00,2,0
2026-06-12 18:25:54.656,0.00,0.00,0.00,0.00,2,0
2026-06-12 18:25:54.706,0.00,0.00,0.00,0.00,2,0
2026-06-12 18:25:54.756,0.00,0.00,0.00,0.00,2,0
2026-06-12 18:25:54.807,0.00,0.00,0.00,0.00,2,0
2026-06-12 18:25:54.857,0.00,0.00,0.00,0.00,2,0
2026-06-12 18:25:54.908,0.00,0.00,0.00,0.00,2,0
2026-06-12 18:25:54.958,0.00,0.00,0.00,0.00,2,0
2026-06-12 18:25:55.009,0.00,0.00,0.00,0.00,2,0
2026-06-12 18:25:55.059,0.00,0.00,0.00,0.00,2,0
2026-06-12 18:25:55.109,0.00,0.00,0.00,0.00,2,0
2026-06-12 18:25:55.160,0.00,0.00,0.00,0.00,2,0
2026-06-12 18:25:55.210,0.00,0.00,0.00,0.00,2,0
2026-06-12 18:25:55.260,0.00,0.00,0.00,0.00,2,0
2026-06-12 18:25:55.311,0.00,0.00,0.00,0.00,2,0
2026-06-12 18:25:55.361,0.00,0.00,0.00,0.00,2,0
2026-06-12 18:25:55.411,0.00,0.00,0.00,0.00,2,0
2026-06-12 18:25:55.462,0.00,0.00,0.00,0.00,2,0
2026-06-12 18:25:55.512,0.00,0.00,0.00,0.00,2,0
2026-06-12 18:25:55.563,0.00,0.00,0.00,0.00,2,0
2026-06-12 18:25:55.613,0.00,0.00,0.00,0.00,2,0
2026-06-12 18:25:55.663,0.00,0.00,0.00,0.00,2,0
2026-06-12 18:25:55.714,0.00,0.00,0.00,0.00,2,0
2026-06-12 18:25:55.764,0.00,0.00,0.00,0.00,2,0
2026-06-12 18:25:55.815,0.00,0.00,0.00,0.00,2,0
2026-06-12 18:25:55.865,0.00,0.00,0.00,0.00,2,0
2026-06-12 18:25:55.916,0.00,0.00,0.00,0.00,2,0
2026-06-12 18:25:55.966,0.00,0.00,0.00,0.00,2,0
2026-06-12 18:25:56.016,0.00,0.00,0.00,0.00,2,0
2026-06-12 18:25:56.067,0.00,0.00,0.00,0.00,2,0
2026-06-12 18:25:56.117,0.00,0.00,0.00,0.00,2,0
2026-06-12 18:25:56.168,0.00,0.00,0.00,0.00,2,0
2026-06-12 18:25:56.218,0.00,0.00,0.00,0.00,2,0
2026-06-12 18:25:56.268,0.00,0.00,0.00,0.00,2,0
2026-06-12 18:25:56.319,0.00,0.00,0.00,0.00,2,0
2026-06-12 18:25:56.369,0.00,0.00,0.00,0.00,2,0
2026-06-12 18:25:56.419,0.00,0.00,0.00,0.00,2,0
2026-06-12 18:25:56.470,0.00,0.00,0.00,0.00,2,0
2026-06-12 18:25:56.520,0.00,0.00,0.00,0.00,2,0
2026-06-12 18:25:56.571,0.00,0.00,0.00,0.00,2,0
2026-06-12 18:25:56.621,0.00,0.00,0.00,0.00,2,0
2026-06-12 18:25:56.671,0.00,0.00,0.00,0.00,2,0
2026-06-12 18:25:56.722,0.00,0.00,0.00,0.00,2,0
2026-06-12 18:25:56.772,0.00,0.00,0.00,0.00,2,0
2026-06-12 18:25:56.823,0.00,0.00,0.00,0.00,2,0
2026-06-12 18:25:56.873,0.00,0.00,0.00,0.00,2,0
2026-06-12 18:25:56.923,0.00,0.00,0.00,0.00,2,0
2026-06-12 18:25:56.974,0.00,0.00,0.00,0.00,2,0
2026-06-12 18:25:57.024,0.00,0.00,0.00,0.00,2,0
2026-06-12 18:25:57.075,0.00,0.00,0.00,0.00,2,0
2026-06-12 18:25:57.125,0.00,0.00,0.00,0.00,2,0
2026-06-12 18:25:57.175,0.00,0.00,0.00,0.00,2,0
2026-06-12 18:25:57.226,0.00,0.00,0.00,0.00,2,0
2026-06-12 18:25:57.276,0.00,0.00,0.00,0.00,2,0
2026-06-12 18:25:57.327,0.00,0.00,0.00,0.00,2,0
2026-06-12 18:25:57.377,0.00,0.00,0.00,0.00,2,0
2026-06-12 18:25:57.428,0.00,0.00,0.00,0.00,2,0
2026-06-12 18:25:57.478,0.00,0.00,0.00,0.00,2,0
2026-06-12 18:25:57.530,0.00,0.00,0.00,0.00,2,0
2026-06-12 18:25:57.579,0.00,0.00,0.00,0.00,2,0
2026-06-12 18:25:57.629,0.00,0.00,0.00,0.00,2,0
2026-06-12 18:25:57.679,0.00,0.00,0.00,0.00,2,0
2026-06-12 18:25:57.730,0.00,0.00,0.00,0.00,2,0
2026-06-12 18:25:57.780,0.00,0.00,0.00,0.00,2,0
2026-06-12 18:25:57.831,0.00,0.00,0.00,0.00,2,0
2026-06-12 18:25:57.881,0.00,0.00,0.00,0.00,2,0
2026-06-12 18:25:57.931,0.00,0.00,0.00,0.00,2,0
2026-06-12 18:25:57.982,0.00,0.00,0.00,0.00,2,0
2026-06-12 18:25:58.032,0.00,0.00,0.00,0.00,2,0
2026-06-12 18:25:58.083,0.00,0.00,0.00,0.00,2,0
2026-06-12 18:25:58.133,0.00,0.00,0.00,0.00,2,0
2026-06-12 18:25:58.184,0.00,0.00,0.00,0.00,2,0
2026-06-12 18:25:58.234,0.00,0.00,0.00,0.00,2,0
2026-06-12 18:25:58.284,0.00,0.00,0.00,0.00,2,0
2026-06-12 18:25:58.335,0.00,0.00,0.00,0.00,2,0
2026-06-12 18:25:58.385,0.00,0.00,0.00,0.00,2,0
2026-06-12 18:25:58.435,0.00,0.00,0.00,0.00,2,0
2026-06-12 18:25:58.486,0.00,0.00,0.00,0.00,2,0
2026-06-12 18:25:58.536,0.00,0.00,0.00,0.00,2,0
2026-06-12 18:25:58.587,0.00,0.00,0.00,0.00,2,0
2026-06-12 18:25:58.637,0.00,0.00,0.00,0.00,2,0
2026-06-12 18:25:58.687,0.00,0.00,0.00,0.00,2,0
2026-06-12 18:25:58.738,0.00,0.00,0.00,0.00,2,0
2026-06-12 18:25:58.789,0.00,0.00,0.00,0.00,2,0
2026-06-12 18:25:58.839,0.00,0.00,0.00,0.00,2,0
2026-06-12 18:25:58.889,0.00,0.00,0.00,0.00,2,0
2026-06-12 18:25:58.939,0.00,0.00,0.00,0.00,2,0
2026-06-12 18:25:58.990,0.00,0.00,0.00,0.00,2,0
2026-06-12 18:25:59.041,0.00,0.00,0.00,0.00,2,0
2026-06-12 18:25:59.091,0.00,0.00,0.00,0.00,2,0
2026-06-12 18:25:59.142,0.00,0.00,0.00,0.00,2,0
2026-06-12 18:25:59.192,0.00,0.00,0.00,0.00,2,0
2026-06-12 18:25:59.242,0.00,0.00,0.00,0.00,2,0
2026-06-12 18:25:59.292,0.00,0.00,0.00,0.00,2,0
2026-06-12 18:25:59.343,0.00,0.00,0.00,0.00,2,0
2026-06-12 18:25:59.393,0.00,0.00,0.00,0.00,2,0
2026-06-12 18:25:59.443,0.00,0.00,0.00,0.00,2,0
2026-06-12 18:25:59.494,0.00,0.00,0.00,0.00,2,0
2026-06-12 18:25:59.544,0.00,0.00,0.00,0.00,2,0
2026-06-12 18:25:59.595,0.00,0.00,0.00,0.00,2,0
2026-06-12 18:25:59.645,0.00,0.00,0.00,0.00,2,0
2026-06-12 18:25:59.695,0.00,0.00,0.00,0.00,2,0
2026-06-12 18:25:59.746,0.00,0.00,0.00,0.00,2,0
2026-06-12 18:25:59.797,0.00,0.00,0.00,0.00,2,0
2026-06-12 18:25:59.847,0.00,0.00,0.00,0.00,2,0
2026-06-12 18:25:59.898,0.00,0.00,0.00,0.00,2,0
2026-06-12 18:25:59.949,0.00,0.00,0.00,0.00,2,0
2026-06-12 18:26:00.003,0.00,0.00,0.00,0.00,2,0
2026-06-12 18:26:00.048,0.00,0.00,0.00,0.00,2,0
2026-06-12 18:26:00.099,0.00,0.00,0.00,0.00,2,0
2026-06-12 18:26:00.149,0.00,0.00,0.00,0.00,2,0
2026-06-12 18:26:00.199,0.00,0.00,0.00,0.00,2,0
2026-06-12 18:26:00.250,0.00,0.00,0.00,0.00,2,0
2026-06-12 18:26:00.300,0.00,0.00,0.00,0.00,2,0
2026-06-12 18:26:00.351,0.00,0.00,0.00,0.00,2,0
2026-06-12 18:26:00.401,0.00,0.00,0.00,0.00,2,0
2026-06-12 18:26:00.451,0.00,0.00,0.00,0.00,2,0
2026-06-12 18:26:00.502,0.00,0.00,0.00,0.00,2,0
2026-06-12 18:26:00.552,0.00,0.00,0.00,0.00,2,0
2026-06-12 18:26:00.603,0.00,0.00,0.00,0.00,2,0
2026-06-12 18:26:00.653,0.00,0.00,0.00,0.00,2,0
2026-06-12 18:26:00.703,0.00,0.00,0.00,0.00,2,0
2026-06-12 18:26:00.754,0.00,0.00,0.00,0.00,2,0
2026-06-12 18:26:00.804,0.00,0.00,0.00,0.00,2,0
2026-06-12 18:26:00.855,0.00,0.00,0.00,0.00,2,0
2026-06-12 18:26:00.905,0.00,0.00,0.00,0.00,2,0
2026-06-12 18:26:00.955,0.00,0.00,0.00,0.00,2,0
2026-06-12 18:26:01.006,0.00,0.00,0.00,0.00,2,0
2026-06-12 18:26:01.056,0.00,0.00,0.00,0.00,2,0
2026-06-12 18:26:01.107,0.00,0.00,0.00,0.00,2,0
2026-06-12 18:26:01.157,0.00,0.00,0.00,0.00,2,0
2026-06-12 18:26:01.208,0.00,0.00,0.00,0.00,2,0
2026-06-12 18:26:01.258,0.00,0.00,0.00,0.00,2,0
2026-06-12 18:26:01.308,0.00,0.00,0.00,0.00,2,0
2026-06-12 18:26:01.358,0.00,0.00,0.00,0.00,2,0
2026-06-12 18:26:01.409,0.00,0.00,0.00,0.00,2,0
2026-06-12 18:26:01.459,0.00,0.00,0.00,0.00,2,0
2026-06-12 18:26:01.510,0.00,0.00,0.00,0.00,2,0
2026-06-12 18:26:01.560,0.00,0.00,0.00,0.00,2,0
2026-06-12 18:26:01.611,0.00,0.00,0.00,0.00,2,0
2026-06-12 18:26:01.662,0.00,0.00,0.00,0.00,2,0
2026-06-12 18:26:01.711,0.00,0.00,0.00,0.00,2,0
2026-06-12 18:26:01.762,0.00,0.00,0.00,0.00,2,0
2026-06-12 18:26:01.812,0.00,0.00,0.00,0.00,2,0
2026-06-12 18:26:01.863,0.00,0.00,0.00,0.00,2,0
2026-06-12 18:26:01.913,0.00,0.00,0.00,0.00,2,0
2026-06-12 18:26:01.963,0.00,0.00,0.00,0.00,2,0
2026-06-12 18:26:02.014,0.00,0.00,0.00,0.00,2,0
2026-06-12 18:26:02.064,0.00,0.00,0.00,0.00,2,0
2026-06-12 18:26:02.115,0.00,0.00,0.00,0.00,2,0
2026-06-12 18:26:02.165,0.00,0.00,0.00,0.00,2,0
2026-06-12 18:26:02.215,0.00,0.00,0.00,0.00,2,0
2026-06-12 18:26:02.266,0.00,0.00,0.00,0.00,2,0
2026-06-12 18:26:02.316,0.00,0.00,0.00,0.00,2,0
2026-06-12 18:26:02.367,0.00,0.00,0.00,0.00,2,0
2026-06-12 18:26:02.417,0.00,0.00,0.00,0.00,2,0
2026-06-12 18:26:02.468,0.00,0.00,0.00,0.00,2,0
2026-06-12 18:26:02.518,0.00,0.00,0.00,0.00,2,0
2026-06-12 18:26:02.569,0.00,0.00,0.00,0.00,2,0
2026-06-12 18:26:02.619,0.00,0.00,0.00,0.00,2,0
2026-06-12 18:26:02.670,0.00,0.00,0.00,0.00,2,0
2026-06-12 18:26:02.719,0.00,0.00,0.00,0.00,2,0
2026-06-12 18:26:02.770,0.00,0.00,0.00,0.00,2,0
2026-06-12 18:26:02.820,0.00,0.00,0.00,0.00,2,0
2026-06-12 18:26:02.871,0.00,0.00,0.00,0.00,2,0
2026-06-12 18:26:02.921,0.00,0.00,0.00,0.00,2,0
2026-06-12 18:26:02.971,0.00,0.00,0.00,0.00,2,0
2026-06-12 18:26:03.022,0.00,0.00,0.00,0.00,2,0
2026-06-12 18:26:03.072,0.00,0.00,0.00,0.00,2,0
2026-06-12 18:26:03.123,0.00,0.00,0.00,0.00,2,0
2026-06-12 18:26:03.173,0.00,0.00,0.00,0.00,2,0
2026-06-12 18:26:03.223,0.00,0.00,0.00,0.00,2,0
2026-06-12 18:26:03.274,0.00,0.00,0.00,0.00,2,0
2026-06-12 18:26:03.324,0.00,0.00,0.00,0.00,2,0
2026-06-12 18:26:03.375,0.00,0.00,0.00,0.00,2,0
2026-06-12 18:26:03.425,0.00,0.00,0.00,0.00,2,0
2026-06-12 18:26:03.475,0.00,0.00,0.00,0.00,2,0
2026-06-12 18:26:03.526,0.00,0.00,0.00,0.00,2,0
2026-06-12 18:26:03.576,0.00,0.00,0.00,0.00,2,0
2026-06-12 18:26:03.636,0.00,0.00,0.00,0.00,2,0
2026-06-12 18:26:03.677,0.00,0.00,0.00,0.00,2,0
2026-06-12 18:26:03.728,0.00,0.00,0.00,0.00,2,0
2026-06-12 18:26:03.778,0.00,0.00,0.00,0.00,2,0
2026-06-12 18:26:03.828,0.00,0.00,0.00,0.00,2,0
2026-06-12 18:26:03.878,0.00,0.00,0.00,0.00,2,0
2026-06-12 18:26:03.929,0.00,0.00,0.00,0.00,2,0
2026-06-12 18:26:03.979,0.00,0.00,0.00,0.00,2,0
2026-06-12 18:26:04.030,0.00,0.00,0.00,0.00,2,0
2026-06-12 18:26:04.080,0.00,0.00,0.00,0.00,2,0
2026-06-12 18:26:04.130,0.00,0.00,0.00,0.00,2,0
2026-06-12 18:26:04.181,0.00,0.00,0.00,0.00,2,0
2026-06-12 18:26:04.231,0.00,0.00,0.00,0.00,2,0
2026-06-12 18:26:04.282,0.00,0.00,0.00,0.00,2,0
2026-06-12 18:26:04.332,0.00,0.00,0.00,0.00,2,0
2026-06-12 18:26:04.382,0.00,0.00,0.00,0.00,2,0
2026-06-12 18:26:04.433,0.00,0.00,0.00,0.00,2,0
2026-06-12 18:26:04.483,0.00,0.00,0.00,0.00,2,0
2026-06-12 18:26:04.535,0.00,0.00,0.00,0.00,2,0
2026-06-12 18:26:04.584,0.00,0.00,0.00,0.00,2,0
2026-06-12 18:26:04.635,0.00,0.00,0.00,0.00,2,0
2026-06-12 18:26:04.685,0.00,0.00,0.00,0.00,2,0
2026-06-12 18:26:04.738,0.00,0.00,0.00,0.00,2,0
2026-06-12 18:26:04.786,0.00,0.00,0.00,0.00,2,0
2026-06-12 18:26:04.836,0.00,0.00,0.00,0.00,2,0
2026-06-12 18:26:04.886,0.00,0.00,0.00,0.00,2,0
2026-06-12 18:26:04.937,0.00,0.00,0.00,0.00,2,0
2026-06-12 18:26:04.987,0.00,0.00,0.00,0.00,2,0
2026-06-12 18:26:05.039,0.00,0.00,0.00,0.00,2,0
2026-06-12 18:26:05.088,0.00,0.00,0.00,0.00,2,0
2026-06-12 18:26:05.138,0.00,0.00,0.00,0.00,2,0
2026-06-12 18:26:05.189,0.00,0.00,0.00,0.00,2,0
2026-06-12 18:26:05.239,0.00,0.00,0.00,0.00,2,0
2026-06-12 18:26:05.290,0.00,0.00,0.00,0.00,2,0
2026-06-12 18:26:05.340,0.00,0.00,0.00,0.00,2,0
2026-06-12 18:26:05.390,0.00,0.00,0.00,0.00,2,0
2026-06-12 18:26:05.441,0.00,0.00,0.00,0.00,2,0
2026-06-12 18:26:05.491,0.00,0.00,0.00,0.00,2,0
2026-06-12 18:26:05.542,0.00,0.00,0.00,0.00,2,0
2026-06-12 18:26:05.592,0.00,0.00,0.00,0.00,2,0
2026-06-12 18:26:05.643,0.00,0.00,0.00,0.00,2,0
2026-06-12 18:26:05.693,0.00,0.00,0.00,0.00,2,0
2026-06-12 18:26:05.743,0.00,0.00,0.00,0.00,2,0
2026-06-12 18:26:05.794,0.00,0.00,0.00,0.00,2,0
2026-06-12 18:26:05.844,0.00,0.00,0.00,0.00,2,0
2026-06-12 18:26:05.894,0.00,0.00,0.00,0.00,2,0
2026-06-12 18:26:05.945,0.00,0.00,0.00,0.00,2,0
2026-06-12 18:26:05.995,0.00,0.00,0.00,0.00,2,0
2026-06-12 18:26:06.046,0.00,0.00,0.00,0.00,2,0
2026-06-12 18:26:06.096,0.00,0.00,0.00,0.00,2,0
2026-06-12 18:26:06.146,0.00,0.00,0.00,0.00,2,0
2026-06-12 18:26:06.197,0.00,0.00,0.00,0.00,2,0
2026-06-12 18:26:06.247,0.00,0.00,0.00,0.00,2,0
2026-06-12 18:26:06.298,0.00,0.00,0.00,0.00,2,0
2026-06-12 18:26:06.348,0.00,0.00,0.00,0.00,2,0
2026-06-12 18:26:06.398,0.00,0.00,0.00,0.00,2,0
2026-06-12 18:26:06.449,0.00,0.00,0.00,0.00,2,0
2026-06-12 18:26:06.499,0.00,0.00,0.00,0.00,2,0
2026-06-12 18:26:06.550,0.00,0.00,0.00,0.00,2,0
2026-06-12 18:26:06.600,0.00,0.00,0.00,0.00,2,0
2026-06-12 18:26:06.652,0.00,0.00,0.00,0.00,2,0
2026-06-12 18:26:06.701,0.00,0.00,0.00,0.00,2,0
2026-06-12 18:26:06.751,0.00,0.00,0.00,0.00,2,0
2026-06-12 18:26:06.802,0.00,0.00,0.00,0.00,2,0
2026-06-12 18:26:06.852,0.00,0.00,0.00,0.00,2,0
2026-06-12 18:26:06.902,0.00,0.00,0.00,0.00,2,0
2026-06-12 18:26:06.953,0.00,0.00,0.00,0.00,2,0
2026-06-12 18:26:07.003,0.00,0.00,0.00,0.00,2,0
2026-06-12 18:26:07.054,0.00,0.00,0.00,0.00,2,0
2026-06-12 18:26:07.104,0.00,0.00,0.00,0.00,2,0
2026-06-12 18:26:07.155,0.00,0.00,0.00,0.00,2,0
2026-06-12 18:26:07.205,0.00,0.00,0.00,0.00,2,0
2026-06-12 18:26:07.255,0.00,0.00,0.00,0.00,2,0
2026-06-12 18:26:07.306,0.00,0.00,0.00,0.00,2,0
2026-06-12 18:26:07.356,0.00,0.00,0.00,0.00,2,0
2026-06-12 18:26:07.407,0.00,0.00,0.00,0.00,2,0
2026-06-12 18:26:07.457,0.00,0.00,0.00,0.00,2,0
2026-06-12 18:26:07.507,0.00,0.00,0.00,0.00,2,0
2026-06-12 18:26:07.558,0.00,0.00,0.00,0.00,2,0
2026-06-12 18:26:07.608,0.00,0.00,0.00,0.00,2,0
2026-06-12 18:26:07.658,0.00,0.00,0.00,0.00,2,0
2026-06-12 18:26:07.709,0.00,0.00,0.00,0.00,2,0
2026-06-12 18:26:07.759,0.00,0.00,0.00,0.00,2,0
2026-06-12 18:26:07.810,0.00,0.00,0.00,0.00,2,0
2026-06-12 18:26:07.860,0.00,0.00,0.00,0.00,2,0
2026-06-12 18:26:07.910,0.00,0.00,0.00,0.00,2,0
2026-06-12 18:26:07.961,0.00,0.00,0.00,0.00,2,0
2026-06-12 18:26:08.011,0.00,0.00,0.00,0.00,2,0
2026-06-12 18:26:08.062,0.00,0.00,0.00,0.00,2,0
2026-06-12 18:26:08.112,0.00,0.00,0.00,0.00,2,0
2026-06-12 18:26:08.162,0.00,0.00,0.00,0.00,2,0
2026-06-12 18:26:08.213,0.00,0.00,0.00,0.00,2,0
2026-06-12 18:26:08.263,0.00,0.00,0.00,0.00,2,0
2026-06-12 18:26:08.314,0.00,0.00,0.00,0.00,2,0
2026-06-12 18:26:08.364,0.00,0.00,0.00,0.00,2,0
2026-06-12 18:26:08.414,0.00,0.00,0.00,0.00,2,0
2026-06-12 18:26:08.465,0.00,0.00,0.00,0.00,2,0
2026-06-12 18:26:08.515,0.00,0.00,0.00,0.00,2,0
2026-06-12 18:26:08.566,0.00,0.00,0.00,0.00,2,0
2026-06-12 18:26:08.616,0.00,0.00,0.00,0.00,2,0
2026-06-12 18:26:08.666,0.00,0.00,0.00,0.00,2,0
2026-06-12 18:26:08.717,0.00,0.00,0.00,0.00,2,0
2026-06-12 18:26:08.767,0.00,0.00,0.00,0.00,2,0
2026-06-12 18:26:08.818,0.00,0.00,0.00,0.00,2,0
2026-06-12 18:26:08.868,0.00,0.00,0.00,0.00,2,0
2026-06-12 18:26:08.919,0.00,0.00,0.00,0.00,2,0
2026-06-12 18:26:08.969,0.00,0.00,0.00,0.00,2,0
2026-06-12 18:26:09.019,0.00,0.00,0.00,0.00,2,0
2026-06-12 18:26:09.070,0.00,0.00,0.00,0.00,2,0
2026-06-12 18:26:09.120,0.00,0.00,0.00,0.00,2,0
2026-06-12 18:26:09.172,0.00,0.00,0.00,0.00,2,0
2026-06-12 18:26:09.221,0.00,0.00,0.00,0.00,2,0
2026-06-12 18:26:09.271,0.00,0.00,0.00,0.00,2,0
2026-06-12 18:26:09.322,0.00,0.00,0.00,0.00,2,0
2026-06-12 18:26:09.372,0.00,0.00,0.00,0.00,2,0
2026-06-12 18:26:09.422,0.00,0.00,0.00,0.00,2,0
2026-06-12 18:26:09.473,0.00,0.00,0.00,0.00,2,0
2026-06-12 18:26:09.523,0.00,0.00,0.00,0.00,2,0
2026-06-12 18:26:09.574,0.00,0.00,0.00,0.00,2,0
2026-06-12 18:26:09.624,0.00,0.00,0.00,0.00,2,0
2026-06-12 18:26:09.674,0.00,0.00,0.00,0.00,2,0
2026-06-12 18:26:09.725,0.00,0.00,0.00,0.00,2,0
2026-06-12 18:26:09.775,0.00,0.00,0.00,0.00,2,0
2026-06-12 18:26:09.826,0.00,0.00,0.00,0.00,2,0
2026-06-12 18:26:09.876,0.00,0.00,0.00,0.00,2,0
2026-06-12 18:26:09.926,0.00,0.00,0.00,0.00,2,0
2026-06-12 18:26:09.977,0.00,0.00,0.00,0.00,2,0
2026-06-12 18:26:10.027,0.00,0.00,0.00,0.00,2,0
2026-06-12 18:26:10.080,0.00,0.00,0.00,0.00,2,0
2026-06-12 18:26:10.128,0.00,0.00,0.00,0.00,2,0
2026-06-12 18:26:10.187,0.00,0.00,0.00,0.00,2,0
2026-06-12 18:26:10.229,0.00,0.00,0.00,0.00,2,0
2026-06-12 18:26:10.280,0.00,0.00,0.00,0.00,2,0
2026-06-12 18:26:10.329,0.00,0.00,0.00,0.00,2,0
2026-06-12 18:26:10.380,0.00,0.00,0.00,0.00,2,0
2026-06-12 18:26:10.430,0.00,0.00,0.00,0.00,2,0
2026-06-12 18:26:10.481,0.00,0.00,0.00,0.00,2,0
2026-06-12 18:26:10.531,0.00,0.00,0.00,0.00,2,0
2026-06-12 18:26:10.582,0.00,0.00,0.00,0.00,2,0
2026-06-12 18:26:10.632,0.00,0.00,0.00,0.00,2,0
2026-06-12 18:26:10.683,0.00,0.00,0.00,0.00,2,0
2026-06-12 18:26:10.733,0.00,0.00,0.00,0.00,2,0
2026-06-12 18:26:10.783,0.00,0.00,0.00,0.00,2,0
2026-06-12 18:26:10.834,0.00,0.00,0.00,0.00,2,0
2026-06-12 18:26:10.884,0.00,0.00,0.00,0.00,2,0
2026-06-12 18:26:10.934,0.00,0.00,0.00,0.00,2,0
2026-06-12 18:26:10.985,0.00,0.00,0.00,0.00,2,0
2026-06-12 18:26:11.035,0.00,0.00,0.00,0.00,2,0
2026-06-12 18:26:11.086,0.00,0.00,0.00,0.00,2,0
2026-06-12 18:26:11.136,0.00,0.00,0.00,0.00,2,0
2026-06-12 18:26:11.187,0.00,0.00,0.00,0.00,2,0
2026-06-12 18:26:11.239,0.00,0.00,0.00,0.00,2,0
2026-06-12 18:26:11.287,0.00,0.00,0.00,0.00,2,0
2026-06-12 18:26:11.338,0.00,0.00,0.00,0.00,2,0
2026-06-12 18:26:11.388,0.00,0.00,0.00,0.00,2,0
2026-06-12 18:26:11.438,0.00,0.00,0.00,0.00,2,0
2026-06-12 18:26:11.489,0.00,0.00,0.00,0.00,2,0
2026-06-12 18:26:11.539,0.00,0.00,0.00,0.00,2,0
2026-06-12 18:26:11.589,0.00,0.00,0.00,0.00,2,0
2026-06-12 18:26:11.640,0.00,0.00,0.00,0.00,2,0
2026-06-12 18:26:11.690,0.00,0.00,0.00,0.00,2,0
2026-06-12 18:26:11.741,0.00,0.00,0.00,0.00,2,0
2026-06-12 18:26:11.791,0.00,0.00,0.00,0.00,2,0
2026-06-12 18:26:11.842,0.00,0.00,0.00,0.00,2,0
2026-06-12 18:26:11.892,0.00,0.00,0.00,0.00,2,0
2026-06-12 18:26:11.942,0.00,0.00,0.00,0.00,2,0
2026-06-12 18:26:11.993,0.00,0.00,0.00,0.00,2,0
2026-06-12 18:26:12.043,0.00,0.00,0.00,0.00,2,0
2026-06-12 18:26:12.094,0.00,0.00,0.00,0.00,2,0
2026-06-12 18:26:12.144,0.00,0.00,0.00,0.00,2,0
2026-06-12 18:26:12.195,0.00,0.00,0.00,0.00,2,0
2026-06-12 18:26:12.245,0.00,0.00,0.00,0.00,2,0
2026-06-12 18:26:12.295,0.00,0.00,0.00,0.00,2,0
2026-06-12 18:26:12.345,0.00,0.00,0.00,0.00,2,0
2026-06-12 18:26:12.396,0.00,0.00,0.00,0.00,2,0
2026-06-12 18:26:12.446,0.00,0.00,0.00,0.00,2,0
2026-06-12 18:26:12.497,0.00,0.00,0.00,0.00,2,0
2026-06-12 18:26:12.547,0.00,0.00,0.00,0.00,2,0
2026-06-12 18:26:12.598,0.00,0.00,0.00,0.00,2,0
2026-06-12 18:26:12.648,0.00,0.00,0.00,0.00,2,0
2026-06-12 18:26:12.699,0.00,0.00,0.00,0.00,2,0
2026-06-12 18:26:12.749,0.00,0.00,0.00,0.00,2,0
2026-06-12 18:26:12.799,0.00,0.00,0.00,0.00,2,0
2026-06-12 18:26:12.849,0.00,0.00,0.00,0.00,2,0
2026-06-12 18:26:12.900,0.00,0.00,0.00,0.00,2,0
2026-06-12 18:26:12.950,0.00,0.00,0.00,0.00,2,0
2026-06-12 18:26:13.001,0.00,0.00,0.00,0.00,2,0
2026-06-12 18:26:13.051,0.00,0.00,0.00,0.00,2,0
2026-06-12 18:26:13.102,0.00,0.00,0.00,0.00,2,0
2026-06-12 18:26:13.152,0.00,0.00,0.00,0.00,2,0
2026-06-12 18:26:13.202,0.00,0.00,0.00,0.00,2,0
2026-06-12 18:26:13.253,0.00,0.00,0.00,0.00,2,0
2026-06-12 18:26:13.303,0.00,0.00,0.00,0.00,2,0
2026-06-12 18:26:13.354,0.00,0.00,0.00,0.00,2,0
2026-06-12 18:26:13.404,0.00,0.00,0.00,0.00,2,0
2026-06-12 18:26:13.455,0.00,0.00,0.00,0.00,2,0
2026-06-12 18:26:13.505,0.00,0.00,0.00,0.00,2,0
2026-06-12 18:26:13.555,0.00,0.00,0.00,0.00,2,0
2026-06-12 18:26:13.608,0.00,0.00,0.00,0.00,2,0
2026-06-12 18:26:13.656,0.00,0.00,0.00,0.00,2,0
2026-06-12 18:26:13.706,0.00,0.00,0.00,0.00,2,0
2026-06-12 18:26:13.757,0.00,0.00,0.00,0.00,2,0
2026-06-12 18:26:13.807,0.00,0.00,0.00,0.00,2,0
2026-06-12 18:26:13.858,0.00,0.00,0.00,0.00,2,0
2026-06-12 18:26:13.909,0.00,0.00,0.00,0.00,2,0
2026-06-12 18:26:13.959,0.00,0.00,0.00,0.00,2,0
2026-06-12 18:26:14.009,0.00,0.00,0.00,0.00,2,0
2026-06-12 18:26:14.059,0.00,0.00,0.00,0.00,2,0
2026-06-12 18:26:14.109,0.00,0.00,0.00,0.00,2,0
2026-06-12 18:26:14.160,0.00,0.00,0.00,0.00,2,0
2026-06-12 18:26:14.210,0.00,0.00,0.00,0.00,2,0
2026-06-12 18:26:14.261,0.00,0.00,0.00,0.00,2,0
2026-06-12 18:26:14.311,0.00,0.00,0.00,0.00,2,0
2026-06-12 18:26:14.361,0.00,0.00,0.00,0.00,2,0
2026-06-12 18:26:14.412,0.00,0.00,0.00,0.00,2,0
2026-06-12 18:26:14.462,0.00,0.00,0.00,0.00,2,0
2026-06-12 18:26:14.513,0.00,0.00,0.00,0.00,2,0
2026-06-12 18:26:14.563,0.00,0.00,0.00,0.00,2,0
2026-06-12 18:26:14.613,0.00,0.00,0.00,0.00,2,0
2026-06-12 18:26:14.665,0.00,0.00,0.00,0.00,2,0
2026-06-12 18:26:14.714,0.00,0.00,0.00,0.00,2,0
2026-06-12 18:26:14.765,0.00,0.00,0.00,0.00,2,0
2026-06-12 18:26:14.815,0.00,0.00,0.00,0.00,2,0
2026-06-12 18:26:14.865,0.00,0.00,0.00,0.00,2,0
2026-06-12 18:26:14.916,0.00,0.00,0.00,0.00,2,0
2026-06-12 18:26:14.966,0.00,0.00,0.00,0.00,2,0
2026-06-12 18:26:15.017,0.00,0.00,0.00,0.00,2,0
2026-06-12 18:26:15.067,0.00,0.00,0.00,0.00,2,0
2026-06-12 18:26:15.118,0.00,0.00,0.00,0.00,2,0
2026-06-12 18:26:15.168,0.00,0.00,0.00,0.00,2,0
2026-06-12 18:26:15.218,0.00,0.00,0.00,0.00,2,0
2026-06-12 18:26:15.269,0.00,0.00,0.00,0.00,2,0
2026-06-12 18:26:15.319,0.00,0.00,0.00,0.00,2,0
2026-06-12 18:26:15.369,0.00,0.00,0.00,0.00,2,0
2026-06-12 18:26:15.420,0.00,0.00,0.00,0.00,2,0
2026-06-12 18:26:15.470,0.00,0.00,0.00,0.00,2,0
2026-06-12 18:26:15.521,0.00,0.00,0.00,0.00,2,0
2026-06-12 18:26:15.571,0.00,0.00,0.00,0.00,2,0
2026-06-12 18:26:15.621,0.00,0.00,0.00,0.00,2,0
2026-06-12 18:26:15.672,0.00,0.00,0.00,0.00,2,0
2026-06-12 18:26:15.722,0.00,0.00,0.00,0.00,2,0
2026-06-12 18:26:15.773,0.00,0.00,0.00,0.00,2,0
2026-06-12 18:26:15.823,0.00,0.00,0.00,0.00,2,0
2026-06-12 18:26:15.873,0.00,0.00,0.00,0.00,2,0
2026-06-12 18:26:15.924,0.00,0.00,0.00,0.00,2,0
2026-06-12 18:26:15.974,0.00,0.00,0.00,0.00,2,0
2026-06-12 18:26:16.025,0.00,0.00,0.00,0.00,2,0
2026-06-12 18:26:16.075,0.00,0.00,0.00,0.00,2,0
2026-06-12 18:26:16.125,0.00,0.00,0.00,0.00,2,0
2026-06-12 18:26:16.176,0.00,0.00,0.00,0.00,2,0
2026-06-12 18:26:16.226,0.00,0.00,0.00,0.00,2,0
2026-06-12 18:26:16.277,0.00,0.00,0.00,0.00,2,0
2026-06-12 18:26:16.327,0.00,0.00,0.00,0.00,2,0
2026-06-12 18:26:16.379,0.00,0.00,0.00,0.00,2,0
2026-06-12 18:26:16.429,0.00,0.00,0.00,0.00,2,0
2026-06-12 18:26:16.478,0.00,0.00,0.00,0.00,2,0
2026-06-12 18:26:16.529,0.00,0.00,0.00,0.00,2,0
2026-06-12 18:26:16.579,0.00,0.00,0.00,0.00,2,0
2026-06-12 18:26:16.629,0.00,0.00,0.00,0.00,2,0
2026-06-12 18:26:16.680,0.00,0.00,0.00,0.00,2,0
2026-06-12 18:26:16.730,0.00,0.00,0.00,0.00,2,0
2026-06-12 18:26:16.781,0.00,0.00,0.00,0.00,2,0
2026-06-12 18:26:16.831,0.00,0.00,0.00,0.00,2,0
2026-06-12 18:26:16.881,0.00,0.00,0.00,0.00,2,0
2026-06-12 18:26:16.932,0.00,0.00,0.00,0.00,2,0
2026-06-12 18:26:16.982,0.00,0.00,0.00,0.00,2,0
2026-06-12 18:26:17.033,0.00,0.00,0.00,0.00,2,0
2026-06-12 18:26:17.083,0.00,0.00,0.00,0.00,2,0
2026-06-12 18:26:17.133,0.00,0.00,0.00,0.00,2,0
2026-06-12 18:26:17.184,0.00,0.00,0.00,0.00,2,0
2026-06-12 18:26:17.234,0.00,0.00,0.00,0.00,2,0
2026-06-12 18:26:17.285,0.00,0.00,0.00,0.00,2,0
2026-06-12 18:26:17.335,0.00,0.00,0.00,0.00,2,0
2026-06-12 18:26:17.385,0.00,0.00,0.00,0.00,2,0
2026-06-12 18:26:17.436,0.00,0.00,0.00,0.00,2,0
2026-06-12 18:26:17.486,0.00,0.00,0.00,0.00,2,0
2026-06-12 18:26:17.537,0.00,0.00,0.00,0.00,2,0
2026-06-12 18:26:17.587,0.00,0.00,0.00,0.00,2,0
2026-06-12 18:26:17.640,0.00,0.00,0.00,0.00,2,0
2026-06-12 18:26:17.690,0.00,0.00,0.00,0.00,2,0
2026-06-12 18:26:17.738,0.00,0.00,0.00,0.00,2,0
2026-06-12 18:26:17.789,0.00,0.00,0.00,0.00,2,0
2026-06-12 18:26:17.839,0.00,0.00,0.00,0.00,2,0
2026-06-12 18:26:17.889,0.00,0.00,0.00,0.00,2,0
2026-06-12 18:26:17.940,0.00,0.00,0.00,0.00,2,0
2026-06-12 18:26:17.990,0.00,0.00,0.00,0.00,2,0
2026-06-12 18:26:18.042,0.00,0.00,0.00,0.00,2,0
2026-06-12 18:26:18.091,0.00,0.00,0.00,0.00,2,0
2026-06-12 18:26:18.141,0.00,0.00,0.00,0.00,2,0
2026-06-12 18:26:18.192,0.00,0.00,0.00,0.00,2,0
2026-06-12 18:26:18.242,0.00,0.00,0.00,0.00,2,0
2026-06-12 18:26:18.294,0.00,0.00,0.00,0.00,2,0
2026-06-12 18:26:18.343,0.00,0.00,0.00,0.00,2,0
2026-06-12 18:26:18.393,0.00,0.00,0.00,0.00,2,0
2026-06-12 18:26:18.444,0.00,0.00,0.00,0.00,2,0
2026-06-12 18:26:18.494,0.00,0.00,0.00,0.00,2,0
2026-06-12 18:26:18.545,0.00,0.00,0.00,0.00,2,0
2026-06-12 18:26:18.595,0.00,0.00,0.00,0.00,2,0
2026-06-12 18:26:18.645,0.00,0.00,0.00,0.00,2,0
2026-06-12 18:26:18.696,0.00,0.00,0.00,0.00,2,0
2026-06-12 18:26:18.746,0.00,0.00,0.00,0.00,2,0
2026-06-12 18:26:18.797,0.00,0.00,0.00,0.00,2,0
2026-06-12 18:26:18.847,0.00,0.00,0.00,0.00,2,0
2026-06-12 18:26:18.899,0.00,0.00,0.00,0.00,2,0
2026-06-12 18:26:18.949,0.00,0.00,0.00,0.00,2,0
2026-06-12 18:26:18.999,0.00,0.00,0.00,0.00,2,0
2026-06-12 18:26:19.049,0.00,0.00,0.00,0.00,2,0
2026-06-12 18:26:19.099,0.00,0.00,0.00,0.00,2,0
2026-06-12 18:26:19.149,0.00,0.00,0.00,0.00,2,0
2026-06-12 18:26:19.200,0.00,0.00,0.00,0.00,2,0
2026-06-12 18:26:19.250,0.00,0.00,0.00,0.00,2,0
2026-06-12 18:26:19.301,0.00,0.00,0.00,0.00,2,0
2026-06-12 18:26:19.351,0.00,0.00,0.00,0.00,2,0
2026-06-12 18:26:19.401,0.00,0.00,0.00,0.00,2,0
2026-06-12 18:26:19.452,0.00,0.00,0.00,0.00,2,0
2026-06-12 18:26:19.503,0.00,0.00,0.00,0.00,2,0
2026-06-12 18:26:19.556,0.00,0.00,0.00,0.00,2,0
2026-06-12 18:26:19.603,0.00,0.00,0.00,0.00,2,0
2026-06-12 18:26:19.654,0.00,0.00,0.00,0.00,2,0
2026-06-12 18:26:19.704,0.00,0.00,0.00,0.00,2,0
2026-06-12 18:26:19.754,0.00,0.00,0.00,0.00,2,0
2026-06-12 18:26:19.805,0.00,0.00,0.00,0.00,2,0
2026-06-12 18:26:19.855,0.00,0.00,0.00,0.00,2,0
2026-06-12 18:26:19.905,0.00,0.00,0.00,0.00,2,0
2026-06-12 18:26:19.956,0.00,0.00,0.00,0.00,2,0
2026-06-12 18:26:20.006,0.00,0.00,0.00,0.00,2,0
2026-06-12 18:26:20.057,0.00,0.00,0.00,0.00,2,0
2026-06-12 18:26:20.109,0.00,0.00,0.00,0.00,2,0
2026-06-12 18:26:20.157,0.00,0.00,0.00,0.00,2,0
2026-06-12 18:26:20.208,0.00,0.00,0.00,0.00,2,0
2026-06-12 18:26:20.258,0.00,0.00,0.00,0.00,2,0
2026-06-12 18:26:20.309,0.00,0.00,0.00,0.00,2,0
2026-06-12 18:26:20.359,0.00,0.00,0.00,0.00,2,0
2026-06-12 18:26:20.417,0.00,0.00,0.00,0.00,2,0
2026-06-12 18:26:20.461,0.00,0.00,0.00,0.00,2,0
2026-06-12 18:26:20.511,0.00,0.00,0.00,0.00,2,0
2026-06-12 18:26:20.561,0.00,0.00,0.00,0.00,2,0
2026-06-12 18:26:20.612,0.00,0.00,0.00,0.00,2,0
2026-06-12 18:26:20.661,0.00,0.00,0.00,0.00,2,0
2026-06-12 18:26:20.713,0.00,0.00,0.00,0.00,2,0
2026-06-12 18:26:20.762,0.00,0.00,0.00,0.00,2,0
2026-06-12 18:26:20.813,0.00,0.00,0.00,0.00,2,0
2026-06-12 18:26:20.864,0.00,0.00,0.00,0.00,2,0
2026-06-12 18:26:20.913,0.00,0.00,0.00,0.00,2,0
2026-06-12 18:26:20.964,0.00,0.00,0.00,0.00,2,0
2026-06-12 18:26:21.014,0.00,0.00,0.00,0.00,2,0
2026-06-12 18:26:21.065,0.00,0.00,0.00,0.00,2,0
2026-06-12 18:26:21.115,0.00,0.00,0.00,0.00,2,0
2026-06-12 18:26:21.166,0.00,0.00,0.00,0.00,2,0
2026-06-12 18:26:21.216,0.00,0.00,0.00,0.00,2,0
2026-06-12 18:26:21.266,0.00,0.00,0.00,0.00,2,0
2026-06-12 18:26:21.317,0.00,0.00,0.00,0.00,2,0
2026-06-12 18:26:21.368,0.00,0.00,0.00,0.00,2,0
2026-06-12 18:26:21.418,0.00,0.00,0.00,0.00,2,0
2026-06-12 18:26:21.468,0.00,0.00,0.00,0.00,2,0
2026-06-12 18:26:21.518,0.00,0.00,0.00,0.00,2,0
2026-06-12 18:26:21.569,0.00,0.00,0.00,0.00,2,0
2026-06-12 18:26:21.619,0.00,0.00,0.00,0.00,2,0
2026-06-12 18:26:21.670,0.00,0.00,0.00,0.00,2,0
2026-06-12 18:26:21.721,0.00,0.00,0.00,0.00,2,0
2026-06-12 18:26:21.770,0.00,0.00,0.00,0.00,2,0
2026-06-12 18:26:21.821,0.00,0.00,0.00,0.00,2,0
2026-06-12 18:26:21.871,0.00,0.00,0.00,0.00,2,0
2026-06-12 18:26:21.921,0.00,0.00,0.00,0.00,2,0
2026-06-12 18:26:21.972,0.00,0.00,0.00,0.00,2,0
2026-06-12 18:26:22.022,0.00,0.00,0.00,0.00,2,0
2026-06-12 18:26:22.073,0.00,0.00,0.00,0.00,2,0
2026-06-12 18:26:22.123,0.00,0.00,0.00,0.00,2,0
2026-06-12 18:26:22.176,0.00,0.00,0.00,0.00,2,0
2026-06-12 18:26:22.224,0.00,0.00,0.00,0.00,2,0
2026-06-12 18:26:22.274,0.00,0.00,0.00,0.00,2,0
2026-06-12 18:26:22.325,0.00,0.00,0.00,0.00,2,0
2026-06-12 18:26:22.375,0.00,0.00,0.00,0.00,2,0
2026-06-12 18:26:22.425,0.00,0.00,0.00,0.00,2,0
2026-06-12 18:26:22.476,0.00,0.00,0.00,0.00,2,0
2026-06-12 18:26:22.526,0.00,0.00,0.00,0.00,2,0
2026-06-12 18:26:22.577,0.00,0.00,0.00,0.00,2,0
2026-06-12 18:26:22.628,0.00,0.00,0.00,0.00,2,0
2026-06-12 18:26:22.678,0.00,0.00,0.00,0.00,2,0
2026-06-12 18:26:22.728,0.00,0.00,0.00,0.00,2,0
2026-06-12 18:26:22.778,0.00,0.00,0.00,0.00,2,0
2026-06-12 18:26:22.829,0.00,0.00,0.00,0.00,2,0
2026-06-12 18:26:22.879,0.00,0.00,0.00,0.00,2,0
2026-06-12 18:26:22.929,0.00,0.00,0.00,0.00,2,0
2026-06-12 18:26:22.980,0.00,0.00,0.00,0.00,2,0
2026-06-12 18:26:23.030,0.00,0.00,0.00,0.00,2,0
2026-06-12 18:26:23.081,0.00,0.00,0.00,0.00,2,0
2026-06-12 18:26:23.131,0.00,0.00,0.00,0.00,2,0
2026-06-12 18:26:23.181,0.00,0.00,0.00,0.00,2,0
2026-06-12 18:26:23.232,0.00,0.00,0.00,0.00,2,0
2026-06-12 18:26:23.282,0.00,0.00,0.00,0.00,2,0
2026-06-12 18:26:23.334,0.00,0.00,0.00,0.00,2,0
2026-06-12 18:26:23.383,0.00,0.00,0.00,0.00,2,0
2026-06-12 18:26:23.433,0.00,0.00,0.00,0.00,2,0
2026-06-12 18:26:23.484,0.00,0.00,0.00,0.00,2,0
2026-06-12 18:26:23.534,0.00,0.00,0.00,0.00,2,0
2026-06-12 18:26:23.586,0.00,0.00,0.00,0.00,2,0
2026-06-12 18:26:23.635,0.00,0.00,0.00,0.00,2,0
2026-06-12 18:26:23.687,0.00,0.00,0.00,0.00,2,0
2026-06-12 18:26:23.736,0.00,0.00,0.00,0.00,2,0
2026-06-12 18:26:23.786,0.00,0.00,0.00,0.00,2,0
2026-06-12 18:26:23.836,0.00,0.00,0.00,0.00,2,0
2026-06-12 18:26:23.887,0.00,0.00,0.00,0.00,2,0
2026-06-12 18:26:23.938,0.00,0.00,0.00,0.00,2,0
2026-06-12 18:26:23.989,0.00,0.00,0.00,0.00,2,0
2026-06-12 18:26:24.039,0.00,0.00,0.00,0.00,2,0
2026-06-12 18:26:24.092,0.00,0.00,0.00,0.00,2,0
2026-06-12 18:26:24.139,0.00,0.00,0.00,0.00,2,0
2026-06-12 18:26:24.190,0.00,0.00,0.00,0.00,2,0
2026-06-12 18:26:24.240,0.00,0.00,0.00,0.00,2,0
2026-06-12 18:26:24.290,0.00,0.00,0.00,0.00,2,0
2026-06-12 18:26:24.341,0.00,0.00,0.00,0.00,2,0
2026-06-12 18:26:24.391,0.00,0.00,0.00,0.00,2,0
2026-06-12 18:26:24.441,0.00,0.00,0.00,0.00,2,0
2026-06-12 18:26:24.492,0.00,0.00,0.00,0.00,2,0
2026-06-12 18:26:24.549,0.00,0.00,0.00,0.00,2,0
2026-06-12 18:26:24.593,0.00,0.00,0.00,0.00,2,0
2026-06-12 18:26:24.643,0.00,0.00,0.00,0.00,2,0
2026-06-12 18:26:24.693,0.00,0.00,0.00,0.00,2,0
2026-06-12 18:26:24.744,0.00,0.00,0.00,0.00,2,0
2026-06-12 18:26:24.796,0.00,0.00,0.00,0.00,2,0
2026-06-12 18:26:24.845,0.00,0.00,0.00,0.00,2,0
2026-06-12 18:26:24.895,0.00,0.00,0.00,0.00,2,0
2026-06-12 18:26:24.945,0.00,0.00,0.00,0.00,2,0
2026-06-12 18:26:24.998,0.00,0.00,0.00,0.00,2,0
2026-06-12 18:26:25.046,0.00,0.00,0.00,0.00,2,0
2026-06-12 18:26:25.097,0.00,0.00,0.00,0.00,2,0
2026-06-12 18:26:25.147,0.00,0.00,0.00,0.00,2,0
2026-06-12 18:26:25.203,0.00,0.00,0.00,0.00,2,0
2026-06-12 18:26:25.248,0.00,0.00,0.00,0.00,2,0
2026-06-12 18:26:25.299,0.00,0.00,0.00,0.00,2,0
2026-06-12 18:26:25.349,0.00,0.00,0.00,0.00,2,0
2026-06-12 18:26:25.399,0.00,0.00,0.00,0.00,2,0
2026-06-12 18:26:25.449,0.00,0.00,0.00,0.00,2,0
2026-06-12 18:26:25.500,0.00,0.00,0.00,0.00,2,0
2026-06-12 18:26:25.552,0.00,0.00,0.00,0.00,2,0
2026-06-12 18:26:25.603,0.00,0.00,0.00,0.00,2,0
2026-06-12 18:26:25.651,0.00,0.00,0.00,0.00,2,0
2026-06-12 18:26:25.701,0.00,0.00,0.00,0.00,2,0
2026-06-12 18:26:25.752,0.00,0.00,0.00,0.00,2,0
2026-06-12 18:26:25.802,0.00,0.00,0.00,0.00,2,0
2026-06-12 18:26:25.853,0.00,0.00,0.00,0.00,2,0
2026-06-12 18:26:25.903,0.00,0.00,0.00,0.00,2,0
2026-06-12 18:26:25.953,0.00,0.00,0.00,0.00,2,0
2026-06-12 18:26:26.004,0.00,0.00,0.00,0.00,2,0
2026-06-12 18:26:26.054,0.00,0.00,0.00,0.00,2,0
2026-06-12 18:26:26.105,0.00,0.00,0.00,0.00,2,0
2026-06-12 18:26:26.155,0.00,0.00,0.00,0.00,2,0
2026-06-12 18:26:26.205,0.00,0.00,0.00,0.00,2,0
2026-06-12 18:26:26.256,0.00,0.00,0.00,0.00,2,0
2026-06-12 18:26:26.309,0.00,0.00,0.00,0.00,2,0
2026-06-12 18:26:26.357,0.00,0.00,0.00,0.00,2,0
2026-06-12 18:26:26.407,0.00,0.00,0.00,0.00,2,0
2026-06-12 18:26:26.457,0.00,0.00,0.00,0.00,2,0
2026-06-12 18:26:26.509,0.00,0.00,0.00,0.00,2,0
2026-06-12 18:26:26.562,0.00,0.00,0.00,0.00,2,0
2026-06-12 18:26:26.609,0.00,0.00,0.00,0.00,2,0
2026-06-12 18:26:26.659,0.00,0.00,0.00,0.00,2,0
2026-06-12 18:26:26.709,0.00,0.00,0.00,0.00,2,0
2026-06-12 18:26:26.760,0.00,0.00,0.00,0.00,2,0
2026-06-12 18:26:26.810,0.00,0.00,0.00,0.00,2,0
2026-06-12 18:26:26.860,0.00,0.00,0.00,0.00,2,0
2026-06-12 18:26:26.911,0.00,0.00,0.00,0.00,2,0
2026-06-12 18:26:26.962,0.00,0.00,0.00,0.00,2,0
2026-06-12 18:26:27.012,0.00,0.00,0.00,0.00,2,0
2026-06-12 18:26:27.062,0.00,0.00,0.00,0.00,2,0
2026-06-12 18:26:27.112,0.00,0.00,0.00,0.00,2,0
2026-06-12 18:26:27.164,0.00,0.00,0.00,0.00,2,0
2026-06-12 18:26:27.213,0.00,0.00,0.00,0.00,2,0
2026-06-12 18:26:27.264,0.00,0.00,0.00,0.00,2,0
2026-06-12 18:26:27.314,0.00,0.00,0.00,0.00,2,0
2026-06-12 18:26:27.364,0.00,0.00,0.00,0.00,2,0
2026-06-12 18:26:27.415,0.00,0.00,0.00,0.00,2,0
2026-06-12 18:26:27.465,0.00,0.00,0.00,0.00,2,0
2026-06-12 18:26:27.516,0.00,0.00,0.00,0.00,2,0
2026-06-12 18:26:27.566,0.00,0.00,0.00,0.00,2,0
2026-06-12 18:26:27.617,0.00,0.00,0.00,0.00,2,0
2026-06-12 18:26:27.667,0.00,0.00,0.00,0.00,2,0
2026-06-12 18:26:27.717,0.00,0.00,0.00,0.00,2,0
2026-06-12 18:26:27.768,0.00,0.00,0.00,0.00,2,0
2026-06-12 18:26:27.818,0.00,0.00,0.00,0.00,2,0
2026-06-12 18:26:27.870,0.00,0.00,0.00,0.00,2,0
2026-06-12 18:26:27.919,0.00,0.00,0.00,0.00,2,0
2026-06-12 18:26:27.970,0.00,0.00,0.00,0.00,2,0
2026-06-12 18:26:28.020,0.00,0.00,0.00,0.00,2,0
2026-06-12 18:26:28.070,0.00,0.00,0.00,0.00,2,0
2026-06-12 18:26:28.121,0.00,0.00,0.00,0.00,2,0
2026-06-12 18:26:28.171,0.00,0.00,0.00,0.00,2,0
2026-06-12 18:26:28.221,0.00,0.00,0.00,0.00,2,0
2026-06-12 18:26:28.272,0.00,0.00,0.00,0.00,2,0
2026-06-12 18:26:28.322,0.00,0.00,0.00,0.00,2,0
2026-06-12 18:26:28.373,0.00,0.00,0.00,0.00,2,0
2026-06-12 18:26:28.423,0.00,0.00,0.00,0.00,2,0
2026-06-12 18:26:28.473,0.00,0.00,0.00,0.00,2,0
2026-06-12 18:26:28.524,0.00,0.00,0.00,0.00,2,0
2026-06-12 18:26:28.574,0.00,0.00,0.00,0.00,2,0
2026-06-12 18:26:28.624,0.00,0.00,0.00,0.00,2,0
2026-06-12 18:26:28.675,0.00,0.00,0.00,0.00,2,0
2026-06-12 18:26:28.725,0.00,0.00,0.00,0.00,2,0
2026-06-12 18:26:28.776,0.00,0.00,0.00,0.00,2,0
2026-06-12 18:26:28.826,0.00,0.00,0.00,0.00,2,0
2026-06-12 18:26:28.877,0.00,0.00,0.00,0.00,2,0
2026-06-12 18:26:28.927,0.00,0.00,0.00,0.00,2,0
2026-06-12 18:26:28.977,0.00,0.00,0.00,0.00,2,0
2026-06-12 18:26:29.029,0.00,0.00,0.00,0.00,2,0
2026-06-12 18:26:29.079,0.00,0.00,0.00,0.00,2,0
2026-06-12 18:26:29.129,0.00,0.00,0.00,0.00,2,0
2026-06-12 18:26:29.179,0.00,0.00,0.00,0.00,2,0
2026-06-12 18:26:29.229,0.00,0.00,0.00,0.00,2,0
2026-06-12 18:26:29.280,0.00,0.00,0.00,0.00,2,0
2026-06-12 18:26:29.330,0.00,0.00,0.00,0.00,2,0
2026-06-12 18:26:29.380,0.00,0.00,0.00,0.00,2,0
2026-06-12 18:26:29.431,0.00,0.00,0.00,0.00,2,0
2026-06-12 18:26:29.483,0.00,0.00,0.00,0.00,2,0
2026-06-12 18:26:29.532,0.00,0.00,0.00,0.00,2,0
2026-06-12 18:26:29.582,0.00,0.00,0.00,0.00,2,0
2026-06-12 18:26:29.633,0.00,0.00,0.00,0.00,2,0
2026-06-12 18:26:29.683,0.00,0.00,0.00,0.00,2,0
2026-06-12 18:26:29.733,0.00,0.00,0.00,0.00,2,0
2026-06-12 18:26:29.783,0.00,0.00,0.00,0.00,2,0
2026-06-12 18:26:29.834,0.00,0.00,0.00,0.00,2,0
2026-06-12 18:26:29.884,0.00,0.00,0.00,0.00,2,0
2026-06-12 18:26:29.936,0.00,0.00,0.00,0.00,2,0
2026-06-12 18:26:29.985,0.00,0.00,0.00,0.00,2,0
2026-06-12 18:26:30.036,0.00,0.00,0.00,0.00,2,0
2026-06-12 18:26:30.086,0.00,0.00,0.00,0.00,2,0
2026-06-12 18:26:30.137,0.00,0.00,0.00,0.00,2,0
2026-06-12 18:26:30.187,0.00,0.00,0.00,0.00,2,0
2026-06-12 18:26:30.237,0.00,0.00,0.00,0.00,2,0
2026-06-12 18:26:30.289,0.00,0.00,0.00,0.00,2,0
2026-06-12 18:26:30.338,0.00,0.00,0.00,0.00,2,0
2026-06-12 18:26:30.389,0.00,0.00,0.00,0.00,2,0
2026-06-12 18:26:30.439,0.00,0.00,0.00,0.00,2,0
2026-06-12 18:26:30.490,0.00,0.00,0.00,0.00,2,0
2026-06-12 18:26:30.540,0.00,0.00,0.00,0.00,2,0
2026-06-12 18:26:30.590,0.00,0.00,0.00,0.00,2,0
2026-06-12 18:26:30.641,0.00,0.00,0.00,0.00,2,0
2026-06-12 18:26:30.691,0.00,0.00,0.00,0.00,2,0
2026-06-12 18:26:30.741,0.00,0.00,0.00,0.00,2,0
2026-06-12 18:26:30.792,0.00,0.00,0.00,0.00,2,0
2026-06-12 18:26:30.842,0.00,0.00,0.00,0.00,2,0
2026-06-12 18:26:30.892,0.00,0.00,0.00,0.00,2,0
2026-06-12 18:26:30.943,0.00,0.00,0.00,0.00,2,0
2026-06-12 18:26:30.993,0.00,0.00,0.00,0.00,2,0
2026-06-12 18:26:31.045,0.00,0.00,0.00,0.00,2,0
2026-06-12 18:26:31.094,0.00,0.00,0.00,0.00,2,0
2026-06-12 18:26:31.145,0.00,0.00,0.00,0.00,2,0
2026-06-12 18:26:31.195,0.00,0.00,0.00,0.00,2,0
2026-06-12 18:26:31.245,0.00,0.00,0.00,0.00,2,0
2026-06-12 18:26:31.296,0.00,0.00,0.00,0.00,2,0
2026-06-12 18:26:31.346,0.00,0.00,0.00,0.00,2,0
2026-06-12 18:26:31.397,0.00,0.00,0.00,0.00,2,0
2026-06-12 18:26:31.447,0.00,0.00,0.00,0.00,2,0
2026-06-12 18:26:31.497,0.00,0.00,0.00,0.00,2,0
2026-06-12 18:26:31.548,0.00,0.00,0.00,0.00,2,0
2026-06-12 18:26:31.599,0.00,0.00,0.00,0.00,2,0
2026-06-12 18:26:31.649,0.00,0.00,0.00,0.00,2,0
2026-06-12 18:26:31.699,0.00,0.00,0.00,0.00,2,0
2026-06-12 18:26:31.749,0.00,0.00,0.00,0.00,2,0
2026-06-12 18:26:31.799,0.00,0.00,0.00,0.00,2,0
2026-06-12 18:26:31.850,0.00,0.00,0.00,0.00,2,0
2026-06-12 18:26:31.902,0.00,0.00,0.00,0.00,2,0
2026-06-12 18:26:31.951,0.00,0.00,0.00,0.00,2,0
2026-06-12 18:26:32.006,0.00,0.00,0.00,0.00,2,0
2026-06-12 18:26:32.052,0.00,0.00,0.00,0.00,2,0
2026-06-12 18:26:32.102,0.00,0.00,0.00,0.00,2,0
2026-06-12 18:26:32.152,0.00,0.00,0.00,0.00,2,0
2026-06-12 18:26:32.203,0.00,0.00,0.00,0.00,2,0
2026-06-12 18:26:32.256,0.00,0.00,0.00,0.00,2,0
2026-06-12 18:26:32.303,0.00,0.00,0.00,0.00,2,0
2026-06-12 18:26:32.354,0.00,0.00,0.00,0.00,2,0
2026-06-12 18:26:32.408,0.00,0.00,0.00,0.00,2,0
2026-06-12 18:26:32.455,0.00,0.00,0.00,0.00,2,0
2026-06-12 18:26:32.505,0.00,0.00,0.00,0.00,2,0
2026-06-12 18:26:32.556,0.00,0.00,0.00,0.00,2,0
2026-06-12 18:26:32.606,0.00,0.00,0.00,0.00,2,0
2026-06-12 18:26:32.656,0.00,0.00,0.00,0.00,2,0
2026-06-12 18:26:32.707,0.00,0.00,0.00,0.00,2,0
2026-06-12 18:26:32.757,0.00,0.00,0.00,0.00,2,0
2026-06-12 18:26:32.809,0.00,0.00,0.00,0.00,2,0
2026-06-12 18:26:32.863,0.00,0.00,0.00,0.00,2,0
2026-06-12 18:26:32.909,0.00,0.00,0.00,0.00,2,0
2026-06-12 18:26:32.959,0.00,0.00,0.00,0.00,2,0
2026-06-12 18:26:33.009,0.00,0.00,0.00,0.00,2,0
2026-06-12 18:26:33.060,0.00,0.00,0.00,0.00,2,0
2026-06-12 18:26:33.110,0.00,0.00,0.00,0.00,2,0
2026-06-12 18:26:33.160,0.00,0.00,0.00,0.00,2,0
2026-06-12 18:26:33.211,0.00,0.00,0.00,0.00,2,0
2026-06-12 18:26:33.261,0.00,0.00,0.00,0.00,2,0
2026-06-12 18:26:33.311,0.00,0.00,0.00,0.00,2,0
2026-06-12 18:26:33.362,0.00,0.00,0.00,0.00,2,0
2026-06-12 18:26:33.413,0.00,0.00,0.00,0.00,2,0
2026-06-12 18:26:33.466,0.00,0.00,0.00,0.00,2,0
2026-06-12 18:26:33.513,0.00,0.00,0.00,0.00,2,0
2026-06-12 18:26:33.564,0.00,0.00,0.00,0.00,2,0
2026-06-12 18:26:33.614,0.00,0.00,0.00,0.00,2,0
2026-06-12 18:26:33.664,0.00,0.00,0.00,0.00,2,0
2026-06-12 18:26:33.715,0.00,0.00,0.00,0.00,2,0
2026-06-12 18:26:33.765,0.00,0.00,0.00,0.00,2,0
2026-06-12 18:26:33.816,0.00,0.00,0.00,0.00,2,0
2026-06-12 18:26:33.866,0.00,0.00,0.00,0.00,2,0
2026-06-12 18:26:33.916,0.00,0.00,0.00,0.00,2,0
2026-06-12 18:26:33.967,0.00,0.00,0.00,0.00,2,0
2026-06-12 18:26:34.017,0.00,0.00,0.00,0.00,2,0
2026-06-12 18:26:34.068,0.00,0.00,0.00,0.00,2,0
2026-06-12 18:26:34.118,0.00,0.00,0.00,0.00,2,0
2026-06-12 18:26:34.168,0.00,0.00,0.00,0.00,2,0
2026-06-12 18:26:34.219,0.00,0.00,0.00,0.00,2,0
2026-06-12 18:26:34.269,0.00,0.00,0.00,0.00,2,0
2026-06-12 18:26:34.319,0.00,0.00,0.00,0.00,2,0
2026-06-12 18:26:34.370,0.00,0.00,0.00,0.00,2,0
2026-06-12 18:26:34.420,0.00,0.00,0.00,0.00,2,0
2026-06-12 18:26:34.471,0.00,0.00,0.00,0.00,2,0
2026-06-12 18:26:34.521,0.00,0.00,0.00,0.00,2,0
2026-06-12 18:26:34.571,0.00,0.00,0.00,0.00,2,0
2026-06-12 18:26:34.622,0.00,0.00,0.00,0.00,2,0
2026-06-12 18:26:34.672,0.00,0.00,0.00,0.00,2,0
2026-06-12 18:26:34.723,0.00,0.00,0.00,0.00,2,0
2026-06-12 18:26:34.773,0.00,0.00,0.00,0.00,2,0
2026-06-12 18:26:34.824,0.00,0.00,0.00,0.00,2,0
2026-06-12 18:26:34.874,0.00,0.00,0.00,0.00,2,0
2026-06-12 18:26:34.926,0.00,0.00,0.00,0.00,2,0
2026-06-12 18:26:34.975,0.00,0.00,0.00,0.00,2,0
2026-06-12 18:26:35.026,0.00,0.00,0.00,0.00,2,0
2026-06-12 18:26:35.075,0.00,0.00,0.00,0.00,2,0
2026-06-12 18:26:35.126,0.00,0.00,0.00,0.00,2,0
2026-06-12 18:26:35.176,0.00,0.00,0.00,0.00,2,0
2026-06-12 18:26:35.227,0.00,0.00,0.00,0.00,2,0
2026-06-12 18:26:35.277,0.00,0.00,0.00,0.00,2,0
2026-06-12 18:26:35.329,0.00,0.00,0.00,0.00,2,0
2026-06-12 18:26:35.378,0.00,0.00,0.00,0.00,2,0
2026-06-12 18:26:35.429,0.00,0.00,0.00,0.00,2,0
2026-06-12 18:26:35.479,0.00,0.00,0.00,0.00,2,0
2026-06-12 18:26:35.530,0.00,0.00,0.00,0.00,2,0
2026-06-12 18:26:35.580,0.00,0.00,0.00,0.00,2,0
2026-06-12 18:26:35.630,0.00,0.00,0.00,0.00,2,0
2026-06-12 18:26:35.681,0.00,0.00,0.00,0.00,2,0
2026-06-12 18:26:35.731,0.00,0.00,0.00,0.00,2,0
2026-06-12 18:26:35.781,0.00,0.00,0.00,0.00,2,0
2026-06-12 18:26:35.831,0.00,0.00,0.00,0.00,2,0
2026-06-12 18:26:35.882,0.00,0.00,0.00,0.00,2,0
2026-06-12 18:26:35.932,0.00,0.00,0.00,0.00,2,0
2026-06-12 18:26:35.984,0.00,0.00,0.00,0.00,2,0
2026-06-12 18:26:36.033,0.00,0.00,0.00,0.00,2,0
2026-06-12 18:26:36.083,0.00,0.00,0.00,0.00,2,0
2026-06-12 18:26:36.134,0.00,0.00,0.00,0.00,2,0
2026-06-12 18:26:36.184,0.00,0.00,0.00,0.00,2,0
2026-06-12 18:26:36.235,0.00,0.00,0.00,0.00,2,0
2026-06-12 18:26:36.285,0.00,0.00,0.00,0.00,2,0
2026-06-12 18:26:36.336,0.00,0.00,0.00,0.00,2,0
2026-06-12 18:26:36.389,0.00,0.00,0.00,0.00,2,0
2026-06-12 18:26:36.436,0.00,0.00,0.00,0.00,2,0
2026-06-12 18:26:36.487,0.00,0.00,0.00,0.00,2,0
2026-06-12 18:26:36.537,0.00,0.00,0.00,0.00,2,0
2026-06-12 18:26:36.589,0.00,0.00,0.00,0.00,2,0
2026-06-12 18:26:36.638,0.00,0.00,0.00,0.00,2,0
2026-06-12 18:26:36.689,0.00,0.00,0.00,0.00,2,0
2026-06-12 18:26:36.744,0.00,0.00,0.00,0.00,2,0
2026-06-12 18:26:36.789,0.00,0.00,0.00,0.00,2,0
2026-06-12 18:26:36.839,0.00,0.00,0.00,0.00,2,0
2026-06-12 18:26:36.890,0.00,0.00,0.00,0.00,2,0
2026-06-12 18:26:36.940,0.00,0.00,0.00,0.00,2,0
2026-06-12 18:26:37.001,0.00,0.00,0.00,0.00,2,0
2026-06-12 18:26:37.050,0.00,0.00,0.00,0.00,2,0
2026-06-12 18:26:37.093,0.00,0.00,0.00,0.00,2,0
2026-06-12 18:26:37.142,0.00,0.00,0.00,0.00,2,0
2026-06-12 18:26:37.192,0.00,0.00,0.00,0.00,2,0
2026-06-12 18:26:37.243,0.00,0.00,0.00,0.00,2,0
2026-06-12 18:26:37.293,0.00,0.00,0.00,0.00,2,0
2026-06-12 18:26:37.345,0.00,0.00,0.00,0.00,2,0
2026-06-12 18:26:37.394,0.00,0.00,0.00,0.00,2,0
2026-06-12 18:26:37.444,0.00,0.00,0.00,0.00,2,0
2026-06-12 18:26:37.495,0.00,0.00,0.00,0.00,2,0
2026-06-12 18:26:37.545,0.00,0.00,0.00,0.00,2,0
2026-06-12 18:26:37.595,0.00,0.00,0.00,0.00,2,0
2026-06-12 18:26:37.648,0.00,0.00,0.00,0.00,2,0
2026-06-12 18:26:37.696,0.00,0.00,0.00,0.00,2,0
2026-06-12 18:26:37.748,0.00,0.00,0.00,0.00,2,0
2026-06-12 18:26:37.797,0.00,0.00,0.00,0.00,2,0
2026-06-12 18:26:37.847,0.00,0.00,0.00,0.00,2,0
2026-06-12 18:26:37.898,0.00,0.00,0.00,0.00,2,0
2026-06-12 18:26:37.949,0.00,0.00,0.00,0.00,2,0
2026-06-12 18:26:37.999,0.00,0.00,0.00,0.00,2,0
2026-06-12 18:26:38.049,0.00,0.00,0.00,0.00,2,0
2026-06-12 18:26:38.102,0.00,0.00,0.00,0.00,2,0
2026-06-12 18:26:38.150,0.00,0.00,0.00,0.00,2,0
2026-06-12 18:26:38.201,0.00,0.00,0.00,0.00,2,0
2026-06-12 18:26:38.251,0.00,0.00,0.00,0.00,2,0
2026-06-12 18:26:38.301,0.00,0.00,0.00,0.00,2,0
2026-06-12 18:26:38.351,0.00,0.00,0.00,0.00,2,0
2026-06-12 18:26:38.402,0.00,0.00,0.00,0.00,2,0
2026-06-12 18:26:38.452,0.00,0.00,0.00,0.00,2,0
2026-06-12 18:26:38.503,0.00,0.00,0.00,0.00,2,0
2026-06-12 18:26:38.553,0.00,0.00,0.00,0.00,2,0
2026-06-12 18:26:38.603,0.00,0.00,0.00,0.00,2,0
2026-06-12 18:26:38.654,0.00,0.00,0.00,0.00,2,0
2026-06-12 18:26:38.704,0.00,0.00,0.00,0.00,2,0
2026-06-12 18:26:38.755,0.00,0.00,0.00,0.00,2,0
2026-06-12 18:26:38.805,0.00,0.00,0.00,0.00,2,0
2026-06-12 18:26:38.856,0.00,0.00,0.00,0.00,2,0
2026-06-12 18:26:38.907,0.00,0.00,0.00,0.00,2,0
2026-06-12 18:26:38.956,0.00,0.00,0.00,0.00,2,0
2026-06-12 18:26:39.007,0.00,0.00,0.00,0.00,2,0
2026-06-12 18:26:39.057,0.00,0.00,0.00,0.00,2,0
2026-06-12 18:26:39.107,0.00,0.00,0.00,0.00,2,0
2026-06-12 18:26:39.158,0.00,0.00,0.00,0.00,2,0
2026-06-12 18:26:39.209,0.00,0.00,0.00,0.00,2,0
2026-06-12 18:26:39.258,0.00,0.00,0.00,0.00,2,0
2026-06-12 18:26:39.310,0.00,0.00,0.00,0.00,2,0
2026-06-12 18:26:39.359,0.00,0.00,0.00,0.00,2,0
2026-06-12 18:26:39.410,0.00,0.00,0.00,0.00,2,0
2026-06-12 18:26:39.460,0.00,0.00,0.00,0.00,2,0
2026-06-12 18:26:39.510,0.00,0.00,0.00,0.00,2,0
2026-06-12 18:26:39.561,0.00,0.00,0.00,0.00,2,0
2026-06-12 18:26:39.611,0.00,0.00,0.00,0.00,2,0
2026-06-12 18:26:39.662,0.00,0.00,0.00,0.00,2,0
2026-06-12 18:26:39.712,0.00,0.00,0.00,0.00,2,0
2026-06-12 18:26:39.762,0.00,0.00,0.00,0.00,2,0
2026-06-12 18:26:39.813,0.00,0.00,0.00,0.00,2,0
2026-06-12 18:26:39.880,0.00,0.00,0.00,0.00,2,0
2026-06-12 18:26:39.914,0.00,0.00,0.00,0.00,2,0
2026-06-12 18:26:39.964,0.00,0.00,0.00,0.00,2,0
2026-06-12 18:26:40.015,0.00,0.00,0.00,0.00,2,0
2026-06-12 18:26:40.065,0.00,0.00,0.00,0.00,2,0
2026-06-12 18:26:40.115,0.00,0.00,0.00,0.00,2,0
2026-06-12 18:26:40.166,0.00,0.00,0.00,0.00,2,0
2026-06-12 18:26:40.216,0.00,0.00,0.00,0.00,2,0
2026-06-12 18:26:40.266,0.00,0.00,0.00,0.00,2,0
2026-06-12 18:26:40.317,0.00,0.00,0.00,0.00,2,0
2026-06-12 18:26:40.367,0.00,0.00,0.00,0.00,2,0
2026-06-12 18:26:40.418,0.00,0.00,0.00,0.00,2,0
2026-06-12 18:26:40.468,0.00,0.00,0.00,0.00,2,0
2026-06-12 18:26:40.518,0.00,0.00,0.00,0.00,2,0
2026-06-12 18:26:40.569,0.00,0.00,0.00,0.00,2,0
2026-06-12 18:26:40.619,0.00,0.00,0.00,0.00,2,0
2026-06-12 18:26:40.670,0.00,0.00,0.00,0.00,2,0
2026-06-12 18:26:40.721,0.00,0.00,0.00,0.00,2,0
2026-06-12 18:26:40.770,0.00,0.00,0.00,0.00,2,0
2026-06-12 18:26:40.821,0.00,0.00,0.00,0.00,2,0
2026-06-12 18:26:40.871,0.00,0.00,0.00,0.00,2,0
2026-06-12 18:26:40.922,0.00,0.00,0.00,0.00,2,0
2026-06-12 18:26:40.972,0.00,0.00,0.00,0.00,2,0
2026-06-12 18:26:41.022,0.00,0.00,0.00,0.00,2,0
2026-06-12 18:26:41.073,0.00,0.00,0.00,0.00,2,0
2026-06-12 18:26:41.123,0.00,0.00,0.00,0.00,2,0
2026-06-12 18:26:41.174,0.00,0.00,0.00,0.00,2,0
2026-06-12 18:26:41.224,0.00,0.00,0.00,0.00,2,0
2026-06-12 18:26:41.274,0.00,0.00,0.00,0.00,2,0
2026-06-12 18:26:41.325,0.00,0.00,0.00,0.00,2,0
2026-06-12 18:26:41.375,0.00,0.00,0.00,0.00,2,0
2026-06-12 18:26:41.426,0.00,0.00,0.00,0.00,2,0
2026-06-12 18:26:41.476,0.00,0.00,0.00,0.00,2,0
2026-06-12 18:26:41.527,0.00,0.00,0.00,0.00,2,0
2026-06-12 18:26:41.577,0.00,0.00,0.00,0.00,2,0
2026-06-12 18:26:41.628,0.00,0.00,0.00,0.00,2,0
2026-06-12 18:26:41.678,0.00,0.00,0.00,0.00,2,0
2026-06-12 18:26:41.729,0.00,0.00,0.00,0.00,2,0
2026-06-12 18:26:41.779,0.00,0.00,0.00,0.00,2,0
2026-06-12 18:26:41.830,0.00,0.00,0.00,0.00,2,0
2026-06-12 18:26:41.879,0.00,0.00,0.00,0.00,2,0
2026-06-12 18:26:41.930,0.00,0.00,0.00,0.00,2,0
2026-06-12 18:26:41.981,0.00,0.00,0.00,0.00,2,0
2026-06-12 18:26:42.030,0.00,0.00,0.00,0.00,2,0
2026-06-12 18:26:42.081,0.00,0.00,0.00,0.00,2,0
2026-06-12 18:26:42.131,0.00,0.00,0.00,0.00,2,0
2026-06-12 18:26:42.182,0.00,0.00,0.00,0.00,2,0
2026-06-12 18:26:42.232,0.00,0.00,0.00,0.00,2,0
2026-06-12 18:26:42.282,0.00,0.00,0.00,0.00,2,0
2026-06-12 18:26:42.333,0.00,0.00,0.00,0.00,2,0
2026-06-12 18:26:42.384,0.00,0.00,0.00,0.00,2,0
2026-06-12 18:26:42.434,0.00,0.00,0.00,0.00,2,0
2026-06-12 18:26:42.484,0.00,0.00,0.00,0.00,2,0
2026-06-12 18:26:42.535,0.00,0.00,0.00,0.00,2,0
2026-06-12 18:26:42.585,0.00,0.00,0.00,0.00,2,0
2026-06-12 18:26:42.635,0.00,0.00,0.00,0.00,2,0
2026-06-12 18:26:42.686,0.00,0.00,0.00,0.00,2,0
2026-06-12 18:26:42.736,0.00,0.00,0.00,0.00,2,0
2026-06-12 18:26:42.786,0.00,0.00,0.00,0.00,2,0
2026-06-12 18:26:42.837,0.00,0.00,0.00,0.00,2,0
2026-06-12 18:26:42.887,0.00,0.00,0.00,0.00,2,0
2026-06-12 18:26:42.938,0.00,0.00,0.00,0.00,2,0
2026-06-12 18:26:42.988,0.00,0.00,0.00,0.00,2,0
2026-06-12 18:26:43.038,0.00,0.00,0.00,0.00,2,0
2026-06-12 18:26:43.089,0.00,0.00,0.00,0.00,2,0
2026-06-12 18:26:43.139,0.00,0.00,0.00,0.00,2,0
2026-06-12 18:26:43.190,0.00,0.00,0.00,0.00,2,0
2026-06-12 18:26:43.240,0.00,0.00,0.00,0.00,2,0
2026-06-12 18:26:43.290,0.00,0.00,0.00,0.00,2,0
2026-06-12 18:26:43.341,0.00,0.00,0.00,0.00,2,0
2026-06-12 18:26:43.391,0.00,0.00,0.00,0.00,2,0
2026-06-12 18:26:43.442,0.00,0.00,0.00,0.00,2,0
2026-06-12 18:26:43.492,0.00,0.00,0.00,0.00,2,0
2026-06-12 18:26:43.542,0.00,0.00,0.00,0.00,2,0
2026-06-12 18:26:43.597,0.00,0.00,0.00,0.00,2,0
2026-06-12 18:26:43.643,0.00,0.00,0.00,0.00,2,0
2026-06-12 18:26:43.694,0.00,0.00,0.00,0.00,2,0
2026-06-12 18:26:43.744,0.00,0.00,0.00,0.00,2,0
2026-06-12 18:26:43.795,0.00,0.00,0.00,0.00,2,0
2026-06-12 18:26:43.845,0.00,0.00,0.00,0.00,2,0
2026-06-12 18:26:43.897,0.00,0.00,0.00,0.00,2,0
2026-06-12 18:26:43.947,0.00,0.00,0.00,0.00,2,0
2026-06-12 18:26:43.996,0.00,0.00,0.00,0.00,2,0
2026-06-12 18:26:44.047,0.00,0.00,0.00,0.00,2,0
2026-06-12 18:26:44.097,0.00,0.00,0.00,0.00,2,0
2026-06-12 18:26:44.148,0.00,0.00,0.00,0.00,2,0
2026-06-12 18:26:44.198,0.00,0.00,0.00,0.00,2,0
2026-06-12 18:26:44.248,0.00,0.00,0.00,0.00,2,0
2026-06-12 18:26:44.299,0.00,0.00,0.00,0.00,2,0
2026-06-12 18:26:44.349,0.00,0.00,0.00,0.00,2,0
2026-06-12 18:26:44.399,0.00,0.00,0.00,0.00,2,0
2026-06-12 18:26:44.450,0.00,0.00,0.00,0.00,2,0
2026-06-12 18:26:44.500,0.00,0.00,0.00,0.00,2,0
2026-06-12 18:26:44.550,0.00,0.00,0.00,0.00,2,0
2026-06-12 18:26:44.601,0.00,0.00,0.00,0.00,2,0
2026-06-12 18:26:44.651,0.00,0.00,0.00,0.00,2,0
2026-06-12 18:26:44.724,0.00,0.00,0.00,0.00,2,0
2026-06-12 18:26:44.752,0.00,0.00,0.00,0.00,2,0
2026-06-12 18:26:44.802,0.00,0.00,0.00,0.00,2,0
2026-06-12 18:26:44.853,0.00,0.00,0.00,0.00,2,0
2026-06-12 18:26:44.904,0.00,0.00,0.00,0.00,2,0
2026-06-12 18:26:44.954,0.00,0.00,0.00,0.00,2,0
2026-06-12 18:26:45.004,0.00,0.00,0.00,0.00,2,0
2026-06-12 18:26:45.054,0.00,0.00,0.00,0.00,2,0
2026-06-12 18:26:45.113,0.00,0.00,0.00,0.00,2,0
2026-06-12 18:26:45.155,0.00,0.00,0.00,0.00,2,0
2026-06-12 18:26:45.206,0.00,0.00,0.00,0.00,2,0
2026-06-12 18:26:45.256,0.00,0.00,0.00,0.00,2,0
2026-06-12 18:26:45.306,0.00,0.00,0.00,0.00,2,0
2026-06-12 18:26:45.357,0.00,0.00,0.00,0.00,2,0
2026-06-12 18:26:45.407,0.00,0.00,0.00,0.00,2,0
2026-06-12 18:26:45.458,0.00,0.00,0.00,0.00,2,0
2026-06-12 18:26:45.509,0.00,0.00,0.00,0.00,2,0
2026-06-12 18:26:45.558,0.00,0.00,0.00,0.00,2,0
2026-06-12 18:26:45.609,0.00,0.00,0.00,0.00,2,0
2026-06-12 18:26:45.659,0.00,0.00,0.00,0.00,2,0
2026-06-12 18:26:45.709,0.00,0.00,0.00,0.00,2,0
2026-06-12 18:26:45.760,0.00,0.00,0.00,0.00,2,0
2026-06-12 18:26:45.810,0.00,0.00,0.00,0.00,2,0
2026-06-12 18:26:45.862,0.00,0.00,0.00,0.00,2,0
2026-06-12 18:26:45.911,0.00,0.00,0.00,0.00,2,0
2026-06-12 18:26:45.965,0.00,0.00,0.00,0.00,2,0
2026-06-12 18:26:46.012,0.00,0.00,0.00,0.00,2,0
2026-06-12 18:26:46.068,0.00,0.00,0.00,0.00,2,0
2026-06-12 18:26:46.113,0.00,0.00,0.00,0.00,2,0
2026-06-12 18:26:46.163,0.00,0.00,0.00,0.00,2,0
2026-06-12 18:26:46.214,0.00,0.00,0.00,0.00,2,0
2026-06-12 18:26:46.264,0.00,0.00,0.00,0.00,2,0
2026-06-12 18:26:46.314,0.00,0.00,0.00,0.00,2,0
2026-06-12 18:26:46.365,0.00,0.00,0.00,0.00,2,0
2026-06-12 18:26:46.415,0.00,0.00,0.00,0.00,2,0
2026-06-12 18:26:46.466,0.00,0.00,0.00,0.00,2,0
2026-06-12 18:26:46.516,0.00,0.00,0.00,0.00,2,0
2026-06-12 18:26:46.566,0.00,0.00,0.00,0.00,2,0
2026-06-12 18:26:46.617,0.00,0.00,0.00,0.00,2,0
2026-06-12 18:26:46.667,0.00,0.00,0.00,0.00,2,0
2026-06-12 18:26:46.718,0.00,0.00,0.00,0.00,2,0
2026-06-12 18:26:46.771,0.00,0.00,0.00,0.00,2,0
2026-06-12 18:26:46.818,0.00,0.00,0.00,0.00,2,0
2026-06-12 18:26:46.869,0.00,0.00,0.00,0.00,2,0
2026-06-12 18:26:46.919,0.00,0.00,0.00,0.00,2,0
2026-06-12 18:26:46.969,0.00,0.00,0.00,0.00,2,0
2026-06-12 18:26:47.020,0.00,0.00,0.00,0.00,2,0
2026-06-12 18:26:47.074,0.00,0.00,0.00,0.00,2,0
2026-06-12 18:26:47.121,0.00,0.00,0.00,0.00,2,0
2026-06-12 18:26:47.172,0.00,0.00,0.00,0.00,2,0
2026-06-12 18:26:47.221,0.00,0.00,0.00,0.00,2,0
2026-06-12 18:26:47.273,0.00,0.00,0.00,0.00,2,0
2026-06-12 18:26:47.322,0.00,0.00,0.00,0.00,2,0
2026-06-12 18:26:47.373,0.00,0.00,0.00,0.00,2,0
2026-06-12 18:26:47.423,0.00,0.00,0.00,0.00,2,0
2026-06-12 18:26:47.474,0.00,0.00,0.00,0.00,2,0
2026-06-12 18:26:47.524,0.00,0.00,0.00,0.00,2,0
2026-06-12 18:26:47.574,0.00,0.00,0.00,0.00,2,0
2026-06-12 18:26:47.625,0.00,0.00,0.00,0.00,2,0
2026-06-12 18:26:47.675,0.00,0.00,0.00,0.00,2,0
2026-06-12 18:26:47.726,0.00,0.00,0.00,0.00,2,0
2026-06-12 18:26:47.776,0.00,0.00,0.00,0.00,2,0
2026-06-12 18:26:47.827,0.00,0.00,0.00,0.00,2,0
2026-06-12 18:26:47.877,0.00,0.00,0.00,0.00,2,0
2026-06-12 18:26:47.927,0.00,0.00,0.00,0.00,2,0
2026-06-12 18:26:47.978,0.00,0.00,0.00,0.00,2,0
2026-06-12 18:26:48.029,0.00,0.00,0.00,0.00,2,0
2026-06-12 18:26:48.079,0.00,0.00,0.00,0.00,2,0
2026-06-12 18:26:48.129,0.00,0.00,0.00,0.00,2,0
2026-06-12 18:26:48.179,0.00,0.00,0.00,0.00,2,0
2026-06-12 18:26:48.229,0.00,0.00,0.00,0.00,2,0
2026-06-12 18:26:48.280,0.00,0.00,0.00,0.00,2,0
2026-06-12 18:26:48.330,0.00,0.00,0.00,0.00,2,0
2026-06-12 18:26:48.381,0.00,0.00,0.00,0.00,2,0
2026-06-12 18:26:48.431,0.00,0.00,0.00,0.00,2,0
2026-06-12 18:26:48.482,0.00,0.00,0.00,0.00,2,0
2026-06-12 18:26:48.532,0.00,0.00,0.00,0.00,2,0
2026-06-12 18:26:48.582,0.00,0.00,0.00,0.00,2,0
2026-06-12 18:26:48.633,0.00,0.00,0.00,0.00,2,0
2026-06-12 18:26:48.683,0.00,0.00,0.00,0.00,2,0
2026-06-12 18:26:47.723,0.00,0.00,0.00,0.00,2,0
2026-06-12 18:26:47.773,0.00,0.00,0.00,0.00,2,0
2026-06-12 18:26:47.824,0.00,0.00,0.00,0.00,2,0
2026-06-12 18:26:47.874,0.00,0.00,0.00,0.00,2,0
2026-06-12 18:26:47.924,0.00,0.00,0.00,0.00,2,0
2026-06-12 18:26:47.975,0.00,0.00,0.00,0.00,2,0
2026-06-12 18:26:48.025,0.00,0.00,0.00,0.00,2,0
2026-06-12 18:26:48.076,0.00,0.00,0.00,0.00,2,0
2026-06-12 18:26:48.126,0.00,0.00,0.00,0.00,2,0
2026-06-12 18:26:48.176,0.00,0.00,0.00,0.00,2,0
2026-06-12 18:26:48.228,0.00,0.00,0.00,0.00,2,0
2026-06-12 18:26:48.277,0.00,0.00,0.00,0.00,0,2
2026-06-12 18:26:48.328,0.00,0.00,0.00,0.00,0,2
2026-06-12 18:26:48.378,0.00,0.00,0.00,0.00,0,2
2026-06-12 18:26:48.433,0.00,0.00,0.00,0.00,0,2
2026-06-12 18:26:48.479,0.00,0.00,0.00,0.00,0,2
2026-06-12 18:26:48.529,0.00,0.00,0.00,0.00,0,2
2026-06-12 18:26:48.579,0.00,0.00,0.00,0.00,0,2
2026-06-12 18:26:48.630,0.00,0.00,0.00,0.00,0,2
2026-06-12 18:26:48.680,0.00,0.00,0.00,0.00,0,2
2026-06-12 18:26:48.730,0.00,0.00,0.00,0.00,0,2
2026-06-12 18:26:48.781,0.00,0.00,0.00,0.00,0,2
2026-06-12 18:26:48.831,0.01,0.00,0.00,0.00,1,0
2026-06-12 18:26:48.882,0.01,0.00,0.27,0.08,1,0
2026-06-12 18:26:48.932,0.01,0.00,0.27,0.08,1,0
2026-06-12 18:26:48.983,0.01,0.00,0.27,0.08,1,0
2026-06-12 18:26:49.033,0.01,0.00,0.27,0.08,1,0
2026-06-12 18:26:49.083,0.01,0.00,0.27,0.08,1,0
2026-06-12 18:26:49.135,0.01,0.00,0.27,0.08,1,0
2026-06-12 18:26:49.185,0.01,0.00,0.27,0.08,1,0
2026-06-12 18:26:49.235,0.01,0.00,0.27,0.08,1,0
2026-06-12 18:26:49.285,0.01,0.00,0.27,0.08,1,0
2026-06-12 18:26:49.339,0.01,0.00,0.27,0.08,1,0
2026-06-12 18:26:49.386,0.01,0.00,0.27,0.08,1,0
2026-06-12 18:26:49.436,0.01,0.00,0.27,0.08,1,0
2026-06-12 18:26:49.487,0.01,0.00,0.27,0.08,1,0
2026-06-12 18:26:49.542,0.01,0.00,0.27,0.08,1,0
2026-06-12 18:26:49.588,0.01,0.00,0.27,0.08,1,0
2026-06-12 18:26:49.638,0.01,0.00,0.27,0.08,1,0
2026-06-12 18:26:49.688,0.01,0.00,0.27,0.08,1,0
2026-06-12 18:26:49.739,0.01,0.00,0.27,0.08,1,0
2026-06-12 18:26:49.789,0.01,0.00,0.27,0.08,1,0
2026-06-12 18:26:49.839,0.01,0.00,0.27,0.08,1,0
2026-06-12 18:26:49.890,0.01,0.00,0.27,0.08,1,0
2026-06-12 18:26:49.940,0.01,0.00,0.27,0.08,1,0
2026-06-12 18:26:49.991,0.01,0.00,0.27,0.08,1,0
2026-06-12 18:26:50.041,0.01,0.00,0.27,0.08,1,0
2026-06-12 18:26:50.091,0.01,0.00,0.27,0.08,1,0
2026-06-12 18:26:50.142,0.01,0.00,0.27,0.08,1,0
2026-06-12 18:26:50.192,0.01,0.00,0.27,0.08,1,0
2026-06-12 18:26:50.243,0.01,0.00,0.27,0.08,1,0
2026-06-12 18:26:50.293,0.01,0.00,0.27,0.08,1,0
2026-06-12 18:26:50.345,0.01,0.00,0.27,0.08,1,0
2026-06-12 18:26:50.394,0.01,0.00,0.27,0.08,1,0
2026-06-12 18:26:50.444,0.01,0.00,0.27,0.08,1,0
2026-06-12 18:26:50.495,0.01,0.00,0.27,0.08,1,0
2026-06-12 18:26:50.545,0.01,0.00,0.27,0.08,1,0
2026-06-12 18:26:50.596,0.01,0.00,0.27,0.08,1,0
2026-06-12 18:26:50.646,0.01,0.00,0.27,0.08,1,0
2026-06-12 18:26:50.696,0.01,0.00,0.27,0.08,1,0
2026-06-12 18:26:50.747,0.01,0.00,0.27,0.08,1,0
2026-06-12 18:26:50.797,0.00,0.00,0.27,0.08,1,0
2026-06-12 18:26:50.848,0.00,0.00,0.00,0.00,1,0
2026-06-12 18:26:50.899,0.00,0.00,0.00,0.00,1,0
2026-06-12 18:26:50.949,0.00,0.00,0.00,0.00,1,0
2026-06-12 18:26:51.001,0.00,0.00,0.00,0.00,1,0
2026-06-12 18:26:51.049,0.00,0.00,0.00,0.00,1,0
2026-06-12 18:26:51.100,0.00,0.00,0.00,0.00,1,0
2026-06-12 18:26:51.150,0.00,0.00,0.00,0.00,1,0
2026-06-12 18:26:51.200,0.00,0.00,0.00,0.00,1,0
2026-06-12 18:26:51.251,0.00,0.00,0.00,0.00,1,0
2026-06-12 18:26:51.301,0.00,0.00,0.00,0.00,1,0
2026-06-12 18:26:51.357,0.00,0.00,0.00,0.00,1,0
2026-06-12 18:26:51.403,0.00,0.00,0.00,0.00,1,0
2026-06-12 18:26:51.452,0.00,0.00,0.00,0.00,1,0
2026-06-12 18:26:51.503,0.00,0.00,0.00,0.00,1,0
2026-06-12 18:26:51.553,0.00,0.00,0.00,0.00,1,0
2026-06-12 18:26:51.605,0.00,0.00,0.00,0.00,1,0
2026-06-12 18:26:51.654,0.00,0.00,0.00,0.00,1,0
2026-06-12 18:26:51.704,0.00,0.00,0.00,0.00,1,0
2026-06-12 18:26:51.755,0.00,0.00,0.00,0.00,1,0
2026-06-12 18:26:51.805,0.00,0.00,0.00,0.00,1,0
2026-06-12 18:26:51.856,0.01,0.00,0.00,0.00,0,0
2026-06-12 18:26:51.906,0.01,0.00,0.27,0.08,0,0
2026-06-12 18:26:51.956,0.01,0.00,0.27,0.08,0,0
2026-06-12 18:26:52.007,0.01,0.00,0.27,0.08,0,0
2026-06-12 18:26:52.057,0.01,0.00,0.27,0.08,0,0
2026-06-12 18:26:52.108,0.01,0.00,0.27,0.08,0,0
2026-06-12 18:26:52.159,0.01,0.00,0.27,0.08,0,0
2026-06-12 18:26:52.209,0.01,0.00,0.27,0.08,0,0
2026-06-12 18:26:52.260,0.01,0.00,0.27,0.08,0,0
2026-06-12 18:26:52.309,0.01,0.00,0.27,0.08,0,0
2026-06-12 18:26:52.359,0.01,0.00,0.27,0.08,0,0
2026-06-12 18:26:52.410,0.01,0.00,0.27,0.08,0,0
