Timestamp,Speed_kmh,Accel_ms2,Raw_RPM,Filtered_RPM,Brake_State,Control_Mode
2026-06-12 20:02:15.948,0.00,0.00,0.00,0.00,0,0
2026-06-12 20:02:15.999,0.00,0.00,0.00,0.00,2,0
2026-06-12 20:02:16.049,0.00,0.00,0.00,0.00,2,0
2026-06-12 20:02:16.100,0.00,0.00,0.00,0.00,2,0
2026-06-12 20:02:16.150,0.00,0.00,0.00,0.00,2,0
2026-06-12 20:02:16.200,0.00,0.00,0.00,0.00,2,0
2026-06-12 20:02:16.250,0.00,0.00,0.00,0.00,2,0
2026-06-12 20:02:16.303,0.00,0.00,0.00,0.00,2,0
2026-06-12 20:02:16.351,0.00,0.00,0.00,0.00,2,0
2026-06-12 20:02:16.402,0.00,0.00,0.00,0.00,2,0
2026-06-12 20:02:16.452,0.00,0.00,0.00,0.00,2,0
2026-06-12 20:02:16.502,0.00,0.00,0.00,0.00,2,0
2026-06-12 20:02:16.553,0.00,0.00,0.00,0.00,2,0
2026-06-12 20:02:16.603,0.00,0.00,0.00,0.00,1,0
2026-06-12 20:02:16.654,0.00,0.00,0.00,0.00,1,0
2026-06-12 20:02:16.704,0.00,0.00,0.00,0.00,1,0
2026-06-12 20:02:16.754,0.00,0.00,0.00,0.00,1,0
2026-06-12 20:02:16.805,0.00,0.00,0.00,0.00,1,0
2026-06-12 20:02:16.855,0.00,0.00,0.00,0.00,1,0
2026-06-12 20:02:16.906,0.00,0.00,0.00,0.00,1,0
2026-06-12 20:02:16.956,0.00,0.00,0.00,0.00,1,0
2026-06-12 20:02:17.007,0.00,0.00,0.00,0.00,1,0
2026-06-12 20:02:17.057,0.00,0.00,0.00,0.00,1,0
2026-06-12 20:02:17.107,0.00,0.00,0.00,0.00,1,0
2026-06-12 20:02:17.158,0.00,0.00,0.00,0.00,1,0
2026-06-12 20:02:17.208,0.00,0.00,0.00,0.00,1,0
2026-06-12 20:02:17.258,0.00,0.00,0.00,0.00,1,0
2026-06-12 20:02:17.309,0.00,0.00,0.00,0.00,1,0
2026-06-12 20:02:17.360,0.00,0.00,0.00,0.00,1,0
2026-06-12 20:02:17.410,0.00,0.00,0.00,0.00,1,0
2026-06-12 20:02:17.460,0.00,0.00,0.00,0.00,1,0
2026-06-12 20:02:17.511,0.00,0.00,0.00,0.00,1,0
2026-06-12 20:02:17.561,0.00,0.00,0.00,0.00,1,0
2026-06-12 20:02:17.611,0.00,0.00,0.00,0.00,1,0
2026-06-12 20:02:17.662,0.00,0.00,0.00,0.00,1,0
2026-06-12 20:02:17.712,0.00,0.00,0.00,0.00,1,0
2026-06-12 20:02:17.762,0.00,0.00,0.00,0.00,1,0
2026-06-12 20:02:17.813,0.00,0.00,0.00,0.00,1,0
2026-06-12 20:02:17.863,0.00,0.00,0.00,0.00,1,0
2026-06-12 20:02:17.914,0.00,0.00,0.00,0.00,1,0
2026-06-12 20:02:17.964,0.00,0.00,0.00,0.00,1,0
2026-06-12 20:02:18.014,0.00,0.00,0.00,0.00,1,0
2026-06-12 20:02:18.065,0.00,0.00,0.00,0.00,1,0
2026-06-12 20:02:18.115,0.00,0.00,0.00,0.00,1,0
2026-06-12 20:02:18.166,0.00,0.00,0.00,0.00,1,0
2026-06-12 20:02:18.216,0.00,0.00,0.00,0.00,1,0
2026-06-12 20:02:18.266,0.00,0.00,0.00,0.00,1,0
2026-06-12 20:02:18.317,0.00,0.00,0.00,0.00,1,0
2026-06-12 20:02:18.367,0.00,0.00,0.00,0.00,1,0
2026-06-12 20:02:18.418,0.00,0.00,0.00,0.00,1,0
2026-06-12 20:02:18.468,0.00,0.00,0.00,0.00,1,0
2026-06-12 20:02:18.518,0.00,0.00,0.00,0.00,1,0
2026-06-12 20:02:18.569,0.00,0.00,0.00,0.00,1,0
2026-06-12 20:02:18.620,0.00,0.00,0.00,0.00,1,0
2026-06-12 20:02:18.670,0.00,0.00,0.00,0.00,1,0
2026-06-12 20:02:18.720,0.00,0.00,0.00,0.00,1,0
2026-06-12 20:02:18.770,0.00,0.00,0.00,0.00,1,0
2026-06-12 20:02:18.821,0.00,0.00,0.00,0.00,1,0
2026-06-12 20:02:18.871,0.00,0.00,0.00,0.00,1,0
2026-06-12 20:02:18.922,0.00,0.00,0.00,0.00,1,0
2026-06-12 20:02:18.972,0.00,0.00,0.00,0.00,1,0
2026-06-12 20:02:19.022,0.00,0.00,0.00,0.00,1,0
2026-06-12 20:02:19.073,0.00,0.00,0.00,0.00,1,0
2026-06-12 20:02:19.123,0.00,0.00,0.00,0.00,1,0
2026-06-12 20:02:19.174,0.00,0.00,0.00,0.00,1,0
2026-06-12 20:02:19.224,0.00,0.00,0.00,0.00,1,0
2026-06-12 20:02:19.274,0.00,0.00,0.00,0.00,1,0
2026-06-12 20:02:19.325,0.00,0.00,0.00,0.00,1,0
2026-06-12 20:02:19.375,0.00,0.00,0.00,0.00,1,0
2026-06-12 20:02:19.426,0.00,0.00,0.00,0.00,1,0
2026-06-12 20:02:19.476,0.00,0.00,0.00,0.00,1,0
2026-06-12 20:02:19.526,0.00,0.00,0.00,0.00,1,0
2026-06-12 20:02:19.577,0.00,0.00,0.00,0.00,1,0
2026-06-12 20:02:19.627,0.21,0.00,0.00,0.00,0,0
2026-06-12 20:02:19.678,0.21,0.00,6.41,1.92,0,0
2026-06-12 20:02:19.728,0.21,0.00,6.41,1.92,0,0
2026-06-12 20:02:19.779,0.21,0.00,6.41,1.92,0,0
2026-06-12 20:02:19.829,0.21,0.00,6.41,1.92,0,0
2026-06-12 20:02:19.880,0.21,0.00,6.41,1.92,0,0
2026-06-12 20:02:19.930,0.21,0.00,6.41,1.92,0,0
2026-06-12 20:02:19.980,0.21,0.00,6.41,1.92,0,0
2026-06-12 20:02:20.030,0.21,0.00,6.41,1.92,0,0
2026-06-12 20:02:20.081,0.21,0.00,6.41,1.92,0,0
2026-06-12 20:02:20.131,0.21,0.00,6.41,1.92,0,0
2026-06-12 20:02:20.182,0.21,0.00,6.41,1.92,0,0
2026-06-12 20:02:20.232,0.21,0.00,6.41,1.92,0,0
2026-06-12 20:02:20.283,0.21,0.00,6.41,1.92,0,0
2026-06-12 20:02:20.333,0.21,0.00,6.41,1.92,0,0
2026-06-12 20:02:20.383,0.21,0.00,6.41,1.92,0,0
2026-06-12 20:02:20.434,0.21,0.00,6.41,1.92,0,0
2026-06-12 20:02:20.484,0.21,0.00,6.41,1.92,0,0
2026-06-12 20:02:20.534,0.21,0.00,6.41,1.92,0,0
2026-06-12 20:02:20.585,0.21,0.00,6.41,1.92,0,0
2026-06-12 20:02:20.635,0.21,0.00,6.41,1.92,0,0
2026-06-12 20:02:20.686,0.21,0.00,6.41,1.92,0,0
2026-06-12 20:02:20.736,0.21,0.00,6.41,1.92,0,0
2026-06-12 20:02:20.786,0.21,0.00,6.41,1.92,0,0
2026-06-12 20:02:20.837,0.21,0.00,6.41,1.92,0,0
2026-06-12 20:02:20.887,0.21,0.00,6.41,1.92,0,0
2026-06-12 20:02:20.938,0.21,0.00,6.41,1.92,0,0
2026-06-12 20:02:20.988,0.21,0.00,6.41,1.92,0,0
2026-06-12 20:02:21.038,0.21,0.00,6.41,1.92,0,0
2026-06-12 20:02:21.089,0.21,0.00,6.41,1.92,0,0
2026-06-12 20:02:21.139,0.21,0.00,6.41,1.92,0,0
2026-06-12 20:02:21.190,0.21,0.00,6.41,1.92,0,0
2026-06-12 20:02:21.240,0.21,0.00,6.41,1.92,0,0
2026-06-12 20:02:21.290,0.21,0.00,6.41,1.92,0,0
2026-06-12 20:02:21.341,0.21,0.00,6.41,1.92,0,0
2026-06-12 20:02:21.391,0.21,0.00,6.41,1.92,0,0
2026-06-12 20:02:21.442,0.21,0.00,6.41,1.92,0,0
2026-06-12 20:02:21.492,0.21,0.00,6.41,1.92,0,0
2026-06-12 20:02:21.542,0.21,0.00,6.41,1.92,0,0
2026-06-12 20:02:21.593,0.21,0.00,6.41,1.92,0,0
2026-06-12 20:02:21.643,0.20,0.00,6.41,1.92,2,0
2026-06-12 20:02:21.694,0.20,0.00,5.92,1.78,2,0
2026-06-12 20:02:21.744,0.20,0.00,5.92,1.78,2,0
2026-06-12 20:02:21.795,0.20,0.00,5.92,1.78,2,0
2026-06-12 20:02:21.845,0.20,0.00,5.92,1.78,2,0
2026-06-12 20:02:21.895,0.20,0.00,5.92,1.78,2,0
2026-06-12 20:02:21.946,0.20,0.00,5.92,1.78,2,0
2026-06-12 20:02:21.996,0.20,0.00,5.92,1.78,2,0
2026-06-12 20:02:22.047,0.20,0.00,5.92,1.78,2,0
2026-06-12 20:02:22.097,0.20,0.00,5.92,1.78,2,0
2026-06-12 20:02:22.147,0.20,0.00,5.92,1.78,2,0
2026-06-12 20:02:22.198,0.20,0.00,5.92,1.78,2,0
2026-06-12 20:02:22.248,0.20,0.00,5.92,1.78,2,0
2026-06-12 20:02:22.299,0.20,0.00,5.92,1.78,2,0
2026-06-12 20:02:22.349,0.20,0.00,5.92,1.78,2,0
2026-06-12 20:02:22.400,0.20,0.00,5.92,1.78,2,0
2026-06-12 20:02:22.450,0.20,0.00,5.92,1.78,2,0
2026-06-12 20:02:22.500,0.20,0.00,5.92,1.78,2,0
2026-06-12 20:02:22.551,0.20,0.00,5.92,1.78,2,0
2026-06-12 20:02:22.601,0.20,0.00,5.92,1.78,2,0
2026-06-12 20:02:22.651,0.20,0.00,5.92,1.78,2,0
2026-06-12 20:02:22.702,0.20,0.00,5.92,1.78,2,0
2026-06-12 20:02:22.752,0.20,0.00,5.92,1.78,2,0
2026-06-12 20:02:22.803,0.20,0.00,5.92,1.78,2,0
2026-06-12 20:02:22.853,0.20,0.00,5.92,1.78,2,0
2026-06-12 20:02:22.903,0.20,0.00,5.92,1.78,2,0
2026-06-12 20:02:22.954,0.20,0.00,5.92,1.78,2,0
2026-06-12 20:02:23.004,0.20,0.00,5.92,1.78,2,0
2026-06-12 20:02:23.055,0.20,0.00,5.92,1.78,2,0
2026-06-12 20:02:23.105,0.20,0.00,5.92,1.78,2,0
2026-06-12 20:02:23.155,0.20,0.00,5.92,1.78,2,0
2026-06-12 20:02:23.206,0.20,0.00,5.92,1.78,2,0
2026-06-12 20:02:23.256,0.20,0.00,5.92,1.78,2,0
2026-06-12 20:02:23.307,0.20,0.00,5.92,1.78,2,0
2026-06-12 20:02:23.357,0.20,0.00,5.92,1.78,2,0
2026-06-12 20:02:23.407,0.20,0.00,5.92,1.78,2,0
2026-06-12 20:02:23.458,0.20,0.00,5.92,1.78,2,0
2026-06-12 20:02:23.508,0.20,0.00,5.92,1.78,2,0
2026-06-12 20:02:23.559,0.20,0.00,5.92,1.78,2,0
2026-06-12 20:02:23.609,0.20,0.00,5.92,1.78,2,0
2026-06-12 20:02:23.659,0.00,0.00,5.92,1.78,2,0
2026-06-12 20:02:23.710,0.00,0.00,0.00,0.00,2,0
2026-06-12 20:02:23.760,0.00,0.00,0.00,0.00,2,0
2026-06-12 20:02:23.811,0.00,0.00,0.00,0.00,2,0
2026-06-12 20:02:23.861,0.00,0.00,0.00,0.00,2,0
2026-06-12 20:02:23.911,0.00,0.00,0.00,0.00,2,0
2026-06-12 20:02:23.962,0.00,0.00,0.00,0.00,2,0
2026-06-12 20:02:24.012,0.00,0.00,0.00,0.00,2,0
2026-06-12 20:02:24.063,0.00,0.00,0.00,0.00,2,0
2026-06-12 20:02:24.113,0.00,0.00,0.00,0.00,2,0
2026-06-12 20:02:24.163,0.00,0.00,0.00,0.00,2,0
2026-06-12 20:02:24.214,0.00,0.00,0.00,0.00,2,0
2026-06-12 20:02:24.264,0.00,0.00,0.00,0.00,2,0
2026-06-12 20:02:24.315,0.00,0.00,0.00,0.00,2,0
2026-06-12 20:02:24.365,0.00,0.00,0.00,0.00,2,0
2026-06-12 20:02:24.415,0.00,0.00,0.00,0.00,2,0
2026-06-12 20:02:24.466,0.00,0.00,0.00,0.00,2,0
2026-06-12 20:02:24.516,0.00,0.00,0.00,0.00,2,0
2026-06-12 20:02:24.567,0.00,0.00,0.00,0.00,2,0
2026-06-12 20:02:24.617,0.00,0.00,0.00,0.00,2,0
2026-06-12 20:02:24.667,0.00,0.00,0.00,0.00,2,0
2026-06-12 20:02:24.718,0.00,0.00,0.00,0.00,2,0
2026-06-12 20:02:24.768,0.00,0.00,0.00,0.00,2,0
2026-06-12 20:02:24.819,0.00,0.00,0.00,0.00,2,0
2026-06-12 20:02:24.869,0.00,0.00,0.00,0.00,2,0
2026-06-12 20:02:24.920,0.00,0.00,0.00,0.00,2,0
2026-06-12 20:02:24.970,0.00,0.00,0.00,0.00,2,0
2026-06-12 20:02:25.020,0.00,0.00,0.00,0.00,2,0
2026-06-12 20:02:25.070,0.00,0.00,0.00,0.00,2,0
2026-06-12 20:02:25.121,0.00,0.00,0.00,0.00,2,0
2026-06-12 20:02:25.171,0.00,0.00,0.00,0.00,2,0
2026-06-12 20:02:25.222,0.00,0.00,0.00,0.00,2,0
2026-06-12 20:02:25.272,0.00,0.00,0.00,0.00,2,0
2026-06-12 20:02:25.322,0.00,0.00,0.00,0.00,2,0
2026-06-12 20:02:25.373,0.00,0.00,0.00,0.00,2,0
2026-06-12 20:02:25.423,0.00,0.00,0.00,0.00,2,0
2026-06-12 20:02:25.474,0.00,0.00,0.00,0.00,2,0
2026-06-12 20:02:25.524,0.00,0.00,0.00,0.00,2,0
2026-06-12 20:02:25.575,0.00,0.00,0.00,0.00,2,0
2026-06-12 20:02:25.625,0.00,0.00,0.00,0.00,2,0
2026-06-12 20:02:25.675,0.00,0.00,0.00,0.00,2,0
2026-06-12 20:02:25.726,0.00,0.00,0.00,0.00,2,0
2026-06-12 20:02:25.776,0.00,0.00,0.00,0.00,2,0
2026-06-12 20:02:25.827,0.00,0.00,0.00,0.00,2,0
2026-06-12 20:02:25.878,0.00,0.00,0.00,0.00,2,0
2026-06-12 20:02:25.927,0.00,0.00,0.00,0.00,2,0
2026-06-12 20:02:25.978,0.00,0.00,0.00,0.00,2,0
2026-06-12 20:02:26.028,0.00,0.00,0.00,0.00,2,0
2026-06-12 20:02:26.079,0.00,0.00,0.00,0.00,2,0
2026-06-12 20:02:26.129,0.00,0.00,0.00,0.00,2,0
2026-06-12 20:02:26.180,0.00,0.00,0.00,0.00,2,0
2026-06-12 20:02:26.230,0.00,0.00,0.00,0.00,2,0
2026-06-12 20:02:26.280,0.00,0.00,0.00,0.00,2,0
2026-06-12 20:02:26.330,0.00,0.00,0.00,0.00,2,0
2026-06-12 20:02:26.381,0.00,0.00,0.00,0.00,2,0
2026-06-12 20:02:26.431,0.00,0.00,0.00,0.00,2,0
2026-06-12 20:02:26.482,0.00,0.00,0.00,0.00,2,0
2026-06-12 20:02:26.532,0.00,0.00,0.00,0.00,2,0
2026-06-12 20:02:26.582,0.00,0.00,0.00,0.00,2,0
2026-06-12 20:02:26.633,0.00,0.00,0.00,0.00,2,0
2026-06-12 20:02:26.683,0.00,0.00,0.00,0.00,2,0
2026-06-12 20:02:26.734,0.00,0.00,0.00,0.00,2,0
2026-06-12 20:02:26.784,0.00,0.00,0.00,0.00,2,0
2026-06-12 20:02:26.834,0.00,0.00,0.00,0.00,2,0
2026-06-12 20:02:26.885,0.00,0.00,0.00,0.00,2,0
2026-06-12 20:02:26.935,0.00,0.00,0.00,0.00,2,0
2026-06-12 20:02:26.986,0.00,0.00,0.00,0.00,2,0
2026-06-12 20:02:27.036,0.00,0.00,0.00,0.00,2,0
2026-06-12 20:02:27.086,0.00,0.00,0.00,0.00,2,0
2026-06-12 20:02:27.137,0.00,0.00,0.00,0.00,2,0
2026-06-12 20:02:27.187,0.00,0.00,0.00,0.00,2,0
2026-06-12 20:02:27.238,0.00,0.00,0.00,0.00,2,0
2026-06-12 20:02:27.288,0.00,0.00,0.00,0.00,2,0
2026-06-12 20:02:27.338,0.00,0.00,0.00,0.00,2,0
2026-06-12 20:02:27.389,0.00,0.00,0.00,0.00,2,0
2026-06-12 20:02:27.440,0.00,0.00,0.00,0.00,2,0
2026-06-12 20:02:27.490,0.00,0.00,0.00,0.00,2,0
2026-06-12 20:02:27.540,0.00,0.00,0.00,0.00,2,0
2026-06-12 20:02:27.590,0.00,0.00,0.00,0.00,2,0
2026-06-12 20:02:27.641,0.00,0.00,0.00,0.00,2,0
2026-06-12 20:02:27.693,0.00,0.00,0.00,0.00,2,0
2026-06-12 20:02:27.742,0.00,0.00,0.00,0.00,2,0
2026-06-12 20:02:27.792,0.00,0.00,0.00,0.00,2,0
2026-06-12 20:02:27.842,0.00,0.00,0.00,0.00,2,0
2026-06-12 20:02:27.893,0.00,0.00,0.00,0.00,2,0
2026-06-12 20:02:27.943,0.00,0.00,0.00,0.00,2,0
2026-06-12 20:02:27.994,0.00,0.00,0.00,0.00,2,0
2026-06-12 20:02:28.044,0.00,0.00,0.00,0.00,2,0
2026-06-12 20:02:28.095,0.00,0.00,0.00,0.00,2,0
2026-06-12 20:02:28.145,0.00,0.00,0.00,0.00,2,0
2026-06-12 20:02:28.195,0.00,0.00,0.00,0.00,2,0
2026-06-12 20:02:28.246,0.00,0.00,0.00,0.00,2,0
2026-06-12 20:02:28.296,0.00,0.00,0.00,0.00,2,0
2026-06-12 20:02:28.347,0.00,0.00,0.00,0.00,2,0
2026-06-12 20:02:28.397,0.00,0.00,0.00,0.00,2,0
2026-06-12 20:02:28.447,0.00,0.00,0.00,0.00,2,0
2026-06-12 20:02:28.498,0.00,0.00,0.00,0.00,2,0
2026-06-12 20:02:28.548,0.00,0.00,0.00,0.00,2,0
2026-06-12 20:02:28.599,0.00,0.00,0.00,0.00,2,0
2026-06-12 20:02:28.649,0.00,0.00,0.00,0.00,2,0
2026-06-12 20:02:28.700,0.00,0.00,0.00,0.00,2,0
2026-06-12 20:02:28.750,0.00,0.00,0.00,0.00,2,0
2026-06-12 20:02:28.800,0.00,0.00,0.00,0.00,2,0
2026-06-12 20:02:28.850,0.00,0.00,0.00,0.00,2,0
2026-06-12 20:02:28.901,0.00,0.00,0.00,0.00,2,0
2026-06-12 20:02:28.951,0.00,0.00,0.00,0.00,2,0
2026-06-12 20:02:29.002,0.00,0.00,0.00,0.00,2,0
2026-06-12 20:02:29.052,0.00,0.00,0.00,0.00,2,0
2026-06-12 20:02:29.102,0.13,0.00,0.00,0.00,1,0
2026-06-12 20:02:29.153,0.13,0.00,4.03,1.21,1,0
2026-06-12 20:02:29.203,0.13,0.00,4.03,1.21,1,0
2026-06-12 20:02:29.254,0.13,0.00,4.03,1.21,1,0
2026-06-12 20:02:29.304,0.13,0.00,4.03,1.21,1,0
2026-06-12 20:02:29.354,0.13,0.00,4.03,1.21,1,0
2026-06-12 20:02:29.405,0.13,0.00,4.03,1.21,1,0
2026-06-12 20:02:29.455,0.13,0.00,4.03,1.21,1,0
2026-06-12 20:02:29.506,0.13,0.00,4.03,1.21,1,0
2026-06-12 20:02:29.556,0.13,0.00,4.03,1.21,1,0
2026-06-12 20:02:29.607,0.13,0.00,4.03,1.21,1,0
2026-06-12 20:02:29.657,0.13,0.00,4.03,1.21,1,0
2026-06-12 20:02:29.707,0.13,0.00,4.03,1.21,1,0
2026-06-12 20:02:29.758,0.13,0.00,4.03,1.21,1,0
2026-06-12 20:02:29.808,0.13,0.00,4.03,1.21,1,0
2026-06-12 20:02:29.858,0.13,0.00,4.03,1.21,1,0
2026-06-12 20:02:29.909,0.13,0.00,4.03,1.21,1,0
2026-06-12 20:02:29.959,0.13,0.00,4.03,1.21,1,0
2026-06-12 20:02:30.010,0.13,0.00,4.03,1.21,1,0
2026-06-12 20:02:30.060,0.13,0.00,4.03,1.21,1,0
2026-06-12 20:02:30.111,0.13,0.00,4.03,1.21,1,0
2026-06-12 20:02:30.161,0.13,0.00,4.03,1.21,1,0
2026-06-12 20:02:30.211,0.13,0.00,4.03,1.21,1,0
2026-06-12 20:02:30.262,0.13,0.00,4.03,1.21,1,0
2026-06-12 20:02:30.312,0.13,0.00,4.03,1.21,1,0
2026-06-12 20:02:30.362,0.13,0.00,4.03,1.21,1,0
2026-06-12 20:02:30.413,0.13,0.00,4.03,1.21,1,0
2026-06-12 20:02:30.463,0.13,0.00,4.03,1.21,1,0
2026-06-12 20:02:30.514,0.13,0.00,4.03,1.21,1,0
2026-06-12 20:02:30.564,0.13,0.00,4.03,1.21,1,0
2026-06-12 20:02:30.614,0.13,0.00,4.03,1.21,1,0
2026-06-12 20:02:30.665,0.13,0.00,4.03,1.21,1,0
2026-06-12 20:02:30.715,0.13,0.00,4.03,1.21,1,0
2026-06-12 20:02:30.766,0.13,0.00,4.03,1.21,1,0
2026-06-12 20:02:30.816,0.13,0.00,4.03,1.21,1,0
2026-06-12 20:02:30.866,0.13,0.00,4.03,1.21,1,0
2026-06-12 20:02:30.917,0.13,0.00,4.03,1.21,1,0
2026-06-12 20:02:30.967,0.13,0.00,4.03,1.21,1,0
2026-06-12 20:02:31.018,0.13,0.00,4.03,1.21,1,0
2026-06-12 20:02:31.068,0.00,0.00,4.03,1.21,1,0
2026-06-12 20:02:31.119,0.00,0.00,0.00,0.00,1,0
2026-06-12 20:02:31.169,0.00,0.00,0.00,0.00,1,0
2026-06-12 20:02:31.220,0.00,0.00,0.00,0.00,1,0
2026-06-12 20:02:31.270,0.00,0.00,0.00,0.00,1,0
2026-06-12 20:02:31.320,0.00,0.00,0.00,0.00,1,0
2026-06-12 20:02:31.370,0.00,0.00,0.00,0.00,1,0
2026-06-12 20:02:31.421,0.00,0.00,0.00,0.00,1,0
2026-06-12 20:02:31.471,0.00,0.00,0.00,0.00,1,0
2026-06-12 20:02:31.522,0.00,0.00,0.00,0.00,1,0
2026-06-12 20:02:31.572,0.00,0.00,0.00,0.00,1,0
2026-06-12 20:02:31.623,0.00,0.00,0.00,0.00,1,0
2026-06-12 20:02:31.673,0.00,0.00,0.00,0.00,1,0
2026-06-12 20:02:31.723,0.00,0.00,0.00,0.00,1,0
2026-06-12 20:02:31.774,0.00,0.00,0.00,0.00,1,0
2026-06-12 20:02:31.824,0.00,0.00,0.00,0.00,1,0
2026-06-12 20:02:31.874,0.00,0.00,0.00,0.00,1,0
2026-06-12 20:02:31.925,0.00,0.00,0.00,0.00,1,0
2026-06-12 20:02:31.975,0.00,0.00,0.00,0.00,1,0
2026-06-12 20:02:32.026,0.00,0.00,0.00,0.00,1,0
2026-06-12 20:02:32.076,0.00,0.00,0.00,0.00,1,0
2026-06-12 20:02:32.127,0.09,0.00,0.00,0.00,0,0
2026-06-12 20:02:32.177,0.09,0.00,2.86,0.86,0,0
2026-06-12 20:02:32.227,0.09,0.00,2.86,0.86,0,0
2026-06-12 20:02:32.278,0.09,0.00,2.86,0.86,0,0
2026-06-12 20:02:32.328,0.09,0.00,2.86,0.86,0,0
2026-06-12 20:02:32.378,0.09,0.00,2.86,0.86,0,0
2026-06-12 20:02:32.429,0.09,0.00,2.86,0.86,0,0
2026-06-12 20:02:32.480,0.09,0.00,2.86,0.86,0,0
2026-06-12 20:02:32.531,0.09,0.00,2.86,0.86,0,0
2026-06-12 20:02:32.580,0.09,0.00,2.86,0.86,0,0
2026-06-12 20:02:32.631,0.09,0.00,2.86,0.86,0,0
2026-06-12 20:02:32.681,0.09,0.00,2.86,0.86,0,0
2026-06-12 20:02:32.731,0.09,0.00,2.86,0.86,0,0
2026-06-12 20:02:32.782,0.09,0.00,2.86,0.86,0,0
2026-06-12 20:02:32.832,0.09,0.00,2.86,0.86,0,0
2026-06-12 20:02:32.883,0.09,0.00,2.86,0.86,0,0
2026-06-12 20:02:32.933,0.09,0.00,2.86,0.86,0,0
2026-06-12 20:02:32.983,0.09,0.00,2.86,0.86,0,0
2026-06-12 20:02:33.034,0.09,0.00,2.86,0.86,0,0
2026-06-12 20:02:33.084,0.09,0.00,2.86,0.86,0,0
2026-06-12 20:02:33.134,0.09,0.00,2.86,0.86,0,0
2026-06-12 20:02:33.185,0.09,0.00,2.86,0.86,0,0
2026-06-12 20:02:33.236,0.09,0.00,2.86,0.86,0,0
2026-06-12 20:02:33.286,0.09,0.00,2.86,0.86,0,0
2026-06-12 20:02:33.336,0.09,0.00,2.86,0.86,0,0
2026-06-12 20:02:33.387,0.09,0.00,2.86,0.86,0,0
2026-06-12 20:02:33.437,0.09,0.00,2.86,0.86,0,0
2026-06-12 20:02:33.487,0.09,0.00,2.86,0.86,0,0
2026-06-12 20:02:33.538,0.09,0.00,2.86,0.86,0,0
2026-06-12 20:02:33.588,0.09,0.00,2.86,0.86,0,0
2026-06-12 20:02:33.638,0.09,0.00,2.86,0.86,0,0
2026-06-12 20:02:33.689,0.09,0.00,2.86,0.86,0,0
2026-06-12 20:02:33.739,0.09,0.00,2.86,0.86,0,0
2026-06-12 20:02:33.790,0.09,0.00,2.86,0.86,0,0
2026-06-12 20:02:33.840,0.09,0.00,2.86,0.86,0,0
2026-06-12 20:02:33.890,0.09,0.00,2.86,0.86,0,0
2026-06-12 20:02:33.941,0.09,0.00,2.86,0.86,0,0
2026-06-12 20:02:33.991,0.09,0.00,2.86,0.86,0,0
2026-06-12 20:02:34.042,0.09,0.00,2.86,0.86,0,0
2026-06-12 20:02:34.092,0.09,0.00,2.86,0.86,0,0
2026-06-12 20:02:34.142,0.20,0.00,2.86,0.86,2,0
2026-06-12 20:02:34.194,0.20,0.00,5.92,1.78,2,0
2026-06-12 20:02:34.243,0.20,0.00,5.92,1.78,2,0
2026-06-12 20:02:34.294,0.20,0.00,5.92,1.78,2,0
2026-06-12 20:02:34.344,0.20,0.00,5.92,1.78,2,0
2026-06-12 20:02:34.395,0.20,0.00,5.92,1.78,2,0
2026-06-12 20:02:34.445,0.20,0.00,5.92,1.78,2,0
2026-06-12 20:02:34.495,0.20,0.00,5.92,1.78,2,0
2026-06-12 20:02:34.546,0.20,0.00,5.92,1.78,2,0
2026-06-12 20:02:34.596,0.20,0.00,5.92,1.78,2,0
2026-06-12 20:02:34.647,0.20,0.00,5.92,1.78,2,0
2026-06-12 20:02:34.697,0.20,0.00,5.92,1.78,2,0
2026-06-12 20:02:34.747,0.20,0.00,5.92,1.78,2,0
2026-06-12 20:02:34.798,0.20,0.00,5.92,1.78,2,0
2026-06-12 20:02:34.848,0.20,0.00,5.92,1.78,2,0
2026-06-12 20:02:34.899,0.20,0.00,5.92,1.78,2,0
2026-06-12 20:02:34.949,0.20,0.00,5.92,1.78,2,0
2026-06-12 20:02:34.999,0.20,0.00,5.92,1.78,2,0
2026-06-12 20:02:35.050,0.20,0.00,5.92,1.78,2,0
2026-06-12 20:02:35.100,0.20,0.00,5.92,1.78,2,0
2026-06-12 20:02:35.151,0.20,0.00,5.92,1.78,2,0
2026-06-12 20:02:35.201,0.20,0.00,5.92,1.78,2,0
2026-06-12 20:02:35.251,0.20,0.00,5.92,1.78,2,0
2026-06-12 20:02:35.302,1.01,0.03,5.92,1.78,1,0
2026-06-12 20:02:35.353,1.01,0.03,26.48,9.19,1,0
2026-06-12 20:02:35.403,1.01,0.03,26.48,9.19,1,0
2026-06-12 20:02:35.453,1.01,0.03,26.48,9.19,1,0
2026-06-12 20:02:35.504,1.01,0.03,26.48,9.19,1,0
2026-06-12 20:02:35.554,1.01,0.03,26.48,9.19,1,0
2026-06-12 20:02:35.604,1.01,0.03,26.48,9.19,1,0
2026-06-12 20:02:35.655,1.01,0.03,26.48,9.19,1,0
2026-06-12 20:02:35.705,1.01,0.03,26.48,9.19,1,0
2026-06-12 20:02:35.755,1.01,0.03,26.48,9.19,1,0
2026-06-12 20:02:35.806,1.01,0.03,26.48,9.19,1,0
2026-06-12 20:02:35.856,1.01,0.03,26.48,9.19,1,0
2026-06-12 20:02:35.907,1.01,0.03,26.48,9.19,1,0
2026-06-12 20:02:35.957,1.01,0.03,26.48,9.19,1,0
2026-06-12 20:02:36.008,1.01,0.03,26.48,9.19,1,0
2026-06-12 20:02:36.058,1.01,0.03,26.48,9.19,1,0
2026-06-12 20:02:36.109,1.01,0.03,26.48,9.19,1,0
2026-06-12 20:02:36.159,1.01,0.03,26.48,9.19,1,0
2026-06-12 20:02:36.209,1.01,0.03,26.48,9.19,1,0
2026-06-12 20:02:36.260,1.01,0.03,26.48,9.19,1,0
2026-06-12 20:02:36.310,1.01,0.03,26.48,9.19,1,0
2026-06-12 20:02:36.362,1.01,0.03,26.48,9.19,1,0
2026-06-12 20:02:36.411,1.01,0.03,26.48,9.19,1,0
2026-06-12 20:02:36.461,1.01,0.03,26.48,9.19,1,0
2026-06-12 20:02:36.511,1.01,0.03,26.48,9.19,1,0
2026-06-12 20:02:36.562,1.01,0.03,26.48,9.19,1,0
2026-06-12 20:02:36.612,1.01,0.03,26.48,9.19,1,0
2026-06-12 20:02:36.663,1.01,0.03,26.48,9.19,1,0
2026-06-12 20:02:36.715,1.01,0.03,26.48,9.19,1,0
2026-06-12 20:02:36.764,1.01,0.03,26.48,9.19,1,0
2026-06-12 20:02:36.814,1.01,0.03,26.48,9.19,1,0
2026-06-12 20:02:36.864,1.01,0.03,26.48,9.19,1,0
2026-06-12 20:02:36.915,1.01,0.03,26.48,9.19,1,0
2026-06-12 20:02:36.965,1.01,0.03,26.48,9.19,1,0
2026-06-12 20:02:37.016,1.01,0.03,26.48,9.19,1,0
2026-06-12 20:02:37.066,1.01,0.03,26.48,9.19,1,0
2026-06-12 20:02:37.118,1.01,0.03,26.48,9.19,1,0
2026-06-12 20:02:37.167,1.01,0.03,26.48,9.19,1,0
2026-06-12 20:02:37.217,1.01,0.03,26.48,9.19,1,0
2026-06-12 20:02:37.268,0.00,0.00,26.48,9.19,1,0
2026-06-12 20:02:37.318,0.00,0.00,0.00,0.00,1,0
2026-06-12 20:02:37.368,0.00,0.00,0.00,0.00,1,0
2026-06-12 20:02:37.419,0.00,0.00,0.00,0.00,1,0
2026-06-12 20:02:37.470,0.00,0.00,0.00,0.00,1,0
2026-06-12 20:02:37.521,0.00,0.00,0.00,0.00,1,0
2026-06-12 20:02:37.571,0.00,0.00,0.00,0.00,1,0
2026-06-12 20:02:37.620,0.00,0.00,0.00,0.00,1,0
2026-06-12 20:02:37.671,0.00,0.00,0.00,0.00,1,0
2026-06-12 20:02:37.721,0.00,0.00,0.00,0.00,1,0
2026-06-12 20:02:37.772,0.00,0.00,0.00,0.00,1,0
2026-06-12 20:02:37.822,0.00,0.00,0.00,0.00,1,0
2026-06-12 20:02:37.872,0.00,0.00,0.00,0.00,1,0
2026-06-12 20:02:37.923,0.00,0.00,0.00,0.00,1,0
2026-06-12 20:02:37.973,0.00,0.00,0.00,0.00,1,0
2026-06-12 20:02:38.025,0.00,0.00,0.00,0.00,1,0
2026-06-12 20:02:38.074,0.00,0.00,0.00,0.00,1,0
2026-06-12 20:02:38.124,0.00,0.00,0.00,0.00,1,0
2026-06-12 20:02:38.175,0.00,0.00,0.00,0.00,1,0
2026-06-12 20:02:38.225,0.00,0.00,0.00,0.00,1,0
2026-06-12 20:02:38.276,0.00,0.00,0.00,0.00,1,0
2026-06-12 20:02:38.326,0.32,0.00,0.00,0.00,0,0
2026-06-12 20:02:38.376,0.32,0.00,9.84,2.95,0,0
2026-06-12 20:02:38.427,0.32,0.00,9.84,2.95,0,0
2026-06-12 20:02:38.477,0.32,0.00,9.84,2.95,0,0
2026-06-12 20:02:38.528,0.32,0.00,9.84,2.95,0,0
2026-06-12 20:02:38.578,0.32,0.00,9.84,2.95,0,0
2026-06-12 20:02:38.628,0.32,0.00,9.84,2.95,0,0
2026-06-12 20:02:38.679,0.32,0.00,9.84,2.95,0,0
2026-06-12 20:02:38.730,0.32,0.00,9.84,2.95,0,0
2026-06-12 20:02:38.780,0.32,0.00,9.84,2.95,0,0
2026-06-12 20:02:38.830,0.32,0.00,9.84,2.95,0,0
2026-06-12 20:02:38.880,0.32,0.00,9.84,2.95,0,0
2026-06-12 20:02:38.931,0.32,0.00,9.84,2.95,0,0
2026-06-12 20:02:38.981,0.32,0.00,9.84,2.95,0,0
2026-06-12 20:02:39.032,0.32,0.00,9.84,2.95,0,0
2026-06-12 20:02:39.082,0.32,0.00,9.84,2.95,0,0
2026-06-12 20:02:39.132,0.32,0.00,9.84,2.95,0,0
2026-06-12 20:02:39.183,0.32,0.00,9.84,2.95,0,0
2026-06-12 20:02:39.233,0.32,0.00,9.84,2.95,0,0
2026-06-12 20:02:39.284,0.32,0.00,9.84,2.95,0,0
2026-06-12 20:02:39.334,0.32,0.00,9.84,2.95,0,0
2026-06-12 20:02:39.384,0.32,0.00,9.84,2.95,0,0
2026-06-12 20:02:39.435,0.32,0.00,9.84,2.95,0,0
2026-06-12 20:02:39.485,0.32,0.00,9.84,2.95,0,0
2026-06-12 20:02:39.536,0.32,0.00,9.84,2.95,0,0
2026-06-12 20:02:39.586,0.32,0.00,9.84,2.95,0,0
2026-06-12 20:02:39.636,0.32,0.00,9.84,2.95,0,0
2026-06-12 20:02:39.687,0.32,0.00,9.84,2.95,0,0
2026-06-12 20:02:39.737,0.32,0.00,9.84,2.95,0,0
2026-06-12 20:02:39.788,0.32,0.00,9.84,2.95,0,0
2026-06-12 20:02:39.838,0.32,0.00,9.84,2.95,0,0
2026-06-12 20:02:39.888,0.32,0.00,9.84,2.95,0,0
2026-06-12 20:02:39.939,0.32,0.00,9.84,2.95,0,0
2026-06-12 20:02:39.989,0.32,0.00,9.84,2.95,0,0
2026-06-12 20:02:40.040,0.32,0.00,9.84,2.95,0,0
2026-06-12 20:02:40.090,0.32,0.00,9.84,2.95,0,0
2026-06-12 20:02:40.140,0.32,0.00,9.84,2.95,0,0
2026-06-12 20:02:40.191,0.32,0.00,9.84,2.95,0,0
2026-06-12 20:02:40.241,0.32,0.00,9.84,2.95,0,0
2026-06-12 20:02:40.292,0.32,0.00,9.84,2.95,0,0
2026-06-12 20:02:40.342,0.20,0.00,9.84,2.95,2,0
2026-06-12 20:02:40.393,0.20,0.00,5.92,1.78,2,0
2026-06-12 20:02:40.443,0.20,0.00,5.92,1.78,2,0
2026-06-12 20:02:40.493,0.20,0.00,5.92,1.78,2,0
2026-06-12 20:02:40.544,0.20,0.00,5.92,1.78,2,0
2026-06-12 20:02:40.594,0.20,0.00,5.92,1.78,2,0
2026-06-12 20:02:40.644,0.20,0.00,5.92,1.78,2,0
2026-06-12 20:02:40.695,0.20,0.00,5.92,1.78,2,0
2026-06-12 20:02:40.745,0.20,0.00,5.92,1.78,2,0
2026-06-12 20:02:40.797,0.20,0.00,5.92,1.78,2,0
2026-06-12 20:02:40.846,0.20,0.00,5.92,1.78,2,0
2026-06-12 20:02:40.897,0.20,0.00,5.92,1.78,2,0
2026-06-12 20:02:40.947,0.20,0.00,5.92,1.78,2,0
2026-06-12 20:02:40.997,0.20,0.00,5.92,1.78,2,0
2026-06-12 20:02:41.048,0.20,0.00,5.92,1.78,2,0
2026-06-12 20:02:41.098,0.20,0.00,5.92,1.78,2,0
2026-06-12 20:02:41.149,0.20,0.00,5.92,1.78,2,0
2026-06-12 20:02:41.199,0.20,0.00,5.92,1.78,2,0
2026-06-12 20:02:41.250,0.20,0.00,5.92,1.78,2,0
2026-06-12 20:02:41.300,0.20,0.00,5.92,1.78,2,0
2026-06-12 20:02:41.350,0.20,0.00,5.92,1.78,2,0
2026-06-12 20:02:41.400,0.20,0.00,5.92,1.78,2,0
2026-06-12 20:02:41.451,0.20,0.00,5.92,1.78,2,0
2026-06-12 20:02:41.501,0.20,0.00,5.92,1.78,2,0
2026-06-12 20:02:41.552,0.20,0.00,5.92,1.78,2,0
2026-06-12 20:02:41.602,0.20,0.00,5.92,1.78,2,0
2026-06-12 20:02:41.652,0.20,0.00,5.92,1.78,2,0
2026-06-12 20:02:41.703,0.20,0.00,5.92,1.78,2,0
2026-06-12 20:02:41.753,0.20,0.00,5.92,1.78,2,0
2026-06-12 20:02:41.804,0.20,0.00,5.92,1.78,2,0
2026-06-12 20:02:41.854,0.20,0.00,5.92,1.78,2,0
2026-06-12 20:02:41.904,0.20,0.00,5.92,1.78,2,0
2026-06-12 20:02:41.955,0.20,0.00,5.92,1.78,2,0
2026-06-12 20:02:42.005,0.20,0.00,5.92,1.78,2,0
2026-06-12 20:02:42.056,0.20,0.00,5.92,1.78,2,0
2026-06-12 20:02:42.106,0.20,0.00,5.92,1.78,2,0
2026-06-12 20:02:42.156,0.20,0.00,5.92,1.78,2,0
2026-06-12 20:02:42.207,0.20,0.00,5.92,1.78,2,0
2026-06-12 20:02:42.257,0.20,0.00,5.92,1.78,2,0
2026-06-12 20:02:42.308,0.20,0.00,5.92,1.78,2,0
2026-06-12 20:02:42.358,0.00,0.00,5.92,1.78,2,0
2026-06-12 20:02:42.408,0.00,0.00,0.00,0.00,2,0
2026-06-12 20:02:42.459,0.00,0.00,0.00,0.00,2,0
2026-06-12 20:02:42.509,0.00,0.00,0.00,0.00,2,0
2026-06-12 20:02:42.560,0.00,0.00,0.00,0.00,2,0
2026-06-12 20:02:42.610,0.00,0.00,0.00,0.00,2,0
2026-06-12 20:02:42.660,0.00,0.00,0.00,0.00,2,0
2026-06-12 20:02:42.711,0.00,0.00,0.00,0.00,2,0
2026-06-12 20:02:42.761,0.00,0.00,0.00,0.00,2,0
2026-06-12 20:02:42.812,0.00,0.00,0.00,0.00,2,0
2026-06-12 20:02:42.862,0.00,0.00,0.00,0.00,2,0
2026-06-12 20:02:42.912,0.00,0.00,0.00,0.00,2,0
2026-06-12 20:02:42.963,0.00,0.00,0.00,0.00,2,0
2026-06-12 20:02:43.013,0.00,0.00,0.00,0.00,2,0
2026-06-12 20:02:43.064,0.00,0.00,0.00,0.00,2,0
2026-06-12 20:02:43.114,0.00,0.00,0.00,0.00,2,0
2026-06-12 20:02:43.164,0.00,0.00,0.00,0.00,2,0
2026-06-12 20:02:43.215,0.00,0.00,0.00,0.00,2,0
2026-06-12 20:02:43.265,0.00,0.00,0.00,0.00,2,0
2026-06-12 20:02:43.316,0.00,0.00,0.00,0.00,2,0
2026-06-12 20:02:43.366,0.00,0.00,0.00,0.00,2,0
2026-06-12 20:02:43.416,0.00,0.00,0.00,0.00,2,0
2026-06-12 20:02:43.467,0.00,0.00,0.00,0.00,2,0
2026-06-12 20:02:43.517,0.00,0.00,0.00,0.00,2,0
2026-06-12 20:02:43.568,0.00,0.00,0.00,0.00,2,0
2026-06-12 20:02:43.618,0.00,0.00,0.00,0.00,2,0
2026-06-12 20:02:43.669,0.00,0.00,0.00,0.00,2,0
2026-06-12 20:02:43.719,0.00,0.00,0.00,0.00,2,0
2026-06-12 20:02:43.770,0.00,0.00,0.00,0.00,2,0
2026-06-12 20:02:43.820,0.00,0.00,0.00,0.00,2,0
2026-06-12 20:02:43.870,0.00,0.00,0.00,0.00,2,0
2026-06-12 20:02:43.920,0.00,0.00,0.00,0.00,2,0
2026-06-12 20:02:43.971,0.00,0.00,0.00,0.00,2,0
2026-06-12 20:02:44.021,0.00,0.00,0.00,0.00,2,0
2026-06-12 20:02:44.072,0.00,0.00,0.00,0.00,2,0
2026-06-12 20:02:44.122,0.00,0.00,0.00,0.00,2,0
2026-06-12 20:02:44.172,0.00,0.00,0.00,0.00,2,0
2026-06-12 20:02:44.223,0.00,0.00,0.00,0.00,2,0
2026-06-12 20:02:44.273,0.00,0.00,0.00,0.00,2,0
2026-06-12 20:02:44.324,0.00,0.00,0.00,0.00,2,0
2026-06-12 20:02:44.374,0.00,0.00,0.00,0.00,2,0
2026-06-12 20:02:44.424,0.00,0.00,0.00,0.00,2,0
2026-06-12 20:02:44.475,0.00,0.00,0.00,0.00,2,0
2026-06-12 20:02:44.525,0.00,0.00,0.00,0.00,2,0
2026-06-12 20:02:44.576,0.00,0.00,0.00,0.00,2,0
2026-06-12 20:02:44.626,0.00,0.00,0.00,0.00,2,0
2026-06-12 20:02:44.676,0.00,0.00,0.00,0.00,2,0
2026-06-12 20:02:44.727,0.00,0.00,0.00,0.00,2,0
2026-06-12 20:02:44.777,0.00,0.00,0.00,0.00,2,0
2026-06-12 20:02:44.828,0.00,0.00,0.00,0.00,2,0
2026-06-12 20:02:44.878,0.00,0.00,0.00,0.00,2,0
2026-06-12 20:02:44.928,0.00,0.00,0.00,0.00,2,0
2026-06-12 20:02:44.979,0.00,0.00,0.00,0.00,2,0
2026-06-12 20:02:45.030,0.00,0.00,0.00,0.00,2,0
2026-06-12 20:02:45.080,0.00,0.00,0.00,0.00,2,0
2026-06-12 20:02:45.130,0.00,0.00,0.00,0.00,2,0
2026-06-12 20:02:45.180,0.00,0.00,0.00,0.00,2,0
2026-06-12 20:02:45.231,0.00,0.00,0.00,0.00,2,0
2026-06-12 20:02:45.281,0.00,0.00,0.00,0.00,2,0
2026-06-12 20:02:45.332,0.00,0.00,0.00,0.00,2,0
2026-06-12 20:02:45.382,0.00,0.00,0.00,0.00,2,0
2026-06-12 20:02:45.432,0.00,0.00,0.00,0.00,2,0
2026-06-12 20:02:45.483,0.00,0.00,0.00,0.00,2,0
2026-06-12 20:02:45.533,0.00,0.00,0.00,0.00,2,0
2026-06-12 20:02:45.584,0.00,0.00,0.00,0.00,2,0
2026-06-12 20:02:45.634,0.00,0.00,0.00,0.00,2,0
2026-06-12 20:02:45.684,0.00,0.00,0.00,0.00,2,0
2026-06-12 20:02:45.735,0.00,0.00,0.00,0.00,2,0
2026-06-12 20:02:45.785,0.00,0.00,0.00,0.00,2,0
2026-06-12 20:02:45.836,0.00,0.00,0.00,0.00,2,0
2026-06-12 20:02:45.886,0.00,0.00,0.00,0.00,2,0
2026-06-12 20:02:45.936,0.00,0.00,0.00,0.00,2,0
2026-06-12 20:02:45.987,0.00,0.00,0.00,0.00,2,0
2026-06-12 20:02:46.037,0.00,0.00,0.00,0.00,2,0
2026-06-12 20:02:46.088,0.00,0.00,0.00,0.00,2,0
2026-06-12 20:02:46.138,0.00,0.00,0.00,0.00,2,0
2026-06-12 20:02:46.188,0.00,0.00,0.00,0.00,2,0
2026-06-12 20:02:46.239,0.00,0.00,0.00,0.00,2,0
2026-06-12 20:02:46.290,0.00,0.00,0.00,0.00,2,0
2026-06-12 20:02:46.340,0.00,0.00,0.00,0.00,2,0
2026-06-12 20:02:46.390,0.00,0.00,0.00,0.00,2,0
2026-06-12 20:02:46.440,0.00,0.00,0.00,0.00,2,0
2026-06-12 20:02:46.491,0.00,0.00,0.00,0.00,2,0
2026-06-12 20:02:46.541,0.00,0.00,0.00,0.00,2,0
2026-06-12 20:02:46.592,0.00,0.00,0.00,0.00,2,0
2026-06-12 20:02:46.642,0.00,0.00,0.00,0.00,2,0
2026-06-12 20:02:46.693,0.00,0.00,0.00,0.00,2,0
2026-06-12 20:02:46.743,0.00,0.00,0.00,0.00,2,0
2026-06-12 20:02:46.793,0.00,0.00,0.00,0.00,2,0
2026-06-12 20:02:46.844,0.00,0.00,0.00,0.00,2,0
2026-06-12 20:02:46.894,0.00,0.00,0.00,0.00,2,0
2026-06-12 20:02:46.944,0.00,0.00,0.00,0.00,2,0
2026-06-12 20:02:46.995,0.00,0.00,0.00,0.00,2,0
2026-06-12 20:02:47.045,0.00,0.00,0.00,0.00,2,0
2026-06-12 20:02:47.096,0.00,0.00,0.00,0.00,2,0
2026-06-12 20:02:47.146,0.00,0.00,0.00,0.00,2,0
2026-06-12 20:02:47.196,0.00,0.00,0.00,0.00,2,0
2026-06-12 20:02:47.247,0.00,0.00,0.00,0.00,2,0
2026-06-12 20:02:47.297,0.00,0.00,0.00,0.00,2,0
2026-06-12 20:02:47.348,0.00,0.00,0.00,0.00,2,0
2026-06-12 20:02:47.398,0.00,0.00,0.00,0.00,2,0
2026-06-12 20:02:47.448,0.00,0.00,0.00,0.00,2,0
2026-06-12 20:02:47.499,0.00,0.00,0.00,0.00,2,0
2026-06-12 20:02:47.549,0.00,0.00,0.00,0.00,2,0
2026-06-12 20:02:47.600,0.00,0.00,0.00,0.00,2,0
2026-06-12 20:02:47.650,0.00,0.00,0.00,0.00,2,0
2026-06-12 20:02:47.701,0.00,0.00,0.00,0.00,2,0
2026-06-12 20:02:47.751,0.00,0.00,0.00,0.00,2,0
2026-06-12 20:02:47.801,0.00,0.00,0.00,0.00,2,0
2026-06-12 20:02:47.852,0.00,0.00,0.00,0.00,2,0
2026-06-12 20:02:47.902,0.00,0.00,0.00,0.00,2,0
2026-06-12 20:02:47.952,0.00,0.00,0.00,0.00,2,0
2026-06-12 20:02:48.003,0.00,0.00,0.00,0.00,2,0
2026-06-12 20:02:48.053,0.00,0.00,0.00,0.00,2,0
2026-06-12 20:02:48.104,0.00,0.00,0.00,0.00,2,0
2026-06-12 20:02:48.154,0.00,0.00,0.00,0.00,2,0
2026-06-12 20:02:48.204,0.00,0.00,0.00,0.00,2,0
2026-06-12 20:02:48.255,0.00,0.00,0.00,0.00,2,0
2026-06-12 20:02:48.305,0.00,0.00,0.00,0.00,2,0
2026-06-12 20:02:48.355,0.00,0.00,0.00,0.00,2,0
2026-06-12 20:02:48.406,0.00,0.00,0.00,0.00,2,0
2026-06-12 20:02:48.456,0.00,0.00,0.00,0.00,2,0
2026-06-12 20:02:48.507,0.00,0.00,0.00,0.00,2,0
2026-06-12 20:02:48.557,0.00,0.00,0.00,0.00,2,0
2026-06-12 20:02:48.608,0.00,0.00,0.00,0.00,2,0
2026-06-12 20:02:48.658,0.00,0.00,0.00,0.00,2,0
2026-06-12 20:02:48.708,0.00,0.00,0.00,0.00,2,0
2026-06-12 20:02:48.759,0.00,0.00,0.00,0.00,2,0
2026-06-12 20:02:48.809,0.00,0.00,0.00,0.00,2,0
2026-06-12 20:02:48.860,0.00,0.00,0.00,0.00,2,0
2026-06-12 20:02:48.911,0.00,0.00,0.00,0.00,2,0
2026-06-12 20:02:48.960,0.00,0.00,0.00,0.00,2,0
2026-06-12 20:02:49.011,0.00,0.00,0.00,0.00,2,0
2026-06-12 20:02:49.061,0.00,0.00,0.00,0.00,2,0
2026-06-12 20:02:49.111,0.00,0.00,0.00,0.00,2,0
2026-06-12 20:02:49.162,0.00,0.00,0.00,0.00,2,0
2026-06-12 20:02:49.212,0.00,0.00,0.00,0.00,2,0
2026-06-12 20:02:49.263,0.00,0.00,0.00,0.00,2,0
2026-06-12 20:02:49.313,0.00,0.00,0.00,0.00,2,0
2026-06-12 20:02:49.364,0.00,0.00,0.00,0.00,2,0
2026-06-12 20:02:49.414,0.00,0.00,0.00,0.00,2,0
2026-06-12 20:02:49.464,0.00,0.00,0.00,0.00,2,0
2026-06-12 20:02:49.516,0.00,0.00,0.00,0.00,2,0
2026-06-12 20:02:49.565,0.00,0.00,0.00,0.00,2,0
2026-06-12 20:02:49.616,0.00,0.00,0.00,0.00,2,0
2026-06-12 20:02:49.666,0.00,0.00,0.00,0.00,2,0
2026-06-12 20:02:49.716,0.00,0.00,0.00,0.00,2,0
2026-06-12 20:02:49.767,0.00,0.00,0.00,0.00,2,0
2026-06-12 20:02:49.817,0.00,0.00,0.00,0.00,2,0
2026-06-12 20:02:49.868,0.00,0.00,0.00,0.00,2,0
2026-06-12 20:02:49.918,0.00,0.00,0.00,0.00,2,0
2026-06-12 20:02:49.968,0.00,0.00,0.00,0.00,2,0
2026-06-12 20:02:50.019,0.00,0.00,0.00,0.00,2,0
2026-06-12 20:02:50.069,0.00,0.00,0.00,0.00,2,0
2026-06-12 20:02:50.120,0.00,0.00,0.00,0.00,2,0
2026-06-12 20:02:50.170,0.00,0.00,0.00,0.00,2,0
2026-06-12 20:02:50.220,0.00,0.00,0.00,0.00,2,0
2026-06-12 20:02:50.271,0.00,0.00,0.00,0.00,2,0
2026-06-12 20:02:50.321,0.00,0.00,0.00,0.00,2,0
2026-06-12 20:02:50.372,0.00,0.00,0.00,0.00,2,0
2026-06-12 20:02:50.422,0.00,0.00,0.00,0.00,2,0
2026-06-12 20:02:50.472,0.00,0.00,0.00,0.00,2,0
2026-06-12 20:02:50.523,0.00,0.00,0.00,0.00,2,0
2026-06-12 20:02:50.573,0.00,0.00,0.00,0.00,2,0
2026-06-12 20:02:50.623,0.00,0.00,0.00,0.00,2,0
2026-06-12 20:02:50.674,0.00,0.00,0.00,0.00,2,0
2026-06-12 20:02:50.724,0.00,0.00,0.00,0.00,2,0
2026-06-12 20:02:50.775,0.00,0.00,0.00,0.00,2,0
2026-06-12 20:02:50.825,0.00,0.00,0.00,0.00,2,0
2026-06-12 20:02:50.875,0.00,0.00,0.00,0.00,2,0
2026-06-12 20:02:50.926,0.00,0.00,0.00,0.00,2,0
2026-06-12 20:02:50.976,0.00,0.00,0.00,0.00,2,0
2026-06-12 20:02:51.027,0.00,0.00,0.00,0.00,2,0
2026-06-12 20:02:51.077,0.00,0.00,0.00,0.00,2,0
2026-06-12 20:02:51.127,0.00,0.00,0.00,0.00,2,0
2026-06-12 20:02:51.178,0.00,0.00,0.00,0.00,2,0
2026-06-12 20:02:51.228,0.00,0.00,0.00,0.00,2,0
2026-06-12 20:02:51.279,0.00,0.00,0.00,0.00,2,0
2026-06-12 20:02:51.329,0.00,0.00,0.00,0.00,2,0
2026-06-12 20:02:51.380,0.00,0.00,0.00,0.00,2,0
2026-06-12 20:02:51.430,0.00,0.00,0.00,0.00,2,0
2026-06-12 20:02:51.480,0.00,0.00,0.00,0.00,2,0
2026-06-12 20:02:51.531,0.00,0.00,0.00,0.00,2,0
2026-06-12 20:02:51.581,0.00,0.00,0.00,0.00,2,0
2026-06-12 20:02:51.632,0.00,0.00,0.00,0.00,2,0
2026-06-12 20:02:51.682,0.00,0.00,0.00,0.00,2,0
2026-06-12 20:02:51.732,0.00,0.00,0.00,0.00,2,0
2026-06-12 20:02:51.783,0.00,0.00,0.00,0.00,2,0
2026-06-12 20:02:51.833,0.00,0.00,0.00,0.00,2,0
2026-06-12 20:02:51.883,0.00,0.00,0.00,0.00,2,0
2026-06-12 20:02:51.934,0.00,0.00,0.00,0.00,2,0
2026-06-12 20:02:51.984,0.00,0.00,0.00,0.00,2,0
2026-06-12 20:02:52.035,0.00,0.00,0.00,0.00,2,0
2026-06-12 20:02:52.085,0.00,0.00,0.00,0.00,2,0
2026-06-12 20:02:52.135,0.00,0.00,0.00,0.00,2,0
2026-06-12 20:02:52.186,0.00,0.00,0.00,0.00,2,0
2026-06-12 20:02:52.236,0.00,0.00,0.00,0.00,2,0
2026-06-12 20:02:52.287,0.00,0.00,0.00,0.00,2,0
2026-06-12 20:02:52.337,0.00,0.00,0.00,0.00,2,0
2026-06-12 20:02:52.387,0.00,0.00,0.00,0.00,2,0
2026-06-12 20:02:52.438,0.00,0.00,0.00,0.00,2,0
2026-06-12 20:02:52.488,0.00,0.00,0.00,0.00,2,0
2026-06-12 20:02:52.539,0.00,0.00,0.00,0.00,2,0
2026-06-12 20:02:52.589,0.00,0.00,0.00,0.00,2,0
2026-06-12 20:02:52.640,0.00,0.00,0.00,0.00,2,0
2026-06-12 20:02:52.690,0.00,0.00,0.00,0.00,2,0
2026-06-12 20:02:52.740,0.00,0.00,0.00,0.00,2,0
2026-06-12 20:02:52.791,0.00,0.00,0.00,0.00,2,0
2026-06-12 20:02:52.841,0.00,0.00,0.00,0.00,2,0
2026-06-12 20:02:52.891,0.00,0.00,0.00,0.00,2,0
2026-06-12 20:02:52.942,0.00,0.00,0.00,0.00,2,0
2026-06-12 20:02:52.992,0.00,0.00,0.00,0.00,2,0
2026-06-12 20:02:53.043,0.00,0.00,0.00,0.00,2,0
2026-06-12 20:02:53.093,0.00,0.00,0.00,0.00,2,0
2026-06-12 20:02:53.143,0.00,0.00,0.00,0.00,2,0
2026-06-12 20:02:53.194,0.00,0.00,0.00,0.00,2,0
2026-06-12 20:02:53.244,0.00,0.00,0.00,0.00,2,0
2026-06-12 20:02:53.295,0.00,0.00,0.00,0.00,2,0
2026-06-12 20:02:53.345,0.00,0.00,0.00,0.00,2,0
2026-06-12 20:02:53.395,0.00,0.00,0.00,0.00,2,0
2026-06-12 20:02:53.446,0.00,0.00,0.00,0.00,2,0
2026-06-12 20:02:53.496,0.00,0.00,0.00,0.00,2,0
2026-06-12 20:02:53.547,0.00,0.00,0.00,0.00,2,0
2026-06-12 20:02:53.597,0.00,0.00,0.00,0.00,2,0
2026-06-12 20:02:53.648,0.00,0.00,0.00,0.00,2,0
2026-06-12 20:02:53.698,0.00,0.00,0.00,0.00,2,0
2026-06-12 20:02:53.748,0.00,0.00,0.00,0.00,2,0
2026-06-12 20:02:53.799,0.00,0.00,0.00,0.00,2,0
2026-06-12 20:02:53.849,0.00,0.00,0.00,0.00,2,0
2026-06-12 20:02:53.900,0.00,0.00,0.00,0.00,2,0
2026-06-12 20:02:53.950,0.00,0.00,0.00,0.00,2,0
2026-06-12 20:02:54.000,0.00,0.00,0.00,0.00,2,0
2026-06-12 20:02:54.051,0.00,0.00,0.00,0.00,2,0
2026-06-12 20:02:54.101,0.00,0.00,0.00,0.00,2,0
2026-06-12 20:02:54.151,0.00,0.00,0.00,0.00,2,0
2026-06-12 20:02:54.202,0.00,0.00,0.00,0.00,2,0
2026-06-12 20:02:54.252,0.00,0.00,0.00,0.00,2,0
2026-06-12 20:02:54.303,0.00,0.00,0.00,0.00,2,0
2026-06-12 20:02:54.353,0.00,0.00,0.00,0.00,2,0
2026-06-12 20:02:54.404,0.00,0.00,0.00,0.00,2,0
2026-06-12 20:02:54.454,0.00,0.00,0.00,0.00,2,0
2026-06-12 20:02:54.504,0.00,0.00,0.00,0.00,2,0
2026-06-12 20:02:54.555,0.00,0.00,0.00,0.00,2,0
2026-06-12 20:02:54.605,0.00,0.00,0.00,0.00,2,0
2026-06-12 20:02:54.655,0.00,0.00,0.00,0.00,2,0
2026-06-12 20:02:54.706,0.00,0.00,0.00,0.00,2,0
2026-06-12 20:02:54.756,0.00,0.00,0.00,0.00,2,0
2026-06-12 20:02:54.807,0.00,0.00,0.00,0.00,2,0
2026-06-12 20:02:54.857,0.00,0.00,0.00,0.00,2,0
2026-06-12 20:02:54.907,0.00,0.00,0.00,0.00,2,0
2026-06-12 20:02:54.958,0.00,0.00,0.00,0.00,2,0
2026-06-12 20:02:55.008,0.00,0.00,0.00,0.00,2,0
2026-06-12 20:02:55.059,0.00,0.00,0.00,0.00,2,0
2026-06-12 20:02:55.109,0.00,0.00,0.00,0.00,2,0
2026-06-12 20:02:55.159,0.00,0.00,0.00,0.00,2,0
2026-06-12 20:02:55.210,0.00,0.00,0.00,0.00,2,0
2026-06-12 20:02:55.260,0.00,0.00,0.00,0.00,2,0
2026-06-12 20:02:55.311,0.00,0.00,0.00,0.00,2,0
2026-06-12 20:02:55.361,0.00,0.00,0.00,0.00,2,0
2026-06-12 20:02:55.411,0.00,0.00,0.00,0.00,2,0
2026-06-12 20:02:55.462,0.00,0.00,0.00,0.00,2,0
2026-06-12 20:02:55.512,0.00,0.00,0.00,0.00,2,0
2026-06-12 20:02:55.563,0.00,0.00,0.00,0.00,2,0
2026-06-12 20:02:55.613,0.00,0.00,0.00,0.00,2,0
2026-06-12 20:02:55.663,0.00,0.00,0.00,0.00,2,0
2026-06-12 20:02:55.714,0.00,0.00,0.00,0.00,2,0
2026-06-12 20:02:55.764,0.00,0.00,0.00,0.00,2,0
2026-06-12 20:02:55.815,0.00,0.00,0.00,0.00,2,0
2026-06-12 20:02:55.865,0.00,0.00,0.00,0.00,2,0
2026-06-12 20:02:55.915,0.00,0.00,0.00,0.00,2,0
2026-06-12 20:02:55.966,0.00,0.00,0.00,0.00,2,0
2026-06-12 20:02:56.016,0.00,0.00,0.00,0.00,2,0
2026-06-12 20:02:56.067,0.00,0.00,0.00,0.00,2,0
2026-06-12 20:02:56.117,0.00,0.00,0.00,0.00,2,0
2026-06-12 20:02:56.167,0.00,0.00,0.00,0.00,2,0
2026-06-12 20:02:56.218,0.00,0.00,0.00,0.00,2,0
2026-06-12 20:02:56.268,0.00,0.00,0.00,0.00,2,0
2026-06-12 20:02:56.319,0.00,0.00,0.00,0.00,2,0
2026-06-12 20:02:56.369,0.00,0.00,0.00,0.00,2,0
2026-06-12 20:02:56.420,0.00,0.00,0.00,0.00,2,0
2026-06-12 20:02:56.470,0.00,0.00,0.00,0.00,2,0
2026-06-12 20:02:56.520,0.00,0.00,0.00,0.00,2,0
2026-06-12 20:02:56.571,0.00,0.00,0.00,0.00,2,0
2026-06-12 20:02:56.621,0.00,0.00,0.00,0.00,2,0
2026-06-12 20:02:56.671,0.00,0.00,0.00,0.00,2,0
2026-06-12 20:02:56.722,0.00,0.00,0.00,0.00,2,0
2026-06-12 20:02:56.772,0.00,0.00,0.00,0.00,2,0
2026-06-12 20:02:56.823,0.00,0.00,0.00,0.00,2,0
2026-06-12 20:02:56.873,0.00,0.00,0.00,0.00,2,0
2026-06-12 20:02:56.923,0.00,0.00,0.00,0.00,2,0
2026-06-12 20:02:56.974,0.00,0.00,0.00,0.00,2,0
2026-06-12 20:02:57.024,0.00,0.00,0.00,0.00,2,0
2026-06-12 20:02:57.075,0.00,0.00,0.00,0.00,2,0
2026-06-12 20:02:57.125,0.00,0.00,0.00,0.00,2,0
2026-06-12 20:02:57.175,0.00,0.00,0.00,0.00,2,0
2026-06-12 20:02:57.226,0.00,0.00,0.00,0.00,2,0
2026-06-12 20:02:57.276,0.00,0.00,0.00,0.00,2,0
2026-06-12 20:02:57.327,0.00,0.00,0.00,0.00,2,0
2026-06-12 20:02:57.377,0.00,0.00,0.00,0.00,2,0
2026-06-12 20:02:57.427,0.00,0.00,0.00,0.00,2,0
2026-06-12 20:02:57.478,0.00,0.00,0.00,0.00,2,0
2026-06-12 20:02:57.528,0.00,0.00,0.00,0.00,2,0
2026-06-12 20:02:57.579,0.00,0.00,0.00,0.00,2,0
2026-06-12 20:02:57.629,0.00,0.00,0.00,0.00,2,0
2026-06-12 20:02:57.680,0.00,0.00,0.00,0.00,2,0
2026-06-12 20:02:57.730,0.00,0.00,0.00,0.00,2,0
2026-06-12 20:02:57.780,0.00,0.00,0.00,0.00,2,0
2026-06-12 20:02:57.831,0.00,0.00,0.00,0.00,2,0
2026-06-12 20:02:57.881,0.00,0.00,0.00,0.00,2,0
2026-06-12 20:02:57.931,0.00,0.00,0.00,0.00,2,0
2026-06-12 20:02:57.982,0.00,0.00,0.00,0.00,2,0
2026-06-12 20:02:58.032,0.00,0.00,0.00,0.00,2,0
2026-06-12 20:02:58.083,0.06,0.00,0.00,0.00,1,0
2026-06-12 20:02:58.133,0.06,0.00,1.69,0.51,1,0
2026-06-12 20:02:58.183,0.06,0.00,1.69,0.51,1,0
2026-06-12 20:02:58.234,0.06,0.00,1.69,0.51,1,0
2026-06-12 20:02:58.284,0.06,0.00,1.69,0.51,1,0
2026-06-12 20:02:58.335,0.06,0.00,1.69,0.51,1,0
2026-06-12 20:02:58.385,0.06,0.00,1.69,0.51,1,0
2026-06-12 20:02:58.435,0.06,0.00,1.69,0.51,1,0
2026-06-12 20:02:58.486,0.06,0.00,1.69,0.51,1,0
2026-06-12 20:02:58.536,0.06,0.00,1.69,0.51,1,0
2026-06-12 20:02:58.587,0.06,0.00,1.69,0.51,1,0
2026-06-12 20:02:58.637,0.06,0.00,1.69,0.51,1,0
2026-06-12 20:02:58.687,0.06,0.00,1.69,0.51,1,0
2026-06-12 20:02:58.738,0.06,0.00,1.69,0.51,1,0
2026-06-12 20:02:58.788,0.06,0.00,1.69,0.51,1,0
2026-06-12 20:02:58.839,0.06,0.00,1.69,0.51,1,0
2026-06-12 20:02:58.889,0.06,0.00,1.69,0.51,1,0
2026-06-12 20:02:58.940,0.06,0.00,1.69,0.51,1,0
2026-06-12 20:02:58.990,0.06,0.00,1.69,0.51,1,0
2026-06-12 20:02:59.040,0.06,0.00,1.69,0.51,1,0
2026-06-12 20:02:59.091,0.06,0.00,1.69,0.51,1,0
2026-06-12 20:02:59.141,0.06,0.00,1.69,0.51,1,0
2026-06-12 20:02:59.192,0.06,0.00,1.69,0.51,1,0
2026-06-12 20:02:59.242,0.06,0.00,1.69,0.51,1,0
2026-06-12 20:02:59.292,0.06,0.00,1.69,0.51,1,0
2026-06-12 20:02:59.343,0.06,0.00,1.69,0.51,1,0
2026-06-12 20:02:59.393,0.06,0.00,1.69,0.51,1,0
2026-06-12 20:02:59.443,0.06,0.00,1.69,0.51,1,0
2026-06-12 20:02:59.495,0.06,0.00,1.69,0.51,1,0
2026-06-12 20:02:59.544,0.06,0.00,1.69,0.51,1,0
2026-06-12 20:02:59.595,0.06,0.00,1.69,0.51,1,0
2026-06-12 20:02:59.645,0.06,0.00,1.69,0.51,1,0
2026-06-12 20:02:59.695,0.06,0.00,1.69,0.51,1,0
2026-06-12 20:02:59.746,0.06,0.00,1.69,0.51,1,0
2026-06-12 20:02:59.796,0.06,0.00,1.69,0.51,1,0
2026-06-12 20:02:59.847,0.06,0.00,1.69,0.51,1,0
2026-06-12 20:02:59.897,0.06,0.00,1.69,0.51,1,0
2026-06-12 20:02:59.947,0.06,0.00,1.69,0.51,1,0
2026-06-12 20:02:59.998,0.06,0.00,1.69,0.51,1,0
2026-06-12 20:03:00.048,0.06,0.00,1.69,0.51,1,0
2026-06-12 20:03:00.099,0.00,0.00,1.69,0.51,1,0
2026-06-12 20:03:00.150,0.00,0.00,0.00,0.00,1,0
2026-06-12 20:03:00.200,0.00,0.00,0.00,0.00,1,0
2026-06-12 20:03:00.250,0.00,0.00,0.00,0.00,1,0
2026-06-12 20:03:00.300,0.00,0.00,0.00,0.00,1,0
2026-06-12 20:03:00.351,0.00,0.00,0.00,0.00,1,0
2026-06-12 20:03:00.401,0.00,0.00,0.00,0.00,1,0
2026-06-12 20:03:00.451,0.00,0.00,0.00,0.00,1,0
2026-06-12 20:03:00.502,0.00,0.00,0.00,0.00,1,0
2026-06-12 20:03:00.552,0.00,0.00,0.00,0.00,1,0
2026-06-12 20:03:00.603,0.00,0.00,0.00,0.00,1,0
2026-06-12 20:03:00.653,0.00,0.00,0.00,0.00,1,0
2026-06-12 20:03:00.703,0.00,0.00,0.00,0.00,1,0
2026-06-12 20:03:00.754,0.00,0.00,0.00,0.00,1,0
2026-06-12 20:03:00.804,0.00,0.00,0.00,0.00,1,0
2026-06-12 20:03:00.855,0.00,0.00,0.00,0.00,1,0
2026-06-12 20:03:00.905,0.00,0.00,0.00,0.00,1,0
2026-06-12 20:03:00.955,0.00,0.00,0.00,0.00,1,0
2026-06-12 20:03:01.006,0.00,0.00,0.00,0.00,1,0
2026-06-12 20:03:01.056,0.00,0.00,0.00,0.00,1,0
2026-06-12 20:03:01.107,0.00,0.00,0.00,0.00,1,0
2026-06-12 20:03:01.157,0.05,0.00,0.00,0.00,0,0
2026-06-12 20:03:01.207,0.05,0.00,1.44,0.43,0,0
2026-06-12 20:03:01.258,0.05,0.00,1.44,0.43,0,0
2026-06-12 20:03:01.308,0.05,0.00,1.44,0.43,0,0
2026-06-12 20:03:01.359,0.05,0.00,1.44,0.43,0,0
2026-06-12 20:03:01.409,0.05,0.00,1.44,0.43,0,0
2026-06-12 20:03:01.460,0.05,0.00,1.44,0.43,0,0
2026-06-12 20:03:01.510,0.05,0.00,1.44,0.43,0,0
2026-06-12 20:03:01.560,0.05,0.00,1.44,0.43,0,0
2026-06-12 20:03:01.611,0.05,0.00,1.44,0.43,0,0
2026-06-12 20:03:01.661,0.05,0.00,1.44,0.43,0,0
2026-06-12 20:03:01.711,0.05,0.00,1.44,0.43,0,0
2026-06-12 20:03:01.762,0.05,0.00,1.44,0.43,0,0
2026-06-12 20:03:01.812,0.05,0.00,1.44,0.43,0,0
2026-06-12 20:03:01.863,0.05,0.00,1.44,0.43,0,0
2026-06-12 20:03:01.913,0.05,0.00,1.44,0.43,0,0
2026-06-12 20:03:01.964,0.05,0.00,1.44,0.43,0,0
2026-06-12 20:03:02.014,0.05,0.00,1.44,0.43,0,0
2026-06-12 20:03:02.064,0.05,0.00,1.44,0.43,0,0
2026-06-12 20:03:02.115,0.05,0.00,1.44,0.43,0,0
2026-06-12 20:03:02.165,0.05,0.00,1.44,0.43,0,0
2026-06-12 20:03:02.215,0.05,0.00,1.44,0.43,0,0
2026-06-12 20:03:02.266,0.05,0.00,1.44,0.43,0,0
2026-06-12 20:03:02.316,0.05,0.00,1.44,0.43,0,0
2026-06-12 20:03:02.367,0.05,0.00,1.44,0.43,0,0
2026-06-12 20:03:02.417,0.05,0.00,1.44,0.43,0,0
2026-06-12 20:03:02.468,0.05,0.00,1.44,0.43,0,0
2026-06-12 20:03:02.518,0.05,0.00,1.44,0.43,0,0
2026-06-12 20:03:02.568,0.05,0.00,1.44,0.43,0,0
2026-06-12 20:03:02.619,0.05,0.00,1.44,0.43,0,0
2026-06-12 20:03:02.669,0.05,0.00,1.44,0.43,0,0
2026-06-12 20:03:02.720,0.05,0.00,1.44,0.43,0,0
2026-06-12 20:03:02.770,0.05,0.00,1.44,0.43,0,0
2026-06-12 20:03:02.820,0.05,0.00,1.44,0.43,0,0
2026-06-12 20:03:02.871,0.05,0.00,1.44,0.43,0,0
2026-06-12 20:03:02.921,0.05,0.00,1.44,0.43,0,0
2026-06-12 20:03:02.971,0.05,0.00,1.44,0.43,0,0
2026-06-12 20:03:03.022,0.05,0.00,1.44,0.43,0,0
2026-06-12 20:03:03.072,0.05,0.00,1.44,0.43,0,0
2026-06-12 20:03:03.123,0.00,0.00,1.44,0.43,0,0
2026-06-12 20:03:03.173,0.20,0.00,0.00,0.00,2,0
2026-06-12 20:03:03.223,0.20,0.00,5.92,1.78,2,0
2026-06-12 20:03:03.274,0.20,0.00,5.92,1.78,2,0
2026-06-12 20:03:03.324,0.20,0.00,5.92,1.78,2,0
2026-06-12 20:03:03.375,0.20,0.00,5.92,1.78,2,0
2026-06-12 20:03:03.425,0.20,0.00,5.92,1.78,2,0
2026-06-12 20:03:03.476,0.20,0.00,5.92,1.78,2,0
2026-06-12 20:03:03.526,0.20,0.00,5.92,1.78,2,0
2026-06-12 20:03:03.576,0.20,0.00,5.92,1.78,2,0
2026-06-12 20:03:03.627,0.20,0.00,5.92,1.78,2,0
2026-06-12 20:03:03.677,0.20,0.00,5.92,1.78,2,0
2026-06-12 20:03:03.728,0.20,0.00,5.92,1.78,2,0
2026-06-12 20:03:03.778,0.20,0.00,5.92,1.78,2,0
2026-06-12 20:03:03.828,0.20,0.00,5.92,1.78,2,0
2026-06-12 20:03:03.879,0.20,0.00,5.92,1.78,2,0
2026-06-12 20:03:03.929,0.20,0.00,5.92,1.78,2,0
2026-06-12 20:03:03.980,0.20,0.00,5.92,1.78,2,0
2026-06-12 20:03:04.030,0.20,0.00,5.92,1.78,2,0
2026-06-12 20:03:04.080,0.20,0.00,5.92,1.78,2,0
2026-06-12 20:03:04.131,0.20,0.00,5.92,1.78,2,0
2026-06-12 20:03:04.181,0.20,0.00,5.92,1.78,2,0
2026-06-12 20:03:04.231,0.20,0.00,5.92,1.78,2,0
2026-06-12 20:03:04.282,0.20,0.00,5.92,1.78,2,0
2026-06-12 20:03:04.332,0.20,0.00,5.92,1.78,2,0
2026-06-12 20:03:04.383,0.20,0.00,5.92,1.78,2,0
2026-06-12 20:03:04.433,0.20,0.00,5.92,1.78,2,0
2026-06-12 20:03:04.483,0.20,0.00,5.92,1.78,2,0
2026-06-12 20:03:04.534,0.20,0.00,5.92,1.78,2,0
2026-06-12 20:03:04.584,0.20,0.00,5.92,1.78,2,0
2026-06-12 20:03:04.635,0.20,0.00,5.92,1.78,2,0
2026-06-12 20:03:04.685,0.20,0.00,5.92,1.78,2,0
2026-06-12 20:03:04.735,0.41,0.00,5.92,1.78,2,0
2026-06-12 20:03:04.786,0.41,0.00,8.28,3.73,2,0
2026-06-12 20:03:04.836,0.41,0.00,8.28,3.73,2,0
2026-06-12 20:03:04.887,0.41,0.00,8.28,3.73,2,0
2026-06-12 20:03:04.937,0.41,0.00,8.28,3.73,2,0
2026-06-12 20:03:04.988,0.41,0.00,8.28,3.73,2,0
2026-06-12 20:03:05.038,0.41,0.00,8.28,3.73,2,0
2026-06-12 20:03:05.088,0.41,0.00,8.28,3.73,2,0
2026-06-12 20:03:05.139,0.41,0.00,8.28,3.73,2,0
2026-06-12 20:03:05.189,0.41,0.00,8.28,3.73,2,0
2026-06-12 20:03:05.239,0.41,0.00,8.28,3.73,2,0
2026-06-12 20:03:05.290,0.41,0.00,8.28,3.73,2,0
2026-06-12 20:03:05.340,0.41,0.00,8.28,3.73,2,0
2026-06-12 20:03:05.391,0.41,0.00,8.28,3.73,2,0
2026-06-12 20:03:05.441,0.41,0.00,8.28,3.73,2,0
2026-06-12 20:03:05.491,0.41,0.00,8.28,3.73,2,0
2026-06-12 20:03:05.542,0.41,0.00,8.28,3.73,2,0
2026-06-12 20:03:05.593,0.41,0.00,8.28,3.73,2,0
2026-06-12 20:03:05.643,0.41,0.00,8.28,3.73,2,0
2026-06-12 20:03:05.693,0.41,0.00,8.28,3.73,2,0
2026-06-12 20:03:05.743,0.41,0.00,8.28,3.73,2,0
2026-06-12 20:03:05.794,0.41,0.00,8.28,3.73,2,0
2026-06-12 20:03:05.844,0.41,0.00,8.28,3.73,2,0
2026-06-12 20:03:05.895,0.41,0.00,8.28,3.73,2,0
2026-06-12 20:03:05.945,0.41,0.00,8.28,3.73,2,0
2026-06-12 20:03:05.996,0.41,0.00,8.28,3.73,2,0
2026-06-12 20:03:06.046,0.41,0.00,8.28,3.73,2,0
2026-06-12 20:03:06.096,0.41,0.00,8.28,3.73,2,0
2026-06-12 20:03:06.147,0.41,0.00,8.28,3.73,2,0
2026-06-12 20:03:06.197,0.41,0.00,8.28,3.73,2,0
2026-06-12 20:03:06.248,0.41,0.00,8.28,3.73,2,0
2026-06-12 20:03:06.298,0.41,0.00,8.28,3.73,2,0
2026-06-12 20:03:06.348,0.41,0.00,8.28,3.73,2,0
2026-06-12 20:03:06.399,0.41,0.00,8.28,3.73,2,0
2026-06-12 20:03:06.450,0.41,0.00,8.28,3.73,2,0
2026-06-12 20:03:06.500,0.41,0.00,8.28,3.73,2,0
2026-06-12 20:03:06.551,0.41,0.00,8.28,3.73,2,0
2026-06-12 20:03:06.600,0.41,0.00,8.28,3.73,2,0
2026-06-12 20:03:06.651,0.41,0.00,8.28,3.73,2,0
2026-06-12 20:03:06.701,0.41,0.00,8.28,3.73,2,0
2026-06-12 20:03:06.752,0.00,0.00,8.28,3.73,2,0
2026-06-12 20:03:06.804,0.00,0.00,0.00,0.00,2,0
2026-06-12 20:03:06.852,0.00,0.00,0.00,0.00,2,0
2026-06-12 20:03:06.903,0.00,0.00,0.00,0.00,2,0
2026-06-12 20:03:06.953,0.00,0.00,0.00,0.00,2,0
2026-06-12 20:03:07.003,0.00,0.00,0.00,0.00,2,0
2026-06-12 20:03:07.054,0.00,0.00,0.00,0.00,2,0
2026-06-12 20:03:07.104,0.00,0.00,0.00,0.00,2,0
2026-06-12 20:03:07.155,0.00,0.00,0.00,0.00,2,0
2026-06-12 20:03:07.205,0.00,0.00,0.00,0.00,2,0
2026-06-12 20:03:07.255,0.00,0.00,0.00,0.00,2,0
2026-06-12 20:03:07.306,0.00,0.00,0.00,0.00,2,0
2026-06-12 20:03:07.356,0.00,0.00,0.00,0.00,2,0
2026-06-12 20:03:07.407,0.00,0.00,0.00,0.00,2,0
2026-06-12 20:03:07.457,0.00,0.00,0.00,0.00,2,0
2026-06-12 20:03:07.507,0.00,0.00,0.00,0.00,2,0
2026-06-12 20:03:07.558,0.00,0.00,0.00,0.00,2,0
2026-06-12 20:03:07.608,0.00,0.00,0.00,0.00,2,0
2026-06-12 20:03:07.659,0.00,0.00,0.00,0.00,2,0
2026-06-12 20:03:07.709,0.00,0.00,0.00,0.00,2,0
2026-06-12 20:03:07.759,0.00,0.00,0.00,0.00,2,0
2026-06-12 20:03:07.810,0.00,0.00,0.00,0.00,2,0
2026-06-12 20:03:07.860,0.00,0.00,0.00,0.00,2,0
2026-06-12 20:03:07.911,0.00,0.00,0.00,0.00,2,0
2026-06-12 20:03:07.961,0.00,0.00,0.00,0.00,2,0
2026-06-12 20:03:08.011,0.00,0.00,0.00,0.00,2,0
2026-06-12 20:03:08.062,0.00,0.00,0.00,0.00,2,0
2026-06-12 20:03:08.112,0.00,0.00,0.00,0.00,2,0
2026-06-12 20:03:08.163,0.00,0.00,0.00,0.00,2,0
2026-06-12 20:03:08.213,0.00,0.00,0.00,0.00,2,0
2026-06-12 20:03:08.263,0.00,0.00,0.00,0.00,2,0
2026-06-12 20:03:08.314,0.00,0.00,0.00,0.00,2,0
2026-06-12 20:03:08.364,0.00,0.00,0.00,0.00,2,0
2026-06-12 20:03:08.415,0.00,0.00,0.00,0.00,2,0
2026-06-12 20:03:08.465,0.00,0.00,0.00,0.00,2,0
2026-06-12 20:03:08.516,0.00,0.00,0.00,0.00,2,0
2026-06-12 20:03:08.566,0.00,0.00,0.00,0.00,2,0
2026-06-12 20:03:08.616,0.00,0.00,0.00,0.00,2,0
2026-06-12 20:03:08.667,0.00,0.00,0.00,0.00,2,0
2026-06-12 20:03:08.717,0.00,0.00,0.00,0.00,2,0
2026-06-12 20:03:08.767,0.00,0.00,0.00,0.00,2,0
2026-06-12 20:03:08.818,0.00,0.00,0.00,0.00,2,0
2026-06-12 20:03:08.868,0.00,0.00,0.00,0.00,2,0
2026-06-12 20:03:08.919,0.00,0.00,0.00,0.00,2,0
2026-06-12 20:03:08.969,0.00,0.00,0.00,0.00,2,0
2026-06-12 20:03:09.020,0.00,0.00,0.00,0.00,2,0
2026-06-12 20:03:09.070,0.00,0.00,0.00,0.00,2,0
2026-06-12 20:03:09.121,0.00,0.00,0.00,0.00,2,0
2026-06-12 20:03:09.171,0.00,0.00,0.00,0.00,2,0
2026-06-12 20:03:09.221,0.00,0.00,0.00,0.00,2,0
2026-06-12 20:03:09.271,0.00,0.00,0.00,0.00,2,0
2026-06-12 20:03:09.322,0.00,0.00,0.00,0.00,2,0
2026-06-12 20:03:09.372,0.00,0.00,0.00,0.00,2,0
2026-06-12 20:03:09.423,0.00,0.00,0.00,0.00,2,0
2026-06-12 20:03:09.473,0.00,0.00,0.00,0.00,2,0
2026-06-12 20:03:09.524,0.00,0.00,0.00,0.00,2,0
2026-06-12 20:03:09.574,0.00,0.00,0.00,0.00,2,0
2026-06-12 20:03:09.624,0.00,0.00,0.00,0.00,2,0
2026-06-12 20:03:09.675,0.00,0.00,0.00,0.00,2,0
2026-06-12 20:03:09.725,0.00,0.00,0.00,0.00,2,0
2026-06-12 20:03:09.775,0.00,0.00,0.00,0.00,2,0
2026-06-12 20:03:09.826,0.00,0.00,0.00,0.00,2,0
2026-06-12 20:03:09.876,0.00,0.00,0.00,0.00,2,0
2026-06-12 20:03:09.927,0.00,0.00,0.00,0.00,2,0
2026-06-12 20:03:09.977,0.00,0.00,0.00,0.00,2,0
2026-06-12 20:03:10.027,0.00,0.00,0.00,0.00,2,0
2026-06-12 20:03:10.078,0.00,0.00,0.00,0.00,2,0
2026-06-12 20:03:10.128,0.00,0.00,0.00,0.00,2,0
2026-06-12 20:03:10.179,0.00,0.00,0.00,0.00,2,0
2026-06-12 20:03:10.229,0.00,0.00,0.00,0.00,2,0
2026-06-12 20:03:10.280,0.00,0.00,0.00,0.00,2,0
2026-06-12 20:03:10.330,0.00,0.00,0.00,0.00,2,0
2026-06-12 20:03:10.380,0.00,0.00,0.00,0.00,2,0
2026-06-12 20:03:10.431,0.00,0.00,0.00,0.00,2,0
2026-06-12 20:03:10.481,0.00,0.00,0.00,0.00,2,0
2026-06-12 20:03:10.531,0.00,0.00,0.00,0.00,2,0
2026-06-12 20:03:10.582,0.00,0.00,0.00,0.00,2,0
2026-06-12 20:03:10.632,0.00,0.00,0.00,0.00,2,0
2026-06-12 20:03:10.683,0.00,0.00,0.00,0.00,2,0
2026-06-12 20:03:10.733,0.00,0.00,0.00,0.00,2,0
2026-06-12 20:03:10.783,0.00,0.00,0.00,0.00,2,0
2026-06-12 20:03:10.834,0.00,0.00,0.00,0.00,2,0
2026-06-12 20:03:10.884,0.00,0.00,0.00,0.00,2,0
2026-06-12 20:03:10.935,0.00,0.00,0.00,0.00,2,0
2026-06-12 20:03:10.985,0.00,0.00,0.00,0.00,2,0
2026-06-12 20:03:11.035,0.00,0.00,0.00,0.00,2,0
2026-06-12 20:03:11.086,0.00,0.00,0.00,0.00,2,0
2026-06-12 20:03:11.136,0.00,0.00,0.00,0.00,2,0
2026-06-12 20:03:11.187,0.00,0.00,0.00,0.00,2,0
2026-06-12 20:03:11.237,0.00,0.00,0.00,0.00,2,0
2026-06-12 20:03:11.287,0.00,0.00,0.00,0.00,2,0
2026-06-12 20:03:11.338,0.00,0.00,0.00,0.00,2,0
2026-06-12 20:03:11.388,0.00,0.00,0.00,0.00,2,0
2026-06-12 20:03:11.439,0.00,0.00,0.00,0.00,2,0
2026-06-12 20:03:11.489,0.00,0.00,0.00,0.00,2,0
2026-06-12 20:03:11.540,0.00,0.00,0.00,0.00,2,0
2026-06-12 20:03:11.590,0.00,0.00,0.00,0.00,2,0
2026-06-12 20:03:11.640,0.00,0.00,0.00,0.00,2,0
2026-06-12 20:03:11.691,0.00,0.00,0.00,0.00,2,0
2026-06-12 20:03:11.741,0.00,0.00,0.00,0.00,2,0
2026-06-12 20:03:11.791,0.00,0.00,0.00,0.00,2,0
2026-06-12 20:03:11.842,0.00,0.00,0.00,0.00,2,0
2026-06-12 20:03:11.892,0.00,0.00,0.00,0.00,2,0
2026-06-12 20:03:11.943,0.00,0.00,0.00,0.00,2,0
2026-06-12 20:03:11.993,0.00,0.00,0.00,0.00,2,0
2026-06-12 20:03:12.043,0.00,0.00,0.00,0.00,2,0
2026-06-12 20:03:12.094,0.00,0.00,0.00,0.00,2,0
2026-06-12 20:03:12.144,0.00,0.00,0.00,0.00,2,0
2026-06-12 20:03:12.195,0.00,0.00,0.00,0.00,2,0
2026-06-12 20:03:12.245,0.00,0.00,0.00,0.00,2,0
2026-06-12 20:03:12.295,0.00,0.00,0.00,0.00,2,0
2026-06-12 20:03:12.346,0.00,0.00,0.00,0.00,2,0
2026-06-12 20:03:12.396,0.00,0.00,0.00,0.00,2,0
2026-06-12 20:03:12.447,0.00,0.00,0.00,0.00,2,0
2026-06-12 20:03:12.497,0.00,0.00,0.00,0.00,2,0
2026-06-12 20:03:12.547,0.00,0.00,0.00,0.00,2,0
2026-06-12 20:03:12.598,0.00,0.00,0.00,0.00,2,0
2026-06-12 20:03:12.648,0.00,0.00,0.00,0.00,2,0
2026-06-12 20:03:12.699,0.00,0.00,0.00,0.00,2,0
2026-06-12 20:03:12.749,0.00,0.00,0.00,0.00,2,0
2026-06-12 20:03:12.799,0.00,0.00,0.00,0.00,2,0
2026-06-12 20:03:12.850,0.00,0.00,0.00,0.00,2,0
2026-06-12 20:03:12.900,0.00,0.00,0.00,0.00,2,0
2026-06-12 20:03:12.951,0.00,0.00,0.00,0.00,2,0
2026-06-12 20:03:13.001,0.00,0.00,0.00,0.00,2,0
2026-06-12 20:03:13.051,0.00,0.00,0.00,0.00,2,0
2026-06-12 20:03:13.102,0.00,0.00,0.00,0.00,2,0
2026-06-12 20:03:13.152,0.00,0.00,0.00,0.00,2,0
2026-06-12 20:03:13.203,0.00,0.00,0.00,0.00,2,0
2026-06-12 20:03:13.253,0.00,0.00,0.00,0.00,2,0
2026-06-12 20:03:13.303,0.00,0.00,0.00,0.00,2,0
2026-06-12 20:03:13.354,0.00,0.00,0.00,0.00,2,0
2026-06-12 20:03:13.404,0.00,0.00,0.00,0.00,2,0
2026-06-12 20:03:13.455,0.00,0.00,0.00,0.00,2,0
2026-06-12 20:03:13.505,0.00,0.00,0.00,0.00,2,0
2026-06-12 20:03:13.555,0.00,0.00,0.00,0.00,2,0
2026-06-12 20:03:13.606,0.00,0.00,0.00,0.00,2,0
2026-06-12 20:03:13.656,0.00,0.00,0.00,0.00,2,0
2026-06-12 20:03:13.707,0.00,0.00,0.00,0.00,2,0
2026-06-12 20:03:13.757,0.00,0.00,0.00,0.00,2,0
2026-06-12 20:03:13.807,0.00,0.00,0.00,0.00,2,0
2026-06-12 20:03:13.858,0.00,0.00,0.00,0.00,2,0
2026-06-12 20:03:13.908,0.00,0.00,0.00,0.00,2,0
2026-06-12 20:03:13.959,0.00,0.00,0.00,0.00,2,0
2026-06-12 20:03:14.009,0.00,0.00,0.00,0.00,2,0
2026-06-12 20:03:14.059,0.00,0.00,0.00,0.00,2,0
2026-06-12 20:03:14.110,0.00,0.00,0.00,0.00,2,0
2026-06-12 20:03:14.160,0.00,0.00,0.00,0.00,2,0
2026-06-12 20:03:14.211,0.00,0.00,0.00,0.00,2,0
2026-06-12 20:03:14.261,0.00,0.00,0.00,0.00,2,0
2026-06-12 20:03:14.311,0.00,0.00,0.00,0.00,2,0
2026-06-12 20:03:14.362,0.00,0.00,0.00,0.00,2,0
2026-06-12 20:03:14.412,0.00,0.00,0.00,0.00,2,0
2026-06-12 20:03:14.463,0.00,0.00,0.00,0.00,2,0
2026-06-12 20:03:14.513,0.00,0.00,0.00,0.00,2,0
2026-06-12 20:03:14.563,0.00,0.00,0.00,0.00,2,0
2026-06-12 20:03:14.614,0.00,0.00,0.00,0.00,2,0
2026-06-12 20:03:14.664,0.00,0.00,0.00,0.00,2,0
2026-06-12 20:03:14.715,0.00,0.00,0.00,0.00,2,0
2026-06-12 20:03:14.765,0.00,0.00,0.00,0.00,2,0
2026-06-12 20:03:14.815,0.00,0.00,0.00,0.00,2,0
2026-06-12 20:03:14.866,0.00,0.00,0.00,0.00,2,0
2026-06-12 20:03:14.916,0.00,0.00,0.00,0.00,2,0
2026-06-12 20:03:14.966,0.00,0.00,0.00,0.00,2,0
2026-06-12 20:03:15.017,0.00,0.00,0.00,0.00,2,0
2026-06-12 20:03:15.067,0.00,0.00,0.00,0.00,2,0
2026-06-12 20:03:15.118,0.00,0.00,0.00,0.00,2,0
2026-06-12 20:03:15.168,0.00,0.00,0.00,0.00,2,0
2026-06-12 20:03:15.219,0.00,0.00,0.00,0.00,2,0
2026-06-12 20:03:15.269,0.00,0.00,0.00,0.00,2,0
2026-06-12 20:03:15.320,0.00,0.00,0.00,0.00,2,0
2026-06-12 20:03:15.370,0.00,0.00,0.00,0.00,2,0
2026-06-12 20:03:15.420,0.00,0.00,0.00,0.00,2,0
2026-06-12 20:03:15.470,0.00,0.00,0.00,0.00,2,0
2026-06-12 20:03:15.521,0.00,0.00,0.00,0.00,2,0
2026-06-12 20:03:15.571,0.00,0.00,0.00,0.00,2,0
2026-06-12 20:03:15.622,0.00,0.00,0.00,0.00,2,0
2026-06-12 20:03:15.672,0.00,0.00,0.00,0.00,2,0
2026-06-12 20:03:15.722,0.00,0.00,0.00,0.00,2,0
2026-06-12 20:03:15.773,0.00,0.00,0.00,0.00,2,0
2026-06-12 20:03:15.824,0.00,0.00,0.00,0.00,2,0
2026-06-12 20:03:15.874,0.00,0.00,0.00,0.00,2,0
2026-06-12 20:03:15.924,0.00,0.00,0.00,0.00,2,0
2026-06-12 20:03:15.975,0.00,0.00,0.00,0.00,2,0
2026-06-12 20:03:16.025,0.00,0.00,0.00,0.00,2,0
2026-06-12 20:03:16.075,0.00,0.00,0.00,0.00,2,0
2026-06-12 20:03:16.126,0.00,0.00,0.00,0.00,2,0
2026-06-12 20:03:16.176,0.00,0.00,0.00,0.00,2,0
2026-06-12 20:03:16.227,0.00,0.00,0.00,0.00,2,0
2026-06-12 20:03:16.277,0.00,0.00,0.00,0.00,2,0
2026-06-12 20:03:16.327,0.00,0.00,0.00,0.00,2,0
2026-06-12 20:03:16.378,0.00,0.00,0.00,0.00,2,0
2026-06-12 20:03:16.428,0.00,0.00,0.00,0.00,2,0
2026-06-12 20:03:16.479,0.00,0.00,0.00,0.00,2,0
2026-06-12 20:03:16.529,0.00,0.00,0.00,0.00,2,0
2026-06-12 20:03:16.580,0.00,0.00,0.00,0.00,2,0
2026-06-12 20:03:16.630,0.00,0.00,0.00,0.00,2,0
2026-06-12 20:03:16.680,0.00,0.00,0.00,0.00,2,0
2026-06-12 20:03:16.730,0.00,0.00,0.00,0.00,2,0
2026-06-12 20:03:16.781,0.00,0.00,0.00,0.00,2,0
2026-06-12 20:03:16.831,0.00,0.00,0.00,0.00,2,0
2026-06-12 20:03:16.882,0.00,0.00,0.00,0.00,2,0
2026-06-12 20:03:16.932,0.00,0.00,0.00,0.00,2,0
2026-06-12 20:03:16.982,0.00,0.00,0.00,0.00,2,0
2026-06-12 20:03:17.033,0.00,0.00,0.00,0.00,2,0
2026-06-12 20:03:17.083,0.00,0.00,0.00,0.00,2,0
2026-06-12 20:03:17.134,0.00,0.00,0.00,0.00,2,0
2026-06-12 20:03:17.184,0.00,0.00,0.00,0.00,2,0
2026-06-12 20:03:17.235,0.00,0.00,0.00,0.00,2,0
2026-06-12 20:03:17.285,0.00,0.00,0.00,0.00,2,0
2026-06-12 20:03:17.335,0.00,0.00,0.00,0.00,2,0
2026-06-12 20:03:17.386,0.00,0.00,0.00,0.00,2,0
2026-06-12 20:03:17.436,0.00,0.00,0.00,0.00,2,0
2026-06-12 20:03:17.487,0.00,0.00,0.00,0.00,2,0
2026-06-12 20:03:17.537,0.00,0.00,0.00,0.00,2,0
2026-06-12 20:03:17.587,0.00,0.00,0.00,0.00,2,0
2026-06-12 20:03:17.638,0.00,0.00,0.00,0.00,2,0
2026-06-12 20:03:17.688,0.00,0.00,0.00,0.00,2,0
2026-06-12 20:03:17.739,0.00,0.00,0.00,0.00,2,0
2026-06-12 20:03:17.789,0.00,0.00,0.00,0.00,2,0
2026-06-12 20:03:17.839,0.00,0.00,0.00,0.00,2,0
2026-06-12 20:03:17.890,0.00,0.00,0.00,0.00,2,0
2026-06-12 20:03:17.940,0.00,0.00,0.00,0.00,2,0
2026-06-12 20:03:17.990,0.00,0.00,0.00,0.00,2,0
2026-06-12 20:03:18.041,0.00,0.00,0.00,0.00,2,0
2026-06-12 20:03:18.091,0.00,0.00,0.00,0.00,2,0
2026-06-12 20:03:18.142,0.00,0.00,0.00,0.00,2,0
2026-06-12 20:03:18.192,0.00,0.00,0.00,0.00,2,0
2026-06-12 20:03:18.242,0.00,0.00,0.00,0.00,2,0
2026-06-12 20:03:18.293,0.00,0.00,0.00,0.00,2,0
2026-06-12 20:03:18.343,0.00,0.00,0.00,0.00,2,0
2026-06-12 20:03:18.394,0.00,0.00,0.00,0.00,2,0
2026-06-12 20:03:18.444,0.00,0.00,0.00,0.00,2,0
2026-06-12 20:03:18.494,0.00,0.00,0.00,0.00,2,0
2026-06-12 20:03:18.545,0.00,0.00,0.00,0.00,2,0
2026-06-12 20:03:18.595,0.00,0.00,0.00,0.00,2,0
2026-06-12 20:03:18.646,0.00,0.00,0.00,0.00,2,0
2026-06-12 20:03:18.696,0.00,0.00,0.00,0.00,2,0
2026-06-12 20:03:18.747,0.00,0.00,0.00,0.00,2,0
2026-06-12 20:03:18.797,0.00,0.00,0.00,0.00,2,0
2026-06-12 20:03:18.847,0.00,0.00,0.00,0.00,2,0
2026-06-12 20:03:18.898,0.00,0.00,0.00,0.00,2,0
2026-06-12 20:03:18.948,0.00,0.00,0.00,0.00,2,0
2026-06-12 20:03:18.998,0.00,0.00,0.00,0.00,2,0
2026-06-12 20:03:19.049,0.00,0.00,0.00,0.00,2,0
2026-06-12 20:03:19.100,0.00,0.00,0.00,0.00,2,0
2026-06-12 20:03:19.150,0.00,0.00,0.00,0.00,2,0
2026-06-12 20:03:19.200,0.00,0.00,0.00,0.00,2,0
2026-06-12 20:03:19.250,0.00,0.00,0.00,0.00,2,0
2026-06-12 20:03:19.301,0.00,0.00,0.00,0.00,2,0
2026-06-12 20:03:19.351,0.00,0.00,0.00,0.00,2,0
2026-06-12 20:03:19.402,0.00,0.00,0.00,0.00,2,0
2026-06-12 20:03:19.452,0.00,0.00,0.00,0.00,2,0
2026-06-12 20:03:19.502,0.00,0.00,0.00,0.00,2,0
2026-06-12 20:03:19.553,0.00,0.00,0.00,0.00,2,0
2026-06-12 20:03:19.603,0.00,0.00,0.00,0.00,2,0
2026-06-12 20:03:19.654,0.00,0.00,0.00,0.00,2,0
2026-06-12 20:03:19.704,0.00,0.00,0.00,0.00,2,0
2026-06-12 20:03:19.754,0.00,0.00,0.00,0.00,2,0
2026-06-12 20:03:19.805,0.00,0.00,0.00,0.00,2,0
2026-06-12 20:03:19.855,0.00,0.00,0.00,0.00,2,0
2026-06-12 20:03:19.906,0.00,0.00,0.00,0.00,2,0
2026-06-12 20:03:19.956,0.00,0.00,0.00,0.00,2,0
2026-06-12 20:03:20.006,0.00,0.00,0.00,0.00,2,0
2026-06-12 20:03:20.057,0.00,0.00,0.00,0.00,2,0
2026-06-12 20:03:20.107,0.00,0.00,0.00,0.00,2,0
2026-06-12 20:03:20.158,0.00,0.00,0.00,0.00,2,0
2026-06-12 20:03:20.208,0.00,0.00,0.00,0.00,2,0
2026-06-12 20:03:20.258,0.00,0.00,0.00,0.00,2,0
2026-06-12 20:03:20.309,0.00,0.00,0.00,0.00,2,0
2026-06-12 20:03:20.359,0.00,0.00,0.00,0.00,2,0
2026-06-12 20:03:20.410,0.00,0.00,0.00,0.00,2,0
2026-06-12 20:03:20.460,0.00,0.00,0.00,0.00,2,0
2026-06-12 20:03:20.510,0.00,0.00,0.00,0.00,2,0
2026-06-12 20:03:20.561,0.00,0.00,0.00,0.00,2,0
2026-06-12 20:03:20.611,0.00,0.00,0.00,0.00,2,0
2026-06-12 20:03:20.662,0.00,0.00,0.00,0.00,2,0
2026-06-12 20:03:20.712,0.00,0.00,0.00,0.00,2,0
2026-06-12 20:03:20.762,0.00,0.00,0.00,0.00,2,0
2026-06-12 20:03:20.813,0.00,0.00,0.00,0.00,2,0
2026-06-12 20:03:20.863,0.00,0.00,0.00,0.00,2,0
2026-06-12 20:03:20.914,0.00,0.00,0.00,0.00,2,0
2026-06-12 20:03:20.964,0.00,0.00,0.00,0.00,2,0
2026-06-12 20:03:21.014,0.00,0.00,0.00,0.00,2,0
2026-06-12 20:03:21.065,0.00,0.00,0.00,0.00,2,0
2026-06-12 20:03:21.115,0.00,0.00,0.00,0.00,2,0
2026-06-12 20:03:21.166,0.00,0.00,0.00,0.00,2,0
2026-06-12 20:03:21.216,0.00,0.00,0.00,0.00,2,0
2026-06-12 20:03:21.266,0.00,0.00,0.00,0.00,2,0
2026-06-12 20:03:21.317,0.00,0.00,0.00,0.00,2,0
2026-06-12 20:03:21.367,0.00,0.00,0.00,0.00,2,0
2026-06-12 20:03:21.418,0.00,0.00,0.00,0.00,2,0
2026-06-12 20:03:21.468,0.00,0.00,0.00,0.00,2,0
2026-06-12 20:03:21.519,0.00,0.00,0.00,0.00,2,0
2026-06-12 20:03:21.569,0.00,0.00,0.00,0.00,2,0
2026-06-12 20:03:21.620,0.00,0.00,0.00,0.00,2,0
2026-06-12 20:03:21.670,0.00,0.00,0.00,0.00,2,0
2026-06-12 20:03:21.721,0.00,0.00,0.00,0.00,2,0
2026-06-12 20:03:21.771,0.00,0.00,0.00,0.00,2,0
2026-06-12 20:03:21.821,0.00,0.00,0.00,0.00,2,0
2026-06-12 20:03:21.871,0.00,0.00,0.00,0.00,2,0
2026-06-12 20:03:21.922,0.00,0.00,0.00,0.00,2,0
2026-06-12 20:03:21.972,0.00,0.00,0.00,0.00,2,0
2026-06-12 20:03:22.022,0.00,0.00,0.00,0.00,2,0
2026-06-12 20:03:22.073,0.00,0.00,0.00,0.00,2,0
2026-06-12 20:03:22.123,0.00,0.00,0.00,0.00,2,0
2026-06-12 20:03:22.174,0.00,0.00,0.00,0.00,2,0
2026-06-12 20:03:22.224,0.00,0.00,0.00,0.00,2,0
2026-06-12 20:03:22.274,0.00,0.00,0.00,0.00,2,0
2026-06-12 20:03:22.325,0.00,0.00,0.00,0.00,2,0
2026-06-12 20:03:22.375,0.00,0.00,0.00,0.00,2,0
2026-06-12 20:03:22.426,0.00,0.00,0.00,0.00,2,0
2026-06-12 20:03:22.476,0.00,0.00,0.00,0.00,2,0
2026-06-12 20:03:22.526,0.00,0.00,0.00,0.00,2,0
2026-06-12 20:03:22.577,0.00,0.00,0.00,0.00,2,0
2026-06-12 20:03:22.627,0.00,0.00,0.00,0.00,2,0
2026-06-12 20:03:22.678,0.00,0.00,0.00,0.00,2,0
2026-06-12 20:03:22.728,0.00,0.00,0.00,0.00,2,0
2026-06-12 20:03:22.779,0.00,0.00,0.00,0.00,2,0
2026-06-12 20:03:22.829,0.00,0.00,0.00,0.00,2,0
2026-06-12 20:03:22.879,0.00,0.00,0.00,0.00,2,0
2026-06-12 20:03:22.930,0.00,0.00,0.00,0.00,2,0
2026-06-12 20:03:22.980,0.00,0.00,0.00,0.00,2,0
2026-06-12 20:03:23.030,0.00,0.00,0.00,0.00,2,0
2026-06-12 20:03:23.081,0.00,0.00,0.00,0.00,2,0
2026-06-12 20:03:23.131,0.00,0.00,0.00,0.00,2,0
2026-06-12 20:03:23.182,0.00,0.00,0.00,0.00,2,0
2026-06-12 20:03:23.232,0.00,0.00,0.00,0.00,2,0
2026-06-12 20:03:23.282,0.00,0.00,0.00,0.00,2,0
2026-06-12 20:03:23.333,0.05,0.00,0.00,0.00,2,0
2026-06-12 20:03:23.383,75.62,125.95,1.49,0.45,2,0
2026-06-12 20:03:23.434,75.62,125.95,2287.98,686.71,2,0
2026-06-12 20:03:23.484,75.62,125.95,2287.98,686.71,2,0
2026-06-12 20:03:23.534,75.62,125.95,2287.98,686.71,2,0
2026-06-12 20:03:23.585,75.62,125.95,2287.98,686.71,2,0
2026-06-12 20:03:23.635,75.62,125.95,2287.98,686.71,2,0
2026-06-12 20:03:23.686,75.62,125.95,2287.98,686.71,2,0
2026-06-12 20:03:23.736,75.62,125.95,2287.98,686.71,2,0
2026-06-12 20:03:23.786,75.62,125.95,2287.98,686.71,2,0
2026-06-12 20:03:23.837,75.62,125.95,2287.98,686.71,2,0
2026-06-12 20:03:23.887,75.62,125.95,2287.98,686.71,2,0
2026-06-12 20:03:23.938,75.62,125.95,2287.98,686.71,2,0
2026-06-12 20:03:23.988,75.62,125.95,2287.98,686.71,2,0
2026-06-12 20:03:24.038,75.62,125.95,2287.98,686.71,2,0
2026-06-12 20:03:24.089,75.62,125.95,2287.98,686.71,2,0
2026-06-12 20:03:24.140,75.62,125.95,2287.98,686.71,2,0
2026-06-12 20:03:24.190,75.62,125.95,2287.98,686.71,2,0
2026-06-12 20:03:24.240,75.62,125.95,2287.98,686.71,2,0
2026-06-12 20:03:24.291,75.62,125.95,2287.98,686.71,2,0
2026-06-12 20:03:24.341,75.62,125.95,2287.98,686.71,2,0
2026-06-12 20:03:24.391,75.62,125.95,2287.98,686.71,2,0
2026-06-12 20:03:24.442,75.62,125.95,2287.98,686.71,2,0
2026-06-12 20:03:24.492,75.62,125.95,2287.98,686.71,2,0
2026-06-12 20:03:24.542,75.62,125.95,2287.98,686.71,2,0
2026-06-12 20:03:24.593,75.62,125.95,2287.98,686.71,2,0
2026-06-12 20:03:24.643,75.62,125.95,2287.98,686.71,2,0
2026-06-12 20:03:24.694,75.62,125.95,2287.98,686.71,2,0
2026-06-12 20:03:24.744,75.62,125.95,2287.98,686.71,2,0
2026-06-12 20:03:24.795,75.62,125.95,2287.98,686.71,2,0
2026-06-12 20:03:24.845,75.62,125.95,2287.98,686.71,2,0
2026-06-12 20:03:24.895,75.62,125.95,2287.98,686.71,2,0
2026-06-12 20:03:24.946,75.62,125.95,2287.98,686.71,2,0
2026-06-12 20:03:24.996,75.62,125.95,2287.98,686.71,2,0
2026-06-12 20:03:25.047,75.62,125.95,2287.98,686.71,2,0
2026-06-12 20:03:25.097,75.62,125.95,2287.98,686.71,2,0
2026-06-12 20:03:25.147,75.62,125.95,2287.98,686.71,2,0
2026-06-12 20:03:25.198,75.62,125.95,2287.98,686.71,2,0
2026-06-12 20:03:25.248,75.62,125.95,2287.98,686.71,2,0
2026-06-12 20:03:25.299,75.62,125.95,2287.98,686.71,2,0
2026-06-12 20:03:25.349,0.00,0.00,2287.98,686.71,2,0
2026-06-12 20:03:25.400,0.00,0.00,0.00,0.00,2,0
2026-06-12 20:03:25.451,0.00,0.00,0.00,0.00,2,0
2026-06-12 20:03:25.500,0.00,0.00,0.00,0.00,2,0
2026-06-12 20:03:25.551,0.00,0.00,0.00,0.00,2,0
2026-06-12 20:03:25.601,0.00,0.00,0.00,0.00,2,0
2026-06-12 20:03:25.651,0.00,0.00,0.00,0.00,2,0
2026-06-12 20:03:25.702,0.00,0.00,0.00,0.00,2,0
2026-06-12 20:03:25.752,0.00,0.00,0.00,0.00,2,0
2026-06-12 20:03:25.803,0.00,0.00,0.00,0.00,2,0
2026-06-12 20:03:25.853,0.00,0.00,0.00,0.00,2,0
2026-06-12 20:03:25.903,0.00,0.00,0.00,0.00,2,0
2026-06-12 20:03:25.954,0.00,0.00,0.00,0.00,2,0
2026-06-12 20:03:26.004,0.00,0.00,0.00,0.00,2,0
2026-06-12 20:03:26.055,0.00,0.00,0.00,0.00,2,0
2026-06-12 20:03:26.105,0.00,0.00,0.00,0.00,2,0
2026-06-12 20:03:26.155,0.00,0.00,0.00,0.00,2,0
2026-06-12 20:03:26.206,0.00,0.00,0.00,0.00,2,0
2026-06-12 20:03:26.256,0.00,0.00,0.00,0.00,2,0
2026-06-12 20:03:26.307,0.00,0.00,0.00,0.00,2,0
2026-06-12 20:03:26.357,0.00,0.00,0.00,0.00,2,0
2026-06-12 20:03:26.407,0.00,0.00,0.00,0.00,2,0
2026-06-12 20:03:26.458,0.00,0.00,0.00,0.00,2,0
2026-06-12 20:03:26.508,0.00,0.00,0.00,0.00,2,0
2026-06-12 20:03:26.559,0.00,0.00,0.00,0.00,2,0
2026-06-12 20:03:26.609,0.00,0.00,0.00,0.00,2,0
2026-06-12 20:03:26.659,0.00,0.00,0.00,0.00,2,0
2026-06-12 20:03:26.710,0.00,0.00,0.00,0.00,2,0
2026-06-12 20:03:26.760,0.00,0.00,0.00,0.00,2,0
2026-06-12 20:03:26.811,0.00,0.00,0.00,0.00,2,0
2026-06-12 20:03:26.861,0.00,0.00,0.00,0.00,2,0
2026-06-12 20:03:26.911,0.00,0.00,0.00,0.00,2,0
2026-06-12 20:03:26.962,0.00,0.00,0.00,0.00,2,0
2026-06-12 20:03:27.012,0.00,0.00,0.00,0.00,2,0
2026-06-12 20:03:27.063,0.00,0.00,0.00,0.00,2,0
2026-06-12 20:03:27.113,0.00,0.00,0.00,0.00,2,0
2026-06-12 20:03:27.163,0.00,0.00,0.00,0.00,2,0
2026-06-12 20:03:27.214,0.00,0.00,0.00,0.00,2,0
2026-06-12 20:03:27.264,0.00,0.00,0.00,0.00,2,0
2026-06-12 20:03:27.315,0.00,0.00,0.00,0.00,2,0
2026-06-12 20:03:27.365,0.00,0.00,0.00,0.00,2,0
2026-06-12 20:03:27.415,0.00,0.00,0.00,0.00,2,0
2026-06-12 20:03:27.466,0.00,0.00,0.00,0.00,2,0
2026-06-12 20:03:27.516,0.00,0.00,0.00,0.00,2,0
2026-06-12 20:03:27.567,0.00,0.00,0.00,0.00,2,0
2026-06-12 20:03:27.617,0.00,0.00,0.00,0.00,2,0
2026-06-12 20:03:27.667,0.00,0.00,0.00,0.00,2,0
2026-06-12 20:03:27.718,0.00,0.00,0.00,0.00,2,0
2026-06-12 20:03:27.768,0.00,0.00,0.00,0.00,2,0
2026-06-12 20:03:27.819,0.00,0.00,0.00,0.00,2,0
2026-06-12 20:03:27.869,0.00,0.00,0.00,0.00,2,0
2026-06-12 20:03:27.920,0.00,0.00,0.00,0.00,2,0
2026-06-12 20:03:27.970,0.00,0.00,0.00,0.00,2,0
2026-06-12 20:03:28.021,0.00,0.00,0.00,0.00,2,0
2026-06-12 20:03:28.071,0.00,0.00,0.00,0.00,2,0
2026-06-12 20:03:28.121,0.00,0.00,0.00,0.00,2,0
2026-06-12 20:03:28.171,0.00,0.00,0.00,0.00,2,0
2026-06-12 20:03:28.222,0.00,0.00,0.00,0.00,2,0
2026-06-12 20:03:28.272,0.00,0.00,0.00,0.00,2,0
2026-06-12 20:03:28.323,0.00,0.00,0.00,0.00,2,0
2026-06-12 20:03:28.373,0.00,0.00,0.00,0.00,2,0
2026-06-12 20:03:28.423,0.00,0.00,0.00,0.00,2,0
2026-06-12 20:03:28.474,0.00,0.00,0.00,0.00,2,0
2026-06-12 20:03:28.524,0.00,0.00,0.00,0.00,2,0
2026-06-12 20:03:28.575,0.00,0.00,0.00,0.00,2,0
2026-06-12 20:03:28.625,0.00,0.00,0.00,0.00,2,0
2026-06-12 20:03:28.675,0.00,0.00,0.00,0.00,2,0
2026-06-12 20:03:28.726,0.00,0.00,0.00,0.00,2,0
2026-06-12 20:03:28.776,0.00,0.00,0.00,0.00,2,0
2026-06-12 20:03:28.827,0.00,0.00,0.00,0.00,2,0
2026-06-12 20:03:28.877,0.00,0.00,0.00,0.00,2,0
2026-06-12 20:03:28.927,0.00,0.00,0.00,0.00,2,0
2026-06-12 20:03:28.978,0.00,0.00,0.00,0.00,2,0
2026-06-12 20:03:29.028,0.00,0.00,0.00,0.00,2,0
2026-06-12 20:03:29.078,0.00,0.00,0.00,0.00,2,0
2026-06-12 20:03:29.129,0.00,0.00,0.00,0.00,2,0
2026-06-12 20:03:29.179,0.00,0.00,0.00,0.00,2,0
2026-06-12 20:03:29.230,0.00,0.00,0.00,0.00,2,0
2026-06-12 20:03:29.280,0.00,0.00,0.00,0.00,2,0
2026-06-12 20:03:29.330,0.00,0.00,0.00,0.00,2,0
2026-06-12 20:03:29.381,0.00,0.00,0.00,0.00,2,0
2026-06-12 20:03:29.431,0.00,0.00,0.00,0.00,2,0
2026-06-12 20:03:29.482,0.00,0.00,0.00,0.00,2,0
2026-06-12 20:03:29.532,0.00,0.00,0.00,0.00,2,0
2026-06-12 20:03:29.582,0.00,0.00,0.00,0.00,2,0
2026-06-12 20:03:29.633,0.00,0.00,0.00,0.00,2,0
2026-06-12 20:03:29.683,0.00,0.00,0.00,0.00,2,0
2026-06-12 20:03:29.734,0.00,0.00,0.00,0.00,2,0
2026-06-12 20:03:29.784,0.00,0.00,0.00,0.00,2,0
2026-06-12 20:03:29.834,0.00,0.00,0.00,0.00,2,0
2026-06-12 20:03:29.885,0.00,0.00,0.00,0.00,2,0
2026-06-12 20:03:29.935,0.00,0.00,0.00,0.00,2,0
2026-06-12 20:03:29.986,0.00,0.00,0.00,0.00,2,0
2026-06-12 20:03:30.036,0.00,0.00,0.00,0.00,2,0
2026-06-12 20:03:30.087,0.00,0.00,0.00,0.00,2,0
2026-06-12 20:03:30.137,0.00,0.00,0.00,0.00,2,0
2026-06-12 20:03:30.187,0.00,0.00,0.00,0.00,2,0
2026-06-12 20:03:30.238,0.00,0.00,0.00,0.00,2,0
2026-06-12 20:03:30.288,0.00,0.00,0.00,0.00,2,0
2026-06-12 20:03:30.339,0.00,0.00,0.00,0.00,2,0
2026-06-12 20:03:30.389,0.00,0.00,0.00,0.00,2,0
2026-06-12 20:03:30.440,0.00,0.00,0.00,0.00,2,0
2026-06-12 20:03:30.490,0.00,0.00,0.00,0.00,2,0
2026-06-12 20:03:30.541,0.00,0.00,0.00,0.00,2,0
2026-06-12 20:03:30.591,0.00,0.00,0.00,0.00,2,0
2026-06-12 20:03:30.641,0.00,0.00,0.00,0.00,2,0
2026-06-12 20:03:30.691,0.00,0.00,0.00,0.00,2,0
2026-06-12 20:03:30.742,0.00,0.00,0.00,0.00,2,0
2026-06-12 20:03:30.792,0.00,0.00,0.00,0.00,2,0
2026-06-12 20:03:30.843,0.00,0.00,0.00,0.00,2,0
2026-06-12 20:03:30.894,0.00,0.00,0.00,0.00,2,0
2026-06-12 20:03:30.943,0.00,0.00,0.00,0.00,2,0
2026-06-12 20:03:30.994,0.00,0.00,0.00,0.00,2,0
2026-06-12 20:03:31.044,0.00,0.00,0.00,0.00,2,0
2026-06-12 20:03:31.095,0.00,0.00,0.00,0.00,2,0
2026-06-12 20:03:31.145,0.00,0.00,0.00,0.00,2,0
2026-06-12 20:03:31.195,0.00,0.00,0.00,0.00,2,0
2026-06-12 20:03:31.246,0.00,0.00,0.00,0.00,2,0
2026-06-12 20:03:31.296,0.00,0.00,0.00,0.00,2,0
2026-06-12 20:03:31.346,0.00,0.00,0.00,0.00,2,0
2026-06-12 20:03:31.397,0.00,0.00,0.00,0.00,2,0
2026-06-12 20:03:31.447,0.00,0.00,0.00,0.00,2,0
2026-06-12 20:03:31.498,0.00,0.00,0.00,0.00,2,0
2026-06-12 20:03:31.548,0.00,0.00,0.00,0.00,2,0
2026-06-12 20:03:31.598,0.00,0.00,0.00,0.00,2,0
2026-06-12 20:03:31.649,0.00,0.00,0.00,0.00,2,0
2026-06-12 20:03:31.699,0.00,0.00,0.00,0.00,2,0
2026-06-12 20:03:31.750,0.00,0.00,0.00,0.00,2,0
2026-06-12 20:03:31.800,0.00,0.00,0.00,0.00,2,0
2026-06-12 20:03:31.850,0.00,0.00,0.00,0.00,2,0
2026-06-12 20:03:31.901,0.00,0.00,0.00,0.00,2,0
2026-06-12 20:03:31.951,0.00,0.00,0.00,0.00,2,0
2026-06-12 20:03:32.002,0.00,0.00,0.00,0.00,2,0
2026-06-12 20:03:32.052,0.00,0.00,0.00,0.00,2,0
2026-06-12 20:03:32.102,0.00,0.00,0.00,0.00,2,0
2026-06-12 20:03:32.153,0.00,0.00,0.00,0.00,2,0
2026-06-12 20:03:32.203,0.00,0.00,0.00,0.00,2,0
2026-06-12 20:03:32.254,0.00,0.00,0.00,0.00,2,0
2026-06-12 20:03:32.304,0.00,0.00,0.00,0.00,2,0
2026-06-12 20:03:32.355,0.00,0.00,0.00,0.00,2,0
2026-06-12 20:03:32.405,0.00,0.00,0.00,0.00,2,0
2026-06-12 20:03:32.455,0.00,0.00,0.00,0.00,2,0
2026-06-12 20:03:32.506,0.00,0.00,0.00,0.00,2,0
2026-06-12 20:03:32.556,0.00,0.00,0.00,0.00,2,0
2026-06-12 20:03:32.607,0.00,0.00,0.00,0.00,2,0
2026-06-12 20:03:32.657,0.00,0.00,0.00,0.00,2,0
2026-06-12 20:03:32.707,0.00,0.00,0.00,0.00,2,0
2026-06-12 20:03:32.758,0.00,0.00,0.00,0.00,2,0
2026-06-12 20:03:32.808,0.00,0.00,0.00,0.00,2,0
2026-06-12 20:03:32.859,0.00,0.00,0.00,0.00,2,0
2026-06-12 20:03:32.909,0.00,0.00,0.00,0.00,2,0
2026-06-12 20:03:32.959,0.00,0.00,0.00,0.00,2,0
2026-06-12 20:03:33.010,0.00,0.00,0.00,0.00,2,0
2026-06-12 20:03:33.061,0.00,0.00,0.00,0.00,2,0
2026-06-12 20:03:33.110,0.00,0.00,0.00,0.00,2,0
2026-06-12 20:03:33.161,0.00,0.00,0.00,0.00,2,0
2026-06-12 20:03:33.211,0.00,0.00,0.00,0.00,2,0
2026-06-12 20:03:33.262,0.00,0.00,0.00,0.00,2,0
2026-06-12 20:03:33.312,0.00,0.00,0.00,0.00,2,0
2026-06-12 20:03:33.363,0.00,0.00,0.00,0.00,2,0
2026-06-12 20:03:33.413,54.16,90.09,0.00,0.00,2,0
2026-06-12 20:03:33.464,130.81,189.26,1637.20,491.79,2,0
2026-06-12 20:03:33.514,261.38,333.50,2507.52,1187.94,2,0
2026-06-12 20:03:33.564,288.52,280.45,3689.13,2373.61,2,0
2026-06-12 20:03:33.615,328.51,266.31,2708.56,2620.07,2,0
2026-06-12 20:03:33.665,361.60,242.57,3624.94,2983.21,2,0
2026-06-12 20:03:33.715,380.82,204.51,3561.25,3283.74,2,0
2026-06-12 20:03:33.766,390.03,161.27,3630.20,3458.23,2,0
2026-06-12 20:03:33.816,395.24,124.97,3609.24,3541.87,2,0
2026-06-12 20:03:33.867,396.66,91.83,3680.08,3589.18,2,0
2026-06-12 20:03:33.917,399.97,71.53,3574.83,3602.07,2,0
2026-06-12 20:03:33.968,397.07,47.29,3672.87,3632.18,2,0
2026-06-12 20:03:34.018,396.06,32.50,3574.83,3605.81,2,0
2026-06-12 20:03:34.068,398.93,28.24,3576.54,3596.66,2,0
2026-06-12 20:03:34.119,398.91,20.63,3681.89,3622.68,2,0
2026-06-12 20:03:34.169,397.30,12.37,3639.01,3622.58,2,0
2026-06-12 20:03:34.220,400.17,13.35,3586.80,3607.95,2,0
2026-06-12 20:03:34.270,401.95,12.13,3669.28,3633.98,2,0
2026-06-12 20:03:34.321,399.14,4.20,3647.86,3650.11,2,0
2026-06-12 20:03:34.371,395.86,-2.24,3557.87,3624.58,2,0
2026-06-12 20:03:34.421,394.50,-3.45,3541.08,3594.85,2,0
2026-06-12 20:03:34.472,395.33,-1.61,3590.23,3582.53,2,0
2026-06-12 20:03:34.522,395.33,-1.61,3607.50,3590.02,2,0
2026-06-12 20:03:34.573,395.33,-1.61,3607.50,3590.02,2,0
2026-06-12 20:03:34.623,395.33,-1.61,3607.50,3590.02,2,0
2026-06-12 20:03:34.673,395.33,-1.61,3607.50,3590.02,2,0
2026-06-12 20:03:34.724,395.33,-1.61,3607.50,3590.02,2,0
2026-06-12 20:03:34.775,395.33,-1.61,3607.50,3590.02,2,0
2026-06-12 20:03:34.825,395.33,-1.61,3607.50,3590.02,2,0
2026-06-12 20:03:34.875,395.33,-1.61,3607.50,3590.02,2,0
2026-06-12 20:03:34.926,395.33,-1.61,3607.50,3590.02,2,0
2026-06-12 20:03:34.976,395.33,-1.61,3607.50,3590.02,2,0
2026-06-12 20:03:35.026,278.41,-9.78,3607.50,3590.02,2,0
2026-06-12 20:03:35.077,278.41,-9.78,50.70,2528.22,2,0
2026-06-12 20:03:35.127,278.41,-9.78,50.70,2528.22,2,0
2026-06-12 20:03:35.178,196.27,-35.26,50.70,2528.22,2,0
2026-06-12 20:03:35.228,196.27,-35.26,41.89,1782.32,2,0
2026-06-12 20:03:35.279,196.27,-35.26,41.89,1782.32,2,0
2026-06-12 20:03:35.329,138.51,-43.65,41.89,1782.32,2,0
2026-06-12 20:03:35.380,138.51,-43.65,34.07,1257.85,2,0
2026-06-12 20:03:35.430,138.51,-43.65,34.07,1257.85,2,0
2026-06-12 20:03:35.480,138.51,-43.65,34.07,1257.85,2,0
2026-06-12 20:03:35.531,97.90,-46.66,34.07,1257.85,2,0
2026-06-12 20:03:35.581,97.90,-46.66,28.58,889.07,2,0
2026-06-12 20:03:35.632,70.17,-48.83,28.58,889.07,2,0
2026-06-12 20:03:35.682,70.17,-48.83,49.66,637.25,2,0
2026-06-12 20:03:35.732,70.17,-48.83,49.66,637.25,2,0
2026-06-12 20:03:35.783,50.79,-47.92,49.66,637.25,2,0
2026-06-12 20:03:35.833,50.79,-47.92,50.44,461.20,2,0
2026-06-12 20:03:35.884,28.70,-53.82,50.44,461.20,2,0
2026-06-12 20:03:35.934,28.70,-53.82,76.21,260.65,2,0
2026-06-12 20:03:35.984,23.18,-48.81,76.21,260.65,2,0
2026-06-12 20:03:36.035,23.18,-48.81,93.53,210.51,2,0
2026-06-12 20:03:36.085,19.60,-42.97,93.53,210.51,2,0
2026-06-12 20:03:36.136,17.40,-37.73,101.98,177.95,2,0
2026-06-12 20:03:36.186,17.40,-37.73,111.36,157.97,2,0
2026-06-12 20:03:36.237,15.33,-33.20,111.36,157.97,2,0
2026-06-12 20:03:36.287,13.81,-29.07,95.48,139.22,2,0
2026-06-12 20:03:36.337,12.99,-25.39,93.32,125.45,2,0
2026-06-12 20:03:36.388,12.99,-25.39,100.50,117.97,2,0
2026-06-12 20:03:36.438,12.58,-21.81,100.50,117.97,2,0
2026-06-12 20:03:36.489,12.42,-18.63,105.48,114.22,2,0
2026-06-12 20:03:36.539,12.43,-15.82,109.34,112.76,2,0
2026-06-12 20:03:36.589,13.37,-11.89,113.29,112.92,2,0
2026-06-12 20:03:36.640,14.50,-9.18,141.16,121.39,2,0
2026-06-12 20:03:36.690,15.52,-6.95,155.59,131.65,2,0
2026-06-12 20:03:36.741,16.54,-5.07,162.65,140.95,2,0
2026-06-12 20:03:36.791,16.23,-4.58,171.92,150.24,2,0
2026-06-12 20:03:36.841,15.86,-4.19,140.68,147.37,2,0
2026-06-12 20:03:36.892,15.70,-3.69,136.09,143.99,2,0
2026-06-12 20:03:36.942,15.67,-3.17,139.30,142.58,2,0
2026-06-12 20:03:36.993,15.66,-2.70,141.57,142.28,2,0
2026-06-12 20:03:37.043,15.76,-2.21,142.12,142.23,2,0
2026-06-12 20:03:37.094,15.90,-1.76,145.29,143.15,2,0
2026-06-12 20:03:37.144,16.14,-1.09,147.33,144.40,2,0
2026-06-12 20:03:37.195,16.50,-0.64,151.76,146.61,2,0
2026-06-12 20:03:37.245,16.81,-0.28,157.36,149.84,2,0
2026-06-12 20:03:37.295,17.16,0.05,159.38,152.70,2,0
2026-06-12 20:03:37.346,17.58,0.52,163.11,155.82,2,0
2026-06-12 20:03:37.396,17.85,0.66,163.83,159.68,2,0
2026-06-12 20:03:37.447,18.09,0.76,167.58,162.05,2,0
2026-06-12 20:03:37.497,18.40,0.90,169.53,164.30,2,0
2026-06-12 20:03:37.547,18.77,1.40,173.51,167.06,2,0
2026-06-12 20:03:37.598,19.37,1.70,178.49,170.49,2,0
2026-06-12 20:03:37.648,19.63,1.66,181.95,175.93,2,0
2026-06-12 20:03:37.699,19.80,1.55,183.59,178.23,2,0
2026-06-12 20:03:37.749,20.04,1.72,183.37,179.77,2,0
2026-06-12 20:03:37.799,20.47,1.75,187.05,181.95,2,0
2026-06-12 20:03:37.850,20.79,1.76,190.83,185.87,2,0
2026-06-12 20:03:37.900,21.01,1.87,195.50,188.76,2,0
2026-06-12 20:03:37.951,21.56,1.95,195.60,190.81,2,0
2026-06-12 20:03:38.002,21.67,1.75,200.58,195.77,2,0
2026-06-12 20:03:38.052,21.82,1.74,199.08,196.76,2,0
2026-06-12 20:03:38.102,22.14,1.67,201.50,198.18,2,0
2026-06-12 20:03:38.152,22.41,1.88,205.37,201.03,2,0
2026-06-12 20:03:38.203,22.87,1.91,209.38,203.54,2,0
2026-06-12 20:03:38.253,23.03,1.75,212.67,207.67,2,0
2026-06-12 20:03:38.303,23.11,1.39,212.46,209.11,2,0
2026-06-12 20:03:38.354,23.23,1.29,210.69,209.87,2,0
2026-06-12 20:03:38.404,23.71,1.68,213.60,210.99,2,0
2026-06-12 20:03:38.455,24.02,1.68,221.85,215.30,2,0
2026-06-12 20:03:38.505,24.35,1.72,224.65,218.10,2,0
2026-06-12 20:03:38.555,24.40,1.50,224.10,221.13,2,0
2026-06-12 20:03:38.606,24.51,1.26,222.54,221.56,2,0
2026-06-12 20:03:38.656,24.67,1.20,224.22,222.57,2,0
2026-06-12 20:03:38.707,25.19,1.68,227.37,224.01,2,0
2026-06-12 20:03:38.757,25.43,1.81,235.12,228.78,2,0
2026-06-12 20:03:38.808,25.56,1.42,235.80,230.89,2,0
2026-06-12 20:03:38.858,25.48,1.08,232.60,232.09,2,0
2026-06-12 20:03:38.908,25.57,0.95,229.77,231.39,2,0
2026-06-12 20:03:38.959,25.96,1.29,234.45,232.17,2,0
2026-06-12 20:03:39.010,26.08,1.20,240.61,235.77,2,0
2026-06-12 20:03:39.060,26.02,0.77,239.36,236.85,2,0
2026-06-12 20:03:39.110,25.90,0.46,235.57,236.29,2,0
2026-06-12 20:03:39.161,26.06,0.57,232.75,235.23,2,0
2026-06-12 20:03:39.211,26.52,1.13,239.38,236.69,2,0
2026-06-12 20:03:39.261,26.67,1.21,247.37,240.83,2,0
2026-06-12 20:03:39.312,26.76,0.98,245.46,242.22,2,0
2026-06-12 20:03:39.362,26.67,0.57,243.87,243.04,2,0
2026-06-12 20:03:39.412,26.76,0.56,242.08,242.21,2,0
2026-06-12 20:03:39.463,27.03,0.83,244.77,242.98,2,0
2026-06-12 20:03:39.513,27.16,0.79,248.59,245.50,2,0
2026-06-12 20:03:39.564,27.06,0.60,247.72,246.65,2,0
2026-06-12 20:03:39.614,27.05,0.40,243.72,245.77,2,0
2026-06-12 20:03:39.664,27.11,0.39,245.26,245.63,2,0
2026-06-12 20:03:39.715,27.21,0.42,247.61,246.17,2,0
2026-06-12 20:03:39.765,27.39,0.57,249.12,247.05,2,0
2026-06-12 20:03:39.816,29.88,4.57,249.77,248.71,2,0
2026-06-12 20:03:39.866,31.73,5.42,324.11,271.38,2,0
2026-06-12 20:03:39.917,32.39,4.58,327.24,288.14,2,0
2026-06-12 20:03:39.967,30.11,-0.16,277.37,294.15,2,0
2026-06-12 20:03:40.017,29.39,-1.35,252.81,273.47,2,0
2026-06-12 20:03:40.068,28.28,-2.22,251.42,266.85,2,0
2026-06-12 20:03:40.118,27.78,-2.35,246.39,256.79,2,0
2026-06-12 20:03:40.169,27.71,-2.12,248.38,252.31,2,0
2026-06-12 20:03:40.219,27.76,-1.48,249.99,251.62,2,0
2026-06-12 20:03:40.270,27.57,-1.35,252.36,252.05,2,0
2026-06-12 20:03:40.321,27.36,-1.32,248.55,250.40,2,0
2026-06-12 20:03:40.370,27.21,-1.17,244.08,248.50,2,0
2026-06-12 20:03:40.421,27.29,-0.71,246.90,247.11,2,0
2026-06-12 20:03:40.471,27.27,-0.62,249.77,247.86,2,0
2026-06-12 20:03:40.522,26.93,-0.97,247.04,247.61,2,0
2026-06-12 20:03:40.572,26.68,-1.24,240.37,244.55,2,0
2026-06-12 20:03:40.622,26.37,-1.19,236.99,242.28,2,0
2026-06-12 20:03:40.673,26.33,-0.91,237.82,239.45,2,0
2026-06-12 20:03:40.723,26.34,-0.77,238.88,239.15,2,0
2026-06-12 20:03:40.774,25.99,-1.09,239.27,239.19,2,0
2026-06-12 20:03:40.824,25.76,-1.31,231.85,235.99,2,0
2026-06-12 20:03:40.878,25.51,-1.19,229.15,233.94,2,0
2026-06-12 20:03:40.925,25.46,-1.09,230.15,231.62,2,0
2026-06-12 20:03:40.975,25.41,-0.86,230.20,231.19,2,0
2026-06-12 20:03:41.026,25.23,-1.02,229.89,230.77,2,0
2026-06-12 20:03:41.076,24.81,-1.27,225.27,229.12,2,0
2026-06-12 20:03:41.127,24.59,-1.44,220.05,225.35,2,0
2026-06-12 20:03:41.177,24.29,-1.40,218.63,223.33,2,0
2026-06-12 20:03:41.227,24.24,-1.27,217.23,220.60,2,0
2026-06-12 20:03:41.278,24.02,-1.22,219.08,220.14,2,0
2026-06-12 20:03:41.328,23.81,-1.21,215.02,218.13,2,0
2026-06-12 20:03:41.379,23.62,-1.34,211.83,216.24,2,0
2026-06-12 20:03:41.429,23.24,-1.38,210.40,214.49,2,0
2026-06-12 20:03:41.480,23.17,-1.30,207.73,211.08,2,0
2026-06-12 20:03:41.530,22.95,-1.18,208.78,210.39,2,0
2026-06-12 20:03:41.581,22.81,-1.12,206.46,208.42,2,0
2026-06-12 20:03:41.631,22.55,-1.39,204.07,207.12,2,0
2026-06-12 20:03:41.681,21.99,-1.65,199.25,204.76,2,0
2026-06-12 20:03:41.732,21.80,-1.56,194.08,199.71,2,0
2026-06-12 20:03:41.782,21.72,-1.45,193.87,197.96,2,0
2026-06-12 20:03:41.833,21.72,-1.24,195.62,197.25,2,0
2026-06-12 20:03:41.883,21.62,-1.04,197.25,197.25,2,0
2026-06-12 20:03:41.933,21.38,-1.08,194.56,196.35,2,0
2026-06-12 20:03:41.984,21.20,-1.23,189.15,194.19,2,0
2026-06-12 20:03:42.034,20.90,-1.23,188.61,192.52,2,0
2026-06-12 20:03:42.086,20.87,-1.07,186.90,189.79,2,0
2026-06-12 20:03:42.135,20.79,-0.98,189.04,189.57,2,0
2026-06-12 20:03:42.185,20.64,-1.06,186.92,188.77,2,0
2026-06-12 20:03:42.236,20.45,-1.07,184.41,187.46,2,0
2026-06-12 20:03:42.286,19.90,-1.44,181.52,185.68,2,0
2026-06-12 20:03:42.337,19.55,-1.52,174.42,180.71,2,0
2026-06-12 20:03:42.387,19.31,-1.49,169.98,177.49,2,0
2026-06-12 20:03:42.438,19.11,-1.42,170.26,175.32,2,0
2026-06-12 20:03:42.488,18.95,-1.35,169.50,173.57,2,0
2026-06-12 20:03:42.538,18.88,-1.25,168.56,172.07,2,0
2026-06-12 20:03:42.589,18.66,-1.25,170.14,171.49,2,0
2026-06-12 20:03:42.640,18.38,-1.29,164.72,169.46,2,0
2026-06-12 20:03:42.690,18.13,-1.31,161.09,166.95,2,0
2026-06-12 20:03:42.740,17.85,-1.34,159.18,164.62,2,0
2026-06-12 20:03:42.791,17.66,-1.29,156.34,162.14,2,0
2026-06-12 20:03:42.841,17.55,-1.20,156.31,160.39,2,0
2026-06-12 20:03:42.891,18.10,0.22,156.87,159.33,2,0
2026-06-12 20:03:42.942,19.34,2.26,179.69,164.32,2,0
2026-06-12 20:03:42.993,19.99,2.46,201.90,175.60,2,0
2026-06-12 20:03:43.043,20.69,2.66,195.29,181.51,2,0
2026-06-12 20:03:43.093,20.65,2.19,196.38,187.92,2,0
2026-06-12 20:03:43.143,20.55,1.78,186.67,187.54,2,0
2026-06-12 20:03:43.194,20.49,1.46,184.52,186.64,2,0
2026-06-12 20:03:43.244,19.28,0.57,184.67,186.05,2,0
2026-06-12 20:03:43.295,17.96,-0.59,149.60,175.11,2,0
2026-06-12 20:03:43.345,16.98,-1.32,135.17,163.13,2,0
2026-06-12 20:03:43.395,16.98,-1.32,133.43,154.22,2,0
2026-06-12 20:03:43.446,16.20,-1.55,133.43,154.22,2,0
2026-06-12 20:03:43.496,15.52,-1.89,130.46,147.09,2,0
2026-06-12 20:03:43.547,15.00,-2.02,126.57,140.93,2,0
2026-06-12 20:03:43.597,14.52,-1.99,125.31,136.25,2,0
2026-06-12 20:03:43.648,14.14,-2.00,121.71,131.89,2,0
2026-06-12 20:03:43.698,14.56,-1.00,120.22,128.39,2,0
2026-06-12 20:03:43.748,15.39,-0.18,141.14,132.21,2,0
2026-06-12 20:03:43.799,15.90,0.13,157.26,139.73,2,0
2026-06-12 20:03:43.850,16.09,0.28,155.12,144.34,2,0
2026-06-12 20:03:43.900,16.09,0.28,150.35,146.15,2,0
2026-06-12 20:03:43.950,15.28,-0.21,150.35,146.15,2,0
2026-06-12 20:03:44.000,14.27,-0.73,121.51,138.75,2,0
2026-06-12 20:03:44.051,14.27,-0.73,108.19,129.59,2,0
2026-06-12 20:03:44.101,13.44,-1.08,108.19,129.59,2,0
2026-06-12 20:03:44.152,12.83,-1.25,104.49,122.06,2,0
2026-06-12 20:03:44.202,12.83,-1.25,103.53,116.50,2,0
2026-06-12 20:03:44.253,12.39,-1.31,103.53,116.50,2,0
2026-06-12 20:03:44.303,12.00,-1.32,103.08,112.47,2,0
2026-06-12 20:03:44.353,12.35,-0.57,100.95,109.02,2,0
2026-06-12 20:03:44.404,13.02,0.07,119.54,112.18,2,0
2026-06-12 20:03:44.454,13.34,0.24,132.38,118.24,2,0
2026-06-12 20:03:44.505,13.34,0.24,128.02,121.17,2,0
2026-06-12 20:03:44.555,13.43,0.25,128.02,121.17,2,0
2026-06-12 20:03:44.605,13.43,0.25,123.70,121.93,2,0
2026-06-12 20:03:44.656,12.43,-0.54,123.70,121.93,2,0
2026-06-12 20:03:44.706,12.43,-0.54,106.92,112.92,2,0
2026-06-12 20:03:44.757,12.45,-0.45,106.92,112.92,2,0
2026-06-12 20:03:44.807,12.37,-0.43,113.35,113.05,2,0
2026-06-12 20:03:44.858,12.37,-0.43,110.65,112.33,2,0
2026-06-12 20:03:44.908,12.26,-0.41,110.65,112.33,2,0
2026-06-12 20:03:44.958,12.26,-0.41,108.95,111.31,2,0
2026-06-12 20:03:45.009,11.45,-0.68,108.95,111.31,2,0
2026-06-12 20:03:45.059,11.45,-0.68,86.91,103.99,2,0
2026-06-12 20:03:45.110,10.61,-0.93,86.91,103.99,2,0
2026-06-12 20:03:45.160,10.61,-0.93,78.53,96.35,2,0
2026-06-12 20:03:45.210,9.91,-1.07,78.53,96.35,2,0
2026-06-12 20:03:45.261,9.91,-1.07,75.30,90.04,2,0
2026-06-12 20:03:45.311,9.31,-1.16,75.30,90.04,2,0
2026-06-12 20:03:45.362,9.31,-1.16,71.83,84.58,2,0
2026-06-12 20:03:45.412,9.31,-1.16,71.83,84.58,2,0
2026-06-12 20:03:45.463,8.78,-1.16,71.83,84.58,2,0
2026-06-12 20:03:45.513,8.78,-1.16,68.50,79.75,2,0
2026-06-12 20:03:45.564,8.34,-1.14,68.50,79.75,2,0
2026-06-12 20:03:45.614,8.34,-1.14,66.21,75.69,2,0
2026-06-12 20:03:45.664,8.01,-1.10,66.21,75.69,2,0
2026-06-12 20:03:45.715,8.01,-1.10,65.96,72.77,2,0
2026-06-12 20:03:45.765,7.81,-1.02,65.96,72.77,2,0
2026-06-12 20:03:45.816,7.81,-1.02,66.72,70.96,2,0
2026-06-12 20:03:45.866,7.77,-0.88,66.72,70.96,2,0
2026-06-12 20:03:45.916,7.77,-0.88,69.50,70.52,2,0
2026-06-12 20:03:45.967,7.82,-0.73,69.50,70.52,2,0
2026-06-12 20:03:46.017,7.82,-0.73,72.21,71.03,2,0
2026-06-12 20:03:46.068,7.97,-0.56,72.21,71.03,2,0
2026-06-12 20:03:46.118,7.97,-0.56,75.38,72.33,2,0
2026-06-12 20:03:46.169,8.19,-0.35,75.38,72.33,2,0
2026-06-12 20:03:46.220,8.19,-0.35,79.02,74.34,2,0
2026-06-12 20:03:46.270,8.45,-0.19,79.02,74.34,2,0
2026-06-12 20:03:46.320,8.76,0.01,82.19,76.69,2,0
2026-06-12 20:03:46.370,8.76,0.01,86.27,79.57,2,0
2026-06-12 20:03:46.421,9.14,0.21,86.27,79.57,2,0
2026-06-12 20:03:46.471,9.56,0.42,90.94,82.98,2,0
2026-06-12 20:03:46.521,10.06,0.76,95.87,86.84,2,0
2026-06-12 20:03:46.572,10.06,0.76,101.76,91.32,2,0
2026-06-12 20:03:46.622,10.60,0.95,101.76,91.32,2,0
2026-06-12 20:03:46.673,11.10,1.08,107.90,96.29,2,0
2026-06-12 20:03:46.723,11.57,1.31,111.31,100.80,2,0
2026-06-12 20:03:46.773,12.00,1.46,115.01,105.06,2,0
2026-06-12 20:03:46.824,12.00,1.46,118.04,108.96,2,0
2026-06-12 20:03:46.874,12.39,1.46,118.04,108.96,2,0
2026-06-12 20:03:46.925,12.80,1.58,120.78,112.50,2,0
2026-06-12 20:03:46.975,13.24,1.71,125.00,116.25,2,0
2026-06-12 20:03:47.025,13.72,1.84,129.60,120.26,2,0
2026-06-12 20:03:47.076,14.18,1.95,134.69,124.59,2,0
2026-06-12 20:03:47.128,14.64,2.03,138.50,128.76,2,0
2026-06-12 20:03:47.177,15.00,2.03,142.63,132.92,2,0
2026-06-12 20:03:47.227,15.27,1.95,143.84,136.20,2,0
2026-06-12 20:03:47.278,15.62,1.94,144.41,138.66,2,0
2026-06-12 20:03:47.328,15.92,1.91,149.18,141.82,2,0
2026-06-12 20:03:47.378,16.28,1.91,151.14,144.61,2,0
2026-06-12 20:03:47.429,18.02,3.86,155.31,147.82,2,0
2026-06-12 20:03:47.479,21.28,7.76,191.12,163.65,2,0
2026-06-12 20:03:47.530,22.25,7.38,223.15,193.28,2,0
2026-06-12 20:03:47.580,21.77,5.88,222.45,202.03,2,0
2026-06-12 20:03:47.630,20.91,4.30,187.63,197.71,2,0
2026-06-12 20:03:47.681,20.35,2.71,171.73,189.91,2,0
2026-06-12 20:03:47.731,20.10,2.09,172.74,184.76,2,0
2026-06-12 20:03:47.782,20.03,1.45,177.27,182.51,2,0
2026-06-12 20:03:47.832,20.14,1.32,181.49,181.89,2,0
2026-06-12 20:03:47.882,20.20,1.23,185.15,182.87,2,0
2026-06-12 20:03:47.933,20.45,1.24,184.91,183.48,2,0
2026-06-12 20:03:47.983,20.55,1.14,189.53,185.71,2,0
2026-06-12 20:03:48.034,20.76,1.14,188.88,186.66,2,0
2026-06-12 20:03:48.084,21.02,1.39,192.96,188.55,2,0
2026-06-12 20:03:48.134,21.41,1.50,196.31,190.88,2,0
2026-06-12 20:03:48.185,21.56,1.40,199.20,194.40,2,0
2026-06-12 20:03:48.235,25.09,6.51,198.98,195.78,2,0
2026-06-12 20:03:48.286,26.50,6.69,270.22,227.80,2,0
2026-06-12 20:03:48.336,27.64,7.58,270.67,240.66,2,0
2026-06-12 20:03:48.386,25.76,3.07,275.17,251.02,2,0
2026-06-12 20:03:48.437,25.07,2.03,209.88,233.92,2,0
2026-06-12 20:03:48.487,24.10,0.02,212.98,227.64,2,0
2026-06-12 20:03:48.538,25.32,1.03,210.11,218.82,2,0
2026-06-12 20:03:48.588,28.59,5.74,255.82,229.92,2,0
2026-06-12 20:03:48.638,29.88,5.93,289.78,259.66,2,0
2026-06-12 20:03:48.689,27.52,0.61,298.47,271.30,2,0
2026-06-12 20:03:48.739,26.53,-0.28,221.78,249.89,2,0
2026-06-12 20:03:48.790,25.87,-1.35,220.13,240.96,2,0
2026-06-12 20:03:48.840,25.14,-1.77,220.78,234.91,2,0
2026-06-12 20:03:48.890,25.16,-1.23,222.24,228.27,2,0
2026-06-12 20:03:48.941,25.22,-1.00,229.52,228.49,2,0
2026-06-12 20:03:48.991,25.39,-0.49,230.20,229.00,2,0
2026-06-12 20:03:49.042,25.34,-0.45,230.66,230.53,2,0
2026-06-12 20:03:49.092,25.41,-0.23,229.26,230.15,2,0
2026-06-12 20:03:49.143,25.59,0.10,231.30,230.71,2,0
2026-06-12 20:03:49.193,25.92,0.45,236.17,232.35,2,0
2026-06-12 20:03:49.243,26.06,0.53,238.50,235.40,2,0
2026-06-12 20:03:49.294,26.08,0.47,237.48,236.67,2,0
2026-06-12 20:03:49.344,25.96,0.15,237.24,236.84,2,0
2026-06-12 20:03:49.395,26.03,0.24,234.35,235.72,2,0
2026-06-12 20:03:49.445,26.38,0.64,237.85,236.36,2,0
2026-06-12 20:03:49.496,26.49,0.61,244.40,239.54,2,0
2026-06-12 20:03:49.546,26.46,0.46,240.15,240.57,2,0
2026-06-12 20:03:49.596,26.31,0.20,239.47,240.24,2,0
2026-06-12 20:03:49.647,26.48,0.40,238.22,238.95,2,0
2026-06-12 20:03:49.697,28.20,1.77,242.12,240.45,2,0
2026-06-12 20:03:49.748,31.79,6.59,292.60,256.09,2,0
2026-06-12 20:03:49.798,32.86,7.40,318.28,288.65,2,0
2026-06-12 20:03:49.848,30.04,1.82,321.24,298.43,2,0
2026-06-12 20:03:49.899,28.42,-1.13,238.66,272.84,2,0
2026-06-12 20:03:49.949,28.04,-1.60,245.21,258.12,2,0
2026-06-12 20:03:50.000,27.58,-1.71,246.61,254.67,2,0
2026-06-12 20:03:50.051,27.07,-2.01,245.38,250.42,2,0
2026-06-12 20:03:50.100,26.91,-1.84,240.72,245.85,2,0
2026-06-12 20:03:50.151,26.89,-1.35,241.05,244.41,2,0
2026-06-12 20:03:50.201,26.99,-0.83,245.11,244.20,2,0
2026-06-12 20:03:50.252,27.00,-0.69,245.79,245.13,2,0
2026-06-12 20:03:50.302,26.96,-0.56,245.42,245.22,2,0
2026-06-12 20:03:50.353,29.75,4.23,244.30,244.86,2,0
2026-06-12 20:03:50.403,31.96,5.44,328.73,270.18,2,0
2026-06-12 20:03:50.453,32.63,4.56,337.09,290.25,2,0
2026-06-12 20:03:50.504,30.11,-0.55,276.42,296.35,2,0
2026-06-12 20:03:50.554,29.25,-1.17,250.95,273.39,2,0
2026-06-12 20:03:50.605,28.36,-2.18,247.47,265.61,2,0
2026-06-12 20:03:50.655,28.22,-1.77,251.01,257.58,2,0
2026-06-12 20:03:50.705,28.21,-1.53,256.44,256.27,2,0
2026-06-12 20:03:50.756,28.11,-1.25,255.95,256.17,2,0
2026-06-12 20:03:50.806,27.88,-1.24,253.68,255.25,2,0
2026-06-12 20:03:50.857,27.90,-0.85,251.54,253.15,2,0
2026-06-12 20:03:50.907,28.05,-0.60,254.62,253.35,2,0
2026-06-12 20:03:50.958,28.15,-0.28,257.82,254.69,2,0
2026-06-12 20:03:51.008,28.05,-0.36,256.17,255.67,2,0
2026-06-12 20:03:51.058,28.03,-0.35,253.46,254.74,2,0
2026-06-12 20:03:51.109,28.21,-0.01,253.94,254.50,2,0
2026-06-12 20:03:51.160,28.42,0.31,258.70,256.22,2,0
2026-06-12 20:03:51.210,28.30,0.02,260.09,258.12,2,0
2026-06-12 20:03:51.260,28.14,-0.11,255.04,256.99,2,0
2026-06-12 20:03:51.311,28.12,-0.08,252.16,255.54,2,0
2026-06-12 20:03:51.361,28.44,0.44,256.86,255.39,2,0
2026-06-12 20:03:51.411,28.50,0.47,262.29,258.29,2,0
2026-06-12 20:03:51.462,28.27,0.05,260.13,258.84,2,0
2026-06-12 20:03:51.512,28.09,-0.25,253.93,256.74,2,0
2026-06-12 20:03:51.563,28.19,-0.00,253.30,255.04,2,0
2026-06-12 20:03:51.613,28.31,0.19,257.86,256.04,2,0
2026-06-12 20:03:51.663,28.59,0.41,259.58,257.10,2,0
2026-06-12 20:03:51.714,32.36,6.14,261.41,259.59,2,0
2026-06-12 20:03:51.764,35.18,8.68,335.60,293.86,2,0
2026-06-12 20:03:51.815,33.94,5.32,347.51,319.46,2,0
2026-06-12 20:03:51.865,31.45,1.04,282.06,308.24,2,0
2026-06-12 20:03:51.916,29.79,-1.72,262.63,285.59,2,0
2026-06-12 20:03:51.966,28.81,-2.73,255.54,270.55,2,0
2026-06-12 20:03:52.016,28.67,-2.44,253.31,261.64,2,0
2026-06-12 20:03:52.067,28.65,-1.78,257.36,260.36,2,0
2026-06-12 20:03:52.117,28.74,-1.17,261.31,260.18,2,0
2026-06-12 20:03:52.168,28.57,-1.09,260.46,260.97,2,0
2026-06-12 20:03:52.218,28.45,-1.03,257.83,259.49,2,0
2026-06-12 20:03:52.269,28.52,-0.62,255.58,258.32,2,0
2026-06-12 20:03:52.319,28.64,-0.26,260.34,259.02,2,0
2026-06-12 20:03:52.370,28.54,-0.38,261.49,260.11,2,0
2026-06-12 20:03:52.420,28.45,-0.38,257.10,259.20,2,0
2026-06-12 20:03:52.470,28.40,-0.34,257.50,258.34,2,0
2026-06-12 20:03:52.521,28.63,0.10,258.61,257.89,2,0
2026-06-12 20:03:52.571,28.74,0.27,262.50,259.96,2,0
2026-06-12 20:03:52.621,28.71,0.10,263.26,260.95,2,0
2026-06-12 20:03:52.672,30.25,2.68,259.11,260.68,2,0
2026-06-12 20:03:52.722,34.84,8.82,310.64,274.69,2,0
2026-06-12 20:03:52.773,35.02,6.34,360.13,316.35,2,0
2026-06-12 20:03:52.823,33.21,3.88,292.93,318.02,2,0
2026-06-12 20:03:52.873,30.84,-0.73,263.17,301.57,2,0
2026-06-12 20:03:52.924,29.80,-2.10,258.61,280.10,2,0
2026-06-12 20:03:52.974,29.60,-1.80,262.96,270.62,2,0
2026-06-12 20:03:53.025,29.53,-1.65,267.59,268.79,2,0
2026-06-12 20:03:53.075,29.20,-1.59,266.61,268.14,2,0
2026-06-12 20:03:53.126,28.84,-1.69,261.62,265.18,2,0
2026-06-12 20:03:53.176,28.91,-1.10,259.02,261.86,2,0
2026-06-12 20:03:53.226,29.08,-0.67,263.55,262.56,2,0
2026-06-12 20:03:53.277,29.13,-0.48,267.49,264.04,2,0
2026-06-12 20:03:53.327,28.71,-1.01,263.74,264.52,2,0
2026-06-12 20:03:53.378,28.42,-1.16,254.93,260.67,2,0
2026-06-12 20:03:53.428,28.45,-0.94,255.91,258.09,2,0
2026-06-12 20:03:53.478,28.56,-0.60,258.87,258.32,2,0
2026-06-12 20:03:53.529,28.26,-0.91,259.43,259.38,2,0
2026-06-12 20:03:53.579,29.76,1.92,252.75,256.62,2,0
2026-06-12 20:03:53.630,33.29,6.76,307.52,270.22,2,0
2026-06-12 20:03:53.680,34.37,6.35,334.15,302.28,2,0
2026-06-12 20:03:53.731,35.62,6.40,305.62,312.13,2,0
2026-06-12 20:03:53.781,35.73,5.53,331.33,323.49,2,0
2026-06-12 20:03:53.831,38.33,8.60,326.68,324.45,2,0
2026-06-12 20:03:53.882,43.02,15.12,421.85,348.11,2,0
2026-06-12 20:03:53.932,40.27,7.60,489.97,390.67,2,0
2026-06-12 20:03:53.983,33.71,-4.58,333.01,365.70,2,0
2026-06-12 20:03:54.033,33.63,-3.31,240.26,306.12,2,0
2026-06-12 20:03:54.084,34.14,-1.63,315.13,305.39,2,0
2026-06-12 20:03:54.134,32.38,-4.31,314.93,310.01,2,0
2026-06-12 20:03:54.184,29.25,-6.53,256.76,294.04,2,0
2026-06-12 20:03:54.235,27.59,-7.26,238.53,265.64,2,0
2026-06-12 20:03:54.285,26.95,-6.70,234.90,250.51,2,0
2026-06-12 20:03:54.336,25.90,-6.42,231.40,244.78,2,0
2026-06-12 20:03:54.386,25.63,-5.68,225.36,235.19,2,0
2026-06-12 20:03:54.438,25.42,-4.41,226.92,232.71,2,0
2026-06-12 20:03:54.487,25.35,-3.81,229.39,230.85,2,0
2026-06-12 20:03:54.537,24.94,-3.37,228.65,230.19,2,0
2026-06-12 20:03:54.588,24.69,-3.07,221.94,226.48,2,0
2026-06-12 20:03:54.638,24.35,-2.73,219.05,224.25,2,0
2026-06-12 20:03:54.688,24.31,-2.35,219.07,221.16,2,0
2026-06-12 20:03:54.739,24.35,-1.64,219.90,220.78,2,0
2026-06-12 20:03:54.790,24.19,-1.52,221.91,221.10,2,0
2026-06-12 20:03:54.840,23.98,-1.64,216.46,219.70,2,0
2026-06-12 20:03:54.891,23.45,-1.78,213.30,217.78,2,0
2026-06-12 20:03:54.941,23.38,-1.64,208.11,212.99,2,0
2026-06-12 20:03:54.991,23.41,-1.10,210.71,212.30,2,0
2026-06-12 20:03:55.041,23.39,-0.96,213.93,212.60,2,0
2026-06-12 20:03:55.092,24.34,0.95,211.83,212.37,2,0
2026-06-12 20:03:55.142,27.06,4.73,245.19,221.04,2,0
2026-06-12 20:03:55.193,27.86,4.69,269.64,245.74,2,0
2026-06-12 20:03:55.243,26.76,2.15,270.03,253.03,2,0
2026-06-12 20:03:55.293,24.37,-1.12,219.67,243.02,2,0
2026-06-12 20:03:55.344,23.62,-1.57,199.31,221.29,2,0
2026-06-12 20:03:55.394,23.00,-2.32,198.53,214.46,2,0
2026-06-12 20:03:55.445,22.10,-2.69,195.92,208.90,2,0
2026-06-12 20:03:55.495,21.75,-2.57,192.54,200.65,2,0
2026-06-12 20:03:55.546,21.54,-2.53,190.06,197.47,2,0
2026-06-12 20:03:55.596,21.44,-2.23,191.25,195.61,2,0
2026-06-12 20:03:55.646,21.19,-1.86,192.64,194.72,2,0
2026-06-12 20:03:55.697,21.01,-1.73,190.70,192.45,2,0
2026-06-12 20:03:55.747,20.71,-1.72,187.06,190.83,2,0
2026-06-12 20:03:55.798,20.53,-1.76,181.50,188.03,2,0
2026-06-12 20:03:55.848,23.03,1.93,182.66,186.42,2,0
2026-06-12 20:03:55.899,24.07,2.51,243.01,209.11,2,0
2026-06-12 20:03:55.949,24.72,2.67,240.76,218.60,2,0
2026-06-12 20:03:55.999,25.22,3.07,238.07,224.44,2,0
2026-06-12 20:03:56.050,25.49,2.84,239.58,228.98,2,0
2026-06-12 20:03:56.100,25.54,2.45,237.33,231.49,2,0
2026-06-12 20:03:56.151,25.13,1.66,232.83,231.89,2,0
2026-06-12 20:03:56.201,25.55,1.76,232.16,228.22,2,0
2026-06-12 20:03:56.251,25.93,2.10,240.99,232.05,2,0
2026-06-12 20:03:56.302,24.55,0.63,243.40,235.46,2,0
2026-06-12 20:03:56.352,22.26,-2.08,193.65,222.91,2,0
2026-06-12 20:03:56.403,21.48,-2.42,181.47,202.15,2,0
2026-06-12 20:03:56.453,21.09,-2.38,178.59,195.08,2,0
2026-06-12 20:03:56.503,20.77,-2.53,183.24,191.53,2,0
2026-06-12 20:03:56.554,20.81,-1.68,181.93,188.65,2,0
2026-06-12 20:03:56.604,20.81,-1.43,191.74,189.01,2,0
2026-06-12 20:03:56.655,20.90,-1.06,189.00,189.00,2,0
2026-06-12 20:03:56.705,20.95,-0.86,191.75,189.83,2,0
2026-06-12 20:03:56.756,21.03,-0.47,191.32,190.28,2,0
2026-06-12 20:03:56.806,21.08,-0.36,193.11,191.01,2,0
2026-06-12 20:03:56.856,21.19,-0.13,192.28,191.39,2,0
2026-06-12 20:03:56.907,21.57,0.34,194.82,192.42,2,0
2026-06-12 20:03:56.957,21.81,0.68,199.47,195.84,2,0
2026-06-12 20:03:57.008,21.99,0.66,203.31,198.08,2,0
2026-06-12 20:03:57.058,25.28,5.61,200.66,199.67,2,0
2026-06-12 20:03:57.108,26.71,7.05,268.54,229.61,2,0
2026-06-12 20:03:57.159,27.05,4.52,272.75,242.55,2,0
2026-06-12 20:03:57.210,25.84,2.84,227.51,245.68,2,0
2026-06-12 20:03:57.260,24.50,0.02,208.81,234.62,2,0
2026-06-12 20:03:57.310,24.07,-0.33,210.22,222.52,2,0
2026-06-12 20:03:57.360,23.88,-0.61,209.43,218.59,2,0
2026-06-12 20:03:57.411,23.62,-0.67,212.67,216.82,2,0
2026-06-12 20:03:57.461,25.10,1.95,213.53,214.49,2,0
2026-06-12 20:03:57.512,34.75,16.33,256.90,227.96,2,0
2026-06-12 20:03:57.562,36.79,15.08,421.56,315.55,2,0
2026-06-12 20:03:57.613,35.17,8.24,368.60,334.14,2,0
2026-06-12 20:03:57.663,34.19,6.18,289.34,319.38,2,0
2026-06-12 20:03:57.713,29.64,-2.40,289.61,310.45,2,0
2026-06-12 20:03:57.764,28.20,-4.44,222.60,269.13,2,0
2026-06-12 20:03:57.814,26.48,-5.11,225.58,256.07,2,0
2026-06-12 20:03:57.865,25.90,-4.83,224.88,240.45,2,0
2026-06-12 20:03:57.915,25.20,-4.53,222.81,235.16,2,0
2026-06-12 20:03:57.966,25.12,-3.98,222.75,228.88,2,0
2026-06-12 20:03:58.016,25.21,-2.77,226.38,228.13,2,0
2026-06-12 20:03:58.066,25.39,-2.07,229.96,228.91,2,0
2026-06-12 20:03:58.117,27.08,1.30,234.33,230.53,2,0
2026-06-12 20:03:58.167,30.29,5.73,281.18,245.93,2,0
2026-06-12 20:03:58.218,35.28,11.46,304.66,275.05,2,0
2026-06-12 20:03:58.268,35.05,7.93,340.91,320.40,2,0
2026-06-12 20:03:58.318,33.04,5.10,316.78,318.28,2,0
2026-06-12 20:03:58.369,29.32,-1.98,257.40,300.02,2,0
2026-06-12 20:03:58.419,28.16,-3.53,233.05,266.23,2,0
2026-06-12 20:03:58.471,28.47,-1.29,231.23,255.73,2,0
2026-06-12 20:03:58.520,32.05,4.41,281.65,258.54,2,0
2026-06-12 20:03:58.570,38.29,12.68,322.16,291.05,2,0
2026-06-12 20:03:58.621,41.94,14.13,402.94,347.75,2,0
2026-06-12 20:03:58.671,39.74,8.49,363.94,380.83,2,0
2026-06-12 20:03:58.722,33.40,-1.28,314.45,360.92,2,0
2026-06-12 20:03:58.772,30.03,-5.94,238.58,303.33,2,0
2026-06-12 20:03:58.822,29.11,-6.58,243.57,272.68,2,0
2026-06-12 20:03:58.873,27.83,-6.17,244.91,264.35,2,0
2026-06-12 20:03:58.923,29.83,-0.97,241.60,252.71,2,0
2026-06-12 20:03:58.974,40.63,16.16,323.50,270.91,2,0
2026-06-12 20:03:59.024,39.39,9.60,501.30,368.96,2,0
2026-06-12 20:03:59.075,35.09,0.49,331.05,357.68,2,0
2026-06-12 20:03:59.125,35.21,0.53,288.27,318.64,2,0
2026-06-12 20:03:59.176,33.48,-2.52,321.08,319.71,2,0
2026-06-12 20:03:59.226,31.53,-5.40,264.82,304.05,2,0
2026-06-12 20:03:59.276,29.24,-6.42,244.94,286.32,2,0
2026-06-12 20:03:59.327,28.28,-6.11,245.30,265.55,2,0
2026-06-12 20:03:59.377,27.89,-5.82,247.84,256.82,2,0
2026-06-12 20:03:59.428,27.40,-4.71,245.00,253.27,2,0
2026-06-12 20:03:59.478,27.30,-3.55,245.18,248.80,2,0
2026-06-12 20:03:59.528,27.36,-2.91,248.13,247.88,2,0
2026-06-12 20:03:59.579,27.45,-2.03,249.94,248.50,2,0
2026-06-12 20:03:59.629,27.20,-1.84,249.43,249.31,2,0
2026-06-12 20:03:59.680,27.04,-1.83,245.15,246.96,2,0
2026-06-12 20:03:59.731,27.28,-0.95,242.16,245.52,2,0
2026-06-12 20:03:59.781,27.71,-0.02,252.24,247.72,2,0
2026-06-12 20:03:59.831,27.73,0.01,256.21,251.61,2,0
2026-06-12 20:03:59.881,27.52,-0.26,252.25,251.80,2,0
2026-06-12 20:03:59.932,27.37,-0.39,247.19,249.88,2,0
2026-06-12 20:03:59.982,27.61,0.06,248.02,248.59,2,0
2026-06-12 20:04:00.033,27.74,0.16,252.59,250.71,2,0
2026-06-12 20:04:00.083,27.57,-0.16,254.62,251.88,2,0
2026-06-12 20:04:00.133,27.36,-0.44,247.16,250.38,2,0
2026-06-12 20:04:00.184,27.31,-0.42,245.95,248.42,2,0
2026-06-12 20:04:00.234,27.40,-0.18,247.00,247.99,2,0
2026-06-12 20:04:00.285,27.38,-0.17,248.89,248.80,2,0
2026-06-12 20:04:00.335,27.16,-0.33,247.23,248.63,2,0
2026-06-12 20:04:00.386,26.77,-0.85,242.01,246.64,2,0
2026-06-12 20:04:00.436,26.74,-0.77,238.03,243.10,2,0
2026-06-12 20:04:00.486,26.91,-0.34,242.16,242.82,2,0
2026-06-12 20:04:00.537,26.91,-0.28,246.48,244.38,2,0
2026-06-12 20:04:00.587,30.35,5.09,242.15,244.36,2,0
2026-06-12 20:04:00.638,36.09,12.12,317.61,275.63,2,0
2026-06-12 20:04:00.688,35.69,9.66,353.76,327.77,2,0
2026-06-12 20:04:00.738,33.45,3.32,315.55,324.10,2,0
2026-06-12 20:04:00.789,29.70,-3.32,258.06,303.79,2,0
2026-06-12 20:04:00.839,28.50,-3.80,235.43,269.68,2,0
2026-06-12 20:04:00.890,26.73,-5.45,233.49,258.82,2,0
2026-06-12 20:04:00.940,26.27,-5.01,226.20,242.77,2,0
2026-06-12 20:04:00.991,25.79,-4.34,228.79,238.58,2,0
2026-06-12 20:04:01.041,25.67,-3.89,230.84,234.22,2,0
2026-06-12 20:04:01.091,25.23,-3.34,230.61,233.14,2,0
2026-06-12 20:04:01.142,24.98,-3.04,224.28,229.11,2,0
2026-06-12 20:04:01.193,24.61,-2.74,221.60,226.86,2,0
2026-06-12 20:04:01.243,24.56,-2.37,220.93,223.49,2,0
2026-06-12 20:04:01.293,24.52,-1.77,221.88,223.01,2,0
2026-06-12 20:04:01.343,24.42,-1.59,222.33,222.64,2,0
2026-06-12 20:04:01.394,24.03,-1.76,219.79,221.78,2,0
2026-06-12 20:04:01.444,23.85,-1.64,213.80,218.21,2,0
2026-06-12 20:04:01.495,23.71,-1.62,212.90,216.62,2,0
2026-06-12 20:04:01.545,23.62,-1.27,212.36,215.34,2,0
2026-06-12 20:04:01.596,23.56,-1.18,213.89,214.50,2,0
2026-06-12 20:04:01.646,23.22,-1.31,212.60,213.93,2,0
2026-06-12 20:04:01.696,23.01,-1.28,206.14,210.83,2,0
2026-06-12 20:04:01.747,22.81,-1.41,204.46,208.92,2,0
2026-06-12 20:04:01.798,25.69,2.69,203.10,207.17,2,0
2026-06-12 20:04:01.848,26.92,3.32,270.71,233.32,2,0
2026-06-12 20:04:01.898,27.74,4.13,270.60,244.50,2,0
2026-06-12 20:04:01.949,25.17,-0.30,269.25,251.93,2,0
2026-06-12 20:04:01.999,24.05,-1.20,196.12,228.61,2,0
2026-06-12 20:04:02.050,23.31,-2.20,194.47,218.37,2,0
2026-06-12 20:04:02.100,22.58,-2.33,196.02,211.66,2,0
2026-06-12 20:04:02.150,22.35,-2.17,200.03,205.06,2,0
2026-06-12 20:04:02.201,22.11,-2.25,198.07,202.96,2,0
2026-06-12 20:04:02.251,21.66,-2.15,195.59,200.75,2,0
2026-06-12 20:04:02.302,21.59,-1.89,192.05,196.70,2,0
2026-06-12 20:04:02.352,21.49,-1.69,194.50,196.04,2,0
2026-06-12 20:04:02.402,21.67,-0.92,193.11,195.16,2,0
2026-06-12 20:04:02.453,21.73,-0.73,200.25,196.79,2,0
2026-06-12 20:04:02.503,21.81,-0.49,198.62,197.34,2,0
2026-06-12 20:04:02.554,21.85,-0.39,199.81,198.08,2,0
2026-06-12 20:04:02.604,21.62,-0.54,199.20,198.42,2,0
2026-06-12 20:04:02.654,21.61,-0.47,194.08,196.38,2,0
2026-06-12 20:04:02.705,21.76,-0.10,195.89,196.23,2,0
2026-06-12 20:04:02.755,21.92,0.05,200.26,197.59,2,0
2026-06-12 20:04:02.806,22.07,0.28,202.60,199.10,2,0
2026-06-12 20:04:02.856,22.03,0.12,203.46,200.41,2,0
2026-06-12 20:04:02.907,22.02,0.09,198.73,200.09,2,0
2026-06-12 20:04:02.957,21.99,0.03,199.63,199.95,2,0
2026-06-12 20:04:03.007,22.13,0.25,199.08,199.69,2,0
2026-06-12 20:04:03.058,22.26,0.32,203.93,200.98,2,0
2026-06-12 20:04:03.108,22.38,0.47,204.88,202.15,2,0
2026-06-12 20:04:03.159,22.40,0.28,205.80,203.25,2,0
2026-06-12 20:04:03.209,22.30,0.16,201.87,203.42,2,0
2026-06-12 20:04:03.260,22.19,-0.04,200.50,202.54,2,0
2026-06-12 20:04:03.310,22.29,0.12,199.16,201.53,2,0
2026-06-12 20:04:03.360,22.34,0.19,204.29,202.43,2,0
2026-06-12 20:04:03.411,22.31,0.05,204.00,202.90,2,0
2026-06-12 20:04:03.461,22.13,-0.11,201.27,202.63,2,0
2026-06-12 20:04:03.511,21.99,-0.20,196.96,200.93,2,0
2026-06-12 20:04:03.562,21.85,-0.41,196.83,199.70,2,0
2026-06-12 20:04:03.613,21.78,-0.33,195.50,198.44,2,0
2026-06-12 20:04:03.663,21.77,-0.29,198.10,197.79,2,0
2026-06-12 20:04:03.713,21.75,-0.29,197.55,197.72,2,0
2026-06-12 20:04:03.764,21.44,-0.63,196.90,197.47,2,0
2026-06-12 20:04:03.814,21.23,-0.70,190.23,194.65,2,0
2026-06-12 20:04:03.864,21.06,-0.89,188.51,192.81,2,0
2026-06-12 20:04:03.915,20.94,-0.85,187.50,191.22,2,0
2026-06-12 20:04:03.965,20.95,-0.62,187.59,190.13,2,0
2026-06-12 20:04:04.016,22.15,0.47,190.01,190.27,2,0
2026-06-12 20:04:04.066,23.83,3.09,226.45,201.13,2,0
2026-06-12 20:04:04.117,24.91,3.53,251.94,216.37,2,0
2026-06-12 20:04:04.167,24.69,1.51,249.25,226.23,2,0
2026-06-12 20:04:04.217,23.50,0.31,204.63,224.24,2,0
2026-06-12 20:04:04.268,22.85,-0.82,188.19,213.42,2,0
2026-06-12 20:04:04.318,22.11,-1.40,193.77,207.53,2,0
2026-06-12 20:04:04.369,21.85,-1.41,194.33,200.81,2,0
2026-06-12 20:04:04.419,21.54,-1.72,192.85,198.42,2,0
2026-06-12 20:04:04.470,21.16,-1.64,188.98,195.59,2,0
2026-06-12 20:04:04.520,21.10,-1.45,189.13,192.15,2,0
2026-06-12 20:04:04.570,21.18,-1.10,190.23,191.58,2,0
2026-06-12 20:04:04.621,21.24,-0.88,194.06,192.32,2,0
2026-06-12 20:04:04.671,21.24,-0.68,194.21,192.89,2,0
2026-06-12 20:04:04.721,21.09,-0.70,192.07,192.92,2,0
2026-06-12 20:04:04.772,20.98,-0.78,188.39,191.56,2,0
2026-06-12 20:04:04.822,20.83,-0.79,188.24,190.57,2,0
2026-06-12 20:04:04.873,20.62,-0.80,185.88,189.16,2,0
2026-06-12 20:04:04.923,20.52,-0.76,185.47,187.29,2,0
2026-06-12 20:04:04.974,20.43,-0.79,184.15,186.35,2,0
2026-06-12 20:04:05.024,20.25,-0.83,183.70,185.55,2,0
2026-06-12 20:04:05.074,19.99,-0.92,179.92,183.86,2,0
2026-06-12 20:04:05.125,19.49,-1.29,176.14,181.55,2,0
2026-06-12 20:04:05.175,19.29,-1.26,170.95,176.99,2,0
2026-06-12 20:04:05.226,19.14,-1.19,170.95,175.18,2,0
2026-06-12 20:04:05.276,18.99,-1.14,170.73,173.85,2,0
2026-06-12 20:04:05.327,18.86,-1.08,169.05,172.41,2,0
2026-06-12 20:04:05.377,18.66,-1.24,168.63,171.27,2,0
2026-06-12 20:04:05.427,18.41,-1.26,165.07,169.41,2,0
2026-06-12 20:04:05.478,18.16,-1.28,161.86,167.15,2,0
2026-06-12 20:04:05.528,17.89,-1.31,159.65,164.90,2,0
2026-06-12 20:04:05.579,17.68,-1.29,156.72,162.44,2,0
2026-06-12 20:04:05.629,17.52,-1.23,156.07,160.53,2,0
2026-06-12 20:04:05.680,17.35,-1.18,155.69,159.08,2,0
2026-06-12 20:04:05.730,17.18,-1.15,153.92,157.53,2,0
2026-06-12 20:04:05.780,16.92,-1.19,152.35,155.98,2,0
2026-06-12 20:04:05.831,16.62,-1.26,148.18,153.64,2,0
2026-06-12 20:04:05.881,16.29,-1.34,144.62,150.93,2,0
2026-06-12 20:04:05.932,15.96,-1.32,140.81,147.89,2,0
2026-06-12 20:04:05.982,15.66,-1.37,137.95,144.91,2,0
2026-06-12 20:04:06.032,15.41,-1.37,136.01,142.24,2,0
2026-06-12 20:04:06.083,15.19,-1.35,134.60,139.95,2,0
2026-06-12 20:04:06.133,15.19,-1.35,133.35,137.97,2,0
2026-06-12 20:04:06.184,14.97,-1.26,133.35,137.97,2,0
2026-06-12 20:04:06.234,14.73,-1.27,131.37,135.99,2,0
2026-06-12 20:04:06.285,14.46,-1.31,128.63,133.78,2,0
2026-06-12 20:04:06.335,14.19,-1.26,125.58,131.32,2,0
2026-06-12 20:04:06.385,13.93,-1.29,122.97,128.82,2,0
2026-06-12 20:04:06.436,13.93,-1.29,121.08,126.50,2,0
2026-06-12 20:04:06.486,20.64,10.45,121.08,126.50,1,0
2026-06-12 20:04:06.537,36.39,31.29,333.05,187.40,1,0
2026-06-12 20:04:06.587,35.98,26.26,450.99,330.46,1,0
2026-06-12 20:04:06.638,31.61,18.68,317.93,326.70,1,0
2026-06-12 20:04:06.688,28.73,11.27,194.50,287.04,1,0
2026-06-12 20:04:06.738,26.47,7.69,200.03,260.94,1,0
2026-06-12 20:04:06.789,23.87,4.38,192.43,240.39,1,0
2026-06-12 20:04:06.840,22.10,2.27,161.76,216.80,1,0
2026-06-12 20:04:06.892,20.06,0.80,162.96,200.65,1,0
2026-06-12 20:04:06.940,18.17,-0.87,139.11,182.19,1,0
2026-06-12 20:04:06.990,16.90,-1.80,124.96,165.02,1,0
2026-06-12 20:04:07.041,16.90,-1.80,126.39,153.43,1,0
2026-06-12 20:04:07.091,16.07,-1.98,126.39,153.43,1,0
2026-06-12 20:04:07.142,15.47,-2.18,128.40,145.92,1,0
2026-06-12 20:04:07.192,14.98,-2.12,127.94,140.53,1,0
2026-06-12 20:04:07.242,14.56,-2.16,125.65,136.06,1,0
2026-06-12 20:04:07.293,14.56,-2.16,123.23,132.21,1,0
2026-06-12 20:04:07.343,14.18,-2.04,123.23,132.21,1,0
2026-06-12 20:04:07.394,13.84,-2.02,120.63,128.74,1,0
2026-06-12 20:04:07.444,13.53,-1.88,118.52,125.67,1,0
2026-06-12 20:04:07.495,13.53,-1.88,116.40,122.89,1,0
2026-06-12 20:04:07.545,13.21,-1.78,116.40,122.89,1,0
2026-06-12 20:04:07.595,12.83,-1.72,113.03,119.93,1,0
2026-06-12 20:04:07.646,12.83,-1.72,108.43,116.48,1,0
2026-06-12 20:04:07.696,12.38,-1.71,108.43,116.48,1,0
2026-06-12 20:04:07.747,11.89,-1.73,103.07,112.46,1,0
2026-06-12 20:04:07.797,11.89,-1.73,97.51,107.97,1,0
2026-06-12 20:04:07.848,11.37,-1.68,97.51,107.97,1,0
2026-06-12 20:04:07.898,11.37,-1.68,92.15,103.23,1,0
2026-06-12 20:04:07.948,10.78,-1.75,92.15,103.23,1,0
2026-06-12 20:04:07.999,10.78,-1.75,85.40,97.88,1,0
2026-06-12 20:04:08.049,10.13,-1.71,85.40,97.88,1,0
2026-06-12 20:04:08.100,10.13,-1.71,78.20,91.98,1,0
2026-06-12 20:04:08.150,10.13,-1.71,78.20,91.98,1,0
2026-06-12 20:04:08.201,9.34,-1.71,78.20,91.98,1,0
2026-06-12 20:04:08.251,9.34,-1.71,68.21,84.84,1,0
2026-06-12 20:04:08.301,9.34,-1.71,68.21,84.84,1,0
2026-06-12 20:04:08.352,9.34,-1.71,68.21,84.84,1,0
2026-06-12 20:04:08.402,8.37,-1.65,68.21,84.84,1,0
2026-06-12 20:04:08.453,8.37,-1.65,55.46,76.03,1,0
2026-06-12 20:04:08.503,8.37,-1.65,55.46,76.03,1,0
2026-06-12 20:04:08.553,8.37,-1.65,55.46,76.03,1,0
2026-06-12 20:04:08.604,8.37,-1.65,55.46,76.03,1,0
2026-06-12 20:04:08.654,8.37,-1.65,55.46,76.03,1,0
2026-06-12 20:04:08.705,8.37,-1.65,55.46,76.03,1,0
2026-06-12 20:04:08.755,8.37,-1.65,55.46,76.03,1,0
2026-06-12 20:04:08.806,8.37,-1.65,55.46,76.03,1,0
2026-06-12 20:04:08.856,8.37,-1.65,55.46,76.03,1,0
2026-06-12 20:04:08.906,8.37,-1.65,55.46,76.03,1,0
2026-06-12 20:04:08.957,8.37,-1.65,55.46,76.03,1,0
2026-06-12 20:04:09.007,8.37,-1.65,55.46,76.03,1,0
2026-06-12 20:04:09.058,8.37,-1.65,55.46,76.03,1,0
2026-06-12 20:04:09.108,8.37,-1.65,55.46,76.03,1,0
2026-06-12 20:04:09.159,8.37,-1.65,55.46,76.03,1,0
2026-06-12 20:04:09.209,8.37,-1.65,55.46,76.03,1,0
2026-06-12 20:04:09.259,8.37,-1.65,55.46,76.03,1,0
2026-06-12 20:04:09.310,8.37,-1.65,55.46,76.03,1,0
2026-06-12 20:04:09.360,8.37,-1.65,55.46,76.03,1,0
2026-06-12 20:04:09.411,8.37,-1.65,55.46,76.03,1,0
2026-06-12 20:04:09.461,8.37,-1.65,55.46,76.03,1,0
2026-06-12 20:04:09.511,6.49,-1.47,55.46,76.03,0,0
2026-06-12 20:04:09.562,6.49,-1.47,19.14,58.96,0,0
2026-06-12 20:04:09.612,6.49,-1.47,19.14,58.96,0,0
2026-06-12 20:04:09.663,6.49,-1.47,19.14,58.96,0,0
2026-06-12 20:04:09.713,6.49,-1.47,19.14,58.96,0,0
2026-06-12 20:04:09.764,6.49,-1.47,19.14,58.96,0,0
2026-06-12 20:04:09.814,6.49,-1.47,19.14,58.96,0,0
2026-06-12 20:04:09.864,6.49,-1.47,19.14,58.96,0,0
2026-06-12 20:04:09.915,6.49,-1.47,19.14,58.96,0,0
2026-06-12 20:04:09.965,6.49,-1.47,19.14,58.96,0,0
2026-06-12 20:04:10.016,6.49,-1.47,19.14,58.96,0,0
2026-06-12 20:04:10.066,6.49,-1.47,19.14,58.96,0,0
2026-06-12 20:04:10.117,6.49,-1.47,19.14,58.96,0,0
2026-06-12 20:04:10.167,6.49,-1.47,19.14,58.96,0,0
2026-06-12 20:04:10.217,6.49,-1.47,19.14,58.96,0,0
2026-06-12 20:04:10.268,6.49,-1.47,19.14,58.96,0,0
2026-06-12 20:04:10.318,6.49,-1.47,19.14,58.96,0,0
2026-06-12 20:04:10.369,6.49,-1.47,19.14,58.96,0,0
2026-06-12 20:04:10.419,6.49,-1.47,19.14,58.96,0,0
2026-06-12 20:04:10.470,6.49,-1.47,19.14,58.96,0,0
2026-06-12 20:04:10.520,6.49,-1.47,19.14,58.96,0,0
2026-06-12 20:04:10.570,6.49,-1.47,19.14,58.96,0,0
2026-06-12 20:04:10.621,6.49,-1.47,19.14,58.96,0,0
2026-06-12 20:04:10.671,6.49,-1.47,19.14,58.96,0,0
2026-06-12 20:04:10.722,6.49,-1.47,19.14,58.96,0,0
2026-06-12 20:04:10.772,6.49,-1.47,19.14,58.96,0,0
2026-06-12 20:04:10.822,6.49,-1.47,19.14,58.96,0,0
2026-06-12 20:04:10.873,6.49,-1.47,19.14,58.96,0,0
2026-06-12 20:04:10.923,6.49,-1.47,19.14,58.96,0,0
2026-06-12 20:04:10.974,6.49,-1.47,19.14,58.96,0,0
2026-06-12 20:04:11.024,6.49,-1.47,19.14,58.96,0,0
2026-06-12 20:04:11.074,6.49,-1.47,19.14,58.96,0,0
2026-06-12 20:04:11.125,6.49,-1.47,19.14,58.96,0,0
2026-06-12 20:04:11.175,6.49,-1.47,19.14,58.96,0,0
2026-06-12 20:04:11.226,6.49,-1.47,19.14,58.96,0,0
2026-06-12 20:04:11.276,6.49,-1.47,19.14,58.96,0,0
2026-06-12 20:04:11.327,6.49,-1.47,19.14,58.96,0,0
2026-06-12 20:04:11.377,6.49,-1.47,19.14,58.96,0,0
2026-06-12 20:04:11.427,6.49,-1.47,19.14,58.96,0,0
2026-06-12 20:04:11.478,6.49,-1.47,19.14,58.96,0,0
2026-06-12 20:04:11.528,0.31,0.00,19.14,58.96,2,0
2026-06-12 20:04:11.579,0.31,0.00,9.52,2.86,2,0
2026-06-12 20:04:11.629,0.31,0.00,9.52,2.86,2,0
2026-06-12 20:04:11.680,0.31,0.00,9.52,2.86,2,0
2026-06-12 20:04:11.730,0.31,0.00,9.52,2.86,2,0
2026-06-12 20:04:11.780,0.31,0.00,9.52,2.86,2,0
2026-06-12 20:04:11.831,0.31,0.00,9.52,2.86,2,0
2026-06-12 20:04:11.881,0.31,0.00,9.52,2.86,2,0
2026-06-12 20:04:11.931,0.31,0.00,9.52,2.86,2,0
2026-06-12 20:04:11.982,0.31,0.00,9.52,2.86,2,0
2026-06-12 20:04:12.032,0.31,0.00,9.52,2.86,2,0
2026-06-12 20:04:12.083,0.31,0.00,9.52,2.86,2,0
2026-06-12 20:04:12.133,0.31,0.00,9.52,2.86,2,0
2026-06-12 20:04:12.183,0.31,0.00,9.52,2.86,2,0
2026-06-12 20:04:12.234,0.31,0.00,9.52,2.86,2,0
2026-06-12 20:04:12.284,0.31,0.00,9.52,2.86,2,0
2026-06-12 20:04:12.335,0.31,0.00,9.52,2.86,2,0
2026-06-12 20:04:12.385,0.31,0.00,9.52,2.86,2,0
2026-06-12 20:04:12.436,0.31,0.00,9.52,2.86,2,0
2026-06-12 20:04:12.486,0.31,0.00,9.52,2.86,2,0
2026-06-12 20:04:12.536,0.31,0.00,9.52,2.86,2,0
2026-06-12 20:04:12.587,0.31,0.00,9.52,2.86,2,0
2026-06-12 20:04:12.637,0.31,0.00,9.52,2.86,2,0
2026-06-12 20:04:12.688,0.31,0.00,9.52,2.86,2,0
2026-06-12 20:04:12.738,0.31,0.00,9.52,2.86,2,0
2026-06-12 20:04:12.788,0.31,0.00,9.52,2.86,2,0
2026-06-12 20:04:12.839,0.31,0.00,9.52,2.86,2,0
2026-06-12 20:04:12.889,0.31,0.00,9.52,2.86,2,0
2026-06-12 20:04:12.940,0.31,0.00,9.52,2.86,2,0
2026-06-12 20:04:12.990,0.31,0.00,9.52,2.86,2,0
2026-06-12 20:04:13.040,0.31,0.00,9.52,2.86,2,0
2026-06-12 20:04:13.091,0.31,0.00,9.52,2.86,2,0
2026-06-12 20:04:13.141,0.49,0.00,9.52,2.86,2,0
2026-06-12 20:04:13.192,0.49,0.00,8.30,4.49,2,0
2026-06-12 20:04:13.242,0.49,0.00,8.30,4.49,2,0
2026-06-12 20:04:13.293,0.49,0.00,8.30,4.49,2,0
2026-06-12 20:04:13.343,0.49,0.00,8.30,4.49,2,0
2026-06-12 20:04:13.393,0.49,0.00,8.30,4.49,2,0
2026-06-12 20:04:13.444,0.49,0.00,8.30,4.49,2,0
2026-06-12 20:04:13.494,0.49,0.00,8.30,4.49,2,0
2026-06-12 20:04:13.544,0.49,0.00,8.30,4.49,2,0
2026-06-12 20:04:13.595,0.49,0.00,8.30,4.49,2,0
2026-06-12 20:04:13.645,0.49,0.00,8.30,4.49,2,0
2026-06-12 20:04:13.696,0.49,0.00,8.30,4.49,2,0
2026-06-12 20:04:13.746,0.49,0.00,8.30,4.49,2,0
2026-06-12 20:04:13.796,0.49,0.00,8.30,4.49,2,0
2026-06-12 20:04:13.847,0.49,0.00,8.30,4.49,2,0
2026-06-12 20:04:13.897,0.49,0.00,8.30,4.49,2,0
2026-06-12 20:04:13.948,0.49,0.00,8.30,4.49,2,0
2026-06-12 20:04:13.998,0.49,0.00,8.30,4.49,2,0
2026-06-12 20:04:14.048,0.49,0.00,8.30,4.49,2,0
2026-06-12 20:04:14.099,0.49,0.00,8.30,4.49,2,0
2026-06-12 20:04:14.149,0.49,0.00,8.30,4.49,2,0
2026-06-12 20:04:14.200,0.49,0.00,8.30,4.49,2,0
2026-06-12 20:04:14.250,0.49,0.00,8.30,4.49,2,0
2026-06-12 20:04:14.300,0.49,0.00,8.30,4.49,2,0
2026-06-12 20:04:14.351,0.49,0.00,8.30,4.49,2,0
2026-06-12 20:04:14.401,0.49,0.00,8.30,4.49,2,0
2026-06-12 20:04:14.452,0.49,0.00,8.30,4.49,2,0
2026-06-12 20:04:14.502,0.49,0.00,8.30,4.49,2,0
2026-06-12 20:04:14.552,0.49,0.00,8.30,4.49,2,0
2026-06-12 20:04:14.603,0.49,0.00,8.30,4.49,2,0
2026-06-12 20:04:14.653,0.49,0.00,8.30,4.49,2,0
2026-06-12 20:04:14.704,0.49,0.00,8.30,4.49,2,0
2026-06-12 20:04:14.754,0.49,0.00,8.30,4.49,2,0
2026-06-12 20:04:14.804,0.49,0.00,8.30,4.49,2,0
2026-06-12 20:04:14.855,0.49,0.00,8.30,4.49,2,0
2026-06-12 20:04:14.905,0.49,0.00,8.30,4.49,2,0
2026-06-12 20:04:14.956,0.49,0.00,8.30,4.49,2,0
2026-06-12 20:04:15.006,0.49,0.00,8.30,4.49,2,0
2026-06-12 20:04:15.056,0.49,0.00,8.30,4.49,2,0
2026-06-12 20:04:15.107,0.00,0.00,8.30,4.49,2,0
2026-06-12 20:04:15.157,0.00,0.00,0.00,0.00,2,0
2026-06-12 20:04:15.208,0.00,0.00,0.00,0.00,2,0
2026-06-12 20:04:15.258,0.00,0.00,0.00,0.00,2,0
2026-06-12 20:04:15.308,0.00,0.00,0.00,0.00,2,0
2026-06-12 20:04:15.359,0.00,0.00,0.00,0.00,2,0
2026-06-12 20:04:15.410,0.00,0.00,0.00,0.00,2,0
2026-06-12 20:04:15.460,0.00,0.00,0.00,0.00,2,0
2026-06-12 20:04:15.510,0.00,0.00,0.00,0.00,2,0
2026-06-12 20:04:15.560,0.00,0.00,0.00,0.00,2,0
2026-06-12 20:04:15.611,0.00,0.00,0.00,0.00,2,0
2026-06-12 20:04:15.661,0.00,0.00,0.00,0.00,2,0
2026-06-12 20:04:15.712,0.00,0.00,0.00,0.00,2,0
2026-06-12 20:04:15.762,0.00,0.00,0.00,0.00,2,0
2026-06-12 20:04:15.812,0.00,0.00,0.00,0.00,2,0
2026-06-12 20:04:15.863,0.00,0.00,0.00,0.00,2,0
2026-06-12 20:04:15.913,0.00,0.00,0.00,0.00,2,0
2026-06-12 20:04:15.964,0.00,0.00,0.00,0.00,2,0
2026-06-12 20:04:16.014,0.00,0.00,0.00,0.00,2,0
2026-06-12 20:04:16.064,0.00,0.00,0.00,0.00,2,0
2026-06-12 20:04:16.115,0.00,0.00,0.00,0.00,2,0
2026-06-12 20:04:16.165,0.00,0.00,0.00,0.00,2,0
2026-06-12 20:04:16.216,0.00,0.00,0.00,0.00,2,0
2026-06-12 20:04:16.266,0.00,0.00,0.00,0.00,2,0
2026-06-12 20:04:16.316,0.00,0.00,0.00,0.00,2,0
2026-06-12 20:04:16.367,0.00,0.00,0.00,0.00,2,0
2026-06-12 20:04:16.417,0.00,0.00,0.00,0.00,2,0
2026-06-12 20:04:16.468,0.00,0.00,0.00,0.00,2,0
2026-06-12 20:04:16.518,0.00,0.00,0.00,0.00,2,0
2026-06-12 20:04:16.568,0.00,0.00,0.00,0.00,2,0
2026-06-12 20:04:16.619,0.00,0.00,0.00,0.00,2,0
2026-06-12 20:04:16.669,0.00,0.00,0.00,0.00,2,0
2026-06-12 20:04:16.720,0.00,0.00,0.00,0.00,2,0
2026-06-12 20:04:16.770,0.00,0.00,0.00,0.00,2,0
2026-06-12 20:04:16.820,0.00,0.00,0.00,0.00,2,0
2026-06-12 20:04:16.871,0.00,0.00,0.00,0.00,2,0
2026-06-12 20:04:16.921,0.00,0.00,0.00,0.00,2,0
2026-06-12 20:04:16.972,0.00,0.00,0.00,0.00,2,0
2026-06-12 20:04:17.022,0.00,0.00,0.00,0.00,2,0
2026-06-12 20:04:17.072,0.00,0.00,0.00,0.00,2,0
2026-06-12 20:04:17.123,0.00,0.00,0.00,0.00,2,0
2026-06-12 20:04:17.173,0.00,0.00,0.00,0.00,2,0
2026-06-12 20:04:17.224,0.00,0.00,0.00,0.00,2,0
2026-06-12 20:04:17.274,0.00,0.00,0.00,0.00,2,0
2026-06-12 20:04:17.324,0.00,0.00,0.00,0.00,2,0
2026-06-12 20:04:17.375,0.00,0.00,0.00,0.00,2,0
2026-06-12 20:04:17.425,0.00,0.00,0.00,0.00,2,0
2026-06-12 20:04:17.476,0.00,0.00,0.00,0.00,2,0
2026-06-12 20:04:17.526,0.00,0.00,0.00,0.00,2,0
2026-06-12 20:04:17.577,0.16,0.00,0.00,0.00,2,0
2026-06-12 20:04:17.627,0.16,0.00,4.98,1.49,2,0
2026-06-12 20:04:17.677,0.16,0.00,4.98,1.49,2,0
2026-06-12 20:04:17.728,0.16,0.00,4.98,1.49,2,0
2026-06-12 20:04:17.778,0.16,0.00,4.98,1.49,2,0
2026-06-12 20:04:17.828,0.16,0.00,4.98,1.49,2,0
2026-06-12 20:04:17.879,0.16,0.00,4.98,1.49,2,0
2026-06-12 20:04:17.929,0.16,0.00,4.98,1.49,2,0
2026-06-12 20:04:17.980,0.27,0.01,4.98,1.49,2,0
2026-06-12 20:04:18.030,0.27,0.01,4.67,2.45,2,0
2026-06-12 20:04:18.080,0.27,0.01,4.67,2.45,2,0
2026-06-12 20:04:18.131,0.27,0.01,4.67,2.45,2,0
2026-06-12 20:04:18.181,0.34,0.02,4.67,2.45,2,0
2026-06-12 20:04:18.231,0.34,0.02,4.51,3.07,2,0
2026-06-12 20:04:18.282,0.34,0.02,4.51,3.07,2,0
2026-06-12 20:04:18.332,0.34,0.02,4.51,3.07,2,0
2026-06-12 20:04:18.383,0.43,0.04,4.51,3.07,2,0
2026-06-12 20:04:18.433,0.43,0.04,5.72,3.86,2,0
2026-06-12 20:04:18.484,0.43,0.04,5.72,3.86,2,0
2026-06-12 20:04:18.534,1.32,0.28,5.72,3.86,2,0
2026-06-12 20:04:18.584,1.32,0.28,30.86,11.96,2,0
2026-06-12 20:04:18.635,1.32,0.28,30.86,11.96,2,0
2026-06-12 20:04:18.685,2.31,0.51,30.86,11.96,2,0
2026-06-12 20:04:18.736,2.31,0.51,41.94,20.95,2,0
2026-06-12 20:04:18.786,3.22,0.73,41.94,20.95,2,0
2026-06-12 20:04:18.837,3.22,0.73,48.55,29.23,2,0
2026-06-12 20:04:18.887,4.25,1.19,48.55,29.23,2,0
2026-06-12 20:04:18.937,5.41,1.97,60.57,38.63,2,0
2026-06-12 20:04:18.988,11.23,4.91,73.47,49.09,1,0
2026-06-12 20:04:19.038,15.77,7.88,225.42,101.99,1,0
2026-06-12 20:04:19.089,15.77,7.88,239.31,143.18,1,0
2026-06-12 20:04:19.139,15.77,7.88,239.31,143.18,1,0
2026-06-12 20:04:19.190,16.21,6.85,239.31,143.18,1,0
2026-06-12 20:04:19.240,16.21,6.85,156.70,147.24,1,0
2026-06-12 20:04:19.290,14.48,5.25,156.70,147.24,1,0
2026-06-12 20:04:19.341,12.87,3.11,94.79,131.51,1,0
2026-06-12 20:04:19.391,12.87,3.11,82.61,116.84,1,0
2026-06-12 20:04:19.441,11.66,1.99,82.61,116.84,1,0
2026-06-12 20:04:19.492,11.66,1.99,80.32,105.88,1,0
2026-06-12 20:04:19.542,10.83,1.41,80.32,105.88,1,0
2026-06-12 20:04:19.593,10.83,1.41,80.84,98.37,1,0
2026-06-12 20:04:19.645,10.83,1.41,80.84,98.37,1,0
2026-06-12 20:04:19.693,10.27,1.02,80.84,98.37,1,0
2026-06-12 20:04:19.744,9.85,0.51,81.41,93.28,1,0
2026-06-12 20:04:19.794,9.54,0.27,80.44,89.43,1,0
2026-06-12 20:04:19.845,9.54,0.27,80.24,86.67,1,0
2026-06-12 20:04:19.895,9.54,0.27,80.24,86.67,1,0
2026-06-12 20:04:19.945,9.23,0.14,80.24,86.67,1,0
2026-06-12 20:04:19.996,9.23,0.14,77.15,83.82,1,0
2026-06-12 20:04:20.046,9.23,0.14,77.15,83.82,1,0
2026-06-12 20:04:20.097,8.79,-0.00,77.15,83.82,1,0
2026-06-12 20:04:20.147,8.79,-0.00,70.51,79.83,1,0
2026-06-12 20:04:20.197,8.79,-0.00,70.51,79.83,1,0
2026-06-12 20:04:20.248,8.79,-0.00,70.51,79.83,1,0
2026-06-12 20:04:20.298,8.79,-0.00,70.51,79.83,1,0
2026-06-12 20:04:20.349,7.73,-0.18,70.51,79.83,1,0
2026-06-12 20:04:20.401,7.73,-0.18,47.87,70.24,1,0
2026-06-12 20:04:20.450,7.73,-0.18,47.87,70.24,1,0
2026-06-12 20:04:20.500,7.73,-0.18,47.87,70.24,1,0
2026-06-12 20:04:20.550,7.73,-0.18,47.87,70.24,1,0
2026-06-12 20:04:20.601,7.73,-0.18,47.87,70.24,1,0
2026-06-12 20:04:20.651,7.73,-0.18,47.87,70.24,1,0
2026-06-12 20:04:20.702,7.73,-0.18,47.87,70.24,1,0
2026-06-12 20:04:20.752,7.73,-0.18,47.87,70.24,1,0
2026-06-12 20:04:20.802,7.73,-0.18,47.87,70.24,1,0
2026-06-12 20:04:20.853,7.73,-0.18,47.87,70.24,1,0
2026-06-12 20:04:20.903,7.73,-0.18,47.87,70.24,1,0
2026-06-12 20:04:20.954,7.73,-0.18,47.87,70.24,1,0
2026-06-12 20:04:21.004,7.73,-0.18,47.87,70.24,1,0
2026-06-12 20:04:21.055,7.73,-0.18,47.87,70.24,1,0
2026-06-12 20:04:21.105,7.73,-0.18,47.87,70.24,1,0
2026-06-12 20:04:21.155,7.73,-0.18,47.87,70.24,1,0
2026-06-12 20:04:21.206,7.73,-0.18,47.87,70.24,1,0
2026-06-12 20:04:21.256,7.73,-0.18,47.87,70.24,1,0
2026-06-12 20:04:21.307,7.73,-0.18,47.87,70.24,1,0
2026-06-12 20:04:21.357,7.73,-0.18,47.87,70.24,1,0
2026-06-12 20:04:21.407,7.73,-0.18,47.87,70.24,1,0
2026-06-12 20:04:21.458,7.73,-0.18,47.87,70.24,1,0
2026-06-12 20:04:21.508,7.73,-0.18,47.87,70.24,1,0
2026-06-12 20:04:21.559,7.73,-0.18,47.87,70.24,1,0
2026-06-12 20:04:21.609,7.73,-0.18,47.87,70.24,1,0
2026-06-12 20:04:21.660,7.73,-0.18,47.87,70.24,1,0
2026-06-12 20:04:21.710,7.73,-0.18,47.87,70.24,1,0
2026-06-12 20:04:21.760,7.73,-0.18,47.87,70.24,1,0
2026-06-12 20:04:21.811,7.73,-0.18,47.87,70.24,1,0
2026-06-12 20:04:21.861,7.73,-0.18,47.87,70.24,1,0
2026-06-12 20:04:21.912,7.73,-0.18,47.87,70.24,1,0
2026-06-12 20:04:21.962,7.73,-0.18,47.87,70.24,1,0
2026-06-12 20:04:22.013,5.86,-0.18,47.87,70.24,0,0
2026-06-12 20:04:22.063,5.86,-0.18,13.59,53.25,0,0
2026-06-12 20:04:22.113,5.86,-0.18,13.59,53.25,0,0
2026-06-12 20:04:22.164,5.86,-0.18,13.59,53.25,0,0
2026-06-12 20:04:22.214,5.86,-0.18,13.59,53.25,0,0
2026-06-12 20:04:22.265,5.86,-0.18,13.59,53.25,0,0
2026-06-12 20:04:22.315,5.86,-0.18,13.59,53.25,0,0
2026-06-12 20:04:22.365,5.86,-0.18,13.59,53.25,0,0
2026-06-12 20:04:22.416,5.86,-0.18,13.59,53.25,0,0
2026-06-12 20:04:22.466,5.86,-0.18,13.59,53.25,0,0
2026-06-12 20:04:22.517,5.86,-0.18,13.59,53.25,0,0
2026-06-12 20:04:22.567,5.86,-0.18,13.59,53.25,0,0
2026-06-12 20:04:22.618,5.86,-0.18,13.59,53.25,0,0
2026-06-12 20:04:22.668,5.86,-0.18,13.59,53.25,0,0
2026-06-12 20:04:22.719,5.86,-0.18,13.59,53.25,0,0
2026-06-12 20:04:22.769,5.86,-0.18,13.59,53.25,0,0
2026-06-12 20:04:22.819,5.86,-0.18,13.59,53.25,0,0
2026-06-12 20:04:22.870,5.86,-0.18,13.59,53.25,0,0
2026-06-12 20:04:22.920,5.86,-0.18,13.59,53.25,0,0
2026-06-12 20:04:22.970,5.86,-0.18,13.59,53.25,0,0
2026-06-12 20:04:23.021,5.86,-0.18,13.59,53.25,0,0
2026-06-12 20:04:23.071,5.86,-0.18,13.59,53.25,0,0
2026-06-12 20:04:23.122,5.86,-0.18,13.59,53.25,0,0
2026-06-12 20:04:23.172,5.86,-0.18,13.59,53.25,0,0
2026-06-12 20:04:23.223,5.86,-0.18,13.59,53.25,0,0
2026-06-12 20:04:23.273,5.86,-0.18,13.59,53.25,0,0
2026-06-12 20:04:23.323,5.86,-0.18,13.59,53.25,0,0
2026-06-12 20:04:23.374,5.86,-0.18,13.59,53.25,0,0
2026-06-12 20:04:23.424,5.86,-0.18,13.59,53.25,0,0
2026-06-12 20:04:23.475,5.86,-0.18,13.59,53.25,0,0
2026-06-12 20:04:23.525,5.86,-0.18,13.59,53.25,0,0
2026-06-12 20:04:23.576,5.86,-0.18,13.59,53.25,0,0
2026-06-12 20:04:23.626,5.86,-0.18,13.59,53.25,0,0
2026-06-12 20:04:23.676,5.86,-0.18,13.59,53.25,0,0
2026-06-12 20:04:23.727,5.86,-0.18,13.59,53.25,0,0
2026-06-12 20:04:23.777,5.86,-0.18,13.59,53.25,0,0
2026-06-12 20:04:23.828,5.86,-0.18,13.59,53.25,0,0
2026-06-12 20:04:23.878,5.86,-0.18,13.59,53.25,0,0
2026-06-12 20:04:23.929,5.86,-0.18,13.59,53.25,0,0
2026-06-12 20:04:23.979,5.86,-0.18,13.59,53.25,0,0
2026-06-12 20:04:24.029,0.27,0.00,13.59,53.25,2,0
2026-06-12 20:04:24.080,0.27,0.00,8.15,2.45,2,0
2026-06-12 20:04:24.130,0.27,0.00,8.15,2.45,2,0
2026-06-12 20:04:24.181,0.27,0.00,8.15,2.45,2,0
2026-06-12 20:04:24.231,0.27,0.00,8.15,2.45,2,0
2026-06-12 20:04:24.281,0.27,0.00,8.15,2.45,2,0
2026-06-12 20:04:24.332,0.27,0.00,8.15,2.45,2,0
2026-06-12 20:04:24.382,0.27,0.00,8.15,2.45,2,0
2026-06-12 20:04:24.433,0.27,0.00,8.15,2.45,2,0
2026-06-12 20:04:24.483,0.27,0.00,8.15,2.45,2,0
2026-06-12 20:04:24.533,0.27,0.00,8.15,2.45,2,0
2026-06-12 20:04:24.584,0.27,0.00,8.15,2.45,2,0
2026-06-12 20:04:24.634,0.27,0.00,8.15,2.45,2,0
2026-06-12 20:04:24.685,0.27,0.00,8.15,2.45,2,0
2026-06-12 20:04:24.735,0.27,0.00,8.15,2.45,2,0
2026-06-12 20:04:24.785,0.27,0.00,8.15,2.45,2,0
2026-06-12 20:04:24.836,0.27,0.00,8.15,2.45,2,0
2026-06-12 20:04:24.886,0.27,0.00,8.15,2.45,2,0
2026-06-12 20:04:24.937,0.27,0.00,8.15,2.45,2,0
2026-06-12 20:04:24.987,0.27,0.00,8.15,2.45,2,0
2026-06-12 20:04:25.037,0.27,0.00,8.15,2.45,2,0
2026-06-12 20:04:25.088,0.27,0.00,8.15,2.45,2,0
2026-06-12 20:04:25.138,0.27,0.00,8.15,2.45,2,0
2026-06-12 20:04:25.189,0.27,0.00,8.15,2.45,2,0
2026-06-12 20:04:25.239,0.27,0.00,8.15,2.45,2,0
2026-06-12 20:04:25.290,0.27,0.00,8.15,2.45,2,0
2026-06-12 20:04:25.340,0.27,0.00,8.15,2.45,2,0
2026-06-12 20:04:25.390,0.27,0.00,8.15,2.45,2,0
2026-06-12 20:04:25.441,0.27,0.00,8.15,2.45,2,0
2026-06-12 20:04:25.491,0.27,0.00,8.15,2.45,2,0
2026-06-12 20:04:25.541,0.27,0.00,8.15,2.45,2,0
2026-06-12 20:04:25.592,0.27,0.00,8.15,2.45,2,0
2026-06-12 20:04:25.642,0.27,0.00,8.15,2.45,2,0
2026-06-12 20:04:25.693,0.27,0.00,8.15,2.45,2,0
2026-06-12 20:04:25.743,0.27,0.00,8.15,2.45,2,0
2026-06-12 20:04:25.793,0.27,0.00,8.15,2.45,2,0
2026-06-12 20:04:25.844,0.27,0.00,8.15,2.45,2,0
2026-06-12 20:04:25.894,0.27,0.00,8.15,2.45,2,0
2026-06-12 20:04:25.945,0.27,0.00,8.15,2.45,2,0
2026-06-12 20:04:25.995,0.27,0.00,8.15,2.45,2,0
2026-06-12 20:04:26.046,0.00,0.00,8.15,2.45,2,0
2026-06-12 20:04:26.096,0.00,0.00,0.00,0.00,2,0
2026-06-12 20:04:26.146,0.00,0.00,0.00,0.00,2,0
2026-06-12 20:04:26.197,0.00,0.00,0.00,0.00,2,0
2026-06-12 20:04:26.247,0.00,0.00,0.00,0.00,2,0
2026-06-12 20:04:26.297,0.00,0.00,0.00,0.00,2,0
2026-06-12 20:04:26.348,0.00,0.00,0.00,0.00,2,0
2026-06-12 20:04:26.398,0.00,0.00,0.00,0.00,2,0
2026-06-12 20:04:26.449,0.00,0.00,0.00,0.00,2,0
2026-06-12 20:04:26.499,0.00,0.00,0.00,0.00,2,0
2026-06-12 20:04:26.550,0.00,0.00,0.00,0.00,2,0
2026-06-12 20:04:26.600,0.00,0.00,0.00,0.00,2,0
2026-06-12 20:04:26.650,0.00,0.00,0.00,0.00,2,0
2026-06-12 20:04:26.701,0.00,0.00,0.00,0.00,2,0
2026-06-12 20:04:26.751,0.00,0.00,0.00,0.00,2,0
2026-06-12 20:04:26.801,0.00,0.00,0.00,0.00,2,0
2026-06-12 20:04:26.852,0.00,0.00,0.00,0.00,2,0
2026-06-12 20:04:26.902,0.00,0.00,0.00,0.00,2,0
2026-06-12 20:04:26.953,0.00,0.00,0.00,0.00,2,0
2026-06-12 20:04:27.003,0.00,0.00,0.00,0.00,2,0
2026-06-12 20:04:27.053,0.00,0.00,0.00,0.00,2,0
2026-06-12 20:04:27.104,0.00,0.00,0.00,0.00,2,0
2026-06-12 20:04:27.154,0.00,0.00,0.00,0.00,2,0
2026-06-12 20:04:27.205,0.00,0.00,0.00,0.00,2,0
2026-06-12 20:04:27.255,0.00,0.00,0.00,0.00,2,0
2026-06-12 20:04:27.305,0.00,0.00,0.00,0.00,2,0
2026-06-12 20:04:27.356,0.00,0.00,0.00,0.00,2,0
2026-06-12 20:04:27.406,0.00,0.00,0.00,0.00,2,0
2026-06-12 20:04:27.457,0.00,0.00,0.00,0.00,2,0
2026-06-12 20:04:27.507,0.00,0.00,0.00,0.00,2,0
2026-06-12 20:04:27.557,0.00,0.00,0.00,0.00,2,0
2026-06-12 20:04:27.608,0.00,0.00,0.00,0.00,2,0
2026-06-12 20:04:27.658,0.00,0.00,0.00,0.00,2,0
2026-06-12 20:04:27.709,0.00,0.00,0.00,0.00,2,0
2026-06-12 20:04:27.759,0.00,0.00,0.00,0.00,2,0
2026-06-12 20:04:27.810,0.00,0.00,0.00,0.00,2,0
2026-06-12 20:04:27.860,0.00,0.00,0.00,0.00,2,0
2026-06-12 20:04:27.910,0.00,0.00,0.00,0.00,2,0
2026-06-12 20:04:27.961,0.00,0.00,0.00,0.00,2,0
2026-06-12 20:04:28.011,0.00,0.00,0.00,0.00,2,0
2026-06-12 20:04:28.061,0.00,0.00,0.00,0.00,2,0
2026-06-12 20:04:28.112,0.00,0.00,0.00,0.00,2,0
2026-06-12 20:04:28.162,0.00,0.00,0.00,0.00,2,0
2026-06-12 20:04:28.213,0.00,0.00,0.00,0.00,2,0
2026-06-12 20:04:28.263,0.00,0.00,0.00,0.00,2,0
2026-06-12 20:04:28.313,0.00,0.00,0.00,0.00,2,0
2026-06-12 20:04:28.364,0.00,0.00,0.00,0.00,2,0
2026-06-12 20:04:28.414,0.00,0.00,0.00,0.00,2,0
2026-06-12 20:04:28.465,0.00,0.00,0.00,0.00,2,0
2026-06-12 20:04:28.515,0.00,0.00,0.00,0.00,2,0
2026-06-12 20:04:28.565,0.00,0.00,0.00,0.00,2,0
2026-06-12 20:04:28.616,0.00,0.00,0.00,0.00,2,0
2026-06-12 20:04:28.666,0.00,0.00,0.00,0.00,2,0
2026-06-12 20:04:28.717,0.00,0.00,0.00,0.00,2,0
2026-06-12 20:04:28.767,0.15,0.00,0.00,0.00,2,0
2026-06-12 20:04:28.817,0.31,0.27,4.44,1.33,1,0
2026-06-12 20:04:28.868,0.31,0.27,6.30,2.82,1,0
2026-06-12 20:04:28.918,0.31,0.27,6.30,2.82,1,0
2026-06-12 20:04:28.969,0.31,0.27,6.30,2.82,1,0
2026-06-12 20:04:29.019,0.31,0.27,6.30,2.82,1,0
2026-06-12 20:04:29.070,3.41,0.70,6.30,2.82,1,0
2026-06-12 20:04:29.121,3.41,0.70,96.64,30.97,1,0
2026-06-12 20:04:29.170,3.41,0.70,96.64,30.97,1,0
2026-06-12 20:04:29.221,3.41,0.70,96.64,30.97,1,0
2026-06-12 20:04:29.271,3.41,0.70,96.64,30.97,1,0
2026-06-12 20:04:29.321,4.34,0.76,96.64,30.97,1,0
2026-06-12 20:04:29.372,4.34,0.76,59.09,39.40,1,0
2026-06-12 20:04:29.422,4.34,0.76,59.09,39.40,1,0
2026-06-12 20:04:29.473,4.34,0.76,59.09,39.40,1,0
2026-06-12 20:04:29.523,4.44,0.67,59.09,39.40,1,0
2026-06-12 20:04:29.573,4.44,0.67,42.32,40.28,1,0
2026-06-12 20:04:29.624,4.44,0.67,42.32,40.28,1,0
2026-06-12 20:04:29.674,4.44,0.67,42.32,40.28,1,0
2026-06-12 20:04:29.725,4.19,0.52,42.32,40.28,1,0
2026-06-12 20:04:29.775,4.19,0.52,32.93,38.07,1,0
2026-06-12 20:04:29.826,4.19,0.52,32.93,38.07,1,0
2026-06-12 20:04:29.876,4.19,0.52,32.93,38.07,1,0
2026-06-12 20:04:29.926,4.19,0.52,32.93,38.07,1,0
2026-06-12 20:04:29.977,4.19,0.52,32.93,38.07,1,0
2026-06-12 20:04:30.027,3.99,0.41,32.93,38.07,1,0
2026-06-12 20:04:30.078,3.99,0.41,31.82,36.20,1,0
2026-06-12 20:04:30.128,3.99,0.41,31.82,36.20,1,0
2026-06-12 20:04:30.178,3.99,0.41,31.82,36.20,1,0
2026-06-12 20:04:30.229,3.99,0.41,31.82,36.20,1,0
2026-06-12 20:04:30.279,3.99,0.41,31.82,36.20,1,0
2026-06-12 20:04:30.330,3.99,0.41,31.82,36.20,1,0
2026-06-12 20:04:30.380,3.99,0.41,31.82,36.20,1,0
2026-06-12 20:04:30.430,3.99,0.41,31.82,36.20,1,0
2026-06-12 20:04:30.481,3.99,0.41,31.82,36.20,1,0
2026-06-12 20:04:30.531,3.99,0.41,31.82,36.20,1,0
2026-06-12 20:04:30.582,3.99,0.41,31.82,36.20,1,0
2026-06-12 20:04:30.632,3.99,0.41,31.82,36.20,1,0
2026-06-12 20:04:30.683,3.99,0.41,31.82,36.20,1,0
2026-06-12 20:04:30.733,3.99,0.41,31.82,36.20,1,0
2026-06-12 20:04:30.783,3.99,0.41,31.82,36.20,1,0
2026-06-12 20:04:30.834,3.99,0.41,31.82,36.20,1,0
2026-06-12 20:04:30.884,3.99,0.41,31.82,36.20,1,0
2026-06-12 20:04:30.934,3.99,0.41,31.82,36.20,1,0
2026-06-12 20:04:30.985,3.99,0.41,31.82,36.20,1,0
2026-06-12 20:04:31.035,3.99,0.41,31.82,36.20,1,0
2026-06-12 20:04:31.086,3.99,0.41,31.82,36.20,1,0
2026-06-12 20:04:31.136,3.99,0.41,31.82,36.20,1,0
2026-06-12 20:04:31.186,3.99,0.41,31.82,36.20,1,0
2026-06-12 20:04:31.237,3.99,0.41,31.82,36.20,1,0
2026-06-12 20:04:31.287,3.99,0.41,31.82,36.20,1,0
2026-06-12 20:04:31.338,3.99,0.41,31.82,36.20,1,0
2026-06-12 20:04:31.388,3.99,0.41,31.82,36.20,1,0
2026-06-12 20:04:31.439,3.99,0.41,31.82,36.20,1,0
2026-06-12 20:04:31.489,3.99,0.41,31.82,36.20,1,0
2026-06-12 20:04:31.542,3.99,0.41,31.82,36.20,1,0
2026-06-12 20:04:31.590,3.99,0.41,31.82,36.20,1,0
2026-06-12 20:04:31.640,3.99,0.41,31.82,36.20,1,0
2026-06-12 20:04:31.690,3.99,0.41,31.82,36.20,1,0
2026-06-12 20:04:31.741,3.99,0.41,31.82,36.20,1,0
2026-06-12 20:04:31.791,3.99,0.41,31.82,36.20,1,0
2026-06-12 20:04:31.842,3.18,0.41,31.82,36.20,0,0
2026-06-12 20:04:31.892,3.18,0.41,11.82,28.88,0,0
2026-06-12 20:04:31.943,3.18,0.41,11.82,28.88,0,0
2026-06-12 20:04:31.993,3.18,0.41,11.82,28.88,0,0
2026-06-12 20:04:32.044,3.18,0.41,11.82,28.88,0,0
2026-06-12 20:04:32.094,3.18,0.41,11.82,28.88,0,0
2026-06-12 20:04:32.145,3.18,0.41,11.82,28.88,0,0
2026-06-12 20:04:32.195,3.18,0.41,11.82,28.88,0,0
2026-06-12 20:04:32.245,3.18,0.41,11.82,28.88,0,0
2026-06-12 20:04:32.295,3.18,0.41,11.82,28.88,0,0
2026-06-12 20:04:32.346,3.18,0.41,11.82,28.88,0,0
2026-06-12 20:04:32.396,3.18,0.41,11.82,28.88,0,0
2026-06-12 20:04:32.446,3.18,0.41,11.82,28.88,0,0
2026-06-12 20:04:32.497,3.18,0.41,11.82,28.88,0,0
2026-06-12 20:04:32.547,3.18,0.41,11.82,28.88,0,0
2026-06-12 20:04:32.598,3.18,0.41,11.82,28.88,0,0
2026-06-12 20:04:32.648,3.18,0.41,11.82,28.88,0,0
2026-06-12 20:04:32.699,3.18,0.41,11.82,28.88,0,0
2026-06-12 20:04:32.749,3.18,0.41,11.82,28.88,0,0
2026-06-12 20:04:32.799,3.18,0.41,11.82,28.88,0,0
2026-06-12 20:04:32.850,3.18,0.41,11.82,28.88,0,0
2026-06-12 20:04:32.900,3.18,0.41,11.82,28.88,0,0
2026-06-12 20:04:32.951,3.18,0.41,11.82,28.88,0,0
2026-06-12 20:04:33.001,3.18,0.41,11.82,28.88,0,0
2026-06-12 20:04:33.051,3.18,0.41,11.82,28.88,0,0
2026-06-12 20:04:33.102,3.18,0.41,11.82,28.88,0,0
2026-06-12 20:04:33.152,3.18,0.41,11.82,28.88,0,0
2026-06-12 20:04:33.203,3.18,0.41,11.82,28.88,0,0
2026-06-12 20:04:33.253,3.18,0.41,11.82,28.88,0,0
2026-06-12 20:04:33.303,3.18,0.41,11.82,28.88,0,0
2026-06-12 20:04:33.354,3.18,0.41,11.82,28.88,0,0
2026-06-12 20:04:33.404,3.18,0.41,11.82,28.88,0,0
2026-06-12 20:04:33.455,3.18,0.41,11.82,28.88,0,0
2026-06-12 20:04:33.505,3.18,0.41,11.82,28.88,0,0
2026-06-12 20:04:33.555,3.18,0.41,11.82,28.88,0,0
2026-06-12 20:04:33.606,3.18,0.41,11.82,28.88,0,0
2026-06-12 20:04:33.656,3.18,0.41,11.82,28.88,0,0
2026-06-12 20:04:33.707,3.18,0.41,11.82,28.88,0,0
2026-06-12 20:04:33.757,3.18,0.41,11.82,28.88,0,0
2026-06-12 20:04:33.807,3.18,0.41,11.82,28.88,0,0
2026-06-12 20:04:33.858,0.24,0.00,11.82,28.88,2,0
2026-06-12 20:04:33.909,0.24,0.00,7.22,2.17,2,0
2026-06-12 20:04:33.959,0.24,0.00,7.22,2.17,2,0
2026-06-12 20:04:34.009,0.24,0.00,7.22,2.17,2,0
2026-06-12 20:04:34.060,0.24,0.00,7.22,2.17,2,0
2026-06-12 20:04:34.110,0.24,0.00,7.22,2.17,2,0
2026-06-12 20:04:34.160,0.24,0.00,7.22,2.17,2,0
2026-06-12 20:04:34.211,0.24,0.00,7.22,2.17,2,0
2026-06-12 20:04:34.261,0.24,0.00,7.22,2.17,2,0
2026-06-12 20:04:34.311,0.24,0.00,7.22,2.17,2,0
2026-06-12 20:04:34.362,0.24,0.00,7.22,2.17,2,0
2026-06-12 20:04:34.412,0.24,0.00,7.22,2.17,2,0
2026-06-12 20:04:34.463,0.24,0.00,7.22,2.17,2,0
2026-06-12 20:04:34.513,0.24,0.00,7.22,2.17,2,0
2026-06-12 20:04:34.564,0.24,0.00,7.22,2.17,2,0
2026-06-12 20:04:34.614,0.24,0.00,7.22,2.17,2,0
2026-06-12 20:04:34.664,0.24,0.00,7.22,2.17,2,0
2026-06-12 20:04:34.715,0.24,0.00,7.22,2.17,2,0
2026-06-12 20:04:34.765,0.24,0.00,7.22,2.17,2,0
2026-06-12 20:04:34.815,0.24,0.00,7.22,2.17,2,0
2026-06-12 20:04:34.866,0.24,0.00,7.22,2.17,2,0
2026-06-12 20:04:34.916,0.24,0.00,7.22,2.17,2,0
2026-06-12 20:04:34.967,0.24,0.00,7.22,2.17,2,0
2026-06-12 20:04:35.017,0.24,0.00,7.22,2.17,2,0
2026-06-12 20:04:35.068,0.24,0.00,7.22,2.17,2,0
2026-06-12 20:04:35.118,0.24,0.00,7.22,2.17,2,0
2026-06-12 20:04:35.168,0.24,0.00,7.22,2.17,2,0
2026-06-12 20:04:35.219,0.24,0.00,7.22,2.17,2,0
2026-06-12 20:04:35.269,0.24,0.00,7.22,2.17,2,0
2026-06-12 20:04:35.319,0.24,0.00,7.22,2.17,2,0
2026-06-12 20:04:35.370,0.24,0.00,7.22,2.17,2,0
2026-06-12 20:04:35.421,0.24,0.00,7.22,2.17,2,0
2026-06-12 20:04:35.471,0.24,0.00,7.22,2.17,2,0
2026-06-12 20:04:35.525,0.24,0.00,7.22,2.17,2,0
2026-06-12 20:04:35.571,0.24,0.00,7.22,2.17,2,0
2026-06-12 20:04:35.622,0.24,0.00,7.22,2.17,2,0
2026-06-12 20:04:35.672,0.24,0.00,7.22,2.17,2,0
2026-06-12 20:04:35.723,0.24,0.00,7.22,2.17,2,0
2026-06-12 20:04:35.773,0.24,0.00,7.22,2.17,2,0
2026-06-12 20:04:35.823,0.24,0.00,7.22,2.17,2,0
2026-06-12 20:04:35.874,0.00,0.00,7.22,2.17,2,0
2026-06-12 20:04:35.924,0.00,0.00,0.00,0.00,2,0
2026-06-12 20:04:35.975,0.00,0.00,0.00,0.00,2,0
2026-06-12 20:04:36.025,0.00,0.00,0.00,0.00,2,0
2026-06-12 20:04:36.075,0.00,0.00,0.00,0.00,2,0
2026-06-12 20:04:36.126,0.00,0.00,0.00,0.00,2,0
2026-06-12 20:04:36.176,0.00,0.00,0.00,0.00,2,0
2026-06-12 20:04:36.227,0.00,0.00,0.00,0.00,2,0
2026-06-12 20:04:36.277,0.00,0.00,0.00,0.00,2,0
2026-06-12 20:04:36.327,0.00,0.00,0.00,0.00,2,0
2026-06-12 20:04:36.381,0.00,0.00,0.00,0.00,2,0
2026-06-12 20:04:36.428,0.00,0.00,0.00,0.00,2,0
2026-06-12 20:04:36.479,0.00,0.00,0.00,0.00,2,0
2026-06-12 20:04:36.532,0.00,0.00,0.00,0.00,2,0
2026-06-12 20:04:36.580,0.00,0.00,0.00,0.00,2,0
2026-06-12 20:04:36.630,0.00,0.00,0.00,0.00,2,0
2026-06-12 20:04:36.680,0.00,0.00,0.00,0.00,2,0
2026-06-12 20:04:36.731,0.00,0.00,0.00,0.00,2,0
2026-06-12 20:04:36.781,0.00,0.00,0.00,0.00,2,0
2026-06-12 20:04:36.831,0.00,0.00,0.00,0.00,2,0
2026-06-12 20:04:36.882,0.00,0.00,0.00,0.00,2,0
2026-06-12 20:04:36.932,0.00,0.00,0.00,0.00,2,0
2026-06-12 20:04:36.983,0.00,0.00,0.00,0.00,2,0
2026-06-12 20:04:37.033,0.00,0.00,0.00,0.00,2,0
2026-06-12 20:04:37.083,0.00,0.00,0.00,0.00,2,0
2026-06-12 20:04:37.134,0.00,0.00,0.00,0.00,2,0
2026-06-12 20:04:37.184,0.00,0.00,0.00,0.00,2,0
2026-06-12 20:04:37.235,0.00,0.00,0.00,0.00,2,0
2026-06-12 20:04:37.285,0.00,0.00,0.00,0.00,2,0
2026-06-12 20:04:37.336,0.00,0.00,0.00,0.00,2,0
2026-06-12 20:04:37.386,0.00,0.00,0.00,0.00,2,0
2026-06-12 20:04:37.436,0.00,0.00,0.00,0.00,2,0
2026-06-12 20:04:37.487,0.00,0.00,0.00,0.00,2,0
2026-06-12 20:04:37.537,0.00,0.00,0.00,0.00,2,0
2026-06-12 20:04:37.587,0.00,0.00,0.00,0.00,2,0
2026-06-12 20:04:37.638,0.00,0.00,0.00,0.00,2,0
2026-06-12 20:04:37.688,0.00,0.00,0.00,0.00,2,0
2026-06-12 20:04:37.739,0.00,0.00,0.00,0.00,2,0
2026-06-12 20:04:37.789,0.00,0.00,0.00,0.00,2,0
2026-06-12 20:04:37.840,0.00,0.00,0.00,0.00,2,0
2026-06-12 20:04:37.890,0.00,0.00,0.00,0.00,2,0
2026-06-12 20:04:37.940,0.00,0.00,0.00,0.00,2,0
2026-06-12 20:04:37.991,0.00,0.00,0.00,0.00,2,0
2026-06-12 20:04:38.041,0.00,0.00,0.00,0.00,2,0
2026-06-12 20:04:38.091,0.00,0.00,0.00,0.00,2,0
2026-06-12 20:04:38.142,0.00,0.00,0.00,0.00,2,0
2026-06-12 20:04:38.193,0.00,0.00,0.00,0.00,2,0
2026-06-12 20:04:38.243,0.00,0.00,0.00,0.00,2,0
2026-06-12 20:04:38.293,0.00,0.00,0.00,0.00,2,0
2026-06-12 20:04:38.343,0.00,0.00,0.00,0.00,2,0
2026-06-12 20:04:38.394,0.00,0.00,0.00,0.00,2,0
2026-06-12 20:04:38.444,0.00,0.00,0.00,0.00,2,0
2026-06-12 20:04:38.495,0.00,0.00,0.00,0.00,2,0
2026-06-12 20:04:38.545,0.00,0.00,0.00,0.00,2,0
2026-06-12 20:04:38.595,0.00,0.00,0.00,0.00,2,0
2026-06-12 20:04:38.646,0.00,0.00,0.00,0.00,2,0
2026-06-12 20:04:38.696,0.00,0.00,0.00,0.00,2,0
2026-06-12 20:04:38.747,0.00,0.00,0.00,0.00,2,0
2026-06-12 20:04:38.797,0.00,0.00,0.00,0.00,2,0
2026-06-12 20:04:38.847,0.00,0.00,0.00,0.00,2,0
2026-06-12 20:04:38.898,0.00,0.00,0.00,0.00,2,0
2026-06-12 20:04:38.948,0.00,0.00,0.00,0.00,2,0
2026-06-12 20:04:38.999,0.00,0.00,0.00,0.00,2,0
2026-06-12 20:04:39.049,0.00,0.00,0.00,0.00,2,0
2026-06-12 20:04:39.100,0.00,0.00,0.00,0.00,2,0
2026-06-12 20:04:39.150,0.00,0.00,0.00,0.00,2,0
2026-06-12 20:04:39.200,0.00,0.00,0.00,0.00,2,0
2026-06-12 20:04:39.251,0.00,0.00,0.00,0.00,2,0
2026-06-12 20:04:39.301,0.00,0.00,0.00,0.00,2,0
2026-06-12 20:04:39.351,0.00,0.00,0.00,0.00,2,0
2026-06-12 20:04:39.402,0.00,0.00,0.00,0.00,2,0
2026-06-12 20:04:39.452,0.00,0.00,0.00,0.00,2,0
2026-06-12 20:04:39.503,0.00,0.00,0.00,0.00,2,0
2026-06-12 20:04:39.553,0.00,0.00,0.00,0.00,2,0
2026-06-12 20:04:39.603,0.00,0.00,0.00,0.00,2,0
2026-06-12 20:04:39.654,0.00,0.00,0.00,0.00,2,0
2026-06-12 20:04:39.704,0.00,0.00,0.00,0.00,2,0
2026-06-12 20:04:39.755,0.00,0.00,0.00,0.00,2,0
2026-06-12 20:04:39.805,0.00,0.00,0.00,0.00,2,0
2026-06-12 20:04:39.855,0.00,0.00,0.00,0.00,2,0
2026-06-12 20:04:39.906,0.00,0.00,0.00,0.00,2,0
2026-06-12 20:04:39.956,0.00,0.00,0.00,0.00,2,0
2026-06-12 20:04:40.007,0.00,0.00,0.00,0.00,2,0
2026-06-12 20:04:40.057,0.00,0.00,0.00,0.00,2,0
2026-06-12 20:04:40.107,0.00,0.00,0.00,0.00,2,0
2026-06-12 20:04:40.158,0.00,0.00,0.00,0.00,2,0
2026-06-12 20:04:40.208,0.00,0.00,0.00,0.00,2,0
2026-06-12 20:04:40.259,0.00,0.00,0.00,0.00,2,0
2026-06-12 20:04:40.309,0.00,0.00,0.00,0.00,2,0
2026-06-12 20:04:40.359,0.00,0.00,0.00,0.00,2,0
2026-06-12 20:04:40.410,0.00,0.00,0.00,0.00,2,0
2026-06-12 20:04:40.460,0.00,0.00,0.00,0.00,2,0
2026-06-12 20:04:40.511,0.00,0.00,0.00,0.00,2,0
2026-06-12 20:04:40.561,0.00,0.00,0.00,0.00,2,0
2026-06-12 20:04:40.611,0.00,0.00,0.00,0.00,2,0
2026-06-12 20:04:40.662,0.00,0.00,0.00,0.00,2,0
2026-06-12 20:04:40.712,0.00,0.00,0.00,0.00,2,0
2026-06-12 20:04:40.763,0.00,0.00,0.00,0.00,2,0
2026-06-12 20:04:40.813,0.00,0.00,0.00,0.00,2,0
2026-06-12 20:04:40.863,0.09,0.00,0.00,0.00,2,0
2026-06-12 20:04:40.914,0.09,0.00,2.77,0.83,2,0
2026-06-12 20:04:40.964,0.09,0.00,2.77,0.83,2,0
2026-06-12 20:04:41.015,0.09,0.00,2.77,0.83,2,0
2026-06-12 20:04:41.065,0.09,0.00,2.77,0.83,2,0
2026-06-12 20:04:41.115,0.09,0.00,2.77,0.83,2,0
2026-06-12 20:04:41.166,0.09,0.00,2.77,0.83,2,0
2026-06-12 20:04:41.216,0.09,0.00,2.77,0.83,2,0
2026-06-12 20:04:41.267,0.17,0.01,2.77,0.83,2,0
2026-06-12 20:04:41.317,0.17,0.01,3.19,1.54,2,0
2026-06-12 20:04:41.367,0.17,0.01,3.19,1.54,2,0
2026-06-12 20:04:41.418,0.17,0.01,3.19,1.54,2,0
2026-06-12 20:04:41.468,0.25,0.02,3.19,1.54,2,0
2026-06-12 20:04:41.519,0.25,0.02,3.93,2.26,2,0
2026-06-12 20:04:41.569,0.25,0.02,3.93,2.26,2,0
2026-06-12 20:04:41.620,0.25,0.02,3.93,2.26,2,0
2026-06-12 20:04:41.670,0.25,0.02,3.93,2.26,2,0
2026-06-12 20:04:41.720,0.30,0.03,3.93,2.26,2,0
2026-06-12 20:04:41.771,0.30,0.03,3.83,2.73,2,0
2026-06-12 20:04:41.821,0.30,0.03,3.83,2.73,2,0
2026-06-12 20:04:41.871,1.19,0.23,3.83,2.73,2,0
2026-06-12 20:04:41.922,1.19,0.23,29.78,10.85,2,0
2026-06-12 20:04:41.972,1.19,0.23,29.78,10.85,2,0
2026-06-12 20:04:42.023,2.08,0.44,29.78,10.85,2,0
2026-06-12 20:04:42.073,2.08,0.44,37.64,18.89,2,0
2026-06-12 20:04:42.123,2.08,0.44,37.64,18.89,2,0
2026-06-12 20:04:42.174,2.90,0.60,37.64,18.89,2,0
2026-06-12 20:04:42.224,2.90,0.60,43.81,26.36,2,0
2026-06-12 20:04:42.275,2.90,0.60,43.81,26.36,2,0
2026-06-12 20:04:42.325,3.66,0.77,43.81,26.36,2,0
2026-06-12 20:04:42.375,3.66,0.77,49.42,33.28,2,0
2026-06-12 20:04:42.426,4.39,0.95,49.42,33.28,2,0
2026-06-12 20:04:42.476,4.39,0.95,55.37,39.91,2,0
2026-06-12 20:04:42.527,5.05,1.03,55.37,39.91,2,0
2026-06-12 20:04:42.577,5.05,1.03,59.77,45.87,2,0
2026-06-12 20:04:42.627,5.65,1.12,59.77,45.87,2,0
2026-06-12 20:04:42.678,5.65,1.12,63.94,51.29,2,0
2026-06-12 20:04:42.728,6.18,1.17,63.94,51.29,2,0
2026-06-12 20:04:42.779,6.18,1.17,67.45,56.14,2,0
2026-06-12 20:04:42.829,6.63,1.18,67.45,56.14,2,0
2026-06-12 20:04:42.880,6.63,1.18,69.59,60.17,2,0
2026-06-12 20:04:42.930,7.05,1.18,69.59,60.17,2,0
2026-06-12 20:04:42.980,7.05,1.18,73.08,64.05,2,0
2026-06-12 20:04:43.031,7.42,1.15,73.08,64.05,2,0
2026-06-12 20:04:43.081,7.42,1.15,75.02,67.34,2,0
2026-06-12 20:04:43.131,7.73,1.11,75.02,67.34,2,0
2026-06-12 20:04:43.182,7.73,1.11,76.89,70.20,2,0
2026-06-12 20:04:43.232,8.03,1.11,76.89,70.20,2,0
2026-06-12 20:04:43.283,8.03,1.11,79.33,72.94,2,0
2026-06-12 20:04:43.333,8.31,1.06,79.33,72.94,2,0
2026-06-12 20:04:43.384,8.31,1.06,81.47,75.50,2,0
2026-06-12 20:04:43.434,8.53,0.99,81.47,75.50,2,0
2026-06-12 20:04:43.484,8.71,0.94,81.95,77.43,2,0
2026-06-12 20:04:43.535,8.71,0.94,82.96,79.09,2,0
2026-06-12 20:04:43.585,8.86,0.86,82.96,79.09,2,0
2026-06-12 20:04:43.636,8.86,0.86,83.73,80.48,2,0
2026-06-12 20:04:43.686,8.97,0.79,83.73,80.48,2,0
2026-06-12 20:04:43.736,8.97,0.79,83.73,81.46,2,0
2026-06-12 20:04:43.787,9.09,0.72,83.73,81.46,2,0
2026-06-12 20:04:43.837,9.22,0.69,85.05,82.54,2,0
2026-06-12 20:04:43.888,9.22,0.69,86.45,83.71,2,0
2026-06-12 20:04:43.938,9.32,0.64,86.45,83.71,2,0
2026-06-12 20:04:43.988,9.32,0.64,86.93,84.68,2,0
2026-06-12 20:04:44.039,9.40,0.58,86.93,84.68,2,0
2026-06-12 20:04:44.090,9.47,0.53,87.03,85.38,2,0
2026-06-12 20:04:44.141,9.47,0.53,87.40,85.99,2,0
2026-06-12 20:04:44.190,9.52,0.47,87.40,85.99,2,0
2026-06-12 20:04:44.241,9.52,0.47,87.40,86.41,2,0
2026-06-12 20:04:44.291,9.57,0.43,87.40,86.41,2,0
2026-06-12 20:04:44.341,9.67,0.42,87.92,86.86,2,0
2026-06-12 20:04:44.392,9.67,0.42,90.14,87.85,2,0
2026-06-12 20:04:44.442,9.82,0.44,90.14,87.85,2,0
2026-06-12 20:04:44.493,10.04,0.49,92.41,89.22,2,0
2026-06-12 20:04:44.543,10.04,0.49,95.59,91.13,2,0
2026-06-12 20:04:44.593,10.29,0.56,95.59,91.13,2,0
2026-06-12 20:04:44.644,10.57,0.63,98.90,93.46,2,0
2026-06-12 20:04:44.694,12.67,3.74,101.82,95.97,2,0
2026-06-12 20:04:44.744,12.67,3.74,141.20,115.07,2,0
2026-06-12 20:04:44.795,13.68,3.73,141.20,115.07,2,0
2026-06-12 20:04:44.845,14.50,3.62,145.68,124.26,2,0
2026-06-12 20:04:44.896,14.30,2.92,149.08,131.70,2,0
2026-06-12 20:04:44.946,14.30,2.92,125.71,129.90,2,0
2026-06-12 20:04:44.996,13.84,2.22,125.71,129.90,2,0
2026-06-12 20:04:45.047,13.59,1.68,115.82,125.68,2,0
2026-06-12 20:04:45.097,13.48,1.37,117.99,123.37,2,0
2026-06-12 20:04:45.148,13.50,1.18,120.24,122.43,2,0
2026-06-12 20:04:45.198,13.52,1.02,122.94,122.58,2,0
2026-06-12 20:04:45.249,13.52,1.02,123.13,122.75,2,0
2026-06-12 20:04:45.299,13.53,0.87,123.13,122.75,2,0
2026-06-12 20:04:45.350,13.45,0.68,123.14,122.86,2,0
2026-06-12 20:04:45.400,17.14,2.62,120.48,122.15,1,0
2026-06-12 20:04:45.450,20.35,4.90,233.75,155.63,1,0
2026-06-12 20:04:45.501,20.35,4.90,252.75,184.77,1,0
2026-06-12 20:04:45.551,22.40,5.30,252.75,184.77,1,0
2026-06-12 20:04:45.601,21.29,3.59,247.08,203.46,1,0
2026-06-12 20:04:45.652,19.20,1.31,169.76,193.35,1,0
2026-06-12 20:04:45.702,17.63,0.24,130.12,174.38,1,0
2026-06-12 20:04:45.753,16.44,-0.76,126.85,160.12,1,0
2026-06-12 20:04:45.803,16.44,-0.76,124.12,149.32,1,0
2026-06-12 20:04:45.854,15.57,-1.13,124.12,149.32,1,0
2026-06-12 20:04:45.904,14.87,-1.54,122.91,141.40,1,0
2026-06-12 20:04:45.954,14.36,-1.59,120.30,135.07,1,0
2026-06-12 20:04:46.005,13.92,-1.71,119.46,130.39,1,0
2026-06-12 20:04:46.055,13.92,-1.71,117.27,126.45,1,0
2026-06-12 20:04:46.106,13.51,-1.68,117.27,126.45,1,0
2026-06-12 20:04:46.156,13.08,-1.67,114.00,122.72,1,0
2026-06-12 20:04:46.206,13.08,-1.67,109.63,118.79,1,0
2026-06-12 20:04:46.257,12.67,-1.65,109.63,118.79,1,0
2026-06-12 20:04:46.307,12.21,-1.65,106.25,115.03,1,0
2026-06-12 20:04:46.358,12.21,-1.65,101.32,110.92,1,0
2026-06-12 20:04:46.408,11.72,-1.68,101.32,110.92,1,0
2026-06-12 20:04:46.459,11.72,-1.68,95.88,106.41,1,0
2026-06-12 20:04:46.509,11.16,-1.66,95.88,106.41,1,0
2026-06-12 20:04:46.559,11.16,-1.66,89.41,101.31,1,0
2026-06-12 20:04:46.610,10.40,-1.66,89.41,101.31,1,0
2026-06-12 20:04:46.660,10.40,-1.66,78.49,94.46,1,0
2026-06-12 20:04:46.711,10.40,-1.66,78.49,94.46,1,0
2026-06-12 20:04:46.761,10.40,-1.66,78.49,94.46,1,0
2026-06-12 20:04:46.812,9.35,-1.66,78.49,94.46,1,0
2026-06-12 20:04:46.862,9.35,-1.66,62.66,84.92,1,0
2026-06-12 20:04:46.912,9.35,-1.66,62.66,84.92,1,0
2026-06-12 20:04:46.963,9.35,-1.66,62.66,84.92,1,0
2026-06-12 20:04:47.013,9.35,-1.66,62.66,84.92,1,0
2026-06-12 20:04:47.064,9.35,-1.66,62.66,84.92,1,0
2026-06-12 20:04:47.114,9.35,-1.66,62.66,84.92,1,0
2026-06-12 20:04:47.164,9.35,-1.66,62.66,84.92,1,0
2026-06-12 20:04:47.215,9.35,-1.66,62.66,84.92,1,0
2026-06-12 20:04:47.265,9.35,-1.66,62.66,84.92,1,0
2026-06-12 20:04:47.316,9.35,-1.66,62.66,84.92,1,0
2026-06-12 20:04:47.366,9.35,-1.66,62.66,84.92,1,0
2026-06-12 20:04:47.417,9.35,-1.66,62.66,84.92,1,0
2026-06-12 20:04:47.467,9.35,-1.66,62.66,84.92,1,0
2026-06-12 20:04:47.517,9.35,-1.66,62.66,84.92,1,0
2026-06-12 20:04:47.568,9.35,-1.66,62.66,84.92,1,0
2026-06-12 20:04:47.618,9.35,-1.66,62.66,84.92,1,0
2026-06-12 20:04:47.669,9.35,-1.66,62.66,84.92,1,0
2026-06-12 20:04:47.719,9.35,-1.66,62.66,84.92,1,0
2026-06-12 20:04:47.770,9.35,-1.66,62.66,84.92,1,0
2026-06-12 20:04:47.820,9.35,-1.66,62.66,84.92,1,0
2026-06-12 20:04:47.870,9.35,-1.66,62.66,84.92,1,0
2026-06-12 20:04:47.921,9.35,-1.66,62.66,84.92,1,0
2026-06-12 20:04:47.971,9.35,-1.66,62.66,84.92,1,0
2026-06-12 20:04:48.022,9.35,-1.66,62.66,84.92,1,0
2026-06-12 20:04:48.072,9.35,-1.66,62.66,84.92,1,0
2026-06-12 20:04:48.123,9.35,-1.66,62.66,84.92,1,0
2026-06-12 20:04:48.173,9.35,-1.66,62.66,84.92,1,0
2026-06-12 20:04:48.223,9.35,-1.66,62.66,84.92,1,0
2026-06-12 20:04:48.274,9.35,-1.66,62.66,84.92,1,0
2026-06-12 20:04:48.324,9.35,-1.66,62.66,84.92,1,0
2026-06-12 20:04:48.375,9.35,-1.66,62.66,84.92,1,0
2026-06-12 20:04:48.425,7.04,-1.66,62.66,84.92,0,0
2026-06-12 20:04:48.475,7.04,-1.66,14.83,63.89,0,0
2026-06-12 20:04:48.526,7.04,-1.66,14.83,63.89,0,0
2026-06-12 20:04:48.576,7.04,-1.66,14.83,63.89,0,0
2026-06-12 20:04:48.627,7.04,-1.66,14.83,63.89,0,0
2026-06-12 20:04:48.677,7.04,-1.66,14.83,63.89,0,0
2026-06-12 20:04:48.727,7.04,-1.66,14.83,63.89,0,0
2026-06-12 20:04:48.778,7.04,-1.66,14.83,63.89,0,0
2026-06-12 20:04:48.828,7.04,-1.66,14.83,63.89,0,0
2026-06-12 20:04:48.879,7.04,-1.66,14.83,63.89,0,0
2026-06-12 20:04:48.929,7.04,-1.66,14.83,63.89,0,0
2026-06-12 20:04:48.980,7.04,-1.66,14.83,63.89,0,0
2026-06-12 20:04:49.030,7.04,-1.66,14.83,63.89,0,0
2026-06-12 20:04:49.080,7.04,-1.66,14.83,63.89,0,0
2026-06-12 20:04:49.131,7.04,-1.66,14.83,63.89,0,0
2026-06-12 20:04:49.181,7.04,-1.66,14.83,63.89,0,0
2026-06-12 20:04:49.233,7.04,-1.66,14.83,63.89,0,0
2026-06-12 20:04:49.282,7.04,-1.66,14.83,63.89,0,0
2026-06-12 20:04:49.332,7.04,-1.66,14.83,63.89,0,0
2026-06-12 20:04:49.383,7.04,-1.66,14.83,63.89,0,0
2026-06-12 20:04:49.433,7.04,-1.66,14.83,63.89,0,0
2026-06-12 20:04:49.484,7.04,-1.66,14.83,63.89,0,0
2026-06-12 20:04:49.534,7.04,-1.66,14.83,63.89,0,0
2026-06-12 20:04:49.585,7.04,-1.66,14.83,63.89,0,0
2026-06-12 20:04:49.635,7.04,-1.66,14.83,63.89,0,0
2026-06-12 20:04:49.685,7.04,-1.66,14.83,63.89,0,0
2026-06-12 20:04:49.736,7.04,-1.66,14.83,63.89,0,0
2026-06-12 20:04:49.786,7.04,-1.66,14.83,63.89,0,0
2026-06-12 20:04:49.837,7.04,-1.66,14.83,63.89,0,0
2026-06-12 20:04:49.887,7.04,-1.66,14.83,63.89,0,0
2026-06-12 20:04:49.938,7.04,-1.66,14.83,63.89,0,0
2026-06-12 20:04:49.988,7.04,-1.66,14.83,63.89,0,0
2026-06-12 20:04:50.038,7.04,-1.66,14.83,63.89,0,0
2026-06-12 20:04:50.089,7.04,-1.66,14.83,63.89,0,0
2026-06-12 20:04:50.140,7.04,-1.66,14.83,63.89,0,0
2026-06-12 20:04:50.190,7.04,-1.66,14.83,63.89,0,0
2026-06-12 20:04:50.240,7.04,-1.66,14.83,63.89,0,0
2026-06-12 20:04:50.291,7.04,-1.66,14.83,63.89,0,0
2026-06-12 20:04:50.341,7.04,-1.66,14.83,63.89,0,0
2026-06-12 20:04:50.391,7.04,-1.66,14.83,63.89,0,0
2026-06-12 20:04:50.442,0.26,0.00,14.83,63.89,2,0
2026-06-12 20:04:50.492,0.26,0.00,7.83,2.35,2,0
2026-06-12 20:04:50.543,0.26,0.00,7.83,2.35,2,0
2026-06-12 20:04:50.593,0.26,0.00,7.83,2.35,2,0
2026-06-12 20:04:50.643,0.26,0.00,7.83,2.35,2,0
2026-06-12 20:04:50.694,0.26,0.00,7.83,2.35,2,0
2026-06-12 20:04:50.744,0.26,0.00,7.83,2.35,2,0
2026-06-12 20:04:50.795,0.26,0.00,7.83,2.35,2,0
2026-06-12 20:04:50.845,0.26,0.00,7.83,2.35,2,0
2026-06-12 20:04:50.895,0.26,0.00,7.83,2.35,2,0
2026-06-12 20:04:50.946,0.26,0.00,7.83,2.35,2,0
2026-06-12 20:04:50.996,0.26,0.00,7.83,2.35,2,0
2026-06-12 20:04:51.047,0.26,0.00,7.83,2.35,2,0
2026-06-12 20:04:51.097,0.26,0.00,7.83,2.35,2,0
2026-06-12 20:04:51.147,0.26,0.00,7.83,2.35,2,0
2026-06-12 20:04:51.198,0.26,0.00,7.83,2.35,2,0
2026-06-12 20:04:51.248,0.26,0.00,7.83,2.35,2,0
2026-06-12 20:04:51.299,0.26,0.00,7.83,2.35,2,0
2026-06-12 20:04:51.349,0.26,0.00,7.83,2.35,2,0
2026-06-12 20:04:51.400,0.26,0.00,7.83,2.35,2,0
2026-06-12 20:04:51.450,0.26,0.00,7.83,2.35,2,0
2026-06-12 20:04:51.500,0.26,0.00,7.83,2.35,2,0
2026-06-12 20:04:51.551,0.26,0.00,7.83,2.35,2,0
2026-06-12 20:04:51.601,0.26,0.00,7.83,2.35,2,0
2026-06-12 20:04:51.652,0.26,0.00,7.83,2.35,2,0
2026-06-12 20:04:51.702,0.26,0.00,7.83,2.35,2,0
2026-06-12 20:04:51.752,0.26,0.00,7.83,2.35,2,0
2026-06-12 20:04:51.803,0.26,0.00,7.83,2.35,2,0
2026-06-12 20:04:51.853,0.26,0.00,7.83,2.35,2,0
2026-06-12 20:04:51.903,0.26,0.00,7.83,2.35,2,0
2026-06-12 20:04:51.954,0.26,0.00,7.83,2.35,2,0
2026-06-12 20:04:52.004,0.26,0.00,7.83,2.35,2,0
2026-06-12 20:04:52.055,0.37,0.00,7.83,2.35,2,0
2026-06-12 20:04:52.105,0.37,0.00,5.73,3.36,2,0
2026-06-12 20:04:52.155,0.37,0.00,5.73,3.36,2,0
2026-06-12 20:04:52.206,0.37,0.00,5.73,3.36,2,0
2026-06-12 20:04:52.256,0.37,0.00,5.73,3.36,2,0
2026-06-12 20:04:52.307,0.37,0.00,5.73,3.36,2,0
2026-06-12 20:04:52.357,0.37,0.00,5.73,3.36,2,0
2026-06-12 20:04:52.407,0.37,0.00,5.73,3.36,2,0
2026-06-12 20:04:52.458,0.37,0.00,5.73,3.36,2,0
2026-06-12 20:04:52.508,0.37,0.00,5.73,3.36,2,0
2026-06-12 20:04:52.559,0.37,0.00,5.73,3.36,2,0
2026-06-12 20:04:52.609,0.37,0.00,5.73,3.36,2,0
2026-06-12 20:04:52.660,0.37,0.00,5.73,3.36,2,0
2026-06-12 20:04:52.710,0.37,0.00,5.73,3.36,2,0
2026-06-12 20:04:52.760,0.37,0.00,5.73,3.36,2,0
2026-06-12 20:04:52.811,0.37,0.00,5.73,3.36,2,0
2026-06-12 20:04:52.861,0.37,0.00,5.73,3.36,2,0
2026-06-12 20:04:52.911,0.66,0.01,5.73,3.36,1,0
2026-06-12 20:04:52.962,0.66,0.01,12.26,6.03,1,0
2026-06-12 20:04:53.012,0.66,0.01,12.26,6.03,1,0
2026-06-12 20:04:53.063,0.66,0.01,12.26,6.03,1,0
2026-06-12 20:04:53.113,0.66,0.01,12.26,6.03,1,0
2026-06-12 20:04:53.164,0.66,0.01,12.26,6.03,1,0
2026-06-12 20:04:53.214,0.66,0.01,12.26,6.03,1,0
2026-06-12 20:04:53.264,0.66,0.01,12.26,6.03,1,0
2026-06-12 20:04:53.315,0.66,0.01,12.26,6.03,1,0
2026-06-12 20:04:53.365,0.66,0.01,12.26,6.03,1,0
2026-06-12 20:04:53.416,0.66,0.01,12.26,6.03,1,0
2026-06-12 20:04:53.466,0.66,0.01,12.26,6.03,1,0
2026-06-12 20:04:53.516,0.66,0.01,12.26,6.03,1,0
2026-06-12 20:04:53.567,0.66,0.01,12.26,6.03,1,0
2026-06-12 20:04:53.617,0.66,0.01,12.26,6.03,1,0
2026-06-12 20:04:53.668,0.66,0.01,12.26,6.03,1,0
2026-06-12 20:04:53.718,0.66,0.01,12.26,6.03,1,0
2026-06-12 20:04:53.768,0.66,0.01,12.26,6.03,1,0
2026-06-12 20:04:53.819,0.66,0.01,12.26,6.03,1,0
2026-06-12 20:04:53.869,0.66,0.01,12.26,6.03,1,0
2026-06-12 20:04:53.920,0.66,0.01,12.26,6.03,1,0
2026-06-12 20:04:53.970,0.66,0.01,12.26,6.03,1,0
2026-06-12 20:04:54.024,0.66,0.01,12.26,6.03,1,0
2026-06-12 20:04:54.071,0.66,0.01,12.26,6.03,1,0
2026-06-12 20:04:54.121,0.66,0.01,12.26,6.03,1,0
2026-06-12 20:04:54.172,0.66,0.01,12.26,6.03,1,0
2026-06-12 20:04:54.222,0.66,0.01,12.26,6.03,1,0
2026-06-12 20:04:54.272,0.66,0.01,12.26,6.03,1,0
2026-06-12 20:04:54.323,0.66,0.01,12.26,6.03,1,0
2026-06-12 20:04:54.373,0.66,0.01,12.26,6.03,1,0
2026-06-12 20:04:54.424,0.66,0.01,12.26,6.03,1,0
2026-06-12 20:04:54.474,0.66,0.01,12.26,6.03,1,0
2026-06-12 20:04:54.524,0.66,0.01,12.26,6.03,1,0
2026-06-12 20:04:54.575,0.66,0.01,12.26,6.03,1,0
2026-06-12 20:04:54.625,0.66,0.01,12.26,6.03,1,0
2026-06-12 20:04:54.676,0.66,0.01,12.26,6.03,1,0
2026-06-12 20:04:54.726,0.66,0.01,12.26,6.03,1,0
2026-06-12 20:04:54.776,0.66,0.01,12.26,6.03,1,0
2026-06-12 20:04:54.827,0.66,0.01,12.26,6.03,1,0
2026-06-12 20:04:54.877,0.00,0.00,12.26,6.03,1,0
2026-06-12 20:04:54.928,0.00,0.00,0.00,0.00,1,0
2026-06-12 20:04:54.978,0.00,0.00,0.00,0.00,1,0
2026-06-12 20:04:55.028,0.00,0.00,0.00,0.00,1,0
2026-06-12 20:04:55.079,0.00,0.00,0.00,0.00,1,0
2026-06-12 20:04:55.130,0.00,0.00,0.00,0.00,1,0
2026-06-12 20:04:55.180,0.00,0.00,0.00,0.00,1,0
2026-06-12 20:04:55.230,0.00,0.00,0.00,0.00,1,0
2026-06-12 20:04:55.280,0.00,0.00,0.00,0.00,1,0
2026-06-12 20:04:55.331,0.00,0.00,0.00,0.00,1,0
2026-06-12 20:04:55.381,0.00,0.00,0.00,0.00,1,0
2026-06-12 20:04:55.432,0.00,0.00,0.00,0.00,1,0
2026-06-12 20:04:55.482,0.00,0.00,0.00,0.00,1,0
2026-06-12 20:04:55.532,0.00,0.00,0.00,0.00,1,0
2026-06-12 20:04:55.583,0.00,0.00,0.00,0.00,1,0
2026-06-12 20:04:55.633,0.00,0.00,0.00,0.00,1,0
2026-06-12 20:04:55.684,0.00,0.00,0.00,0.00,1,0
2026-06-12 20:04:55.734,0.00,0.00,0.00,0.00,1,0
2026-06-12 20:04:55.784,0.00,0.00,0.00,0.00,1,0
2026-06-12 20:04:55.835,0.00,0.00,0.00,0.00,1,0
2026-06-12 20:04:55.885,0.00,0.00,0.00,0.00,1,0
2026-06-12 20:04:55.936,0.25,0.00,0.00,0.00,0,0
2026-06-12 20:04:55.986,0.25,0.00,7.69,2.31,0,0
2026-06-12 20:04:56.036,0.25,0.00,7.69,2.31,0,0
2026-06-12 20:04:56.087,0.25,0.00,7.69,2.31,0,0
2026-06-12 20:04:56.137,0.25,0.00,7.69,2.31,0,0
2026-06-12 20:04:56.188,0.25,0.00,7.69,2.31,0,0
2026-06-12 20:04:56.238,0.25,0.00,7.69,2.31,0,0
2026-06-12 20:04:56.288,0.25,0.00,7.69,2.31,0,0
2026-06-12 20:04:56.339,0.25,0.00,7.69,2.31,0,0
2026-06-12 20:04:56.389,0.25,0.00,7.69,2.31,0,0
2026-06-12 20:04:56.441,0.25,0.00,7.69,2.31,0,0
2026-06-12 20:04:56.490,0.25,0.00,7.69,2.31,0,0
2026-06-12 20:04:56.540,0.25,0.00,7.69,2.31,0,0
2026-06-12 20:04:56.591,0.25,0.00,7.69,2.31,0,0
2026-06-12 20:04:56.641,0.25,0.00,7.69,2.31,0,0
2026-06-12 20:04:56.692,0.25,0.00,7.69,2.31,0,0
2026-06-12 20:04:56.742,0.25,0.00,7.69,2.31,0,0
2026-06-12 20:04:56.793,0.25,0.00,7.69,2.31,0,0
2026-06-12 20:04:56.843,0.25,0.00,7.69,2.31,0,0
2026-06-12 20:04:56.894,0.25,0.00,7.69,2.31,0,0
2026-06-12 20:04:56.944,0.25,0.00,7.69,2.31,0,0
2026-06-12 20:04:56.994,0.25,0.00,7.69,2.31,0,0
2026-06-12 20:04:57.044,0.25,0.00,7.69,2.31,0,0
2026-06-12 20:04:57.095,0.25,0.00,7.69,2.31,0,0
2026-06-12 20:04:57.145,0.25,0.00,7.69,2.31,0,0
2026-06-12 20:04:57.196,0.25,0.00,7.69,2.31,0,0
2026-06-12 20:04:57.246,0.25,0.00,7.69,2.31,0,0
2026-06-12 20:04:57.296,0.25,0.00,7.69,2.31,0,0
2026-06-12 20:04:57.347,0.25,0.00,7.69,2.31,0,0
2026-06-12 20:04:57.397,0.25,0.00,7.69,2.31,0,0
2026-06-12 20:04:57.448,0.25,0.00,7.69,2.31,0,0
2026-06-12 20:04:57.498,0.25,0.00,7.69,2.31,0,0
2026-06-12 20:04:57.548,0.25,0.00,7.69,2.31,0,0
2026-06-12 20:04:57.599,0.25,0.00,7.69,2.31,0,0
2026-06-12 20:04:57.650,0.25,0.00,7.69,2.31,0,0
2026-06-12 20:04:57.700,0.25,0.00,7.69,2.31,0,0
2026-06-12 20:04:57.750,0.25,0.00,7.69,2.31,0,0
2026-06-12 20:04:57.800,0.25,0.00,7.69,2.31,0,0
2026-06-12 20:04:57.851,0.25,0.00,7.69,2.31,0,0
2026-06-12 20:04:57.901,0.25,0.00,7.69,2.31,0,0
2026-06-12 20:04:57.952,0.20,0.00,7.69,2.31,2,0
2026-06-12 20:04:58.002,0.20,0.00,5.92,1.78,2,0
2026-06-12 20:04:58.052,0.20,0.00,5.92,1.78,2,0
2026-06-12 20:04:58.103,0.20,0.00,5.92,1.78,2,0
2026-06-12 20:04:58.153,0.20,0.00,5.92,1.78,2,0
2026-06-12 20:04:58.204,0.20,0.00,5.92,1.78,2,0
2026-06-12 20:04:58.254,0.20,0.00,5.92,1.78,2,0
2026-06-12 20:04:58.305,0.20,0.00,5.92,1.78,2,0
2026-06-12 20:04:58.355,0.20,0.00,5.92,1.78,2,0
2026-06-12 20:04:58.405,0.20,0.00,5.92,1.78,2,0
2026-06-12 20:04:58.456,0.20,0.00,5.92,1.78,2,0
2026-06-12 20:04:58.506,0.20,0.00,5.92,1.78,2,0
2026-06-12 20:04:58.557,0.20,0.00,5.92,1.78,2,0
2026-06-12 20:04:58.607,0.20,0.00,5.92,1.78,2,0
2026-06-12 20:04:58.657,0.20,0.00,5.92,1.78,2,0
2026-06-12 20:04:58.708,0.20,0.00,5.92,1.78,2,0
2026-06-12 20:04:58.758,0.20,0.00,5.92,1.78,2,0
2026-06-12 20:04:58.809,0.20,0.00,5.92,1.78,2,0
2026-06-12 20:04:58.859,0.20,0.00,5.92,1.78,2,0
2026-06-12 20:04:58.910,0.20,0.00,5.92,1.78,2,0
2026-06-12 20:04:58.960,0.20,0.00,5.92,1.78,2,0
2026-06-12 20:04:59.010,0.20,0.00,5.92,1.78,2,0
2026-06-12 20:04:59.060,0.20,0.00,5.92,1.78,2,0
2026-06-12 20:04:59.111,0.20,0.00,5.92,1.78,2,0
2026-06-12 20:04:59.161,0.20,0.00,5.92,1.78,2,0
2026-06-12 20:04:59.212,0.20,0.00,5.92,1.78,2,0
2026-06-12 20:04:59.262,0.20,0.00,5.92,1.78,2,0
2026-06-12 20:04:59.312,0.20,0.00,5.92,1.78,2,0
2026-06-12 20:04:59.363,0.20,0.00,5.92,1.78,2,0
2026-06-12 20:04:59.413,0.20,0.00,5.92,1.78,2,0
2026-06-12 20:04:59.464,0.20,0.00,5.92,1.78,2,0
2026-06-12 20:04:59.514,0.20,0.00,5.92,1.78,2,0
2026-06-12 20:04:59.564,0.41,0.00,5.92,1.78,2,0
2026-06-12 20:04:59.615,0.41,0.00,8.32,3.74,2,0
2026-06-12 20:04:59.665,0.41,0.00,8.32,3.74,2,0
2026-06-12 20:04:59.716,0.41,0.00,8.32,3.74,2,0
2026-06-12 20:04:59.766,0.41,0.00,8.32,3.74,2,0
2026-06-12 20:04:59.817,0.41,0.00,8.32,3.74,2,0
2026-06-12 20:04:59.867,0.41,0.00,8.32,3.74,2,0
2026-06-12 20:04:59.917,0.41,0.00,8.32,3.74,2,0
2026-06-12 20:04:59.968,0.41,0.00,8.32,3.74,2,0
2026-06-12 20:05:00.018,0.41,0.00,8.32,3.74,2,0
2026-06-12 20:05:00.069,0.41,0.00,8.32,3.74,2,0
2026-06-12 20:05:00.119,0.41,0.00,8.32,3.74,2,0
2026-06-12 20:05:00.169,0.41,0.00,8.32,3.74,2,0
2026-06-12 20:05:00.220,0.41,0.00,8.32,3.74,2,0
2026-06-12 20:05:00.270,0.41,0.00,8.32,3.74,2,0
2026-06-12 20:05:00.320,0.41,0.00,8.32,3.74,2,0
2026-06-12 20:05:00.371,0.41,0.00,8.32,3.74,2,0
2026-06-12 20:05:00.421,0.41,0.00,8.32,3.74,2,0
2026-06-12 20:05:00.472,0.41,0.00,8.32,3.74,2,0
2026-06-12 20:05:00.522,0.41,0.00,8.32,3.74,2,0
2026-06-12 20:05:00.572,0.41,0.00,8.32,3.74,2,0
2026-06-12 20:05:00.623,0.41,0.00,8.32,3.74,2,0
2026-06-12 20:05:00.673,0.41,0.00,8.32,3.74,2,0
2026-06-12 20:05:00.724,0.41,0.00,8.32,3.74,2,0
2026-06-12 20:05:00.774,0.41,0.00,8.32,3.74,2,0
2026-06-12 20:05:00.824,0.41,0.00,8.32,3.74,2,0
2026-06-12 20:05:00.875,0.41,0.00,8.32,3.74,2,0
2026-06-12 20:05:00.926,0.41,0.00,8.32,3.74,2,0
2026-06-12 20:05:00.976,0.41,0.00,8.32,3.74,2,0
2026-06-12 20:05:01.026,0.41,0.00,8.32,3.74,2,0
2026-06-12 20:05:01.077,0.41,0.00,8.32,3.74,2,0
2026-06-12 20:05:01.127,0.41,0.00,8.32,3.74,2,0
2026-06-12 20:05:01.177,0.41,0.00,8.32,3.74,2,0
2026-06-12 20:05:01.228,0.41,0.00,8.32,3.74,2,0
2026-06-12 20:05:01.278,0.41,0.00,8.32,3.74,2,0
2026-06-12 20:05:01.329,0.41,0.00,8.32,3.74,2,0
2026-06-12 20:05:01.379,0.41,0.00,8.32,3.74,2,0
2026-06-12 20:05:01.430,0.41,0.00,8.32,3.74,2,0
2026-06-12 20:05:01.480,0.41,0.00,8.32,3.74,2,0
2026-06-12 20:05:01.530,0.00,0.00,8.32,3.74,2,0
2026-06-12 20:05:01.581,0.00,0.00,0.00,0.00,2,0
2026-06-12 20:05:01.631,0.00,0.00,0.00,0.00,2,0
2026-06-12 20:05:01.681,0.00,0.00,0.00,0.00,2,0
2026-06-12 20:05:01.732,0.00,0.00,0.00,0.00,2,0
2026-06-12 20:05:01.782,0.00,0.00,0.00,0.00,2,0
2026-06-12 20:05:01.833,0.00,0.00,0.00,0.00,2,0
2026-06-12 20:05:01.883,0.00,0.00,0.00,0.00,2,0
2026-06-12 20:05:01.933,0.00,0.00,0.00,0.00,2,0
2026-06-12 20:05:01.984,0.00,0.00,0.00,0.00,2,0
2026-06-12 20:05:02.034,0.00,0.00,0.00,0.00,2,0
2026-06-12 20:05:02.085,0.00,0.00,0.00,0.00,2,0
2026-06-12 20:05:02.135,0.00,0.00,0.00,0.00,2,0
2026-06-12 20:05:02.185,0.00,0.00,0.00,0.00,2,0
2026-06-12 20:05:02.236,0.00,0.00,0.00,0.00,2,0
2026-06-12 20:05:02.286,0.00,0.00,0.00,0.00,2,0
2026-06-12 20:05:02.337,0.00,0.00,0.00,0.00,2,0
2026-06-12 20:05:02.387,0.00,0.00,0.00,0.00,2,0
2026-06-12 20:05:02.437,0.00,0.00,0.00,0.00,2,0
2026-06-12 20:05:02.488,0.00,0.00,0.00,0.00,2,0
2026-06-12 20:05:02.538,0.00,0.00,0.00,0.00,2,0
2026-06-12 20:05:02.588,0.00,0.00,0.00,0.00,2,0
2026-06-12 20:05:02.639,0.00,0.00,0.00,0.00,2,0
2026-06-12 20:05:02.689,0.00,0.00,0.00,0.00,2,0
2026-06-12 20:05:02.740,0.00,0.00,0.00,0.00,2,0
2026-06-12 20:05:02.790,0.00,0.00,0.00,0.00,2,0
2026-06-12 20:05:02.840,0.00,0.00,0.00,0.00,2,0
2026-06-12 20:05:02.891,0.00,0.00,0.00,0.00,2,0
2026-06-12 20:05:02.941,0.20,0.00,0.00,0.00,2,0
2026-06-12 20:05:02.992,0.20,0.00,6.01,1.80,2,0
2026-06-12 20:05:03.042,0.20,0.00,6.01,1.80,2,0
2026-06-12 20:05:03.094,0.20,0.00,6.01,1.80,2,0
2026-06-12 20:05:03.143,0.20,0.00,6.01,1.80,2,0
2026-06-12 20:05:03.193,0.33,0.02,6.01,1.80,2,0
2026-06-12 20:05:03.244,0.33,0.02,5.75,2.99,2,0
2026-06-12 20:05:03.294,0.33,0.02,5.75,2.99,2,0
2026-06-12 20:05:03.345,0.41,0.04,5.75,2.99,2,0
2026-06-12 20:05:03.395,0.41,0.04,5.55,3.76,2,0
2026-06-12 20:05:03.445,0.41,0.04,5.55,3.76,2,0
2026-06-12 20:05:03.496,0.54,0.07,5.55,3.76,2,0
2026-06-12 20:05:03.546,0.54,0.07,7.56,4.90,2,0
2026-06-12 20:05:03.597,0.54,0.07,7.56,4.90,2,0
2026-06-12 20:05:03.647,1.79,0.40,7.56,4.90,2,0
2026-06-12 20:05:03.697,1.79,0.40,42.71,16.24,2,0
2026-06-12 20:05:03.748,2.92,0.81,42.71,16.24,2,0
2026-06-12 20:05:03.798,2.92,0.81,50.60,26.55,2,0
2026-06-12 20:05:03.849,2.92,0.81,50.60,26.55,2,0
2026-06-12 20:05:03.899,3.96,1.03,50.60,26.55,2,0
2026-06-12 20:05:03.949,3.96,1.03,57.83,35.94,2,0
2026-06-12 20:05:04.000,4.87,1.25,57.83,35.94,2,0
2026-06-12 20:05:04.051,4.87,1.25,63.57,44.23,2,0
2026-06-12 20:05:04.101,5.68,1.40,63.57,44.23,2,0
2026-06-12 20:05:04.151,5.68,1.40,68.76,51.59,2,0
2026-06-12 20:05:04.201,6.41,1.49,68.76,51.59,2,0
2026-06-12 20:05:04.252,7.03,1.61,73.62,58.19,2,0
2026-06-12 20:05:04.302,7.03,1.61,76.90,63.81,2,0
2026-06-12 20:05:04.353,7.57,1.59,76.90,63.81,2,0
2026-06-12 20:05:04.403,7.57,1.59,80.17,68.72,2,0
2026-06-12 20:05:04.453,8.05,1.62,80.17,68.72,2,0
2026-06-12 20:05:04.504,8.50,1.63,83.36,73.11,2,0
2026-06-12 20:05:04.554,8.50,1.63,86.77,77.21,2,0
2026-06-12 20:05:04.605,8.96,1.63,86.77,77.21,2,0
2026-06-12 20:05:04.655,9.44,1.65,91.11,81.38,2,0
2026-06-12 20:05:04.705,9.44,1.65,95.86,85.72,2,0
2026-06-12 20:05:04.756,9.87,1.64,95.86,85.72,2,0
2026-06-12 20:05:04.806,10.25,1.61,98.88,89.67,2,0
2026-06-12 20:05:04.857,10.25,1.61,101.11,93.10,2,0
2026-06-12 20:05:04.907,10.59,1.55,101.11,93.10,2,0
2026-06-12 20:05:04.957,10.83,1.45,103.27,96.15,2,0
2026-06-12 20:05:05.008,10.83,1.45,103.43,98.34,2,0
2026-06-12 20:05:05.058,11.07,1.37,103.43,98.34,2,0
2026-06-12 20:05:05.109,11.34,1.39,105.69,100.54,2,0
2026-06-12 20:05:05.159,11.61,1.32,108.69,102.99,2,0
2026-06-12 20:05:05.210,11.94,1.40,111.05,105.40,2,0
2026-06-12 20:05:05.260,11.94,1.40,115.35,108.39,2,0
2026-06-12 20:05:05.310,12.26,1.37,115.35,108.39,2,0
2026-06-12 20:05:05.361,12.52,1.37,118.32,111.37,2,0
2026-06-12 20:05:05.411,12.73,1.34,119.04,113.67,2,0
2026-06-12 20:05:05.461,12.91,1.24,120.17,115.62,2,0
2026-06-12 20:05:05.512,15.14,4.36,120.87,117.20,2,0
2026-06-12 20:05:05.562,16.24,4.61,163.27,137.45,2,0
2026-06-12 20:05:05.613,16.24,4.61,170.97,147.51,2,0
2026-06-12 20:05:05.663,17.28,4.49,170.97,147.51,2,0
2026-06-12 20:05:05.714,16.98,3.56,178.87,156.91,2,0
2026-06-12 20:05:05.764,16.57,2.68,147.79,154.18,2,0
2026-06-12 20:05:05.814,16.35,2.10,141.69,150.43,2,0
2026-06-12 20:05:05.865,16.27,1.73,143.86,148.46,2,0
2026-06-12 20:05:05.915,16.23,1.43,146.22,147.79,2,0
2026-06-12 20:05:05.966,16.25,1.23,146.44,147.38,2,0
2026-06-12 20:05:06.016,16.29,1.08,148.00,147.57,2,0
2026-06-12 20:05:06.066,16.60,1.24,148.83,147.95,2,0
2026-06-12 20:05:06.117,16.80,1.22,156.02,150.72,2,0
2026-06-12 20:05:06.167,17.03,1.23,156.90,152.57,2,0
2026-06-12 20:05:06.218,17.21,1.19,159.65,154.70,2,0
2026-06-12 20:05:06.268,17.21,1.01,160.02,156.29,2,0
2026-06-12 20:05:06.318,17.21,0.86,156.30,156.29,2,0
2026-06-12 20:05:06.369,17.23,0.74,156.21,156.27,2,0
2026-06-12 20:05:06.419,17.34,0.73,156.80,156.43,2,0
2026-06-12 20:05:06.470,17.54,0.95,159.98,157.49,2,0
2026-06-12 20:05:06.520,17.76,0.99,163.41,159.27,2,0
2026-06-12 20:05:06.570,17.95,1.00,166.07,161.31,2,0
2026-06-12 20:05:06.624,18.20,1.01,167.00,163.02,2,0
2026-06-12 20:05:06.671,18.27,0.92,167.89,165.27,2,0
2026-06-12 20:05:06.722,18.41,0.90,167.52,165.95,2,0
2026-06-12 20:05:06.772,18.65,0.96,170.00,167.16,2,0
2026-06-12 20:05:06.822,18.94,1.30,174.46,169.35,2,0
2026-06-12 20:05:06.873,19.54,1.62,178.14,171.99,2,0
2026-06-12 20:05:06.923,19.69,1.51,183.22,177.42,2,0
2026-06-12 20:05:06.974,19.77,1.34,182.11,178.83,2,0
2026-06-12 20:05:07.024,19.90,1.36,181.05,179.49,2,0
2026-06-12 20:05:07.074,20.20,1.42,183.67,180.75,2,0
2026-06-12 20:05:07.125,20.45,1.42,188.39,183.42,2,0
2026-06-12 20:05:07.175,20.73,1.66,191.14,185.73,2,0
2026-06-12 20:05:07.226,21.23,1.68,194.24,188.29,2,0
2026-06-12 20:05:07.276,21.33,1.51,195.84,192.76,2,0
2026-06-12 20:05:07.327,23.55,5.00,195.75,193.66,2,0
2026-06-12 20:05:07.377,26.47,6.89,261.08,213.88,2,0
2026-06-12 20:05:07.427,25.95,5.43,267.18,240.36,2,0
2026-06-12 20:05:07.478,24.93,2.91,224.75,235.67,2,0
2026-06-12 20:05:07.528,23.79,0.88,204.70,226.38,2,0
2026-06-12 20:05:07.579,23.42,0.44,206.50,216.06,2,0
2026-06-12 20:05:07.629,23.15,-0.08,204.91,212.72,2,0
2026-06-12 20:05:07.679,22.97,-0.22,204.55,210.27,2,0
2026-06-12 20:05:07.730,23.11,0.03,207.68,208.63,2,0
2026-06-12 20:05:07.780,23.49,0.49,212.64,209.83,2,0
2026-06-12 20:05:07.831,23.62,0.62,217.67,213.32,2,0
2026-06-12 20:05:07.881,23.74,0.60,217.08,214.45,2,0
2026-06-12 20:05:07.931,23.76,0.56,217.02,215.56,2,0
2026-06-12 20:05:07.982,24.17,0.91,216.36,215.80,2,0
2026-06-12 20:05:08.032,24.41,1.16,224.44,219.52,2,0
2026-06-12 20:05:08.083,24.78,1.24,226.73,221.68,2,0
2026-06-12 20:05:08.133,24.80,1.09,228.25,225.03,2,0
2026-06-12 20:05:08.183,24.70,0.71,225.67,225.22,2,0
2026-06-12 20:05:08.234,24.78,0.74,224.23,224.27,2,0
2026-06-12 20:05:08.284,28.94,5.80,226.77,225.02,2,0
2026-06-12 20:05:08.335,31.69,8.36,314.50,262.82,2,0
2026-06-12 20:05:08.385,30.65,6.25,310.64,287.82,2,0
2026-06-12 20:05:08.435,27.98,0.46,256.31,278.37,2,0
2026-06-12 20:05:08.486,27.33,-0.69,230.52,254.13,2,0
2026-06-12 20:05:08.536,26.85,-1.03,234.46,248.23,2,0
2026-06-12 20:05:08.587,26.63,-1.08,239.74,243.81,2,0
2026-06-12 20:05:08.637,26.49,-1.04,238.69,241.85,2,0
2026-06-12 20:05:08.688,26.28,-1.07,237.51,240.55,2,0
2026-06-12 20:05:08.738,26.33,-0.83,236.83,238.62,2,0
2026-06-12 20:05:08.789,26.64,-0.20,240.23,239.10,2,0
2026-06-12 20:05:08.839,26.86,0.19,245.93,241.88,2,0
2026-06-12 20:05:08.890,26.88,0.20,245.35,243.88,2,0
2026-06-12 20:05:08.940,26.81,0.10,244.71,244.13,2,0
2026-06-12 20:05:08.990,31.05,6.64,243.66,243.50,2,0
2026-06-12 20:05:09.040,32.81,8.59,337.79,281.94,2,0
2026-06-12 20:05:09.091,32.92,5.25,335.33,297.95,2,0
2026-06-12 20:05:09.141,30.02,-0.53,276.18,298.92,2,0
2026-06-12 20:05:09.192,29.14,-1.91,246.55,272.57,2,0
2026-06-12 20:05:09.242,28.24,-2.32,246.05,264.61,2,0
2026-06-12 20:05:09.293,28.08,-1.93,249.68,256.49,2,0
2026-06-12 20:05:09.343,27.95,-1.84,253.64,254.97,2,0
2026-06-12 20:05:09.393,31.57,3.13,251.06,253.80,2,0
2026-06-12 20:05:09.444,34.39,6.56,328.64,286.71,2,0
2026-06-12 20:05:09.494,31.80,0.78,338.16,312.29,2,0
2026-06-12 20:05:09.545,30.80,-0.16,259.26,288.73,2,0
2026-06-12 20:05:09.595,29.46,-2.14,258.76,279.74,2,0
2026-06-12 20:05:09.645,28.48,-3.04,254.31,267.54,2,0
2026-06-12 20:05:09.696,28.31,-2.88,249.53,258.65,2,0
2026-06-12 20:05:09.746,28.39,-1.92,253.34,257.05,2,0
2026-06-12 20:05:09.797,28.36,-1.45,260.04,257.79,2,0
2026-06-12 20:05:09.847,28.05,-1.53,255.58,257.55,2,0
2026-06-12 20:05:09.898,27.98,-1.35,250.86,254.70,2,0
2026-06-12 20:05:09.948,28.04,-0.89,252.76,254.11,2,0
2026-06-12 20:05:09.998,28.20,-0.40,255.93,254.59,2,0
2026-06-12 20:05:10.049,28.21,-0.32,257.20,256.04,2,0
2026-06-12 20:05:10.100,28.11,-0.35,256.39,256.15,2,0
2026-06-12 20:05:10.150,28.10,-0.27,254.13,255.29,2,0
2026-06-12 20:05:10.200,28.37,0.23,255.24,255.17,2,0
2026-06-12 20:05:10.250,28.47,0.36,261.20,257.65,2,0
2026-06-12 20:05:10.301,28.46,0.19,260.62,258.54,2,0
2026-06-12 20:05:10.351,28.29,-0.12,257.20,258.41,2,0
2026-06-12 20:05:10.402,28.52,0.29,255.55,256.86,2,0
2026-06-12 20:05:10.452,28.73,0.58,262.61,258.98,2,0
2026-06-12 20:05:10.503,28.89,0.53,265.28,260.87,2,0
2026-06-12 20:05:10.553,28.78,0.21,262.37,262.39,2,0
2026-06-12 20:05:10.603,28.87,0.31,259.77,261.33,2,0
2026-06-12 20:05:10.654,29.08,0.55,264.23,262.19,2,0
2026-06-12 20:05:10.704,29.17,0.54,267.00,264.08,2,0
2026-06-12 20:05:10.755,29.12,0.31,266.87,264.91,2,0
2026-06-12 20:05:10.805,28.83,-0.22,263.64,264.46,2,0
2026-06-12 20:05:10.855,28.91,-0.01,258.94,261.77,2,0
2026-06-12 20:05:10.906,29.06,0.11,264.39,262.56,2,0
2026-06-12 20:05:10.956,29.06,0.07,266.98,263.89,2,0
2026-06-12 20:05:11.007,28.71,-0.50,262.97,263.91,2,0
2026-06-12 20:05:11.057,28.63,-0.45,256.52,260.70,2,0
2026-06-12 20:05:11.108,30.49,2.74,260.70,260.01,2,0
2026-06-12 20:05:11.158,34.80,8.35,313.87,276.85,2,0
2026-06-12 20:05:11.208,34.60,5.46,351.02,315.98,2,0
2026-06-12 20:05:11.259,31.48,-0.80,288.81,314.24,2,0
2026-06-12 20:05:11.309,30.66,-2.00,259.07,285.88,2,0
2026-06-12 20:05:11.360,29.83,-2.33,260.94,278.40,2,0
2026-06-12 20:05:11.410,29.30,-2.49,264.29,270.90,2,0
2026-06-12 20:05:11.460,28.99,-2.26,260.07,266.09,2,0
2026-06-12 20:05:11.511,31.89,2.91,261.58,263.27,2,0
2026-06-12 20:05:11.561,35.22,5.68,350.99,289.59,2,0
2026-06-12 20:05:11.612,32.74,0.21,347.38,319.81,2,0
2026-06-12 20:05:11.662,30.86,-2.64,264.73,297.35,2,0
2026-06-12 20:05:11.713,30.25,-3.26,263.82,280.27,2,0
2026-06-12 20:05:11.763,29.52,-3.15,261.86,274.74,2,0
2026-06-12 20:05:11.813,29.30,-2.59,261.84,268.04,2,0
2026-06-12 20:05:11.864,29.16,-2.10,264.77,266.11,2,0
2026-06-12 20:05:11.914,28.92,-1.88,262.87,264.79,2,0
2026-06-12 20:05:11.965,28.88,-1.63,260.07,262.64,2,0
2026-06-12 20:05:12.015,29.02,-0.95,261.28,262.23,2,0
2026-06-12 20:05:12.065,29.17,-0.46,266.05,263.55,2,0
2026-06-12 20:05:12.116,29.07,-0.51,266.16,264.89,2,0
2026-06-12 20:05:12.166,28.94,-0.65,261.53,263.96,2,0
2026-06-12 20:05:12.217,28.87,-0.50,260.04,262.79,2,0
2026-06-12 20:05:12.267,29.25,0.20,262.50,262.22,2,0
2026-06-12 20:05:12.318,29.37,0.33,269.76,265.58,2,0
2026-06-12 20:05:12.368,29.16,-0.06,267.27,266.69,2,0
2026-06-12 20:05:12.419,29.10,-0.11,263.40,264.83,2,0
2026-06-12 20:05:12.469,29.27,0.20,262.84,264.24,2,0
2026-06-12 20:05:12.520,29.42,0.37,268.27,265.80,2,0
2026-06-12 20:05:12.570,29.35,0.16,269.39,267.12,2,0
2026-06-12 20:05:12.620,29.21,-0.08,265.38,266.53,2,0
2026-06-12 20:05:12.670,29.11,-0.13,262.41,265.30,2,0
2026-06-12 20:05:12.721,29.39,0.35,264.43,264.37,2,0
2026-06-12 20:05:12.771,29.45,0.32,270.81,266.92,2,0
2026-06-12 20:05:12.822,29.32,0.03,265.78,267.46,2,0
2026-06-12 20:05:12.872,29.29,-0.02,265.11,266.30,2,0
2026-06-12 20:05:12.923,29.41,0.10,265.37,266.02,2,0
2026-06-12 20:05:12.973,29.55,0.29,267.77,267.05,2,0
2026-06-12 20:05:13.023,29.56,0.22,269.76,268.39,2,0
2026-06-12 20:05:13.074,29.37,-0.14,268.21,268.45,2,0
2026-06-12 20:05:13.124,29.46,0.04,264.62,266.69,2,0
2026-06-12 20:05:13.175,29.55,0.11,268.75,267.50,2,0
2026-06-12 20:05:13.225,29.57,0.09,270.47,268.39,2,0
2026-06-12 20:05:13.275,29.36,-0.26,267.30,268.54,2,0
2026-06-12 20:05:13.326,29.23,-0.38,264.08,266.64,2,0
2026-06-12 20:05:13.376,29.22,-0.34,265.14,265.46,2,0
2026-06-12 20:05:13.427,29.08,-0.44,265.18,265.37,2,0
2026-06-12 20:05:13.477,28.71,-0.88,261.95,264.10,2,0
2026-06-12 20:05:13.528,28.41,-1.10,256.52,260.76,2,0
2026-06-12 20:05:13.579,28.33,-1.00,254.95,258.01,2,0
2026-06-12 20:05:13.628,28.38,-0.64,255.68,257.31,2,0
2026-06-12 20:05:13.679,28.50,-0.29,258.91,257.75,2,0
2026-06-12 20:05:13.729,28.48,-0.23,259.65,258.79,2,0
2026-06-12 20:05:13.780,28.52,-0.16,258.86,258.61,2,0
2026-06-12 20:05:13.830,28.63,0.06,259.80,258.97,2,0
2026-06-12 20:05:13.881,28.74,0.22,261.98,260.00,2,0
2026-06-12 20:05:13.931,28.79,0.22,262.69,261.01,2,0
2026-06-12 20:05:13.981,28.85,0.24,261.14,261.45,2,0
2026-06-12 20:05:14.032,28.90,0.26,263.22,261.98,2,0
2026-06-12 20:05:14.082,29.17,0.59,263.93,262.43,2,0
2026-06-12 20:05:14.133,29.28,0.58,267.25,264.90,2,0
2026-06-12 20:05:14.185,29.21,0.39,266.11,265.88,2,0
2026-06-12 20:05:14.233,28.98,0.06,263.96,265.30,2,0
2026-06-12 20:05:14.284,29.02,0.11,261.84,263.14,2,0
2026-06-12 20:05:14.334,29.23,0.40,264.86,263.49,2,0
2026-06-12 20:05:14.385,29.24,0.28,267.17,265.48,2,0
2026-06-12 20:05:14.435,29.13,0.15,263.96,265.49,2,0
2026-06-12 20:05:14.485,28.94,-0.16,262.21,264.51,2,0
2026-06-12 20:05:14.536,29.25,0.36,262.48,262.85,2,0
2026-06-12 20:05:14.586,29.40,0.44,269.16,265.64,2,0
2026-06-12 20:05:14.637,29.21,0.02,265.66,266.97,2,0
2026-06-12 20:05:14.687,29.11,-0.06,262.76,265.27,2,0
2026-06-12 20:05:14.737,29.24,0.16,262.27,264.37,2,0
2026-06-12 20:05:14.788,29.43,0.39,266.91,265.56,2,0
2026-06-12 20:05:14.838,29.36,0.17,268.95,267.25,2,0
2026-06-12 20:05:14.889,29.26,-0.03,265.22,266.61,2,0
2026-06-12 20:05:14.939,29.20,-0.07,263.54,265.69,2,0
2026-06-12 20:05:14.990,29.24,-0.00,264.86,265.21,2,0
2026-06-12 20:05:15.040,29.27,0.05,265.98,265.50,2,0
2026-06-12 20:05:15.090,29.13,-0.18,266.12,265.82,2,0
2026-06-12 20:05:15.141,29.00,-0.27,262.72,264.55,2,0
2026-06-12 20:05:15.191,29.01,-0.16,260.50,263.33,2,0
2026-06-12 20:05:15.242,29.20,0.17,264.82,263.43,2,0
2026-06-12 20:05:15.292,29.08,-0.06,266.94,265.14,2,0
2026-06-12 20:05:15.342,28.96,-0.25,261.94,264.08,2,0
2026-06-12 20:05:15.393,28.94,-0.18,260.55,263.02,2,0
2026-06-12 20:05:15.443,29.10,0.12,263.24,262.79,2,0
2026-06-12 20:05:15.494,29.15,0.16,265.99,264.23,2,0
2026-06-12 20:05:15.544,29.07,0.01,264.72,264.69,2,0
2026-06-12 20:05:15.594,32.92,4.76,262.27,263.97,2,0
2026-06-12 20:05:15.645,36.33,8.60,343.89,298.92,2,0
2026-06-12 20:05:15.695,33.42,1.68,364.82,329.94,2,0
2026-06-12 20:05:15.746,31.07,-2.36,269.96,303.45,2,0
2026-06-12 20:05:15.796,30.39,-3.10,260.72,282.14,2,0
2026-06-12 20:05:15.847,29.68,-2.95,261.51,275.95,2,0
2026-06-12 20:05:15.897,29.60,-2.25,264.94,269.52,2,0
2026-06-12 20:05:15.947,29.61,-1.62,268.04,268.80,2,0
2026-06-12 20:05:15.998,29.48,-1.35,268.88,268.85,2,0
2026-06-12 20:05:16.048,29.45,-1.17,266.99,267.73,2,0
2026-06-12 20:05:16.099,30.96,1.68,266.70,267.43,2,0
2026-06-12 20:05:16.149,35.60,8.10,313.52,281.14,2,0
2026-06-12 20:05:16.200,35.68,5.69,362.34,323.31,2,0
2026-06-12 20:05:16.250,32.37,-0.81,301.20,324.02,2,0
2026-06-12 20:05:16.300,31.48,-2.16,265.33,293.94,2,0
2026-06-12 20:05:16.351,30.70,-2.40,267.19,285.91,2,0
2026-06-12 20:05:16.401,30.19,-2.51,272.46,278.78,2,0
2026-06-12 20:05:16.452,29.76,-2.47,268.67,274.14,2,0
2026-06-12 20:05:16.502,29.70,-1.86,266.24,270.27,2,0
2026-06-12 20:05:16.552,29.83,-1.14,270.05,269.70,2,0
2026-06-12 20:05:16.603,29.93,-0.89,272.77,270.89,2,0
2026-06-12 20:05:16.653,29.90,-0.69,273.83,271.77,2,0
2026-06-12 20:05:16.704,29.71,-0.78,270.52,271.51,2,0
2026-06-12 20:05:16.754,29.80,-0.42,268.26,269.84,2,0
2026-06-12 20:05:16.805,29.94,-0.10,272.34,270.64,2,0
2026-06-12 20:05:16.855,29.85,-0.22,273.03,271.85,2,0
2026-06-12 20:05:16.905,31.36,2.45,269.27,271.08,2,0
2026-06-12 20:05:16.956,35.47,7.92,318.97,284.76,2,0
2026-06-12 20:05:17.006,35.57,5.56,359.28,322.15,2,0
2026-06-12 20:05:17.057,37.37,6.70,297.43,323.06,2,0
2026-06-12 20:05:17.107,37.83,6.43,351.21,339.35,2,0
2026-06-12 20:05:17.157,33.99,-0.13,353.26,343.52,2,0
2026-06-12 20:05:17.208,31.69,-3.53,263.15,308.70,2,0
2026-06-12 20:05:17.258,30.64,-4.14,267.49,287.76,2,0
2026-06-12 20:05:17.309,29.83,-4.24,269.42,278.22,2,0
2026-06-12 20:05:17.359,29.45,-3.91,262.18,270.87,2,0
2026-06-12 20:05:17.410,29.05,-3.42,259.39,267.42,2,0
2026-06-12 20:05:17.460,29.12,-2.36,261.65,263.80,2,0
2026-06-12 20:05:17.510,29.03,-1.87,265.52,264.41,2,0
2026-06-12 20:05:17.561,28.87,-1.72,260.43,263.59,2,0
2026-06-12 20:05:17.611,28.56,-1.72,258.74,262.13,2,0
2026-06-12 20:05:17.662,28.65,-1.09,256.31,259.31,2,0
2026-06-12 20:05:17.712,28.74,-0.67,261.19,260.20,2,0
2026-06-12 20:05:17.763,28.59,-0.70,261.31,260.96,2,0
2026-06-12 20:05:17.813,28.27,-0.99,256.39,259.59,2,0
2026-06-12 20:05:17.863,28.11,-0.94,253.21,256.70,2,0
2026-06-12 20:05:17.914,28.09,-0.83,254.87,255.26,2,0
2026-06-12 20:05:17.964,28.10,-0.60,254.63,255.07,2,0
2026-06-12 20:05:18.015,27.89,-0.77,255.07,255.20,2,0
2026-06-12 20:05:18.065,27.66,-1.01,251.00,253.23,2,0
2026-06-12 20:05:18.115,27.53,-0.84,246.42,251.19,2,0
2026-06-12 20:05:18.166,27.63,-0.45,249.64,250.03,2,0
2026-06-12 20:05:18.216,27.58,-0.47,252.53,250.89,2,0
2026-06-12 20:05:18.267,27.31,-0.70,249.29,250.41,2,0
2026-06-12 20:05:18.317,26.99,-0.95,244.39,247.96,2,0
2026-06-12 20:05:18.368,26.99,-0.81,243.41,245.14,2,0
2026-06-12 20:05:18.418,27.14,-0.37,245.02,245.10,2,0
2026-06-12 20:05:18.468,26.99,-0.51,249.00,246.49,2,0
2026-06-12 20:05:18.519,26.85,-0.55,242.16,245.14,2,0
2026-06-12 20:05:18.569,26.53,-0.90,240.92,243.87,2,0
2026-06-12 20:05:18.620,26.51,-0.79,237.43,240.93,2,0
2026-06-12 20:05:18.670,26.56,-0.50,240.38,240.76,2,0
2026-06-12 20:05:18.721,26.47,-0.53,242.07,241.18,2,0
2026-06-12 20:05:18.771,26.35,-0.54,237.33,240.35,2,0
2026-06-12 20:05:18.821,26.06,-0.83,236.94,239.32,2,0
2026-06-12 20:05:18.872,26.07,-0.70,233.93,236.70,2,0
2026-06-12 20:05:18.922,26.02,-0.53,236.89,236.76,2,0
2026-06-12 20:05:18.973,25.92,-0.54,236.46,236.31,2,0
2026-06-12 20:05:19.023,25.86,-0.51,234.26,235.38,2,0
2026-06-12 20:05:19.074,25.78,-0.47,233.45,234.80,2,0
2026-06-12 20:05:19.124,25.77,-0.42,234.24,234.15,2,0
2026-06-12 20:05:19.174,25.93,-0.08,233.79,234.04,2,0
2026-06-12 20:05:19.225,26.07,0.15,237.82,235.49,2,0
2026-06-12 20:05:19.275,26.09,0.14,238.38,236.77,2,0
2026-06-12 20:05:19.326,26.03,0.03,237.17,236.89,2,0
2026-06-12 20:05:19.376,26.07,0.09,236.79,236.38,2,0
2026-06-12 20:05:19.426,26.30,0.34,237.55,236.73,2,0
2026-06-12 20:05:19.478,26.43,0.43,241.33,238.85,2,0
2026-06-12 20:05:19.527,26.44,0.37,241.01,239.97,2,0
2026-06-12 20:05:19.578,26.50,0.35,240.37,240.09,2,0
2026-06-12 20:05:19.628,26.51,0.33,240.71,240.62,2,0
2026-06-12 20:05:19.678,26.54,0.27,241.16,240.78,2,0
2026-06-12 20:05:19.729,26.58,0.25,241.20,241.03,2,0
2026-06-12 20:05:19.780,26.59,0.22,241.70,241.36,2,0
2026-06-12 20:05:19.831,26.50,0.03,241.61,241.43,2,0
2026-06-12 20:05:19.880,26.51,0.02,239.62,240.68,2,0
2026-06-12 20:05:19.931,26.57,0.07,240.69,240.70,2,0
2026-06-12 20:05:19.981,26.58,0.05,242.58,241.26,2,0
2026-06-12 20:05:20.031,26.50,-0.08,240.46,241.37,2,0
2026-06-12 20:05:20.082,26.19,-0.43,239.03,240.67,2,0
2026-06-12 20:05:20.132,26.14,-0.38,234.58,237.87,2,0
2026-06-12 20:05:20.183,26.24,-0.24,237.53,237.38,2,0
2026-06-12 20:05:20.233,26.24,-0.19,240.28,238.25,2,0
2026-06-12 20:05:20.283,26.17,-0.28,237.15,238.26,2,0
2026-06-12 20:05:20.334,25.88,-0.54,236.09,237.61,2,0
2026-06-12 20:05:20.384,25.87,-0.49,232.03,235.05,2,0
2026-06-12 20:05:20.435,25.88,-0.32,234.52,234.89,2,0
2026-06-12 20:05:20.485,25.90,-0.22,235.46,234.97,2,0
2026-06-12 20:05:20.536,25.82,-0.25,234.25,235.18,2,0
2026-06-12 20:05:20.586,25.60,-0.52,232.94,234.51,2,0
2026-06-12 20:05:20.636,25.55,-0.48,230.05,232.48,2,0
2026-06-12 20:05:20.687,25.52,-0.39,230.93,232.02,2,0
2026-06-12 20:05:20.737,25.49,-0.38,231.71,231.74,2,0
2026-06-12 20:05:20.788,25.22,-0.61,230.91,231.49,2,0
2026-06-12 20:05:20.838,25.05,-0.79,225.87,229.06,2,0
2026-06-12 20:05:20.888,24.84,-0.78,223.84,227.49,2,0
2026-06-12 20:05:20.939,24.82,-0.70,224.26,225.53,2,0
2026-06-12 20:05:21.001,52.38,55.70,224.92,225.35,1,0
2026-06-12 20:05:21.052,55.52,43.55,891.48,475.70,1,0
2026-06-12 20:05:21.102,48.15,30.99,407.28,504.20,1,0
2026-06-12 20:05:21.152,38.20,7.64,280.96,437.23,1,0
2026-06-12 20:05:21.203,36.47,5.08,290.71,346.92,1,0
2026-06-12 20:05:21.253,32.66,-2.38,294.53,331.21,1,0
2026-06-12 20:05:21.304,30.00,-4.24,241.45,296.60,1,0
2026-06-12 20:05:21.356,28.03,-6.76,215.90,272.39,1,0
2026-06-12 20:05:21.405,25.42,-7.82,212.94,254.56,1,0
2026-06-12 20:05:21.455,24.68,-7.26,206.62,230.88,1,0
2026-06-12 20:05:21.505,24.15,-7.06,208.21,224.08,1,0
2026-06-12 20:05:21.556,23.49,-5.78,208.03,219.26,1,0
2026-06-12 20:05:21.606,23.20,-5.40,208.41,213.34,1,0
2026-06-12 20:05:21.657,22.61,-4.57,204.48,210.68,1,0
2026-06-12 20:05:21.707,22.32,-4.12,199.75,205.34,1,0
2026-06-12 20:05:21.758,22.10,-3.69,196.48,202.68,1,0
2026-06-12 20:05:21.808,21.97,-3.35,196.08,200.70,1,0
2026-06-12 20:05:21.858,21.56,-2.90,196.64,199.48,1,0
2026-06-12 20:05:21.909,21.27,-2.69,191.62,195.78,1,0
2026-06-12 20:05:21.959,20.83,-2.66,187.16,193.20,1,0
2026-06-12 20:05:22.010,20.48,-2.84,179.83,189.19,1,0
2026-06-12 20:05:22.060,20.06,-2.77,178.57,186.00,1,0
2026-06-12 20:05:22.110,19.62,-2.71,173.11,182.13,1,0
2026-06-12 20:05:22.161,19.28,-2.58,169.01,178.20,1,0
2026-06-12 20:05:22.211,18.82,-2.58,167.85,175.09,1,0
2026-06-12 20:05:22.262,18.34,-2.60,161.25,170.94,1,0
2026-06-12 20:05:22.312,17.76,-2.68,156.21,166.52,1,0
2026-06-12 20:05:22.363,17.09,-2.83,148.90,161.23,1,0
2026-06-12 20:05:22.413,16.38,-2.80,141.10,155.19,1,0
2026-06-12 20:05:22.463,15.54,-3.08,133.64,148.73,1,0
2026-06-12 20:05:22.514,15.54,-3.08,123.45,141.14,1,0
2026-06-12 20:05:22.564,14.64,-3.11,123.45,141.14,1,0
2026-06-12 20:05:22.615,14.64,-3.11,113.85,132.96,1,0
2026-06-12 20:05:22.665,13.63,-3.06,113.85,132.96,1,0
2026-06-12 20:05:22.715,13.63,-3.06,102.28,123.75,1,0
2026-06-12 20:05:22.766,12.39,-3.11,102.28,123.75,1,0
2026-06-12 20:05:22.816,12.39,-3.11,86.27,112.51,1,0
2026-06-12 20:05:22.867,12.39,-3.11,86.27,112.51,1,0
2026-06-12 20:05:22.917,12.39,-3.11,86.27,112.51,1,0
2026-06-12 20:05:22.968,12.39,-3.11,86.27,112.51,1,0
2026-06-12 20:05:23.018,10.62,-2.94,86.27,112.51,1,0
2026-06-12 20:05:23.068,10.62,-2.94,58.85,96.41,1,0
2026-06-12 20:05:23.119,10.62,-2.94,58.85,96.41,1,0
2026-06-12 20:05:23.170,10.62,-2.94,58.85,96.41,1,0
2026-06-12 20:05:23.220,10.62,-2.94,58.85,96.41,1,0
2026-06-12 20:05:23.270,10.62,-2.94,58.85,96.41,1,0
2026-06-12 20:05:23.320,10.62,-2.94,58.85,96.41,1,0
2026-06-12 20:05:23.371,10.62,-2.94,58.85,96.41,1,0
2026-06-12 20:05:23.421,10.62,-2.94,58.85,96.41,1,0
2026-06-12 20:05:23.472,10.62,-2.94,58.85,96.41,1,0
2026-06-12 20:05:23.522,10.62,-2.94,58.85,96.41,1,0
2026-06-12 20:05:23.573,10.62,-2.94,58.85,96.41,1,0
2026-06-12 20:05:23.623,10.62,-2.94,58.85,96.41,1,0
2026-06-12 20:05:23.673,10.62,-2.94,58.85,96.41,1,0
2026-06-12 20:05:23.727,10.62,-2.94,58.85,96.41,1,0
2026-06-12 20:05:23.774,10.62,-2.94,58.85,96.41,1,0
2026-06-12 20:05:23.825,10.62,-2.94,58.85,96.41,1,0
2026-06-12 20:05:23.875,10.62,-2.94,58.85,96.41,1,0
2026-06-12 20:05:23.926,10.62,-2.94,58.85,96.41,1,0
2026-06-12 20:05:23.976,10.62,-2.94,58.85,96.41,1,0
2026-06-12 20:05:24.026,8.11,-2.60,58.85,96.41,0,0
2026-06-12 20:05:24.077,8.11,-2.60,20.42,73.61,0,0
2026-06-12 20:05:24.127,8.11,-2.60,20.42,73.61,0,0
2026-06-12 20:05:24.178,8.11,-2.60,20.42,73.61,0,0
2026-06-12 20:05:24.228,8.11,-2.60,20.42,73.61,0,0
2026-06-12 20:05:24.279,8.11,-2.60,20.42,73.61,0,0
2026-06-12 20:05:24.329,8.11,-2.60,20.42,73.61,0,0
2026-06-12 20:05:24.379,8.11,-2.60,20.42,73.61,0,0
2026-06-12 20:05:24.430,8.11,-2.60,20.42,73.61,0,0
2026-06-12 20:05:24.480,8.11,-2.60,20.42,73.61,0,0
2026-06-12 20:05:24.531,8.11,-2.60,20.42,73.61,0,0
2026-06-12 20:05:24.581,8.11,-2.60,20.42,73.61,0,0
2026-06-12 20:05:24.631,8.11,-2.60,20.42,73.61,0,0
2026-06-12 20:05:24.682,8.11,-2.60,20.42,73.61,0,0
2026-06-12 20:05:24.732,8.11,-2.60,20.42,73.61,0,0
2026-06-12 20:05:24.783,8.11,-2.60,20.42,73.61,0,0
2026-06-12 20:05:24.833,8.11,-2.60,20.42,73.61,0,0
2026-06-12 20:05:24.884,8.11,-2.60,20.42,73.61,0,0
2026-06-12 20:05:24.934,8.11,-2.60,20.42,73.61,0,0
2026-06-12 20:05:24.984,8.11,-2.60,20.42,73.61,0,0
2026-06-12 20:05:25.035,8.11,-2.60,20.42,73.61,0,0
2026-06-12 20:05:25.085,8.11,-2.60,20.42,73.61,0,0
2026-06-12 20:05:25.136,8.11,-2.60,20.42,73.61,0,0
2026-06-12 20:05:25.186,8.11,-2.60,20.42,73.61,0,0
2026-06-12 20:05:25.237,8.11,-2.60,20.42,73.61,0,0
2026-06-12 20:05:25.287,8.11,-2.60,20.42,73.61,0,0
2026-06-12 20:05:25.338,8.11,-2.60,20.42,73.61,0,0
2026-06-12 20:05:25.388,8.11,-2.60,20.42,73.61,0,0
2026-06-12 20:05:25.438,8.11,-2.60,20.42,73.61,0,0
2026-06-12 20:05:25.489,8.11,-2.60,20.42,73.61,0,0
2026-06-12 20:05:25.539,8.11,-2.60,20.42,73.61,0,0
2026-06-12 20:05:25.590,8.11,-2.60,20.42,73.61,0,0
2026-06-12 20:05:25.640,8.11,-2.60,20.42,73.61,0,0
2026-06-12 20:05:25.690,8.11,-2.60,20.42,73.61,0,0
2026-06-12 20:05:25.741,8.11,-2.60,20.42,73.61,0,0
2026-06-12 20:05:25.791,8.11,-2.60,20.42,73.61,0,0
2026-06-12 20:05:25.842,8.11,-2.60,20.42,73.61,0,0
2026-06-12 20:05:25.892,8.11,-2.60,20.42,73.61,0,0
2026-06-12 20:05:25.942,8.11,-2.60,20.42,73.61,0,0
2026-06-12 20:05:25.993,8.11,-2.60,20.42,73.61,0,0
2026-06-12 20:05:26.043,0.32,0.00,20.42,73.61,2,0
2026-06-12 20:05:26.094,0.32,0.00,9.81,2.94,2,0
2026-06-12 20:05:26.144,0.32,0.00,9.81,2.94,2,0
2026-06-12 20:05:26.194,0.32,0.00,9.81,2.94,2,0
2026-06-12 20:05:26.245,0.32,0.00,9.81,2.94,2,0
2026-06-12 20:05:26.295,0.32,0.00,9.81,2.94,2,0
2026-06-12 20:05:26.346,0.32,0.00,9.81,2.94,2,0
2026-06-12 20:05:26.396,0.32,0.00,9.81,2.94,2,0
2026-06-12 20:05:26.447,0.32,0.00,9.81,2.94,2,0
2026-06-12 20:05:26.497,0.32,0.00,9.81,2.94,2,0
2026-06-12 20:05:26.547,0.32,0.00,9.81,2.94,2,0
2026-06-12 20:05:26.598,0.32,0.00,9.81,2.94,2,0
2026-06-12 20:05:26.648,0.32,0.00,9.81,2.94,2,0
2026-06-12 20:05:26.698,0.32,0.00,9.81,2.94,2,0
2026-06-12 20:05:26.749,0.32,0.00,9.81,2.94,2,0
2026-06-12 20:05:26.800,0.32,0.00,9.81,2.94,2,0
2026-06-12 20:05:26.850,0.32,0.00,9.81,2.94,2,0
2026-06-12 20:05:26.900,0.32,0.00,9.81,2.94,2,0
2026-06-12 20:05:26.951,0.32,0.00,9.81,2.94,2,0
2026-06-12 20:05:27.001,0.32,0.00,9.81,2.94,2,0
2026-06-12 20:05:27.051,0.32,0.00,9.81,2.94,2,0
2026-06-12 20:05:27.102,0.32,0.00,9.81,2.94,2,0
2026-06-12 20:05:27.152,0.32,0.00,9.81,2.94,2,0
2026-06-12 20:05:27.202,0.32,0.00,9.81,2.94,2,0
2026-06-12 20:05:27.253,0.32,0.00,9.81,2.94,2,0
2026-06-12 20:05:27.303,0.32,0.00,9.81,2.94,2,0
2026-06-12 20:05:27.354,0.32,0.00,9.81,2.94,2,0
2026-06-12 20:05:27.404,0.32,0.00,9.81,2.94,2,0
2026-06-12 20:05:27.455,0.32,0.00,9.81,2.94,2,0
2026-06-12 20:05:27.505,0.32,0.00,9.81,2.94,2,0
2026-06-12 20:05:27.555,0.32,0.00,9.81,2.94,2,0
2026-06-12 20:05:27.606,0.32,0.00,9.81,2.94,2,0
2026-06-12 20:05:27.656,0.32,0.00,9.81,2.94,2,0
2026-06-12 20:05:27.707,0.32,0.00,9.81,2.94,2,0
2026-06-12 20:05:27.757,0.32,0.00,9.81,2.94,2,0
2026-06-12 20:05:27.807,0.32,0.00,9.81,2.94,2,0
2026-06-12 20:05:27.858,0.32,0.00,9.81,2.94,2,0
2026-06-12 20:05:27.908,0.32,0.00,9.81,2.94,2,0
2026-06-12 20:05:27.959,0.32,0.00,9.81,2.94,2,0
2026-06-12 20:05:28.009,0.32,0.00,9.81,2.94,2,0
2026-06-12 20:05:28.060,0.00,0.00,9.81,2.94,2,0
2026-06-12 20:05:28.110,0.00,0.00,0.00,0.00,2,0
2026-06-12 20:05:28.160,0.00,0.00,0.00,0.00,2,0
2026-06-12 20:05:28.210,0.00,0.00,0.00,0.00,2,0
2026-06-12 20:05:28.261,0.00,0.00,0.00,0.00,2,0
2026-06-12 20:05:28.311,0.00,0.00,0.00,0.00,2,0
2026-06-12 20:05:28.362,0.00,0.00,0.00,0.00,2,0
2026-06-12 20:05:28.412,0.00,0.00,0.00,0.00,2,0
2026-06-12 20:05:28.463,0.00,0.00,0.00,0.00,2,0
2026-06-12 20:05:28.513,0.00,0.00,0.00,0.00,2,0
2026-06-12 20:05:28.563,0.00,0.00,0.00,0.00,2,0
2026-06-12 20:05:28.614,0.00,0.00,0.00,0.00,2,0
2026-06-12 20:05:28.664,0.00,0.00,0.00,0.00,2,0
2026-06-12 20:05:28.715,0.00,0.00,0.00,0.00,2,0
2026-06-12 20:05:28.765,0.00,0.00,0.00,0.00,2,0
2026-06-12 20:05:28.815,0.00,0.00,0.00,0.00,2,0
2026-06-12 20:05:28.866,0.00,0.00,0.00,0.00,2,0
2026-06-12 20:05:28.916,0.00,0.00,0.00,0.00,2,0
2026-06-12 20:05:28.967,0.00,0.00,0.00,0.00,2,0
2026-06-12 20:05:29.017,0.00,0.00,0.00,0.00,2,0
2026-06-12 20:05:29.067,0.00,0.00,0.00,0.00,2,0
2026-06-12 20:05:29.118,0.00,0.00,0.00,0.00,2,0
2026-06-12 20:05:29.168,0.00,0.00,0.00,0.00,2,0
2026-06-12 20:05:29.219,0.00,0.00,0.00,0.00,2,0
2026-06-12 20:05:29.269,0.00,0.00,0.00,0.00,2,0
2026-06-12 20:05:29.320,0.00,0.00,0.00,0.00,2,0
2026-06-12 20:05:29.370,0.00,0.00,0.00,0.00,2,0
2026-06-12 20:05:29.420,0.00,0.00,0.00,0.00,2,0
2026-06-12 20:05:29.470,0.00,0.00,0.00,0.00,2,0
2026-06-12 20:05:29.521,0.00,0.00,0.00,0.00,2,0
2026-06-12 20:05:29.571,0.00,0.00,0.00,0.00,2,0
2026-06-12 20:05:29.622,0.00,0.00,0.00,0.00,2,0
2026-06-12 20:05:29.672,0.00,0.00,0.00,0.00,2,0
2026-06-12 20:05:29.722,0.00,0.00,0.00,0.00,2,0
2026-06-12 20:05:29.773,0.00,0.00,0.00,0.00,2,0
2026-06-12 20:05:29.823,0.00,0.00,0.00,0.00,2,0
2026-06-12 20:05:29.874,0.00,0.00,0.00,0.00,2,0
2026-06-12 20:05:29.924,0.00,0.00,0.00,0.00,2,0
2026-06-12 20:05:29.975,0.00,0.00,0.00,0.00,2,0
2026-06-12 20:05:30.025,0.00,0.00,0.00,0.00,2,0
2026-06-12 20:05:30.075,0.00,0.00,0.00,0.00,2,0
2026-06-12 20:05:30.126,0.00,0.00,0.00,0.00,2,0
2026-06-12 20:05:30.176,0.00,0.00,0.00,0.00,2,0
2026-06-12 20:05:30.227,0.00,0.00,0.00,0.00,2,0
2026-06-12 20:05:30.277,0.00,0.00,0.00,0.00,2,0
2026-06-12 20:05:30.327,0.00,0.00,0.00,0.00,2,0
2026-06-12 20:05:30.378,0.00,0.00,0.00,0.00,2,0
2026-06-12 20:05:30.428,0.00,0.00,0.00,0.00,2,0
2026-06-12 20:05:30.479,0.00,0.00,0.00,0.00,2,0
2026-06-12 20:05:30.529,0.00,0.00,0.00,0.00,2,0
2026-06-12 20:05:30.580,0.00,0.00,0.00,0.00,2,0
2026-06-12 20:05:30.630,0.00,0.00,0.00,0.00,2,0
2026-06-12 20:05:30.680,0.00,0.00,0.00,0.00,2,0
2026-06-12 20:05:30.730,0.00,0.00,0.00,0.00,2,0
2026-06-12 20:05:30.781,0.00,0.00,0.00,0.00,2,0
2026-06-12 20:05:30.831,0.00,0.00,0.00,0.00,2,0
2026-06-12 20:05:30.882,0.00,0.00,0.00,0.00,2,0
2026-06-12 20:05:30.932,0.00,0.00,0.00,0.00,2,0
2026-06-12 20:05:30.982,0.00,0.00,0.00,0.00,2,0
2026-06-12 20:05:31.033,0.00,0.00,0.00,0.00,2,0
2026-06-12 20:05:31.083,0.00,0.00,0.00,0.00,2,0
2026-06-12 20:05:31.134,0.00,0.00,0.00,0.00,2,0
2026-06-12 20:05:31.184,0.00,0.00,0.00,0.00,2,0
2026-06-12 20:05:31.235,0.00,0.00,0.00,0.00,2,0
2026-06-12 20:05:31.285,0.00,0.00,0.00,0.00,2,0
2026-06-12 20:05:31.335,0.00,0.00,0.00,0.00,2,0
2026-06-12 20:05:31.386,0.00,0.00,0.00,0.00,2,0
2026-06-12 20:05:31.436,0.00,0.00,0.00,0.00,2,0
2026-06-12 20:05:31.486,0.00,0.00,0.00,0.00,2,0
2026-06-12 20:05:31.537,0.00,0.00,0.00,0.00,2,0
2026-06-12 20:05:31.587,0.00,0.00,0.00,0.00,2,0
2026-06-12 20:05:31.638,0.00,0.00,0.00,0.00,2,0
2026-06-12 20:05:31.688,0.00,0.00,0.00,0.00,2,0
2026-06-12 20:05:31.739,0.00,0.00,0.00,0.00,2,0
2026-06-12 20:05:31.789,0.00,0.00,0.00,0.00,2,0
2026-06-12 20:05:31.839,0.00,0.00,0.00,0.00,2,0
2026-06-12 20:05:31.890,0.00,0.00,0.00,0.00,2,0
2026-06-12 20:05:31.940,0.00,0.00,0.00,0.00,2,0
2026-06-12 20:05:31.990,0.00,0.00,0.00,0.00,2,0
2026-06-12 20:05:32.041,0.00,0.00,0.00,0.00,2,0
2026-06-12 20:05:32.091,0.00,0.00,0.00,0.00,2,0
2026-06-12 20:05:32.142,0.00,0.00,0.00,0.00,2,0
2026-06-12 20:05:32.193,0.00,0.00,0.00,0.00,2,0
2026-06-12 20:05:32.243,0.00,0.00,0.00,0.00,2,0
2026-06-12 20:05:32.293,0.00,0.00,0.00,0.00,2,0
2026-06-12 20:05:32.343,0.00,0.00,0.00,0.00,2,0
2026-06-12 20:05:32.394,0.00,0.00,0.00,0.00,2,0
2026-06-12 20:05:32.444,0.00,0.00,0.00,0.00,2,0
2026-06-12 20:05:32.494,0.00,0.00,0.00,0.00,2,0
2026-06-12 20:05:32.545,0.00,0.00,0.00,0.00,2,0
2026-06-12 20:05:32.595,0.00,0.00,0.00,0.00,2,0
2026-06-12 20:05:32.646,0.00,0.00,0.00,0.00,2,0
2026-06-12 20:05:32.696,0.00,0.00,0.00,0.00,2,0
2026-06-12 20:05:32.746,0.00,0.00,0.00,0.00,2,0
2026-06-12 20:05:32.797,0.00,0.00,0.00,0.00,2,0
2026-06-12 20:05:32.847,0.00,0.00,0.00,0.00,2,0
2026-06-12 20:05:32.898,0.00,0.00,0.00,0.00,2,0
2026-06-12 20:05:32.948,0.00,0.00,0.00,0.00,2,0
2026-06-12 20:05:32.998,0.00,0.00,0.00,0.00,2,0
2026-06-12 20:05:33.049,0.00,0.00,0.00,0.00,2,0
2026-06-12 20:05:33.100,0.00,0.00,0.00,0.00,2,0
2026-06-12 20:05:33.150,0.00,0.00,0.00,0.00,2,0
2026-06-12 20:05:33.200,0.00,0.00,0.00,0.00,2,0
2026-06-12 20:05:33.250,0.00,0.00,0.00,0.00,2,0
2026-06-12 20:05:33.301,0.00,0.00,0.00,0.00,2,0
2026-06-12 20:05:33.351,0.00,0.00,0.00,0.00,2,0
2026-06-12 20:05:33.402,0.00,0.00,0.00,0.00,2,0
2026-06-12 20:05:33.452,0.00,0.00,0.00,0.00,2,0
2026-06-12 20:05:33.502,0.00,0.00,0.00,0.00,2,0
2026-06-12 20:05:33.553,0.00,0.00,0.00,0.00,2,0
2026-06-12 20:05:33.603,0.00,0.00,0.00,0.00,2,0
2026-06-12 20:05:33.654,0.00,0.00,0.00,0.00,2,0
2026-06-12 20:05:33.704,0.00,0.00,0.00,0.00,2,0
2026-06-12 20:05:33.754,0.00,0.00,0.00,0.00,2,0
2026-06-12 20:05:33.805,0.00,0.00,0.00,0.00,2,0
2026-06-12 20:05:33.855,0.00,0.00,0.00,0.00,2,0
2026-06-12 20:05:33.906,0.00,0.00,0.00,0.00,2,0
2026-06-12 20:05:33.956,0.00,0.00,0.00,0.00,2,0
2026-06-12 20:05:34.006,0.00,0.00,0.00,0.00,2,0
2026-06-12 20:05:34.057,0.00,0.00,0.00,0.00,2,0
2026-06-12 20:05:34.107,0.00,0.00,0.00,0.00,2,0
2026-06-12 20:05:34.158,0.00,0.00,0.00,0.00,2,0
2026-06-12 20:05:34.208,0.00,0.00,0.00,0.00,2,0
2026-06-12 20:05:34.259,0.00,0.00,0.00,0.00,2,0
2026-06-12 20:05:34.309,0.00,0.00,0.00,0.00,2,0
2026-06-12 20:05:34.360,0.00,0.00,0.00,0.00,2,0
2026-06-12 20:05:34.410,0.00,0.00,0.00,0.00,2,0
2026-06-12 20:05:34.460,0.00,0.00,0.00,0.00,2,0
2026-06-12 20:05:34.510,0.00,0.00,0.00,0.00,2,0
2026-06-12 20:05:34.561,0.00,0.00,0.00,0.00,2,0
2026-06-12 20:05:34.611,0.00,0.00,0.00,0.00,2,0
2026-06-12 20:05:34.662,0.00,0.00,0.00,0.00,2,0
2026-06-12 20:05:34.712,0.00,0.00,0.00,0.00,2,0
2026-06-12 20:05:34.762,0.00,0.00,0.00,0.00,2,0
2026-06-12 20:05:34.813,0.00,0.00,0.00,0.00,2,0
2026-06-12 20:05:34.863,0.00,0.00,0.00,0.00,2,0
2026-06-12 20:05:34.914,0.00,0.00,0.00,0.00,2,0
2026-06-12 20:05:34.964,0.00,0.00,0.00,0.00,2,0
2026-06-12 20:05:35.014,0.00,0.00,0.00,0.00,2,0
2026-06-12 20:05:35.065,0.00,0.00,0.00,0.00,2,0
2026-06-12 20:05:35.115,0.00,0.00,0.00,0.00,2,0
2026-06-12 20:05:35.166,0.00,0.00,0.00,0.00,2,0
2026-06-12 20:05:35.216,0.00,0.00,0.00,0.00,2,0
2026-06-12 20:05:35.266,0.00,0.00,0.00,0.00,2,0
2026-06-12 20:05:35.317,0.00,0.00,0.00,0.00,2,0
2026-06-12 20:05:35.367,0.00,0.00,0.00,0.00,2,0
2026-06-12 20:05:35.418,0.00,0.00,0.00,0.00,2,0
2026-06-12 20:05:35.468,0.00,0.00,0.00,0.00,2,0
2026-06-12 20:05:35.518,0.00,0.00,0.00,0.00,2,0
2026-06-12 20:05:35.569,0.00,0.00,0.00,0.00,2,0
2026-06-12 20:05:35.620,0.00,0.00,0.00,0.00,2,0
2026-06-12 20:05:35.670,0.00,0.00,0.00,0.00,2,0
2026-06-12 20:05:35.720,0.00,0.00,0.00,0.00,2,0
2026-06-12 20:05:35.770,0.00,0.00,0.00,0.00,2,0
2026-06-12 20:05:35.821,0.00,0.00,0.00,0.00,2,0
2026-06-12 20:05:35.871,0.00,0.00,0.00,0.00,2,0
2026-06-12 20:05:35.922,0.00,0.00,0.00,0.00,2,0
2026-06-12 20:05:35.972,0.00,0.00,0.00,0.00,2,0
2026-06-12 20:05:36.022,0.00,0.00,0.00,0.00,2,0
2026-06-12 20:05:36.073,0.00,0.00,0.00,0.00,2,0
2026-06-12 20:05:36.123,0.00,0.00,0.00,0.00,2,0
2026-06-12 20:05:36.174,0.00,0.00,0.00,0.00,2,0
2026-06-12 20:05:36.224,0.00,0.00,0.00,0.00,2,0
2026-06-12 20:05:36.274,0.00,0.00,0.00,0.00,2,0
2026-06-12 20:05:36.325,0.00,0.00,0.00,0.00,2,0
2026-06-12 20:05:36.375,0.00,0.00,0.00,0.00,2,0
2026-06-12 20:05:36.426,0.00,0.00,0.00,0.00,2,0
2026-06-12 20:05:36.476,0.00,0.00,0.00,0.00,2,0
2026-06-12 20:05:36.526,0.00,0.00,0.00,0.00,2,0
2026-06-12 20:05:36.577,0.00,0.00,0.00,0.00,2,0
2026-06-12 20:05:36.627,0.00,0.00,0.00,0.00,2,0
2026-06-12 20:05:36.678,0.00,0.00,0.00,0.00,2,0
2026-06-12 20:05:36.728,0.00,0.00,0.00,0.00,2,0
2026-06-12 20:05:36.778,0.00,0.00,0.00,0.00,2,0
2026-06-12 20:05:36.829,0.00,0.00,0.00,0.00,2,0
2026-06-12 20:05:36.880,0.00,0.00,0.00,0.00,2,0
2026-06-12 20:05:36.930,0.00,0.00,0.00,0.00,2,0
2026-06-12 20:05:36.980,0.00,0.00,0.00,0.00,2,0
2026-06-12 20:05:37.030,0.00,0.00,0.00,0.00,2,0
2026-06-12 20:05:37.081,0.00,0.00,0.00,0.00,2,0
2026-06-12 20:05:37.131,0.00,0.00,0.00,0.00,2,0
2026-06-12 20:05:37.182,0.00,0.00,0.00,0.00,2,0
2026-06-12 20:05:37.232,0.00,0.00,0.00,0.00,2,0
2026-06-12 20:05:37.282,0.00,0.00,0.00,0.00,2,0
2026-06-12 20:05:37.333,0.00,0.00,0.00,0.00,2,0
2026-06-12 20:05:37.383,0.00,0.00,0.00,0.00,2,0
2026-06-12 20:05:37.434,0.00,0.00,0.00,0.00,2,0
2026-06-12 20:05:37.484,0.00,0.00,0.00,0.00,2,0
2026-06-12 20:05:37.535,0.00,0.00,0.00,0.00,2,0
2026-06-12 20:05:37.585,0.00,0.00,0.00,0.00,2,0
2026-06-12 20:05:37.635,0.00,0.00,0.00,0.00,2,0
2026-06-12 20:05:37.686,0.00,0.00,0.00,0.00,2,0
2026-06-12 20:05:37.736,0.00,0.00,0.00,0.00,2,0
2026-06-12 20:05:37.786,0.00,0.00,0.00,0.00,2,0
2026-06-12 20:05:37.837,0.00,0.00,0.00,0.00,2,0
2026-06-12 20:05:37.887,0.00,0.00,0.00,0.00,2,0
2026-06-12 20:05:37.938,0.00,0.00,0.00,0.00,2,0
2026-06-12 20:05:37.988,0.00,0.00,0.00,0.00,2,0
2026-06-12 20:05:38.038,0.00,0.00,0.00,0.00,2,0
2026-06-12 20:05:38.089,0.00,0.00,0.00,0.00,2,0
2026-06-12 20:05:38.139,0.00,0.00,0.00,0.00,2,0
2026-06-12 20:05:38.190,0.00,0.00,0.00,0.00,2,0
2026-06-12 20:05:38.240,0.00,0.00,0.00,0.00,2,0
2026-06-12 20:05:38.290,0.00,0.00,0.00,0.00,2,0
2026-06-12 20:05:38.341,0.00,0.00,0.00,0.00,2,0
2026-06-12 20:05:38.391,0.00,0.00,0.00,0.00,2,0
2026-06-12 20:05:38.442,0.00,0.00,0.00,0.00,2,0
2026-06-12 20:05:38.492,0.00,0.00,0.00,0.00,2,0
2026-06-12 20:05:38.542,0.00,0.00,0.00,0.00,2,0
2026-06-12 20:05:38.593,0.00,0.00,0.00,0.00,2,0
2026-06-12 20:05:38.643,0.00,0.00,0.00,0.00,2,0
2026-06-12 20:05:38.694,0.00,0.00,0.00,0.00,2,0
2026-06-12 20:05:38.744,0.00,0.00,0.00,0.00,2,0
2026-06-12 20:05:38.794,0.00,0.00,0.00,0.00,2,0
2026-06-12 20:05:38.845,0.00,0.00,0.00,0.00,2,0
2026-06-12 20:05:38.895,0.00,0.00,0.00,0.00,2,0
2026-06-12 20:05:38.946,0.00,0.00,0.00,0.00,2,0
2026-06-12 20:05:38.996,0.00,0.00,0.00,0.00,2,0
2026-06-12 20:05:39.046,0.00,0.00,0.00,0.00,2,0
2026-06-12 20:05:39.097,0.00,0.00,0.00,0.00,2,0
2026-06-12 20:05:39.147,0.00,0.00,0.00,0.00,2,0
2026-06-12 20:05:39.198,0.00,0.00,0.00,0.00,2,0
2026-06-12 20:05:39.248,0.00,0.00,0.00,0.00,2,0
2026-06-12 20:05:39.298,0.00,0.00,0.00,0.00,2,0
2026-06-12 20:05:39.349,0.00,0.00,0.00,0.00,2,0
2026-06-12 20:05:39.399,0.00,0.00,0.00,0.00,2,0
2026-06-12 20:05:39.450,0.00,0.00,0.00,0.00,2,0
2026-06-12 20:05:39.500,0.00,0.00,0.00,0.00,2,0
2026-06-12 20:05:39.550,0.00,0.00,0.00,0.00,2,0
2026-06-12 20:05:39.601,0.00,0.00,0.00,0.00,2,0
2026-06-12 20:05:39.651,0.00,0.00,0.00,0.00,2,0
2026-06-12 20:05:39.702,0.00,0.00,0.00,0.00,2,0
2026-06-12 20:05:39.752,0.00,0.00,0.00,0.00,2,0
2026-06-12 20:05:39.802,0.00,0.00,0.00,0.00,2,0
2026-06-12 20:05:39.853,0.00,0.00,0.00,0.00,2,0
2026-06-12 20:05:39.903,0.00,0.00,0.00,0.00,2,0
2026-06-12 20:05:39.954,0.00,0.00,0.00,0.00,2,0
2026-06-12 20:05:40.004,0.00,0.00,0.00,0.00,2,0
2026-06-12 20:05:40.054,0.00,0.00,0.00,0.00,2,0
2026-06-12 20:05:40.105,0.00,0.00,0.00,0.00,2,0
2026-06-12 20:05:40.155,0.00,0.00,0.00,0.00,2,0
2026-06-12 20:05:40.206,0.00,0.00,0.00,0.00,2,0
2026-06-12 20:05:40.256,0.00,0.00,0.00,0.00,2,0
2026-06-12 20:05:40.306,0.00,0.00,0.00,0.00,2,0
2026-06-12 20:05:40.357,0.00,0.00,0.00,0.00,2,0
2026-06-12 20:05:40.407,0.00,0.00,0.00,0.00,2,0
2026-06-12 20:05:40.458,0.00,0.00,0.00,0.00,2,0
2026-06-12 20:05:40.508,0.00,0.00,0.00,0.00,2,0
2026-06-12 20:05:40.558,0.00,0.00,0.00,0.00,2,0
2026-06-12 20:05:40.609,0.00,0.00,0.00,0.00,2,0
2026-06-12 20:05:40.659,0.00,0.00,0.00,0.00,2,0
2026-06-12 20:05:40.710,0.00,0.00,0.00,0.00,2,0
2026-06-12 20:05:40.760,0.00,0.00,0.00,0.00,2,0
2026-06-12 20:05:40.810,0.00,0.00,0.00,0.00,2,0
2026-06-12 20:05:40.861,0.00,0.00,0.00,0.00,2,0
2026-06-12 20:05:40.911,0.00,0.00,0.00,0.00,2,0
2026-06-12 20:05:40.962,0.00,0.00,0.00,0.00,2,0
2026-06-12 20:05:41.012,0.00,0.00,0.00,0.00,2,0
2026-06-12 20:05:41.062,0.00,0.00,0.00,0.00,2,0
2026-06-12 20:05:41.113,0.00,0.00,0.00,0.00,2,0
2026-06-12 20:05:41.163,0.00,0.00,0.00,0.00,2,0
2026-06-12 20:05:41.214,0.00,0.00,0.00,0.00,2,0
2026-06-12 20:05:41.264,0.00,0.00,0.00,0.00,2,0
2026-06-12 20:05:41.314,0.00,0.00,0.00,0.00,2,0
2026-06-12 20:05:41.365,0.00,0.00,0.00,0.00,2,0
2026-06-12 20:05:41.415,0.00,0.00,0.00,0.00,2,0
2026-06-12 20:05:41.466,0.00,0.00,0.00,0.00,2,0
2026-06-12 20:05:41.516,0.00,0.00,0.00,0.00,2,0
2026-06-12 20:05:41.566,0.00,0.00,0.00,0.00,2,0
2026-06-12 20:05:41.617,0.00,0.00,0.00,0.00,2,0
2026-06-12 20:05:41.667,0.00,0.00,0.00,0.00,2,0
2026-06-12 20:05:41.718,0.00,0.00,0.00,0.00,2,0
2026-06-12 20:05:41.768,0.00,0.00,0.00,0.00,2,0
2026-06-12 20:05:41.818,0.00,0.00,0.00,0.00,2,0
2026-06-12 20:05:41.869,0.00,0.00,0.00,0.00,2,0
2026-06-12 20:05:41.919,0.00,0.00,0.00,0.00,2,0
2026-06-12 20:05:41.970,0.00,0.00,0.00,0.00,2,0
2026-06-12 20:05:42.020,0.00,0.00,0.00,0.00,2,0
2026-06-12 20:05:42.070,0.00,0.00,0.00,0.00,2,0
2026-06-12 20:05:42.121,0.00,0.00,0.00,0.00,2,0
2026-06-12 20:05:42.171,0.00,0.00,0.00,0.00,2,0
2026-06-12 20:05:42.221,0.00,0.00,0.00,0.00,2,0
2026-06-12 20:05:42.272,0.00,0.00,0.00,0.00,2,0
2026-06-12 20:05:42.322,0.00,0.00,0.00,0.00,2,0
2026-06-12 20:05:42.373,0.00,0.00,0.00,0.00,2,0
2026-06-12 20:05:42.423,0.00,0.00,0.00,0.00,2,0
2026-06-12 20:05:42.473,0.00,0.00,0.00,0.00,2,0
2026-06-12 20:05:42.524,0.00,0.00,0.00,0.00,2,0
2026-06-12 20:05:42.574,0.00,0.00,0.00,0.00,2,0
2026-06-12 20:05:42.625,0.00,0.00,0.00,0.00,2,0
2026-06-12 20:05:42.675,0.00,0.00,0.00,0.00,2,0
2026-06-12 20:05:42.726,0.00,0.00,0.00,0.00,2,0
2026-06-12 20:05:42.776,0.00,0.00,0.00,0.00,2,0
2026-06-12 20:05:42.826,0.00,0.00,0.00,0.00,2,0
2026-06-12 20:05:42.877,0.00,0.00,0.00,0.00,2,0
2026-06-12 20:05:42.927,0.00,0.00,0.00,0.00,2,0
2026-06-12 20:05:42.978,0.00,0.00,0.00,0.00,2,0
2026-06-12 20:05:43.028,0.00,0.00,0.00,0.00,2,0
2026-06-12 20:05:43.078,0.00,0.00,0.00,0.00,2,0
2026-06-12 20:05:43.129,0.00,0.00,0.00,0.00,2,0
2026-06-12 20:05:43.179,0.00,0.00,0.00,0.00,2,0
2026-06-12 20:05:43.230,0.00,0.00,0.00,0.00,2,0
2026-06-12 20:05:43.280,0.00,0.00,0.00,0.00,2,0
2026-06-12 20:05:43.330,0.00,0.00,0.00,0.00,2,0
2026-06-12 20:05:43.381,0.00,0.00,0.00,0.00,2,0
2026-06-12 20:05:43.431,0.00,0.00,0.00,0.00,2,0
2026-06-12 20:05:43.482,0.00,0.00,0.00,0.00,2,0
2026-06-12 20:05:43.532,0.00,0.00,0.00,0.00,2,0
2026-06-12 20:05:43.582,0.00,0.00,0.00,0.00,2,0
2026-06-12 20:05:43.633,0.00,0.00,0.00,0.00,2,0
2026-06-12 20:05:43.683,0.00,0.00,0.00,0.00,2,0
2026-06-12 20:05:43.733,0.00,0.00,0.00,0.00,2,0
2026-06-12 20:05:43.784,0.00,0.00,0.00,0.00,2,0
2026-06-12 20:05:43.834,0.00,0.00,0.00,0.00,2,0
2026-06-12 20:05:43.885,0.00,0.00,0.00,0.00,2,0
2026-06-12 20:05:43.935,0.00,0.00,0.00,0.00,2,0
2026-06-12 20:05:43.986,0.00,0.00,0.00,0.00,2,0
2026-06-12 20:05:44.036,0.00,0.00,0.00,0.00,2,0
2026-06-12 20:05:44.086,0.00,0.00,0.00,0.00,2,0
2026-06-12 20:05:44.137,0.00,0.00,0.00,0.00,2,0
2026-06-12 20:05:44.187,0.00,0.00,0.00,0.00,2,0
2026-06-12 20:05:44.238,0.00,0.00,0.00,0.00,2,0
2026-06-12 20:05:44.288,0.00,0.00,0.00,0.00,2,0
2026-06-12 20:05:44.338,0.00,0.00,0.00,0.00,2,0
2026-06-12 20:05:44.389,0.00,0.00,0.00,0.00,2,0
2026-06-12 20:05:44.439,0.00,0.00,0.00,0.00,2,0
2026-06-12 20:05:44.490,0.00,0.00,0.00,0.00,2,0
2026-06-12 20:05:44.540,0.00,0.00,0.00,0.00,2,0
2026-06-12 20:05:44.595,0.00,0.00,0.00,0.00,2,0
2026-06-12 20:05:44.641,0.00,0.00,0.00,0.00,2,0
2026-06-12 20:05:44.691,0.00,0.00,0.00,0.00,2,0
2026-06-12 20:05:44.742,0.00,0.00,0.00,0.00,2,0
2026-06-12 20:05:44.792,0.00,0.00,0.00,0.00,2,0
2026-06-12 20:05:44.842,0.00,0.00,0.00,0.00,2,0
2026-06-12 20:05:44.893,0.00,0.00,0.00,0.00,2,0
2026-06-12 20:05:44.943,0.00,0.00,0.00,0.00,2,0
2026-06-12 20:05:44.993,0.00,0.00,0.00,0.00,2,0
2026-06-12 20:05:45.044,0.00,0.00,0.00,0.00,2,0
2026-06-12 20:05:45.094,0.00,0.00,0.00,0.00,2,0
2026-06-12 20:05:45.145,0.00,0.00,0.00,0.00,2,0
2026-06-12 20:05:45.195,0.00,0.00,0.00,0.00,2,0
2026-06-12 20:05:45.245,0.00,0.00,0.00,0.00,2,0
2026-06-12 20:05:45.296,0.00,0.00,0.00,0.00,2,0
2026-06-12 20:05:45.346,0.00,0.00,0.00,0.00,2,0
2026-06-12 20:05:45.397,0.00,0.00,0.00,0.00,2,0
2026-06-12 20:05:45.447,0.00,0.00,0.00,0.00,2,0
2026-06-12 20:05:45.497,0.00,0.00,0.00,0.00,2,0
2026-06-12 20:05:45.548,0.00,0.00,0.00,0.00,2,0
2026-06-12 20:05:45.598,0.05,0.00,0.00,0.00,2,0
2026-06-12 20:05:45.649,0.05,0.00,1.39,0.42,2,0
2026-06-12 20:05:45.699,0.05,0.00,1.39,0.42,2,0
2026-06-12 20:05:45.749,0.05,0.00,1.39,0.42,2,0
2026-06-12 20:05:45.800,0.05,0.00,1.39,0.42,2,0
2026-06-12 20:05:45.850,0.05,0.00,1.39,0.42,2,0
2026-06-12 20:05:45.901,0.05,0.00,1.39,0.42,2,0
2026-06-12 20:05:45.951,0.05,0.00,1.39,0.42,2,0
2026-06-12 20:05:46.001,0.05,0.00,1.39,0.42,2,0
2026-06-12 20:05:46.052,0.05,0.00,1.39,0.42,2,0
2026-06-12 20:05:46.102,0.05,0.00,1.39,0.42,2,0
2026-06-12 20:05:46.153,0.05,0.00,1.39,0.42,2,0
2026-06-12 20:05:46.203,0.05,0.00,1.39,0.42,2,0
2026-06-12 20:05:46.253,0.08,0.00,1.39,0.42,2,0
2026-06-12 20:05:46.306,0.08,0.00,1.49,0.74,2,0
2026-06-12 20:05:46.354,0.08,0.00,1.49,0.74,2,0
2026-06-12 20:05:46.405,0.08,0.00,1.49,0.74,2,0
2026-06-12 20:05:46.459,0.11,0.01,1.49,0.74,2,0
2026-06-12 20:05:46.506,0.11,0.01,1.47,0.96,2,0
2026-06-12 20:05:46.556,0.11,0.01,1.47,0.96,2,0
2026-06-12 20:05:46.606,0.12,0.01,1.47,0.96,2,0
2026-06-12 20:05:46.657,0.12,0.01,1.46,1.11,2,0
2026-06-12 20:05:46.707,0.12,0.01,1.46,1.11,2,0
2026-06-12 20:05:46.758,0.95,0.24,1.46,1.11,2,0
2026-06-12 20:05:46.808,0.95,0.24,26.29,8.66,2,0
2026-06-12 20:05:46.858,2.28,0.75,26.29,8.66,2,0
2026-06-12 20:05:46.909,2.28,0.75,48.69,20.67,2,0
2026-06-12 20:05:46.959,3.55,1.16,48.69,20.67,2,0
2026-06-12 20:05:47.010,3.55,1.16,59.11,32.20,2,0
2026-06-12 20:05:47.060,4.70,1.47,59.11,32.20,2,0
2026-06-12 20:05:47.110,4.70,1.47,67.22,42.71,2,0
2026-06-12 20:05:47.161,5.74,1.67,67.22,42.71,2,0
2026-06-12 20:05:47.211,6.65,1.93,74.14,52.14,2,0
2026-06-12 20:05:47.262,6.65,1.93,79.55,60.36,2,0
2026-06-12 20:05:47.312,7.42,2.06,79.55,60.36,2,0
2026-06-12 20:05:47.362,8.11,2.13,83.91,67.43,2,0
2026-06-12 20:05:47.413,8.11,2.13,88.23,73.67,2,0
2026-06-12 20:05:47.463,8.70,2.06,88.23,73.67,2,0
2026-06-12 20:05:47.514,8.70,2.06,91.43,79.00,2,0
2026-06-12 20:05:47.564,9.24,2.05,91.43,79.00,2,0
2026-06-12 20:05:47.614,9.77,2.17,95.52,83.95,2,0
2026-06-12 20:05:47.665,10.24,2.10,99.87,88.73,2,0
2026-06-12 20:05:47.715,10.24,2.10,102.89,92.98,2,0
2026-06-12 20:05:47.766,10.67,2.03,102.89,92.98,2,0
2026-06-12 20:05:47.816,11.06,2.05,106.16,96.93,2,0
2026-06-12 20:05:47.866,11.39,1.92,108.74,100.47,2,0
2026-06-12 20:05:47.917,11.74,1.93,110.47,103.47,2,0
2026-06-12 20:05:47.967,11.74,1.93,114.07,106.65,2,0
2026-06-12 20:05:48.018,12.14,1.85,114.07,106.65,2,0
2026-06-12 20:05:48.068,12.53,1.90,118.69,110.26,2,0
2026-06-12 20:05:48.118,12.95,1.96,122.14,113.83,2,0
2026-06-12 20:05:48.169,13.33,1.88,126.54,117.64,2,0
2026-06-12 20:05:48.220,13.67,1.88,129.11,121.08,2,0
2026-06-12 20:05:48.270,13.95,1.82,131.27,124.14,2,0
2026-06-12 20:05:48.320,14.19,1.75,132.54,126.66,2,0
2026-06-12 20:05:48.370,14.41,1.67,134.10,128.89,2,0
2026-06-12 20:05:48.421,14.67,1.64,135.49,130.87,2,0
2026-06-12 20:05:48.471,14.67,1.64,138.82,133.26,2,0
2026-06-12 20:05:48.522,15.31,1.88,138.82,133.26,2,0
2026-06-12 20:05:48.572,15.68,1.91,146.04,139.04,2,0
2026-06-12 20:05:48.623,15.97,1.86,150.34,142.43,2,0
2026-06-12 20:05:48.673,16.23,1.79,151.17,145.05,2,0
2026-06-12 20:05:48.723,16.42,1.68,152.77,147.37,2,0
2026-06-12 20:05:48.774,16.63,1.60,153.07,149.08,2,0
2026-06-12 20:05:48.824,16.85,1.54,155.58,151.03,2,0
2026-06-12 20:05:48.874,17.10,1.52,157.64,153.01,2,0
2026-06-12 20:05:48.925,17.41,1.81,160.51,155.26,2,0
2026-06-12 20:05:48.975,17.66,1.74,164.70,158.09,2,0
2026-06-12 20:05:49.026,17.90,1.68,165.65,160.36,2,0
2026-06-12 20:05:49.076,18.09,1.59,167.76,162.58,2,0
2026-06-12 20:05:49.127,18.37,1.48,168.25,164.28,2,0
2026-06-12 20:05:49.177,18.50,1.36,169.82,166.80,2,0
2026-06-12 20:05:49.228,18.70,1.33,170.69,167.97,2,0
2026-06-12 20:05:49.278,18.98,1.59,174.23,169.84,2,0
2026-06-12 20:05:49.328,19.53,1.80,178.24,172.36,2,0
2026-06-12 20:05:49.379,19.77,1.72,183.11,177.33,2,0
2026-06-12 20:05:49.429,19.95,1.62,184.53,179.49,2,0
2026-06-12 20:05:49.480,20.12,1.65,184.98,181.14,2,0
2026-06-12 20:05:49.530,20.75,1.95,186.44,182.73,2,0
2026-06-12 20:05:49.580,21.10,1.95,195.38,188.40,2,0
2026-06-12 20:05:49.631,21.42,2.17,198.97,191.57,2,0
2026-06-12 20:05:49.681,21.92,2.14,201.29,194.49,2,0
2026-06-12 20:05:49.731,22.01,1.89,203.68,199.06,2,0
2026-06-12 20:05:49.782,22.17,1.61,201.73,199.86,2,0
2026-06-12 20:05:49.832,22.33,1.50,202.58,201.37,2,0
2026-06-12 20:05:49.883,22.61,1.72,206.17,202.81,2,0
2026-06-12 20:05:49.933,23.00,1.69,211.24,205.34,2,0
2026-06-12 20:05:49.983,23.07,1.55,212.65,208.84,2,0
2026-06-12 20:05:50.034,23.15,1.22,211.01,209.49,2,0
2026-06-12 20:05:50.084,23.24,1.11,211.15,210.25,2,0
2026-06-12 20:05:50.135,23.73,1.55,213.04,211.09,2,0
2026-06-12 20:05:50.185,23.98,1.53,220.85,215.48,2,0
2026-06-12 20:05:50.235,24.37,1.68,222.98,217.73,2,0
2026-06-12 20:05:50.286,24.42,1.47,224.13,221.30,2,0
2026-06-12 20:05:50.336,24.55,1.24,222.94,221.79,2,0
2026-06-12 20:05:50.387,24.61,1.10,223.18,222.91,2,0
2026-06-12 20:05:50.437,24.95,1.33,224.69,223.44,2,0
2026-06-12 20:05:50.488,25.18,1.50,231.01,226.55,2,0
2026-06-12 20:05:50.538,25.27,1.16,233.52,228.64,2,0
2026-06-12 20:05:50.588,25.36,0.99,229.80,229.47,2,0
2026-06-12 20:05:50.639,25.56,1.01,231.86,230.34,2,0
2026-06-12 20:05:50.689,26.06,1.48,236.34,232.14,2,0
2026-06-12 20:05:50.740,26.22,1.53,241.13,236.62,2,0
2026-06-12 20:05:50.790,26.50,1.38,241.65,238.12,2,0
2026-06-12 20:05:50.840,26.49,0.98,242.37,240.61,2,0
2026-06-12 20:05:50.891,26.55,0.94,240.55,240.52,2,0
2026-06-12 20:05:50.941,26.87,1.07,242.44,241.10,2,0
2026-06-12 20:05:50.992,27.00,0.94,247.67,243.97,2,0
2026-06-12 20:05:51.042,26.94,0.75,244.13,245.18,2,0
2026-06-12 20:05:51.093,26.75,0.26,243.36,244.63,2,0
2026-06-12 20:05:51.143,26.89,0.41,241.25,242.93,2,0
2026-06-12 20:05:51.194,27.04,0.47,245.60,244.22,2,0
2026-06-12 20:05:51.244,27.25,0.65,248.65,245.55,2,0
2026-06-12 20:05:51.294,50.05,38.46,249.10,247.49,1,0
2026-06-12 20:05:51.344,55.22,36.91,936.80,454.53,1,0
2026-06-12 20:05:51.395,46.01,12.14,611.00,501.47,1,0
2026-06-12 20:05:51.445,36.51,-5.36,292.77,417.82,1,0
2026-06-12 20:05:51.496,33.68,-6.92,248.75,331.52,1,0
2026-06-12 20:05:51.546,30.09,-10.45,245.82,305.81,1,0
2026-06-12 20:05:51.597,28.99,-10.66,240.63,273.29,1,0
2026-06-12 20:05:51.647,27.74,-9.06,239.72,263.22,1,0
2026-06-12 20:05:51.697,27.19,-7.37,241.48,251.90,1,0
2026-06-12 20:05:51.748,26.93,-6.48,241.87,246.88,1,0
2026-06-12 20:05:51.798,26.32,-5.60,239.03,244.53,1,0
2026-06-12 20:05:51.849,26.01,-5.01,232.46,238.99,1,0
2026-06-12 20:05:51.899,25.64,-4.19,229.80,236.24,1,0
2026-06-12 20:05:51.950,25.52,-3.75,229.72,232.83,1,0
2026-06-12 20:05:52.000,25.26,-3.06,229.27,231.76,1,0
2026-06-12 20:05:52.050,24.95,-3.10,225.77,229.38,1,0
2026-06-12 20:05:52.101,24.32,-3.01,219.89,226.53,1,0
2026-06-12 20:05:52.151,24.09,-2.75,213.73,220.88,1,0
2026-06-12 20:05:52.202,23.96,-2.54,213.81,218.76,1,0
2026-06-12 20:05:52.252,23.62,-2.24,214.90,217.60,1,0
2026-06-12 20:05:52.303,23.30,-2.42,211.01,214.46,1,0
2026-06-12 20:05:52.353,22.86,-2.42,204.74,211.55,1,0
2026-06-12 20:05:52.403,22.00,-2.81,198.34,207.58,1,0
2026-06-12 20:05:52.454,21.54,-2.76,189.72,199.75,1,0
2026-06-12 20:05:52.504,21.18,-2.95,185.98,195.62,1,0
2026-06-12 20:05:52.555,21.28,-1.56,184.70,192.34,1,0
2026-06-12 20:05:52.605,22.56,0.81,204.25,193.22,1,0
2026-06-12 20:05:52.655,23.02,1.06,231.93,204.83,1,0
2026-06-12 20:05:52.706,22.99,0.88,218.77,209.01,1,0
2026-06-12 20:05:52.756,21.72,-0.31,208.15,208.75,1,0
2026-06-12 20:05:52.807,19.91,-1.74,170.50,197.28,1,0
2026-06-12 20:05:52.857,18.34,-2.35,142.42,180.82,1,0
2026-06-12 20:05:52.908,18.34,-2.35,133.31,166.57,1,0
2026-06-12 20:05:52.958,16.93,-2.77,133.31,166.57,1,0
2026-06-12 20:05:53.008,15.59,-3.09,123.97,153.79,1,0
2026-06-12 20:05:53.059,15.59,-3.09,113.12,141.59,1,0
2026-06-12 20:05:53.110,14.24,-3.38,113.12,141.59,1,0
2026-06-12 20:05:53.160,14.24,-3.38,100.55,129.28,1,0
2026-06-12 20:05:53.210,12.72,-3.38,100.55,129.28,1,0
2026-06-12 20:05:53.260,12.72,-3.38,83.36,115.50,1,0
2026-06-12 20:05:53.311,12.72,-3.38,83.36,115.50,1,0
2026-06-12 20:05:53.361,12.72,-3.38,83.36,115.50,1,0
2026-06-12 20:05:53.412,12.72,-3.38,83.36,115.50,1,0
2026-06-12 20:05:53.462,12.72,-3.38,83.36,115.50,1,0
2026-06-12 20:05:53.512,12.72,-3.38,83.36,115.50,1,0
2026-06-12 20:05:53.563,12.72,-3.38,83.36,115.50,1,0
2026-06-12 20:05:53.613,12.72,-3.38,83.36,115.50,1,0
2026-06-12 20:05:53.664,12.72,-3.38,83.36,115.50,1,0
2026-06-12 20:05:53.714,12.72,-3.38,83.36,115.50,1,0
2026-06-12 20:05:53.765,12.72,-3.38,83.36,115.50,1,0
2026-06-12 20:05:53.815,12.72,-3.38,83.36,115.50,1,0
2026-06-12 20:05:53.866,12.72,-3.38,83.36,115.50,1,0
2026-06-12 20:05:53.916,12.72,-3.38,83.36,115.50,1,0
2026-06-12 20:05:53.966,12.72,-3.38,83.36,115.50,1,0
2026-06-12 20:05:54.017,12.72,-3.38,83.36,115.50,1,0
2026-06-12 20:05:54.067,12.72,-3.38,83.36,115.50,1,0
2026-06-12 20:05:54.118,12.72,-3.38,83.36,115.50,1,0
2026-06-12 20:05:54.168,12.72,-3.38,83.36,115.50,1,0
2026-06-12 20:05:54.218,12.72,-3.38,83.36,115.50,1,0
2026-06-12 20:05:54.269,12.72,-3.38,83.36,115.50,1,0
2026-06-12 20:05:54.319,9.62,-2.99,83.36,115.50,0,0
2026-06-12 20:05:54.370,9.62,-2.99,21.59,87.33,0,0
2026-06-12 20:05:54.420,9.62,-2.99,21.59,87.33,0,0
2026-06-12 20:05:54.471,9.62,-2.99,21.59,87.33,0,0
2026-06-12 20:05:54.521,9.62,-2.99,21.59,87.33,0,0
2026-06-12 20:05:54.572,9.62,-2.99,21.59,87.33,0,0
2026-06-12 20:05:54.622,9.62,-2.99,21.59,87.33,0,0
2026-06-12 20:05:54.673,9.62,-2.99,21.59,87.33,0,0
2026-06-12 20:05:54.723,9.62,-2.99,21.59,87.33,0,0
2026-06-12 20:05:54.773,9.62,-2.99,21.59,87.33,0,0
2026-06-12 20:05:54.823,9.62,-2.99,21.59,87.33,0,0
2026-06-12 20:05:54.874,9.62,-2.99,21.59,87.33,0,0
2026-06-12 20:05:54.924,9.62,-2.99,21.59,87.33,0,0
2026-06-12 20:05:54.975,9.62,-2.99,21.59,87.33,0,0
2026-06-12 20:05:55.025,9.62,-2.99,21.59,87.33,0,0
2026-06-12 20:05:55.076,9.62,-2.99,21.59,87.33,0,0
2026-06-12 20:05:55.126,9.62,-2.99,21.59,87.33,0,0
2026-06-12 20:05:55.176,9.62,-2.99,21.59,87.33,0,0
2026-06-12 20:05:55.227,9.62,-2.99,21.59,87.33,0,0
2026-06-12 20:05:55.277,9.62,-2.99,21.59,87.33,0,0
2026-06-12 20:05:55.328,9.62,-2.99,21.59,87.33,0,0
2026-06-12 20:05:55.378,9.62,-2.99,21.59,87.33,0,0
2026-06-12 20:05:55.429,9.62,-2.99,21.59,87.33,0,0
2026-06-12 20:05:55.479,9.62,-2.99,21.59,87.33,0,0
2026-06-12 20:05:55.529,9.62,-2.99,21.59,87.33,0,0
2026-06-12 20:05:55.580,9.62,-2.99,21.59,87.33,0,0
2026-06-12 20:05:55.630,9.62,-2.99,21.59,87.33,0,0
2026-06-12 20:05:55.681,9.62,-2.99,21.59,87.33,0,0
2026-06-12 20:05:55.731,9.62,-2.99,21.59,87.33,0,0
2026-06-12 20:05:55.782,9.62,-2.99,21.59,87.33,0,0
2026-06-12 20:05:55.832,9.62,-2.99,21.59,87.33,0,0
2026-06-12 20:05:55.882,9.62,-2.99,21.59,87.33,0,0
2026-06-12 20:05:55.933,9.62,-2.99,21.59,87.33,0,0
2026-06-12 20:05:55.983,9.62,-2.99,21.59,87.33,0,0
2026-06-12 20:05:56.034,9.62,-2.99,21.59,87.33,0,0
2026-06-12 20:05:56.084,9.62,-2.99,21.59,87.33,0,0
2026-06-12 20:05:56.134,9.62,-2.99,21.59,87.33,0,0
2026-06-12 20:05:56.185,9.62,-2.99,21.59,87.33,0,0
2026-06-12 20:05:56.235,9.62,-2.99,21.59,87.33,0,0
2026-06-12 20:05:56.286,9.62,-2.99,21.59,87.33,0,0
2026-06-12 20:05:56.336,0.31,0.00,21.59,87.33,2,0
2026-06-12 20:05:56.387,0.31,0.00,9.24,2.77,2,0
2026-06-12 20:05:56.437,0.31,0.00,9.24,2.77,2,0
2026-06-12 20:05:56.487,0.31,0.00,9.24,2.77,2,0
2026-06-12 20:05:56.538,0.31,0.00,9.24,2.77,2,0
2026-06-12 20:05:56.588,0.31,0.00,9.24,2.77,2,0
2026-06-12 20:05:56.639,0.31,0.00,9.24,2.77,2,0
2026-06-12 20:05:56.689,0.31,0.00,9.24,2.77,2,0
2026-06-12 20:05:56.739,0.31,0.00,9.24,2.77,2,0
2026-06-12 20:05:56.790,0.31,0.00,9.24,2.77,2,0
2026-06-12 20:05:56.840,0.31,0.00,9.24,2.77,2,0
2026-06-12 20:05:56.891,0.31,0.00,9.24,2.77,2,0
2026-06-12 20:05:56.941,0.31,0.00,9.24,2.77,2,0
2026-06-12 20:05:56.991,0.31,0.00,9.24,2.77,2,0
2026-06-12 20:05:57.042,0.31,0.00,9.24,2.77,2,0
2026-06-12 20:05:57.092,0.31,0.00,9.24,2.77,2,0
2026-06-12 20:05:57.143,0.31,0.00,9.24,2.77,2,0
2026-06-12 20:05:57.193,0.31,0.00,9.24,2.77,2,0
2026-06-12 20:05:57.243,0.31,0.00,9.24,2.77,2,0
2026-06-12 20:05:57.294,0.31,0.00,9.24,2.77,2,0
2026-06-12 20:05:57.344,0.31,0.00,9.24,2.77,2,0
2026-06-12 20:05:57.395,0.31,0.00,9.24,2.77,2,0
2026-06-12 20:05:57.445,0.31,0.00,9.24,2.77,2,0
2026-06-12 20:05:57.495,0.31,0.00,9.24,2.77,2,0
2026-06-12 20:05:57.546,0.31,0.00,9.24,2.77,2,0
2026-06-12 20:05:57.596,0.31,0.00,9.24,2.77,2,0
2026-06-12 20:05:57.647,0.31,0.00,9.24,2.77,2,0
2026-06-12 20:05:57.697,0.31,0.00,9.24,2.77,2,0
2026-06-12 20:05:57.747,0.31,0.00,9.24,2.77,2,0
2026-06-12 20:05:57.798,0.31,0.00,9.24,2.77,2,0
2026-06-12 20:05:57.848,0.31,0.00,9.24,2.77,2,0
2026-06-12 20:05:57.899,0.31,0.00,9.24,2.77,2,0
2026-06-12 20:05:57.949,0.42,0.00,9.24,2.77,2,0
2026-06-12 20:05:58.000,0.42,0.00,6.38,3.86,2,0
2026-06-12 20:05:58.050,0.42,0.00,6.38,3.86,2,0
2026-06-12 20:05:58.100,0.42,0.00,6.38,3.86,2,0
2026-06-12 20:05:58.151,0.42,0.00,6.38,3.86,2,0
2026-06-12 20:05:58.201,0.42,0.00,6.38,3.86,2,0
2026-06-12 20:05:58.251,0.42,0.00,6.38,3.86,2,0
2026-06-12 20:05:58.302,0.42,0.00,6.38,3.86,2,0
2026-06-12 20:05:58.352,0.42,0.00,6.38,3.86,2,0
2026-06-12 20:05:58.403,0.42,0.00,6.38,3.86,2,0
2026-06-12 20:05:58.453,0.42,0.00,6.38,3.86,2,0
2026-06-12 20:05:58.503,0.42,0.00,6.38,3.86,2,0
2026-06-12 20:05:58.554,0.42,0.00,6.38,3.86,2,0
2026-06-12 20:05:58.605,0.42,0.00,6.38,3.86,2,0
2026-06-12 20:05:58.655,0.42,0.00,6.38,3.86,2,0
2026-06-12 20:05:58.705,0.42,0.00,6.38,3.86,2,0
2026-06-12 20:05:58.755,0.42,0.00,6.38,3.86,2,0
2026-06-12 20:05:58.806,0.42,0.00,6.38,3.86,2,0
2026-06-12 20:05:58.856,0.42,0.00,6.38,3.86,2,0
2026-06-12 20:05:58.907,0.42,0.00,6.38,3.86,2,0
2026-06-12 20:05:58.957,0.42,0.00,6.38,3.86,2,0
2026-06-12 20:05:59.008,0.42,0.00,6.38,3.86,2,0
2026-06-12 20:05:59.058,0.42,0.00,6.38,3.86,2,0
2026-06-12 20:05:59.108,0.42,0.00,6.38,3.86,2,0
2026-06-12 20:05:59.159,0.42,0.00,6.38,3.86,2,0
2026-06-12 20:05:59.209,0.42,0.00,6.38,3.86,2,0
2026-06-12 20:05:59.260,0.42,0.00,6.38,3.86,2,0
2026-06-12 20:05:59.310,0.42,0.00,6.38,3.86,2,0
2026-06-12 20:05:59.360,0.42,0.00,6.38,3.86,2,0
2026-06-12 20:05:59.411,0.42,0.00,6.38,3.86,2,0
2026-06-12 20:05:59.461,0.42,0.00,6.38,3.86,2,0
2026-06-12 20:05:59.511,0.42,0.00,6.38,3.86,2,0
2026-06-12 20:05:59.562,0.42,0.00,6.38,3.86,2,0
2026-06-12 20:05:59.612,0.42,0.00,6.38,3.86,2,0
2026-06-12 20:05:59.663,0.42,0.00,6.38,3.86,2,0
2026-06-12 20:05:59.713,0.42,0.00,6.38,3.86,2,0
2026-06-12 20:05:59.763,0.42,0.00,6.38,3.86,2,0
2026-06-12 20:05:59.814,0.42,0.00,6.38,3.86,2,0
2026-06-12 20:05:59.864,0.42,0.00,6.38,3.86,2,0
2026-06-12 20:05:59.915,0.00,0.00,6.38,3.86,2,0
2026-06-12 20:05:59.965,0.00,0.00,0.00,0.00,2,0
2026-06-12 20:06:00.016,0.00,0.00,0.00,0.00,2,0
2026-06-12 20:06:00.066,0.00,0.00,0.00,0.00,2,0
2026-06-12 20:06:00.116,0.00,0.00,0.00,0.00,2,0
2026-06-12 20:06:00.167,0.00,0.00,0.00,0.00,2,0
2026-06-12 20:06:00.217,0.00,0.00,0.00,0.00,2,0
2026-06-12 20:06:00.267,0.00,0.00,0.00,0.00,2,0
2026-06-12 20:06:00.318,0.00,0.00,0.00,0.00,2,0
2026-06-12 20:06:00.368,0.00,0.00,0.00,0.00,2,0
2026-06-12 20:06:00.419,0.00,0.00,0.00,0.00,2,0
2026-06-12 20:06:00.469,0.00,0.00,0.00,0.00,2,0
2026-06-12 20:06:00.520,0.00,0.00,0.00,0.00,2,0
2026-06-12 20:06:00.570,0.00,0.00,0.00,0.00,2,0
2026-06-12 20:06:00.620,0.00,0.00,0.00,0.00,2,0
2026-06-12 20:06:00.671,0.00,0.00,0.00,0.00,2,0
2026-06-12 20:06:00.721,0.00,0.00,0.00,0.00,2,0
2026-06-12 20:06:00.772,0.00,0.00,0.00,0.00,2,0
2026-06-12 20:06:00.822,0.00,0.00,0.00,0.00,2,0
2026-06-12 20:06:00.872,0.00,0.00,0.00,0.00,2,0
2026-06-12 20:06:00.923,0.00,0.00,0.00,0.00,2,0
2026-06-12 20:06:00.973,0.00,0.00,0.00,0.00,2,0
2026-06-12 20:06:01.023,0.00,0.00,0.00,0.00,2,0
2026-06-12 20:06:01.074,0.00,0.00,0.00,0.00,2,0
2026-06-12 20:06:01.124,0.00,0.00,0.00,0.00,2,0
2026-06-12 20:06:01.175,0.00,0.00,0.00,0.00,2,0
2026-06-12 20:06:01.225,0.00,0.00,0.00,0.00,2,0
2026-06-12 20:06:01.275,0.00,0.00,0.00,0.00,2,0
2026-06-12 20:06:01.326,0.00,0.00,0.00,0.00,2,0
2026-06-12 20:06:01.376,0.00,0.00,0.00,0.00,2,0
2026-06-12 20:06:01.427,0.00,0.00,0.00,0.00,2,0
2026-06-12 20:06:01.477,0.00,0.00,0.00,0.00,2,0
2026-06-12 20:06:01.527,0.00,0.00,0.00,0.00,2,0
2026-06-12 20:06:01.578,0.00,0.00,0.00,0.00,2,0
2026-06-12 20:06:01.628,0.00,0.00,0.00,0.00,2,0
2026-06-12 20:06:01.679,0.00,0.00,0.00,0.00,2,0
2026-06-12 20:06:01.729,0.00,0.00,0.00,0.00,2,0
2026-06-12 20:06:01.779,0.00,0.00,0.00,0.00,2,0
2026-06-12 20:06:01.830,0.00,0.00,0.00,0.00,2,0
2026-06-12 20:06:01.880,0.00,0.00,0.00,0.00,2,0
2026-06-12 20:06:01.931,0.00,0.00,0.00,0.00,2,0
2026-06-12 20:06:01.981,0.18,0.00,0.00,0.00,1,0
2026-06-12 20:06:02.031,0.18,0.00,5.31,1.59,1,0
2026-06-12 20:06:02.082,0.18,0.00,5.31,1.59,1,0
2026-06-12 20:06:02.132,0.18,0.00,5.31,1.59,1,0
2026-06-12 20:06:02.183,0.18,0.00,5.31,1.59,1,0
2026-06-12 20:06:02.233,0.18,0.00,5.31,1.59,1,0
2026-06-12 20:06:02.283,0.18,0.00,5.31,1.59,1,0
2026-06-12 20:06:02.334,0.18,0.00,5.31,1.59,1,0
2026-06-12 20:06:02.384,0.18,0.00,5.31,1.59,1,0
2026-06-12 20:06:02.435,0.18,0.00,5.31,1.59,1,0
2026-06-12 20:06:02.485,0.18,0.00,5.31,1.59,1,0
2026-06-12 20:06:02.535,0.18,0.00,5.31,1.59,1,0
2026-06-12 20:06:02.586,0.18,0.00,5.31,1.59,1,0
2026-06-12 20:06:02.636,0.18,0.00,5.31,1.59,1,0
2026-06-12 20:06:02.687,0.18,0.00,5.31,1.59,1,0
2026-06-12 20:06:02.737,0.18,0.00,5.31,1.59,1,0
2026-06-12 20:06:02.787,0.18,0.00,5.31,1.59,1,0
2026-06-12 20:06:02.838,0.18,0.00,5.31,1.59,1,0
2026-06-12 20:06:02.888,0.18,0.00,5.31,1.59,1,0
2026-06-12 20:06:02.939,0.18,0.00,5.31,1.59,1,0
2026-06-12 20:06:02.989,0.18,0.00,5.31,1.59,1,0
2026-06-12 20:06:03.040,0.18,0.00,5.31,1.59,1,0
2026-06-12 20:06:03.090,0.18,0.00,5.31,1.59,1,0
2026-06-12 20:06:03.140,0.18,0.00,5.31,1.59,1,0
2026-06-12 20:06:03.191,0.18,0.00,5.31,1.59,1,0
2026-06-12 20:06:03.241,0.18,0.00,5.31,1.59,1,0
2026-06-12 20:06:03.291,0.18,0.00,5.31,1.59,1,0
2026-06-12 20:06:03.342,0.18,0.00,5.31,1.59,1,0
2026-06-12 20:06:03.392,0.18,0.00,5.31,1.59,1,0
2026-06-12 20:06:03.443,0.18,0.00,5.31,1.59,1,0
2026-06-12 20:06:03.494,0.18,0.00,5.31,1.59,1,0
2026-06-12 20:06:03.543,0.18,0.00,5.31,1.59,1,0
2026-06-12 20:06:03.594,0.18,0.00,5.31,1.59,1,0
2026-06-12 20:06:03.644,0.18,0.00,5.31,1.59,1,0
2026-06-12 20:06:03.695,0.18,0.00,5.31,1.59,1,0
2026-06-12 20:06:03.745,0.18,0.00,5.31,1.59,1,0
2026-06-12 20:06:03.795,0.18,0.00,5.31,1.59,1,0
2026-06-12 20:06:03.846,0.18,0.00,5.31,1.59,1,0
2026-06-12 20:06:03.896,0.18,0.00,5.31,1.59,1,0
2026-06-12 20:06:03.947,0.18,0.00,5.31,1.59,1,0
2026-06-12 20:06:03.997,0.00,0.00,5.31,1.59,1,0
2026-06-12 20:06:04.047,0.00,0.00,0.00,0.00,1,0
2026-06-12 20:06:04.098,0.00,0.00,0.00,0.00,1,0
2026-06-12 20:06:04.148,0.00,0.00,0.00,0.00,1,0
2026-06-12 20:06:04.199,0.00,0.00,0.00,0.00,1,0
2026-06-12 20:06:04.249,0.00,0.00,0.00,0.00,1,0
2026-06-12 20:06:04.300,0.00,0.00,0.00,0.00,1,0
2026-06-12 20:06:04.350,0.00,0.00,0.00,0.00,1,0
2026-06-12 20:06:04.400,0.00,0.00,0.00,0.00,1,0
2026-06-12 20:06:04.451,0.00,0.00,0.00,0.00,1,0
2026-06-12 20:06:04.501,0.00,0.00,0.00,0.00,1,0
2026-06-12 20:06:04.551,0.00,0.00,0.00,0.00,1,0
2026-06-12 20:06:04.602,0.00,0.00,0.00,0.00,1,0
2026-06-12 20:06:04.652,0.00,0.00,0.00,0.00,1,0
2026-06-12 20:06:04.703,0.00,0.00,0.00,0.00,1,0
2026-06-12 20:06:04.753,0.00,0.00,0.00,0.00,1,0
2026-06-12 20:06:04.803,0.00,0.00,0.00,0.00,1,0
2026-06-12 20:06:04.854,0.00,0.00,0.00,0.00,1,0
2026-06-12 20:06:04.904,0.00,0.00,0.00,0.00,1,0
2026-06-12 20:06:04.955,0.00,0.00,0.00,0.00,1,0
2026-06-12 20:06:05.005,0.00,0.00,0.00,0.00,1,0
2026-06-12 20:06:05.055,0.14,0.00,0.00,0.00,0,0
2026-06-12 20:06:05.106,0.14,0.00,4.22,1.27,0,0
2026-06-12 20:06:05.157,0.14,0.00,4.22,1.27,0,0
2026-06-12 20:06:05.207,0.14,0.00,4.22,1.27,0,0
2026-06-12 20:06:05.257,0.14,0.00,4.22,1.27,0,0
2026-06-12 20:06:05.307,0.14,0.00,4.22,1.27,0,0
2026-06-12 20:06:05.358,0.14,0.00,4.22,1.27,0,0
2026-06-12 20:06:05.409,0.14,0.00,4.22,1.27,0,0
2026-06-12 20:06:05.459,0.14,0.00,4.22,1.27,0,0
2026-06-12 20:06:05.509,0.14,0.00,4.22,1.27,0,0
2026-06-12 20:06:05.560,0.14,0.00,4.22,1.27,0,0
2026-06-12 20:06:05.610,0.14,0.00,4.22,1.27,0,0
2026-06-12 20:06:05.661,0.14,0.00,4.22,1.27,0,0
2026-06-12 20:06:05.711,0.14,0.00,4.22,1.27,0,0
2026-06-12 20:06:05.761,0.14,0.00,4.22,1.27,0,0
2026-06-12 20:06:05.812,0.14,0.00,4.22,1.27,0,0
2026-06-12 20:06:05.862,0.14,0.00,4.22,1.27,0,0
2026-06-12 20:06:05.912,0.14,0.00,4.22,1.27,0,0
2026-06-12 20:06:05.963,0.14,0.00,4.22,1.27,0,0
2026-06-12 20:06:06.013,0.14,0.00,4.22,1.27,0,0
2026-06-12 20:06:06.064,0.14,0.00,4.22,1.27,0,0
2026-06-12 20:06:06.114,0.14,0.00,4.22,1.27,0,0
2026-06-12 20:06:06.164,0.14,0.00,4.22,1.27,0,0
2026-06-12 20:06:06.215,0.14,0.00,4.22,1.27,0,0
2026-06-12 20:06:06.265,0.14,0.00,4.22,1.27,0,0
2026-06-12 20:06:06.315,0.14,0.00,4.22,1.27,0,0
2026-06-12 20:06:06.366,0.14,0.00,4.22,1.27,0,0
2026-06-12 20:06:06.416,0.14,0.00,4.22,1.27,0,0
2026-06-12 20:06:06.467,0.14,0.00,4.22,1.27,0,0
2026-06-12 20:06:06.517,0.14,0.00,4.22,1.27,0,0
2026-06-12 20:06:06.568,0.14,0.00,4.22,1.27,0,0
2026-06-12 20:06:06.618,0.14,0.00,4.22,1.27,0,0
2026-06-12 20:06:06.668,0.14,0.00,4.22,1.27,0,0
2026-06-12 20:06:06.719,0.14,0.00,4.22,1.27,0,0
2026-06-12 20:06:06.769,0.14,0.00,4.22,1.27,0,0
2026-06-12 20:06:06.820,0.14,0.00,4.22,1.27,0,0
2026-06-12 20:06:06.870,0.14,0.00,4.22,1.27,0,0
2026-06-12 20:06:06.921,0.14,0.00,4.22,1.27,0,0
2026-06-12 20:06:06.971,0.14,0.00,4.22,1.27,0,0
2026-06-12 20:06:07.021,0.00,0.00,4.22,1.27,0,0
2026-06-12 20:06:07.072,0.20,0.00,0.00,0.00,2,0
2026-06-12 20:06:07.122,0.20,0.00,5.92,1.78,2,0
2026-06-12 20:06:07.172,0.20,0.00,5.92,1.78,2,0
2026-06-12 20:06:07.223,0.20,0.00,5.92,1.78,2,0
2026-06-12 20:06:07.273,0.20,0.00,5.92,1.78,2,0
2026-06-12 20:06:07.324,0.20,0.00,5.92,1.78,2,0
2026-06-12 20:06:07.374,0.20,0.00,5.92,1.78,2,0
2026-06-12 20:06:07.424,0.20,0.00,5.92,1.78,2,0
2026-06-12 20:06:07.475,0.20,0.00,5.92,1.78,2,0
2026-06-12 20:06:07.525,0.20,0.00,5.92,1.78,2,0
2026-06-12 20:06:07.576,0.20,0.00,5.92,1.78,2,0
2026-06-12 20:06:07.626,0.20,0.00,5.92,1.78,2,0
2026-06-12 20:06:07.676,0.20,0.00,5.92,1.78,2,0
2026-06-12 20:06:07.727,0.20,0.00,5.92,1.78,2,0
2026-06-12 20:06:07.777,0.20,0.00,5.92,1.78,2,0
2026-06-12 20:06:07.828,0.20,0.00,5.92,1.78,2,0
2026-06-12 20:06:07.878,0.20,0.00,5.92,1.78,2,0
2026-06-12 20:06:07.929,0.20,0.00,5.92,1.78,2,0
2026-06-12 20:06:07.979,0.20,0.00,5.92,1.78,2,0
2026-06-12 20:06:08.029,0.20,0.00,5.92,1.78,2,0
2026-06-12 20:06:08.080,0.20,0.00,5.92,1.78,2,0
2026-06-12 20:06:08.130,0.20,0.00,5.92,1.78,2,0
2026-06-12 20:06:08.180,0.20,0.00,5.92,1.78,2,0
2026-06-12 20:06:08.231,0.20,0.00,5.92,1.78,2,0
2026-06-12 20:06:08.281,0.20,0.00,5.92,1.78,2,0
2026-06-12 20:06:08.332,0.20,0.00,5.92,1.78,2,0
2026-06-12 20:06:08.382,0.20,0.00,5.92,1.78,2,0
2026-06-12 20:06:08.432,0.20,0.00,5.92,1.78,2,0
2026-06-12 20:06:08.483,0.20,0.00,5.92,1.78,2,0
2026-06-12 20:06:08.533,0.20,0.00,5.92,1.78,2,0
2026-06-12 20:06:08.584,0.20,0.00,5.92,1.78,2,0
2026-06-12 20:06:08.634,0.29,0.00,5.92,1.78,2,0
2026-06-12 20:06:08.684,0.29,0.00,4.51,2.60,2,0
2026-06-12 20:06:08.735,0.29,0.00,4.51,2.60,2,0
2026-06-12 20:06:08.785,0.29,0.00,4.51,2.60,2,0
2026-06-12 20:06:08.836,0.29,0.00,4.51,2.60,2,0
2026-06-12 20:06:08.886,0.29,0.00,4.51,2.60,2,0
2026-06-12 20:06:08.936,0.29,0.00,4.51,2.60,2,0
2026-06-12 20:06:08.987,0.29,0.00,4.51,2.60,2,0
2026-06-12 20:06:09.037,0.29,0.00,4.51,2.60,2,0
2026-06-12 20:06:09.088,0.29,0.00,4.51,2.60,2,0
2026-06-12 20:06:09.138,0.29,0.00,4.51,2.60,2,0
2026-06-12 20:06:09.188,0.29,0.00,4.51,2.60,2,0
2026-06-12 20:06:09.239,0.29,0.00,4.51,2.60,2,0
2026-06-12 20:06:09.290,0.29,0.00,4.51,2.60,2,0
2026-06-12 20:06:09.340,0.29,0.00,4.51,2.60,2,0
2026-06-12 20:06:09.390,0.29,0.00,4.51,2.60,2,0
2026-06-12 20:06:09.440,0.29,0.00,4.51,2.60,2,0
2026-06-12 20:06:09.491,0.29,0.00,4.51,2.60,2,0
2026-06-12 20:06:09.541,0.29,0.00,4.51,2.60,2,0
2026-06-12 20:06:09.592,0.29,0.00,4.51,2.60,2,0
2026-06-12 20:06:09.642,0.29,0.00,4.51,2.60,2,0
2026-06-12 20:06:09.693,0.29,0.00,4.51,2.60,2,0
2026-06-12 20:06:09.743,0.29,0.00,4.51,2.60,2,0
2026-06-12 20:06:09.793,0.29,0.00,4.51,2.60,2,0
2026-06-12 20:06:09.844,0.29,0.00,4.51,2.60,2,0
2026-06-12 20:06:09.894,0.29,0.00,4.51,2.60,2,0
2026-06-12 20:06:09.944,0.29,0.00,4.51,2.60,2,0
2026-06-12 20:06:09.995,0.29,0.00,4.51,2.60,2,0
2026-06-12 20:06:10.045,0.29,0.00,4.51,2.60,2,0
2026-06-12 20:06:10.096,0.29,0.00,4.51,2.60,2,0
2026-06-12 20:06:10.146,0.29,0.00,4.51,2.60,2,0
2026-06-12 20:06:10.196,0.29,0.00,4.51,2.60,2,0
2026-06-12 20:06:10.247,0.29,0.00,4.51,2.60,2,0
2026-06-12 20:06:10.297,0.29,0.00,4.51,2.60,2,0
2026-06-12 20:06:10.348,0.29,0.00,4.51,2.60,2,0
2026-06-12 20:06:10.398,0.29,0.00,4.51,2.60,2,0
2026-06-12 20:06:10.448,0.29,0.00,4.51,2.60,2,0
2026-06-12 20:06:10.499,0.29,0.00,4.51,2.60,2,0
2026-06-12 20:06:10.550,0.29,0.00,4.51,2.60,2,0
2026-06-12 20:06:10.600,0.29,0.00,4.51,2.60,2,0
2026-06-12 20:06:10.650,0.00,0.00,4.51,2.60,2,0
2026-06-12 20:06:10.700,0.00,0.00,0.00,0.00,2,0
2026-06-12 20:06:10.751,0.00,0.00,0.00,0.00,2,0
2026-06-12 20:06:10.801,0.00,0.00,0.00,0.00,2,0
2026-06-12 20:06:10.852,0.00,0.00,0.00,0.00,2,0
2026-06-12 20:06:10.902,0.00,0.00,0.00,0.00,2,0
2026-06-12 20:06:10.952,0.00,0.00,0.00,0.00,2,0
2026-06-12 20:06:11.003,0.00,0.00,0.00,0.00,2,0
2026-06-12 20:06:11.053,0.00,0.00,0.00,0.00,2,0
2026-06-12 20:06:11.104,0.00,0.00,0.00,0.00,2,0
2026-06-12 20:06:11.154,0.00,0.00,0.00,0.00,2,0
2026-06-12 20:06:11.204,0.00,0.00,0.00,0.00,2,0
2026-06-12 20:06:11.255,0.00,0.00,0.00,0.00,2,0
2026-06-12 20:06:11.305,0.00,0.00,0.00,0.00,2,0
2026-06-12 20:06:11.356,0.00,0.00,0.00,0.00,2,0
2026-06-12 20:06:11.406,0.00,0.00,0.00,0.00,2,0
2026-06-12 20:06:11.456,0.00,0.00,0.00,0.00,2,0
2026-06-12 20:06:11.507,0.00,0.00,0.00,0.00,2,0
2026-06-12 20:06:11.557,0.00,0.00,0.00,0.00,2,0
2026-06-12 20:06:11.608,0.00,0.00,0.00,0.00,2,0
2026-06-12 20:06:11.658,0.00,0.00,0.00,0.00,2,0
2026-06-12 20:06:11.708,0.00,0.00,0.00,0.00,2,0
2026-06-12 20:06:11.759,0.00,0.00,0.00,0.00,2,0
2026-06-12 20:06:11.810,0.00,0.00,0.00,0.00,2,0
2026-06-12 20:06:11.860,0.00,0.00,0.00,0.00,2,0
2026-06-12 20:06:11.910,0.00,0.00,0.00,0.00,2,0
2026-06-12 20:06:11.960,0.00,0.00,0.00,0.00,2,0
2026-06-12 20:06:12.011,0.00,0.00,0.00,0.00,2,0
2026-06-12 20:06:12.061,0.00,0.00,0.00,0.00,2,0
2026-06-12 20:06:12.111,0.00,0.00,0.00,0.00,2,0
2026-06-12 20:06:12.162,0.00,0.00,0.00,0.00,2,0
2026-06-12 20:06:12.212,0.00,0.00,0.00,0.00,2,0
2026-06-12 20:06:12.263,0.00,0.00,0.00,0.00,2,0
2026-06-12 20:06:12.313,0.00,0.00,0.00,0.00,2,0
2026-06-12 20:06:12.363,0.00,0.00,0.00,0.00,2,0
2026-06-12 20:06:12.414,0.00,0.00,0.00,0.00,2,0
2026-06-12 20:06:12.464,0.00,0.00,0.00,0.00,2,0
2026-06-12 20:06:12.515,0.00,0.00,0.00,0.00,2,0
2026-06-12 20:06:12.565,0.00,0.00,0.00,0.00,2,0
2026-06-12 20:06:12.615,0.00,0.00,0.00,0.00,2,0
2026-06-12 20:06:12.666,0.00,0.00,0.00,0.00,2,0
2026-06-12 20:06:12.716,0.00,0.00,0.00,0.00,2,0
2026-06-12 20:06:12.767,0.00,0.00,0.00,0.00,2,0
2026-06-12 20:06:12.817,0.00,0.00,0.00,0.00,2,0
2026-06-12 20:06:12.868,0.00,0.00,0.00,0.00,2,0
2026-06-12 20:06:12.918,0.00,0.00,0.00,0.00,2,0
2026-06-12 20:06:12.968,0.00,0.00,0.00,0.00,2,0
2026-06-12 20:06:13.019,0.00,0.00,0.00,0.00,2,0
2026-06-12 20:06:13.070,0.00,0.00,0.00,0.00,2,0
2026-06-12 20:06:13.120,0.00,0.00,0.00,0.00,2,0
2026-06-12 20:06:13.170,0.00,0.00,0.00,0.00,2,0
2026-06-12 20:06:13.220,0.00,0.00,0.00,0.00,2,0
2026-06-12 20:06:13.271,0.00,0.00,0.00,0.00,2,0
2026-06-12 20:06:13.321,0.00,0.00,0.00,0.00,2,0
2026-06-12 20:06:13.372,0.00,0.00,0.00,0.00,2,0
2026-06-12 20:06:13.422,0.00,0.00,0.00,0.00,2,0
2026-06-12 20:06:13.472,0.00,0.00,0.00,0.00,2,0
2026-06-12 20:06:13.523,0.00,0.00,0.00,0.00,2,0
2026-06-12 20:06:13.573,0.00,0.00,0.00,0.00,2,0
2026-06-12 20:06:13.624,0.00,0.00,0.00,0.00,2,0
2026-06-12 20:06:13.674,0.00,0.00,0.00,0.00,2,0
2026-06-12 20:06:13.724,0.00,0.00,0.00,0.00,2,0
2026-06-12 20:06:13.775,0.00,0.00,0.00,0.00,2,0
2026-06-12 20:06:13.825,0.00,0.00,0.00,0.00,2,0
2026-06-12 20:06:13.876,0.00,0.00,0.00,0.00,2,0
2026-06-12 20:06:13.926,0.00,0.00,0.00,0.00,2,0
2026-06-12 20:06:13.976,0.00,0.00,0.00,0.00,2,0
2026-06-12 20:06:14.027,0.00,0.00,0.00,0.00,2,0
2026-06-12 20:06:14.077,0.00,0.00,0.00,0.00,2,0
2026-06-12 20:06:14.128,0.00,0.00,0.00,0.00,2,0
2026-06-12 20:06:14.178,0.00,0.00,0.00,0.00,2,0
2026-06-12 20:06:14.228,0.00,0.00,0.00,0.00,2,0
2026-06-12 20:06:14.279,0.00,0.00,0.00,0.00,2,0
2026-06-12 20:06:14.329,0.00,0.00,0.00,0.00,2,0
2026-06-12 20:06:14.380,0.00,0.00,0.00,0.00,2,0
2026-06-12 20:06:14.430,0.00,0.00,0.00,0.00,2,0
2026-06-12 20:06:14.480,0.00,0.00,0.00,0.00,2,0
2026-06-12 20:06:14.531,0.00,0.00,0.00,0.00,2,0
2026-06-12 20:06:14.581,0.00,0.00,0.00,0.00,2,0
2026-06-12 20:06:14.632,0.00,0.00,0.00,0.00,2,0
2026-06-12 20:06:14.682,0.00,0.00,0.00,0.00,2,0
2026-06-12 20:06:14.732,0.00,0.00,0.00,0.00,2,0
2026-06-12 20:06:14.783,0.00,0.00,0.00,0.00,2,0
2026-06-12 20:06:14.833,0.00,0.00,0.00,0.00,2,0
2026-06-12 20:06:14.883,0.00,0.00,0.00,0.00,2,0
2026-06-12 20:06:14.934,0.00,0.00,0.00,0.00,2,0
2026-06-12 20:06:14.984,0.00,0.00,0.00,0.00,2,0
2026-06-12 20:06:15.035,0.00,0.00,0.00,0.00,2,0
2026-06-12 20:06:15.085,0.00,0.00,0.00,0.00,2,0
2026-06-12 20:06:15.135,0.00,0.00,0.00,0.00,2,0
2026-06-12 20:06:15.186,0.00,0.00,0.00,0.00,2,0
2026-06-12 20:06:15.236,0.00,0.00,0.00,0.00,2,0
2026-06-12 20:06:15.287,0.00,0.00,0.00,0.00,2,0
2026-06-12 20:06:15.337,0.00,0.00,0.00,0.00,2,0
2026-06-12 20:06:15.387,0.00,0.00,0.00,0.00,2,0
2026-06-12 20:06:15.438,0.00,0.00,0.00,0.00,2,0
2026-06-12 20:06:15.488,0.00,0.00,0.00,0.00,2,0
2026-06-12 20:06:15.539,0.00,0.00,0.00,0.00,2,0
2026-06-12 20:06:15.589,0.00,0.00,0.00,0.00,2,0
2026-06-12 20:06:15.639,0.00,0.00,0.00,0.00,2,0
2026-06-12 20:06:15.690,0.00,0.00,0.00,0.00,2,0
2026-06-12 20:06:15.740,0.00,0.00,0.00,0.00,2,0
2026-06-12 20:06:15.791,0.00,0.00,0.00,0.00,2,0
2026-06-12 20:06:15.841,0.00,0.00,0.00,0.00,2,0
2026-06-12 20:06:15.892,0.00,0.00,0.00,0.00,2,0
2026-06-12 20:06:15.942,0.00,0.00,0.00,0.00,2,0
2026-06-12 20:06:15.992,0.00,0.00,0.00,0.00,2,0
2026-06-12 20:06:16.043,0.00,0.00,0.00,0.00,2,0
2026-06-12 20:06:16.093,0.00,0.00,0.00,0.00,2,0
2026-06-12 20:06:16.146,0.00,0.00,0.00,0.00,2,0
2026-06-12 20:06:16.194,0.00,0.00,0.00,0.00,2,0
2026-06-12 20:06:16.244,0.00,0.00,0.00,0.00,2,0
2026-06-12 20:06:16.295,0.00,0.00,0.00,0.00,2,0
2026-06-12 20:06:16.345,0.00,0.00,0.00,0.00,2,0
2026-06-12 20:06:16.396,0.00,0.00,0.00,0.00,2,0
2026-06-12 20:06:16.446,0.00,0.00,0.00,0.00,2,0
2026-06-12 20:06:16.496,0.00,0.00,0.00,0.00,2,0
2026-06-12 20:06:16.547,0.00,0.00,0.00,0.00,2,0
2026-06-12 20:06:16.597,0.00,0.00,0.00,0.00,2,0
2026-06-12 20:06:16.647,0.00,0.00,0.00,0.00,2,0
2026-06-12 20:06:16.698,0.00,0.00,0.00,0.00,2,0
2026-06-12 20:06:16.748,0.00,0.00,0.00,0.00,2,0
2026-06-12 20:06:16.799,0.00,0.00,0.00,0.00,2,0
2026-06-12 20:06:16.849,0.00,0.00,0.00,0.00,2,0
2026-06-12 20:06:16.903,0.00,0.00,0.00,0.00,2,0
2026-06-12 20:06:16.950,0.00,0.00,0.00,0.00,2,0
2026-06-12 20:06:17.000,0.00,0.00,0.00,0.00,2,0
2026-06-12 20:06:17.051,0.00,0.00,0.00,0.00,2,0
2026-06-12 20:06:17.101,0.00,0.00,0.00,0.00,2,0
2026-06-12 20:06:17.151,0.00,0.00,0.00,0.00,2,0
2026-06-12 20:06:17.202,0.00,0.00,0.00,0.00,2,0
2026-06-12 20:06:17.252,0.00,0.00,0.00,0.00,2,0
2026-06-12 20:06:17.303,0.00,0.00,0.00,0.00,2,0
2026-06-12 20:06:17.353,0.00,0.00,0.00,0.00,2,0
2026-06-12 20:06:17.403,0.00,0.00,0.00,0.00,2,0
2026-06-12 20:06:17.454,0.00,0.00,0.00,0.00,2,0
2026-06-12 20:06:17.504,0.00,0.00,0.00,0.00,2,0
2026-06-12 20:06:17.555,0.00,0.00,0.00,0.00,2,0
2026-06-12 20:06:17.605,0.00,0.00,0.00,0.00,2,0
2026-06-12 20:06:17.655,0.00,0.00,0.00,0.00,2,0
2026-06-12 20:06:17.706,0.00,0.00,0.00,0.00,2,0
2026-06-12 20:06:17.756,0.00,0.00,0.00,0.00,2,0
2026-06-12 20:06:17.807,0.00,0.00,0.00,0.00,2,0
2026-06-12 20:06:17.857,0.00,0.00,0.00,0.00,2,0
2026-06-12 20:06:17.907,0.00,0.00,0.00,0.00,2,0
2026-06-12 20:06:17.958,0.00,0.00,0.00,0.00,2,0
2026-06-12 20:06:18.008,0.00,0.00,0.00,0.00,2,0
2026-06-12 20:06:18.059,0.00,0.00,0.00,0.00,2,0
2026-06-12 20:06:18.109,0.00,0.00,0.00,0.00,2,0
2026-06-12 20:06:18.159,0.00,0.00,0.00,0.00,2,0
2026-06-12 20:06:18.210,0.00,0.00,0.00,0.00,2,0
2026-06-12 20:06:18.260,0.00,0.00,0.00,0.00,2,0
2026-06-12 20:06:18.311,0.00,0.00,0.00,0.00,2,0
2026-06-12 20:06:18.361,0.00,0.00,0.00,0.00,2,0
2026-06-12 20:06:18.411,0.00,0.00,0.00,0.00,2,0
2026-06-12 20:06:18.462,0.00,0.00,0.00,0.00,2,0
2026-06-12 20:06:18.512,0.00,0.00,0.00,0.00,2,0
2026-06-12 20:06:18.563,0.00,0.00,0.00,0.00,2,0
2026-06-12 20:06:18.613,0.00,0.00,0.00,0.00,2,0
2026-06-12 20:06:18.663,0.00,0.00,0.00,0.00,2,0
2026-06-12 20:06:18.714,0.00,0.00,0.00,0.00,2,0
2026-06-12 20:06:18.764,0.00,0.00,0.00,0.00,2,0
2026-06-12 20:06:18.815,0.00,0.00,0.00,0.00,2,0
2026-06-12 20:06:18.865,0.00,0.00,0.00,0.00,2,0
2026-06-12 20:06:18.915,0.00,0.00,0.00,0.00,2,0
2026-06-12 20:06:18.966,0.00,0.00,0.00,0.00,2,0
2026-06-12 20:06:19.016,0.00,0.00,0.00,0.00,2,0
2026-06-12 20:06:19.067,0.00,0.00,0.00,0.00,2,0
2026-06-12 20:06:19.117,0.00,0.00,0.00,0.00,2,0
2026-06-12 20:06:19.167,0.00,0.00,0.00,0.00,2,0
2026-06-12 20:06:19.218,0.00,0.00,0.00,0.00,2,0
2026-06-12 20:06:19.268,0.00,0.00,0.00,0.00,2,0
2026-06-12 20:06:19.319,0.00,0.00,0.00,0.00,2,0
2026-06-12 20:06:19.369,0.00,0.00,0.00,0.00,2,0
2026-06-12 20:06:19.419,0.00,0.00,0.00,0.00,2,0
2026-06-12 20:06:19.470,0.00,0.00,0.00,0.00,2,0
2026-06-12 20:06:19.523,0.00,0.00,0.00,0.00,2,0
2026-06-12 20:06:19.571,0.00,0.00,0.00,0.00,2,0
2026-06-12 20:06:19.621,0.00,0.00,0.00,0.00,2,0
2026-06-12 20:06:19.671,0.00,0.00,0.00,0.00,2,0
2026-06-12 20:06:19.722,0.00,0.00,0.00,0.00,2,0
2026-06-12 20:06:19.772,0.00,0.00,0.00,0.00,2,0
2026-06-12 20:06:19.823,0.00,0.00,0.00,0.00,2,0
2026-06-12 20:06:19.873,0.00,0.00,0.00,0.00,2,0
2026-06-12 20:06:19.923,0.00,0.00,0.00,0.00,2,0
2026-06-12 20:06:19.974,0.00,0.00,0.00,0.00,2,0
2026-06-12 20:06:20.024,0.00,0.00,0.00,0.00,2,0
2026-06-12 20:06:20.075,0.00,0.00,0.00,0.00,2,0
2026-06-12 20:06:20.125,0.00,0.00,0.00,0.00,2,0
2026-06-12 20:06:20.175,0.00,0.00,0.00,0.00,2,0
2026-06-12 20:06:20.226,0.00,0.00,0.00,0.00,2,0
2026-06-12 20:06:20.276,0.00,0.00,0.00,0.00,2,0
2026-06-12 20:06:20.327,0.00,0.00,0.00,0.00,2,0
2026-06-12 20:06:20.377,0.00,0.00,0.00,0.00,2,0
2026-06-12 20:06:20.427,0.00,0.00,0.00,0.00,2,0
2026-06-12 20:06:20.478,0.00,0.00,0.00,0.00,2,0
2026-06-12 20:06:20.528,0.00,0.00,0.00,0.00,2,0
2026-06-12 20:06:20.579,0.00,0.00,0.00,0.00,2,0
2026-06-12 20:06:20.629,0.00,0.00,0.00,0.00,2,0
2026-06-12 20:06:20.679,0.00,0.00,0.00,0.00,2,0
2026-06-12 20:06:20.730,0.00,0.00,0.00,0.00,2,0
2026-06-12 20:06:20.780,0.00,0.00,0.00,0.00,2,0
2026-06-12 20:06:20.831,0.00,0.00,0.00,0.00,2,0
2026-06-12 20:06:20.881,0.00,0.00,0.00,0.00,2,0
2026-06-12 20:06:20.931,0.00,0.00,0.00,0.00,2,0
2026-06-12 20:06:20.982,0.00,0.00,0.00,0.00,2,0
2026-06-12 20:06:21.032,0.00,0.00,0.00,0.00,2,0
2026-06-12 20:06:21.083,0.00,0.00,0.00,0.00,2,0
2026-06-12 20:06:21.133,0.00,0.00,0.00,0.00,2,0
2026-06-12 20:06:21.183,0.00,0.00,0.00,0.00,2,0
2026-06-12 20:06:21.234,0.00,0.00,0.00,0.00,2,0
2026-06-12 20:06:21.284,0.00,0.00,0.00,0.00,2,0
2026-06-12 20:06:21.335,0.00,0.00,0.00,0.00,2,0
2026-06-12 20:06:21.385,0.00,0.00,0.00,0.00,2,0
2026-06-12 20:06:21.435,0.00,0.00,0.00,0.00,2,0
2026-06-12 20:06:21.486,0.00,0.00,0.00,0.00,2,0
2026-06-12 20:06:21.536,0.00,0.00,0.00,0.00,2,0
2026-06-12 20:06:21.586,0.00,0.00,0.00,0.00,2,0
2026-06-12 20:06:21.637,0.00,0.00,0.00,0.00,2,0
2026-06-12 20:06:21.687,0.00,0.00,0.00,0.00,2,0
2026-06-12 20:06:21.738,0.00,0.00,0.00,0.00,2,0
2026-06-12 20:06:21.788,0.00,0.00,0.00,0.00,2,0
2026-06-12 20:06:21.839,0.00,0.00,0.00,0.00,2,0
2026-06-12 20:06:21.889,0.00,0.00,0.00,0.00,2,0
2026-06-12 20:06:21.940,0.00,0.00,0.00,0.00,2,0
2026-06-12 20:06:21.990,0.00,0.00,0.00,0.00,2,0
2026-06-12 20:06:22.040,0.00,0.00,0.00,0.00,2,0
2026-06-12 20:06:22.091,0.00,0.00,0.00,0.00,2,0
2026-06-12 20:06:22.141,0.00,0.00,0.00,0.00,2,0
2026-06-12 20:06:22.191,0.00,0.00,0.00,0.00,2,0
2026-06-12 20:06:22.242,0.00,0.00,0.00,0.00,2,0
2026-06-12 20:06:22.292,0.00,0.00,0.00,0.00,2,0
2026-06-12 20:06:22.343,0.00,0.00,0.00,0.00,2,0
2026-06-12 20:06:22.393,0.00,0.00,0.00,0.00,2,0
2026-06-12 20:06:22.443,0.00,0.00,0.00,0.00,2,0
2026-06-12 20:06:22.494,0.00,0.00,0.00,0.00,2,0
2026-06-12 20:06:22.544,0.00,0.00,0.00,0.00,2,0
2026-06-12 20:06:22.594,0.00,0.00,0.00,0.00,2,0
2026-06-12 20:06:22.645,0.00,0.00,0.00,0.00,2,0
2026-06-12 20:06:22.695,0.00,0.00,0.00,0.00,2,0
2026-06-12 20:06:22.746,0.00,0.00,0.00,0.00,2,0
2026-06-12 20:06:22.796,0.00,0.00,0.00,0.00,2,0
2026-06-12 20:06:22.847,0.00,0.00,0.00,0.00,2,0
2026-06-12 20:06:22.897,0.00,0.00,0.00,0.00,2,0
2026-06-12 20:06:22.947,0.00,0.00,0.00,0.00,2,0
2026-06-12 20:06:22.998,0.00,0.00,0.00,0.00,2,0
2026-06-12 20:06:23.048,0.00,0.00,0.00,0.00,2,0
2026-06-12 20:06:23.099,0.00,0.00,0.00,0.00,2,0
2026-06-12 20:06:23.149,0.00,0.00,0.00,0.00,2,0
2026-06-12 20:06:23.199,0.00,0.00,0.00,0.00,2,0
2026-06-12 20:06:23.250,0.00,0.00,0.00,0.00,2,0
2026-06-12 20:06:23.300,0.00,0.00,0.00,0.00,2,0
2026-06-12 20:06:23.350,0.00,0.00,0.00,0.00,2,0
2026-06-12 20:06:23.401,0.00,0.00,0.00,0.00,2,0
2026-06-12 20:06:23.451,0.00,0.00,0.00,0.00,2,0
2026-06-12 20:06:23.502,0.00,0.00,0.00,0.00,2,0
2026-06-12 20:06:23.552,0.00,0.00,0.00,0.00,2,0
2026-06-12 20:06:23.602,0.00,0.00,0.00,0.00,2,0
2026-06-12 20:06:23.653,0.00,0.00,0.00,0.00,2,0
2026-06-12 20:06:23.703,0.00,0.00,0.00,0.00,2,0
2026-06-12 20:06:23.754,0.00,0.00,0.00,0.00,2,0
2026-06-12 20:06:23.804,0.00,0.00,0.00,0.00,2,0
2026-06-12 20:06:23.855,0.00,0.00,0.00,0.00,2,0
2026-06-12 20:06:23.905,0.00,0.00,0.00,0.00,2,0
2026-06-12 20:06:23.955,0.00,0.00,0.00,0.00,2,0
2026-06-12 20:06:24.006,0.00,0.00,0.00,0.00,2,0
2026-06-12 20:06:24.056,0.00,0.00,0.00,0.00,2,0
2026-06-12 20:06:24.107,0.06,0.00,0.00,0.00,1,0
2026-06-12 20:06:24.157,0.06,0.00,1.76,0.53,1,0
2026-06-12 20:06:24.207,0.06,0.00,1.76,0.53,1,0
2026-06-12 20:06:24.258,0.06,0.00,1.76,0.53,1,0
2026-06-12 20:06:24.308,0.06,0.00,1.76,0.53,1,0
2026-06-12 20:06:24.359,0.06,0.00,1.76,0.53,1,0
2026-06-12 20:06:24.409,0.06,0.00,1.76,0.53,1,0
2026-06-12 20:06:24.460,0.06,0.00,1.76,0.53,1,0
2026-06-12 20:06:24.510,0.06,0.00,1.76,0.53,1,0
2026-06-12 20:06:24.560,0.06,0.00,1.76,0.53,1,0
2026-06-12 20:06:24.611,0.06,0.00,1.76,0.53,1,0
2026-06-12 20:06:24.661,0.06,0.00,1.76,0.53,1,0
2026-06-12 20:06:24.711,0.06,0.00,1.76,0.53,1,0
2026-06-12 20:06:24.762,0.06,0.00,1.76,0.53,1,0
2026-06-12 20:06:24.812,0.06,0.00,1.76,0.53,1,0
2026-06-12 20:06:24.863,0.06,0.00,1.76,0.53,1,0
2026-06-12 20:06:24.913,0.06,0.00,1.76,0.53,1,0
2026-06-12 20:06:24.963,0.06,0.00,1.76,0.53,1,0
2026-06-12 20:06:25.014,0.06,0.00,1.76,0.53,1,0
2026-06-12 20:06:25.064,0.06,0.00,1.76,0.53,1,0
2026-06-12 20:06:25.115,0.06,0.00,1.76,0.53,1,0
2026-06-12 20:06:25.165,0.06,0.00,1.76,0.53,1,0
2026-06-12 20:06:25.215,0.06,0.00,1.76,0.53,1,0
2026-06-12 20:06:25.266,0.06,0.00,1.76,0.53,1,0
2026-06-12 20:06:25.316,0.06,0.00,1.76,0.53,1,0
2026-06-12 20:06:25.367,0.06,0.00,1.76,0.53,1,0
2026-06-12 20:06:25.417,0.06,0.00,1.76,0.53,1,0
2026-06-12 20:06:25.467,0.06,0.00,1.76,0.53,1,0
2026-06-12 20:06:25.518,0.06,0.00,1.76,0.53,1,0
2026-06-12 20:06:25.568,0.06,0.00,1.76,0.53,1,0
2026-06-12 20:06:25.619,0.06,0.00,1.76,0.53,1,0
2026-06-12 20:06:25.669,0.06,0.00,1.76,0.53,1,0
2026-06-12 20:06:25.720,0.06,0.00,1.76,0.53,1,0
2026-06-12 20:06:25.770,0.06,0.00,1.76,0.53,1,0
2026-06-12 20:06:25.820,0.06,0.00,1.76,0.53,1,0
2026-06-12 20:06:25.871,0.06,0.00,1.76,0.53,1,0
2026-06-12 20:06:25.921,0.06,0.00,1.76,0.53,1,0
2026-06-12 20:06:25.971,0.06,0.00,1.76,0.53,1,0
2026-06-12 20:06:26.022,0.06,0.00,1.76,0.53,1,0
2026-06-12 20:06:26.072,0.00,0.00,1.76,0.53,1,0
2026-06-12 20:06:26.123,0.00,0.00,0.00,0.00,1,0
2026-06-12 20:06:26.173,0.00,0.00,0.00,0.00,1,0
2026-06-12 20:06:26.223,0.00,0.00,0.00,0.00,1,0
2026-06-12 20:06:26.274,0.00,0.00,0.00,0.00,1,0
2026-06-12 20:06:26.324,0.00,0.00,0.00,0.00,1,0
2026-06-12 20:06:26.375,0.00,0.00,0.00,0.00,1,0
2026-06-12 20:06:26.425,0.00,0.00,0.00,0.00,1,0
2026-06-12 20:06:26.475,0.00,0.00,0.00,0.00,1,0
2026-06-12 20:06:26.526,0.00,0.00,0.00,0.00,1,0
2026-06-12 20:06:26.576,0.00,0.00,0.00,0.00,1,0
2026-06-12 20:06:26.627,0.00,0.00,0.00,0.00,1,0
2026-06-12 20:06:26.677,0.00,0.00,0.00,0.00,1,0
2026-06-12 20:06:26.727,0.00,0.00,0.00,0.00,1,0
2026-06-12 20:06:26.778,0.00,0.00,0.00,0.00,1,0
2026-06-12 20:06:26.828,0.00,0.00,0.00,0.00,1,0
2026-06-12 20:06:26.879,0.00,0.00,0.00,0.00,1,0
2026-06-12 20:06:26.929,0.00,0.00,0.00,0.00,1,0
2026-06-12 20:06:26.979,0.00,0.00,0.00,0.00,1,0
2026-06-12 20:06:27.030,0.00,0.00,0.00,0.00,1,0
2026-06-12 20:06:27.080,0.00,0.00,0.00,0.00,1,0
2026-06-12 20:06:27.131,0.05,0.00,0.00,0.00,0,0
2026-06-12 20:06:27.181,0.05,0.00,1.62,0.49,0,0
2026-06-12 20:06:27.231,0.05,0.00,1.62,0.49,0,0
2026-06-12 20:06:27.282,0.05,0.00,1.62,0.49,0,0
2026-06-12 20:06:27.332,0.05,0.00,1.62,0.49,0,0
2026-06-12 20:06:27.383,0.05,0.00,1.62,0.49,0,0
2026-06-12 20:06:27.433,0.05,0.00,1.62,0.49,0,0
2026-06-12 20:06:27.483,0.05,0.00,1.62,0.49,0,0
2026-06-12 20:06:27.534,0.05,0.00,1.62,0.49,0,0
2026-06-12 20:06:27.584,0.05,0.00,1.62,0.49,0,0
2026-06-12 20:06:27.635,0.05,0.00,1.62,0.49,0,0
2026-06-12 20:06:27.685,0.05,0.00,1.62,0.49,0,0
2026-06-12 20:06:27.736,0.05,0.00,1.62,0.49,0,0
2026-06-12 20:06:27.786,0.05,0.00,1.62,0.49,0,0
2026-06-12 20:06:27.836,0.05,0.00,1.62,0.49,0,0
2026-06-12 20:06:27.887,0.05,0.00,1.62,0.49,0,0
2026-06-12 20:06:27.937,0.05,0.00,1.62,0.49,0,0
2026-06-12 20:06:27.987,0.05,0.00,1.62,0.49,0,0
2026-06-12 20:06:28.038,0.05,0.00,1.62,0.49,0,0
2026-06-12 20:06:28.088,0.05,0.00,1.62,0.49,0,0
2026-06-12 20:06:28.139,0.05,0.00,1.62,0.49,0,0
2026-06-12 20:06:28.189,0.05,0.00,1.62,0.49,0,0
2026-06-12 20:06:28.240,0.05,0.00,1.62,0.49,0,0
2026-06-12 20:06:28.290,0.05,0.00,1.62,0.49,0,0
2026-06-12 20:06:28.340,0.05,0.00,1.62,0.49,0,0
2026-06-12 20:06:28.391,0.05,0.00,1.62,0.49,0,0
2026-06-12 20:06:28.441,0.05,0.00,1.62,0.49,0,0
2026-06-12 20:06:28.491,0.05,0.00,1.62,0.49,0,0
2026-06-12 20:06:28.542,0.05,0.00,1.62,0.49,0,0
2026-06-12 20:06:28.593,0.05,0.00,1.62,0.49,0,0
2026-06-12 20:06:28.643,0.05,0.00,1.62,0.49,0,0
2026-06-12 20:06:28.693,0.05,0.00,1.62,0.49,0,0
2026-06-12 20:06:28.744,0.05,0.00,1.62,0.49,0,0
2026-06-12 20:06:28.795,0.05,0.00,1.62,0.49,0,0
2026-06-12 20:06:28.844,0.05,0.00,1.62,0.49,0,0
2026-06-12 20:06:28.895,0.05,0.00,1.62,0.49,0,0
2026-06-12 20:06:28.945,0.05,0.00,1.62,0.49,0,0
2026-06-12 20:06:28.995,0.05,0.00,1.62,0.49,0,0
2026-06-12 20:06:29.046,0.05,0.00,1.62,0.49,0,0
2026-06-12 20:06:29.096,0.05,0.00,1.62,0.49,0,0
2026-06-12 20:06:29.147,0.20,0.00,1.62,0.49,2,0
2026-06-12 20:06:29.197,0.20,0.00,5.92,1.78,2,0
2026-06-12 20:06:29.248,0.20,0.00,5.92,1.78,2,0
2026-06-12 20:06:29.298,0.20,0.00,5.92,1.78,2,0
2026-06-12 20:06:29.348,0.20,0.00,5.92,1.78,2,0
2026-06-12 20:06:29.399,0.20,0.00,5.92,1.78,2,0
2026-06-12 20:06:29.449,0.20,0.00,5.92,1.78,2,0
2026-06-12 20:06:29.500,0.20,0.00,5.92,1.78,2,0
2026-06-12 20:06:29.550,0.20,0.00,5.92,1.78,2,0
2026-06-12 20:06:29.600,0.20,0.00,5.92,1.78,2,0
2026-06-12 20:06:29.651,0.20,0.00,5.92,1.78,2,0
2026-06-12 20:06:29.701,0.20,0.00,5.92,1.78,2,0
2026-06-12 20:06:29.751,0.20,0.00,5.92,1.78,2,0
2026-06-12 20:06:29.802,0.20,0.00,5.92,1.78,2,0
2026-06-12 20:06:29.852,0.20,0.00,5.92,1.78,2,0
2026-06-12 20:06:29.903,0.20,0.00,5.92,1.78,2,0
2026-06-12 20:06:29.953,0.20,0.00,5.92,1.78,2,0
2026-06-12 20:06:30.004,0.20,0.00,5.92,1.78,2,0
2026-06-12 20:06:30.054,0.20,0.00,5.92,1.78,2,0
2026-06-12 20:06:30.104,0.20,0.00,5.92,1.78,2,0
2026-06-12 20:06:30.155,0.20,0.00,5.92,1.78,2,0
2026-06-12 20:06:30.205,0.20,0.00,5.92,1.78,2,0
2026-06-12 20:06:30.256,0.20,0.00,5.92,1.78,2,0
2026-06-12 20:06:30.306,0.20,0.00,5.92,1.78,2,0
2026-06-12 20:06:30.356,0.20,0.00,5.92,1.78,2,0
2026-06-12 20:06:30.407,0.20,0.00,5.92,1.78,2,0
2026-06-12 20:06:30.457,0.20,0.00,5.92,1.78,2,0
2026-06-12 20:06:30.508,0.20,0.00,5.92,1.78,2,0
2026-06-12 20:06:30.558,0.20,0.00,5.92,1.78,2,0
2026-06-12 20:06:30.608,0.20,0.00,5.92,1.78,2,0
2026-06-12 20:06:30.659,0.20,0.00,5.92,1.78,2,0
2026-06-12 20:06:30.709,0.20,0.00,5.92,1.78,2,0
2026-06-12 20:06:30.760,0.41,0.00,5.92,1.78,2,0
2026-06-12 20:06:30.810,0.41,0.00,8.32,3.74,2,0
2026-06-12 20:06:30.860,0.41,0.00,8.32,3.74,2,0
2026-06-12 20:06:30.911,0.41,0.00,8.32,3.74,2,0
2026-06-12 20:06:30.961,0.41,0.00,8.32,3.74,2,0
2026-06-12 20:06:31.012,0.41,0.00,8.32,3.74,2,0
2026-06-12 20:06:31.062,0.41,0.00,8.32,3.74,2,0
2026-06-12 20:06:31.112,0.41,0.00,8.32,3.74,2,0
2026-06-12 20:06:31.163,0.41,0.00,8.32,3.74,2,0
2026-06-12 20:06:31.213,0.41,0.00,8.32,3.74,2,0
2026-06-12 20:06:31.263,0.41,0.00,8.32,3.74,2,0
2026-06-12 20:06:31.314,0.41,0.00,8.32,3.74,2,0
2026-06-12 20:06:31.364,0.41,0.00,8.32,3.74,2,0
2026-06-12 20:06:31.415,0.41,0.00,8.32,3.74,2,0
2026-06-12 20:06:31.465,0.41,0.00,8.32,3.74,2,0
2026-06-12 20:06:31.515,0.41,0.00,8.32,3.74,2,0
2026-06-12 20:06:31.566,0.41,0.00,8.32,3.74,2,0
2026-06-12 20:06:31.616,0.41,0.00,8.32,3.74,2,0
2026-06-12 20:06:31.667,0.41,0.00,8.32,3.74,2,0
2026-06-12 20:06:31.717,0.41,0.00,8.32,3.74,2,0
2026-06-12 20:06:31.767,0.41,0.00,8.32,3.74,2,0
2026-06-12 20:06:31.818,0.41,0.00,8.32,3.74,2,0
2026-06-12 20:06:31.868,0.41,0.00,8.32,3.74,2,0
2026-06-12 20:06:31.919,0.41,0.00,8.32,3.74,2,0
2026-06-12 20:06:31.969,0.41,0.00,8.32,3.74,2,0
2026-06-12 20:06:32.020,0.41,0.00,8.32,3.74,2,0
2026-06-12 20:06:32.070,0.41,0.00,8.32,3.74,2,0
2026-06-12 20:06:32.120,0.41,0.00,8.32,3.74,2,0
2026-06-12 20:06:32.171,0.41,0.00,8.32,3.74,2,0
2026-06-12 20:06:32.221,0.41,0.00,8.32,3.74,2,0
2026-06-12 20:06:32.271,0.41,0.00,8.32,3.74,2,0
2026-06-12 20:06:32.322,0.41,0.00,8.32,3.74,2,0
2026-06-12 20:06:32.372,0.41,0.00,8.32,3.74,2,0
2026-06-12 20:06:32.423,0.41,0.00,8.32,3.74,2,0
2026-06-12 20:06:32.473,0.41,0.00,8.32,3.74,2,0
2026-06-12 20:06:32.524,0.41,0.00,8.32,3.74,2,0
2026-06-12 20:06:32.574,0.41,0.00,8.32,3.74,2,0
2026-06-12 20:06:32.624,0.41,0.00,8.32,3.74,2,0
2026-06-12 20:06:32.675,0.41,0.00,8.32,3.74,2,0
2026-06-12 20:06:32.725,0.00,0.00,8.32,3.74,2,0
2026-06-12 20:06:32.776,0.00,0.00,0.00,0.00,2,0
2026-06-12 20:06:32.826,0.00,0.00,0.00,0.00,2,0
2026-06-12 20:06:32.876,0.00,0.00,0.00,0.00,2,0
2026-06-12 20:06:32.927,0.00,0.00,0.00,0.00,2,0
2026-06-12 20:06:32.977,0.00,0.00,0.00,0.00,2,0
2026-06-12 20:06:33.028,0.00,0.00,0.00,0.00,2,0
2026-06-12 20:06:33.078,0.00,0.00,0.00,0.00,2,0
2026-06-12 20:06:33.128,0.00,0.00,0.00,0.00,2,0
2026-06-12 20:06:33.179,0.00,0.00,0.00,0.00,2,0
2026-06-12 20:06:33.229,0.00,0.00,0.00,0.00,2,0
2026-06-12 20:06:33.280,0.00,0.00,0.00,0.00,2,0
2026-06-12 20:06:33.330,0.00,0.00,0.00,0.00,2,0
2026-06-12 20:06:33.380,0.00,0.00,0.00,0.00,2,0
2026-06-12 20:06:33.431,0.00,0.00,0.00,0.00,2,0
2026-06-12 20:06:33.481,0.00,0.00,0.00,0.00,2,0
2026-06-12 20:06:33.531,0.00,0.00,0.00,0.00,2,0
2026-06-12 20:06:33.582,0.00,0.00,0.00,0.00,2,0
2026-06-12 20:06:33.632,0.00,0.00,0.00,0.00,2,0
2026-06-12 20:06:33.683,0.00,0.00,0.00,0.00,2,0
2026-06-12 20:06:33.733,0.00,0.00,0.00,0.00,2,0
2026-06-12 20:06:33.784,0.21,0.00,0.00,0.00,1,0
2026-06-12 20:06:33.834,0.21,0.00,6.47,1.94,1,0
2026-06-12 20:06:33.884,0.21,0.00,6.47,1.94,1,0
2026-06-12 20:06:33.935,0.21,0.00,6.47,1.94,1,0
2026-06-12 20:06:48.530,0.00,0.00,6.47,1.94,1,0
2026-06-12 20:06:48.580,0.00,0.00,0.00,0.00,1,0
2026-06-12 20:06:48.631,39.96,0.00,0.00,0.00,2,0
2026-06-12 20:06:48.681,39.96,0.00,1209.48,362.84,2,0
2026-06-12 20:06:48.732,39.96,0.00,1209.48,362.84,2,0
2026-06-12 20:06:48.782,33.69,-1.73,1209.48,362.84,2,0
2026-06-12 20:06:48.833,33.69,-1.73,173.26,305.97,2,0
2026-06-12 20:06:48.883,33.69,-1.73,173.26,305.97,2,0
2026-06-12 20:06:48.933,33.69,-1.73,173.26,305.97,2,0
2026-06-12 20:06:48.984,33.69,-1.73,173.26,305.97,2,0
2026-06-12 20:06:49.034,33.69,-1.73,173.26,305.97,2,0
2026-06-12 20:06:49.085,33.69,-1.73,173.26,305.97,2,0
2026-06-12 20:06:49.135,33.69,-1.73,173.26,305.97,2,0
2026-06-12 20:06:49.185,33.69,-1.73,173.26,305.97,2,0
2026-06-12 20:06:49.236,33.69,-1.73,173.26,305.97,2,0
2026-06-12 20:06:49.286,33.69,-1.73,173.26,305.97,2,0
2026-06-12 20:06:49.337,33.69,-1.73,173.26,305.97,2,0
2026-06-12 20:06:49.387,33.69,-1.73,173.26,305.97,2,0
2026-06-12 20:06:49.437,33.69,-1.73,173.26,305.97,2,0
2026-06-12 20:06:49.488,33.69,-1.73,173.26,305.97,2,0
2026-06-12 20:06:49.538,33.69,-1.73,173.26,305.97,2,0
2026-06-12 20:06:49.589,33.69,-1.73,173.26,305.97,2,0
2026-06-12 20:06:49.639,33.69,-1.73,173.26,305.97,2,0
2026-06-12 20:06:49.690,33.69,-1.73,173.26,305.97,2,0
2026-06-12 20:06:49.740,33.69,-1.73,173.26,305.97,2,0
2026-06-12 20:06:49.790,33.69,-1.73,173.26,305.97,2,0
2026-06-12 20:06:49.841,33.69,-1.73,173.26,305.97,2,0
2026-06-12 20:06:49.891,33.69,-1.73,173.26,305.97,2,0
2026-06-12 20:06:49.942,33.69,-1.73,173.26,305.97,2,0
2026-06-12 20:06:49.992,33.69,-1.73,173.26,305.97,2,0
2026-06-12 20:06:50.042,33.69,-1.73,173.26,305.97,2,0
2026-06-12 20:06:50.093,33.69,-1.73,173.26,305.97,2,0
2026-06-12 20:06:50.143,33.69,-1.73,173.26,305.97,2,0
2026-06-12 20:06:50.194,33.69,-1.73,173.26,305.97,2,0
2026-06-12 20:06:50.244,33.69,-1.73,173.26,305.97,2,0
2026-06-12 20:06:50.295,33.69,-1.73,173.26,305.97,2,0
2026-06-12 20:06:50.345,33.69,-1.73,173.26,305.97,2,0
2026-06-12 20:06:50.395,33.69,-1.73,173.26,305.97,2,0
2026-06-12 20:06:50.446,33.69,-1.73,173.26,305.97,2,0
2026-06-12 20:06:50.496,33.69,-1.73,173.26,305.97,2,0
2026-06-12 20:06:50.547,33.69,-1.73,173.26,305.97,2,0
2026-06-12 20:06:50.597,33.69,-1.73,173.26,305.97,2,0
2026-06-12 20:06:50.648,33.69,-1.73,173.26,305.97,2,0
2026-06-12 20:06:50.698,33.69,-1.73,173.26,305.97,2,0
2026-06-12 20:06:50.748,0.00,0.00,173.26,305.97,2,0
2026-06-12 20:06:50.799,0.00,0.00,0.00,0.00,2,0
2026-06-12 20:06:50.849,0.00,0.00,0.00,0.00,2,0
2026-06-12 20:06:50.900,0.00,0.00,0.00,0.00,2,0
2026-06-12 20:06:50.950,0.00,0.00,0.00,0.00,2,0
2026-06-12 20:06:51.000,0.00,0.00,0.00,0.00,2,0
2026-06-12 20:06:51.051,0.00,0.00,0.00,0.00,2,0
2026-06-12 20:06:51.101,0.00,0.00,0.00,0.00,2,0
2026-06-12 20:06:51.152,0.00,0.00,0.00,0.00,2,0
2026-06-12 20:06:51.202,0.00,0.00,0.00,0.00,2,0
2026-06-12 20:06:51.252,0.00,0.00,0.00,0.00,2,0
2026-06-12 20:06:51.303,0.00,0.00,0.00,0.00,2,0
2026-06-12 20:06:51.353,0.00,0.00,0.00,0.00,2,0
2026-06-12 20:06:51.404,0.00,0.00,0.00,0.00,2,0
2026-06-12 20:06:51.454,0.00,0.00,0.00,0.00,2,0
2026-06-12 20:06:51.504,0.00,0.00,0.00,0.00,2,0
2026-06-12 20:06:51.555,0.00,0.00,0.00,0.00,2,0
2026-06-12 20:06:51.605,0.00,0.00,0.00,0.00,2,0
2026-06-12 20:06:51.656,0.00,0.00,0.00,0.00,2,0
2026-06-12 20:06:51.706,0.00,0.00,0.00,0.00,2,0
2026-06-12 20:06:51.756,0.00,0.00,0.00,0.00,2,0
2026-06-12 20:06:51.807,0.00,0.00,0.00,0.00,2,0
2026-06-12 20:06:51.857,0.00,0.00,0.00,0.00,2,0
2026-06-12 20:06:51.907,0.00,0.00,0.00,0.00,2,0
2026-06-12 20:06:51.958,0.00,0.00,0.00,0.00,2,0
2026-06-12 20:06:52.008,0.00,0.00,0.00,0.00,2,0
2026-06-12 20:06:52.059,0.00,0.00,0.00,0.00,2,0
2026-06-12 20:06:52.109,0.00,0.00,0.00,0.00,2,0
2026-06-12 20:06:52.160,0.00,0.00,0.00,0.00,2,0
2026-06-12 20:06:52.210,0.28,0.00,0.00,0.00,2,0
2026-06-12 20:06:52.260,0.28,0.00,8.34,2.50,2,0
2026-06-12 20:06:52.311,0.28,0.00,8.34,2.50,2,0
2026-06-12 20:06:52.361,0.28,0.00,8.34,2.50,2,0
2026-06-12 20:06:52.411,0.28,0.00,8.34,2.50,2,0
2026-06-12 20:06:52.462,0.28,0.00,8.34,2.50,2,0
2026-06-12 20:06:52.512,0.28,0.00,8.34,2.50,2,0
2026-06-12 20:06:52.563,0.28,0.00,8.34,2.50,2,0
2026-06-12 20:06:52.613,0.44,0.02,8.34,2.50,2,0
2026-06-12 20:06:52.664,0.44,0.02,7.52,4.01,2,0
2026-06-12 20:06:52.714,0.44,0.02,7.52,4.01,2,0
2026-06-12 20:06:52.764,0.44,0.02,7.52,4.01,2,0
2026-06-12 20:06:52.815,0.55,0.04,7.52,4.01,2,0
2026-06-12 20:06:52.865,0.55,0.04,7.15,4.95,2,0
2026-06-12 20:06:52.916,0.55,0.04,7.15,4.95,2,0
2026-06-12 20:06:52.966,0.62,0.05,7.15,4.95,2,0
2026-06-12 20:06:53.016,0.62,0.05,7.15,5.61,2,0
2026-06-12 20:06:53.067,1.54,0.35,7.15,5.61,2,0
2026-06-12 20:06:53.117,1.54,0.35,33.38,13.94,2,0
2026-06-12 20:06:53.168,1.54,0.35,33.38,13.94,2,0
2026-06-12 20:06:53.218,2.72,0.69,33.38,13.94,2,0
2026-06-12 20:06:53.268,2.72,0.69,49.77,24.69,2,0
2026-06-12 20:06:53.319,3.87,1.06,49.77,24.69,2,0
2026-06-12 20:06:53.369,3.87,1.06,59.54,35.14,2,0
2026-06-12 20:06:53.421,4.92,1.33,59.54,35.14,2,0
2026-06-12 20:06:53.470,4.92,1.33,66.98,44.69,2,0
2026-06-12 20:06:53.521,5.85,1.52,66.98,44.69,2,0
2026-06-12 20:06:53.571,6.63,1.72,72.85,53.14,2,0
2026-06-12 20:06:53.621,6.63,1.72,76.71,60.21,2,0
2026-06-12 20:06:53.672,7.36,1.76,76.71,60.21,2,0
2026-06-12 20:06:53.722,7.36,1.76,82.25,66.82,2,0
2026-06-12 20:06:53.772,8.04,1.88,82.25,66.82,2,0
2026-06-12 20:06:53.823,8.67,1.94,87.48,73.02,2,0
2026-06-12 20:06:53.873,9.34,2.20,92.21,78.78,2,0
2026-06-12 20:06:53.924,9.34,2.20,98.77,84.78,2,0
2026-06-12 20:06:53.974,9.86,2.16,98.77,84.78,2,0
2026-06-12 20:06:54.024,10.33,2.09,100.77,89.57,2,0
2026-06-12 20:06:54.075,10.33,2.09,103.72,93.82,2,0
2026-06-12 20:06:54.125,10.75,2.01,103.72,93.82,2,0
2026-06-12 20:06:54.176,11.10,2.00,106.61,97.65,2,0
2026-06-12 20:06:54.226,11.49,1.91,108.28,100.84,2,0
2026-06-12 20:06:54.277,11.87,1.94,112.43,104.32,2,0
2026-06-12 20:06:54.327,11.87,1.94,116.04,107.84,2,0
2026-06-12 20:06:54.377,12.23,1.85,116.04,107.84,2,0
2026-06-12 20:06:54.428,12.53,1.81,118.68,111.09,2,0
2026-06-12 20:06:54.478,12.90,1.85,119.95,113.75,2,0
2026-06-12 20:06:54.529,13.30,1.79,124.93,117.10,2,0
2026-06-12 20:06:54.579,13.73,1.88,129.31,120.77,2,0
2026-06-12 20:06:54.630,14.23,2.01,133.68,124.64,2,0
2026-06-12 20:06:54.680,14.51,1.94,139.79,129.18,2,0
2026-06-12 20:06:54.730,14.74,1.85,137.74,131.75,2,0
2026-06-12 20:06:54.781,15.06,1.83,138.82,133.87,2,0
2026-06-12 20:06:54.831,15.42,1.85,143.61,136.79,2,0
2026-06-12 20:06:54.881,15.66,1.78,147.45,139.99,2,0
2026-06-12 20:06:54.932,15.80,1.62,147.46,142.23,2,0
2026-06-12 20:06:54.983,15.80,1.62,146.31,143.46,2,0
2026-06-12 20:06:55.033,15.65,1.30,146.31,143.46,2,0
2026-06-12 20:06:55.083,15.42,0.91,139.08,142.14,2,0
2026-06-12 20:06:55.138,15.59,0.94,135.09,140.03,2,0
2026-06-12 20:06:55.184,15.96,1.10,145.11,141.57,2,0
2026-06-12 20:06:55.234,16.47,1.36,152.74,144.92,2,0
2026-06-12 20:06:55.285,16.90,1.50,160.50,149.59,2,0
2026-06-12 20:06:55.335,17.16,1.50,162.38,153.43,2,0
2026-06-12 20:06:55.385,17.27,1.36,161.33,155.80,2,0
2026-06-12 20:06:55.436,17.30,1.19,159.12,156.80,2,0
2026-06-12 20:06:55.486,17.40,1.17,157.83,157.11,2,0
2026-06-12 20:06:55.537,17.58,1.14,160.13,158.01,2,0
2026-06-12 20:06:55.587,17.90,1.24,163.39,159.63,2,0
2026-06-12 20:06:55.638,18.55,1.61,169.26,162.52,2,0
2026-06-12 20:06:55.688,18.71,1.51,174.59,168.42,2,0
2026-06-12 20:06:55.738,18.80,1.36,173.27,169.88,2,0
2026-06-12 20:06:55.789,18.90,1.31,172.79,170.75,2,0
2026-06-12 20:06:55.839,19.02,1.21,173.63,171.61,2,0
2026-06-12 20:06:55.890,19.53,1.51,175.21,172.69,2,0
2026-06-12 20:06:55.940,19.82,1.52,183.37,177.33,2,0
2026-06-12 20:06:55.990,20.08,1.73,186.13,179.97,2,0
2026-06-12 20:06:56.041,20.25,1.61,187.95,182.36,2,0
2026-06-12 20:06:56.091,20.47,1.43,187.51,183.91,2,0
2026-06-12 20:06:56.141,20.54,1.27,188.29,185.87,2,0
2026-06-12 20:06:56.192,20.77,1.47,188.13,186.55,2,0
2026-06-12 20:06:56.242,21.31,1.69,193.55,188.65,2,0
2026-06-12 20:06:56.293,21.59,1.66,199.03,193.54,2,0
2026-06-12 20:06:56.343,21.69,1.59,201.88,196.05,2,0
2026-06-12 20:06:56.394,21.88,1.43,199.20,196.99,2,0
2026-06-12 20:06:56.444,21.97,1.29,202.00,198.71,2,0
2026-06-12 20:06:56.494,22.38,1.57,201.52,199.56,2,0
2026-06-12 20:06:56.545,22.59,1.51,208.38,203.24,2,0
2026-06-12 20:06:56.595,22.85,1.72,209.66,205.16,2,0
2026-06-12 20:06:56.646,23.14,1.56,213.07,207.54,2,0
2026-06-12 20:06:56.696,23.19,1.42,212.75,210.12,2,0
2026-06-12 20:06:56.746,23.47,1.42,211.78,210.62,2,0
2026-06-12 20:06:56.797,23.74,1.63,217.54,213.13,2,0
2026-06-12 20:06:56.847,24.31,1.85,221.19,215.55,2,0
2026-06-12 20:06:56.898,24.45,1.79,226.63,220.77,2,0
2026-06-12 20:06:56.948,24.55,1.43,224.83,221.99,2,0
2026-06-12 20:06:57.001,24.63,1.35,224.36,222.97,2,0
2026-06-12 20:06:57.049,24.99,1.43,225.34,223.68,2,0
2026-06-12 20:06:57.099,28.03,6.05,231.48,226.91,2,0
2026-06-12 20:06:57.150,29.90,6.67,314.48,254.51,2,0
2026-06-12 20:06:57.200,30.55,5.57,311.31,271.55,2,0
2026-06-12 20:06:57.250,29.19,2.57,263.76,277.39,2,0
2026-06-12 20:06:57.301,27.97,0.57,236.48,265.12,2,0
2026-06-12 20:06:57.351,27.50,-0.31,244.70,253.99,2,0
2026-06-12 20:06:57.402,29.79,3.41,245.18,249.73,2,0
2026-06-12 20:06:57.452,32.89,5.96,319.19,270.57,2,0
2026-06-12 20:06:57.503,64.44,50.17,327.41,298.70,1,0
2026-06-12 20:06:57.553,60.71,36.43,786.33,585.20,1,0
2026-06-12 20:06:57.603,45.78,8.44,472.35,551.35,1,0
2026-06-12 20:06:57.654,36.61,-7.56,254.30,415.73,1,0
2026-06-12 20:06:57.704,32.11,-12.30,251.37,332.44,1,0
2026-06-12 20:06:57.755,30.95,-11.40,251.64,291.59,1,0
2026-06-12 20:06:57.805,29.91,-9.83,256.55,281.08,1,0
2026-06-12 20:06:57.855,29.46,-7.78,262.21,271.59,1,0
2026-06-12 20:06:57.906,29.07,-6.23,262.44,267.53,1,0
2026-06-12 20:06:57.956,28.93,-5.41,259.61,263.98,1,0
2026-06-12 20:06:58.007,29.00,-3.81,259.76,262.72,1,0
2026-06-12 20:06:58.057,29.28,-2.33,263.54,263.36,1,0
2026-06-12 20:06:58.108,29.06,-2.02,268.73,265.86,1,0
2026-06-12 20:06:58.158,28.91,-1.96,261.12,263.86,1,0
2026-06-12 20:06:58.208,28.64,-1.65,259.56,262.57,1,0
2026-06-12 20:06:58.259,28.54,-1.35,259.00,260.05,1,0
2026-06-12 20:06:58.310,28.45,-1.12,257.68,259.17,1,0
2026-06-12 20:06:58.360,28.31,-1.06,256.66,258.37,1,0
2026-06-12 20:06:58.410,27.99,-1.28,254.23,257.13,1,0
2026-06-12 20:06:58.461,27.63,-1.47,250.04,254.15,1,0
2026-06-12 20:06:58.511,27.49,-1.36,247.32,250.87,1,0
2026-06-12 20:06:58.562,27.07,-1.63,246.68,249.61,1,0
2026-06-12 20:06:58.612,26.77,-1.88,240.13,245.81,1,0
2026-06-12 20:06:58.662,26.07,-2.19,236.88,243.13,1,0
2026-06-12 20:06:58.713,25.71,-2.44,229.22,236.75,1,0
2026-06-12 20:06:58.763,25.02,-2.58,225.86,233.48,1,0
2026-06-12 20:06:58.814,24.64,-2.50,220.03,227.20,1,0
2026-06-12 20:06:58.864,24.21,-2.85,215.85,223.80,1,0
2026-06-12 20:06:58.914,23.05,-3.46,210.65,219.85,1,0
2026-06-12 20:06:58.965,22.40,-3.48,196.42,209.32,1,0
2026-06-12 20:06:59.015,21.70,-3.53,189.55,203.39,1,0
2026-06-12 20:06:59.066,21.02,-4.10,182.32,197.07,1,0
2026-06-12 20:06:59.116,20.27,-4.11,176.30,190.84,1,0
2026-06-12 20:06:59.166,19.48,-3.49,168.18,184.04,1,0
2026-06-12 20:06:59.217,20.02,-2.53,177.38,176.91,1,0
2026-06-12 20:06:59.267,19.95,-2.20,193.07,181.76,1,0
2026-06-12 20:06:59.318,19.44,-2.29,179.82,181.18,1,0
2026-06-12 20:06:59.368,19.44,-2.29,165.71,176.54,1,0
2026-06-12 20:06:59.419,17.88,-2.80,165.71,176.54,1,0
2026-06-12 20:06:59.469,17.88,-2.80,129.20,162.34,1,0
2026-06-12 20:06:59.519,15.92,-3.19,129.20,162.34,1,0
2026-06-12 20:06:59.570,15.92,-3.19,103.24,144.61,1,0
2026-06-12 20:06:59.620,14.02,-3.34,103.24,144.61,1,0
2026-06-12 20:06:59.671,14.02,-3.34,87.11,127.36,1,0
2026-06-12 20:06:59.721,14.02,-3.34,87.11,127.36,1,0
2026-06-12 20:06:59.771,14.02,-3.34,87.11,127.36,1,0
2026-06-12 20:06:59.822,14.02,-3.34,87.11,127.36,1,0
2026-06-12 20:06:59.872,14.02,-3.34,87.11,127.36,1,0
2026-06-12 20:06:59.923,14.02,-3.34,87.11,127.36,1,0
2026-06-12 20:06:59.973,14.02,-3.34,87.11,127.36,1,0
2026-06-12 20:07:00.024,14.02,-3.34,87.11,127.36,1,0
2026-06-12 20:07:00.076,14.02,-3.34,87.11,127.36,1,0
2026-06-12 20:07:00.124,14.02,-3.34,87.11,127.36,1,0
2026-06-12 20:07:00.175,14.02,-3.34,87.11,127.36,1,0
2026-06-12 20:07:00.225,14.02,-3.34,87.11,127.36,1,0
2026-06-12 20:07:00.276,14.02,-3.34,87.11,127.36,1,0
2026-06-12 20:07:00.326,14.02,-3.34,87.11,127.36,1,0
2026-06-12 20:07:00.377,14.02,-3.34,87.11,127.36,1,0
2026-06-12 20:07:00.427,14.02,-3.34,87.11,127.36,1,0
2026-06-12 20:07:00.478,14.02,-3.34,87.11,127.36,1,0
2026-06-12 20:07:00.528,10.67,-3.00,87.11,127.36,0,0
2026-06-12 20:07:00.578,10.67,-3.00,25.75,96.88,0,0
2026-06-12 20:07:00.629,10.67,-3.00,25.75,96.88,0,0
2026-06-12 20:07:00.679,10.67,-3.00,25.75,96.88,0,0
2026-06-12 20:07:00.730,10.67,-3.00,25.75,96.88,0,0
2026-06-12 20:07:00.780,10.67,-3.00,25.75,96.88,0,0
2026-06-12 20:07:00.830,10.67,-3.00,25.75,96.88,0,0
2026-06-12 20:07:00.881,10.67,-3.00,25.75,96.88,0,0
2026-06-12 20:07:00.931,10.67,-3.00,25.75,96.88,0,0
2026-06-12 20:07:00.983,10.67,-3.00,25.75,96.88,0,0
2026-06-12 20:07:01.032,10.67,-3.00,25.75,96.88,0,0
2026-06-12 20:07:01.082,10.67,-3.00,25.75,96.88,0,0
2026-06-12 20:07:01.133,10.67,-3.00,25.75,96.88,0,0
2026-06-12 20:07:01.183,10.67,-3.00,25.75,96.88,0,0
2026-06-12 20:07:01.234,10.67,-3.00,25.75,96.88,0,0
2026-06-12 20:07:01.284,10.67,-3.00,25.75,96.88,0,0
2026-06-12 20:07:01.335,10.67,-3.00,25.75,96.88,0,0
2026-06-12 20:07:01.385,10.67,-3.00,25.75,96.88,0,0
2026-06-12 20:07:01.435,10.67,-3.00,25.75,96.88,0,0
2026-06-12 20:07:01.486,10.67,-3.00,25.75,96.88,0,0
2026-06-12 20:07:01.536,10.67,-3.00,25.75,96.88,0,0
2026-06-12 20:07:01.587,10.67,-3.00,25.75,96.88,0,0
2026-06-12 20:07:01.637,10.67,-3.00,25.75,96.88,0,0
2026-06-12 20:07:01.688,10.67,-3.00,25.75,96.88,0,0
2026-06-12 20:07:01.738,10.67,-3.00,25.75,96.88,0,0
2026-06-12 20:07:01.788,10.67,-3.00,25.75,96.88,0,0
2026-06-12 20:07:01.839,10.67,-3.00,25.75,96.88,0,0
2026-06-12 20:07:01.891,10.67,-3.00,25.75,96.88,0,0
2026-06-12 20:07:01.940,10.67,-3.00,25.75,96.88,0,0
2026-06-12 20:07:01.990,10.67,-3.00,25.75,96.88,0,0
2026-06-12 20:07:02.041,10.67,-3.00,25.75,96.88,0,0
2026-06-12 20:07:02.091,10.67,-3.00,25.75,96.88,0,0
2026-06-12 20:07:02.141,10.67,-3.00,25.75,96.88,0,0
2026-06-12 20:07:02.192,10.67,-3.00,25.75,96.88,0,0
2026-06-12 20:07:02.242,10.67,-3.00,25.75,96.88,0,0
2026-06-12 20:07:02.293,10.67,-3.00,25.75,96.88,0,0
2026-06-12 20:07:02.343,10.67,-3.00,25.75,96.88,0,0
2026-06-12 20:07:02.393,10.67,-3.00,25.75,96.88,0,0
2026-06-12 20:07:02.444,10.67,-3.00,25.75,96.88,0,0
2026-06-12 20:07:02.494,0.00,0.00,25.75,96.88,0,0
2026-06-12 20:07:02.545,0.32,0.00,0.00,0.00,2,0
2026-06-12 20:07:02.595,0.32,0.00,9.65,2.90,2,0
2026-06-12 20:07:02.646,0.32,0.00,9.65,2.90,2,0
2026-06-12 20:07:02.696,0.32,0.00,9.65,2.90,2,0
2026-06-12 20:07:02.746,0.32,0.00,9.65,2.90,2,0
2026-06-12 20:07:02.797,0.32,0.00,9.65,2.90,2,0
2026-06-12 20:07:02.847,0.32,0.00,9.65,2.90,2,0
2026-06-12 20:07:02.898,0.32,0.00,9.65,2.90,2,0
2026-06-12 20:07:02.948,0.32,0.00,9.65,2.90,2,0
2026-06-12 20:07:02.998,0.32,0.00,9.65,2.90,2,0
2026-06-12 20:07:03.049,0.32,0.00,9.65,2.90,2,0
2026-06-12 20:07:03.099,0.32,0.00,9.65,2.90,2,0
2026-06-12 20:07:03.150,0.32,0.00,9.65,2.90,2,0
2026-06-12 20:07:03.200,0.32,0.00,9.65,2.90,2,0
2026-06-12 20:07:03.250,0.32,0.00,9.65,2.90,2,0
2026-06-12 20:07:03.301,0.32,0.00,9.65,2.90,2,0
2026-06-12 20:07:03.351,0.32,0.00,9.65,2.90,2,0
2026-06-12 20:07:03.401,0.32,0.00,9.65,2.90,2,0
2026-06-12 20:07:03.452,0.32,0.00,9.65,2.90,2,0
2026-06-12 20:07:03.502,0.32,0.00,9.65,2.90,2,0
2026-06-12 20:07:03.553,0.32,0.00,9.65,2.90,2,0
2026-06-12 20:07:03.603,0.32,0.00,9.65,2.90,2,0
2026-06-12 20:07:03.654,0.32,0.00,9.65,2.90,2,0
2026-06-12 20:07:03.704,1.07,0.03,9.65,2.90,1,0
2026-06-12 20:07:03.754,1.07,0.03,25.75,9.75,1,0
2026-06-12 20:07:03.805,1.07,0.03,25.75,9.75,1,0
2026-06-12 20:07:03.855,1.07,0.03,25.75,9.75,1,0
2026-06-12 20:07:03.906,1.07,0.03,25.75,9.75,1,0
2026-06-12 20:07:03.956,1.07,0.03,25.75,9.75,1,0
2026-06-12 20:07:04.007,1.07,0.03,25.75,9.75,1,0
2026-06-12 20:07:04.057,1.07,0.03,25.75,9.75,1,0
2026-06-12 20:07:04.107,1.07,0.03,25.75,9.75,1,0
2026-06-12 20:07:04.158,1.07,0.03,25.75,9.75,1,0
2026-06-12 20:07:04.208,1.07,0.03,25.75,9.75,1,0
2026-06-12 20:07:04.258,1.07,0.03,25.75,9.75,1,0
2026-06-12 20:07:04.309,1.07,0.03,25.75,9.75,1,0
2026-06-12 20:07:04.360,1.07,0.03,25.75,9.75,1,0
2026-06-12 20:07:04.410,1.07,0.03,25.75,9.75,1,0
2026-06-12 20:07:04.460,1.07,0.03,25.75,9.75,1,0
2026-06-12 20:07:04.511,1.07,0.03,25.75,9.75,1,0
2026-06-12 20:07:04.561,1.07,0.03,25.75,9.75,1,0
2026-06-12 20:07:04.611,1.07,0.03,25.75,9.75,1,0
2026-06-12 20:07:04.662,1.07,0.03,25.75,9.75,1,0
2026-06-12 20:07:04.712,1.07,0.03,25.75,9.75,1,0
2026-06-12 20:07:04.762,1.07,0.03,25.75,9.75,1,0
2026-06-12 20:07:04.813,1.07,0.03,25.75,9.75,1,0
2026-06-12 20:07:04.863,1.07,0.03,25.75,9.75,1,0
2026-06-12 20:07:04.914,1.07,0.03,25.75,9.75,1,0
2026-06-12 20:07:04.964,1.07,0.03,25.75,9.75,1,0
2026-06-12 20:07:05.015,1.07,0.03,25.75,9.75,1,0
2026-06-12 20:07:05.065,1.07,0.03,25.75,9.75,1,0
2026-06-12 20:07:05.115,1.07,0.03,25.75,9.75,1,0
2026-06-12 20:07:05.166,1.07,0.03,25.75,9.75,1,0
2026-06-12 20:07:05.216,1.07,0.03,25.75,9.75,1,0
2026-06-12 20:07:05.266,1.07,0.03,25.75,9.75,1,0
2026-06-12 20:07:05.317,1.07,0.03,25.75,9.75,1,0
2026-06-12 20:07:05.367,1.07,0.03,25.75,9.75,1,0
2026-06-12 20:07:05.418,1.07,0.03,25.75,9.75,1,0
2026-06-12 20:07:05.468,1.07,0.03,25.75,9.75,1,0
2026-06-12 20:07:05.518,1.07,0.03,25.75,9.75,1,0
2026-06-12 20:07:05.569,1.07,0.03,25.75,9.75,1,0
2026-06-12 20:07:05.619,1.07,0.03,25.75,9.75,1,0
2026-06-12 20:07:05.672,0.00,0.00,25.75,9.75,1,0
2026-06-12 20:07:05.721,0.00,0.00,0.00,0.00,1,0
2026-06-12 20:07:05.770,0.00,0.00,0.00,0.00,1,0
2026-06-12 20:07:05.821,0.00,0.00,0.00,0.00,1,0
2026-06-12 20:07:05.871,0.00,0.00,0.00,0.00,1,0
2026-06-12 20:07:05.922,0.00,0.00,0.00,0.00,1,0
2026-06-12 20:07:05.972,0.00,0.00,0.00,0.00,1,0
2026-06-12 20:07:06.022,0.00,0.00,0.00,0.00,1,0
2026-06-12 20:07:06.073,0.00,0.00,0.00,0.00,1,0
2026-06-12 20:07:06.123,0.00,0.00,0.00,0.00,1,0
2026-06-12 20:07:06.174,0.00,0.00,0.00,0.00,1,0
2026-06-12 20:07:06.224,0.00,0.00,0.00,0.00,1,0
2026-06-12 20:07:06.274,0.00,0.00,0.00,0.00,1,0
2026-06-12 20:07:06.325,0.00,0.00,0.00,0.00,1,0
2026-06-12 20:07:06.375,0.00,0.00,0.00,0.00,1,0
2026-06-12 20:07:06.426,0.00,0.00,0.00,0.00,1,0
2026-06-12 20:07:06.477,0.00,0.00,0.00,0.00,1,0
2026-06-12 20:07:06.527,0.00,0.00,0.00,0.00,1,0
2026-06-12 20:07:06.577,0.00,0.00,0.00,0.00,1,0
2026-06-12 20:07:06.627,0.00,0.00,0.00,0.00,1,0
2026-06-12 20:07:06.678,0.00,0.00,0.00,0.00,1,0
2026-06-12 20:07:06.728,0.32,0.00,0.00,0.00,0,0
2026-06-12 20:07:06.778,0.32,0.00,9.82,2.95,0,0
2026-06-12 20:07:06.829,0.32,0.00,9.82,2.95,0,0
2026-06-12 20:07:06.879,0.32,0.00,9.82,2.95,0,0
2026-06-12 20:07:06.930,0.32,0.00,9.82,2.95,0,0
2026-06-12 20:07:06.980,0.32,0.00,9.82,2.95,0,0
2026-06-12 20:07:07.031,0.32,0.00,9.82,2.95,0,0
2026-06-12 20:07:07.081,0.32,0.00,9.82,2.95,0,0
2026-06-12 20:07:07.131,0.32,0.00,9.82,2.95,0,0
2026-06-12 20:07:07.182,0.32,0.00,9.82,2.95,0,0
2026-06-12 20:07:07.232,0.32,0.00,9.82,2.95,0,0
2026-06-12 20:07:07.283,0.32,0.00,9.82,2.95,0,0
2026-06-12 20:07:07.333,0.32,0.00,9.82,2.95,0,0
2026-06-12 20:07:07.383,0.32,0.00,9.82,2.95,0,0
2026-06-12 20:07:07.434,0.32,0.00,9.82,2.95,0,0
2026-06-12 20:07:07.484,0.32,0.00,9.82,2.95,0,0
2026-06-12 20:07:07.535,0.32,0.00,9.82,2.95,0,0
2026-06-12 20:07:07.585,0.32,0.00,9.82,2.95,0,0
2026-06-12 20:07:07.635,0.32,0.00,9.82,2.95,0,0
2026-06-12 20:07:07.686,0.32,0.00,9.82,2.95,0,0
2026-06-12 20:07:07.736,0.32,0.00,9.82,2.95,0,0
2026-06-12 20:07:07.787,0.32,0.00,9.82,2.95,0,0
2026-06-12 20:07:07.837,0.32,0.00,9.82,2.95,0,0
2026-06-12 20:07:07.887,0.32,0.00,9.82,2.95,0,0
2026-06-12 20:07:07.938,0.32,0.00,9.82,2.95,0,0
2026-06-12 20:07:07.988,0.32,0.00,9.82,2.95,0,0
2026-06-12 20:07:08.039,0.32,0.00,9.82,2.95,0,0
2026-06-12 20:07:08.089,0.32,0.00,9.82,2.95,0,0
2026-06-12 20:07:08.140,0.32,0.00,9.82,2.95,0,0
2026-06-12 20:07:08.190,0.32,0.00,9.82,2.95,0,0
2026-06-12 20:07:08.240,0.32,0.00,9.82,2.95,0,0
2026-06-12 20:07:08.291,0.32,0.00,9.82,2.95,0,0
2026-06-12 20:07:08.341,0.32,0.00,9.82,2.95,0,0
2026-06-12 20:07:08.391,0.32,0.00,9.82,2.95,0,0
2026-06-12 20:07:08.442,0.32,0.00,9.82,2.95,0,0
2026-06-12 20:07:08.492,0.32,0.00,9.82,2.95,0,0
2026-06-12 20:07:08.543,0.32,0.00,9.82,2.95,0,0
2026-06-12 20:07:08.593,0.32,0.00,9.82,2.95,0,0
2026-06-12 20:07:08.643,0.32,0.00,9.82,2.95,0,0
2026-06-12 20:07:08.694,0.32,0.00,9.82,2.95,0,0
2026-06-12 20:07:08.744,0.20,0.00,9.82,2.95,2,0
2026-06-12 20:07:08.795,0.20,0.00,5.92,1.78,2,0
2026-06-12 20:07:08.845,0.20,0.00,5.92,1.78,2,0
2026-06-12 20:07:08.895,0.20,0.00,5.92,1.78,2,0
2026-06-12 20:07:08.946,0.20,0.00,5.92,1.78,2,0
2026-06-12 20:07:08.996,0.20,0.00,5.92,1.78,2,0
2026-06-12 20:07:09.047,0.20,0.00,5.92,1.78,2,0
2026-06-12 20:07:09.097,0.20,0.00,5.92,1.78,2,0
2026-06-12 20:07:09.147,0.20,0.00,5.92,1.78,2,0
2026-06-12 20:07:09.198,0.20,0.00,5.92,1.78,2,0
2026-06-12 20:07:09.248,0.20,0.00,5.92,1.78,2,0
2026-06-12 20:07:09.299,0.20,0.00,5.92,1.78,2,0
2026-06-12 20:07:09.349,0.20,0.00,5.92,1.78,2,0
2026-06-12 20:07:09.399,0.20,0.00,5.92,1.78,2,0
2026-06-12 20:07:09.450,0.20,0.00,5.92,1.78,2,0
2026-06-12 20:07:09.500,0.20,0.00,5.92,1.78,2,0
2026-06-12 20:07:09.551,0.20,0.00,5.92,1.78,2,0
2026-06-12 20:07:09.601,0.20,0.00,5.92,1.78,2,0
2026-06-12 20:07:09.651,0.20,0.00,5.92,1.78,2,0
2026-06-12 20:07:09.702,0.20,0.00,5.92,1.78,2,0
2026-06-12 20:07:09.752,0.20,0.00,5.92,1.78,2,0
2026-06-12 20:07:09.803,0.20,0.00,5.92,1.78,2,0
2026-06-12 20:07:09.853,1.02,0.03,5.92,1.78,2,0
2026-06-12 20:07:09.903,1.02,0.03,26.64,9.24,2,0
2026-06-12 20:07:09.954,1.02,0.03,26.64,9.24,2,0
2026-06-12 20:07:10.004,9.39,2.77,26.64,9.24,1,0
2026-06-12 20:07:10.055,21.21,12.21,262.72,85.28,1,0
2026-06-12 20:07:10.105,21.21,12.21,443.05,192.61,1,0
2026-06-12 20:07:10.155,21.21,12.21,443.05,192.61,1,0
2026-06-12 20:07:10.206,21.21,12.21,443.05,192.61,1,0
2026-06-12 20:07:10.256,21.21,12.21,443.05,192.61,1,0
2026-06-12 20:07:10.307,21.21,12.21,443.05,192.61,1,0
2026-06-12 20:07:10.357,21.21,12.21,443.05,192.61,1,0
2026-06-12 20:07:10.408,21.21,12.21,443.05,192.61,1,0
2026-06-12 20:07:10.458,21.21,12.21,443.05,192.61,1,0
2026-06-12 20:07:10.508,21.21,12.21,443.05,192.61,1,0
2026-06-12 20:07:10.559,21.21,12.21,443.05,192.61,1,0
2026-06-12 20:07:10.609,21.21,12.21,443.05,192.61,1,0
2026-06-12 20:07:10.660,21.21,12.21,443.05,192.61,1,0
2026-06-12 20:07:10.710,21.21,12.21,443.05,192.61,1,0
2026-06-12 20:07:10.760,21.21,12.21,443.05,192.61,1,0
2026-06-12 20:07:10.811,21.21,12.21,443.05,192.61,1,0
2026-06-12 20:07:10.861,21.21,12.21,443.05,192.61,1,0
2026-06-12 20:07:10.912,21.21,12.21,443.05,192.61,1,0
2026-06-12 20:07:10.962,21.21,12.21,443.05,192.61,1,0
2026-06-12 20:07:11.012,21.21,12.21,443.05,192.61,1,0
2026-06-12 20:07:11.063,21.21,12.21,443.05,192.61,1,0
2026-06-12 20:07:11.113,21.21,12.21,443.05,192.61,1,0
2026-06-12 20:07:11.164,21.21,12.21,443.05,192.61,1,0
2026-06-12 20:07:11.214,21.21,12.21,443.05,192.61,1,0
2026-06-12 20:07:11.265,21.21,12.21,443.05,192.61,1,0
2026-06-12 20:07:11.315,21.21,12.21,443.05,192.61,1,0
2026-06-12 20:07:11.365,21.21,12.21,443.05,192.61,1,0
2026-06-12 20:07:11.416,21.21,12.21,443.05,192.61,1,0
2026-06-12 20:07:11.466,21.21,12.21,443.05,192.61,1,0
2026-06-12 20:07:11.516,21.21,12.21,443.05,192.61,1,0
2026-06-12 20:07:11.567,21.21,12.21,443.05,192.61,1,0
2026-06-12 20:07:11.617,21.21,12.21,443.05,192.61,1,0
2026-06-12 20:07:11.668,21.21,12.21,443.05,192.61,1,0
2026-06-12 20:07:11.718,21.21,12.21,443.05,192.61,1,0
2026-06-12 20:07:11.769,21.21,12.21,443.05,192.61,1,0
2026-06-12 20:07:11.819,21.21,12.21,443.05,192.61,1,0
2026-06-12 20:07:11.870,21.21,12.21,443.05,192.61,1,0
2026-06-12 20:07:11.920,21.21,12.21,443.05,192.61,1,0
2026-06-12 20:07:11.971,21.21,12.21,443.05,192.61,1,0
2026-06-12 20:07:12.021,21.21,12.21,443.05,192.61,1,0
2026-06-12 20:07:12.071,0.00,0.00,443.05,192.61,1,0
2026-06-12 20:07:12.121,0.00,0.00,0.00,0.00,1,0
2026-06-12 20:07:12.172,0.00,0.00,0.00,0.00,1,0
2026-06-12 20:07:12.222,0.00,0.00,0.00,0.00,1,0
2026-06-12 20:07:12.272,0.00,0.00,0.00,0.00,1,0
2026-06-12 20:07:12.323,0.00,0.00,0.00,0.00,1,0
2026-06-12 20:07:12.373,0.00,0.00,0.00,0.00,1,0
2026-06-12 20:07:12.424,0.00,0.00,0.00,0.00,1,0
2026-06-12 20:07:12.474,0.00,0.00,0.00,0.00,1,0
2026-06-12 20:07:12.524,0.00,0.00,0.00,0.00,1,0
2026-06-12 20:07:12.575,0.00,0.00,0.00,0.00,1,0
2026-06-12 20:07:19.661,0.00,0.00,0.00,0.00,1,0
2026-06-12 20:07:19.711,0.00,0.00,0.00,0.00,1,0
2026-06-12 20:07:19.762,0.00,0.00,0.00,0.00,1,0
2026-06-12 20:07:19.812,0.00,0.00,0.00,0.00,1,0
2026-06-12 20:07:19.862,0.00,0.00,0.00,0.00,1,0
2026-06-12 20:07:19.913,0.00,0.00,0.00,0.00,1,0
2026-06-12 20:07:19.963,0.00,0.00,0.00,0.00,1,0
2026-06-12 20:07:20.013,0.00,0.00,0.00,0.00,1,0
2026-06-12 20:07:20.064,0.00,0.00,0.00,0.00,1,0
2026-06-12 20:07:20.114,0.00,0.00,0.00,0.00,1,0
2026-06-12 20:07:20.165,0.00,0.00,0.00,0.00,1,0
2026-06-12 20:07:20.215,0.00,0.00,0.00,0.00,1,0
2026-06-12 20:07:20.265,0.00,0.00,0.00,0.00,1,0
2026-06-12 20:07:20.316,0.00,0.00,0.00,0.00,1,0
2026-06-12 20:07:20.366,0.00,0.00,0.00,0.00,1,0
2026-06-12 20:07:20.417,0.00,0.00,0.00,0.00,1,0
2026-06-12 20:07:20.467,0.00,0.00,0.00,0.00,1,0
2026-06-12 20:07:20.517,0.00,0.00,0.00,0.00,1,0
2026-06-12 20:07:20.568,0.00,0.00,0.00,0.00,1,0
2026-06-12 20:07:20.618,0.00,0.00,0.00,0.00,1,0
2026-06-12 20:07:20.669,0.00,0.00,0.00,0.00,1,0
2026-06-12 20:07:20.719,0.00,0.00,0.00,0.00,1,0
2026-06-12 20:07:20.770,0.00,0.00,0.00,0.00,1,0
2026-06-12 20:07:20.820,0.00,0.00,0.00,0.00,1,0
2026-06-12 20:07:20.870,0.00,0.00,0.00,0.00,1,0
2026-06-12 20:07:20.921,0.00,0.00,0.00,0.00,1,0
2026-06-12 20:07:20.971,0.00,0.00,0.00,0.00,1,0
2026-06-12 20:07:21.021,0.00,0.00,0.00,0.00,1,0
2026-06-12 20:07:21.072,0.00,0.00,0.00,0.00,1,0
2026-06-12 20:07:21.122,0.00,0.00,0.00,0.00,1,0
2026-06-12 20:07:21.173,0.00,0.00,0.00,0.00,1,0
2026-06-12 20:07:21.223,0.00,0.00,0.00,0.00,1,0
2026-06-12 20:07:21.273,0.00,0.00,0.00,0.00,1,0
2026-06-12 20:07:21.324,0.00,0.00,0.00,0.00,1,0
2026-06-12 20:07:21.374,0.00,0.00,0.00,0.00,1,0
2026-06-12 20:07:21.425,0.00,0.00,0.00,0.00,1,0
2026-06-12 20:07:21.475,0.00,0.00,0.00,0.00,1,0
2026-06-12 20:07:21.525,0.00,0.00,0.00,0.00,1,0
2026-06-12 20:07:21.576,0.00,0.00,0.00,0.00,1,0
2026-06-12 20:07:21.626,0.00,0.00,0.00,0.00,1,0
2026-06-12 20:07:21.677,0.00,0.00,0.00,0.00,1,0
2026-06-12 20:07:21.727,0.00,0.00,0.00,0.00,1,0
2026-06-12 20:07:21.777,0.00,0.00,0.00,0.00,1,0
2026-06-12 20:07:21.828,0.00,0.00,0.00,0.00,1,0
2026-06-12 20:07:21.878,0.00,0.00,0.00,0.00,1,0
2026-06-12 20:07:21.929,0.00,0.00,0.00,0.00,1,0
2026-06-12 20:07:21.979,0.00,0.00,0.00,0.00,1,0
2026-06-12 20:07:22.030,0.00,0.00,0.00,0.00,1,0
2026-06-12 20:07:22.080,0.00,0.00,0.00,0.00,1,0
2026-06-12 20:07:22.130,0.00,0.00,0.00,0.00,1,0
2026-06-12 20:07:22.181,0.00,0.00,0.00,0.00,1,0
2026-06-12 20:07:22.231,0.00,0.00,0.00,0.00,1,0
2026-06-12 20:07:22.281,0.00,0.00,0.00,0.00,1,0
2026-06-12 20:07:22.332,0.00,0.00,0.00,0.00,1,0
2026-06-12 20:07:22.382,0.00,0.00,0.00,0.00,1,0
2026-06-12 20:07:22.433,0.00,0.00,0.00,0.00,1,0
2026-06-12 20:07:22.483,0.00,0.00,0.00,0.00,1,0
2026-06-12 20:07:22.533,0.00,0.00,0.00,0.00,1,0
2026-06-12 20:07:22.584,0.00,0.00,0.00,0.00,1,0
2026-06-12 20:07:22.634,0.00,0.00,0.00,0.00,1,0
2026-06-12 20:07:22.685,0.00,0.00,0.00,0.00,1,0
2026-06-12 20:07:22.735,0.00,0.00,0.00,0.00,1,0
2026-06-12 20:07:22.785,0.00,0.00,0.00,0.00,0,0
2026-06-12 20:07:22.836,0.00,0.00,0.00,0.00,0,0
2026-06-12 20:07:22.886,0.00,0.00,0.00,0.00,0,0
2026-06-12 20:07:22.937,0.00,0.00,0.00,0.00,0,0
2026-06-12 20:07:22.987,0.00,0.00,0.00,0.00,0,0
2026-06-12 20:07:23.037,0.00,0.00,0.00,0.00,0,0
2026-06-12 20:07:23.088,0.00,0.00,0.00,0.00,0,0
2026-06-12 20:07:23.138,0.00,0.00,0.00,0.00,0,0
2026-06-12 20:07:23.189,0.00,0.00,0.00,0.00,0,0
2026-06-12 20:07:23.239,0.00,0.00,0.00,0.00,0,0
2026-06-12 20:07:23.289,0.00,0.00,0.00,0.00,0,0
2026-06-12 20:07:23.340,0.00,0.00,0.00,0.00,0,0
2026-06-12 20:07:23.390,0.00,0.00,0.00,0.00,0,0
2026-06-12 20:07:23.441,0.00,0.00,0.00,0.00,0,0
2026-06-12 20:07:23.491,0.00,0.00,0.00,0.00,0,0
2026-06-12 20:07:23.541,0.00,0.00,0.00,0.00,0,0
2026-06-12 20:07:23.592,0.00,0.00,0.00,0.00,0,0
2026-06-12 20:07:23.642,0.00,0.00,0.00,0.00,0,0
2026-06-12 20:07:23.694,0.00,0.00,0.00,0.00,0,0
2026-06-12 20:07:23.743,0.00,0.00,0.00,0.00,0,0
2026-06-12 20:07:23.794,0.00,0.00,0.00,0.00,0,0
2026-06-12 20:07:23.844,0.00,0.00,0.00,0.00,0,0
2026-06-12 20:07:23.894,0.00,0.00,0.00,0.00,0,0
2026-06-12 20:07:23.945,0.00,0.00,0.00,0.00,0,0
2026-06-12 20:07:23.995,0.00,0.00,0.00,0.00,0,0
2026-06-12 20:07:24.045,0.00,0.00,0.00,0.00,0,0
2026-06-12 20:07:24.096,0.00,0.00,0.00,0.00,0,0
2026-06-12 20:07:24.146,0.00,0.00,0.00,0.00,0,0
2026-06-12 20:07:24.197,0.00,0.00,0.00,0.00,0,0
2026-06-12 20:07:24.247,0.00,0.00,0.00,0.00,0,0
2026-06-12 20:07:24.297,0.00,0.00,0.00,0.00,0,0
2026-06-12 20:07:24.348,0.00,0.00,0.00,0.00,0,0
2026-06-12 20:07:24.398,0.00,0.00,0.00,0.00,0,0
2026-06-12 20:07:24.449,0.00,0.00,0.00,0.00,0,0
2026-06-12 20:07:24.499,0.00,0.00,0.00,0.00,0,0
2026-06-12 20:07:24.550,0.00,0.00,0.00,0.00,0,0
2026-06-12 20:07:24.600,0.00,0.00,0.00,0.00,0,0
2026-06-12 20:07:24.650,0.00,0.00,0.00,0.00,0,0
2026-06-12 20:07:24.701,0.00,0.00,0.00,0.00,0,0
2026-06-12 20:07:24.751,0.00,0.00,0.00,0.00,0,0
2026-06-12 20:07:24.801,0.20,0.00,0.00,0.00,2,0
2026-06-12 20:07:24.852,0.20,0.00,5.92,1.77,2,0
2026-06-12 20:07:24.902,0.20,0.00,5.92,1.77,2,0
2026-06-12 20:07:24.953,0.20,0.00,5.92,1.77,2,0
2026-06-12 20:07:25.003,0.20,0.00,5.92,1.77,2,0
2026-06-12 20:07:25.053,0.20,0.00,5.92,1.77,2,0
2026-06-12 20:07:25.104,0.20,0.00,5.92,1.77,2,0
2026-06-12 20:07:25.154,0.20,0.00,5.92,1.77,2,0
2026-06-12 20:07:25.205,0.20,0.00,5.92,1.77,2,0
2026-06-12 20:07:25.255,0.20,0.00,5.92,1.77,2,0
2026-06-12 20:07:25.305,0.20,0.00,5.92,1.77,2,0
2026-06-12 20:07:25.356,0.20,0.00,5.92,1.77,2,0
2026-06-12 20:07:25.406,0.20,0.00,5.92,1.77,2,0
2026-06-12 20:07:25.457,0.20,0.00,5.92,1.77,2,0
2026-06-12 20:07:25.507,0.20,0.00,5.92,1.77,2,0
2026-06-12 20:07:25.557,0.20,0.00,5.92,1.77,2,0
2026-06-12 20:07:25.608,0.20,0.00,5.92,1.77,2,0
2026-06-12 20:07:25.658,0.20,0.00,5.92,1.77,2,0
2026-06-12 20:07:25.709,0.20,0.00,5.92,1.77,2,0
2026-06-12 20:07:25.759,0.20,0.00,5.92,1.77,2,0
2026-06-12 20:07:25.810,0.20,0.00,5.92,1.77,2,0
2026-06-12 20:07:25.860,0.20,0.00,5.92,1.77,2,0
2026-06-12 20:07:25.910,1.03,0.03,5.92,1.77,1,0
2026-06-12 20:07:25.961,1.03,0.03,26.91,9.32,1,0
2026-06-12 20:07:26.011,1.03,0.03,26.91,9.32,1,0
2026-06-12 20:07:26.061,1.03,0.03,26.91,9.32,1,0
2026-06-12 20:07:26.112,1.03,0.03,26.91,9.32,1,0
2026-06-12 20:07:26.162,1.03,0.03,26.91,9.32,1,0
2026-06-12 20:07:26.213,1.03,0.03,26.91,9.32,1,0
2026-06-12 20:07:26.263,1.03,0.03,26.91,9.32,1,0
2026-06-12 20:07:26.313,1.03,0.03,26.91,9.32,1,0
2026-06-12 20:07:27.737,0.00,0.00,26.91,9.32,1,0
2026-06-12 20:07:27.787,0.00,0.00,0.00,0.00,1,0
2026-06-12 20:07:27.838,0.00,0.00,0.00,0.00,1,0
2026-06-12 20:07:27.888,0.00,0.00,0.00,0.00,1,0
2026-06-12 20:07:27.939,0.00,0.00,0.00,0.00,1,0
2026-06-12 20:07:27.989,0.00,0.00,0.00,0.00,1,0
2026-06-12 20:07:28.039,0.00,0.00,0.00,0.00,1,0
2026-06-12 20:07:28.090,0.00,0.00,0.00,0.00,1,0
2026-06-12 20:07:28.140,0.00,0.00,0.00,0.00,1,0
2026-06-12 20:07:28.191,0.00,0.00,0.00,0.00,1,0
2026-06-12 20:07:28.241,0.00,0.00,0.00,0.00,1,0
2026-06-12 20:07:28.291,0.00,0.00,0.00,0.00,1,0
2026-06-12 20:07:28.342,0.00,0.00,0.00,0.00,1,0
2026-06-12 20:07:28.392,0.00,0.00,0.00,0.00,1,0
2026-06-12 20:07:28.443,0.00,0.00,0.00,0.00,1,0
2026-06-12 20:07:28.493,0.00,0.00,0.00,0.00,1,0
2026-06-12 20:07:28.543,0.00,0.00,0.00,0.00,1,0
2026-06-12 20:07:28.594,0.00,0.00,0.00,0.00,1,0
2026-06-12 20:07:28.644,0.00,0.00,0.00,0.00,1,0
2026-06-12 20:07:28.696,0.00,0.00,0.00,0.00,1,0
2026-06-12 20:07:28.745,0.00,0.00,0.00,0.00,1,0
2026-06-12 20:07:28.795,0.00,0.00,0.00,0.00,1,0
2026-06-12 20:07:28.846,0.00,0.00,0.00,0.00,1,0
2026-06-12 20:07:28.896,0.00,0.00,0.00,0.00,1,0
2026-06-12 20:07:28.947,0.00,0.00,0.00,0.00,1,0
2026-06-12 20:07:28.997,0.00,0.00,0.00,0.00,1,0
2026-06-12 20:07:29.047,0.00,0.00,0.00,0.00,1,0
2026-06-12 20:07:29.098,0.00,0.00,0.00,0.00,1,0
2026-06-12 20:07:29.148,0.00,0.00,0.00,0.00,1,0
2026-06-12 20:07:29.199,0.00,0.00,0.00,0.00,1,0
2026-06-12 20:07:29.249,0.00,0.00,0.00,0.00,1,0
2026-06-12 20:07:29.300,0.00,0.00,0.00,0.00,1,0
2026-06-12 20:07:29.350,0.00,0.00,0.00,0.00,1,0
2026-06-12 20:07:29.400,0.00,0.00,0.00,0.00,1,0
2026-06-12 20:07:29.451,0.00,0.00,0.00,0.00,1,0
2026-06-12 20:07:29.501,0.00,0.00,0.00,0.00,1,0
2026-06-12 20:07:29.551,0.00,0.00,0.00,0.00,1,0
2026-06-12 20:07:29.602,0.00,0.00,0.00,0.00,1,0
2026-06-12 20:07:29.652,0.00,0.00,0.00,0.00,1,0
2026-06-12 20:07:29.703,0.00,0.00,0.00,0.00,1,0
2026-06-12 20:07:29.753,0.00,0.00,0.00,0.00,1,0
2026-06-12 20:07:29.803,0.00,0.00,0.00,0.00,1,0
2026-06-12 20:07:29.854,0.00,0.00,0.00,0.00,1,0
2026-06-12 20:07:29.904,0.00,0.00,0.00,0.00,1,0
2026-06-12 20:07:29.955,0.00,0.00,0.00,0.00,1,0
2026-06-12 20:07:30.005,0.00,0.00,0.00,0.00,1,0
2026-06-12 20:07:30.055,0.00,0.00,0.00,0.00,1,0
2026-06-12 20:07:30.106,0.00,0.00,0.00,0.00,1,0
2026-06-12 20:07:30.156,0.00,0.00,0.00,0.00,1,0
2026-06-12 20:07:30.207,0.00,0.00,0.00,0.00,1,0
2026-06-12 20:07:30.257,0.00,0.00,0.00,0.00,1,0
2026-06-12 20:07:30.307,0.00,0.00,0.00,0.00,1,0
2026-06-12 20:07:30.358,0.00,0.00,0.00,0.00,1,0
2026-06-12 20:07:30.408,0.00,0.00,0.00,0.00,1,0
2026-06-12 20:07:30.459,0.00,0.00,0.00,0.00,1,0
2026-06-12 20:07:30.509,0.00,0.00,0.00,0.00,1,0
2026-06-12 20:07:30.559,0.00,0.00,0.00,0.00,1,0
2026-06-12 20:07:30.610,0.00,0.00,0.00,0.00,1,0
2026-06-12 20:07:30.660,0.00,0.00,0.00,0.00,1,0
2026-06-12 20:07:30.711,0.00,0.00,0.00,0.00,1,0
2026-06-12 20:07:30.761,0.00,0.00,0.00,0.00,1,0
2026-06-12 20:07:30.811,0.00,0.00,0.00,0.00,1,0
2026-06-12 20:07:30.862,0.00,0.00,0.00,0.00,0,0
2026-06-12 20:07:30.912,0.00,0.00,0.00,0.00,0,0
2026-06-12 20:07:30.963,0.00,0.00,0.00,0.00,0,0
2026-06-12 20:07:31.013,0.00,0.00,0.00,0.00,0,0
2026-06-12 20:07:31.063,0.00,0.00,0.00,0.00,0,0
2026-06-12 20:07:31.114,0.00,0.00,0.00,0.00,0,0
2026-06-12 20:07:31.164,0.00,0.00,0.00,0.00,0,0
2026-06-12 20:07:31.215,0.00,0.00,0.00,0.00,0,0
2026-06-12 20:07:31.265,0.00,0.00,0.00,0.00,0,0
2026-06-12 20:07:31.315,0.00,0.00,0.00,0.00,0,0
2026-06-12 20:07:31.366,0.00,0.00,0.00,0.00,0,0
2026-06-12 20:07:31.416,0.00,0.00,0.00,0.00,0,0
2026-06-12 20:07:31.467,0.00,0.00,0.00,0.00,0,0
2026-06-12 20:07:31.517,0.00,0.00,0.00,0.00,0,0
2026-06-12 20:07:31.567,0.00,0.00,0.00,0.00,0,0
2026-06-12 20:07:31.618,0.00,0.00,0.00,0.00,0,0
2026-06-12 20:07:31.668,0.00,0.00,0.00,0.00,0,0
2026-06-12 20:07:31.719,0.00,0.00,0.00,0.00,0,0
2026-06-12 20:07:31.769,0.00,0.00,0.00,0.00,0,0
2026-06-12 20:07:31.819,0.00,0.00,0.00,0.00,0,0
2026-06-12 20:07:31.870,0.00,0.00,0.00,0.00,0,0
2026-06-12 20:07:31.920,0.24,0.00,0.00,0.00,2,0
2026-06-12 20:07:31.971,0.24,0.00,7.30,2.19,2,0
2026-06-12 20:07:32.021,0.24,0.00,7.30,2.19,2,0
2026-06-12 20:07:32.071,0.24,0.00,7.30,2.19,2,0
2026-06-12 20:07:32.122,0.24,0.00,7.30,2.19,2,0
2026-06-12 20:07:32.172,0.24,0.00,7.30,2.19,2,0
2026-06-12 20:07:32.223,0.90,0.09,7.30,2.19,1,0
2026-06-12 20:07:32.273,0.90,0.09,22.03,8.14,1,0
2026-06-12 20:07:32.324,0.90,0.09,22.03,8.14,1,0
2026-06-12 20:07:32.374,0.90,0.09,22.03,8.14,1,0
2026-06-12 20:07:32.424,0.90,0.09,22.03,8.14,1,0
2026-06-12 20:07:32.475,0.90,0.09,22.03,8.14,1,0
2026-06-12 20:07:32.525,0.90,0.09,22.03,8.14,1,0
2026-06-12 20:07:32.576,0.90,0.09,22.03,8.14,1,0
2026-06-12 20:07:32.626,0.90,0.09,22.03,8.14,1,0
2026-06-12 20:07:32.676,0.90,0.09,22.03,8.14,1,0
2026-06-12 20:07:32.727,0.90,0.09,22.03,8.14,1,0
2026-06-12 20:07:32.777,0.90,0.09,22.03,8.14,1,0
2026-06-12 20:07:32.828,0.90,0.09,22.03,8.14,1,0
2026-06-12 20:07:32.878,0.90,0.09,22.03,8.14,1,0
2026-06-12 20:07:32.928,0.90,0.09,22.03,8.14,1,0
2026-06-12 20:07:32.979,0.90,0.09,22.03,8.14,1,0
2026-06-12 20:07:33.029,0.90,0.09,22.03,8.14,1,0
2026-06-12 20:07:33.080,0.90,0.09,22.03,8.14,1,0
2026-06-12 20:07:34.500,0.00,0.00,22.03,8.14,1,0
2026-06-12 20:07:34.550,0.00,0.00,0.00,0.00,1,0
2026-06-12 20:07:34.601,0.00,0.00,0.00,0.00,1,0
2026-06-12 20:07:34.651,0.00,0.00,0.00,0.00,1,0
2026-06-12 20:07:34.702,0.00,0.00,0.00,0.00,1,0
2026-06-12 20:07:34.752,0.00,0.00,0.00,0.00,1,0
2026-06-12 20:07:34.802,0.00,0.00,0.00,0.00,1,0
2026-06-12 20:07:34.853,0.00,0.00,0.00,0.00,1,0
2026-06-12 20:07:34.903,0.00,0.00,0.00,0.00,1,0
2026-06-12 20:07:34.954,0.00,0.00,0.00,0.00,1,0
2026-06-12 20:07:35.004,0.00,0.00,0.00,0.00,1,0
2026-06-12 20:07:35.054,0.00,0.00,0.00,0.00,1,0
2026-06-12 20:07:35.105,0.00,0.00,0.00,0.00,1,0
2026-06-12 20:07:35.155,0.00,0.00,0.00,0.00,1,0
2026-06-12 20:07:35.206,0.00,0.00,0.00,0.00,1,0
2026-06-12 20:07:35.257,0.00,0.00,0.00,0.00,1,0
2026-06-12 20:07:35.306,0.00,0.00,0.00,0.00,1,0
2026-06-12 20:07:35.357,0.00,0.00,0.00,0.00,1,0
2026-06-12 20:07:35.407,0.00,0.00,0.00,0.00,1,0
2026-06-12 20:07:35.458,0.00,0.00,0.00,0.00,1,0
2026-06-12 20:07:35.508,0.00,0.00,0.00,0.00,1,0
2026-06-12 20:07:35.558,0.00,0.00,0.00,0.00,1,0
2026-06-12 20:07:35.609,0.00,0.00,0.00,0.00,1,0
2026-06-12 20:07:35.659,0.00,0.00,0.00,0.00,1,0
2026-06-12 20:07:35.710,0.00,0.00,0.00,0.00,1,0
2026-06-12 20:07:35.760,0.00,0.00,0.00,0.00,1,0
2026-06-12 20:07:35.810,0.00,0.00,0.00,0.00,1,0
2026-06-12 20:07:35.861,0.00,0.00,0.00,0.00,1,0
2026-06-12 20:07:35.911,0.00,0.00,0.00,0.00,1,0
2026-06-12 20:07:35.962,0.00,0.00,0.00,0.00,1,0
2026-06-12 20:07:36.012,0.00,0.00,0.00,0.00,1,0
2026-06-12 20:07:36.062,0.00,0.00,0.00,0.00,1,0
2026-06-12 20:07:36.113,0.00,0.00,0.00,0.00,1,0
2026-06-12 20:07:36.163,0.00,0.00,0.00,0.00,1,0
2026-06-12 20:07:36.214,0.00,0.00,0.00,0.00,1,0
2026-06-12 20:07:36.264,0.00,0.00,0.00,0.00,1,0
2026-06-12 20:07:36.314,0.00,0.00,0.00,0.00,1,0
2026-06-12 20:07:36.365,0.00,0.00,0.00,0.00,1,0
2026-06-12 20:07:36.415,0.00,0.00,0.00,0.00,1,0
2026-06-12 20:07:36.466,0.00,0.00,0.00,0.00,1,0
2026-06-12 20:07:36.516,0.00,0.00,0.00,0.00,1,0
2026-06-12 20:07:36.566,0.00,0.00,0.00,0.00,1,0
2026-06-12 20:07:36.617,0.00,0.00,0.00,0.00,1,0
2026-06-12 20:07:36.667,0.00,0.00,0.00,0.00,1,0
2026-06-12 20:07:36.718,0.00,0.00,0.00,0.00,1,0
2026-06-12 20:07:36.768,0.00,0.00,0.00,0.00,1,0
2026-06-12 20:07:36.818,0.00,0.00,0.00,0.00,1,0
2026-06-12 20:07:36.869,0.00,0.00,0.00,0.00,1,0
2026-06-12 20:07:36.919,0.00,0.00,0.00,0.00,1,0
2026-06-12 20:07:36.970,0.00,0.00,0.00,0.00,1,0
2026-06-12 20:07:37.020,0.00,0.00,0.00,0.00,1,0
2026-06-12 20:07:37.070,0.00,0.00,0.00,0.00,1,0
2026-06-12 20:07:37.121,0.00,0.00,0.00,0.00,1,0
2026-06-12 20:07:37.171,0.00,0.00,0.00,0.00,1,0
2026-06-12 20:07:37.222,0.00,0.00,0.00,0.00,1,0
2026-06-12 20:07:37.272,0.00,0.00,0.00,0.00,1,0
2026-06-12 20:07:37.322,0.00,0.00,0.00,0.00,1,0
2026-06-12 20:07:37.373,0.00,0.00,0.00,0.00,1,0
2026-06-12 20:07:37.423,0.00,0.00,0.00,0.00,1,0
2026-06-12 20:07:37.474,0.00,0.00,0.00,0.00,1,0
2026-06-12 20:07:37.524,0.00,0.00,0.00,0.00,1,0
2026-06-12 20:07:37.574,0.00,0.00,0.00,0.00,1,0
2026-06-12 20:07:37.625,0.00,0.00,0.00,0.00,0,0
2026-06-12 20:07:37.675,0.00,0.00,0.00,0.00,0,0
2026-06-12 20:07:37.726,0.00,0.00,0.00,0.00,0,0
2026-06-12 20:07:37.776,0.00,0.00,0.00,0.00,0,0
2026-06-12 20:07:37.826,0.00,0.00,0.00,0.00,0,0
2026-06-12 20:07:37.878,0.00,0.00,0.00,0.00,0,0
2026-06-12 20:07:37.927,0.00,0.00,0.00,0.00,0,0
2026-06-12 20:07:37.978,0.00,0.00,0.00,0.00,0,0
2026-06-12 20:07:38.028,0.00,0.00,0.00,0.00,0,0
2026-06-12 20:07:38.078,0.00,0.00,0.00,0.00,0,0
2026-06-12 20:07:38.129,0.00,0.00,0.00,0.00,0,0
2026-06-12 20:07:38.180,0.00,0.00,0.00,0.00,2,0
2026-06-12 20:07:38.230,0.00,0.00,0.00,0.00,2,0
2026-06-12 20:07:38.280,0.00,0.00,0.00,0.00,2,0
2026-06-12 20:07:38.330,0.00,0.00,0.00,0.00,2,0
2026-06-12 20:07:38.381,0.00,0.00,0.00,0.00,2,0
2026-06-12 20:07:38.431,0.00,0.00,0.00,0.00,2,0
2026-06-12 20:07:38.482,0.00,0.00,0.00,0.00,2,0
2026-06-12 20:07:38.532,0.00,0.00,0.00,0.00,2,0
2026-06-12 20:07:38.582,0.00,0.00,0.00,0.00,2,0
2026-06-12 20:07:38.633,0.00,0.00,0.00,0.00,2,0
2026-06-12 20:07:38.683,0.00,0.00,0.00,0.00,2,0
2026-06-12 20:07:38.734,0.00,0.00,0.00,0.00,2,0
2026-06-12 20:07:38.784,0.00,0.00,0.00,0.00,2,0
2026-06-12 20:07:38.834,0.00,0.00,0.00,0.00,2,0
2026-06-12 20:07:38.885,0.00,0.00,0.00,0.00,2,0
2026-06-12 20:07:38.935,0.00,0.00,0.00,0.00,2,0
2026-06-12 20:07:38.986,0.00,0.00,0.00,0.00,2,0
2026-06-12 20:07:39.036,0.00,0.00,0.00,0.00,2,0
2026-06-12 20:07:39.086,0.00,0.00,0.00,0.00,2,0
2026-06-12 20:07:39.137,0.00,0.00,0.00,0.00,2,0
2026-06-12 20:07:39.187,0.00,0.00,0.00,0.00,2,0
2026-06-12 20:07:39.238,0.00,0.00,0.00,0.00,2,0
2026-06-12 20:07:39.288,0.00,0.00,0.00,0.00,2,0
2026-06-12 20:07:39.338,0.00,0.00,0.00,0.00,2,0
2026-06-12 20:07:39.389,0.00,0.00,0.00,0.00,2,0
2026-06-12 20:07:39.439,0.00,0.00,0.00,0.00,2,0
2026-06-12 20:07:39.490,0.00,0.00,0.00,0.00,2,0
2026-06-12 20:07:39.540,0.00,0.00,0.00,0.00,2,0
2026-06-12 20:07:39.590,0.00,0.00,0.00,0.00,2,0
2026-06-12 20:07:39.641,0.00,0.00,0.00,0.00,2,0
2026-06-12 20:07:39.691,0.00,0.00,0.00,0.00,2,0
2026-06-12 20:07:39.742,0.00,0.00,0.00,0.00,2,0
2026-06-12 20:07:39.792,0.00,0.00,0.00,0.00,2,0
2026-06-12 20:07:39.842,0.00,0.00,0.00,0.00,2,0
2026-06-12 20:07:39.893,0.00,0.00,0.00,0.00,2,0
2026-06-12 20:07:39.943,0.00,0.00,0.00,0.00,2,0
2026-06-12 20:07:39.994,0.00,0.00,0.00,0.00,2,0
2026-06-12 20:07:40.044,0.00,0.00,0.00,0.00,2,0
2026-06-12 20:07:40.094,0.00,0.00,0.00,0.00,2,0
2026-06-12 20:07:40.145,0.00,0.00,0.00,0.00,2,0
2026-06-12 20:07:40.195,0.00,0.00,0.00,0.00,2,0
2026-06-12 20:07:40.246,0.00,0.00,0.00,0.00,2,0
2026-06-12 20:07:40.296,0.00,0.00,0.00,0.00,2,0
2026-06-12 20:07:40.347,0.00,0.00,0.00,0.00,2,0
2026-06-12 20:07:40.397,0.00,0.00,0.00,0.00,2,0
2026-06-12 20:07:40.447,0.00,0.00,0.00,0.00,2,0
2026-06-12 20:07:40.498,0.00,0.00,0.00,0.00,2,0
2026-06-12 20:07:40.548,0.00,0.00,0.00,0.00,2,0
2026-06-12 20:07:40.598,0.00,0.00,0.00,0.00,2,0
2026-06-12 20:07:40.650,0.00,0.00,0.00,0.00,2,0
2026-06-12 20:07:40.700,0.00,0.00,0.00,0.00,2,0
2026-06-12 20:07:40.750,0.00,0.00,0.00,0.00,2,0
2026-06-12 20:07:40.800,0.00,0.00,0.00,0.00,2,0
2026-06-12 20:07:40.850,0.00,0.00,0.00,0.00,2,0
2026-06-12 20:07:40.901,0.00,0.00,0.00,0.00,2,0
2026-06-12 20:07:40.951,0.00,0.00,0.00,0.00,2,0
2026-06-12 20:07:41.002,0.00,0.00,0.00,0.00,2,0
2026-06-12 20:07:41.052,0.00,0.00,0.00,0.00,2,0
2026-06-12 20:07:41.102,0.00,0.00,0.00,0.00,2,0
2026-06-12 20:07:41.153,0.00,0.00,0.00,0.00,2,0
2026-06-12 20:07:41.203,0.00,0.00,0.00,0.00,2,0
2026-06-12 20:07:41.253,0.00,0.00,0.00,0.00,2,0
2026-06-12 20:07:41.304,0.00,0.00,0.00,0.00,2,0
2026-06-12 20:07:41.354,0.00,0.00,0.00,0.00,2,0
2026-06-12 20:07:41.405,0.00,0.00,0.00,0.00,2,0
2026-06-12 20:07:41.455,0.00,0.00,0.00,0.00,2,0
2026-06-12 20:07:41.506,0.00,0.00,0.00,0.00,2,0
2026-06-12 20:07:41.556,0.00,0.00,0.00,0.00,2,0
2026-06-12 20:07:41.606,0.00,0.00,0.00,0.00,2,0
2026-06-12 20:07:41.657,0.00,0.00,0.00,0.00,2,0
2026-06-12 20:07:41.707,0.00,0.00,0.00,0.00,2,0
2026-06-12 20:07:41.758,0.00,0.00,0.00,0.00,2,0
2026-06-12 20:07:41.808,0.00,0.00,0.00,0.00,2,0
2026-06-12 20:07:41.858,0.00,0.00,0.00,0.00,2,0
2026-06-12 20:07:41.909,0.00,0.00,0.00,0.00,2,0
2026-06-12 20:07:41.959,0.00,0.00,0.00,0.00,2,0
2026-06-12 20:07:42.010,0.00,0.00,0.00,0.00,2,0
2026-06-12 20:07:42.060,0.00,0.00,0.00,0.00,2,0
2026-06-12 20:07:42.110,0.00,0.00,0.00,0.00,2,0
2026-06-12 20:07:42.161,0.00,0.00,0.00,0.00,2,0
2026-06-12 20:07:42.212,0.00,0.00,0.00,0.00,2,0
2026-06-12 20:07:42.261,0.00,0.00,0.00,0.00,2,0
2026-06-12 20:07:42.312,0.00,0.00,0.00,0.00,2,0
2026-06-12 20:07:42.362,0.00,0.00,0.00,0.00,2,0
2026-06-12 20:07:42.413,0.00,0.00,0.00,0.00,2,0
2026-06-12 20:07:42.463,0.00,0.00,0.00,0.00,2,0
2026-06-12 20:07:42.513,0.00,0.00,0.00,0.00,2,0
2026-06-12 20:07:42.564,0.00,0.00,0.00,0.00,2,0
2026-06-12 20:07:42.614,0.00,0.00,0.00,0.00,2,0
2026-06-12 20:07:42.665,0.00,0.00,0.00,0.00,2,0
2026-06-12 20:07:42.715,0.00,0.00,0.00,0.00,2,0
2026-06-12 20:07:42.766,0.00,0.00,0.00,0.00,2,0
2026-06-12 20:07:42.816,0.00,0.00,0.00,0.00,2,0
2026-06-12 20:07:42.866,0.00,0.00,0.00,0.00,2,0
2026-06-12 20:07:42.917,0.00,0.00,0.00,0.00,2,0
2026-06-12 20:07:42.967,0.00,0.00,0.00,0.00,2,0
2026-06-12 20:07:43.018,0.00,0.00,0.00,0.00,2,0
2026-06-12 20:07:43.068,0.00,0.00,0.00,0.00,2,0
2026-06-12 20:07:43.118,0.00,0.00,0.00,0.00,2,0
2026-06-12 20:07:43.169,0.00,0.00,0.00,0.00,2,0
2026-06-12 20:07:43.219,0.00,0.00,0.00,0.00,2,0
2026-06-12 20:07:43.270,0.00,0.00,0.00,0.00,2,0
2026-06-12 20:07:43.320,0.00,0.00,0.00,0.00,2,0
2026-06-12 20:07:43.371,0.00,0.00,0.00,0.00,2,0
2026-06-12 20:07:43.421,0.00,0.00,0.00,0.00,2,0
2026-06-12 20:07:43.471,0.00,0.00,0.00,0.00,2,0
2026-06-12 20:07:43.521,0.00,0.00,0.00,0.00,2,0
2026-06-12 20:07:43.572,0.00,0.00,0.00,0.00,2,0
2026-06-12 20:07:43.622,0.00,0.00,0.00,0.00,2,0
2026-06-12 20:07:43.673,0.00,0.00,0.00,0.00,2,0
2026-06-12 20:07:43.723,0.00,0.00,0.00,0.00,2,0
2026-06-12 20:07:43.774,0.00,0.00,0.00,0.00,2,0
2026-06-12 20:07:43.824,0.00,0.00,0.00,0.00,2,0
2026-06-12 20:07:43.874,0.00,0.00,0.00,0.00,2,0
2026-06-12 20:07:43.925,0.00,0.00,0.00,0.00,2,0
2026-06-12 20:07:43.975,0.00,0.00,0.00,0.00,2,0
2026-06-12 20:07:44.026,0.00,0.00,0.00,0.00,2,0
2026-06-12 20:07:46.450,0.00,0.00,0.00,0.00,2,0
2026-06-12 20:07:46.500,0.00,0.00,0.00,0.00,2,0
2026-06-12 20:07:46.550,0.00,0.00,0.00,0.00,2,0
2026-06-12 20:07:46.601,0.00,0.00,0.00,0.00,2,0
2026-06-12 20:07:46.651,0.00,0.00,0.00,0.00,2,0
2026-06-12 20:07:46.702,0.00,0.00,0.00,0.00,2,0
2026-06-12 20:07:46.752,0.00,0.00,0.00,0.00,2,0
2026-06-12 20:07:46.802,0.00,0.00,0.00,0.00,2,0
2026-06-12 20:07:46.853,0.00,0.00,0.00,0.00,2,0
2026-06-12 20:07:46.903,0.00,0.00,0.00,0.00,2,0
2026-06-12 20:07:46.954,0.00,0.00,0.00,0.00,2,0
2026-06-12 20:07:47.004,0.00,0.00,0.00,0.00,2,0
2026-06-12 20:07:47.054,0.00,0.00,0.00,0.00,2,0
2026-06-12 20:07:47.105,0.00,0.00,0.00,0.00,2,0
2026-06-12 20:07:47.155,0.00,0.00,0.00,0.00,2,0
2026-06-12 20:07:47.206,0.00,0.00,0.00,0.00,2,0
2026-06-12 20:07:47.256,0.00,0.00,0.00,0.00,2,0
2026-06-12 20:07:47.306,0.00,0.00,0.00,0.00,2,0
2026-06-12 20:07:47.357,0.00,0.00,0.00,0.00,2,0
2026-06-12 20:07:47.407,0.00,0.00,0.00,0.00,2,0
2026-06-12 20:07:47.458,0.00,0.00,0.00,0.00,2,0
2026-06-12 20:07:47.508,0.00,0.00,0.00,0.00,2,0
2026-06-12 20:07:47.558,0.00,0.00,0.00,0.00,2,0
2026-06-12 20:07:47.609,0.00,0.00,0.00,0.00,2,0
2026-06-12 20:07:47.659,0.00,0.00,0.00,0.00,2,0
2026-06-12 20:07:47.710,0.00,0.00,0.00,0.00,2,0
2026-06-12 20:07:47.760,0.00,0.00,0.00,0.00,2,0
2026-06-12 20:07:47.810,0.00,0.00,0.00,0.00,2,0
2026-06-12 20:07:47.861,0.00,0.00,0.00,0.00,2,0
2026-06-12 20:07:47.911,0.00,0.00,0.00,0.00,2,0
2026-06-12 20:07:47.962,0.00,0.00,0.00,0.00,2,0
2026-06-12 20:07:48.012,0.00,0.00,0.00,0.00,2,0
2026-06-12 20:07:48.062,0.00,0.00,0.00,0.00,2,0
2026-06-12 20:07:48.113,0.00,0.00,0.00,0.00,2,0
2026-06-12 20:07:48.163,0.00,0.00,0.00,0.00,2,0
2026-06-12 20:07:48.214,0.00,0.00,0.00,0.00,2,0
2026-06-12 20:07:48.264,0.00,0.00,0.00,0.00,2,0
2026-06-12 20:07:48.314,0.00,0.00,0.00,0.00,2,0
2026-06-12 20:07:48.365,0.00,0.00,0.00,0.00,2,0
2026-06-12 20:07:48.415,0.00,0.00,0.00,0.00,2,0
2026-06-12 20:07:48.466,0.00,0.00,0.00,0.00,2,0
2026-06-12 20:07:48.516,0.00,0.00,0.00,0.00,2,0
2026-06-12 20:07:48.566,0.00,0.00,0.00,0.00,2,0
2026-06-12 20:07:48.617,0.00,0.00,0.00,0.00,2,0
2026-06-12 20:07:48.667,0.00,0.00,0.00,0.00,2,0
2026-06-12 20:07:48.718,0.00,0.00,0.00,0.00,2,0
2026-06-12 20:07:48.768,0.00,0.00,0.00,0.00,2,0
2026-06-12 20:07:48.819,0.00,0.00,0.00,0.00,2,0
2026-06-12 20:07:48.869,0.00,0.00,0.00,0.00,2,0
2026-06-12 20:07:48.919,0.00,0.00,0.00,0.00,2,0
2026-06-12 20:07:48.970,0.00,0.00,0.00,0.00,2,0
2026-06-12 20:07:49.021,0.00,0.00,0.00,0.00,2,0
2026-06-12 20:07:49.070,0.00,0.00,0.00,0.00,2,0
2026-06-12 20:07:49.121,0.00,0.00,0.00,0.00,2,0
2026-06-12 20:07:49.171,0.00,0.00,0.00,0.00,2,0
2026-06-12 20:07:49.222,0.00,0.00,0.00,0.00,2,0
2026-06-12 20:07:49.272,0.00,0.00,0.00,0.00,2,0
2026-06-12 20:07:49.322,0.00,0.00,0.00,0.00,2,0
2026-06-12 20:07:49.373,0.00,0.00,0.00,0.00,2,0
2026-06-12 20:07:49.423,0.00,0.00,0.00,0.00,2,0
2026-06-12 20:07:49.474,0.00,0.00,0.00,0.00,2,0
2026-06-12 20:07:49.524,0.00,0.00,0.00,0.00,2,0
2026-06-12 20:07:49.574,0.00,0.00,0.00,0.00,2,0
2026-06-12 20:07:49.625,0.00,0.00,0.00,0.00,2,0
2026-06-12 20:07:49.675,0.00,0.00,0.00,0.00,2,0
2026-06-12 20:07:49.726,0.00,0.00,0.00,0.00,2,0
2026-06-12 20:07:49.776,0.00,0.00,0.00,0.00,2,0
2026-06-12 20:07:49.826,0.00,0.00,0.00,0.00,2,0
2026-06-12 20:07:49.877,0.00,0.00,0.00,0.00,2,0
2026-06-12 20:07:49.927,0.00,0.00,0.00,0.00,2,0
2026-06-12 20:07:49.977,0.00,0.00,0.00,0.00,2,0
2026-06-12 20:07:50.028,0.00,0.00,0.00,0.00,2,0
2026-06-12 20:07:50.078,0.00,0.00,0.00,0.00,2,0
2026-06-12 20:07:50.129,0.00,0.00,0.00,0.00,2,0
2026-06-12 20:07:50.179,0.00,0.00,0.00,0.00,2,0
2026-06-12 20:07:50.230,0.00,0.00,0.00,0.00,2,0
2026-06-12 20:07:50.280,0.00,0.00,0.00,0.00,2,0
2026-06-12 20:07:50.330,0.00,0.00,0.00,0.00,2,0
2026-06-12 20:07:50.381,0.00,0.00,0.00,0.00,2,0
2026-06-12 20:07:50.431,0.00,0.00,0.00,0.00,2,0
2026-06-12 20:07:50.482,0.00,0.00,0.00,0.00,2,0
2026-06-12 20:07:50.532,0.00,0.00,0.00,0.00,2,0
2026-06-12 20:07:50.582,0.00,0.00,0.00,0.00,2,0
2026-06-12 20:07:50.633,0.00,0.00,0.00,0.00,2,0
2026-06-12 20:07:50.683,0.00,0.00,0.00,0.00,2,0
2026-06-12 20:07:50.734,0.00,0.00,0.00,0.00,2,0
2026-06-12 20:07:50.784,0.00,0.00,0.00,0.00,2,0
2026-06-12 20:07:50.834,0.00,0.00,0.00,0.00,2,0
2026-06-12 20:07:50.885,0.00,0.00,0.00,0.00,2,0
2026-06-12 20:07:50.935,0.00,0.00,0.00,0.00,2,0
2026-06-12 20:07:50.985,0.00,0.00,0.00,0.00,2,0
2026-06-12 20:07:51.036,0.00,0.00,0.00,0.00,2,0
2026-06-12 20:07:51.086,0.00,0.00,0.00,0.00,2,0
2026-06-12 20:07:51.137,0.00,0.00,0.00,0.00,2,0
2026-06-12 20:07:51.187,0.00,0.00,0.00,0.00,2,0
2026-06-12 20:07:51.237,0.00,0.00,0.00,0.00,2,0
2026-06-12 20:07:51.288,0.00,0.00,0.00,0.00,2,0
2026-06-12 20:07:51.338,0.00,0.00,0.00,0.00,2,0
2026-06-12 20:07:51.389,0.00,0.00,0.00,0.00,2,0
2026-06-12 20:07:51.439,0.00,0.00,0.00,0.00,2,0
2026-06-12 20:07:51.490,0.00,0.00,0.00,0.00,2,0
2026-06-12 20:07:51.540,0.00,0.00,0.00,0.00,2,0
2026-06-12 20:07:51.591,0.00,0.00,0.00,0.00,2,0
2026-06-12 20:07:51.641,0.00,0.00,0.00,0.00,2,0
2026-06-12 20:07:51.691,0.00,0.00,0.00,0.00,2,0
2026-06-12 20:07:51.742,0.00,0.00,0.00,0.00,2,0
2026-06-12 20:07:51.792,0.00,0.00,0.00,0.00,2,0
2026-06-12 20:07:51.842,0.00,0.00,0.00,0.00,2,0
2026-06-12 20:07:51.893,0.00,0.00,0.00,0.00,2,0
2026-06-12 20:07:51.943,0.00,0.00,0.00,0.00,2,0
2026-06-12 20:07:51.993,0.00,0.00,0.00,0.00,2,0
2026-06-12 20:07:52.044,0.00,0.00,0.00,0.00,2,0
2026-06-12 20:07:52.094,0.00,0.00,0.00,0.00,2,0
2026-06-12 20:07:52.145,0.00,0.00,0.00,0.00,2,0
2026-06-12 20:07:52.195,0.00,0.00,0.00,0.00,2,0
2026-06-12 20:07:52.245,0.00,0.00,0.00,0.00,2,0
2026-06-12 20:07:52.296,0.00,0.00,0.00,0.00,2,0
2026-06-12 20:07:52.346,0.00,0.00,0.00,0.00,2,0
2026-06-12 20:07:52.397,0.00,0.00,0.00,0.00,2,0
2026-06-12 20:07:52.447,0.00,0.00,0.00,0.00,2,0
2026-06-12 20:07:52.497,0.00,0.00,0.00,0.00,2,0
2026-06-12 20:07:52.548,0.00,0.00,0.00,0.00,2,0
2026-06-12 20:07:52.598,0.00,0.00,0.00,0.00,2,0
2026-06-12 20:07:52.649,0.00,0.00,0.00,0.00,2,0
2026-06-12 20:07:52.699,0.00,0.00,0.00,0.00,2,0
2026-06-12 20:07:52.749,0.00,0.00,0.00,0.00,2,0
2026-06-12 20:07:52.800,0.00,0.00,0.00,0.00,2,0
2026-06-12 20:07:52.850,0.00,0.00,0.00,0.00,2,0
2026-06-12 20:07:52.901,0.00,0.00,0.00,0.00,2,0
2026-06-12 20:07:52.951,0.00,0.00,0.00,0.00,2,0
2026-06-12 20:07:53.001,0.00,0.00,0.00,0.00,2,0
2026-06-12 20:07:53.052,0.00,0.00,0.00,0.00,2,0
2026-06-12 20:07:53.102,0.00,0.00,0.00,0.00,2,0
2026-06-12 20:07:53.153,0.00,0.00,0.00,0.00,2,0
2026-06-12 20:07:53.203,0.00,0.00,0.00,0.00,2,0
2026-06-12 20:07:53.253,0.00,0.00,0.00,0.00,2,0
2026-06-12 20:07:53.304,0.00,0.00,0.00,0.00,2,0
2026-06-12 20:07:53.354,0.00,0.00,0.00,0.00,2,0
2026-06-12 20:07:53.405,0.00,0.00,0.00,0.00,2,0
2026-06-12 20:07:53.455,0.00,0.00,0.00,0.00,2,0
2026-06-12 20:07:53.505,0.00,0.00,0.00,0.00,2,0
2026-06-12 20:07:53.556,0.00,0.00,0.00,0.00,2,0
2026-06-12 20:07:53.606,0.00,0.00,0.00,0.00,2,0
2026-06-12 20:07:53.657,0.00,0.00,0.00,0.00,2,0
2026-06-12 20:07:53.707,0.00,0.00,0.00,0.00,2,0
2026-06-12 20:07:53.757,0.00,0.00,0.00,0.00,2,0
2026-06-12 20:07:53.808,0.00,0.00,0.00,0.00,2,0
2026-06-12 20:07:53.858,0.00,0.00,0.00,0.00,2,0
2026-06-12 20:07:53.909,0.00,0.00,0.00,0.00,2,0
2026-06-12 20:07:53.959,0.00,0.00,0.00,0.00,2,0
2026-06-12 20:07:54.010,0.00,0.00,0.00,0.00,2,0
2026-06-12 20:07:54.060,0.00,0.00,0.00,0.00,2,0
2026-06-12 20:07:54.110,0.00,0.00,0.00,0.00,2,0
2026-06-12 20:07:54.161,0.00,0.00,0.00,0.00,2,0
2026-06-12 20:07:54.211,0.00,0.00,0.00,0.00,2,0
2026-06-12 20:07:54.261,0.00,0.00,0.00,0.00,2,0
2026-06-12 20:07:54.312,0.00,0.00,0.00,0.00,2,0
2026-06-12 20:07:54.362,0.00,0.00,0.00,0.00,2,0
2026-06-12 20:07:54.413,0.00,0.00,0.00,0.00,2,0
2026-06-12 20:07:54.463,0.00,0.00,0.00,0.00,2,0
2026-06-12 20:07:54.513,0.00,0.00,0.00,0.00,2,0
2026-06-12 20:07:54.564,0.00,0.00,0.00,0.00,2,0
2026-06-12 20:07:54.614,0.00,0.00,0.00,0.00,2,0
2026-06-12 20:07:54.665,0.00,0.00,0.00,0.00,2,0
2026-06-12 20:07:54.715,0.00,0.00,0.00,0.00,2,0
2026-06-12 20:07:54.765,0.00,0.00,0.00,0.00,2,0
2026-06-12 20:07:54.816,0.00,0.00,0.00,0.00,2,0
2026-06-12 20:07:54.866,0.00,0.00,0.00,0.00,2,0
2026-06-12 20:07:54.917,0.00,0.00,0.00,0.00,2,0
2026-06-12 20:07:54.967,0.00,0.00,0.00,0.00,2,0
2026-06-12 20:07:55.017,0.00,0.00,0.00,0.00,2,0
2026-06-12 20:07:55.068,0.00,0.00,0.00,0.00,2,0
2026-06-12 20:07:55.118,0.00,0.00,0.00,0.00,2,0
2026-06-12 20:07:55.169,0.00,0.00,0.00,0.00,2,0
2026-06-12 20:07:55.219,0.00,0.00,0.00,0.00,2,0
2026-06-12 20:07:55.270,0.00,0.00,0.00,0.00,2,0
2026-06-12 20:07:55.321,0.00,0.00,0.00,0.00,2,0
2026-06-12 20:07:55.370,0.00,0.00,0.00,0.00,2,0
2026-06-12 20:07:55.421,0.00,0.00,0.00,0.00,2,0
2026-06-12 20:07:55.471,0.00,0.00,0.00,0.00,2,0
2026-06-12 20:07:55.522,0.00,0.00,0.00,0.00,2,0
2026-06-12 20:07:55.572,0.00,0.00,0.00,0.00,2,0
2026-06-12 20:07:55.622,0.00,0.00,0.00,0.00,2,0
2026-06-12 20:07:55.673,0.00,0.00,0.00,0.00,2,0
2026-06-12 20:07:55.723,0.00,0.00,0.00,0.00,2,0
2026-06-12 20:07:55.773,0.00,0.00,0.00,0.00,2,0
2026-06-12 20:07:55.824,0.00,0.00,0.00,0.00,2,0
2026-06-12 20:07:55.874,0.00,0.00,0.00,0.00,2,0
2026-06-12 20:07:55.925,0.00,0.00,0.00,0.00,2,0
2026-06-12 20:07:55.975,0.00,0.00,0.00,0.00,2,0
2026-06-12 20:07:56.025,0.00,0.00,0.00,0.00,2,0
2026-06-12 20:07:56.076,0.00,0.00,0.00,0.00,2,0
2026-06-12 20:07:56.126,0.00,0.00,0.00,0.00,2,0
2026-06-12 20:07:56.177,0.00,0.00,0.00,0.00,2,0
2026-06-12 20:07:56.227,0.00,0.00,0.00,0.00,2,0
2026-06-12 20:07:56.277,0.00,0.00,0.00,0.00,2,0
2026-06-12 20:07:56.328,0.00,0.00,0.00,0.00,2,0
2026-06-12 20:07:56.378,0.00,0.00,0.00,0.00,2,0
2026-06-12 20:07:56.429,0.00,0.00,0.00,0.00,2,0
2026-06-12 20:07:56.479,0.00,0.00,0.00,0.00,2,0
2026-06-12 20:07:56.530,0.00,0.00,0.00,0.00,2,0
2026-06-12 20:07:56.580,0.00,0.00,0.00,0.00,2,0
2026-06-12 20:07:56.630,0.00,0.00,0.00,0.00,2,0
2026-06-12 20:07:56.681,0.00,0.00,0.00,0.00,2,0
2026-06-12 20:07:56.731,0.00,0.00,0.00,0.00,2,0
2026-06-12 20:07:56.781,0.00,0.00,0.00,0.00,2,0
2026-06-12 20:07:56.832,0.00,0.00,0.00,0.00,2,0
2026-06-12 20:07:56.882,0.00,0.00,0.00,0.00,2,0
2026-06-12 20:07:56.933,0.00,0.00,0.00,0.00,2,0
2026-06-12 20:07:56.983,0.00,0.00,0.00,0.00,2,0
2026-06-12 20:07:57.033,0.00,0.00,0.00,0.00,2,0
2026-06-12 20:07:57.084,0.00,0.00,0.00,0.00,2,0
2026-06-12 20:07:57.134,0.00,0.00,0.00,0.00,2,0
2026-06-12 20:07:57.185,0.00,0.00,0.00,0.00,2,0
2026-06-12 20:07:57.235,0.00,0.00,0.00,0.00,2,0
2026-06-12 20:07:57.285,0.00,0.00,0.00,0.00,2,0
2026-06-12 20:07:57.336,0.00,0.00,0.00,0.00,2,0
2026-06-12 20:07:57.386,0.00,0.00,0.00,0.00,2,0
2026-06-12 20:07:57.437,0.00,0.00,0.00,0.00,2,0
2026-06-12 20:07:57.487,0.00,0.00,0.00,0.00,2,0
2026-06-12 20:07:57.537,0.00,0.00,0.00,0.00,2,0
2026-06-12 20:07:57.588,0.00,0.00,0.00,0.00,2,0
2026-06-12 20:07:57.638,0.00,0.00,0.00,0.00,2,0
2026-06-12 20:07:57.689,0.00,0.00,0.00,0.00,2,0
2026-06-12 20:07:57.739,0.00,0.00,0.00,0.00,2,0
2026-06-12 20:07:57.789,0.00,0.00,0.00,0.00,2,0
2026-06-12 20:07:57.840,0.00,0.00,0.00,0.00,2,0
2026-06-12 20:07:57.890,0.00,0.00,0.00,0.00,2,0
2026-06-12 20:07:57.941,0.00,0.00,0.00,0.00,2,0
2026-06-12 20:07:57.991,0.00,0.00,0.00,0.00,2,0
2026-06-12 20:07:58.041,0.00,0.00,0.00,0.00,2,0
2026-06-12 20:07:58.092,0.00,0.00,0.00,0.00,2,0
2026-06-12 20:07:58.142,0.00,0.00,0.00,0.00,2,0
2026-06-12 20:07:58.193,0.00,0.00,0.00,0.00,2,0
2026-06-12 20:07:58.243,0.00,0.00,0.00,0.00,2,0
2026-06-12 20:07:58.293,0.00,0.00,0.00,0.00,2,0
2026-06-12 20:07:58.344,0.00,0.00,0.00,0.00,2,0
2026-06-12 20:07:58.394,0.00,0.00,0.00,0.00,2,0
2026-06-12 20:07:58.445,0.00,0.00,0.00,0.00,2,0
2026-06-12 20:07:58.495,0.00,0.00,0.00,0.00,2,0
2026-06-12 20:07:58.546,0.00,0.00,0.00,0.00,2,0
2026-06-12 20:07:58.596,0.00,0.00,0.00,0.00,2,0
2026-06-12 20:07:58.646,0.00,0.00,0.00,0.00,2,0
2026-06-12 20:07:58.697,0.00,0.00,0.00,0.00,2,0
2026-06-12 20:07:58.747,0.00,0.00,0.00,0.00,2,0
2026-06-12 20:07:58.797,0.00,0.00,0.00,0.00,2,0
2026-06-12 20:07:58.848,0.00,0.00,0.00,0.00,2,0
2026-06-12 20:07:58.898,0.00,0.00,0.00,0.00,2,0
2026-06-12 20:07:58.949,0.00,0.00,0.00,0.00,2,0
2026-06-12 20:07:58.999,0.00,0.00,0.00,0.00,2,0
2026-06-12 20:07:59.050,0.00,0.00,0.00,0.00,2,0
2026-06-12 20:07:59.100,0.00,0.00,0.00,0.00,2,0
2026-06-12 20:07:59.150,0.00,0.00,0.00,0.00,2,0
2026-06-12 20:07:59.200,0.00,0.00,0.00,0.00,2,0
2026-06-12 20:07:59.251,0.00,0.00,0.00,0.00,2,0
2026-06-12 20:07:59.301,0.00,0.00,0.00,0.00,2,0
2026-06-12 20:07:59.352,0.00,0.00,0.00,0.00,2,0
2026-06-12 20:07:59.402,0.00,0.00,0.00,0.00,2,0
2026-06-12 20:07:59.453,0.00,0.00,0.00,0.00,2,0
2026-06-12 20:07:59.503,0.00,0.00,0.00,0.00,2,0
2026-06-12 20:07:59.553,0.00,0.00,0.00,0.00,2,0
2026-06-12 20:07:59.604,0.00,0.00,0.00,0.00,2,0
2026-06-12 20:07:59.654,0.00,0.00,0.00,0.00,2,0
2026-06-12 20:07:59.705,0.00,0.00,0.00,0.00,2,0
2026-06-12 20:07:59.755,0.00,0.00,0.00,0.00,2,0
2026-06-12 20:07:59.805,0.00,0.00,0.00,0.00,2,0
2026-06-12 20:07:59.856,0.00,0.00,0.00,0.00,2,0
2026-06-12 20:07:59.906,0.00,0.00,0.00,0.00,2,0
2026-06-12 20:07:59.957,0.00,0.00,0.00,0.00,2,0
2026-06-12 20:08:00.007,0.00,0.00,0.00,0.00,2,0
2026-06-12 20:08:00.057,0.00,0.00,0.00,0.00,2,0
2026-06-12 20:08:00.108,0.00,0.00,0.00,0.00,2,0
2026-06-12 20:08:00.158,0.00,0.00,0.00,0.00,2,0
2026-06-12 20:08:00.209,0.00,0.00,0.00,0.00,2,0
2026-06-12 20:08:00.259,0.00,0.00,0.00,0.00,2,0
2026-06-12 20:08:00.310,0.00,0.00,0.00,0.00,2,0
2026-06-12 20:08:00.360,0.00,0.00,0.00,0.00,2,0
2026-06-12 20:08:00.410,0.00,0.00,0.00,0.00,2,0
2026-06-12 20:08:00.460,0.00,0.00,0.00,0.00,2,0
2026-06-12 20:08:00.511,0.00,0.00,0.00,0.00,2,0
2026-06-12 20:08:00.561,0.00,0.00,0.00,0.00,2,0
2026-06-12 20:08:00.612,0.00,0.00,0.00,0.00,2,0
2026-06-12 20:08:00.662,0.00,0.00,0.00,0.00,2,0
2026-06-12 20:08:00.713,0.00,0.00,0.00,0.00,2,0
2026-06-12 20:08:00.763,0.00,0.00,0.00,0.00,2,0
2026-06-12 20:08:00.813,0.00,0.00,0.00,0.00,2,0
2026-06-12 20:08:00.864,0.00,0.00,0.00,0.00,2,0
2026-06-12 20:08:00.914,0.00,0.00,0.00,0.00,2,0
2026-06-12 20:08:00.965,0.00,0.00,0.00,0.00,2,0
2026-06-12 20:08:01.015,0.00,0.00,0.00,0.00,2,0
2026-06-12 20:08:01.065,0.00,0.00,0.00,0.00,2,0
2026-06-12 20:08:01.116,0.00,0.00,0.00,0.00,2,0
2026-06-12 20:08:01.166,0.00,0.00,0.00,0.00,2,0
2026-06-12 20:08:01.216,0.00,0.00,0.00,0.00,2,0
2026-06-12 20:08:01.267,0.00,0.00,0.00,0.00,2,0
2026-06-12 20:08:01.317,0.00,0.00,0.00,0.00,2,0
2026-06-12 20:08:01.368,0.00,0.00,0.00,0.00,2,0
2026-06-12 20:08:01.418,0.00,0.00,0.00,0.00,2,0
2026-06-12 20:08:01.469,0.00,0.00,0.00,0.00,2,0
2026-06-12 20:08:01.519,0.00,0.00,0.00,0.00,2,0
2026-06-12 20:08:01.569,0.00,0.00,0.00,0.00,2,0
2026-06-12 20:08:01.620,0.00,0.00,0.00,0.00,2,0
2026-06-12 20:08:01.670,0.00,0.00,0.00,0.00,2,0
2026-06-12 20:08:01.720,0.00,0.00,0.00,0.00,2,0
2026-06-12 20:08:01.771,0.00,0.00,0.00,0.00,2,0
2026-06-12 20:08:01.821,0.00,0.00,0.00,0.00,2,0
2026-06-12 20:08:01.872,0.00,0.00,0.00,0.00,2,0
2026-06-12 20:08:01.922,0.00,0.00,0.00,0.00,2,0
2026-06-12 20:08:01.972,0.00,0.00,0.00,0.00,2,0
2026-06-12 20:08:02.023,0.00,0.00,0.00,0.00,2,0
2026-06-12 20:08:02.073,0.00,0.00,0.00,0.00,2,0
2026-06-12 20:08:02.124,0.00,0.00,0.00,0.00,2,0
2026-06-12 20:08:02.174,0.00,0.00,0.00,0.00,2,0
2026-06-12 20:08:02.225,0.00,0.00,0.00,0.00,2,0
2026-06-12 20:08:02.275,0.00,0.00,0.00,0.00,2,0
2026-06-12 20:08:02.325,0.00,0.00,0.00,0.00,2,0
2026-06-12 20:08:02.376,0.00,0.00,0.00,0.00,2,0
2026-06-12 20:08:02.426,0.00,0.00,0.00,0.00,2,0
2026-06-12 20:08:02.477,0.00,0.00,0.00,0.00,2,0
2026-06-12 20:08:02.527,0.00,0.00,0.00,0.00,2,0
2026-06-12 20:08:02.577,0.00,0.00,0.00,0.00,2,0
2026-06-12 20:08:02.628,0.00,0.00,0.00,0.00,2,0
2026-06-12 20:08:02.678,0.00,0.00,0.00,0.00,2,0
2026-06-12 20:08:02.729,0.00,0.00,0.00,0.00,2,0
2026-06-12 20:08:02.779,0.00,0.00,0.00,0.00,2,0
2026-06-12 20:08:02.830,0.00,0.00,0.00,0.00,2,0
2026-06-12 20:08:02.880,0.00,0.00,0.00,0.00,2,0
2026-06-12 20:08:02.930,0.00,0.00,0.00,0.00,2,0
2026-06-12 20:08:02.980,0.00,0.00,0.00,0.00,2,0
2026-06-12 20:08:03.031,0.00,0.00,0.00,0.00,2,0
2026-06-12 20:08:03.081,0.00,0.00,0.00,0.00,2,0
2026-06-12 20:08:03.132,0.00,0.00,0.00,0.00,2,0
2026-06-12 20:08:03.182,0.00,0.00,0.00,0.00,2,0
2026-06-12 20:08:03.232,0.00,0.00,0.00,0.00,2,0
2026-06-12 20:08:03.283,0.00,0.00,0.00,0.00,2,0
2026-06-12 20:08:03.333,0.00,0.00,0.00,0.00,2,0
2026-06-12 20:08:03.384,0.00,0.00,0.00,0.00,2,0
2026-06-12 20:08:03.434,0.00,0.00,0.00,0.00,2,0
2026-06-12 20:08:03.484,0.00,0.00,0.00,0.00,2,0
2026-06-12 20:08:03.535,0.00,0.00,0.00,0.00,2,0
2026-06-12 20:08:03.585,0.00,0.00,0.00,0.00,2,0
2026-06-12 20:08:03.636,0.00,0.00,0.00,0.00,2,0
2026-06-12 20:08:03.686,0.00,0.00,0.00,0.00,2,0
2026-06-12 20:08:03.736,0.00,0.00,0.00,0.00,2,0
2026-06-12 20:08:03.787,0.00,0.00,0.00,0.00,2,0
2026-06-12 20:08:03.837,0.00,0.00,0.00,0.00,2,0
2026-06-12 20:08:03.888,0.00,0.00,0.00,0.00,2,0
2026-06-12 20:08:03.938,0.00,0.00,0.00,0.00,2,0
2026-06-12 20:08:03.989,0.00,0.00,0.00,0.00,2,0
2026-06-12 20:08:04.039,0.00,0.00,0.00,0.00,2,0
2026-06-12 20:08:04.089,0.00,0.00,0.00,0.00,2,0
2026-06-12 20:08:04.140,0.00,0.00,0.00,0.00,2,0
2026-06-12 20:08:04.190,0.00,0.00,0.00,0.00,2,0
2026-06-12 20:08:04.240,0.00,0.00,0.00,0.00,2,0
2026-06-12 20:08:04.291,0.00,0.00,0.00,0.00,2,0
2026-06-12 20:08:04.341,0.00,0.00,0.00,0.00,2,0
2026-06-12 20:08:04.392,0.00,0.00,0.00,0.00,2,0
2026-06-12 20:08:04.442,0.00,0.00,0.00,0.00,2,0
2026-06-12 20:08:04.493,0.00,0.00,0.00,0.00,2,0
2026-06-12 20:08:04.543,0.00,0.00,0.00,0.00,2,0
2026-06-12 20:08:04.593,0.00,0.00,0.00,0.00,2,0
2026-06-12 20:08:04.644,0.00,0.00,0.00,0.00,2,0
2026-06-12 20:08:04.694,0.00,0.00,0.00,0.00,2,0
2026-06-12 20:08:04.744,0.00,0.00,0.00,0.00,2,0
2026-06-12 20:08:04.795,0.00,0.00,0.00,0.00,2,0
2026-06-12 20:08:04.845,0.00,0.00,0.00,0.00,2,0
2026-06-12 20:08:04.896,0.00,0.00,0.00,0.00,2,0
2026-06-12 20:08:04.946,0.00,0.00,0.00,0.00,2,0
2026-06-12 20:08:04.996,0.00,0.00,0.00,0.00,2,0
2026-06-12 20:08:05.047,0.00,0.00,0.00,0.00,2,0
2026-06-12 20:08:05.097,0.00,0.00,0.00,0.00,2,0
2026-06-12 20:08:05.148,0.00,0.00,0.00,0.00,2,0
2026-06-12 20:08:05.198,0.00,0.00,0.00,0.00,2,0
2026-06-12 20:08:05.249,0.00,0.00,0.00,0.00,2,0
2026-06-12 20:08:05.299,0.00,0.00,0.00,0.00,2,0
2026-06-12 20:08:05.350,0.00,0.00,0.00,0.00,2,0
2026-06-12 20:08:05.400,0.00,0.00,0.00,0.00,2,0
2026-06-12 20:08:05.450,0.00,0.00,0.00,0.00,2,0
2026-06-12 20:08:05.500,0.00,0.00,0.00,0.00,2,0
2026-06-12 20:08:05.551,0.00,0.00,0.00,0.00,2,0
2026-06-12 20:08:05.601,0.00,0.00,0.00,0.00,2,0
2026-06-12 20:08:05.652,0.00,0.00,0.00,0.00,2,0
2026-06-12 20:08:05.702,0.00,0.00,0.00,0.00,2,0
2026-06-12 20:08:05.752,0.00,0.00,0.00,0.00,2,0
2026-06-12 20:08:05.803,0.00,0.00,0.00,0.00,2,0
2026-06-12 20:08:05.853,0.00,0.00,0.00,0.00,2,0
2026-06-12 20:08:05.904,0.00,0.00,0.00,0.00,2,0
2026-06-12 20:08:05.954,0.00,0.00,0.00,0.00,2,0
2026-06-12 20:08:06.004,0.00,0.00,0.00,0.00,2,0
2026-06-12 20:08:06.055,0.00,0.00,0.00,0.00,2,0
2026-06-12 20:08:06.105,0.00,0.00,0.00,0.00,2,0
2026-06-12 20:08:06.156,0.00,0.00,0.00,0.00,2,0
2026-06-12 20:08:06.206,0.00,0.00,0.00,0.00,2,0
2026-06-12 20:08:06.256,0.00,0.00,0.00,0.00,2,0
2026-06-12 20:08:06.307,0.00,0.00,0.00,0.00,2,0
2026-06-12 20:08:06.357,0.00,0.00,0.00,0.00,2,0
2026-06-12 20:08:06.408,0.00,0.00,0.00,0.00,2,0
2026-06-12 20:08:06.458,0.00,0.00,0.00,0.00,2,0
2026-06-12 20:08:06.508,0.00,0.00,0.00,0.00,2,0
2026-06-12 20:08:06.559,0.00,0.00,0.00,0.00,2,0
