Timestamp,Speed_kmh,Accel_ms2,Raw_RPM,Filtered_RPM,Brake_State,Control_Mode
2026-06-12 16:44:23.340,0.00,0.00,0.00,0.00,0,0
2026-06-12 16:44:23.390,0.00,0.00,0.00,0.00,0,2
2026-06-12 16:44:23.441,0.00,0.00,0.00,0.00,2,0
2026-06-12 16:44:23.491,0.00,0.00,0.00,0.00,2,0
2026-06-12 16:44:23.541,0.00,0.00,0.00,0.00,2,0
2026-06-12 16:44:23.592,0.00,0.00,0.00,0.00,2,0
2026-06-12 16:44:23.642,0.00,0.00,0.00,0.00,2,0
2026-06-12 16:44:23.693,0.00,0.00,0.00,0.00,2,0
2026-06-12 16:44:23.743,0.00,0.00,0.00,0.00,2,0
2026-06-12 16:44:23.793,0.00,0.00,0.00,0.00,2,0
2026-06-12 16:44:23.844,0.00,0.00,0.00,0.00,2,0
2026-06-12 16:44:23.894,0.00,0.00,0.00,0.00,2,0
2026-06-12 16:44:23.945,0.00,0.00,0.00,0.00,2,0
2026-06-12 16:44:23.995,0.00,0.00,0.00,0.00,2,0
2026-06-12 16:44:24.046,0.00,0.00,0.00,0.00,2,0
2026-06-12 16:44:24.097,0.00,0.00,0.00,0.00,2,0
2026-06-12 16:44:24.147,0.00,0.00,0.00,0.00,2,0
2026-06-12 16:44:24.197,0.00,0.00,0.00,0.00,2,0
2026-06-12 16:44:24.247,0.00,0.00,0.00,0.00,2,0
2026-06-12 16:44:24.297,0.00,0.00,0.00,0.00,2,0
2026-06-12 16:44:24.348,0.00,0.00,0.00,0.00,2,0
2026-06-12 16:44:24.398,0.00,0.00,0.00,0.00,2,0
2026-06-12 16:44:24.449,0.00,0.00,0.00,0.00,2,0
2026-06-12 16:44:24.499,0.00,0.00,0.00,0.00,2,0
2026-06-12 16:44:24.549,0.00,0.00,0.00,0.00,2,0
2026-06-12 16:44:24.600,0.00,0.00,0.00,0.00,2,0
2026-06-12 16:44:24.650,0.00,0.00,0.00,0.00,2,0
2026-06-12 16:44:24.701,0.00,0.00,0.00,0.00,2,0
2026-06-12 16:44:24.751,0.00,0.00,0.00,0.00,2,0
2026-06-12 16:44:24.801,0.00,0.00,0.00,0.00,2,0
2026-06-12 16:44:24.852,0.00,0.00,0.00,0.00,2,0
2026-06-12 16:44:24.902,0.00,0.00,0.00,0.00,2,0
2026-06-12 16:44:24.953,0.00,0.00,0.00,0.00,2,0
2026-06-12 16:44:25.003,0.00,0.00,0.00,0.00,2,0
2026-06-12 16:44:25.053,0.00,0.00,0.00,0.00,2,0
2026-06-12 16:44:25.104,0.00,0.00,0.00,0.00,2,0
2026-06-12 16:44:25.154,0.00,0.00,0.00,0.00,2,0
2026-06-12 16:44:25.205,0.00,0.00,0.00,0.00,2,0
2026-06-12 16:44:25.255,0.00,0.00,0.00,0.00,2,0
2026-06-12 16:44:25.305,0.00,0.00,0.00,0.00,2,0
2026-06-12 16:44:25.356,0.00,0.00,0.00,0.00,2,0
2026-06-12 16:44:25.407,0.00,0.00,0.00,0.00,2,0
2026-06-12 16:44:25.457,0.00,0.00,0.00,0.00,2,0
2026-06-12 16:44:25.507,0.00,0.00,0.00,0.00,2,0
2026-06-12 16:44:25.557,0.00,0.00,0.00,0.00,2,0
2026-06-12 16:44:25.608,0.00,0.00,0.00,0.00,2,0
2026-06-12 16:44:25.658,0.00,0.00,0.00,0.00,2,0
2026-06-12 16:44:25.708,0.00,0.00,0.00,0.00,2,0
2026-06-12 16:44:25.759,0.00,0.00,0.00,0.00,2,0
2026-06-12 16:44:25.809,0.00,0.00,0.00,0.00,2,0
2026-06-12 16:44:25.860,0.00,0.00,0.00,0.00,2,0
2026-06-12 16:44:25.910,0.00,0.00,0.00,0.00,2,0
2026-06-12 16:44:25.960,0.00,0.00,0.00,0.00,2,0
2026-06-12 16:44:26.011,0.00,0.00,0.00,0.00,2,0
2026-06-12 16:44:26.061,0.00,0.00,0.00,0.00,2,0
2026-06-12 16:44:26.112,0.00,0.00,0.00,0.00,2,0
2026-06-12 16:44:26.162,0.00,0.00,0.00,0.00,2,0
2026-06-12 16:44:26.212,0.00,0.00,0.00,0.00,2,0
2026-06-12 16:44:26.263,0.00,0.00,0.00,0.00,2,0
2026-06-12 16:44:26.313,0.00,0.00,0.00,0.00,2,0
2026-06-12 16:44:26.364,0.00,0.00,0.00,0.00,2,0
2026-06-12 16:44:26.414,0.00,0.00,0.00,0.00,2,0
2026-06-12 16:44:26.464,0.00,0.00,0.00,0.00,2,0
2026-06-12 16:44:26.515,0.00,0.00,0.00,0.00,2,0
2026-06-12 16:44:26.565,0.00,0.00,0.00,0.00,2,0
2026-06-12 16:44:26.617,0.00,0.00,0.00,0.00,2,0
2026-06-12 16:44:26.667,0.00,0.00,0.00,0.00,2,0
2026-06-12 16:44:26.717,0.00,0.00,0.00,0.00,2,0
2026-06-12 16:44:26.767,0.00,0.00,0.00,0.00,2,0
2026-06-12 16:44:26.818,0.00,0.00,0.00,0.00,2,0
2026-06-12 16:44:26.868,0.00,0.00,0.00,0.00,2,0
2026-06-12 16:44:26.918,0.00,0.00,0.00,0.00,2,0
2026-06-12 16:44:26.968,0.00,0.00,0.00,0.00,2,0
2026-06-12 16:44:27.019,0.00,0.00,0.00,0.00,2,0
2026-06-12 16:44:27.069,0.00,0.00,0.00,0.00,2,0
2026-06-12 16:44:27.120,0.00,0.00,0.00,0.00,2,0
2026-06-12 16:44:27.170,0.00,0.00,0.00,0.00,2,0
2026-06-12 16:44:27.220,0.00,0.00,0.00,0.00,2,0
2026-06-12 16:44:27.271,0.00,0.00,0.00,0.00,2,0
2026-06-12 16:44:27.321,0.00,0.00,0.00,0.00,2,0
2026-06-12 16:44:27.372,0.00,0.00,0.00,0.00,2,0
2026-06-12 16:44:27.422,0.00,0.00,0.00,0.00,2,0
2026-06-12 16:44:27.472,0.00,0.00,0.00,0.00,2,0
2026-06-12 16:44:27.523,0.00,0.00,0.00,0.00,2,0
2026-06-12 16:44:27.573,0.00,0.00,0.00,0.00,2,0
2026-06-12 16:44:27.624,0.00,0.00,0.00,0.00,2,0
2026-06-12 16:44:27.674,0.00,0.00,0.00,0.00,2,0
2026-06-12 16:44:27.724,0.00,0.00,0.00,0.00,2,0
2026-06-12 16:44:27.775,0.00,0.00,0.00,0.00,2,0
2026-06-12 16:44:27.825,0.00,0.00,0.00,0.00,2,0
2026-06-12 16:44:27.876,0.00,0.00,0.00,0.00,2,0
2026-06-12 16:44:27.927,0.00,0.00,0.00,0.00,2,0
2026-06-12 16:44:27.977,0.00,0.00,0.00,0.00,2,0
2026-06-12 16:44:28.027,0.00,0.00,0.00,0.00,2,0
2026-06-12 16:44:28.077,0.00,0.00,0.00,0.00,2,0
2026-06-12 16:44:28.127,0.00,0.00,0.00,0.00,2,0
2026-06-12 16:44:28.178,0.00,0.00,0.00,0.00,2,0
2026-06-12 16:44:28.228,0.00,0.00,0.00,0.00,2,0
2026-06-12 16:44:28.279,0.00,0.00,0.00,0.00,2,0
2026-06-12 16:44:28.329,0.00,0.00,0.00,0.00,2,0
2026-06-12 16:44:28.379,0.00,0.00,0.00,0.00,2,0
2026-06-12 16:44:28.430,0.00,0.00,0.00,0.00,2,0
2026-06-12 16:44:28.480,0.00,0.00,0.00,0.00,2,0
2026-06-12 16:44:28.531,0.00,0.00,0.00,0.00,2,0
2026-06-12 16:44:28.581,0.00,0.00,0.00,0.00,2,0
2026-06-12 16:44:28.631,0.00,0.00,0.00,0.00,2,0
2026-06-12 16:44:28.682,0.00,0.00,0.00,0.00,2,0
2026-06-12 16:44:28.732,0.00,0.00,0.00,0.00,2,0
2026-06-12 16:44:28.783,0.00,0.00,0.00,0.00,2,0
2026-06-12 16:44:28.833,0.00,0.00,0.00,0.00,2,0
2026-06-12 16:44:28.883,0.00,0.00,0.00,0.00,2,0
2026-06-12 16:44:28.934,0.00,0.00,0.00,0.00,2,0
2026-06-12 16:44:28.984,0.00,0.00,0.00,0.00,2,0
2026-06-12 16:44:29.035,0.00,0.00,0.00,0.00,2,0
2026-06-12 16:44:29.085,0.00,0.00,0.00,0.00,2,0
2026-06-12 16:44:29.135,0.00,0.00,0.00,0.00,2,0
2026-06-12 16:44:29.186,0.00,0.00,0.00,0.00,2,0
2026-06-12 16:44:29.237,0.00,0.00,0.00,0.00,2,0
2026-06-12 16:44:29.287,0.00,0.00,0.00,0.00,2,0
2026-06-12 16:44:29.337,0.00,0.00,0.00,0.00,2,0
2026-06-12 16:44:29.387,0.00,0.00,0.00,0.00,2,0
2026-06-12 16:44:29.438,0.00,0.00,0.00,0.00,2,0
2026-06-12 16:44:29.488,0.00,0.00,0.00,0.00,2,0
2026-06-12 16:44:29.539,0.00,0.00,0.00,0.00,2,0
2026-06-12 16:44:29.589,0.00,0.00,0.00,0.00,2,0
2026-06-12 16:44:29.639,0.00,0.00,0.00,0.00,2,0
2026-06-12 16:44:29.690,0.00,0.00,0.00,0.00,2,0
2026-06-12 16:44:29.740,0.00,0.00,0.00,0.00,2,0
2026-06-12 16:44:29.791,0.00,0.00,0.00,0.00,2,0
2026-06-12 16:44:29.841,0.00,0.00,0.00,0.00,2,0
2026-06-12 16:44:29.891,0.00,0.00,0.00,0.00,2,0
2026-06-12 16:44:29.942,0.00,0.00,0.00,0.00,2,0
2026-06-12 16:44:29.992,0.00,0.00,0.00,0.00,2,0
2026-06-12 16:44:30.043,0.00,0.00,0.00,0.00,2,0
2026-06-12 16:44:30.093,0.00,0.00,0.00,0.00,2,0
2026-06-12 16:44:30.143,0.00,0.00,0.00,0.00,2,0
2026-06-12 16:44:30.194,0.00,0.00,0.00,0.00,2,0
2026-06-12 16:44:30.244,0.00,0.00,0.00,0.00,2,0
2026-06-12 16:44:30.295,0.00,0.00,0.00,0.00,2,0
2026-06-12 16:44:30.345,0.00,0.00,0.00,0.00,2,0
2026-06-12 16:44:30.395,0.00,0.00,0.00,0.00,2,0
2026-06-12 16:44:30.446,0.00,0.00,0.00,0.00,2,0
2026-06-12 16:44:30.497,0.00,0.00,0.00,0.00,2,0
2026-06-12 16:44:30.547,0.00,0.00,0.00,0.00,2,0
2026-06-12 16:44:30.597,0.00,0.00,0.00,0.00,2,0
2026-06-12 16:44:30.647,0.00,0.00,0.00,0.00,2,0
2026-06-12 16:44:30.698,0.00,0.00,0.00,0.00,2,0
2026-06-12 16:44:30.748,0.00,0.00,0.00,0.00,2,0
2026-06-12 16:44:30.798,0.00,0.00,0.00,0.00,2,0
2026-06-12 16:44:30.849,0.00,0.00,0.00,0.00,2,0
2026-06-12 16:44:30.899,0.00,0.00,0.00,0.00,2,0
2026-06-12 16:44:30.950,0.00,0.00,0.00,0.00,2,0
2026-06-12 16:44:31.000,0.00,0.00,0.00,0.00,2,0
2026-06-12 16:44:31.050,0.00,0.00,0.00,0.00,2,0
2026-06-12 16:44:31.101,0.00,0.00,0.00,0.00,2,0
2026-06-12 16:44:31.151,0.00,0.00,0.00,0.00,2,0
2026-06-12 16:44:31.202,0.00,0.00,0.00,0.00,2,0
2026-06-12 16:44:31.252,0.00,0.00,0.00,0.00,2,0
2026-06-12 16:44:31.302,0.00,0.00,0.00,0.00,2,0
2026-06-12 16:44:31.353,0.00,0.00,0.00,0.00,2,0
2026-06-12 16:44:31.403,0.00,0.00,0.00,0.00,2,0
2026-06-12 16:44:31.454,0.00,0.00,0.00,0.00,2,0
2026-06-12 16:44:31.504,0.00,0.00,0.00,0.00,2,0
2026-06-12 16:44:31.555,0.00,0.00,0.00,0.00,2,0
2026-06-12 16:44:31.605,0.00,0.00,0.00,0.00,2,0
2026-06-12 16:44:31.655,0.00,0.00,0.00,0.00,2,0
2026-06-12 16:44:31.706,0.00,0.00,0.00,0.00,2,0
2026-06-12 16:44:31.757,0.00,0.00,0.00,0.00,2,0
2026-06-12 16:44:31.807,0.00,0.00,0.00,0.00,2,0
2026-06-12 16:44:31.857,0.00,0.00,0.00,0.00,2,0
2026-06-12 16:44:31.907,0.00,0.00,0.00,0.00,2,0
2026-06-12 16:44:31.958,0.00,0.00,0.00,0.00,2,0
2026-06-12 16:44:32.008,0.00,0.00,0.00,0.00,2,0
2026-06-12 16:44:32.058,0.00,0.00,0.00,0.00,2,0
2026-06-12 16:44:32.109,0.00,0.00,0.00,0.00,2,0
2026-06-12 16:44:32.159,0.00,0.00,0.00,0.00,2,0
2026-06-12 16:44:32.210,0.00,0.00,0.00,0.00,2,0
2026-06-12 16:44:32.260,0.00,0.00,0.00,0.00,2,0
2026-06-12 16:44:32.310,0.00,0.00,0.00,0.00,2,0
2026-06-12 16:44:32.361,0.00,0.00,0.00,0.00,2,0
2026-06-12 16:44:32.411,0.00,0.00,0.00,0.00,2,0
2026-06-12 16:44:32.462,0.00,0.00,0.00,0.00,2,0
2026-06-12 16:44:32.512,0.00,0.00,0.00,0.00,2,0
2026-06-12 16:44:32.562,0.00,0.00,0.00,0.00,2,0
2026-06-12 16:44:32.613,0.00,0.00,0.00,0.00,2,0
2026-06-12 16:44:32.663,0.00,0.00,0.00,0.00,2,0
2026-06-12 16:44:32.714,0.00,0.00,0.00,0.00,2,0
2026-06-12 16:44:32.764,0.00,0.00,0.00,0.00,2,0
2026-06-12 16:44:32.814,0.00,0.00,0.00,0.00,2,0
2026-06-12 16:44:32.865,0.00,0.00,0.00,0.00,2,0
2026-06-12 16:44:32.915,0.00,0.00,0.00,0.00,2,0
2026-06-12 16:44:32.966,0.00,0.00,0.00,0.00,2,0
2026-06-12 16:44:33.017,0.00,0.00,0.00,0.00,2,0
2026-06-12 16:44:33.067,0.00,0.00,0.00,0.00,2,0
2026-06-12 16:44:33.117,0.00,0.00,0.00,0.00,2,0
2026-06-12 16:44:33.167,0.00,0.00,0.00,0.00,2,0
2026-06-12 16:44:33.217,0.00,0.00,0.00,0.00,2,0
2026-06-12 16:44:33.268,0.00,0.00,0.00,0.00,2,0
2026-06-12 16:44:33.318,0.00,0.00,0.00,0.00,2,0
2026-06-12 16:44:33.369,0.00,0.00,0.00,0.00,2,0
2026-06-12 16:44:33.419,0.00,0.00,0.00,0.00,2,0
2026-06-12 16:44:33.469,0.00,0.00,0.00,0.00,2,0
2026-06-12 16:44:33.520,0.00,0.00,0.00,0.00,2,0
2026-06-12 16:44:33.570,0.00,0.00,0.00,0.00,2,0
2026-06-12 16:44:33.621,0.00,0.00,0.00,0.00,2,0
2026-06-12 16:44:33.671,0.00,0.00,0.00,0.00,2,0
2026-06-12 16:44:33.722,0.00,0.00,0.00,0.00,2,0
2026-06-12 16:44:33.772,0.00,0.00,0.00,0.00,2,0
2026-06-12 16:44:33.822,0.00,0.00,0.00,0.00,2,0
2026-06-12 16:44:33.873,0.00,0.00,0.00,0.00,2,0
2026-06-12 16:44:33.923,0.00,0.00,0.00,0.00,2,0
2026-06-12 16:44:33.973,0.00,0.00,0.00,0.00,2,0
2026-06-12 16:44:34.024,0.00,0.00,0.00,0.00,2,0
2026-06-12 16:44:34.074,0.00,0.00,0.00,0.00,2,0
2026-06-12 16:44:34.125,0.00,0.00,0.00,0.00,2,0
2026-06-12 16:44:34.175,0.00,0.00,0.00,0.00,2,0
2026-06-12 16:44:34.225,0.00,0.00,0.00,0.00,2,0
2026-06-12 16:44:34.276,0.00,0.00,0.00,0.00,2,0
2026-06-12 16:44:34.327,0.00,0.00,0.00,0.00,2,0
2026-06-12 16:44:34.377,0.00,0.00,0.00,0.00,2,0
2026-06-12 16:44:34.427,0.00,0.00,0.00,0.00,2,0
2026-06-12 16:44:34.479,0.00,0.00,0.00,0.00,2,0
2026-06-12 16:44:34.528,0.00,0.00,0.00,0.00,2,0
2026-06-12 16:44:34.586,0.00,0.00,0.00,0.00,2,0
2026-06-12 16:44:34.629,0.00,0.00,0.00,0.00,2,0
2026-06-12 16:44:34.679,0.00,0.00,0.00,0.00,2,0
2026-06-12 16:44:34.729,0.00,0.00,0.00,0.00,2,0
2026-06-12 16:44:34.780,0.00,0.00,0.00,0.00,2,0
2026-06-12 16:44:34.830,0.00,0.00,0.00,0.00,2,0
2026-06-12 16:44:34.881,0.00,0.00,0.00,0.00,2,0
2026-06-12 16:44:34.931,0.00,0.00,0.00,0.00,2,0
2026-06-12 16:44:34.981,0.00,0.00,0.00,0.00,2,0
2026-06-12 16:44:35.032,0.00,0.00,0.00,0.00,2,0
2026-06-12 16:44:35.082,0.00,0.00,0.00,0.00,2,0
2026-06-12 16:44:35.133,0.00,0.00,0.00,0.00,2,0
2026-06-12 16:44:35.183,0.00,0.00,0.00,0.00,2,0
2026-06-12 16:44:35.234,0.00,0.00,0.00,0.00,2,0
2026-06-12 16:44:35.284,0.00,0.00,0.00,0.00,2,0
2026-06-12 16:44:35.334,0.00,0.00,0.00,0.00,2,0
2026-06-12 16:44:35.385,0.00,0.00,0.00,0.00,2,0
2026-06-12 16:44:35.435,0.00,0.00,0.00,0.00,2,0
2026-06-12 16:44:35.485,0.00,0.00,0.00,0.00,2,0
2026-06-12 16:44:35.537,0.00,0.00,0.00,0.00,2,0
2026-06-12 16:44:35.586,0.00,0.00,0.00,0.00,2,0
2026-06-12 16:44:35.637,0.00,0.00,0.00,0.00,2,0
2026-06-12 16:44:35.687,0.00,0.00,0.00,0.00,2,0
2026-06-12 16:44:35.737,0.00,0.00,0.00,0.00,2,0
2026-06-12 16:44:35.788,0.00,0.00,0.00,0.00,2,0
2026-06-12 16:44:35.838,0.00,0.00,0.00,0.00,2,0
2026-06-12 16:44:35.888,0.00,0.00,0.00,0.00,2,0
2026-06-12 16:44:35.939,0.00,0.00,0.00,0.00,2,0
2026-06-12 16:44:35.989,0.00,0.00,0.00,0.00,2,0
2026-06-12 16:44:36.040,0.00,0.00,0.00,0.00,2,0
2026-06-12 16:44:36.090,0.00,0.00,0.00,0.00,2,0
2026-06-12 16:44:36.141,0.00,0.00,0.00,0.00,2,0
2026-06-12 16:44:36.191,0.00,0.00,0.00,0.00,2,0
2026-06-12 16:44:36.241,0.00,0.00,0.00,0.00,2,0
2026-06-12 16:44:36.292,0.00,0.00,0.00,0.00,2,0
2026-06-12 16:44:36.342,0.00,0.00,0.00,0.00,2,0
2026-06-12 16:44:36.393,0.00,0.00,0.00,0.00,2,0
2026-06-12 16:44:36.443,0.00,0.00,0.00,0.00,2,0
2026-06-12 16:44:36.493,0.00,0.00,0.00,0.00,2,0
2026-06-12 16:44:36.544,0.00,0.00,0.00,0.00,2,0
2026-06-12 16:44:36.594,0.00,0.00,0.00,0.00,2,0
2026-06-12 16:44:36.644,0.00,0.00,0.00,0.00,2,0
2026-06-12 16:44:36.695,0.00,0.00,0.00,0.00,2,0
2026-06-12 16:44:36.745,0.00,0.00,0.00,0.00,2,0
2026-06-12 16:44:36.796,0.00,0.00,0.00,0.00,2,0
2026-06-12 16:44:36.846,0.00,0.00,0.00,0.00,2,0
2026-06-12 16:44:36.897,0.00,0.00,0.00,0.00,2,0
2026-06-12 16:44:36.947,0.00,0.00,0.00,0.00,2,0
2026-06-12 16:44:36.997,0.00,0.00,0.00,0.00,2,0
2026-06-12 16:44:37.048,0.00,0.00,0.00,0.00,2,0
2026-06-12 16:44:37.098,0.00,0.00,0.00,0.00,2,0
2026-06-12 16:44:37.148,0.00,0.00,0.00,0.00,2,0
2026-06-12 16:44:37.199,0.00,0.00,0.00,0.00,2,0
2026-06-12 16:44:37.249,0.00,0.00,0.00,0.00,2,0
2026-06-12 16:44:37.300,0.00,0.00,0.00,0.00,2,0
2026-06-12 16:44:37.350,0.00,0.00,0.00,0.00,2,0
2026-06-12 16:44:37.400,0.00,0.00,0.00,0.00,2,0
2026-06-12 16:44:37.451,0.00,0.00,0.00,0.00,2,0
2026-06-12 16:44:37.501,0.00,0.00,0.00,0.00,2,0
2026-06-12 16:44:37.552,0.00,0.00,0.00,0.00,2,0
2026-06-12 16:44:37.602,0.00,0.00,0.00,0.00,2,0
2026-06-12 16:44:37.652,0.00,0.00,0.00,0.00,2,0
2026-06-12 16:44:37.703,0.00,0.00,0.00,0.00,2,0
2026-06-12 16:44:37.753,0.00,0.00,0.00,0.00,2,0
2026-06-12 16:44:37.804,0.00,0.00,0.00,0.00,2,0
2026-06-12 16:44:37.854,0.00,0.00,0.00,0.00,2,0
2026-06-12 16:44:37.904,0.00,0.00,0.00,0.00,2,0
2026-06-12 16:44:37.959,0.00,0.00,0.00,0.00,2,0
2026-06-12 16:44:38.005,0.00,0.00,0.00,0.00,2,0
2026-06-12 16:44:38.056,0.00,0.00,0.00,0.00,2,0
2026-06-12 16:44:38.106,0.00,0.00,0.00,0.00,2,0
2026-06-12 16:44:38.156,0.00,0.00,0.00,0.00,2,0
2026-06-12 16:44:38.207,0.00,0.00,0.00,0.00,2,0
2026-06-12 16:44:38.258,0.00,0.00,0.00,0.00,2,0
2026-06-12 16:44:38.308,0.00,0.00,0.00,0.00,2,0
2026-06-12 16:44:38.358,0.00,0.00,0.00,0.00,2,0
2026-06-12 16:44:38.408,0.00,0.00,0.00,0.00,2,0
2026-06-12 16:44:38.459,0.00,0.00,0.00,0.00,2,0
2026-06-12 16:44:38.509,0.00,0.00,0.00,0.00,2,0
2026-06-12 16:44:38.560,0.00,0.00,0.00,0.00,2,0
2026-06-12 16:44:38.610,0.00,0.00,0.00,0.00,2,0
2026-06-12 16:44:38.660,0.00,0.00,0.00,0.00,2,0
2026-06-12 16:44:38.711,0.00,0.00,0.00,0.00,2,0
2026-06-12 16:44:38.761,0.00,0.00,0.00,0.00,2,0
2026-06-12 16:44:38.813,0.00,0.00,0.00,0.00,2,0
2026-06-12 16:44:38.862,0.00,0.00,0.00,0.00,2,0
2026-06-12 16:44:38.912,0.00,0.00,0.00,0.00,2,0
2026-06-12 16:44:38.963,0.00,0.00,0.00,0.00,2,0
2026-06-12 16:44:39.013,0.00,0.00,0.00,0.00,2,0
2026-06-12 16:44:39.063,0.00,0.00,0.00,0.00,2,0
2026-06-12 16:44:39.114,0.00,0.00,0.00,0.00,2,0
2026-06-12 16:44:39.164,0.00,0.00,0.00,0.00,2,0
2026-06-12 16:44:39.215,0.00,0.00,0.00,0.00,2,0
2026-06-12 16:44:39.265,0.00,0.00,0.00,0.00,2,0
2026-06-12 16:44:39.315,0.00,0.00,0.00,0.00,2,0
2026-06-12 16:44:39.366,0.00,0.00,0.00,0.00,2,0
2026-06-12 16:44:39.417,0.00,0.00,0.00,0.00,2,0
2026-06-12 16:44:39.467,0.00,0.00,0.00,0.00,2,0
2026-06-12 16:44:39.517,0.00,0.00,0.00,0.00,2,0
2026-06-12 16:44:39.567,0.00,0.00,0.00,0.00,2,0
2026-06-12 16:44:39.618,0.00,0.00,0.00,0.00,2,0
2026-06-12 16:44:39.668,0.00,0.00,0.00,0.00,2,0
2026-06-12 16:44:39.719,0.00,0.00,0.00,0.00,2,0
2026-06-12 16:44:39.769,0.00,0.00,0.00,0.00,2,0
2026-06-12 16:44:39.819,0.00,0.00,0.00,0.00,2,0
2026-06-12 16:44:39.870,0.00,0.00,0.00,0.00,2,0
2026-06-12 16:44:39.923,0.00,0.00,0.00,0.00,2,0
2026-06-12 16:44:39.971,0.00,0.00,0.00,0.00,2,0
2026-06-12 16:44:40.021,0.00,0.00,0.00,0.00,2,0
2026-06-12 16:44:40.071,0.00,0.00,0.00,0.00,2,0
2026-06-12 16:44:40.122,0.00,0.00,0.00,0.00,2,0
2026-06-12 16:44:40.172,0.00,0.00,0.00,0.00,2,0
2026-06-12 16:44:40.223,0.00,0.00,0.00,0.00,2,0
2026-06-12 16:44:40.273,0.00,0.00,0.00,0.00,2,0
2026-06-12 16:44:40.323,0.00,0.00,0.00,0.00,2,0
2026-06-12 16:44:40.374,0.00,0.00,0.00,0.00,2,0
2026-06-12 16:44:40.424,0.00,0.00,0.00,0.00,2,0
2026-06-12 16:44:40.474,0.00,0.00,0.00,0.00,2,0
2026-06-12 16:44:40.525,0.00,0.00,0.00,0.00,2,0
2026-06-12 16:44:40.577,0.00,0.00,0.00,0.00,2,0
2026-06-12 16:44:40.626,0.00,0.00,0.00,0.00,2,0
2026-06-12 16:44:40.677,0.00,0.00,0.00,0.00,2,0
2026-06-12 16:44:40.727,0.00,0.00,0.00,0.00,2,0
2026-06-12 16:44:40.777,0.00,0.00,0.00,0.00,2,0
2026-06-12 16:44:40.827,0.00,0.00,0.00,0.00,2,0
2026-06-12 16:44:40.878,0.00,0.00,0.00,0.00,2,0
2026-06-12 16:44:40.928,0.00,0.00,0.00,0.00,2,0
2026-06-12 16:44:40.978,0.00,0.00,0.00,0.00,2,0
2026-06-12 16:44:41.029,0.00,0.00,0.00,0.00,2,0
2026-06-12 16:44:41.079,0.00,0.00,0.00,0.00,2,0
2026-06-12 16:44:41.130,0.00,0.00,0.00,0.00,2,0
2026-06-12 16:44:41.180,0.00,0.00,0.00,0.00,2,0
2026-06-12 16:44:41.230,0.00,0.00,0.00,0.00,2,0
2026-06-12 16:44:41.281,0.00,0.00,0.00,0.00,2,0
2026-06-12 16:44:41.331,0.00,0.00,0.00,0.00,2,0
2026-06-12 16:44:41.382,0.00,0.00,0.00,0.00,2,0
2026-06-12 16:44:41.433,0.00,0.00,0.00,0.00,2,0
2026-06-12 16:44:41.483,0.00,0.00,0.00,0.00,2,0
2026-06-12 16:44:41.533,0.00,0.00,0.00,0.00,2,0
2026-06-12 16:44:41.583,0.00,0.00,0.00,0.00,2,0
2026-06-12 16:44:41.634,0.00,0.00,0.00,0.00,2,0
2026-06-12 16:44:41.684,0.00,0.00,0.00,0.00,2,0
2026-06-12 16:44:41.735,0.00,0.00,0.00,0.00,2,0
2026-06-12 16:44:41.785,0.00,0.00,0.00,0.00,2,0
2026-06-12 16:44:41.835,0.00,0.00,0.00,0.00,2,0
2026-06-12 16:44:41.887,0.00,0.00,0.00,0.00,2,0
2026-06-12 16:44:41.937,0.00,0.00,0.00,0.00,2,0
2026-06-12 16:44:41.988,0.00,0.00,0.00,0.00,2,0
2026-06-12 16:44:42.037,0.00,0.00,0.00,0.00,2,0
2026-06-12 16:44:42.088,0.00,0.00,0.00,0.00,2,0
2026-06-12 16:44:42.138,0.00,0.00,0.00,0.00,2,0
2026-06-12 16:44:42.188,0.00,0.00,0.00,0.00,2,0
2026-06-12 16:44:42.238,0.00,0.00,0.00,0.00,2,0
2026-06-12 16:44:42.289,0.00,0.00,0.00,0.00,2,0
2026-06-12 16:44:42.339,0.00,0.00,0.00,0.00,2,0
2026-06-12 16:44:42.390,0.00,0.00,0.00,0.00,2,0
2026-06-12 16:44:42.440,0.00,0.00,0.00,0.00,2,0
2026-06-12 16:44:42.490,0.00,0.00,0.00,0.00,2,0
2026-06-12 16:44:42.541,0.00,0.00,0.00,0.00,2,0
2026-06-12 16:44:42.591,0.00,0.00,0.00,0.00,2,0
2026-06-12 16:44:42.642,0.00,0.00,0.00,0.00,2,0
2026-06-12 16:44:42.692,0.00,0.00,0.00,0.00,2,0
2026-06-12 16:44:42.742,0.00,0.00,0.00,0.00,2,0
2026-06-12 16:44:42.793,0.00,0.00,0.00,0.00,2,0
2026-06-12 16:44:42.843,0.00,0.00,0.00,0.00,2,0
2026-06-12 16:44:42.894,0.00,0.00,0.00,0.00,2,0
2026-06-12 16:44:42.944,0.00,0.00,0.00,0.00,2,0
2026-06-12 16:44:42.994,0.00,0.00,0.00,0.00,2,0
2026-06-12 16:44:43.045,0.00,0.00,0.00,0.00,2,0
2026-06-12 16:44:43.095,0.00,0.00,0.00,0.00,2,0
2026-06-12 16:44:43.148,0.00,0.00,0.00,0.00,2,0
2026-06-12 16:44:43.197,0.00,0.00,0.00,0.00,2,0
2026-06-12 16:44:43.246,0.00,0.00,0.00,0.00,2,0
2026-06-12 16:44:43.297,0.00,0.00,0.00,0.00,2,0
2026-06-12 16:44:43.347,0.00,0.00,0.00,0.00,2,0
2026-06-12 16:44:43.397,0.00,0.00,0.00,0.00,2,0
2026-06-12 16:44:43.448,0.00,0.00,0.00,0.00,2,0
2026-06-12 16:44:43.498,0.00,0.00,0.00,0.00,2,0
2026-06-12 16:44:43.549,0.00,0.00,0.00,0.00,2,0
2026-06-12 16:44:43.599,0.00,0.00,0.00,0.00,2,0
2026-06-12 16:44:43.649,0.00,0.00,0.00,0.00,2,0
2026-06-12 16:44:43.700,0.00,0.00,0.00,0.00,2,0
2026-06-12 16:44:43.750,0.00,0.00,0.00,0.00,2,0
2026-06-12 16:44:43.801,0.00,0.00,0.00,0.00,2,0
2026-06-12 16:44:43.851,0.00,0.00,0.00,0.00,2,0
2026-06-12 16:44:43.902,0.00,0.00,0.00,0.00,2,0
2026-06-12 16:44:43.952,0.00,0.00,0.00,0.00,2,0
2026-06-12 16:44:44.002,0.00,0.00,0.00,0.00,2,0
2026-06-12 16:44:44.053,0.00,0.00,0.00,0.00,2,0
2026-06-12 16:44:44.103,0.00,0.00,0.00,0.00,2,0
2026-06-12 16:44:44.153,0.00,0.00,0.00,0.00,2,0
2026-06-12 16:44:44.204,0.00,0.00,0.00,0.00,2,0
2026-06-12 16:44:44.254,0.00,0.00,0.00,0.00,2,0
2026-06-12 16:44:44.305,0.00,0.00,0.00,0.00,2,0
2026-06-12 16:44:44.355,0.00,0.00,0.00,0.00,2,0
2026-06-12 16:44:44.405,0.00,0.00,0.00,0.00,2,0
2026-06-12 16:44:44.456,0.00,0.00,0.00,0.00,2,0
2026-06-12 16:44:44.507,0.00,0.00,0.00,0.00,2,0
2026-06-12 16:44:44.557,0.00,0.00,0.00,0.00,2,0
2026-06-12 16:44:44.607,0.00,0.00,0.00,0.00,2,0
2026-06-12 16:44:44.657,0.00,0.00,0.00,0.00,2,0
2026-06-12 16:44:44.708,0.00,0.00,0.00,0.00,2,0
2026-06-12 16:44:44.758,0.00,0.00,0.00,0.00,2,0
2026-06-12 16:44:44.808,0.00,0.00,0.00,0.00,2,0
2026-06-12 16:44:44.859,0.00,0.00,0.00,0.00,2,0
2026-06-12 16:44:44.909,0.00,0.00,0.00,0.00,2,0
2026-06-12 16:44:44.960,0.00,0.00,0.00,0.00,2,0
2026-06-12 16:44:45.010,0.00,0.00,0.00,0.00,2,0
2026-06-12 16:44:45.061,0.00,0.00,0.00,0.00,2,0
2026-06-12 16:44:45.111,0.00,0.00,0.00,0.00,2,0
2026-06-12 16:44:45.161,0.00,0.00,0.00,0.00,2,0
2026-06-12 16:44:45.212,0.00,0.00,0.00,0.00,2,0
2026-06-12 16:44:45.262,0.00,0.00,0.00,0.00,2,0
2026-06-12 16:44:45.313,0.00,0.00,0.00,0.00,2,0
2026-06-12 16:44:45.363,0.00,0.00,0.00,0.00,2,0
2026-06-12 16:44:45.413,0.00,0.00,0.00,0.00,2,0
2026-06-12 16:44:45.464,0.00,0.00,0.00,0.00,2,0
2026-06-12 16:44:45.514,0.00,0.00,0.00,0.00,2,0
2026-06-12 16:44:45.565,0.00,0.00,0.00,0.00,2,0
2026-06-12 16:44:45.615,0.00,0.00,0.00,0.00,2,0
2026-06-12 16:44:45.665,0.00,0.00,0.00,0.00,2,0
2026-06-12 16:44:45.716,0.00,0.00,0.00,0.00,2,0
2026-06-12 16:44:45.766,0.00,0.00,0.00,0.00,2,0
2026-06-12 16:44:45.818,0.00,0.00,0.00,0.00,2,0
2026-06-12 16:44:45.867,0.00,0.00,0.00,0.00,2,0
2026-06-12 16:44:45.917,0.00,0.00,0.00,0.00,2,0
2026-06-12 16:44:45.968,0.00,0.00,0.00,0.00,2,0
2026-06-12 16:44:46.018,0.00,0.00,0.00,0.00,2,0
2026-06-12 16:44:46.070,0.00,0.00,0.00,0.00,2,0
2026-06-12 16:44:46.119,0.00,0.00,0.00,0.00,2,0
2026-06-12 16:44:46.169,0.00,0.00,0.00,0.00,2,0
2026-06-12 16:44:46.220,0.00,0.00,0.00,0.00,2,0
2026-06-12 16:44:46.270,0.00,0.00,0.00,0.00,2,0
2026-06-12 16:44:46.320,0.00,0.00,0.00,0.00,2,0
2026-06-12 16:44:46.371,0.00,0.00,0.00,0.00,2,0
2026-06-12 16:44:46.421,0.00,0.00,0.00,0.00,2,0
2026-06-12 16:44:46.472,0.00,0.00,0.00,0.00,2,0
2026-06-12 16:44:46.522,0.00,0.00,0.00,0.00,2,0
2026-06-12 16:44:46.573,0.00,0.00,0.00,0.00,2,0
2026-06-12 16:44:46.623,0.00,0.00,0.00,0.00,2,0
2026-06-12 16:44:46.673,0.00,0.00,0.00,0.00,2,0
2026-06-12 16:44:46.724,0.00,0.00,0.00,0.00,2,0
2026-06-12 16:44:46.774,0.00,0.00,0.00,0.00,2,0
2026-06-12 16:44:46.824,0.00,0.00,0.00,0.00,2,0
2026-06-12 16:44:46.875,0.00,0.00,0.00,0.00,2,0
2026-06-12 16:44:46.925,0.00,0.00,0.00,0.00,2,0
2026-06-12 16:44:46.976,0.00,0.00,0.00,0.00,2,0
2026-06-12 16:44:47.026,0.00,0.00,0.00,0.00,2,0
2026-06-12 16:44:47.077,0.00,0.00,0.00,0.00,2,0
2026-06-12 16:44:47.127,0.00,0.00,0.00,0.00,2,0
2026-06-12 16:44:47.177,0.00,0.00,0.00,0.00,2,0
2026-06-12 16:44:47.237,0.00,0.00,0.00,0.00,2,0
2026-06-12 16:44:47.278,0.00,0.00,0.00,0.00,2,0
2026-06-12 16:44:47.329,0.00,0.00,0.00,0.00,2,0
2026-06-12 16:44:47.379,0.00,0.00,0.00,0.00,2,0
2026-06-12 16:44:47.429,0.00,0.00,0.00,0.00,2,0
2026-06-12 16:44:47.480,0.00,0.00,0.00,0.00,2,0
2026-06-12 16:44:47.530,0.00,0.00,0.00,0.00,2,0
2026-06-12 16:44:47.580,0.00,0.00,0.00,0.00,2,0
2026-06-12 16:44:47.631,0.00,0.00,0.00,0.00,2,0
2026-06-12 16:44:47.681,0.00,0.00,0.00,0.00,2,0
2026-06-12 16:44:47.732,0.00,0.00,0.00,0.00,2,0
2026-06-12 16:44:47.782,0.00,0.00,0.00,0.00,2,0
2026-06-12 16:44:47.832,0.00,0.00,0.00,0.00,2,0
2026-06-12 16:44:47.883,0.00,0.00,0.00,0.00,2,0
2026-06-12 16:44:47.933,0.00,0.00,0.00,0.00,2,0
2026-06-12 16:44:47.984,0.00,0.00,0.00,0.00,2,0
2026-06-12 16:44:48.034,0.00,0.00,0.00,0.00,2,0
2026-06-12 16:44:48.084,0.00,0.00,0.00,0.00,2,0
2026-06-12 16:44:48.135,0.00,0.00,0.00,0.00,2,0
2026-06-12 16:44:48.185,0.00,0.00,0.00,0.00,2,0
2026-06-12 16:44:48.236,0.00,0.00,0.00,0.00,2,0
2026-06-12 16:44:48.286,0.00,0.00,0.00,0.00,2,0
2026-06-12 16:44:48.337,0.00,0.00,0.00,0.00,2,0
2026-06-12 16:44:48.387,0.00,0.00,0.00,0.00,2,0
2026-06-12 16:44:48.437,0.00,0.00,0.00,0.00,2,0
2026-06-12 16:44:48.487,0.00,0.00,0.00,0.00,2,0
2026-06-12 16:44:48.538,0.00,0.00,0.00,0.00,2,0
2026-06-12 16:44:48.588,0.00,0.00,0.00,0.00,2,0
2026-06-12 16:44:48.639,0.00,0.00,0.00,0.00,2,0
2026-06-12 16:44:48.689,0.00,0.00,0.00,0.00,2,0
2026-06-12 16:44:48.739,0.00,0.00,0.00,0.00,2,0
2026-06-12 16:44:48.790,0.00,0.00,0.00,0.00,2,0
2026-06-12 16:44:48.840,0.00,0.00,0.00,0.00,2,0
2026-06-12 16:44:48.891,0.00,0.00,0.00,0.00,2,0
2026-06-12 16:44:48.941,0.00,0.00,0.00,0.00,2,0
2026-06-12 16:44:48.991,0.00,0.00,0.00,0.00,2,0
2026-06-12 16:44:49.042,0.00,0.00,0.00,0.00,2,0
2026-06-12 16:44:49.092,0.00,0.00,0.00,0.00,2,0
2026-06-12 16:44:49.143,0.00,0.00,0.00,0.00,2,0
2026-06-12 16:44:49.193,0.00,0.00,0.00,0.00,2,0
2026-06-12 16:44:49.243,0.00,0.00,0.00,0.00,2,0
2026-06-12 16:44:49.294,0.00,0.00,0.00,0.00,2,0
2026-06-12 16:44:49.344,0.00,0.00,0.00,0.00,2,0
2026-06-12 16:44:49.395,0.00,0.00,0.00,0.00,2,0
2026-06-12 16:44:49.445,0.00,0.00,0.00,0.00,2,0
2026-06-12 16:44:49.495,0.00,0.00,0.00,0.00,2,0
2026-06-12 16:44:49.546,0.00,0.00,0.00,0.00,2,0
2026-06-12 16:44:49.596,0.00,0.00,0.00,0.00,2,0
2026-06-12 16:44:49.647,0.00,0.00,0.00,0.00,2,0
2026-06-12 16:44:49.697,0.00,0.00,0.00,0.00,2,0
2026-06-12 16:44:49.747,0.00,0.00,0.00,0.00,2,0
2026-06-12 16:44:49.798,0.00,0.00,0.00,0.00,2,0
2026-06-12 16:44:49.848,0.00,0.00,0.00,0.00,2,0
2026-06-12 16:44:49.899,0.00,0.00,0.00,0.00,2,0
2026-06-12 16:44:49.949,0.00,0.00,0.00,0.00,2,0
2026-06-12 16:44:49.999,0.00,0.00,0.00,0.00,2,0
2026-06-12 16:44:50.050,0.00,0.00,0.00,0.00,2,0
2026-06-12 16:44:50.100,0.00,0.00,0.00,0.00,2,0
2026-06-12 16:44:50.151,0.00,0.00,0.00,0.00,2,0
2026-06-12 16:44:50.201,0.00,0.00,0.00,0.00,2,0
2026-06-12 16:44:50.251,0.00,0.00,0.00,0.00,2,0
2026-06-12 16:44:50.302,0.00,0.00,0.00,0.00,2,0
2026-06-12 16:44:50.352,0.00,0.00,0.00,0.00,2,0
2026-06-12 16:44:50.403,0.00,0.00,0.00,0.00,2,0
2026-06-12 16:44:50.453,0.00,0.00,0.00,0.00,2,0
2026-06-12 16:44:50.503,0.00,0.00,0.00,0.00,2,0
2026-06-12 16:44:50.554,0.00,0.00,0.00,0.00,2,0
2026-06-12 16:44:50.604,0.00,0.00,0.00,0.00,2,0
2026-06-12 16:44:50.655,0.00,0.00,0.00,0.00,2,0
2026-06-12 16:44:50.705,0.00,0.00,0.00,0.00,2,0
2026-06-12 16:44:50.755,0.00,0.00,0.00,0.00,2,0
2026-06-12 16:44:50.807,0.00,0.00,0.00,0.00,2,0
2026-06-12 16:44:50.857,0.00,0.00,0.00,0.00,2,0
2026-06-12 16:44:50.907,0.00,0.00,0.00,0.00,2,0
2026-06-12 16:44:50.957,0.00,0.00,0.00,0.00,2,0
2026-06-12 16:44:51.007,0.00,0.00,0.00,0.00,2,0
2026-06-12 16:44:51.058,0.00,0.00,0.00,0.00,2,0
2026-06-12 16:44:51.108,0.00,0.00,0.00,0.00,2,0
2026-06-12 16:44:51.158,0.00,0.00,0.00,0.00,2,0
2026-06-12 16:44:51.209,0.00,0.00,0.00,0.00,2,0
2026-06-12 16:44:51.259,0.00,0.00,0.00,0.00,2,0
2026-06-12 16:44:51.310,0.00,0.00,0.00,0.00,2,0
2026-06-12 16:44:51.360,0.00,0.00,0.00,0.00,2,0
2026-06-12 16:44:51.411,0.00,0.00,0.00,0.00,2,0
2026-06-12 16:44:51.461,0.00,0.00,0.00,0.00,2,0
2026-06-12 16:44:51.511,0.00,0.00,0.00,0.00,2,0
2026-06-12 16:44:51.562,0.00,0.00,0.00,0.00,2,0
2026-06-12 16:44:51.612,0.00,0.00,0.00,0.00,2,0
2026-06-12 16:44:51.662,0.00,0.00,0.00,0.00,2,0
2026-06-12 16:44:51.713,0.00,0.00,0.00,0.00,2,0
2026-06-12 16:44:51.763,0.00,0.00,0.00,0.00,2,0
2026-06-12 16:44:51.814,0.00,0.00,0.00,0.00,2,0
2026-06-12 16:44:51.864,0.00,0.00,0.00,0.00,2,0
2026-06-12 16:44:51.914,0.00,0.00,0.00,0.00,2,0
2026-06-12 16:44:51.965,0.00,0.00,0.00,0.00,2,0
2026-06-12 16:44:52.015,0.00,0.00,0.00,0.00,2,0
2026-06-12 16:44:52.066,0.00,0.00,0.00,0.00,2,0
2026-06-12 16:44:52.117,0.00,0.00,0.00,0.00,2,0
2026-06-12 16:44:52.167,0.00,0.00,0.00,0.00,2,0
2026-06-12 16:44:52.217,0.00,0.00,0.00,0.00,2,0
2026-06-12 16:44:52.267,0.00,0.00,0.00,0.00,2,0
2026-06-12 16:44:52.318,0.00,0.00,0.00,0.00,2,0
2026-06-12 16:44:52.368,0.00,0.00,0.00,0.00,2,0
2026-06-12 16:44:52.419,0.00,0.00,0.00,0.00,2,0
2026-06-12 16:44:52.469,0.00,0.00,0.00,0.00,2,0
2026-06-12 16:44:52.519,0.00,0.00,0.00,0.00,2,0
2026-06-12 16:44:52.570,0.00,0.00,0.00,0.00,2,0
2026-06-12 16:44:52.621,0.00,0.00,0.00,0.00,2,0
2026-06-12 16:44:52.670,0.00,0.00,0.00,0.00,2,0
2026-06-12 16:44:52.721,0.00,0.00,0.00,0.00,2,0
2026-06-12 16:44:52.771,0.00,0.00,0.00,0.00,2,0
2026-06-12 16:44:52.822,0.00,0.00,0.00,0.00,2,0
2026-06-12 16:44:52.872,0.00,0.00,0.00,0.00,2,0
2026-06-12 16:44:52.922,0.00,0.00,0.00,0.00,2,0
2026-06-12 16:44:52.973,0.00,0.00,0.00,0.00,2,0
2026-06-12 16:44:53.023,0.00,0.00,0.00,0.00,2,0
2026-06-12 16:44:53.074,0.00,0.00,0.00,0.00,2,0
2026-06-12 16:44:53.124,0.00,0.00,0.00,0.00,2,0
2026-06-12 16:44:53.174,0.00,0.00,0.00,0.00,2,0
2026-06-12 16:44:53.225,0.00,0.00,0.00,0.00,2,0
2026-06-12 16:44:53.275,0.00,0.00,0.00,0.00,2,0
2026-06-12 16:44:53.326,0.00,0.00,0.00,0.00,2,0
2026-06-12 16:44:53.376,0.00,0.00,0.00,0.00,2,0
2026-06-12 16:44:53.428,0.00,0.00,0.00,0.00,2,0
2026-06-12 16:44:53.477,0.00,0.00,0.00,0.00,2,0
2026-06-12 16:44:53.527,0.00,0.00,0.00,0.00,2,0
2026-06-12 16:44:53.578,0.00,0.00,0.00,0.00,2,0
2026-06-12 16:44:53.628,0.00,0.00,0.00,0.00,2,0
2026-06-12 16:44:53.678,0.00,0.00,0.00,0.00,2,0
2026-06-12 16:44:53.729,0.00,0.00,0.00,0.00,2,0
2026-06-12 16:44:53.779,0.00,0.00,0.00,0.00,2,0
2026-06-12 16:44:53.829,0.00,0.00,0.00,0.00,2,0
2026-06-12 16:44:53.880,0.00,0.00,0.00,0.00,2,0
2026-06-12 16:44:53.931,0.00,0.00,0.00,0.00,2,0
2026-06-12 16:44:53.981,0.00,0.00,0.00,0.00,2,0
2026-06-12 16:44:54.032,0.00,0.00,0.00,0.00,2,0
2026-06-12 16:44:54.081,0.00,0.00,0.00,0.00,2,0
2026-06-12 16:44:54.132,0.00,0.00,0.00,0.00,2,0
2026-06-12 16:44:54.182,0.00,0.00,0.00,0.00,2,0
2026-06-12 16:44:54.233,0.00,0.00,0.00,0.00,2,0
2026-06-12 16:44:54.283,0.00,0.00,0.00,0.00,2,0
2026-06-12 16:44:54.333,0.00,0.00,0.00,0.00,2,0
2026-06-12 16:44:54.384,0.00,0.00,0.00,0.00,2,0
2026-06-12 16:44:54.434,0.00,0.00,0.00,0.00,2,0
2026-06-12 16:44:54.485,0.00,0.00,0.00,0.00,2,0
2026-06-12 16:44:54.535,0.00,0.00,0.00,0.00,2,0
2026-06-12 16:44:54.585,0.00,0.00,0.00,0.00,2,0
2026-06-12 16:44:54.637,0.00,0.00,0.00,0.00,2,0
2026-06-12 16:44:54.687,0.00,0.00,0.00,0.00,2,0
2026-06-12 16:44:54.737,0.00,0.00,0.00,0.00,2,0
2026-06-12 16:44:54.787,0.00,0.00,0.00,0.00,2,0
2026-06-12 16:44:54.837,0.00,0.00,0.00,0.00,2,0
2026-06-12 16:44:54.888,0.00,0.00,0.00,0.00,2,0
2026-06-12 16:44:54.938,0.00,0.00,0.00,0.00,2,0
2026-06-12 16:44:54.989,0.00,0.00,0.00,0.00,2,0
2026-06-12 16:44:55.039,0.00,0.00,0.00,0.00,2,0
2026-06-12 16:44:55.089,0.00,0.00,0.00,0.00,2,0
2026-06-12 16:44:55.140,0.00,0.00,0.00,0.00,2,0
2026-06-12 16:44:55.190,0.00,0.00,0.00,0.00,2,0
2026-06-12 16:44:55.241,0.00,0.00,0.00,0.00,2,0
2026-06-12 16:44:55.294,0.00,0.00,0.00,0.00,2,0
2026-06-12 16:44:55.341,0.00,0.00,0.00,0.00,2,0
2026-06-12 16:44:55.392,0.00,0.00,0.00,0.00,2,0
2026-06-12 16:44:55.442,0.00,0.00,0.00,0.00,2,0
2026-06-12 16:44:55.493,0.00,0.00,0.00,0.00,2,0
2026-06-12 16:44:55.543,0.00,0.00,0.00,0.00,2,0
2026-06-12 16:44:55.593,0.00,0.00,0.00,0.00,2,0
2026-06-12 16:44:55.644,0.00,0.00,0.00,0.00,2,0
2026-06-12 16:44:55.694,0.00,0.00,0.00,0.00,2,0
2026-06-12 16:44:55.745,0.00,0.00,0.00,0.00,2,0
2026-06-12 16:44:55.795,0.00,0.00,0.00,0.00,2,0
2026-06-12 16:44:55.846,0.00,0.00,0.00,0.00,2,0
2026-06-12 16:44:55.897,0.00,0.00,0.00,0.00,2,0
2026-06-12 16:44:55.946,0.00,0.00,0.00,0.00,2,0
2026-06-12 16:44:55.998,0.00,0.00,0.00,0.00,2,0
2026-06-12 16:44:56.047,0.00,0.00,0.00,0.00,2,0
2026-06-12 16:44:56.097,0.00,0.00,0.00,0.00,2,0
2026-06-12 16:44:56.148,0.00,0.00,0.00,0.00,2,0
2026-06-12 16:44:56.198,0.00,0.00,0.00,0.00,2,0
2026-06-12 16:44:56.248,0.00,0.00,0.00,0.00,2,0
2026-06-12 16:44:56.299,0.00,0.00,0.00,0.00,2,0
2026-06-12 16:44:56.349,0.00,0.00,0.00,0.00,2,0
2026-06-12 16:44:56.400,0.00,0.00,0.00,0.00,2,0
2026-06-12 16:44:56.450,0.00,0.00,0.00,0.00,2,0
2026-06-12 16:44:56.500,0.00,0.00,0.00,0.00,2,0
2026-06-12 16:44:56.551,0.00,0.00,0.00,0.00,2,0
2026-06-12 16:44:56.601,0.00,0.00,0.00,0.00,2,0
2026-06-12 16:44:56.652,0.00,0.00,0.00,0.00,2,0
2026-06-12 16:44:56.702,0.00,0.00,0.00,0.00,2,0
2026-06-12 16:44:56.752,0.00,0.00,0.00,0.00,2,0
2026-06-12 16:44:56.803,0.00,0.00,0.00,0.00,2,0
2026-06-12 16:44:56.853,0.00,0.00,0.00,0.00,2,0
2026-06-12 16:44:56.904,0.00,0.00,0.00,0.00,2,0
2026-06-12 16:44:56.955,0.00,0.00,0.00,0.00,2,0
2026-06-12 16:44:57.004,0.00,0.00,0.00,0.00,2,0
2026-06-12 16:44:57.055,0.00,0.00,0.00,0.00,2,0
2026-06-12 16:44:57.105,0.00,0.00,0.00,0.00,2,0
2026-06-12 16:44:57.157,0.00,0.00,0.00,0.00,2,0
2026-06-12 16:44:57.206,0.00,0.00,0.00,0.00,2,0
2026-06-12 16:44:57.256,0.00,0.00,0.00,0.00,2,0
2026-06-12 16:44:57.307,0.00,0.00,0.00,0.00,2,0
2026-06-12 16:44:57.357,0.00,0.00,0.00,0.00,2,0
2026-06-12 16:44:57.408,0.00,0.00,0.00,0.00,2,0
2026-06-12 16:44:57.458,0.00,0.00,0.00,0.00,2,0
2026-06-12 16:44:57.508,0.00,0.00,0.00,0.00,2,0
2026-06-12 16:44:57.559,0.00,0.00,0.00,0.00,2,0
2026-06-12 16:44:57.609,0.00,0.00,0.00,0.00,2,0
2026-06-12 16:44:57.660,0.00,0.00,0.00,0.00,2,0
2026-06-12 16:44:57.710,0.00,0.00,0.00,0.00,2,0
2026-06-12 16:44:57.760,0.00,0.00,0.00,0.00,2,0
2026-06-12 16:44:57.811,0.00,0.00,0.00,0.00,2,0
2026-06-12 16:44:57.861,0.00,0.00,0.00,0.00,2,0
2026-06-12 16:44:57.911,0.00,0.00,0.00,0.00,2,0
2026-06-12 16:44:57.962,0.00,0.00,0.00,0.00,2,0
2026-06-12 16:44:58.012,0.00,0.00,0.00,0.00,2,0
2026-06-12 16:44:58.063,0.00,0.00,0.00,0.00,2,0
2026-06-12 16:44:58.113,0.00,0.00,0.00,0.00,2,0
2026-06-12 16:44:58.163,0.00,0.00,0.00,0.00,2,0
2026-06-12 16:44:58.214,0.00,0.00,0.00,0.00,2,0
2026-06-12 16:44:58.264,0.00,0.00,0.00,0.00,2,0
2026-06-12 16:44:58.315,0.00,0.00,0.00,0.00,2,0
2026-06-12 16:44:58.365,0.00,0.00,0.00,0.00,2,0
2026-06-12 16:44:58.415,0.00,0.00,0.00,0.00,2,0
2026-06-12 16:44:58.466,0.00,0.00,0.00,0.00,2,0
2026-06-12 16:44:58.517,0.00,0.00,0.00,0.00,2,0
2026-06-12 16:44:58.567,0.00,0.00,0.00,0.00,2,0
2026-06-12 16:44:58.617,0.00,0.00,0.00,0.00,2,0
2026-06-12 16:44:58.667,0.00,0.00,0.00,0.00,2,0
2026-06-12 16:44:58.718,0.00,0.00,0.00,0.00,2,0
2026-06-12 16:44:58.768,0.00,0.00,0.00,0.00,2,0
2026-06-12 16:44:58.819,0.00,0.00,0.00,0.00,2,0
2026-06-12 16:44:58.869,0.00,0.00,0.00,0.00,2,0
2026-06-12 16:44:58.919,0.00,0.00,0.00,0.00,2,0
2026-06-12 16:44:58.970,0.00,0.00,0.00,0.00,2,0
2026-06-12 16:44:59.020,0.00,0.00,0.00,0.00,2,0
2026-06-12 16:44:59.071,0.00,0.00,0.00,0.00,2,0
2026-06-12 16:44:59.121,0.00,0.00,0.00,0.00,2,0
2026-06-12 16:44:59.171,0.00,0.00,0.00,0.00,2,0
2026-06-12 16:44:59.222,0.00,0.00,0.00,0.00,2,0
2026-06-12 16:44:59.272,0.00,0.00,0.00,0.00,2,0
2026-06-12 16:44:59.323,0.00,0.00,0.00,0.00,2,0
2026-06-12 16:44:59.373,0.00,0.00,0.00,0.00,2,0
2026-06-12 16:44:59.423,0.00,0.00,0.00,0.00,2,0
2026-06-12 16:44:59.474,0.00,0.00,0.00,0.00,2,0
2026-06-12 16:44:59.524,0.00,0.00,0.00,0.00,2,0
2026-06-12 16:44:59.575,0.00,0.00,0.00,0.00,2,0
2026-06-12 16:44:59.625,0.00,0.00,0.00,0.00,2,0
2026-06-12 16:44:59.676,0.00,0.00,0.00,0.00,2,0
2026-06-12 16:44:59.727,0.00,0.00,0.00,0.00,2,0
2026-06-12 16:44:59.777,0.00,0.00,0.00,0.00,2,0
2026-06-12 16:44:59.827,0.00,0.00,0.00,0.00,2,0
2026-06-12 16:44:59.879,0.00,0.00,0.00,0.00,2,0
2026-06-12 16:44:59.927,0.00,0.00,0.00,0.00,2,0
2026-06-12 16:44:59.978,0.00,0.00,0.00,0.00,2,0
2026-06-12 16:45:00.029,0.00,0.00,0.00,0.00,2,0
2026-06-12 16:45:00.079,0.00,0.00,0.00,0.00,2,0
2026-06-12 16:45:00.129,0.00,0.00,0.00,0.00,2,0
2026-06-12 16:45:00.179,0.00,0.00,0.00,0.00,2,0
2026-06-12 16:45:00.230,0.00,0.00,0.00,0.00,2,0
2026-06-12 16:45:00.280,0.00,0.00,0.00,0.00,2,0
2026-06-12 16:45:00.331,0.00,0.00,0.00,0.00,2,0
2026-06-12 16:45:00.381,0.00,0.00,0.00,0.00,2,0
2026-06-12 16:45:00.431,0.00,0.00,0.00,0.00,2,0
2026-06-12 16:45:00.482,0.00,0.00,0.00,0.00,2,0
2026-06-12 16:45:00.532,0.00,0.00,0.00,0.00,2,0
2026-06-12 16:45:00.582,0.00,0.00,0.00,0.00,2,0
2026-06-12 16:45:00.633,0.00,0.00,0.00,0.00,2,0
2026-06-12 16:45:00.683,0.00,0.00,0.00,0.00,2,0
2026-06-12 16:45:00.734,0.00,0.00,0.00,0.00,2,0
2026-06-12 16:45:00.784,0.00,0.00,0.00,0.00,2,0
2026-06-12 16:45:00.835,0.00,0.00,0.00,0.00,2,0
2026-06-12 16:45:00.885,0.00,0.00,0.00,0.00,2,0
2026-06-12 16:45:00.935,0.00,0.00,0.00,0.00,2,0
2026-06-12 16:45:00.986,0.00,0.00,0.00,0.00,2,0
2026-06-12 16:45:01.037,0.00,0.00,0.00,0.00,2,0
2026-06-12 16:45:01.087,0.00,0.00,0.00,0.00,2,0
2026-06-12 16:45:01.137,0.00,0.00,0.00,0.00,2,0
2026-06-12 16:45:01.187,0.00,0.00,0.00,0.00,2,0
2026-06-12 16:45:01.238,0.00,0.00,0.00,0.00,2,0
2026-06-12 16:45:01.288,0.00,0.00,0.00,0.00,2,0
2026-06-12 16:45:01.338,0.00,0.00,0.00,0.00,2,0
2026-06-12 16:45:01.389,0.00,0.00,0.00,0.00,2,0
2026-06-12 16:45:01.439,0.00,0.00,0.00,0.00,2,0
2026-06-12 16:45:01.490,0.00,0.00,0.00,0.00,2,0
2026-06-12 16:45:01.540,0.00,0.00,0.00,0.00,2,0
2026-06-12 16:45:01.591,0.00,0.00,0.00,0.00,2,0
2026-06-12 16:45:01.641,0.00,0.00,0.00,0.00,2,0
2026-06-12 16:45:01.691,0.00,0.00,0.00,0.00,2,0
2026-06-12 16:45:01.742,0.00,0.00,0.00,0.00,2,0
2026-06-12 16:45:01.792,0.00,0.00,0.00,0.00,2,0
2026-06-12 16:45:01.843,0.00,0.00,0.00,0.00,2,0
2026-06-12 16:45:01.893,0.00,0.00,0.00,0.00,2,0
2026-06-12 16:45:01.943,0.00,0.00,0.00,0.00,2,0
2026-06-12 16:45:01.994,0.00,0.00,0.00,0.00,2,0
2026-06-12 16:45:02.044,0.00,0.00,0.00,0.00,2,0
2026-06-12 16:45:02.094,0.00,0.00,0.00,0.00,2,0
2026-06-12 16:45:02.145,0.00,0.00,0.00,0.00,2,0
2026-06-12 16:45:02.195,0.00,0.00,0.00,0.00,2,0
2026-06-12 16:45:02.246,0.00,0.00,0.00,0.00,2,0
2026-06-12 16:45:02.296,0.00,0.00,0.00,0.00,2,0
2026-06-12 16:45:02.347,0.00,0.00,0.00,0.00,2,0
2026-06-12 16:45:02.397,0.00,0.00,0.00,0.00,2,0
2026-06-12 16:45:02.447,0.00,0.00,0.00,0.00,2,0
2026-06-12 16:45:02.498,0.00,0.00,0.00,0.00,2,0
2026-06-12 16:45:02.548,0.00,0.00,0.00,0.00,2,0
2026-06-12 16:45:02.598,0.00,0.00,0.00,0.00,2,0
2026-06-12 16:45:02.649,0.00,0.00,0.00,0.00,2,0
2026-06-12 16:45:02.699,0.00,0.00,0.00,0.00,2,0
2026-06-12 16:45:02.750,0.00,0.00,0.00,0.00,2,0
2026-06-12 16:45:02.800,0.00,0.00,0.00,0.00,2,0
2026-06-12 16:45:02.850,0.00,0.00,0.00,0.00,2,0
2026-06-12 16:45:02.901,0.00,0.00,0.00,0.00,2,0
2026-06-12 16:45:02.951,0.00,0.00,0.00,0.00,2,0
2026-06-12 16:45:03.002,0.00,0.00,0.00,0.00,2,0
2026-06-12 16:45:03.052,0.00,0.00,0.00,0.00,2,0
2026-06-12 16:45:03.102,0.00,0.00,0.00,0.00,2,0
2026-06-12 16:45:03.153,0.00,0.00,0.00,0.00,2,0
2026-06-12 16:45:03.203,0.00,0.00,0.00,0.00,2,0
2026-06-12 16:45:03.254,0.00,0.00,0.00,0.00,2,0
2026-06-12 16:45:03.304,0.00,0.00,0.00,0.00,2,0
2026-06-12 16:45:03.354,0.00,0.00,0.00,0.00,2,0
2026-06-12 16:45:03.405,0.00,0.00,0.00,0.00,2,0
2026-06-12 16:45:03.455,0.00,0.00,0.00,0.00,2,0
2026-06-12 16:45:03.505,0.00,0.00,0.00,0.00,2,0
2026-06-12 16:45:03.556,0.00,0.00,0.00,0.00,2,0
2026-06-12 16:45:03.606,0.00,0.00,0.00,0.00,2,0
2026-06-12 16:45:03.657,0.00,0.00,0.00,0.00,2,0
2026-06-12 16:45:03.707,0.00,0.00,0.00,0.00,2,0
2026-06-12 16:45:03.757,0.00,0.00,0.00,0.00,2,0
2026-06-12 16:45:03.808,0.00,0.00,0.00,0.00,2,0
2026-06-12 16:45:03.858,0.00,0.00,0.00,0.00,2,0
2026-06-12 16:45:03.909,0.00,0.00,0.00,0.00,2,0
2026-06-12 16:45:03.959,0.00,0.00,0.00,0.00,2,0
2026-06-12 16:45:04.010,0.00,0.00,0.00,0.00,2,0
2026-06-12 16:45:04.060,0.00,0.00,0.00,0.00,2,0
2026-06-12 16:45:04.110,0.00,0.00,0.00,0.00,2,0
2026-06-12 16:45:04.161,0.00,0.00,0.00,0.00,2,0
2026-06-12 16:45:04.211,0.00,0.00,0.00,0.00,2,0
2026-06-12 16:45:04.262,0.00,0.00,0.00,0.00,2,0
2026-06-12 16:45:04.312,0.00,0.00,0.00,0.00,2,0
2026-06-12 16:45:04.362,0.00,0.00,0.00,0.00,2,0
2026-06-12 16:45:04.413,0.00,0.00,0.00,0.00,2,0
2026-06-12 16:45:04.463,0.00,0.00,0.00,0.00,2,0
2026-06-12 16:45:04.514,0.00,0.00,0.00,0.00,2,0
2026-06-12 16:45:04.564,0.00,0.00,0.00,0.00,2,0
2026-06-12 16:45:04.614,0.00,0.00,0.00,0.00,2,0
2026-06-12 16:45:04.665,0.00,0.00,0.00,0.00,2,0
2026-06-12 16:45:04.715,0.00,0.00,0.00,0.00,2,0
2026-06-12 16:45:04.766,0.00,0.00,0.00,0.00,2,0
2026-06-12 16:45:04.816,0.00,0.00,0.00,0.00,2,0
2026-06-12 16:45:04.866,0.00,0.00,0.00,0.00,2,0
2026-06-12 16:45:04.917,0.00,0.00,0.00,0.00,2,0
2026-06-12 16:45:04.968,0.00,0.00,0.00,0.00,2,0
2026-06-12 16:45:05.017,0.00,0.00,0.00,0.00,2,0
2026-06-12 16:45:05.068,0.00,0.00,0.00,0.00,2,0
2026-06-12 16:45:05.118,0.00,0.00,0.00,0.00,2,0
2026-06-12 16:45:05.169,0.00,0.00,0.00,0.00,2,0
2026-06-12 16:45:05.219,0.00,0.00,0.00,0.00,2,0
2026-06-12 16:45:05.271,0.00,0.00,0.00,0.00,2,0
2026-06-12 16:45:05.320,0.00,0.00,0.00,0.00,2,0
2026-06-12 16:45:05.370,0.00,0.00,0.00,0.00,2,0
2026-06-12 16:45:05.421,0.00,0.00,0.00,0.00,2,0
2026-06-12 16:45:05.471,0.00,0.00,0.00,0.00,2,0
2026-06-12 16:45:05.521,0.00,0.00,0.00,0.00,2,0
2026-06-12 16:45:05.572,0.00,0.00,0.00,0.00,2,0
2026-06-12 16:45:05.622,0.00,0.00,0.00,0.00,2,0
2026-06-12 16:45:05.673,0.00,0.00,0.00,0.00,2,0
2026-06-12 16:45:05.723,0.00,0.00,0.00,0.00,2,0
2026-06-12 16:45:05.773,0.00,0.00,0.00,0.00,2,0
2026-06-12 16:45:05.824,0.00,0.00,0.00,0.00,2,0
2026-06-12 16:45:05.874,0.00,0.00,0.00,0.00,2,0
2026-06-12 16:45:05.925,0.00,0.00,0.00,0.00,2,0
2026-06-12 16:45:05.975,0.00,0.00,0.00,0.00,2,0
2026-06-12 16:45:06.025,0.00,0.00,0.00,0.00,2,0
2026-06-12 16:45:06.076,0.00,0.00,0.00,0.00,2,0
2026-06-12 16:45:06.127,0.00,0.00,0.00,0.00,2,0
2026-06-12 16:45:06.176,0.00,0.00,0.00,0.00,2,0
2026-06-12 16:45:06.227,0.00,0.00,0.00,0.00,2,0
2026-06-12 16:45:06.277,0.00,0.00,0.00,0.00,2,0
2026-06-12 16:45:06.328,0.00,0.00,0.00,0.00,2,0
2026-06-12 16:45:06.378,0.00,0.00,0.00,0.00,2,0
2026-06-12 16:45:06.428,0.00,0.00,0.00,0.00,2,0
2026-06-12 16:45:06.479,0.00,0.00,0.00,0.00,2,0
2026-06-12 16:45:06.529,0.00,0.00,0.00,0.00,2,0
2026-06-12 16:45:06.580,0.00,0.00,0.00,0.00,2,0
2026-06-12 16:45:06.630,0.00,0.00,0.00,0.00,2,0
2026-06-12 16:45:06.680,0.00,0.00,0.00,0.00,2,0
2026-06-12 16:45:06.731,0.00,0.00,0.00,0.00,2,0
2026-06-12 16:45:06.781,0.00,0.00,0.00,0.00,2,0
2026-06-12 16:45:06.832,0.00,0.00,0.00,0.00,2,0
2026-06-12 16:45:06.882,0.00,0.00,0.00,0.00,2,0
2026-06-12 16:45:06.932,0.00,0.00,0.00,0.00,2,0
2026-06-12 16:45:06.983,0.00,0.00,0.00,0.00,2,0
2026-06-12 16:45:07.033,0.00,0.00,0.00,0.00,2,0
2026-06-12 16:45:07.084,0.00,0.00,0.00,0.00,2,0
2026-06-12 16:45:07.134,0.00,0.00,0.00,0.00,2,0
2026-06-12 16:45:07.184,0.00,0.00,0.00,0.00,2,0
2026-06-12 16:45:07.235,0.00,0.00,0.00,0.00,2,0
2026-06-12 16:45:07.285,0.00,0.00,0.00,0.00,2,0
2026-06-12 16:45:07.336,0.00,0.00,0.00,0.00,2,0
2026-06-12 16:45:07.387,0.00,0.00,0.00,0.00,2,0
2026-06-12 16:45:07.437,0.00,0.00,0.00,0.00,2,0
2026-06-12 16:45:07.487,0.00,0.00,0.00,0.00,2,0
2026-06-12 16:45:07.538,0.00,0.00,0.00,0.00,2,0
2026-06-12 16:45:07.588,0.00,0.00,0.00,0.00,2,0
2026-06-12 16:45:07.638,0.00,0.00,0.00,0.00,2,0
2026-06-12 16:45:07.688,0.00,0.00,0.00,0.00,2,0
2026-06-12 16:45:07.739,0.00,0.00,0.00,0.00,2,0
2026-06-12 16:45:07.789,0.00,0.00,0.00,0.00,2,0
2026-06-12 16:45:07.840,0.00,0.00,0.00,0.00,2,0
2026-06-12 16:45:07.890,0.00,0.00,0.00,0.00,2,0
2026-06-12 16:45:07.940,0.00,0.00,0.00,0.00,2,0
2026-06-12 16:45:07.991,0.00,0.00,0.00,0.00,2,0
2026-06-12 16:45:08.041,0.00,0.00,0.00,0.00,2,0
2026-06-12 16:45:08.091,0.00,0.00,0.00,0.00,2,0
2026-06-12 16:45:08.142,0.00,0.00,0.00,0.00,2,0
2026-06-12 16:45:08.193,0.00,0.00,0.00,0.00,2,0
2026-06-12 16:45:08.243,0.00,0.00,0.00,0.00,2,0
2026-06-12 16:45:08.293,0.00,0.00,0.00,0.00,2,0
2026-06-12 16:45:08.343,0.00,0.00,0.00,0.00,2,0
2026-06-12 16:45:08.394,0.00,0.00,0.00,0.00,2,0
2026-06-12 16:45:08.444,0.00,0.00,0.00,0.00,2,0
2026-06-12 16:45:08.495,0.00,0.00,0.00,0.00,2,0
2026-06-12 16:45:08.545,0.00,0.00,0.00,0.00,2,0
2026-06-12 16:45:08.596,0.00,0.00,0.00,0.00,2,0
2026-06-12 16:45:08.646,0.00,0.00,0.00,0.00,2,0
2026-06-12 16:45:08.697,0.00,0.00,0.00,0.00,2,0
2026-06-12 16:45:08.747,0.00,0.00,0.00,0.00,2,0
2026-06-12 16:45:08.797,0.00,0.00,0.00,0.00,2,0
2026-06-12 16:45:08.847,0.00,0.00,0.00,0.00,2,0
2026-06-12 16:45:08.898,0.00,0.00,0.00,0.00,2,0
2026-06-12 16:45:08.948,0.00,0.00,0.00,0.00,2,0
2026-06-12 16:45:08.999,0.00,0.00,0.00,0.00,2,0
2026-06-12 16:45:09.049,0.00,0.00,0.00,0.00,2,0
2026-06-12 16:45:09.100,0.00,0.00,0.00,0.00,2,0
2026-06-12 16:45:09.150,0.00,0.00,0.00,0.00,2,0
2026-06-12 16:45:09.200,0.00,0.00,0.00,0.00,2,0
2026-06-12 16:45:09.251,0.00,0.00,0.00,0.00,2,0
2026-06-12 16:45:09.301,0.00,0.00,0.00,0.00,2,0
2026-06-12 16:45:09.351,0.00,0.00,0.00,0.00,2,0
2026-06-12 16:45:09.402,0.00,0.00,0.00,0.00,2,0
2026-06-12 16:45:09.452,0.00,0.00,0.00,0.00,2,0
2026-06-12 16:45:09.503,0.00,0.00,0.00,0.00,2,0
2026-06-12 16:45:09.553,0.00,0.00,0.00,0.00,2,0
2026-06-12 16:45:09.603,0.00,0.00,0.00,0.00,2,0
2026-06-12 16:45:09.654,0.00,0.00,0.00,0.00,2,0
2026-06-12 16:45:09.704,0.00,0.00,0.00,0.00,2,0
2026-06-12 16:45:09.755,0.00,0.00,0.00,0.00,2,0
2026-06-12 16:45:09.805,0.00,0.00,0.00,0.00,2,0
2026-06-12 16:45:09.855,0.00,0.00,0.00,0.00,2,0
2026-06-12 16:45:09.906,0.00,0.00,0.00,0.00,2,0
2026-06-12 16:45:09.956,0.00,0.00,0.00,0.00,2,0
2026-06-12 16:45:10.006,0.00,0.00,0.00,0.00,2,0
2026-06-12 16:45:10.057,0.00,0.00,0.00,0.00,2,0
2026-06-12 16:45:10.107,0.00,0.00,0.00,0.00,2,0
2026-06-12 16:45:10.158,0.00,0.00,0.00,0.00,2,0
2026-06-12 16:45:10.208,0.00,0.00,0.00,0.00,2,0
2026-06-12 16:45:10.259,0.00,0.00,0.00,0.00,2,0
2026-06-12 16:45:10.309,0.00,0.00,0.00,0.00,2,0
2026-06-12 16:45:10.359,0.00,0.00,0.00,0.00,2,0
2026-06-12 16:45:10.410,0.00,0.00,0.00,0.00,2,0
2026-06-12 16:45:10.460,0.00,0.00,0.00,0.00,2,0
2026-06-12 16:45:10.511,0.00,0.00,0.00,0.00,2,0
2026-06-12 16:45:10.561,0.00,0.00,0.00,0.00,2,0
2026-06-12 16:45:10.611,0.00,0.00,0.00,0.00,2,0
2026-06-12 16:45:10.662,0.00,0.00,0.00,0.00,2,0
2026-06-12 16:45:10.712,0.00,0.00,0.00,0.00,2,0
2026-06-12 16:45:10.762,0.00,0.00,0.00,0.00,2,0
2026-06-12 16:45:10.813,0.00,0.00,0.00,0.00,2,0
2026-06-12 16:45:10.863,0.00,0.00,0.00,0.00,2,0
2026-06-12 16:45:10.914,0.00,0.00,0.00,0.00,2,0
2026-06-12 16:45:10.964,0.00,0.00,0.00,0.00,2,0
2026-06-12 16:45:11.015,0.00,0.00,0.00,0.00,2,0
2026-06-12 16:45:11.065,0.00,0.00,0.00,0.00,2,0
2026-06-12 16:45:11.115,0.00,0.00,0.00,0.00,2,0
2026-06-12 16:45:11.167,0.00,0.00,0.00,0.00,2,0
2026-06-12 16:45:11.217,0.00,0.00,0.00,0.00,2,0
2026-06-12 16:45:11.267,0.00,0.00,0.00,0.00,2,0
2026-06-12 16:45:11.317,0.00,0.00,0.00,0.00,2,0
2026-06-12 16:45:11.367,0.00,0.00,0.00,0.00,2,0
2026-06-12 16:45:11.418,0.00,0.00,0.00,0.00,2,0
2026-06-12 16:45:11.468,0.00,0.00,0.00,0.00,2,0
2026-06-12 16:45:11.518,0.00,0.00,0.00,0.00,2,0
2026-06-12 16:45:11.569,0.00,0.00,0.00,0.00,2,0
2026-06-12 16:45:11.619,0.00,0.00,0.00,0.00,2,0
2026-06-12 16:45:11.670,0.00,0.00,0.00,0.00,2,0
2026-06-12 16:45:11.720,0.00,0.00,0.00,0.00,2,0
2026-06-12 16:45:11.771,0.00,0.00,0.00,0.00,2,0
2026-06-12 16:45:11.821,0.00,0.00,0.00,0.00,2,0
2026-06-12 16:45:11.871,0.00,0.00,0.00,0.00,2,0
2026-06-12 16:45:11.922,0.00,0.00,0.00,0.00,2,0
2026-06-12 16:45:11.972,0.00,0.00,0.00,0.00,2,0
2026-06-12 16:45:12.022,0.00,0.00,0.00,0.00,2,0
2026-06-12 16:45:12.073,0.00,0.00,0.00,0.00,2,0
2026-06-12 16:45:12.123,0.00,0.00,0.00,0.00,2,0
2026-06-12 16:45:12.174,0.00,0.00,0.00,0.00,2,0
2026-06-12 16:45:12.224,0.00,0.00,0.00,0.00,2,0
2026-06-12 16:45:12.274,0.00,0.00,0.00,0.00,2,0
2026-06-12 16:45:12.325,0.00,0.00,0.00,0.00,2,0
2026-06-12 16:45:12.375,0.00,0.00,0.00,0.00,2,0
2026-06-12 16:45:12.426,0.00,0.00,0.00,0.00,2,0
2026-06-12 16:45:12.476,0.00,0.00,0.00,0.00,2,0
2026-06-12 16:45:12.528,0.00,0.00,0.00,0.00,2,0
2026-06-12 16:45:12.577,0.00,0.00,0.00,0.00,2,0
2026-06-12 16:45:12.627,0.00,0.00,0.00,0.00,2,0
2026-06-12 16:45:12.678,0.00,0.00,0.00,0.00,2,0
2026-06-12 16:45:12.728,0.00,0.00,0.00,0.00,2,0
2026-06-12 16:45:12.778,0.00,0.00,0.00,0.00,2,0
2026-06-12 16:45:12.829,0.00,0.00,0.00,0.00,2,0
2026-06-12 16:45:12.879,0.00,0.00,0.00,0.00,2,0
2026-06-12 16:45:12.930,0.00,0.00,0.00,0.00,2,0
2026-06-12 16:45:12.980,0.00,0.00,0.00,0.00,2,0
2026-06-12 16:45:13.030,0.00,0.00,0.00,0.00,2,0
2026-06-12 16:45:13.082,0.00,0.00,0.00,0.00,2,0
2026-06-12 16:45:13.131,0.00,0.00,0.00,0.00,2,0
2026-06-12 16:45:13.181,0.00,0.00,0.00,0.00,2,0
2026-06-12 16:45:13.232,0.00,0.00,0.00,0.00,2,0
2026-06-12 16:45:13.283,0.00,0.00,0.00,0.00,2,0
2026-06-12 16:45:13.333,0.00,0.00,0.00,0.00,2,0
2026-06-12 16:45:13.383,0.00,0.00,0.00,0.00,2,0
2026-06-12 16:45:13.433,0.00,0.00,0.00,0.00,2,0
2026-06-12 16:45:13.484,0.00,0.00,0.00,0.00,2,0
2026-06-12 16:45:13.534,0.00,0.00,0.00,0.00,2,0
2026-06-12 16:45:13.585,0.00,0.00,0.00,0.00,2,0
2026-06-12 16:45:13.635,0.00,0.00,0.00,0.00,2,0
2026-06-12 16:45:13.688,0.00,0.00,0.00,0.00,2,0
2026-06-12 16:45:13.736,0.00,0.00,0.00,0.00,2,0
2026-06-12 16:45:13.787,0.00,0.00,0.00,0.00,2,0
2026-06-12 16:45:13.837,0.00,0.00,0.00,0.00,2,0
2026-06-12 16:45:13.887,0.00,0.00,0.00,0.00,2,0
2026-06-12 16:45:13.941,0.00,0.00,0.00,0.00,2,0
2026-06-12 16:45:13.988,0.00,0.00,0.00,0.00,2,0
2026-06-12 16:45:14.038,0.00,0.00,0.00,0.00,2,0
2026-06-12 16:45:14.089,0.00,0.00,0.00,0.00,2,0
2026-06-12 16:45:14.139,0.00,0.00,0.00,0.00,2,0
2026-06-12 16:45:14.189,0.00,0.00,0.00,0.00,2,0
2026-06-12 16:45:14.240,0.00,0.00,0.00,0.00,2,0
2026-06-12 16:45:14.290,0.00,0.00,0.00,0.00,2,0
2026-06-12 16:45:14.341,0.00,0.00,0.00,0.00,2,0
2026-06-12 16:45:14.391,0.00,0.00,0.00,0.00,2,0
2026-06-12 16:45:14.441,0.00,0.00,0.00,0.00,2,0
2026-06-12 16:45:14.492,0.00,0.00,0.00,0.00,2,0
2026-06-12 16:45:14.542,0.00,0.00,0.00,0.00,2,0
2026-06-12 16:45:14.593,0.00,0.00,0.00,0.00,2,0
2026-06-12 16:45:14.643,0.00,0.00,0.00,0.00,2,0
2026-06-12 16:45:14.693,0.00,0.00,0.00,0.00,2,0
2026-06-12 16:45:14.744,0.00,0.00,0.00,0.00,2,0
2026-06-12 16:45:14.794,0.00,0.00,0.00,0.00,2,0
2026-06-12 16:45:14.845,0.00,0.00,0.00,0.00,2,0
2026-06-12 16:45:14.895,0.00,0.00,0.00,0.00,2,0
2026-06-12 16:45:14.945,0.00,0.00,0.00,0.00,2,0
2026-06-12 16:45:14.997,0.00,0.00,0.00,0.00,2,0
2026-06-12 16:45:15.046,0.00,0.00,0.00,0.00,2,0
2026-06-12 16:45:15.097,0.00,0.00,0.00,0.00,2,0
2026-06-12 16:45:15.147,0.00,0.00,0.00,0.00,2,0
2026-06-12 16:45:15.197,0.00,0.00,0.00,0.00,2,0
2026-06-12 16:45:15.248,0.00,0.00,0.00,0.00,2,0
2026-06-12 16:45:15.298,0.00,0.00,0.00,0.00,2,0
2026-06-12 16:45:15.348,0.00,0.00,0.00,0.00,2,0
2026-06-12 16:45:15.399,0.00,0.00,0.00,0.00,2,0
2026-06-12 16:45:15.449,0.00,0.00,0.00,0.00,2,0
2026-06-12 16:45:15.500,0.00,0.00,0.00,0.00,2,0
2026-06-12 16:45:15.550,0.00,0.00,0.00,0.00,2,0
2026-06-12 16:45:15.601,0.00,0.00,0.00,0.00,2,0
2026-06-12 16:45:15.651,0.00,0.00,0.00,0.00,2,0
2026-06-12 16:45:15.701,0.00,0.00,0.00,0.00,2,0
2026-06-12 16:45:15.752,0.00,0.00,0.00,0.00,2,0
2026-06-12 16:45:15.802,0.00,0.00,0.00,0.00,2,0
2026-06-12 16:45:15.852,0.00,0.00,0.00,0.00,2,0
2026-06-12 16:45:15.903,0.00,0.00,0.00,0.00,2,0
2026-06-12 16:45:15.953,0.00,0.00,0.00,0.00,2,0
2026-06-12 16:45:16.004,0.00,0.00,0.00,0.00,2,0
2026-06-12 16:45:16.054,0.00,0.00,0.00,0.00,2,0
2026-06-12 16:45:16.105,0.00,0.00,0.00,0.00,2,0
2026-06-12 16:45:16.155,0.00,0.00,0.00,0.00,2,0
2026-06-12 16:45:16.205,0.00,0.00,0.00,0.00,2,0
2026-06-12 16:45:16.256,0.00,0.00,0.00,0.00,2,0
2026-06-12 16:45:16.306,0.00,0.00,0.00,0.00,2,0
2026-06-12 16:45:16.357,0.00,0.00,0.00,0.00,2,0
2026-06-12 16:45:16.407,0.00,0.00,0.00,0.00,2,0
2026-06-12 16:45:16.457,0.00,0.00,0.00,0.00,2,0
2026-06-12 16:45:16.508,0.00,0.00,0.00,0.00,2,0
2026-06-12 16:45:16.558,0.00,0.00,0.00,0.00,2,0
2026-06-12 16:45:16.608,0.00,0.00,0.00,0.00,2,0
2026-06-12 16:45:16.659,0.00,0.00,0.00,0.00,2,0
2026-06-12 16:45:16.709,0.00,0.00,0.00,0.00,2,0
2026-06-12 16:45:16.760,0.00,0.00,0.00,0.00,2,0
2026-06-12 16:45:16.810,0.00,0.00,0.00,0.00,2,0
2026-06-12 16:45:16.860,0.00,0.00,0.00,0.00,2,0
2026-06-12 16:45:16.911,0.00,0.00,0.00,0.00,2,0
2026-06-12 16:45:16.961,0.00,0.00,0.00,0.00,2,0
2026-06-12 16:45:17.012,0.00,0.00,0.00,0.00,2,0
2026-06-12 16:45:17.062,0.00,0.00,0.00,0.00,2,0
2026-06-12 16:45:17.112,0.00,0.00,0.00,0.00,2,0
2026-06-12 16:45:17.163,0.00,0.00,0.00,0.00,2,0
2026-06-12 16:45:17.213,0.00,0.00,0.00,0.00,2,0
2026-06-12 16:45:17.264,0.00,0.00,0.00,0.00,2,0
2026-06-12 16:45:17.314,0.00,0.00,0.00,0.00,2,0
2026-06-12 16:45:17.366,0.00,0.00,0.00,0.00,2,0
2026-06-12 16:45:17.415,0.00,0.00,0.00,0.00,2,0
2026-06-12 16:45:17.466,0.00,0.00,0.00,0.00,2,0
2026-06-12 16:45:17.516,0.00,0.00,0.00,0.00,2,0
2026-06-12 16:45:17.566,0.00,0.00,0.00,0.00,2,0
2026-06-12 16:45:17.617,0.00,0.00,0.00,0.00,2,0
2026-06-12 16:45:17.667,0.00,0.00,0.00,0.00,2,0
2026-06-12 16:45:17.717,0.00,0.00,0.00,0.00,2,0
2026-06-12 16:45:17.768,0.00,0.00,0.00,0.00,2,0
2026-06-12 16:45:17.818,0.00,0.00,0.00,0.00,2,0
2026-06-12 16:45:17.868,0.00,0.00,0.00,0.00,2,0
2026-06-12 16:45:17.919,0.00,0.00,0.00,0.00,2,0
2026-06-12 16:45:17.969,0.00,0.00,0.00,0.00,2,0
2026-06-12 16:45:18.020,0.00,0.00,0.00,0.00,2,0
2026-06-12 16:45:18.070,0.00,0.00,0.00,0.00,2,0
2026-06-12 16:45:18.120,0.00,0.00,0.00,0.00,2,0
2026-06-12 16:45:18.171,0.00,0.00,0.00,0.00,2,0
2026-06-12 16:45:18.221,0.00,0.00,0.00,0.00,2,0
2026-06-12 16:45:18.271,0.00,0.00,0.00,0.00,2,0
2026-06-12 16:45:18.322,0.00,0.00,0.00,0.00,2,0
2026-06-12 16:45:18.372,0.00,0.00,0.00,0.00,2,0
2026-06-12 16:45:18.423,0.00,0.00,0.00,0.00,2,0
2026-06-12 16:45:18.473,0.00,0.00,0.00,0.00,2,0
2026-06-12 16:45:18.523,0.00,0.00,0.00,0.00,2,0
2026-06-12 16:45:18.574,0.00,0.00,0.00,0.00,2,0
2026-06-12 16:45:18.624,0.00,0.00,0.00,0.00,2,0
2026-06-12 16:45:18.675,0.00,0.00,0.00,0.00,2,0
2026-06-12 16:45:18.725,0.00,0.00,0.00,0.00,2,0
2026-06-12 16:45:18.776,0.00,0.00,0.00,0.00,2,0
2026-06-12 16:45:18.826,0.00,0.00,0.00,0.00,2,0
2026-06-12 16:45:18.877,0.00,0.00,0.00,0.00,2,0
2026-06-12 16:45:18.927,0.00,0.00,0.00,0.00,2,0
2026-06-12 16:45:18.977,0.00,0.00,0.00,0.00,2,0
2026-06-12 16:45:19.027,0.00,0.00,0.00,0.00,2,0
2026-06-12 16:45:19.078,0.00,0.00,0.00,0.00,2,0
2026-06-12 16:45:19.128,0.00,0.00,0.00,0.00,2,0
2026-06-12 16:45:19.179,0.00,0.00,0.00,0.00,2,0
2026-06-12 16:45:19.229,0.00,0.00,0.00,0.00,2,0
2026-06-12 16:45:19.279,0.00,0.00,0.00,0.00,2,0
2026-06-12 16:45:19.330,0.00,0.00,0.00,0.00,2,0
2026-06-12 16:45:19.380,0.00,0.00,0.00,0.00,2,0
2026-06-12 16:45:19.431,0.00,0.00,0.00,0.00,2,0
2026-06-12 16:45:19.481,0.00,0.00,0.00,0.00,2,0
2026-06-12 16:45:19.531,0.00,0.00,0.00,0.00,2,0
2026-06-12 16:45:19.582,0.00,0.00,0.00,0.00,2,0
2026-06-12 16:45:19.632,0.00,0.00,0.00,0.00,2,0
2026-06-12 16:45:19.683,0.00,0.00,0.00,0.00,2,0
2026-06-12 16:45:19.733,0.00,0.00,0.00,0.00,2,0
2026-06-12 16:45:19.783,0.00,0.00,0.00,0.00,2,0
2026-06-12 16:45:19.834,0.00,0.00,0.00,0.00,2,0
2026-06-12 16:45:19.884,0.00,0.00,0.00,0.00,2,0
2026-06-12 16:45:19.934,0.00,0.00,0.00,0.00,2,0
2026-06-12 16:45:19.985,0.00,0.00,0.00,0.00,2,0
2026-06-12 16:45:20.035,0.00,0.00,0.00,0.00,2,0
2026-06-12 16:45:20.086,0.00,0.00,0.00,0.00,2,0
2026-06-12 16:45:20.136,0.00,0.00,0.00,0.00,2,0
2026-06-12 16:45:20.187,0.00,0.00,0.00,0.00,2,0
2026-06-12 16:45:20.237,0.00,0.00,0.00,0.00,2,0
2026-06-12 16:45:20.287,0.00,0.00,0.00,0.00,2,0
2026-06-12 16:45:20.338,0.00,0.00,0.00,0.00,2,0
2026-06-12 16:45:20.388,0.00,0.00,0.00,0.00,2,0
2026-06-12 16:45:20.438,0.00,0.00,0.00,0.00,2,0
2026-06-12 16:45:20.489,0.00,0.00,0.00,0.00,2,0
2026-06-12 16:45:20.539,0.00,0.00,0.00,0.00,2,0
2026-06-12 16:45:20.590,0.00,0.00,0.00,0.00,2,0
2026-06-12 16:45:20.640,0.00,0.00,0.00,0.00,2,0
2026-06-12 16:45:20.690,0.00,0.00,0.00,0.00,2,0
2026-06-12 16:45:20.741,0.00,0.00,0.00,0.00,2,0
2026-06-12 16:45:20.791,0.00,0.00,0.00,0.00,2,0
2026-06-12 16:45:20.842,0.00,0.00,0.00,0.00,2,0
2026-06-12 16:45:20.892,0.00,0.00,0.00,0.00,2,0
2026-06-12 16:45:20.942,0.00,0.00,0.00,0.00,2,0
2026-06-12 16:45:20.993,0.00,0.00,0.00,0.00,2,0
2026-06-12 16:45:21.043,0.00,0.00,0.00,0.00,2,0
2026-06-12 16:45:21.094,0.00,0.00,0.00,0.00,2,0
2026-06-12 16:45:21.144,0.00,0.00,0.00,0.00,2,0
2026-06-12 16:45:21.194,0.00,0.00,0.00,0.00,2,0
2026-06-12 16:45:21.245,0.00,0.00,0.00,0.00,2,0
2026-06-12 16:45:21.295,0.00,0.00,0.00,0.00,2,0
2026-06-12 16:45:21.346,0.00,0.00,0.00,0.00,2,0
2026-06-12 16:45:21.397,0.00,0.00,0.00,0.00,2,0
2026-06-12 16:45:21.446,0.00,0.00,0.00,0.00,2,0
2026-06-12 16:45:21.497,0.00,0.00,0.00,0.00,2,0
2026-06-12 16:45:21.547,0.00,0.00,0.00,0.00,2,0
2026-06-12 16:45:21.598,0.00,0.00,0.00,0.00,2,0
2026-06-12 16:45:21.649,0.00,0.00,0.00,0.00,2,0
2026-06-12 16:45:21.700,0.00,0.00,0.00,0.00,2,0
2026-06-12 16:45:21.749,0.00,0.00,0.00,0.00,2,0
2026-06-12 16:45:21.799,0.00,0.00,0.00,0.00,2,0
2026-06-12 16:45:21.850,0.00,0.00,0.00,0.00,2,0
2026-06-12 16:45:21.900,0.00,0.00,0.00,0.00,2,0
2026-06-12 16:45:21.950,0.00,0.00,0.00,0.00,2,0
2026-06-12 16:45:22.001,0.00,0.00,0.00,0.00,2,0
2026-06-12 16:45:22.051,0.00,0.00,0.00,0.00,2,0
2026-06-12 16:45:22.102,0.00,0.00,0.00,0.00,2,0
2026-06-12 16:45:22.152,0.00,0.00,0.00,0.00,2,0
2026-06-12 16:45:22.202,0.00,0.00,0.00,0.00,2,0
2026-06-12 16:45:22.253,0.00,0.00,0.00,0.00,2,0
2026-06-12 16:45:22.303,0.00,0.00,0.00,0.00,2,0
2026-06-12 16:45:22.354,0.00,0.00,0.00,0.00,2,0
2026-06-12 16:45:22.404,0.00,0.00,0.00,0.00,2,0
2026-06-12 16:45:22.454,0.00,0.00,0.00,0.00,2,0
2026-06-12 16:45:22.505,0.00,0.00,0.00,0.00,2,0
2026-06-12 16:45:22.555,0.00,0.00,0.00,0.00,2,0
2026-06-12 16:45:22.606,0.00,0.00,0.00,0.00,2,0
2026-06-12 16:45:22.656,0.00,0.00,0.00,0.00,2,0
2026-06-12 16:45:22.707,0.00,0.00,0.00,0.00,2,0
2026-06-12 16:45:22.757,0.00,0.00,0.00,0.00,2,0
2026-06-12 16:45:22.807,0.00,0.00,0.00,0.00,2,0
2026-06-12 16:45:22.857,0.00,0.00,0.00,0.00,2,0
2026-06-12 16:45:22.908,0.00,0.00,0.00,0.00,2,0
2026-06-12 16:45:22.958,0.00,0.00,0.00,0.00,2,0
2026-06-12 16:45:23.009,0.00,0.00,0.00,0.00,2,0
2026-06-12 16:45:23.059,0.00,0.00,0.00,0.00,2,0
2026-06-12 16:45:23.109,0.00,0.00,0.00,0.00,2,0
2026-06-12 16:45:23.160,0.00,0.00,0.00,0.00,2,0
2026-06-12 16:45:23.210,0.00,0.00,0.00,0.00,2,0
2026-06-12 16:45:23.261,0.00,0.00,0.00,0.00,2,0
2026-06-12 16:45:23.311,0.00,0.00,0.00,0.00,2,0
2026-06-12 16:45:23.361,0.00,0.00,0.00,0.00,2,0
2026-06-12 16:45:23.412,0.00,0.00,0.00,0.00,2,0
2026-06-12 16:45:23.462,0.00,0.00,0.00,0.00,2,0
2026-06-12 16:45:23.513,0.00,0.00,0.00,0.00,2,0
2026-06-12 16:45:23.563,0.00,0.00,0.00,0.00,2,0
2026-06-12 16:45:23.613,0.00,0.00,0.00,0.00,2,0
2026-06-12 16:45:23.664,0.00,0.00,0.00,0.00,2,0
2026-06-12 16:45:23.714,0.00,0.00,0.00,0.00,2,0
2026-06-12 16:45:23.765,0.00,0.00,0.00,0.00,2,0
2026-06-12 16:45:23.815,0.00,0.00,0.00,0.00,2,0
2026-06-12 16:45:23.866,0.00,0.00,0.00,0.00,2,0
2026-06-12 16:45:23.918,0.00,0.00,0.00,0.00,2,0
2026-06-12 16:45:23.967,0.00,0.00,0.00,0.00,2,0
2026-06-12 16:45:24.017,0.00,0.00,0.00,0.00,2,0
2026-06-12 16:45:24.067,0.00,0.00,0.00,0.00,2,0
2026-06-12 16:45:24.117,0.00,0.00,0.00,0.00,2,0
2026-06-12 16:45:24.168,0.00,0.00,0.00,0.00,2,0
2026-06-12 16:45:24.218,0.00,0.00,0.00,0.00,2,0
2026-06-12 16:45:24.269,0.00,0.00,0.00,0.00,2,0
2026-06-12 16:45:24.319,0.00,0.00,0.00,0.00,2,0
2026-06-12 16:45:24.370,0.00,0.00,0.00,0.00,2,0
2026-06-12 16:45:24.420,0.00,0.00,0.00,0.00,2,0
2026-06-12 16:45:24.470,0.00,0.00,0.00,0.00,2,0
2026-06-12 16:45:24.521,0.00,0.00,0.00,0.00,2,0
2026-06-12 16:45:24.571,0.00,0.00,0.00,0.00,2,0
2026-06-12 16:45:24.621,0.00,0.00,0.00,0.00,2,0
2026-06-12 16:45:24.672,0.00,0.00,0.00,0.00,2,0
2026-06-12 16:45:24.722,0.00,0.00,0.00,0.00,2,0
2026-06-12 16:45:24.773,0.00,0.00,0.00,0.00,2,0
2026-06-12 16:45:24.823,0.00,0.00,0.00,0.00,2,0
2026-06-12 16:45:24.873,0.00,0.00,0.00,0.00,2,0
2026-06-12 16:45:24.924,0.00,0.00,0.00,0.00,2,0
2026-06-12 16:45:24.974,0.00,0.00,0.00,0.00,2,0
2026-06-12 16:45:25.025,0.00,0.00,0.00,0.00,2,0
2026-06-12 16:45:25.075,0.00,0.00,0.00,0.00,2,0
2026-06-12 16:45:25.125,0.00,0.00,0.00,0.00,2,0
2026-06-12 16:45:25.176,0.00,0.00,0.00,0.00,2,0
2026-06-12 16:45:25.226,0.00,0.00,0.00,0.00,2,0
2026-06-12 16:45:25.277,0.00,0.00,0.00,0.00,2,0
2026-06-12 16:45:25.327,0.00,0.00,0.00,0.00,2,0
2026-06-12 16:45:25.377,0.00,0.00,0.00,0.00,2,0
2026-06-12 16:45:25.429,0.00,0.00,0.00,0.00,2,0
2026-06-12 16:45:25.478,0.00,0.00,0.00,0.00,2,0
2026-06-12 16:45:25.528,0.00,0.00,0.00,0.00,2,0
2026-06-12 16:45:25.579,0.00,0.00,0.00,0.00,2,0
2026-06-12 16:45:25.629,0.00,0.00,0.00,0.00,2,0
2026-06-12 16:45:25.680,0.00,0.00,0.00,0.00,2,0
2026-06-12 16:45:25.730,0.00,0.00,0.00,0.00,2,0
2026-06-12 16:45:25.784,0.00,0.00,0.00,0.00,2,0
2026-06-12 16:45:25.831,0.00,0.00,0.00,0.00,2,0
2026-06-12 16:45:25.881,0.00,0.00,0.00,0.00,2,0
2026-06-12 16:45:25.932,0.00,0.00,0.00,0.00,2,0
2026-06-12 16:45:25.983,0.00,0.00,0.00,0.00,2,0
2026-06-12 16:45:26.032,0.00,0.00,0.00,0.00,2,0
2026-06-12 16:45:26.083,0.00,0.00,0.00,0.00,2,0
2026-06-12 16:45:26.133,0.00,0.00,0.00,0.00,2,0
2026-06-12 16:45:26.184,0.00,0.00,0.00,0.00,2,0
2026-06-12 16:45:26.234,0.00,0.00,0.00,0.00,2,0
2026-06-12 16:45:26.285,0.00,0.00,0.00,0.00,2,0
2026-06-12 16:45:26.335,0.00,0.00,0.00,0.00,2,0
2026-06-12 16:45:26.385,0.00,0.00,0.00,0.00,2,0
2026-06-12 16:45:26.436,0.00,0.00,0.00,0.00,2,0
2026-06-12 16:45:26.486,0.00,0.00,0.00,0.00,2,0
2026-06-12 16:45:26.537,0.00,0.00,0.00,0.00,2,0
2026-06-12 16:45:26.587,0.00,0.00,0.00,0.00,2,0
2026-06-12 16:45:26.637,0.00,0.00,0.00,0.00,2,0
2026-06-12 16:45:26.688,0.00,0.00,0.00,0.00,2,0
2026-06-12 16:45:26.738,0.00,0.00,0.00,0.00,2,0
2026-06-12 16:45:26.788,0.00,0.00,0.00,0.00,2,0
2026-06-12 16:45:26.839,0.00,0.00,0.00,0.00,2,0
2026-06-12 16:45:26.889,0.00,0.00,0.00,0.00,2,0
2026-06-12 16:45:26.940,0.00,0.00,0.00,0.00,2,0
2026-06-12 16:45:26.990,0.00,0.00,0.00,0.00,2,0
2026-06-12 16:45:27.041,0.00,0.00,0.00,0.00,2,0
2026-06-12 16:45:27.091,0.00,0.00,0.00,0.00,2,0
2026-06-12 16:45:27.141,0.00,0.00,0.00,0.00,2,0
2026-06-12 16:45:27.192,0.00,0.00,0.00,0.00,2,0
2026-06-12 16:45:27.242,0.00,0.00,0.00,0.00,2,0
2026-06-12 16:45:27.292,0.00,0.00,0.00,0.00,2,0
2026-06-12 16:45:27.343,0.00,0.00,0.00,0.00,2,0
2026-06-12 16:45:27.393,0.00,0.00,0.00,0.00,2,0
2026-06-12 16:45:27.444,0.00,0.00,0.00,0.00,2,0
2026-06-12 16:45:27.494,0.00,0.00,0.00,0.00,2,0
2026-06-12 16:45:27.544,0.00,0.00,0.00,0.00,2,0
2026-06-12 16:45:27.595,0.00,0.00,0.00,0.00,2,0
2026-06-12 16:45:27.645,0.00,0.00,0.00,0.00,2,0
2026-06-12 16:45:27.695,0.00,0.00,0.00,0.00,2,0
2026-06-12 16:45:27.747,0.00,0.00,0.00,0.00,2,0
2026-06-12 16:45:27.797,0.00,0.00,0.00,0.00,2,0
2026-06-12 16:45:27.847,0.00,0.00,0.00,0.00,2,0
2026-06-12 16:45:27.897,0.00,0.00,0.00,0.00,2,0
2026-06-12 16:45:27.947,0.00,0.00,0.00,0.00,2,0
2026-06-12 16:45:27.998,0.00,0.00,0.00,0.00,2,0
2026-06-12 16:45:28.048,0.00,0.00,0.00,0.00,2,0
2026-06-12 16:45:28.099,0.00,0.00,0.00,0.00,2,0
2026-06-12 16:45:28.149,0.00,0.00,0.00,0.00,2,0
2026-06-12 16:45:28.199,0.00,0.00,0.00,0.00,2,0
2026-06-12 16:45:28.250,0.00,0.00,0.00,0.00,2,0
2026-06-12 16:45:28.300,0.00,0.00,0.00,0.00,2,0
2026-06-12 16:45:28.351,0.00,0.00,0.00,0.00,2,0
2026-06-12 16:45:28.401,0.00,0.00,0.00,0.00,2,0
2026-06-12 16:45:28.451,0.00,0.00,0.00,0.00,2,0
2026-06-12 16:45:28.502,0.00,0.00,0.00,0.00,2,0
2026-06-12 16:45:28.552,0.00,0.00,0.00,0.00,2,0
2026-06-12 16:45:28.603,0.00,0.00,0.00,0.00,2,0
2026-06-12 16:45:28.653,0.00,0.00,0.00,0.00,2,0
2026-06-12 16:45:28.703,0.00,0.00,0.00,0.00,2,0
2026-06-12 16:45:28.754,0.00,0.00,0.00,0.00,2,0
2026-06-12 16:45:28.804,0.00,0.00,0.00,0.00,2,0
2026-06-12 16:45:28.855,0.00,0.00,0.00,0.00,2,0
2026-06-12 16:45:28.905,0.00,0.00,0.00,0.00,2,0
2026-06-12 16:45:28.955,0.00,0.00,0.00,0.00,2,0
2026-06-12 16:45:29.006,0.00,0.00,0.00,0.00,2,0
2026-06-12 16:45:29.057,0.00,0.00,0.00,0.00,2,0
2026-06-12 16:45:29.107,0.00,0.00,0.00,0.00,2,0
2026-06-12 16:45:29.157,0.00,0.00,0.00,0.00,2,0
2026-06-12 16:45:29.207,0.00,0.00,0.00,0.00,2,0
2026-06-12 16:45:29.258,0.00,0.00,0.00,0.00,2,0
2026-06-12 16:45:29.308,0.00,0.00,0.00,0.00,2,0
2026-06-12 16:45:29.359,0.00,0.00,0.00,0.00,2,0
2026-06-12 16:45:29.409,0.00,0.00,0.00,0.00,2,0
2026-06-12 16:45:29.459,0.00,0.00,0.00,0.00,2,0
2026-06-12 16:45:29.510,0.00,0.00,0.00,0.00,2,0
2026-06-12 16:45:29.560,0.00,0.00,0.00,0.00,2,0
2026-06-12 16:45:29.611,0.00,0.00,0.00,0.00,2,0
2026-06-12 16:45:29.661,0.00,0.00,0.00,0.00,2,0
2026-06-12 16:45:29.711,0.00,0.00,0.00,0.00,2,0
2026-06-12 16:45:29.762,0.00,0.00,0.00,0.00,2,0
2026-06-12 16:45:29.812,0.00,0.00,0.00,0.00,2,0
2026-06-12 16:45:29.863,0.00,0.00,0.00,0.00,2,0
2026-06-12 16:45:29.913,0.00,0.00,0.00,0.00,2,0
2026-06-12 16:45:29.963,0.00,0.00,0.00,0.00,2,0
2026-06-12 16:45:30.014,0.00,0.00,0.00,0.00,2,0
2026-06-12 16:45:30.064,0.00,0.00,0.00,0.00,2,0
2026-06-12 16:45:30.115,0.00,0.00,0.00,0.00,2,0
2026-06-12 16:45:30.165,0.00,0.00,0.00,0.00,2,0
2026-06-12 16:45:30.215,0.00,0.00,0.00,0.00,2,0
2026-06-12 16:45:30.266,0.00,0.00,0.00,0.00,2,0
2026-06-12 16:45:30.322,0.00,0.00,0.00,0.00,2,0
2026-06-12 16:45:30.367,0.00,0.00,0.00,0.00,2,0
2026-06-12 16:45:30.417,0.00,0.00,0.00,0.00,2,0
2026-06-12 16:45:30.467,0.00,0.00,0.00,0.00,2,0
2026-06-12 16:45:30.518,0.00,0.00,0.00,0.00,2,0
2026-06-12 16:45:30.568,0.00,0.00,0.00,0.00,2,0
2026-06-12 16:45:30.618,0.00,0.00,0.00,0.00,2,0
2026-06-12 16:45:30.670,0.00,0.00,0.00,0.00,2,0
2026-06-12 16:45:30.719,0.00,0.00,0.00,0.00,2,0
2026-06-12 16:45:30.770,0.00,0.00,0.00,0.00,2,0
2026-06-12 16:45:30.820,0.00,0.00,0.00,0.00,2,0
2026-06-12 16:45:30.870,0.00,0.00,0.00,0.00,2,0
2026-06-12 16:45:30.921,0.00,0.00,0.00,0.00,2,0
2026-06-12 16:45:30.971,0.00,0.00,0.00,0.00,2,0
2026-06-12 16:45:31.022,0.00,0.00,0.00,0.00,2,0
2026-06-12 16:45:31.072,0.00,0.00,0.00,0.00,2,0
2026-06-12 16:45:31.122,0.00,0.00,0.00,0.00,2,0
2026-06-12 16:45:31.173,0.00,0.00,0.00,0.00,2,0
2026-06-12 16:45:31.223,0.00,0.00,0.00,0.00,2,0
2026-06-12 16:45:31.274,0.00,0.00,0.00,0.00,2,0
2026-06-12 16:45:31.324,0.00,0.00,0.00,0.00,2,0
2026-06-12 16:45:31.375,0.00,0.00,0.00,0.00,2,0
2026-06-12 16:45:31.425,0.00,0.00,0.00,0.00,2,0
2026-06-12 16:45:31.475,0.00,0.00,0.00,0.00,2,0
2026-06-12 16:45:31.527,0.00,0.00,0.00,0.00,2,0
2026-06-12 16:45:31.577,0.00,0.00,0.00,0.00,2,0
2026-06-12 16:45:31.627,0.00,0.00,0.00,0.00,2,0
2026-06-12 16:45:31.677,0.00,0.00,0.00,0.00,2,0
2026-06-12 16:45:31.727,0.00,0.00,0.00,0.00,2,0
2026-06-12 16:45:31.778,0.00,0.00,0.00,0.00,2,0
2026-06-12 16:45:31.828,0.00,0.00,0.00,0.00,2,0
2026-06-12 16:45:31.878,0.00,0.00,0.00,0.00,2,0
2026-06-12 16:45:31.929,0.00,0.00,0.00,0.00,2,0
2026-06-12 16:45:31.979,0.00,0.00,0.00,0.00,2,0
2026-06-12 16:45:32.030,0.00,0.00,0.00,0.00,2,0
2026-06-12 16:45:32.080,0.00,0.00,0.00,0.00,2,0
2026-06-12 16:45:32.130,0.00,0.00,0.00,0.00,2,0
2026-06-12 16:45:32.181,0.00,0.00,0.00,0.00,2,0
2026-06-12 16:45:32.231,0.00,0.00,0.00,0.00,2,0
2026-06-12 16:45:32.282,0.00,0.00,0.00,0.00,2,0
2026-06-12 16:45:32.332,0.00,0.00,0.00,0.00,2,0
2026-06-12 16:45:32.382,0.00,0.00,0.00,0.00,2,0
2026-06-12 16:45:32.435,0.00,0.00,0.00,0.00,2,0
2026-06-12 16:45:32.483,0.00,0.00,0.00,0.00,2,0
2026-06-12 16:45:32.534,0.00,0.00,0.00,0.00,2,0
2026-06-12 16:45:32.584,0.00,0.00,0.00,0.00,2,0
2026-06-12 16:45:32.634,0.00,0.00,0.00,0.00,2,0
2026-06-12 16:45:32.685,0.00,0.00,0.00,0.00,2,0
2026-06-12 16:45:32.735,0.00,0.00,0.00,0.00,2,0
2026-06-12 16:45:32.786,0.00,0.00,0.00,0.00,2,0
2026-06-12 16:45:32.837,0.00,0.00,0.00,0.00,2,0
2026-06-12 16:45:32.887,0.00,0.00,0.00,0.00,2,0
2026-06-12 16:45:32.937,0.00,0.00,0.00,0.00,2,0
2026-06-12 16:45:32.987,0.00,0.00,0.00,0.00,2,0
2026-06-12 16:45:33.037,0.00,0.00,0.00,0.00,2,0
2026-06-12 16:45:33.088,0.00,0.00,0.00,0.00,2,0
2026-06-12 16:45:33.138,0.00,0.00,0.00,0.00,2,0
2026-06-12 16:45:33.189,0.00,0.00,0.00,0.00,2,0
2026-06-12 16:45:33.239,0.00,0.00,0.00,0.00,2,0
2026-06-12 16:45:33.290,0.00,0.00,0.00,0.00,2,0
2026-06-12 16:45:33.340,0.00,0.00,0.00,0.00,2,0
2026-06-12 16:45:33.390,0.00,0.00,0.00,0.00,2,0
2026-06-12 16:45:33.441,0.00,0.00,0.00,0.00,2,0
2026-06-12 16:45:33.491,0.00,0.00,0.00,0.00,2,0
2026-06-12 16:45:33.541,0.00,0.00,0.00,0.00,2,0
2026-06-12 16:45:33.592,0.00,0.00,0.00,0.00,2,0
2026-06-12 16:45:33.642,0.00,0.00,0.00,0.00,2,0
2026-06-12 16:45:33.695,0.00,0.00,0.00,0.00,2,0
2026-06-12 16:45:33.743,0.00,0.00,0.00,0.00,2,0
2026-06-12 16:45:33.793,0.00,0.00,0.00,0.00,2,0
2026-06-12 16:45:33.844,0.00,0.00,0.00,0.00,2,0
2026-06-12 16:45:33.894,0.00,0.00,0.00,0.00,2,0
2026-06-12 16:45:33.945,0.00,0.00,0.00,0.00,2,0
2026-06-12 16:45:33.995,0.00,0.00,0.00,0.00,2,0
2026-06-12 16:45:34.045,0.00,0.00,0.00,0.00,2,0
2026-06-12 16:45:34.096,0.00,0.00,0.00,0.00,2,0
2026-06-12 16:45:34.146,0.00,0.00,0.00,0.00,2,0
2026-06-12 16:45:34.197,0.00,0.00,0.00,0.00,2,0
2026-06-12 16:45:34.247,0.00,0.00,0.00,0.00,2,0
2026-06-12 16:45:34.297,0.00,0.00,0.00,0.00,2,0
2026-06-12 16:45:34.348,0.00,0.00,0.00,0.00,2,0
2026-06-12 16:45:34.398,0.00,0.00,0.00,0.00,2,0
2026-06-12 16:45:34.449,0.00,0.00,0.00,0.00,2,0
2026-06-12 16:45:34.499,0.00,0.00,0.00,0.00,2,0
2026-06-12 16:45:34.549,0.00,0.00,0.00,0.00,2,0
2026-06-12 16:45:34.600,0.00,0.00,0.00,0.00,2,0
2026-06-12 16:45:34.650,0.00,0.00,0.00,0.00,2,0
2026-06-12 16:45:34.701,0.00,0.00,0.00,0.00,2,0
2026-06-12 16:45:34.751,0.00,0.00,0.00,0.00,2,0
2026-06-12 16:45:34.801,0.00,0.00,0.00,0.00,2,0
2026-06-12 16:45:34.852,0.00,0.00,0.00,0.00,2,0
2026-06-12 16:45:34.902,0.00,0.00,0.00,0.00,2,0
2026-06-12 16:45:34.953,0.00,0.00,0.00,0.00,2,0
2026-06-12 16:45:35.003,0.00,0.00,0.00,0.00,2,0
2026-06-12 16:45:35.053,0.00,0.00,0.00,0.00,2,0
2026-06-12 16:45:35.104,0.00,0.00,0.00,0.00,2,0
2026-06-12 16:45:35.154,0.00,0.00,0.00,0.00,2,0
2026-06-12 16:45:35.205,0.00,0.00,0.00,0.00,2,0
2026-06-12 16:45:35.255,0.00,0.00,0.00,0.00,2,0
2026-06-12 16:45:35.305,0.00,0.00,0.00,0.00,2,0
2026-06-12 16:45:35.357,0.00,0.00,0.00,0.00,2,0
2026-06-12 16:45:35.407,0.00,0.00,0.00,0.00,2,0
2026-06-12 16:45:35.457,0.00,0.00,0.00,0.00,2,0
2026-06-12 16:45:35.507,0.00,0.00,0.00,0.00,2,0
2026-06-12 16:45:35.558,0.00,0.00,0.00,0.00,2,0
2026-06-12 16:45:35.608,0.00,0.00,0.00,0.00,2,0
2026-06-12 16:45:35.658,0.00,0.00,0.00,0.00,2,0
2026-06-12 16:45:35.708,0.00,0.00,0.00,0.00,2,0
2026-06-12 16:45:35.759,0.00,0.00,0.00,0.00,2,0
2026-06-12 16:45:35.809,0.00,0.00,0.00,0.00,2,0
2026-06-12 16:45:35.860,0.00,0.00,0.00,0.00,2,0
2026-06-12 16:45:35.910,0.00,0.00,0.00,0.00,2,0
2026-06-12 16:45:35.961,0.00,0.00,0.00,0.00,2,0
2026-06-12 16:45:36.011,0.00,0.00,0.00,0.00,2,0
2026-06-12 16:45:36.061,0.00,0.00,0.00,0.00,2,0
2026-06-12 16:45:36.112,0.00,0.00,0.00,0.00,2,0
2026-06-12 16:45:36.162,0.00,0.00,0.00,0.00,2,0
2026-06-12 16:45:36.212,0.00,0.00,0.00,0.00,2,0
2026-06-12 16:45:36.263,0.00,0.00,0.00,0.00,2,0
2026-06-12 16:45:36.313,0.00,0.00,0.00,0.00,2,0
2026-06-12 16:45:36.364,0.00,0.00,0.00,0.00,2,0
2026-06-12 16:45:36.414,0.00,0.00,0.00,0.00,2,0
2026-06-12 16:45:36.464,0.00,0.00,0.00,0.00,2,0
2026-06-12 16:45:36.515,0.00,0.00,0.00,0.00,2,0
2026-06-12 16:45:36.566,0.00,0.00,0.00,0.00,2,0
2026-06-12 16:45:36.616,0.00,0.00,0.00,0.00,2,0
2026-06-12 16:45:36.666,0.00,0.00,0.00,0.00,2,0
2026-06-12 16:45:36.717,0.00,0.00,0.00,0.00,2,0
2026-06-12 16:45:36.767,0.00,0.00,0.00,0.00,2,0
2026-06-12 16:45:36.817,0.00,0.00,0.00,0.00,2,0
2026-06-12 16:45:36.868,0.00,0.00,0.00,0.00,2,0
2026-06-12 16:45:36.921,0.00,0.00,0.00,0.00,2,0
2026-06-12 16:45:36.969,0.00,0.00,0.00,0.00,2,0
2026-06-12 16:45:37.019,0.00,0.00,0.00,0.00,2,0
2026-06-12 16:45:37.069,0.00,0.00,0.00,0.00,2,0
2026-06-12 16:45:37.120,0.00,0.00,0.00,0.00,2,0
2026-06-12 16:45:37.170,0.00,0.00,0.00,0.00,2,0
2026-06-12 16:45:37.220,0.00,0.00,0.00,0.00,2,0
2026-06-12 16:45:37.271,0.00,0.00,0.00,0.00,2,0
2026-06-12 16:45:37.322,0.00,0.00,0.00,0.00,2,0
2026-06-12 16:45:37.372,0.00,0.00,0.00,0.00,2,0
2026-06-12 16:45:37.422,0.00,0.00,0.00,0.00,2,0
2026-06-12 16:45:37.472,0.00,0.00,0.00,0.00,2,0
2026-06-12 16:45:37.523,0.00,0.00,0.00,0.00,2,0
2026-06-12 16:45:37.573,0.00,0.00,0.00,0.00,2,0
2026-06-12 16:45:37.623,0.00,0.00,0.00,0.00,2,0
2026-06-12 16:45:37.674,0.00,0.00,0.00,0.00,2,0
2026-06-12 16:45:37.724,0.00,0.00,0.00,0.00,2,0
2026-06-12 16:45:37.775,0.00,0.00,0.00,0.00,2,0
2026-06-12 16:45:37.825,0.00,0.00,0.00,0.00,2,0
2026-06-12 16:45:37.875,0.00,0.00,0.00,0.00,2,0
2026-06-12 16:45:37.926,0.00,0.00,0.00,0.00,2,0
2026-06-12 16:45:37.976,0.00,0.00,0.00,0.00,2,0
2026-06-12 16:45:38.027,0.00,0.00,0.00,0.00,2,0
2026-06-12 16:45:38.077,0.00,0.00,0.00,0.00,2,0
2026-06-12 16:45:38.127,0.00,0.00,0.00,0.00,2,0
2026-06-12 16:45:38.178,0.00,0.00,0.00,0.00,2,0
2026-06-12 16:45:38.228,0.00,0.00,0.00,0.00,2,0
2026-06-12 16:45:38.279,0.00,0.00,0.00,0.00,2,0
2026-06-12 16:45:38.329,0.00,0.00,0.00,0.00,2,0
2026-06-12 16:45:38.379,0.00,0.00,0.00,0.00,2,0
2026-06-12 16:45:38.430,0.00,0.00,0.00,0.00,2,0
2026-06-12 16:45:38.480,0.00,0.00,0.00,0.00,2,0
2026-06-12 16:45:38.531,0.00,0.00,0.00,0.00,2,0
2026-06-12 16:45:38.581,0.00,0.00,0.00,0.00,2,0
2026-06-12 16:45:38.631,0.00,0.00,0.00,0.00,2,0
2026-06-12 16:45:38.682,0.00,0.00,0.00,0.00,2,0
2026-06-12 16:45:38.732,0.00,0.00,0.00,0.00,2,0
2026-06-12 16:45:38.783,0.00,0.00,0.00,0.00,2,0
2026-06-12 16:45:38.833,0.00,0.00,0.00,0.00,2,0
2026-06-12 16:45:38.883,0.00,0.00,0.00,0.00,2,0
2026-06-12 16:45:38.934,0.00,0.00,0.00,0.00,2,0
2026-06-12 16:45:38.984,0.00,0.00,0.00,0.00,2,0
2026-06-12 16:45:39.035,0.00,0.00,0.00,0.00,2,0
2026-06-12 16:45:39.085,0.00,0.00,0.00,0.00,2,0
2026-06-12 16:45:39.135,0.00,0.00,0.00,0.00,2,0
2026-06-12 16:45:39.186,0.00,0.00,0.00,0.00,2,0
2026-06-12 16:45:39.236,0.00,0.00,0.00,0.00,2,0
2026-06-12 16:45:39.286,0.00,0.00,0.00,0.00,2,0
2026-06-12 16:45:39.337,0.00,0.00,0.00,0.00,2,0
2026-06-12 16:45:39.387,0.00,0.00,0.00,0.00,2,0
2026-06-12 16:45:39.438,0.00,0.00,0.00,0.00,2,0
2026-06-12 16:45:39.488,0.00,0.00,0.00,0.00,2,0
2026-06-12 16:45:39.538,0.00,0.00,0.00,0.00,2,0
2026-06-12 16:45:39.589,0.00,0.00,0.00,0.00,2,0
2026-06-12 16:45:39.639,0.00,0.00,0.00,0.00,2,0
2026-06-12 16:45:39.690,0.00,0.00,0.00,0.00,2,0
2026-06-12 16:45:39.740,0.00,0.00,0.00,0.00,2,0
2026-06-12 16:45:39.790,0.00,0.00,0.00,0.00,2,0
2026-06-12 16:45:39.841,0.00,0.00,0.00,0.00,2,0
2026-06-12 16:45:39.891,0.00,0.00,0.00,0.00,2,0
2026-06-12 16:45:39.942,0.00,0.00,0.00,0.00,2,0
2026-06-12 16:45:39.992,0.00,0.00,0.00,0.00,2,0
2026-06-12 16:45:40.042,0.00,0.00,0.00,0.00,2,0
2026-06-12 16:45:40.093,0.00,0.00,0.00,0.00,2,0
2026-06-12 16:45:40.143,0.00,0.00,0.00,0.00,2,0
2026-06-12 16:45:40.194,0.00,0.00,0.00,0.00,2,0
2026-06-12 16:45:40.244,0.00,0.00,0.00,0.00,2,0
2026-06-12 16:45:40.295,0.00,0.00,0.00,0.00,2,0
2026-06-12 16:45:40.345,0.00,0.00,0.00,0.00,2,0
2026-06-12 16:45:40.395,0.00,0.00,0.00,0.00,2,0
2026-06-12 16:45:40.447,0.00,0.00,0.00,0.00,2,0
2026-06-12 16:45:40.497,0.00,0.00,0.00,0.00,2,0
2026-06-12 16:45:40.547,0.00,0.00,0.00,0.00,2,0
2026-06-12 16:45:40.597,0.00,0.00,0.00,0.00,2,0
2026-06-12 16:45:40.647,0.00,0.00,0.00,0.00,2,0
2026-06-12 16:45:40.698,0.00,0.00,0.00,0.00,2,0
2026-06-12 16:45:40.748,0.00,0.00,0.00,0.00,2,0
2026-06-12 16:45:40.798,0.00,0.00,0.00,0.00,2,0
2026-06-12 16:45:40.849,0.00,0.00,0.00,0.00,2,0
2026-06-12 16:45:40.899,0.00,0.00,0.00,0.00,2,0
2026-06-12 16:45:40.950,0.00,0.00,0.00,0.00,2,0
2026-06-12 16:45:41.000,0.00,0.00,0.00,0.00,2,0
2026-06-12 16:45:41.050,0.00,0.00,0.00,0.00,2,0
2026-06-12 16:45:41.101,0.00,0.00,0.00,0.00,2,0
2026-06-12 16:45:41.151,0.00,0.00,0.00,0.00,2,0
2026-06-12 16:45:41.202,0.00,0.00,0.00,0.00,2,0
2026-06-12 16:45:41.252,0.00,0.00,0.00,0.00,2,0
2026-06-12 16:45:41.302,0.00,0.00,0.00,0.00,2,0
2026-06-12 16:45:41.353,0.00,0.00,0.00,0.00,2,0
2026-06-12 16:45:41.403,0.00,0.00,0.00,0.00,2,0
2026-06-12 16:45:41.454,0.00,0.00,0.00,0.00,2,0
2026-06-12 16:45:41.504,0.00,0.00,0.00,0.00,2,0
2026-06-12 16:45:41.554,0.00,0.00,0.00,0.00,2,0
2026-06-12 16:45:41.605,0.00,0.00,0.00,0.00,2,0
2026-06-12 16:45:41.655,0.00,0.00,0.00,0.00,2,0
2026-06-12 16:45:41.706,0.00,0.00,0.00,0.00,2,0
2026-06-12 16:45:41.759,0.00,0.00,0.00,0.00,2,0
2026-06-12 16:45:41.807,0.00,0.00,0.00,0.00,2,0
2026-06-12 16:45:41.857,0.00,0.00,0.00,0.00,2,0
2026-06-12 16:45:41.907,0.00,0.00,0.00,0.00,2,0
2026-06-12 16:45:41.957,0.00,0.00,0.00,0.00,2,0
2026-06-12 16:45:42.008,0.00,0.00,0.00,0.00,2,0
2026-06-12 16:45:42.058,0.00,0.00,0.00,0.00,2,0
2026-06-12 16:45:42.109,0.00,0.00,0.00,0.00,2,0
2026-06-12 16:45:42.159,0.00,0.00,0.00,0.00,2,0
2026-06-12 16:45:42.209,0.00,0.00,0.00,0.00,2,0
2026-06-12 16:45:42.260,0.00,0.00,0.00,0.00,2,0
2026-06-12 16:45:42.310,0.00,0.00,0.00,0.00,2,0
2026-06-12 16:45:42.361,0.00,0.00,0.00,0.00,2,0
2026-06-12 16:45:42.411,0.00,0.00,0.00,0.00,2,0
2026-06-12 16:45:42.462,0.00,0.00,0.00,0.00,2,0
2026-06-12 16:45:42.512,0.00,0.00,0.00,0.00,2,0
2026-06-12 16:45:42.562,0.00,0.00,0.00,0.00,2,0
2026-06-12 16:45:42.613,0.00,0.00,0.00,0.00,2,0
2026-06-12 16:45:42.663,0.00,0.00,0.00,0.00,2,0
2026-06-12 16:45:42.715,0.00,0.00,0.00,0.00,2,0
2026-06-12 16:45:42.764,0.00,0.00,0.00,0.00,2,0
2026-06-12 16:45:42.814,0.00,0.00,0.00,0.00,2,0
2026-06-12 16:45:42.865,0.00,0.00,0.00,0.00,2,0
2026-06-12 16:45:42.915,0.00,0.00,0.00,0.00,2,0
2026-06-12 16:45:42.966,0.00,0.00,0.00,0.00,2,0
2026-06-12 16:45:43.016,0.00,0.00,0.00,0.00,2,0
2026-06-12 16:45:43.066,0.00,0.00,0.00,0.00,2,0
2026-06-12 16:45:43.117,0.00,0.00,0.00,0.00,2,0
2026-06-12 16:45:43.167,0.00,0.00,0.00,0.00,2,0
2026-06-12 16:45:43.218,0.00,0.00,0.00,0.00,2,0
2026-06-12 16:45:43.268,0.00,0.00,0.00,0.00,2,0
2026-06-12 16:45:43.318,0.00,0.00,0.00,0.00,2,0
2026-06-12 16:45:43.369,0.00,0.00,0.00,0.00,2,0
2026-06-12 16:45:43.419,0.00,0.00,0.00,0.00,2,0
2026-06-12 16:45:43.469,0.00,0.00,0.00,0.00,2,0
2026-06-12 16:45:43.520,0.00,0.00,0.00,0.00,2,0
2026-06-12 16:45:43.570,0.00,0.00,0.00,0.00,2,0
2026-06-12 16:45:43.621,0.00,0.00,0.00,0.00,2,0
2026-06-12 16:45:43.671,0.00,0.00,0.00,0.00,2,0
2026-06-12 16:45:43.721,0.00,0.00,0.00,0.00,2,0
2026-06-12 16:45:43.772,0.00,0.00,0.00,0.00,2,0
2026-06-12 16:45:43.822,0.00,0.00,0.00,0.00,2,0
2026-06-12 16:45:43.873,0.00,0.00,0.00,0.00,2,0
2026-06-12 16:45:43.923,0.00,0.00,0.00,0.00,2,0
2026-06-12 16:45:43.973,0.00,0.00,0.00,0.00,2,0
2026-06-12 16:45:44.024,0.00,0.00,0.00,0.00,2,0
2026-06-12 16:45:44.074,0.00,0.00,0.00,0.00,2,0
2026-06-12 16:45:44.125,0.00,0.00,0.00,0.00,2,0
2026-06-12 16:45:44.175,0.00,0.00,0.00,0.00,2,0
2026-06-12 16:45:44.226,0.00,0.00,0.00,0.00,2,0
2026-06-12 16:45:44.277,0.00,0.00,0.00,0.00,2,0
2026-06-12 16:45:44.326,0.00,0.00,0.00,0.00,2,0
2026-06-12 16:45:44.377,0.00,0.00,0.00,0.00,2,0
2026-06-12 16:45:44.427,0.00,0.00,0.00,0.00,2,0
2026-06-12 16:45:44.477,0.00,0.00,0.00,0.00,2,0
2026-06-12 16:45:44.528,0.00,0.00,0.00,0.00,2,0
2026-06-12 16:45:44.578,0.00,0.00,0.00,0.00,2,0
2026-06-12 16:45:44.628,0.00,0.00,0.00,0.00,2,0
2026-06-12 16:45:44.679,0.00,0.00,0.00,0.00,2,0
2026-06-12 16:45:44.729,0.00,0.00,0.00,0.00,2,0
2026-06-12 16:45:44.780,0.00,0.00,0.00,0.00,2,0
2026-06-12 16:45:44.830,0.00,0.00,0.00,0.00,2,0
2026-06-12 16:45:44.880,0.00,0.00,0.00,0.00,2,0
2026-06-12 16:45:44.931,0.00,0.00,0.00,0.00,2,0
2026-06-12 16:45:44.981,0.00,0.00,0.00,0.00,2,0
2026-06-12 16:45:45.032,0.00,0.00,0.00,0.00,2,0
2026-06-12 16:45:45.082,0.00,0.00,0.00,0.00,2,0
2026-06-12 16:45:45.132,0.00,0.00,0.00,0.00,2,0
2026-06-12 16:45:45.183,0.00,0.00,0.00,0.00,2,0
2026-06-12 16:45:45.233,0.00,0.00,0.00,0.00,2,0
2026-06-12 16:45:45.284,0.00,0.00,0.00,0.00,2,0
2026-06-12 16:45:45.334,0.00,0.00,0.00,0.00,2,0
2026-06-12 16:45:45.385,0.00,0.00,0.00,0.00,2,0
2026-06-12 16:45:45.435,0.00,0.00,0.00,0.00,2,0
2026-06-12 16:45:45.485,0.00,0.00,0.00,0.00,2,0
2026-06-12 16:45:45.536,0.00,0.00,0.00,0.00,2,0
2026-06-12 16:45:45.587,0.00,0.00,0.00,0.00,2,0
2026-06-12 16:45:45.637,0.00,0.00,0.00,0.00,2,0
2026-06-12 16:45:45.687,0.00,0.00,0.00,0.00,2,0
2026-06-12 16:45:45.739,0.00,0.00,0.00,0.00,2,0
2026-06-12 16:45:45.788,0.00,0.00,0.00,0.00,2,0
2026-06-12 16:45:45.838,0.00,0.00,0.00,0.00,2,0
2026-06-12 16:45:45.889,0.00,0.00,0.00,0.00,2,0
2026-06-12 16:45:45.939,0.00,0.00,0.00,0.00,2,0
2026-06-12 16:45:45.989,0.00,0.00,0.00,0.00,2,0
2026-06-12 16:45:46.040,0.00,0.00,0.00,0.00,2,0
2026-06-12 16:45:46.092,0.00,0.00,0.00,0.00,2,0
2026-06-12 16:45:46.140,0.00,0.00,0.00,0.00,2,0
2026-06-12 16:45:46.191,0.00,0.00,0.00,0.00,2,0
2026-06-12 16:45:46.241,0.00,0.00,0.00,0.00,2,0
2026-06-12 16:45:46.292,0.00,0.00,0.00,0.00,2,0
2026-06-12 16:45:46.342,0.00,0.00,0.00,0.00,2,0
2026-06-12 16:45:46.392,0.00,0.00,0.00,0.00,2,0
2026-06-12 16:45:46.443,0.00,0.00,0.00,0.00,2,0
2026-06-12 16:45:46.493,0.00,0.00,0.00,0.00,2,0
2026-06-12 16:45:46.544,0.00,0.00,0.00,0.00,2,0
2026-06-12 16:45:46.594,0.00,0.00,0.00,0.00,2,0
2026-06-12 16:45:46.644,0.00,0.00,0.00,0.00,2,0
2026-06-12 16:45:46.695,0.00,0.00,0.00,0.00,2,0
2026-06-12 16:45:46.745,0.00,0.00,0.00,0.00,2,0
2026-06-12 16:45:46.796,0.00,0.00,0.00,0.00,2,0
2026-06-12 16:45:46.846,0.00,0.00,0.00,0.00,2,0
2026-06-12 16:45:46.897,0.00,0.00,0.00,0.00,2,0
2026-06-12 16:45:46.947,0.00,0.00,0.00,0.00,2,0
2026-06-12 16:45:46.997,0.00,0.00,0.00,0.00,2,0
2026-06-12 16:45:47.047,0.00,0.00,0.00,0.00,2,0
2026-06-12 16:45:47.101,0.00,0.00,0.00,0.00,2,0
2026-06-12 16:45:47.148,0.00,0.00,0.00,0.00,2,0
2026-06-12 16:45:47.199,0.00,0.00,0.00,0.00,2,0
2026-06-12 16:45:47.249,0.00,0.00,0.00,0.00,2,0
2026-06-12 16:45:47.299,0.00,0.00,0.00,0.00,2,0
2026-06-12 16:45:47.350,0.00,0.00,0.00,0.00,2,0
2026-06-12 16:45:47.400,0.00,0.00,0.00,0.00,2,0
2026-06-12 16:45:47.451,0.00,0.00,0.00,0.00,2,0
2026-06-12 16:45:47.501,0.00,0.00,0.00,0.00,2,0
2026-06-12 16:45:47.551,0.00,0.00,0.00,0.00,2,0
2026-06-12 16:45:47.602,0.00,0.00,0.00,0.00,2,0
2026-06-12 16:45:47.652,0.00,0.00,0.00,0.00,2,0
2026-06-12 16:45:47.703,0.00,0.00,0.00,0.00,2,0
2026-06-12 16:45:47.753,0.00,0.00,0.00,0.00,2,0
2026-06-12 16:45:47.804,0.00,0.00,0.00,0.00,2,0
2026-06-12 16:45:47.854,0.00,0.00,0.00,0.00,2,0
2026-06-12 16:45:47.904,0.00,0.00,0.00,0.00,2,0
2026-06-12 16:45:47.955,0.00,0.00,0.00,0.00,2,0
2026-06-12 16:45:48.005,0.00,0.00,0.00,0.00,2,0
2026-06-12 16:45:48.055,0.00,0.00,0.00,0.00,2,0
2026-06-12 16:45:48.106,0.00,0.00,0.00,0.00,2,0
2026-06-12 16:45:48.157,0.00,0.00,0.00,0.00,2,0
2026-06-12 16:45:48.207,0.00,0.00,0.00,0.00,2,0
2026-06-12 16:45:48.258,0.00,0.00,0.00,0.00,2,0
2026-06-12 16:45:48.307,0.00,0.00,0.00,0.00,2,0
2026-06-12 16:45:48.358,0.00,0.00,0.00,0.00,2,0
2026-06-12 16:45:48.408,0.00,0.00,0.00,0.00,2,0
2026-06-12 16:45:48.459,0.00,0.00,0.00,0.00,2,0
2026-06-12 16:45:48.509,0.00,0.00,0.00,0.00,2,0
2026-06-12 16:45:48.559,0.00,0.00,0.00,0.00,2,0
2026-06-12 16:45:48.610,0.00,0.00,0.00,0.00,2,0
2026-06-12 16:45:48.660,0.00,0.00,0.00,0.00,2,0
2026-06-12 16:45:48.711,0.00,0.00,0.00,0.00,2,0
2026-06-12 16:45:48.761,0.00,0.00,0.00,0.00,2,0
2026-06-12 16:45:48.811,0.00,0.00,0.00,0.00,2,0
2026-06-12 16:45:48.862,0.00,0.00,0.00,0.00,2,0
2026-06-12 16:45:48.912,0.00,0.00,0.00,0.00,2,0
2026-06-12 16:45:48.963,0.00,0.00,0.00,0.00,2,0
2026-06-12 16:45:49.013,0.00,0.00,0.00,0.00,2,0
2026-06-12 16:45:49.063,0.00,0.00,0.00,0.00,2,0
2026-06-12 16:45:49.114,0.00,0.00,0.00,0.00,2,0
2026-06-12 16:45:49.164,0.00,0.00,0.00,0.00,2,0
2026-06-12 16:45:49.215,0.00,0.00,0.00,0.00,2,0
2026-06-12 16:45:49.265,0.00,0.00,0.00,0.00,2,0
2026-06-12 16:45:49.315,0.00,0.00,0.00,0.00,2,0
2026-06-12 16:45:49.366,0.00,0.00,0.00,0.00,2,0
2026-06-12 16:45:49.417,0.00,0.00,0.00,0.00,2,0
2026-06-12 16:45:49.467,0.00,0.00,0.00,0.00,2,0
2026-06-12 16:45:49.518,0.00,0.00,0.00,0.00,2,0
2026-06-12 16:45:49.568,0.00,0.00,0.00,0.00,2,0
2026-06-12 16:45:49.618,0.00,0.00,0.00,0.00,2,0
2026-06-12 16:45:49.668,0.00,0.00,0.00,0.00,2,0
2026-06-12 16:45:49.718,0.00,0.00,0.00,0.00,2,0
2026-06-12 16:45:49.769,0.00,0.00,0.00,0.00,2,0
2026-06-12 16:45:49.819,0.00,0.00,0.00,0.00,2,0
2026-06-12 16:45:49.870,0.00,0.00,0.00,0.00,2,0
2026-06-12 16:45:49.920,0.00,0.00,0.00,0.00,2,0
2026-06-12 16:45:49.970,0.00,0.00,0.00,0.00,2,0
2026-06-12 16:45:50.021,0.00,0.00,0.00,0.00,2,0
2026-06-12 16:45:50.071,0.00,0.00,0.00,0.00,2,0
2026-06-12 16:45:50.122,0.00,0.00,0.00,0.00,2,0
2026-06-12 16:45:50.172,0.00,0.00,0.00,0.00,2,0
2026-06-12 16:45:50.223,0.00,0.00,0.00,0.00,2,0
2026-06-12 16:45:50.273,0.00,0.00,0.00,0.00,2,0
2026-06-12 16:45:50.323,0.00,0.00,0.00,0.00,2,0
2026-06-12 16:45:50.374,0.00,0.00,0.00,0.00,2,0
2026-06-12 16:45:50.424,0.00,0.00,0.00,0.00,2,0
2026-06-12 16:45:50.474,0.00,0.00,0.00,0.00,2,0
2026-06-12 16:45:50.525,0.00,0.00,0.00,0.00,2,0
2026-06-12 16:45:50.575,0.00,0.00,0.00,0.00,2,0
2026-06-12 16:45:50.628,0.00,0.00,0.00,0.00,2,0
2026-06-12 16:45:50.677,0.00,0.00,0.00,0.00,2,0
2026-06-12 16:45:50.726,0.00,0.00,0.00,0.00,2,0
2026-06-12 16:45:50.777,0.00,0.00,0.00,0.00,2,0
2026-06-12 16:45:50.827,0.00,0.00,0.00,0.00,2,0
2026-06-12 16:45:50.878,0.00,0.00,0.00,0.00,2,0
2026-06-12 16:45:50.928,0.00,0.00,0.00,0.00,2,0
2026-06-12 16:45:50.978,0.00,0.00,0.00,0.00,2,0
2026-06-12 16:45:51.029,0.00,0.00,0.00,0.00,2,0
2026-06-12 16:45:51.079,0.00,0.00,0.00,0.00,2,0
2026-06-12 16:45:51.130,0.00,0.00,0.00,0.00,2,0
2026-06-12 16:45:51.180,0.00,0.00,0.00,0.00,2,0
2026-06-12 16:45:51.230,0.00,0.00,0.00,0.00,2,0
2026-06-12 16:45:51.281,0.00,0.00,0.00,0.00,2,0
2026-06-12 16:45:51.332,0.00,0.00,0.00,0.00,2,0
2026-06-12 16:45:51.382,0.00,0.00,0.00,0.00,2,0
2026-06-12 16:45:51.432,0.00,0.00,0.00,0.00,2,0
2026-06-12 16:45:51.482,0.00,0.00,0.00,0.00,2,0
2026-06-12 16:45:51.533,0.00,0.00,0.00,0.00,2,0
2026-06-12 16:45:51.583,0.00,0.00,0.00,0.00,2,0
2026-06-12 16:45:51.634,0.00,0.00,0.00,0.00,2,0
2026-06-12 16:45:51.684,0.00,0.00,0.00,0.00,2,0
2026-06-12 16:45:51.734,0.00,0.00,0.00,0.00,2,0
2026-06-12 16:45:51.785,0.00,0.00,0.00,0.00,2,0
2026-06-12 16:45:51.835,0.00,0.00,0.00,0.00,2,0
2026-06-12 16:45:51.886,0.00,0.00,0.00,0.00,2,0
2026-06-12 16:45:51.936,0.00,0.00,0.00,0.00,2,0
2026-06-12 16:45:51.987,0.00,0.00,0.00,0.00,2,0
2026-06-12 16:45:52.037,0.00,0.00,0.00,0.00,2,0
2026-06-12 16:45:52.087,0.00,0.00,0.00,0.00,2,0
2026-06-12 16:45:52.138,0.00,0.00,0.00,0.00,2,0
2026-06-12 16:45:52.188,0.00,0.00,0.00,0.00,2,0
2026-06-12 16:45:52.238,0.00,0.00,0.00,0.00,2,0
2026-06-12 16:45:52.289,0.00,0.00,0.00,0.00,2,0
2026-06-12 16:45:52.339,0.00,0.00,0.00,0.00,2,0
2026-06-12 16:45:52.389,0.00,0.00,0.00,0.00,2,0
2026-06-12 16:45:52.440,0.00,0.00,0.00,0.00,2,0
2026-06-12 16:45:52.490,0.00,0.00,0.00,0.00,2,0
2026-06-12 16:45:52.541,0.00,0.00,0.00,0.00,2,0
2026-06-12 16:45:52.591,0.00,0.00,0.00,0.00,2,0
2026-06-12 16:45:52.641,0.00,0.00,0.00,0.00,2,0
2026-06-12 16:45:52.692,0.00,0.00,0.00,0.00,2,0
2026-06-12 16:45:52.742,0.00,0.00,0.00,0.00,2,0
2026-06-12 16:45:52.793,0.00,0.00,0.00,0.00,2,0
2026-06-12 16:45:52.843,0.00,0.00,0.00,0.00,2,0
2026-06-12 16:45:52.894,0.00,0.00,0.00,0.00,2,0
2026-06-12 16:45:52.944,0.00,0.00,0.00,0.00,2,0
2026-06-12 16:45:52.994,0.00,0.00,0.00,0.00,2,0
2026-06-12 16:45:53.045,0.00,0.00,0.00,0.00,2,0
2026-06-12 16:45:53.095,0.00,0.00,0.00,0.00,2,0
2026-06-12 16:45:53.145,0.00,0.00,0.00,0.00,2,0
2026-06-12 16:45:53.197,0.00,0.00,0.00,0.00,2,0
2026-06-12 16:45:53.246,0.00,0.00,0.00,0.00,2,0
2026-06-12 16:45:53.297,0.00,0.00,0.00,0.00,2,0
2026-06-12 16:45:53.347,0.00,0.00,0.00,0.00,2,0
2026-06-12 16:45:53.397,0.00,0.00,0.00,0.00,2,0
2026-06-12 16:45:53.448,0.00,0.00,0.00,0.00,2,0
2026-06-12 16:45:53.498,0.00,0.00,0.00,0.00,2,0
2026-06-12 16:45:53.548,0.00,0.00,0.00,0.00,2,0
2026-06-12 16:45:53.599,0.00,0.00,0.00,0.00,2,0
2026-06-12 16:45:53.649,0.00,0.00,0.00,0.00,2,0
2026-06-12 16:45:53.700,0.00,0.00,0.00,0.00,2,0
2026-06-12 16:45:53.750,0.00,0.00,0.00,0.00,2,0
2026-06-12 16:45:53.801,0.00,0.00,0.00,0.00,2,0
2026-06-12 16:45:53.851,0.00,0.00,0.00,0.00,2,0
2026-06-12 16:45:53.901,0.00,0.00,0.00,0.00,2,0
2026-06-12 16:45:53.952,0.00,0.00,0.00,0.00,2,0
2026-06-12 16:45:54.002,0.00,0.00,0.00,0.00,2,0
2026-06-12 16:45:54.053,0.00,0.00,0.00,0.00,2,0
2026-06-12 16:45:54.103,0.00,0.00,0.00,0.00,2,0
2026-06-12 16:45:54.153,0.00,0.00,0.00,0.00,2,0
2026-06-12 16:45:54.204,0.00,0.00,0.00,0.00,2,0
2026-06-12 16:45:54.254,0.00,0.00,0.00,0.00,2,0
2026-06-12 16:45:54.304,0.00,0.00,0.00,0.00,2,0
2026-06-12 16:45:54.355,0.00,0.00,0.00,0.00,2,0
2026-06-12 16:45:54.405,0.00,0.00,0.00,0.00,2,0
2026-06-12 16:45:54.456,0.00,0.00,0.00,0.00,2,0
2026-06-12 16:45:54.506,0.00,0.00,0.00,0.00,2,0
2026-06-12 16:45:54.557,0.00,0.00,0.00,0.00,2,0
2026-06-12 16:45:54.607,0.00,0.00,0.00,0.00,2,0
2026-06-12 16:45:54.657,0.00,0.00,0.00,0.00,2,0
2026-06-12 16:45:54.708,0.00,0.00,0.00,0.00,2,0
2026-06-12 16:45:54.758,0.00,0.00,0.00,0.00,2,0
2026-06-12 16:45:54.808,0.00,0.00,0.00,0.00,2,0
2026-06-12 16:45:54.859,0.00,0.00,0.00,0.00,2,0
2026-06-12 16:45:54.909,0.00,0.00,0.00,0.00,2,0
2026-06-12 16:45:54.960,0.00,0.00,0.00,0.00,2,0
2026-06-12 16:45:55.010,0.00,0.00,0.00,0.00,2,0
2026-06-12 16:45:55.061,0.00,0.00,0.00,0.00,2,0
2026-06-12 16:45:55.111,0.00,0.00,0.00,0.00,2,0
2026-06-12 16:45:55.161,0.00,0.00,0.00,0.00,2,0
2026-06-12 16:45:55.212,0.00,0.00,0.00,0.00,2,0
2026-06-12 16:45:55.262,0.00,0.00,0.00,0.00,2,0
2026-06-12 16:45:55.312,0.00,0.00,0.00,0.00,2,0
2026-06-12 16:45:55.363,0.00,0.00,0.00,0.00,2,0
2026-06-12 16:45:55.413,0.00,0.00,0.00,0.00,2,0
2026-06-12 16:45:55.464,0.00,0.00,0.00,0.00,2,0
2026-06-12 16:45:55.514,0.00,0.00,0.00,0.00,2,0
2026-06-12 16:45:55.564,0.00,0.00,0.00,0.00,2,0
2026-06-12 16:45:55.615,0.00,0.00,0.00,0.00,2,0
2026-06-12 16:45:55.665,0.00,0.00,0.00,0.00,2,0
2026-06-12 16:45:55.716,0.00,0.00,0.00,0.00,2,0
2026-06-12 16:45:55.767,0.00,0.00,0.00,0.00,2,0
2026-06-12 16:45:55.817,0.00,0.00,0.00,0.00,2,0
2026-06-12 16:45:55.867,0.00,0.00,0.00,0.00,2,0
2026-06-12 16:45:55.917,0.00,0.00,0.00,0.00,2,0
2026-06-12 16:45:55.967,0.00,0.00,0.00,0.00,2,0
2026-06-12 16:45:56.018,0.00,0.00,0.00,0.00,2,0
2026-06-12 16:45:56.068,0.00,0.00,0.00,0.00,2,0
2026-06-12 16:45:56.119,0.00,0.00,0.00,0.00,2,0
2026-06-12 16:45:56.169,0.00,0.00,0.00,0.00,2,0
2026-06-12 16:45:56.220,0.00,0.00,0.00,0.00,2,0
2026-06-12 16:45:56.270,0.00,0.00,0.00,0.00,2,0
2026-06-12 16:45:56.320,0.00,0.00,0.00,0.00,2,0
2026-06-12 16:45:56.371,0.00,0.00,0.00,0.00,2,0
2026-06-12 16:45:56.421,0.00,0.00,0.00,0.00,2,0
2026-06-12 16:45:56.472,0.00,0.00,0.00,0.00,2,0
2026-06-12 16:45:56.522,0.00,0.00,0.00,0.00,2,0
2026-06-12 16:45:56.572,0.00,0.00,0.00,0.00,2,0
2026-06-12 16:45:56.623,0.00,0.00,0.00,0.00,2,0
2026-06-12 16:45:56.673,0.00,0.00,0.00,0.00,2,0
2026-06-12 16:45:56.723,0.00,0.00,0.00,0.00,2,0
2026-06-12 16:45:56.774,0.00,0.00,0.00,0.00,2,0
2026-06-12 16:45:56.824,0.00,0.00,0.00,0.00,2,0
2026-06-12 16:45:56.875,0.00,0.00,0.00,0.00,2,0
2026-06-12 16:45:56.925,0.00,0.00,0.00,0.00,2,0
2026-06-12 16:45:56.975,0.00,0.00,0.00,0.00,2,0
2026-06-12 16:45:57.027,0.00,0.00,0.00,0.00,2,0
2026-06-12 16:45:57.077,0.00,0.00,0.00,0.00,2,0
2026-06-12 16:45:57.127,0.00,0.00,0.00,0.00,2,0
2026-06-12 16:45:57.177,0.00,0.00,0.00,0.00,2,0
2026-06-12 16:45:57.227,0.00,0.00,0.00,0.00,2,0
2026-06-12 16:45:57.278,0.00,0.00,0.00,0.00,2,0
2026-06-12 16:45:57.328,0.00,0.00,0.00,0.00,2,0
2026-06-12 16:45:57.379,0.00,0.00,0.00,0.00,2,0
2026-06-12 16:45:57.429,0.00,0.00,0.00,0.00,2,0
2026-06-12 16:45:57.479,0.00,0.00,0.00,0.00,2,0
2026-06-12 16:45:57.530,0.00,0.00,0.00,0.00,2,0
2026-06-12 16:45:57.580,0.00,0.00,0.00,0.00,2,0
2026-06-12 16:45:57.631,0.00,0.00,0.00,0.00,2,0
2026-06-12 16:45:57.681,0.00,0.00,0.00,0.00,2,0
2026-06-12 16:45:57.731,0.00,0.00,0.00,0.00,2,0
2026-06-12 16:45:57.782,0.00,0.00,0.00,0.00,2,0
2026-06-12 16:45:57.832,0.00,0.00,0.00,0.00,2,0
2026-06-12 16:45:57.883,0.00,0.00,0.00,0.00,2,0
2026-06-12 16:45:57.933,0.00,0.00,0.00,0.00,2,0
2026-06-12 16:45:57.983,0.00,0.00,0.00,0.00,2,0
2026-06-12 16:45:58.034,0.00,0.00,0.00,0.00,2,0
2026-06-12 16:45:58.084,0.00,0.00,0.00,0.00,2,0
2026-06-12 16:45:58.135,0.00,0.00,0.00,0.00,2,0
2026-06-12 16:45:58.185,0.00,0.00,0.00,0.00,2,0
2026-06-12 16:45:58.235,0.00,0.00,0.00,0.00,2,0
2026-06-12 16:45:58.287,0.00,0.00,0.00,0.00,2,0
2026-06-12 16:45:58.336,0.00,0.00,0.00,0.00,2,0
2026-06-12 16:45:58.387,0.00,0.00,0.00,0.00,2,0
2026-06-12 16:45:58.437,0.00,0.00,0.00,0.00,2,0
2026-06-12 16:45:58.487,0.00,0.00,0.00,0.00,2,0
2026-06-12 16:45:58.538,0.00,0.00,0.00,0.00,2,0
2026-06-12 16:45:58.588,0.00,0.00,0.00,0.00,2,0
2026-06-12 16:45:58.638,0.00,0.00,0.00,0.00,2,0
2026-06-12 16:45:58.690,0.00,0.00,0.00,0.00,2,0
2026-06-12 16:45:58.739,0.00,0.00,0.00,0.00,2,0
2026-06-12 16:45:58.790,0.00,0.00,0.00,0.00,2,0
2026-06-12 16:45:58.840,0.00,0.00,0.00,0.00,2,0
2026-06-12 16:45:58.891,0.00,0.00,0.00,0.00,2,0
2026-06-12 16:45:58.941,0.00,0.00,0.00,0.00,2,0
2026-06-12 16:45:58.991,0.00,0.00,0.00,0.00,2,0
2026-06-12 16:45:59.042,0.00,0.00,0.00,0.00,2,0
2026-06-12 16:45:59.092,0.00,0.00,0.00,0.00,2,0
2026-06-12 16:45:59.143,0.00,0.00,0.00,0.00,2,0
2026-06-12 16:45:59.193,0.00,0.00,0.00,0.00,2,0
2026-06-12 16:45:59.243,0.00,0.00,0.00,0.00,2,0
2026-06-12 16:45:59.294,0.00,0.00,0.00,0.00,2,0
2026-06-12 16:45:59.344,0.00,0.00,0.00,0.00,2,0
2026-06-12 16:45:59.395,0.00,0.00,0.00,0.00,2,0
2026-06-12 16:45:59.445,0.00,0.00,0.00,0.00,2,0
2026-06-12 16:45:59.495,0.00,0.00,0.00,0.00,2,0
2026-06-12 16:45:59.546,0.00,0.00,0.00,0.00,2,0
2026-06-12 16:45:59.597,0.00,0.00,0.00,0.00,2,0
2026-06-12 16:45:59.647,0.00,0.00,0.00,0.00,2,0
2026-06-12 16:45:59.697,0.00,0.00,0.00,0.00,2,0
2026-06-12 16:45:59.749,0.00,0.00,0.00,0.00,2,0
2026-06-12 16:45:59.798,0.00,0.00,0.00,0.00,2,0
2026-06-12 16:45:59.848,0.00,0.00,0.00,0.00,2,0
2026-06-12 16:45:59.899,0.00,0.00,0.00,0.00,2,0
2026-06-12 16:45:59.949,0.00,0.00,0.00,0.00,2,0
2026-06-12 16:45:59.999,0.00,0.00,0.00,0.00,2,0
2026-06-12 16:46:00.050,0.00,0.00,0.00,0.00,2,0
2026-06-12 16:46:00.100,0.00,0.00,0.00,0.00,2,0
2026-06-12 16:46:00.150,0.00,0.00,0.00,0.00,2,0
2026-06-12 16:46:00.201,0.00,0.00,0.00,0.00,2,0
2026-06-12 16:46:00.251,0.00,0.00,0.00,0.00,2,0
2026-06-12 16:46:00.302,0.00,0.00,0.00,0.00,2,0
2026-06-12 16:46:00.352,0.00,0.00,0.00,0.00,2,0
2026-06-12 16:46:00.402,0.00,0.00,0.00,0.00,2,0
2026-06-12 16:46:00.453,0.00,0.00,0.00,0.00,2,0
2026-06-12 16:46:00.503,0.00,0.00,0.00,0.00,2,0
2026-06-12 16:46:00.554,0.00,0.00,0.00,0.00,2,0
2026-06-12 16:46:00.604,0.00,0.00,0.00,0.00,2,0
2026-06-12 16:46:00.654,0.00,0.00,0.00,0.00,2,0
2026-06-12 16:46:00.705,0.00,0.00,0.00,0.00,2,0
2026-06-12 16:46:00.756,0.00,0.00,0.00,0.00,2,0
2026-06-12 16:46:00.806,0.00,0.00,0.00,0.00,2,0
2026-06-12 16:46:00.857,0.00,0.00,0.00,0.00,2,0
2026-06-12 16:46:00.907,0.00,0.00,0.00,0.00,2,0
2026-06-12 16:46:00.957,0.00,0.00,0.00,0.00,2,0
2026-06-12 16:46:01.007,0.00,0.00,0.00,0.00,2,0
2026-06-12 16:46:01.057,0.00,0.00,0.00,0.00,2,0
2026-06-12 16:46:01.108,0.00,0.00,0.00,0.00,2,0
2026-06-12 16:46:01.158,0.00,0.00,0.00,0.00,2,0
2026-06-12 16:46:01.209,0.00,0.00,0.00,0.00,2,0
2026-06-12 16:46:01.259,0.00,0.00,0.00,0.00,2,0
2026-06-12 16:46:01.309,0.00,0.00,0.00,0.00,2,0
2026-06-12 16:46:01.360,0.00,0.00,0.00,0.00,2,0
2026-06-12 16:46:01.410,0.00,0.00,0.00,0.00,2,0
2026-06-12 16:46:01.461,0.00,0.00,0.00,0.00,2,0
2026-06-12 16:46:01.511,0.00,0.00,0.00,0.00,2,0
2026-06-12 16:46:01.561,0.00,0.00,0.00,0.00,2,0
2026-06-12 16:46:01.612,0.00,0.00,0.00,0.00,2,0
2026-06-12 16:46:01.662,0.00,0.00,0.00,0.00,2,0
2026-06-12 16:46:01.713,0.00,0.00,0.00,0.00,2,0
2026-06-12 16:46:01.763,0.00,0.00,0.00,0.00,2,0
2026-06-12 16:46:01.813,0.00,0.00,0.00,0.00,2,0
2026-06-12 16:46:01.864,0.00,0.00,0.00,0.00,2,0
2026-06-12 16:46:01.914,0.00,0.00,0.00,0.00,2,0
2026-06-12 16:46:01.965,0.00,0.00,0.00,0.00,2,0
2026-06-12 16:46:02.015,0.00,0.00,0.00,0.00,2,0
2026-06-12 16:46:02.067,0.00,0.00,0.00,0.00,2,0
2026-06-12 16:46:02.117,0.00,0.00,0.00,0.00,2,0
2026-06-12 16:46:02.167,0.00,0.00,0.00,0.00,2,0
2026-06-12 16:46:02.217,0.00,0.00,0.00,0.00,2,0
2026-06-12 16:46:02.267,0.00,0.00,0.00,0.00,2,0
2026-06-12 16:46:02.317,0.00,0.00,0.00,0.00,2,0
2026-06-12 16:46:02.368,0.00,0.00,0.00,0.00,2,0
2026-06-12 16:46:02.418,0.00,0.00,0.00,0.00,2,0
2026-06-12 16:46:02.469,0.00,0.00,0.00,0.00,2,0
2026-06-12 16:46:02.519,0.00,0.00,0.00,0.00,2,0
2026-06-12 16:46:02.570,0.00,0.00,0.00,0.00,2,0
2026-06-12 16:46:02.620,0.00,0.00,0.00,0.00,2,0
2026-06-12 16:46:02.670,0.00,0.00,0.00,0.00,2,0
2026-06-12 16:46:02.721,0.00,0.00,0.00,0.00,2,0
2026-06-12 16:46:02.771,0.00,0.00,0.00,0.00,2,0
2026-06-12 16:46:02.821,0.00,0.00,0.00,0.00,2,0
2026-06-12 16:46:02.872,0.00,0.00,0.00,0.00,2,0
2026-06-12 16:46:02.922,0.00,0.00,0.00,0.00,2,0
2026-06-12 16:46:02.973,0.00,0.00,0.00,0.00,2,0
2026-06-12 16:46:03.023,0.00,0.00,0.00,0.00,2,0
2026-06-12 16:46:03.073,0.00,0.00,0.00,0.00,2,0
2026-06-12 16:46:03.124,0.00,0.00,0.00,0.00,2,0
2026-06-12 16:46:03.177,0.00,0.00,0.00,0.00,2,0
2026-06-12 16:46:03.225,0.00,0.00,0.00,0.00,2,0
2026-06-12 16:46:03.275,0.00,0.00,0.00,0.00,2,0
2026-06-12 16:46:03.325,0.00,0.00,0.00,0.00,2,0
2026-06-12 16:46:03.376,0.00,0.00,0.00,0.00,2,0
2026-06-12 16:46:03.427,0.00,0.00,0.00,0.00,2,0
2026-06-12 16:46:03.477,0.00,0.00,0.00,0.00,2,0
2026-06-12 16:46:03.527,0.00,0.00,0.00,0.00,2,0
2026-06-12 16:46:03.577,0.00,0.00,0.00,0.00,2,0
2026-06-12 16:46:03.628,0.00,0.00,0.00,0.00,2,0
2026-06-12 16:46:03.678,0.00,0.00,0.00,0.00,2,0
2026-06-12 16:46:03.728,0.00,0.00,0.00,0.00,2,0
2026-06-12 16:46:03.779,0.00,0.00,0.00,0.00,2,0
2026-06-12 16:46:03.829,0.00,0.00,0.00,0.00,2,0
2026-06-12 16:46:03.880,0.00,0.00,0.00,0.00,2,0
2026-06-12 16:46:03.930,0.00,0.00,0.00,0.00,2,0
2026-06-12 16:46:03.980,0.00,0.00,0.00,0.00,2,0
2026-06-12 16:46:04.031,0.00,0.00,0.00,0.00,2,0
2026-06-12 16:46:04.081,0.00,0.00,0.00,0.00,2,0
2026-06-12 16:46:04.132,0.00,0.00,0.00,0.00,2,0
2026-06-12 16:46:04.182,0.00,0.00,0.00,0.00,2,0
2026-06-12 16:46:04.232,0.00,0.00,0.00,0.00,2,0
2026-06-12 16:46:04.283,0.00,0.00,0.00,0.00,2,0
2026-06-12 16:46:04.333,0.00,0.00,0.00,0.00,2,0
2026-06-12 16:46:04.384,0.00,0.00,0.00,0.00,2,0
2026-06-12 16:46:04.434,0.00,0.00,0.00,0.00,2,0
2026-06-12 16:46:04.484,0.00,0.00,0.00,0.00,2,0
2026-06-12 16:46:04.535,0.00,0.00,0.00,0.00,2,0
2026-06-12 16:46:04.585,0.00,0.00,0.00,0.00,2,0
2026-06-12 16:46:04.636,0.00,0.00,0.00,0.00,2,0
2026-06-12 16:46:04.686,0.00,0.00,0.00,0.00,2,0
2026-06-12 16:46:04.737,0.00,0.00,0.00,0.00,2,0
2026-06-12 16:46:04.787,0.00,0.00,0.00,0.00,2,0
2026-06-12 16:46:04.837,0.00,0.00,0.00,0.00,2,0
2026-06-12 16:46:04.888,0.00,0.00,0.00,0.00,2,0
2026-06-12 16:46:04.938,0.00,0.00,0.00,0.00,2,0
2026-06-12 16:46:04.994,0.00,0.00,0.00,0.00,2,0
2026-06-12 16:46:05.039,0.00,0.00,0.00,0.00,2,0
2026-06-12 16:46:05.089,0.00,0.00,0.00,0.00,2,0
2026-06-12 16:46:05.139,0.00,0.00,0.00,0.00,2,0
2026-06-12 16:46:05.190,0.00,0.00,0.00,0.00,2,0
2026-06-12 16:46:05.240,0.00,0.00,0.00,0.00,2,0
2026-06-12 16:46:05.291,0.00,0.00,0.00,0.00,2,0
2026-06-12 16:46:05.341,0.00,0.00,0.00,0.00,2,0
2026-06-12 16:46:05.391,0.00,0.00,0.00,0.00,2,0
2026-06-12 16:46:05.442,0.00,0.00,0.00,0.00,2,0
2026-06-12 16:46:05.492,0.00,0.00,0.00,0.00,2,0
2026-06-12 16:46:05.543,0.00,0.00,0.00,0.00,2,0
2026-06-12 16:46:05.593,0.00,0.00,0.00,0.00,2,0
2026-06-12 16:46:05.643,0.00,0.00,0.00,0.00,2,0
2026-06-12 16:46:05.694,0.00,0.00,0.00,0.00,2,0
2026-06-12 16:46:05.744,0.00,0.00,0.00,0.00,2,0
2026-06-12 16:46:05.795,0.00,0.00,0.00,0.00,2,0
2026-06-12 16:46:05.845,0.00,0.00,0.00,0.00,2,0
2026-06-12 16:46:05.895,0.00,0.00,0.00,0.00,2,0
2026-06-12 16:46:05.946,0.00,0.00,0.00,0.00,2,0
2026-06-12 16:46:05.997,0.00,0.00,0.00,0.00,2,0
2026-06-12 16:46:06.047,0.00,0.00,0.00,0.00,2,0
2026-06-12 16:46:06.097,0.00,0.00,0.00,0.00,2,0
2026-06-12 16:46:06.147,0.00,0.00,0.00,0.00,2,0
2026-06-12 16:46:06.198,0.00,0.00,0.00,0.00,2,0
2026-06-12 16:46:06.248,0.00,0.00,0.00,0.00,2,0
2026-06-12 16:46:06.299,0.00,0.00,0.00,0.00,2,0
2026-06-12 16:46:06.349,0.00,0.00,0.00,0.00,2,0
2026-06-12 16:46:06.399,0.00,0.00,0.00,0.00,2,0
2026-06-12 16:46:06.450,0.00,0.00,0.00,0.00,2,0
2026-06-12 16:46:06.500,0.00,0.00,0.00,0.00,2,0
2026-06-12 16:46:06.551,0.00,0.00,0.00,0.00,2,0
2026-06-12 16:46:06.601,0.00,0.00,0.00,0.00,2,0
2026-06-12 16:46:06.651,0.00,0.00,0.00,0.00,2,0
2026-06-12 16:46:06.702,0.00,0.00,0.00,0.00,2,0
2026-06-12 16:46:06.752,0.00,0.00,0.00,0.00,2,0
2026-06-12 16:46:06.803,0.00,0.00,0.00,0.00,2,0
2026-06-12 16:46:06.853,0.00,0.00,0.00,0.00,2,0
2026-06-12 16:46:06.903,0.00,0.00,0.00,0.00,2,0
2026-06-12 16:46:06.954,0.00,0.00,0.00,0.00,2,0
2026-06-12 16:46:07.004,0.00,0.00,0.00,0.00,2,0
2026-06-12 16:46:07.055,0.00,0.00,0.00,0.00,2,0
2026-06-12 16:46:07.105,0.00,0.00,0.00,0.00,2,0
2026-06-12 16:46:07.155,0.00,0.00,0.00,0.00,2,0
2026-06-12 16:46:07.206,0.00,0.00,0.00,0.00,2,0
2026-06-12 16:46:07.257,0.00,0.00,0.00,0.00,2,0
2026-06-12 16:46:07.307,0.00,0.00,0.00,0.00,2,0
2026-06-12 16:46:07.357,0.00,0.00,0.00,0.00,2,0
2026-06-12 16:46:07.407,0.00,0.00,0.00,0.00,2,0
2026-06-12 16:46:07.458,0.00,0.00,0.00,0.00,2,0
2026-06-12 16:46:07.508,0.00,0.00,0.00,0.00,2,0
2026-06-12 16:46:07.559,0.00,0.00,0.00,0.00,2,0
2026-06-12 16:46:07.609,0.00,0.00,0.00,0.00,2,0
2026-06-12 16:46:07.659,0.00,0.00,0.00,0.00,2,0
2026-06-12 16:46:07.710,0.00,0.00,0.00,0.00,2,0
2026-06-12 16:46:07.760,0.00,0.00,0.00,0.00,2,0
2026-06-12 16:46:07.811,0.00,0.00,0.00,0.00,2,0
2026-06-12 16:46:07.861,0.00,0.00,0.00,0.00,2,0
2026-06-12 16:46:07.911,0.00,0.00,0.00,0.00,2,0
2026-06-12 16:46:07.962,0.00,0.00,0.00,0.00,2,0
2026-06-12 16:46:08.012,0.00,0.00,0.00,0.00,2,0
2026-06-12 16:46:08.062,0.00,0.00,0.00,0.00,2,0
2026-06-12 16:46:08.113,0.00,0.00,0.00,0.00,2,0
2026-06-12 16:46:08.163,0.00,0.00,0.00,0.00,2,0
2026-06-12 16:46:08.214,0.00,0.00,0.00,0.00,2,0
2026-06-12 16:46:08.264,0.00,0.00,0.00,0.00,2,0
2026-06-12 16:46:08.314,0.00,0.00,0.00,0.00,2,0
2026-06-12 16:46:08.365,0.00,0.00,0.00,0.00,2,0
2026-06-12 16:46:08.415,0.00,0.00,0.00,0.00,2,0
2026-06-12 16:46:08.467,0.00,0.00,0.00,0.00,2,0
2026-06-12 16:46:08.517,0.00,0.00,0.00,0.00,2,0
2026-06-12 16:46:08.567,0.00,0.00,0.00,0.00,2,0
2026-06-12 16:46:08.617,0.00,0.00,0.00,0.00,2,0
2026-06-12 16:46:08.668,0.00,0.00,0.00,0.00,2,0
2026-06-12 16:46:08.718,0.00,0.00,0.00,0.00,2,0
2026-06-12 16:46:08.768,0.00,0.00,0.00,0.00,2,0
2026-06-12 16:46:08.818,0.00,0.00,0.00,0.00,2,0
2026-06-12 16:46:08.869,0.00,0.00,0.00,0.00,2,0
2026-06-12 16:46:08.919,0.00,0.00,0.00,0.00,2,0
2026-06-12 16:46:08.970,0.00,0.00,0.00,0.00,2,0
2026-06-12 16:46:09.020,0.00,0.00,0.00,0.00,2,0
2026-06-12 16:46:09.070,0.00,0.00,0.00,0.00,2,0
2026-06-12 16:46:09.121,0.00,0.00,0.00,0.00,2,0
2026-06-12 16:46:09.171,0.00,0.00,0.00,0.00,2,0
2026-06-12 16:46:09.222,0.00,0.00,0.00,0.00,2,0
2026-06-12 16:46:09.272,0.00,0.00,0.00,0.00,2,0
2026-06-12 16:46:09.322,0.00,0.00,0.00,0.00,2,0
2026-06-12 16:46:09.373,0.00,0.00,0.00,0.00,2,0
2026-06-12 16:46:09.423,0.00,0.00,0.00,0.00,2,0
2026-06-12 16:46:09.474,0.00,0.00,0.00,0.00,2,0
2026-06-12 16:46:09.524,0.00,0.00,0.00,0.00,2,0
2026-06-12 16:46:09.574,0.00,0.00,0.00,0.00,2,0
2026-06-12 16:46:09.625,0.00,0.00,0.00,0.00,2,0
2026-06-12 16:46:09.675,0.00,0.00,0.00,0.00,2,0
2026-06-12 16:46:09.726,0.00,0.00,0.00,0.00,2,0
2026-06-12 16:46:09.776,0.00,0.00,0.00,0.00,2,0
2026-06-12 16:46:09.827,0.00,0.00,0.00,0.00,2,0
2026-06-12 16:46:09.877,0.00,0.00,0.00,0.00,2,0
2026-06-12 16:46:09.927,0.00,0.00,0.00,0.00,2,0
2026-06-12 16:46:09.977,0.00,0.00,0.00,0.00,2,0
2026-06-12 16:46:10.028,0.00,0.00,0.00,0.00,2,0
2026-06-12 16:46:10.078,0.00,0.00,0.00,0.00,2,0
2026-06-12 16:46:10.129,0.00,0.00,0.00,0.00,2,0
2026-06-12 16:46:10.179,0.00,0.00,0.00,0.00,2,0
2026-06-12 16:46:10.230,0.00,0.00,0.00,0.00,2,0
2026-06-12 16:46:10.280,0.00,0.00,0.00,0.00,2,0
2026-06-12 16:46:10.330,0.00,0.00,0.00,0.00,2,0
2026-06-12 16:46:10.381,0.00,0.00,0.00,0.00,2,0
2026-06-12 16:46:10.431,0.00,0.00,0.00,0.00,2,0
2026-06-12 16:46:10.482,0.00,0.00,0.00,0.00,2,0
2026-06-12 16:46:10.532,0.00,0.00,0.00,0.00,2,0
2026-06-12 16:46:10.582,0.00,0.00,0.00,0.00,2,0
2026-06-12 16:46:10.633,0.00,0.00,0.00,0.00,2,0
2026-06-12 16:46:10.683,0.00,0.00,0.00,0.00,2,0
2026-06-12 16:46:10.733,0.00,0.00,0.00,0.00,2,0
2026-06-12 16:46:10.784,0.00,0.00,0.00,0.00,2,0
2026-06-12 16:46:10.834,0.00,0.00,0.00,0.00,2,0
2026-06-12 16:46:10.885,0.00,0.00,0.00,0.00,2,0
2026-06-12 16:46:10.935,0.00,0.00,0.00,0.00,2,0
2026-06-12 16:46:10.986,0.00,0.00,0.00,0.00,2,0
2026-06-12 16:46:11.036,0.00,0.00,0.00,0.00,2,0
2026-06-12 16:46:11.087,0.00,0.00,0.00,0.00,2,0
2026-06-12 16:46:11.137,0.00,0.00,0.00,0.00,2,0
2026-06-12 16:46:11.187,0.00,0.00,0.00,0.00,2,0
2026-06-12 16:46:11.237,0.00,0.00,0.00,0.00,2,0
2026-06-12 16:46:11.288,0.00,0.00,0.00,0.00,2,0
2026-06-12 16:46:11.338,0.00,0.00,0.00,0.00,2,0
2026-06-12 16:46:11.389,0.00,0.00,0.00,0.00,2,0
2026-06-12 16:46:11.439,0.00,0.00,0.00,0.00,2,0
2026-06-12 16:46:11.489,0.00,0.00,0.00,0.00,2,0
2026-06-12 16:46:11.540,0.00,0.00,0.00,0.00,2,0
2026-06-12 16:46:11.590,0.00,0.00,0.00,0.00,2,0
2026-06-12 16:46:11.644,0.00,0.00,0.00,0.00,2,0
2026-06-12 16:46:11.691,0.00,0.00,0.00,0.00,2,0
2026-06-12 16:46:11.741,0.00,0.00,0.00,0.00,2,0
2026-06-12 16:46:11.792,0.00,0.00,0.00,0.00,2,0
2026-06-12 16:46:11.842,0.00,0.00,0.00,0.00,2,0
2026-06-12 16:46:11.893,0.00,0.00,0.00,0.00,2,0
2026-06-12 16:46:11.943,0.00,0.00,0.00,0.00,2,0
2026-06-12 16:46:11.996,0.00,0.00,0.00,0.00,2,0
2026-06-12 16:46:12.044,0.00,0.00,0.00,0.00,2,0
2026-06-12 16:46:12.094,0.00,0.00,0.00,0.00,2,0
2026-06-12 16:46:12.145,0.00,0.00,0.00,0.00,2,0
2026-06-12 16:46:12.195,0.00,0.00,0.00,0.00,2,0
2026-06-12 16:46:12.246,0.00,0.00,0.00,0.00,2,0
2026-06-12 16:46:12.297,0.00,0.00,0.00,0.00,2,0
2026-06-12 16:46:12.346,0.00,0.00,0.00,0.00,2,0
2026-06-12 16:46:12.397,0.00,0.00,0.00,0.00,2,0
2026-06-12 16:46:12.447,0.00,0.00,0.00,0.00,2,0
2026-06-12 16:46:12.497,0.00,0.00,0.00,0.00,2,0
2026-06-12 16:46:12.548,0.00,0.00,0.00,0.00,2,0
2026-06-12 16:46:12.598,0.00,0.00,0.00,0.00,2,0
2026-06-12 16:46:12.648,0.00,0.00,0.00,0.00,2,0
2026-06-12 16:46:12.699,0.00,0.00,0.00,0.00,2,0
2026-06-12 16:46:12.749,0.00,0.00,0.00,0.00,2,0
2026-06-12 16:46:12.800,0.00,0.00,0.00,0.00,2,0
2026-06-12 16:46:12.850,0.00,0.00,0.00,0.00,2,0
2026-06-12 16:46:12.900,0.00,0.00,0.00,0.00,2,0
2026-06-12 16:46:12.951,0.00,0.00,0.00,0.00,2,0
2026-06-12 16:46:13.001,0.00,0.00,0.00,0.00,2,0
2026-06-12 16:46:13.052,0.00,0.00,0.00,0.00,2,0
2026-06-12 16:46:13.102,0.00,0.00,0.00,0.00,2,0
2026-06-12 16:46:13.152,0.00,0.00,0.00,0.00,2,0
2026-06-12 16:46:13.203,0.00,0.00,0.00,0.00,2,0
2026-06-12 16:46:13.253,0.00,0.00,0.00,0.00,2,0
2026-06-12 16:46:13.304,0.00,0.00,0.00,0.00,2,0
2026-06-12 16:46:13.354,0.00,0.00,0.00,0.00,2,0
2026-06-12 16:46:13.407,0.00,0.00,0.00,0.00,2,0
2026-06-12 16:46:13.455,0.00,0.00,0.00,0.00,2,0
2026-06-12 16:46:13.505,0.00,0.00,0.00,0.00,2,0
2026-06-12 16:46:13.557,0.00,0.00,0.00,0.00,2,0
2026-06-12 16:46:13.607,0.00,0.00,0.00,0.00,2,0
2026-06-12 16:46:13.657,0.00,0.00,0.00,0.00,2,0
2026-06-12 16:46:13.707,0.00,0.00,0.00,0.00,2,0
2026-06-12 16:46:13.757,0.00,0.00,0.00,0.00,2,0
2026-06-12 16:46:13.808,0.00,0.00,0.00,0.00,2,0
2026-06-12 16:46:13.858,0.00,0.00,0.00,0.00,2,0
2026-06-12 16:46:13.908,0.00,0.00,0.00,0.00,2,0
2026-06-12 16:46:13.959,0.00,0.00,0.00,0.00,2,0
2026-06-12 16:46:14.009,0.00,0.00,0.00,0.00,2,0
2026-06-12 16:46:14.060,0.00,0.00,0.00,0.00,2,0
2026-06-12 16:46:14.110,0.00,0.00,0.00,0.00,2,0
2026-06-12 16:46:14.160,0.00,0.00,0.00,0.00,2,0
2026-06-12 16:46:14.211,0.00,0.00,0.00,0.00,2,0
2026-06-12 16:46:14.261,0.00,0.00,0.00,0.00,2,0
2026-06-12 16:46:14.311,0.00,0.00,0.00,0.00,2,0
2026-06-12 16:46:14.362,0.00,0.00,0.00,0.00,2,0
2026-06-12 16:46:14.412,0.00,0.00,0.00,0.00,2,0
2026-06-12 16:46:14.463,0.00,0.00,0.00,0.00,2,0
2026-06-12 16:46:14.513,0.00,0.00,0.00,0.00,2,0
2026-06-12 16:46:14.564,0.00,0.00,0.00,0.00,2,0
2026-06-12 16:46:14.614,0.00,0.00,0.00,0.00,2,0
2026-06-12 16:46:14.664,0.00,0.00,0.00,0.00,2,0
2026-06-12 16:46:14.715,0.00,0.00,0.00,0.00,2,0
2026-06-12 16:46:14.765,0.00,0.00,0.00,0.00,2,0
2026-06-12 16:46:14.816,0.00,0.00,0.00,0.00,2,0
2026-06-12 16:46:14.867,0.00,0.00,0.00,0.00,2,0
2026-06-12 16:46:14.917,0.00,0.00,0.00,0.00,2,0
2026-06-12 16:46:14.967,0.00,0.00,0.00,0.00,2,0
2026-06-12 16:46:15.017,0.00,0.00,0.00,0.00,2,0
2026-06-12 16:46:15.068,0.00,0.00,0.00,0.00,2,0
2026-06-12 16:46:15.118,0.00,0.00,0.00,0.00,2,0
2026-06-12 16:46:15.168,0.00,0.00,0.00,0.00,2,0
2026-06-12 16:46:15.219,0.00,0.00,0.00,0.00,2,0
2026-06-12 16:46:15.269,0.00,0.00,0.00,0.00,2,0
2026-06-12 16:46:15.319,0.00,0.00,0.00,0.00,2,0
2026-06-12 16:46:15.370,0.00,0.00,0.00,0.00,2,0
2026-06-12 16:46:15.420,0.00,0.00,0.00,0.00,2,0
2026-06-12 16:46:15.471,0.00,0.00,0.00,0.00,2,0
2026-06-12 16:46:15.521,0.00,0.00,0.00,0.00,2,0
2026-06-12 16:46:15.571,0.00,0.00,0.00,0.00,2,0
2026-06-12 16:46:15.622,0.00,0.00,0.00,0.00,2,0
2026-06-12 16:46:15.672,0.00,0.00,0.00,0.00,2,0
2026-06-12 16:46:15.723,0.00,0.00,0.00,0.00,2,0
2026-06-12 16:46:15.773,0.00,0.00,0.00,0.00,2,0
2026-06-12 16:46:15.823,0.00,0.00,0.00,0.00,2,0
2026-06-12 16:46:15.874,0.00,0.00,0.00,0.00,2,0
2026-06-12 16:46:15.924,0.00,0.00,0.00,0.00,2,0
2026-06-12 16:46:15.975,0.00,0.00,0.00,0.00,2,0
2026-06-12 16:46:16.025,0.00,0.00,0.00,0.00,2,0
2026-06-12 16:46:16.075,0.00,0.00,0.00,0.00,2,0
2026-06-12 16:46:16.126,0.00,0.00,0.00,0.00,2,0
2026-06-12 16:46:16.176,0.00,0.00,0.00,0.00,2,0
2026-06-12 16:46:16.227,0.00,0.00,0.00,0.00,2,0
2026-06-12 16:46:16.277,0.00,0.00,0.00,0.00,2,0
2026-06-12 16:46:16.327,0.00,0.00,0.00,0.00,2,0
2026-06-12 16:46:16.378,0.00,0.00,0.00,0.00,2,0
2026-06-12 16:46:16.428,0.00,0.00,0.00,0.00,2,0
2026-06-12 16:46:16.479,0.00,0.00,0.00,0.00,2,0
2026-06-12 16:46:16.529,0.00,0.00,0.00,0.00,2,0
2026-06-12 16:46:16.579,0.00,0.00,0.00,0.00,2,0
2026-06-12 16:46:16.630,0.00,0.00,0.00,0.00,2,0
2026-06-12 16:46:16.680,0.00,0.00,0.00,0.00,2,0
2026-06-12 16:46:16.731,0.00,0.00,0.00,0.00,2,0
2026-06-12 16:46:16.781,0.00,0.00,0.00,0.00,2,0
2026-06-12 16:46:16.831,0.00,0.00,0.00,0.00,2,0
2026-06-12 16:46:16.882,0.00,0.00,0.00,0.00,2,0
2026-06-12 16:46:16.932,0.00,0.00,0.00,0.00,2,0
2026-06-12 16:46:16.982,0.00,0.00,0.00,0.00,2,0
2026-06-12 16:46:17.033,0.00,0.00,0.00,0.00,2,0
2026-06-12 16:46:17.083,0.00,0.00,0.00,0.00,2,0
2026-06-12 16:46:17.134,0.00,0.00,0.00,0.00,2,0
2026-06-12 16:46:17.184,0.00,0.00,0.00,0.00,2,0
2026-06-12 16:46:17.234,0.00,0.00,0.00,0.00,2,0
2026-06-12 16:46:17.285,0.00,0.00,0.00,0.00,2,0
2026-06-12 16:46:17.335,0.00,0.00,0.00,0.00,2,0
2026-06-12 16:46:17.386,0.00,0.00,0.00,0.00,2,0
2026-06-12 16:46:17.437,0.00,0.00,0.00,0.00,2,0
2026-06-12 16:46:17.487,0.00,0.00,0.00,0.00,2,0
2026-06-12 16:46:17.537,0.00,0.00,0.00,0.00,2,0
2026-06-12 16:46:17.587,0.00,0.00,0.00,0.00,2,0
2026-06-12 16:46:17.638,0.00,0.00,0.00,0.00,2,0
2026-06-12 16:46:17.688,0.00,0.00,0.00,0.00,2,0
2026-06-12 16:46:17.738,0.00,0.00,0.00,0.00,2,0
2026-06-12 16:46:17.789,0.00,0.00,0.00,0.00,2,0
2026-06-12 16:46:17.839,0.00,0.00,0.00,0.00,2,0
2026-06-12 16:46:17.890,0.00,0.00,0.00,0.00,2,0
2026-06-12 16:46:17.940,0.00,0.00,0.00,0.00,2,0
2026-06-12 16:46:17.990,0.00,0.00,0.00,0.00,2,0
2026-06-12 16:46:18.041,0.00,0.00,0.00,0.00,2,0
2026-06-12 16:46:18.091,0.00,0.00,0.00,0.00,2,0
2026-06-12 16:46:18.142,0.00,0.00,0.00,0.00,2,0
2026-06-12 16:46:18.192,0.00,0.00,0.00,0.00,2,0
2026-06-12 16:46:18.242,0.00,0.00,0.00,0.00,2,0
2026-06-12 16:46:18.293,0.00,0.00,0.00,0.00,2,0
2026-06-12 16:46:18.343,0.00,0.00,0.00,0.00,2,0
2026-06-12 16:46:18.394,0.00,0.00,0.00,0.00,2,0
2026-06-12 16:46:18.444,0.00,0.00,0.00,0.00,2,0
2026-06-12 16:46:18.494,0.00,0.00,0.00,0.00,2,0
2026-06-12 16:46:18.545,0.00,0.00,0.00,0.00,2,0
2026-06-12 16:46:18.595,0.00,0.00,0.00,0.00,2,0
2026-06-12 16:46:18.646,0.00,0.00,0.00,0.00,2,0
2026-06-12 16:46:18.698,0.00,0.00,0.00,0.00,2,0
2026-06-12 16:46:18.748,0.00,0.00,0.00,0.00,2,0
2026-06-12 16:46:18.798,0.00,0.00,0.00,0.00,2,0
2026-06-12 16:46:18.847,0.00,0.00,0.00,0.00,2,0
2026-06-12 16:46:18.897,0.00,0.00,0.00,0.00,2,0
2026-06-12 16:46:18.948,0.00,0.00,0.00,0.00,2,0
2026-06-12 16:46:18.999,0.00,0.00,0.00,0.00,2,0
2026-06-12 16:46:19.049,0.00,0.00,0.00,0.00,2,0
2026-06-12 16:46:19.099,0.00,0.00,0.00,0.00,2,0
2026-06-12 16:46:19.149,0.00,0.00,0.00,0.00,2,0
2026-06-12 16:46:19.200,0.00,0.00,0.00,0.00,2,0
2026-06-12 16:46:19.250,0.00,0.00,0.00,0.00,2,0
2026-06-12 16:46:19.301,0.00,0.00,0.00,0.00,2,0
2026-06-12 16:46:19.351,0.00,0.00,0.00,0.00,2,0
2026-06-12 16:46:19.401,0.00,0.00,0.00,0.00,2,0
2026-06-12 16:46:19.452,0.00,0.00,0.00,0.00,2,0
2026-06-12 16:46:19.502,0.00,0.00,0.00,0.00,2,0
2026-06-12 16:46:19.553,0.00,0.00,0.00,0.00,2,0
2026-06-12 16:46:19.603,0.00,0.00,0.00,0.00,2,0
2026-06-12 16:46:19.654,0.00,0.00,0.00,0.00,2,0
2026-06-12 16:46:19.704,0.00,0.00,0.00,0.00,2,0
2026-06-12 16:46:19.754,0.00,0.00,0.00,0.00,2,0
2026-06-12 16:46:19.805,0.00,0.00,0.00,0.00,2,0
2026-06-12 16:46:19.855,0.00,0.00,0.00,0.00,2,0
2026-06-12 16:46:19.906,0.00,0.00,0.00,0.00,2,0
2026-06-12 16:46:19.957,0.00,0.00,0.00,0.00,2,0
2026-06-12 16:46:20.007,0.00,0.00,0.00,0.00,2,0
2026-06-12 16:46:20.057,0.00,0.00,0.00,0.00,2,0
2026-06-12 16:46:20.107,0.00,0.00,0.00,0.00,2,0
2026-06-12 16:46:20.157,0.00,0.00,0.00,0.00,2,0
2026-06-12 16:46:20.208,0.00,0.00,0.00,0.00,2,0
2026-06-12 16:46:20.258,0.00,0.00,0.00,0.00,2,0
2026-06-12 16:46:20.309,0.00,0.00,0.00,0.00,2,0
2026-06-12 16:46:20.359,0.00,0.00,0.00,0.00,2,0
2026-06-12 16:46:20.409,0.00,0.00,0.00,0.00,2,0
2026-06-12 16:46:20.460,0.00,0.00,0.00,0.00,2,0
2026-06-12 16:46:20.510,0.00,0.00,0.00,0.00,2,0
2026-06-12 16:46:20.560,0.00,0.00,0.00,0.00,2,0
2026-06-12 16:46:20.611,0.00,0.00,0.00,0.00,2,0
2026-06-12 16:46:20.661,0.00,0.00,0.00,0.00,2,0
2026-06-12 16:46:20.712,0.00,0.00,0.00,0.00,2,0
2026-06-12 16:46:20.762,0.00,0.00,0.00,0.00,2,0
2026-06-12 16:46:20.813,0.00,0.00,0.00,0.00,2,0
2026-06-12 16:46:20.863,0.00,0.00,0.00,0.00,2,0
2026-06-12 16:46:20.913,0.00,0.00,0.00,0.00,2,0
2026-06-12 16:46:20.964,0.00,0.00,0.00,0.00,2,0
2026-06-12 16:46:21.014,0.00,0.00,0.00,0.00,2,0
2026-06-12 16:46:21.065,0.00,0.00,0.00,0.00,2,0
2026-06-12 16:46:21.115,0.00,0.00,0.00,0.00,2,0
2026-06-12 16:46:21.166,0.00,0.00,0.00,0.00,2,0
2026-06-12 16:46:21.216,0.00,0.00,0.00,0.00,2,0
2026-06-12 16:46:21.266,0.00,0.00,0.00,0.00,2,0
2026-06-12 16:46:21.317,0.00,0.00,0.00,0.00,2,0
2026-06-12 16:46:21.367,0.00,0.00,0.00,0.00,2,0
2026-06-12 16:46:21.417,0.00,0.00,0.00,0.00,2,0
2026-06-12 16:46:21.468,0.00,0.00,0.00,0.00,2,0
2026-06-12 16:46:21.518,0.00,0.00,0.00,0.00,2,0
2026-06-12 16:46:21.568,0.00,0.00,0.00,0.00,2,0
2026-06-12 16:46:21.619,0.00,0.00,0.00,0.00,2,0
2026-06-12 16:46:21.669,0.00,0.00,0.00,0.00,2,0
2026-06-12 16:46:21.720,0.00,0.00,0.00,0.00,2,0
2026-06-12 16:46:21.770,0.00,0.00,0.00,0.00,2,0
2026-06-12 16:46:21.820,0.00,0.00,0.00,0.00,2,0
2026-06-12 16:46:21.871,0.00,0.00,0.00,0.00,2,0
2026-06-12 16:46:21.921,0.00,0.00,0.00,0.00,2,0
2026-06-12 16:46:21.972,0.00,0.00,0.00,0.00,2,0
2026-06-12 16:46:22.022,0.00,0.00,0.00,0.00,2,0
2026-06-12 16:46:22.072,0.00,0.00,0.00,0.00,2,0
2026-06-12 16:46:22.123,0.00,0.00,0.00,0.00,2,0
2026-06-12 16:46:22.173,0.00,0.00,0.00,0.00,2,0
2026-06-12 16:46:22.224,0.00,0.00,0.00,0.00,2,0
2026-06-12 16:46:22.274,0.00,0.00,0.00,0.00,2,0
2026-06-12 16:46:22.324,0.00,0.00,0.00,0.00,2,0
2026-06-12 16:46:22.375,0.00,0.00,0.00,0.00,2,0
2026-06-12 16:46:22.425,0.00,0.00,0.00,0.00,2,0
2026-06-12 16:46:22.476,0.00,0.00,0.00,0.00,2,0
2026-06-12 16:46:22.526,0.00,0.00,0.00,0.00,2,0
2026-06-12 16:46:22.576,0.00,0.00,0.00,0.00,2,0
2026-06-12 16:46:22.627,0.00,0.00,0.00,0.00,2,0
2026-06-12 16:46:22.677,0.00,0.00,0.00,0.00,2,0
2026-06-12 16:46:22.728,0.00,0.00,0.00,0.00,2,0
2026-06-12 16:46:22.778,0.00,0.00,0.00,0.00,2,0
2026-06-12 16:46:22.828,0.00,0.00,0.00,0.00,2,0
2026-06-12 16:46:22.879,0.00,0.00,0.00,0.00,2,0
2026-06-12 16:46:22.929,0.00,0.00,0.00,0.00,2,0
2026-06-12 16:46:22.980,0.00,0.00,0.00,0.00,2,0
2026-06-12 16:46:23.030,0.00,0.00,0.00,0.00,2,0
2026-06-12 16:46:23.080,0.00,0.00,0.00,0.00,2,0
2026-06-12 16:46:23.131,0.00,0.00,0.00,0.00,2,0
2026-06-12 16:46:23.181,0.00,0.00,0.00,0.00,2,0
2026-06-12 16:46:23.231,0.00,0.00,0.00,0.00,2,0
2026-06-12 16:46:23.282,0.00,0.00,0.00,0.00,2,0
2026-06-12 16:46:23.332,0.00,0.00,0.00,0.00,2,0
2026-06-12 16:46:23.383,0.00,0.00,0.00,0.00,2,0
2026-06-12 16:46:23.433,0.00,0.00,0.00,0.00,2,0
2026-06-12 16:46:23.484,0.00,0.00,0.00,0.00,2,0
2026-06-12 16:46:23.534,0.00,0.00,0.00,0.00,2,0
2026-06-12 16:46:23.584,0.00,0.00,0.00,0.00,2,0
2026-06-12 16:46:23.635,0.00,0.00,0.00,0.00,2,0
2026-06-12 16:46:23.685,0.00,0.00,0.00,0.00,2,0
2026-06-12 16:46:23.736,0.00,0.00,0.00,0.00,2,0
2026-06-12 16:46:23.787,0.00,0.00,0.00,0.00,2,0
2026-06-12 16:46:23.837,0.00,0.00,0.00,0.00,2,0
2026-06-12 16:46:23.887,0.00,0.00,0.00,0.00,2,0
2026-06-12 16:46:23.937,0.00,0.00,0.00,0.00,2,0
2026-06-12 16:46:23.987,0.00,0.00,0.00,0.00,2,0
2026-06-12 16:46:24.038,0.00,0.00,0.00,0.00,2,0
2026-06-12 16:46:24.088,0.00,0.00,0.00,0.00,2,0
2026-06-12 16:46:24.139,0.00,0.00,0.00,0.00,2,0
2026-06-12 16:46:24.189,0.00,0.00,0.00,0.00,2,0
2026-06-12 16:46:24.239,0.00,0.00,0.00,0.00,2,0
2026-06-12 16:46:24.290,0.00,0.00,0.00,0.00,2,0
2026-06-12 16:46:24.340,0.00,0.00,0.00,0.00,2,0
2026-06-12 16:46:24.391,0.00,0.00,0.00,0.00,2,0
2026-06-12 16:46:24.441,0.00,0.00,0.00,0.00,2,0
2026-06-12 16:46:24.492,0.00,0.00,0.00,0.00,2,0
2026-06-12 16:46:24.542,0.00,0.00,0.00,0.00,2,0
2026-06-12 16:46:24.592,0.00,0.00,0.00,0.00,2,0
2026-06-12 16:46:24.643,0.00,0.00,0.00,0.00,2,0
2026-06-12 16:46:24.693,0.00,0.00,0.00,0.00,2,0
2026-06-12 16:46:24.743,0.00,0.00,0.00,0.00,2,0
2026-06-12 16:46:24.794,0.00,0.00,0.00,0.00,2,0
2026-06-12 16:46:24.844,0.00,0.00,0.00,0.00,2,0
2026-06-12 16:46:24.894,0.00,0.00,0.00,0.00,2,0
2026-06-12 16:46:24.945,0.00,0.00,0.00,0.00,2,0
2026-06-12 16:46:24.995,0.00,0.00,0.00,0.00,2,0
2026-06-12 16:46:25.046,0.00,0.00,0.00,0.00,2,0
2026-06-12 16:46:25.097,0.00,0.00,0.00,0.00,2,0
2026-06-12 16:46:25.147,0.00,0.00,0.00,0.00,2,0
2026-06-12 16:46:25.197,0.00,0.00,0.00,0.00,2,0
2026-06-12 16:46:25.248,0.00,0.00,0.00,0.00,2,0
2026-06-12 16:46:25.299,0.00,0.00,0.00,0.00,2,0
2026-06-12 16:46:25.348,0.00,0.00,0.00,0.00,2,0
2026-06-12 16:46:25.398,0.00,0.00,0.00,0.00,2,0
2026-06-12 16:46:25.449,0.00,0.00,0.00,0.00,2,0
2026-06-12 16:46:25.499,0.00,0.00,0.00,0.00,2,0
2026-06-12 16:46:25.550,0.00,0.00,0.00,0.00,2,0
2026-06-12 16:46:25.600,0.00,0.00,0.00,0.00,2,0
2026-06-12 16:46:25.651,0.00,0.00,0.00,0.00,2,0
2026-06-12 16:46:25.701,0.00,0.00,0.00,0.00,2,0
2026-06-12 16:46:25.751,0.00,0.00,0.00,0.00,2,0
2026-06-12 16:46:25.802,0.00,0.00,0.00,0.00,2,0
2026-06-12 16:46:25.852,0.00,0.00,0.00,0.00,2,0
2026-06-12 16:46:25.903,0.00,0.00,0.00,0.00,2,0
2026-06-12 16:46:25.953,0.00,0.00,0.00,0.00,2,0
2026-06-12 16:46:26.003,0.00,0.00,0.00,0.00,2,0
2026-06-12 16:46:26.054,0.00,0.00,0.00,0.00,2,0
2026-06-12 16:46:26.104,0.00,0.00,0.00,0.00,2,0
2026-06-12 16:46:26.154,0.00,0.00,0.00,0.00,2,0
2026-06-12 16:46:26.205,0.00,0.00,0.00,0.00,2,0
2026-06-12 16:46:26.255,0.00,0.00,0.00,0.00,2,0
2026-06-12 16:46:26.306,0.00,0.00,0.00,0.00,2,0
2026-06-12 16:46:26.357,0.00,0.00,0.00,0.00,2,0
2026-06-12 16:46:26.407,0.00,0.00,0.00,0.00,2,0
2026-06-12 16:46:26.457,0.00,0.00,0.00,0.00,2,0
2026-06-12 16:46:26.507,0.00,0.00,0.00,0.00,2,0
2026-06-12 16:46:26.558,0.00,0.00,0.00,0.00,2,0
2026-06-12 16:46:26.608,0.00,0.00,0.00,0.00,2,0
2026-06-12 16:46:26.659,0.00,0.00,0.00,0.00,2,0
2026-06-12 16:46:26.709,0.00,0.00,0.00,0.00,2,0
2026-06-12 16:46:26.759,0.00,0.00,0.00,0.00,2,0
2026-06-12 16:46:26.810,0.00,0.00,0.00,0.00,2,0
2026-06-12 16:46:26.860,0.00,0.00,0.00,0.00,2,0
2026-06-12 16:46:26.910,0.00,0.00,0.00,0.00,2,0
2026-06-12 16:46:26.961,0.00,0.00,0.00,0.00,2,0
2026-06-12 16:46:27.011,0.00,0.00,0.00,0.00,2,0
2026-06-12 16:46:27.062,0.00,0.00,0.00,0.00,2,0
2026-06-12 16:46:27.112,0.00,0.00,0.00,0.00,2,0
2026-06-12 16:46:27.162,0.00,0.00,0.00,0.00,2,0
2026-06-12 16:46:27.213,0.00,0.00,0.00,0.00,2,0
2026-06-12 16:46:27.263,0.00,0.00,0.00,0.00,2,0
2026-06-12 16:46:27.314,0.00,0.00,0.00,0.00,2,0
2026-06-12 16:46:27.364,0.00,0.00,0.00,0.00,2,0
2026-06-12 16:46:27.414,0.00,0.00,0.00,0.00,2,0
2026-06-12 16:46:27.465,0.00,0.00,0.00,0.00,2,0
2026-06-12 16:46:27.515,0.00,0.00,0.00,0.00,2,0
2026-06-12 16:46:27.566,0.00,0.00,0.00,0.00,2,0
2026-06-12 16:46:27.617,0.00,0.00,0.00,0.00,2,0
2026-06-12 16:46:27.666,0.00,0.00,0.00,0.00,2,0
2026-06-12 16:46:27.717,0.00,0.00,0.00,0.00,2,0
2026-06-12 16:46:27.767,0.00,0.00,0.00,0.00,2,0
2026-06-12 16:46:27.817,0.00,0.00,0.00,0.00,2,0
2026-06-12 16:46:27.868,0.00,0.00,0.00,0.00,2,0
2026-06-12 16:46:27.918,0.00,0.00,0.00,0.00,2,0
2026-06-12 16:46:27.969,0.00,0.00,0.00,0.00,2,0
2026-06-12 16:46:28.019,0.00,0.00,0.00,0.00,2,0
2026-06-12 16:46:28.069,0.00,0.00,0.00,0.00,2,0
2026-06-12 16:46:28.120,0.00,0.00,0.00,0.00,2,0
2026-06-12 16:46:28.170,0.00,0.00,0.00,0.00,2,0
2026-06-12 16:46:28.221,0.00,0.00,0.00,0.00,2,0
2026-06-12 16:46:28.271,0.00,0.00,0.00,0.00,2,0
2026-06-12 16:46:28.321,0.00,0.00,0.00,0.00,2,0
2026-06-12 16:46:28.372,0.00,0.00,0.00,0.00,2,0
2026-06-12 16:46:28.422,0.00,0.00,0.00,0.00,2,0
2026-06-12 16:46:28.473,0.00,0.00,0.00,0.00,2,0
2026-06-12 16:46:28.523,0.00,0.00,0.00,0.00,2,0
2026-06-12 16:46:28.573,0.00,0.00,0.00,0.00,2,0
2026-06-12 16:46:28.624,0.00,0.00,0.00,0.00,2,0
2026-06-12 16:46:28.674,0.00,0.00,0.00,0.00,2,0
2026-06-12 16:46:28.725,0.00,0.00,0.00,0.00,2,0
2026-06-12 16:46:28.775,0.00,0.00,0.00,0.00,2,0
2026-06-12 16:46:28.825,0.00,0.00,0.00,0.00,2,0
2026-06-12 16:46:28.877,0.00,0.00,0.00,0.00,2,0
2026-06-12 16:46:28.927,0.00,0.00,0.00,0.00,2,0
2026-06-12 16:46:28.977,0.00,0.00,0.00,0.00,2,0
2026-06-12 16:46:29.027,0.00,0.00,0.00,0.00,2,0
2026-06-12 16:46:29.077,0.00,0.00,0.00,0.00,2,0
2026-06-12 16:46:29.128,0.00,0.00,0.00,0.00,2,0
2026-06-12 16:46:29.178,0.00,0.00,0.00,0.00,2,0
2026-06-12 16:46:29.229,0.00,0.00,0.00,0.00,2,0
2026-06-12 16:46:29.279,0.00,0.00,0.00,0.00,2,0
2026-06-12 16:46:29.330,0.00,0.00,0.00,0.00,2,0
2026-06-12 16:46:29.380,0.00,0.00,0.00,0.00,2,0
2026-06-12 16:46:29.430,0.00,0.00,0.00,0.00,2,0
2026-06-12 16:46:29.481,0.00,0.00,0.00,0.00,2,0
2026-06-12 16:46:29.531,0.00,0.00,0.00,0.00,2,0
2026-06-12 16:46:29.581,0.00,0.00,0.00,0.00,2,0
2026-06-12 16:46:29.632,0.00,0.00,0.00,0.00,2,0
2026-06-12 16:46:29.682,0.00,0.00,0.00,0.00,2,0
2026-06-12 16:46:29.732,0.00,0.00,0.00,0.00,2,0
2026-06-12 16:46:29.783,0.00,0.00,0.00,0.00,2,0
2026-06-12 16:46:29.833,0.00,0.00,0.00,0.00,2,0
2026-06-12 16:46:29.884,0.00,0.00,0.00,0.00,2,0
2026-06-12 16:46:29.934,0.00,0.00,0.00,0.00,2,0
2026-06-12 16:46:29.985,0.00,0.00,0.00,0.00,2,0
2026-06-12 16:46:30.035,0.00,0.00,0.00,0.00,2,0
2026-06-12 16:46:30.085,0.00,0.00,0.00,0.00,2,0
2026-06-12 16:46:30.136,0.00,0.00,0.00,0.00,2,0
2026-06-12 16:46:30.187,0.00,0.00,0.00,0.00,2,0
2026-06-12 16:46:30.237,0.00,0.00,0.00,0.00,2,0
2026-06-12 16:46:30.287,0.00,0.00,0.00,0.00,2,0
2026-06-12 16:46:30.337,0.00,0.00,0.00,0.00,2,0
2026-06-12 16:46:30.388,0.00,0.00,0.00,0.00,2,0
2026-06-12 16:46:30.440,0.00,0.00,0.00,0.00,2,0
2026-06-12 16:46:30.488,0.00,0.00,0.00,0.00,2,0
2026-06-12 16:46:30.539,0.00,0.00,0.00,0.00,2,0
2026-06-12 16:46:30.589,0.00,0.00,0.00,0.00,2,0
2026-06-12 16:46:30.640,0.00,0.00,0.00,0.00,2,0
2026-06-12 16:46:30.690,0.00,0.00,0.00,0.00,2,0
2026-06-12 16:46:30.740,0.00,0.00,0.00,0.00,2,0
2026-06-12 16:46:30.791,0.00,0.00,0.00,0.00,2,0
2026-06-12 16:46:30.841,0.00,0.00,0.00,0.00,2,0
2026-06-12 16:46:30.892,0.00,0.00,0.00,0.00,2,0
2026-06-12 16:46:30.942,0.00,0.00,0.00,0.00,2,0
2026-06-12 16:46:30.993,0.00,0.00,0.00,0.00,2,0
2026-06-12 16:46:31.043,0.00,0.00,0.00,0.00,2,0
2026-06-12 16:46:31.093,0.00,0.00,0.00,0.00,2,0
2026-06-12 16:46:31.144,0.00,0.00,0.00,0.00,2,0
2026-06-12 16:46:31.194,0.00,0.00,0.00,0.00,2,0
2026-06-12 16:46:31.245,0.00,0.00,0.00,0.00,2,0
2026-06-12 16:46:31.295,0.00,0.00,0.00,0.00,2,0
2026-06-12 16:46:31.345,0.00,0.00,0.00,0.00,2,0
2026-06-12 16:46:31.397,0.00,0.00,0.00,0.00,2,0
2026-06-12 16:46:31.446,0.00,0.00,0.00,0.00,2,0
2026-06-12 16:46:31.497,0.00,0.00,0.00,0.00,2,0
2026-06-12 16:46:31.547,0.00,0.00,0.00,0.00,2,0
2026-06-12 16:46:31.598,0.00,0.00,0.00,0.00,2,0
2026-06-12 16:46:31.647,0.00,0.00,0.00,0.00,2,0
2026-06-12 16:46:31.698,0.00,0.00,0.00,0.00,2,0
2026-06-12 16:46:31.748,0.00,0.00,0.00,0.00,2,0
2026-06-12 16:46:31.799,0.00,0.00,0.00,0.00,2,0
2026-06-12 16:46:31.850,0.00,0.00,0.00,0.00,2,0
2026-06-12 16:46:31.900,0.00,0.00,0.00,0.00,2,0
2026-06-12 16:46:31.950,0.00,0.00,0.00,0.00,2,0
2026-06-12 16:46:32.000,0.00,0.00,0.00,0.00,2,0
2026-06-12 16:46:32.051,0.00,0.00,0.00,0.00,2,0
2026-06-12 16:46:32.101,0.00,0.00,0.00,0.00,2,0
2026-06-12 16:46:32.152,0.00,0.00,0.00,0.00,2,0
2026-06-12 16:46:32.202,0.00,0.00,0.00,0.00,2,0
2026-06-12 16:46:32.252,0.00,0.00,0.00,0.00,2,0
2026-06-12 16:46:32.303,0.00,0.00,0.00,0.00,2,0
2026-06-12 16:46:32.353,0.00,0.00,0.00,0.00,2,0
2026-06-12 16:46:32.404,0.00,0.00,0.00,0.00,2,0
2026-06-12 16:46:32.454,0.00,0.00,0.00,0.00,2,0
2026-06-12 16:46:32.504,0.00,0.00,0.00,0.00,2,0
2026-06-12 16:46:32.555,0.00,0.00,0.00,0.00,2,0
2026-06-12 16:46:32.605,0.00,0.00,0.00,0.00,2,0
2026-06-12 16:46:32.655,0.00,0.00,0.00,0.00,2,0
2026-06-12 16:46:32.707,0.00,0.00,0.00,0.00,2,0
2026-06-12 16:46:32.757,0.00,0.00,0.00,0.00,2,0
2026-06-12 16:46:32.807,0.00,0.00,0.00,0.00,2,0
2026-06-12 16:46:32.857,0.00,0.00,0.00,0.00,2,0
2026-06-12 16:46:32.907,0.00,0.00,0.00,0.00,2,0
2026-06-12 16:46:32.958,0.00,0.00,0.00,0.00,2,0
2026-06-12 16:46:33.008,0.00,0.00,0.00,0.00,2,0
2026-06-12 16:46:33.059,0.00,0.00,0.00,0.00,2,0
2026-06-12 16:46:33.109,0.00,0.00,0.00,0.00,2,0
2026-06-12 16:46:33.159,0.00,0.00,0.00,0.00,2,0
2026-06-12 16:46:33.210,0.00,0.00,0.00,0.00,2,0
2026-06-12 16:46:33.260,0.00,0.00,0.00,0.00,2,0
2026-06-12 16:46:33.311,0.00,0.00,0.00,0.00,2,0
2026-06-12 16:46:33.361,0.00,0.00,0.00,0.00,2,0
2026-06-12 16:46:33.411,0.00,0.00,0.00,0.00,2,0
2026-06-12 16:46:33.462,0.00,0.00,0.00,0.00,2,0
2026-06-12 16:46:33.512,0.00,0.00,0.00,0.00,2,0
2026-06-12 16:46:33.563,0.00,0.00,0.00,0.00,2,0
2026-06-12 16:46:33.613,0.00,0.00,0.00,0.00,2,0
2026-06-12 16:46:33.663,0.00,0.00,0.00,0.00,2,0
2026-06-12 16:46:33.714,0.00,0.00,0.00,0.00,2,0
2026-06-12 16:46:33.764,0.00,0.00,0.00,0.00,2,0
2026-06-12 16:46:33.815,0.00,0.00,0.00,0.00,2,0
2026-06-12 16:46:33.865,0.00,0.00,0.00,0.00,2,0
2026-06-12 16:46:33.915,0.00,0.00,0.00,0.00,2,0
2026-06-12 16:46:33.967,0.00,0.00,0.00,0.00,2,0
2026-06-12 16:46:34.017,0.00,0.00,0.00,0.00,2,0
2026-06-12 16:46:34.067,0.00,0.00,0.00,0.00,2,0
2026-06-12 16:46:34.117,0.00,0.00,0.00,0.00,2,0
2026-06-12 16:46:34.168,0.00,0.00,0.00,0.00,2,0
2026-06-12 16:46:34.218,0.00,0.00,0.00,0.00,2,0
2026-06-12 16:46:34.268,0.00,0.00,0.00,0.00,2,0
2026-06-12 16:46:34.319,0.00,0.00,0.00,0.00,2,0
2026-06-12 16:46:34.369,0.00,0.00,0.00,0.00,2,0
2026-06-12 16:46:34.419,0.00,0.00,0.00,0.00,2,0
2026-06-12 16:46:34.470,0.00,0.00,0.00,0.00,2,0
2026-06-12 16:46:34.520,0.00,0.00,0.00,0.00,2,0
2026-06-12 16:46:34.571,0.00,0.00,0.00,0.00,2,0
2026-06-12 16:46:34.621,0.00,0.00,0.00,0.00,2,0
2026-06-12 16:46:34.671,0.00,0.00,0.00,0.00,2,0
2026-06-12 16:46:34.722,0.00,0.00,0.00,0.00,2,0
2026-06-12 16:46:34.772,0.00,0.00,0.00,0.00,2,0
2026-06-12 16:46:34.823,0.00,0.00,0.00,0.00,2,0
2026-06-12 16:46:34.873,0.00,0.00,0.00,0.00,2,0
2026-06-12 16:46:34.923,0.00,0.00,0.00,0.00,2,0
2026-06-12 16:46:34.974,0.00,0.00,0.00,0.00,2,0
2026-06-12 16:46:35.024,0.00,0.00,0.00,0.00,2,0
2026-06-12 16:46:35.074,0.00,0.00,0.00,0.00,2,0
2026-06-12 16:46:35.125,0.00,0.00,0.00,0.00,2,0
2026-06-12 16:46:35.175,0.00,0.00,0.00,0.00,2,0
2026-06-12 16:46:35.226,0.00,0.00,0.00,0.00,2,0
2026-06-12 16:46:35.276,0.00,0.00,0.00,0.00,2,0
2026-06-12 16:46:35.326,0.00,0.00,0.00,0.00,2,0
2026-06-12 16:46:35.377,0.00,0.00,0.00,0.00,2,0
2026-06-12 16:46:35.427,0.00,0.00,0.00,0.00,2,0
2026-06-12 16:46:35.480,0.00,0.00,0.00,0.00,2,0
2026-06-12 16:46:35.528,0.00,0.00,0.00,0.00,2,0
2026-06-12 16:46:35.578,0.00,0.00,0.00,0.00,2,0
2026-06-12 16:46:35.629,0.00,0.00,0.00,0.00,2,0
2026-06-12 16:46:35.679,0.00,0.00,0.00,0.00,2,0
2026-06-12 16:46:35.730,0.00,0.00,0.00,0.00,2,0
2026-06-12 16:46:35.780,0.00,0.00,0.00,0.00,2,0
2026-06-12 16:46:35.830,0.00,0.00,0.00,0.00,2,0
2026-06-12 16:46:35.881,0.00,0.00,0.00,0.00,2,0
2026-06-12 16:46:35.931,0.00,0.00,0.00,0.00,2,0
2026-06-12 16:46:35.982,0.00,0.00,0.00,0.00,2,0
2026-06-12 16:46:36.032,0.00,0.00,0.00,0.00,2,0
2026-06-12 16:46:36.082,0.00,0.00,0.00,0.00,2,0
2026-06-12 16:46:36.133,0.00,0.00,0.00,0.00,2,0
2026-06-12 16:46:36.183,0.00,0.00,0.00,0.00,2,0
2026-06-12 16:46:36.234,0.00,0.00,0.00,0.00,2,0
2026-06-12 16:46:36.284,0.00,0.00,0.00,0.00,2,0
2026-06-12 16:46:36.334,0.00,0.00,0.00,0.00,2,0
2026-06-12 16:46:36.385,0.00,0.00,0.00,0.00,2,0
2026-06-12 16:46:36.435,0.00,0.00,0.00,0.00,2,0
2026-06-12 16:46:36.486,0.00,0.00,0.00,0.00,2,0
2026-06-12 16:46:36.536,0.00,0.00,0.00,0.00,2,0
2026-06-12 16:46:36.587,0.00,0.00,0.00,0.00,2,0
2026-06-12 16:46:36.637,0.00,0.00,0.00,0.00,2,0
2026-06-12 16:46:36.687,0.00,0.00,0.00,0.00,2,0
2026-06-12 16:46:36.738,0.00,0.00,0.00,0.00,2,0
2026-06-12 16:46:36.788,0.00,0.00,0.00,0.00,2,0
2026-06-12 16:46:36.838,0.00,0.00,0.00,0.00,2,0
2026-06-12 16:46:36.889,0.00,0.00,0.00,0.00,2,0
2026-06-12 16:46:36.939,0.00,0.00,0.00,0.00,2,0
2026-06-12 16:46:36.990,0.00,0.00,0.00,0.00,2,0
2026-06-12 16:46:37.040,0.00,0.00,0.00,0.00,2,0
2026-06-12 16:46:37.090,0.00,0.00,0.00,0.00,2,0
2026-06-12 16:46:37.141,0.00,0.00,0.00,0.00,2,0
2026-06-12 16:46:37.191,0.00,0.00,0.00,0.00,2,0
2026-06-12 16:46:37.241,0.00,0.00,0.00,0.00,2,0
2026-06-12 16:46:37.292,0.00,0.00,0.00,0.00,2,0
2026-06-12 16:46:37.342,0.00,0.00,0.00,0.00,2,0
2026-06-12 16:46:37.393,0.00,0.00,0.00,0.00,2,0
2026-06-12 16:46:37.443,0.00,0.00,0.00,0.00,2,0
2026-06-12 16:46:37.493,0.00,0.00,0.00,0.00,2,0
2026-06-12 16:46:37.544,0.00,0.00,0.00,0.00,2,0
2026-06-12 16:46:37.594,0.00,0.00,0.00,0.00,2,0
2026-06-12 16:46:37.645,0.00,0.00,0.00,0.00,2,0
2026-06-12 16:46:37.695,0.00,0.00,0.00,0.00,2,0
2026-06-12 16:46:37.746,0.00,0.00,0.00,0.00,2,0
2026-06-12 16:46:37.797,0.00,0.00,0.00,0.00,2,0
2026-06-12 16:46:37.847,0.00,0.00,0.00,0.00,2,0
2026-06-12 16:46:37.898,0.00,0.00,0.00,0.00,2,0
2026-06-12 16:46:37.947,0.00,0.00,0.00,0.00,2,0
2026-06-12 16:46:37.997,0.00,0.00,0.00,0.00,2,0
2026-06-12 16:46:38.048,0.00,0.00,0.00,0.00,2,0
2026-06-12 16:46:38.098,0.00,0.00,0.00,0.00,2,0
2026-06-12 16:46:38.149,0.00,0.00,0.00,0.00,2,0
2026-06-12 16:46:38.199,0.00,0.00,0.00,0.00,2,0
2026-06-12 16:46:38.249,0.00,0.00,0.00,0.00,2,0
2026-06-12 16:46:38.300,0.00,0.00,0.00,0.00,2,0
2026-06-12 16:46:38.350,0.00,0.00,0.00,0.00,2,0
2026-06-12 16:46:38.401,0.00,0.00,0.00,0.00,2,0
2026-06-12 16:46:38.451,0.00,0.00,0.00,0.00,2,0
2026-06-12 16:46:38.501,0.00,0.00,0.00,0.00,2,0
2026-06-12 16:46:38.552,0.00,0.00,0.00,0.00,2,0
2026-06-12 16:46:38.602,0.00,0.00,0.00,0.00,2,0
2026-06-12 16:46:38.653,0.00,0.00,0.00,0.00,2,0
2026-06-12 16:46:38.703,0.00,0.00,0.00,0.00,2,0
2026-06-12 16:46:38.753,0.00,0.00,0.00,0.00,2,0
2026-06-12 16:46:38.804,0.00,0.00,0.00,0.00,2,0
2026-06-12 16:46:38.854,0.00,0.00,0.00,0.00,2,0
2026-06-12 16:46:38.905,0.00,0.00,0.00,0.00,2,0
2026-06-12 16:46:38.955,0.00,0.00,0.00,0.00,2,0
2026-06-12 16:46:39.005,0.00,0.00,0.00,0.00,2,0
2026-06-12 16:46:39.056,0.00,0.00,0.00,0.00,2,0
2026-06-12 16:46:39.107,0.00,0.00,0.00,0.00,2,0
2026-06-12 16:46:39.157,0.00,0.00,0.00,0.00,2,0
2026-06-12 16:46:39.207,0.00,0.00,0.00,0.00,2,0
2026-06-12 16:46:39.257,0.00,0.00,0.00,0.00,2,0
2026-06-12 16:46:39.311,0.00,0.00,0.00,0.00,2,0
2026-06-12 16:46:39.358,0.00,0.00,0.00,0.00,2,0
2026-06-12 16:46:39.409,0.00,0.00,0.00,0.00,2,0
2026-06-12 16:46:39.459,0.00,0.00,0.00,0.00,2,0
2026-06-12 16:46:39.509,0.00,0.00,0.00,0.00,2,0
2026-06-12 16:46:39.560,0.00,0.00,0.00,0.00,2,0
2026-06-12 16:46:39.610,0.00,0.00,0.00,0.00,2,0
2026-06-12 16:46:39.660,0.00,0.00,0.00,0.00,2,0
2026-06-12 16:46:39.711,0.00,0.00,0.00,0.00,2,0
2026-06-12 16:46:39.761,0.00,0.00,0.00,0.00,2,0
2026-06-12 16:46:39.812,0.00,0.00,0.00,0.00,2,0
2026-06-12 16:46:39.862,0.00,0.00,0.00,0.00,2,0
2026-06-12 16:46:39.912,0.00,0.00,0.00,0.00,2,0
2026-06-12 16:46:39.963,0.00,0.00,0.00,0.00,2,0
2026-06-12 16:46:40.013,0.00,0.00,0.00,0.00,2,0
2026-06-12 16:46:40.064,0.00,0.00,0.00,0.00,2,0
2026-06-12 16:46:40.114,0.00,0.00,0.00,0.00,2,0
2026-06-12 16:46:40.164,0.00,0.00,0.00,0.00,2,0
2026-06-12 16:46:40.215,0.00,0.00,0.00,0.00,2,0
2026-06-12 16:46:40.265,0.00,0.00,0.00,0.00,2,0
2026-06-12 16:46:40.316,0.00,0.00,0.00,0.00,2,0
2026-06-12 16:46:40.367,0.00,0.00,0.00,0.00,2,0
2026-06-12 16:46:40.417,0.00,0.00,0.00,0.00,2,0
2026-06-12 16:46:40.467,0.00,0.00,0.00,0.00,2,0
2026-06-12 16:46:40.517,0.00,0.00,0.00,0.00,2,0
2026-06-12 16:46:40.568,0.00,0.00,0.00,0.00,2,0
2026-06-12 16:46:40.618,0.00,0.00,0.00,0.00,2,0
2026-06-12 16:46:40.668,0.00,0.00,0.00,0.00,2,0
2026-06-12 16:46:40.719,0.00,0.00,0.00,0.00,2,0
2026-06-12 16:46:40.769,0.00,0.00,0.00,0.00,2,0
2026-06-12 16:46:40.820,0.00,0.00,0.00,0.00,2,0
2026-06-12 16:46:40.870,0.00,0.00,0.00,0.00,2,0
2026-06-12 16:46:40.920,0.00,0.00,0.00,0.00,2,0
2026-06-12 16:46:40.971,0.00,0.00,0.00,0.00,2,0
2026-06-12 16:46:41.021,0.00,0.00,0.00,0.00,2,0
2026-06-12 16:46:41.071,0.00,0.00,0.00,0.00,2,0
2026-06-12 16:46:41.122,0.00,0.00,0.00,0.00,2,0
2026-06-12 16:46:41.172,0.00,0.00,0.00,0.00,2,0
2026-06-12 16:46:41.223,0.00,0.00,0.00,0.00,2,0
2026-06-12 16:46:41.273,0.00,0.00,0.00,0.00,2,0
2026-06-12 16:46:41.323,0.00,0.00,0.00,0.00,2,0
2026-06-12 16:46:41.374,0.00,0.00,0.00,0.00,2,0
2026-06-12 16:46:41.424,0.00,0.00,0.00,0.00,2,0
2026-06-12 16:46:41.475,0.00,0.00,0.00,0.00,2,0
2026-06-12 16:46:41.525,0.00,0.00,0.00,0.00,2,0
2026-06-12 16:46:41.575,0.00,0.00,0.00,0.00,2,0
2026-06-12 16:46:41.626,0.00,0.00,0.00,0.00,2,0
2026-06-12 16:46:41.677,0.00,0.00,0.00,0.00,2,0
2026-06-12 16:46:41.727,0.00,0.00,0.00,0.00,2,0
2026-06-12 16:46:41.777,0.00,0.00,0.00,0.00,2,0
2026-06-12 16:46:41.827,0.00,0.00,0.00,0.00,2,0
2026-06-12 16:46:41.878,0.00,0.00,0.00,0.00,2,0
2026-06-12 16:46:41.928,0.00,0.00,0.00,0.00,2,0
2026-06-12 16:46:41.979,0.00,0.00,0.00,0.00,2,0
2026-06-12 16:46:42.029,0.00,0.00,0.00,0.00,2,0
2026-06-12 16:46:42.079,0.00,0.00,0.00,0.00,2,0
2026-06-12 16:46:42.130,0.00,0.00,0.00,0.00,2,0
2026-06-12 16:46:42.180,0.00,0.00,0.00,0.00,2,0
2026-06-12 16:46:42.231,0.00,0.00,0.00,0.00,2,0
2026-06-12 16:46:42.281,0.00,0.00,0.00,0.00,2,0
2026-06-12 16:46:42.331,0.00,0.00,0.00,0.00,2,0
2026-06-12 16:46:42.382,0.00,0.00,0.00,0.00,2,0
2026-06-12 16:46:42.432,0.00,0.00,0.00,0.00,2,0
2026-06-12 16:46:42.483,0.00,0.00,0.00,0.00,2,0
2026-06-12 16:46:42.533,0.00,0.00,0.00,0.00,2,0
2026-06-12 16:46:42.583,0.00,0.00,0.00,0.00,2,0
2026-06-12 16:46:42.634,0.00,0.00,0.00,0.00,2,0
2026-06-12 16:46:42.684,0.00,0.00,0.00,0.00,2,0
2026-06-12 16:46:42.734,0.00,0.00,0.00,0.00,2,0
2026-06-12 16:46:42.785,0.00,0.00,0.00,0.00,2,0
2026-06-12 16:46:42.835,0.00,0.00,0.00,0.00,2,0
2026-06-12 16:46:42.886,0.00,0.00,0.00,0.00,2,0
2026-06-12 16:46:42.937,0.00,0.00,0.00,0.00,2,0
2026-06-12 16:46:42.987,0.00,0.00,0.00,0.00,2,0
2026-06-12 16:46:43.037,0.00,0.00,0.00,0.00,2,0
2026-06-12 16:46:43.087,0.00,0.00,0.00,0.00,2,0
2026-06-12 16:46:43.138,0.00,0.00,0.00,0.00,2,0
2026-06-12 16:46:43.188,0.00,0.00,0.00,0.00,2,0
2026-06-12 16:46:43.238,0.00,0.00,0.00,0.00,2,0
2026-06-12 16:46:43.289,0.00,0.00,0.00,0.00,2,0
2026-06-12 16:46:43.339,0.00,0.00,0.00,0.00,2,0
2026-06-12 16:46:43.390,0.00,0.00,0.00,0.00,2,0
2026-06-12 16:46:43.440,0.00,0.00,0.00,0.00,2,0
2026-06-12 16:46:43.490,0.00,0.00,0.00,0.00,2,0
2026-06-12 16:46:43.541,0.00,0.00,0.00,0.00,2,0
2026-06-12 16:46:43.591,0.00,0.00,0.00,0.00,2,0
2026-06-12 16:46:43.642,0.00,0.00,0.00,0.00,2,0
2026-06-12 16:46:43.692,0.00,0.00,0.00,0.00,2,0
2026-06-12 16:46:43.744,0.00,0.00,0.00,0.00,2,0
2026-06-12 16:46:43.793,0.00,0.00,0.00,0.00,2,0
2026-06-12 16:46:43.843,0.00,0.00,0.00,0.00,2,0
2026-06-12 16:46:43.894,0.00,0.00,0.00,0.00,2,0
2026-06-12 16:46:43.944,0.00,0.00,0.00,0.00,2,0
2026-06-12 16:46:43.994,0.00,0.00,0.00,0.00,2,0
2026-06-12 16:46:44.045,0.00,0.00,0.00,0.00,2,0
2026-06-12 16:46:44.095,0.00,0.00,0.00,0.00,2,0
2026-06-12 16:46:44.147,0.00,0.00,0.00,0.00,2,0
2026-06-12 16:46:44.196,0.00,0.00,0.00,0.00,2,0
2026-06-12 16:46:44.247,0.00,0.00,0.00,0.00,2,0
2026-06-12 16:46:44.297,0.00,0.00,0.00,0.00,2,0
2026-06-12 16:46:44.347,0.00,0.00,0.00,0.00,2,0
2026-06-12 16:46:44.398,0.00,0.00,0.00,0.00,2,0
2026-06-12 16:46:44.448,0.00,0.00,0.00,0.00,2,0
2026-06-12 16:46:44.498,0.00,0.00,0.00,0.00,2,0
2026-06-12 16:46:44.549,0.00,0.00,0.00,0.00,2,0
2026-06-12 16:46:44.599,0.00,0.00,0.00,0.00,2,0
2026-06-12 16:46:44.650,0.00,0.00,0.00,0.00,2,0
2026-06-12 16:46:44.700,0.00,0.00,0.00,0.00,2,0
2026-06-12 16:46:44.750,0.00,0.00,0.00,0.00,2,0
2026-06-12 16:46:44.801,0.00,0.00,0.00,0.00,2,0
2026-06-12 16:46:44.851,0.00,0.00,0.00,0.00,2,0
2026-06-12 16:46:44.902,0.00,0.00,0.00,0.00,2,0
2026-06-12 16:46:44.952,0.00,0.00,0.00,0.00,2,0
2026-06-12 16:46:45.002,0.00,0.00,0.00,0.00,2,0
2026-06-12 16:46:45.053,0.00,0.00,0.00,0.00,2,0
2026-06-12 16:46:45.103,0.00,0.00,0.00,0.00,2,0
2026-06-12 16:46:45.154,0.00,0.00,0.00,0.00,2,0
2026-06-12 16:46:45.204,0.00,0.00,0.00,0.00,2,0
2026-06-12 16:46:45.255,0.00,0.00,0.00,0.00,2,0
2026-06-12 16:46:45.305,0.00,0.00,0.00,0.00,2,0
2026-06-12 16:46:45.355,0.00,0.00,0.00,0.00,2,0
2026-06-12 16:46:45.406,0.00,0.00,0.00,0.00,2,0
2026-06-12 16:46:45.456,0.00,0.00,0.00,0.00,2,0
2026-06-12 16:46:45.507,0.00,0.00,0.00,0.00,2,0
2026-06-12 16:46:45.557,0.00,0.00,0.00,0.00,2,0
2026-06-12 16:46:45.611,0.00,0.00,0.00,0.00,2,0
2026-06-12 16:46:45.657,0.00,0.00,0.00,0.00,2,0
2026-06-12 16:46:45.708,0.00,0.00,0.00,0.00,2,0
2026-06-12 16:46:45.758,0.00,0.00,0.00,0.00,2,0
2026-06-12 16:46:45.809,0.00,0.00,0.00,0.00,2,0
2026-06-12 16:46:45.859,0.00,0.00,0.00,0.00,2,0
2026-06-12 16:46:45.910,0.00,0.00,0.00,0.00,2,0
2026-06-12 16:46:45.960,0.00,0.00,0.00,0.00,2,0
2026-06-12 16:46:46.010,0.00,0.00,0.00,0.00,2,0
2026-06-12 16:46:46.061,0.00,0.00,0.00,0.00,2,0
2026-06-12 16:46:46.111,0.00,0.00,0.00,0.00,2,0
2026-06-12 16:46:46.161,0.00,0.00,0.00,0.00,2,0
2026-06-12 16:46:46.212,0.00,0.00,0.00,0.00,2,0
2026-06-12 16:46:46.262,0.00,0.00,0.00,0.00,2,0
2026-06-12 16:46:46.313,0.00,0.00,0.00,0.00,2,0
2026-06-12 16:46:46.363,0.00,0.00,0.00,0.00,2,0
2026-06-12 16:46:46.413,0.00,0.00,0.00,0.00,2,0
2026-06-12 16:46:46.464,0.00,0.00,0.00,0.00,2,0
2026-06-12 16:46:46.514,0.00,0.00,0.00,0.00,2,0
2026-06-12 16:46:46.565,0.00,0.00,0.00,0.00,2,0
2026-06-12 16:46:46.615,0.00,0.00,0.00,0.00,2,0
2026-06-12 16:46:46.666,0.00,0.00,0.00,0.00,2,0
2026-06-12 16:46:46.717,0.00,0.00,0.00,0.00,2,0
2026-06-12 16:46:46.767,0.00,0.00,0.00,0.00,2,0
2026-06-12 16:46:46.817,0.00,0.00,0.00,0.00,2,0
2026-06-12 16:46:46.868,0.00,0.00,0.00,0.00,2,0
2026-06-12 16:46:46.917,0.00,0.00,0.00,0.00,2,0
2026-06-12 16:46:46.968,0.00,0.00,0.00,0.00,2,0
2026-06-12 16:46:47.018,0.00,0.00,0.00,0.00,2,0
2026-06-12 16:46:47.069,0.00,0.00,0.00,0.00,2,0
2026-06-12 16:46:47.119,0.00,0.00,0.00,0.00,2,0
2026-06-12 16:46:47.169,0.00,0.00,0.00,0.00,2,0
2026-06-12 16:46:47.220,0.00,0.00,0.00,0.00,2,0
2026-06-12 16:46:47.270,0.00,0.00,0.00,0.00,2,0
2026-06-12 16:46:47.321,0.00,0.00,0.00,0.00,2,0
2026-06-12 16:46:47.372,0.00,0.00,0.00,0.00,2,0
2026-06-12 16:46:47.421,0.00,0.00,0.00,0.00,2,0
2026-06-12 16:46:47.472,0.00,0.00,0.00,0.00,2,0
2026-06-12 16:46:47.522,0.00,0.00,0.00,0.00,2,0
2026-06-12 16:46:47.573,0.00,0.00,0.00,0.00,2,0
2026-06-12 16:46:47.623,0.00,0.00,0.00,0.00,2,0
2026-06-12 16:46:47.673,0.00,0.00,0.00,0.00,2,0
2026-06-12 16:46:47.724,0.00,0.00,0.00,0.00,2,0
2026-06-12 16:46:47.774,0.00,0.00,0.00,0.00,2,0
2026-06-12 16:46:47.824,0.00,0.00,0.00,0.00,2,0
2026-06-12 16:46:47.875,0.00,0.00,0.00,0.00,2,0
2026-06-12 16:46:47.925,0.00,0.00,0.00,0.00,2,0
2026-06-12 16:46:47.976,0.00,0.00,0.00,0.00,2,0
2026-06-12 16:46:48.027,0.00,0.00,0.00,0.00,2,0
2026-06-12 16:46:48.077,0.00,0.00,0.00,0.00,2,0
2026-06-12 16:46:48.127,0.00,0.00,0.00,0.00,2,0
2026-06-12 16:46:48.177,0.00,0.00,0.00,0.00,2,0
2026-06-12 16:46:48.228,0.00,0.00,0.00,0.00,2,0
2026-06-12 16:46:48.278,0.00,0.00,0.00,0.00,2,0
2026-06-12 16:46:48.328,0.00,0.00,0.00,0.00,2,0
2026-06-12 16:46:48.379,0.00,0.00,0.00,0.00,2,0
2026-06-12 16:46:48.429,0.00,0.00,0.00,0.00,2,0
2026-06-12 16:46:48.480,0.00,0.00,0.00,0.00,2,0
2026-06-12 16:46:48.530,0.00,0.00,0.00,0.00,2,0
2026-06-12 16:46:48.580,0.00,0.00,0.00,0.00,2,0
2026-06-12 16:46:48.631,0.00,0.00,0.00,0.00,2,0
2026-06-12 16:46:48.681,0.00,0.00,0.00,0.00,2,0
2026-06-12 16:46:48.732,0.00,0.00,0.00,0.00,2,0
2026-06-12 16:46:48.782,0.00,0.00,0.00,0.00,2,0
2026-06-12 16:46:48.832,0.00,0.00,0.00,0.00,2,0
2026-06-12 16:46:48.883,0.00,0.00,0.00,0.00,2,0
2026-06-12 16:46:48.933,0.00,0.00,0.00,0.00,2,0
2026-06-12 16:46:48.984,0.00,0.00,0.00,0.00,2,0
2026-06-12 16:46:49.034,0.00,0.00,0.00,0.00,2,0
2026-06-12 16:46:49.085,0.00,0.00,0.00,0.00,2,0
2026-06-12 16:46:49.135,0.00,0.00,0.00,0.00,2,0
2026-06-12 16:46:49.185,0.00,0.00,0.00,0.00,2,0
2026-06-12 16:46:49.237,0.00,0.00,0.00,0.00,2,0
2026-06-12 16:46:49.287,0.00,0.00,0.00,0.00,2,0
2026-06-12 16:46:49.337,0.00,0.00,0.00,0.00,2,0
2026-06-12 16:46:49.387,0.00,0.00,0.00,0.00,2,0
2026-06-12 16:46:49.437,0.00,0.00,0.00,0.00,2,0
2026-06-12 16:46:49.488,0.00,0.00,0.00,0.00,2,0
2026-06-12 16:46:49.538,0.00,0.00,0.00,0.00,2,0
2026-06-12 16:46:49.589,0.00,0.00,0.00,0.00,2,0
2026-06-12 16:46:49.639,0.00,0.00,0.00,0.00,2,0
2026-06-12 16:46:49.689,0.00,0.00,0.00,0.00,2,0
2026-06-12 16:46:49.740,0.00,0.00,0.00,0.00,2,0
2026-06-12 16:46:49.790,0.00,0.00,0.00,0.00,2,0
2026-06-12 16:46:49.841,0.00,0.00,0.00,0.00,2,0
2026-06-12 16:46:49.891,0.00,0.00,0.00,0.00,2,0
2026-06-12 16:46:49.941,0.00,0.00,0.00,0.00,2,0
2026-06-12 16:46:49.992,0.00,0.00,0.00,0.00,2,0
2026-06-12 16:46:50.042,0.00,0.00,0.00,0.00,2,0
2026-06-12 16:46:50.092,0.00,0.00,0.00,0.00,2,0
2026-06-12 16:46:50.143,0.00,0.00,0.00,0.00,2,0
2026-06-12 16:46:50.193,0.00,0.00,0.00,0.00,2,0
2026-06-12 16:46:50.243,0.00,0.00,0.00,0.00,2,0
2026-06-12 16:46:50.294,0.00,0.00,0.00,0.00,2,0
2026-06-12 16:46:50.344,0.00,0.00,0.00,0.00,2,0
2026-06-12 16:46:50.395,0.00,0.00,0.00,0.00,2,0
2026-06-12 16:46:50.445,0.00,0.00,0.00,0.00,2,0
2026-06-12 16:46:50.495,0.00,0.00,0.00,0.00,2,0
2026-06-12 16:46:50.546,0.00,0.00,0.00,0.00,2,0
2026-06-12 16:46:50.596,0.00,0.00,0.00,0.00,2,0
2026-06-12 16:46:50.647,0.00,0.00,0.00,0.00,2,0
2026-06-12 16:46:50.697,0.00,0.00,0.00,0.00,2,0
2026-06-12 16:46:50.747,0.00,0.00,0.00,0.00,2,0
2026-06-12 16:46:50.798,0.00,0.00,0.00,0.00,2,0
2026-06-12 16:46:50.848,0.00,0.00,0.00,0.00,2,0
2026-06-12 16:46:50.899,0.00,0.00,0.00,0.00,2,0
2026-06-12 16:46:50.949,0.00,0.00,0.00,0.00,2,0
2026-06-12 16:46:50.999,0.00,0.00,0.00,0.00,2,0
2026-06-12 16:46:51.050,0.00,0.00,0.00,0.00,2,0
2026-06-12 16:46:51.100,0.00,0.00,0.00,0.00,2,0
2026-06-12 16:46:51.151,0.00,0.00,0.00,0.00,2,0
2026-06-12 16:46:51.201,0.00,0.00,0.00,0.00,2,0
2026-06-12 16:46:51.251,0.00,0.00,0.00,0.00,2,0
2026-06-12 16:46:51.302,0.00,0.00,0.00,0.00,2,0
2026-06-12 16:46:51.352,0.00,0.00,0.00,0.00,2,0
2026-06-12 16:46:51.403,0.00,0.00,0.00,0.00,2,0
2026-06-12 16:46:51.453,0.00,0.00,0.00,0.00,2,0
2026-06-12 16:46:51.503,0.00,0.00,0.00,0.00,2,0
2026-06-12 16:46:51.555,0.00,0.00,0.00,0.00,2,0
2026-06-12 16:46:51.604,0.00,0.00,0.00,0.00,2,0
2026-06-12 16:46:51.655,0.00,0.00,0.00,0.00,2,0
2026-06-12 16:46:51.705,0.00,0.00,0.00,0.00,2,0
2026-06-12 16:46:51.755,0.00,0.00,0.00,0.00,2,0
2026-06-12 16:46:51.806,0.00,0.00,0.00,0.00,2,0
2026-06-12 16:46:51.856,0.00,0.00,0.00,0.00,2,0
2026-06-12 16:46:51.907,0.00,0.00,0.00,0.00,2,0
2026-06-12 16:46:51.957,0.00,0.00,0.00,0.00,2,0
2026-06-12 16:46:52.007,0.00,0.00,0.00,0.00,2,0
2026-06-12 16:46:52.058,0.00,0.00,0.00,0.00,2,0
2026-06-12 16:46:52.108,0.00,0.00,0.00,0.00,2,0
2026-06-12 16:46:52.159,0.00,0.00,0.00,0.00,2,0
2026-06-12 16:46:52.209,0.00,0.00,0.00,0.00,2,0
2026-06-12 16:46:52.260,0.00,0.00,0.00,0.00,2,0
2026-06-12 16:46:52.310,0.00,0.00,0.00,0.00,2,0
2026-06-12 16:46:52.360,0.00,0.00,0.00,0.00,2,0
2026-06-12 16:46:52.411,0.00,0.00,0.00,0.00,2,0
2026-06-12 16:46:52.461,0.00,0.00,0.00,0.00,2,0
2026-06-12 16:46:52.511,0.00,0.00,0.00,0.00,2,0
2026-06-12 16:46:52.562,0.00,0.00,0.00,0.00,2,0
2026-06-12 16:46:52.612,0.00,0.00,0.00,0.00,2,0
2026-06-12 16:46:52.663,0.00,0.00,0.00,0.00,2,0
2026-06-12 16:46:52.713,0.00,0.00,0.00,0.00,2,0
2026-06-12 16:46:52.763,0.00,0.00,0.00,0.00,2,0
2026-06-12 16:46:52.814,0.00,0.00,0.00,0.00,2,0
2026-06-12 16:46:52.864,0.00,0.00,0.00,0.00,2,0
2026-06-12 16:46:52.915,0.00,0.00,0.00,0.00,2,0
2026-06-12 16:46:52.965,0.00,0.00,0.00,0.00,2,0
2026-06-12 16:46:53.015,0.00,0.00,0.00,0.00,2,0
2026-06-12 16:46:53.066,0.00,0.00,0.00,0.00,2,0
2026-06-12 16:46:53.117,0.00,0.00,0.00,0.00,2,0
2026-06-12 16:46:53.167,0.00,0.00,0.00,0.00,2,0
2026-06-12 16:46:53.217,0.00,0.00,0.00,0.00,2,0
2026-06-12 16:46:53.267,0.00,0.00,0.00,0.00,2,0
2026-06-12 16:46:53.320,0.00,0.00,0.00,0.00,2,0
2026-06-12 16:46:53.368,0.00,0.00,0.00,0.00,2,0
2026-06-12 16:46:53.418,0.00,0.00,0.00,0.00,2,0
2026-06-12 16:46:53.469,0.00,0.00,0.00,0.00,2,0
2026-06-12 16:46:53.519,0.00,0.00,0.00,0.00,2,0
2026-06-12 16:46:53.570,0.00,0.00,0.00,0.00,2,0
2026-06-12 16:46:53.620,0.00,0.00,0.00,0.00,2,0
2026-06-12 16:46:53.671,0.00,0.00,0.00,0.00,2,0
2026-06-12 16:46:53.721,0.00,0.00,0.00,0.00,2,0
2026-06-12 16:46:53.771,0.00,0.00,0.00,0.00,2,0
2026-06-12 16:46:53.822,0.00,0.00,0.00,0.00,2,0
2026-06-12 16:46:53.872,0.00,0.00,0.00,0.00,2,0
2026-06-12 16:46:53.922,0.00,0.00,0.00,0.00,2,0
2026-06-12 16:46:53.973,0.00,0.00,0.00,0.00,2,0
2026-06-12 16:46:54.023,0.00,0.00,0.00,0.00,2,0
2026-06-12 16:46:54.074,0.00,0.00,0.00,0.00,2,0
2026-06-12 16:46:54.124,0.00,0.00,0.00,0.00,2,0
2026-06-12 16:46:54.174,0.00,0.00,0.00,0.00,2,0
2026-06-12 16:46:54.225,0.00,0.00,0.00,0.00,2,0
2026-06-12 16:46:54.275,0.00,0.00,0.00,0.00,2,0
2026-06-12 16:46:54.326,0.00,0.00,0.00,0.00,2,0
2026-06-12 16:46:54.378,0.00,0.00,0.00,0.00,2,0
2026-06-12 16:46:54.427,0.00,0.00,0.00,0.00,2,0
2026-06-12 16:46:54.477,0.00,0.00,0.00,0.00,2,0
2026-06-12 16:46:54.527,0.00,0.00,0.00,0.00,2,0
2026-06-12 16:46:54.578,0.00,0.00,0.00,0.00,2,0
2026-06-12 16:46:54.628,0.00,0.00,0.00,0.00,2,0
2026-06-12 16:46:54.678,0.00,0.00,0.00,0.00,2,0
2026-06-12 16:46:54.729,0.00,0.00,0.00,0.00,2,0
2026-06-12 16:46:54.779,0.00,0.00,0.00,0.00,2,0
2026-06-12 16:46:54.829,0.00,0.00,0.00,0.00,2,0
2026-06-12 16:46:54.880,0.00,0.00,0.00,0.00,2,0
2026-06-12 16:46:54.930,0.00,0.00,0.00,0.00,2,0
2026-06-12 16:46:54.981,0.00,0.00,0.00,0.00,2,0
2026-06-12 16:46:55.033,0.00,0.00,0.00,0.00,2,0
2026-06-12 16:46:55.081,0.00,0.00,0.00,0.00,2,0
2026-06-12 16:46:55.132,0.00,0.00,0.00,0.00,2,0
2026-06-12 16:46:55.182,0.00,0.00,0.00,0.00,2,0
2026-06-12 16:46:55.233,0.00,0.00,0.00,0.00,2,0
2026-06-12 16:46:55.283,0.00,0.00,0.00,0.00,2,0
2026-06-12 16:46:55.333,0.00,0.00,0.00,0.00,2,0
2026-06-12 16:46:55.384,0.00,0.00,0.00,0.00,2,0
2026-06-12 16:46:55.434,0.00,0.00,0.00,0.00,2,0
2026-06-12 16:46:55.485,0.00,0.00,0.00,0.00,2,0
2026-06-12 16:46:55.535,0.00,0.00,0.00,0.00,2,0
2026-06-12 16:46:55.585,0.00,0.00,0.00,0.00,2,0
2026-06-12 16:46:55.636,0.00,0.00,0.00,0.00,2,0
2026-06-12 16:46:55.687,0.00,0.00,0.00,0.00,2,0
2026-06-12 16:46:55.737,0.00,0.00,0.00,0.00,2,0
2026-06-12 16:46:55.787,0.00,0.00,0.00,0.00,2,0
2026-06-12 16:46:55.837,0.00,0.00,0.00,0.00,2,0
2026-06-12 16:46:55.888,0.00,0.00,0.00,0.00,2,0
2026-06-12 16:46:55.938,0.00,0.00,0.00,0.00,2,0
2026-06-12 16:46:55.989,0.00,0.00,0.00,0.00,2,0
2026-06-12 16:46:56.039,0.00,0.00,0.00,0.00,2,0
2026-06-12 16:46:56.089,0.00,0.00,0.00,0.00,2,0
2026-06-12 16:46:56.140,0.00,0.00,0.00,0.00,2,0
2026-06-12 16:46:56.190,0.00,0.00,0.00,0.00,2,0
2026-06-12 16:46:56.241,0.00,0.00,0.00,0.00,2,0
2026-06-12 16:46:56.291,0.00,0.00,0.00,0.00,2,0
2026-06-12 16:46:56.341,0.00,0.00,0.00,0.00,2,0
2026-06-12 16:46:56.392,0.00,0.00,0.00,0.00,2,0
2026-06-12 16:46:56.442,0.00,0.00,0.00,0.00,2,0
2026-06-12 16:46:56.493,0.00,0.00,0.00,0.00,2,0
2026-06-12 16:46:56.543,0.00,0.00,0.00,0.00,2,0
2026-06-12 16:46:56.596,0.00,0.00,0.00,0.00,2,0
2026-06-12 16:46:56.644,0.00,0.00,0.00,0.00,2,0
2026-06-12 16:46:56.694,0.00,0.00,0.00,0.00,2,0
2026-06-12 16:46:56.745,0.00,0.00,0.00,0.00,2,0
2026-06-12 16:46:56.795,0.00,0.00,0.00,0.00,2,0
2026-06-12 16:46:56.845,0.00,0.00,0.00,0.00,2,0
2026-06-12 16:46:56.896,0.00,0.00,0.00,0.00,2,0
2026-06-12 16:46:56.947,0.00,0.00,0.00,0.00,2,0
2026-06-12 16:46:56.997,0.00,0.00,0.00,0.00,2,0
2026-06-12 16:46:57.047,0.00,0.00,0.00,0.00,2,0
2026-06-12 16:46:57.097,0.00,0.00,0.00,0.00,2,0
2026-06-12 16:46:57.148,0.00,0.00,0.00,0.00,2,0
2026-06-12 16:46:57.198,0.00,0.00,0.00,0.00,2,0
2026-06-12 16:46:57.248,0.00,0.00,0.00,0.00,2,0
2026-06-12 16:46:57.299,0.00,0.00,0.00,0.00,2,0
2026-06-12 16:46:57.349,0.00,0.00,0.00,0.00,2,0
2026-06-12 16:46:57.400,0.00,0.00,0.00,0.00,2,0
2026-06-12 16:46:57.450,0.00,0.00,0.00,0.00,2,0
2026-06-12 16:46:57.500,0.00,0.00,0.00,0.00,2,0
2026-06-12 16:46:57.551,0.00,0.00,0.00,0.00,2,0
2026-06-12 16:46:57.601,0.00,0.00,0.00,0.00,2,0
2026-06-12 16:46:57.652,0.00,0.00,0.00,0.00,2,0
2026-06-12 16:46:57.702,0.00,0.00,0.00,0.00,2,0
2026-06-12 16:46:57.752,0.00,0.00,0.00,0.00,2,0
2026-06-12 16:46:57.803,0.00,0.00,0.00,0.00,2,0
2026-06-12 16:46:57.853,0.00,0.00,0.00,0.00,2,0
2026-06-12 16:46:57.904,0.00,0.00,0.00,0.00,2,0
2026-06-12 16:46:57.954,0.00,0.00,0.00,0.00,2,0
2026-06-12 16:46:58.004,0.00,0.00,0.00,0.00,2,0
2026-06-12 16:46:58.055,0.00,0.00,0.00,0.00,2,0
2026-06-12 16:46:58.105,0.00,0.00,0.00,0.00,2,0
2026-06-12 16:46:58.156,0.00,0.00,0.00,0.00,2,0
2026-06-12 16:46:58.206,0.00,0.00,0.00,0.00,2,0
2026-06-12 16:46:58.257,0.00,0.00,0.00,0.00,2,0
2026-06-12 16:46:58.307,0.00,0.00,0.00,0.00,2,0
2026-06-12 16:46:58.357,0.00,0.00,0.00,0.00,2,0
2026-06-12 16:46:58.408,0.00,0.00,0.00,0.00,2,0
2026-06-12 16:46:58.458,0.00,0.00,0.00,0.00,2,0
2026-06-12 16:46:58.508,0.00,0.00,0.00,0.00,2,0
2026-06-12 16:46:58.559,0.00,0.00,0.00,0.00,2,0
2026-06-12 16:46:58.609,0.00,0.00,0.00,0.00,2,0
2026-06-12 16:46:58.659,0.00,0.00,0.00,0.00,2,0
2026-06-12 16:46:58.710,0.00,0.00,0.00,0.00,2,0
2026-06-12 16:46:58.760,0.00,0.00,0.00,0.00,2,0
2026-06-12 16:46:58.811,0.00,0.00,0.00,0.00,2,0
2026-06-12 16:46:58.861,0.00,0.00,0.00,0.00,2,0
2026-06-12 16:46:58.912,0.00,0.00,0.00,0.00,2,0
2026-06-12 16:46:58.962,0.00,0.00,0.00,0.00,2,0
2026-06-12 16:46:59.012,0.00,0.00,0.00,0.00,2,0
2026-06-12 16:46:59.063,0.00,0.00,0.00,0.00,2,0
2026-06-12 16:46:59.113,0.00,0.00,0.00,0.00,2,0
2026-06-12 16:46:59.164,0.00,0.00,0.00,0.00,2,0
2026-06-12 16:46:59.214,0.00,0.00,0.00,0.00,2,0
2026-06-12 16:46:59.264,0.00,0.00,0.00,0.00,2,0
2026-06-12 16:46:59.315,0.00,0.00,0.00,0.00,2,0
2026-06-12 16:46:59.365,0.00,0.00,0.00,0.00,2,0
2026-06-12 16:46:59.415,0.00,0.00,0.00,0.00,2,0
2026-06-12 16:46:59.466,0.00,0.00,0.00,0.00,2,0
2026-06-12 16:46:59.517,0.00,0.00,0.00,0.00,2,0
2026-06-12 16:46:59.568,0.00,0.00,0.00,0.00,2,0
2026-06-12 16:46:59.617,0.00,0.00,0.00,0.00,2,0
2026-06-12 16:46:59.668,0.00,0.00,0.00,0.00,2,0
2026-06-12 16:46:59.720,0.00,0.00,0.00,0.00,2,0
2026-06-12 16:46:59.768,0.00,0.00,0.00,0.00,2,0
2026-06-12 16:46:59.819,0.00,0.00,0.00,0.00,2,0
2026-06-12 16:46:59.869,0.00,0.00,0.00,0.00,2,0
2026-06-12 16:46:59.919,0.00,0.00,0.00,0.00,2,0
2026-06-12 16:46:59.970,0.00,0.00,0.00,0.00,2,0
2026-06-12 16:47:00.020,0.00,0.00,0.00,0.00,2,0
2026-06-12 16:47:00.071,0.00,0.00,0.00,0.00,2,0
2026-06-12 16:47:00.121,0.00,0.00,0.00,0.00,2,0
2026-06-12 16:47:00.171,0.00,0.00,0.00,0.00,2,0
2026-06-12 16:47:00.222,0.00,0.00,0.00,0.00,2,0
2026-06-12 16:47:00.272,0.00,0.00,0.00,0.00,2,0
2026-06-12 16:47:00.323,0.00,0.00,0.00,0.00,2,0
2026-06-12 16:47:00.373,0.00,0.00,0.00,0.00,2,0
2026-06-12 16:47:00.423,0.00,0.00,0.00,0.00,2,0
2026-06-12 16:47:00.474,0.00,0.00,0.00,0.00,2,0
2026-06-12 16:47:00.524,0.00,0.00,0.00,0.00,2,0
2026-06-12 16:47:00.575,0.00,0.00,0.00,0.00,2,0
2026-06-12 16:47:00.625,0.00,0.00,0.00,0.00,2,0
2026-06-12 16:47:00.677,0.00,0.00,0.00,0.00,2,0
2026-06-12 16:47:00.727,0.00,0.00,0.00,0.00,2,0
2026-06-12 16:47:00.777,0.00,0.00,0.00,0.00,2,0
2026-06-12 16:47:00.827,0.00,0.00,0.00,0.00,2,0
2026-06-12 16:47:00.877,0.00,0.00,0.00,0.00,2,0
2026-06-12 16:47:00.927,0.00,0.00,0.00,0.00,2,0
2026-06-12 16:47:00.978,0.00,0.00,0.00,0.00,2,0
2026-06-12 16:47:01.028,0.00,0.00,0.00,0.00,2,0
2026-06-12 16:47:01.078,0.00,0.00,0.00,0.00,2,0
2026-06-12 16:47:01.129,0.00,0.00,0.00,0.00,2,0
2026-06-12 16:47:01.179,0.00,0.00,0.00,0.00,2,0
2026-06-12 16:47:01.230,0.00,0.00,0.00,0.00,2,0
2026-06-12 16:47:01.280,0.00,0.00,0.00,0.00,2,0
2026-06-12 16:47:01.330,0.00,0.00,0.00,0.00,2,0
2026-06-12 16:47:01.381,0.00,0.00,0.00,0.00,2,0
2026-06-12 16:47:01.431,0.00,0.00,0.00,0.00,2,0
2026-06-12 16:47:01.482,0.00,0.00,0.00,0.00,2,0
2026-06-12 16:47:01.532,0.00,0.00,0.00,0.00,2,0
2026-06-12 16:47:01.582,0.00,0.00,0.00,0.00,2,0
2026-06-12 16:47:01.633,0.00,0.00,0.00,0.00,2,0
2026-06-12 16:47:01.683,0.00,0.00,0.00,0.00,2,0
2026-06-12 16:47:01.734,0.00,0.00,0.00,0.00,2,0
2026-06-12 16:47:01.784,0.00,0.00,0.00,0.00,2,0
2026-06-12 16:47:01.835,0.00,0.00,0.00,0.00,2,0
2026-06-12 16:47:01.885,0.00,0.00,0.00,0.00,2,0
2026-06-12 16:47:01.935,0.00,0.00,0.00,0.00,2,0
2026-06-12 16:47:01.986,0.00,0.00,0.00,0.00,2,0
2026-06-12 16:47:02.036,0.00,0.00,0.00,0.00,2,0
2026-06-12 16:47:02.087,0.00,0.00,0.00,0.00,2,0
2026-06-12 16:47:02.137,0.00,0.00,0.00,0.00,2,0
2026-06-12 16:47:02.187,0.00,0.00,0.00,0.00,2,0
2026-06-12 16:47:02.238,0.00,0.00,0.00,0.00,2,0
2026-06-12 16:47:02.288,0.00,0.00,0.00,0.00,2,0
2026-06-12 16:47:02.338,0.00,0.00,0.00,0.00,2,0
2026-06-12 16:47:02.389,0.00,0.00,0.00,0.00,2,0
2026-06-12 16:47:02.439,0.00,0.00,0.00,0.00,2,0
2026-06-12 16:47:02.490,0.00,0.00,0.00,0.00,2,0
2026-06-12 16:47:02.540,0.00,0.00,0.00,0.00,2,0
2026-06-12 16:47:02.590,0.00,0.00,0.00,0.00,2,0
2026-06-12 16:47:02.641,0.00,0.00,0.00,0.00,2,0
2026-06-12 16:47:02.691,0.00,0.00,0.00,0.00,2,0
2026-06-12 16:47:02.742,0.00,0.00,0.00,0.00,2,0
2026-06-12 16:47:02.792,0.00,0.00,0.00,0.00,2,0
2026-06-12 16:47:02.842,0.00,0.00,0.00,0.00,2,0
2026-06-12 16:47:02.893,0.00,0.00,0.00,0.00,2,0
2026-06-12 16:47:02.943,0.00,0.00,0.00,0.00,2,0
2026-06-12 16:47:02.994,0.00,0.00,0.00,0.00,2,0
2026-06-12 16:47:03.044,0.00,0.00,0.00,0.00,2,0
2026-06-12 16:47:03.094,0.00,0.00,0.00,0.00,2,0
2026-06-12 16:47:03.145,0.00,0.00,0.00,0.00,2,0
2026-06-12 16:47:03.195,0.00,0.00,0.00,0.00,2,0
2026-06-12 16:47:03.246,0.00,0.00,0.00,0.00,2,0
2026-06-12 16:47:03.297,0.00,0.00,0.00,0.00,2,0
2026-06-12 16:47:03.347,0.00,0.00,0.00,0.00,2,0
2026-06-12 16:47:03.397,0.00,0.00,0.00,0.00,2,0
2026-06-12 16:47:03.447,0.00,0.00,0.00,0.00,2,0
2026-06-12 16:47:03.498,0.00,0.00,0.00,0.00,2,0
2026-06-12 16:47:03.548,0.00,0.00,0.00,0.00,2,0
2026-06-12 16:47:03.598,0.00,0.00,0.00,0.00,2,0
2026-06-12 16:47:03.649,0.00,0.00,0.00,0.00,2,0
2026-06-12 16:47:03.699,0.00,0.00,0.00,0.00,2,0
2026-06-12 16:47:03.750,0.00,0.00,0.00,0.00,2,0
2026-06-12 16:47:03.800,0.00,0.00,0.00,0.00,2,0
2026-06-12 16:47:03.850,0.00,0.00,0.00,0.00,2,0
2026-06-12 16:47:03.901,0.00,0.00,0.00,0.00,2,0
2026-06-12 16:47:03.951,0.00,0.00,0.00,0.00,2,0
2026-06-12 16:47:04.001,0.00,0.00,0.00,0.00,2,0
2026-06-12 16:47:04.052,0.00,0.00,0.00,0.00,2,0
2026-06-12 16:47:04.102,0.00,0.00,0.00,0.00,2,0
2026-06-12 16:47:04.153,0.00,0.00,0.00,0.00,2,0
2026-06-12 16:47:04.203,0.00,0.00,0.00,0.00,2,0
2026-06-12 16:47:04.253,0.00,0.00,0.00,0.00,2,0
2026-06-12 16:47:04.304,0.00,0.00,0.00,0.00,2,0
2026-06-12 16:47:04.354,0.00,0.00,0.00,0.00,2,0
2026-06-12 16:47:04.405,0.00,0.00,0.00,0.00,2,0
2026-06-12 16:47:04.455,0.00,0.00,0.00,0.00,2,0
2026-06-12 16:47:04.505,0.00,0.00,0.00,0.00,2,0
2026-06-12 16:47:04.556,0.00,0.00,0.00,0.00,2,0
2026-06-12 16:47:04.607,0.00,0.00,0.00,0.00,2,0
2026-06-12 16:47:04.657,0.00,0.00,0.00,0.00,2,0
2026-06-12 16:47:04.707,0.00,0.00,0.00,0.00,2,0
2026-06-12 16:47:04.757,0.00,0.00,0.00,0.00,2,0
2026-06-12 16:47:04.808,0.00,0.00,0.00,0.00,2,0
2026-06-12 16:47:04.858,0.00,0.00,0.00,0.00,2,0
2026-06-12 16:47:04.909,0.00,0.00,0.00,0.00,2,0
2026-06-12 16:47:04.959,0.00,0.00,0.00,0.00,2,0
2026-06-12 16:47:05.009,0.00,0.00,0.00,0.00,2,0
2026-06-12 16:47:05.060,0.00,0.00,0.00,0.00,2,0
2026-06-12 16:47:05.110,0.00,0.00,0.00,0.00,2,0
2026-06-12 16:47:05.161,0.00,0.00,0.00,0.00,2,0
2026-06-12 16:47:05.211,0.00,0.00,0.00,0.00,2,0
2026-06-12 16:47:05.261,0.00,0.00,0.00,0.00,2,0
2026-06-12 16:47:05.312,0.00,0.00,0.00,0.00,2,0
2026-06-12 16:47:05.362,0.00,0.00,0.00,0.00,2,0
2026-06-12 16:47:05.412,0.00,0.00,0.00,0.00,2,0
2026-06-12 16:47:05.463,0.00,0.00,0.00,0.00,2,0
2026-06-12 16:47:05.513,0.00,0.00,0.00,0.00,2,0
2026-06-12 16:47:05.564,0.00,0.00,0.00,0.00,2,0
2026-06-12 16:47:05.614,0.00,0.00,0.00,0.00,2,0
2026-06-12 16:47:05.665,0.00,0.00,0.00,0.00,2,0
2026-06-12 16:47:05.715,0.00,0.00,0.00,0.00,2,0
2026-06-12 16:47:05.766,0.00,0.00,0.00,0.00,2,0
2026-06-12 16:47:05.817,0.00,0.00,0.00,0.00,2,0
2026-06-12 16:47:05.868,0.00,0.00,0.00,0.00,2,0
2026-06-12 16:47:05.918,0.00,0.00,0.00,0.00,2,0
2026-06-12 16:47:05.967,0.00,0.00,0.00,0.00,2,0
2026-06-12 16:47:06.017,0.00,0.00,0.00,0.00,2,0
2026-06-12 16:47:06.068,0.00,0.00,0.00,0.00,2,0
2026-06-12 16:47:06.118,0.00,0.00,0.00,0.00,2,0
2026-06-12 16:47:06.168,0.00,0.00,0.00,0.00,2,0
2026-06-12 16:47:06.219,0.00,0.00,0.00,0.00,2,0
2026-06-12 16:47:06.275,0.00,0.00,0.00,0.00,2,0
2026-06-12 16:47:06.320,0.00,0.00,0.00,0.00,2,0
2026-06-12 16:47:06.370,0.00,0.00,0.00,0.00,2,0
2026-06-12 16:47:06.420,0.00,0.00,0.00,0.00,2,0
2026-06-12 16:47:06.471,0.00,0.00,0.00,0.00,2,0
2026-06-12 16:47:06.521,0.00,0.00,0.00,0.00,2,0
2026-06-12 16:47:06.572,0.00,0.00,0.00,0.00,2,0
2026-06-12 16:47:06.622,0.00,0.00,0.00,0.00,2,0
2026-06-12 16:47:06.672,0.00,0.00,0.00,0.00,2,0
2026-06-12 16:47:06.723,0.00,0.00,0.00,0.00,2,0
2026-06-12 16:47:06.773,0.00,0.00,0.00,0.00,2,0
2026-06-12 16:47:06.824,0.00,0.00,0.00,0.00,2,0
2026-06-12 16:47:06.874,0.00,0.00,0.00,0.00,2,0
2026-06-12 16:47:06.924,0.00,0.00,0.00,0.00,2,0
2026-06-12 16:47:06.975,0.00,0.00,0.00,0.00,2,0
2026-06-12 16:47:07.025,0.00,0.00,0.00,0.00,2,0
2026-06-12 16:47:07.076,0.00,0.00,0.00,0.00,2,0
2026-06-12 16:47:07.126,0.00,0.00,0.00,0.00,2,0
2026-06-12 16:47:07.176,0.00,0.00,0.00,0.00,2,0
2026-06-12 16:47:07.227,0.00,0.00,0.00,0.00,2,0
2026-06-12 16:47:07.277,0.00,0.00,0.00,0.00,2,0
2026-06-12 16:47:07.328,0.00,0.00,0.00,0.00,2,0
2026-06-12 16:47:07.378,0.00,0.00,0.00,0.00,2,0
2026-06-12 16:47:07.428,0.00,0.00,0.00,0.00,2,0
2026-06-12 16:47:07.479,0.00,0.00,0.00,0.00,2,0
2026-06-12 16:47:07.529,0.00,0.00,0.00,0.00,2,0
2026-06-12 16:47:07.579,0.00,0.00,0.00,0.00,2,0
2026-06-12 16:47:07.630,0.00,0.00,0.00,0.00,2,0
2026-06-12 16:47:07.681,0.00,0.00,0.00,0.00,2,0
2026-06-12 16:47:07.731,0.00,0.00,0.00,0.00,2,0
2026-06-12 16:47:07.781,0.00,0.00,0.00,0.00,2,0
2026-06-12 16:47:07.831,0.00,0.00,0.00,0.00,2,0
2026-06-12 16:47:07.882,0.00,0.00,0.00,0.00,2,0
2026-06-12 16:47:07.932,0.00,0.00,0.00,0.00,2,0
2026-06-12 16:47:07.983,0.00,0.00,0.00,0.00,2,0
2026-06-12 16:47:08.033,0.00,0.00,0.00,0.00,2,0
2026-06-12 16:47:08.083,0.00,0.00,0.00,0.00,2,0
2026-06-12 16:47:08.134,0.00,0.00,0.00,0.00,2,0
2026-06-12 16:47:08.184,0.00,0.00,0.00,0.00,2,0
2026-06-12 16:47:08.235,0.00,0.00,0.00,0.00,2,0
2026-06-12 16:47:08.285,0.00,0.00,0.00,0.00,2,0
2026-06-12 16:47:08.336,0.00,0.00,0.00,0.00,2,0
2026-06-12 16:47:08.386,0.00,0.00,0.00,0.00,2,0
2026-06-12 16:47:08.437,0.00,0.00,0.00,0.00,2,0
2026-06-12 16:47:08.487,0.00,0.00,0.00,0.00,2,0
2026-06-12 16:47:08.537,0.00,0.00,0.00,0.00,2,0
2026-06-12 16:47:08.587,0.00,0.00,0.00,0.00,2,0
2026-06-12 16:47:08.638,0.00,0.00,0.00,0.00,2,0
2026-06-12 16:47:08.688,0.00,0.00,0.00,0.00,2,0
2026-06-12 16:47:08.739,0.00,0.00,0.00,0.00,2,0
2026-06-12 16:47:08.789,0.00,0.00,0.00,0.00,2,0
2026-06-12 16:47:08.839,0.00,0.00,0.00,0.00,2,0
2026-06-12 16:47:08.890,0.00,0.00,0.00,0.00,2,0
2026-06-12 16:47:08.940,0.00,0.00,0.00,0.00,2,0
2026-06-12 16:47:08.991,0.00,0.00,0.00,0.00,2,0
2026-06-12 16:47:09.041,0.00,0.00,0.00,0.00,2,0
2026-06-12 16:47:09.092,0.00,0.00,0.00,0.00,2,0
2026-06-12 16:47:09.142,0.00,0.00,0.00,0.00,2,0
2026-06-12 16:47:09.192,0.00,0.00,0.00,0.00,2,0
2026-06-12 16:47:09.242,0.00,0.00,0.00,0.00,2,0
2026-06-12 16:47:09.293,0.00,0.00,0.00,0.00,2,0
2026-06-12 16:47:09.343,0.00,0.00,0.00,0.00,2,0
2026-06-12 16:47:09.394,0.00,0.00,0.00,0.00,2,0
2026-06-12 16:47:09.444,0.00,0.00,0.00,0.00,2,0
2026-06-12 16:47:09.494,0.00,0.00,0.00,0.00,2,0
2026-06-12 16:47:09.545,0.00,0.00,0.00,0.00,2,0
2026-06-12 16:47:09.595,0.00,0.00,0.00,0.00,2,0
2026-06-12 16:47:09.646,0.00,0.00,0.00,0.00,2,0
2026-06-12 16:47:09.697,0.00,0.00,0.00,0.00,2,0
2026-06-12 16:47:09.746,0.00,0.00,0.00,0.00,2,0
2026-06-12 16:47:09.797,0.00,0.00,0.00,0.00,2,0
2026-06-12 16:47:09.847,0.00,0.00,0.00,0.00,2,0
2026-06-12 16:47:09.898,0.00,0.00,0.00,0.00,2,0
2026-06-12 16:47:09.948,0.00,0.00,0.00,0.00,2,0
2026-06-12 16:47:09.998,0.00,0.00,0.00,0.00,2,0
2026-06-12 16:47:10.049,0.00,0.00,0.00,0.00,2,0
2026-06-12 16:47:10.099,0.00,0.00,0.00,0.00,2,0
2026-06-12 16:47:10.150,0.00,0.00,0.00,0.00,2,0
2026-06-12 16:47:10.200,0.00,0.00,0.00,0.00,2,0
2026-06-12 16:47:10.250,0.00,0.00,0.00,0.00,2,0
2026-06-12 16:47:10.301,0.00,0.00,0.00,0.00,2,0
2026-06-12 16:47:10.351,0.00,0.00,0.00,0.00,2,0
2026-06-12 16:47:10.402,0.00,0.00,0.00,0.00,2,0
2026-06-12 16:47:10.452,0.00,0.00,0.00,0.00,2,0
2026-06-12 16:47:10.502,0.00,0.00,0.00,0.00,2,0
2026-06-12 16:47:10.553,0.00,0.00,0.00,0.00,2,0
2026-06-12 16:47:10.603,0.00,0.00,0.00,0.00,2,0
2026-06-12 16:47:10.654,0.00,0.00,0.00,0.00,2,0
2026-06-12 16:47:10.704,0.00,0.00,0.00,0.00,2,0
2026-06-12 16:47:10.754,0.00,0.00,0.00,0.00,2,0
2026-06-12 16:47:10.805,0.00,0.00,0.00,0.00,2,0
2026-06-12 16:47:10.855,0.00,0.00,0.00,0.00,2,0
2026-06-12 16:47:10.906,0.00,0.00,0.00,0.00,2,0
2026-06-12 16:47:10.956,0.00,0.00,0.00,0.00,2,0
2026-06-12 16:47:11.007,0.00,0.00,0.00,0.00,2,0
2026-06-12 16:47:11.057,0.00,0.00,0.00,0.00,2,0
2026-06-12 16:47:11.107,0.00,0.00,0.00,0.00,2,0
2026-06-12 16:47:11.158,0.00,0.00,0.00,0.00,2,0
2026-06-12 16:47:11.208,0.00,0.00,0.00,0.00,2,0
2026-06-12 16:47:11.258,0.00,0.00,0.00,0.00,2,0
2026-06-12 16:47:11.309,0.00,0.00,0.00,0.00,2,0
2026-06-12 16:47:11.359,0.00,0.00,0.00,0.00,2,0
2026-06-12 16:47:11.410,0.00,0.00,0.00,0.00,2,0
2026-06-12 16:47:11.460,0.00,0.00,0.00,0.00,2,0
2026-06-12 16:47:11.510,0.00,0.00,0.00,0.00,2,0
2026-06-12 16:47:11.561,0.00,0.00,0.00,0.00,2,0
2026-06-12 16:47:11.611,0.00,0.00,0.00,0.00,2,0
2026-06-12 16:47:11.661,0.00,0.00,0.00,0.00,2,0
2026-06-12 16:47:11.712,0.00,0.00,0.00,0.00,2,0
2026-06-12 16:47:11.762,0.00,0.00,0.00,0.00,2,0
2026-06-12 16:47:11.813,0.00,0.00,0.00,0.00,2,0
2026-06-12 16:47:11.863,0.00,0.00,0.00,0.00,2,0
2026-06-12 16:47:11.914,0.00,0.00,0.00,0.00,2,0
2026-06-12 16:47:11.964,0.00,0.00,0.00,0.00,2,0
2026-06-12 16:47:12.014,0.00,0.00,0.00,0.00,2,0
2026-06-12 16:47:12.065,0.00,0.00,0.00,0.00,2,0
2026-06-12 16:47:12.115,0.00,0.00,0.00,0.00,2,0
2026-06-12 16:47:12.166,0.00,0.00,0.00,0.00,2,0
2026-06-12 16:47:12.217,0.00,0.00,0.00,0.00,2,0
2026-06-12 16:47:12.267,0.00,0.00,0.00,0.00,2,0
2026-06-12 16:47:12.317,0.00,0.00,0.00,0.00,2,0
2026-06-12 16:47:12.368,0.00,0.00,0.00,0.00,2,0
2026-06-12 16:47:12.417,0.00,0.00,0.00,0.00,2,0
2026-06-12 16:47:12.468,0.00,0.00,0.00,0.00,2,0
2026-06-12 16:47:12.518,0.00,0.00,0.00,0.00,2,0
2026-06-12 16:47:12.569,0.00,0.00,0.00,0.00,2,0
2026-06-12 16:47:12.619,0.00,0.00,0.00,0.00,2,0
2026-06-12 16:47:12.669,0.00,0.00,0.00,0.00,2,0
2026-06-12 16:47:12.720,0.00,0.00,0.00,0.00,2,0
2026-06-12 16:47:12.770,0.00,0.00,0.00,0.00,2,0
2026-06-12 16:47:12.821,0.00,0.00,0.00,0.00,2,0
2026-06-12 16:47:12.871,0.00,0.00,0.00,0.00,2,0
2026-06-12 16:47:12.921,0.00,0.00,0.00,0.00,2,0
2026-06-12 16:47:12.972,0.00,0.00,0.00,0.00,2,0
2026-06-12 16:47:13.022,0.00,0.00,0.00,0.00,2,0
2026-06-12 16:47:13.073,0.00,0.00,0.00,0.00,2,0
2026-06-12 16:47:13.123,0.00,0.00,0.00,0.00,2,0
2026-06-12 16:47:13.173,0.00,0.00,0.00,0.00,2,0
2026-06-12 16:47:13.224,0.00,0.00,0.00,0.00,2,0
2026-06-12 16:47:13.274,0.00,0.00,0.00,0.00,2,0
2026-06-12 16:47:13.325,0.00,0.00,0.00,0.00,2,0
2026-06-12 16:47:13.375,0.00,0.00,0.00,0.00,2,0
2026-06-12 16:47:13.425,0.00,0.00,0.00,0.00,2,0
2026-06-12 16:47:13.476,0.00,0.00,0.00,0.00,2,0
2026-06-12 16:47:13.527,0.00,0.00,0.00,0.00,2,0
2026-06-12 16:47:13.577,0.00,0.00,0.00,0.00,2,0
2026-06-12 16:47:13.627,0.00,0.00,0.00,0.00,2,0
2026-06-12 16:47:13.677,0.00,0.00,0.00,0.00,2,0
2026-06-12 16:47:13.728,0.00,0.00,0.00,0.00,2,0
2026-06-12 16:47:13.778,0.00,0.00,0.00,0.00,2,0
2026-06-12 16:47:13.829,0.00,0.00,0.00,0.00,2,0
2026-06-12 16:47:13.879,0.00,0.00,0.00,0.00,2,0
2026-06-12 16:47:13.930,0.00,0.00,0.00,0.00,2,0
2026-06-12 16:47:13.981,0.00,0.00,0.00,0.00,2,0
2026-06-12 16:47:14.030,0.00,0.00,0.00,0.00,2,0
2026-06-12 16:47:14.081,0.00,0.00,0.00,0.00,2,0
2026-06-12 16:47:14.131,0.00,0.00,0.00,0.00,2,0
2026-06-12 16:47:14.181,0.00,0.00,0.00,0.00,2,0
2026-06-12 16:47:14.232,0.00,0.00,0.00,0.00,2,0
2026-06-12 16:47:14.282,0.00,0.00,0.00,0.00,2,0
2026-06-12 16:47:14.332,0.00,0.00,0.00,0.00,2,0
2026-06-12 16:47:14.383,0.00,0.00,0.00,0.00,2,0
2026-06-12 16:47:14.433,0.00,0.00,0.00,0.00,2,0
2026-06-12 16:47:14.484,0.00,0.00,0.00,0.00,2,0
2026-06-12 16:47:14.534,0.00,0.00,0.00,0.00,2,0
2026-06-12 16:47:14.584,0.00,0.00,0.00,0.00,2,0
2026-06-12 16:47:14.635,0.00,0.00,0.00,0.00,2,0
2026-06-12 16:47:14.688,0.00,0.00,0.00,0.00,2,0
2026-06-12 16:47:14.736,0.00,0.00,0.00,0.00,2,0
2026-06-12 16:47:14.787,0.00,0.00,0.00,0.00,2,0
2026-06-12 16:47:14.837,0.00,0.00,0.00,0.00,2,0
2026-06-12 16:47:14.887,0.00,0.00,0.00,0.00,2,0
2026-06-12 16:47:14.937,0.00,0.00,0.00,0.00,2,0
2026-06-12 16:47:14.988,0.00,0.00,0.00,0.00,2,0
2026-06-12 16:47:15.038,0.00,0.00,0.00,0.00,2,0
2026-06-12 16:47:15.088,0.00,0.00,0.00,0.00,2,0
2026-06-12 16:47:15.139,0.00,0.00,0.00,0.00,2,0
2026-06-12 16:47:15.189,0.00,0.00,0.00,0.00,2,0
2026-06-12 16:47:15.240,0.00,0.00,0.00,0.00,2,0
2026-06-12 16:47:15.290,0.00,0.00,0.00,0.00,2,0
2026-06-12 16:47:15.341,0.00,0.00,0.00,0.00,2,0
2026-06-12 16:47:15.391,0.00,0.00,0.00,0.00,2,0
2026-06-12 16:47:15.441,0.00,0.00,0.00,0.00,2,0
2026-06-12 16:47:15.492,0.00,0.00,0.00,0.00,2,0
2026-06-12 16:47:15.542,0.00,0.00,0.00,0.00,2,0
2026-06-12 16:47:15.592,0.00,0.00,0.00,0.00,2,0
2026-06-12 16:47:15.643,0.00,0.00,0.00,0.00,2,0
2026-06-12 16:47:15.694,0.00,0.00,0.00,0.00,2,0
2026-06-12 16:47:15.744,0.00,0.00,0.00,0.00,2,0
2026-06-12 16:47:15.794,0.00,0.00,0.00,0.00,2,0
2026-06-12 16:47:15.844,0.00,0.00,0.00,0.00,2,0
2026-06-12 16:47:15.895,0.00,0.00,0.00,0.00,2,0
2026-06-12 16:47:15.945,0.00,0.00,0.00,0.00,2,0
2026-06-12 16:47:15.997,0.00,0.00,0.00,0.00,2,0
2026-06-12 16:47:16.046,0.00,0.00,0.00,0.00,2,0
2026-06-12 16:47:16.097,0.00,0.00,0.00,0.00,2,0
2026-06-12 16:47:16.147,0.00,0.00,0.00,0.00,2,0
2026-06-12 16:47:16.197,0.00,0.00,0.00,0.00,2,0
2026-06-12 16:47:16.247,0.00,0.00,0.00,0.00,2,0
2026-06-12 16:47:16.298,0.00,0.00,0.00,0.00,2,0
2026-06-12 16:47:16.348,0.00,0.00,0.00,0.00,2,0
2026-06-12 16:47:16.399,0.00,0.00,0.00,0.00,2,0
2026-06-12 16:47:16.449,0.00,0.00,0.00,0.00,2,0
2026-06-12 16:47:16.499,0.00,0.00,0.00,0.00,2,0
2026-06-12 16:47:16.550,0.00,0.00,0.00,0.00,2,0
2026-06-12 16:47:16.600,0.00,0.00,0.00,0.00,2,0
2026-06-12 16:47:16.651,0.00,0.00,0.00,0.00,2,0
2026-06-12 16:47:16.701,0.00,0.00,0.00,0.00,2,0
2026-06-12 16:47:16.751,0.00,0.00,0.00,0.00,2,0
2026-06-12 16:47:16.802,0.00,0.00,0.00,0.00,2,0
2026-06-12 16:47:16.852,0.00,0.00,0.00,0.00,2,0
2026-06-12 16:47:16.903,0.00,0.00,0.00,0.00,2,0
2026-06-12 16:47:16.953,0.00,0.00,0.00,0.00,2,0
2026-06-12 16:47:17.003,0.00,0.00,0.00,0.00,2,0
2026-06-12 16:47:17.054,0.00,0.00,0.00,0.00,2,0
2026-06-12 16:47:17.104,0.00,0.00,0.00,0.00,2,0
2026-06-12 16:47:17.155,0.00,0.00,0.00,0.00,2,0
2026-06-12 16:47:17.205,0.00,0.00,0.00,0.00,2,0
2026-06-12 16:47:17.255,0.00,0.00,0.00,0.00,2,0
2026-06-12 16:47:17.306,0.00,0.00,0.00,0.00,2,0
2026-06-12 16:47:17.357,0.00,0.00,0.00,0.00,2,0
2026-06-12 16:47:17.407,0.00,0.00,0.00,0.00,2,0
2026-06-12 16:47:17.457,0.00,0.00,0.00,0.00,2,0
2026-06-12 16:47:17.507,0.00,0.00,0.00,0.00,2,0
2026-06-12 16:47:17.558,0.00,0.00,0.00,0.00,2,0
2026-06-12 16:47:17.608,0.00,0.00,0.00,0.00,2,0
2026-06-12 16:47:17.659,0.00,0.00,0.00,0.00,2,0
2026-06-12 16:47:17.709,0.00,0.00,0.00,0.00,2,0
2026-06-12 16:47:17.759,0.00,0.00,0.00,0.00,2,0
2026-06-12 16:47:17.810,0.00,0.00,0.00,0.00,2,0
2026-06-12 16:47:17.860,0.00,0.00,0.00,0.00,2,0
2026-06-12 16:47:17.911,0.00,0.00,0.00,0.00,2,0
2026-06-12 16:47:17.961,0.00,0.00,0.00,0.00,2,0
2026-06-12 16:47:18.011,0.00,0.00,0.00,0.00,2,0
2026-06-12 16:47:18.062,0.00,0.00,0.00,0.00,2,0
2026-06-12 16:47:18.112,0.00,0.00,0.00,0.00,2,0
2026-06-12 16:47:18.163,0.00,0.00,0.00,0.00,2,0
2026-06-12 16:47:18.213,0.00,0.00,0.00,0.00,2,0
2026-06-12 16:47:18.263,0.00,0.00,0.00,0.00,2,0
2026-06-12 16:47:18.314,0.00,0.00,0.00,0.00,2,0
2026-06-12 16:47:18.364,0.00,0.00,0.00,0.00,2,0
2026-06-12 16:47:18.414,0.00,0.00,0.00,0.00,2,0
2026-06-12 16:47:18.467,0.00,0.00,0.00,0.00,2,0
2026-06-12 16:47:18.516,0.00,0.00,0.00,0.00,2,0
2026-06-12 16:47:18.566,0.00,0.00,0.00,0.00,2,0
2026-06-12 16:47:18.617,0.00,0.00,0.00,0.00,2,0
2026-06-12 16:47:18.667,0.00,0.00,0.00,0.00,2,0
2026-06-12 16:47:18.717,0.00,0.00,0.00,0.00,2,0
2026-06-12 16:47:18.767,0.00,0.00,0.00,0.00,2,0
2026-06-12 16:47:18.818,0.00,0.00,0.00,0.00,2,0
2026-06-12 16:47:18.868,0.00,0.00,0.00,0.00,2,0
2026-06-12 16:47:18.918,0.00,0.00,0.00,0.00,2,0
2026-06-12 16:47:18.969,0.00,0.00,0.00,0.00,2,0
2026-06-12 16:47:19.019,0.00,0.00,0.00,0.00,2,0
2026-06-12 16:47:19.070,0.00,0.00,0.00,0.00,2,0
2026-06-12 16:47:19.120,0.00,0.00,0.00,0.00,2,0
2026-06-12 16:47:19.170,0.00,0.00,0.00,0.00,2,0
2026-06-12 16:47:19.221,0.00,0.00,0.00,0.00,2,0
2026-06-12 16:47:19.271,0.00,0.00,0.00,0.00,2,0
2026-06-12 16:47:19.322,0.00,0.00,0.00,0.00,2,0
2026-06-12 16:47:19.372,0.00,0.00,0.00,0.00,2,0
2026-06-12 16:47:19.422,0.00,0.00,0.00,0.00,2,0
2026-06-12 16:47:19.473,0.00,0.00,0.00,0.00,2,0
2026-06-12 16:47:19.523,0.00,0.00,0.00,0.00,2,0
2026-06-12 16:47:19.574,0.00,0.00,0.00,0.00,2,0
2026-06-12 16:47:19.624,0.00,0.00,0.00,0.00,2,0
2026-06-12 16:47:19.674,0.00,0.00,0.00,0.00,2,0
2026-06-12 16:47:19.725,0.00,0.00,0.00,0.00,2,0
2026-06-12 16:47:19.775,0.00,0.00,0.00,0.00,2,0
2026-06-12 16:47:19.826,0.00,0.00,0.00,0.00,2,0
2026-06-12 16:47:19.876,0.00,0.00,0.00,0.00,2,0
2026-06-12 16:47:19.926,0.00,0.00,0.00,0.00,2,0
2026-06-12 16:47:19.977,0.00,0.00,0.00,0.00,2,0
2026-06-12 16:47:20.027,0.00,0.00,0.00,0.00,2,0
2026-06-12 16:47:20.078,0.00,0.00,0.00,0.00,2,0
2026-06-12 16:47:20.128,0.00,0.00,0.00,0.00,2,0
2026-06-12 16:47:20.178,0.00,0.00,0.00,0.00,2,0
2026-06-12 16:47:20.229,0.00,0.00,0.00,0.00,2,0
2026-06-12 16:47:20.280,0.00,0.00,0.00,0.00,2,0
2026-06-12 16:47:20.329,0.00,0.00,0.00,0.00,2,0
2026-06-12 16:47:20.380,0.00,0.00,0.00,0.00,2,0
2026-06-12 16:47:20.430,0.00,0.00,0.00,0.00,2,0
2026-06-12 16:47:20.481,0.00,0.00,0.00,0.00,2,0
2026-06-12 16:47:20.531,0.00,0.00,0.00,0.00,2,0
2026-06-12 16:47:20.582,0.00,0.00,0.00,0.00,2,0
2026-06-12 16:47:20.632,0.00,0.00,0.00,0.00,2,0
2026-06-12 16:47:20.682,0.00,0.00,0.00,0.00,2,0
2026-06-12 16:47:20.733,0.00,0.00,0.00,0.00,2,0
2026-06-12 16:47:20.783,0.00,0.00,0.00,0.00,2,0
2026-06-12 16:47:20.834,0.00,0.00,0.00,0.00,2,0
2026-06-12 16:47:20.884,0.00,0.00,0.00,0.00,2,0
2026-06-12 16:47:20.934,0.00,0.00,0.00,0.00,2,0
2026-06-12 16:47:20.985,0.00,0.00,0.00,0.00,2,0
2026-06-12 16:47:21.035,0.00,0.00,0.00,0.00,2,0
2026-06-12 16:47:21.086,0.00,0.00,0.00,0.00,2,0
2026-06-12 16:47:21.137,0.00,0.00,0.00,0.00,2,0
2026-06-12 16:47:21.187,0.00,0.00,0.00,0.00,2,0
2026-06-12 16:47:21.237,0.00,0.00,0.00,0.00,2,0
2026-06-12 16:47:21.287,0.00,0.00,0.00,0.00,2,0
2026-06-12 16:47:21.337,0.00,0.00,0.00,0.00,2,0
2026-06-12 16:47:21.388,0.00,0.00,0.00,0.00,2,0
2026-06-12 16:47:21.438,0.00,0.00,0.00,0.00,2,0
2026-06-12 16:47:21.489,0.00,0.00,0.00,0.00,2,0
2026-06-12 16:47:21.539,0.00,0.00,0.00,0.00,2,0
2026-06-12 16:47:21.589,0.00,0.00,0.00,0.00,2,0
2026-06-12 16:47:21.640,0.00,0.00,0.00,0.00,2,0
2026-06-12 16:47:21.690,0.00,0.00,0.00,0.00,2,0
2026-06-12 16:47:21.741,0.00,0.00,0.00,0.00,2,0
2026-06-12 16:47:21.791,0.00,0.00,0.00,0.00,2,0
2026-06-12 16:47:21.841,0.00,0.00,0.00,0.00,2,0
2026-06-12 16:47:21.892,0.00,0.00,0.00,0.00,2,0
2026-06-12 16:47:21.942,0.00,0.00,0.00,0.00,2,0
2026-06-12 16:47:21.993,0.00,0.00,0.00,0.00,2,0
2026-06-12 16:47:22.043,0.00,0.00,0.00,0.00,2,0
2026-06-12 16:47:22.093,0.00,0.00,0.00,0.00,2,0
2026-06-12 16:47:22.144,0.00,0.00,0.00,0.00,2,0
2026-06-12 16:47:22.194,0.00,0.00,0.00,0.00,2,0
2026-06-12 16:47:22.245,0.00,0.00,0.00,0.00,2,0
2026-06-12 16:47:22.295,0.00,0.00,0.00,0.00,2,0
2026-06-12 16:47:22.345,0.00,0.00,0.00,0.00,2,0
2026-06-12 16:47:22.397,0.00,0.00,0.00,0.00,2,0
2026-06-12 16:47:22.446,0.00,0.00,0.00,0.00,2,0
2026-06-12 16:47:22.497,0.00,0.00,0.00,0.00,2,0
2026-06-12 16:47:22.547,0.00,0.00,0.00,0.00,2,0
2026-06-12 16:47:22.597,0.00,0.00,0.00,0.00,2,0
2026-06-12 16:47:22.648,0.00,0.00,0.00,0.00,2,0
2026-06-12 16:47:22.698,0.00,0.00,0.00,0.00,2,0
2026-06-12 16:47:22.748,0.00,0.00,0.00,0.00,2,0
2026-06-12 16:47:22.799,0.00,0.00,0.00,0.00,2,0
2026-06-12 16:47:22.849,0.00,0.00,0.00,0.00,2,0
2026-06-12 16:47:22.900,0.00,0.00,0.00,0.00,2,0
2026-06-12 16:47:22.950,0.00,0.00,0.00,0.00,2,0
2026-06-12 16:47:23.000,0.00,0.00,0.00,0.00,2,0
2026-06-12 16:47:23.051,0.00,0.00,0.00,0.00,2,0
2026-06-12 16:47:23.101,0.00,0.00,0.00,0.00,2,0
2026-06-12 16:47:23.152,0.00,0.00,0.00,0.00,2,0
2026-06-12 16:47:23.202,0.00,0.00,0.00,0.00,2,0
2026-06-12 16:47:23.252,0.00,0.00,0.00,0.00,2,0
2026-06-12 16:47:23.303,0.00,0.00,0.00,0.00,2,0
2026-06-12 16:47:23.353,0.00,0.00,0.00,0.00,2,0
2026-06-12 16:47:23.404,0.00,0.00,0.00,0.00,2,0
2026-06-12 16:47:23.454,0.00,0.00,0.00,0.00,2,0
2026-06-12 16:47:23.504,0.00,0.00,0.00,0.00,2,0
2026-06-12 16:47:23.555,0.00,0.00,0.00,0.00,2,0
2026-06-12 16:47:23.605,0.00,0.00,0.00,0.00,2,0
2026-06-12 16:47:23.656,0.00,0.00,0.00,0.00,2,0
2026-06-12 16:47:23.708,0.00,0.00,0.00,0.00,2,0
2026-06-12 16:47:23.759,0.00,0.00,0.00,0.00,2,0
2026-06-12 16:47:23.807,0.00,0.00,0.00,0.00,2,0
2026-06-12 16:47:23.857,0.00,0.00,0.00,0.00,2,0
2026-06-12 16:47:23.908,0.00,0.00,0.00,0.00,2,0
2026-06-12 16:47:23.958,0.00,0.00,0.00,0.00,2,0
2026-06-12 16:47:24.008,0.00,0.00,0.00,0.00,2,0
2026-06-12 16:47:24.059,0.00,0.00,0.00,0.00,2,0
2026-06-12 16:47:24.109,0.00,0.00,0.00,0.00,2,0
2026-06-12 16:47:24.160,0.00,0.00,0.00,0.00,2,0
2026-06-12 16:47:24.210,0.00,0.00,0.00,0.00,2,0
2026-06-12 16:47:24.260,0.00,0.00,0.00,0.00,2,0
2026-06-12 16:47:24.311,0.00,0.00,0.00,0.00,2,0
2026-06-12 16:47:24.361,0.00,0.00,0.00,0.00,2,0
2026-06-12 16:47:24.412,0.00,0.00,0.00,0.00,2,0
2026-06-12 16:47:24.462,0.00,0.00,0.00,0.00,2,0
2026-06-12 16:47:24.512,0.00,0.00,0.00,0.00,2,0
2026-06-12 16:47:24.563,0.00,0.00,0.00,0.00,2,0
2026-06-12 16:47:24.613,0.00,0.00,0.00,0.00,2,0
2026-06-12 16:47:24.663,0.00,0.00,0.00,0.00,2,0
2026-06-12 16:47:24.714,0.00,0.00,0.00,0.00,2,0
2026-06-12 16:47:24.764,0.00,0.00,0.00,0.00,2,0
2026-06-12 16:47:24.815,0.00,0.00,0.00,0.00,2,0
2026-06-12 16:47:24.865,0.00,0.00,0.00,0.00,2,0
2026-06-12 16:47:24.915,0.00,0.00,0.00,0.00,2,0
2026-06-12 16:47:24.966,0.00,0.00,0.00,0.00,2,0
2026-06-12 16:47:25.017,0.00,0.00,0.00,0.00,2,0
2026-06-12 16:47:25.067,0.00,0.00,0.00,0.00,2,0
2026-06-12 16:47:25.120,0.00,0.00,0.00,0.00,2,0
2026-06-12 16:47:25.168,0.00,0.00,0.00,0.00,2,0
2026-06-12 16:47:25.218,0.00,0.00,0.00,0.00,2,0
2026-06-12 16:47:25.268,0.00,0.00,0.00,0.00,2,0
2026-06-12 16:47:25.319,0.00,0.00,0.00,0.00,2,0
2026-06-12 16:47:25.369,0.00,0.00,0.00,0.00,2,0
2026-06-12 16:47:25.419,0.00,0.00,0.00,0.00,2,0
2026-06-12 16:47:25.470,0.00,0.00,0.00,0.00,2,0
2026-06-12 16:47:25.520,0.00,0.00,0.00,0.00,2,0
2026-06-12 16:47:25.571,0.00,0.00,0.00,0.00,2,0
2026-06-12 16:47:25.621,0.00,0.00,0.00,0.00,2,0
2026-06-12 16:47:25.672,0.00,0.00,0.00,0.00,2,0
2026-06-12 16:47:25.722,0.00,0.00,0.00,0.00,2,0
2026-06-12 16:47:25.772,0.00,0.00,0.00,0.00,2,0
2026-06-12 16:47:25.823,0.00,0.00,0.00,0.00,2,0
2026-06-12 16:47:25.873,0.00,0.00,0.00,0.00,2,0
2026-06-12 16:47:25.923,0.00,0.00,0.00,0.00,2,0
2026-06-12 16:47:25.974,0.00,0.00,0.00,0.00,2,0
2026-06-12 16:47:26.024,0.00,0.00,0.00,0.00,2,0
2026-06-12 16:47:26.075,0.00,0.00,0.00,0.00,2,0
2026-06-12 16:47:26.125,0.00,0.00,0.00,0.00,2,0
2026-06-12 16:47:26.175,0.00,0.00,0.00,0.00,2,0
2026-06-12 16:47:26.226,0.00,0.00,0.00,0.00,2,0
2026-06-12 16:47:26.277,0.00,0.00,0.00,0.00,2,0
2026-06-12 16:47:26.327,0.00,0.00,0.00,0.00,2,0
2026-06-12 16:47:26.377,0.00,0.00,0.00,0.00,2,0
2026-06-12 16:47:26.427,0.00,0.00,0.00,0.00,2,0
2026-06-12 16:47:26.478,0.00,0.00,0.00,0.00,2,0
2026-06-12 16:47:26.528,0.00,0.00,0.00,0.00,2,0
2026-06-12 16:47:26.579,0.00,0.00,0.00,0.00,2,0
2026-06-12 16:47:26.629,0.00,0.00,0.00,0.00,2,0
2026-06-12 16:47:26.679,0.00,0.00,0.00,0.00,2,0
2026-06-12 16:47:26.730,0.00,0.00,0.00,0.00,2,0
2026-06-12 16:47:26.780,0.00,0.00,0.00,0.00,2,0
2026-06-12 16:47:26.831,0.00,0.00,0.00,0.00,2,0
2026-06-12 16:47:26.881,0.00,0.00,0.00,0.00,2,0
2026-06-12 16:47:26.931,0.00,0.00,0.00,0.00,2,0
2026-06-12 16:47:26.982,0.00,0.00,0.00,0.00,2,0
2026-06-12 16:47:27.032,0.00,0.00,0.00,0.00,2,0
2026-06-12 16:47:27.083,0.00,0.00,0.00,0.00,2,0
2026-06-12 16:47:27.133,0.00,0.00,0.00,0.00,2,0
2026-06-12 16:47:27.183,0.00,0.00,0.00,0.00,2,0
2026-06-12 16:47:27.234,0.00,0.00,0.00,0.00,2,0
2026-06-12 16:47:27.284,0.00,0.00,0.00,0.00,2,0
2026-06-12 16:47:27.335,0.00,0.00,0.00,0.00,2,0
2026-06-12 16:47:27.385,0.00,0.00,0.00,0.00,2,0
2026-06-12 16:47:27.436,0.00,0.00,0.00,0.00,2,0
2026-06-12 16:47:27.487,0.00,0.00,0.00,0.00,2,0
2026-06-12 16:47:27.536,0.00,0.00,0.00,0.00,2,0
2026-06-12 16:47:27.587,0.00,0.00,0.00,0.00,2,0
2026-06-12 16:47:27.639,0.00,0.00,0.00,0.00,2,0
2026-06-12 16:47:27.688,0.00,0.00,0.00,0.00,2,0
2026-06-12 16:47:27.738,0.00,0.00,0.00,0.00,2,0
2026-06-12 16:47:27.788,0.00,0.00,0.00,0.00,2,0
2026-06-12 16:47:27.839,0.00,0.00,0.00,0.00,2,0
2026-06-12 16:47:27.889,0.00,0.00,0.00,0.00,2,0
2026-06-12 16:47:27.940,0.00,0.00,0.00,0.00,2,0
2026-06-12 16:47:27.990,0.00,0.00,0.00,0.00,2,0
2026-06-12 16:47:28.041,0.00,0.00,0.00,0.00,2,0
2026-06-12 16:47:28.091,0.00,0.00,0.00,0.00,2,0
2026-06-12 16:47:28.142,0.00,0.00,0.00,0.00,2,0
2026-06-12 16:47:28.192,0.00,0.00,0.00,0.00,2,0
2026-06-12 16:47:28.242,0.00,0.00,0.00,0.00,2,0
2026-06-12 16:47:28.293,0.00,0.00,0.00,0.00,2,0
2026-06-12 16:47:28.343,0.00,0.00,0.00,0.00,2,0
2026-06-12 16:47:28.394,0.00,0.00,0.00,0.00,2,0
2026-06-12 16:47:28.444,0.00,0.00,0.00,0.00,2,0
2026-06-12 16:47:28.494,0.00,0.00,0.00,0.00,2,0
2026-06-12 16:47:28.545,0.00,0.00,0.00,0.00,2,0
2026-06-12 16:47:28.595,0.00,0.00,0.00,0.00,2,0
2026-06-12 16:47:28.646,0.00,0.00,0.00,0.00,2,0
2026-06-12 16:47:28.697,0.00,0.00,0.00,0.00,2,0
2026-06-12 16:47:28.747,0.00,0.00,0.00,0.00,2,0
2026-06-12 16:47:28.797,0.00,0.00,0.00,0.00,2,0
2026-06-12 16:47:28.847,0.00,0.00,0.00,0.00,2,0
2026-06-12 16:47:28.898,0.00,0.00,0.00,0.00,2,0
2026-06-12 16:47:28.948,0.00,0.00,0.00,0.00,2,0
2026-06-12 16:47:28.999,0.00,0.00,0.00,0.00,2,0
2026-06-12 16:47:29.049,0.00,0.00,0.00,0.00,2,0
2026-06-12 16:47:29.100,0.00,0.00,0.00,0.00,2,0
2026-06-12 16:47:29.150,0.00,0.00,0.00,0.00,2,0
2026-06-12 16:47:29.201,0.00,0.00,0.00,0.00,2,0
2026-06-12 16:47:29.251,0.00,0.00,0.00,0.00,2,0
2026-06-12 16:47:29.302,0.00,0.00,0.00,0.00,2,0
2026-06-12 16:47:29.352,0.00,0.00,0.00,0.00,2,0
2026-06-12 16:47:29.402,0.00,0.00,0.00,0.00,2,0
2026-06-12 16:47:29.453,0.00,0.00,0.00,0.00,2,0
2026-06-12 16:47:29.503,0.00,0.00,0.00,0.00,2,0
2026-06-12 16:47:29.553,0.00,0.00,0.00,0.00,2,0
2026-06-12 16:47:29.604,0.00,0.00,0.00,0.00,2,0
2026-06-12 16:47:29.654,0.00,0.00,0.00,0.00,2,0
2026-06-12 16:47:29.705,0.00,0.00,0.00,0.00,2,0
2026-06-12 16:47:29.755,0.00,0.00,0.00,0.00,2,0
2026-06-12 16:47:29.806,0.00,0.00,0.00,0.00,2,0
2026-06-12 16:47:29.857,0.00,0.00,0.00,0.00,2,0
2026-06-12 16:47:29.907,0.00,0.00,0.00,0.00,2,0
2026-06-12 16:47:29.957,0.00,0.00,0.00,0.00,2,0
2026-06-12 16:47:30.007,0.00,0.00,0.00,0.00,2,0
2026-06-12 16:47:30.058,0.00,0.00,0.00,0.00,2,0
2026-06-12 16:47:30.108,0.00,0.00,0.00,0.00,2,0
2026-06-12 16:47:30.158,0.00,0.00,0.00,0.00,2,0
2026-06-12 16:47:30.209,0.00,0.00,0.00,0.00,2,0
2026-06-12 16:47:30.259,0.00,0.00,0.00,0.00,2,0
2026-06-12 16:47:30.310,0.00,0.00,0.00,0.00,2,0
2026-06-12 16:47:30.360,0.00,0.00,0.00,0.00,2,0
2026-06-12 16:47:30.411,0.00,0.00,0.00,0.00,2,0
2026-06-12 16:47:30.461,0.00,0.00,0.00,0.00,2,0
2026-06-12 16:47:30.512,0.00,0.00,0.00,0.00,2,0
2026-06-12 16:47:30.562,0.00,0.00,0.00,0.00,2,0
2026-06-12 16:47:30.612,0.00,0.00,0.00,0.00,2,0
2026-06-12 16:47:30.663,0.00,0.00,0.00,0.00,2,0
2026-06-12 16:47:30.713,0.00,0.00,0.00,0.00,2,0
2026-06-12 16:47:30.764,0.00,0.00,0.00,0.00,2,0
2026-06-12 16:47:30.814,0.00,0.00,0.00,0.00,2,0
2026-06-12 16:47:30.864,0.00,0.00,0.00,0.00,2,0
2026-06-12 16:47:30.915,0.00,0.00,0.00,0.00,2,0
2026-06-12 16:47:30.965,0.00,0.00,0.00,0.00,2,0
2026-06-12 16:47:31.016,0.00,0.00,0.00,0.00,2,0
2026-06-12 16:47:31.067,0.00,0.00,0.00,0.00,2,0
2026-06-12 16:47:31.117,0.00,0.00,0.00,0.00,2,0
2026-06-12 16:47:31.167,0.00,0.00,0.00,0.00,2,0
2026-06-12 16:47:31.217,0.00,0.00,0.00,0.00,2,0
2026-06-12 16:47:31.268,0.00,0.00,0.00,0.00,2,0
2026-06-12 16:47:31.318,0.00,0.00,0.00,0.00,2,0
2026-06-12 16:47:31.369,0.00,0.00,0.00,0.00,2,0
2026-06-12 16:47:31.419,0.00,0.00,0.00,0.00,2,0
2026-06-12 16:47:31.470,0.00,0.00,0.00,0.00,2,0
2026-06-12 16:47:31.520,0.00,0.00,0.00,0.00,2,0
2026-06-12 16:47:31.570,0.00,0.00,0.00,0.00,2,0
2026-06-12 16:47:31.621,0.00,0.00,0.00,0.00,2,0
2026-06-12 16:47:31.671,0.00,0.00,0.00,0.00,2,0
2026-06-12 16:47:31.722,0.00,0.00,0.00,0.00,2,0
2026-06-12 16:47:31.772,0.00,0.00,0.00,0.00,2,0
2026-06-12 16:47:31.823,0.00,0.00,0.00,0.00,2,0
2026-06-12 16:47:31.873,0.00,0.00,0.00,0.00,2,0
2026-06-12 16:47:31.923,0.00,0.00,0.00,0.00,2,0
2026-06-12 16:47:31.974,0.00,0.00,0.00,0.00,2,0
2026-06-12 16:47:32.024,0.00,0.00,0.00,0.00,2,0
2026-06-12 16:47:32.075,0.00,0.00,0.00,0.00,2,0
2026-06-12 16:47:32.125,0.00,0.00,0.00,0.00,2,0
2026-06-12 16:47:32.176,0.00,0.00,0.00,0.00,2,0
2026-06-12 16:47:32.226,0.00,0.00,0.00,0.00,2,0
2026-06-12 16:47:32.277,0.00,0.00,0.00,0.00,2,0
2026-06-12 16:47:32.327,0.00,0.00,0.00,0.00,2,0
2026-06-12 16:47:32.377,0.00,0.00,0.00,0.00,2,0
2026-06-12 16:47:32.428,0.00,0.00,0.00,0.00,2,0
2026-06-12 16:47:32.478,0.00,0.00,0.00,0.00,2,0
2026-06-12 16:47:32.528,0.00,0.00,0.00,0.00,2,0
2026-06-12 16:47:32.579,0.00,0.00,0.00,0.00,2,0
2026-06-12 16:47:32.629,0.00,0.00,0.00,0.00,2,0
2026-06-12 16:47:32.680,0.00,0.00,0.00,0.00,2,0
2026-06-12 16:47:32.730,0.00,0.00,0.00,0.00,2,0
2026-06-12 16:47:32.781,0.00,0.00,0.00,0.00,2,0
2026-06-12 16:47:32.831,0.00,0.00,0.00,0.00,2,0
2026-06-12 16:47:32.882,0.00,0.00,0.00,0.00,2,0
2026-06-12 16:47:32.932,0.00,0.00,0.00,0.00,2,0
2026-06-12 16:47:32.982,0.00,0.00,0.00,0.00,2,0
2026-06-12 16:47:33.033,0.00,0.00,0.00,0.00,2,0
2026-06-12 16:47:33.083,0.00,0.00,0.00,0.00,2,0
2026-06-12 16:47:33.134,0.00,0.00,0.00,0.00,2,0
2026-06-12 16:47:33.184,0.00,0.00,0.00,0.00,2,0
2026-06-12 16:47:33.234,0.00,0.00,0.00,0.00,2,0
2026-06-12 16:47:33.285,0.00,0.00,0.00,0.00,2,0
2026-06-12 16:47:33.335,0.00,0.00,0.00,0.00,2,0
2026-06-12 16:47:33.386,0.00,0.00,0.00,0.00,2,0
2026-06-12 16:47:33.437,0.00,0.00,0.00,0.00,2,0
2026-06-12 16:47:33.488,0.00,0.00,0.00,0.00,2,0
2026-06-12 16:47:33.537,0.00,0.00,0.00,0.00,2,0
2026-06-12 16:47:33.587,0.00,0.00,0.00,0.00,2,0
2026-06-12 16:47:33.638,0.00,0.00,0.00,0.00,2,0
2026-06-12 16:47:33.688,0.00,0.00,0.00,0.00,2,0
2026-06-12 16:47:33.739,0.00,0.00,0.00,0.00,2,0
2026-06-12 16:47:33.789,0.00,0.00,0.00,0.00,2,0
2026-06-12 16:47:33.840,0.00,0.00,0.00,0.00,2,0
2026-06-12 16:47:33.890,0.00,0.00,0.00,0.00,2,0
2026-06-12 16:47:33.940,0.00,0.00,0.00,0.00,2,0
2026-06-12 16:47:33.991,0.00,0.00,0.00,0.00,2,0
2026-06-12 16:47:34.041,0.00,0.00,0.00,0.00,2,0
2026-06-12 16:47:34.092,0.00,0.00,0.00,0.00,2,0
2026-06-12 16:47:34.142,0.00,0.00,0.00,0.00,2,0
2026-06-12 16:47:34.193,0.00,0.00,0.00,0.00,2,0
2026-06-12 16:47:34.243,0.00,0.00,0.00,0.00,2,0
2026-06-12 16:47:34.293,0.00,0.00,0.00,0.00,2,0
2026-06-12 16:47:34.344,0.00,0.00,0.00,0.00,2,0
2026-06-12 16:47:34.394,0.00,0.00,0.00,0.00,2,0
2026-06-12 16:47:34.445,0.00,0.00,0.00,0.00,2,0
2026-06-12 16:47:34.495,0.00,0.00,0.00,0.00,2,0
2026-06-12 16:47:34.546,0.00,0.00,0.00,0.00,2,0
2026-06-12 16:47:34.596,0.00,0.00,0.00,0.00,2,0
2026-06-12 16:47:34.647,0.00,0.00,0.00,0.00,2,0
2026-06-12 16:47:34.697,0.00,0.00,0.00,0.00,2,0
2026-06-12 16:47:34.747,0.00,0.00,0.00,0.00,2,0
2026-06-12 16:47:34.797,0.00,0.00,0.00,0.00,2,0
2026-06-12 16:47:34.848,0.00,0.00,0.00,0.00,2,0
2026-06-12 16:47:34.898,0.00,0.00,0.00,0.00,2,0
2026-06-12 16:47:34.949,0.00,0.00,0.00,0.00,2,0
2026-06-12 16:47:34.999,0.00,0.00,0.00,0.00,2,0
2026-06-12 16:47:35.050,0.00,0.00,0.00,0.00,2,0
2026-06-12 16:47:35.100,0.00,0.00,0.00,0.00,2,0
2026-06-12 16:47:35.150,0.00,0.00,0.00,0.00,2,0
2026-06-12 16:47:35.201,0.00,0.00,0.00,0.00,2,0
2026-06-12 16:47:35.251,0.00,0.00,0.00,0.00,2,0
2026-06-12 16:47:35.302,0.00,0.00,0.00,0.00,2,0
2026-06-12 16:47:35.352,0.00,0.00,0.00,0.00,2,0
2026-06-12 16:47:35.403,0.00,0.00,0.00,0.00,2,0
2026-06-12 16:47:35.453,0.00,0.00,0.00,0.00,2,0
2026-06-12 16:47:35.504,0.00,0.00,0.00,0.00,2,0
2026-06-12 16:47:35.554,0.00,0.00,0.00,0.00,2,0
2026-06-12 16:47:35.604,0.00,0.00,0.00,0.00,2,0
2026-06-12 16:47:35.655,0.00,0.00,0.00,0.00,2,0
2026-06-12 16:47:35.705,0.00,0.00,0.00,0.00,2,0
2026-06-12 16:47:35.756,0.00,0.00,0.00,0.00,2,0
2026-06-12 16:47:35.806,0.00,0.00,0.00,0.00,2,0
2026-06-12 16:47:35.857,0.00,0.00,0.00,0.00,2,0
2026-06-12 16:47:35.907,0.00,0.00,0.00,0.00,2,0
2026-06-12 16:47:35.957,0.00,0.00,0.00,0.00,2,0
2026-06-12 16:47:36.008,0.00,0.00,0.00,0.00,2,0
2026-06-12 16:47:36.058,0.00,0.00,0.00,0.00,2,0
2026-06-12 16:47:36.109,0.00,0.00,0.00,0.00,2,0
2026-06-12 16:47:36.159,0.00,0.00,0.00,0.00,2,0
2026-06-12 16:47:36.209,0.00,0.00,0.00,0.00,2,0
2026-06-12 16:47:36.260,0.00,0.00,0.00,0.00,2,0
2026-06-12 16:47:36.310,0.00,0.00,0.00,0.00,2,0
2026-06-12 16:47:36.361,0.00,0.00,0.00,0.00,2,0
2026-06-12 16:47:36.411,0.00,0.00,0.00,0.00,2,0
2026-06-12 16:47:36.462,0.00,0.00,0.00,0.00,2,0
2026-06-12 16:47:36.512,0.00,0.00,0.00,0.00,2,0
2026-06-12 16:47:36.562,0.00,0.00,0.00,0.00,2,0
2026-06-12 16:47:36.613,0.00,0.00,0.00,0.00,2,0
2026-06-12 16:47:36.663,0.00,0.00,0.00,0.00,2,0
2026-06-12 16:47:36.714,0.00,0.00,0.00,0.00,2,0
2026-06-12 16:47:36.764,0.00,0.00,0.00,0.00,2,0
2026-06-12 16:47:36.815,0.00,0.00,0.00,0.00,2,0
2026-06-12 16:47:36.865,0.00,0.00,0.00,0.00,2,0
2026-06-12 16:47:36.915,0.00,0.00,0.00,0.00,2,0
2026-06-12 16:47:36.966,0.00,0.00,0.00,0.00,2,0
2026-06-12 16:47:37.017,0.00,0.00,0.00,0.00,2,0
2026-06-12 16:47:37.067,0.00,0.00,0.00,0.00,2,0
2026-06-12 16:47:37.117,0.00,0.00,0.00,0.00,2,0
2026-06-12 16:47:37.167,0.00,0.00,0.00,0.00,2,0
2026-06-12 16:47:37.218,0.00,0.00,0.00,0.00,2,0
2026-06-12 16:47:37.268,0.00,0.00,0.00,0.00,2,0
2026-06-12 16:47:37.319,0.00,0.00,0.00,0.00,2,0
2026-06-12 16:47:37.369,0.00,0.00,0.00,0.00,2,0
2026-06-12 16:47:37.419,0.00,0.00,0.00,0.00,2,0
2026-06-12 16:47:37.470,0.00,0.00,0.00,0.00,2,0
2026-06-12 16:47:37.520,0.00,0.00,0.00,0.00,2,0
2026-06-12 16:47:37.571,0.00,0.00,0.00,0.00,2,0
2026-06-12 16:47:37.621,0.00,0.00,0.00,0.00,2,0
2026-06-12 16:47:37.672,0.00,0.00,0.00,0.00,2,0
2026-06-12 16:47:37.722,0.00,0.00,0.00,0.00,2,0
2026-06-12 16:47:37.772,0.00,0.00,0.00,0.00,2,0
2026-06-12 16:47:37.823,0.00,0.00,0.00,0.00,2,0
2026-06-12 16:47:37.873,0.00,0.00,0.00,0.00,2,0
2026-06-12 16:47:37.924,0.00,0.00,0.00,0.00,2,0
2026-06-12 16:47:37.974,0.00,0.00,0.00,0.00,2,0
2026-06-12 16:47:38.025,0.00,0.00,0.00,0.00,2,0
2026-06-12 16:47:38.075,0.00,0.00,0.00,0.00,2,0
2026-06-12 16:47:38.126,0.00,0.00,0.00,0.00,2,0
2026-06-12 16:47:38.176,0.00,0.00,0.00,0.00,2,0
2026-06-12 16:47:38.227,0.00,0.00,0.00,0.00,2,0
2026-06-12 16:47:38.277,0.00,0.00,0.00,0.00,2,0
2026-06-12 16:47:38.327,0.00,0.00,0.00,0.00,2,0
2026-06-12 16:47:38.378,0.00,0.00,0.00,0.00,2,0
2026-06-12 16:47:38.428,0.00,0.00,0.00,0.00,2,0
2026-06-12 16:47:38.478,0.00,0.00,0.00,0.00,2,0
2026-06-12 16:47:38.529,0.00,0.00,0.00,0.00,2,0
2026-06-12 16:47:38.579,0.00,0.00,0.00,0.00,2,0
2026-06-12 16:47:38.630,0.00,0.00,0.00,0.00,2,0
2026-06-12 16:47:38.680,0.00,0.00,0.00,0.00,2,0
2026-06-12 16:47:38.730,0.00,0.00,0.00,0.00,2,0
2026-06-12 16:47:38.781,0.00,0.00,0.00,0.00,2,0
2026-06-12 16:47:38.831,0.00,0.00,0.00,0.00,2,0
2026-06-12 16:47:38.882,0.00,0.00,0.00,0.00,2,0
2026-06-12 16:47:38.932,0.00,0.00,0.00,0.00,2,0
2026-06-12 16:47:38.983,0.00,0.00,0.00,0.00,2,0
2026-06-12 16:47:39.033,0.00,0.00,0.00,0.00,2,0
2026-06-12 16:47:39.083,0.00,0.00,0.00,0.00,2,0
2026-06-12 16:47:39.134,0.00,0.00,0.00,0.00,2,0
2026-06-12 16:47:39.185,0.00,0.00,0.00,0.00,2,0
2026-06-12 16:47:39.235,0.00,0.00,0.00,0.00,2,0
2026-06-12 16:47:39.285,0.00,0.00,0.00,0.00,2,0
2026-06-12 16:47:39.336,0.00,0.00,0.00,0.00,2,0
2026-06-12 16:47:39.386,0.00,0.00,0.00,0.00,2,0
2026-06-12 16:47:39.437,0.00,0.00,0.00,0.00,2,0
2026-06-12 16:47:39.487,0.00,0.00,0.00,0.00,2,0
2026-06-12 16:47:39.538,0.00,0.00,0.00,0.00,2,0
2026-06-12 16:47:39.588,0.00,0.00,0.00,0.00,2,0
2026-06-12 16:47:39.638,0.00,0.00,0.00,0.00,2,0
2026-06-12 16:47:39.689,0.00,0.00,0.00,0.00,2,0
2026-06-12 16:47:39.739,0.00,0.00,0.00,0.00,2,0
2026-06-12 16:47:39.789,0.00,0.00,0.00,0.00,2,0
2026-06-12 16:47:39.840,0.00,0.00,0.00,0.00,2,0
2026-06-12 16:47:39.890,0.00,0.00,0.00,0.00,2,0
2026-06-12 16:47:39.941,0.00,0.00,0.00,0.00,2,0
2026-06-12 16:47:39.991,0.00,0.00,0.00,0.00,2,0
2026-06-12 16:47:40.042,0.00,0.00,0.00,0.00,2,0
2026-06-12 16:47:40.092,0.00,0.00,0.00,0.00,2,0
2026-06-12 16:47:40.142,0.00,0.00,0.00,0.00,2,0
2026-06-12 16:47:40.193,0.00,0.00,0.00,0.00,2,0
2026-06-12 16:47:40.243,0.00,0.00,0.00,0.00,2,0
2026-06-12 16:47:40.294,0.00,0.00,0.00,0.00,2,0
2026-06-12 16:47:40.344,0.00,0.00,0.00,0.00,2,0
2026-06-12 16:47:40.394,0.00,0.00,0.00,0.00,2,0
2026-06-12 16:47:40.445,0.00,0.00,0.00,0.00,2,0
2026-06-12 16:47:40.495,0.00,0.00,0.00,0.00,2,0
2026-06-12 16:47:40.547,0.00,0.00,0.00,0.00,2,0
2026-06-12 16:47:40.597,0.00,0.00,0.00,0.00,2,0
2026-06-12 16:47:40.647,0.00,0.00,0.00,0.00,2,0
2026-06-12 16:47:40.697,0.00,0.00,0.00,0.00,2,0
2026-06-12 16:47:40.748,0.00,0.00,0.00,0.00,2,0
2026-06-12 16:47:40.798,0.00,0.00,0.00,0.00,2,0
2026-06-12 16:47:40.849,0.00,0.00,0.00,0.00,2,0
2026-06-12 16:47:40.899,0.00,0.00,0.00,0.00,2,0
2026-06-12 16:47:40.949,0.00,0.00,0.00,0.00,2,0
2026-06-12 16:47:41.000,0.00,0.00,0.00,0.00,2,0
2026-06-12 16:47:41.050,0.00,0.00,0.00,0.00,2,0
2026-06-12 16:47:41.101,0.00,0.00,0.00,0.00,2,0
2026-06-12 16:47:41.151,0.00,0.00,0.00,0.00,2,0
2026-06-12 16:47:41.201,0.00,0.00,0.00,0.00,2,0
2026-06-12 16:47:41.252,0.00,0.00,0.00,0.00,2,0
2026-06-12 16:47:41.302,0.00,0.00,0.00,0.00,2,0
2026-06-12 16:47:41.353,0.00,0.00,0.00,0.00,2,0
2026-06-12 16:47:41.403,0.00,0.00,0.00,0.00,2,0
2026-06-12 16:47:41.453,0.00,0.00,0.00,0.00,2,0
2026-06-12 16:47:41.504,0.00,0.00,0.00,0.00,2,0
2026-06-12 16:47:41.554,0.00,0.00,0.00,0.00,2,0
2026-06-12 16:47:41.605,0.00,0.00,0.00,0.00,2,0
2026-06-12 16:47:41.655,0.00,0.00,0.00,0.00,2,0
2026-06-12 16:47:41.705,0.00,0.00,0.00,0.00,2,0
2026-06-12 16:47:41.757,0.00,0.00,0.00,0.00,2,0
2026-06-12 16:47:41.807,0.00,0.00,0.00,0.00,2,0
2026-06-12 16:47:41.857,0.00,0.00,0.00,0.00,2,0
2026-06-12 16:47:41.907,0.00,0.00,0.00,0.00,2,0
2026-06-12 16:47:41.958,0.00,0.00,0.00,0.00,2,0
2026-06-12 16:47:42.008,0.00,0.00,0.00,0.00,2,0
2026-06-12 16:47:42.058,0.00,0.00,0.00,0.00,2,0
2026-06-12 16:47:42.109,0.00,0.00,0.00,0.00,2,0
2026-06-12 16:47:42.159,0.00,0.00,0.00,0.00,2,0
2026-06-12 16:47:42.210,0.00,0.00,0.00,0.00,2,0
2026-06-12 16:47:42.260,0.00,0.00,0.00,0.00,2,0
2026-06-12 16:47:42.311,0.00,0.00,0.00,0.00,2,0
2026-06-12 16:47:42.361,0.00,0.00,0.00,0.00,2,0
2026-06-12 16:47:42.412,0.00,0.00,0.00,0.00,2,0
2026-06-12 16:47:42.462,0.00,0.00,0.00,0.00,2,0
2026-06-12 16:47:42.512,0.00,0.00,0.00,0.00,2,0
2026-06-12 16:47:42.563,0.00,0.00,0.00,0.00,2,0
2026-06-12 16:47:42.613,0.00,0.00,0.00,0.00,2,0
2026-06-12 16:47:42.664,0.00,0.00,0.00,0.00,2,0
2026-06-12 16:47:42.714,0.00,0.00,0.00,0.00,2,0
2026-06-12 16:47:42.764,0.00,0.00,0.00,0.00,2,0
2026-06-12 16:47:42.815,0.00,0.00,0.00,0.00,2,0
2026-06-12 16:47:42.866,0.00,0.00,0.00,0.00,2,0
2026-06-12 16:47:42.917,0.00,0.00,0.00,0.00,2,0
2026-06-12 16:47:42.967,0.00,0.00,0.00,0.00,2,0
2026-06-12 16:47:43.018,0.00,0.00,0.00,0.00,2,0
2026-06-12 16:47:43.067,0.00,0.00,0.00,0.00,2,0
2026-06-12 16:47:43.117,0.00,0.00,0.00,0.00,2,0
2026-06-12 16:47:43.168,0.00,0.00,0.00,0.00,2,0
2026-06-12 16:47:43.218,0.00,0.00,0.00,0.00,2,0
2026-06-12 16:47:43.269,0.00,0.00,0.00,0.00,2,0
2026-06-12 16:47:43.319,0.00,0.00,0.00,0.00,2,0
2026-06-12 16:47:43.369,0.00,0.00,0.00,0.00,2,0
2026-06-12 16:47:43.420,0.00,0.00,0.00,0.00,2,0
2026-06-12 16:47:43.470,0.00,0.00,0.00,0.00,2,0
2026-06-12 16:47:43.521,0.00,0.00,0.00,0.00,2,0
2026-06-12 16:47:43.571,0.00,0.00,0.00,0.00,2,0
2026-06-12 16:47:43.622,0.00,0.00,0.00,0.00,2,0
2026-06-12 16:47:43.672,0.00,0.00,0.00,0.00,2,0
2026-06-12 16:47:43.722,0.00,0.00,0.00,0.00,2,0
2026-06-12 16:47:43.773,0.00,0.00,0.00,0.00,2,0
2026-06-12 16:47:43.823,0.00,0.00,0.00,0.00,2,0
2026-06-12 16:47:43.874,0.00,0.00,0.00,0.00,2,0
2026-06-12 16:47:43.924,0.00,0.00,0.00,0.00,2,0
2026-06-12 16:47:43.974,0.00,0.00,0.00,0.00,2,0
2026-06-12 16:47:44.025,0.00,0.00,0.00,0.00,2,0
2026-06-12 16:47:44.077,0.00,0.00,0.00,0.00,2,0
2026-06-12 16:47:44.127,0.00,0.00,0.00,0.00,2,0
2026-06-12 16:47:44.177,0.00,0.00,0.00,0.00,2,0
2026-06-12 16:47:44.227,0.00,0.00,0.00,0.00,2,0
2026-06-12 16:47:44.277,0.00,0.00,0.00,0.00,2,0
2026-06-12 16:47:44.327,0.00,0.00,0.00,0.00,2,0
2026-06-12 16:47:44.378,0.00,0.00,0.00,0.00,2,0
2026-06-12 16:47:44.429,0.00,0.00,0.00,0.00,2,0
2026-06-12 16:47:44.479,0.00,0.00,0.00,0.00,2,0
2026-06-12 16:47:44.529,0.00,0.00,0.00,0.00,2,0
2026-06-12 16:47:44.580,0.00,0.00,0.00,0.00,2,0
2026-06-12 16:47:44.630,0.00,0.00,0.00,0.00,2,0
2026-06-12 16:47:44.680,0.00,0.00,0.00,0.00,2,0
2026-06-12 16:47:44.731,0.00,0.00,0.00,0.00,2,0
2026-06-12 16:47:44.781,0.00,0.00,0.00,0.00,2,0
2026-06-12 16:47:44.832,0.00,0.00,0.00,0.00,2,0
2026-06-12 16:47:44.882,0.00,0.00,0.00,0.00,2,0
2026-06-12 16:47:44.933,0.00,0.00,0.00,0.00,2,0
2026-06-12 16:47:44.983,0.00,0.00,0.00,0.00,2,0
2026-06-12 16:47:45.033,0.00,0.00,0.00,0.00,2,0
2026-06-12 16:47:45.084,0.00,0.00,0.00,0.00,2,0
2026-06-12 16:47:45.134,0.00,0.00,0.00,0.00,2,0
2026-06-12 16:47:45.185,0.00,0.00,0.00,0.00,2,0
2026-06-12 16:47:45.235,0.00,0.00,0.00,0.00,2,0
2026-06-12 16:47:45.286,0.00,0.00,0.00,0.00,2,0
2026-06-12 16:47:45.336,0.00,0.00,0.00,0.00,2,0
2026-06-12 16:47:45.387,0.00,0.00,0.00,0.00,2,0
2026-06-12 16:47:45.437,0.00,0.00,0.00,0.00,2,0
2026-06-12 16:47:45.487,0.00,0.00,0.00,0.00,2,0
2026-06-12 16:47:45.538,0.00,0.00,0.00,0.00,2,0
2026-06-12 16:47:45.588,0.00,0.00,0.00,0.00,2,0
2026-06-12 16:47:45.638,0.00,0.00,0.00,0.00,2,0
2026-06-12 16:47:45.689,0.00,0.00,0.00,0.00,2,0
2026-06-12 16:47:45.739,0.00,0.00,0.00,0.00,2,0
2026-06-12 16:47:45.790,0.00,0.00,0.00,0.00,2,0
2026-06-12 16:47:45.840,0.00,0.00,0.00,0.00,2,0
2026-06-12 16:47:45.890,0.00,0.00,0.00,0.00,2,0
2026-06-12 16:47:45.941,0.00,0.00,0.00,0.00,2,0
2026-06-12 16:47:45.991,0.00,0.00,0.00,0.00,2,0
2026-06-12 16:47:46.042,0.00,0.00,0.00,0.00,2,0
2026-06-12 16:47:46.092,0.00,0.00,0.00,0.00,2,0
2026-06-12 16:47:46.143,0.00,0.00,0.00,0.00,2,0
2026-06-12 16:47:46.193,0.00,0.00,0.00,0.00,2,0
2026-06-12 16:47:46.243,0.00,0.00,0.00,0.00,2,0
2026-06-12 16:47:46.294,0.00,0.00,0.00,0.00,2,0
2026-06-12 16:47:46.344,0.00,0.00,0.00,0.00,2,0
2026-06-12 16:47:46.395,0.00,0.00,0.00,0.00,2,0
2026-06-12 16:47:46.445,0.00,0.00,0.00,0.00,2,0
2026-06-12 16:47:46.496,0.00,0.00,0.00,0.00,2,0
2026-06-12 16:47:46.547,0.00,0.00,0.00,0.00,2,0
2026-06-12 16:47:46.597,0.00,0.00,0.00,0.00,2,0
2026-06-12 16:47:46.647,0.00,0.00,0.00,0.00,2,0
2026-06-12 16:47:46.697,0.00,0.00,0.00,0.00,2,0
2026-06-12 16:47:46.748,0.00,0.00,0.00,0.00,2,0
2026-06-12 16:47:46.798,0.00,0.00,0.00,0.00,2,0
2026-06-12 16:47:46.849,0.00,0.00,0.00,0.00,2,0
2026-06-12 16:47:46.899,0.00,0.00,0.00,0.00,2,0
2026-06-12 16:47:46.949,0.00,0.00,0.00,0.00,2,0
2026-06-12 16:47:47.000,0.00,0.00,0.00,0.00,2,0
2026-06-12 16:47:47.050,0.00,0.00,0.00,0.00,2,0
2026-06-12 16:47:47.101,0.00,0.00,0.00,0.00,2,0
2026-06-12 16:47:47.151,0.00,0.00,0.00,0.00,2,0
2026-06-12 16:47:47.201,0.00,0.00,0.00,0.00,2,0
2026-06-12 16:47:47.252,0.00,0.00,0.00,0.00,2,0
2026-06-12 16:47:47.303,0.00,0.00,0.00,0.00,2,0
2026-06-12 16:47:47.353,0.00,0.00,0.00,0.00,2,0
2026-06-12 16:47:47.403,0.00,0.00,0.00,0.00,2,0
2026-06-12 16:47:47.454,0.00,0.00,0.00,0.00,2,0
2026-06-12 16:47:47.504,0.00,0.00,0.00,0.00,2,0
2026-06-12 16:47:47.554,0.00,0.00,0.00,0.00,2,0
2026-06-12 16:47:47.605,0.00,0.00,0.00,0.00,2,0
2026-06-12 16:47:47.655,0.00,0.00,0.00,0.00,2,0
2026-06-12 16:47:47.706,0.00,0.00,0.00,0.00,2,0
2026-06-12 16:47:47.756,0.00,0.00,0.00,0.00,2,0
2026-06-12 16:47:47.806,0.00,0.00,0.00,0.00,2,0
2026-06-12 16:47:47.857,0.00,0.00,0.00,0.00,2,0
2026-06-12 16:47:47.907,0.00,0.00,0.00,0.00,2,0
2026-06-12 16:47:47.958,0.00,0.00,0.00,0.00,2,0
2026-06-12 16:47:48.008,0.00,0.00,0.00,0.00,2,0
2026-06-12 16:47:48.059,0.00,0.00,0.00,0.00,2,0
2026-06-12 16:47:48.109,0.00,0.00,0.00,0.00,2,0
2026-06-12 16:47:48.160,0.00,0.00,0.00,0.00,2,0
2026-06-12 16:47:48.210,0.00,0.00,0.00,0.00,2,0
2026-06-12 16:47:48.260,0.00,0.00,0.00,0.00,2,0
2026-06-12 16:47:48.311,0.00,0.00,0.00,0.00,2,0
2026-06-12 16:47:48.361,0.00,0.00,0.00,0.00,2,0
2026-06-12 16:47:48.412,0.00,0.00,0.00,0.00,2,0
2026-06-12 16:47:48.462,0.00,0.00,0.00,0.00,2,0
2026-06-12 16:47:48.512,0.00,0.00,0.00,0.00,2,0
2026-06-12 16:47:48.563,0.00,0.00,0.00,0.00,2,0
2026-06-12 16:47:48.613,0.00,0.00,0.00,0.00,2,0
2026-06-12 16:47:48.664,0.00,0.00,0.00,0.00,2,0
2026-06-12 16:47:48.714,0.00,0.00,0.00,0.00,2,0
2026-06-12 16:47:48.765,0.00,0.00,0.00,0.00,2,0
2026-06-12 16:47:48.815,0.00,0.00,0.00,0.00,2,0
2026-06-12 16:47:48.866,0.00,0.00,0.00,0.00,2,0
2026-06-12 16:47:48.917,0.00,0.00,0.00,0.00,2,0
2026-06-12 16:47:48.967,0.00,0.00,0.00,0.00,2,0
2026-06-12 16:47:49.017,0.00,0.00,0.00,0.00,2,0
2026-06-12 16:47:49.067,0.00,0.00,0.00,0.00,2,0
2026-06-12 16:47:49.118,0.00,0.00,0.00,0.00,2,0
2026-06-12 16:47:49.168,0.00,0.00,0.00,0.00,2,0
2026-06-12 16:47:49.218,0.00,0.00,0.00,0.00,2,0
2026-06-12 16:47:49.269,0.00,0.00,0.00,0.00,2,0
2026-06-12 16:47:49.319,0.00,0.00,0.00,0.00,2,0
2026-06-12 16:47:49.370,0.00,0.00,0.00,0.00,2,0
2026-06-12 16:47:49.420,0.00,0.00,0.00,0.00,2,0
2026-06-12 16:47:49.470,0.00,0.00,0.00,0.00,2,0
2026-06-12 16:47:49.521,0.00,0.00,0.00,0.00,2,0
2026-06-12 16:47:49.571,0.00,0.00,0.00,0.00,2,0
2026-06-12 16:47:49.622,0.00,0.00,0.00,0.00,2,0
2026-06-12 16:47:49.672,0.00,0.00,0.00,0.00,2,0
2026-06-12 16:47:49.723,0.00,0.00,0.00,0.00,2,0
2026-06-12 16:47:49.773,0.00,0.00,0.00,0.00,2,0
2026-06-12 16:47:49.823,0.00,0.00,0.00,0.00,2,0
2026-06-12 16:47:49.874,0.00,0.00,0.00,0.00,2,0
2026-06-12 16:47:49.924,0.00,0.00,0.00,0.00,2,0
2026-06-12 16:47:49.975,0.00,0.00,0.00,0.00,2,0
2026-06-12 16:47:50.025,0.00,0.00,0.00,0.00,2,0
2026-06-12 16:47:50.076,0.00,0.00,0.00,0.00,2,0
2026-06-12 16:47:50.126,0.00,0.00,0.00,0.00,2,0
2026-06-12 16:47:50.177,0.00,0.00,0.00,0.00,2,0
2026-06-12 16:47:50.227,0.00,0.00,0.00,0.00,2,0
2026-06-12 16:47:50.277,0.00,0.00,0.00,0.00,2,0
2026-06-12 16:47:50.328,0.00,0.00,0.00,0.00,2,0
2026-06-12 16:47:50.378,0.00,0.00,0.00,0.00,2,0
2026-06-12 16:47:50.428,0.00,0.00,0.00,0.00,2,0
2026-06-12 16:47:50.479,0.00,0.00,0.00,0.00,2,0
2026-06-12 16:47:50.529,0.00,0.00,0.00,0.00,2,0
2026-06-12 16:47:50.580,0.00,0.00,0.00,0.00,2,0
2026-06-12 16:47:50.630,0.00,0.00,0.00,0.00,2,0
2026-06-12 16:47:50.681,0.00,0.00,0.00,0.00,2,0
2026-06-12 16:47:50.731,0.00,0.00,0.00,0.00,2,0
2026-06-12 16:47:50.781,0.00,0.00,0.00,0.00,2,0
2026-06-12 16:47:50.832,0.00,0.00,0.00,0.00,2,0
2026-06-12 16:47:50.882,0.00,0.00,0.00,0.00,2,0
2026-06-12 16:47:50.933,0.00,0.00,0.00,0.00,2,0
2026-06-12 16:47:50.983,0.00,0.00,0.00,0.00,2,0
2026-06-12 16:47:51.033,0.00,0.00,0.00,0.00,2,0
2026-06-12 16:47:51.084,0.00,0.00,0.00,0.00,2,0
2026-06-12 16:47:51.134,0.00,0.00,0.00,0.00,2,0
2026-06-12 16:47:51.185,0.00,0.00,0.00,0.00,2,0
2026-06-12 16:47:51.235,0.00,0.00,0.00,0.00,2,0
2026-06-12 16:47:51.287,0.00,0.00,0.00,0.00,2,0
2026-06-12 16:47:51.337,0.00,0.00,0.00,0.00,2,0
2026-06-12 16:47:51.387,0.00,0.00,0.00,0.00,2,0
2026-06-12 16:47:51.437,0.00,0.00,0.00,0.00,2,0
2026-06-12 16:47:51.487,0.00,0.00,0.00,0.00,2,0
2026-06-12 16:47:51.538,0.00,0.00,0.00,0.00,2,0
2026-06-12 16:47:51.588,0.00,0.00,0.00,0.00,2,0
2026-06-12 16:47:51.639,0.00,0.00,0.00,0.00,2,0
2026-06-12 16:47:51.689,0.00,0.00,0.00,0.00,2,0
2026-06-12 16:47:51.739,0.00,0.00,0.00,0.00,2,0
2026-06-12 16:47:51.792,0.00,0.00,0.00,0.00,2,0
2026-06-12 16:47:51.840,0.00,0.00,0.00,0.00,2,0
2026-06-12 16:47:51.891,0.00,0.00,0.00,0.00,2,0
2026-06-12 16:47:51.941,0.00,0.00,0.00,0.00,2,0
2026-06-12 16:47:51.991,0.00,0.00,0.00,0.00,2,0
2026-06-12 16:47:52.042,0.00,0.00,0.00,0.00,2,0
2026-06-12 16:47:52.092,0.00,0.00,0.00,0.00,2,0
2026-06-12 16:47:52.143,0.00,0.00,0.00,0.00,2,0
2026-06-12 16:47:52.193,0.00,0.00,0.00,0.00,2,0
2026-06-12 16:47:52.244,0.00,0.00,0.00,0.00,2,0
2026-06-12 16:47:52.294,0.00,0.00,0.00,0.00,2,0
2026-06-12 16:47:52.345,0.00,0.00,0.00,0.00,2,0
2026-06-12 16:47:52.395,0.00,0.00,0.00,0.00,2,0
2026-06-12 16:47:52.446,0.00,0.00,0.00,0.00,2,0
2026-06-12 16:47:52.496,0.00,0.00,0.00,0.00,2,0
2026-06-12 16:47:52.546,0.00,0.00,0.00,0.00,2,0
2026-06-12 16:47:52.597,0.00,0.00,0.00,0.00,2,0
2026-06-12 16:47:52.647,0.00,0.00,0.00,0.00,2,0
2026-06-12 16:47:52.697,0.00,0.00,0.00,0.00,2,0
2026-06-12 16:47:52.748,0.00,0.00,0.00,0.00,2,0
2026-06-12 16:47:52.798,0.00,0.00,0.00,0.00,2,0
2026-06-12 16:47:52.849,0.00,0.00,0.00,0.00,2,0
2026-06-12 16:47:52.899,0.00,0.00,0.00,0.00,2,0
2026-06-12 16:47:52.949,0.00,0.00,0.00,0.00,2,0
2026-06-12 16:47:53.000,0.00,0.00,0.00,0.00,2,0
2026-06-12 16:47:53.050,0.00,0.00,0.00,0.00,2,0
2026-06-12 16:47:53.101,0.00,0.00,0.00,0.00,2,0
2026-06-12 16:47:53.151,0.00,0.00,0.00,0.00,2,0
2026-06-12 16:47:53.202,0.00,0.00,0.00,0.00,2,0
2026-06-12 16:47:53.252,0.00,0.00,0.00,0.00,2,0
2026-06-12 16:47:53.302,0.00,0.00,0.00,0.00,2,0
2026-06-12 16:47:53.353,0.00,0.00,0.00,0.00,2,0
2026-06-12 16:47:53.403,0.00,0.00,0.00,0.00,2,0
2026-06-12 16:47:53.454,0.00,0.00,0.00,0.00,2,0
2026-06-12 16:47:53.504,0.00,0.00,0.00,0.00,2,0
2026-06-12 16:47:53.558,0.00,0.00,0.00,0.00,2,0
2026-06-12 16:47:53.605,0.00,0.00,0.00,0.00,2,0
2026-06-12 16:47:53.655,0.00,0.00,0.00,0.00,2,0
2026-06-12 16:47:53.706,0.00,0.00,0.00,0.00,2,0
2026-06-12 16:47:53.757,0.00,0.00,0.00,0.00,2,0
2026-06-12 16:47:53.807,0.00,0.00,0.00,0.00,2,0
2026-06-12 16:47:53.857,0.00,0.00,0.00,0.00,2,0
2026-06-12 16:47:53.908,0.00,0.00,0.00,0.00,2,0
2026-06-12 16:47:53.958,0.00,0.00,0.00,0.00,2,0
2026-06-12 16:47:54.008,0.00,0.00,0.00,0.00,2,0
2026-06-12 16:47:54.059,0.00,0.00,0.00,0.00,2,0
2026-06-12 16:47:54.109,0.00,0.00,0.00,0.00,2,0
2026-06-12 16:47:54.160,0.00,0.00,0.00,0.00,2,0
2026-06-12 16:47:54.210,0.00,0.00,0.00,0.00,2,0
2026-06-12 16:47:54.260,0.00,0.00,0.00,0.00,2,0
2026-06-12 16:47:54.311,0.00,0.00,0.00,0.00,2,0
2026-06-12 16:47:54.361,0.00,0.00,0.00,0.00,2,0
2026-06-12 16:47:54.412,0.00,0.00,0.00,0.00,2,0
2026-06-12 16:47:54.462,0.00,0.00,0.00,0.00,2,0
2026-06-12 16:47:54.513,0.00,0.00,0.00,0.00,2,0
2026-06-12 16:47:54.563,0.00,0.00,0.00,0.00,2,0
2026-06-12 16:47:54.613,0.00,0.00,0.00,0.00,2,0
2026-06-12 16:47:54.664,0.00,0.00,0.00,0.00,2,0
2026-06-12 16:47:54.714,0.00,0.00,0.00,0.00,2,0
2026-06-12 16:47:54.765,0.00,0.00,0.00,0.00,2,0
2026-06-12 16:47:54.815,0.00,0.00,0.00,0.00,2,0
2026-06-12 16:47:54.867,0.00,0.00,0.00,0.00,2,0
2026-06-12 16:47:54.916,0.00,0.00,0.00,0.00,2,0
2026-06-12 16:47:54.967,0.00,0.00,0.00,0.00,2,0
2026-06-12 16:47:55.017,0.00,0.00,0.00,0.00,2,0
2026-06-12 16:47:55.068,0.00,0.00,0.00,0.00,2,0
2026-06-12 16:47:55.118,0.00,0.00,0.00,0.00,2,0
2026-06-12 16:47:55.168,0.00,0.00,0.00,0.00,2,0
2026-06-12 16:47:55.218,0.00,0.00,0.00,0.00,2,0
2026-06-12 16:47:55.269,0.00,0.00,0.00,0.00,2,0
2026-06-12 16:47:55.319,0.00,0.00,0.00,0.00,2,0
2026-06-12 16:47:55.370,0.00,0.00,0.00,0.00,2,0
2026-06-12 16:47:55.420,0.00,0.00,0.00,0.00,2,0
2026-06-12 16:47:55.470,0.00,0.00,0.00,0.00,2,0
2026-06-12 16:47:55.521,0.00,0.00,0.00,0.00,2,0
2026-06-12 16:47:55.571,0.00,0.00,0.00,0.00,2,0
2026-06-12 16:47:55.622,0.00,0.00,0.00,0.00,2,0
2026-06-12 16:47:55.672,0.00,0.00,0.00,0.00,2,0
2026-06-12 16:47:55.723,0.00,0.00,0.00,0.00,2,0
2026-06-12 16:47:55.773,0.00,0.00,0.00,0.00,2,0
2026-06-12 16:47:55.824,0.00,0.00,0.00,0.00,2,0
2026-06-12 16:47:55.874,0.00,0.00,0.00,0.00,2,0
2026-06-12 16:47:55.924,0.00,0.00,0.00,0.00,2,0
2026-06-12 16:47:55.975,0.00,0.00,0.00,0.00,2,0
2026-06-12 16:47:56.025,0.00,0.00,0.00,0.00,2,0
2026-06-12 16:47:56.077,0.00,0.00,0.00,0.00,2,0
2026-06-12 16:47:56.127,0.00,0.00,0.00,0.00,2,0
2026-06-12 16:47:56.179,0.00,0.00,0.00,0.00,2,0
2026-06-12 16:47:56.227,0.00,0.00,0.00,0.00,2,0
2026-06-12 16:47:56.278,0.00,0.00,0.00,0.00,2,0
2026-06-12 16:47:56.328,0.00,0.00,0.00,0.00,2,0
2026-06-12 16:47:56.378,0.00,0.00,0.00,0.00,2,0
2026-06-12 16:47:56.429,0.00,0.00,0.00,0.00,2,0
2026-06-12 16:47:56.479,0.00,0.00,0.00,0.00,2,0
2026-06-12 16:47:56.529,0.00,0.00,0.00,0.00,2,0
2026-06-12 16:47:56.580,0.00,0.00,0.00,0.00,2,0
2026-06-12 16:47:56.630,0.00,0.00,0.00,0.00,2,0
2026-06-12 16:47:56.681,0.00,0.00,0.00,0.00,2,0
2026-06-12 16:47:56.731,0.00,0.00,0.00,0.00,2,0
2026-06-12 16:47:56.781,0.00,0.00,0.00,0.00,2,0
2026-06-12 16:47:56.832,0.00,0.00,0.00,0.00,2,0
2026-06-12 16:47:56.882,0.00,0.00,0.00,0.00,2,0
2026-06-12 16:47:56.933,0.00,0.00,0.00,0.00,2,0
2026-06-12 16:47:56.983,0.00,0.00,0.00,0.00,2,0
2026-06-12 16:47:57.034,0.00,0.00,0.00,0.00,2,0
2026-06-12 16:47:57.084,0.00,0.00,0.00,0.00,2,0
2026-06-12 16:47:57.134,0.00,0.00,0.00,0.00,2,0
2026-06-12 16:47:57.185,0.00,0.00,0.00,0.00,2,0
2026-06-12 16:47:57.235,0.00,0.00,0.00,0.00,2,0
2026-06-12 16:47:57.287,0.00,0.00,0.00,0.00,2,0
2026-06-12 16:47:57.337,0.00,0.00,0.00,0.00,2,0
2026-06-12 16:47:57.388,0.00,0.00,0.00,0.00,2,0
2026-06-12 16:47:57.437,0.00,0.00,0.00,0.00,2,0
2026-06-12 16:47:57.487,0.00,0.00,0.00,0.00,2,0
2026-06-12 16:47:57.538,0.00,0.00,0.00,0.00,2,0
2026-06-12 16:47:57.588,0.00,0.00,0.00,0.00,2,0
2026-06-12 16:47:57.639,0.00,0.00,0.00,0.00,2,0
2026-06-12 16:47:57.689,0.00,0.00,0.00,0.00,2,0
2026-06-12 16:47:57.740,0.00,0.00,0.00,0.00,2,0
2026-06-12 16:47:57.790,0.00,0.00,0.00,0.00,2,0
2026-06-12 16:47:57.840,0.00,0.00,0.00,0.00,2,0
2026-06-12 16:47:57.891,0.00,0.00,0.00,0.00,2,0
2026-06-12 16:47:57.941,0.00,0.00,0.00,0.00,2,0
2026-06-12 16:47:57.991,0.00,0.00,0.00,0.00,2,0
2026-06-12 16:47:58.042,0.00,0.00,0.00,0.00,2,0
2026-06-12 16:47:58.092,0.00,0.00,0.00,0.00,2,0
2026-06-12 16:47:58.143,0.00,0.00,0.00,0.00,2,0
2026-06-12 16:47:58.193,0.00,0.00,0.00,0.00,2,0
2026-06-12 16:47:58.244,0.00,0.00,0.00,0.00,2,0
2026-06-12 16:47:58.294,0.00,0.00,0.00,0.00,2,0
2026-06-12 16:47:58.344,0.00,0.00,0.00,0.00,2,0
2026-06-12 16:47:58.395,0.00,0.00,0.00,0.00,2,0
2026-06-12 16:47:58.445,0.00,0.00,0.00,0.00,2,0
2026-06-12 16:47:58.496,0.00,0.00,0.00,0.00,2,0
2026-06-12 16:47:58.546,0.00,0.00,0.00,0.00,2,0
2026-06-12 16:47:58.597,0.00,0.00,0.00,0.00,2,0
2026-06-12 16:47:58.647,0.00,0.00,0.00,0.00,2,0
2026-06-12 16:47:58.697,0.00,0.00,0.00,0.00,2,0
2026-06-12 16:47:58.748,0.00,0.00,0.00,0.00,2,0
2026-06-12 16:47:58.799,0.00,0.00,0.00,0.00,2,0
2026-06-12 16:47:58.849,0.00,0.00,0.00,0.00,2,0
2026-06-12 16:47:58.899,0.00,0.00,0.00,0.00,2,0
2026-06-12 16:47:58.950,0.00,0.00,0.00,0.00,2,0
2026-06-12 16:47:59.000,0.00,0.00,0.00,0.00,2,0
2026-06-12 16:47:59.050,0.00,0.00,0.00,0.00,2,0
2026-06-12 16:47:59.101,0.00,0.00,0.00,0.00,2,0
2026-06-12 16:47:59.151,0.00,0.00,0.00,0.00,2,0
2026-06-12 16:47:59.202,0.00,0.00,0.00,0.00,2,0
2026-06-12 16:47:59.252,0.00,0.00,0.00,0.00,2,0
2026-06-12 16:47:59.302,0.00,0.00,0.00,0.00,2,0
2026-06-12 16:47:59.353,0.00,0.00,0.00,0.00,2,0
2026-06-12 16:47:59.403,0.00,0.00,0.00,0.00,2,0
2026-06-12 16:47:59.454,0.00,0.00,0.00,0.00,2,0
2026-06-12 16:47:59.505,0.00,0.00,0.00,0.00,2,0
2026-06-12 16:47:59.554,0.00,0.00,0.00,0.00,2,0
2026-06-12 16:47:59.605,0.00,0.00,0.00,0.00,2,0
2026-06-12 16:47:59.655,0.00,0.00,0.00,0.00,2,0
2026-06-12 16:47:59.707,0.00,0.00,0.00,0.00,2,0
2026-06-12 16:47:59.757,0.00,0.00,0.00,0.00,2,0
2026-06-12 16:47:59.807,0.00,0.00,0.00,0.00,2,0
2026-06-12 16:47:59.857,0.00,0.00,0.00,0.00,2,0
2026-06-12 16:47:59.907,0.00,0.00,0.00,0.00,2,0
2026-06-12 16:47:59.958,0.00,0.00,0.00,0.00,2,0
2026-06-12 16:48:00.008,0.00,0.00,0.00,0.00,2,0
2026-06-12 16:48:00.059,0.00,0.00,0.00,0.00,2,0
2026-06-12 16:48:00.109,0.00,0.00,0.00,0.00,2,0
2026-06-12 16:48:00.159,0.00,0.00,0.00,0.00,2,0
2026-06-12 16:48:00.210,0.00,0.00,0.00,0.00,2,0
2026-06-12 16:48:00.260,0.00,0.00,0.00,0.00,2,0
2026-06-12 16:48:00.311,0.00,0.00,0.00,0.00,2,0
2026-06-12 16:48:00.361,0.00,0.00,0.00,0.00,2,0
2026-06-12 16:48:00.412,0.00,0.00,0.00,0.00,2,0
2026-06-12 16:48:00.462,0.00,0.00,0.00,0.00,2,0
2026-06-12 16:48:00.512,0.00,0.00,0.00,0.00,2,0
2026-06-12 16:48:00.563,0.00,0.00,0.00,0.00,2,0
2026-06-12 16:48:00.613,0.00,0.00,0.00,0.00,2,0
2026-06-12 16:48:00.664,0.00,0.00,0.00,0.00,2,0
2026-06-12 16:48:00.714,0.00,0.00,0.00,0.00,2,0
2026-06-12 16:48:00.765,0.00,0.00,0.00,0.00,2,0
2026-06-12 16:48:00.815,0.00,0.00,0.00,0.00,2,0
2026-06-12 16:48:00.866,0.00,0.00,0.00,0.00,2,0
2026-06-12 16:48:00.916,0.00,0.00,0.00,0.00,2,0
2026-06-12 16:48:00.966,0.00,0.00,0.00,0.00,2,0
2026-06-12 16:48:01.017,0.00,0.00,0.00,0.00,2,0
2026-06-12 16:48:01.067,0.00,0.00,0.00,0.00,2,0
2026-06-12 16:48:01.118,0.00,0.00,0.00,0.00,2,0
2026-06-12 16:48:01.168,0.00,0.00,0.00,0.00,2,0
2026-06-12 16:48:01.218,0.00,0.00,0.00,0.00,2,0
2026-06-12 16:48:01.269,0.00,0.00,0.00,0.00,2,0
2026-06-12 16:48:01.319,0.00,0.00,0.00,0.00,2,0
2026-06-12 16:48:01.370,0.00,0.00,0.00,0.00,2,0
2026-06-12 16:48:01.420,0.00,0.00,0.00,0.00,2,0
2026-06-12 16:48:01.470,0.00,0.00,0.00,0.00,2,0
2026-06-12 16:48:01.521,0.00,0.00,0.00,0.00,2,0
2026-06-12 16:48:01.571,0.00,0.00,0.00,0.00,2,0
2026-06-12 16:48:01.622,0.00,0.00,0.00,0.00,2,0
2026-06-12 16:48:01.672,0.00,0.00,0.00,0.00,2,0
2026-06-12 16:48:01.722,0.00,0.00,0.00,0.00,2,0
2026-06-12 16:48:01.773,0.00,0.00,0.00,0.00,2,0
2026-06-12 16:48:01.823,0.00,0.00,0.00,0.00,2,0
2026-06-12 16:48:01.874,0.00,0.00,0.00,0.00,2,0
2026-06-12 16:48:01.924,0.00,0.00,0.00,0.00,2,0
2026-06-12 16:48:01.975,0.00,0.00,0.00,0.00,2,0
2026-06-12 16:48:02.025,0.00,0.00,0.00,0.00,2,0
2026-06-12 16:48:02.076,0.00,0.00,0.00,0.00,2,0
2026-06-12 16:48:02.127,0.00,0.00,0.00,0.00,2,0
2026-06-12 16:48:02.177,0.00,0.00,0.00,0.00,2,0
2026-06-12 16:48:02.227,0.00,0.00,0.00,0.00,2,0
2026-06-12 16:48:02.277,0.00,0.00,0.00,0.00,2,0
2026-06-12 16:48:02.328,0.00,0.00,0.00,0.00,2,0
2026-06-12 16:48:02.378,0.00,0.00,0.00,0.00,2,0
2026-06-12 16:48:02.429,0.00,0.00,0.00,0.00,2,0
2026-06-12 16:48:02.479,0.00,0.00,0.00,0.00,2,0
2026-06-12 16:48:02.529,0.00,0.00,0.00,0.00,2,0
2026-06-12 16:48:02.580,0.00,0.00,0.00,0.00,2,0
2026-06-12 16:48:02.630,0.00,0.00,0.00,0.00,2,0
2026-06-12 16:48:02.681,0.00,0.00,0.00,0.00,2,0
2026-06-12 16:48:02.731,0.00,0.00,0.00,0.00,2,0
2026-06-12 16:48:02.781,0.00,0.00,0.00,0.00,2,0
2026-06-12 16:48:02.832,0.00,0.00,0.00,0.00,2,0
2026-06-12 16:48:02.882,0.00,0.00,0.00,0.00,2,0
2026-06-12 16:48:02.933,0.00,0.00,0.00,0.00,2,0
2026-06-12 16:48:02.983,0.00,0.00,0.00,0.00,2,0
2026-06-12 16:48:03.033,0.00,0.00,0.00,0.00,2,0
2026-06-12 16:48:03.084,0.00,0.00,0.00,0.00,2,0
2026-06-12 16:48:03.134,0.00,0.00,0.00,0.00,2,0
2026-06-12 16:48:03.185,0.00,0.00,0.00,0.00,2,0
2026-06-12 16:48:03.235,0.00,0.00,0.00,0.00,2,0
2026-06-12 16:48:03.287,0.00,0.00,0.00,0.00,2,0
2026-06-12 16:48:03.337,0.00,0.00,0.00,0.00,2,0
2026-06-12 16:48:03.387,0.00,0.00,0.00,0.00,2,0
2026-06-12 16:48:03.437,0.00,0.00,0.00,0.00,2,0
2026-06-12 16:48:03.487,0.00,0.00,0.00,0.00,2,0
2026-06-12 16:48:03.538,0.00,0.00,0.00,0.00,2,0
2026-06-12 16:48:03.588,0.00,0.00,0.00,0.00,2,0
2026-06-12 16:48:03.638,0.00,0.00,0.00,0.00,2,0
2026-06-12 16:48:03.689,0.00,0.00,0.00,0.00,2,0
2026-06-12 16:48:03.739,0.00,0.00,0.00,0.00,2,0
2026-06-12 16:48:03.790,0.00,0.00,0.00,0.00,2,0
2026-06-12 16:48:03.840,0.00,0.00,0.00,0.00,2,0
2026-06-12 16:48:03.891,0.00,0.00,0.00,0.00,2,0
2026-06-12 16:48:03.941,0.00,0.00,0.00,0.00,2,0
2026-06-12 16:48:03.991,0.00,0.00,0.00,0.00,2,0
2026-06-12 16:48:04.042,0.00,0.00,0.00,0.00,2,0
2026-06-12 16:48:04.092,0.00,0.00,0.00,0.00,2,0
2026-06-12 16:48:04.143,0.00,0.00,0.00,0.00,2,0
2026-06-12 16:48:04.193,0.00,0.00,0.00,0.00,2,0
2026-06-12 16:48:04.243,0.00,0.00,0.00,0.00,2,0
2026-06-12 16:48:04.294,0.00,0.00,0.00,0.00,2,0
2026-06-12 16:48:04.345,0.00,0.00,0.00,0.00,2,0
2026-06-12 16:48:04.395,0.00,0.00,0.00,0.00,2,0
2026-06-12 16:48:04.445,0.00,0.00,0.00,0.00,2,0
2026-06-12 16:48:04.496,0.00,0.00,0.00,0.00,2,0
2026-06-12 16:48:04.546,0.00,0.00,0.00,0.00,2,0
2026-06-12 16:48:04.597,0.00,0.00,0.00,0.00,2,0
2026-06-12 16:48:04.647,0.00,0.00,0.00,0.00,2,0
2026-06-12 16:48:04.697,0.00,0.00,0.00,0.00,2,0
2026-06-12 16:48:04.751,0.00,0.00,0.00,0.00,2,0
2026-06-12 16:48:04.798,0.00,0.00,0.00,0.00,2,0
2026-06-12 16:48:04.848,0.00,0.00,0.00,0.00,2,0
2026-06-12 16:48:04.899,0.00,0.00,0.00,0.00,2,0
2026-06-12 16:48:04.949,0.00,0.00,0.00,0.00,2,0
2026-06-12 16:48:05.000,0.00,0.00,0.00,0.00,2,0
2026-06-12 16:48:05.050,0.00,0.00,0.00,0.00,2,0
2026-06-12 16:48:05.101,0.00,0.00,0.00,0.00,2,0
2026-06-12 16:48:05.151,0.00,0.00,0.00,0.00,2,0
2026-06-12 16:48:05.201,0.00,0.00,0.00,0.00,2,0
2026-06-12 16:48:05.252,0.00,0.00,0.00,0.00,2,0
2026-06-12 16:48:05.302,0.00,0.00,0.00,0.00,2,0
2026-06-12 16:48:05.353,0.00,0.00,0.00,0.00,2,0
2026-06-12 16:48:05.403,0.00,0.00,0.00,0.00,2,0
2026-06-12 16:48:05.453,0.00,0.00,0.00,0.00,2,0
2026-06-12 16:48:05.504,0.00,0.00,0.00,0.00,2,0
2026-06-12 16:48:05.554,0.00,0.00,0.00,0.00,2,0
2026-06-12 16:48:05.605,0.00,0.00,0.00,0.00,2,0
2026-06-12 16:48:05.655,0.00,0.00,0.00,0.00,2,0
2026-06-12 16:48:05.706,0.00,0.00,0.00,0.00,2,0
2026-06-12 16:48:05.757,0.00,0.00,0.00,0.00,2,0
2026-06-12 16:48:05.807,0.00,0.00,0.00,0.00,2,0
2026-06-12 16:48:05.857,0.00,0.00,0.00,0.00,2,0
2026-06-12 16:48:05.907,0.00,0.00,0.00,0.00,2,0
2026-06-12 16:48:05.958,0.00,0.00,0.00,0.00,2,0
2026-06-12 16:48:06.008,0.00,0.00,0.00,0.00,2,0
2026-06-12 16:48:06.059,0.00,0.00,0.00,0.00,2,0
2026-06-12 16:48:06.109,0.00,0.00,0.00,0.00,2,0
2026-06-12 16:48:06.159,0.00,0.00,0.00,0.00,2,0
2026-06-12 16:48:06.210,0.00,0.00,0.00,0.00,2,0
2026-06-12 16:48:06.260,0.00,0.00,0.00,0.00,2,0
2026-06-12 16:48:06.311,0.00,0.00,0.00,0.00,2,0
2026-06-12 16:48:06.361,0.00,0.00,0.00,0.00,2,0
2026-06-12 16:48:06.412,0.00,0.00,0.00,0.00,2,0
2026-06-12 16:48:06.462,0.00,0.00,0.00,0.00,2,0
2026-06-12 16:48:06.513,0.00,0.00,0.00,0.00,2,0
2026-06-12 16:48:06.563,0.00,0.00,0.00,0.00,2,0
2026-06-12 16:48:06.613,0.00,0.00,0.00,0.00,2,0
2026-06-12 16:48:06.663,0.00,0.00,0.00,0.00,2,0
2026-06-12 16:48:06.714,0.00,0.00,0.00,0.00,2,0
2026-06-12 16:48:06.764,0.00,0.00,0.00,0.00,2,0
2026-06-12 16:48:06.815,0.00,0.00,0.00,0.00,2,0
2026-06-12 16:48:06.866,0.00,0.00,0.00,0.00,2,0
2026-06-12 16:48:06.917,0.00,0.00,0.00,0.00,2,0
2026-06-12 16:48:06.967,0.00,0.00,0.00,0.00,2,0
2026-06-12 16:48:07.018,0.00,0.00,0.00,0.00,2,0
2026-06-12 16:48:07.067,0.00,0.00,0.00,0.00,2,0
2026-06-12 16:48:07.117,0.00,0.00,0.00,0.00,2,0
2026-06-12 16:48:07.168,0.00,0.00,0.00,0.00,2,0
2026-06-12 16:48:07.218,0.00,0.00,0.00,0.00,2,0
2026-06-12 16:48:07.269,0.00,0.00,0.00,0.00,2,0
2026-06-12 16:48:07.319,0.00,0.00,0.00,0.00,2,0
2026-06-12 16:48:07.369,0.00,0.00,0.00,0.00,2,0
2026-06-12 16:48:07.420,0.00,0.00,0.00,0.00,2,0
2026-06-12 16:48:07.470,0.00,0.00,0.00,0.00,2,0
2026-06-12 16:48:07.521,0.00,0.00,0.00,0.00,2,0
2026-06-12 16:48:07.571,0.00,0.00,0.00,0.00,2,0
2026-06-12 16:48:07.622,0.00,0.00,0.00,0.00,2,0
2026-06-12 16:48:07.672,0.00,0.00,0.00,0.00,2,0
2026-06-12 16:48:07.722,0.00,0.00,0.00,0.00,2,0
2026-06-12 16:48:07.773,0.00,0.00,0.00,0.00,2,0
2026-06-12 16:48:07.823,0.00,0.00,0.00,0.00,2,0
2026-06-12 16:48:07.874,0.00,0.00,0.00,0.00,2,0
2026-06-12 16:48:07.924,0.00,0.00,0.00,0.00,2,0
2026-06-12 16:48:07.974,0.00,0.00,0.00,0.00,2,0
2026-06-12 16:48:08.025,0.00,0.00,0.00,0.00,2,0
2026-06-12 16:48:08.075,0.00,0.00,0.00,0.00,2,0
2026-06-12 16:48:08.127,0.00,0.00,0.00,0.00,2,0
2026-06-12 16:48:08.176,0.00,0.00,0.00,0.00,2,0
2026-06-12 16:48:08.227,0.00,0.00,0.00,0.00,2,0
2026-06-12 16:48:08.277,0.00,0.00,0.00,0.00,2,0
2026-06-12 16:48:08.327,0.00,0.00,0.00,0.00,2,0
2026-06-12 16:48:08.378,0.00,0.00,0.00,0.00,2,0
2026-06-12 16:48:08.428,0.00,0.00,0.00,0.00,2,0
2026-06-12 16:48:08.479,0.00,0.00,0.00,0.00,2,0
2026-06-12 16:48:08.529,0.00,0.00,0.00,0.00,2,0
2026-06-12 16:48:08.579,0.00,0.00,0.00,0.00,2,0
2026-06-12 16:48:08.630,0.00,0.00,0.00,0.00,2,0
2026-06-12 16:48:08.680,0.00,0.00,0.00,0.00,2,0
2026-06-12 16:48:08.731,0.00,0.00,0.00,0.00,2,0
2026-06-12 16:48:08.781,0.00,0.00,0.00,0.00,2,0
2026-06-12 16:48:08.832,0.00,0.00,0.00,0.00,2,0
2026-06-12 16:48:08.882,0.00,0.00,0.00,0.00,2,0
2026-06-12 16:48:08.932,0.00,0.00,0.00,0.00,2,0
2026-06-12 16:48:08.983,0.00,0.00,0.00,0.00,2,0
2026-06-12 16:48:09.033,0.00,0.00,0.00,0.00,2,0
2026-06-12 16:48:09.084,0.00,0.00,0.00,0.00,2,0
2026-06-12 16:48:09.134,0.00,0.00,0.00,0.00,2,0
2026-06-12 16:48:09.184,0.00,0.00,0.00,0.00,2,0
2026-06-12 16:48:09.235,0.00,0.00,0.00,0.00,2,0
2026-06-12 16:48:09.285,0.00,0.00,0.00,0.00,2,0
2026-06-12 16:48:09.337,0.00,0.00,0.00,0.00,2,0
2026-06-12 16:48:09.387,0.00,0.00,0.00,0.00,2,0
2026-06-12 16:48:09.437,0.00,0.00,0.00,0.00,2,0
2026-06-12 16:48:09.487,0.00,0.00,0.00,0.00,2,0
2026-06-12 16:48:09.537,0.00,0.00,0.00,0.00,2,0
2026-06-12 16:48:09.588,0.00,0.00,0.00,0.00,2,0
2026-06-12 16:48:09.638,0.00,0.00,0.00,0.00,2,0
2026-06-12 16:48:09.689,0.00,0.00,0.00,0.00,2,0
2026-06-12 16:48:09.739,0.00,0.00,0.00,0.00,2,0
2026-06-12 16:48:09.789,0.00,0.00,0.00,0.00,2,0
2026-06-12 16:48:09.840,0.00,0.00,0.00,0.00,2,0
2026-06-12 16:48:09.891,0.00,0.00,0.00,0.00,2,0
2026-06-12 16:48:09.941,0.00,0.00,0.00,0.00,2,0
2026-06-12 16:48:09.991,0.00,0.00,0.00,0.00,2,0
2026-06-12 16:48:10.042,0.00,0.00,0.00,0.00,2,0
2026-06-12 16:48:10.092,0.00,0.00,0.00,0.00,2,0
2026-06-12 16:48:10.142,0.00,0.00,0.00,0.00,2,0
2026-06-12 16:48:10.193,0.00,0.00,0.00,0.00,2,0
2026-06-12 16:48:10.243,0.00,0.00,0.00,0.00,2,0
2026-06-12 16:48:10.294,0.00,0.00,0.00,0.00,2,0
2026-06-12 16:48:10.344,0.00,0.00,0.00,0.00,2,0
2026-06-12 16:48:10.394,0.00,0.00,0.00,0.00,2,0
2026-06-12 16:48:10.445,0.00,0.00,0.00,0.00,2,0
2026-06-12 16:48:10.495,0.00,0.00,0.00,0.00,2,0
2026-06-12 16:48:10.546,0.00,0.00,0.00,0.00,2,0
2026-06-12 16:48:10.597,0.00,0.00,0.00,0.00,2,0
2026-06-12 16:48:10.647,0.00,0.00,0.00,0.00,2,0
2026-06-12 16:48:10.697,0.00,0.00,0.00,0.00,2,0
2026-06-12 16:48:10.747,0.00,0.00,0.00,0.00,2,0
2026-06-12 16:48:10.798,0.00,0.00,0.00,0.00,2,0
2026-06-12 16:48:10.848,0.00,0.00,0.00,0.00,2,0
2026-06-12 16:48:10.899,0.00,0.00,0.00,0.00,2,0
2026-06-12 16:48:10.949,0.00,0.00,0.00,0.00,2,0
2026-06-12 16:48:10.999,0.00,0.00,0.00,0.00,2,0
2026-06-12 16:48:11.050,0.00,0.00,0.00,0.00,2,0
2026-06-12 16:48:11.100,0.00,0.00,0.00,0.00,2,0
2026-06-12 16:48:11.151,0.00,0.00,0.00,0.00,2,0
2026-06-12 16:48:11.201,0.00,0.00,0.00,0.00,2,0
2026-06-12 16:48:11.251,0.00,0.00,0.00,0.00,2,0
2026-06-12 16:48:11.302,0.00,0.00,0.00,0.00,2,0
2026-06-12 16:48:11.352,0.00,0.00,0.00,0.00,2,0
2026-06-12 16:48:11.403,0.00,0.00,0.00,0.00,2,0
2026-06-12 16:48:11.453,0.00,0.00,0.00,0.00,2,0
2026-06-12 16:48:11.504,0.00,0.00,0.00,0.00,2,0
2026-06-12 16:48:11.554,0.00,0.00,0.00,0.00,2,0
2026-06-12 16:48:11.604,0.00,0.00,0.00,0.00,2,0
2026-06-12 16:48:11.655,0.00,0.00,0.00,0.00,2,0
2026-06-12 16:48:11.705,0.00,0.00,0.00,0.00,2,0
2026-06-12 16:48:11.757,0.00,0.00,0.00,0.00,2,0
2026-06-12 16:48:11.807,0.00,0.00,0.00,0.00,2,0
2026-06-12 16:48:11.857,0.00,0.00,0.00,0.00,2,0
2026-06-12 16:48:11.907,0.00,0.00,0.00,0.00,2,0
2026-06-12 16:48:11.957,0.00,0.00,0.00,0.00,2,0
2026-06-12 16:48:12.008,0.00,0.00,0.00,0.00,2,0
2026-06-12 16:48:12.058,0.00,0.00,0.00,0.00,2,0
2026-06-12 16:48:12.109,0.00,0.00,0.00,0.00,2,0
2026-06-12 16:48:12.159,0.00,0.00,0.00,0.00,2,0
2026-06-12 16:48:12.210,0.00,0.00,0.00,0.00,2,0
2026-06-12 16:48:12.260,0.00,0.00,0.00,0.00,2,0
2026-06-12 16:48:12.310,0.00,0.00,0.00,0.00,2,0
2026-06-12 16:48:12.361,0.00,0.00,0.00,0.00,2,0
2026-06-12 16:48:12.411,0.00,0.00,0.00,0.00,2,0
2026-06-12 16:48:12.462,0.00,0.00,0.00,0.00,2,0
2026-06-12 16:48:12.512,0.00,0.00,0.00,0.00,2,0
2026-06-12 16:48:12.562,0.00,0.00,0.00,0.00,2,0
2026-06-12 16:48:12.613,0.00,0.00,0.00,0.00,2,0
2026-06-12 16:48:12.663,0.00,0.00,0.00,0.00,2,0
2026-06-12 16:48:12.714,0.00,0.00,0.00,0.00,2,0
2026-06-12 16:48:12.764,0.00,0.00,0.00,0.00,2,0
2026-06-12 16:48:12.814,0.00,0.00,0.00,0.00,2,0
2026-06-12 16:48:12.865,0.00,0.00,0.00,0.00,2,0
2026-06-12 16:48:12.915,0.00,0.00,0.00,0.00,2,0
2026-06-12 16:48:12.967,0.00,0.00,0.00,0.00,2,0
2026-06-12 16:48:13.017,0.00,0.00,0.00,0.00,2,0
2026-06-12 16:48:13.067,0.00,0.00,0.00,0.00,2,0
2026-06-12 16:48:13.117,0.00,0.00,0.00,0.00,2,0
2026-06-12 16:48:13.167,0.00,0.00,0.00,0.00,2,0
2026-06-12 16:48:13.218,0.00,0.00,0.00,0.00,2,0
2026-06-12 16:48:13.269,0.00,0.00,0.00,0.00,2,0
2026-06-12 16:48:13.319,0.00,0.00,0.00,0.00,2,0
2026-06-12 16:48:13.369,0.00,0.00,0.00,0.00,2,0
2026-06-12 16:48:13.419,0.00,0.00,0.00,0.00,2,0
2026-06-12 16:48:13.470,0.00,0.00,0.00,0.00,2,0
2026-06-12 16:48:13.520,0.00,0.00,0.00,0.00,2,0
2026-06-12 16:48:13.571,0.00,0.00,0.00,0.00,2,0
2026-06-12 16:48:13.621,0.00,0.00,0.00,0.00,2,0
2026-06-12 16:48:13.672,0.00,0.00,0.00,0.00,2,0
2026-06-12 16:48:13.722,0.00,0.00,0.00,0.00,2,0
2026-06-12 16:48:13.772,0.00,0.00,0.00,0.00,2,0
2026-06-12 16:48:13.823,0.00,0.00,0.00,0.00,2,0
2026-06-12 16:48:13.873,0.00,0.00,0.00,0.00,2,0
2026-06-12 16:48:13.924,0.00,0.00,0.00,0.00,2,0
2026-06-12 16:48:13.974,0.00,0.00,0.00,0.00,2,0
2026-06-12 16:48:14.024,0.00,0.00,0.00,0.00,2,0
2026-06-12 16:48:14.075,0.00,0.00,0.00,0.00,2,0
2026-06-12 16:48:14.125,0.00,0.00,0.00,0.00,2,0
2026-06-12 16:48:14.176,0.00,0.00,0.00,0.00,2,0
2026-06-12 16:48:14.226,0.00,0.00,0.00,0.00,2,0
2026-06-12 16:48:14.277,0.00,0.00,0.00,0.00,2,0
2026-06-12 16:48:14.327,0.00,0.00,0.00,0.00,2,0
2026-06-12 16:48:14.377,0.00,0.00,0.00,0.00,2,0
2026-06-12 16:48:14.428,0.00,0.00,0.00,0.00,2,0
2026-06-12 16:48:14.478,0.00,0.00,0.00,0.00,2,0
2026-06-12 16:48:14.529,0.00,0.00,0.00,0.00,2,0
2026-06-12 16:48:14.579,0.00,0.00,0.00,0.00,2,0
2026-06-12 16:48:14.629,0.00,0.00,0.00,0.00,2,0
2026-06-12 16:48:14.680,0.00,0.00,0.00,0.00,2,0
2026-06-12 16:48:14.730,0.00,0.00,0.00,0.00,2,0
2026-06-12 16:48:14.781,0.00,0.00,0.00,0.00,2,0
2026-06-12 16:48:14.831,0.00,0.00,0.00,0.00,2,0
2026-06-12 16:48:14.882,0.00,0.00,0.00,0.00,2,0
2026-06-12 16:48:14.932,0.00,0.00,0.00,0.00,2,0
2026-06-12 16:48:14.982,0.00,0.00,0.00,0.00,2,0
2026-06-12 16:48:15.033,0.00,0.00,0.00,0.00,2,0
2026-06-12 16:48:15.083,0.00,0.00,0.00,0.00,2,0
2026-06-12 16:48:15.134,0.00,0.00,0.00,0.00,2,0
2026-06-12 16:48:15.184,0.00,0.00,0.00,0.00,2,0
2026-06-12 16:48:15.234,0.00,0.00,0.00,0.00,2,0
2026-06-12 16:48:15.285,0.00,0.00,0.00,0.00,2,0
2026-06-12 16:48:15.335,0.00,0.00,0.00,0.00,2,0
2026-06-12 16:48:15.387,0.00,0.00,0.00,0.00,2,0
2026-06-12 16:48:15.437,0.00,0.00,0.00,0.00,2,0
2026-06-12 16:48:15.487,0.00,0.00,0.00,0.00,2,0
2026-06-12 16:48:15.537,0.00,0.00,0.00,0.00,2,0
2026-06-12 16:48:15.587,0.00,0.00,0.00,0.00,2,0
2026-06-12 16:48:15.638,0.00,0.00,0.00,0.00,2,0
2026-06-12 16:48:15.688,0.00,0.00,0.00,0.00,2,0
2026-06-12 16:48:15.739,0.00,0.00,0.00,0.00,2,0
2026-06-12 16:48:15.789,0.00,0.00,0.00,0.00,2,0
2026-06-12 16:48:15.839,0.00,0.00,0.00,0.00,2,0
2026-06-12 16:48:15.890,0.00,0.00,0.00,0.00,2,0
2026-06-12 16:48:15.941,0.00,0.00,0.00,0.00,2,0
2026-06-12 16:48:15.991,0.00,0.00,0.00,0.00,2,0
2026-06-12 16:48:16.041,0.00,0.00,0.00,0.00,2,0
2026-06-12 16:48:16.092,0.00,0.00,0.00,0.00,2,0
2026-06-12 16:48:16.142,0.00,0.00,0.00,0.00,2,0
2026-06-12 16:48:16.192,0.00,0.00,0.00,0.00,2,0
2026-06-12 16:48:16.243,0.00,0.00,0.00,0.00,2,0
2026-06-12 16:48:16.293,0.00,0.00,0.00,0.00,2,0
2026-06-12 16:48:16.344,0.00,0.00,0.00,0.00,2,0
2026-06-12 16:48:16.394,0.00,0.00,0.00,0.00,2,0
2026-06-12 16:48:16.445,0.00,0.00,0.00,0.00,2,0
2026-06-12 16:48:16.495,0.00,0.00,0.00,0.00,2,0
2026-06-12 16:48:16.545,0.00,0.00,0.00,0.00,2,0
2026-06-12 16:48:16.596,0.00,0.00,0.00,0.00,2,0
2026-06-12 16:48:16.647,0.00,0.00,0.00,0.00,2,0
2026-06-12 16:48:16.697,0.00,0.00,0.00,0.00,2,0
2026-06-12 16:48:16.747,0.00,0.00,0.00,0.00,2,0
2026-06-12 16:48:16.798,0.00,0.00,0.00,0.00,2,0
2026-06-12 16:48:16.848,0.00,0.00,0.00,0.00,2,0
2026-06-12 16:48:16.899,0.00,0.00,0.00,0.00,2,0
2026-06-12 16:48:16.949,0.00,0.00,0.00,0.00,2,0
2026-06-12 16:48:16.999,0.00,0.00,0.00,0.00,2,0
2026-06-12 16:48:17.049,0.00,0.00,0.00,0.00,2,0
2026-06-12 16:48:17.100,0.00,0.00,0.00,0.00,2,0
2026-06-12 16:48:17.150,0.00,0.00,0.00,0.00,2,0
2026-06-12 16:48:17.201,0.00,0.00,0.00,0.00,2,0
2026-06-12 16:48:17.251,0.00,0.00,0.00,0.00,2,0
2026-06-12 16:48:17.302,0.00,0.00,0.00,0.00,2,0
2026-06-12 16:48:17.357,0.00,0.00,0.00,0.00,2,0
2026-06-12 16:48:17.402,0.00,0.00,0.00,0.00,2,0
2026-06-12 16:48:17.453,0.00,0.00,0.00,0.00,2,0
2026-06-12 16:48:17.503,0.00,0.00,0.00,0.00,2,0
2026-06-12 16:48:17.554,0.00,0.00,0.00,0.00,2,0
2026-06-12 16:48:17.604,0.00,0.00,0.00,0.00,2,0
2026-06-12 16:48:17.654,0.00,0.00,0.00,0.00,2,0
2026-06-12 16:48:17.705,0.00,0.00,0.00,0.00,2,0
2026-06-12 16:48:17.755,0.00,0.00,0.00,0.00,2,0
2026-06-12 16:48:17.807,0.00,0.00,0.00,0.00,2,0
2026-06-12 16:48:17.857,0.00,0.00,0.00,0.00,2,0
2026-06-12 16:48:17.907,0.00,0.00,0.00,0.00,2,0
2026-06-12 16:48:17.957,0.00,0.00,0.00,0.00,2,0
2026-06-12 16:48:18.008,0.00,0.00,0.00,0.00,2,0
2026-06-12 16:48:18.060,0.00,0.00,0.00,0.00,2,0
2026-06-12 16:48:18.108,0.00,0.00,0.00,0.00,2,0
2026-06-12 16:48:18.159,0.00,0.00,0.00,0.00,2,0
2026-06-12 16:48:18.209,0.00,0.00,0.00,0.00,2,0
2026-06-12 16:48:18.260,0.00,0.00,0.00,0.00,2,0
2026-06-12 16:48:18.310,0.00,0.00,0.00,0.00,2,0
2026-06-12 16:48:18.360,0.00,0.00,0.00,0.00,2,0
2026-06-12 16:48:18.411,0.00,0.00,0.00,0.00,2,0
2026-06-12 16:48:18.461,0.00,0.00,0.00,0.00,2,0
2026-06-12 16:48:18.512,0.00,0.00,0.00,0.00,2,0
2026-06-12 16:48:18.562,0.00,0.00,0.00,0.00,2,0
2026-06-12 16:48:18.612,0.00,0.00,0.00,0.00,2,0
2026-06-12 16:48:18.663,0.00,0.00,0.00,0.00,2,0
2026-06-12 16:48:18.713,0.00,0.00,0.00,0.00,2,0
2026-06-12 16:48:18.765,0.00,0.00,0.00,0.00,2,0
2026-06-12 16:48:18.814,0.00,0.00,0.00,0.00,2,0
2026-06-12 16:48:18.864,0.00,0.00,0.00,0.00,2,0
2026-06-12 16:48:18.915,0.00,0.00,0.00,0.00,2,0
2026-06-12 16:48:18.966,0.00,0.00,0.00,0.00,2,0
2026-06-12 16:48:19.017,0.00,0.00,0.00,0.00,2,0
2026-06-12 16:48:19.066,0.00,0.00,0.00,0.00,2,0
2026-06-12 16:48:19.118,0.00,0.00,0.00,0.00,2,0
2026-06-12 16:48:19.167,0.00,0.00,0.00,0.00,2,0
2026-06-12 16:48:19.219,0.00,0.00,0.00,0.00,2,0
2026-06-12 16:48:19.268,0.00,0.00,0.00,0.00,2,0
2026-06-12 16:48:19.318,0.00,0.00,0.00,0.00,2,0
2026-06-12 16:48:19.369,0.00,0.00,0.00,0.00,2,0
2026-06-12 16:48:19.419,0.00,0.00,0.00,0.00,2,0
2026-06-12 16:48:19.469,0.00,0.00,0.00,0.00,2,0
2026-06-12 16:48:19.520,0.00,0.00,0.00,0.00,2,0
2026-06-12 16:48:19.570,0.00,0.00,0.00,0.00,2,0
2026-06-12 16:48:19.621,0.00,0.00,0.00,0.00,2,0
2026-06-12 16:48:19.671,0.00,0.00,0.00,0.00,2,0
2026-06-12 16:48:19.722,0.00,0.00,0.00,0.00,2,0
2026-06-12 16:48:19.772,0.00,0.00,0.00,0.00,2,0
2026-06-12 16:48:19.822,0.00,0.00,0.00,0.00,2,0
2026-06-12 16:48:19.873,0.00,0.00,0.00,0.00,2,0
2026-06-12 16:48:19.923,0.00,0.00,0.00,0.00,2,0
2026-06-12 16:48:19.974,0.00,0.00,0.00,0.00,2,0
2026-06-12 16:48:20.024,0.00,0.00,0.00,0.00,2,0
2026-06-12 16:48:20.074,0.00,0.00,0.00,0.00,2,0
2026-06-12 16:48:20.125,0.00,0.00,0.00,0.00,2,0
2026-06-12 16:48:20.175,0.00,0.00,0.00,0.00,2,0
2026-06-12 16:48:20.226,0.00,0.00,0.00,0.00,2,0
2026-06-12 16:48:20.277,0.00,0.00,0.00,0.00,2,0
2026-06-12 16:48:20.327,0.00,0.00,0.00,0.00,2,0
2026-06-12 16:48:20.377,0.00,0.00,0.00,0.00,2,0
2026-06-12 16:48:20.427,0.00,0.00,0.00,0.00,2,0
2026-06-12 16:48:20.478,0.00,0.00,0.00,0.00,2,0
2026-06-12 16:48:20.528,0.00,0.00,0.00,0.00,2,0
2026-06-12 16:48:20.579,0.00,0.00,0.00,0.00,2,0
2026-06-12 16:48:20.629,0.00,0.00,0.00,0.00,2,0
2026-06-12 16:48:20.679,0.00,0.00,0.00,0.00,2,0
2026-06-12 16:48:20.730,0.00,0.00,0.00,0.00,2,0
2026-06-12 16:48:20.780,0.00,0.00,0.00,0.00,2,0
2026-06-12 16:48:20.831,0.00,0.00,0.00,0.00,2,0
2026-06-12 16:48:20.881,0.00,0.00,0.00,0.00,2,0
2026-06-12 16:48:20.932,0.00,0.00,0.00,0.00,2,0
2026-06-12 16:48:20.982,0.00,0.00,0.00,0.00,2,0
2026-06-12 16:48:21.032,0.00,0.00,0.00,0.00,2,0
2026-06-12 16:48:21.083,0.00,0.00,0.00,0.00,2,0
2026-06-12 16:48:21.133,0.00,0.00,0.00,0.00,2,0
2026-06-12 16:48:21.184,0.00,0.00,0.00,0.00,2,0
2026-06-12 16:48:21.234,0.00,0.00,0.00,0.00,2,0
2026-06-12 16:48:21.285,0.00,0.00,0.00,0.00,2,0
2026-06-12 16:48:21.335,0.00,0.00,0.00,0.00,2,0
2026-06-12 16:48:21.385,0.00,0.00,0.00,0.00,2,0
2026-06-12 16:48:21.436,0.00,0.00,0.00,0.00,2,0
2026-06-12 16:48:21.486,0.00,0.00,0.00,0.00,2,0
2026-06-12 16:48:21.537,0.00,0.00,0.00,0.00,2,0
2026-06-12 16:48:21.587,0.00,0.00,0.00,0.00,2,0
2026-06-12 16:48:21.637,0.00,0.00,0.00,0.00,2,0
2026-06-12 16:48:21.688,0.00,0.00,0.00,0.00,2,0
2026-06-12 16:48:21.738,0.00,0.00,0.00,0.00,2,0
2026-06-12 16:48:21.789,0.00,0.00,0.00,0.00,2,0
2026-06-12 16:48:21.839,0.00,0.00,0.00,0.00,2,0
2026-06-12 16:48:21.890,0.00,0.00,0.00,0.00,2,0
2026-06-12 16:48:21.940,0.00,0.00,0.00,0.00,2,0
2026-06-12 16:48:21.990,0.00,0.00,0.00,0.00,2,0
2026-06-12 16:48:22.041,0.00,0.00,0.00,0.00,2,0
2026-06-12 16:48:22.091,0.00,0.00,0.00,0.00,2,0
2026-06-12 16:48:22.142,0.00,0.00,0.00,0.00,2,0
2026-06-12 16:48:22.192,0.00,0.00,0.00,0.00,2,0
2026-06-12 16:48:22.242,0.00,0.00,0.00,0.00,2,0
2026-06-12 16:48:22.293,0.00,0.00,0.00,0.00,2,0
2026-06-12 16:48:22.343,0.00,0.00,0.00,0.00,2,0
2026-06-12 16:48:22.394,0.00,0.00,0.00,0.00,2,0
2026-06-12 16:48:22.444,0.00,0.00,0.00,0.00,2,0
2026-06-12 16:48:22.494,0.00,0.00,0.00,0.00,2,0
2026-06-12 16:48:22.545,0.00,0.00,0.00,0.00,2,0
2026-06-12 16:48:22.595,0.00,0.00,0.00,0.00,2,0
2026-06-12 16:48:22.646,0.00,0.00,0.00,0.00,2,0
2026-06-12 16:48:22.696,0.00,0.00,0.00,0.00,2,0
2026-06-12 16:48:22.747,0.00,0.00,0.00,0.00,2,0
2026-06-12 16:48:22.797,0.00,0.00,0.00,0.00,2,0
2026-06-12 16:48:22.847,0.00,0.00,0.00,0.00,2,0
2026-06-12 16:48:22.898,0.00,0.00,0.00,0.00,2,0
2026-06-12 16:48:22.948,0.00,0.00,0.00,0.00,2,0
2026-06-12 16:48:22.998,0.00,0.00,0.00,0.00,2,0
2026-06-12 16:48:23.049,0.00,0.00,0.00,0.00,2,0
2026-06-12 16:48:23.099,0.00,0.00,0.00,0.00,2,0
2026-06-12 16:48:23.150,0.00,0.00,0.00,0.00,2,0
2026-06-12 16:48:23.200,0.00,0.00,0.00,0.00,2,0
2026-06-12 16:48:23.251,0.00,0.00,0.00,0.00,2,0
2026-06-12 16:48:23.301,0.00,0.00,0.00,0.00,2,0
2026-06-12 16:48:23.351,0.00,0.00,0.00,0.00,2,0
2026-06-12 16:48:23.402,0.00,0.00,0.00,0.00,2,0
2026-06-12 16:48:23.453,0.00,0.00,0.00,0.00,2,0
2026-06-12 16:48:23.503,0.00,0.00,0.00,0.00,2,0
2026-06-12 16:48:23.553,0.00,0.00,0.00,0.00,2,0
2026-06-12 16:48:23.604,0.00,0.00,0.00,0.00,2,0
2026-06-12 16:48:23.654,0.00,0.00,0.00,0.00,2,0
2026-06-12 16:48:23.704,0.00,0.00,0.00,0.00,2,0
2026-06-12 16:48:23.755,0.00,0.00,0.00,0.00,2,0
2026-06-12 16:48:23.806,0.00,0.00,0.00,0.00,2,0
2026-06-12 16:48:23.857,0.00,0.00,0.00,0.00,2,0
2026-06-12 16:48:23.906,0.00,0.00,0.00,0.00,2,0
2026-06-12 16:48:23.957,0.00,0.00,0.00,0.00,2,0
2026-06-12 16:48:24.011,0.00,0.00,0.00,0.00,2,0
2026-06-12 16:48:24.057,0.00,0.00,0.00,0.00,2,0
2026-06-12 16:48:24.108,0.00,0.00,0.00,0.00,2,0
2026-06-12 16:48:24.158,0.00,0.00,0.00,0.00,2,0
2026-06-12 16:48:24.209,0.00,0.00,0.00,0.00,2,0
2026-06-12 16:48:24.259,0.00,0.00,0.00,0.00,2,0
2026-06-12 16:48:24.309,0.00,0.00,0.00,0.00,2,0
2026-06-12 16:48:24.360,0.00,0.00,0.00,0.00,2,0
2026-06-12 16:48:24.410,0.00,0.00,0.00,0.00,2,0
2026-06-12 16:48:24.461,0.00,0.00,0.00,0.00,2,0
2026-06-12 16:48:24.511,0.00,0.00,0.00,0.00,2,0
2026-06-12 16:48:24.561,0.00,0.00,0.00,0.00,2,0
2026-06-12 16:48:24.612,0.00,0.00,0.00,0.00,2,0
2026-06-12 16:48:24.662,0.00,0.00,0.00,0.00,2,0
2026-06-12 16:48:24.713,0.00,0.00,0.00,0.00,2,0
2026-06-12 16:48:24.763,0.00,0.00,0.00,0.00,2,0
2026-06-12 16:48:24.814,0.00,0.00,0.00,0.00,2,0
2026-06-12 16:48:24.864,0.00,0.00,0.00,0.00,2,0
2026-06-12 16:48:24.914,0.00,0.00,0.00,0.00,2,0
2026-06-12 16:48:24.965,0.00,0.00,0.00,0.00,2,0
2026-06-12 16:48:25.015,0.00,0.00,0.00,0.00,2,0
2026-06-12 16:48:25.067,0.00,0.00,0.00,0.00,2,0
2026-06-12 16:48:25.117,0.00,0.00,0.00,0.00,2,0
2026-06-12 16:48:25.166,0.00,0.00,0.00,0.00,2,0
2026-06-12 16:48:25.217,0.00,0.00,0.00,0.00,2,0
2026-06-12 16:48:25.267,0.00,0.00,0.00,0.00,2,0
2026-06-12 16:48:25.318,0.00,0.00,0.00,0.00,2,0
2026-06-12 16:48:25.368,0.00,0.00,0.00,0.00,2,0
2026-06-12 16:48:25.419,0.00,0.00,0.00,0.00,2,0
2026-06-12 16:48:25.469,0.00,0.00,0.00,0.00,2,0
2026-06-12 16:48:25.519,0.00,0.00,0.00,0.00,2,0
2026-06-12 16:48:25.570,0.00,0.00,0.00,0.00,2,0
2026-06-12 16:48:25.620,0.00,0.00,0.00,0.00,2,0
2026-06-12 16:48:25.671,0.00,0.00,0.00,0.00,2,0
2026-06-12 16:48:25.721,0.00,0.00,0.00,0.00,2,0
2026-06-12 16:48:25.771,0.00,0.00,0.00,0.00,2,0
2026-06-12 16:48:25.822,0.00,0.00,0.00,0.00,2,0
2026-06-12 16:48:25.872,0.00,0.00,0.00,0.00,2,0
2026-06-12 16:48:25.923,0.00,0.00,0.00,0.00,2,0
2026-06-12 16:48:25.973,0.00,0.00,0.00,0.00,2,0
2026-06-12 16:48:26.024,0.00,0.00,0.00,0.00,2,0
2026-06-12 16:48:26.074,0.00,0.00,0.00,0.00,2,0
2026-06-12 16:48:26.125,0.00,0.00,0.00,0.00,2,0
2026-06-12 16:48:26.175,0.00,0.00,0.00,0.00,2,0
2026-06-12 16:48:26.225,0.00,0.00,0.00,0.00,2,0
2026-06-12 16:48:26.276,0.00,0.00,0.00,0.00,2,0
2026-06-12 16:48:26.326,0.00,0.00,0.00,0.00,2,0
2026-06-12 16:48:26.377,0.00,0.00,0.00,0.00,2,0
2026-06-12 16:48:26.427,0.00,0.00,0.00,0.00,2,0
2026-06-12 16:48:26.477,0.00,0.00,0.00,0.00,2,0
2026-06-12 16:48:26.528,0.00,0.00,0.00,0.00,2,0
2026-06-12 16:48:26.578,0.00,0.00,0.00,0.00,2,0
2026-06-12 16:48:26.628,0.00,0.00,0.00,0.00,2,0
2026-06-12 16:48:26.679,0.00,0.00,0.00,0.00,2,0
2026-06-12 16:48:26.729,0.00,0.00,0.00,0.00,2,0
2026-06-12 16:48:26.780,0.00,0.00,0.00,0.00,2,0
2026-06-12 16:48:26.830,0.00,0.00,0.00,0.00,2,0
2026-06-12 16:48:26.881,0.00,0.00,0.00,0.00,2,0
2026-06-12 16:48:26.931,0.00,0.00,0.00,0.00,2,0
2026-06-12 16:48:26.981,0.00,0.00,0.00,0.00,2,0
2026-06-12 16:48:27.032,0.00,0.00,0.00,0.00,2,0
2026-06-12 16:48:27.082,0.00,0.00,0.00,0.00,2,0
2026-06-12 16:48:27.133,0.00,0.00,0.00,0.00,2,0
2026-06-12 16:48:27.183,0.00,0.00,0.00,0.00,2,0
2026-06-12 16:48:27.233,0.00,0.00,0.00,0.00,2,0
2026-06-12 16:48:27.284,0.00,0.00,0.00,0.00,2,0
2026-06-12 16:48:27.334,0.00,0.00,0.00,0.00,2,0
2026-06-12 16:48:27.385,0.00,0.00,0.00,0.00,2,0
2026-06-12 16:48:27.435,0.00,0.00,0.00,0.00,2,0
2026-06-12 16:48:27.486,0.00,0.00,0.00,0.00,2,0
2026-06-12 16:48:27.537,0.00,0.00,0.00,0.00,2,0
2026-06-12 16:48:27.587,0.00,0.00,0.00,0.00,2,0
2026-06-12 16:48:27.637,0.00,0.00,0.00,0.00,2,0
2026-06-12 16:48:27.687,0.00,0.00,0.00,0.00,2,0
2026-06-12 16:48:27.738,0.00,0.00,0.00,0.00,2,0
2026-06-12 16:48:27.788,0.00,0.00,0.00,0.00,2,0
2026-06-12 16:48:27.838,0.00,0.00,0.00,0.00,2,0
2026-06-12 16:48:27.889,0.00,0.00,0.00,0.00,2,0
2026-06-12 16:48:27.939,0.00,0.00,0.00,0.00,2,0
2026-06-12 16:48:27.990,0.00,0.00,0.00,0.00,2,0
2026-06-12 16:48:28.040,0.00,0.00,0.00,0.00,2,0
2026-06-12 16:48:28.090,0.00,0.00,0.00,0.00,2,0
2026-06-12 16:48:28.141,0.00,0.00,0.00,0.00,2,0
2026-06-12 16:48:28.191,0.00,0.00,0.00,0.00,2,0
2026-06-12 16:48:28.242,0.00,0.00,0.00,0.00,2,0
2026-06-12 16:48:28.292,0.00,0.00,0.00,0.00,2,0
2026-06-12 16:48:28.343,0.00,0.00,0.00,0.00,2,0
2026-06-12 16:48:28.393,0.00,0.00,0.00,0.00,2,0
2026-06-12 16:48:28.443,0.00,0.00,0.00,0.00,2,0
2026-06-12 16:48:28.494,0.00,0.00,0.00,0.00,2,0
2026-06-12 16:48:28.544,0.00,0.00,0.00,0.00,2,0
2026-06-12 16:48:28.595,0.00,0.00,0.00,0.00,2,0
2026-06-12 16:48:28.645,0.00,0.00,0.00,0.00,2,0
2026-06-12 16:48:28.696,0.00,0.00,0.00,0.00,2,0
2026-06-12 16:48:28.746,0.00,0.00,0.00,0.00,2,0
2026-06-12 16:48:28.796,0.00,0.00,0.00,0.00,2,0
2026-06-12 16:48:28.847,0.00,0.00,0.00,0.00,2,0
2026-06-12 16:48:28.897,0.00,0.00,0.00,0.00,2,0
2026-06-12 16:48:28.948,0.00,0.00,0.00,0.00,2,0
2026-06-12 16:48:28.998,0.00,0.00,0.00,0.00,2,0
2026-06-12 16:48:29.049,0.00,0.00,0.00,0.00,2,0
2026-06-12 16:48:29.099,0.00,0.00,0.00,0.00,2,0
2026-06-12 16:48:29.149,0.00,0.00,0.00,0.00,2,0
2026-06-12 16:48:29.200,0.00,0.00,0.00,0.00,2,0
2026-06-12 16:48:29.250,0.00,0.00,0.00,0.00,2,0
2026-06-12 16:48:29.300,0.00,0.00,0.00,0.00,2,0
2026-06-12 16:48:29.351,0.00,0.00,0.00,0.00,2,0
2026-06-12 16:48:29.401,0.00,0.00,0.00,0.00,2,0
2026-06-12 16:48:29.452,0.00,0.00,0.00,0.00,2,0
2026-06-12 16:48:29.502,0.00,0.00,0.00,0.00,2,0
2026-06-12 16:48:29.553,0.00,0.00,0.00,0.00,2,0
2026-06-12 16:48:29.603,0.00,0.00,0.00,0.00,2,0
2026-06-12 16:48:29.653,0.00,0.00,0.00,0.00,2,0
2026-06-12 16:48:29.704,0.00,0.00,0.00,0.00,2,0
2026-06-12 16:48:29.754,0.00,0.00,0.00,0.00,2,0
2026-06-12 16:48:29.805,0.00,0.00,0.00,0.00,2,0
2026-06-12 16:48:29.855,0.00,0.00,0.00,0.00,2,0
2026-06-12 16:48:29.906,0.00,0.00,0.00,0.00,2,0
2026-06-12 16:48:29.957,0.00,0.00,0.00,0.00,2,0
2026-06-12 16:48:30.007,0.00,0.00,0.00,0.00,2,0
2026-06-12 16:48:30.057,0.00,0.00,0.00,0.00,2,0
2026-06-12 16:48:30.107,0.00,0.00,0.00,0.00,2,0
2026-06-12 16:48:30.158,0.00,0.00,0.00,0.00,2,0
2026-06-12 16:48:30.208,0.00,0.00,0.00,0.00,2,0
2026-06-12 16:48:30.258,0.00,0.00,0.00,0.00,2,0
2026-06-12 16:48:30.309,0.00,0.00,0.00,0.00,2,0
2026-06-12 16:48:30.359,0.00,0.00,0.00,0.00,2,0
2026-06-12 16:48:30.410,0.00,0.00,0.00,0.00,2,0
2026-06-12 16:48:30.460,0.00,0.00,0.00,0.00,2,0
2026-06-12 16:48:30.510,0.00,0.00,0.00,0.00,2,0
2026-06-12 16:48:30.561,0.00,0.00,0.00,0.00,2,0
2026-06-12 16:48:30.611,0.00,0.00,0.00,0.00,2,0
2026-06-12 16:48:30.665,0.00,0.00,0.00,0.00,2,0
2026-06-12 16:48:30.712,0.00,0.00,0.00,0.00,2,0
2026-06-12 16:48:30.763,0.00,0.00,0.00,0.00,2,0
2026-06-12 16:48:30.813,0.00,0.00,0.00,0.00,2,0
2026-06-12 16:48:30.863,0.00,0.00,0.00,0.00,2,0
2026-06-12 16:48:30.914,0.00,0.00,0.00,0.00,2,0
2026-06-12 16:48:30.964,0.00,0.00,0.00,0.00,2,0
2026-06-12 16:48:31.015,0.00,0.00,0.00,0.00,2,0
2026-06-12 16:48:31.065,0.00,0.00,0.00,0.00,2,0
2026-06-12 16:48:31.115,0.00,0.00,0.00,0.00,2,0
2026-06-12 16:48:31.166,0.00,0.00,0.00,0.00,2,0
2026-06-12 16:48:31.217,0.00,0.00,0.00,0.00,2,0
2026-06-12 16:48:31.267,0.00,0.00,0.00,0.00,2,0
2026-06-12 16:48:31.317,0.00,0.00,0.00,0.00,2,0
2026-06-12 16:48:31.368,0.00,0.00,0.00,0.00,2,0
2026-06-12 16:48:31.418,0.00,0.00,0.00,0.00,2,0
2026-06-12 16:48:31.468,0.00,0.00,0.00,0.00,2,0
2026-06-12 16:48:31.519,0.00,0.00,0.00,0.00,2,0
2026-06-12 16:48:31.569,0.00,0.00,0.00,0.00,2,0
2026-06-12 16:48:31.620,0.00,0.00,0.00,0.00,2,0
2026-06-12 16:48:31.670,0.00,0.00,0.00,0.00,2,0
2026-06-12 16:48:31.721,0.00,0.00,0.00,0.00,2,0
2026-06-12 16:48:31.771,0.00,0.00,0.00,0.00,2,0
2026-06-12 16:48:31.821,0.00,0.00,0.00,0.00,2,0
2026-06-12 16:48:31.872,0.00,0.00,0.00,0.00,2,0
2026-06-12 16:48:31.922,0.00,0.00,0.00,0.00,2,0
2026-06-12 16:48:31.972,0.00,0.00,0.00,0.00,2,0
2026-06-12 16:48:32.023,0.00,0.00,0.00,0.00,2,0
2026-06-12 16:48:32.073,0.00,0.00,0.00,0.00,2,0
2026-06-12 16:48:32.124,0.00,0.00,0.00,0.00,2,0
2026-06-12 16:48:32.174,0.00,0.00,0.00,0.00,2,0
2026-06-12 16:48:32.225,0.00,0.00,0.00,0.00,2,0
2026-06-12 16:48:32.275,0.00,0.00,0.00,0.00,2,0
2026-06-12 16:48:32.325,0.00,0.00,0.00,0.00,2,0
2026-06-12 16:48:32.376,0.00,0.00,0.00,0.00,2,0
2026-06-12 16:48:32.427,0.00,0.00,0.00,0.00,2,0
2026-06-12 16:48:32.477,0.00,0.00,0.00,0.00,2,0
2026-06-12 16:48:32.527,0.00,0.00,0.00,0.00,2,0
2026-06-12 16:48:32.577,0.00,0.00,0.00,0.00,2,0
2026-06-12 16:48:32.628,0.00,0.00,0.00,0.00,2,0
2026-06-12 16:48:32.678,0.00,0.00,0.00,0.00,2,0
2026-06-12 16:48:32.729,0.00,0.00,0.00,0.00,2,0
2026-06-12 16:48:32.779,0.00,0.00,0.00,0.00,2,0
2026-06-12 16:48:32.830,0.00,0.00,0.00,0.00,2,0
2026-06-12 16:48:32.880,0.00,0.00,0.00,0.00,2,0
2026-06-12 16:48:32.930,0.00,0.00,0.00,0.00,2,0
2026-06-12 16:48:32.981,0.00,0.00,0.00,0.00,2,0
2026-06-12 16:48:33.031,0.00,0.00,0.00,0.00,2,0
2026-06-12 16:48:33.082,0.00,0.00,0.00,0.00,2,0
2026-06-12 16:48:33.132,0.00,0.00,0.00,0.00,2,0
2026-06-12 16:48:33.182,0.00,0.00,0.00,0.00,2,0
2026-06-12 16:48:33.233,0.00,0.00,0.00,0.00,2,0
2026-06-12 16:48:33.283,0.00,0.00,0.00,0.00,2,0
2026-06-12 16:48:33.334,0.00,0.00,0.00,0.00,2,0
2026-06-12 16:48:33.384,0.00,0.00,0.00,0.00,2,0
2026-06-12 16:48:33.434,0.00,0.00,0.00,0.00,2,0
2026-06-12 16:48:33.485,0.00,0.00,0.00,0.00,2,0
2026-06-12 16:48:33.535,0.00,0.00,0.00,0.00,2,0
2026-06-12 16:48:33.586,0.00,0.00,0.00,0.00,2,0
2026-06-12 16:48:33.637,0.00,0.00,0.00,0.00,2,0
2026-06-12 16:48:33.687,0.00,0.00,0.00,0.00,2,0
2026-06-12 16:48:33.737,0.00,0.00,0.00,0.00,2,0
2026-06-12 16:48:33.787,0.00,0.00,0.00,0.00,2,0
2026-06-12 16:48:33.838,0.00,0.00,0.00,0.00,2,0
2026-06-12 16:48:33.888,0.00,0.00,0.00,0.00,2,0
2026-06-12 16:48:33.939,0.00,0.00,0.00,0.00,2,0
2026-06-12 16:48:33.989,0.00,0.00,0.00,0.00,2,0
2026-06-12 16:48:34.039,0.00,0.00,0.00,0.00,2,0
2026-06-12 16:48:34.090,0.00,0.00,0.00,0.00,2,0
2026-06-12 16:48:34.140,0.00,0.00,0.00,0.00,2,0
2026-06-12 16:48:34.191,0.00,0.00,0.00,0.00,2,0
2026-06-12 16:48:34.241,0.00,0.00,0.00,0.00,2,0
2026-06-12 16:48:34.292,0.00,0.00,0.00,0.00,2,0
2026-06-12 16:48:34.342,0.00,0.00,0.00,0.00,2,0
2026-06-12 16:48:34.392,0.00,0.00,0.00,0.00,2,0
2026-06-12 16:48:34.443,0.00,0.00,0.00,0.00,2,0
2026-06-12 16:48:34.493,0.00,0.00,0.00,0.00,2,0
2026-06-12 16:48:34.544,0.00,0.00,0.00,0.00,2,0
2026-06-12 16:48:34.594,0.00,0.00,0.00,0.00,2,0
2026-06-12 16:48:34.644,0.00,0.00,0.00,0.00,2,0
2026-06-12 16:48:34.695,0.00,0.00,0.00,0.00,2,0
2026-06-12 16:48:34.745,0.00,0.00,0.00,0.00,2,0
2026-06-12 16:48:34.796,0.00,0.00,0.00,0.00,2,0
2026-06-12 16:48:34.847,0.00,0.00,0.00,0.00,2,0
2026-06-12 16:48:34.897,0.00,0.00,0.00,0.00,2,0
2026-06-12 16:48:34.947,0.00,0.00,0.00,0.00,2,0
2026-06-12 16:48:34.997,0.00,0.00,0.00,0.00,2,0
2026-06-12 16:48:35.048,0.00,0.00,0.00,0.00,2,0
2026-06-12 16:48:35.098,0.00,0.00,0.00,0.00,2,0
2026-06-12 16:48:35.149,0.00,0.00,0.00,0.00,2,0
2026-06-12 16:48:35.199,0.00,0.00,0.00,0.00,2,0
2026-06-12 16:48:35.249,0.00,0.00,0.00,0.00,2,0
2026-06-12 16:48:35.300,0.00,0.00,0.00,0.00,2,0
2026-06-12 16:48:35.350,0.00,0.00,0.00,0.00,2,0
2026-06-12 16:48:35.401,0.00,0.00,0.00,0.00,2,0
2026-06-12 16:48:35.451,0.00,0.00,0.00,0.00,2,0
2026-06-12 16:48:35.502,0.00,0.00,0.00,0.00,2,0
2026-06-12 16:48:35.552,0.00,0.00,0.00,0.00,2,0
2026-06-12 16:48:35.602,0.00,0.00,0.00,0.00,2,0
2026-06-12 16:48:35.653,0.00,0.00,0.00,0.00,2,0
2026-06-12 16:48:35.703,0.00,0.00,0.00,0.00,2,0
2026-06-12 16:48:35.754,0.00,0.00,0.00,0.00,2,0
2026-06-12 16:48:35.804,0.00,0.00,0.00,0.00,2,0
2026-06-12 16:48:35.854,0.00,0.00,0.00,0.00,2,0
2026-06-12 16:48:35.905,0.00,0.00,0.00,0.00,2,0
2026-06-12 16:48:35.955,0.00,0.00,0.00,0.00,2,0
2026-06-12 16:48:36.009,0.00,0.00,0.00,0.00,2,0
2026-06-12 16:48:36.057,0.00,0.00,0.00,0.00,2,0
2026-06-12 16:48:36.107,0.00,0.00,0.00,0.00,2,0
2026-06-12 16:48:36.157,0.00,0.00,0.00,0.00,2,0
2026-06-12 16:48:36.207,0.00,0.00,0.00,0.00,2,0
2026-06-12 16:48:36.258,0.00,0.00,0.00,0.00,2,0
2026-06-12 16:48:36.308,0.00,0.00,0.00,0.00,2,0
2026-06-12 16:48:36.359,0.00,0.00,0.00,0.00,2,0
2026-06-12 16:48:36.409,0.00,0.00,0.00,0.00,2,0
2026-06-12 16:48:36.459,0.00,0.00,0.00,0.00,2,0
2026-06-12 16:48:36.510,0.00,0.00,0.00,0.00,2,0
2026-06-12 16:48:36.560,0.00,0.00,0.00,0.00,2,0
2026-06-12 16:48:36.611,0.00,0.00,0.00,0.00,2,0
2026-06-12 16:48:36.661,0.00,0.00,0.00,0.00,2,0
2026-06-12 16:48:36.711,0.00,0.00,0.00,0.00,2,0
2026-06-12 16:48:36.762,0.00,0.00,0.00,0.00,2,0
2026-06-12 16:48:36.812,0.00,0.00,0.00,0.00,2,0
2026-06-12 16:48:36.863,0.00,0.00,0.00,0.00,2,0
2026-06-12 16:48:36.913,0.00,0.00,0.00,0.00,2,0
2026-06-12 16:48:36.964,0.00,0.00,0.00,0.00,2,0
2026-06-12 16:48:37.014,0.00,0.00,0.00,0.00,2,0
2026-06-12 16:48:37.064,0.00,0.00,0.00,0.00,2,0
2026-06-12 16:48:37.115,0.00,0.00,0.00,0.00,2,0
2026-06-12 16:48:37.166,0.00,0.00,0.00,0.00,2,0
2026-06-12 16:48:37.216,0.00,0.00,0.00,0.00,2,0
2026-06-12 16:48:37.267,0.00,0.00,0.00,0.00,2,0
2026-06-12 16:48:37.317,0.00,0.00,0.00,0.00,2,0
2026-06-12 16:48:37.367,0.00,0.00,0.00,0.00,2,0
2026-06-12 16:48:37.417,0.00,0.00,0.00,0.00,2,0
2026-06-12 16:48:37.468,0.00,0.00,0.00,0.00,2,0
2026-06-12 16:48:37.518,0.00,0.00,0.00,0.00,2,0
2026-06-12 16:48:37.568,0.00,0.00,0.00,0.00,2,0
2026-06-12 16:48:37.619,0.00,0.00,0.00,0.00,2,0
2026-06-12 16:48:37.669,0.00,0.00,0.00,0.00,2,0
2026-06-12 16:48:37.720,0.00,0.00,0.00,0.00,2,0
2026-06-12 16:48:37.770,0.00,0.00,0.00,0.00,2,0
2026-06-12 16:48:37.820,0.00,0.00,0.00,0.00,2,0
2026-06-12 16:48:37.871,0.00,0.00,0.00,0.00,2,0
2026-06-12 16:48:37.921,0.00,0.00,0.00,0.00,2,0
2026-06-12 16:48:37.972,0.00,0.00,0.00,0.00,2,0
2026-06-12 16:48:38.022,0.00,0.00,0.00,0.00,2,0
2026-06-12 16:48:38.073,0.00,0.00,0.00,0.00,2,0
2026-06-12 16:48:38.123,0.00,0.00,0.00,0.00,2,0
2026-06-12 16:48:38.174,0.00,0.00,0.00,0.00,2,0
2026-06-12 16:48:38.224,0.00,0.00,0.00,0.00,2,0
2026-06-12 16:48:38.274,0.00,0.00,0.00,0.00,2,0
2026-06-12 16:48:38.325,0.00,0.00,0.00,0.00,2,0
2026-06-12 16:48:38.375,0.00,0.00,0.00,0.00,2,0
2026-06-12 16:48:38.426,0.00,0.00,0.00,0.00,2,0
2026-06-12 16:48:38.477,0.00,0.00,0.00,0.00,2,0
2026-06-12 16:48:38.527,0.00,0.00,0.00,0.00,2,0
2026-06-12 16:48:38.580,0.00,0.00,0.00,0.00,2,0
2026-06-12 16:48:38.628,0.00,0.00,0.00,0.00,2,0
2026-06-12 16:48:38.678,0.00,0.00,0.00,0.00,2,0
2026-06-12 16:48:38.728,0.00,0.00,0.00,0.00,2,0
2026-06-12 16:48:38.778,0.00,0.00,0.00,0.00,2,0
2026-06-12 16:48:38.829,0.00,0.00,0.00,0.00,2,0
2026-06-12 16:48:38.879,0.00,0.00,0.00,0.00,2,0
2026-06-12 16:48:38.929,0.00,0.00,0.00,0.00,2,0
2026-06-12 16:48:38.980,0.00,0.00,0.00,0.00,2,0
2026-06-12 16:48:39.030,0.00,0.00,0.00,0.00,2,0
2026-06-12 16:48:39.081,0.00,0.00,0.00,0.00,2,0
2026-06-12 16:48:39.131,0.00,0.00,0.00,0.00,2,0
2026-06-12 16:48:39.182,0.00,0.00,0.00,0.00,2,0
2026-06-12 16:48:39.232,0.00,0.00,0.00,0.00,2,0
2026-06-12 16:48:39.283,0.00,0.00,0.00,0.00,2,0
2026-06-12 16:48:39.333,0.00,0.00,0.00,0.00,2,0
2026-06-12 16:48:39.383,0.00,0.00,0.00,0.00,2,0
2026-06-12 16:48:39.434,0.00,0.00,0.00,0.00,2,0
2026-06-12 16:48:39.484,0.00,0.00,0.00,0.00,2,0
2026-06-12 16:48:39.535,0.00,0.00,0.00,0.00,2,0
2026-06-12 16:48:39.585,0.00,0.00,0.00,0.00,2,0
2026-06-12 16:48:39.635,0.00,0.00,0.00,0.00,2,0
2026-06-12 16:48:39.686,0.00,0.00,0.00,0.00,2,0
2026-06-12 16:48:39.736,0.00,0.00,0.00,0.00,2,0
2026-06-12 16:48:39.787,0.00,0.00,0.00,0.00,2,0
2026-06-12 16:48:39.837,0.00,0.00,0.00,0.00,2,0
2026-06-12 16:48:39.887,0.00,0.00,0.00,0.00,2,0
2026-06-12 16:48:39.938,0.00,0.00,0.00,0.00,2,0
2026-06-12 16:48:39.988,0.00,0.00,0.00,0.00,2,0
2026-06-12 16:48:40.039,0.00,0.00,0.00,0.00,2,0
2026-06-12 16:48:40.089,0.00,0.00,0.00,0.00,2,0
2026-06-12 16:48:40.140,0.00,0.00,0.00,0.00,2,0
2026-06-12 16:48:40.190,0.00,0.00,0.00,0.00,2,0
2026-06-12 16:48:40.240,0.00,0.00,0.00,0.00,2,0
2026-06-12 16:48:40.291,0.00,0.00,0.00,0.00,2,0
2026-06-12 16:48:40.341,0.00,0.00,0.00,0.00,2,0
2026-06-12 16:48:40.392,0.00,0.00,0.00,0.00,2,0
2026-06-12 16:48:40.442,0.00,0.00,0.00,0.00,2,0
2026-06-12 16:48:40.492,0.00,0.00,0.00,0.00,2,0
2026-06-12 16:48:40.543,0.00,0.00,0.00,0.00,2,0
2026-06-12 16:48:40.593,0.00,0.00,0.00,0.00,2,0
2026-06-12 16:48:40.644,0.00,0.00,0.00,0.00,2,0
2026-06-12 16:48:40.694,0.00,0.00,0.00,0.00,2,0
2026-06-12 16:48:40.745,0.00,0.00,0.00,0.00,2,0
2026-06-12 16:48:40.795,0.00,0.00,0.00,0.00,2,0
2026-06-12 16:48:40.845,0.00,0.00,0.00,0.00,2,0
2026-06-12 16:48:40.897,0.00,0.00,0.00,0.00,2,0
2026-06-12 16:48:40.947,0.00,0.00,0.00,0.00,2,0
2026-06-12 16:48:40.997,0.00,0.00,0.00,0.00,2,0
2026-06-12 16:48:41.047,0.00,0.00,0.00,0.00,2,0
2026-06-12 16:48:41.097,0.00,0.00,0.00,0.00,2,0
2026-06-12 16:48:41.148,0.00,0.00,0.00,0.00,2,0
2026-06-12 16:48:41.198,0.00,0.00,0.00,0.00,2,0
2026-06-12 16:48:41.249,0.00,0.00,0.00,0.00,2,0
2026-06-12 16:48:41.299,0.00,0.00,0.00,0.00,2,0
2026-06-12 16:48:41.349,0.00,0.00,0.00,0.00,2,0
2026-06-12 16:48:41.400,0.00,0.00,0.00,0.00,2,0
2026-06-12 16:48:41.450,0.00,0.00,0.00,0.00,2,0
2026-06-12 16:48:41.501,0.00,0.00,0.00,0.00,2,0
2026-06-12 16:48:41.551,0.00,0.00,0.00,0.00,2,0
2026-06-12 16:48:41.602,0.00,0.00,0.00,0.00,2,0
2026-06-12 16:48:41.652,0.00,0.00,0.00,0.00,2,0
2026-06-12 16:48:41.702,0.00,0.00,0.00,0.00,2,0
2026-06-12 16:48:41.753,0.00,0.00,0.00,0.00,2,0
2026-06-12 16:48:41.803,0.00,0.00,0.00,0.00,2,0
2026-06-12 16:48:41.854,0.00,0.00,0.00,0.00,2,0
2026-06-12 16:48:41.904,0.00,0.00,0.00,0.00,2,0
2026-06-12 16:48:41.954,0.00,0.00,0.00,0.00,2,0
2026-06-12 16:48:42.005,0.00,0.00,0.00,0.00,2,0
2026-06-12 16:48:42.055,0.00,0.00,0.00,0.00,2,0
2026-06-12 16:48:42.106,0.00,0.00,0.00,0.00,2,0
2026-06-12 16:48:42.157,0.00,0.00,0.00,0.00,2,0
2026-06-12 16:48:42.207,0.00,0.00,0.00,0.00,2,0
2026-06-12 16:48:42.257,0.00,0.00,0.00,0.00,2,0
2026-06-12 16:48:42.307,0.00,0.00,0.00,0.00,2,0
2026-06-12 16:48:42.358,0.00,0.00,0.00,0.00,2,0
2026-06-12 16:48:42.408,0.00,0.00,0.00,0.00,2,0
2026-06-12 16:48:42.459,0.00,0.00,0.00,0.00,2,0
2026-06-12 16:48:42.509,0.00,0.00,0.00,0.00,2,0
2026-06-12 16:48:42.559,0.00,0.00,0.00,0.00,2,0
2026-06-12 16:48:42.610,0.00,0.00,0.00,0.00,2,0
2026-06-12 16:48:42.660,0.00,0.00,0.00,0.00,2,0
2026-06-12 16:48:42.711,0.00,0.00,0.00,0.00,2,0
2026-06-12 16:48:42.761,0.00,0.00,0.00,0.00,2,0
2026-06-12 16:48:42.811,0.00,0.00,0.00,0.00,2,0
2026-06-12 16:48:42.862,0.00,0.00,0.00,0.00,2,0
2026-06-12 16:48:42.912,0.00,0.00,0.00,0.00,2,0
2026-06-12 16:48:42.963,0.00,0.00,0.00,0.00,2,0
2026-06-12 16:48:43.013,0.00,0.00,0.00,0.00,2,0
2026-06-12 16:48:43.064,0.00,0.00,0.00,0.00,2,0
2026-06-12 16:48:43.114,0.00,0.00,0.00,0.00,2,0
2026-06-12 16:48:43.164,0.00,0.00,0.00,0.00,2,0
2026-06-12 16:48:43.215,0.00,0.00,0.00,0.00,2,0
2026-06-12 16:48:43.266,0.00,0.00,0.00,0.00,2,0
2026-06-12 16:48:43.317,0.00,0.00,0.00,0.00,2,0
2026-06-12 16:48:43.366,0.00,0.00,0.00,0.00,2,0
2026-06-12 16:48:43.417,0.00,0.00,0.00,0.00,2,0
2026-06-12 16:48:43.467,0.00,0.00,0.00,0.00,2,0
2026-06-12 16:48:43.518,0.00,0.00,0.00,0.00,2,0
2026-06-12 16:48:43.568,0.00,0.00,0.00,0.00,2,0
2026-06-12 16:48:43.618,0.00,0.00,0.00,0.00,2,0
2026-06-12 16:48:43.668,0.00,0.00,0.00,0.00,2,0
2026-06-12 16:48:43.719,0.00,0.00,0.00,0.00,2,0
2026-06-12 16:48:43.769,0.00,0.00,0.00,0.00,2,0
2026-06-12 16:48:43.820,0.00,0.00,0.00,0.00,2,0
2026-06-12 16:48:43.870,0.00,0.00,0.00,0.00,2,0
2026-06-12 16:48:43.921,0.00,0.00,0.00,0.00,2,0
2026-06-12 16:48:43.973,0.00,0.00,0.00,0.00,2,0
2026-06-12 16:48:44.021,0.00,0.00,0.00,0.00,2,0
2026-06-12 16:48:44.072,0.00,0.00,0.00,0.00,2,0
2026-06-12 16:48:44.122,0.00,0.00,0.00,0.00,2,0
2026-06-12 16:48:44.173,0.00,0.00,0.00,0.00,2,0
2026-06-12 16:48:44.223,0.00,0.00,0.00,0.00,2,0
2026-06-12 16:48:44.273,0.00,0.00,0.00,0.00,2,0
2026-06-12 16:48:44.324,0.00,0.00,0.00,0.00,2,0
2026-06-12 16:48:44.377,0.00,0.00,0.00,0.00,2,0
2026-06-12 16:48:44.425,0.00,0.00,0.00,0.00,2,0
2026-06-12 16:48:44.475,0.00,0.00,0.00,0.00,2,0
2026-06-12 16:48:44.526,0.00,0.00,0.00,0.00,2,0
2026-06-12 16:48:44.577,0.00,0.00,0.00,0.00,2,0
2026-06-12 16:48:44.627,0.00,0.00,0.00,0.00,2,0
2026-06-12 16:48:44.677,0.00,0.00,0.00,0.00,2,0
2026-06-12 16:48:44.727,0.00,0.00,0.00,0.00,2,0
2026-06-12 16:48:44.778,0.00,0.00,0.00,0.00,2,0
2026-06-12 16:48:44.828,0.00,0.00,0.00,0.00,2,0
2026-06-12 16:48:44.878,0.00,0.00,0.00,0.00,2,0
2026-06-12 16:48:44.929,0.00,0.00,0.00,0.00,2,0
2026-06-12 16:48:44.979,0.00,0.00,0.00,0.00,2,0
2026-06-12 16:48:45.030,0.00,0.00,0.00,0.00,2,0
2026-06-12 16:48:45.080,0.00,0.00,0.00,0.00,2,0
2026-06-12 16:48:45.130,0.00,0.00,0.00,0.00,2,0
2026-06-12 16:48:45.181,0.00,0.00,0.00,0.00,2,0
2026-06-12 16:48:45.231,0.00,0.00,0.00,0.00,2,0
2026-06-12 16:48:45.282,0.00,0.00,0.00,0.00,2,0
2026-06-12 16:48:45.332,0.00,0.00,0.00,0.00,2,0
2026-06-12 16:48:45.383,0.00,0.00,0.00,0.00,2,0
2026-06-12 16:48:45.433,0.00,0.00,0.00,0.00,2,0
2026-06-12 16:48:45.483,0.00,0.00,0.00,0.00,2,0
2026-06-12 16:48:45.534,0.00,0.00,0.00,0.00,2,0
2026-06-12 16:48:45.584,0.00,0.00,0.00,0.00,2,0
2026-06-12 16:48:45.635,0.00,0.00,0.00,0.00,2,0
2026-06-12 16:48:45.685,0.00,0.00,0.00,0.00,2,0
2026-06-12 16:48:45.736,0.00,0.00,0.00,0.00,2,0
2026-06-12 16:48:45.786,0.00,0.00,0.00,0.00,2,0
2026-06-12 16:48:45.837,0.00,0.00,0.00,0.00,2,0
2026-06-12 16:48:45.887,0.00,0.00,0.00,0.00,2,0
2026-06-12 16:48:45.937,0.00,0.00,0.00,0.00,2,0
2026-06-12 16:48:45.988,0.00,0.00,0.00,0.00,2,0
2026-06-12 16:48:46.038,0.00,0.00,0.00,0.00,2,0
2026-06-12 16:48:46.088,0.00,0.00,0.00,0.00,2,0
2026-06-12 16:48:46.139,0.00,0.00,0.00,0.00,2,0
2026-06-12 16:48:46.189,0.00,0.00,0.00,0.00,2,0
2026-06-12 16:48:46.240,0.00,0.00,0.00,0.00,2,0
2026-06-12 16:48:46.290,0.00,0.00,0.00,0.00,2,0
2026-06-12 16:48:46.340,0.00,0.00,0.00,0.00,2,0
2026-06-12 16:48:46.391,0.00,0.00,0.00,0.00,2,0
2026-06-12 16:48:46.441,0.00,0.00,0.00,0.00,2,0
2026-06-12 16:48:46.492,0.00,0.00,0.00,0.00,2,0
2026-06-12 16:48:46.542,0.00,0.00,0.00,0.00,2,0
2026-06-12 16:48:46.592,0.00,0.00,0.00,0.00,2,0
2026-06-12 16:48:46.643,0.00,0.00,0.00,0.00,2,0
2026-06-12 16:48:46.693,0.00,0.00,0.00,0.00,2,0
2026-06-12 16:48:46.744,0.00,0.00,0.00,0.00,2,0
2026-06-12 16:48:46.794,0.00,0.00,0.00,0.00,2,0
2026-06-12 16:48:46.845,0.00,0.00,0.00,0.00,2,0
2026-06-12 16:48:46.895,0.00,0.00,0.00,0.00,2,0
2026-06-12 16:48:46.945,0.00,0.00,0.00,0.00,2,0
2026-06-12 16:48:46.997,0.00,0.00,0.00,0.00,2,0
2026-06-12 16:48:47.047,0.00,0.00,0.00,0.00,2,0
2026-06-12 16:48:47.097,0.00,0.00,0.00,0.00,2,0
2026-06-12 16:48:47.147,0.00,0.00,0.00,0.00,2,0
2026-06-12 16:48:47.197,0.00,0.00,0.00,0.00,2,0
2026-06-12 16:48:47.248,0.00,0.00,0.00,0.00,2,0
2026-06-12 16:48:47.298,0.00,0.00,0.00,0.00,2,0
2026-06-12 16:48:47.349,0.00,0.00,0.00,0.00,2,0
2026-06-12 16:48:47.399,0.00,0.00,0.00,0.00,2,0
2026-06-12 16:48:47.449,0.00,0.00,0.00,0.00,2,0
2026-06-12 16:48:47.500,0.00,0.00,0.00,0.00,2,0
2026-06-12 16:48:47.550,0.00,0.00,0.00,0.00,2,0
2026-06-12 16:48:47.601,0.00,0.00,0.00,0.00,2,0
2026-06-12 16:48:47.651,0.00,0.00,0.00,0.00,2,0
2026-06-12 16:48:47.701,0.00,0.00,0.00,0.00,2,0
2026-06-12 16:48:47.752,0.00,0.00,0.00,0.00,2,0
2026-06-12 16:48:47.802,0.00,0.00,0.00,0.00,2,0
2026-06-12 16:48:47.853,0.00,0.00,0.00,0.00,2,0
2026-06-12 16:48:47.903,0.00,0.00,0.00,0.00,2,0
2026-06-12 16:48:47.954,0.00,0.00,0.00,0.00,2,0
2026-06-12 16:48:48.004,0.00,0.00,0.00,0.00,2,0
2026-06-12 16:48:48.054,0.00,0.00,0.00,0.00,2,0
2026-06-12 16:48:48.105,0.00,0.00,0.00,0.00,2,0
2026-06-12 16:48:48.155,0.00,0.00,0.00,0.00,2,0
2026-06-12 16:48:48.207,0.00,0.00,0.00,0.00,2,0
2026-06-12 16:48:48.256,0.00,0.00,0.00,0.00,2,0
2026-06-12 16:48:48.307,0.00,0.00,0.00,0.00,2,0
2026-06-12 16:48:48.357,0.00,0.00,0.00,0.00,2,0
2026-06-12 16:48:48.407,0.00,0.00,0.00,0.00,2,0
2026-06-12 16:48:48.458,0.00,0.00,0.00,0.00,2,0
2026-06-12 16:48:48.508,0.00,0.00,0.00,0.00,2,0
2026-06-12 16:48:48.558,0.00,0.00,0.00,0.00,2,0
2026-06-12 16:48:48.609,0.00,0.00,0.00,0.00,2,0
2026-06-12 16:48:48.659,0.00,0.00,0.00,0.00,2,0
2026-06-12 16:48:48.710,0.00,0.00,0.00,0.00,2,0
2026-06-12 16:48:48.760,0.00,0.00,0.00,0.00,2,0
2026-06-12 16:48:48.811,0.00,0.00,0.00,0.00,2,0
2026-06-12 16:48:48.861,0.00,0.00,0.00,0.00,2,0
2026-06-12 16:48:48.911,0.00,0.00,0.00,0.00,2,0
2026-06-12 16:48:48.962,0.00,0.00,0.00,0.00,2,0
2026-06-12 16:48:49.012,0.00,0.00,0.00,0.00,2,0
2026-06-12 16:48:49.063,0.00,0.00,0.00,0.00,2,0
2026-06-12 16:48:49.113,0.00,0.00,0.00,0.00,2,0
2026-06-12 16:48:49.164,0.00,0.00,0.00,0.00,2,0
2026-06-12 16:48:49.214,0.00,0.00,0.00,0.00,2,0
2026-06-12 16:48:49.264,0.00,0.00,0.00,0.00,2,0
2026-06-12 16:48:49.315,0.00,0.00,0.00,0.00,2,0
2026-06-12 16:48:49.365,0.00,0.00,0.00,0.00,2,0
2026-06-12 16:48:49.416,0.00,0.00,0.00,0.00,2,0
2026-06-12 16:48:49.467,0.00,0.00,0.00,0.00,2,0
2026-06-12 16:48:49.517,0.00,0.00,0.00,0.00,2,0
2026-06-12 16:48:49.567,0.00,0.00,0.00,0.00,2,0
2026-06-12 16:48:49.617,0.00,0.00,0.00,0.00,2,0
2026-06-12 16:48:49.668,0.00,0.00,0.00,0.00,2,0
2026-06-12 16:48:49.718,0.00,0.00,0.00,0.00,2,0
2026-06-12 16:48:49.768,0.00,0.00,0.00,0.00,2,0
2026-06-12 16:48:49.819,0.00,0.00,0.00,0.00,2,0
2026-06-12 16:48:49.869,0.00,0.00,0.00,0.00,2,0
2026-06-12 16:48:49.920,0.00,0.00,0.00,0.00,2,0
2026-06-12 16:48:49.970,0.00,0.00,0.00,0.00,2,0
2026-06-12 16:48:50.020,0.00,0.00,0.00,0.00,2,0
2026-06-12 16:48:50.072,0.00,0.00,0.00,0.00,2,0
2026-06-12 16:48:50.121,0.00,0.00,0.00,0.00,2,0
2026-06-12 16:48:50.172,0.00,0.00,0.00,0.00,2,0
2026-06-12 16:48:50.222,0.00,0.00,0.00,0.00,2,0
2026-06-12 16:48:50.273,0.00,0.00,0.00,0.00,2,0
2026-06-12 16:48:50.323,0.00,0.00,0.00,0.00,2,0
2026-06-12 16:48:50.373,0.00,0.00,0.00,0.00,2,0
2026-06-12 16:48:50.424,0.00,0.00,0.00,0.00,2,0
2026-06-12 16:48:50.474,0.00,0.00,0.00,0.00,2,0
2026-06-12 16:48:50.525,0.00,0.00,0.00,0.00,2,0
2026-06-12 16:48:50.575,0.00,0.00,0.00,0.00,2,0
2026-06-12 16:48:50.626,0.00,0.00,0.00,0.00,2,0
2026-06-12 16:48:50.676,0.00,0.00,0.00,0.00,2,0
2026-06-12 16:48:50.727,0.00,0.00,0.00,0.00,2,0
2026-06-12 16:48:50.777,0.00,0.00,0.00,0.00,2,0
2026-06-12 16:48:50.827,0.00,0.00,0.00,0.00,2,0
2026-06-12 16:48:50.877,0.00,0.00,0.00,0.00,2,0
2026-06-12 16:48:50.928,0.00,0.00,0.00,0.00,2,0
2026-06-12 16:48:50.978,0.00,0.00,0.00,0.00,2,0
2026-06-12 16:48:51.029,0.00,0.00,0.00,0.00,2,0
2026-06-12 16:48:51.079,0.00,0.00,0.00,0.00,2,0
2026-06-12 16:48:51.130,0.00,0.00,0.00,0.00,2,0
2026-06-12 16:48:51.181,0.00,0.00,0.00,0.00,2,0
2026-06-12 16:48:51.230,0.00,0.00,0.00,0.00,2,0
2026-06-12 16:48:51.281,0.00,0.00,0.00,0.00,2,0
2026-06-12 16:48:51.331,0.00,0.00,0.00,0.00,2,0
2026-06-12 16:48:51.382,0.00,0.00,0.00,0.00,2,0
2026-06-12 16:48:51.432,0.00,0.00,0.00,0.00,2,0
2026-06-12 16:48:51.482,0.00,0.00,0.00,0.00,2,0
2026-06-12 16:48:51.533,0.00,0.00,0.00,0.00,2,0
2026-06-12 16:48:51.583,0.00,0.00,0.00,0.00,2,0
2026-06-12 16:48:51.634,0.00,0.00,0.00,0.00,2,0
2026-06-12 16:48:51.684,0.00,0.00,0.00,0.00,2,0
2026-06-12 16:48:51.735,0.00,0.00,0.00,0.00,2,0
2026-06-12 16:48:51.785,0.00,0.00,0.00,0.00,2,0
2026-06-12 16:48:51.835,0.00,0.00,0.00,0.00,2,0
2026-06-12 16:48:51.886,0.00,0.00,0.00,0.00,2,0
2026-06-12 16:48:51.937,0.00,0.00,0.00,0.00,2,0
2026-06-12 16:48:51.987,0.00,0.00,0.00,0.00,2,0
2026-06-12 16:48:52.037,0.00,0.00,0.00,0.00,2,0
2026-06-12 16:48:52.087,0.00,0.00,0.00,0.00,2,0
2026-06-12 16:48:52.138,0.00,0.00,0.00,0.00,2,0
2026-06-12 16:48:52.188,0.00,0.00,0.00,0.00,2,0
2026-06-12 16:48:52.239,0.00,0.00,0.00,0.00,2,0
2026-06-12 16:48:52.289,0.00,0.00,0.00,0.00,2,0
2026-06-12 16:48:52.340,0.00,0.00,0.00,0.00,2,0
2026-06-12 16:48:52.390,0.00,0.00,0.00,0.00,2,0
2026-06-12 16:48:52.440,0.00,0.00,0.00,0.00,2,0
2026-06-12 16:48:52.491,0.00,0.00,0.00,0.00,2,0
2026-06-12 16:48:52.541,0.00,0.00,0.00,0.00,2,0
2026-06-12 16:48:52.591,0.00,0.00,0.00,0.00,2,0
2026-06-12 16:48:52.642,0.00,0.00,0.00,0.00,2,0
2026-06-12 16:48:52.692,0.00,0.00,0.00,0.00,2,0
2026-06-12 16:48:52.743,0.00,0.00,0.00,0.00,2,0
2026-06-12 16:48:52.793,0.00,0.00,0.00,0.00,2,0
2026-06-12 16:48:52.844,0.00,0.00,0.00,0.00,2,0
2026-06-12 16:48:52.894,0.00,0.00,0.00,0.00,2,0
2026-06-12 16:48:52.944,0.00,0.00,0.00,0.00,2,0
2026-06-12 16:48:52.995,0.00,0.00,0.00,0.00,2,0
2026-06-12 16:48:53.045,0.00,0.00,0.00,0.00,2,0
2026-06-12 16:48:53.097,0.00,0.00,0.00,0.00,2,0
2026-06-12 16:48:53.147,0.00,0.00,0.00,0.00,2,0
2026-06-12 16:48:53.197,0.00,0.00,0.00,0.00,2,0
2026-06-12 16:48:53.247,0.00,0.00,0.00,0.00,2,0
2026-06-12 16:48:53.297,0.00,0.00,0.00,0.00,2,0
2026-06-12 16:48:53.348,0.00,0.00,0.00,0.00,2,0
2026-06-12 16:48:53.398,0.00,0.00,0.00,0.00,2,0
2026-06-12 16:48:53.449,0.00,0.00,0.00,0.00,2,0
2026-06-12 16:48:53.499,0.00,0.00,0.00,0.00,2,0
2026-06-12 16:48:53.549,0.00,0.00,0.00,0.00,2,0
2026-06-12 16:48:53.600,0.00,0.00,0.00,0.00,2,0
2026-06-12 16:48:53.650,0.00,0.00,0.00,0.00,2,0
2026-06-12 16:48:53.701,0.00,0.00,0.00,0.00,2,0
2026-06-12 16:48:53.751,0.00,0.00,0.00,0.00,2,0
2026-06-12 16:48:53.802,0.00,0.00,0.00,0.00,2,0
2026-06-12 16:48:53.852,0.00,0.00,0.00,0.00,2,0
2026-06-12 16:48:53.903,0.00,0.00,0.00,0.00,2,0
2026-06-12 16:48:53.953,0.00,0.00,0.00,0.00,2,0
2026-06-12 16:48:54.003,0.00,0.00,0.00,0.00,2,0
2026-06-12 16:48:54.053,0.00,0.00,0.00,0.00,2,0
2026-06-12 16:48:54.104,0.00,0.00,0.00,0.00,2,0
2026-06-12 16:48:54.154,0.00,0.00,0.00,0.00,2,0
2026-06-12 16:48:54.205,0.00,0.00,0.00,0.00,2,0
2026-06-12 16:48:54.255,0.00,0.00,0.00,0.00,2,0
2026-06-12 16:48:54.306,0.00,0.00,0.00,0.00,2,0
2026-06-12 16:48:54.356,0.00,0.00,0.00,0.00,2,0
2026-06-12 16:48:54.406,0.00,0.00,0.00,0.00,2,0
2026-06-12 16:48:54.457,0.00,0.00,0.00,0.00,2,0
2026-06-12 16:48:54.507,0.00,0.00,0.00,0.00,2,0
2026-06-12 16:48:54.558,0.00,0.00,0.00,0.00,2,0
2026-06-12 16:48:54.608,0.00,0.00,0.00,0.00,2,0
2026-06-12 16:48:54.658,0.00,0.00,0.00,0.00,2,0
2026-06-12 16:48:54.709,0.00,0.00,0.00,0.00,2,0
2026-06-12 16:48:54.759,0.00,0.00,0.00,0.00,2,0
2026-06-12 16:48:54.810,0.00,0.00,0.00,0.00,2,0
2026-06-12 16:48:54.860,0.00,0.00,0.00,0.00,2,0
2026-06-12 16:48:54.910,0.00,0.00,0.00,0.00,2,0
2026-06-12 16:48:54.961,0.00,0.00,0.00,0.00,2,0
2026-06-12 16:48:55.011,0.00,0.00,0.00,0.00,2,0
2026-06-12 16:48:55.062,0.00,0.00,0.00,0.00,2,0
2026-06-12 16:48:55.112,0.00,0.00,0.00,0.00,2,0
2026-06-12 16:48:55.163,0.00,0.00,0.00,0.00,2,0
2026-06-12 16:48:55.213,0.00,0.00,0.00,0.00,2,0
2026-06-12 16:48:55.264,0.00,0.00,0.00,0.00,2,0
2026-06-12 16:48:55.314,0.00,0.00,0.00,0.00,2,0
2026-06-12 16:48:55.364,0.00,0.00,0.00,0.00,2,0
2026-06-12 16:48:55.415,0.00,0.00,0.00,0.00,2,0
2026-06-12 16:48:55.465,0.00,0.00,0.00,0.00,2,0
2026-06-12 16:48:55.515,0.00,0.00,0.00,0.00,2,0
2026-06-12 16:48:55.566,0.00,0.00,0.00,0.00,2,0
2026-06-12 16:48:55.617,0.00,0.00,0.00,0.00,2,0
2026-06-12 16:48:55.667,0.00,0.00,0.00,0.00,2,0
2026-06-12 16:48:55.717,0.00,0.00,0.00,0.00,2,0
2026-06-12 16:48:55.767,0.00,0.00,0.00,0.00,2,0
2026-06-12 16:48:55.818,0.00,0.00,0.00,0.00,2,0
2026-06-12 16:48:55.868,0.00,0.00,0.00,0.00,2,0
2026-06-12 16:48:55.919,0.00,0.00,0.00,0.00,2,0
2026-06-12 16:48:55.969,0.00,0.00,0.00,0.00,2,0
2026-06-12 16:48:56.020,0.00,0.00,0.00,0.00,2,0
2026-06-12 16:48:56.070,0.00,0.00,0.00,0.00,2,0
2026-06-12 16:48:56.120,0.00,0.00,0.00,0.00,2,0
2026-06-12 16:48:56.171,0.00,0.00,0.00,0.00,2,0
2026-06-12 16:48:56.221,0.00,0.00,0.00,0.00,2,0
2026-06-12 16:48:56.272,0.00,0.00,0.00,0.00,2,0
2026-06-12 16:48:56.322,0.00,0.00,0.00,0.00,2,0
2026-06-12 16:48:56.372,0.00,0.00,0.00,0.00,2,0
2026-06-12 16:48:56.423,0.00,0.00,0.00,0.00,2,0
2026-06-12 16:48:56.473,0.00,0.00,0.00,0.00,2,0
2026-06-12 16:48:56.524,0.00,0.00,0.00,0.00,2,0
2026-06-12 16:48:56.574,0.00,0.00,0.00,0.00,2,0
2026-06-12 16:48:56.625,0.00,0.00,0.00,0.00,2,0
2026-06-12 16:48:56.681,0.00,0.00,0.00,0.00,2,0
2026-06-12 16:48:56.725,0.00,0.00,0.00,0.00,2,0
2026-06-12 16:48:56.776,0.00,0.00,0.00,0.00,2,0
2026-06-12 16:48:56.827,0.00,0.00,0.00,0.00,2,0
2026-06-12 16:48:56.877,0.00,0.00,0.00,0.00,2,0
2026-06-12 16:48:56.927,0.00,0.00,0.00,0.00,2,0
2026-06-12 16:48:56.977,0.00,0.00,0.00,0.00,2,0
2026-06-12 16:48:57.028,0.00,0.00,0.00,0.00,2,0
2026-06-12 16:48:57.078,0.00,0.00,0.00,0.00,2,0
2026-06-12 16:48:57.129,0.00,0.00,0.00,0.00,2,0
2026-06-12 16:48:57.179,0.00,0.00,0.00,0.00,2,0
2026-06-12 16:48:57.230,0.00,0.00,0.00,0.00,2,0
2026-06-12 16:48:57.280,0.00,0.00,0.00,0.00,2,0
2026-06-12 16:48:57.330,0.00,0.00,0.00,0.00,2,0
2026-06-12 16:48:57.381,0.00,0.00,0.00,0.00,2,0
2026-06-12 16:48:57.431,0.00,0.00,0.00,0.00,2,0
2026-06-12 16:48:57.482,0.00,0.00,0.00,0.00,2,0
2026-06-12 16:48:57.532,0.00,0.00,0.00,0.00,2,0
2026-06-12 16:48:57.582,0.00,0.00,0.00,0.00,2,0
2026-06-12 16:48:57.633,0.00,0.00,0.00,0.00,2,0
2026-06-12 16:48:57.683,0.00,0.00,0.00,0.00,2,0
2026-06-12 16:48:57.734,0.00,0.00,0.00,0.00,2,0
2026-06-12 16:48:57.784,0.00,0.00,0.00,0.00,2,0
2026-06-12 16:48:57.834,0.00,0.00,0.00,0.00,2,0
2026-06-12 16:48:57.885,0.00,0.00,0.00,0.00,2,0
2026-06-12 16:48:57.935,0.00,0.00,0.00,0.00,2,0
2026-06-12 16:48:57.986,0.00,0.00,0.00,0.00,2,0
2026-06-12 16:48:58.036,0.00,0.00,0.00,0.00,2,0
2026-06-12 16:48:58.086,0.00,0.00,0.00,0.00,2,0
2026-06-12 16:48:58.137,0.00,0.00,0.00,0.00,2,0
2026-06-12 16:48:58.187,0.00,0.00,0.00,0.00,2,0
2026-06-12 16:48:58.238,0.00,0.00,0.00,0.00,2,0
2026-06-12 16:48:58.288,0.00,0.00,0.00,0.00,2,0
2026-06-12 16:48:58.339,0.00,0.00,0.00,0.00,2,0
2026-06-12 16:48:58.389,0.00,0.00,0.00,0.00,2,0
2026-06-12 16:48:58.439,0.00,0.00,0.00,0.00,2,0
2026-06-12 16:48:58.490,0.00,0.00,0.00,0.00,2,0
2026-06-12 16:48:58.540,0.00,0.00,0.00,0.00,2,0
2026-06-12 16:48:58.591,0.00,0.00,0.00,0.00,2,0
2026-06-12 16:48:58.641,0.00,0.00,0.00,0.00,2,0
2026-06-12 16:48:58.691,0.00,0.00,0.00,0.00,2,0
2026-06-12 16:48:58.742,0.00,0.00,0.00,0.00,2,0
2026-06-12 16:48:58.792,0.00,0.00,0.00,0.00,2,0
2026-06-12 16:48:58.843,0.00,0.00,0.00,0.00,2,0
2026-06-12 16:48:58.893,0.00,0.00,0.00,0.00,2,0
2026-06-12 16:48:58.944,0.00,0.00,0.00,0.00,2,0
2026-06-12 16:48:58.994,0.00,0.00,0.00,0.00,2,0
2026-06-12 16:48:59.044,0.00,0.00,0.00,0.00,2,0
2026-06-12 16:48:59.095,0.00,0.00,0.00,0.00,2,0
2026-06-12 16:48:59.145,0.00,0.00,0.00,0.00,2,0
2026-06-12 16:48:59.196,0.00,0.00,0.00,0.00,2,0
2026-06-12 16:48:59.246,0.00,0.00,0.00,0.00,2,0
2026-06-12 16:48:59.297,0.00,0.00,0.00,0.00,2,0
2026-06-12 16:48:59.347,0.00,0.00,0.00,0.00,2,0
2026-06-12 16:48:59.397,0.00,0.00,0.00,0.00,2,0
2026-06-12 16:48:59.448,0.00,0.00,0.00,0.00,2,0
2026-06-12 16:48:59.498,0.00,0.00,0.00,0.00,2,0
2026-06-12 16:48:59.549,0.00,0.00,0.00,0.00,2,0
2026-06-12 16:48:59.599,0.00,0.00,0.00,0.00,2,0
2026-06-12 16:48:59.649,0.00,0.00,0.00,0.00,2,0
2026-06-12 16:48:59.700,0.00,0.00,0.00,0.00,2,0
2026-06-12 16:48:59.750,0.00,0.00,0.00,0.00,2,0
2026-06-12 16:48:59.800,0.00,0.00,0.00,0.00,2,0
2026-06-12 16:48:59.851,0.00,0.00,0.00,0.00,2,0
2026-06-12 16:48:59.901,0.00,0.00,0.00,0.00,2,0
2026-06-12 16:48:59.952,0.00,0.00,0.00,0.00,2,0
2026-06-12 16:49:00.004,0.00,0.00,0.00,0.00,2,0
2026-06-12 16:49:00.053,0.00,0.00,0.00,0.00,2,0
2026-06-12 16:49:00.103,0.00,0.00,0.00,0.00,2,0
2026-06-12 16:49:00.154,0.00,0.00,0.00,0.00,2,0
2026-06-12 16:49:00.204,0.00,0.00,0.00,0.00,2,0
2026-06-12 16:49:00.254,0.00,0.00,0.00,0.00,2,0
2026-06-12 16:49:00.305,0.00,0.00,0.00,0.00,2,0
2026-06-12 16:49:00.355,0.00,0.00,0.00,0.00,2,0
2026-06-12 16:49:00.405,0.00,0.00,0.00,0.00,2,0
2026-06-12 16:49:00.457,0.00,0.00,0.00,0.00,2,0
2026-06-12 16:49:00.507,0.00,0.00,0.00,0.00,2,0
2026-06-12 16:49:00.557,0.00,0.00,0.00,0.00,2,0
2026-06-12 16:49:00.607,0.00,0.00,0.00,0.00,2,0
2026-06-12 16:49:00.658,0.00,0.00,0.00,0.00,2,0
2026-06-12 16:49:00.708,0.00,0.00,0.00,0.00,2,0
2026-06-12 16:49:00.758,0.00,0.00,0.00,0.00,2,0
2026-06-12 16:49:00.809,0.00,0.00,0.00,0.00,2,0
2026-06-12 16:49:00.859,0.00,0.00,0.00,0.00,2,0
2026-06-12 16:49:00.909,0.00,0.00,0.00,0.00,2,0
2026-06-12 16:49:00.960,0.00,0.00,0.00,0.00,2,0
2026-06-12 16:49:01.010,0.00,0.00,0.00,0.00,2,0
2026-06-12 16:49:01.061,0.00,0.00,0.00,0.00,2,0
2026-06-12 16:49:01.111,0.00,0.00,0.00,0.00,2,0
2026-06-12 16:49:01.162,0.00,0.00,0.00,0.00,2,0
2026-06-12 16:49:01.212,0.00,0.00,0.00,0.00,2,0
2026-06-12 16:49:01.262,0.00,0.00,0.00,0.00,2,0
2026-06-12 16:49:01.313,0.00,0.00,0.00,0.00,2,0
2026-06-12 16:49:01.363,0.00,0.00,0.00,0.00,2,0
2026-06-12 16:49:01.414,0.00,0.00,0.00,0.00,2,0
2026-06-12 16:49:01.464,0.00,0.00,0.00,0.00,2,0
2026-06-12 16:49:01.514,0.00,0.00,0.00,0.00,2,0
2026-06-12 16:49:01.565,0.00,0.00,0.00,0.00,2,0
2026-06-12 16:49:01.615,0.00,0.00,0.00,0.00,2,0
2026-06-12 16:49:01.666,0.00,0.00,0.00,0.00,2,0
2026-06-12 16:49:01.716,0.00,0.00,0.00,0.00,2,0
2026-06-12 16:49:01.767,0.00,0.00,0.00,0.00,2,0
2026-06-12 16:49:01.818,0.00,0.00,0.00,0.00,2,0
2026-06-12 16:49:01.867,0.00,0.00,0.00,0.00,2,0
2026-06-12 16:49:01.918,0.00,0.00,0.00,0.00,2,0
2026-06-12 16:49:01.968,0.00,0.00,0.00,0.00,2,0
2026-06-12 16:49:02.018,0.00,0.00,0.00,0.00,2,0
2026-06-12 16:49:02.069,0.00,0.00,0.00,0.00,2,0
2026-06-12 16:49:02.119,0.00,0.00,0.00,0.00,2,0
2026-06-12 16:49:02.170,0.00,0.00,0.00,0.00,2,0
2026-06-12 16:49:02.220,0.00,0.00,0.00,0.00,2,0
2026-06-12 16:49:02.271,0.00,0.00,0.00,0.00,2,0
2026-06-12 16:49:02.321,0.00,0.00,0.00,0.00,2,0
2026-06-12 16:49:02.371,0.00,0.00,0.00,0.00,2,0
2026-06-12 16:49:02.422,0.00,0.00,0.00,0.00,2,0
2026-06-12 16:49:02.472,0.00,0.00,0.00,0.00,2,0
2026-06-12 16:49:02.523,0.00,0.00,0.00,0.00,2,0
2026-06-12 16:49:02.573,0.00,0.00,0.00,0.00,2,0
2026-06-12 16:49:02.624,0.00,0.00,0.00,0.00,2,0
2026-06-12 16:49:02.674,0.00,0.00,0.00,0.00,2,0
2026-06-12 16:49:02.725,0.00,0.00,0.00,0.00,2,0
2026-06-12 16:49:02.775,0.00,0.00,0.00,0.00,2,0
2026-06-12 16:49:02.825,0.00,0.00,0.00,0.00,2,0
2026-06-12 16:49:02.876,0.00,0.00,0.00,0.00,2,0
2026-06-12 16:49:02.927,0.00,0.00,0.00,0.00,2,0
2026-06-12 16:49:02.977,0.00,0.00,0.00,0.00,2,0
2026-06-12 16:49:03.027,0.00,0.00,0.00,0.00,2,0
2026-06-12 16:49:03.077,0.00,0.00,0.00,0.00,2,0
2026-06-12 16:49:03.127,0.00,0.00,0.00,0.00,2,0
2026-06-12 16:49:03.179,0.00,0.00,0.00,0.00,2,0
2026-06-12 16:49:03.228,0.00,0.00,0.00,0.00,2,0
2026-06-12 16:49:03.279,0.00,0.00,0.00,0.00,2,0
2026-06-12 16:49:03.329,0.00,0.00,0.00,0.00,2,0
2026-06-12 16:49:03.380,0.00,0.00,0.00,0.00,2,0
2026-06-12 16:49:03.430,0.00,0.00,0.00,0.00,2,0
2026-06-12 16:49:03.480,0.00,0.00,0.00,0.00,2,0
2026-06-12 16:49:03.531,0.00,0.00,0.00,0.00,2,0
2026-06-12 16:49:03.581,0.00,0.00,0.00,0.00,2,0
2026-06-12 16:49:03.632,0.00,0.00,0.00,0.00,2,0
2026-06-12 16:49:03.682,0.00,0.00,0.00,0.00,2,0
2026-06-12 16:49:03.732,0.00,0.00,0.00,0.00,2,0
2026-06-12 16:49:03.783,0.00,0.00,0.00,0.00,2,0
2026-06-12 16:49:03.833,0.00,0.00,0.00,0.00,2,0
2026-06-12 16:49:03.884,0.00,0.00,0.00,0.00,2,0
2026-06-12 16:49:03.934,0.00,0.00,0.00,0.00,2,0
2026-06-12 16:49:03.985,0.00,0.00,0.00,0.00,2,0
2026-06-12 16:49:04.035,0.00,0.00,0.00,0.00,2,0
2026-06-12 16:49:04.085,0.00,0.00,0.00,0.00,2,0
2026-06-12 16:49:04.136,0.00,0.00,0.00,0.00,2,0
2026-06-12 16:49:04.187,0.00,0.00,0.00,0.00,2,0
2026-06-12 16:49:04.237,0.00,0.00,0.00,0.00,2,0
2026-06-12 16:49:04.287,0.00,0.00,0.00,0.00,2,0
2026-06-12 16:49:04.337,0.00,0.00,0.00,0.00,2,0
2026-06-12 16:49:04.388,0.00,0.00,0.00,0.00,2,0
2026-06-12 16:49:04.438,0.00,0.00,0.00,0.00,2,0
2026-06-12 16:49:04.489,0.00,0.00,0.00,0.00,2,0
2026-06-12 16:49:04.539,0.00,0.00,0.00,0.00,2,0
2026-06-12 16:49:04.589,0.00,0.00,0.00,0.00,2,0
2026-06-12 16:49:04.640,0.00,0.00,0.00,0.00,2,0
2026-06-12 16:49:04.690,0.00,0.00,0.00,0.00,2,0
2026-06-12 16:49:04.741,0.00,0.00,0.00,0.00,2,0
2026-06-12 16:49:04.791,0.00,0.00,0.00,0.00,2,0
2026-06-12 16:49:04.842,0.00,0.00,0.00,0.00,2,0
2026-06-12 16:49:04.892,0.00,0.00,0.00,0.00,2,0
2026-06-12 16:49:04.942,0.00,0.00,0.00,0.00,2,0
2026-06-12 16:49:04.993,0.00,0.00,0.00,0.00,2,0
2026-06-12 16:49:05.043,0.00,0.00,0.00,0.00,2,0
2026-06-12 16:49:05.094,0.00,0.00,0.00,0.00,2,0
2026-06-12 16:49:05.144,0.00,0.00,0.00,0.00,2,0
2026-06-12 16:49:05.194,0.00,0.00,0.00,0.00,2,0
2026-06-12 16:49:05.245,0.00,0.00,0.00,0.00,2,0
2026-06-12 16:49:05.295,0.00,0.00,0.00,0.00,2,0
2026-06-12 16:49:05.346,0.00,0.00,0.00,0.00,2,0
2026-06-12 16:49:05.396,0.00,0.00,0.00,0.00,2,0
2026-06-12 16:49:05.447,0.00,0.00,0.00,0.00,2,0
2026-06-12 16:49:05.497,0.00,0.00,0.00,0.00,2,0
2026-06-12 16:49:05.547,0.00,0.00,0.00,0.00,2,0
2026-06-12 16:49:05.598,0.00,0.00,0.00,0.00,2,0
2026-06-12 16:49:05.648,0.00,0.00,0.00,0.00,2,0
2026-06-12 16:49:05.698,0.00,0.00,0.00,0.00,2,0
2026-06-12 16:49:05.749,0.00,0.00,0.00,0.00,2,0
2026-06-12 16:49:05.799,0.00,0.00,0.00,0.00,2,0
2026-06-12 16:49:05.850,0.00,0.00,0.00,0.00,2,0
2026-06-12 16:49:05.900,0.00,0.00,0.00,0.00,2,0
2026-06-12 16:49:05.951,0.00,0.00,0.00,0.00,2,0
2026-06-12 16:49:06.001,0.00,0.00,0.00,0.00,2,0
2026-06-12 16:49:06.051,0.00,0.00,0.00,0.00,2,0
2026-06-12 16:49:06.102,0.00,0.00,0.00,0.00,2,0
2026-06-12 16:49:06.152,0.00,0.00,0.00,0.00,2,0
2026-06-12 16:49:06.203,0.00,0.00,0.00,0.00,2,0
2026-06-12 16:49:06.253,0.00,0.00,0.00,0.00,2,0
2026-06-12 16:49:06.303,0.00,0.00,0.00,0.00,2,0
2026-06-12 16:49:06.354,0.00,0.00,0.00,0.00,2,0
2026-06-12 16:49:06.404,0.00,0.00,0.00,0.00,2,0
2026-06-12 16:49:06.455,0.00,0.00,0.00,0.00,2,0
2026-06-12 16:49:06.505,0.00,0.00,0.00,0.00,2,0
2026-06-12 16:49:06.556,0.00,0.00,0.00,0.00,2,0
2026-06-12 16:49:06.606,0.00,0.00,0.00,0.00,2,0
2026-06-12 16:49:06.657,0.00,0.00,0.00,0.00,2,0
2026-06-12 16:49:06.707,0.00,0.00,0.00,0.00,2,0
2026-06-12 16:49:06.757,0.00,0.00,0.00,0.00,2,0
2026-06-12 16:49:06.807,0.00,0.00,0.00,0.00,2,0
2026-06-12 16:49:06.858,0.00,0.00,0.00,0.00,2,0
2026-06-12 16:49:06.908,0.00,0.00,0.00,0.00,2,0
2026-06-12 16:49:06.959,0.00,0.00,0.00,0.00,2,0
2026-06-12 16:49:07.009,0.00,0.00,0.00,0.00,2,0
2026-06-12 16:49:07.060,0.00,0.00,0.00,0.00,2,0
2026-06-12 16:49:07.110,0.00,0.00,0.00,0.00,2,0
2026-06-12 16:49:07.160,0.00,0.00,0.00,0.00,2,0
2026-06-12 16:49:07.211,0.00,0.00,0.00,0.00,2,0
2026-06-12 16:49:07.261,0.00,0.00,0.00,0.00,2,0
2026-06-12 16:49:07.312,0.00,0.00,0.00,0.00,2,0
2026-06-12 16:49:07.362,0.00,0.00,0.00,0.00,2,0
2026-06-12 16:49:07.412,0.00,0.00,0.00,0.00,2,0
2026-06-12 16:49:07.463,0.00,0.00,0.00,0.00,2,0
2026-06-12 16:49:07.513,0.00,0.00,0.00,0.00,2,0
2026-06-12 16:49:07.564,0.00,0.00,0.00,0.00,2,0
2026-06-12 16:49:07.614,0.00,0.00,0.00,0.00,2,0
2026-06-12 16:49:07.664,0.00,0.00,0.00,0.00,2,0
2026-06-12 16:49:07.715,0.00,0.00,0.00,0.00,2,0
2026-06-12 16:49:07.765,0.00,0.00,0.00,0.00,2,0
2026-06-12 16:49:07.816,0.00,0.00,0.00,0.00,2,0
2026-06-12 16:49:07.867,0.00,0.00,0.00,0.00,2,0
2026-06-12 16:49:07.918,0.00,0.00,0.00,0.00,2,0
2026-06-12 16:49:07.967,0.00,0.00,0.00,0.00,2,0
2026-06-12 16:49:08.018,0.00,0.00,0.00,0.00,2,0
2026-06-12 16:49:08.068,0.00,0.00,0.00,0.00,2,0
2026-06-12 16:49:08.118,0.00,0.00,0.00,0.00,2,0
2026-06-12 16:49:08.169,0.00,0.00,0.00,0.00,2,0
2026-06-12 16:49:08.219,0.00,0.00,0.00,0.00,2,0
2026-06-12 16:49:08.270,0.00,0.00,0.00,0.00,2,0
2026-06-12 16:49:08.320,0.00,0.00,0.00,0.00,2,0
2026-06-12 16:49:08.370,0.00,0.00,0.00,0.00,2,0
2026-06-12 16:49:08.421,0.00,0.00,0.00,0.00,2,0
2026-06-12 16:49:08.471,0.00,0.00,0.00,0.00,2,0
2026-06-12 16:49:08.522,0.00,0.00,0.00,0.00,2,0
2026-06-12 16:49:08.572,0.00,0.00,0.00,0.00,2,0
2026-06-12 16:49:08.622,0.00,0.00,0.00,0.00,2,0
2026-06-12 16:49:08.673,0.00,0.00,0.00,0.00,2,0
2026-06-12 16:49:08.723,0.00,0.00,0.00,0.00,2,0
2026-06-12 16:49:08.774,0.00,0.00,0.00,0.00,2,0
2026-06-12 16:49:08.824,0.00,0.00,0.00,0.00,2,0
2026-06-12 16:49:08.874,0.00,0.00,0.00,0.00,2,0
2026-06-12 16:49:08.925,0.00,0.00,0.00,0.00,2,0
2026-06-12 16:49:08.975,0.00,0.00,0.00,0.00,2,0
2026-06-12 16:49:09.026,0.00,0.00,0.00,0.00,2,0
2026-06-12 16:49:09.076,0.00,0.00,0.00,0.00,2,0
2026-06-12 16:49:09.127,0.00,0.00,0.00,0.00,2,0
2026-06-12 16:49:09.177,0.00,0.00,0.00,0.00,2,0
2026-06-12 16:49:09.227,0.00,0.00,0.00,0.00,2,0
2026-06-12 16:49:09.278,0.00,0.00,0.00,0.00,2,0
2026-06-12 16:49:09.332,0.00,0.00,0.00,0.00,2,0
2026-06-12 16:49:09.380,0.00,0.00,0.00,0.00,2,0
2026-06-12 16:49:09.429,0.00,0.00,0.00,0.00,2,0
2026-06-12 16:49:09.479,0.00,0.00,0.00,0.00,2,0
2026-06-12 16:49:09.530,0.00,0.00,0.00,0.00,2,0
2026-06-12 16:49:09.580,0.00,0.00,0.00,0.00,2,0
2026-06-12 16:49:09.630,0.00,0.00,0.00,0.00,2,0
2026-06-12 16:49:09.681,0.00,0.00,0.00,0.00,2,0
2026-06-12 16:49:09.731,0.00,0.00,0.00,0.00,2,0
2026-06-12 16:49:09.782,0.00,0.00,0.00,0.00,2,0
2026-06-12 16:49:09.832,0.00,0.00,0.00,0.00,2,0
2026-06-12 16:49:09.883,0.00,0.00,0.00,0.00,2,0
2026-06-12 16:49:09.933,0.00,0.00,0.00,0.00,2,0
2026-06-12 16:49:09.983,0.00,0.00,0.00,0.00,2,0
2026-06-12 16:49:10.034,0.00,0.00,0.00,0.00,2,0
2026-06-12 16:49:10.084,0.00,0.00,0.00,0.00,2,0
2026-06-12 16:49:10.135,0.00,0.00,0.00,0.00,2,0
2026-06-12 16:49:10.185,0.00,0.00,0.00,0.00,2,0
2026-06-12 16:49:10.235,0.00,0.00,0.00,0.00,2,0
2026-06-12 16:49:10.286,0.00,0.00,0.00,0.00,2,0
2026-06-12 16:49:10.336,0.00,0.00,0.00,0.00,2,0
2026-06-12 16:49:10.387,0.00,0.00,0.00,0.00,2,0
2026-06-12 16:49:10.437,0.00,0.00,0.00,0.00,2,0
2026-06-12 16:49:10.487,0.00,0.00,0.00,0.00,2,0
2026-06-12 16:49:10.538,0.00,0.00,0.00,0.00,2,0
2026-06-12 16:49:10.588,0.00,0.00,0.00,0.00,2,0
2026-06-12 16:49:10.639,0.00,0.00,0.00,0.00,2,0
2026-06-12 16:49:10.689,0.00,0.00,0.00,0.00,2,0
2026-06-12 16:49:10.740,0.00,0.00,0.00,0.00,2,0
2026-06-12 16:49:10.790,0.00,0.00,0.00,0.00,2,0
2026-06-12 16:49:10.840,0.00,0.00,0.00,0.00,2,0
2026-06-12 16:49:10.891,0.00,0.00,0.00,0.00,2,0
2026-06-12 16:49:10.941,0.00,0.00,0.00,0.00,2,0
2026-06-12 16:49:10.992,0.00,0.00,0.00,0.00,2,0
2026-06-12 16:49:11.042,0.00,0.00,0.00,0.00,2,0
2026-06-12 16:49:11.092,0.00,0.00,0.00,0.00,2,0
2026-06-12 16:49:11.143,0.00,0.00,0.00,0.00,2,0
2026-06-12 16:49:11.193,0.00,0.00,0.00,0.00,2,0
2026-06-12 16:49:11.244,0.00,0.00,0.00,0.00,2,0
2026-06-12 16:49:11.294,0.00,0.00,0.00,0.00,2,0
2026-06-12 16:49:11.345,0.00,0.00,0.00,0.00,2,0
2026-06-12 16:49:11.395,0.00,0.00,0.00,0.00,2,0
2026-06-12 16:49:11.445,0.00,0.00,0.00,0.00,2,0
2026-06-12 16:49:11.496,0.00,0.00,0.00,0.00,2,0
2026-06-12 16:49:11.546,0.00,0.00,0.00,0.00,2,0
2026-06-12 16:49:11.597,0.00,0.00,0.00,0.00,2,0
2026-06-12 16:49:11.647,0.00,0.00,0.00,0.00,2,0
2026-06-12 16:49:11.697,0.00,0.00,0.00,0.00,2,0
2026-06-12 16:49:11.748,0.00,0.00,0.00,0.00,2,0
2026-06-12 16:49:11.798,0.00,0.00,0.00,0.00,2,0
2026-06-12 16:49:11.849,0.00,0.00,0.00,0.00,2,0
2026-06-12 16:49:11.899,0.00,0.00,0.00,0.00,2,0
2026-06-12 16:49:11.949,0.00,0.00,0.00,0.00,2,0
2026-06-12 16:49:12.000,0.00,0.00,0.00,0.00,2,0
2026-06-12 16:49:12.050,0.00,0.00,0.00,0.00,2,0
2026-06-12 16:49:12.101,0.00,0.00,0.00,0.00,2,0
2026-06-12 16:49:12.151,0.00,0.00,0.00,0.00,2,0
2026-06-12 16:49:12.202,0.00,0.00,0.00,0.00,2,0
2026-06-12 16:49:12.252,0.00,0.00,0.00,0.00,2,0
2026-06-12 16:49:12.302,0.00,0.00,0.00,0.00,2,0
2026-06-12 16:49:12.353,0.00,0.00,0.00,0.00,2,0
2026-06-12 16:49:12.403,0.00,0.00,0.00,0.00,2,0
2026-06-12 16:49:12.454,0.00,0.00,0.00,0.00,2,0
2026-06-12 16:49:12.504,0.00,0.00,0.00,0.00,2,0
2026-06-12 16:49:12.554,0.00,0.00,0.00,0.00,2,0
2026-06-12 16:49:12.605,0.00,0.00,0.00,0.00,2,0
2026-06-12 16:49:12.655,0.00,0.00,0.00,0.00,2,0
2026-06-12 16:49:12.706,0.00,0.00,0.00,0.00,2,0
2026-06-12 16:49:12.757,0.00,0.00,0.00,0.00,2,0
2026-06-12 16:49:12.807,0.00,0.00,0.00,0.00,2,0
2026-06-12 16:49:12.857,0.00,0.00,0.00,0.00,2,0
2026-06-12 16:49:12.907,0.00,0.00,0.00,0.00,2,0
2026-06-12 16:49:12.958,0.00,0.00,0.00,0.00,2,0
2026-06-12 16:49:13.008,0.00,0.00,0.00,0.00,2,0
2026-06-12 16:49:13.058,0.00,0.00,0.00,0.00,2,0
2026-06-12 16:49:13.109,0.00,0.00,0.00,0.00,2,0
2026-06-12 16:49:13.159,0.00,0.00,0.00,0.00,2,0
2026-06-12 16:49:13.210,0.00,0.00,0.00,0.00,2,0
2026-06-12 16:49:13.260,0.00,0.00,0.00,0.00,2,0
2026-06-12 16:49:13.310,0.00,0.00,0.00,0.00,2,0
2026-06-12 16:49:13.361,0.00,0.00,0.00,0.00,2,0
2026-06-12 16:49:13.411,0.00,0.00,0.00,0.00,2,0
2026-06-12 16:49:13.462,0.00,0.00,0.00,0.00,2,0
2026-06-12 16:49:13.512,0.00,0.00,0.00,0.00,2,0
2026-06-12 16:49:13.563,0.00,0.00,0.00,0.00,2,0
2026-06-12 16:49:13.613,0.00,0.00,0.00,0.00,2,0
2026-06-12 16:49:13.663,0.00,0.00,0.00,0.00,2,0
2026-06-12 16:49:13.714,0.00,0.00,0.00,0.00,2,0
2026-06-12 16:49:13.764,0.00,0.00,0.00,0.00,2,0
2026-06-12 16:49:13.815,0.00,0.00,0.00,0.00,2,0
2026-06-12 16:49:13.865,0.00,0.00,0.00,0.00,2,0
2026-06-12 16:49:13.915,0.00,0.00,0.00,0.00,2,0
2026-06-12 16:49:13.967,0.00,0.00,0.00,0.00,2,0
2026-06-12 16:49:14.017,0.00,0.00,0.00,0.00,2,0
2026-06-12 16:49:14.067,0.00,0.00,0.00,0.00,2,0
2026-06-12 16:49:14.117,0.00,0.00,0.00,0.00,2,0
2026-06-12 16:49:14.167,0.00,0.00,0.00,0.00,2,0
2026-06-12 16:49:14.218,0.00,0.00,0.00,0.00,2,0
2026-06-12 16:49:14.268,0.00,0.00,0.00,0.00,2,0
2026-06-12 16:49:14.319,0.00,0.00,0.00,0.00,2,0
2026-06-12 16:49:14.369,0.00,0.00,0.00,0.00,2,0
2026-06-12 16:49:14.420,0.00,0.00,0.00,0.00,2,0
2026-06-12 16:49:14.470,0.00,0.00,0.00,0.00,2,0
2026-06-12 16:49:14.520,0.00,0.00,0.00,0.00,2,0
2026-06-12 16:49:14.571,0.00,0.00,0.00,0.00,2,0
2026-06-12 16:49:14.621,0.00,0.00,0.00,0.00,2,0
2026-06-12 16:49:14.672,0.00,0.00,0.00,0.00,2,0
2026-06-12 16:49:14.722,0.00,0.00,0.00,0.00,2,0
2026-06-12 16:49:14.773,0.00,0.00,0.00,0.00,2,0
2026-06-12 16:49:14.823,0.00,0.00,0.00,0.00,2,0
2026-06-12 16:49:14.873,0.00,0.00,0.00,0.00,2,0
2026-06-12 16:49:14.924,0.00,0.00,0.00,0.00,2,0
2026-06-12 16:49:14.974,0.00,0.00,0.00,0.00,2,0
2026-06-12 16:49:15.024,0.00,0.00,0.00,0.00,2,0
2026-06-12 16:49:15.075,0.00,0.00,0.00,0.00,2,0
2026-06-12 16:49:15.125,0.00,0.00,0.00,0.00,2,0
2026-06-12 16:49:15.176,0.00,0.00,0.00,0.00,2,0
2026-06-12 16:49:15.227,0.00,0.00,0.00,0.00,2,0
2026-06-12 16:49:15.277,0.00,0.00,0.00,0.00,2,0
2026-06-12 16:49:15.327,0.00,0.00,0.00,0.00,2,0
2026-06-12 16:49:15.378,0.00,0.00,0.00,0.00,2,0
2026-06-12 16:49:15.428,0.00,0.00,0.00,0.00,2,0
2026-06-12 16:49:15.478,0.00,0.00,0.00,0.00,2,0
2026-06-12 16:49:15.528,0.00,0.00,0.00,0.00,2,0
2026-06-12 16:49:15.579,0.00,0.00,0.00,0.00,2,0
2026-06-12 16:49:15.629,0.00,0.00,0.00,0.00,2,0
2026-06-12 16:49:15.680,0.00,0.00,0.00,0.00,2,0
2026-06-12 16:49:15.730,0.00,0.00,0.00,0.00,2,0
2026-06-12 16:49:15.781,0.00,0.00,0.00,0.00,2,0
2026-06-12 16:49:15.831,0.00,0.00,0.00,0.00,2,0
2026-06-12 16:49:15.881,0.00,0.00,0.00,0.00,2,0
2026-06-12 16:49:15.932,0.00,0.00,0.00,0.00,2,0
2026-06-12 16:49:15.982,0.00,0.00,0.00,0.00,2,0
2026-06-12 16:49:16.033,0.00,0.00,0.00,0.00,2,0
2026-06-12 16:49:16.083,0.00,0.00,0.00,0.00,2,0
2026-06-12 16:49:16.134,0.00,0.00,0.00,0.00,2,0
2026-06-12 16:49:16.184,0.00,0.00,0.00,0.00,2,0
2026-06-12 16:49:16.234,0.00,0.00,0.00,0.00,2,0
2026-06-12 16:49:16.285,0.00,0.00,0.00,0.00,2,0
2026-06-12 16:49:16.335,0.00,0.00,0.00,0.00,2,0
2026-06-12 16:49:16.385,0.00,0.00,0.00,0.00,2,0
2026-06-12 16:49:16.436,0.00,0.00,0.00,0.00,2,0
2026-06-12 16:49:16.487,0.00,0.00,0.00,0.00,2,0
2026-06-12 16:49:16.537,0.00,0.00,0.00,0.00,2,0
2026-06-12 16:49:16.587,0.00,0.00,0.00,0.00,2,0
2026-06-12 16:49:16.637,0.00,0.00,0.00,0.00,2,0
2026-06-12 16:49:16.688,0.00,0.00,0.00,0.00,2,0
2026-06-12 16:49:16.740,0.00,0.00,0.00,0.00,2,0
2026-06-12 16:49:16.789,0.00,0.00,0.00,0.00,2,0
2026-06-12 16:49:16.839,0.00,0.00,0.00,0.00,2,0
2026-06-12 16:49:16.890,0.00,0.00,0.00,0.00,2,0
2026-06-12 16:49:16.940,0.00,0.00,0.00,0.00,2,0
2026-06-12 16:49:16.990,0.00,0.00,0.00,0.00,2,0
2026-06-12 16:49:17.041,0.00,0.00,0.00,0.00,2,0
2026-06-12 16:49:17.091,0.00,0.00,0.00,0.00,2,0
2026-06-12 16:49:17.142,0.00,0.00,0.00,0.00,2,0
2026-06-12 16:49:17.192,0.00,0.00,0.00,0.00,2,0
2026-06-12 16:49:17.242,0.00,0.00,0.00,0.00,2,0
2026-06-12 16:49:17.293,0.00,0.00,0.00,0.00,2,0
2026-06-12 16:49:17.343,0.00,0.00,0.00,0.00,2,0
2026-06-12 16:49:17.394,0.00,0.00,0.00,0.00,2,0
2026-06-12 16:49:17.444,0.00,0.00,0.00,0.00,2,0
2026-06-12 16:49:17.494,0.00,0.00,0.00,0.00,2,0
2026-06-12 16:49:17.545,0.00,0.00,0.00,0.00,2,0
2026-06-12 16:49:17.595,0.00,0.00,0.00,0.00,2,0
2026-06-12 16:49:17.646,0.00,0.00,0.00,0.00,2,0
2026-06-12 16:49:17.697,0.00,0.00,0.00,0.00,2,0
2026-06-12 16:49:17.746,0.00,0.00,0.00,0.00,2,0
2026-06-12 16:49:17.797,0.00,0.00,0.00,0.00,2,0
2026-06-12 16:49:17.847,0.00,0.00,0.00,0.00,2,0
2026-06-12 16:49:17.898,0.00,0.00,0.00,0.00,2,0
2026-06-12 16:49:17.948,0.00,0.00,0.00,0.00,2,0
2026-06-12 16:49:17.999,0.00,0.00,0.00,0.00,2,0
2026-06-12 16:49:18.049,0.00,0.00,0.00,0.00,2,0
2026-06-12 16:49:18.099,0.00,0.00,0.00,0.00,2,0
2026-06-12 16:49:18.150,0.00,0.00,0.00,0.00,2,0
2026-06-12 16:49:18.200,0.00,0.00,0.00,0.00,2,0
2026-06-12 16:49:18.251,0.00,0.00,0.00,0.00,2,0
2026-06-12 16:49:18.301,0.00,0.00,0.00,0.00,2,0
2026-06-12 16:49:18.351,0.00,0.00,0.00,0.00,2,0
2026-06-12 16:49:18.402,0.00,0.00,0.00,0.00,2,0
2026-06-12 16:49:18.452,0.00,0.00,0.00,0.00,2,0
2026-06-12 16:49:18.503,0.00,0.00,0.00,0.00,2,0
2026-06-12 16:49:18.553,0.00,0.00,0.00,0.00,2,0
2026-06-12 16:49:18.604,0.00,0.00,0.00,0.00,2,0
2026-06-12 16:49:18.654,0.00,0.00,0.00,0.00,2,0
2026-06-12 16:49:18.705,0.00,0.00,0.00,0.00,2,0
2026-06-12 16:49:18.755,0.00,0.00,0.00,0.00,2,0
2026-06-12 16:49:18.805,0.00,0.00,0.00,0.00,2,0
2026-06-12 16:49:18.856,0.00,0.00,0.00,0.00,2,0
2026-06-12 16:49:18.906,0.00,0.00,0.00,0.00,2,0
2026-06-12 16:49:18.957,0.00,0.00,0.00,0.00,2,0
2026-06-12 16:49:19.007,0.00,0.00,0.00,0.00,2,0
2026-06-12 16:49:19.057,0.00,0.00,0.00,0.00,2,0
2026-06-12 16:49:19.108,0.00,0.00,0.00,0.00,2,0
2026-06-12 16:49:19.158,0.00,0.00,0.00,0.00,2,0
2026-06-12 16:49:19.208,0.00,0.00,0.00,0.00,2,0
2026-06-12 16:49:19.259,0.00,0.00,0.00,0.00,2,0
2026-06-12 16:49:19.309,0.00,0.00,0.00,0.00,2,0
2026-06-12 16:49:19.360,0.00,0.00,0.00,0.00,2,0
2026-06-12 16:49:19.410,0.00,0.00,0.00,0.00,2,0
2026-06-12 16:49:19.461,0.00,0.00,0.00,0.00,2,0
2026-06-12 16:49:19.511,0.00,0.00,0.00,0.00,2,0
2026-06-12 16:49:19.561,0.00,0.00,0.00,0.00,2,0
2026-06-12 16:49:19.612,0.00,0.00,0.00,0.00,2,0
2026-06-12 16:49:19.662,0.00,0.00,0.00,0.00,2,0
2026-06-12 16:49:19.713,0.00,0.00,0.00,0.00,2,0
2026-06-12 16:49:19.763,0.00,0.00,0.00,0.00,2,0
2026-06-12 16:49:19.813,0.00,0.00,0.00,0.00,2,0
2026-06-12 16:49:19.864,0.00,0.00,0.00,0.00,2,0
2026-06-12 16:49:19.914,0.00,0.00,0.00,0.00,2,0
2026-06-12 16:49:19.965,0.00,0.00,0.00,0.00,2,0
2026-06-12 16:49:20.015,0.00,0.00,0.00,0.00,2,0
2026-06-12 16:49:20.065,0.00,0.00,0.00,0.00,2,0
2026-06-12 16:49:20.116,0.00,0.00,0.00,0.00,2,0
2026-06-12 16:49:20.167,0.00,0.00,0.00,0.00,2,0
2026-06-12 16:49:20.217,0.00,0.00,0.00,0.00,2,0
2026-06-12 16:49:20.267,0.00,0.00,0.00,0.00,2,0
2026-06-12 16:49:20.317,0.00,0.00,0.00,0.00,2,0
2026-06-12 16:49:20.368,0.00,0.00,0.00,0.00,2,0
2026-06-12 16:49:20.418,0.00,0.00,0.00,0.00,2,0
2026-06-12 16:49:20.469,0.00,0.00,0.00,0.00,2,0
2026-06-12 16:49:20.519,0.00,0.00,0.00,0.00,2,0
2026-06-12 16:49:20.569,0.00,0.00,0.00,0.00,2,0
2026-06-12 16:49:20.620,0.00,0.00,0.00,0.00,2,0
2026-06-12 16:49:20.670,0.00,0.00,0.00,0.00,2,0
2026-06-12 16:49:20.721,0.00,0.00,0.00,0.00,2,0
2026-06-12 16:49:20.771,0.00,0.00,0.00,0.00,2,0
2026-06-12 16:49:20.821,0.00,0.00,0.00,0.00,2,0
2026-06-12 16:49:20.872,0.00,0.00,0.00,0.00,2,0
2026-06-12 16:49:20.922,0.00,0.00,0.00,0.00,2,0
2026-06-12 16:49:20.973,0.00,0.00,0.00,0.00,2,0
2026-06-12 16:49:21.023,0.00,0.00,0.00,0.00,2,0
2026-06-12 16:49:21.074,0.00,0.00,0.00,0.00,2,0
2026-06-12 16:49:21.124,0.00,0.00,0.00,0.00,2,0
2026-06-12 16:49:21.174,0.00,0.00,0.00,0.00,2,0
2026-06-12 16:49:21.225,0.00,0.00,0.00,0.00,2,0
2026-06-12 16:49:21.275,0.00,0.00,0.00,0.00,2,0
2026-06-12 16:49:21.326,0.00,0.00,0.00,0.00,2,0
2026-06-12 16:49:21.376,0.00,0.00,0.00,0.00,2,0
2026-06-12 16:49:21.427,0.00,0.00,0.00,0.00,2,0
2026-06-12 16:49:21.477,0.00,0.00,0.00,0.00,2,0
2026-06-12 16:49:21.527,0.00,0.00,0.00,0.00,2,0
2026-06-12 16:49:21.578,0.00,0.00,0.00,0.00,2,0
2026-06-12 16:49:21.628,0.00,0.00,0.00,0.00,2,0
2026-06-12 16:49:21.678,0.00,0.00,0.00,0.00,2,0
2026-06-12 16:49:21.729,0.00,0.00,0.00,0.00,2,0
2026-06-12 16:49:21.779,0.00,0.00,0.00,0.00,2,0
2026-06-12 16:49:21.830,0.00,0.00,0.00,0.00,2,0
2026-06-12 16:49:21.880,0.00,0.00,0.00,0.00,2,0
2026-06-12 16:49:21.931,0.00,0.00,0.00,0.00,2,0
2026-06-12 16:49:21.981,0.00,0.00,0.00,0.00,2,0
2026-06-12 16:49:22.031,0.00,0.00,0.00,0.00,2,0
2026-06-12 16:49:22.082,0.00,0.00,0.00,0.00,2,0
2026-06-12 16:49:22.132,0.00,0.00,0.00,0.00,2,0
2026-06-12 16:49:22.183,0.00,0.00,0.00,0.00,2,0
2026-06-12 16:49:22.233,0.00,0.00,0.00,0.00,2,0
2026-06-12 16:49:22.284,0.00,0.00,0.00,0.00,2,0
2026-06-12 16:49:22.334,0.00,0.00,0.00,0.00,2,0
2026-06-12 16:49:22.384,0.00,0.00,0.00,0.00,2,0
2026-06-12 16:49:22.435,0.00,0.00,0.00,0.00,2,0
2026-06-12 16:49:22.485,0.00,0.00,0.00,0.00,2,0
2026-06-12 16:49:22.540,0.00,0.00,0.00,0.00,2,0
2026-06-12 16:49:22.586,0.00,0.00,0.00,0.00,2,0
2026-06-12 16:49:22.637,0.00,0.00,0.00,0.00,2,0
2026-06-12 16:49:22.687,0.00,0.00,0.00,0.00,2,0
2026-06-12 16:49:22.737,0.00,0.00,0.00,0.00,2,0
2026-06-12 16:49:22.788,0.00,0.00,0.00,0.00,2,0
2026-06-12 16:49:22.838,0.00,0.00,0.00,0.00,2,0
2026-06-12 16:49:22.888,0.00,0.00,0.00,0.00,2,0
2026-06-12 16:49:22.939,0.00,0.00,0.00,0.00,2,0
2026-06-12 16:49:22.989,0.00,0.00,0.00,0.00,2,0
2026-06-12 16:49:23.040,0.00,0.00,0.00,0.00,2,0
2026-06-12 16:49:23.090,0.00,0.00,0.00,0.00,2,0
2026-06-12 16:49:23.140,0.00,0.00,0.00,0.00,2,0
2026-06-12 16:49:23.191,0.00,0.00,0.00,0.00,2,0
2026-06-12 16:49:23.241,0.00,0.00,0.00,0.00,2,0
2026-06-12 16:49:23.292,0.00,0.00,0.00,0.00,2,0
2026-06-12 16:49:23.342,0.00,0.00,0.00,0.00,2,0
2026-06-12 16:49:23.393,0.00,0.00,0.00,0.00,2,0
2026-06-12 16:49:23.443,0.00,0.00,0.00,0.00,2,0
2026-06-12 16:49:23.493,0.00,0.00,0.00,0.00,2,0
2026-06-12 16:49:23.544,0.00,0.00,0.00,0.00,2,0
2026-06-12 16:49:23.594,0.00,0.00,0.00,0.00,2,0
2026-06-12 16:49:23.645,0.00,0.00,0.00,0.00,2,0
2026-06-12 16:49:23.695,0.00,0.00,0.00,0.00,2,0
2026-06-12 16:49:23.745,0.00,0.00,0.00,0.00,2,0
2026-06-12 16:49:23.797,0.00,0.00,0.00,0.00,2,0
2026-06-12 16:49:23.846,0.00,0.00,0.00,0.00,2,0
2026-06-12 16:49:23.897,0.00,0.00,0.00,0.00,2,0
2026-06-12 16:49:23.947,0.00,0.00,0.00,0.00,2,0
2026-06-12 16:49:23.997,0.00,0.00,0.00,0.00,2,0
2026-06-12 16:49:24.048,0.00,0.00,0.00,0.00,2,0
2026-06-12 16:49:24.098,0.00,0.00,0.00,0.00,2,0
2026-06-12 16:49:24.149,0.00,0.00,0.00,0.00,2,0
2026-06-12 16:49:24.199,0.00,0.00,0.00,0.00,2,0
2026-06-12 16:49:24.249,0.00,0.00,0.00,0.00,2,0
2026-06-12 16:49:24.300,0.00,0.00,0.00,0.00,2,0
2026-06-12 16:49:24.350,0.00,0.00,0.00,0.00,2,0
2026-06-12 16:49:24.401,0.00,0.00,0.00,0.00,2,0
2026-06-12 16:49:24.451,0.00,0.00,0.00,0.00,2,0
2026-06-12 16:49:24.502,0.00,0.00,0.00,0.00,2,0
2026-06-12 16:49:24.552,0.00,0.00,0.00,0.00,2,0
2026-06-12 16:49:24.602,0.00,0.00,0.00,0.00,2,0
2026-06-12 16:49:24.653,0.00,0.00,0.00,0.00,2,0
2026-06-12 16:49:24.703,0.00,0.00,0.00,0.00,2,0
2026-06-12 16:49:24.754,0.00,0.00,0.00,0.00,2,0
2026-06-12 16:49:24.804,0.00,0.00,0.00,0.00,2,0
2026-06-12 16:49:24.854,0.00,0.00,0.00,0.00,2,0
2026-06-12 16:49:24.905,0.00,0.00,0.00,0.00,2,0
2026-06-12 16:49:24.955,0.00,0.00,0.00,0.00,2,0
2026-06-12 16:49:25.005,0.00,0.00,0.00,0.00,2,0
2026-06-12 16:49:25.056,0.00,0.00,0.00,0.00,2,0
2026-06-12 16:49:25.107,0.00,0.00,0.00,0.00,2,0
2026-06-12 16:49:25.157,0.00,0.00,0.00,0.00,2,0
2026-06-12 16:49:25.207,0.00,0.00,0.00,0.00,2,0
2026-06-12 16:49:25.258,0.00,0.00,0.00,0.00,2,0
2026-06-12 16:49:25.308,0.00,0.00,0.00,0.00,2,0
2026-06-12 16:49:25.358,0.00,0.00,0.00,0.00,2,0
2026-06-12 16:49:25.409,0.00,0.00,0.00,0.00,2,0
2026-06-12 16:49:25.459,0.00,0.00,0.00,0.00,2,0
2026-06-12 16:49:25.510,0.00,0.00,0.00,0.00,2,0
2026-06-12 16:49:25.560,0.00,0.00,0.00,0.00,2,0
2026-06-12 16:49:25.610,0.00,0.00,0.00,0.00,2,0
2026-06-12 16:49:25.661,0.00,0.00,0.00,0.00,2,0
2026-06-12 16:49:25.711,0.00,0.00,0.00,0.00,2,0
2026-06-12 16:49:25.762,0.00,0.00,0.00,0.00,2,0
2026-06-12 16:49:25.812,0.00,0.00,0.00,0.00,2,0
2026-06-12 16:49:25.863,0.00,0.00,0.00,0.00,2,0
2026-06-12 16:49:25.913,0.00,0.00,0.00,0.00,2,0
2026-06-12 16:49:25.963,0.00,0.00,0.00,0.00,2,0
2026-06-12 16:49:26.014,0.00,0.00,0.00,0.00,2,0
2026-06-12 16:49:26.064,0.00,0.00,0.00,0.00,2,0
2026-06-12 16:49:26.114,0.00,0.00,0.00,0.00,2,0
2026-06-12 16:49:26.165,0.00,0.00,0.00,0.00,2,0
2026-06-12 16:49:26.215,0.00,0.00,0.00,0.00,2,0
2026-06-12 16:49:26.266,0.00,0.00,0.00,0.00,2,0
2026-06-12 16:49:26.316,0.00,0.00,0.00,0.00,2,0
2026-06-12 16:49:26.367,0.00,0.00,0.00,0.00,2,0
2026-06-12 16:49:26.417,0.00,0.00,0.00,0.00,2,0
2026-06-12 16:49:26.468,0.00,0.00,0.00,0.00,2,0
2026-06-12 16:49:26.518,0.00,0.00,0.00,0.00,2,0
2026-06-12 16:49:26.568,0.00,0.00,0.00,0.00,2,0
2026-06-12 16:49:26.619,0.00,0.00,0.00,0.00,2,0
2026-06-12 16:49:26.669,0.00,0.00,0.00,0.00,2,0
2026-06-12 16:49:26.720,0.00,0.00,0.00,0.00,2,0
2026-06-12 16:49:26.770,0.00,0.00,0.00,0.00,2,0
2026-06-12 16:49:26.820,0.00,0.00,0.00,0.00,2,0
2026-06-12 16:49:26.871,0.00,0.00,0.00,0.00,2,0
2026-06-12 16:49:26.921,0.00,0.00,0.00,0.00,2,0
2026-06-12 16:49:26.971,0.00,0.00,0.00,0.00,2,0
2026-06-12 16:49:27.022,0.00,0.00,0.00,0.00,2,0
2026-06-12 16:49:27.073,0.00,0.00,0.00,0.00,2,0
2026-06-12 16:49:27.123,0.00,0.00,0.00,0.00,2,0
2026-06-12 16:49:27.173,0.00,0.00,0.00,0.00,2,0
2026-06-12 16:49:27.224,0.00,0.00,0.00,0.00,2,0
2026-06-12 16:49:27.274,0.00,0.00,0.00,0.00,2,0
2026-06-12 16:49:27.324,0.00,0.00,0.00,0.00,2,0
2026-06-12 16:49:27.375,0.00,0.00,0.00,0.00,2,0
2026-06-12 16:49:27.425,0.00,0.00,0.00,0.00,2,0
2026-06-12 16:49:27.477,0.00,0.00,0.00,0.00,2,0
2026-06-12 16:49:27.526,0.00,0.00,0.00,0.00,2,0
2026-06-12 16:49:27.577,0.00,0.00,0.00,0.00,2,0
2026-06-12 16:49:27.627,0.00,0.00,0.00,0.00,2,0
2026-06-12 16:49:27.677,0.00,0.00,0.00,0.00,2,0
2026-06-12 16:49:27.728,0.00,0.00,0.00,0.00,2,0
2026-06-12 16:49:27.778,0.00,0.00,0.00,0.00,2,0
2026-06-12 16:49:27.828,0.00,0.00,0.00,0.00,2,0
2026-06-12 16:49:27.879,0.00,0.00,0.00,0.00,2,0
2026-06-12 16:49:27.929,0.00,0.00,0.00,0.00,2,0
2026-06-12 16:49:27.980,0.00,0.00,0.00,0.00,2,0
2026-06-12 16:49:28.030,0.00,0.00,0.00,0.00,2,0
2026-06-12 16:49:28.080,0.00,0.00,0.00,0.00,2,0
2026-06-12 16:49:28.131,0.00,0.00,0.00,0.00,2,0
2026-06-12 16:49:28.181,0.00,0.00,0.00,0.00,2,0
2026-06-12 16:49:28.232,0.00,0.00,0.00,0.00,2,0
2026-06-12 16:49:28.282,0.00,0.00,0.00,0.00,2,0
2026-06-12 16:49:28.332,0.00,0.00,0.00,0.00,2,0
2026-06-12 16:49:28.383,0.00,0.00,0.00,0.00,2,0
2026-06-12 16:49:28.433,0.00,0.00,0.00,0.00,2,0
2026-06-12 16:49:28.484,0.00,0.00,0.00,0.00,2,0
2026-06-12 16:49:28.534,0.00,0.00,0.00,0.00,2,0
2026-06-12 16:49:28.585,0.00,0.00,0.00,0.00,2,0
2026-06-12 16:49:28.635,0.00,0.00,0.00,0.00,2,0
2026-06-12 16:49:28.685,0.00,0.00,0.00,0.00,2,0
2026-06-12 16:49:28.736,0.00,0.00,0.00,0.00,2,0
2026-06-12 16:49:28.787,0.00,0.00,0.00,0.00,2,0
2026-06-12 16:49:28.837,0.00,0.00,0.00,0.00,2,0
2026-06-12 16:49:28.887,0.00,0.00,0.00,0.00,2,0
2026-06-12 16:49:28.937,0.00,0.00,0.00,0.00,2,0
2026-06-12 16:49:28.988,0.00,0.00,0.00,0.00,2,0
2026-06-12 16:49:29.038,0.00,0.00,0.00,0.00,2,0
2026-06-12 16:49:29.089,0.00,0.00,0.00,0.00,2,0
2026-06-12 16:49:29.143,0.00,0.00,0.00,0.00,2,0
2026-06-12 16:49:29.189,0.00,0.00,0.00,0.00,2,0
2026-06-12 16:49:29.240,0.00,0.00,0.00,0.00,2,0
2026-06-12 16:49:29.290,0.00,0.00,0.00,0.00,2,0
2026-06-12 16:49:29.341,0.00,0.00,0.00,0.00,2,0
2026-06-12 16:49:29.391,0.00,0.00,0.00,0.00,2,0
2026-06-12 16:49:29.441,0.00,0.00,0.00,0.00,2,0
2026-06-12 16:49:29.492,0.00,0.00,0.00,0.00,2,0
2026-06-12 16:49:29.542,0.00,0.00,0.00,0.00,2,0
2026-06-12 16:49:29.593,0.00,0.00,0.00,0.00,2,0
2026-06-12 16:49:29.643,0.00,0.00,0.00,0.00,2,0
2026-06-12 16:49:29.694,0.00,0.00,0.00,0.00,2,0
2026-06-12 16:49:29.744,0.00,0.00,0.00,0.00,2,0
2026-06-12 16:49:29.794,0.00,0.00,0.00,0.00,2,0
2026-06-12 16:49:29.845,0.00,0.00,0.00,0.00,2,0
2026-06-12 16:49:29.895,0.00,0.00,0.00,0.00,2,0
2026-06-12 16:49:29.946,0.00,0.00,0.00,0.00,2,0
2026-06-12 16:49:29.996,0.00,0.00,0.00,0.00,2,0
2026-06-12 16:49:30.047,0.00,0.00,0.00,0.00,2,0
2026-06-12 16:49:30.097,0.00,0.00,0.00,0.00,2,0
2026-06-12 16:49:30.147,0.00,0.00,0.00,0.00,2,0
2026-06-12 16:49:30.198,0.00,0.00,0.00,0.00,2,0
2026-06-12 16:49:30.248,0.00,0.00,0.00,0.00,2,0
2026-06-12 16:49:30.298,0.00,0.00,0.00,0.00,2,0
2026-06-12 16:49:30.349,0.00,0.00,0.00,0.00,2,0
2026-06-12 16:49:30.399,0.00,0.00,0.00,0.00,2,0
2026-06-12 16:49:30.450,0.00,0.00,0.00,0.00,2,0
2026-06-12 16:49:30.500,0.00,0.00,0.00,0.00,2,0
2026-06-12 16:49:30.550,0.00,0.00,0.00,0.00,2,0
2026-06-12 16:49:30.601,0.00,0.00,0.00,0.00,2,0
2026-06-12 16:49:30.651,0.00,0.00,0.00,0.00,2,0
2026-06-12 16:49:30.702,0.00,0.00,0.00,0.00,2,0
2026-06-12 16:49:30.752,0.00,0.00,0.00,0.00,2,0
2026-06-12 16:49:30.803,0.00,0.00,0.00,0.00,2,0
2026-06-12 16:49:30.853,0.00,0.00,0.00,0.00,2,0
2026-06-12 16:49:30.903,0.00,0.00,0.00,0.00,2,0
2026-06-12 16:49:30.954,0.00,0.00,0.00,0.00,2,0
2026-06-12 16:49:31.004,0.00,0.00,0.00,0.00,2,0
2026-06-12 16:49:31.055,0.00,0.00,0.00,0.00,2,0
2026-06-12 16:49:31.105,0.00,0.00,0.00,0.00,2,0
2026-06-12 16:49:31.155,0.00,0.00,0.00,0.00,2,0
2026-06-12 16:49:31.206,0.00,0.00,0.00,0.00,2,0
2026-06-12 16:49:31.257,0.00,0.00,0.00,0.00,2,0
2026-06-12 16:49:31.307,0.00,0.00,0.00,0.00,2,0
2026-06-12 16:49:31.357,0.00,0.00,0.00,0.00,2,0
2026-06-12 16:49:31.408,0.00,0.00,0.00,0.00,2,0
2026-06-12 16:49:31.458,0.00,0.00,0.00,0.00,2,0
2026-06-12 16:49:31.508,0.00,0.00,0.00,0.00,2,0
2026-06-12 16:49:31.559,0.00,0.00,0.00,0.00,2,0
2026-06-12 16:49:31.609,0.00,0.00,0.00,0.00,2,0
2026-06-12 16:49:31.660,0.00,0.00,0.00,0.00,2,0
2026-06-12 16:49:31.710,0.00,0.00,0.00,0.00,2,0
2026-06-12 16:49:31.760,0.00,0.00,0.00,0.00,2,0
2026-06-12 16:49:31.811,0.00,0.00,0.00,0.00,2,0
2026-06-12 16:49:31.861,0.00,0.00,0.00,0.00,2,0
2026-06-12 16:49:31.912,0.00,0.00,0.00,0.00,2,0
2026-06-12 16:49:31.962,0.00,0.00,0.00,0.00,2,0
2026-06-12 16:49:32.012,0.00,0.00,0.00,0.00,2,0
2026-06-12 16:49:32.063,0.00,0.00,0.00,0.00,2,0
2026-06-12 16:49:32.113,0.00,0.00,0.00,0.00,2,0
2026-06-12 16:49:32.164,0.00,0.00,0.00,0.00,2,0
2026-06-12 16:49:32.214,0.00,0.00,0.00,0.00,2,0
2026-06-12 16:49:32.264,0.00,0.00,0.00,0.00,2,0
2026-06-12 16:49:32.315,0.00,0.00,0.00,0.00,2,0
2026-06-12 16:49:32.366,0.00,0.00,0.00,0.00,2,0
2026-06-12 16:49:32.418,0.00,0.00,0.00,0.00,2,0
2026-06-12 16:49:32.467,0.00,0.00,0.00,0.00,2,0
2026-06-12 16:49:32.518,0.00,0.00,0.00,0.00,2,0
2026-06-12 16:49:32.568,0.00,0.00,0.00,0.00,2,0
2026-06-12 16:49:32.617,0.00,0.00,0.00,0.00,2,0
2026-06-12 16:49:32.668,0.00,0.00,0.00,0.00,2,0
2026-06-12 16:49:32.718,0.00,0.00,0.00,0.00,2,0
2026-06-12 16:49:32.768,0.00,0.00,0.00,0.00,2,0
2026-06-12 16:49:32.819,0.00,0.00,0.00,0.00,2,0
2026-06-12 16:49:32.869,0.00,0.00,0.00,0.00,2,0
2026-06-12 16:49:32.920,0.00,0.00,0.00,0.00,2,0
2026-06-12 16:49:32.970,0.00,0.00,0.00,0.00,2,0
2026-06-12 16:49:33.021,0.00,0.00,0.00,0.00,2,0
2026-06-12 16:49:33.071,0.00,0.00,0.00,0.00,2,0
2026-06-12 16:49:33.121,0.00,0.00,0.00,0.00,2,0
2026-06-12 16:49:33.172,0.00,0.00,0.00,0.00,2,0
2026-06-12 16:49:33.222,0.00,0.00,0.00,0.00,2,0
2026-06-12 16:49:33.273,0.00,0.00,0.00,0.00,2,0
2026-06-12 16:49:33.323,0.00,0.00,0.00,0.00,2,0
2026-06-12 16:49:33.373,0.00,0.00,0.00,0.00,2,0
2026-06-12 16:49:33.424,0.00,0.00,0.00,0.00,2,0
2026-06-12 16:49:33.474,0.00,0.00,0.00,0.00,2,0
2026-06-12 16:49:33.525,0.00,0.00,0.00,0.00,2,0
2026-06-12 16:49:33.575,0.00,0.00,0.00,0.00,2,0
2026-06-12 16:49:33.625,0.00,0.00,0.00,0.00,2,0
2026-06-12 16:49:33.677,0.00,0.00,0.00,0.00,2,0
2026-06-12 16:49:33.727,0.00,0.00,0.00,0.00,2,0
2026-06-12 16:49:33.778,0.00,0.00,0.00,0.00,2,0
2026-06-12 16:49:33.827,0.00,0.00,0.00,0.00,2,0
2026-06-12 16:49:33.877,0.00,0.00,0.00,0.00,2,0
2026-06-12 16:49:33.928,0.00,0.00,0.00,0.00,2,0
2026-06-12 16:49:33.978,0.00,0.00,0.00,0.00,2,0
2026-06-12 16:49:34.029,0.00,0.00,0.00,0.00,2,0
2026-06-12 16:49:34.079,0.00,0.00,0.00,0.00,2,0
2026-06-12 16:49:34.129,0.00,0.00,0.00,0.00,2,0
2026-06-12 16:49:34.180,0.00,0.00,0.00,0.00,2,0
2026-06-12 16:49:34.230,0.00,0.00,0.00,0.00,2,0
2026-06-12 16:49:34.281,0.00,0.00,0.00,0.00,2,0
2026-06-12 16:49:34.331,0.00,0.00,0.00,0.00,2,0
2026-06-12 16:49:34.382,0.00,0.00,0.00,0.00,2,0
2026-06-12 16:49:34.432,0.00,0.00,0.00,0.00,2,0
2026-06-12 16:49:34.483,0.00,0.00,0.00,0.00,2,0
2026-06-12 16:49:34.533,0.00,0.00,0.00,0.00,2,0
2026-06-12 16:49:34.583,0.00,0.00,0.00,0.00,2,0
2026-06-12 16:49:34.635,0.00,0.00,0.00,0.00,2,0
2026-06-12 16:49:34.684,0.00,0.00,0.00,0.00,2,0
2026-06-12 16:49:34.734,0.00,0.00,0.00,0.00,2,0
2026-06-12 16:49:34.785,0.00,0.00,0.00,0.00,2,0
2026-06-12 16:49:34.835,0.00,0.00,0.00,0.00,2,0
2026-06-12 16:49:34.887,0.00,0.00,0.00,0.00,2,0
2026-06-12 16:49:34.937,0.00,0.00,0.00,0.00,2,0
2026-06-12 16:49:34.987,0.00,0.00,0.00,0.00,2,0
2026-06-12 16:49:35.037,0.00,0.00,0.00,0.00,2,0
2026-06-12 16:49:35.087,0.00,0.00,0.00,0.00,2,0
2026-06-12 16:49:35.138,0.00,0.00,0.00,0.00,2,0
2026-06-12 16:49:35.188,0.00,0.00,0.00,0.00,2,0
2026-06-12 16:49:35.238,0.00,0.00,0.00,0.00,2,0
2026-06-12 16:49:35.289,0.00,0.00,0.00,0.00,2,0
2026-06-12 16:49:35.339,0.00,0.00,0.00,0.00,2,0
2026-06-12 16:49:35.390,0.00,0.00,0.00,0.00,2,0
2026-06-12 16:49:35.440,0.00,0.00,0.00,0.00,2,0
2026-06-12 16:49:35.490,0.00,0.00,0.00,0.00,2,0
2026-06-12 16:49:35.541,0.00,0.00,0.00,0.00,2,0
2026-06-12 16:49:35.591,0.00,0.00,0.00,0.00,2,0
2026-06-12 16:49:35.642,0.00,0.00,0.00,0.00,2,0
2026-06-12 16:49:35.692,0.00,0.00,0.00,0.00,2,0
2026-06-12 16:49:35.743,0.00,0.00,0.00,0.00,2,0
2026-06-12 16:49:35.793,0.00,0.00,0.00,0.00,2,0
2026-06-12 16:49:35.843,0.00,0.00,0.00,0.00,2,0
2026-06-12 16:49:35.894,0.00,0.00,0.00,0.00,2,0
2026-06-12 16:49:35.944,0.00,0.00,0.00,0.00,2,0
2026-06-12 16:49:35.995,0.00,0.00,0.00,0.00,2,0
2026-06-12 16:49:36.045,0.00,0.00,0.00,0.00,2,0
2026-06-12 16:49:36.095,0.00,0.00,0.00,0.00,2,0
2026-06-12 16:49:36.146,0.00,0.00,0.00,0.00,2,0
2026-06-12 16:49:36.197,0.00,0.00,0.00,0.00,2,0
2026-06-12 16:49:36.247,0.00,0.00,0.00,0.00,2,0
2026-06-12 16:49:36.297,0.00,0.00,0.00,0.00,2,0
2026-06-12 16:49:36.347,0.00,0.00,0.00,0.00,2,0
2026-06-12 16:49:36.398,0.00,0.00,0.00,0.00,2,0
2026-06-12 16:49:36.448,0.00,0.00,0.00,0.00,2,0
2026-06-12 16:49:36.499,0.00,0.00,0.00,0.00,2,0
2026-06-12 16:49:36.549,0.00,0.00,0.00,0.00,2,0
2026-06-12 16:49:36.600,0.00,0.00,0.00,0.00,2,0
2026-06-12 16:49:36.650,0.00,0.00,0.00,0.00,2,0
2026-06-12 16:49:36.700,0.00,0.00,0.00,0.00,2,0
2026-06-12 16:49:36.751,0.00,0.00,0.00,0.00,2,0
2026-06-12 16:49:36.801,0.00,0.00,0.00,0.00,2,0
2026-06-12 16:49:36.852,0.00,0.00,0.00,0.00,2,0
2026-06-12 16:49:36.902,0.00,0.00,0.00,0.00,2,0
2026-06-12 16:49:36.952,0.00,0.00,0.00,0.00,2,0
2026-06-12 16:49:37.003,0.00,0.00,0.00,0.00,2,0
2026-06-12 16:49:37.053,0.00,0.00,0.00,0.00,2,0
2026-06-12 16:49:37.104,0.00,0.00,0.00,0.00,2,0
2026-06-12 16:49:37.154,0.00,0.00,0.00,0.00,2,0
2026-06-12 16:49:37.204,0.00,0.00,0.00,0.00,2,0
2026-06-12 16:49:37.255,0.00,0.00,0.00,0.00,2,0
2026-06-12 16:49:37.305,0.00,0.00,0.00,0.00,2,0
2026-06-12 16:49:37.356,0.00,0.00,0.00,0.00,2,0
2026-06-12 16:49:37.407,0.00,0.00,0.00,0.00,2,0
2026-06-12 16:49:37.457,0.00,0.00,0.00,0.00,2,0
2026-06-12 16:49:37.507,0.00,0.00,0.00,0.00,2,0
2026-06-12 16:49:37.557,0.00,0.00,0.00,0.00,2,0
2026-06-12 16:49:37.608,0.00,0.00,0.00,0.00,2,0
2026-06-12 16:49:37.658,0.00,0.00,0.00,0.00,2,0
2026-06-12 16:49:37.709,0.00,0.00,0.00,0.00,2,0
2026-06-12 16:49:37.759,0.00,0.00,0.00,0.00,2,0
2026-06-12 16:49:37.809,0.00,0.00,0.00,0.00,2,0
2026-06-12 16:49:37.860,0.00,0.00,0.00,0.00,2,0
2026-06-12 16:49:37.910,0.00,0.00,0.00,0.00,2,0
2026-06-12 16:49:37.961,0.00,0.00,0.00,0.00,2,0
2026-06-12 16:49:38.011,0.00,0.00,0.00,0.00,2,0
2026-06-12 16:49:38.061,0.00,0.00,0.00,0.00,2,0
2026-06-12 16:49:38.112,0.00,0.00,0.00,0.00,2,0
2026-06-12 16:49:38.162,0.00,0.00,0.00,0.00,2,0
2026-06-12 16:49:38.213,0.00,0.00,0.00,0.00,2,0
2026-06-12 16:49:38.263,0.00,0.00,0.00,0.00,2,0
2026-06-12 16:49:38.313,0.00,0.00,0.00,0.00,2,0
2026-06-12 16:49:38.364,0.00,0.00,0.00,0.00,2,0
2026-06-12 16:49:38.414,0.00,0.00,0.00,0.00,2,0
2026-06-12 16:49:38.465,0.00,0.00,0.00,0.00,2,0
2026-06-12 16:49:38.515,0.00,0.00,0.00,0.00,2,0
2026-06-12 16:49:38.566,0.00,0.00,0.00,0.00,2,0
2026-06-12 16:49:38.618,0.00,0.00,0.00,0.00,2,0
2026-06-12 16:49:38.667,0.00,0.00,0.00,0.00,2,0
2026-06-12 16:49:38.717,0.00,0.00,0.00,0.00,2,0
2026-06-12 16:49:38.767,0.00,0.00,0.00,0.00,2,0
2026-06-12 16:49:38.819,0.00,0.00,0.00,0.00,2,0
2026-06-12 16:49:38.868,0.00,0.00,0.00,0.00,2,0
2026-06-12 16:49:38.918,0.00,0.00,0.00,0.00,2,0
2026-06-12 16:49:38.969,0.00,0.00,0.00,0.00,2,0
2026-06-12 16:49:39.019,0.00,0.00,0.00,0.00,2,0
2026-06-12 16:49:39.070,0.00,0.00,0.00,0.00,2,0
2026-06-12 16:49:39.120,0.00,0.00,0.00,0.00,2,0
2026-06-12 16:49:39.170,0.00,0.00,0.00,0.00,2,0
2026-06-12 16:49:39.221,0.00,0.00,0.00,0.00,2,0
2026-06-12 16:49:39.271,0.00,0.00,0.00,0.00,2,0
2026-06-12 16:49:39.322,0.00,0.00,0.00,0.00,2,0
2026-06-12 16:49:39.372,0.00,0.00,0.00,0.00,2,0
2026-06-12 16:49:39.422,0.00,0.00,0.00,0.00,2,0
2026-06-12 16:49:39.473,0.00,0.00,0.00,0.00,2,0
2026-06-12 16:49:39.523,0.00,0.00,0.00,0.00,2,0
2026-06-12 16:49:39.574,0.00,0.00,0.00,0.00,2,0
2026-06-12 16:49:39.624,0.00,0.00,0.00,0.00,2,0
2026-06-12 16:49:39.674,0.00,0.00,0.00,0.00,2,0
2026-06-12 16:49:39.725,0.00,0.00,0.00,0.00,2,0
2026-06-12 16:49:39.775,0.00,0.00,0.00,0.00,2,0
2026-06-12 16:49:39.826,0.00,0.00,0.00,0.00,2,0
2026-06-12 16:49:39.876,0.00,0.00,0.00,0.00,2,0
2026-06-12 16:49:39.927,0.00,0.00,0.00,0.00,2,0
2026-06-12 16:49:39.977,0.00,0.00,0.00,0.00,2,0
2026-06-12 16:49:40.027,0.00,0.00,0.00,0.00,2,0
2026-06-12 16:49:40.078,0.00,0.00,0.00,0.00,2,0
2026-06-12 16:49:40.128,0.00,0.00,0.00,0.00,2,0
2026-06-12 16:49:40.179,0.00,0.00,0.00,0.00,2,0
2026-06-12 16:49:40.229,0.00,0.00,0.00,0.00,2,0
2026-06-12 16:49:40.279,0.00,0.00,0.00,0.00,2,0
2026-06-12 16:49:40.330,0.00,0.00,0.00,0.00,2,0
2026-06-12 16:49:40.380,0.00,0.00,0.00,0.00,2,0
2026-06-12 16:49:40.430,0.00,0.00,0.00,0.00,2,0
2026-06-12 16:49:40.481,0.00,0.00,0.00,0.00,2,0
2026-06-12 16:49:40.531,0.00,0.00,0.00,0.00,2,0
2026-06-12 16:49:40.582,0.00,0.00,0.00,0.00,2,0
2026-06-12 16:49:40.632,0.00,0.00,0.00,0.00,2,0
2026-06-12 16:49:40.683,0.00,0.00,0.00,0.00,2,0
2026-06-12 16:49:40.733,0.00,0.00,0.00,0.00,2,0
2026-06-12 16:49:40.783,0.00,0.00,0.00,0.00,2,0
2026-06-12 16:49:40.834,0.00,0.00,0.00,0.00,2,0
2026-06-12 16:49:40.884,0.00,0.00,0.00,0.00,2,0
2026-06-12 16:49:40.935,0.00,0.00,0.00,0.00,2,0
2026-06-12 16:49:40.985,0.00,0.00,0.00,0.00,2,0
2026-06-12 16:49:41.035,0.00,0.00,0.00,0.00,2,0
2026-06-12 16:49:41.087,0.00,0.00,0.00,0.00,2,0
2026-06-12 16:49:41.137,0.00,0.00,0.00,0.00,2,0
2026-06-12 16:49:41.187,0.00,0.00,0.00,0.00,2,0
2026-06-12 16:49:41.237,0.00,0.00,0.00,0.00,2,0
2026-06-12 16:49:41.287,0.00,0.00,0.00,0.00,2,0
2026-06-12 16:49:41.338,0.00,0.00,0.00,0.00,2,0
2026-06-12 16:49:41.388,0.00,0.00,0.00,0.00,2,0
2026-06-12 16:49:41.439,0.00,0.00,0.00,0.00,2,0
2026-06-12 16:49:41.489,0.00,0.00,0.00,0.00,2,0
2026-06-12 16:49:41.539,0.00,0.00,0.00,0.00,2,0
2026-06-12 16:49:41.590,0.00,0.00,0.00,0.00,2,0
2026-06-12 16:49:41.640,0.00,0.00,0.00,0.00,2,0
2026-06-12 16:49:41.691,0.00,0.00,0.00,0.00,2,0
2026-06-12 16:49:41.741,0.00,0.00,0.00,0.00,2,0
2026-06-12 16:49:41.792,0.00,0.00,0.00,0.00,2,0
2026-06-12 16:49:41.842,0.00,0.00,0.00,0.00,2,0
2026-06-12 16:49:41.892,0.00,0.00,0.00,0.00,2,0
2026-06-12 16:49:41.943,0.00,0.00,0.00,0.00,2,0
2026-06-12 16:49:41.993,0.00,0.00,0.00,0.00,2,0
2026-06-12 16:49:42.044,0.00,0.00,0.00,0.00,2,0
2026-06-12 16:49:42.094,0.00,0.00,0.00,0.00,2,0
2026-06-12 16:49:42.144,0.00,0.00,0.00,0.00,2,0
2026-06-12 16:49:42.195,0.00,0.00,0.00,0.00,2,0
2026-06-12 16:49:42.245,0.00,0.00,0.00,0.00,2,0
2026-06-12 16:49:42.296,0.00,0.00,0.00,0.00,2,0
2026-06-12 16:49:42.347,0.00,0.00,0.00,0.00,2,0
2026-06-12 16:49:42.397,0.00,0.00,0.00,0.00,2,0
2026-06-12 16:49:42.447,0.00,0.00,0.00,0.00,2,0
2026-06-12 16:49:42.497,0.00,0.00,0.00,0.00,2,0
2026-06-12 16:49:42.548,0.00,0.00,0.00,0.00,2,0
2026-06-12 16:49:42.598,0.00,0.00,0.00,0.00,2,0
2026-06-12 16:49:42.649,0.00,0.00,0.00,0.00,2,0
2026-06-12 16:49:42.699,0.00,0.00,0.00,0.00,2,0
2026-06-12 16:49:42.749,0.00,0.00,0.00,0.00,2,0
2026-06-12 16:49:42.800,0.00,0.00,0.00,0.00,2,0
2026-06-12 16:49:42.851,0.00,0.00,0.00,0.00,2,0
2026-06-12 16:49:42.900,0.00,0.00,0.00,0.00,2,0
2026-06-12 16:49:42.951,0.00,0.00,0.00,0.00,2,0
2026-06-12 16:49:43.001,0.00,0.00,0.00,0.00,2,0
2026-06-12 16:49:43.052,0.00,0.00,0.00,0.00,2,0
2026-06-12 16:49:43.102,0.00,0.00,0.00,0.00,2,0
2026-06-12 16:49:43.152,0.00,0.00,0.00,0.00,2,0
2026-06-12 16:49:43.203,0.00,0.00,0.00,0.00,2,0
2026-06-12 16:49:43.253,0.00,0.00,0.00,0.00,2,0
2026-06-12 16:49:43.304,0.00,0.00,0.00,0.00,2,0
2026-06-12 16:49:43.355,0.00,0.00,0.00,0.00,2,0
2026-06-12 16:49:43.404,0.00,0.00,0.00,0.00,2,0
2026-06-12 16:49:43.455,0.00,0.00,0.00,0.00,2,0
2026-06-12 16:49:43.505,0.00,0.00,0.00,0.00,2,0
2026-06-12 16:49:43.556,0.00,0.00,0.00,0.00,2,0
2026-06-12 16:49:43.606,0.00,0.00,0.00,0.00,2,0
2026-06-12 16:49:43.657,0.00,0.00,0.00,0.00,2,0
2026-06-12 16:49:43.707,0.00,0.00,0.00,0.00,2,0
2026-06-12 16:49:43.757,0.00,0.00,0.00,0.00,2,0
2026-06-12 16:49:43.808,0.00,0.00,0.00,0.00,2,0
2026-06-12 16:49:43.858,0.00,0.00,0.00,0.00,2,0
2026-06-12 16:49:43.909,0.00,0.00,0.00,0.00,2,0
2026-06-12 16:49:43.959,0.00,0.00,0.00,0.00,2,0
2026-06-12 16:49:44.010,0.00,0.00,0.00,0.00,2,0
2026-06-12 16:49:44.060,0.00,0.00,0.00,0.00,2,0
2026-06-12 16:49:44.110,0.00,0.00,0.00,0.00,2,0
2026-06-12 16:49:44.161,0.00,0.00,0.00,0.00,2,0
2026-06-12 16:49:44.211,0.00,0.00,0.00,0.00,2,0
2026-06-12 16:49:44.261,0.00,0.00,0.00,0.00,2,0
2026-06-12 16:49:44.312,0.00,0.00,0.00,0.00,2,0
2026-06-12 16:49:44.362,0.00,0.00,0.00,0.00,2,0
2026-06-12 16:49:44.413,0.00,0.00,0.00,0.00,2,0
2026-06-12 16:49:44.463,0.00,0.00,0.00,0.00,2,0
2026-06-12 16:49:44.514,0.00,0.00,0.00,0.00,2,0
2026-06-12 16:49:44.564,0.00,0.00,0.00,0.00,2,0
2026-06-12 16:49:44.614,0.00,0.00,0.00,0.00,2,0
2026-06-12 16:49:44.665,0.00,0.00,0.00,0.00,2,0
2026-06-12 16:49:44.715,0.00,0.00,0.00,0.00,2,0
2026-06-12 16:49:44.766,0.00,0.00,0.00,0.00,2,0
2026-06-12 16:49:44.817,0.00,0.00,0.00,0.00,2,0
2026-06-12 16:49:44.866,0.00,0.00,0.00,0.00,2,0
2026-06-12 16:49:44.917,0.00,0.00,0.00,0.00,2,0
2026-06-12 16:49:44.968,0.00,0.00,0.00,0.00,2,0
2026-06-12 16:49:45.018,0.00,0.00,0.00,0.00,2,0
2026-06-12 16:49:45.068,0.00,0.00,0.00,0.00,2,0
2026-06-12 16:49:45.118,0.00,0.00,0.00,0.00,2,0
2026-06-12 16:49:45.169,0.00,0.00,0.00,0.00,2,0
2026-06-12 16:49:45.219,0.00,0.00,0.00,0.00,2,0
2026-06-12 16:49:45.270,0.00,0.00,0.00,0.00,2,0
2026-06-12 16:49:45.320,0.00,0.00,0.00,0.00,2,0
2026-06-12 16:49:45.370,0.00,0.00,0.00,0.00,2,0
2026-06-12 16:49:45.421,0.00,0.00,0.00,0.00,2,0
2026-06-12 16:49:45.471,0.00,0.00,0.00,0.00,2,0
2026-06-12 16:49:45.522,0.00,0.00,0.00,0.00,2,0
2026-06-12 16:49:45.572,0.00,0.00,0.00,0.00,2,0
2026-06-12 16:49:45.622,0.00,0.00,0.00,0.00,2,0
2026-06-12 16:49:45.673,0.00,0.00,0.00,0.00,2,0
2026-06-12 16:49:45.723,0.00,0.00,0.00,0.00,2,0
2026-06-12 16:49:45.774,0.00,0.00,0.00,0.00,2,0
2026-06-12 16:49:45.824,0.00,0.00,0.00,0.00,2,0
2026-06-12 16:49:45.875,0.00,0.00,0.00,0.00,2,0
2026-06-12 16:49:45.925,0.00,0.00,0.00,0.00,2,0
2026-06-12 16:49:45.975,0.00,0.00,0.00,0.00,2,0
2026-06-12 16:49:46.026,0.00,0.00,0.00,0.00,2,0
2026-06-12 16:49:46.076,0.00,0.00,0.00,0.00,2,0
2026-06-12 16:49:46.127,0.00,0.00,0.00,0.00,2,0
2026-06-12 16:49:46.177,0.00,0.00,0.00,0.00,2,0
2026-06-12 16:49:46.227,0.00,0.00,0.00,0.00,2,0
2026-06-12 16:49:46.278,0.00,0.00,0.00,0.00,2,0
2026-06-12 16:49:46.328,0.00,0.00,0.00,0.00,2,0
2026-06-12 16:49:46.379,0.00,0.00,0.00,0.00,2,0
2026-06-12 16:49:46.429,0.00,0.00,0.00,0.00,2,0
2026-06-12 16:49:46.480,0.00,0.00,0.00,0.00,2,0
2026-06-12 16:49:46.530,0.00,0.00,0.00,0.00,2,0
2026-06-12 16:49:46.580,0.00,0.00,0.00,0.00,2,0
2026-06-12 16:49:46.631,0.00,0.00,0.00,0.00,2,0
2026-06-12 16:49:46.681,0.00,0.00,0.00,0.00,2,0
2026-06-12 16:49:46.731,0.00,0.00,0.00,0.00,2,0
2026-06-12 16:49:46.782,0.00,0.00,0.00,0.00,2,0
2026-06-12 16:49:46.832,0.00,0.00,0.00,0.00,2,0
2026-06-12 16:49:46.883,0.00,0.00,0.00,0.00,2,0
2026-06-12 16:49:46.933,0.00,0.00,0.00,0.00,2,0
2026-06-12 16:49:46.984,0.00,0.00,0.00,0.00,2,0
2026-06-12 16:49:47.034,0.00,0.00,0.00,0.00,2,0
2026-06-12 16:49:47.084,0.00,0.00,0.00,0.00,2,0
2026-06-12 16:49:47.135,0.00,0.00,0.00,0.00,2,0
2026-06-12 16:49:47.185,0.00,0.00,0.00,0.00,2,0
2026-06-12 16:49:47.235,0.00,0.00,0.00,0.00,2,0
2026-06-12 16:49:47.286,0.00,0.00,0.00,0.00,2,0
2026-06-12 16:49:47.337,0.00,0.00,0.00,0.00,2,0
2026-06-12 16:49:47.387,0.00,0.00,0.00,0.00,2,0
2026-06-12 16:49:47.437,0.00,0.00,0.00,0.00,2,0
2026-06-12 16:49:47.487,0.00,0.00,0.00,0.00,2,0
2026-06-12 16:49:47.538,0.00,0.00,0.00,0.00,2,0
2026-06-12 16:49:47.588,0.00,0.00,0.00,0.00,2,0
2026-06-12 16:49:47.639,0.00,0.00,0.00,0.00,2,0
2026-06-12 16:49:47.689,0.00,0.00,0.00,0.00,2,0
2026-06-12 16:49:47.739,0.00,0.00,0.00,0.00,2,0
2026-06-12 16:49:47.790,0.00,0.00,0.00,0.00,2,0
2026-06-12 16:49:47.840,0.00,0.00,0.00,0.00,2,0
2026-06-12 16:49:47.891,0.00,0.00,0.00,0.00,2,0
2026-06-12 16:49:47.941,0.00,0.00,0.00,0.00,2,0
2026-06-12 16:49:47.992,0.00,0.00,0.00,0.00,2,0
2026-06-12 16:49:48.042,0.00,0.00,0.00,0.00,2,0
2026-06-12 16:49:48.092,0.00,0.00,0.00,0.00,2,0
2026-06-12 16:49:48.143,0.00,0.00,0.00,0.00,2,0
2026-06-12 16:49:48.193,0.00,0.00,0.00,0.00,2,0
2026-06-12 16:49:48.244,0.00,0.00,0.00,0.00,2,0
2026-06-12 16:49:48.294,0.00,0.00,0.00,0.00,2,0
2026-06-12 16:49:48.344,0.00,0.00,0.00,0.00,2,0
2026-06-12 16:49:48.395,0.00,0.00,0.00,0.00,2,0
2026-06-12 16:49:48.445,0.00,0.00,0.00,0.00,2,0
2026-06-12 16:49:48.497,0.00,0.00,0.00,0.00,2,0
2026-06-12 16:49:48.547,0.00,0.00,0.00,0.00,2,0
2026-06-12 16:49:48.597,0.00,0.00,0.00,0.00,2,0
2026-06-12 16:49:48.647,0.00,0.00,0.00,0.00,2,0
2026-06-12 16:49:48.697,0.00,0.00,0.00,0.00,2,0
2026-06-12 16:49:48.748,0.00,0.00,0.00,0.00,2,0
2026-06-12 16:49:48.798,0.00,0.00,0.00,0.00,2,0
2026-06-12 16:49:48.849,0.00,0.00,0.00,0.00,2,0
2026-06-12 16:49:48.899,0.00,0.00,0.00,0.00,2,0
2026-06-12 16:49:48.949,0.00,0.00,0.00,0.00,2,0
2026-06-12 16:49:49.000,0.00,0.00,0.00,0.00,2,0
2026-06-12 16:49:49.050,0.00,0.00,0.00,0.00,2,0
2026-06-12 16:49:49.101,0.00,0.00,0.00,0.00,2,0
2026-06-12 16:49:49.151,0.00,0.00,0.00,0.00,2,0
2026-06-12 16:49:49.201,0.00,0.00,0.00,0.00,2,0
2026-06-12 16:49:49.252,0.00,0.00,0.00,0.00,2,0
2026-06-12 16:49:49.302,0.00,0.00,0.00,0.00,2,0
2026-06-12 16:49:49.353,0.00,0.00,0.00,0.00,2,0
2026-06-12 16:49:49.403,0.00,0.00,0.00,0.00,2,0
2026-06-12 16:49:49.453,0.00,0.00,0.00,0.00,2,0
2026-06-12 16:49:49.504,0.00,0.00,0.00,0.00,2,0
2026-06-12 16:49:49.554,0.00,0.00,0.00,0.00,2,0
2026-06-12 16:49:49.605,0.00,0.00,0.00,0.00,2,0
2026-06-12 16:49:49.655,0.00,0.00,0.00,0.00,2,0
2026-06-12 16:49:49.706,0.00,0.00,0.00,0.00,2,0
2026-06-12 16:49:49.757,0.00,0.00,0.00,0.00,2,0
2026-06-12 16:49:49.807,0.00,0.00,0.00,0.00,2,0
2026-06-12 16:49:49.857,0.00,0.00,0.00,0.00,2,0
2026-06-12 16:49:49.907,0.00,0.00,0.00,0.00,2,0
2026-06-12 16:49:49.957,0.00,0.00,0.00,0.00,2,0
2026-06-12 16:49:50.008,0.00,0.00,0.00,0.00,2,0
2026-06-12 16:49:50.058,0.00,0.00,0.00,0.00,2,0
2026-06-12 16:49:50.109,0.00,0.00,0.00,0.00,2,0
2026-06-12 16:49:50.159,0.00,0.00,0.00,0.00,2,0
2026-06-12 16:49:50.210,0.00,0.00,0.00,0.00,2,0
2026-06-12 16:49:50.260,0.00,0.00,0.00,0.00,2,0
2026-06-12 16:49:50.310,0.00,0.00,0.00,0.00,2,0
2026-06-12 16:49:50.361,0.00,0.00,0.00,0.00,2,0
2026-06-12 16:49:50.411,0.00,0.00,0.00,0.00,2,0
2026-06-12 16:49:50.462,0.00,0.00,0.00,0.00,2,0
2026-06-12 16:49:50.512,0.00,0.00,0.00,0.00,2,0
2026-06-12 16:49:50.562,0.00,0.00,0.00,0.00,2,0
2026-06-12 16:49:50.613,0.00,0.00,0.00,0.00,2,0
2026-06-12 16:49:50.663,0.00,0.00,0.00,0.00,2,0
2026-06-12 16:49:50.714,0.00,0.00,0.00,0.00,2,0
2026-06-12 16:49:50.764,0.00,0.00,0.00,0.00,2,0
2026-06-12 16:49:50.814,0.00,0.00,0.00,0.00,2,0
2026-06-12 16:49:50.865,0.00,0.00,0.00,0.00,2,0
2026-06-12 16:49:50.915,0.00,0.00,0.00,0.00,2,0
2026-06-12 16:49:50.967,0.00,0.00,0.00,0.00,2,0
2026-06-12 16:49:51.017,0.00,0.00,0.00,0.00,2,0
2026-06-12 16:49:51.067,0.00,0.00,0.00,0.00,2,0
2026-06-12 16:49:51.117,0.00,0.00,0.00,0.00,2,0
2026-06-12 16:49:51.168,0.00,0.00,0.00,0.00,2,0
2026-06-12 16:49:51.218,0.00,0.00,0.00,0.00,2,0
2026-06-12 16:49:51.268,0.00,0.00,0.00,0.00,2,0
2026-06-12 16:49:51.319,0.00,0.00,0.00,0.00,2,0
2026-06-12 16:49:51.369,0.00,0.00,0.00,0.00,2,0
2026-06-12 16:49:51.419,0.00,0.00,0.00,0.00,2,0
2026-06-12 16:49:51.470,0.00,0.00,0.00,0.00,2,0
2026-06-12 16:49:51.520,0.00,0.00,0.00,0.00,2,0
2026-06-12 16:49:51.570,0.00,0.00,0.00,0.00,2,0
2026-06-12 16:49:51.621,0.00,0.00,0.00,0.00,2,0
2026-06-12 16:49:51.671,0.00,0.00,0.00,0.00,2,0
2026-06-12 16:49:51.722,0.00,0.00,0.00,0.00,2,0
2026-06-12 16:49:51.772,0.00,0.00,0.00,0.00,2,0
2026-06-12 16:49:51.823,0.00,0.00,0.00,0.00,2,0
2026-06-12 16:49:51.873,0.00,0.00,0.00,0.00,2,0
2026-06-12 16:49:51.923,0.00,0.00,0.00,0.00,2,0
2026-06-12 16:49:51.974,0.00,0.00,0.00,0.00,2,0
2026-06-12 16:49:52.024,0.00,0.00,0.00,0.00,2,0
2026-06-12 16:49:52.075,0.00,0.00,0.00,0.00,2,0
2026-06-12 16:49:52.125,0.00,0.00,0.00,0.00,2,0
2026-06-12 16:49:52.175,0.00,0.00,0.00,0.00,2,0
2026-06-12 16:49:52.227,0.00,0.00,0.00,0.00,2,0
2026-06-12 16:49:52.277,0.00,0.00,0.00,0.00,2,0
2026-06-12 16:49:52.327,0.00,0.00,0.00,0.00,2,0
2026-06-12 16:49:52.377,0.00,0.00,0.00,0.00,2,0
2026-06-12 16:49:52.427,0.00,0.00,0.00,0.00,2,0
2026-06-12 16:49:52.478,0.00,0.00,0.00,0.00,2,0
2026-06-12 16:49:52.528,0.00,0.00,0.00,0.00,2,0
2026-06-12 16:49:52.579,0.00,0.00,0.00,0.00,2,0
2026-06-12 16:49:52.629,0.00,0.00,0.00,0.00,2,0
2026-06-12 16:49:52.679,0.00,0.00,0.00,0.00,2,0
2026-06-12 16:49:52.730,0.00,0.00,0.00,0.00,2,0
2026-06-12 16:49:52.780,0.00,0.00,0.00,0.00,2,0
2026-06-12 16:49:52.831,0.00,0.00,0.00,0.00,2,0
2026-06-12 16:49:52.881,0.00,0.00,0.00,0.00,2,0
2026-06-12 16:49:52.931,0.00,0.00,0.00,0.00,2,0
2026-06-12 16:49:52.982,0.00,0.00,0.00,0.00,2,0
2026-06-12 16:49:53.033,0.00,0.00,0.00,0.00,2,0
2026-06-12 16:49:53.083,0.00,0.00,0.00,0.00,2,0
2026-06-12 16:49:53.133,0.00,0.00,0.00,0.00,2,0
2026-06-12 16:49:53.184,0.00,0.00,0.00,0.00,2,0
2026-06-12 16:49:53.234,0.00,0.00,0.00,0.00,2,0
2026-06-12 16:49:53.284,0.00,0.00,0.00,0.00,2,0
2026-06-12 16:49:53.335,0.00,0.00,0.00,0.00,2,0
2026-06-12 16:49:53.385,0.00,0.00,0.00,0.00,2,0
2026-06-12 16:49:53.437,0.00,0.00,0.00,0.00,2,0
2026-06-12 16:49:53.487,0.00,0.00,0.00,0.00,2,0
2026-06-12 16:49:53.537,0.00,0.00,0.00,0.00,2,0
2026-06-12 16:49:53.587,0.00,0.00,0.00,0.00,2,0
2026-06-12 16:49:53.637,0.00,0.00,0.00,0.00,2,0
2026-06-12 16:49:53.688,0.00,0.00,0.00,0.00,2,0
2026-06-12 16:49:53.738,0.00,0.00,0.00,0.00,2,0
2026-06-12 16:49:53.789,0.00,0.00,0.00,0.00,2,0
2026-06-12 16:49:53.839,0.00,0.00,0.00,0.00,2,0
2026-06-12 16:49:53.889,0.00,0.00,0.00,0.00,2,0
2026-06-12 16:49:53.940,0.00,0.00,0.00,0.00,2,0
2026-06-12 16:49:53.990,0.00,0.00,0.00,0.00,2,0
2026-06-12 16:49:54.040,0.00,0.00,0.00,0.00,2,0
2026-06-12 16:49:54.091,0.00,0.00,0.00,0.00,2,0
2026-06-12 16:49:54.141,0.00,0.00,0.00,0.00,2,0
2026-06-12 16:49:54.192,0.00,0.00,0.00,0.00,2,0
2026-06-12 16:49:54.242,0.00,0.00,0.00,0.00,2,0
2026-06-12 16:49:54.293,0.00,0.00,0.00,0.00,2,0
2026-06-12 16:49:54.343,0.00,0.00,0.00,0.00,2,0
2026-06-12 16:49:54.393,0.00,0.00,0.00,0.00,2,0
2026-06-12 16:49:54.444,0.00,0.00,0.00,0.00,2,0
2026-06-12 16:49:54.494,0.00,0.00,0.00,0.00,2,0
2026-06-12 16:49:54.545,0.00,0.00,0.00,0.00,2,0
2026-06-12 16:49:54.595,0.00,0.00,0.00,0.00,2,0
2026-06-12 16:49:54.645,0.00,0.00,0.00,0.00,2,0
2026-06-12 16:49:54.696,0.00,0.00,0.00,0.00,2,0
2026-06-12 16:49:54.747,0.00,0.00,0.00,0.00,2,0
2026-06-12 16:49:54.797,0.00,0.00,0.00,0.00,2,0
2026-06-12 16:49:54.847,0.00,0.00,0.00,0.00,2,0
2026-06-12 16:49:54.897,0.00,0.00,0.00,0.00,2,0
2026-06-12 16:49:54.948,0.00,0.00,0.00,0.00,2,0
2026-06-12 16:49:54.998,0.00,0.00,0.00,0.00,2,0
2026-06-12 16:49:55.049,0.00,0.00,0.00,0.00,2,0
2026-06-12 16:49:55.099,0.00,0.00,0.00,0.00,2,0
2026-06-12 16:49:55.149,0.00,0.00,0.00,0.00,2,0
2026-06-12 16:49:55.200,0.00,0.00,0.00,0.00,2,0
2026-06-12 16:49:55.250,0.00,0.00,0.00,0.00,2,0
2026-06-12 16:49:55.301,0.00,0.00,0.00,0.00,2,0
2026-06-12 16:49:55.351,0.00,0.00,0.00,0.00,2,0
2026-06-12 16:49:55.402,0.00,0.00,0.00,0.00,2,0
2026-06-12 16:49:55.452,0.00,0.00,0.00,0.00,2,0
2026-06-12 16:49:55.502,0.00,0.00,0.00,0.00,2,0
2026-06-12 16:49:55.553,0.00,0.00,0.00,0.00,2,0
2026-06-12 16:49:55.603,0.00,0.00,0.00,0.00,2,0
2026-06-12 16:49:55.654,0.00,0.00,0.00,0.00,2,0
2026-06-12 16:49:55.704,0.00,0.00,0.00,0.00,2,0
2026-06-12 16:49:55.754,0.00,0.00,0.00,0.00,2,0
2026-06-12 16:49:55.805,0.00,0.00,0.00,0.00,2,0
2026-06-12 16:49:55.855,0.00,0.00,0.00,0.00,2,0
2026-06-12 16:49:55.906,0.00,0.00,0.00,0.00,2,0
2026-06-12 16:49:55.957,0.00,0.00,0.00,0.00,2,0
2026-06-12 16:49:56.007,0.00,0.00,0.00,0.00,2,0
2026-06-12 16:49:56.057,0.00,0.00,0.00,0.00,2,0
2026-06-12 16:49:56.107,0.00,0.00,0.00,0.00,2,0
2026-06-12 16:49:56.157,0.00,0.00,0.00,0.00,2,0
2026-06-12 16:49:56.208,0.00,0.00,0.00,0.00,2,0
2026-06-12 16:49:56.258,0.00,0.00,0.00,0.00,2,0
2026-06-12 16:49:56.309,0.00,0.00,0.00,0.00,2,0
2026-06-12 16:49:56.359,0.00,0.00,0.00,0.00,2,0
2026-06-12 16:49:56.410,0.00,0.00,0.00,0.00,2,0
2026-06-12 16:49:56.460,0.00,0.00,0.00,0.00,2,0
2026-06-12 16:49:56.510,0.00,0.00,0.00,0.00,2,0
2026-06-12 16:49:56.561,0.00,0.00,0.00,0.00,2,0
2026-06-12 16:49:56.611,0.00,0.00,0.00,0.00,2,0
2026-06-12 16:49:56.662,0.00,0.00,0.00,0.00,2,0
2026-06-12 16:49:56.712,0.00,0.00,0.00,0.00,2,0
2026-06-12 16:49:56.762,0.00,0.00,0.00,0.00,2,0
2026-06-12 16:49:56.813,0.00,0.00,0.00,0.00,2,0
2026-06-12 16:49:56.863,0.00,0.00,0.00,0.00,2,0
2026-06-12 16:49:56.914,0.00,0.00,0.00,0.00,2,0
2026-06-12 16:49:56.964,0.00,0.00,0.00,0.00,2,0
2026-06-12 16:49:57.014,0.00,0.00,0.00,0.00,2,0
2026-06-12 16:49:57.065,0.00,0.00,0.00,0.00,2,0
2026-06-12 16:49:57.115,0.00,0.00,0.00,0.00,2,0
2026-06-12 16:49:57.166,0.00,0.00,0.00,0.00,2,0
2026-06-12 16:49:57.217,0.00,0.00,0.00,0.00,2,0
2026-06-12 16:49:57.267,0.00,0.00,0.00,0.00,2,0
2026-06-12 16:49:57.317,0.00,0.00,0.00,0.00,2,0
2026-06-12 16:49:57.367,0.00,0.00,0.00,0.00,2,0
2026-06-12 16:49:57.418,0.00,0.00,0.00,0.00,2,0
2026-06-12 16:49:57.468,0.00,0.00,0.00,0.00,2,0
2026-06-12 16:49:57.519,0.00,0.00,0.00,0.00,2,0
2026-06-12 16:49:57.569,0.00,0.00,0.00,0.00,2,0
2026-06-12 16:49:57.619,0.00,0.00,0.00,0.00,2,0
2026-06-12 16:49:57.670,0.00,0.00,0.00,0.00,2,0
2026-06-12 16:49:57.720,0.00,0.00,0.00,0.00,2,0
2026-06-12 16:49:57.771,0.00,0.00,0.00,0.00,2,0
2026-06-12 16:49:57.821,0.00,0.00,0.00,0.00,2,0
2026-06-12 16:49:57.871,0.00,0.00,0.00,0.00,2,0
2026-06-12 16:49:57.922,0.00,0.00,0.00,0.00,2,0
2026-06-12 16:49:57.972,0.00,0.00,0.00,0.00,2,0
2026-06-12 16:49:58.023,0.00,0.00,0.00,0.00,2,0
2026-06-12 16:49:58.073,0.00,0.00,0.00,0.00,2,0
2026-06-12 16:49:58.123,0.00,0.00,0.00,0.00,2,0
2026-06-12 16:49:58.174,0.00,0.00,0.00,0.00,2,0
2026-06-12 16:49:58.224,0.00,0.00,0.00,0.00,2,0
2026-06-12 16:49:58.275,0.00,0.00,0.00,0.00,2,0
2026-06-12 16:49:58.325,0.00,0.00,0.00,0.00,2,0
2026-06-12 16:49:58.375,0.00,0.00,0.00,0.00,2,0
2026-06-12 16:49:58.426,0.00,0.00,0.00,0.00,2,0
2026-06-12 16:49:58.477,0.00,0.00,0.00,0.00,2,0
2026-06-12 16:49:58.527,0.00,0.00,0.00,0.00,2,0
2026-06-12 16:49:58.577,0.00,0.00,0.00,0.00,2,0
2026-06-12 16:49:58.627,0.00,0.00,0.00,0.00,2,0
2026-06-12 16:49:58.678,0.00,0.00,0.00,0.00,2,0
2026-06-12 16:49:58.728,0.00,0.00,0.00,0.00,2,0
2026-06-12 16:49:58.779,0.00,0.00,0.00,0.00,2,0
2026-06-12 16:49:58.829,0.00,0.00,0.00,0.00,2,0
2026-06-12 16:49:58.879,0.00,0.00,0.00,0.00,2,0
2026-06-12 16:49:58.930,0.00,0.00,0.00,0.00,2,0
2026-06-12 16:49:58.980,0.00,0.00,0.00,0.00,2,0
2026-06-12 16:49:59.031,0.00,0.00,0.00,0.00,2,0
2026-06-12 16:49:59.081,0.00,0.00,0.00,0.00,2,0
2026-06-12 16:49:59.132,0.00,0.00,0.00,0.00,2,0
2026-06-12 16:49:59.182,0.00,0.00,0.00,0.00,2,0
2026-06-12 16:49:59.232,0.00,0.00,0.00,0.00,2,0
2026-06-12 16:49:59.283,0.00,0.00,0.00,0.00,2,0
2026-06-12 16:49:59.333,0.00,0.00,0.00,0.00,2,0
2026-06-12 16:49:59.384,0.00,0.00,0.00,0.00,2,0
2026-06-12 16:49:59.434,0.00,0.00,0.00,0.00,2,0
2026-06-12 16:49:59.484,0.00,0.00,0.00,0.00,2,0
2026-06-12 16:49:59.535,0.00,0.00,0.00,0.00,2,0
2026-06-12 16:49:59.585,0.00,0.00,0.00,0.00,2,0
2026-06-12 16:49:59.636,0.00,0.00,0.00,0.00,2,0
2026-06-12 16:49:59.687,0.00,0.00,0.00,0.00,2,0
2026-06-12 16:49:59.737,0.00,0.00,0.00,0.00,2,0
2026-06-12 16:49:59.787,0.00,0.00,0.00,0.00,2,0
2026-06-12 16:49:59.837,0.00,0.00,0.00,0.00,2,0
2026-06-12 16:49:59.890,0.00,0.00,0.00,0.00,2,0
2026-06-12 16:49:59.938,0.00,0.00,0.00,0.00,2,0
2026-06-12 16:49:59.988,0.00,0.00,0.00,0.00,2,0
2026-06-12 16:50:00.039,0.00,0.00,0.00,0.00,2,0
2026-06-12 16:50:00.089,0.00,0.00,0.00,0.00,2,0
2026-06-12 16:50:00.140,0.00,0.00,0.00,0.00,2,0
2026-06-12 16:50:00.190,0.00,0.00,0.00,0.00,2,0
2026-06-12 16:50:00.240,0.00,0.00,0.00,0.00,2,0
2026-06-12 16:50:00.291,0.00,0.00,0.00,0.00,2,0
2026-06-12 16:50:00.341,0.00,0.00,0.00,0.00,2,0
2026-06-12 16:50:00.392,0.00,0.00,0.00,0.00,2,0
2026-06-12 16:50:00.442,0.00,0.00,0.00,0.00,2,0
2026-06-12 16:50:00.493,0.00,0.00,0.00,0.00,2,0
2026-06-12 16:50:00.543,0.00,0.00,0.00,0.00,2,0
2026-06-12 16:50:00.593,0.00,0.00,0.00,0.00,2,0
2026-06-12 16:50:00.644,0.00,0.00,0.00,0.00,2,0
2026-06-12 16:50:00.694,0.00,0.00,0.00,0.00,2,0
2026-06-12 16:50:00.745,0.00,0.00,0.00,0.00,2,0
2026-06-12 16:50:00.795,0.00,0.00,0.00,0.00,2,0
2026-06-12 16:50:00.845,0.00,0.00,0.00,0.00,2,0
2026-06-12 16:50:00.896,0.00,0.00,0.00,0.00,2,0
2026-06-12 16:50:00.946,0.00,0.00,0.00,0.00,2,0
2026-06-12 16:50:00.997,0.00,0.00,0.00,0.00,2,0
2026-06-12 16:50:01.047,0.00,0.00,0.00,0.00,2,0
2026-06-12 16:50:01.097,0.00,0.00,0.00,0.00,2,0
2026-06-12 16:50:01.148,0.00,0.00,0.00,0.00,2,0
2026-06-12 16:50:01.198,0.00,0.00,0.00,0.00,2,0
2026-06-12 16:50:01.249,0.00,0.00,0.00,0.00,2,0
2026-06-12 16:50:01.299,0.00,0.00,0.00,0.00,2,0
2026-06-12 16:50:01.349,0.00,0.00,0.00,0.00,2,0
2026-06-12 16:50:01.400,0.00,0.00,0.00,0.00,2,0
2026-06-12 16:50:01.450,0.00,0.00,0.00,0.00,2,0
2026-06-12 16:50:01.501,0.00,0.00,0.00,0.00,2,0
2026-06-12 16:50:01.551,0.00,0.00,0.00,0.00,2,0
2026-06-12 16:50:01.602,0.00,0.00,0.00,0.00,2,0
2026-06-12 16:50:01.652,0.00,0.00,0.00,0.00,2,0
2026-06-12 16:50:01.702,0.00,0.00,0.00,0.00,2,0
2026-06-12 16:50:01.753,0.00,0.00,0.00,0.00,2,0
2026-06-12 16:50:01.803,0.00,0.00,0.00,0.00,2,0
2026-06-12 16:50:01.853,0.00,0.00,0.00,0.00,2,0
2026-06-12 16:50:01.904,0.00,0.00,0.00,0.00,2,0
2026-06-12 16:50:01.955,0.00,0.00,0.00,0.00,2,0
2026-06-12 16:50:02.005,0.00,0.00,0.00,0.00,2,0
2026-06-12 16:50:02.055,0.00,0.00,0.00,0.00,2,0
2026-06-12 16:50:02.106,0.00,0.00,0.00,0.00,2,0
2026-06-12 16:50:02.156,0.00,0.00,0.00,0.00,2,0
2026-06-12 16:50:02.208,0.00,0.00,0.00,0.00,2,0
2026-06-12 16:50:02.257,0.00,0.00,0.00,0.00,2,0
2026-06-12 16:50:02.307,0.00,0.00,0.00,0.00,2,0
2026-06-12 16:50:02.358,0.00,0.00,0.00,0.00,2,0
2026-06-12 16:50:02.408,0.00,0.00,0.00,0.00,2,0
2026-06-12 16:50:02.458,0.00,0.00,0.00,0.00,2,0
2026-06-12 16:50:02.509,0.00,0.00,0.00,0.00,2,0
2026-06-12 16:50:02.559,0.00,0.00,0.00,0.00,2,0
2026-06-12 16:50:02.610,0.00,0.00,0.00,0.00,2,0
2026-06-12 16:50:02.660,0.00,0.00,0.00,0.00,2,0
2026-06-12 16:50:02.710,0.00,0.00,0.00,0.00,2,0
2026-06-12 16:50:02.761,0.00,0.00,0.00,0.00,2,0
2026-06-12 16:50:02.811,0.00,0.00,0.00,0.00,2,0
2026-06-12 16:50:02.862,0.00,0.00,0.00,0.00,2,0
2026-06-12 16:50:02.912,0.00,0.00,0.00,0.00,2,0
2026-06-12 16:50:02.962,0.00,0.00,0.00,0.00,2,0
2026-06-12 16:50:03.013,0.00,0.00,0.00,0.00,2,0
2026-06-12 16:50:03.063,0.00,0.00,0.00,0.00,2,0
2026-06-12 16:50:03.114,0.00,0.00,0.00,0.00,2,0
2026-06-12 16:50:03.164,0.00,0.00,0.00,0.00,2,0
2026-06-12 16:50:03.214,0.00,0.00,0.00,0.00,2,0
2026-06-12 16:50:03.265,0.00,0.00,0.00,0.00,2,0
2026-06-12 16:50:03.315,0.00,0.00,0.00,0.00,2,0
2026-06-12 16:50:03.367,0.00,0.00,0.00,0.00,2,0
2026-06-12 16:50:03.418,0.00,0.00,0.00,0.00,2,0
2026-06-12 16:50:03.467,0.00,0.00,0.00,0.00,2,0
2026-06-12 16:50:03.517,0.00,0.00,0.00,0.00,2,0
2026-06-12 16:50:03.567,0.00,0.00,0.00,0.00,2,0
2026-06-12 16:50:03.618,0.00,0.00,0.00,0.00,2,0
2026-06-12 16:50:03.668,0.00,0.00,0.00,0.00,2,0
2026-06-12 16:50:03.719,0.00,0.00,0.00,0.00,2,0
2026-06-12 16:50:03.769,0.00,0.00,0.00,0.00,2,0
2026-06-12 16:50:03.819,0.00,0.00,0.00,0.00,2,0
2026-06-12 16:50:03.870,0.00,0.00,0.00,0.00,2,0
2026-06-12 16:50:03.920,0.00,0.00,0.00,0.00,2,0
2026-06-12 16:50:03.971,0.00,0.00,0.00,0.00,2,0
2026-06-12 16:50:04.021,0.00,0.00,0.00,0.00,2,0
2026-06-12 16:50:04.071,0.00,0.00,0.00,0.00,2,0
2026-06-12 16:50:04.122,0.00,0.00,0.00,0.00,2,0
2026-06-12 16:50:04.172,0.00,0.00,0.00,0.00,2,0
2026-06-12 16:50:04.223,0.00,0.00,0.00,0.00,2,0
2026-06-12 16:50:04.273,0.00,0.00,0.00,0.00,2,0
2026-06-12 16:50:04.323,0.00,0.00,0.00,0.00,2,0
2026-06-12 16:50:04.374,0.00,0.00,0.00,0.00,2,0
2026-06-12 16:50:04.424,0.00,0.00,0.00,0.00,2,0
2026-06-12 16:50:04.475,0.00,0.00,0.00,0.00,2,0
2026-06-12 16:50:04.525,0.00,0.00,0.00,0.00,2,0
2026-06-12 16:50:04.576,0.00,0.00,0.00,0.00,2,0
2026-06-12 16:50:04.627,0.00,0.00,0.00,0.00,2,0
2026-06-12 16:50:04.677,0.00,0.00,0.00,0.00,2,0
2026-06-12 16:50:04.727,0.00,0.00,0.00,0.00,2,0
2026-06-12 16:50:04.777,0.00,0.00,0.00,0.00,2,0
2026-06-12 16:50:04.827,0.00,0.00,0.00,0.00,2,0
2026-06-12 16:50:04.878,0.00,0.00,0.00,0.00,2,0
2026-06-12 16:50:04.928,0.00,0.00,0.00,0.00,2,0
2026-06-12 16:50:04.979,0.00,0.00,0.00,0.00,2,0
2026-06-12 16:50:05.029,0.00,0.00,0.00,0.00,2,0
2026-06-12 16:50:05.079,0.00,0.00,0.00,0.00,2,0
2026-06-12 16:50:05.130,0.00,0.00,0.00,0.00,2,0
2026-06-12 16:50:05.180,0.00,0.00,0.00,0.00,2,0
2026-06-12 16:50:05.231,0.00,0.00,0.00,0.00,2,0
2026-06-12 16:50:05.281,0.00,0.00,0.00,0.00,2,0
2026-06-12 16:50:05.331,0.00,0.00,0.00,0.00,2,0
2026-06-12 16:50:05.382,0.00,0.00,0.00,0.00,2,0
2026-06-12 16:50:05.432,0.00,0.00,0.00,0.00,2,0
2026-06-12 16:50:05.483,0.00,0.00,0.00,0.00,2,0
2026-06-12 16:50:05.533,0.00,0.00,0.00,0.00,2,0
2026-06-12 16:50:05.584,0.00,0.00,0.00,0.00,2,0
2026-06-12 16:50:05.634,0.00,0.00,0.00,0.00,2,0
2026-06-12 16:50:05.684,0.00,0.00,0.00,0.00,2,0
2026-06-12 16:50:05.735,0.00,0.00,0.00,0.00,2,0
2026-06-12 16:50:05.785,0.00,0.00,0.00,0.00,2,0
2026-06-12 16:50:05.836,0.00,0.00,0.00,0.00,2,0
2026-06-12 16:50:05.887,0.00,0.00,0.00,0.00,2,0
2026-06-12 16:50:05.937,0.00,0.00,0.00,0.00,2,0
2026-06-12 16:50:05.987,0.00,0.00,0.00,0.00,2,0
2026-06-12 16:50:06.037,0.00,0.00,0.00,0.00,2,0
2026-06-12 16:50:06.088,0.00,0.00,0.00,0.00,2,0
2026-06-12 16:50:06.138,0.00,0.00,0.00,0.00,2,0
2026-06-12 16:50:06.188,0.00,0.00,0.00,0.00,2,0
2026-06-12 16:50:06.239,0.00,0.00,0.00,0.00,2,0
2026-06-12 16:50:06.289,0.00,0.00,0.00,0.00,2,0
2026-06-12 16:50:06.340,0.00,0.00,0.00,0.00,2,0
2026-06-12 16:50:06.390,0.00,0.00,0.00,0.00,2,0
2026-06-12 16:50:06.441,0.00,0.00,0.00,0.00,2,0
2026-06-12 16:50:06.491,0.00,0.00,0.00,0.00,2,0
2026-06-12 16:50:06.541,0.00,0.00,0.00,0.00,2,0
2026-06-12 16:50:06.592,0.00,0.00,0.00,0.00,2,0
2026-06-12 16:50:06.642,0.00,0.00,0.00,0.00,2,0
2026-06-12 16:50:06.693,0.00,0.00,0.00,0.00,2,0
2026-06-12 16:50:06.743,0.00,0.00,0.00,0.00,2,0
2026-06-12 16:50:06.793,0.00,0.00,0.00,0.00,2,0
2026-06-12 16:50:06.844,0.00,0.00,0.00,0.00,2,0
2026-06-12 16:50:06.894,0.00,0.00,0.00,0.00,2,0
2026-06-12 16:50:06.945,0.00,0.00,0.00,0.00,2,0
2026-06-12 16:50:06.995,0.00,0.00,0.00,0.00,2,0
2026-06-12 16:50:07.045,0.00,0.00,0.00,0.00,2,0
2026-06-12 16:50:07.097,0.00,0.00,0.00,0.00,2,0
2026-06-12 16:50:07.147,0.00,0.00,0.00,0.00,2,0
2026-06-12 16:50:07.197,0.00,0.00,0.00,0.00,2,0
2026-06-12 16:50:07.247,0.00,0.00,0.00,0.00,2,0
2026-06-12 16:50:07.297,0.00,0.00,0.00,0.00,2,0
2026-06-12 16:50:07.348,0.00,0.00,0.00,0.00,2,0
2026-06-12 16:50:07.398,0.00,0.00,0.00,0.00,2,0
2026-06-12 16:50:07.449,0.00,0.00,0.00,0.00,2,0
2026-06-12 16:50:07.499,0.00,0.00,0.00,0.00,2,0
2026-06-12 16:50:07.550,0.00,0.00,0.00,0.00,2,0
2026-06-12 16:50:07.600,0.00,0.00,0.00,0.00,2,0
2026-06-12 16:50:07.650,0.00,0.00,0.00,0.00,2,0
2026-06-12 16:50:07.701,0.00,0.00,0.00,0.00,2,0
2026-06-12 16:50:07.751,0.00,0.00,0.00,0.00,2,0
2026-06-12 16:50:07.801,0.00,0.00,0.00,0.00,2,0
2026-06-12 16:50:07.852,0.00,0.00,0.00,0.00,2,0
2026-06-12 16:50:07.902,0.00,0.00,0.00,0.00,2,0
2026-06-12 16:50:07.953,0.00,0.00,0.00,0.00,2,0
2026-06-12 16:50:08.003,0.00,0.00,0.00,0.00,2,0
2026-06-12 16:50:08.054,0.00,0.00,0.00,0.00,2,0
2026-06-12 16:50:08.104,0.00,0.00,0.00,0.00,2,0
2026-06-12 16:50:08.156,0.00,0.00,0.00,0.00,2,0
2026-06-12 16:50:08.205,0.00,0.00,0.00,0.00,2,0
2026-06-12 16:50:08.255,0.00,0.00,0.00,0.00,2,0
2026-06-12 16:50:08.305,0.00,0.00,0.00,0.00,2,0
2026-06-12 16:50:08.357,0.00,0.00,0.00,0.00,2,0
2026-06-12 16:50:08.407,0.00,0.00,0.00,0.00,2,0
2026-06-12 16:50:08.458,0.00,0.00,0.00,0.00,2,0
2026-06-12 16:50:08.507,0.00,0.00,0.00,0.00,2,0
2026-06-12 16:50:08.557,0.00,0.00,0.00,0.00,2,0
2026-06-12 16:50:08.608,0.00,0.00,0.00,0.00,2,0
2026-06-12 16:50:08.658,0.00,0.00,0.00,0.00,2,0
2026-06-12 16:50:08.709,0.00,0.00,0.00,0.00,2,0
2026-06-12 16:50:08.759,0.00,0.00,0.00,0.00,2,0
2026-06-12 16:50:08.810,0.00,0.00,0.00,0.00,2,0
2026-06-12 16:50:08.860,0.00,0.00,0.00,0.00,2,0
2026-06-12 16:50:08.910,0.00,0.00,0.00,0.00,2,0
2026-06-12 16:50:08.961,0.00,0.00,0.00,0.00,2,0
2026-06-12 16:50:09.011,0.00,0.00,0.00,0.00,2,0
2026-06-12 16:50:09.062,0.00,0.00,0.00,0.00,2,0
2026-06-12 16:50:09.112,0.00,0.00,0.00,0.00,2,0
2026-06-12 16:50:09.162,0.00,0.00,0.00,0.00,2,0
2026-06-12 16:50:09.213,0.00,0.00,0.00,0.00,2,0
2026-06-12 16:50:09.263,0.00,0.00,0.00,0.00,2,0
2026-06-12 16:50:09.314,0.00,0.00,0.00,0.00,2,0
2026-06-12 16:50:09.364,0.00,0.00,0.00,0.00,2,0
2026-06-12 16:50:09.415,0.00,0.00,0.00,0.00,2,0
2026-06-12 16:50:09.465,0.00,0.00,0.00,0.00,2,0
2026-06-12 16:50:09.515,0.00,0.00,0.00,0.00,2,0
2026-06-12 16:50:09.566,0.00,0.00,0.00,0.00,2,0
2026-06-12 16:50:09.617,0.00,0.00,0.00,0.00,2,0
2026-06-12 16:50:09.666,0.00,0.00,0.00,0.00,2,0
2026-06-12 16:50:09.717,0.00,0.00,0.00,0.00,2,0
2026-06-12 16:50:09.767,0.00,0.00,0.00,0.00,2,0
2026-06-12 16:50:09.818,0.00,0.00,0.00,0.00,2,0
2026-06-12 16:50:09.869,0.00,0.00,0.00,0.00,2,0
2026-06-12 16:50:09.919,0.00,0.00,0.00,0.00,2,0
2026-06-12 16:50:09.969,0.00,0.00,0.00,0.00,2,0
2026-06-12 16:50:10.019,0.00,0.00,0.00,0.00,2,0
2026-06-12 16:50:10.070,0.00,0.00,0.00,0.00,2,0
2026-06-12 16:50:10.120,0.00,0.00,0.00,0.00,2,0
2026-06-12 16:50:10.171,0.00,0.00,0.00,0.00,2,0
2026-06-12 16:50:10.221,0.00,0.00,0.00,0.00,2,0
2026-06-12 16:50:10.271,0.00,0.00,0.00,0.00,2,0
2026-06-12 16:50:10.322,0.00,0.00,0.00,0.00,2,0
2026-06-12 16:50:10.372,0.00,0.00,0.00,0.00,2,0
2026-06-12 16:50:10.423,0.00,0.00,0.00,0.00,2,0
2026-06-12 16:50:10.473,0.00,0.00,0.00,0.00,2,0
2026-06-12 16:50:10.523,0.00,0.00,0.00,0.00,2,0
2026-06-12 16:50:10.574,0.00,0.00,0.00,0.00,2,0
2026-06-12 16:50:10.624,0.00,0.00,0.00,0.00,2,0
2026-06-12 16:50:10.675,0.00,0.00,0.00,0.00,2,0
2026-06-12 16:50:10.725,0.00,0.00,0.00,0.00,2,0
2026-06-12 16:50:10.775,0.00,0.00,0.00,0.00,2,0
2026-06-12 16:50:10.826,0.00,0.00,0.00,0.00,2,0
2026-06-12 16:50:10.876,0.00,0.00,0.00,0.00,2,0
2026-06-12 16:50:10.927,0.00,0.00,0.00,0.00,2,0
2026-06-12 16:50:10.977,0.00,0.00,0.00,0.00,2,0
2026-06-12 16:50:11.027,0.00,0.00,0.00,0.00,2,0
2026-06-12 16:50:11.078,0.00,0.00,0.00,0.00,2,0
2026-06-12 16:50:11.128,0.00,0.00,0.00,0.00,2,0
2026-06-12 16:50:11.179,0.00,0.00,0.00,0.00,2,0
2026-06-12 16:50:11.229,0.00,0.00,0.00,0.00,2,0
2026-06-12 16:50:11.280,0.00,0.00,0.00,0.00,2,0
2026-06-12 16:50:11.330,0.00,0.00,0.00,0.00,2,0
2026-06-12 16:50:11.380,0.00,0.00,0.00,0.00,2,0
2026-06-12 16:50:11.431,0.00,0.00,0.00,0.00,2,0
2026-06-12 16:50:11.481,0.00,0.00,0.00,0.00,2,0
2026-06-12 16:50:11.532,0.00,0.00,0.00,0.00,2,0
2026-06-12 16:50:11.582,0.00,0.00,0.00,0.00,2,0
2026-06-12 16:50:11.632,0.00,0.00,0.00,0.00,2,0
2026-06-12 16:50:11.683,0.00,0.00,0.00,0.00,2,0
2026-06-12 16:50:11.733,0.00,0.00,0.00,0.00,2,0
2026-06-12 16:50:11.784,0.00,0.00,0.00,0.00,2,0
2026-06-12 16:50:11.834,0.00,0.00,0.00,0.00,2,0
2026-06-12 16:50:11.884,0.00,0.00,0.00,0.00,2,0
2026-06-12 16:50:11.935,0.00,0.00,0.00,0.00,2,0
2026-06-12 16:50:11.985,0.00,0.00,0.00,0.00,2,0
2026-06-12 16:50:12.036,0.00,0.00,0.00,0.00,2,0
2026-06-12 16:50:12.086,0.00,0.00,0.00,0.00,2,0
2026-06-12 16:50:12.137,0.00,0.00,0.00,0.00,2,0
2026-06-12 16:50:12.187,0.00,0.00,0.00,0.00,2,0
2026-06-12 16:50:12.237,0.00,0.00,0.00,0.00,2,0
2026-06-12 16:50:12.288,0.00,0.00,0.00,0.00,2,0
2026-06-12 16:50:12.338,0.00,0.00,0.00,0.00,2,0
2026-06-12 16:50:12.388,0.00,0.00,0.00,0.00,2,0
2026-06-12 16:50:12.439,0.00,0.00,0.00,0.00,2,0
2026-06-12 16:50:12.489,0.00,0.00,0.00,0.00,2,0
2026-06-12 16:50:12.540,0.00,0.00,0.00,0.00,2,0
2026-06-12 16:50:12.590,0.00,0.00,0.00,0.00,2,0
2026-06-12 16:50:12.640,0.00,0.00,0.00,0.00,2,0
2026-06-12 16:50:12.691,0.00,0.00,0.00,0.00,2,0
2026-06-12 16:50:12.741,0.00,0.00,0.00,0.00,2,0
2026-06-12 16:50:12.792,0.00,0.00,0.00,0.00,2,0
2026-06-12 16:50:12.842,0.00,0.00,0.00,0.00,2,0
2026-06-12 16:50:12.892,0.00,0.00,0.00,0.00,2,0
2026-06-12 16:50:12.943,0.00,0.00,0.00,0.00,2,0
2026-06-12 16:50:12.993,0.00,0.00,0.00,0.00,2,0
2026-06-12 16:50:13.044,0.00,0.00,0.00,0.00,2,0
2026-06-12 16:50:13.094,0.00,0.00,0.00,0.00,2,0
2026-06-12 16:50:13.145,0.00,0.00,0.00,0.00,2,0
2026-06-12 16:50:13.195,0.00,0.00,0.00,0.00,2,0
2026-06-12 16:50:13.245,0.00,0.00,0.00,0.00,2,0
2026-06-12 16:50:13.297,0.00,0.00,0.00,0.00,2,0
2026-06-12 16:50:13.347,0.00,0.00,0.00,0.00,2,0
2026-06-12 16:50:13.397,0.00,0.00,0.00,0.00,2,0
2026-06-12 16:50:13.447,0.00,0.00,0.00,0.00,2,0
2026-06-12 16:50:13.497,0.00,0.00,0.00,0.00,2,0
2026-06-12 16:50:13.548,0.00,0.00,0.00,0.00,2,0
2026-06-12 16:50:13.598,0.00,0.00,0.00,0.00,2,0
2026-06-12 16:50:13.649,0.00,0.00,0.00,0.00,2,0
2026-06-12 16:50:13.699,0.00,0.00,0.00,0.00,2,0
2026-06-12 16:50:13.749,0.00,0.00,0.00,0.00,2,0
2026-06-12 16:50:13.800,0.00,0.00,0.00,0.00,2,0
2026-06-12 16:50:13.850,0.00,0.00,0.00,0.00,2,0
2026-06-12 16:50:13.901,0.00,0.00,0.00,0.00,2,0
2026-06-12 16:50:13.951,0.00,0.00,0.00,0.00,2,0
2026-06-12 16:50:14.001,0.00,0.00,0.00,0.00,2,0
2026-06-12 16:50:14.052,0.00,0.00,0.00,0.00,2,0
2026-06-12 16:50:14.102,0.00,0.00,0.00,0.00,2,0
2026-06-12 16:50:14.153,0.00,0.00,0.00,0.00,2,0
2026-06-12 16:50:14.203,0.00,0.00,0.00,0.00,2,0
2026-06-12 16:50:14.254,0.00,0.00,0.00,0.00,2,0
2026-06-12 16:50:14.304,0.00,0.00,0.00,0.00,2,0
2026-06-12 16:50:14.354,0.00,0.00,0.00,0.00,2,0
2026-06-12 16:50:14.405,0.00,0.00,0.00,0.00,2,0
2026-06-12 16:50:14.455,0.00,0.00,0.00,0.00,2,0
2026-06-12 16:50:14.506,0.00,0.00,0.00,0.00,2,0
2026-06-12 16:50:14.556,0.00,0.00,0.00,0.00,2,0
2026-06-12 16:50:14.607,0.00,0.00,0.00,0.00,2,0
2026-06-12 16:50:14.657,0.00,0.00,0.00,0.00,2,0
2026-06-12 16:50:14.707,0.00,0.00,0.00,0.00,2,0
2026-06-12 16:50:14.757,0.00,0.00,0.00,0.00,2,0
2026-06-12 16:50:14.808,0.00,0.00,0.00,0.00,2,0
2026-06-12 16:50:14.858,0.00,0.00,0.00,0.00,2,0
2026-06-12 16:50:14.909,0.00,0.00,0.00,0.00,2,0
2026-06-12 16:50:14.959,0.00,0.00,0.00,0.00,2,0
2026-06-12 16:50:15.010,0.00,0.00,0.00,0.00,2,0
2026-06-12 16:50:15.060,0.00,0.00,0.00,0.00,2,0
2026-06-12 16:50:15.110,0.00,0.00,0.00,0.00,2,0
2026-06-12 16:50:15.161,0.00,0.00,0.00,0.00,2,0
2026-06-12 16:50:15.211,0.00,0.00,0.00,0.00,2,0
2026-06-12 16:50:15.262,0.00,0.00,0.00,0.00,2,0
2026-06-12 16:50:15.312,0.00,0.00,0.00,0.00,2,0
2026-06-12 16:50:15.362,0.00,0.00,0.00,0.00,2,0
2026-06-12 16:50:15.413,0.00,0.00,0.00,0.00,2,0
2026-06-12 16:50:15.463,0.00,0.00,0.00,0.00,2,0
2026-06-12 16:50:15.514,0.00,0.00,0.00,0.00,2,0
2026-06-12 16:50:15.564,0.00,0.00,0.00,0.00,2,0
2026-06-12 16:50:15.614,0.00,0.00,0.00,0.00,2,0
2026-06-12 16:50:15.665,0.00,0.00,0.00,0.00,2,0
2026-06-12 16:50:15.715,0.00,0.00,0.00,0.00,2,0
2026-06-12 16:50:15.766,0.00,0.00,0.00,0.00,2,0
2026-06-12 16:50:15.816,0.00,0.00,0.00,0.00,2,0
2026-06-12 16:50:15.866,0.00,0.00,0.00,0.00,2,0
2026-06-12 16:50:15.917,0.00,0.00,0.00,0.00,2,0
2026-06-12 16:50:15.967,0.00,0.00,0.00,0.00,2,0
2026-06-12 16:50:16.018,0.00,0.00,0.00,0.00,2,0
2026-06-12 16:50:16.068,0.00,0.00,0.00,0.00,2,0
2026-06-12 16:50:16.118,0.00,0.00,0.00,0.00,2,0
2026-06-12 16:50:16.169,0.00,0.00,0.00,0.00,2,0
2026-06-12 16:50:16.219,0.00,0.00,0.00,0.00,2,0
2026-06-12 16:50:16.270,0.00,0.00,0.00,0.00,2,0
2026-06-12 16:50:16.320,0.00,0.00,0.00,0.00,2,0
2026-06-12 16:50:16.370,0.00,0.00,0.00,0.00,2,0
2026-06-12 16:50:16.421,0.00,0.00,0.00,0.00,2,0
2026-06-12 16:50:16.471,0.00,0.00,0.00,0.00,2,0
2026-06-12 16:50:16.522,0.00,0.00,0.00,0.00,2,0
2026-06-12 16:50:16.572,0.00,0.00,0.00,0.00,2,0
2026-06-12 16:50:16.622,0.00,0.00,0.00,0.00,2,0
2026-06-12 16:50:16.673,0.00,0.00,0.00,0.00,2,0
2026-06-12 16:50:16.723,0.00,0.00,0.00,0.00,2,0
2026-06-12 16:50:16.774,0.00,0.00,0.00,0.00,2,0
2026-06-12 16:50:16.824,0.00,0.00,0.00,0.00,2,0
2026-06-12 16:50:16.875,0.00,0.00,0.00,0.00,2,0
2026-06-12 16:50:16.925,0.00,0.00,0.00,0.00,2,0
2026-06-12 16:50:16.975,0.00,0.00,0.00,0.00,2,0
2026-06-12 16:50:17.026,0.00,0.00,0.00,0.00,2,0
2026-06-12 16:50:17.077,0.00,0.00,0.00,0.00,2,0
2026-06-12 16:50:17.127,0.00,0.00,0.00,0.00,2,0
2026-06-12 16:50:17.177,0.00,0.00,0.00,0.00,2,0
2026-06-12 16:50:17.227,0.00,0.00,0.00,0.00,2,0
2026-06-12 16:50:17.278,0.00,0.00,0.00,0.00,2,0
2026-06-12 16:50:17.328,0.00,0.00,0.00,0.00,2,0
2026-06-12 16:50:17.379,0.00,0.00,0.00,0.00,2,0
2026-06-12 16:50:17.429,0.00,0.00,0.00,0.00,2,0
2026-06-12 16:50:17.480,0.00,0.00,0.00,0.00,2,0
2026-06-12 16:50:17.530,0.00,0.00,0.00,0.00,2,0
2026-06-12 16:50:17.580,0.00,0.00,0.00,0.00,2,0
2026-06-12 16:50:17.631,0.00,0.00,0.00,0.00,2,0
2026-06-12 16:50:17.681,0.00,0.00,0.00,0.00,2,0
2026-06-12 16:50:17.732,0.00,0.00,0.00,0.00,2,0
2026-06-12 16:50:17.782,0.00,0.00,0.00,0.00,2,0
2026-06-12 16:50:17.833,0.00,0.00,0.00,0.00,2,0
2026-06-12 16:50:17.883,0.00,0.00,0.00,0.00,2,0
2026-06-12 16:50:17.933,0.00,0.00,0.00,0.00,2,0
2026-06-12 16:50:17.983,0.00,0.00,0.00,0.00,2,0
2026-06-12 16:50:18.034,0.00,0.00,0.00,0.00,2,0
2026-06-12 16:50:18.084,0.00,0.00,0.00,0.00,2,0
2026-06-12 16:50:18.135,0.00,0.00,0.00,0.00,2,0
2026-06-12 16:50:18.185,0.00,0.00,0.00,0.00,2,0
2026-06-12 16:50:18.235,0.00,0.00,0.00,0.00,2,0
2026-06-12 16:50:18.287,0.00,0.00,0.00,0.00,2,0
2026-06-12 16:50:18.336,0.00,0.00,0.00,0.00,2,0
2026-06-12 16:50:18.387,0.00,0.00,0.00,0.00,2,0
2026-06-12 16:50:18.437,0.00,0.00,0.00,0.00,2,0
2026-06-12 16:50:18.487,0.00,0.00,0.00,0.00,2,0
2026-06-12 16:50:18.538,0.00,0.00,0.00,0.00,2,0
2026-06-12 16:50:18.588,0.00,0.00,0.00,0.00,2,0
2026-06-12 16:50:18.639,0.00,0.00,0.00,0.00,2,0
2026-06-12 16:50:18.689,0.00,0.00,0.00,0.00,2,0
2026-06-12 16:50:18.739,0.00,0.00,0.00,0.00,2,0
2026-06-12 16:50:18.790,0.00,0.00,0.00,0.00,2,0
2026-06-12 16:50:18.840,0.00,0.00,0.00,0.00,2,0
2026-06-12 16:50:18.891,0.00,0.00,0.00,0.00,2,0
2026-06-12 16:50:18.941,0.00,0.00,0.00,0.00,2,0
2026-06-12 16:50:18.991,0.00,0.00,0.00,0.00,2,0
2026-06-12 16:50:19.042,0.00,0.00,0.00,0.00,2,0
2026-06-12 16:50:19.092,0.00,0.00,0.00,0.00,2,0
2026-06-12 16:50:19.143,0.00,0.00,0.00,0.00,2,0
2026-06-12 16:50:19.193,0.00,0.00,0.00,0.00,2,0
2026-06-12 16:50:19.244,0.00,0.00,0.00,0.00,2,0
2026-06-12 16:50:19.294,0.00,0.00,0.00,0.00,2,0
2026-06-12 16:50:19.344,0.00,0.00,0.00,0.00,2,0
2026-06-12 16:50:19.395,0.00,0.00,0.00,0.00,2,0
2026-06-12 16:50:19.445,0.00,0.00,0.00,0.00,2,0
2026-06-12 16:50:19.496,0.00,0.00,0.00,0.00,2,0
2026-06-12 16:50:19.546,0.00,0.00,0.00,0.00,2,0
2026-06-12 16:50:19.597,0.00,0.00,0.00,0.00,2,0
2026-06-12 16:50:19.647,0.00,0.00,0.00,0.00,2,0
2026-06-12 16:50:19.697,0.00,0.00,0.00,0.00,2,0
2026-06-12 16:50:19.748,0.00,0.00,0.00,0.00,2,0
2026-06-12 16:50:19.798,0.00,0.00,0.00,0.00,2,0
2026-06-12 16:50:19.848,0.00,0.00,0.00,0.00,2,0
2026-06-12 16:50:19.899,0.00,0.00,0.00,0.00,2,0
2026-06-12 16:50:19.949,0.00,0.00,0.00,0.00,2,0
2026-06-12 16:50:20.000,0.00,0.00,0.00,0.00,2,0
2026-06-12 16:50:20.050,0.00,0.00,0.00,0.00,2,0
2026-06-12 16:50:20.100,0.00,0.00,0.00,0.00,2,0
2026-06-12 16:50:20.151,0.00,0.00,0.00,0.00,2,0
2026-06-12 16:50:20.201,0.00,0.00,0.00,0.00,2,0
2026-06-12 16:50:20.252,0.00,0.00,0.00,0.00,2,0
2026-06-12 16:50:20.302,0.00,0.00,0.00,0.00,2,0
2026-06-12 16:50:20.353,0.00,0.00,0.00,0.00,2,0
2026-06-12 16:50:20.403,0.00,0.00,0.00,0.00,2,0
2026-06-12 16:50:20.453,0.00,0.00,0.00,0.00,2,0
2026-06-12 16:50:20.504,0.00,0.00,0.00,0.00,2,0
2026-06-12 16:50:20.554,0.00,0.00,0.00,0.00,2,0
2026-06-12 16:50:20.604,0.00,0.00,0.00,0.00,2,0
2026-06-12 16:50:20.655,0.00,0.00,0.00,0.00,2,0
2026-06-12 16:50:20.705,0.00,0.00,0.00,0.00,2,0
2026-06-12 16:50:20.756,0.00,0.00,0.00,0.00,2,0
2026-06-12 16:50:20.807,0.00,0.00,0.00,0.00,2,0
2026-06-12 16:50:20.857,0.00,0.00,0.00,0.00,2,0
2026-06-12 16:50:20.907,0.00,0.00,0.00,0.00,2,0
2026-06-12 16:50:20.957,0.00,0.00,0.00,0.00,2,0
2026-06-12 16:50:21.008,0.00,0.00,0.00,0.00,2,0
2026-06-12 16:50:21.058,0.00,0.00,0.00,0.00,2,0
2026-06-12 16:50:21.108,0.00,0.00,0.00,0.00,2,0
2026-06-12 16:50:21.159,0.00,0.00,0.00,0.00,2,0
2026-06-12 16:50:21.209,0.00,0.00,0.00,0.00,2,0
2026-06-12 16:50:21.260,0.00,0.00,0.00,0.00,2,0
2026-06-12 16:50:21.310,0.00,0.00,0.00,0.00,2,0
2026-06-12 16:50:21.361,0.00,0.00,0.00,0.00,2,0
2026-06-12 16:50:21.411,0.00,0.00,0.00,0.00,2,0
2026-06-12 16:50:21.461,0.00,0.00,0.00,0.00,2,0
2026-06-12 16:50:21.512,0.00,0.00,0.00,0.00,2,0
2026-06-12 16:50:21.562,0.00,0.00,0.00,0.00,2,0
2026-06-12 16:50:21.613,0.00,0.00,0.00,0.00,2,0
2026-06-12 16:50:21.663,0.00,0.00,0.00,0.00,2,0
2026-06-12 16:50:21.713,0.00,0.00,0.00,0.00,2,0
2026-06-12 16:50:21.764,0.00,0.00,0.00,0.00,2,0
2026-06-12 16:50:21.814,0.00,0.00,0.00,0.00,2,0
2026-06-12 16:50:21.865,0.00,0.00,0.00,0.00,2,0
2026-06-12 16:50:21.915,0.00,0.00,0.00,0.00,2,0
2026-06-12 16:50:21.966,0.00,0.00,0.00,0.00,2,0
2026-06-12 16:50:22.016,0.00,0.00,0.00,0.00,2,0
2026-06-12 16:50:22.066,0.00,0.00,0.00,0.00,2,0
2026-06-12 16:50:22.117,0.00,0.00,0.00,0.00,2,0
2026-06-12 16:50:22.167,0.00,0.00,0.00,0.00,2,0
2026-06-12 16:50:22.217,0.00,0.00,0.00,0.00,2,0
2026-06-12 16:50:22.268,0.00,0.00,0.00,0.00,2,0
2026-06-12 16:50:22.318,0.00,0.00,0.00,0.00,2,0
2026-06-12 16:50:22.369,0.00,0.00,0.00,0.00,2,0
2026-06-12 16:50:22.419,0.00,0.00,0.00,0.00,2,0
2026-06-12 16:50:22.469,0.00,0.00,0.00,0.00,2,0
2026-06-12 16:50:22.520,0.00,0.00,0.00,0.00,2,0
2026-06-12 16:50:22.570,0.00,0.00,0.00,0.00,2,0
2026-06-12 16:50:22.621,0.00,0.00,0.00,0.00,2,0
2026-06-12 16:50:22.671,0.00,0.00,0.00,0.00,2,0
2026-06-12 16:50:22.721,0.00,0.00,0.00,0.00,2,0
2026-06-12 16:50:22.772,0.00,0.00,0.00,0.00,2,0
2026-06-12 16:50:22.822,0.00,0.00,0.00,0.00,2,0
2026-06-12 16:50:22.873,0.00,0.00,0.00,0.00,2,0
2026-06-12 16:50:22.923,0.00,0.00,0.00,0.00,2,0
2026-06-12 16:50:22.973,0.00,0.00,0.00,0.00,2,0
2026-06-12 16:50:23.024,0.00,0.00,0.00,0.00,2,0
2026-06-12 16:50:23.074,0.00,0.00,0.00,0.00,2,0
2026-06-12 16:50:23.125,0.00,0.00,0.00,0.00,2,0
2026-06-12 16:50:23.175,0.00,0.00,0.00,0.00,2,0
2026-06-12 16:50:23.226,0.00,0.00,0.00,0.00,2,0
2026-06-12 16:50:23.276,0.00,0.00,0.00,0.00,2,0
2026-06-12 16:50:23.327,0.00,0.00,0.00,0.00,2,0
2026-06-12 16:50:23.377,0.00,0.00,0.00,0.00,2,0
2026-06-12 16:50:23.427,0.00,0.00,0.00,0.00,2,0
2026-06-12 16:50:23.477,0.00,0.00,0.00,0.00,2,0
2026-06-12 16:50:23.528,0.00,0.00,0.00,0.00,2,0
2026-06-12 16:50:23.578,0.00,0.00,0.00,0.00,2,0
2026-06-12 16:50:23.629,0.00,0.00,0.00,0.00,2,0
2026-06-12 16:50:23.679,0.00,0.00,0.00,0.00,2,0
2026-06-12 16:50:23.729,0.00,0.00,0.00,0.00,2,0
2026-06-12 16:50:23.780,0.00,0.00,0.00,0.00,2,0
2026-06-12 16:50:23.830,0.00,0.00,0.00,0.00,2,0
2026-06-12 16:50:23.881,0.00,0.00,0.00,0.00,2,0
2026-06-12 16:50:23.931,0.00,0.00,0.00,0.00,2,0
2026-06-12 16:50:23.982,0.00,0.00,0.00,0.00,2,0
2026-06-12 16:50:24.032,0.00,0.00,0.00,0.00,2,0
2026-06-12 16:50:24.082,0.00,0.00,0.00,0.00,2,0
2026-06-12 16:50:24.133,0.00,0.00,0.00,0.00,2,0
2026-06-12 16:50:24.183,0.00,0.00,0.00,0.00,2,0
2026-06-12 16:50:24.234,0.00,0.00,0.00,0.00,2,0
2026-06-12 16:50:24.284,0.00,0.00,0.00,0.00,2,0
2026-06-12 16:50:24.334,0.00,0.00,0.00,0.00,2,0
2026-06-12 16:50:24.385,0.00,0.00,0.00,0.00,2,0
2026-06-12 16:50:24.435,0.00,0.00,0.00,0.00,2,0
2026-06-12 16:50:24.486,0.00,0.00,0.00,0.00,2,0
2026-06-12 16:50:24.536,0.00,0.00,0.00,0.00,2,0
2026-06-12 16:50:24.586,0.00,0.00,0.00,0.00,2,0
2026-06-12 16:50:24.637,0.00,0.00,0.00,0.00,2,0
2026-06-12 16:50:24.687,0.00,0.00,0.00,0.00,2,0
2026-06-12 16:50:24.738,0.00,0.00,0.00,0.00,2,0
2026-06-12 16:50:24.788,0.00,0.00,0.00,0.00,2,0
2026-06-12 16:50:24.838,0.00,0.00,0.00,0.00,2,0
2026-06-12 16:50:24.889,0.00,0.00,0.00,0.00,2,0
2026-06-12 16:50:24.939,0.00,0.00,0.00,0.00,2,0
2026-06-12 16:50:24.990,0.00,0.00,0.00,0.00,2,0
2026-06-12 16:50:25.040,0.00,0.00,0.00,0.00,2,0
2026-06-12 16:50:25.090,0.00,0.00,0.00,0.00,2,0
2026-06-12 16:50:25.141,0.00,0.00,0.00,0.00,2,0
2026-06-12 16:50:25.191,0.00,0.00,0.00,0.00,2,0
2026-06-12 16:50:25.242,0.00,0.00,0.00,0.00,2,0
2026-06-12 16:50:25.292,0.00,0.00,0.00,0.00,2,0
2026-06-12 16:50:25.342,0.00,0.00,0.00,0.00,2,0
2026-06-12 16:50:25.393,0.00,0.00,0.00,0.00,2,0
2026-06-12 16:50:25.443,0.00,0.00,0.00,0.00,2,0
2026-06-12 16:50:25.494,0.00,0.00,0.00,0.00,2,0
2026-06-12 16:50:25.544,0.00,0.00,0.00,0.00,2,0
2026-06-12 16:50:25.594,0.00,0.00,0.00,0.00,2,0
2026-06-12 16:50:25.645,0.00,0.00,0.00,0.00,2,0
2026-06-12 16:50:25.695,0.00,0.00,0.00,0.00,2,0
2026-06-12 16:50:25.746,0.00,0.00,0.00,0.00,2,0
2026-06-12 16:50:25.796,0.00,0.00,0.00,0.00,2,0
2026-06-12 16:50:25.847,0.00,0.00,0.00,0.00,2,0
2026-06-12 16:50:25.897,0.00,0.00,0.00,0.00,2,0
2026-06-12 16:50:25.947,0.00,0.00,0.00,0.00,2,0
2026-06-12 16:50:25.998,0.00,0.00,0.00,0.00,2,0
2026-06-12 16:50:26.048,0.00,0.00,0.00,0.00,2,0
2026-06-12 16:50:26.099,0.00,0.00,0.00,0.00,2,0
2026-06-12 16:50:26.149,0.00,0.00,0.00,0.00,2,0
2026-06-12 16:50:26.199,0.00,0.00,0.00,0.00,2,0
2026-06-12 16:50:26.250,0.00,0.00,0.00,0.00,2,0
2026-06-12 16:50:26.300,0.00,0.00,0.00,0.00,2,0
2026-06-12 16:50:26.351,0.00,0.00,0.00,0.00,2,0
2026-06-12 16:50:26.401,0.00,0.00,0.00,0.00,2,0
2026-06-12 16:50:26.451,0.00,0.00,0.00,0.00,2,0
2026-06-12 16:50:26.502,0.00,0.00,0.00,0.00,2,0
2026-06-12 16:50:26.552,0.00,0.00,0.00,0.00,2,0
2026-06-12 16:50:26.603,0.00,0.00,0.00,0.00,2,0
2026-06-12 16:50:26.653,0.00,0.00,0.00,0.00,2,0
2026-06-12 16:50:26.703,0.00,0.00,0.00,0.00,2,0
2026-06-12 16:50:26.754,0.00,0.00,0.00,0.00,2,0
2026-06-12 16:50:26.804,0.00,0.00,0.00,0.00,2,0
2026-06-12 16:50:26.855,0.00,0.00,0.00,0.00,2,0
2026-06-12 16:50:26.905,0.00,0.00,0.00,0.00,2,0
2026-06-12 16:50:26.956,0.00,0.00,0.00,0.00,2,0
2026-06-12 16:50:27.006,0.00,0.00,0.00,0.00,2,0
2026-06-12 16:50:27.056,0.00,0.00,0.00,0.00,2,0
2026-06-12 16:50:27.107,0.00,0.00,0.00,0.00,2,0
2026-06-12 16:50:27.157,0.00,0.00,0.00,0.00,2,0
2026-06-12 16:50:27.207,0.00,0.00,0.00,0.00,2,0
2026-06-12 16:50:27.258,0.00,0.00,0.00,0.00,2,0
2026-06-12 16:50:27.308,0.00,0.00,0.00,0.00,2,0
2026-06-12 16:50:27.359,0.00,0.00,0.00,0.00,2,0
2026-06-12 16:50:27.409,0.00,0.00,0.00,0.00,2,0
2026-06-12 16:50:27.459,0.00,0.00,0.00,0.00,2,0
2026-06-12 16:50:27.510,0.00,0.00,0.00,0.00,2,0
2026-06-12 16:50:27.560,0.00,0.00,0.00,0.00,2,0
2026-06-12 16:50:27.611,0.00,0.00,0.00,0.00,2,0
2026-06-12 16:50:27.661,0.00,0.00,0.00,0.00,2,0
2026-06-12 16:50:27.712,0.00,0.00,0.00,0.00,2,0
2026-06-12 16:50:27.762,0.00,0.00,0.00,0.00,2,0
2026-06-12 16:50:27.812,0.00,0.00,0.00,0.00,2,0
2026-06-12 16:50:27.863,0.00,0.00,0.00,0.00,2,0
2026-06-12 16:50:27.913,0.00,0.00,0.00,0.00,2,0
2026-06-12 16:50:27.964,0.00,0.00,0.00,0.00,2,0
2026-06-12 16:50:28.014,0.00,0.00,0.00,0.00,2,0
2026-06-12 16:50:28.064,0.00,0.00,0.00,0.00,2,0
2026-06-12 16:50:28.115,0.00,0.00,0.00,0.00,2,0
2026-06-12 16:50:28.166,0.00,0.00,0.00,0.00,2,0
2026-06-12 16:50:28.216,0.00,0.00,0.00,0.00,2,0
2026-06-12 16:50:28.266,0.00,0.00,0.00,0.00,2,0
2026-06-12 16:50:28.317,0.00,0.00,0.00,0.00,2,0
2026-06-12 16:50:28.367,0.00,0.00,0.00,0.00,2,0
2026-06-12 16:50:28.417,0.00,0.00,0.00,0.00,2,0
2026-06-12 16:50:28.468,0.00,0.00,0.00,0.00,2,0
2026-06-12 16:50:28.518,0.00,0.00,0.00,0.00,2,0
2026-06-12 16:50:28.568,0.00,0.00,0.00,0.00,2,0
2026-06-12 16:50:28.619,0.00,0.00,0.00,0.00,2,0
2026-06-12 16:50:28.669,0.00,0.00,0.00,0.00,2,0
2026-06-12 16:50:28.720,0.00,0.00,0.00,0.00,2,0
2026-06-12 16:50:28.770,0.00,0.00,0.00,0.00,2,0
2026-06-12 16:50:28.820,0.00,0.00,0.00,0.00,2,0
2026-06-12 16:50:28.871,0.00,0.00,0.00,0.00,2,0
2026-06-12 16:50:28.921,0.00,0.00,0.00,0.00,2,0
2026-06-12 16:50:28.972,0.00,0.00,0.00,0.00,2,0
2026-06-12 16:50:29.022,0.00,0.00,0.00,0.00,2,0
2026-06-12 16:50:29.072,0.00,0.00,0.00,0.00,2,0
2026-06-12 16:50:29.123,0.00,0.00,0.00,0.00,2,0
2026-06-12 16:50:29.173,0.00,0.00,0.00,0.00,2,0
2026-06-12 16:50:29.224,0.00,0.00,0.00,0.00,2,0
2026-06-12 16:50:29.274,0.00,0.00,0.00,0.00,2,0
2026-06-12 16:50:29.325,0.00,0.00,0.00,0.00,2,0
2026-06-12 16:50:29.375,0.00,0.00,0.00,0.00,2,0
2026-06-12 16:50:29.425,0.00,0.00,0.00,0.00,2,0
2026-06-12 16:50:29.476,0.00,0.00,0.00,0.00,2,0
2026-06-12 16:50:29.526,0.00,0.00,0.00,0.00,2,0
2026-06-12 16:50:29.576,0.00,0.00,0.00,0.00,2,0
2026-06-12 16:50:29.627,0.00,0.00,0.00,0.00,2,0
2026-06-12 16:50:29.677,0.00,0.00,0.00,0.00,2,0
2026-06-12 16:50:29.728,0.00,0.00,0.00,0.00,2,0
2026-06-12 16:50:29.778,0.00,0.00,0.00,0.00,2,0
2026-06-12 16:50:29.829,0.00,0.00,0.00,0.00,2,0
2026-06-12 16:50:29.879,0.00,0.00,0.00,0.00,2,0
2026-06-12 16:50:29.929,0.00,0.00,0.00,0.00,2,0
2026-06-12 16:50:29.980,0.00,0.00,0.00,0.00,2,0
2026-06-12 16:50:30.030,0.00,0.00,0.00,0.00,2,0
2026-06-12 16:50:30.081,0.00,0.00,0.00,0.00,2,0
2026-06-12 16:50:30.131,0.00,0.00,0.00,0.00,2,0
2026-06-12 16:50:30.181,0.00,0.00,0.00,0.00,2,0
2026-06-12 16:50:30.232,0.00,0.00,0.00,0.00,2,0
2026-06-12 16:50:30.282,0.00,0.00,0.00,0.00,2,0
2026-06-12 16:50:30.333,0.00,0.00,0.00,0.00,2,0
2026-06-12 16:50:30.383,0.00,0.00,0.00,0.00,2,0
2026-06-12 16:50:30.433,0.00,0.00,0.00,0.00,2,0
2026-06-12 16:50:30.484,0.00,0.00,0.00,0.00,2,0
2026-06-12 16:50:30.534,0.00,0.00,0.00,0.00,2,0
2026-06-12 16:50:30.585,0.00,0.00,0.00,0.00,2,0
2026-06-12 16:50:30.635,0.00,0.00,0.00,0.00,2,0
2026-06-12 16:50:30.686,0.00,0.00,0.00,0.00,2,0
2026-06-12 16:50:30.736,0.00,0.00,0.00,0.00,2,0
2026-06-12 16:50:30.787,0.00,0.00,0.00,0.00,2,0
2026-06-12 16:50:30.837,0.00,0.00,0.00,0.00,2,0
2026-06-12 16:50:30.887,0.00,0.00,0.00,0.00,2,0
2026-06-12 16:50:30.937,0.00,0.00,0.00,0.00,2,0
2026-06-12 16:50:30.988,0.00,0.00,0.00,0.00,2,0
2026-06-12 16:50:31.038,0.00,0.00,0.00,0.00,2,0
2026-06-12 16:50:31.089,0.00,0.00,0.00,0.00,2,0
2026-06-12 16:50:31.139,0.00,0.00,0.00,0.00,2,0
2026-06-12 16:50:31.189,0.00,0.00,0.00,0.00,2,0
2026-06-12 16:50:31.240,0.00,0.00,0.00,0.00,2,0
2026-06-12 16:50:31.290,0.00,0.00,0.00,0.00,2,0
2026-06-12 16:50:31.341,0.00,0.00,0.00,0.00,2,0
2026-06-12 16:50:31.391,0.00,0.00,0.00,0.00,2,0
2026-06-12 16:50:31.441,0.00,0.00,0.00,0.00,2,0
2026-06-12 16:50:31.492,0.00,0.00,0.00,0.00,2,0
2026-06-12 16:50:31.542,0.00,0.00,0.00,0.00,2,0
2026-06-12 16:50:31.593,0.00,0.00,0.00,0.00,2,0
2026-06-12 16:50:31.643,0.00,0.00,0.00,0.00,2,0
2026-06-12 16:50:31.693,0.00,0.00,0.00,0.00,2,0
2026-06-12 16:50:31.744,0.00,0.00,0.00,0.00,2,0
2026-06-12 16:50:31.794,0.00,0.00,0.00,0.00,2,0
2026-06-12 16:50:31.845,0.00,0.00,0.00,0.00,2,0
2026-06-12 16:50:31.895,0.00,0.00,0.00,0.00,2,0
2026-06-12 16:50:31.946,0.00,0.00,0.00,0.00,2,0
2026-06-12 16:50:31.996,0.00,0.00,0.00,0.00,2,0
2026-06-12 16:50:32.046,0.00,0.00,0.00,0.00,2,0
2026-06-12 16:50:32.097,0.00,0.00,0.00,0.00,2,0
2026-06-12 16:50:32.147,0.00,0.00,0.00,0.00,2,0
2026-06-12 16:50:32.198,0.00,0.00,0.00,0.00,2,0
2026-06-12 16:50:32.248,0.00,0.00,0.00,0.00,2,0
2026-06-12 16:50:32.298,0.00,0.00,0.00,0.00,2,0
2026-06-12 16:50:32.349,0.00,0.00,0.00,0.00,2,0
2026-06-12 16:50:32.399,0.00,0.00,0.00,0.00,2,0
2026-06-12 16:50:32.450,0.00,0.00,0.00,0.00,2,0
2026-06-12 16:50:32.500,0.00,0.00,0.00,0.00,2,0
2026-06-12 16:50:32.550,0.00,0.00,0.00,0.00,2,0
2026-06-12 16:50:32.601,0.00,0.00,0.00,0.00,2,0
2026-06-12 16:50:32.651,0.00,0.00,0.00,0.00,2,0
2026-06-12 16:50:32.702,0.00,0.00,0.00,0.00,2,0
2026-06-12 16:50:32.752,0.00,0.00,0.00,0.00,2,0
2026-06-12 16:50:32.803,0.00,0.00,0.00,0.00,2,0
2026-06-12 16:50:32.853,0.00,0.00,0.00,0.00,2,0
2026-06-12 16:50:32.903,0.00,0.00,0.00,0.00,2,0
2026-06-12 16:50:32.954,0.00,0.00,0.00,0.00,2,0
2026-06-12 16:50:33.004,0.00,0.00,0.00,0.00,2,0
2026-06-12 16:50:33.054,0.00,0.00,0.00,0.00,2,0
2026-06-12 16:50:33.105,0.00,0.00,0.00,0.00,2,0
2026-06-12 16:50:33.155,0.00,0.00,0.00,0.00,2,0
2026-06-12 16:50:33.206,0.00,0.00,0.00,0.00,2,0
2026-06-12 16:50:33.257,0.00,0.00,0.00,0.00,2,0
2026-06-12 16:50:33.307,0.00,0.00,0.00,0.00,2,0
2026-06-12 16:50:33.357,0.00,0.00,0.00,0.00,2,0
2026-06-12 16:50:33.407,0.00,0.00,0.00,0.00,2,0
2026-06-12 16:50:33.458,0.00,0.00,0.00,0.00,2,0
2026-06-12 16:50:33.508,0.00,0.00,0.00,0.00,2,0
2026-06-12 16:50:33.558,0.00,0.00,0.00,0.00,2,0
2026-06-12 16:50:33.609,0.00,0.00,0.00,0.00,2,0
2026-06-12 16:50:33.663,0.00,0.00,0.00,0.00,2,0
2026-06-12 16:50:33.710,0.00,0.00,0.00,0.00,2,0
2026-06-12 16:50:33.760,0.00,0.00,0.00,0.00,2,0
2026-06-12 16:50:33.811,0.00,0.00,0.00,0.00,2,0
2026-06-12 16:50:33.861,0.00,0.00,0.00,0.00,2,0
2026-06-12 16:50:33.911,0.00,0.00,0.00,0.00,2,0
2026-06-12 16:50:33.962,0.00,0.00,0.00,0.00,2,0
2026-06-12 16:50:34.012,0.00,0.00,0.00,0.00,2,0
2026-06-12 16:50:34.063,0.00,0.00,0.00,0.00,2,0
2026-06-12 16:50:34.113,0.00,0.00,0.00,0.00,2,0
2026-06-12 16:50:34.164,0.00,0.00,0.00,0.00,2,0
2026-06-12 16:50:34.214,0.00,0.00,0.00,0.00,2,0
2026-06-12 16:50:34.264,0.00,0.00,0.00,0.00,2,0
2026-06-12 16:50:34.315,0.00,0.00,0.00,0.00,2,0
2026-06-12 16:50:34.365,0.00,0.00,0.00,0.00,2,0
2026-06-12 16:50:34.415,0.00,0.00,0.00,0.00,2,0
2026-06-12 16:50:34.466,0.00,0.00,0.00,0.00,2,0
2026-06-12 16:50:34.517,0.00,0.00,0.00,0.00,2,0
2026-06-12 16:50:34.567,0.00,0.00,0.00,0.00,2,0
2026-06-12 16:50:34.617,0.00,0.00,0.00,0.00,2,0
2026-06-12 16:50:34.667,0.00,0.00,0.00,0.00,2,0
2026-06-12 16:50:34.718,0.00,0.00,0.00,0.00,2,0
2026-06-12 16:50:34.768,0.00,0.00,0.00,0.00,2,0
2026-06-12 16:50:34.819,0.00,0.00,0.00,0.00,2,0
2026-06-12 16:50:34.869,0.00,0.00,0.00,0.00,2,0
2026-06-12 16:50:34.919,0.00,0.00,0.00,0.00,2,0
2026-06-12 16:50:34.970,0.00,0.00,0.00,0.00,2,0
2026-06-12 16:50:35.020,0.00,0.00,0.00,0.00,2,0
2026-06-12 16:50:35.071,0.00,0.00,0.00,0.00,2,0
2026-06-12 16:50:35.121,0.00,0.00,0.00,0.00,2,0
2026-06-12 16:50:35.171,0.00,0.00,0.00,0.00,2,0
2026-06-12 16:50:35.222,0.00,0.00,0.00,0.00,2,0
2026-06-12 16:50:35.272,0.00,0.00,0.00,0.00,2,0
2026-06-12 16:50:35.323,0.00,0.00,0.00,0.00,2,0
2026-06-12 16:50:35.373,0.00,0.00,0.00,0.00,2,0
2026-06-12 16:50:35.423,0.00,0.00,0.00,0.00,2,0
2026-06-12 16:50:35.474,0.00,0.00,0.00,0.00,2,0
2026-06-12 16:50:35.524,0.00,0.00,0.00,0.00,2,0
2026-06-12 16:50:35.575,0.00,0.00,0.00,0.00,2,0
2026-06-12 16:50:35.625,0.00,0.00,0.00,0.00,2,0
2026-06-12 16:50:35.676,0.00,0.00,0.00,0.00,2,0
2026-06-12 16:50:35.726,0.00,0.00,0.00,0.00,2,0
2026-06-12 16:50:35.777,0.00,0.00,0.00,0.00,2,0
2026-06-12 16:50:35.827,0.00,0.00,0.00,0.00,2,0
2026-06-12 16:50:35.877,0.00,0.00,0.00,0.00,2,0
2026-06-12 16:50:35.927,0.00,0.00,0.00,0.00,2,0
2026-06-12 16:50:35.978,0.00,0.00,0.00,0.00,2,0
2026-06-12 16:50:36.028,0.00,0.00,0.00,0.00,2,0
2026-06-12 16:50:36.079,0.00,0.00,0.00,0.00,2,0
2026-06-12 16:50:36.129,0.00,0.00,0.00,0.00,2,0
2026-06-12 16:50:36.180,0.00,0.00,0.00,0.00,2,0
2026-06-12 16:50:36.230,0.00,0.00,0.00,0.00,2,0
2026-06-12 16:50:36.280,0.00,0.00,0.00,0.00,2,0
2026-06-12 16:50:36.331,0.00,0.00,0.00,0.00,2,0
2026-06-12 16:50:36.381,0.00,0.00,0.00,0.00,2,0
2026-06-12 16:50:36.431,0.00,0.00,0.00,0.00,2,0
2026-06-12 16:50:36.482,0.00,0.00,0.00,0.00,2,0
2026-06-12 16:50:36.532,0.00,0.00,0.00,0.00,2,0
2026-06-12 16:50:36.583,0.00,0.00,0.00,0.00,2,0
2026-06-12 16:50:36.633,0.00,0.00,0.00,0.00,2,0
2026-06-12 16:50:36.684,0.00,0.00,0.00,0.00,2,0
2026-06-12 16:50:36.734,0.00,0.00,0.00,0.00,2,0
2026-06-12 16:50:36.784,0.00,0.00,0.00,0.00,2,0
2026-06-12 16:50:36.835,0.00,0.00,0.00,0.00,2,0
2026-06-12 16:50:36.885,0.00,0.00,0.00,0.00,2,0
2026-06-12 16:50:36.936,0.00,0.00,0.00,0.00,2,0
2026-06-12 16:50:36.986,0.00,0.00,0.00,0.00,2,0
2026-06-12 16:50:37.036,0.00,0.00,0.00,0.00,2,0
2026-06-12 16:50:37.087,0.00,0.00,0.00,0.00,2,0
2026-06-12 16:50:37.137,0.00,0.00,0.00,0.00,2,0
2026-06-12 16:50:37.188,0.00,0.00,0.00,0.00,2,0
2026-06-12 16:50:37.238,0.00,0.00,0.00,0.00,2,0
2026-06-12 16:50:37.288,0.00,0.00,0.00,0.00,2,0
2026-06-12 16:50:37.339,0.00,0.00,0.00,0.00,2,0
2026-06-12 16:50:37.389,0.00,0.00,0.00,0.00,2,0
2026-06-12 16:50:37.440,0.00,0.00,0.00,0.00,2,0
2026-06-12 16:50:37.490,0.00,0.00,0.00,0.00,2,0
2026-06-12 16:50:37.540,0.00,0.00,0.00,0.00,2,0
2026-06-12 16:50:37.591,0.00,0.00,0.00,0.00,2,0
2026-06-12 16:50:37.641,0.00,0.00,0.00,0.00,2,0
2026-06-12 16:50:37.692,0.00,0.00,0.00,0.00,2,0
2026-06-12 16:50:37.742,0.00,0.00,0.00,0.00,2,0
2026-06-12 16:50:37.793,0.00,0.00,0.00,0.00,2,0
2026-06-12 16:50:37.843,0.00,0.00,0.00,0.00,2,0
2026-06-12 16:50:37.893,0.00,0.00,0.00,0.00,2,0
2026-06-12 16:50:37.944,0.00,0.00,0.00,0.00,2,0
2026-06-12 16:50:37.994,0.00,0.00,0.00,0.00,2,0
2026-06-12 16:50:38.044,0.00,0.00,0.00,0.00,2,0
2026-06-12 16:50:38.095,0.00,0.00,0.00,0.00,2,0
2026-06-12 16:50:38.145,0.00,0.00,0.00,0.00,2,0
2026-06-12 16:50:38.196,0.00,0.00,0.00,0.00,2,0
2026-06-12 16:50:38.251,0.00,0.00,0.00,0.00,2,0
2026-06-12 16:50:38.297,0.00,0.00,0.00,0.00,2,0
2026-06-12 16:50:38.347,0.00,0.00,0.00,0.00,2,0
2026-06-12 16:50:38.397,0.00,0.00,0.00,0.00,2,0
2026-06-12 16:50:38.448,0.00,0.00,0.00,0.00,2,0
2026-06-12 16:50:38.498,0.00,0.00,0.00,0.00,2,0
2026-06-12 16:50:38.549,0.00,0.00,0.00,0.00,2,0
2026-06-12 16:50:38.599,0.00,0.00,0.00,0.00,2,0
2026-06-12 16:50:38.649,0.00,0.00,0.00,0.00,2,0
2026-06-12 16:50:38.700,0.00,0.00,0.00,0.00,2,0
2026-06-12 16:50:38.750,0.00,0.00,0.00,0.00,2,0
2026-06-12 16:50:38.801,0.00,0.00,0.00,0.00,2,0
2026-06-12 16:50:38.851,0.00,0.00,0.00,0.00,2,0
2026-06-12 16:50:38.901,0.00,0.00,0.00,0.00,2,0
2026-06-12 16:50:38.952,0.00,0.00,0.00,0.00,2,0
2026-06-12 16:50:39.002,0.00,0.00,0.00,0.00,2,0
2026-06-12 16:50:39.053,0.00,0.00,0.00,0.00,2,0
2026-06-12 16:50:39.103,0.00,0.00,0.00,0.00,2,0
2026-06-12 16:50:39.153,0.00,0.00,0.00,0.00,2,0
2026-06-12 16:50:39.204,0.00,0.00,0.00,0.00,2,0
2026-06-12 16:50:39.254,0.00,0.00,0.00,0.00,2,0
2026-06-12 16:50:39.305,0.00,0.00,0.00,0.00,2,0
2026-06-12 16:50:39.355,0.00,0.00,0.00,0.00,2,0
2026-06-12 16:50:39.405,0.00,0.00,0.00,0.00,2,0
2026-06-12 16:50:39.456,0.00,0.00,0.00,0.00,2,0
2026-06-12 16:50:39.507,0.00,0.00,0.00,0.00,2,0
2026-06-12 16:50:39.557,0.00,0.00,0.00,0.00,2,0
2026-06-12 16:50:39.607,0.00,0.00,0.00,0.00,2,0
2026-06-12 16:50:39.657,0.00,0.00,0.00,0.00,2,0
2026-06-12 16:50:39.708,0.00,0.00,0.00,0.00,2,0
2026-06-12 16:50:39.758,0.00,0.00,0.00,0.00,2,0
2026-06-12 16:50:39.809,0.00,0.00,0.00,0.00,2,0
2026-06-12 16:50:39.859,0.00,0.00,0.00,0.00,2,0
2026-06-12 16:50:39.910,0.00,0.00,0.00,0.00,2,0
2026-06-12 16:50:39.960,0.00,0.00,0.00,0.00,2,0
2026-06-12 16:50:40.010,0.00,0.00,0.00,0.00,2,0
2026-06-12 16:50:40.061,0.00,0.00,0.00,0.00,2,0
2026-06-12 16:50:40.112,0.00,0.00,0.00,0.00,2,0
2026-06-12 16:50:40.162,0.00,0.00,0.00,0.00,2,0
2026-06-12 16:50:40.212,0.00,0.00,0.00,0.00,2,0
2026-06-12 16:50:40.262,0.00,0.00,0.00,0.00,2,0
2026-06-12 16:50:40.313,0.00,0.00,0.00,0.00,2,0
2026-06-12 16:50:40.363,0.00,0.00,0.00,0.00,2,0
2026-06-12 16:50:40.414,0.00,0.00,0.00,0.00,2,0
2026-06-12 16:50:40.464,0.00,0.00,0.00,0.00,2,0
2026-06-12 16:50:40.514,0.00,0.00,0.00,0.00,2,0
2026-06-12 16:50:40.565,0.00,0.00,0.00,0.00,2,0
2026-06-12 16:50:40.615,0.00,0.00,0.00,0.00,2,0
2026-06-12 16:50:40.666,0.00,0.00,0.00,0.00,2,0
2026-06-12 16:50:40.716,0.00,0.00,0.00,0.00,2,0
2026-06-12 16:50:40.767,0.00,0.00,0.00,0.00,2,0
2026-06-12 16:50:40.817,0.00,0.00,0.00,0.00,2,0
2026-06-12 16:50:40.867,0.00,0.00,0.00,0.00,2,0
2026-06-12 16:50:40.918,0.00,0.00,0.00,0.00,2,0
2026-06-12 16:50:40.968,0.00,0.00,0.00,0.00,2,0
2026-06-12 16:50:41.019,0.00,0.00,0.00,0.00,2,0
2026-06-12 16:50:41.069,0.00,0.00,0.00,0.00,2,0
2026-06-12 16:50:41.119,0.00,0.00,0.00,0.00,2,0
2026-06-12 16:50:41.170,0.00,0.00,0.00,0.00,2,0
2026-06-12 16:50:41.220,0.00,0.00,0.00,0.00,2,0
2026-06-12 16:50:41.271,0.00,0.00,0.00,0.00,2,0
2026-06-12 16:50:41.321,0.00,0.00,0.00,0.00,2,0
2026-06-12 16:50:41.371,0.00,0.00,0.00,0.00,2,0
2026-06-12 16:50:41.422,0.00,0.00,0.00,0.00,2,0
2026-06-12 16:50:41.472,0.00,0.00,0.00,0.00,2,0
2026-06-12 16:50:41.522,0.00,0.00,0.00,0.00,2,0
2026-06-12 16:50:41.573,0.00,0.00,0.00,0.00,2,0
2026-06-12 16:50:41.623,0.00,0.00,0.00,0.00,2,0
2026-06-12 16:50:41.674,0.00,0.00,0.00,0.00,2,0
2026-06-12 16:50:41.724,0.00,0.00,0.00,0.00,2,0
2026-06-12 16:50:41.775,0.00,0.00,0.00,0.00,2,0
2026-06-12 16:50:41.829,0.00,0.00,0.00,0.00,2,0
2026-06-12 16:50:41.875,0.00,0.00,0.00,0.00,2,0
2026-06-12 16:50:41.926,0.00,0.00,0.00,0.00,2,0
2026-06-12 16:50:41.976,0.00,0.00,0.00,0.00,2,0
2026-06-12 16:50:42.027,0.00,0.00,0.00,0.00,2,0
2026-06-12 16:50:42.077,0.00,0.00,0.00,0.00,2,0
2026-06-12 16:50:42.127,0.00,0.00,0.00,0.00,2,0
2026-06-12 16:50:42.178,0.00,0.00,0.00,0.00,2,0
2026-06-12 16:50:42.228,0.00,0.00,0.00,0.00,2,0
2026-06-12 16:50:42.279,0.00,0.00,0.00,0.00,2,0
2026-06-12 16:50:42.329,0.00,0.00,0.00,0.00,2,0
2026-06-12 16:50:42.379,0.00,0.00,0.00,0.00,2,0
2026-06-12 16:50:42.430,0.00,0.00,0.00,0.00,2,0
2026-06-12 16:50:42.480,0.00,0.00,0.00,0.00,2,0
2026-06-12 16:50:42.531,0.00,0.00,0.00,0.00,2,0
2026-06-12 16:50:42.581,0.00,0.00,0.00,0.00,2,0
2026-06-12 16:50:42.631,0.00,0.00,0.00,0.00,2,0
2026-06-12 16:50:42.682,0.00,0.00,0.00,0.00,2,0
2026-06-12 16:50:42.732,0.00,0.00,0.00,0.00,2,0
2026-06-12 16:50:42.783,0.00,0.00,0.00,0.00,2,0
2026-06-12 16:50:42.833,0.00,0.00,0.00,0.00,2,0
2026-06-12 16:50:42.883,0.00,0.00,0.00,0.00,2,0
2026-06-12 16:50:42.934,0.00,0.00,0.00,0.00,2,0
2026-06-12 16:50:42.984,0.00,0.00,0.00,0.00,2,0
2026-06-12 16:50:43.035,0.00,0.00,0.00,0.00,2,0
2026-06-12 16:50:43.085,0.00,0.00,0.00,0.00,2,0
2026-06-12 16:50:43.135,0.00,0.00,0.00,0.00,2,0
2026-06-12 16:50:43.186,0.00,0.00,0.00,0.00,2,0
2026-06-12 16:50:43.237,0.00,0.00,0.00,0.00,2,0
2026-06-12 16:50:43.287,0.00,0.00,0.00,0.00,2,0
2026-06-12 16:50:43.337,0.00,0.00,0.00,0.00,2,0
2026-06-12 16:50:43.387,0.00,0.00,0.00,0.00,2,0
2026-06-12 16:50:43.438,0.00,0.00,0.00,0.00,2,0
2026-06-12 16:50:43.488,0.00,0.00,0.00,0.00,2,0
2026-06-12 16:50:43.539,0.00,0.00,0.00,0.00,2,0
2026-06-12 16:50:43.589,0.00,0.00,0.00,0.00,2,0
2026-06-12 16:50:43.639,0.00,0.00,0.00,0.00,2,0
2026-06-12 16:50:43.690,0.00,0.00,0.00,0.00,2,0
2026-06-12 16:50:43.740,0.00,0.00,0.00,0.00,2,0
2026-06-12 16:50:43.791,0.00,0.00,0.00,0.00,2,0
2026-06-12 16:50:43.841,0.00,0.00,0.00,0.00,2,0
2026-06-12 16:50:43.891,0.00,0.00,0.00,0.00,2,0
2026-06-12 16:50:43.942,0.00,0.00,0.00,0.00,2,0
2026-06-12 16:50:43.992,0.00,0.00,0.00,0.00,2,0
2026-06-12 16:50:44.043,0.00,0.00,0.00,0.00,2,0
2026-06-12 16:50:44.093,0.00,0.00,0.00,0.00,2,0
2026-06-12 16:50:44.143,0.00,0.00,0.00,0.00,2,0
2026-06-12 16:50:44.194,0.00,0.00,0.00,0.00,2,0
2026-06-12 16:50:44.244,0.00,0.00,0.00,0.00,2,0
2026-06-12 16:50:44.295,0.00,0.00,0.00,0.00,2,0
2026-06-12 16:50:44.345,0.00,0.00,0.00,0.00,2,0
2026-06-12 16:50:44.395,0.00,0.00,0.00,0.00,2,0
2026-06-12 16:50:44.447,0.00,0.00,0.00,0.00,2,0
2026-06-12 16:50:44.496,0.00,0.00,0.00,0.00,2,0
2026-06-12 16:50:44.547,0.00,0.00,0.00,0.00,2,0
2026-06-12 16:50:44.597,0.00,0.00,0.00,0.00,2,0
2026-06-12 16:50:44.647,0.00,0.00,0.00,0.00,2,0
2026-06-12 16:50:44.698,0.00,0.00,0.00,0.00,2,0
2026-06-12 16:50:44.748,0.00,0.00,0.00,0.00,2,0
2026-06-12 16:50:44.799,0.00,0.00,0.00,0.00,2,0
2026-06-12 16:50:44.849,0.00,0.00,0.00,0.00,2,0
2026-06-12 16:50:44.899,0.00,0.00,0.00,0.00,2,0
2026-06-12 16:50:44.950,0.00,0.00,0.00,0.00,2,0
2026-06-12 16:50:45.000,0.00,0.00,0.00,0.00,2,0
2026-06-12 16:50:45.051,0.00,0.00,0.00,0.00,2,0
2026-06-12 16:50:45.101,0.00,0.00,0.00,0.00,2,0
2026-06-12 16:50:45.151,0.00,0.00,0.00,0.00,2,0
2026-06-12 16:50:45.202,0.00,0.00,0.00,0.00,2,0
2026-06-12 16:50:45.252,0.00,0.00,0.00,0.00,2,0
2026-06-12 16:50:45.303,0.00,0.00,0.00,0.00,2,0
2026-06-12 16:50:45.353,0.00,0.00,0.00,0.00,2,0
2026-06-12 16:50:45.404,0.00,0.00,0.00,0.00,2,0
2026-06-12 16:50:45.454,0.00,0.00,0.00,0.00,2,0
2026-06-12 16:50:45.504,0.00,0.00,0.00,0.00,2,0
2026-06-12 16:50:45.555,0.00,0.00,0.00,0.00,2,0
2026-06-12 16:50:45.605,0.00,0.00,0.00,0.00,2,0
2026-06-12 16:50:45.656,0.00,0.00,0.00,0.00,2,0
2026-06-12 16:50:45.707,0.00,0.00,0.00,0.00,2,0
2026-06-12 16:50:45.757,0.00,0.00,0.00,0.00,2,0
2026-06-12 16:50:45.807,0.00,0.00,0.00,0.00,2,0
2026-06-12 16:50:45.857,0.00,0.00,0.00,0.00,2,0
2026-06-12 16:50:45.908,0.00,0.00,0.00,0.00,2,0
2026-06-12 16:50:45.958,0.00,0.00,0.00,0.00,2,0
2026-06-12 16:50:46.008,0.00,0.00,0.00,0.00,2,0
2026-06-12 16:50:46.059,0.00,0.00,0.00,0.00,2,0
2026-06-12 16:50:46.109,0.00,0.00,0.00,0.00,2,0
2026-06-12 16:50:46.160,0.00,0.00,0.00,0.00,2,0
2026-06-12 16:50:46.210,0.00,0.00,0.00,0.00,2,0
2026-06-12 16:50:46.260,0.00,0.00,0.00,0.00,2,0
2026-06-12 16:50:46.311,0.00,0.00,0.00,0.00,2,0
2026-06-12 16:50:46.361,0.00,0.00,0.00,0.00,2,0
2026-06-12 16:50:46.413,0.00,0.00,0.00,0.00,2,0
2026-06-12 16:50:46.462,0.00,0.00,0.00,0.00,2,0
2026-06-12 16:50:46.512,0.00,0.00,0.00,0.00,2,0
2026-06-12 16:50:46.563,0.00,0.00,0.00,0.00,2,0
2026-06-12 16:50:46.613,0.00,0.00,0.00,0.00,2,0
2026-06-12 16:50:46.664,0.00,0.00,0.00,0.00,2,0
2026-06-12 16:50:46.714,0.00,0.00,0.00,0.00,2,0
2026-06-12 16:50:46.764,0.00,0.00,0.00,0.00,2,0
2026-06-12 16:50:46.815,0.00,0.00,0.00,0.00,2,0
2026-06-12 16:50:46.866,0.00,0.00,0.00,0.00,2,0
2026-06-12 16:50:46.916,0.00,0.00,0.00,0.00,2,0
2026-06-12 16:50:46.966,0.00,0.00,0.00,0.00,2,0
2026-06-12 16:50:47.016,0.00,0.00,0.00,0.00,2,0
2026-06-12 16:50:47.067,0.00,0.00,0.00,0.00,2,0
2026-06-12 16:50:47.117,0.00,0.00,0.00,0.00,2,0
2026-06-12 16:50:47.168,0.00,0.00,0.00,0.00,2,0
2026-06-12 16:50:47.218,0.00,0.00,0.00,0.00,2,0
2026-06-12 16:50:47.268,0.00,0.00,0.00,0.00,2,0
2026-06-12 16:50:47.319,0.00,0.00,0.00,0.00,2,0
2026-06-12 16:50:47.369,0.00,0.00,0.00,0.00,2,0
2026-06-12 16:50:47.420,0.00,0.00,0.00,0.00,2,0
2026-06-12 16:50:47.470,0.00,0.00,0.00,0.00,2,0
2026-06-12 16:50:47.521,0.00,0.00,0.00,0.00,2,0
2026-06-12 16:50:47.571,0.00,0.00,0.00,0.00,2,0
2026-06-12 16:50:47.621,0.00,0.00,0.00,0.00,2,0
2026-06-12 16:50:47.672,0.00,0.00,0.00,0.00,2,0
2026-06-12 16:50:47.722,0.00,0.00,0.00,0.00,2,0
2026-06-12 16:50:47.772,0.00,0.00,0.00,0.00,2,0
2026-06-12 16:50:47.823,0.00,0.00,0.00,0.00,2,0
2026-06-12 16:50:47.873,0.00,0.00,0.00,0.00,2,0
2026-06-12 16:50:47.924,0.00,0.00,0.00,0.00,2,0
2026-06-12 16:50:47.974,0.00,0.00,0.00,0.00,2,0
2026-06-12 16:50:48.025,0.00,0.00,0.00,0.00,2,0
2026-06-12 16:50:48.075,0.00,0.00,0.00,0.00,2,0
2026-06-12 16:50:48.125,0.00,0.00,0.00,0.00,2,0
2026-06-12 16:50:48.176,0.00,0.00,0.00,0.00,2,0
2026-06-12 16:50:48.226,0.00,0.00,0.00,0.00,2,0
2026-06-12 16:50:48.277,0.00,0.00,0.00,0.00,2,0
2026-06-12 16:50:48.327,0.00,0.00,0.00,0.00,2,0
2026-06-12 16:50:48.377,0.00,0.00,0.00,0.00,2,0
2026-06-12 16:50:48.428,0.00,0.00,0.00,0.00,2,0
2026-06-12 16:50:48.478,0.00,0.00,0.00,0.00,2,0
2026-06-12 16:50:48.529,0.00,0.00,0.00,0.00,2,0
2026-06-12 16:50:48.579,0.00,0.00,0.00,0.00,2,0
2026-06-12 16:50:48.629,0.00,0.00,0.00,0.00,2,0
2026-06-12 16:50:48.680,0.00,0.00,0.00,0.00,2,0
2026-06-12 16:50:48.730,0.00,0.00,0.00,0.00,2,0
2026-06-12 16:50:48.781,0.00,0.00,0.00,0.00,2,0
2026-06-12 16:50:48.831,0.00,0.00,0.00,0.00,2,0
2026-06-12 16:50:48.881,0.00,0.00,0.00,0.00,2,0
2026-06-12 16:50:48.932,0.00,0.00,0.00,0.00,2,0
2026-06-12 16:50:48.982,0.00,0.00,0.00,0.00,2,0
2026-06-12 16:50:49.033,0.00,0.00,0.00,0.00,2,0
2026-06-12 16:50:49.083,0.00,0.00,0.00,0.00,2,0
2026-06-12 16:50:49.133,0.00,0.00,0.00,0.00,2,0
2026-06-12 16:50:49.184,0.00,0.00,0.00,0.00,2,0
2026-06-12 16:50:49.234,0.00,0.00,0.00,0.00,2,0
2026-06-12 16:50:49.285,0.00,0.00,0.00,0.00,2,0
2026-06-12 16:50:49.335,0.00,0.00,0.00,0.00,2,0
2026-06-12 16:50:49.385,0.00,0.00,0.00,0.00,2,0
2026-06-12 16:50:49.436,0.00,0.00,0.00,0.00,2,0
2026-06-12 16:50:49.487,0.00,0.00,0.00,0.00,2,0
2026-06-12 16:50:49.537,0.00,0.00,0.00,0.00,2,0
2026-06-12 16:50:49.587,0.00,0.00,0.00,0.00,2,0
2026-06-12 16:50:49.637,0.00,0.00,0.00,0.00,2,0
2026-06-12 16:50:49.688,0.00,0.00,0.00,0.00,2,0
2026-06-12 16:50:49.738,0.00,0.00,0.00,0.00,2,0
2026-06-12 16:50:49.789,0.00,0.00,0.00,0.00,2,0
2026-06-12 16:50:49.839,0.00,0.00,0.00,0.00,2,0
2026-06-12 16:50:49.889,0.00,0.00,0.00,0.00,2,0
2026-06-12 16:50:49.940,0.00,0.00,0.00,0.00,2,0
2026-06-12 16:50:49.990,0.00,0.00,0.00,0.00,2,0
2026-06-12 16:50:50.041,0.00,0.00,0.00,0.00,2,0
2026-06-12 16:50:50.091,0.00,0.00,0.00,0.00,2,0
2026-06-12 16:50:50.142,0.00,0.00,0.00,0.00,2,0
2026-06-12 16:50:50.192,0.00,0.00,0.00,0.00,2,0
2026-06-12 16:50:50.242,0.00,0.00,0.00,0.00,2,0
2026-06-12 16:50:50.293,0.00,0.00,0.00,0.00,2,0
2026-06-12 16:50:50.343,0.00,0.00,0.00,0.00,2,0
2026-06-12 16:50:50.393,0.00,0.00,0.00,0.00,2,0
2026-06-12 16:50:50.444,0.00,0.00,0.00,0.00,2,0
2026-06-12 16:50:50.494,0.00,0.00,0.00,0.00,2,0
2026-06-12 16:50:50.545,0.00,0.00,0.00,0.00,2,0
2026-06-12 16:50:50.595,0.00,0.00,0.00,0.00,2,0
2026-06-12 16:50:50.646,0.00,0.00,0.00,0.00,2,0
2026-06-12 16:50:50.696,0.00,0.00,0.00,0.00,2,0
2026-06-12 16:50:50.746,0.00,0.00,0.00,0.00,2,0
2026-06-12 16:50:50.797,0.00,0.00,0.00,0.00,2,0
2026-06-12 16:50:50.847,0.00,0.00,0.00,0.00,2,0
2026-06-12 16:50:50.898,0.00,0.00,0.00,0.00,2,0
2026-06-12 16:50:50.948,0.00,0.00,0.00,0.00,2,0
2026-06-12 16:50:50.998,0.00,0.00,0.00,0.00,2,0
2026-06-12 16:50:51.049,0.00,0.00,0.00,0.00,2,0
2026-06-12 16:50:51.099,0.00,0.00,0.00,0.00,2,0
2026-06-12 16:50:51.150,0.00,0.00,0.00,0.00,2,0
2026-06-12 16:50:51.200,0.00,0.00,0.00,0.00,2,0
2026-06-12 16:50:51.250,0.00,0.00,0.00,0.00,2,0
2026-06-12 16:50:51.301,0.00,0.00,0.00,0.00,2,0
2026-06-12 16:50:51.351,0.00,0.00,0.00,0.00,2,0
2026-06-12 16:50:51.402,0.00,0.00,0.00,0.00,2,0
2026-06-12 16:50:51.452,0.00,0.00,0.00,0.00,2,0
2026-06-12 16:50:51.502,0.00,0.00,0.00,0.00,2,0
2026-06-12 16:50:51.553,0.00,0.00,0.00,0.00,2,0
2026-06-12 16:50:51.603,0.00,0.00,0.00,0.00,2,0
2026-06-12 16:50:51.654,0.00,0.00,0.00,0.00,2,0
2026-06-12 16:50:51.704,0.00,0.00,0.00,0.00,2,0
2026-06-12 16:50:51.754,0.00,0.00,0.00,0.00,2,0
2026-06-12 16:50:51.805,0.00,0.00,0.00,0.00,2,0
2026-06-12 16:50:51.855,0.00,0.00,0.00,0.00,2,0
2026-06-12 16:50:51.906,0.00,0.00,0.00,0.00,2,0
2026-06-12 16:50:51.956,0.00,0.00,0.00,0.00,2,0
2026-06-12 16:50:52.006,0.00,0.00,0.00,0.00,2,0
2026-06-12 16:50:52.057,0.00,0.00,0.00,0.00,2,0
2026-06-12 16:50:52.107,0.00,0.00,0.00,0.00,2,0
2026-06-12 16:50:52.158,0.00,0.00,0.00,0.00,2,0
2026-06-12 16:50:52.208,0.00,0.00,0.00,0.00,2,0
2026-06-12 16:50:52.258,0.00,0.00,0.00,0.00,2,0
2026-06-12 16:50:52.309,0.00,0.00,0.00,0.00,2,0
2026-06-12 16:50:52.359,0.00,0.00,0.00,0.00,2,0
2026-06-12 16:50:52.410,0.00,0.00,0.00,0.00,2,0
2026-06-12 16:50:52.460,0.00,0.00,0.00,0.00,2,0
2026-06-12 16:50:52.510,0.00,0.00,0.00,0.00,2,0
2026-06-12 16:50:52.561,0.00,0.00,0.00,0.00,2,0
2026-06-12 16:50:52.611,0.00,0.00,0.00,0.00,2,0
2026-06-12 16:50:52.662,0.00,0.00,0.00,0.00,2,0
2026-06-12 16:50:52.712,0.00,0.00,0.00,0.00,2,0
2026-06-12 16:50:52.762,0.00,0.00,0.00,0.00,2,0
2026-06-12 16:50:52.813,0.00,0.00,0.00,0.00,2,0
2026-06-12 16:50:52.863,0.00,0.00,0.00,0.00,2,0
2026-06-12 16:50:52.914,0.00,0.00,0.00,0.00,2,0
2026-06-12 16:50:52.964,0.00,0.00,0.00,0.00,2,0
2026-06-12 16:50:53.014,0.00,0.00,0.00,0.00,2,0
2026-06-12 16:50:53.065,0.00,0.00,0.00,0.00,2,0
2026-06-12 16:50:53.115,0.00,0.00,0.00,0.00,2,0
2026-06-12 16:50:53.166,0.00,0.00,0.00,0.00,2,0
2026-06-12 16:50:53.216,0.00,0.00,0.00,0.00,2,0
2026-06-12 16:50:53.267,0.00,0.00,0.00,0.00,2,0
2026-06-12 16:50:53.317,0.00,0.00,0.00,0.00,2,0
2026-06-12 16:50:53.367,0.00,0.00,0.00,0.00,2,0
2026-06-12 16:50:53.418,0.00,0.00,0.00,0.00,2,0
2026-06-12 16:50:53.468,0.00,0.00,0.00,0.00,2,0
2026-06-12 16:50:53.519,0.00,0.00,0.00,0.00,2,0
2026-06-12 16:50:53.569,0.00,0.00,0.00,0.00,2,0
2026-06-12 16:50:53.619,0.00,0.00,0.00,0.00,2,0
2026-06-12 16:50:53.670,0.00,0.00,0.00,0.00,2,0
2026-06-12 16:50:53.720,0.00,0.00,0.00,0.00,2,0
2026-06-12 16:50:53.771,0.00,0.00,0.00,0.00,2,0
2026-06-12 16:50:53.821,0.00,0.00,0.00,0.00,2,0
2026-06-12 16:50:53.871,0.00,0.00,0.00,0.00,2,0
2026-06-12 16:50:53.922,0.00,0.00,0.00,0.00,2,0
2026-06-12 16:50:53.972,0.00,0.00,0.00,0.00,2,0
2026-06-12 16:50:54.023,0.00,0.00,0.00,0.00,2,0
2026-06-12 16:50:54.073,0.00,0.00,0.00,0.00,2,0
2026-06-12 16:50:54.123,0.00,0.00,0.00,0.00,2,0
2026-06-12 16:50:54.174,0.00,0.00,0.00,0.00,2,0
2026-06-12 16:50:54.224,0.00,0.00,0.00,0.00,2,0
2026-06-12 16:50:54.275,0.00,0.00,0.00,0.00,2,0
2026-06-12 16:50:54.325,0.00,0.00,0.00,0.00,2,0
2026-06-12 16:50:54.375,0.00,0.00,0.00,0.00,2,0
2026-06-12 16:50:54.426,0.00,0.00,0.00,0.00,2,0
2026-06-12 16:50:54.477,0.00,0.00,0.00,0.00,2,0
2026-06-12 16:50:54.527,0.00,0.00,0.00,0.00,2,0
2026-06-12 16:50:54.577,0.00,0.00,0.00,0.00,2,0
2026-06-12 16:50:54.627,0.00,0.00,0.00,0.00,2,0
2026-06-12 16:50:54.678,0.00,0.00,0.00,0.00,2,0
2026-06-12 16:50:54.728,0.00,0.00,0.00,0.00,2,0
2026-06-12 16:50:54.779,0.00,0.00,0.00,0.00,2,0
2026-06-12 16:50:54.829,0.00,0.00,0.00,0.00,2,0
2026-06-12 16:50:54.880,0.00,0.00,0.00,0.00,2,0
2026-06-12 16:50:54.930,0.00,0.00,0.00,0.00,2,0
2026-06-12 16:50:54.980,0.00,0.00,0.00,0.00,2,0
2026-06-12 16:50:55.031,0.00,0.00,0.00,0.00,2,0
2026-06-12 16:50:55.081,0.00,0.00,0.00,0.00,2,0
2026-06-12 16:50:55.131,0.00,0.00,0.00,0.00,2,0
2026-06-12 16:50:55.182,0.00,0.00,0.00,0.00,2,0
2026-06-12 16:50:55.232,0.00,0.00,0.00,0.00,2,0
2026-06-12 16:50:55.283,0.00,0.00,0.00,0.00,2,0
2026-06-12 16:50:55.333,0.00,0.00,0.00,0.00,2,0
2026-06-12 16:50:55.383,0.00,0.00,0.00,0.00,2,0
2026-06-12 16:50:55.434,0.00,0.00,0.00,0.00,2,0
2026-06-12 16:50:55.484,0.00,0.00,0.00,0.00,2,0
2026-06-12 16:50:55.535,0.00,0.00,0.00,0.00,2,0
2026-06-12 16:50:55.585,0.00,0.00,0.00,0.00,2,0
2026-06-12 16:50:55.635,0.00,0.00,0.00,0.00,2,0
2026-06-12 16:50:55.686,0.00,0.00,0.00,0.00,2,0
2026-06-12 16:50:55.737,0.00,0.00,0.00,0.00,2,0
2026-06-12 16:50:55.787,0.00,0.00,0.00,0.00,2,0
2026-06-12 16:50:55.837,0.00,0.00,0.00,0.00,2,0
2026-06-12 16:50:55.887,0.00,0.00,0.00,0.00,2,0
2026-06-12 16:50:55.938,0.00,0.00,0.00,0.00,2,0
2026-06-12 16:50:55.988,0.00,0.00,0.00,0.00,2,0
2026-06-12 16:50:56.039,0.00,0.00,0.00,0.00,2,0
2026-06-12 16:50:56.089,0.00,0.00,0.00,0.00,2,0
2026-06-12 16:50:56.139,0.00,0.00,0.00,0.00,2,0
2026-06-12 16:50:56.190,0.00,0.00,0.00,0.00,2,0
2026-06-12 16:50:56.240,0.00,0.00,0.00,0.00,2,0
2026-06-12 16:50:56.291,0.00,0.00,0.00,0.00,2,0
2026-06-12 16:50:56.341,0.00,0.00,0.00,0.00,2,0
2026-06-12 16:50:56.392,0.00,0.00,0.00,0.00,2,0
2026-06-12 16:50:56.442,0.00,0.00,0.00,0.00,2,0
2026-06-12 16:50:56.492,0.00,0.00,0.00,0.00,2,0
2026-06-12 16:50:56.543,0.00,0.00,0.00,0.00,2,0
2026-06-12 16:50:56.593,0.00,0.00,0.00,0.00,2,0
2026-06-12 16:50:56.644,0.00,0.00,0.00,0.00,2,0
2026-06-12 16:50:56.694,0.00,0.00,0.00,0.00,2,0
2026-06-12 16:50:56.744,0.00,0.00,0.00,0.00,2,0
2026-06-12 16:50:56.795,0.00,0.00,0.00,0.00,2,0
2026-06-12 16:50:56.845,0.00,0.00,0.00,0.00,2,0
2026-06-12 16:50:56.896,0.00,0.00,0.00,0.00,2,0
2026-06-12 16:50:56.947,0.00,0.00,0.00,0.00,2,0
2026-06-12 16:50:56.997,0.00,0.00,0.00,0.00,2,0
2026-06-12 16:50:57.047,0.00,0.00,0.00,0.00,2,0
2026-06-12 16:50:57.097,0.00,0.00,0.00,0.00,2,0
2026-06-12 16:50:57.148,0.00,0.00,0.00,0.00,2,0
2026-06-12 16:50:57.198,0.00,0.00,0.00,0.00,2,0
2026-06-12 16:50:57.248,0.00,0.00,0.00,0.00,2,0
2026-06-12 16:50:57.299,0.00,0.00,0.00,0.00,2,0
2026-06-12 16:50:57.349,0.00,0.00,0.00,0.00,2,0
2026-06-12 16:50:57.400,0.00,0.00,0.00,0.00,2,0
2026-06-12 16:50:57.450,0.00,0.00,0.00,0.00,2,0
2026-06-12 16:50:57.500,0.00,0.00,0.00,0.00,2,0
2026-06-12 16:50:57.551,0.00,0.00,0.00,0.00,2,0
2026-06-12 16:50:57.601,0.00,0.00,0.00,0.00,2,0
2026-06-12 16:50:57.652,0.00,0.00,0.00,0.00,2,0
2026-06-12 16:50:57.702,0.00,0.00,0.00,0.00,2,0
2026-06-12 16:50:57.753,0.00,0.00,0.00,0.00,2,0
2026-06-12 16:50:57.803,0.00,0.00,0.00,0.00,2,0
2026-06-12 16:50:57.853,0.00,0.00,0.00,0.00,2,0
2026-06-12 16:50:57.904,0.00,0.00,0.00,0.00,2,0
2026-06-12 16:50:57.954,0.00,0.00,0.00,0.00,2,0
2026-06-12 16:50:58.004,0.00,0.00,0.00,0.00,2,0
2026-06-12 16:50:58.055,0.00,0.00,0.00,0.00,2,0
2026-06-12 16:50:58.106,0.00,0.00,0.00,0.00,2,0
2026-06-12 16:50:58.156,0.00,0.00,0.00,0.00,2,0
2026-06-12 16:50:58.207,0.00,0.00,0.00,0.00,2,0
2026-06-12 16:50:58.257,0.00,0.00,0.00,0.00,2,0
2026-06-12 16:50:58.312,0.00,0.00,0.00,0.00,2,0
2026-06-12 16:50:58.357,0.00,0.00,0.00,0.00,2,0
2026-06-12 16:50:58.408,0.00,0.00,0.00,0.00,2,0
2026-06-12 16:50:58.458,0.00,0.00,0.00,0.00,2,0
2026-06-12 16:50:58.508,0.00,0.00,0.00,0.00,2,0
2026-06-12 16:50:58.559,0.00,0.00,0.00,0.00,2,0
2026-06-12 16:50:58.609,0.00,0.00,0.00,0.00,2,0
2026-06-12 16:50:58.660,0.00,0.00,0.00,0.00,2,0
2026-06-12 16:50:58.710,0.00,0.00,0.00,0.00,2,0
2026-06-12 16:50:58.761,0.00,0.00,0.00,0.00,2,0
2026-06-12 16:50:58.811,0.00,0.00,0.00,0.00,2,0
2026-06-12 16:50:58.861,0.00,0.00,0.00,0.00,2,0
2026-06-12 16:50:58.912,0.00,0.00,0.00,0.00,2,0
2026-06-12 16:50:58.962,0.00,0.00,0.00,0.00,2,0
2026-06-12 16:50:59.013,0.00,0.00,0.00,0.00,2,0
2026-06-12 16:50:59.063,0.00,0.00,0.00,0.00,2,0
2026-06-12 16:50:59.113,0.00,0.00,0.00,0.00,2,0
2026-06-12 16:50:59.164,0.00,0.00,0.00,0.00,2,0
2026-06-12 16:50:59.214,0.00,0.00,0.00,0.00,2,0
2026-06-12 16:50:59.265,0.00,0.00,0.00,0.00,2,0
2026-06-12 16:50:59.315,0.00,0.00,0.00,0.00,2,0
2026-06-12 16:50:59.367,0.00,0.00,0.00,0.00,2,0
2026-06-12 16:50:59.416,0.00,0.00,0.00,0.00,2,0
2026-06-12 16:50:59.466,0.00,0.00,0.00,0.00,2,0
2026-06-12 16:50:59.517,0.00,0.00,0.00,0.00,2,0
2026-06-12 16:50:59.567,0.00,0.00,0.00,0.00,2,0
2026-06-12 16:50:59.617,0.00,0.00,0.00,0.00,2,0
2026-06-12 16:50:59.668,0.00,0.00,0.00,0.00,2,0
2026-06-12 16:50:59.718,0.00,0.00,0.00,0.00,2,0
2026-06-12 16:50:59.769,0.00,0.00,0.00,0.00,2,0
2026-06-12 16:50:59.819,0.00,0.00,0.00,0.00,2,0
2026-06-12 16:50:59.869,0.00,0.00,0.00,0.00,2,0
2026-06-12 16:50:59.920,0.00,0.00,0.00,0.00,2,0
2026-06-12 16:50:59.990,0.00,0.00,0.00,0.00,2,0
2026-06-12 16:51:00.027,0.00,0.00,0.00,0.00,2,0
2026-06-12 16:51:00.071,0.00,0.00,0.00,0.00,2,0
2026-06-12 16:51:00.121,0.00,0.00,0.00,0.00,2,0
2026-06-12 16:51:00.172,0.00,0.00,0.00,0.00,2,0
2026-06-12 16:51:00.222,0.00,0.00,0.00,0.00,2,0
2026-06-12 16:51:00.273,0.00,0.00,0.00,0.00,2,0
2026-06-12 16:51:00.323,0.00,0.00,0.00,0.00,2,0
2026-06-12 16:51:00.373,0.00,0.00,0.00,0.00,2,0
2026-06-12 16:51:00.424,0.00,0.00,0.00,0.00,2,0
2026-06-12 16:51:00.474,0.00,0.00,0.00,0.00,2,0
2026-06-12 16:51:00.525,0.00,0.00,0.00,0.00,2,0
2026-06-12 16:51:00.575,0.00,0.00,0.00,0.00,2,0
2026-06-12 16:51:00.625,0.00,0.00,0.00,0.00,2,0
2026-06-12 16:51:00.676,0.00,0.00,0.00,0.00,2,0
2026-06-12 16:51:00.726,0.00,0.00,0.00,0.00,2,0
2026-06-12 16:51:00.777,0.00,0.00,0.00,0.00,2,0
2026-06-12 16:51:00.827,0.00,0.00,0.00,0.00,2,0
2026-06-12 16:51:00.878,0.00,0.00,0.00,0.00,2,0
2026-06-12 16:51:00.928,0.00,0.00,0.00,0.00,2,0
2026-06-12 16:51:00.978,0.00,0.00,0.00,0.00,2,0
2026-06-12 16:51:01.029,0.00,0.00,0.00,0.00,2,0
2026-06-12 16:51:01.079,0.00,0.00,0.00,0.00,2,0
2026-06-12 16:51:01.129,0.00,0.00,0.00,0.00,2,0
2026-06-12 16:51:01.180,0.00,0.00,0.00,0.00,2,0
2026-06-12 16:51:01.230,0.00,0.00,0.00,0.00,2,0
2026-06-12 16:51:01.281,0.00,0.00,0.00,0.00,2,0
2026-06-12 16:51:01.331,0.00,0.00,0.00,0.00,2,0
2026-06-12 16:51:01.381,0.00,0.00,0.00,0.00,2,0
2026-06-12 16:51:01.432,0.00,0.00,0.00,0.00,2,0
2026-06-12 16:51:01.482,0.00,0.00,0.00,0.00,2,0
2026-06-12 16:51:01.533,0.00,0.00,0.00,0.00,2,0
2026-06-12 16:51:01.583,0.00,0.00,0.00,0.00,2,0
2026-06-12 16:51:01.633,0.00,0.00,0.00,0.00,2,0
2026-06-12 16:51:01.684,0.00,0.00,0.00,0.00,2,0
2026-06-12 16:51:01.734,0.00,0.00,0.00,0.00,2,0
2026-06-12 16:51:01.785,0.00,0.00,0.00,0.00,2,0
2026-06-12 16:51:01.835,0.00,0.00,0.00,0.00,2,0
2026-06-12 16:51:01.886,0.00,0.00,0.00,0.00,2,0
2026-06-12 16:51:01.936,0.00,0.00,0.00,0.00,2,0
2026-06-12 16:51:01.986,0.00,0.00,0.00,0.00,2,0
2026-06-12 16:51:02.037,0.00,0.00,0.00,0.00,2,0
2026-06-12 16:51:02.087,0.00,0.00,0.00,0.00,2,0
2026-06-12 16:51:02.137,0.00,0.00,0.00,0.00,2,0
2026-06-12 16:51:02.188,0.00,0.00,0.00,0.00,2,0
2026-06-12 16:51:02.238,0.00,0.00,0.00,0.00,2,0
2026-06-12 16:51:02.289,0.00,0.00,0.00,0.00,2,0
2026-06-12 16:51:02.339,0.00,0.00,0.00,0.00,2,0
2026-06-12 16:51:02.390,0.00,0.00,0.00,0.00,2,0
2026-06-12 16:51:02.440,0.00,0.00,0.00,0.00,2,0
2026-06-12 16:51:02.490,0.00,0.00,0.00,0.00,2,0
2026-06-12 16:51:02.541,0.00,0.00,0.00,0.00,2,0
2026-06-12 16:51:02.591,0.00,0.00,0.00,0.00,2,0
2026-06-12 16:51:02.642,0.00,0.00,0.00,0.00,2,0
2026-06-12 16:51:02.692,0.00,0.00,0.00,0.00,2,0
2026-06-12 16:51:02.742,0.00,0.00,0.00,0.00,2,0
2026-06-12 16:51:02.793,0.00,0.00,0.00,0.00,2,0
2026-06-12 16:51:02.843,0.00,0.00,0.00,0.00,2,0
2026-06-12 16:51:02.894,0.00,0.00,0.00,0.00,2,0
2026-06-12 16:51:02.944,0.00,0.00,0.00,0.00,2,0
2026-06-12 16:51:02.994,0.00,0.00,0.00,0.00,2,0
2026-06-12 16:51:03.045,0.00,0.00,0.00,0.00,2,0
2026-06-12 16:51:03.095,0.00,0.00,0.00,0.00,2,0
2026-06-12 16:51:03.146,0.00,0.00,0.00,0.00,2,0
2026-06-12 16:51:03.196,0.00,0.00,0.00,0.00,2,0
2026-06-12 16:51:03.246,0.00,0.00,0.00,0.00,2,0
2026-06-12 16:51:03.297,0.00,0.00,0.00,0.00,2,0
2026-06-12 16:51:03.347,0.00,0.00,0.00,0.00,2,0
2026-06-12 16:51:03.398,0.00,0.00,0.00,0.00,2,0
2026-06-12 16:51:03.448,0.00,0.00,0.00,0.00,2,0
2026-06-12 16:51:03.498,0.00,0.00,0.00,0.00,2,0
2026-06-12 16:51:03.549,0.00,0.00,0.00,0.00,2,0
2026-06-12 16:51:03.599,0.00,0.00,0.00,0.00,2,0
2026-06-12 16:51:03.650,0.00,0.00,0.00,0.00,2,0
2026-06-12 16:51:03.700,0.00,0.00,0.00,0.00,2,0
2026-06-12 16:51:03.750,0.00,0.00,0.00,0.00,2,0
2026-06-12 16:51:03.801,0.00,0.00,0.00,0.00,2,0
2026-06-12 16:51:03.851,0.00,0.00,0.00,0.00,2,0
2026-06-12 16:51:03.902,0.00,0.00,0.00,0.00,2,0
2026-06-12 16:51:03.952,0.00,0.00,0.00,0.00,2,0
2026-06-12 16:51:04.003,0.00,0.00,0.00,0.00,2,0
2026-06-12 16:51:04.053,0.00,0.00,0.00,0.00,2,0
2026-06-12 16:51:04.103,0.00,0.00,0.00,0.00,2,0
2026-06-12 16:51:04.154,0.00,0.00,0.00,0.00,2,0
2026-06-12 16:51:04.204,0.00,0.00,0.00,0.00,2,0
2026-06-12 16:51:04.254,0.00,0.00,0.00,0.00,2,0
2026-06-12 16:51:04.305,0.00,0.00,0.00,0.00,2,0
2026-06-12 16:51:04.355,0.00,0.00,0.00,0.00,2,0
2026-06-12 16:51:04.406,0.00,0.00,0.00,0.00,2,0
2026-06-12 16:51:04.456,0.00,0.00,0.00,0.00,2,0
2026-06-12 16:51:04.507,0.00,0.00,0.00,0.00,2,0
2026-06-12 16:51:04.557,0.00,0.00,0.00,0.00,2,0
2026-06-12 16:51:04.607,0.00,0.00,0.00,0.00,2,0
2026-06-12 16:51:04.658,0.00,0.00,0.00,0.00,2,0
2026-06-12 16:51:04.708,0.00,0.00,0.00,0.00,2,0
2026-06-12 16:51:04.759,0.00,0.00,0.00,0.00,2,0
2026-06-12 16:51:04.809,0.00,0.00,0.00,0.00,2,0
2026-06-12 16:51:04.859,0.00,0.00,0.00,0.00,2,0
2026-06-12 16:51:04.910,0.00,0.00,0.00,0.00,2,0
2026-06-12 16:51:04.960,0.00,0.00,0.00,0.00,2,0
2026-06-12 16:51:05.011,0.00,0.00,0.00,0.00,2,0
2026-06-12 16:51:05.061,0.00,0.00,0.00,0.00,2,0
2026-06-12 16:51:05.111,0.00,0.00,0.00,0.00,2,0
2026-06-12 16:51:05.162,0.00,0.00,0.00,0.00,2,0
2026-06-12 16:51:05.212,0.00,0.00,0.00,0.00,2,0
2026-06-12 16:51:05.263,0.00,0.00,0.00,0.00,2,0
2026-06-12 16:51:05.313,0.00,0.00,0.00,0.00,2,0
2026-06-12 16:51:05.363,0.00,0.00,0.00,0.00,2,0
2026-06-12 16:51:05.414,0.00,0.00,0.00,0.00,2,0
2026-06-12 16:51:05.464,0.00,0.00,0.00,0.00,2,0
2026-06-12 16:51:05.515,0.00,0.00,0.00,0.00,2,0
2026-06-12 16:51:05.565,0.00,0.00,0.00,0.00,2,0
2026-06-12 16:51:05.615,0.00,0.00,0.00,0.00,2,0
2026-06-12 16:51:05.666,0.00,0.00,0.00,0.00,2,0
2026-06-12 16:51:05.717,0.00,0.00,0.00,0.00,2,0
2026-06-12 16:51:05.766,0.00,0.00,0.00,0.00,2,0
2026-06-12 16:51:05.817,0.00,0.00,0.00,0.00,2,0
2026-06-12 16:51:05.867,0.00,0.00,0.00,0.00,2,0
2026-06-12 16:51:05.918,0.00,0.00,0.00,0.00,2,0
2026-06-12 16:51:05.968,0.00,0.00,0.00,0.00,2,0
2026-06-12 16:51:06.019,0.00,0.00,0.00,0.00,2,0
2026-06-12 16:51:06.069,0.00,0.00,0.00,0.00,2,0
2026-06-12 16:51:06.119,0.00,0.00,0.00,0.00,2,0
2026-06-12 16:51:06.170,0.00,0.00,0.00,0.00,2,0
2026-06-12 16:51:06.220,0.00,0.00,0.00,0.00,2,0
2026-06-12 16:51:06.271,0.00,0.00,0.00,0.00,2,0
2026-06-12 16:51:06.321,0.00,0.00,0.00,0.00,2,0
2026-06-12 16:51:06.371,0.00,0.00,0.00,0.00,2,0
2026-06-12 16:51:06.422,0.00,0.00,0.00,0.00,2,0
