Timestamp,Speed_kmh,Accel_ms2,Raw_RPM,Filtered_RPM,Brake_State,Control_Mode
2026-06-12 17:10:01.284,0.00,0.00,0.00,0.00,0,0
2026-06-12 17:10:01.332,0.00,0.00,0.00,0.00,0,2
2026-06-12 17:10:01.382,0.00,0.00,0.00,0.00,2,0
2026-06-12 17:10:01.432,0.00,0.00,0.00,0.00,2,0
2026-06-12 17:10:01.483,0.00,0.00,0.00,0.00,2,0
2026-06-12 17:10:01.533,0.00,0.00,0.00,0.00,2,0
2026-06-12 17:10:01.584,0.00,0.00,0.00,0.00,2,0
2026-06-12 17:10:01.634,0.00,0.00,0.00,0.00,2,0
2026-06-12 17:10:01.685,0.00,0.00,0.00,0.00,2,0
2026-06-12 17:10:01.735,0.00,0.00,0.00,0.00,2,0
2026-06-12 17:10:01.785,0.00,0.00,0.00,0.00,2,0
2026-06-12 17:10:01.836,0.00,0.00,0.00,0.00,2,0
2026-06-12 17:10:01.886,0.00,0.00,0.00,0.00,2,0
2026-06-12 17:10:01.936,0.00,0.00,0.00,0.00,2,0
2026-06-12 17:10:01.987,0.00,0.00,0.00,0.00,2,0
2026-06-12 17:10:02.037,0.00,0.00,0.00,0.00,2,0
2026-06-12 17:10:02.088,0.00,0.00,0.00,0.00,2,0
2026-06-12 17:10:02.138,0.00,0.00,0.00,0.00,2,0
2026-06-12 17:10:02.188,0.00,0.00,0.00,0.00,2,0
2026-06-12 17:10:02.239,0.00,0.00,0.00,0.00,2,0
2026-06-12 17:10:02.289,0.00,0.00,0.00,0.00,2,0
2026-06-12 17:10:02.340,0.00,0.00,0.00,0.00,2,0
2026-06-12 17:10:02.390,0.00,0.00,0.00,0.00,2,0
2026-06-12 17:10:02.440,0.00,0.00,0.00,0.00,2,0
2026-06-12 17:10:02.491,0.00,0.00,0.00,0.00,2,0
2026-06-12 17:10:02.541,0.00,0.00,0.00,0.00,2,0
2026-06-12 17:10:02.591,0.00,0.00,0.00,0.00,2,0
2026-06-12 17:10:02.642,0.00,0.00,0.00,0.00,2,0
2026-06-12 17:10:02.692,0.00,0.00,0.00,0.00,2,0
2026-06-12 17:10:02.743,0.00,0.00,0.00,0.00,2,0
2026-06-12 17:10:02.793,0.00,0.00,0.00,0.00,2,0
2026-06-12 17:10:02.844,0.00,0.00,0.00,0.00,2,0
2026-06-12 17:10:02.894,0.00,0.00,0.00,0.00,2,0
2026-06-12 17:10:02.944,0.00,0.00,0.00,0.00,2,0
2026-06-12 17:10:02.995,0.00,0.00,0.00,0.00,2,0
2026-06-12 17:10:03.045,0.00,0.00,0.00,0.00,2,0
2026-06-12 17:10:03.096,0.00,0.00,0.00,0.00,2,0
2026-06-12 17:10:03.146,0.00,0.00,0.00,0.00,2,0
2026-06-12 17:10:03.196,0.00,0.00,0.00,0.00,2,0
2026-06-12 17:10:03.247,0.00,0.00,0.00,0.00,2,0
2026-06-12 17:10:03.297,0.00,0.00,0.00,0.00,2,0
2026-06-12 17:10:03.348,0.00,0.00,0.00,0.00,2,0
2026-06-12 17:10:03.398,0.00,0.00,0.00,0.00,2,0
2026-06-12 17:10:03.448,0.00,0.00,0.00,0.00,2,0
2026-06-12 17:10:03.499,0.00,0.00,0.00,0.00,2,0
2026-06-12 17:10:03.549,0.00,0.00,0.00,0.00,2,0
2026-06-12 17:10:03.600,0.00,0.00,0.00,0.00,2,0
2026-06-12 17:10:03.650,0.00,0.00,0.00,0.00,2,0
2026-06-12 17:10:03.700,0.00,0.00,0.00,0.00,2,0
2026-06-12 17:10:03.751,0.00,0.00,0.00,0.00,2,0
2026-06-12 17:10:03.801,0.00,0.00,0.00,0.00,2,0
2026-06-12 17:10:03.852,0.00,0.00,0.00,0.00,2,0
2026-06-12 17:10:03.902,0.00,0.00,0.00,0.00,2,0
2026-06-12 17:10:03.952,0.00,0.00,0.00,0.00,2,0
2026-06-12 17:10:04.003,0.00,0.00,0.00,0.00,2,0
2026-06-12 17:10:04.053,0.00,0.00,0.00,0.00,2,0
2026-06-12 17:10:04.104,0.00,0.00,0.00,0.00,2,0
2026-06-12 17:10:04.154,0.00,0.00,0.00,0.00,2,0
2026-06-12 17:10:04.204,0.00,0.00,0.00,0.00,2,0
2026-06-12 17:10:04.255,0.00,0.00,0.00,0.00,2,0
2026-06-12 17:10:04.305,0.00,0.00,0.00,0.00,2,0
2026-06-12 17:10:04.356,0.00,0.00,0.00,0.00,2,0
2026-06-12 17:10:04.406,0.00,0.00,0.00,0.00,2,0
2026-06-12 17:10:04.456,0.00,0.00,0.00,0.00,2,0
2026-06-12 17:10:04.507,0.00,0.00,0.00,0.00,2,0
2026-06-12 17:10:04.557,0.00,0.00,0.00,0.00,2,0
2026-06-12 17:10:04.607,0.00,0.00,0.00,0.00,2,0
2026-06-12 17:10:04.658,0.00,0.00,0.00,0.00,2,0
2026-06-12 17:10:04.708,0.00,0.00,0.00,0.00,2,0
2026-06-12 17:10:04.759,0.00,0.00,0.00,0.00,2,0
2026-06-12 17:10:04.809,0.00,0.00,0.00,0.00,2,0
2026-06-12 17:10:04.859,0.00,0.00,0.00,0.00,2,0
2026-06-12 17:10:04.910,0.00,0.00,0.00,0.00,2,0
2026-06-12 17:10:04.960,0.00,0.00,0.00,0.00,2,0
2026-06-12 17:10:05.011,0.00,0.00,0.00,0.00,2,0
2026-06-12 17:10:05.061,0.00,0.00,0.00,0.00,2,0
2026-06-12 17:10:05.112,0.00,0.00,0.00,0.00,2,0
2026-06-12 17:10:05.162,0.00,0.00,0.00,0.00,2,0
2026-06-12 17:10:05.212,0.00,0.00,0.00,0.00,2,0
2026-06-12 17:10:05.263,0.00,0.00,0.00,0.00,2,0
2026-06-12 17:10:05.313,0.00,0.00,0.00,0.00,2,0
2026-06-12 17:10:05.364,0.00,0.00,0.00,0.00,2,0
2026-06-12 17:10:05.414,0.00,0.00,0.00,0.00,2,0
2026-06-12 17:10:05.466,0.00,0.00,0.00,0.00,2,0
2026-06-12 17:10:05.515,0.00,0.00,0.00,0.00,2,0
2026-06-12 17:10:05.566,0.00,0.00,0.00,0.00,2,0
2026-06-12 17:10:05.616,0.00,0.00,0.00,0.00,2,0
2026-06-12 17:10:05.666,0.00,0.00,0.00,0.00,2,0
2026-06-12 17:10:05.716,0.00,0.00,0.00,0.00,2,0
2026-06-12 17:10:05.768,0.00,0.00,0.00,0.00,2,0
2026-06-12 17:10:05.817,0.00,0.00,0.00,0.00,2,0
2026-06-12 17:10:05.867,0.00,0.00,0.00,0.00,2,0
2026-06-12 17:10:05.918,0.00,0.00,0.00,0.00,2,0
2026-06-12 17:10:05.968,0.00,0.00,0.00,0.00,2,0
2026-06-12 17:10:06.019,0.00,0.00,0.00,0.00,2,0
2026-06-12 17:10:06.069,0.00,0.00,0.00,0.00,2,0
2026-06-12 17:10:06.119,0.00,0.00,0.00,0.00,2,0
2026-06-12 17:10:06.171,0.00,0.00,0.00,0.00,2,0
2026-06-12 17:10:06.220,0.00,0.00,0.00,0.00,2,0
2026-06-12 17:10:06.271,0.00,0.00,0.00,0.00,2,0
2026-06-12 17:10:06.321,0.00,0.00,0.00,0.00,2,0
2026-06-12 17:10:06.371,0.00,0.00,0.00,0.00,2,0
2026-06-12 17:10:06.422,0.00,0.00,0.00,0.00,2,0
2026-06-12 17:10:06.472,0.00,0.00,0.00,0.00,2,0
2026-06-12 17:10:06.523,0.00,0.00,0.00,0.00,2,0
2026-06-12 17:10:06.573,0.00,0.00,0.00,0.00,2,0
2026-06-12 17:10:06.623,0.00,0.00,0.00,0.00,2,0
2026-06-12 17:10:06.674,0.00,0.00,0.00,0.00,2,0
2026-06-12 17:10:06.724,0.00,0.00,0.00,0.00,2,0
2026-06-12 17:10:06.775,0.00,0.00,0.00,0.00,2,0
2026-06-12 17:10:06.827,0.00,0.00,0.00,0.00,2,0
2026-06-12 17:10:06.876,0.00,0.00,0.00,0.00,2,0
2026-06-12 17:10:06.926,0.00,0.00,0.00,0.00,2,0
2026-06-12 17:10:06.976,0.00,0.00,0.00,0.00,2,0
2026-06-12 17:10:07.027,0.00,0.00,0.00,0.00,2,0
2026-06-12 17:10:07.077,0.00,0.00,0.00,0.00,2,0
2026-06-12 17:10:07.127,0.00,0.00,0.00,0.00,2,0
2026-06-12 17:10:07.178,0.00,0.00,0.00,0.00,2,0
2026-06-12 17:10:07.228,0.00,0.00,0.00,0.00,2,0
2026-06-12 17:10:07.279,0.00,0.00,0.00,0.00,2,0
2026-06-12 17:10:07.329,0.00,0.00,0.00,0.00,2,0
2026-06-12 17:10:07.379,0.00,0.00,0.00,0.00,2,0
2026-06-12 17:10:07.430,0.00,0.00,0.00,0.00,2,0
2026-06-12 17:10:07.481,0.00,0.00,0.00,0.00,2,0
2026-06-12 17:10:07.531,0.00,0.00,0.00,0.00,2,0
2026-06-12 17:10:07.581,0.00,0.00,0.00,0.00,2,0
2026-06-12 17:10:07.631,0.00,0.00,0.00,0.00,2,0
2026-06-12 17:10:07.682,0.00,0.00,0.00,0.00,2,0
2026-06-12 17:10:07.732,0.00,0.00,0.00,0.00,2,0
2026-06-12 17:10:07.783,0.00,0.00,0.00,0.00,2,0
2026-06-12 17:10:07.833,0.00,0.00,0.00,0.00,2,0
2026-06-12 17:10:07.883,0.00,0.00,0.00,0.00,2,0
2026-06-12 17:10:07.934,0.00,0.00,0.00,0.00,2,0
2026-06-12 17:10:07.984,0.00,0.00,0.00,0.00,2,0
2026-06-12 17:10:08.036,0.00,0.00,0.00,0.00,2,0
2026-06-12 17:10:08.086,0.00,0.00,0.00,0.00,2,0
2026-06-12 17:10:08.136,0.00,0.00,0.00,0.00,2,0
2026-06-12 17:10:08.186,0.00,0.00,0.00,0.00,2,0
2026-06-12 17:10:08.237,0.00,0.00,0.00,0.00,2,0
2026-06-12 17:10:08.287,0.00,0.00,0.00,0.00,2,0
2026-06-12 17:10:08.337,0.00,0.00,0.00,0.00,2,0
2026-06-12 17:10:08.387,0.00,0.00,0.00,0.00,2,0
2026-06-12 17:10:08.438,0.00,0.00,0.00,0.00,2,0
2026-06-12 17:10:08.488,0.00,0.00,0.00,0.00,2,0
2026-06-12 17:10:08.539,0.00,0.00,0.00,0.00,2,0
2026-06-12 17:10:08.589,0.00,0.00,0.00,0.00,2,0
2026-06-12 17:10:08.639,0.00,0.00,0.00,0.00,2,0
2026-06-12 17:10:08.690,0.00,0.00,0.00,0.00,2,0
2026-06-12 17:10:08.740,0.00,0.00,0.00,0.00,2,0
2026-06-12 17:10:08.791,0.00,0.00,0.00,0.00,2,0
2026-06-12 17:10:08.841,0.00,0.00,0.00,0.00,2,0
2026-06-12 17:10:08.892,0.00,0.00,0.00,0.00,2,0
2026-06-12 17:10:08.942,0.00,0.00,0.00,0.00,2,0
2026-06-12 17:10:08.992,0.00,0.00,0.00,0.00,2,0
2026-06-12 17:10:09.043,0.00,0.00,0.00,0.00,2,0
2026-06-12 17:10:09.093,0.00,0.00,0.00,0.00,2,0
2026-06-12 17:10:09.143,0.00,0.00,0.00,0.00,2,0
2026-06-12 17:10:09.194,0.00,0.00,0.00,0.00,2,0
2026-06-12 17:10:09.244,0.00,0.00,0.00,0.00,2,0
2026-06-12 17:10:09.295,0.00,0.00,0.00,0.00,2,0
2026-06-12 17:10:09.345,0.00,0.00,0.00,0.00,2,0
2026-06-12 17:10:09.395,0.00,0.00,0.00,0.00,2,0
2026-06-12 17:10:09.446,0.00,0.00,0.00,0.00,2,0
2026-06-12 17:10:09.496,0.00,0.00,0.00,0.00,2,0
2026-06-12 17:10:09.546,0.00,0.00,0.00,0.00,2,0
2026-06-12 17:10:09.597,0.00,0.00,0.00,0.00,2,0
2026-06-12 17:10:09.647,0.00,0.00,0.00,0.00,2,0
2026-06-12 17:10:09.698,0.00,0.00,0.00,0.00,2,0
2026-06-12 17:10:09.748,0.00,0.00,0.00,0.00,2,0
2026-06-12 17:10:09.799,0.00,0.00,0.00,0.00,2,0
2026-06-12 17:10:09.849,0.00,0.00,0.00,0.00,2,0
2026-06-12 17:10:09.899,0.00,0.00,0.00,0.00,2,0
2026-06-12 17:10:09.950,0.00,0.00,0.00,0.00,2,0
2026-06-12 17:10:10.000,0.00,0.00,0.00,0.00,2,0
2026-06-12 17:10:10.051,0.00,0.00,0.00,0.00,2,0
2026-06-12 17:10:10.101,0.00,0.00,0.00,0.00,2,0
2026-06-12 17:10:10.151,0.00,0.00,0.00,0.00,2,0
2026-06-12 17:10:10.202,0.00,0.00,0.00,0.00,2,0
2026-06-12 17:10:10.252,0.00,0.00,0.00,0.00,2,0
2026-06-12 17:10:10.303,0.00,0.00,0.00,0.00,2,0
2026-06-12 17:10:10.353,0.00,0.00,0.00,0.00,2,0
2026-06-12 17:10:10.403,0.00,0.00,0.00,0.00,2,0
2026-06-12 17:10:10.454,0.00,0.00,0.00,0.00,2,0
2026-06-12 17:10:10.504,0.00,0.00,0.00,0.00,2,0
2026-06-12 17:10:10.555,0.00,0.00,0.00,0.00,2,0
2026-06-12 17:10:10.606,0.00,0.00,0.00,0.00,2,0
2026-06-12 17:10:10.656,0.00,0.00,0.00,0.00,2,0
2026-06-12 17:10:10.706,0.00,0.00,0.00,0.00,2,0
2026-06-12 17:10:10.756,0.00,0.00,0.00,0.00,2,0
2026-06-12 17:10:10.807,0.00,0.00,0.00,0.00,2,0
2026-06-12 17:10:10.857,0.00,0.00,0.00,0.00,2,0
2026-06-12 17:10:10.907,0.00,0.00,0.00,0.00,2,0
2026-06-12 17:10:10.958,0.00,0.00,0.00,0.00,2,0
2026-06-12 17:10:11.008,0.00,0.00,0.00,0.00,2,0
2026-06-12 17:10:11.059,0.00,0.00,0.00,0.00,2,0
2026-06-12 17:10:11.109,0.00,0.00,0.00,0.00,2,0
2026-06-12 17:10:11.159,0.00,0.00,0.00,0.00,2,0
2026-06-12 17:10:11.210,0.00,0.00,0.00,0.00,2,0
2026-06-12 17:10:11.260,0.00,0.00,0.00,0.00,2,0
2026-06-12 17:10:11.311,0.00,0.00,0.00,0.00,2,0
2026-06-12 17:10:11.361,0.00,0.00,0.00,0.00,2,0
2026-06-12 17:10:11.411,0.00,0.00,0.00,0.00,2,0
2026-06-12 17:10:11.462,0.00,0.00,0.00,0.00,2,0
2026-06-12 17:10:11.512,0.00,0.00,0.00,0.00,2,0
2026-06-12 17:10:11.563,0.00,0.00,0.00,0.00,2,0
2026-06-12 17:10:11.613,0.00,0.00,0.00,0.00,2,0
2026-06-12 17:10:11.663,0.00,0.00,0.00,0.00,2,0
2026-06-12 17:10:11.714,0.00,0.00,0.00,0.00,2,0
2026-06-12 17:10:11.764,0.00,0.00,0.00,0.00,2,0
2026-06-12 17:10:11.815,0.00,0.00,0.00,0.00,2,0
2026-06-12 17:10:11.866,0.00,0.00,0.00,0.00,2,0
2026-06-12 17:10:11.915,0.00,0.00,0.00,0.00,2,0
2026-06-12 17:10:11.966,0.00,0.00,0.00,0.00,2,0
2026-06-12 17:10:12.016,0.00,0.00,0.00,0.00,2,0
2026-06-12 17:10:12.067,0.00,0.00,0.00,0.00,2,0
2026-06-12 17:10:12.117,0.00,0.00,0.00,0.00,2,0
2026-06-12 17:10:12.167,0.00,0.00,0.00,0.00,2,0
2026-06-12 17:10:12.218,0.00,0.00,0.00,0.00,2,0
2026-06-12 17:10:12.268,0.00,0.00,0.00,0.00,2,0
2026-06-12 17:10:12.319,0.00,0.00,0.00,0.00,2,0
2026-06-12 17:10:12.369,0.00,0.00,0.00,0.00,2,0
2026-06-12 17:10:12.419,0.00,0.00,0.00,0.00,2,0
2026-06-12 17:10:12.472,0.00,0.00,0.00,0.00,2,0
2026-06-12 17:10:12.520,0.00,0.00,0.00,0.00,2,0
2026-06-12 17:10:12.571,0.00,0.00,0.00,0.00,2,0
2026-06-12 17:10:12.621,0.00,0.00,0.00,0.00,2,0
2026-06-12 17:10:12.671,0.00,0.00,0.00,0.00,2,0
2026-06-12 17:10:12.722,0.00,0.00,0.00,0.00,2,0
2026-06-12 17:10:12.772,0.00,0.00,0.00,0.00,2,0
2026-06-12 17:10:12.825,0.00,0.00,0.00,0.00,2,0
2026-06-12 17:10:12.873,0.00,0.00,0.00,0.00,2,0
2026-06-12 17:10:12.923,0.00,0.00,0.00,0.00,2,0
2026-06-12 17:10:12.974,0.00,0.00,0.00,0.00,2,0
2026-06-12 17:10:13.024,0.00,0.00,0.00,0.00,2,0
2026-06-12 17:10:13.075,0.00,0.00,0.00,0.00,2,0
2026-06-12 17:10:13.125,0.00,0.00,0.00,0.00,2,0
2026-06-12 17:10:13.176,0.00,0.00,0.00,0.00,2,0
2026-06-12 17:10:13.226,0.00,0.00,0.00,0.00,2,0
2026-06-12 17:10:13.276,0.00,0.00,0.00,0.00,2,0
2026-06-12 17:10:13.327,0.00,0.00,0.00,0.00,2,0
2026-06-12 17:10:13.377,0.00,0.00,0.00,0.00,2,0
2026-06-12 17:10:13.427,0.00,0.00,0.00,0.00,2,0
2026-06-12 17:10:13.478,0.00,0.00,0.00,0.00,2,0
2026-06-12 17:10:13.528,0.00,0.00,0.00,0.00,2,0
2026-06-12 17:10:13.579,0.00,0.00,0.00,0.00,2,0
2026-06-12 17:10:13.629,0.00,0.00,0.00,0.00,2,0
2026-06-12 17:10:13.679,0.00,0.00,0.00,0.00,2,0
2026-06-12 17:10:13.730,0.00,0.00,0.00,0.00,2,0
2026-06-12 17:10:13.780,0.00,0.00,0.00,0.00,2,0
2026-06-12 17:10:13.831,0.00,0.00,0.00,0.00,2,0
2026-06-12 17:10:13.881,0.00,0.00,0.00,0.00,2,0
2026-06-12 17:10:13.931,0.00,0.00,0.00,0.00,2,0
2026-06-12 17:10:13.982,0.00,0.00,0.00,0.00,2,0
2026-06-12 17:10:14.032,0.00,0.00,0.00,0.00,2,0
2026-06-12 17:10:14.083,0.00,0.00,0.00,0.00,2,0
2026-06-12 17:10:14.133,0.00,0.00,0.00,0.00,2,0
2026-06-12 17:10:14.183,0.00,0.00,0.00,0.00,2,0
2026-06-12 17:10:14.234,0.00,0.00,0.00,0.00,2,0
2026-06-12 17:10:14.284,0.00,0.00,0.00,0.00,2,0
2026-06-12 17:10:14.335,0.00,0.00,0.00,0.00,2,0
2026-06-12 17:10:14.385,0.00,0.00,0.00,0.00,2,0
2026-06-12 17:10:14.435,0.00,0.00,0.00,0.00,2,0
2026-06-12 17:10:14.486,0.00,0.00,0.00,0.00,2,0
2026-06-12 17:10:14.536,0.00,0.00,0.00,0.00,2,0
2026-06-12 17:10:14.586,0.00,0.00,0.00,0.00,2,0
2026-06-12 17:10:14.637,0.00,0.00,0.00,0.00,2,0
2026-06-12 17:10:14.687,0.00,0.00,0.00,0.00,2,0
2026-06-12 17:10:14.738,0.00,0.00,0.00,0.00,2,0
2026-06-12 17:10:14.788,0.00,0.00,0.00,0.00,2,0
2026-06-12 17:10:14.839,0.00,0.00,0.00,0.00,2,0
2026-06-12 17:10:14.889,0.00,0.00,0.00,0.00,2,0
2026-06-12 17:10:14.940,0.00,0.00,0.00,0.00,2,0
2026-06-12 17:10:14.990,0.00,0.00,0.00,0.00,2,0
2026-06-12 17:10:15.040,0.00,0.00,0.00,0.00,2,0
2026-06-12 17:10:15.091,0.00,0.00,0.00,0.00,2,0
2026-06-12 17:10:15.141,0.00,0.00,0.00,0.00,2,0
2026-06-12 17:10:15.191,0.00,0.00,0.00,0.00,2,0
2026-06-12 17:10:15.242,0.00,0.00,0.00,0.00,2,0
2026-06-12 17:10:15.292,0.00,0.00,0.00,0.00,2,0
2026-06-12 17:10:15.343,0.00,0.00,0.00,0.00,2,0
2026-06-12 17:10:15.393,0.00,0.00,0.00,0.00,2,0
2026-06-12 17:10:15.443,0.00,0.00,0.00,0.00,2,0
2026-06-12 17:10:15.494,0.00,0.00,0.00,0.00,2,0
2026-06-12 17:10:15.544,0.00,0.00,0.00,0.00,2,0
2026-06-12 17:10:15.595,0.00,0.00,0.00,0.00,2,0
2026-06-12 17:10:15.646,0.00,0.00,0.00,0.00,2,0
2026-06-12 17:10:15.696,0.00,0.00,0.00,0.00,2,0
2026-06-12 17:10:15.746,0.00,0.00,0.00,0.00,2,0
2026-06-12 17:10:15.796,0.00,0.00,0.00,0.00,2,0
2026-06-12 17:10:15.846,0.00,0.00,0.00,0.00,2,0
2026-06-12 17:10:15.897,0.00,0.00,0.00,0.00,2,0
2026-06-12 17:10:15.947,0.00,0.00,0.00,0.00,2,0
2026-06-12 17:10:15.998,0.00,0.00,0.00,0.00,2,0
2026-06-12 17:10:16.048,0.00,0.00,0.00,0.00,2,0
2026-06-12 17:10:16.098,0.00,0.00,0.00,0.00,2,0
2026-06-12 17:10:16.149,0.00,0.00,0.00,0.00,2,0
2026-06-12 17:10:16.199,0.00,0.00,0.00,0.00,2,0
2026-06-12 17:10:16.250,0.00,0.00,0.00,0.00,2,0
2026-06-12 17:10:16.300,0.00,0.00,0.00,0.00,2,0
2026-06-12 17:10:16.350,0.00,0.00,0.00,0.00,2,0
2026-06-12 17:10:16.401,0.00,0.00,0.00,0.00,2,0
2026-06-12 17:10:16.451,0.00,0.00,0.00,0.00,2,0
2026-06-12 17:10:16.502,0.00,0.00,0.00,0.00,2,0
2026-06-12 17:10:16.552,0.00,0.00,0.00,0.00,2,0
2026-06-12 17:10:16.603,0.00,0.00,0.00,0.00,2,0
2026-06-12 17:10:16.653,0.00,0.00,0.00,0.00,2,0
2026-06-12 17:10:16.703,0.00,0.00,0.00,0.00,2,0
2026-06-12 17:10:16.754,0.00,0.00,0.00,0.00,2,0
2026-06-12 17:10:16.804,0.00,0.00,0.00,0.00,2,0
2026-06-12 17:10:16.855,0.00,0.00,0.00,0.00,2,0
2026-06-12 17:10:16.905,0.00,0.00,0.00,0.00,2,0
2026-06-12 17:10:16.955,0.00,0.00,0.00,0.00,2,0
2026-06-12 17:10:17.006,0.00,0.00,0.00,0.00,2,0
2026-06-12 17:10:17.056,0.00,0.00,0.00,0.00,2,0
2026-06-12 17:10:17.106,0.00,0.00,0.00,0.00,2,0
2026-06-12 17:10:17.157,0.00,0.00,0.00,0.00,2,0
2026-06-12 17:10:17.207,0.00,0.00,0.00,0.00,2,0
2026-06-12 17:10:17.258,0.00,0.00,0.00,0.00,2,0
2026-06-12 17:10:17.308,0.00,0.00,0.00,0.00,2,0
2026-06-12 17:10:17.358,0.00,0.00,0.00,0.00,2,0
2026-06-12 17:10:17.409,0.00,0.00,0.00,0.00,2,0
2026-06-12 17:10:17.459,0.00,0.00,0.00,0.00,2,0
2026-06-12 17:10:17.510,0.00,0.00,0.00,0.00,2,0
2026-06-12 17:10:17.560,0.00,0.00,0.00,0.00,2,0
2026-06-12 17:10:17.610,0.00,0.00,0.00,0.00,2,0
2026-06-12 17:10:17.661,0.00,0.00,0.00,0.00,2,0
2026-06-12 17:10:17.712,0.00,0.00,0.00,0.00,2,0
2026-06-12 17:10:17.762,0.00,0.00,0.00,0.00,2,0
2026-06-12 17:10:17.812,0.00,0.00,0.00,0.00,2,0
2026-06-12 17:10:17.863,0.00,0.00,0.00,0.00,2,0
2026-06-12 17:10:17.913,0.00,0.00,0.00,0.00,2,0
2026-06-12 17:10:17.963,0.00,0.00,0.00,0.00,2,0
2026-06-12 17:10:18.014,0.00,0.00,0.00,0.00,2,0
2026-06-12 17:10:18.064,0.00,0.00,0.00,0.00,2,0
2026-06-12 17:10:18.115,0.00,0.00,0.00,0.00,2,0
2026-06-12 17:10:18.165,0.00,0.00,0.00,0.00,2,0
2026-06-12 17:10:18.215,0.00,0.00,0.00,0.00,2,0
2026-06-12 17:10:18.266,0.00,0.00,0.00,0.00,2,0
2026-06-12 17:10:18.316,0.00,0.00,0.00,0.00,2,0
2026-06-12 17:10:18.367,0.00,0.00,0.00,0.00,2,0
2026-06-12 17:10:18.420,0.00,0.00,0.00,0.00,2,0
2026-06-12 17:10:18.467,0.00,0.00,0.00,0.00,2,0
2026-06-12 17:10:18.518,0.00,0.00,0.00,0.00,2,0
2026-06-12 17:10:18.568,0.00,0.00,0.00,0.00,2,0
2026-06-12 17:10:18.618,0.00,0.00,0.00,0.00,2,0
2026-06-12 17:10:18.669,0.00,0.00,0.00,0.00,2,0
2026-06-12 17:10:18.719,0.00,0.00,0.00,0.00,2,0
2026-06-12 17:10:18.770,0.00,0.00,0.00,0.00,2,0
2026-06-12 17:10:18.820,0.00,0.00,0.00,0.00,2,0
2026-06-12 17:10:18.871,0.00,0.00,0.00,0.00,2,0
2026-06-12 17:10:18.921,0.00,0.00,0.00,0.00,2,0
2026-06-12 17:10:18.971,0.00,0.00,0.00,0.00,2,0
2026-06-12 17:10:19.022,0.00,0.00,0.00,0.00,2,0
2026-06-12 17:10:19.072,0.00,0.00,0.00,0.00,2,0
2026-06-12 17:10:19.123,0.00,0.00,0.00,0.00,2,0
2026-06-12 17:10:19.173,0.00,0.00,0.00,0.00,2,0
2026-06-12 17:10:19.223,0.00,0.00,0.00,0.00,2,0
2026-06-12 17:10:19.274,0.00,0.00,0.00,0.00,2,0
2026-06-12 17:10:19.324,0.00,0.00,0.00,0.00,2,0
2026-06-12 17:10:19.375,0.00,0.00,0.00,0.00,2,0
2026-06-12 17:10:19.425,0.00,0.00,0.00,0.00,2,0
2026-06-12 17:10:19.475,0.00,0.00,0.00,0.00,2,0
2026-06-12 17:10:19.526,0.00,0.00,0.00,0.00,2,0
2026-06-12 17:10:19.576,0.00,0.00,0.00,0.00,2,0
2026-06-12 17:10:19.626,0.00,0.00,0.00,0.00,2,0
2026-06-12 17:10:19.677,0.00,0.00,0.00,0.00,2,0
2026-06-12 17:10:19.727,0.00,0.00,0.00,0.00,2,0
2026-06-12 17:10:19.778,0.00,0.00,0.00,0.00,2,0
2026-06-12 17:10:19.828,0.00,0.00,0.00,0.00,2,0
2026-06-12 17:10:19.880,0.00,0.00,0.00,0.00,2,0
2026-06-12 17:10:19.929,0.00,0.00,0.00,0.00,2,0
2026-06-12 17:10:19.979,0.00,0.00,0.00,0.00,2,0
2026-06-12 17:10:20.030,0.00,0.00,0.00,0.00,2,0
2026-06-12 17:10:20.081,0.00,0.00,0.00,0.00,2,0
2026-06-12 17:10:20.130,0.00,0.00,0.00,0.00,2,0
2026-06-12 17:10:20.181,0.00,0.00,0.00,0.00,2,0
2026-06-12 17:10:20.231,0.00,0.00,0.00,0.00,2,0
2026-06-12 17:10:20.282,0.00,0.00,0.00,0.00,2,0
2026-06-12 17:10:20.332,0.00,0.00,0.00,0.00,2,0
2026-06-12 17:10:20.382,0.00,0.00,0.00,0.00,2,0
2026-06-12 17:10:20.433,0.00,0.00,0.00,0.00,2,0
2026-06-12 17:10:20.483,0.00,0.00,0.00,0.00,2,0
2026-06-12 17:10:20.534,0.00,0.00,0.00,0.00,2,0
2026-06-12 17:10:20.584,0.00,0.00,0.00,0.00,2,0
2026-06-12 17:10:20.635,0.00,0.00,0.00,0.00,2,0
2026-06-12 17:10:20.686,0.00,0.00,0.00,0.00,2,0
2026-06-12 17:10:20.736,0.00,0.00,0.00,0.00,2,0
2026-06-12 17:10:20.786,0.00,0.00,0.00,0.00,2,0
2026-06-12 17:10:20.836,0.00,0.00,0.00,0.00,2,0
2026-06-12 17:10:20.889,0.00,0.00,0.00,0.00,2,0
2026-06-12 17:10:20.937,0.00,0.00,0.00,0.00,2,0
2026-06-12 17:10:20.987,0.00,0.00,0.00,0.00,2,0
2026-06-12 17:10:21.038,0.00,0.00,0.00,0.00,2,0
2026-06-12 17:10:21.088,0.00,0.00,0.00,0.00,2,0
2026-06-12 17:10:21.138,0.00,0.00,0.00,0.00,2,0
2026-06-12 17:10:21.189,0.00,0.00,0.00,0.00,2,0
2026-06-12 17:10:21.239,0.00,0.00,0.00,0.00,2,0
2026-06-12 17:10:21.290,0.00,0.00,0.00,0.00,2,0
2026-06-12 17:10:21.340,0.00,0.00,0.00,0.00,2,0
2026-06-12 17:10:21.390,0.00,0.00,0.00,0.00,2,0
2026-06-12 17:10:21.441,0.00,0.00,0.00,0.00,2,0
2026-06-12 17:10:21.491,0.00,0.00,0.00,0.00,2,0
2026-06-12 17:10:21.542,0.00,0.00,0.00,0.00,2,0
2026-06-12 17:10:21.592,0.00,0.00,0.00,0.00,2,0
2026-06-12 17:10:21.642,0.00,0.00,0.00,0.00,2,0
2026-06-12 17:10:21.693,0.00,0.00,0.00,0.00,2,0
2026-06-12 17:10:21.743,0.00,0.00,0.00,0.00,2,0
2026-06-12 17:10:21.794,0.00,0.00,0.00,0.00,2,0
2026-06-12 17:10:21.844,0.00,0.00,0.00,0.00,2,0
2026-06-12 17:10:21.895,0.00,0.00,0.00,0.00,2,0
2026-06-12 17:10:21.945,0.00,0.00,0.00,0.00,2,0
2026-06-12 17:10:21.995,0.00,0.00,0.00,0.00,2,0
2026-06-12 17:10:22.046,0.00,0.00,0.00,0.00,2,0
2026-06-12 17:10:22.096,0.00,0.00,0.00,0.00,2,0
2026-06-12 17:10:22.146,0.00,0.00,0.00,0.00,2,0
2026-06-12 17:10:22.197,0.00,0.00,0.00,0.00,2,0
2026-06-12 17:10:22.247,0.00,0.00,0.00,0.00,2,0
2026-06-12 17:10:22.298,0.00,0.00,0.00,0.00,2,0
2026-06-12 17:10:22.348,0.00,0.00,0.00,0.00,2,0
2026-06-12 17:10:22.398,0.00,0.00,0.00,0.00,2,0
2026-06-12 17:10:22.449,0.00,0.00,0.00,0.00,2,0
2026-06-12 17:10:22.499,0.00,0.00,0.00,0.00,2,0
2026-06-12 17:10:22.550,0.00,0.00,0.00,0.00,2,0
2026-06-12 17:10:22.600,0.00,0.00,0.00,0.00,2,0
2026-06-12 17:10:22.651,0.00,0.00,0.00,0.00,2,0
2026-06-12 17:10:22.701,0.00,0.00,0.00,0.00,2,0
2026-06-12 17:10:22.751,0.00,0.00,0.00,0.00,2,0
2026-06-12 17:10:22.802,0.00,0.00,0.00,0.00,2,0
2026-06-12 17:10:22.852,0.00,0.00,0.00,0.00,2,0
2026-06-12 17:10:22.903,0.00,0.00,0.00,0.00,2,0
2026-06-12 17:10:22.953,0.00,0.00,0.00,0.00,2,0
2026-06-12 17:10:23.003,0.00,0.00,0.00,0.00,2,0
2026-06-12 17:10:23.054,0.00,0.00,0.00,0.00,2,0
2026-06-12 17:10:23.104,0.00,0.00,0.00,0.00,2,0
2026-06-12 17:10:23.154,0.00,0.00,0.00,0.00,2,0
2026-06-12 17:10:23.205,0.00,0.00,0.00,0.00,2,0
2026-06-12 17:10:23.256,0.00,0.00,0.00,0.00,2,0
2026-06-12 17:10:23.306,0.00,0.00,0.00,0.00,2,0
2026-06-12 17:10:23.356,0.00,0.00,0.00,0.00,2,0
2026-06-12 17:10:23.406,0.00,0.00,0.00,0.00,2,0
2026-06-12 17:10:23.457,0.00,0.00,0.00,0.00,2,0
2026-06-12 17:10:23.507,0.00,0.00,0.00,0.00,2,0
2026-06-12 17:10:23.558,0.00,0.00,0.00,0.00,2,0
2026-06-12 17:10:23.608,0.00,0.00,0.00,0.00,2,0
2026-06-12 17:10:23.658,0.00,0.00,0.00,0.00,2,0
2026-06-12 17:10:23.709,0.00,0.00,0.00,0.00,2,0
2026-06-12 17:10:23.759,0.00,0.00,0.00,0.00,2,0
2026-06-12 17:10:23.810,0.00,0.00,0.00,0.00,2,0
2026-06-12 17:10:23.860,0.00,0.00,0.00,0.00,2,0
2026-06-12 17:10:23.910,0.00,0.00,0.00,0.00,2,0
2026-06-12 17:10:23.961,0.00,0.00,0.00,0.00,2,0
2026-06-12 17:10:24.011,0.00,0.00,0.00,0.00,2,0
2026-06-12 17:10:24.062,0.00,0.00,0.00,0.00,2,0
2026-06-12 17:10:24.112,0.00,0.00,0.00,0.00,2,0
2026-06-12 17:10:24.162,0.00,0.00,0.00,0.00,2,0
2026-06-12 17:10:24.213,0.00,0.00,0.00,0.00,2,0
2026-06-12 17:10:24.263,0.00,0.00,0.00,0.00,2,0
2026-06-12 17:10:24.314,0.00,0.00,0.00,0.00,2,0
2026-06-12 17:10:24.364,0.00,0.00,0.00,0.00,2,0
2026-06-12 17:10:24.414,0.00,0.00,0.00,0.00,2,0
2026-06-12 17:10:24.466,0.00,0.00,0.00,0.00,2,0
2026-06-12 17:10:24.515,0.00,0.00,0.00,0.00,2,0
2026-06-12 17:10:24.566,0.00,0.00,0.00,0.00,2,0
2026-06-12 17:10:24.616,0.00,0.00,0.00,0.00,2,0
2026-06-12 17:10:24.666,0.00,0.00,0.00,0.00,2,0
2026-06-12 17:10:24.717,0.00,0.00,0.00,0.00,2,0
2026-06-12 17:10:24.767,0.00,0.00,0.00,0.00,2,0
2026-06-12 17:10:24.818,0.00,0.00,0.00,0.00,2,0
2026-06-12 17:10:24.868,0.00,0.00,0.00,0.00,2,0
2026-06-12 17:10:24.918,0.00,0.00,0.00,0.00,2,0
2026-06-12 17:10:24.969,0.00,0.00,0.00,0.00,2,0
2026-06-12 17:10:25.019,0.00,0.00,0.00,0.00,2,0
2026-06-12 17:10:25.070,0.00,0.00,0.00,0.00,2,0
2026-06-12 17:10:25.120,0.00,0.00,0.00,0.00,2,0
2026-06-12 17:10:25.170,0.00,0.00,0.00,0.00,2,0
2026-06-12 17:10:25.221,0.00,0.00,0.00,0.00,2,0
2026-06-12 17:10:25.271,0.00,0.00,0.00,0.00,2,0
2026-06-12 17:10:25.322,0.00,0.00,0.00,0.00,2,0
2026-06-12 17:10:25.372,0.00,0.00,0.00,0.00,2,0
2026-06-12 17:10:25.423,0.00,0.00,0.00,0.00,2,0
2026-06-12 17:10:25.473,0.00,0.00,0.00,0.00,2,0
2026-06-12 17:10:25.523,0.00,0.00,0.00,0.00,2,0
2026-06-12 17:10:25.573,0.00,0.00,0.00,0.00,2,0
2026-06-12 17:10:25.624,0.00,0.00,0.00,0.00,2,0
2026-06-12 17:10:25.674,0.00,0.00,0.00,0.00,2,0
2026-06-12 17:10:25.725,0.00,0.00,0.00,0.00,2,0
2026-06-12 17:10:25.780,0.00,0.00,0.00,0.00,2,0
2026-06-12 17:10:25.826,0.00,0.00,0.00,0.00,2,0
2026-06-12 17:10:25.876,0.00,0.00,0.00,0.00,2,0
2026-06-12 17:10:25.926,0.00,0.00,0.00,0.00,2,0
2026-06-12 17:10:25.977,0.00,0.00,0.00,0.00,2,0
2026-06-12 17:10:26.027,0.00,0.00,0.00,0.00,2,0
2026-06-12 17:10:26.078,0.00,0.00,0.00,0.00,2,0
2026-06-12 17:10:26.128,0.00,0.00,0.00,0.00,2,0
2026-06-12 17:10:26.179,0.00,0.00,0.00,0.00,2,0
2026-06-12 17:10:26.229,0.00,0.00,0.00,0.00,2,0
2026-06-12 17:10:26.279,0.00,0.00,0.00,0.00,2,0
2026-06-12 17:10:26.329,0.00,0.00,0.00,0.00,2,0
2026-06-12 17:10:26.380,0.00,0.00,0.00,0.00,2,0
2026-06-12 17:10:26.430,0.00,0.00,0.00,0.00,2,0
2026-06-12 17:10:26.481,0.00,0.00,0.00,0.00,2,0
2026-06-12 17:10:26.531,0.00,0.00,0.00,0.00,2,0
2026-06-12 17:10:26.582,0.00,0.00,0.00,0.00,2,0
2026-06-12 17:10:26.632,0.00,0.00,0.00,0.00,2,0
2026-06-12 17:10:26.682,0.00,0.00,0.00,0.00,2,0
2026-06-12 17:10:26.733,0.00,0.00,0.00,0.00,2,0
2026-06-12 17:10:26.783,0.00,0.00,0.00,0.00,2,0
2026-06-12 17:10:26.834,0.00,0.00,0.00,0.00,2,0
2026-06-12 17:10:26.884,0.00,0.00,0.00,0.00,2,0
2026-06-12 17:10:26.934,0.00,0.00,0.00,0.00,2,0
2026-06-12 17:10:26.985,0.00,0.00,0.00,0.00,2,0
2026-06-12 17:10:27.035,0.00,0.00,0.00,0.00,2,0
2026-06-12 17:10:27.086,0.00,0.00,0.00,0.00,2,0
2026-06-12 17:10:27.136,0.00,0.00,0.00,0.00,2,0
2026-06-12 17:10:27.187,0.00,0.00,0.00,0.00,2,0
2026-06-12 17:10:27.237,0.00,0.00,0.00,0.00,2,0
2026-06-12 17:10:27.287,0.00,0.00,0.00,0.00,2,0
2026-06-12 17:10:27.337,0.00,0.00,0.00,0.00,2,0
2026-06-12 17:10:27.388,0.00,0.00,0.00,0.00,2,0
2026-06-12 17:10:27.438,0.00,0.00,0.00,0.00,2,0
2026-06-12 17:10:27.489,0.00,0.00,0.00,0.00,2,0
2026-06-12 17:10:27.539,0.00,0.00,0.00,0.00,2,0
2026-06-12 17:10:27.589,0.00,0.00,0.00,0.00,2,0
2026-06-12 17:10:27.640,0.00,0.00,0.00,0.00,2,0
2026-06-12 17:10:27.690,0.00,0.00,0.00,0.00,2,0
2026-06-12 17:10:27.741,0.00,0.00,0.00,0.00,2,0
2026-06-12 17:10:27.791,0.00,0.00,0.00,0.00,2,0
2026-06-12 17:10:27.841,0.00,0.00,0.00,0.00,2,0
2026-06-12 17:10:27.892,0.00,0.00,0.00,0.00,2,0
2026-06-12 17:10:27.942,0.00,0.00,0.00,0.00,2,0
2026-06-12 17:10:27.993,0.00,0.00,0.00,0.00,2,0
2026-06-12 17:10:28.043,0.00,0.00,0.00,0.00,2,0
2026-06-12 17:10:28.094,0.00,0.00,0.00,0.00,2,0
2026-06-12 17:10:28.144,0.00,0.00,0.00,0.00,2,0
2026-06-12 17:10:28.194,0.00,0.00,0.00,0.00,2,0
2026-06-12 17:10:28.245,0.00,0.00,0.00,0.00,2,0
2026-06-12 17:10:28.296,0.00,0.00,0.00,0.00,2,0
2026-06-12 17:10:28.346,0.00,0.00,0.00,0.00,2,0
2026-06-12 17:10:28.396,0.00,0.00,0.00,0.00,2,0
2026-06-12 17:10:28.446,0.00,0.00,0.00,0.00,2,0
2026-06-12 17:10:28.497,0.00,0.00,0.00,0.00,2,0
2026-06-12 17:10:28.547,0.00,0.00,0.00,0.00,2,0
2026-06-12 17:10:28.598,0.00,0.00,0.00,0.00,2,0
2026-06-12 17:10:28.649,0.00,0.00,0.00,0.00,2,0
2026-06-12 17:10:28.698,0.00,0.00,0.00,0.00,2,0
2026-06-12 17:10:28.749,0.00,0.00,0.00,0.00,2,0
2026-06-12 17:10:28.799,0.00,0.00,0.00,0.00,2,0
2026-06-12 17:10:28.850,0.00,0.00,0.00,0.00,2,0
2026-06-12 17:10:28.900,0.00,0.00,0.00,0.00,2,0
2026-06-12 17:10:28.950,0.00,0.00,0.00,0.00,2,0
2026-06-12 17:10:29.001,0.00,0.00,0.00,0.00,2,0
2026-06-12 17:10:29.051,0.00,0.00,0.00,0.00,2,0
2026-06-12 17:10:29.102,0.00,0.00,0.00,0.00,2,0
2026-06-12 17:10:29.152,0.00,0.00,0.00,0.00,2,0
2026-06-12 17:10:29.202,0.00,0.00,0.00,0.00,2,0
2026-06-12 17:10:29.253,0.00,0.00,0.00,0.00,2,0
2026-06-12 17:10:29.303,0.00,0.00,0.00,0.00,2,0
2026-06-12 17:10:29.354,0.00,0.00,0.00,0.00,2,0
2026-06-12 17:10:29.404,0.00,0.00,0.00,0.00,2,0
2026-06-12 17:10:29.454,0.00,0.00,0.00,0.00,2,0
2026-06-12 17:10:29.507,0.00,0.00,0.00,0.00,2,0
2026-06-12 17:10:29.556,0.00,0.00,0.00,0.00,2,0
2026-06-12 17:10:29.606,0.00,0.00,0.00,0.00,2,0
2026-06-12 17:10:29.656,0.00,0.00,0.00,0.00,2,0
2026-06-12 17:10:29.706,0.00,0.00,0.00,0.00,2,0
2026-06-12 17:10:29.757,0.00,0.00,0.00,0.00,2,0
2026-06-12 17:10:29.807,0.00,0.00,0.00,0.00,2,0
2026-06-12 17:10:29.857,0.00,0.00,0.00,0.00,2,0
2026-06-12 17:10:29.908,0.00,0.00,0.00,0.00,2,0
2026-06-12 17:10:29.958,0.00,0.00,0.00,0.00,2,0
2026-06-12 17:10:30.009,0.00,0.00,0.00,0.00,2,0
2026-06-12 17:10:30.059,0.00,0.00,0.00,0.00,2,0
2026-06-12 17:10:30.109,0.00,0.00,0.00,0.00,2,0
2026-06-12 17:10:30.160,0.00,0.00,0.00,0.00,2,0
2026-06-12 17:10:30.210,0.00,0.00,0.00,0.00,2,0
2026-06-12 17:10:30.261,0.00,0.00,0.00,0.00,2,0
2026-06-12 17:10:30.311,0.00,0.00,0.00,0.00,2,0
2026-06-12 17:10:30.361,0.00,0.00,0.00,0.00,2,0
2026-06-12 17:10:30.412,0.00,0.00,0.00,0.00,2,0
2026-06-12 17:10:30.462,0.00,0.00,0.00,0.00,2,0
2026-06-12 17:10:30.513,0.00,0.00,0.00,0.00,2,0
2026-06-12 17:10:30.563,0.00,0.00,0.00,0.00,2,0
2026-06-12 17:10:30.613,0.00,0.00,0.00,0.00,2,0
2026-06-12 17:10:30.664,0.00,0.00,0.00,0.00,2,0
2026-06-12 17:10:30.714,0.00,0.00,0.00,0.00,2,0
2026-06-12 17:10:30.766,0.00,0.00,0.00,0.00,2,0
2026-06-12 17:10:30.815,0.00,0.00,0.00,0.00,2,0
2026-06-12 17:10:30.866,0.00,0.00,0.00,0.00,2,0
2026-06-12 17:10:30.916,0.00,0.00,0.00,0.00,2,0
2026-06-12 17:10:30.966,0.00,0.00,0.00,0.00,2,0
2026-06-12 17:10:31.017,0.00,0.00,0.00,0.00,2,0
2026-06-12 17:10:31.067,0.00,0.00,0.00,0.00,2,0
2026-06-12 17:10:31.117,0.00,0.00,0.00,0.00,2,0
2026-06-12 17:10:31.168,0.00,0.00,0.00,0.00,2,0
2026-06-12 17:10:31.218,0.00,0.00,0.00,0.00,2,0
2026-06-12 17:10:31.269,0.00,0.00,0.00,0.00,2,0
2026-06-12 17:10:31.319,0.00,0.00,0.00,0.00,2,0
2026-06-12 17:10:31.370,0.00,0.00,0.00,0.00,2,0
2026-06-12 17:10:31.420,0.00,0.00,0.00,0.00,2,0
2026-06-12 17:10:31.470,0.00,0.00,0.00,0.00,2,0
2026-06-12 17:10:31.521,0.00,0.00,0.00,0.00,2,0
2026-06-12 17:10:31.571,0.00,0.00,0.00,0.00,2,0
2026-06-12 17:10:31.621,0.00,0.00,0.00,0.00,2,0
2026-06-12 17:10:31.672,0.00,0.00,0.00,0.00,2,0
2026-06-12 17:10:31.722,0.00,0.00,0.00,0.00,2,0
2026-06-12 17:10:31.773,0.00,0.00,0.00,0.00,2,0
2026-06-12 17:10:31.823,0.00,0.00,0.00,0.00,2,0
2026-06-12 17:10:31.873,0.00,0.00,0.00,0.00,2,0
2026-06-12 17:10:31.924,0.00,0.00,0.00,0.00,2,0
2026-06-12 17:10:31.974,0.00,0.00,0.00,0.00,2,0
2026-06-12 17:10:32.025,0.00,0.00,0.00,0.00,2,0
2026-06-12 17:10:32.076,0.00,0.00,0.00,0.00,2,0
2026-06-12 17:10:32.126,0.00,0.00,0.00,0.00,2,0
2026-06-12 17:10:32.176,0.00,0.00,0.00,0.00,2,0
2026-06-12 17:10:32.226,0.00,0.00,0.00,0.00,2,0
2026-06-12 17:10:32.277,0.00,0.00,0.00,0.00,2,0
2026-06-12 17:10:32.327,0.00,0.00,0.00,0.00,2,0
2026-06-12 17:10:32.378,0.00,0.00,0.00,0.00,2,0
2026-06-12 17:10:32.428,0.00,0.00,0.00,0.00,2,0
2026-06-12 17:10:32.479,0.00,0.00,0.00,0.00,2,0
2026-06-12 17:10:32.529,0.00,0.00,0.00,0.00,2,0
2026-06-12 17:10:32.579,0.00,0.00,0.00,0.00,2,0
2026-06-12 17:10:32.629,0.00,0.00,0.00,0.00,2,0
2026-06-12 17:10:32.680,0.00,0.00,0.00,0.00,2,0
2026-06-12 17:10:32.730,0.00,0.00,0.00,0.00,2,0
2026-06-12 17:10:32.781,0.00,0.00,0.00,0.00,2,0
2026-06-12 17:10:32.831,0.00,0.00,0.00,0.00,2,0
2026-06-12 17:10:32.881,0.00,0.00,0.00,0.00,2,0
2026-06-12 17:10:32.932,0.00,0.00,0.00,0.00,2,0
2026-06-12 17:10:32.982,0.00,0.00,0.00,0.00,2,0
2026-06-12 17:10:33.033,0.00,0.00,0.00,0.00,2,0
2026-06-12 17:10:33.083,0.00,0.00,0.00,0.00,2,0
2026-06-12 17:10:33.137,0.00,0.00,0.00,0.00,2,0
2026-06-12 17:10:33.184,0.00,0.00,0.00,0.00,2,0
2026-06-12 17:10:33.234,0.00,0.00,0.00,0.00,2,0
2026-06-12 17:10:33.285,0.00,0.00,0.00,0.00,2,0
2026-06-12 17:10:33.336,0.00,0.00,0.00,0.00,2,0
2026-06-12 17:10:33.386,0.00,0.00,0.00,0.00,2,0
2026-06-12 17:10:33.436,0.00,0.00,0.00,0.00,2,0
2026-06-12 17:10:33.486,0.00,0.00,0.00,0.00,2,0
2026-06-12 17:10:33.537,0.00,0.00,0.00,0.00,2,0
2026-06-12 17:10:33.587,0.00,0.00,0.00,0.00,2,0
2026-06-12 17:10:33.637,0.00,0.00,0.00,0.00,2,0
2026-06-12 17:10:33.688,0.00,0.00,0.00,0.00,2,0
2026-06-12 17:10:33.738,0.00,0.00,0.00,0.00,2,0
2026-06-12 17:10:33.788,0.00,0.00,0.00,0.00,2,0
2026-06-12 17:10:33.839,0.00,0.00,0.00,0.00,2,0
2026-06-12 17:10:33.889,0.00,0.00,0.00,0.00,2,0
2026-06-12 17:10:33.940,0.00,0.00,0.00,0.00,2,0
2026-06-12 17:10:33.990,0.00,0.00,0.00,0.00,2,0
2026-06-12 17:10:34.041,0.00,0.00,0.00,0.00,2,0
2026-06-12 17:10:34.091,0.00,0.00,0.00,0.00,2,0
2026-06-12 17:10:34.141,0.00,0.00,0.00,0.00,2,0
2026-06-12 17:10:34.192,0.00,0.00,0.00,0.00,2,0
2026-06-12 17:10:34.242,0.00,0.00,0.00,0.00,2,0
2026-06-12 17:10:34.293,0.00,0.00,0.00,0.00,2,0
2026-06-12 17:10:34.343,0.00,0.00,0.00,0.00,2,0
2026-06-12 17:10:34.393,0.00,0.00,0.00,0.00,2,0
2026-06-12 17:10:34.444,0.00,0.00,0.00,0.00,2,0
2026-06-12 17:10:34.494,0.00,0.00,0.00,0.00,2,0
2026-06-12 17:10:34.546,0.00,0.00,0.00,0.00,2,0
2026-06-12 17:10:34.595,0.00,0.00,0.00,0.00,2,0
2026-06-12 17:10:34.646,0.00,0.00,0.00,0.00,2,0
2026-06-12 17:10:34.696,0.00,0.00,0.00,0.00,2,0
2026-06-12 17:10:34.746,0.00,0.00,0.00,0.00,2,0
2026-06-12 17:10:34.797,0.00,0.00,0.00,0.00,2,0
2026-06-12 17:10:34.847,0.00,0.00,0.00,0.00,2,0
2026-06-12 17:10:34.899,0.00,0.00,0.00,0.00,2,0
2026-06-12 17:10:34.948,0.00,0.00,0.00,0.00,2,0
2026-06-12 17:10:34.998,0.00,0.00,0.00,0.00,2,0
2026-06-12 17:10:35.048,0.00,0.00,0.00,0.00,2,0
2026-06-12 17:10:35.099,0.00,0.00,0.00,0.00,2,0
2026-06-12 17:10:35.149,0.00,0.00,0.00,0.00,2,0
2026-06-12 17:10:35.200,0.00,0.00,0.00,0.00,2,0
2026-06-12 17:10:35.250,0.00,0.00,0.00,0.00,2,0
2026-06-12 17:10:35.300,0.00,0.00,0.00,0.00,2,0
2026-06-12 17:10:35.351,0.00,0.00,0.00,0.00,2,0
2026-06-12 17:10:35.401,0.00,0.00,0.00,0.00,2,0
2026-06-12 17:10:35.452,0.00,0.00,0.00,0.00,2,0
2026-06-12 17:10:35.502,0.00,0.00,0.00,0.00,2,0
2026-06-12 17:10:35.553,0.00,0.00,0.00,0.00,2,0
2026-06-12 17:10:35.603,0.00,0.00,0.00,0.00,2,0
2026-06-12 17:10:35.653,0.00,0.00,0.00,0.00,2,0
2026-06-12 17:10:35.704,0.00,0.00,0.00,0.00,2,0
2026-06-12 17:10:35.754,0.00,0.00,0.00,0.00,2,0
2026-06-12 17:10:35.805,0.00,0.00,0.00,0.00,2,0
2026-06-12 17:10:35.855,0.00,0.00,0.00,0.00,2,0
2026-06-12 17:10:35.907,0.00,0.00,0.00,0.00,2,0
2026-06-12 17:10:35.956,0.00,0.00,0.00,0.00,2,0
2026-06-12 17:10:36.006,0.00,0.00,0.00,0.00,2,0
2026-06-12 17:10:36.057,0.00,0.00,0.00,0.00,2,0
2026-06-12 17:10:36.107,0.00,0.00,0.00,0.00,2,0
2026-06-12 17:10:36.157,0.00,0.00,0.00,0.00,2,0
2026-06-12 17:10:36.208,0.00,0.00,0.00,0.00,2,0
2026-06-12 17:10:36.258,0.00,0.00,0.00,0.00,2,0
2026-06-12 17:10:36.309,0.00,0.00,0.00,0.00,2,0
2026-06-12 17:10:36.359,0.00,0.00,0.00,0.00,2,0
2026-06-12 17:10:36.409,0.00,0.00,0.00,0.00,2,0
2026-06-12 17:10:36.460,0.00,0.00,0.00,0.00,2,0
2026-06-12 17:10:36.510,0.00,0.00,0.00,0.00,2,0
2026-06-12 17:10:36.561,0.00,0.00,0.00,0.00,2,0
2026-06-12 17:10:36.611,0.00,0.00,0.00,0.00,2,0
2026-06-12 17:10:36.661,0.00,0.00,0.00,0.00,2,0
2026-06-12 17:10:36.712,0.00,0.00,0.00,0.00,2,0
2026-06-12 17:10:36.762,0.00,0.00,0.00,0.00,2,0
2026-06-12 17:10:36.812,0.00,0.00,0.00,0.00,2,0
2026-06-12 17:10:36.863,0.00,0.00,0.00,0.00,2,0
2026-06-12 17:10:36.913,0.00,0.00,0.00,0.00,2,0
2026-06-12 17:10:36.964,0.00,0.00,0.00,0.00,2,0
2026-06-12 17:10:37.014,0.00,0.00,0.00,0.00,2,0
2026-06-12 17:10:37.065,0.00,0.00,0.00,0.00,2,0
2026-06-12 17:10:37.115,0.00,0.00,0.00,0.00,2,0
2026-06-12 17:10:37.166,0.00,0.00,0.00,0.00,2,0
2026-06-12 17:10:37.216,0.00,0.00,0.00,0.00,2,0
2026-06-12 17:10:37.266,0.00,0.00,0.00,0.00,2,0
2026-06-12 17:10:37.316,0.00,0.00,0.00,0.00,2,0
2026-06-12 17:10:37.367,0.00,0.00,0.00,0.00,2,0
2026-06-12 17:10:37.417,0.00,0.00,0.00,0.00,2,0
2026-06-12 17:10:37.468,0.00,0.00,0.00,0.00,2,0
2026-06-12 17:10:37.518,0.00,0.00,0.00,0.00,2,0
2026-06-12 17:10:37.568,0.00,0.00,0.00,0.00,2,0
2026-06-12 17:10:37.619,0.00,0.00,0.00,0.00,2,0
2026-06-12 17:10:37.669,0.00,0.00,0.00,0.00,2,0
2026-06-12 17:10:37.720,0.00,0.00,0.00,0.00,2,0
2026-06-12 17:10:37.770,0.00,0.00,0.00,0.00,2,0
2026-06-12 17:10:37.820,0.00,0.00,0.00,0.00,2,0
2026-06-12 17:10:37.871,0.00,0.00,0.00,0.00,2,0
2026-06-12 17:10:37.921,0.00,0.00,0.00,0.00,2,0
2026-06-12 17:10:37.972,0.00,0.00,0.00,0.00,2,0
2026-06-12 17:10:38.022,0.00,0.00,0.00,0.00,2,0
2026-06-12 17:10:38.073,0.00,0.00,0.00,0.00,2,0
2026-06-12 17:10:38.123,0.00,0.00,0.00,0.00,2,0
2026-06-12 17:10:38.173,0.00,0.00,0.00,0.00,2,0
2026-06-12 17:10:38.224,0.00,0.00,0.00,0.00,2,0
2026-06-12 17:10:38.274,0.00,0.00,0.00,0.00,2,0
2026-06-12 17:10:38.325,0.00,0.00,0.00,0.00,2,0
2026-06-12 17:10:38.376,0.00,0.00,0.00,0.00,2,0
2026-06-12 17:10:38.425,0.00,0.00,0.00,0.00,2,0
2026-06-12 17:10:38.476,0.00,0.00,0.00,0.00,2,0
2026-06-12 17:10:38.526,0.00,0.00,0.00,0.00,2,0
2026-06-12 17:10:38.576,0.00,0.00,0.00,0.00,2,0
2026-06-12 17:10:38.627,0.00,0.00,0.00,0.00,2,0
2026-06-12 17:10:38.677,0.00,0.00,0.00,0.00,2,0
2026-06-12 17:10:38.728,0.00,0.00,0.00,0.00,2,0
2026-06-12 17:10:38.779,0.00,0.00,0.00,0.00,2,0
2026-06-12 17:10:38.828,0.00,0.00,0.00,0.00,2,0
2026-06-12 17:10:38.879,0.00,0.00,0.00,0.00,2,0
2026-06-12 17:10:38.929,0.00,0.00,0.00,0.00,2,0
2026-06-12 17:10:38.980,0.00,0.00,0.00,0.00,2,0
2026-06-12 17:10:39.030,0.00,0.00,0.00,0.00,2,0
2026-06-12 17:10:39.080,0.00,0.00,0.00,0.00,2,0
2026-06-12 17:10:39.131,0.00,0.00,0.00,0.00,2,0
2026-06-12 17:10:39.181,0.00,0.00,0.00,0.00,2,0
2026-06-12 17:10:39.232,0.00,0.00,0.00,0.00,2,0
2026-06-12 17:10:39.282,0.00,0.00,0.00,0.00,2,0
2026-06-12 17:10:39.332,0.00,0.00,0.00,0.00,2,0
2026-06-12 17:10:39.384,0.00,0.00,0.00,0.00,2,0
2026-06-12 17:10:39.433,0.00,0.00,0.00,0.00,2,0
2026-06-12 17:10:39.484,0.00,0.00,0.00,0.00,2,0
2026-06-12 17:10:39.534,0.00,0.00,0.00,0.00,2,0
2026-06-12 17:10:39.585,0.00,0.00,0.00,0.00,2,0
2026-06-12 17:10:39.635,0.00,0.00,0.00,0.00,2,0
2026-06-12 17:10:39.686,0.00,0.00,0.00,0.00,2,0
2026-06-12 17:10:39.736,0.00,0.00,0.00,0.00,2,0
2026-06-12 17:10:39.786,0.00,0.00,0.00,0.00,2,0
2026-06-12 17:10:39.836,0.00,0.00,0.00,0.00,2,0
2026-06-12 17:10:39.887,0.00,0.00,0.00,0.00,2,0
2026-06-12 17:10:39.937,0.00,0.00,0.00,0.00,2,0
2026-06-12 17:10:39.988,0.00,0.00,0.00,0.00,2,0
2026-06-12 17:10:40.038,0.00,0.00,0.00,0.00,2,0
2026-06-12 17:10:40.088,0.00,0.00,0.00,0.00,2,0
2026-06-12 17:10:40.139,0.00,0.00,0.00,0.00,2,0
2026-06-12 17:10:40.189,0.00,0.00,0.00,0.00,2,0
2026-06-12 17:10:40.240,0.00,0.00,0.00,0.00,2,0
2026-06-12 17:10:40.290,0.00,0.00,0.00,0.00,2,0
2026-06-12 17:10:40.340,0.00,0.00,0.00,0.00,2,0
2026-06-12 17:10:40.391,0.00,0.00,0.00,0.00,2,0
2026-06-12 17:10:40.441,0.00,0.00,0.00,0.00,2,0
2026-06-12 17:10:40.492,0.00,0.00,0.00,0.00,2,0
2026-06-12 17:10:40.542,0.00,0.00,0.00,0.00,2,0
2026-06-12 17:10:40.592,0.00,0.00,0.00,0.00,2,0
2026-06-12 17:10:40.643,0.00,0.00,0.00,0.00,2,0
2026-06-12 17:10:40.693,0.00,0.00,0.00,0.00,2,0
2026-06-12 17:10:40.744,0.00,0.00,0.00,0.00,2,0
2026-06-12 17:10:40.794,0.00,0.00,0.00,0.00,2,0
2026-06-12 17:10:40.844,0.00,0.00,0.00,0.00,2,0
2026-06-12 17:10:40.895,0.00,0.00,0.00,0.00,2,0
2026-06-12 17:10:40.945,0.00,0.00,0.00,0.00,2,0
2026-06-12 17:10:40.996,0.00,0.00,0.00,0.00,2,0
2026-06-12 17:10:41.046,0.00,0.00,0.00,0.00,2,0
2026-06-12 17:10:41.096,0.00,0.00,0.00,0.00,2,0
2026-06-12 17:10:41.147,0.00,0.00,0.00,0.00,2,0
2026-06-12 17:10:41.197,0.00,0.00,0.00,0.00,2,0
2026-06-12 17:10:41.248,0.00,0.00,0.00,0.00,2,0
2026-06-12 17:10:41.298,0.00,0.00,0.00,0.00,2,0
2026-06-12 17:10:41.348,0.00,0.00,0.00,0.00,2,0
2026-06-12 17:10:41.399,0.00,0.00,0.00,0.00,2,0
2026-06-12 17:10:41.449,0.00,0.00,0.00,0.00,2,0
2026-06-12 17:10:41.500,0.00,0.00,0.00,0.00,2,0
2026-06-12 17:10:41.550,0.00,0.00,0.00,0.00,2,0
2026-06-12 17:10:41.600,0.00,0.00,0.00,0.00,2,0
2026-06-12 17:10:41.651,0.00,0.00,0.00,0.00,2,0
2026-06-12 17:10:41.701,0.00,0.00,0.00,0.00,2,0
2026-06-12 17:10:41.752,0.00,0.00,0.00,0.00,2,0
2026-06-12 17:10:41.802,0.00,0.00,0.00,0.00,2,0
2026-06-12 17:10:41.853,0.00,0.00,0.00,0.00,2,0
2026-06-12 17:10:41.903,0.00,0.00,0.00,0.00,2,0
2026-06-12 17:10:41.953,0.00,0.00,0.00,0.00,2,0
2026-06-12 17:10:42.004,0.00,0.00,0.00,0.00,2,0
2026-06-12 17:10:42.054,0.00,0.00,0.00,0.00,2,0
2026-06-12 17:10:42.104,0.00,0.00,0.00,0.00,2,0
2026-06-12 17:10:42.155,0.00,0.00,0.00,0.00,2,0
2026-06-12 17:10:42.207,0.00,0.00,0.00,0.00,2,0
2026-06-12 17:10:42.256,0.00,0.00,0.00,0.00,2,0
2026-06-12 17:10:42.306,0.00,0.00,0.00,0.00,2,0
2026-06-12 17:10:42.356,0.00,0.00,0.00,0.00,2,0
2026-06-12 17:10:42.407,0.00,0.00,0.00,0.00,2,0
2026-06-12 17:10:42.457,0.00,0.00,0.00,0.00,2,0
2026-06-12 17:10:42.508,0.00,0.00,0.00,0.00,2,0
2026-06-12 17:10:42.558,0.00,0.00,0.00,0.00,2,0
2026-06-12 17:10:42.608,0.00,0.00,0.00,0.00,2,0
2026-06-12 17:10:42.659,0.00,0.00,0.00,0.00,2,0
2026-06-12 17:10:42.709,0.00,0.00,0.00,0.00,2,0
2026-06-12 17:10:42.760,0.00,0.00,0.00,0.00,2,0
2026-06-12 17:10:42.810,0.00,0.00,0.00,0.00,2,0
2026-06-12 17:10:42.860,0.00,0.00,0.00,0.00,2,0
2026-06-12 17:10:42.911,0.00,0.00,0.00,0.00,2,0
2026-06-12 17:10:42.961,0.00,0.00,0.00,0.00,2,0
2026-06-12 17:10:43.012,0.00,0.00,0.00,0.00,2,0
2026-06-12 17:10:43.062,0.00,0.00,0.00,0.00,2,0
2026-06-12 17:10:43.112,0.00,0.00,0.00,0.00,2,0
2026-06-12 17:10:43.163,0.00,0.00,0.00,0.00,2,0
2026-06-12 17:10:43.213,0.00,0.00,0.00,0.00,2,0
2026-06-12 17:10:43.264,0.00,0.00,0.00,0.00,2,0
2026-06-12 17:10:43.314,0.00,0.00,0.00,0.00,2,0
2026-06-12 17:10:43.365,0.00,0.00,0.00,0.00,2,0
2026-06-12 17:10:43.415,0.00,0.00,0.00,0.00,2,0
2026-06-12 17:10:43.466,0.00,0.00,0.00,0.00,2,0
2026-06-12 17:10:43.515,0.00,0.00,0.00,0.00,2,0
2026-06-12 17:10:43.566,0.00,0.00,0.00,0.00,2,0
2026-06-12 17:10:43.616,0.00,0.00,0.00,0.00,2,0
2026-06-12 17:10:43.667,0.00,0.00,0.00,0.00,2,0
2026-06-12 17:10:43.717,0.00,0.00,0.00,0.00,2,0
2026-06-12 17:10:43.767,0.00,0.00,0.00,0.00,2,0
2026-06-12 17:10:43.818,0.00,0.00,0.00,0.00,2,0
2026-06-12 17:10:43.868,0.00,0.00,0.00,0.00,2,0
2026-06-12 17:10:43.919,0.00,0.00,0.00,0.00,2,0
2026-06-12 17:10:43.969,0.00,0.00,0.00,0.00,2,0
2026-06-12 17:10:44.020,0.00,0.00,0.00,0.00,2,0
2026-06-12 17:10:44.070,0.00,0.00,0.00,0.00,2,0
2026-06-12 17:10:44.120,0.00,0.00,0.00,0.00,2,0
2026-06-12 17:10:44.171,0.00,0.00,0.00,0.00,2,0
2026-06-12 17:10:44.221,0.00,0.00,0.00,0.00,2,0
2026-06-12 17:10:44.272,0.00,0.00,0.00,0.00,2,0
2026-06-12 17:10:44.322,0.00,0.00,0.00,0.00,2,0
2026-06-12 17:10:44.372,0.00,0.00,0.00,0.00,2,0
2026-06-12 17:10:44.423,0.00,0.00,0.00,0.00,2,0
2026-06-12 17:10:44.473,0.00,0.00,0.00,0.00,2,0
2026-06-12 17:10:44.524,0.00,0.00,0.00,0.00,2,0
2026-06-12 17:10:44.574,0.00,0.00,0.00,0.00,2,0
2026-06-12 17:10:44.624,0.00,0.00,0.00,0.00,2,0
2026-06-12 17:10:44.675,0.00,0.00,0.00,0.00,2,0
2026-06-12 17:10:44.725,0.00,0.00,0.00,0.00,2,0
2026-06-12 17:10:44.776,0.00,0.00,0.00,0.00,2,0
2026-06-12 17:10:44.826,0.00,0.00,0.00,0.00,2,0
2026-06-12 17:10:44.876,0.00,0.00,0.00,0.00,2,0
2026-06-12 17:10:44.927,0.00,0.00,0.00,0.00,2,0
2026-06-12 17:10:44.977,0.00,0.00,0.00,0.00,2,0
2026-06-12 17:10:45.028,0.00,0.00,0.00,0.00,2,0
2026-06-12 17:10:45.079,0.00,0.00,0.00,0.00,2,0
2026-06-12 17:10:45.128,0.00,0.00,0.00,0.00,2,0
2026-06-12 17:10:45.179,0.00,0.00,0.00,0.00,2,0
2026-06-12 17:10:45.229,0.00,0.00,0.00,0.00,2,0
2026-06-12 17:10:45.280,0.00,0.00,0.00,0.00,2,0
2026-06-12 17:10:45.330,0.00,0.00,0.00,0.00,2,0
2026-06-12 17:10:45.380,0.00,0.00,0.00,0.00,2,0
2026-06-12 17:10:45.431,0.00,0.00,0.00,0.00,2,0
2026-06-12 17:10:45.481,0.00,0.00,0.00,0.00,2,0
2026-06-12 17:10:45.531,0.00,0.00,0.00,0.00,2,0
2026-06-12 17:10:45.582,0.00,0.00,0.00,0.00,2,0
2026-06-12 17:10:45.632,0.00,0.00,0.00,0.00,2,0
2026-06-12 17:10:45.683,0.00,0.00,0.00,0.00,2,0
2026-06-12 17:10:45.733,0.00,0.00,0.00,0.00,2,0
2026-06-12 17:10:45.783,0.00,0.00,0.00,0.00,2,0
2026-06-12 17:10:45.834,0.00,0.00,0.00,0.00,2,0
2026-06-12 17:10:45.884,0.00,0.00,0.00,0.00,2,0
2026-06-12 17:10:45.935,0.00,0.00,0.00,0.00,2,0
2026-06-12 17:10:45.985,0.00,0.00,0.00,0.00,2,0
2026-06-12 17:10:46.035,0.00,0.00,0.00,0.00,2,0
2026-06-12 17:10:46.086,0.00,0.00,0.00,0.00,2,0
2026-06-12 17:10:46.136,0.00,0.00,0.00,0.00,2,0
2026-06-12 17:10:46.187,0.00,0.00,0.00,0.00,2,0
2026-06-12 17:10:46.237,0.00,0.00,0.00,0.00,2,0
2026-06-12 17:10:46.287,0.00,0.00,0.00,0.00,2,0
2026-06-12 17:10:46.338,0.00,0.00,0.00,0.00,2,0
2026-06-12 17:10:46.388,0.00,0.00,0.00,0.00,2,0
2026-06-12 17:10:46.439,0.00,0.00,0.00,0.00,2,0
2026-06-12 17:10:46.489,0.00,0.00,0.00,0.00,2,0
2026-06-12 17:10:46.540,0.00,0.00,0.00,0.00,2,0
2026-06-12 17:10:46.590,0.00,0.00,0.00,0.00,2,0
2026-06-12 17:10:46.640,0.00,0.00,0.00,0.00,2,0
2026-06-12 17:10:46.691,0.00,0.00,0.00,0.00,2,0
2026-06-12 17:10:46.741,0.00,0.00,0.00,0.00,2,0
2026-06-12 17:10:46.791,0.00,0.00,0.00,0.00,2,0
2026-06-12 17:10:46.842,0.00,0.00,0.00,0.00,2,0
2026-06-12 17:10:46.892,0.00,0.00,0.00,0.00,2,0
2026-06-12 17:10:46.943,0.00,0.00,0.00,0.00,2,0
2026-06-12 17:10:46.993,0.00,0.00,0.00,0.00,2,0
2026-06-12 17:10:47.044,0.00,0.00,0.00,0.00,2,0
2026-06-12 17:10:47.094,0.00,0.00,0.00,0.00,2,0
2026-06-12 17:10:47.144,0.00,0.00,0.00,0.00,2,0
2026-06-12 17:10:47.196,0.00,0.00,0.00,0.00,2,0
2026-06-12 17:10:47.246,0.00,0.00,0.00,0.00,2,0
2026-06-12 17:10:47.296,0.00,0.00,0.00,0.00,2,0
2026-06-12 17:10:47.346,0.00,0.00,0.00,0.00,2,0
2026-06-12 17:10:47.396,0.00,0.00,0.00,0.00,2,0
2026-06-12 17:10:47.447,0.00,0.00,0.00,0.00,2,0
2026-06-12 17:10:47.497,0.00,0.00,0.00,0.00,2,0
2026-06-12 17:10:47.548,0.00,0.00,0.00,0.00,2,0
2026-06-12 17:10:47.598,0.00,0.00,0.00,0.00,2,0
2026-06-12 17:10:47.648,0.00,0.00,0.00,0.00,2,0
2026-06-12 17:10:47.699,0.00,0.00,0.00,0.00,2,0
2026-06-12 17:10:47.749,0.00,0.00,0.00,0.00,2,0
2026-06-12 17:10:47.799,0.00,0.00,0.00,0.00,2,0
2026-06-12 17:10:47.850,0.00,0.00,0.00,0.00,2,0
2026-06-12 17:10:47.900,0.00,0.00,0.00,0.00,2,0
2026-06-12 17:10:47.951,0.00,0.00,0.00,0.00,2,0
2026-06-12 17:10:48.001,0.00,0.00,0.00,0.00,2,0
2026-06-12 17:10:48.051,0.00,0.00,0.00,0.00,2,0
2026-06-12 17:10:48.102,0.00,0.00,0.00,0.00,2,0
2026-06-12 17:10:48.152,0.00,0.00,0.00,0.00,2,0
2026-06-12 17:10:48.203,0.00,0.00,0.00,0.00,2,0
2026-06-12 17:10:48.253,0.00,0.00,0.00,0.00,2,0
2026-06-12 17:10:48.303,0.00,0.00,0.00,0.00,2,0
2026-06-12 17:10:48.354,0.00,0.00,0.00,0.00,2,0
2026-06-12 17:10:48.404,0.00,0.00,0.00,0.00,2,0
2026-06-12 17:10:48.455,0.00,0.00,0.00,0.00,2,0
2026-06-12 17:10:48.505,0.00,0.00,0.00,0.00,2,0
2026-06-12 17:10:48.556,0.00,0.00,0.00,0.00,2,0
2026-06-12 17:10:48.606,0.00,0.00,0.00,0.00,2,0
2026-06-12 17:10:48.656,0.00,0.00,0.00,0.00,2,0
2026-06-12 17:10:48.707,0.00,0.00,0.00,0.00,2,0
2026-06-12 17:10:48.757,0.00,0.00,0.00,0.00,2,0
2026-06-12 17:10:48.807,0.00,0.00,0.00,0.00,2,0
2026-06-12 17:10:48.858,0.00,0.00,0.00,0.00,2,0
2026-06-12 17:10:48.908,0.00,0.00,0.00,0.00,2,0
2026-06-12 17:10:48.959,0.00,0.00,0.00,0.00,2,0
2026-06-12 17:10:49.009,0.00,0.00,0.00,0.00,2,0
2026-06-12 17:10:49.059,0.00,0.00,0.00,0.00,2,0
2026-06-12 17:10:49.110,0.00,0.00,0.00,0.00,2,0
2026-06-12 17:10:49.160,0.00,0.00,0.00,0.00,2,0
2026-06-12 17:10:49.211,0.00,0.00,0.00,0.00,2,0
2026-06-12 17:10:49.261,0.00,0.00,0.00,0.00,2,0
2026-06-12 17:10:49.311,0.00,0.00,0.00,0.00,2,0
2026-06-12 17:10:49.362,0.00,0.00,0.00,0.00,2,0
2026-06-12 17:10:49.412,0.00,0.00,0.00,0.00,2,0
2026-06-12 17:10:49.463,0.00,0.00,0.00,0.00,2,0
2026-06-12 17:10:49.513,0.00,0.00,0.00,0.00,2,0
2026-06-12 17:10:49.563,0.00,0.00,0.00,0.00,2,0
2026-06-12 17:10:49.614,0.00,0.00,0.00,0.00,2,0
2026-06-12 17:10:49.664,0.00,0.00,0.00,0.00,2,0
2026-06-12 17:10:49.715,0.00,0.00,0.00,0.00,2,0
2026-06-12 17:10:49.765,0.00,0.00,0.00,0.00,2,0
2026-06-12 17:10:49.816,0.00,0.00,0.00,0.00,2,0
2026-06-12 17:10:49.867,0.00,0.00,0.00,0.00,2,0
2026-06-12 17:10:49.916,0.00,0.00,0.00,0.00,2,0
2026-06-12 17:10:49.967,0.00,0.00,0.00,0.00,2,0
2026-06-12 17:10:50.017,0.00,0.00,0.00,0.00,2,0
2026-06-12 17:10:50.067,0.00,0.00,0.00,0.00,2,0
2026-06-12 17:10:50.118,0.00,0.00,0.00,0.00,2,0
2026-06-12 17:10:50.168,0.00,0.00,0.00,0.00,2,0
2026-06-12 17:10:50.219,0.00,0.00,0.00,0.00,2,0
2026-06-12 17:10:50.269,0.00,0.00,0.00,0.00,2,0
2026-06-12 17:10:50.319,0.00,0.00,0.00,0.00,2,0
2026-06-12 17:10:50.370,0.00,0.00,0.00,0.00,2,0
2026-06-12 17:10:50.420,0.00,0.00,0.00,0.00,2,0
2026-06-12 17:10:50.471,0.00,0.00,0.00,0.00,2,0
2026-06-12 17:10:50.521,0.00,0.00,0.00,0.00,2,0
2026-06-12 17:10:50.571,0.00,0.00,0.00,0.00,2,0
2026-06-12 17:10:50.622,0.00,0.00,0.00,0.00,2,0
2026-06-12 17:10:50.672,0.00,0.00,0.00,0.00,2,0
2026-06-12 17:10:50.723,0.00,0.00,0.00,0.00,2,0
2026-06-12 17:10:50.773,0.00,0.00,0.00,0.00,2,0
2026-06-12 17:10:50.823,0.00,0.00,0.00,0.00,2,0
2026-06-12 17:10:50.874,0.00,0.00,0.00,0.00,2,0
2026-06-12 17:10:50.924,0.00,0.00,0.00,0.00,2,0
2026-06-12 17:10:50.975,0.00,0.00,0.00,0.00,2,0
2026-06-12 17:10:51.025,0.00,0.00,0.00,0.00,2,0
2026-06-12 17:10:51.076,0.00,0.00,0.00,0.00,2,0
2026-06-12 17:10:51.126,0.00,0.00,0.00,0.00,2,0
2026-06-12 17:10:51.176,0.00,0.00,0.00,0.00,2,0
2026-06-12 17:10:51.227,0.00,0.00,0.00,0.00,2,0
2026-06-12 17:10:51.277,0.00,0.00,0.00,0.00,2,0
2026-06-12 17:10:51.327,0.00,0.00,0.00,0.00,2,0
2026-06-12 17:10:51.378,0.00,0.00,0.00,0.00,2,0
2026-06-12 17:10:51.428,0.00,0.00,0.00,0.00,2,0
2026-06-12 17:10:51.479,0.00,0.00,0.00,0.00,2,0
2026-06-12 17:10:51.529,0.00,0.00,0.00,0.00,2,0
2026-06-12 17:10:51.579,0.00,0.00,0.00,0.00,2,0
2026-06-12 17:10:51.630,0.00,0.00,0.00,0.00,2,0
2026-06-12 17:10:51.680,0.00,0.00,0.00,0.00,2,0
2026-06-12 17:10:51.731,0.00,0.00,0.00,0.00,2,0
2026-06-12 17:10:51.781,0.00,0.00,0.00,0.00,2,0
2026-06-12 17:10:51.831,0.00,0.00,0.00,0.00,2,0
2026-06-12 17:10:51.882,0.00,0.00,0.00,0.00,2,0
2026-06-12 17:10:51.932,0.00,0.00,0.00,0.00,2,0
2026-06-12 17:10:51.983,0.00,0.00,0.00,0.00,2,0
2026-06-12 17:10:52.036,0.00,0.00,0.00,0.00,2,0
2026-06-12 17:10:52.084,0.00,0.00,0.00,0.00,2,0
2026-06-12 17:10:52.134,0.00,0.00,0.00,0.00,2,0
2026-06-12 17:10:52.184,0.00,0.00,0.00,0.00,2,0
2026-06-12 17:10:52.235,0.00,0.00,0.00,0.00,2,0
2026-06-12 17:10:52.285,0.00,0.00,0.00,0.00,2,0
2026-06-12 17:10:52.335,0.00,0.00,0.00,0.00,2,0
2026-06-12 17:10:52.386,0.00,0.00,0.00,0.00,2,0
2026-06-12 17:10:52.436,0.00,0.00,0.00,0.00,2,0
2026-06-12 17:10:52.487,0.00,0.00,0.00,0.00,2,0
2026-06-12 17:10:52.537,0.00,0.00,0.00,0.00,2,0
2026-06-12 17:10:52.587,0.00,0.00,0.00,0.00,2,0
2026-06-12 17:10:52.638,0.00,0.00,0.00,0.00,2,0
2026-06-12 17:10:52.688,0.00,0.00,0.00,0.00,2,0
2026-06-12 17:10:52.740,0.00,0.00,0.00,0.00,2,0
2026-06-12 17:10:52.789,0.00,0.00,0.00,0.00,2,0
2026-06-12 17:10:52.839,0.00,0.00,0.00,0.00,2,0
2026-06-12 17:10:52.890,0.00,0.00,0.00,0.00,2,0
2026-06-12 17:10:52.940,0.00,0.00,0.00,0.00,2,0
2026-06-12 17:10:52.991,0.00,0.00,0.00,0.00,2,0
2026-06-12 17:10:53.041,0.00,0.00,0.00,0.00,2,0
2026-06-12 17:10:53.091,0.00,0.00,0.00,0.00,2,0
2026-06-12 17:10:53.142,0.00,0.00,0.00,0.00,2,0
2026-06-12 17:10:53.192,0.00,0.00,0.00,0.00,2,0
2026-06-12 17:10:53.243,0.00,0.00,0.00,0.00,2,0
2026-06-12 17:10:53.293,0.00,0.00,0.00,0.00,2,0
2026-06-12 17:10:53.344,0.00,0.00,0.00,0.00,2,0
2026-06-12 17:10:53.394,0.00,0.00,0.00,0.00,2,0
2026-06-12 17:10:53.444,0.00,0.00,0.00,0.00,2,0
2026-06-12 17:10:53.495,0.00,0.00,0.00,0.00,2,0
2026-06-12 17:10:53.546,0.00,0.00,0.00,0.00,2,0
2026-06-12 17:10:53.596,0.00,0.00,0.00,0.00,2,0
2026-06-12 17:10:53.646,0.00,0.00,0.00,0.00,2,0
2026-06-12 17:10:53.696,0.00,0.00,0.00,0.00,2,0
2026-06-12 17:10:53.747,0.00,0.00,0.00,0.00,2,0
2026-06-12 17:10:53.797,0.00,0.00,0.00,0.00,2,0
2026-06-12 17:10:53.847,0.00,0.00,0.00,0.00,2,0
2026-06-12 17:10:53.898,0.00,0.00,0.00,0.00,2,0
2026-06-12 17:10:53.948,0.00,0.00,0.00,0.00,2,0
2026-06-12 17:10:53.999,0.00,0.00,0.00,0.00,2,0
2026-06-12 17:10:54.049,0.00,0.00,0.00,0.00,2,0
2026-06-12 17:10:54.100,0.00,0.00,0.00,0.00,2,0
2026-06-12 17:10:54.150,0.00,0.00,0.00,0.00,2,0
2026-06-12 17:10:54.200,0.00,0.00,0.00,0.00,2,0
2026-06-12 17:10:54.251,0.00,0.00,0.00,0.00,2,0
2026-06-12 17:10:54.301,0.00,0.00,0.00,0.00,2,0
2026-06-12 17:10:54.351,0.00,0.00,0.00,0.00,2,0
2026-06-12 17:10:54.402,0.00,0.00,0.00,0.00,2,0
2026-06-12 17:10:54.452,0.00,0.00,0.00,0.00,2,0
2026-06-12 17:10:54.503,0.00,0.00,0.00,0.00,2,0
2026-06-12 17:10:54.553,0.00,0.00,0.00,0.00,2,0
2026-06-12 17:10:54.603,0.00,0.00,0.00,0.00,2,0
2026-06-12 17:10:54.654,0.00,0.00,0.00,0.00,2,0
2026-06-12 17:10:54.704,0.00,0.00,0.00,0.00,2,0
2026-06-12 17:10:54.755,0.00,0.00,0.00,0.00,2,0
2026-06-12 17:10:54.805,0.00,0.00,0.00,0.00,2,0
2026-06-12 17:10:54.856,0.00,0.00,0.00,0.00,2,0
2026-06-12 17:10:54.906,0.00,0.00,0.00,0.00,2,0
2026-06-12 17:10:54.956,0.00,0.00,0.00,0.00,2,0
2026-06-12 17:10:55.006,0.00,0.00,0.00,0.00,2,0
2026-06-12 17:10:55.057,0.00,0.00,0.00,0.00,2,0
2026-06-12 17:10:55.107,0.00,0.00,0.00,0.00,2,0
2026-06-12 17:10:55.158,0.00,0.00,0.00,0.00,2,0
2026-06-12 17:10:55.208,0.00,0.00,0.00,0.00,2,0
2026-06-12 17:10:55.259,0.00,0.00,0.00,0.00,2,0
2026-06-12 17:10:55.309,0.00,0.00,0.00,0.00,2,0
2026-06-12 17:10:55.359,0.00,0.00,0.00,0.00,2,0
2026-06-12 17:10:55.410,0.00,0.00,0.00,0.00,2,0
2026-06-12 17:10:55.461,0.00,0.00,0.00,0.00,2,0
2026-06-12 17:10:55.511,0.00,0.00,0.00,0.00,2,0
2026-06-12 17:10:55.561,0.00,0.00,0.00,0.00,2,0
2026-06-12 17:10:55.611,0.00,0.00,0.00,0.00,2,0
2026-06-12 17:10:55.662,0.00,0.00,0.00,0.00,2,0
2026-06-12 17:10:55.712,0.00,0.00,0.00,0.00,2,0
2026-06-12 17:10:55.763,0.00,0.00,0.00,0.00,2,0
2026-06-12 17:10:55.813,0.00,0.00,0.00,0.00,2,0
2026-06-12 17:10:55.864,0.00,0.00,0.00,0.00,2,0
2026-06-12 17:10:55.914,0.00,0.00,0.00,0.00,2,0
2026-06-12 17:10:55.964,0.00,0.00,0.00,0.00,2,0
2026-06-12 17:10:56.015,0.00,0.00,0.00,0.00,2,0
2026-06-12 17:10:56.066,0.00,0.00,0.00,0.00,2,0
2026-06-12 17:10:56.115,0.00,0.00,0.00,0.00,2,0
2026-06-12 17:10:56.166,0.00,0.00,0.00,0.00,2,0
2026-06-12 17:10:56.216,0.00,0.00,0.00,0.00,2,0
2026-06-12 17:10:56.267,0.00,0.00,0.00,0.00,2,0
2026-06-12 17:10:56.317,0.00,0.00,0.00,0.00,2,0
2026-06-12 17:10:56.367,0.00,0.00,0.00,0.00,2,0
2026-06-12 17:10:56.418,0.00,0.00,0.00,0.00,2,0
2026-06-12 17:10:56.468,0.00,0.00,0.00,0.00,2,0
2026-06-12 17:10:56.519,0.00,0.00,0.00,0.00,2,0
2026-06-12 17:10:56.569,0.00,0.00,0.00,0.00,2,0
2026-06-12 17:10:56.619,0.00,0.00,0.00,0.00,2,0
2026-06-12 17:10:56.670,0.00,0.00,0.00,0.00,2,0
2026-06-12 17:10:56.720,0.00,0.00,0.00,0.00,2,0
2026-06-12 17:10:56.770,0.00,0.00,0.00,0.00,2,0
2026-06-12 17:10:56.821,0.00,0.00,0.00,0.00,2,0
2026-06-12 17:10:56.871,0.00,0.00,0.00,0.00,2,0
2026-06-12 17:10:56.922,0.00,0.00,0.00,0.00,2,0
2026-06-12 17:10:56.972,0.00,0.00,0.00,0.00,2,0
2026-06-12 17:10:57.022,0.00,0.00,0.00,0.00,2,0
2026-06-12 17:10:57.073,0.00,0.00,0.00,0.00,2,0
2026-06-12 17:10:57.123,0.00,0.00,0.00,0.00,2,0
2026-06-12 17:10:57.174,0.00,0.00,0.00,0.00,2,0
2026-06-12 17:10:57.224,0.00,0.00,0.00,0.00,2,0
2026-06-12 17:10:57.276,0.00,0.00,0.00,0.00,2,0
2026-06-12 17:10:57.325,0.00,0.00,0.00,0.00,2,0
2026-06-12 17:10:57.375,0.00,0.00,0.00,0.00,2,0
2026-06-12 17:10:57.426,0.00,0.00,0.00,0.00,2,0
2026-06-12 17:10:57.476,0.00,0.00,0.00,0.00,2,0
2026-06-12 17:10:57.527,0.00,0.00,0.00,0.00,2,0
2026-06-12 17:10:57.577,0.00,0.00,0.00,0.00,2,0
2026-06-12 17:10:57.627,0.00,0.00,0.00,0.00,2,0
2026-06-12 17:10:57.678,0.00,0.00,0.00,0.00,2,0
2026-06-12 17:10:57.728,0.00,0.00,0.00,0.00,2,0
2026-06-12 17:10:57.779,0.00,0.00,0.00,0.00,2,0
2026-06-12 17:10:57.829,0.00,0.00,0.00,0.00,2,0
2026-06-12 17:10:57.879,0.00,0.00,0.00,0.00,2,0
2026-06-12 17:10:57.930,0.00,0.00,0.00,0.00,2,0
2026-06-12 17:10:57.980,0.00,0.00,0.00,0.00,2,0
2026-06-12 17:10:58.030,0.00,0.00,0.00,0.00,2,0
2026-06-12 17:10:58.081,0.00,0.00,0.00,0.00,2,0
2026-06-12 17:10:58.131,0.00,0.00,0.00,0.00,2,0
2026-06-12 17:10:58.182,0.00,0.00,0.00,0.00,2,0
2026-06-12 17:10:58.232,0.00,0.00,0.00,0.00,2,0
2026-06-12 17:10:58.282,0.00,0.00,0.00,0.00,2,0
2026-06-12 17:10:58.335,0.00,0.00,0.00,0.00,2,0
2026-06-12 17:10:58.383,0.00,0.00,0.00,0.00,2,0
2026-06-12 17:10:58.434,0.00,0.00,0.00,0.00,2,0
2026-06-12 17:10:58.484,0.00,0.00,0.00,0.00,2,0
2026-06-12 17:10:58.535,0.00,0.00,0.00,0.00,2,0
2026-06-12 17:10:58.586,0.00,0.00,0.00,0.00,2,0
2026-06-12 17:10:58.636,0.00,0.00,0.00,0.00,2,0
2026-06-12 17:10:58.686,0.00,0.00,0.00,0.00,2,0
2026-06-12 17:10:58.736,0.00,0.00,0.00,0.00,2,0
2026-06-12 17:10:58.787,0.00,0.00,0.00,0.00,2,0
2026-06-12 17:10:58.837,0.00,0.00,0.00,0.00,2,0
2026-06-12 17:10:58.887,0.00,0.00,0.00,0.00,2,0
2026-06-12 17:10:58.938,0.00,0.00,0.00,0.00,2,0
2026-06-12 17:10:58.989,0.00,0.00,0.00,0.00,2,0
2026-06-12 17:10:59.038,0.00,0.00,0.00,0.00,2,0
2026-06-12 17:10:59.089,0.00,0.00,0.00,0.00,2,0
2026-06-12 17:10:59.139,0.00,0.00,0.00,0.00,2,0
2026-06-12 17:10:59.190,0.00,0.00,0.00,0.00,2,0
2026-06-12 17:10:59.240,0.00,0.00,0.00,0.00,2,0
2026-06-12 17:10:59.291,0.00,0.00,0.00,0.00,2,0
2026-06-12 17:10:59.341,0.00,0.00,0.00,0.00,2,0
2026-06-12 17:10:59.394,0.00,0.00,0.00,0.00,2,0
2026-06-12 17:10:59.442,0.00,0.00,0.00,0.00,2,0
2026-06-12 17:10:59.492,0.00,0.00,0.00,0.00,2,0
2026-06-12 17:10:59.542,0.00,0.00,0.00,0.00,2,0
2026-06-12 17:10:59.593,0.00,0.00,0.00,0.00,2,0
2026-06-12 17:10:59.643,0.00,0.00,0.00,0.00,2,0
2026-06-12 17:10:59.694,0.00,0.00,0.00,0.00,2,0
2026-06-12 17:10:59.744,0.00,0.00,0.00,0.00,2,0
2026-06-12 17:10:59.795,0.00,0.00,0.00,0.00,2,0
2026-06-12 17:10:59.845,0.00,0.00,0.00,0.00,2,0
2026-06-12 17:10:59.895,0.00,0.00,0.00,0.00,2,0
2026-06-12 17:10:59.946,0.00,0.00,0.00,0.00,2,0
2026-06-12 17:10:59.996,0.00,0.00,0.00,0.00,2,0
2026-06-12 17:11:00.046,0.00,0.00,0.00,0.00,2,0
2026-06-12 17:11:00.097,0.00,0.00,0.00,0.00,2,0
2026-06-12 17:11:00.147,0.00,0.00,0.00,0.00,2,0
2026-06-12 17:11:00.198,0.00,0.00,0.00,0.00,2,0
2026-06-12 17:11:00.248,0.00,0.00,0.00,0.00,2,0
2026-06-12 17:11:00.298,0.00,0.00,0.00,0.00,2,0
2026-06-12 17:11:00.349,0.00,0.00,0.00,0.00,2,0
2026-06-12 17:11:00.399,0.00,0.00,0.00,0.00,2,0
2026-06-12 17:11:00.450,0.00,0.00,0.00,0.00,2,0
2026-06-12 17:11:00.500,0.00,0.00,0.00,0.00,2,0
2026-06-12 17:11:00.550,0.00,0.00,0.00,0.00,2,0
2026-06-12 17:11:00.601,0.00,0.00,0.00,0.00,2,0
2026-06-12 17:11:00.651,0.00,0.00,0.00,0.00,2,0
2026-06-12 17:11:00.702,0.00,0.00,0.00,0.00,2,0
2026-06-12 17:11:00.752,0.00,0.00,0.00,0.00,2,0
2026-06-12 17:11:00.802,0.00,0.00,0.00,0.00,2,0
2026-06-12 17:11:00.853,0.00,0.00,0.00,0.00,2,0
2026-06-12 17:11:00.903,0.00,0.00,0.00,0.00,2,0
2026-06-12 17:11:00.954,0.00,0.00,0.00,0.00,2,0
2026-06-12 17:11:01.004,0.00,0.00,0.00,0.00,2,0
2026-06-12 17:11:01.056,0.00,0.00,0.00,0.00,2,0
2026-06-12 17:11:01.105,0.00,0.00,0.00,0.00,2,0
2026-06-12 17:11:01.156,0.00,0.00,0.00,0.00,2,0
2026-06-12 17:11:01.206,0.00,0.00,0.00,0.00,2,0
2026-06-12 17:11:01.256,0.00,0.00,0.00,0.00,2,0
2026-06-12 17:11:01.306,0.00,0.00,0.00,0.00,2,0
2026-06-12 17:11:01.357,0.00,0.00,0.00,0.00,2,0
2026-06-12 17:11:01.407,0.00,0.00,0.00,0.00,2,0
2026-06-12 17:11:01.458,0.00,0.00,0.00,0.00,2,0
2026-06-12 17:11:01.508,0.00,0.00,0.00,0.00,2,0
2026-06-12 17:11:01.558,0.00,0.00,0.00,0.00,2,0
2026-06-12 17:11:01.609,0.00,0.00,0.00,0.00,2,0
2026-06-12 17:11:01.659,0.00,0.00,0.00,0.00,2,0
2026-06-12 17:11:01.710,0.00,0.00,0.00,0.00,2,0
2026-06-12 17:11:01.760,0.00,0.00,0.00,0.00,2,0
2026-06-12 17:11:01.811,0.00,0.00,0.00,0.00,2,0
2026-06-12 17:11:01.861,0.00,0.00,0.00,0.00,2,0
2026-06-12 17:11:01.911,0.00,0.00,0.00,0.00,2,0
2026-06-12 17:11:01.962,0.00,0.00,0.00,0.00,2,0
2026-06-12 17:11:02.012,0.00,0.00,0.00,0.00,2,0
2026-06-12 17:11:02.062,0.00,0.00,0.00,0.00,2,0
2026-06-12 17:11:02.113,0.00,0.00,0.00,0.00,2,0
2026-06-12 17:11:02.163,0.00,0.00,0.00,0.00,2,0
2026-06-12 17:11:02.214,0.00,0.00,0.00,0.00,2,0
2026-06-12 17:11:02.264,0.00,0.00,0.00,0.00,2,0
2026-06-12 17:11:02.314,0.00,0.00,0.00,0.00,2,0
2026-06-12 17:11:02.365,0.00,0.00,0.00,0.00,2,0
2026-06-12 17:11:02.416,0.00,0.00,0.00,0.00,2,0
2026-06-12 17:11:02.466,0.00,0.00,0.00,0.00,2,0
2026-06-12 17:11:02.516,0.00,0.00,0.00,0.00,2,0
2026-06-12 17:11:02.566,0.00,0.00,0.00,0.00,2,0
2026-06-12 17:11:02.617,0.00,0.00,0.00,0.00,2,0
2026-06-12 17:11:02.667,0.00,0.00,0.00,0.00,2,0
2026-06-12 17:11:02.718,0.00,0.00,0.00,0.00,2,0
2026-06-12 17:11:02.768,0.00,0.00,0.00,0.00,2,0
2026-06-12 17:11:02.818,0.00,0.00,0.00,0.00,2,0
2026-06-12 17:11:02.869,0.00,0.00,0.00,0.00,2,0
2026-06-12 17:11:02.919,0.00,0.00,0.00,0.00,2,0
2026-06-12 17:11:02.970,0.00,0.00,0.00,0.00,2,0
2026-06-12 17:11:03.020,0.00,0.00,0.00,0.00,2,0
2026-06-12 17:11:03.071,0.00,0.00,0.00,0.00,2,0
2026-06-12 17:11:03.121,0.00,0.00,0.00,0.00,2,0
2026-06-12 17:11:03.171,0.00,0.00,0.00,0.00,2,0
2026-06-12 17:11:03.222,0.00,0.00,0.00,0.00,2,0
2026-06-12 17:11:03.272,0.00,0.00,0.00,0.00,2,0
2026-06-12 17:11:03.323,0.00,0.00,0.00,0.00,2,0
2026-06-12 17:11:03.373,0.00,0.00,0.00,0.00,2,0
2026-06-12 17:11:03.423,0.00,0.00,0.00,0.00,2,0
2026-06-12 17:11:03.474,0.00,0.00,0.00,0.00,2,0
2026-06-12 17:11:03.524,0.00,0.00,0.00,0.00,2,0
2026-06-12 17:11:03.575,0.00,0.00,0.00,0.00,2,0
2026-06-12 17:11:03.626,0.00,0.00,0.00,0.00,2,0
2026-06-12 17:11:03.676,0.00,0.00,0.00,0.00,2,0
2026-06-12 17:11:03.726,0.00,0.00,0.00,0.00,2,0
2026-06-12 17:11:03.776,0.00,0.00,0.00,0.00,2,0
2026-06-12 17:11:03.826,0.00,0.00,0.00,0.00,2,0
2026-06-12 17:11:03.877,0.00,0.00,0.00,0.00,2,0
2026-06-12 17:11:03.927,0.00,0.00,0.00,0.00,2,0
2026-06-12 17:11:03.978,0.00,0.00,0.00,0.00,2,0
2026-06-12 17:11:04.028,0.00,0.00,0.00,0.00,2,0
2026-06-12 17:11:04.080,0.00,0.00,0.00,0.00,2,0
2026-06-12 17:11:04.129,0.00,0.00,0.00,0.00,2,0
2026-06-12 17:11:04.179,0.00,0.00,0.00,0.00,2,0
2026-06-12 17:11:04.230,0.00,0.00,0.00,0.00,2,0
2026-06-12 17:11:04.280,0.00,0.00,0.00,0.00,2,0
2026-06-12 17:11:04.330,0.00,0.00,0.00,0.00,2,0
2026-06-12 17:11:04.381,0.00,0.00,0.00,0.00,2,0
2026-06-12 17:11:04.431,0.00,0.00,0.00,0.00,2,0
2026-06-12 17:11:04.482,0.00,0.00,0.00,0.00,2,0
2026-06-12 17:11:04.532,0.00,0.00,0.00,0.00,2,0
2026-06-12 17:11:04.582,0.00,0.00,0.00,0.00,2,0
2026-06-12 17:11:04.633,0.00,0.00,0.00,0.00,2,0
2026-06-12 17:11:04.683,0.00,0.00,0.00,0.00,2,0
2026-06-12 17:11:04.734,0.00,0.00,0.00,0.00,2,0
2026-06-12 17:11:04.784,0.00,0.00,0.00,0.00,2,0
2026-06-12 17:11:04.834,0.00,0.00,0.00,0.00,2,0
2026-06-12 17:11:04.885,0.00,0.00,0.00,0.00,2,0
2026-06-12 17:11:04.935,0.00,0.00,0.00,0.00,2,0
2026-06-12 17:11:04.986,0.00,0.00,0.00,0.00,2,0
2026-06-12 17:11:05.036,0.00,0.00,0.00,0.00,2,0
2026-06-12 17:11:05.086,0.00,0.00,0.00,0.00,2,0
2026-06-12 17:11:05.137,0.00,0.00,0.00,0.00,2,0
2026-06-12 17:11:05.187,0.00,0.00,0.00,0.00,2,0
2026-06-12 17:11:05.238,0.00,0.00,0.00,0.00,2,0
2026-06-12 17:11:05.288,0.00,0.00,0.00,0.00,2,0
2026-06-12 17:11:05.339,0.00,0.00,0.00,0.00,2,0
2026-06-12 17:11:05.389,0.00,0.00,0.00,0.00,2,0
2026-06-12 17:11:05.439,0.00,0.00,0.00,0.00,2,0
2026-06-12 17:11:05.490,0.00,0.00,0.00,0.00,2,0
2026-06-12 17:11:05.540,0.00,0.00,0.00,0.00,2,0
2026-06-12 17:11:05.590,0.00,0.00,0.00,0.00,2,0
2026-06-12 17:11:05.641,0.00,0.00,0.00,0.00,2,0
2026-06-12 17:11:05.691,0.00,0.00,0.00,0.00,2,0
2026-06-12 17:11:05.742,0.00,0.00,0.00,0.00,2,0
2026-06-12 17:11:05.792,0.00,0.00,0.00,0.00,2,0
2026-06-12 17:11:05.843,0.00,0.00,0.00,0.00,2,0
2026-06-12 17:11:05.893,0.00,0.00,0.00,0.00,2,0
2026-06-12 17:11:05.943,0.00,0.00,0.00,0.00,2,0
2026-06-12 17:11:05.994,0.00,0.00,0.00,0.00,2,0
2026-06-12 17:11:06.044,0.00,0.00,0.00,0.00,2,0
2026-06-12 17:11:06.094,0.00,0.00,0.00,0.00,2,0
2026-06-12 17:11:06.145,0.00,0.00,0.00,0.00,2,0
2026-06-12 17:11:06.195,0.00,0.00,0.00,0.00,2,0
2026-06-12 17:11:06.246,0.00,0.00,0.00,0.00,2,0
2026-06-12 17:11:06.296,0.00,0.00,0.00,0.00,2,0
2026-06-12 17:11:06.346,0.00,0.00,0.00,0.00,2,0
2026-06-12 17:11:06.397,0.00,0.00,0.00,0.00,2,0
2026-06-12 17:11:06.447,0.00,0.00,0.00,0.00,2,0
2026-06-12 17:11:06.498,0.00,0.00,0.00,0.00,2,0
2026-06-12 17:11:06.548,0.00,0.00,0.00,0.00,2,0
2026-06-12 17:11:06.598,0.00,0.00,0.00,0.00,2,0
2026-06-12 17:11:06.649,0.00,0.00,0.00,0.00,2,0
2026-06-12 17:11:06.699,0.00,0.00,0.00,0.00,2,0
2026-06-12 17:11:06.750,0.00,0.00,0.00,0.00,2,0
2026-06-12 17:11:06.800,0.00,0.00,0.00,0.00,2,0
2026-06-12 17:11:06.850,0.00,0.00,0.00,0.00,2,0
2026-06-12 17:11:06.901,0.00,0.00,0.00,0.00,2,0
2026-06-12 17:11:06.951,0.00,0.00,0.00,0.00,2,0
2026-06-12 17:11:07.002,0.00,0.00,0.00,0.00,2,0
2026-06-12 17:11:07.052,0.00,0.00,0.00,0.00,2,0
2026-06-12 17:11:07.102,0.00,0.00,0.00,0.00,2,0
2026-06-12 17:11:07.153,0.00,0.00,0.00,0.00,2,0
2026-06-12 17:11:07.203,0.00,0.00,0.00,0.00,2,0
2026-06-12 17:11:07.254,0.00,0.00,0.00,0.00,2,0
2026-06-12 17:11:07.304,0.00,0.00,0.00,0.00,2,0
2026-06-12 17:11:07.354,0.00,0.00,0.00,0.00,2,0
2026-06-12 17:11:07.405,0.00,0.00,0.00,0.00,2,0
2026-06-12 17:11:07.456,0.00,0.00,0.00,0.00,2,0
2026-06-12 17:11:07.506,0.00,0.00,0.00,0.00,2,0
2026-06-12 17:11:07.556,0.00,0.00,0.00,0.00,2,0
2026-06-12 17:11:07.606,0.00,0.00,0.00,0.00,2,0
2026-06-12 17:11:07.657,0.00,0.00,0.00,0.00,2,0
2026-06-12 17:11:07.707,0.00,0.00,0.00,0.00,2,0
2026-06-12 17:11:07.757,0.00,0.00,0.00,0.00,2,0
2026-06-12 17:11:07.808,0.00,0.00,0.00,0.00,2,0
2026-06-12 17:11:07.858,0.00,0.00,0.00,0.00,2,0
2026-06-12 17:11:07.909,0.00,0.00,0.00,0.00,2,0
2026-06-12 17:11:07.959,0.00,0.00,0.00,0.00,2,0
2026-06-12 17:11:08.009,0.00,0.00,0.00,0.00,2,0
2026-06-12 17:11:08.060,0.00,0.00,0.00,0.00,2,0
2026-06-12 17:11:08.110,0.00,0.00,0.00,0.00,2,0
2026-06-12 17:11:08.161,0.00,0.00,0.00,0.00,2,0
2026-06-12 17:11:08.211,0.00,0.00,0.00,0.00,2,0
2026-06-12 17:11:08.262,0.00,0.00,0.00,0.00,2,0
2026-06-12 17:11:08.312,0.00,0.00,0.00,0.00,2,0
2026-06-12 17:11:08.362,0.00,0.00,0.00,0.00,2,0
2026-06-12 17:11:08.413,0.00,0.00,0.00,0.00,2,0
2026-06-12 17:11:08.463,0.00,0.00,0.00,0.00,2,0
2026-06-12 17:11:08.514,0.00,0.00,0.00,0.00,2,0
2026-06-12 17:11:08.564,0.00,0.00,0.00,0.00,2,0
2026-06-12 17:11:08.614,0.00,0.00,0.00,0.00,2,0
2026-06-12 17:11:08.665,0.00,0.00,0.00,0.00,2,0
2026-06-12 17:11:08.715,0.00,0.00,0.00,0.00,2,0
2026-06-12 17:11:08.767,0.00,0.00,0.00,0.00,2,0
2026-06-12 17:11:08.816,0.00,0.00,0.00,0.00,2,0
2026-06-12 17:11:08.866,0.00,0.00,0.00,0.00,2,0
2026-06-12 17:11:08.917,0.00,0.00,0.00,0.00,2,0
2026-06-12 17:11:08.967,0.00,0.00,0.00,0.00,2,0
2026-06-12 17:11:09.017,0.00,0.00,0.00,0.00,2,0
2026-06-12 17:11:09.068,0.00,0.00,0.00,0.00,2,0
2026-06-12 17:11:09.118,0.00,0.00,0.00,0.00,2,0
2026-06-12 17:11:09.169,0.00,0.00,0.00,0.00,2,0
2026-06-12 17:11:09.219,0.00,0.00,0.00,0.00,2,0
2026-06-12 17:11:09.269,0.00,0.00,0.00,0.00,2,0
2026-06-12 17:11:09.320,0.00,0.00,0.00,0.00,2,0
2026-06-12 17:11:09.370,0.00,0.00,0.00,0.00,2,0
2026-06-12 17:11:09.421,0.00,0.00,0.00,0.00,2,0
2026-06-12 17:11:09.471,0.00,0.00,0.00,0.00,2,0
2026-06-12 17:11:09.522,0.00,0.00,0.00,0.00,2,0
2026-06-12 17:11:09.572,0.00,0.00,0.00,0.00,2,0
2026-06-12 17:11:09.622,0.00,0.00,0.00,0.00,2,0
2026-06-12 17:11:09.673,0.00,0.00,0.00,0.00,2,0
2026-06-12 17:11:09.723,0.00,0.00,0.00,0.00,2,0
2026-06-12 17:11:09.773,0.00,0.00,0.00,0.00,2,0
2026-06-12 17:11:09.824,0.00,0.00,0.00,0.00,2,0
2026-06-12 17:11:09.874,0.00,0.00,0.00,0.00,2,0
2026-06-12 17:11:09.925,0.00,0.00,0.00,0.00,2,0
2026-06-12 17:11:09.976,0.00,0.00,0.00,0.00,2,0
2026-06-12 17:11:10.026,0.00,0.00,0.00,0.00,2,0
2026-06-12 17:11:10.076,0.00,0.00,0.00,0.00,2,0
2026-06-12 17:11:10.126,0.00,0.00,0.00,0.00,2,0
2026-06-12 17:11:10.177,0.00,0.00,0.00,0.00,2,0
2026-06-12 17:11:10.227,0.00,0.00,0.00,0.00,2,0
2026-06-12 17:11:10.278,0.00,0.00,0.00,0.00,2,0
2026-06-12 17:11:10.328,0.00,0.00,0.00,0.00,2,0
2026-06-12 17:11:10.379,0.00,0.00,0.00,0.00,2,0
2026-06-12 17:11:10.429,0.00,0.00,0.00,0.00,2,0
2026-06-12 17:11:10.479,0.00,0.00,0.00,0.00,2,0
2026-06-12 17:11:10.529,0.00,0.00,0.00,0.00,2,0
2026-06-12 17:11:10.580,0.00,0.00,0.00,0.00,2,0
2026-06-12 17:11:10.630,0.00,0.00,0.00,0.00,2,0
2026-06-12 17:11:10.681,0.00,0.00,0.00,0.00,2,0
2026-06-12 17:11:10.731,0.00,0.00,0.00,0.00,2,0
2026-06-12 17:11:10.781,0.00,0.00,0.00,0.00,2,0
2026-06-12 17:11:10.832,0.00,0.00,0.00,0.00,2,0
2026-06-12 17:11:10.882,0.00,0.00,0.00,0.00,2,0
2026-06-12 17:11:10.933,0.00,0.00,0.00,0.00,2,0
2026-06-12 17:11:10.983,0.00,0.00,0.00,0.00,2,0
2026-06-12 17:11:11.033,0.00,0.00,0.00,0.00,2,0
2026-06-12 17:11:11.084,0.00,0.00,0.00,0.00,2,0
2026-06-12 17:11:11.134,0.00,0.00,0.00,0.00,2,0
2026-06-12 17:11:11.186,0.00,0.00,0.00,0.00,2,0
2026-06-12 17:11:11.236,0.00,0.00,0.00,0.00,2,0
2026-06-12 17:11:11.286,0.00,0.00,0.00,0.00,2,0
2026-06-12 17:11:11.336,0.00,0.00,0.00,0.00,2,0
2026-06-12 17:11:11.386,0.00,0.00,0.00,0.00,2,0
2026-06-12 17:11:11.437,0.00,0.00,0.00,0.00,2,0
2026-06-12 17:11:11.487,0.00,0.00,0.00,0.00,2,0
2026-06-12 17:11:11.537,0.00,0.00,0.00,0.00,2,0
2026-06-12 17:11:11.588,0.00,0.00,0.00,0.00,2,0
2026-06-12 17:11:11.638,0.00,0.00,0.00,0.00,2,0
2026-06-12 17:11:11.689,0.00,0.00,0.00,0.00,2,0
2026-06-12 17:11:11.739,0.00,0.00,0.00,0.00,2,0
2026-06-12 17:11:11.790,0.00,0.00,0.00,0.00,2,0
2026-06-12 17:11:11.840,0.00,0.00,0.00,0.00,2,0
2026-06-12 17:11:11.890,0.00,0.00,0.00,0.00,2,0
2026-06-12 17:11:11.941,0.00,0.00,0.00,0.00,2,0
2026-06-12 17:11:11.991,0.00,0.00,0.00,0.00,2,0
2026-06-12 17:11:12.041,0.00,0.00,0.00,0.00,2,0
2026-06-12 17:11:12.092,0.00,0.00,0.00,0.00,2,0
2026-06-12 17:11:12.142,0.00,0.00,0.00,0.00,2,0
2026-06-12 17:11:12.193,0.00,0.00,0.00,0.00,2,0
2026-06-12 17:11:12.243,0.00,0.00,0.00,0.00,2,0
2026-06-12 17:11:12.293,0.00,0.00,0.00,0.00,2,0
2026-06-12 17:11:12.344,0.00,0.00,0.00,0.00,2,0
2026-06-12 17:11:12.394,0.00,0.00,0.00,0.00,2,0
2026-06-12 17:11:12.445,0.00,0.00,0.00,0.00,2,0
2026-06-12 17:11:12.495,0.00,0.00,0.00,0.00,2,0
2026-06-12 17:11:12.545,0.00,0.00,0.00,0.00,2,0
2026-06-12 17:11:12.596,0.00,0.00,0.00,0.00,2,0
2026-06-12 17:11:12.646,0.00,0.00,0.00,0.00,2,0
2026-06-12 17:11:12.699,0.00,0.00,0.00,0.00,2,0
2026-06-12 17:11:12.747,0.00,0.00,0.00,0.00,2,0
2026-06-12 17:11:12.797,0.00,0.00,0.00,0.00,2,0
2026-06-12 17:11:12.848,0.00,0.00,0.00,0.00,2,0
2026-06-12 17:11:12.898,0.00,0.00,0.00,0.00,2,0
2026-06-12 17:11:12.949,0.00,0.00,0.00,0.00,2,0
2026-06-12 17:11:12.999,0.00,0.00,0.00,0.00,2,0
2026-06-12 17:11:13.049,0.00,0.00,0.00,0.00,2,0
2026-06-12 17:11:13.100,0.00,0.00,0.00,0.00,2,0
2026-06-12 17:11:13.150,0.00,0.00,0.00,0.00,2,0
2026-06-12 17:11:13.201,0.00,0.00,0.00,0.00,2,0
2026-06-12 17:11:13.251,0.00,0.00,0.00,0.00,2,0
2026-06-12 17:11:13.301,0.00,0.00,0.00,0.00,2,0
2026-06-12 17:11:13.352,0.00,0.00,0.00,0.00,2,0
2026-06-12 17:11:13.402,0.00,0.00,0.00,0.00,2,0
2026-06-12 17:11:13.453,0.00,0.00,0.00,0.00,2,0
2026-06-12 17:11:13.503,0.00,0.00,0.00,0.00,2,0
2026-06-12 17:11:13.553,0.00,0.00,0.00,0.00,2,0
2026-06-12 17:11:13.604,0.00,0.00,0.00,0.00,2,0
2026-06-12 17:11:13.654,0.00,0.00,0.00,0.00,2,0
2026-06-12 17:11:13.707,0.00,0.00,0.00,0.00,2,0
2026-06-12 17:11:13.756,0.00,0.00,0.00,0.00,2,0
2026-06-12 17:11:13.805,0.00,0.00,0.00,0.00,2,0
2026-06-12 17:11:13.856,0.00,0.00,0.00,0.00,2,0
2026-06-12 17:11:13.906,0.00,0.00,0.00,0.00,2,0
2026-06-12 17:11:13.957,0.00,0.00,0.00,0.00,2,0
2026-06-12 17:11:14.007,0.00,0.00,0.00,0.00,2,0
2026-06-12 17:11:14.057,0.00,0.00,0.00,0.00,2,0
2026-06-12 17:11:14.108,0.00,0.00,0.00,0.00,2,0
2026-06-12 17:11:14.158,0.00,0.00,0.00,0.00,2,0
2026-06-12 17:11:14.209,0.00,0.00,0.00,0.00,2,0
2026-06-12 17:11:14.259,0.00,0.00,0.00,0.00,2,0
2026-06-12 17:11:14.309,0.00,0.00,0.00,0.00,2,0
2026-06-12 17:11:14.360,0.00,0.00,0.00,0.00,2,0
2026-06-12 17:11:14.410,0.00,0.00,0.00,0.00,2,0
2026-06-12 17:11:14.461,0.00,0.00,0.00,0.00,2,0
2026-06-12 17:11:14.511,0.00,0.00,0.00,0.00,2,0
2026-06-12 17:11:14.561,0.00,0.00,0.00,0.00,2,0
2026-06-12 17:11:14.612,0.00,0.00,0.00,0.00,2,0
2026-06-12 17:11:14.662,0.00,0.00,0.00,0.00,2,0
2026-06-12 17:11:14.713,0.00,0.00,0.00,0.00,2,0
2026-06-12 17:11:14.763,0.00,0.00,0.00,0.00,2,0
2026-06-12 17:11:14.813,0.00,0.00,0.00,0.00,2,0
2026-06-12 17:11:14.864,0.00,0.00,0.00,0.00,2,0
2026-06-12 17:11:14.914,0.00,0.00,0.00,0.00,2,0
2026-06-12 17:11:14.965,0.00,0.00,0.00,0.00,2,0
2026-06-12 17:11:15.015,0.00,0.00,0.00,0.00,2,0
2026-06-12 17:11:15.066,0.00,0.00,0.00,0.00,2,0
2026-06-12 17:11:15.116,0.00,0.00,0.00,0.00,2,0
2026-06-12 17:11:15.166,0.00,0.00,0.00,0.00,2,0
2026-06-12 17:11:15.217,0.00,0.00,0.00,0.00,2,0
2026-06-12 17:11:15.267,0.00,0.00,0.00,0.00,2,0
2026-06-12 17:11:15.317,0.00,0.00,0.00,0.00,2,0
2026-06-12 17:11:15.368,0.00,0.00,0.00,0.00,2,0
2026-06-12 17:11:15.418,0.00,0.00,0.00,0.00,2,0
2026-06-12 17:11:15.469,0.00,0.00,0.00,0.00,2,0
2026-06-12 17:11:15.519,0.00,0.00,0.00,0.00,2,0
2026-06-12 17:11:15.569,0.00,0.00,0.00,0.00,2,0
2026-06-12 17:11:15.620,0.00,0.00,0.00,0.00,2,0
2026-06-12 17:11:15.670,0.00,0.00,0.00,0.00,2,0
2026-06-12 17:11:15.721,0.00,0.00,0.00,0.00,2,0
2026-06-12 17:11:15.771,0.00,0.00,0.00,0.00,2,0
2026-06-12 17:11:15.821,0.00,0.00,0.00,0.00,2,0
2026-06-12 17:11:15.872,0.00,0.00,0.00,0.00,2,0
2026-06-12 17:11:15.922,0.00,0.00,0.00,0.00,2,0
2026-06-12 17:11:15.973,0.00,0.00,0.00,0.00,2,0
2026-06-12 17:11:16.023,0.00,0.00,0.00,0.00,2,0
2026-06-12 17:11:16.073,0.00,0.00,0.00,0.00,2,0
2026-06-12 17:11:16.124,0.00,0.00,0.00,0.00,2,0
2026-06-12 17:11:16.174,0.00,0.00,0.00,0.00,2,0
2026-06-12 17:11:16.225,0.00,0.00,0.00,0.00,2,0
2026-06-12 17:11:16.275,0.00,0.00,0.00,0.00,2,0
2026-06-12 17:11:16.326,0.00,0.00,0.00,0.00,2,0
2026-06-12 17:11:16.376,0.00,0.00,0.00,0.00,2,0
2026-06-12 17:11:16.426,0.00,0.00,0.00,0.00,2,0
2026-06-12 17:11:16.480,0.00,0.00,0.00,0.00,2,0
2026-06-12 17:11:16.527,0.00,0.00,0.00,0.00,2,0
2026-06-12 17:11:16.577,0.00,0.00,0.00,0.00,2,0
2026-06-12 17:11:16.628,0.00,0.00,0.00,0.00,2,0
2026-06-12 17:11:16.679,0.00,0.00,0.00,0.00,2,0
2026-06-12 17:11:16.729,0.00,0.00,0.00,0.00,2,0
2026-06-12 17:11:16.779,0.00,0.00,0.00,0.00,2,0
2026-06-12 17:11:16.829,0.00,0.00,0.00,0.00,2,0
2026-06-12 17:11:16.880,0.00,0.00,0.00,0.00,2,0
2026-06-12 17:11:16.930,0.00,0.00,0.00,0.00,2,0
2026-06-12 17:11:16.981,0.00,0.00,0.00,0.00,2,0
2026-06-12 17:11:17.031,0.00,0.00,0.00,0.00,2,0
2026-06-12 17:11:17.081,0.00,0.00,0.00,0.00,2,0
2026-06-12 17:11:17.132,0.00,0.00,0.00,0.00,2,0
2026-06-12 17:11:17.182,0.00,0.00,0.00,0.00,2,0
2026-06-12 17:11:17.233,0.00,0.00,0.00,0.00,2,0
2026-06-12 17:11:17.283,0.00,0.00,0.00,0.00,2,0
2026-06-12 17:11:17.333,0.00,0.00,0.00,0.00,2,0
2026-06-12 17:11:17.384,0.00,0.00,0.00,0.00,2,0
2026-06-12 17:11:17.434,0.00,0.00,0.00,0.00,2,0
2026-06-12 17:11:17.485,0.00,0.00,0.00,0.00,2,0
2026-06-12 17:11:17.535,0.00,0.00,0.00,0.00,2,0
2026-06-12 17:11:17.586,0.00,0.00,0.00,0.00,2,0
2026-06-12 17:11:17.636,0.00,0.00,0.00,0.00,2,0
2026-06-12 17:11:17.686,0.00,0.00,0.00,0.00,2,0
2026-06-12 17:11:17.736,0.00,0.00,0.00,0.00,2,0
2026-06-12 17:11:17.787,0.00,0.00,0.00,0.00,2,0
2026-06-12 17:11:17.837,0.00,0.00,0.00,0.00,2,0
2026-06-12 17:11:17.888,0.00,0.00,0.00,0.00,2,0
2026-06-12 17:11:17.938,0.00,0.00,0.00,0.00,2,0
2026-06-12 17:11:17.989,0.00,0.00,0.00,0.00,2,0
2026-06-12 17:11:18.039,0.00,0.00,0.00,0.00,2,0
2026-06-12 17:11:18.089,0.00,0.00,0.00,0.00,2,0
2026-06-12 17:11:18.140,0.00,0.00,0.00,0.00,2,0
2026-06-12 17:11:18.190,0.00,0.00,0.00,0.00,2,0
2026-06-12 17:11:18.241,0.00,0.00,0.00,0.00,2,0
2026-06-12 17:11:18.291,0.00,0.00,0.00,0.00,2,0
2026-06-12 17:11:18.341,0.00,0.00,0.00,0.00,2,0
2026-06-12 17:11:18.392,0.00,0.00,0.00,0.00,2,0
2026-06-12 17:11:18.442,0.00,0.00,0.00,0.00,2,0
2026-06-12 17:11:18.493,0.00,0.00,0.00,0.00,2,0
2026-06-12 17:11:18.543,0.00,0.00,0.00,0.00,2,0
2026-06-12 17:11:18.593,0.00,0.00,0.00,0.00,2,0
2026-06-12 17:11:18.644,0.00,0.00,0.00,0.00,2,0
2026-06-12 17:11:18.694,0.00,0.00,0.00,0.00,2,0
2026-06-12 17:11:18.746,0.00,0.00,0.00,0.00,2,0
2026-06-12 17:11:18.795,0.00,0.00,0.00,0.00,2,0
2026-06-12 17:11:18.846,0.00,0.00,0.00,0.00,2,0
2026-06-12 17:11:18.896,0.00,0.00,0.00,0.00,2,0
2026-06-12 17:11:18.946,0.00,0.00,0.00,0.00,2,0
2026-06-12 17:11:18.997,0.00,0.00,0.00,0.00,2,0
2026-06-12 17:11:19.047,0.00,0.00,0.00,0.00,2,0
2026-06-12 17:11:19.097,0.00,0.00,0.00,0.00,2,0
2026-06-12 17:11:19.148,0.00,0.00,0.00,0.00,2,0
2026-06-12 17:11:19.198,0.00,0.00,0.00,0.00,2,0
2026-06-12 17:11:19.249,0.00,0.00,0.00,0.00,2,0
2026-06-12 17:11:19.299,0.00,0.00,0.00,0.00,2,0
2026-06-12 17:11:19.349,0.00,0.00,0.00,0.00,2,0
2026-06-12 17:11:19.400,0.00,0.00,0.00,0.00,2,0
2026-06-12 17:11:19.450,0.00,0.00,0.00,0.00,2,0
2026-06-12 17:11:19.501,0.00,0.00,0.00,0.00,2,0
2026-06-12 17:11:19.553,0.00,0.00,0.00,0.00,2,0
2026-06-12 17:11:19.601,0.00,0.00,0.00,0.00,2,0
2026-06-12 17:11:19.652,0.00,0.00,0.00,0.00,2,0
2026-06-12 17:11:19.702,0.00,0.00,0.00,0.00,2,0
2026-06-12 17:11:19.753,0.00,0.00,0.00,0.00,2,0
2026-06-12 17:11:19.804,0.00,0.00,0.00,0.00,2,0
2026-06-12 17:11:19.853,0.00,0.00,0.00,0.00,2,0
2026-06-12 17:11:19.904,0.00,0.00,0.00,0.00,2,0
2026-06-12 17:11:19.954,0.00,0.00,0.00,0.00,2,0
2026-06-12 17:11:20.005,0.00,0.00,0.00,0.00,2,0
2026-06-12 17:11:20.055,0.00,0.00,0.00,0.00,2,0
2026-06-12 17:11:20.106,0.00,0.00,0.00,0.00,2,0
2026-06-12 17:11:20.156,0.00,0.00,0.00,0.00,2,0
2026-06-12 17:11:20.206,0.00,0.00,0.00,0.00,2,0
2026-06-12 17:11:20.256,0.00,0.00,0.00,0.00,2,0
2026-06-12 17:11:20.307,0.00,0.00,0.00,0.00,2,0
2026-06-12 17:11:20.357,0.00,0.00,0.00,0.00,2,0
2026-06-12 17:11:20.408,0.00,0.00,0.00,0.00,2,0
2026-06-12 17:11:20.459,0.00,0.00,0.00,0.00,2,0
2026-06-12 17:11:20.508,0.00,0.00,0.00,0.00,2,0
2026-06-12 17:11:20.559,0.00,0.00,0.00,0.00,2,0
2026-06-12 17:11:20.609,0.00,0.00,0.00,0.00,2,0
2026-06-12 17:11:20.660,0.00,0.00,0.00,0.00,2,0
2026-06-12 17:11:20.710,0.00,0.00,0.00,0.00,2,0
2026-06-12 17:11:20.761,0.00,0.00,0.00,0.00,2,0
2026-06-12 17:11:20.811,0.00,0.00,0.00,0.00,2,0
2026-06-12 17:11:20.861,0.00,0.00,0.00,0.00,2,0
2026-06-12 17:11:20.912,0.00,0.00,0.00,0.00,2,0
2026-06-12 17:11:20.962,0.00,0.00,0.00,0.00,2,0
2026-06-12 17:11:21.013,0.00,0.00,0.00,0.00,2,0
2026-06-12 17:11:21.063,0.00,0.00,0.00,0.00,2,0
2026-06-12 17:11:21.113,0.00,0.00,0.00,0.00,2,0
2026-06-12 17:11:21.164,0.00,0.00,0.00,0.00,2,0
2026-06-12 17:11:21.214,0.00,0.00,0.00,0.00,2,0
2026-06-12 17:11:21.266,0.00,0.00,0.00,0.00,2,0
2026-06-12 17:11:21.315,0.00,0.00,0.00,0.00,2,0
2026-06-12 17:11:21.366,0.00,0.00,0.00,0.00,2,0
2026-06-12 17:11:21.416,0.00,0.00,0.00,0.00,2,0
2026-06-12 17:11:21.466,0.00,0.00,0.00,0.00,2,0
2026-06-12 17:11:21.516,0.00,0.00,0.00,0.00,2,0
2026-06-12 17:11:21.567,0.00,0.00,0.00,0.00,2,0
2026-06-12 17:11:21.617,0.00,0.00,0.00,0.00,2,0
2026-06-12 17:11:21.668,0.00,0.00,0.00,0.00,2,0
2026-06-12 17:11:21.718,0.00,0.00,0.00,0.00,2,0
2026-06-12 17:11:21.768,0.00,0.00,0.00,0.00,2,0
2026-06-12 17:11:21.819,0.00,0.00,0.00,0.00,2,0
2026-06-12 17:11:21.869,0.00,0.00,0.00,0.00,2,0
2026-06-12 17:11:21.920,0.00,0.00,0.00,0.00,2,0
2026-06-12 17:11:21.970,0.00,0.00,0.00,0.00,2,0
2026-06-12 17:11:22.020,0.00,0.00,0.00,0.00,2,0
2026-06-12 17:11:22.071,0.00,0.00,0.00,0.00,2,0
2026-06-12 17:11:22.121,0.00,0.00,0.00,0.00,2,0
2026-06-12 17:11:22.172,0.00,0.00,0.00,0.00,2,0
2026-06-12 17:11:22.222,0.00,0.00,0.00,0.00,2,0
2026-06-12 17:11:22.272,0.00,0.00,0.00,0.00,2,0
2026-06-12 17:11:22.323,0.00,0.00,0.00,0.00,2,0
2026-06-12 17:11:22.373,0.00,0.00,0.00,0.00,2,0
2026-06-12 17:11:22.424,0.00,0.00,0.00,0.00,2,0
2026-06-12 17:11:22.474,0.00,0.00,0.00,0.00,2,0
2026-06-12 17:11:22.525,0.00,0.00,0.00,0.00,2,0
2026-06-12 17:11:22.575,0.00,0.00,0.00,0.00,2,0
2026-06-12 17:11:22.625,0.00,0.00,0.00,0.00,2,0
2026-06-12 17:11:22.676,0.00,0.00,0.00,0.00,2,0
2026-06-12 17:11:22.726,0.00,0.00,0.00,0.00,2,0
2026-06-12 17:11:22.776,0.00,0.00,0.00,0.00,2,0
2026-06-12 17:11:22.827,0.00,0.00,0.00,0.00,2,0
2026-06-12 17:11:22.877,0.00,0.00,0.00,0.00,2,0
2026-06-12 17:11:22.928,0.00,0.00,0.00,0.00,2,0
2026-06-12 17:11:22.979,0.00,0.00,0.00,0.00,2,0
2026-06-12 17:11:23.028,0.00,0.00,0.00,0.00,2,0
2026-06-12 17:11:23.080,0.00,0.00,0.00,0.00,2,0
2026-06-12 17:11:23.129,0.00,0.00,0.00,0.00,2,0
2026-06-12 17:11:23.180,0.00,0.00,0.00,0.00,2,0
2026-06-12 17:11:23.230,0.00,0.00,0.00,0.00,2,0
2026-06-12 17:11:23.280,0.00,0.00,0.00,0.00,2,0
2026-06-12 17:11:23.331,0.00,0.00,0.00,0.00,2,0
2026-06-12 17:11:23.381,0.00,0.00,0.00,0.00,2,0
2026-06-12 17:11:23.432,0.00,0.00,0.00,0.00,2,0
2026-06-12 17:11:23.482,0.00,0.00,0.00,0.00,2,0
2026-06-12 17:11:23.533,0.00,0.00,0.00,0.00,2,0
2026-06-12 17:11:23.583,0.00,0.00,0.00,0.00,2,0
2026-06-12 17:11:23.633,0.00,0.00,0.00,0.00,2,0
2026-06-12 17:11:23.684,0.00,0.00,0.00,0.00,2,0
2026-06-12 17:11:23.734,0.00,0.00,0.00,0.00,2,0
2026-06-12 17:11:23.785,0.00,0.00,0.00,0.00,2,0
2026-06-12 17:11:23.835,0.00,0.00,0.00,0.00,2,0
2026-06-12 17:11:23.886,0.00,0.00,0.00,0.00,2,0
2026-06-12 17:11:23.936,0.00,0.00,0.00,0.00,2,0
2026-06-12 17:11:23.986,0.00,0.00,0.00,0.00,2,0
2026-06-12 17:11:24.036,0.00,0.00,0.00,0.00,2,0
2026-06-12 17:11:24.087,0.00,0.00,0.00,0.00,2,0
2026-06-12 17:11:24.137,0.00,0.00,0.00,0.00,2,0
2026-06-12 17:11:24.188,0.00,0.00,0.00,0.00,2,0
2026-06-12 17:11:24.238,0.00,0.00,0.00,0.00,2,0
2026-06-12 17:11:24.289,0.00,0.00,0.00,0.00,2,0
2026-06-12 17:11:24.339,0.00,0.00,0.00,0.00,2,0
2026-06-12 17:11:24.389,0.00,0.00,0.00,0.00,2,0
2026-06-12 17:11:24.440,0.00,0.00,0.00,0.00,2,0
2026-06-12 17:11:24.490,0.00,0.00,0.00,0.00,2,0
2026-06-12 17:11:24.540,0.00,0.00,0.00,0.00,2,0
2026-06-12 17:11:24.591,0.00,0.00,0.00,0.00,2,0
2026-06-12 17:11:24.641,0.00,0.00,0.00,0.00,2,0
2026-06-12 17:11:24.692,0.00,0.00,0.00,0.00,2,0
2026-06-12 17:11:24.742,0.00,0.00,0.00,0.00,2,0
2026-06-12 17:11:24.792,0.00,0.00,0.00,0.00,2,0
2026-06-12 17:11:24.843,0.00,0.00,0.00,0.00,2,0
2026-06-12 17:11:24.893,0.00,0.00,0.00,0.00,2,0
2026-06-12 17:11:24.944,0.00,0.00,0.00,0.00,2,0
2026-06-12 17:11:24.994,0.00,0.00,0.00,0.00,2,0
2026-06-12 17:11:25.044,0.00,0.00,0.00,0.00,2,0
2026-06-12 17:11:25.095,0.00,0.00,0.00,0.00,2,0
2026-06-12 17:11:25.145,0.00,0.00,0.00,0.00,2,0
2026-06-12 17:11:25.196,0.00,0.00,0.00,0.00,2,0
2026-06-12 17:11:25.246,0.00,0.00,0.00,0.00,2,0
2026-06-12 17:11:25.296,0.00,0.00,0.00,0.00,2,0
2026-06-12 17:11:25.347,0.00,0.00,0.00,0.00,2,0
2026-06-12 17:11:25.397,0.00,0.00,0.00,0.00,2,0
2026-06-12 17:11:25.448,0.00,0.00,0.00,0.00,2,0
2026-06-12 17:11:25.498,0.00,0.00,0.00,0.00,2,0
2026-06-12 17:11:25.548,0.00,0.00,0.00,0.00,2,0
2026-06-12 17:11:25.599,0.00,0.00,0.00,0.00,2,0
2026-06-12 17:11:25.649,0.00,0.00,0.00,0.00,2,0
2026-06-12 17:11:25.700,0.00,0.00,0.00,0.00,2,0
2026-06-12 17:11:25.750,0.00,0.00,0.00,0.00,2,0
2026-06-12 17:11:25.800,0.00,0.00,0.00,0.00,2,0
2026-06-12 17:11:25.851,0.00,0.00,0.00,0.00,2,0
2026-06-12 17:11:25.901,0.00,0.00,0.00,0.00,2,0
2026-06-12 17:11:25.952,0.00,0.00,0.00,0.00,2,0
2026-06-12 17:11:26.002,0.00,0.00,0.00,0.00,2,0
2026-06-12 17:11:26.052,0.00,0.00,0.00,0.00,2,0
2026-06-12 17:11:26.103,0.00,0.00,0.00,0.00,2,0
2026-06-12 17:11:26.153,0.00,0.00,0.00,0.00,2,0
2026-06-12 17:11:26.204,0.00,0.00,0.00,0.00,2,0
2026-06-12 17:11:26.254,0.00,0.00,0.00,0.00,2,0
2026-06-12 17:11:26.305,0.00,0.00,0.00,0.00,2,0
2026-06-12 17:11:26.356,0.00,0.00,0.00,0.00,2,0
2026-06-12 17:11:26.406,0.00,0.00,0.00,0.00,2,0
2026-06-12 17:11:26.456,0.00,0.00,0.00,0.00,2,0
2026-06-12 17:11:26.506,0.00,0.00,0.00,0.00,2,0
2026-06-12 17:11:26.556,0.00,0.00,0.00,0.00,2,0
2026-06-12 17:11:26.607,0.00,0.00,0.00,0.00,2,0
2026-06-12 17:11:26.657,0.00,0.00,0.00,0.00,2,0
2026-06-12 17:11:26.712,0.00,0.00,0.00,0.00,2,0
2026-06-12 17:11:26.758,0.00,0.00,0.00,0.00,2,0
2026-06-12 17:11:26.808,0.00,0.00,0.00,0.00,2,0
2026-06-12 17:11:26.859,0.00,0.00,0.00,0.00,2,0
2026-06-12 17:11:26.909,0.00,0.00,0.00,0.00,2,0
2026-06-12 17:11:26.960,0.00,0.00,0.00,0.00,2,0
2026-06-12 17:11:27.010,0.00,0.00,0.00,0.00,2,0
2026-06-12 17:11:27.060,0.00,0.00,0.00,0.00,2,0
2026-06-12 17:11:27.111,0.00,0.00,0.00,0.00,2,0
2026-06-12 17:11:27.161,0.00,0.00,0.00,0.00,2,0
2026-06-12 17:11:27.212,0.00,0.00,0.00,0.00,2,0
2026-06-12 17:11:27.262,0.00,0.00,0.00,0.00,2,0
2026-06-12 17:11:27.312,0.00,0.00,0.00,0.00,2,0
2026-06-12 17:11:27.363,0.00,0.00,0.00,0.00,2,0
2026-06-12 17:11:27.413,0.00,0.00,0.00,0.00,2,0
2026-06-12 17:11:27.464,0.00,0.00,0.00,0.00,2,0
2026-06-12 17:11:27.514,0.00,0.00,0.00,0.00,2,0
2026-06-12 17:11:27.564,0.00,0.00,0.00,0.00,2,0
2026-06-12 17:11:27.615,0.00,0.00,0.00,0.00,2,0
2026-06-12 17:11:27.666,0.00,0.00,0.00,0.00,2,0
2026-06-12 17:11:27.716,0.00,0.00,0.00,0.00,2,0
2026-06-12 17:11:27.766,0.00,0.00,0.00,0.00,2,0
2026-06-12 17:11:27.816,0.00,0.00,0.00,0.00,2,0
2026-06-12 17:11:27.867,0.00,0.00,0.00,0.00,2,0
2026-06-12 17:11:27.917,0.00,0.00,0.00,0.00,2,0
2026-06-12 17:11:27.968,0.00,0.00,0.00,0.00,2,0
2026-06-12 17:11:28.018,0.00,0.00,0.00,0.00,2,0
2026-06-12 17:11:28.068,0.00,0.00,0.00,0.00,2,0
2026-06-12 17:11:28.119,0.00,0.00,0.00,0.00,2,0
2026-06-12 17:11:28.169,0.00,0.00,0.00,0.00,2,0
2026-06-12 17:11:28.220,0.00,0.00,0.00,0.00,2,0
2026-06-12 17:11:28.270,0.00,0.00,0.00,0.00,2,0
2026-06-12 17:11:28.320,0.00,0.00,0.00,0.00,2,0
2026-06-12 17:11:28.372,0.00,0.00,0.00,0.00,2,0
2026-06-12 17:11:28.421,0.00,0.00,0.00,0.00,2,0
2026-06-12 17:11:28.472,0.00,0.00,0.00,0.00,2,0
2026-06-12 17:11:28.522,0.00,0.00,0.00,0.00,2,0
2026-06-12 17:11:28.572,0.00,0.00,0.00,0.00,2,0
2026-06-12 17:11:28.623,0.00,0.00,0.00,0.00,2,0
2026-06-12 17:11:28.673,0.00,0.00,0.00,0.00,2,0
2026-06-12 17:11:28.724,0.00,0.00,0.00,0.00,2,0
2026-06-12 17:11:28.774,0.00,0.00,0.00,0.00,2,0
2026-06-12 17:11:28.825,0.00,0.00,0.00,0.00,2,0
2026-06-12 17:11:28.875,0.00,0.00,0.00,0.00,2,0
2026-06-12 17:11:28.926,0.00,0.00,0.00,0.00,2,0
2026-06-12 17:11:28.976,0.00,0.00,0.00,0.00,2,0
2026-06-12 17:11:29.026,0.00,0.00,0.00,0.00,2,0
2026-06-12 17:11:29.076,0.00,0.00,0.00,0.00,2,0
2026-06-12 17:11:29.127,0.00,0.00,0.00,0.00,2,0
2026-06-12 17:11:29.177,0.00,0.00,0.00,0.00,2,0
2026-06-12 17:11:29.228,0.00,0.00,0.00,0.00,2,0
2026-06-12 17:11:29.279,0.00,0.00,0.00,0.00,2,0
2026-06-12 17:11:29.328,0.00,0.00,0.00,0.00,2,0
2026-06-12 17:11:29.379,0.00,0.00,0.00,0.00,2,0
2026-06-12 17:11:29.429,0.00,0.00,0.00,0.00,2,0
2026-06-12 17:11:29.480,0.00,0.00,0.00,0.00,2,0
2026-06-12 17:11:29.530,0.00,0.00,0.00,0.00,2,0
2026-06-12 17:11:29.580,0.00,0.00,0.00,0.00,2,0
2026-06-12 17:11:29.631,0.00,0.00,0.00,0.00,2,0
2026-06-12 17:11:29.681,0.00,0.00,0.00,0.00,2,0
2026-06-12 17:11:29.732,0.00,0.00,0.00,0.00,2,0
2026-06-12 17:11:29.782,0.00,0.00,0.00,0.00,2,0
2026-06-12 17:11:29.832,0.00,0.00,0.00,0.00,2,0
2026-06-12 17:11:29.883,0.00,0.00,0.00,0.00,2,0
2026-06-12 17:11:29.933,0.00,0.00,0.00,0.00,2,0
2026-06-12 17:11:29.984,0.00,0.00,0.00,0.00,2,0
2026-06-12 17:11:30.034,0.00,0.00,0.00,0.00,2,0
2026-06-12 17:11:30.084,0.00,0.00,0.00,0.00,2,0
2026-06-12 17:11:30.135,0.00,0.00,0.00,0.00,2,0
2026-06-12 17:11:30.185,0.00,0.00,0.00,0.00,2,0
2026-06-12 17:11:30.235,0.00,0.00,0.00,0.00,2,0
2026-06-12 17:11:30.286,0.00,0.00,0.00,0.00,2,0
2026-06-12 17:11:30.336,0.00,0.00,0.00,0.00,2,0
2026-06-12 17:11:30.387,0.00,0.00,0.00,0.00,2,0
2026-06-12 17:11:30.437,0.00,0.00,0.00,0.00,2,0
2026-06-12 17:11:30.487,0.00,0.00,0.00,0.00,2,0
2026-06-12 17:11:30.538,0.00,0.00,0.00,0.00,2,0
2026-06-12 17:11:30.588,0.00,0.00,0.00,0.00,2,0
2026-06-12 17:11:30.639,0.00,0.00,0.00,0.00,2,0
2026-06-12 17:11:30.689,0.00,0.00,0.00,0.00,2,0
2026-06-12 17:11:30.739,0.00,0.00,0.00,0.00,2,0
2026-06-12 17:11:30.790,0.00,0.00,0.00,0.00,2,0
2026-06-12 17:11:30.840,0.00,0.00,0.00,0.00,2,0
2026-06-12 17:11:30.891,0.00,0.00,0.00,0.00,2,0
2026-06-12 17:11:30.941,0.00,0.00,0.00,0.00,2,0
2026-06-12 17:11:30.992,0.00,0.00,0.00,0.00,2,0
2026-06-12 17:11:31.042,0.00,0.00,0.00,0.00,2,0
2026-06-12 17:11:31.092,0.00,0.00,0.00,0.00,2,0
2026-06-12 17:11:31.143,0.00,0.00,0.00,0.00,2,0
2026-06-12 17:11:31.193,0.00,0.00,0.00,0.00,2,0
2026-06-12 17:11:31.244,0.00,0.00,0.00,0.00,2,0
2026-06-12 17:11:31.294,0.00,0.00,0.00,0.00,2,0
2026-06-12 17:11:31.344,0.00,0.00,0.00,0.00,2,0
2026-06-12 17:11:31.395,0.00,0.00,0.00,0.00,2,0
2026-06-12 17:11:31.445,0.00,0.00,0.00,0.00,2,0
2026-06-12 17:11:31.496,0.00,0.00,0.00,0.00,2,0
2026-06-12 17:11:31.546,0.00,0.00,0.00,0.00,2,0
2026-06-12 17:11:31.596,0.00,0.00,0.00,0.00,2,0
2026-06-12 17:11:31.647,0.00,0.00,0.00,0.00,2,0
2026-06-12 17:11:31.697,0.00,0.00,0.00,0.00,2,0
2026-06-12 17:11:31.747,0.00,0.00,0.00,0.00,2,0
2026-06-12 17:11:31.798,0.00,0.00,0.00,0.00,2,0
2026-06-12 17:11:31.848,0.00,0.00,0.00,0.00,2,0
2026-06-12 17:11:31.899,0.00,0.00,0.00,0.00,2,0
2026-06-12 17:11:31.949,0.00,0.00,0.00,0.00,2,0
2026-06-12 17:11:31.999,0.00,0.00,0.00,0.00,2,0
2026-06-12 17:11:32.050,0.00,0.00,0.00,0.00,2,0
2026-06-12 17:11:32.100,0.00,0.00,0.00,0.00,2,0
2026-06-12 17:11:32.151,0.00,0.00,0.00,0.00,2,0
2026-06-12 17:11:32.201,0.00,0.00,0.00,0.00,2,0
2026-06-12 17:11:32.251,0.00,0.00,0.00,0.00,2,0
2026-06-12 17:11:32.302,0.00,0.00,0.00,0.00,2,0
2026-06-12 17:11:32.352,0.00,0.00,0.00,0.00,2,0
2026-06-12 17:11:32.403,0.00,0.00,0.00,0.00,2,0
2026-06-12 17:11:32.453,0.00,0.00,0.00,0.00,2,0
2026-06-12 17:11:32.503,0.00,0.00,0.00,0.00,2,0
2026-06-12 17:11:32.554,0.00,0.00,0.00,0.00,2,0
2026-06-12 17:11:32.604,0.00,0.00,0.00,0.00,2,0
2026-06-12 17:11:32.655,0.00,0.00,0.00,0.00,2,0
2026-06-12 17:11:32.705,0.00,0.00,0.00,0.00,2,0
2026-06-12 17:11:32.756,0.00,0.00,0.00,0.00,2,0
2026-06-12 17:11:32.806,0.00,0.00,0.00,0.00,2,0
2026-06-12 17:11:32.856,0.00,0.00,0.00,0.00,2,0
2026-06-12 17:11:32.907,0.00,0.00,0.00,0.00,2,0
2026-06-12 17:11:32.957,0.00,0.00,0.00,0.00,2,0
2026-06-12 17:11:33.007,0.00,0.00,0.00,0.00,2,0
2026-06-12 17:11:33.058,0.00,0.00,0.00,0.00,2,0
2026-06-12 17:11:33.108,0.00,0.00,0.00,0.00,2,0
2026-06-12 17:11:33.159,0.00,0.00,0.00,0.00,2,0
2026-06-12 17:11:33.209,0.00,0.00,0.00,0.00,2,0
2026-06-12 17:11:33.259,0.00,0.00,0.00,0.00,2,0
2026-06-12 17:11:33.310,0.00,0.00,0.00,0.00,2,0
2026-06-12 17:11:33.360,0.00,0.00,0.00,0.00,2,0
2026-06-12 17:11:33.411,0.00,0.00,0.00,0.00,2,0
2026-06-12 17:11:33.461,0.00,0.00,0.00,0.00,2,0
2026-06-12 17:11:33.512,0.00,0.00,0.00,0.00,2,0
2026-06-12 17:11:33.562,0.00,0.00,0.00,0.00,2,0
2026-06-12 17:11:33.612,0.00,0.00,0.00,0.00,2,0
2026-06-12 17:11:33.663,0.00,0.00,0.00,0.00,2,0
2026-06-12 17:11:33.713,0.00,0.00,0.00,0.00,2,0
2026-06-12 17:11:33.763,0.00,0.00,0.00,0.00,2,0
2026-06-12 17:11:33.814,0.00,0.00,0.00,0.00,2,0
2026-06-12 17:11:33.864,0.00,0.00,0.00,0.00,2,0
2026-06-12 17:11:33.915,0.00,0.00,0.00,0.00,2,0
2026-06-12 17:11:33.966,0.00,0.00,0.00,0.00,2,0
2026-06-12 17:11:34.015,0.00,0.00,0.00,0.00,2,0
2026-06-12 17:11:34.066,0.00,0.00,0.00,0.00,2,0
2026-06-12 17:11:34.116,0.00,0.00,0.00,0.00,2,0
2026-06-12 17:11:34.167,0.00,0.00,0.00,0.00,2,0
2026-06-12 17:11:34.217,0.00,0.00,0.00,0.00,2,0
2026-06-12 17:11:34.267,0.00,0.00,0.00,0.00,2,0
2026-06-12 17:11:34.318,0.00,0.00,0.00,0.00,2,0
2026-06-12 17:11:34.368,0.00,0.00,0.00,0.00,2,0
2026-06-12 17:11:34.419,0.00,0.00,0.00,0.00,2,0
2026-06-12 17:11:34.469,0.00,0.00,0.00,0.00,2,0
2026-06-12 17:11:34.519,0.00,0.00,0.00,0.00,2,0
2026-06-12 17:11:34.570,0.00,0.00,0.00,0.00,2,0
2026-06-12 17:11:34.620,0.00,0.00,0.00,0.00,2,0
2026-06-12 17:11:34.671,0.00,0.00,0.00,0.00,2,0
2026-06-12 17:11:34.721,0.00,0.00,0.00,0.00,2,0
2026-06-12 17:11:34.772,0.00,0.00,0.00,0.00,2,0
2026-06-12 17:11:34.822,0.00,0.00,0.00,0.00,2,0
2026-06-12 17:11:34.872,0.00,0.00,0.00,0.00,2,0
2026-06-12 17:11:34.923,0.00,0.00,0.00,0.00,2,0
2026-06-12 17:11:34.973,0.00,0.00,0.00,0.00,2,0
2026-06-12 17:11:35.024,0.00,0.00,0.00,0.00,2,0
2026-06-12 17:11:35.074,0.00,0.00,0.00,0.00,2,0
2026-06-12 17:11:35.124,0.00,0.00,0.00,0.00,2,0
2026-06-12 17:11:35.175,0.00,0.00,0.00,0.00,2,0
2026-06-12 17:11:35.225,0.00,0.00,0.00,0.00,2,0
2026-06-12 17:11:35.275,0.00,0.00,0.00,0.00,2,0
2026-06-12 17:11:35.326,0.00,0.00,0.00,0.00,2,0
2026-06-12 17:11:35.376,0.00,0.00,0.00,0.00,2,0
2026-06-12 17:11:35.427,0.00,0.00,0.00,0.00,2,0
2026-06-12 17:11:35.477,0.00,0.00,0.00,0.00,2,0
2026-06-12 17:11:35.528,0.00,0.00,0.00,0.00,2,0
2026-06-12 17:11:35.578,0.00,0.00,0.00,0.00,2,0
2026-06-12 17:11:35.628,0.00,0.00,0.00,0.00,2,0
2026-06-12 17:11:35.679,0.00,0.00,0.00,0.00,2,0
2026-06-12 17:11:35.729,0.00,0.00,0.00,0.00,2,0
2026-06-12 17:11:35.780,0.00,0.00,0.00,0.00,2,0
2026-06-12 17:11:35.830,0.00,0.00,0.00,0.00,2,0
2026-06-12 17:11:35.880,0.00,0.00,0.00,0.00,2,0
2026-06-12 17:11:35.931,0.00,0.00,0.00,0.00,2,0
2026-06-12 17:11:35.981,0.00,0.00,0.00,0.00,2,0
2026-06-12 17:11:36.032,0.00,0.00,0.00,0.00,2,0
2026-06-12 17:11:36.082,0.00,0.00,0.00,0.00,2,0
2026-06-12 17:11:36.132,0.00,0.00,0.00,0.00,2,0
2026-06-12 17:11:36.183,0.00,0.00,0.00,0.00,2,0
2026-06-12 17:11:36.233,0.00,0.00,0.00,0.00,2,0
2026-06-12 17:11:36.283,0.00,0.00,0.00,0.00,2,0
2026-06-12 17:11:36.334,0.00,0.00,0.00,0.00,2,0
2026-06-12 17:11:36.384,0.00,0.00,0.00,0.00,2,0
2026-06-12 17:11:36.436,0.00,0.00,0.00,0.00,2,0
2026-06-12 17:11:36.485,0.00,0.00,0.00,0.00,2,0
2026-06-12 17:11:36.538,0.00,0.00,0.00,0.00,2,0
2026-06-12 17:11:36.587,0.00,0.00,0.00,0.00,2,0
2026-06-12 17:11:36.636,0.00,0.00,0.00,0.00,2,0
2026-06-12 17:11:36.687,0.00,0.00,0.00,0.00,2,0
2026-06-12 17:11:36.737,0.00,0.00,0.00,0.00,2,0
2026-06-12 17:11:36.787,0.00,0.00,0.00,0.00,2,0
2026-06-12 17:11:36.838,0.00,0.00,0.00,0.00,2,0
2026-06-12 17:11:36.888,0.00,0.00,0.00,0.00,2,0
2026-06-12 17:11:36.939,0.00,0.00,0.00,0.00,2,0
2026-06-12 17:11:36.989,0.00,0.00,0.00,0.00,2,0
2026-06-12 17:11:37.039,0.00,0.00,0.00,0.00,2,0
2026-06-12 17:11:37.090,0.00,0.00,0.00,0.00,2,0
2026-06-12 17:11:37.140,0.00,0.00,0.00,0.00,2,0
2026-06-12 17:11:37.191,0.00,0.00,0.00,0.00,2,0
2026-06-12 17:11:37.241,0.00,0.00,0.00,0.00,2,0
2026-06-12 17:11:37.291,0.00,0.00,0.00,0.00,2,0
2026-06-12 17:11:37.342,0.00,0.00,0.00,0.00,2,0
2026-06-12 17:11:37.392,0.00,0.00,0.00,0.00,2,0
2026-06-12 17:11:37.443,0.00,0.00,0.00,0.00,2,0
2026-06-12 17:11:37.493,0.00,0.00,0.00,0.00,2,0
2026-06-12 17:11:37.543,0.00,0.00,0.00,0.00,2,0
2026-06-12 17:11:37.594,0.00,0.00,0.00,0.00,2,0
2026-06-12 17:11:37.644,0.00,0.00,0.00,0.00,2,0
2026-06-12 17:11:37.695,0.00,0.00,0.00,0.00,2,0
2026-06-12 17:11:37.746,0.00,0.00,0.00,0.00,2,0
2026-06-12 17:11:37.796,0.00,0.00,0.00,0.00,2,0
2026-06-12 17:11:37.846,0.00,0.00,0.00,0.00,2,0
2026-06-12 17:11:37.896,0.00,0.00,0.00,0.00,2,0
2026-06-12 17:11:37.947,0.00,0.00,0.00,0.00,2,0
2026-06-12 17:11:37.997,0.00,0.00,0.00,0.00,2,0
2026-06-12 17:11:38.047,0.00,0.00,0.00,0.00,2,0
2026-06-12 17:11:38.098,0.00,0.00,0.00,0.00,2,0
2026-06-12 17:11:38.148,0.00,0.00,0.00,0.00,2,0
2026-06-12 17:11:38.199,0.00,0.00,0.00,0.00,2,0
2026-06-12 17:11:38.249,0.00,0.00,0.00,0.00,2,0
2026-06-12 17:11:38.299,0.00,0.00,0.00,0.00,2,0
2026-06-12 17:11:38.350,0.00,0.00,0.00,0.00,2,0
2026-06-12 17:11:38.400,0.00,0.00,0.00,0.00,2,0
2026-06-12 17:11:38.451,0.00,0.00,0.00,0.00,2,0
2026-06-12 17:11:38.501,0.00,0.00,0.00,0.00,2,0
2026-06-12 17:11:38.551,0.00,0.00,0.00,0.00,2,0
2026-06-12 17:11:38.602,0.00,0.00,0.00,0.00,2,0
2026-06-12 17:11:38.652,0.00,0.00,0.00,0.00,2,0
2026-06-12 17:11:38.703,0.00,0.00,0.00,0.00,2,0
2026-06-12 17:11:38.753,0.00,0.00,0.00,0.00,2,0
2026-06-12 17:11:38.804,0.00,0.00,0.00,0.00,2,0
2026-06-12 17:11:38.854,0.00,0.00,0.00,0.00,2,0
2026-06-12 17:11:38.904,0.00,0.00,0.00,0.00,2,0
2026-06-12 17:11:38.956,0.00,0.00,0.00,0.00,2,0
2026-06-12 17:11:39.005,0.00,0.00,0.00,0.00,2,0
2026-06-12 17:11:39.056,0.00,0.00,0.00,0.00,2,0
2026-06-12 17:11:39.106,0.00,0.00,0.00,0.00,2,0
2026-06-12 17:11:39.156,0.00,0.00,0.00,0.00,2,0
2026-06-12 17:11:39.207,0.00,0.00,0.00,0.00,2,0
2026-06-12 17:11:39.257,0.00,0.00,0.00,0.00,2,0
2026-06-12 17:11:39.307,0.00,0.00,0.00,0.00,2,0
2026-06-12 17:11:39.358,0.00,0.00,0.00,0.00,2,0
2026-06-12 17:11:39.408,0.00,0.00,0.00,0.00,2,0
2026-06-12 17:11:39.459,0.00,0.00,0.00,0.00,2,0
2026-06-12 17:11:39.509,0.00,0.00,0.00,0.00,2,0
2026-06-12 17:11:39.559,0.00,0.00,0.00,0.00,2,0
2026-06-12 17:11:39.610,0.00,0.00,0.00,0.00,2,0
2026-06-12 17:11:39.660,0.00,0.00,0.00,0.00,2,0
2026-06-12 17:11:39.711,0.00,0.00,0.00,0.00,2,0
2026-06-12 17:11:39.761,0.00,0.00,0.00,0.00,2,0
2026-06-12 17:11:39.811,0.00,0.00,0.00,0.00,2,0
2026-06-12 17:11:39.862,0.00,0.00,0.00,0.00,2,0
2026-06-12 17:11:39.912,0.00,0.00,0.00,0.00,2,0
2026-06-12 17:11:39.963,0.00,0.00,0.00,0.00,2,0
2026-06-12 17:11:40.013,0.00,0.00,0.00,0.00,2,0
2026-06-12 17:11:40.063,0.00,0.00,0.00,0.00,2,0
2026-06-12 17:11:40.114,0.00,0.00,0.00,0.00,2,0
2026-06-12 17:11:40.164,0.00,0.00,0.00,0.00,2,0
2026-06-12 17:11:40.215,0.00,0.00,0.00,0.00,2,0
2026-06-12 17:11:40.266,0.00,0.00,0.00,0.00,2,0
2026-06-12 17:11:40.316,0.00,0.00,0.00,0.00,2,0
2026-06-12 17:11:40.366,0.00,0.00,0.00,0.00,2,0
2026-06-12 17:11:40.416,0.00,0.00,0.00,0.00,2,0
2026-06-12 17:11:40.467,0.00,0.00,0.00,0.00,2,0
2026-06-12 17:11:40.517,0.00,0.00,0.00,0.00,2,0
2026-06-12 17:11:40.567,0.00,0.00,0.00,0.00,2,0
2026-06-12 17:11:40.618,0.00,0.00,0.00,0.00,2,0
2026-06-12 17:11:40.668,0.00,0.00,0.00,0.00,2,0
2026-06-12 17:11:40.719,0.00,0.00,0.00,0.00,2,0
2026-06-12 17:11:40.769,0.00,0.00,0.00,0.00,2,0
2026-06-12 17:11:40.819,0.00,0.00,0.00,0.00,2,0
2026-06-12 17:11:40.870,0.00,0.00,0.00,0.00,2,0
2026-06-12 17:11:40.920,0.00,0.00,0.00,0.00,2,0
2026-06-12 17:11:40.971,0.00,0.00,0.00,0.00,2,0
2026-06-12 17:11:41.021,0.00,0.00,0.00,0.00,2,0
2026-06-12 17:11:41.071,0.00,0.00,0.00,0.00,2,0
2026-06-12 17:11:41.122,0.00,0.00,0.00,0.00,2,0
2026-06-12 17:11:41.172,0.00,0.00,0.00,0.00,2,0
2026-06-12 17:11:41.223,0.00,0.00,0.00,0.00,2,0
2026-06-12 17:11:41.273,0.00,0.00,0.00,0.00,2,0
2026-06-12 17:11:41.323,0.00,0.00,0.00,0.00,2,0
2026-06-12 17:11:41.374,0.00,0.00,0.00,0.00,2,0
2026-06-12 17:11:41.424,0.00,0.00,0.00,0.00,2,0
2026-06-12 17:11:41.475,0.00,0.00,0.00,0.00,2,0
2026-06-12 17:11:41.526,0.00,0.00,0.00,0.00,2,0
2026-06-12 17:11:41.576,0.00,0.00,0.00,0.00,2,0
2026-06-12 17:11:41.626,0.00,0.00,0.00,0.00,2,0
2026-06-12 17:11:41.676,0.00,0.00,0.00,0.00,2,0
2026-06-12 17:11:41.726,0.00,0.00,0.00,0.00,2,0
2026-06-12 17:11:41.777,0.00,0.00,0.00,0.00,2,0
2026-06-12 17:11:41.827,0.00,0.00,0.00,0.00,2,0
2026-06-12 17:11:41.878,0.00,0.00,0.00,0.00,2,0
2026-06-12 17:11:41.928,0.00,0.00,0.00,0.00,2,0
2026-06-12 17:11:41.979,0.00,0.00,0.00,0.00,2,0
2026-06-12 17:11:42.029,0.00,0.00,0.00,0.00,2,0
2026-06-12 17:11:42.079,0.00,0.00,0.00,0.00,2,0
2026-06-12 17:11:42.130,0.00,0.00,0.00,0.00,2,0
2026-06-12 17:11:42.180,0.00,0.00,0.00,0.00,2,0
2026-06-12 17:11:42.231,0.00,0.00,0.00,0.00,2,0
2026-06-12 17:11:42.281,0.00,0.00,0.00,0.00,2,0
2026-06-12 17:11:42.331,0.00,0.00,0.00,0.00,2,0
2026-06-12 17:11:42.382,0.00,0.00,0.00,0.00,2,0
2026-06-12 17:11:42.432,0.00,0.00,0.00,0.00,2,0
2026-06-12 17:11:42.483,0.00,0.00,0.00,0.00,2,0
2026-06-12 17:11:42.533,0.00,0.00,0.00,0.00,2,0
2026-06-12 17:11:42.583,0.00,0.00,0.00,0.00,2,0
2026-06-12 17:11:42.634,0.00,0.00,0.00,0.00,2,0
2026-06-12 17:11:42.684,0.00,0.00,0.00,0.00,2,0
2026-06-12 17:11:42.735,0.00,0.00,0.00,0.00,2,0
2026-06-12 17:11:42.786,0.00,0.00,0.00,0.00,2,0
2026-06-12 17:11:42.836,0.00,0.00,0.00,0.00,2,0
2026-06-12 17:11:42.886,0.00,0.00,0.00,0.00,2,0
2026-06-12 17:11:42.936,0.00,0.00,0.00,0.00,2,0
2026-06-12 17:11:42.987,0.00,0.00,0.00,0.00,2,0
2026-06-12 17:11:43.037,0.00,0.00,0.00,0.00,2,0
2026-06-12 17:11:43.087,0.00,0.00,0.00,0.00,2,0
2026-06-12 17:11:43.138,0.00,0.00,0.00,0.00,2,0
2026-06-12 17:11:43.188,0.00,0.00,0.00,0.00,2,0
2026-06-12 17:11:43.239,0.00,0.00,0.00,0.00,2,0
2026-06-12 17:11:43.289,0.00,0.00,0.00,0.00,2,0
2026-06-12 17:11:43.339,0.00,0.00,0.00,0.00,2,0
2026-06-12 17:11:43.390,0.00,0.00,0.00,0.00,2,0
2026-06-12 17:11:43.440,0.00,0.00,0.00,0.00,2,0
2026-06-12 17:11:43.490,0.00,0.00,0.00,0.00,2,0
2026-06-12 17:11:43.541,0.00,0.00,0.00,0.00,2,0
2026-06-12 17:11:43.591,0.00,0.00,0.00,0.00,2,0
2026-06-12 17:11:43.642,0.00,0.00,0.00,0.00,2,0
2026-06-12 17:11:43.692,0.00,0.00,0.00,0.00,2,0
2026-06-12 17:11:43.742,0.00,0.00,0.00,0.00,2,0
2026-06-12 17:11:43.793,0.00,0.00,0.00,0.00,2,0
2026-06-12 17:11:43.843,0.00,0.00,0.00,0.00,2,0
2026-06-12 17:11:43.894,0.00,0.00,0.00,0.00,2,0
2026-06-12 17:11:43.944,0.00,0.00,0.00,0.00,2,0
2026-06-12 17:11:43.995,0.00,0.00,0.00,0.00,2,0
2026-06-12 17:11:44.045,0.00,0.00,0.00,0.00,2,0
2026-06-12 17:11:44.095,0.00,0.00,0.00,0.00,2,0
2026-06-12 17:11:44.146,0.00,0.00,0.00,0.00,2,0
2026-06-12 17:11:44.196,0.00,0.00,0.00,0.00,2,0
2026-06-12 17:11:44.246,0.00,0.00,0.00,0.00,2,0
2026-06-12 17:11:44.297,0.00,0.00,0.00,0.00,2,0
2026-06-12 17:11:44.347,0.00,0.00,0.00,0.00,2,0
2026-06-12 17:11:44.398,0.00,0.00,0.00,0.00,2,0
2026-06-12 17:11:44.448,0.00,0.00,0.00,0.00,2,0
2026-06-12 17:11:44.499,0.00,0.00,0.00,0.00,2,0
2026-06-12 17:11:44.549,0.00,0.00,0.00,0.00,2,0
2026-06-12 17:11:44.599,0.00,0.00,0.00,0.00,2,0
2026-06-12 17:11:44.650,0.00,0.00,0.00,0.00,2,0
2026-06-12 17:11:44.700,0.00,0.00,0.00,0.00,2,0
2026-06-12 17:11:44.750,0.00,0.00,0.00,0.00,2,0
2026-06-12 17:11:44.801,0.00,0.00,0.00,0.00,2,0
2026-06-12 17:11:44.851,0.00,0.00,0.00,0.00,2,0
2026-06-12 17:11:44.902,0.00,0.00,0.00,0.00,2,0
2026-06-12 17:11:44.952,0.00,0.00,0.00,0.00,2,0
2026-06-12 17:11:45.003,0.00,0.00,0.00,0.00,2,0
2026-06-12 17:11:45.053,0.00,0.00,0.00,0.00,2,0
2026-06-12 17:11:45.103,0.00,0.00,0.00,0.00,2,0
2026-06-12 17:11:45.154,0.00,0.00,0.00,0.00,2,0
2026-06-12 17:11:45.204,0.00,0.00,0.00,0.00,2,0
2026-06-12 17:11:45.255,0.00,0.00,0.00,0.00,2,0
2026-06-12 17:11:45.306,0.00,0.00,0.00,0.00,2,0
2026-06-12 17:11:45.355,0.00,0.00,0.00,0.00,2,0
2026-06-12 17:11:45.406,0.00,0.00,0.00,0.00,2,0
2026-06-12 17:11:45.456,0.00,0.00,0.00,0.00,2,0
2026-06-12 17:11:45.506,0.00,0.00,0.00,0.00,2,0
2026-06-12 17:11:45.557,0.00,0.00,0.00,0.00,2,0
2026-06-12 17:11:45.608,0.00,0.00,0.00,0.00,2,0
2026-06-12 17:11:45.658,0.00,0.00,0.00,0.00,2,0
2026-06-12 17:11:45.708,0.00,0.00,0.00,0.00,2,0
2026-06-12 17:11:45.758,0.00,0.00,0.00,0.00,2,0
2026-06-12 17:11:45.809,0.00,0.00,0.00,0.00,2,0
2026-06-12 17:11:45.859,0.00,0.00,0.00,0.00,2,0
2026-06-12 17:11:45.910,0.00,0.00,0.00,0.00,2,0
2026-06-12 17:11:45.962,0.00,0.00,0.00,0.00,2,0
2026-06-12 17:11:46.010,0.00,0.00,0.00,0.00,2,0
2026-06-12 17:11:46.061,0.00,0.00,0.00,0.00,2,0
2026-06-12 17:11:46.111,0.00,0.00,0.00,0.00,2,0
2026-06-12 17:11:46.162,0.00,0.00,0.00,0.00,2,0
2026-06-12 17:11:46.212,0.00,0.00,0.00,0.00,2,0
2026-06-12 17:11:46.262,0.00,0.00,0.00,0.00,2,0
2026-06-12 17:11:46.313,0.00,0.00,0.00,0.00,2,0
2026-06-12 17:11:46.363,0.00,0.00,0.00,0.00,2,0
2026-06-12 17:11:46.414,0.00,0.00,0.00,0.00,2,0
2026-06-12 17:11:46.464,0.00,0.00,0.00,0.00,2,0
2026-06-12 17:11:46.515,0.00,0.00,0.00,0.00,2,0
2026-06-12 17:11:46.565,0.00,0.00,0.00,0.00,2,0
2026-06-12 17:11:46.615,0.00,0.00,0.00,0.00,2,0
2026-06-12 17:11:46.666,0.00,0.00,0.00,0.00,2,0
2026-06-12 17:11:46.716,0.00,0.00,0.00,0.00,2,0
2026-06-12 17:11:46.766,0.00,0.00,0.00,0.00,2,0
2026-06-12 17:11:46.817,0.00,0.00,0.00,0.00,2,0
2026-06-12 17:11:46.867,0.00,0.00,0.00,0.00,2,0
2026-06-12 17:11:46.918,0.00,0.00,0.00,0.00,2,0
2026-06-12 17:11:46.968,0.00,0.00,0.00,0.00,2,0
2026-06-12 17:11:47.018,0.00,0.00,0.00,0.00,2,0
2026-06-12 17:11:47.069,0.00,0.00,0.00,0.00,2,0
2026-06-12 17:11:47.119,0.00,0.00,0.00,0.00,2,0
2026-06-12 17:11:47.170,0.00,0.00,0.00,0.00,2,0
2026-06-12 17:11:47.220,0.00,0.00,0.00,0.00,2,0
2026-06-12 17:11:47.270,0.00,0.00,0.00,0.00,2,0
2026-06-12 17:11:47.321,0.00,0.00,0.00,0.00,2,0
2026-06-12 17:11:47.371,0.00,0.00,0.00,0.00,2,0
2026-06-12 17:11:47.422,0.00,0.00,0.00,0.00,2,0
2026-06-12 17:11:47.472,0.00,0.00,0.00,0.00,2,0
2026-06-12 17:11:47.522,0.00,0.00,0.00,0.00,2,0
2026-06-12 17:11:47.573,0.00,0.00,0.00,0.00,2,0
2026-06-12 17:11:47.623,0.00,0.00,0.00,0.00,2,0
2026-06-12 17:11:47.674,0.00,0.00,0.00,0.00,2,0
2026-06-12 17:11:47.724,0.00,0.00,0.00,0.00,2,0
2026-06-12 17:11:47.775,0.00,0.00,0.00,0.00,2,0
2026-06-12 17:11:47.825,0.00,0.00,0.00,0.00,2,0
2026-06-12 17:11:47.875,0.00,0.00,0.00,0.00,2,0
2026-06-12 17:11:47.926,0.00,0.00,0.00,0.00,2,0
2026-06-12 17:11:47.976,0.00,0.00,0.00,0.00,2,0
2026-06-12 17:11:48.026,0.00,0.00,0.00,0.00,2,0
2026-06-12 17:11:48.077,0.00,0.00,0.00,0.00,2,0
2026-06-12 17:11:48.127,0.00,0.00,0.00,0.00,2,0
2026-06-12 17:11:48.178,0.00,0.00,0.00,0.00,2,0
2026-06-12 17:11:48.228,0.00,0.00,0.00,0.00,2,0
2026-06-12 17:11:48.279,0.00,0.00,0.00,0.00,2,0
2026-06-12 17:11:48.329,0.00,0.00,0.00,0.00,2,0
2026-06-12 17:11:48.379,0.00,0.00,0.00,0.00,2,0
2026-06-12 17:11:48.430,0.00,0.00,0.00,0.00,2,0
2026-06-12 17:11:48.480,0.00,0.00,0.00,0.00,2,0
2026-06-12 17:11:48.530,0.00,0.00,0.00,0.00,2,0
2026-06-12 17:11:48.581,0.00,0.00,0.00,0.00,2,0
2026-06-12 17:11:48.631,0.00,0.00,0.00,0.00,2,0
2026-06-12 17:11:48.682,0.00,0.00,0.00,0.00,2,0
2026-06-12 17:11:48.732,0.00,0.00,0.00,0.00,2,0
2026-06-12 17:11:48.783,0.00,0.00,0.00,0.00,2,0
2026-06-12 17:11:48.833,0.00,0.00,0.00,0.00,2,0
2026-06-12 17:11:48.883,0.00,0.00,0.00,0.00,2,0
2026-06-12 17:11:48.934,0.00,0.00,0.00,0.00,2,0
2026-06-12 17:11:48.984,0.00,0.00,0.00,0.00,2,0
2026-06-12 17:11:49.035,0.00,0.00,0.00,0.00,2,0
2026-06-12 17:11:49.085,0.00,0.00,0.00,0.00,2,0
2026-06-12 17:11:49.136,0.00,0.00,0.00,0.00,2,0
2026-06-12 17:11:49.186,0.00,0.00,0.00,0.00,2,0
2026-06-12 17:11:49.236,0.00,0.00,0.00,0.00,2,0
2026-06-12 17:11:49.286,0.00,0.00,0.00,0.00,2,0
2026-06-12 17:11:49.337,0.00,0.00,0.00,0.00,2,0
2026-06-12 17:11:49.387,0.00,0.00,0.00,0.00,2,0
2026-06-12 17:11:49.438,0.00,0.00,0.00,0.00,2,0
2026-06-12 17:11:49.488,0.00,0.00,0.00,0.00,2,0
2026-06-12 17:11:49.538,0.00,0.00,0.00,0.00,2,0
2026-06-12 17:11:49.589,0.00,0.00,0.00,0.00,2,0
2026-06-12 17:11:49.639,0.00,0.00,0.00,0.00,2,0
2026-06-12 17:11:49.690,0.00,0.00,0.00,0.00,2,0
2026-06-12 17:11:49.740,0.00,0.00,0.00,0.00,2,0
2026-06-12 17:11:49.790,0.00,0.00,0.00,0.00,2,0
2026-06-12 17:11:49.841,0.00,0.00,0.00,0.00,2,0
2026-06-12 17:11:49.891,0.00,0.00,0.00,0.00,2,0
2026-06-12 17:11:49.942,0.00,0.00,0.00,0.00,2,0
2026-06-12 17:11:49.992,0.00,0.00,0.00,0.00,2,0
2026-06-12 17:11:50.042,0.00,0.00,0.00,0.00,2,0
2026-06-12 17:11:50.093,0.00,0.00,0.00,0.00,2,0
2026-06-12 17:11:50.143,0.00,0.00,0.00,0.00,2,0
2026-06-12 17:11:50.194,0.00,0.00,0.00,0.00,2,0
2026-06-12 17:11:50.244,0.00,0.00,0.00,0.00,2,0
2026-06-12 17:11:50.294,0.00,0.00,0.00,0.00,2,0
2026-06-12 17:11:50.345,0.00,0.00,0.00,0.00,2,0
2026-06-12 17:11:50.396,0.00,0.00,0.00,0.00,2,0
2026-06-12 17:11:50.446,0.00,0.00,0.00,0.00,2,0
2026-06-12 17:11:50.496,0.00,0.00,0.00,0.00,2,0
2026-06-12 17:11:50.546,0.00,0.00,0.00,0.00,2,0
2026-06-12 17:11:50.597,0.00,0.00,0.00,0.00,2,0
2026-06-12 17:11:50.647,0.00,0.00,0.00,0.00,2,0
2026-06-12 17:11:50.698,0.00,0.00,0.00,0.00,2,0
2026-06-12 17:11:50.748,0.00,0.00,0.00,0.00,2,0
2026-06-12 17:11:50.798,0.00,0.00,0.00,0.00,2,0
2026-06-12 17:11:50.849,0.00,0.00,0.00,0.00,2,0
2026-06-12 17:11:50.899,0.00,0.00,0.00,0.00,2,0
2026-06-12 17:11:50.950,0.00,0.00,0.00,0.00,2,0
2026-06-12 17:11:51.000,0.00,0.00,0.00,0.00,2,0
2026-06-12 17:11:51.050,0.00,0.00,0.00,0.00,2,0
2026-06-12 17:11:51.101,0.00,0.00,0.00,0.00,2,0
2026-06-12 17:11:51.151,0.00,0.00,0.00,0.00,2,0
2026-06-12 17:11:51.202,0.00,0.00,0.00,0.00,2,0
2026-06-12 17:11:51.252,0.00,0.00,0.00,0.00,2,0
2026-06-12 17:11:51.302,0.00,0.00,0.00,0.00,2,0
2026-06-12 17:11:51.353,0.00,0.00,0.00,0.00,2,0
2026-06-12 17:11:51.403,0.00,0.00,0.00,0.00,2,0
2026-06-12 17:11:51.454,0.00,0.00,0.00,0.00,2,0
2026-06-12 17:11:51.504,0.00,0.00,0.00,0.00,2,0
2026-06-12 17:11:51.554,0.00,0.00,0.00,0.00,2,0
2026-06-12 17:11:51.605,0.00,0.00,0.00,0.00,2,0
2026-06-12 17:11:51.655,0.00,0.00,0.00,0.00,2,0
2026-06-12 17:11:51.706,0.00,0.00,0.00,0.00,2,0
2026-06-12 17:11:51.756,0.00,0.00,0.00,0.00,2,0
2026-06-12 17:11:51.807,0.00,0.00,0.00,0.00,2,0
2026-06-12 17:11:51.857,0.00,0.00,0.00,0.00,2,0
2026-06-12 17:11:51.907,0.00,0.00,0.00,0.00,2,0
2026-06-12 17:11:51.958,0.00,0.00,0.00,0.00,2,0
2026-06-12 17:11:52.008,0.00,0.00,0.00,0.00,2,0
2026-06-12 17:11:52.058,0.00,0.00,0.00,0.00,2,0
2026-06-12 17:11:52.109,0.00,0.00,0.00,0.00,2,0
2026-06-12 17:11:52.160,0.00,0.00,0.00,0.00,2,0
