Timestamp,Speed_kmh,Accel_ms2,Raw_RPM,Filtered_RPM,Brake_State,Control_Mode
2026-06-12 19:51:38.386,0.00,0.00,0.00,0.00,0,0
2026-06-12 19:51:38.436,0.00,0.00,0.00,0.00,0,2
2026-06-12 19:51:38.486,0.00,0.00,0.00,0.00,2,0
2026-06-12 19:51:38.537,0.00,0.00,0.00,0.00,2,0
2026-06-12 19:51:38.587,0.00,0.00,0.00,0.00,2,0
2026-06-12 19:51:38.638,0.00,0.00,0.00,0.00,2,0
2026-06-12 19:51:38.688,0.00,0.00,0.00,0.00,2,0
2026-06-12 19:51:38.739,0.00,0.00,0.00,0.00,2,0
2026-06-12 19:51:38.789,0.00,0.00,0.00,0.00,2,0
2026-06-12 19:51:38.839,0.00,0.00,0.00,0.00,2,0
2026-06-12 19:51:38.890,0.00,0.00,0.00,0.00,2,0
2026-06-12 19:51:38.940,0.00,0.00,0.00,0.00,2,0
2026-06-12 19:51:38.990,0.00,0.00,0.00,0.00,2,0
2026-06-12 19:51:39.041,0.00,0.00,0.00,0.00,2,0
2026-06-12 19:51:39.091,0.00,0.00,0.00,0.00,2,0
2026-06-12 19:51:39.142,0.00,0.00,0.00,0.00,2,0
2026-06-12 19:51:39.192,0.00,0.00,0.00,0.00,2,0
2026-06-12 19:51:39.242,0.00,0.00,0.00,0.00,2,0
2026-06-12 19:51:39.293,0.00,0.00,0.00,0.00,2,0
2026-06-12 19:51:39.343,0.00,0.00,0.00,0.00,2,0
2026-06-12 19:51:39.393,0.00,0.00,0.00,0.00,2,0
2026-06-12 19:51:39.444,0.00,0.00,0.00,0.00,2,0
2026-06-12 19:51:39.494,0.00,0.00,0.00,0.00,2,0
2026-06-12 19:51:39.545,0.00,0.00,0.00,0.00,2,0
2026-06-12 19:51:39.595,0.00,0.00,0.00,0.00,2,0
2026-06-12 19:51:39.646,0.00,0.00,0.00,0.00,2,0
2026-06-12 19:51:39.696,0.00,0.00,0.00,0.00,2,0
2026-06-12 19:51:39.746,0.00,0.00,0.00,0.00,2,0
2026-06-12 19:51:39.797,0.00,0.00,0.00,0.00,2,0
2026-06-12 19:51:39.847,0.00,0.00,0.00,0.00,2,0
2026-06-12 19:51:39.898,0.00,0.00,0.00,0.00,2,0
2026-06-12 19:51:39.948,0.00,0.00,0.00,0.00,2,0
2026-06-12 19:51:39.998,0.00,0.00,0.00,0.00,2,0
2026-06-12 19:51:40.049,0.00,0.00,0.00,0.00,2,0
2026-06-12 19:51:40.099,0.00,0.00,0.00,0.00,2,0
2026-06-12 19:51:40.150,0.00,0.00,0.00,0.00,2,0
2026-06-12 19:51:40.200,0.00,0.00,0.00,0.00,2,0
2026-06-12 19:51:40.250,0.00,0.00,0.00,0.00,2,0
2026-06-12 19:51:40.301,0.00,0.00,0.00,0.00,2,0
2026-06-12 19:51:40.351,0.00,0.00,0.00,0.00,2,0
2026-06-12 19:51:40.402,0.00,0.00,0.00,0.00,2,0
2026-06-12 19:51:40.452,0.00,0.00,0.00,0.00,2,0
2026-06-12 19:51:40.502,0.00,0.00,0.00,0.00,2,0
2026-06-12 19:51:40.553,0.00,0.00,0.00,0.00,2,0
2026-06-12 19:51:40.603,0.00,0.00,0.00,0.00,2,0
2026-06-12 19:51:40.653,0.00,0.00,0.00,0.00,2,0
2026-06-12 19:51:40.704,0.00,0.00,0.00,0.00,2,0
2026-06-12 19:51:40.754,0.00,0.00,0.00,0.00,2,0
2026-06-12 19:51:40.805,0.00,0.00,0.00,0.00,2,0
2026-06-12 19:51:40.855,0.00,0.00,0.00,0.00,2,0
2026-06-12 19:51:40.905,0.00,0.00,0.00,0.00,2,0
2026-06-12 19:51:40.956,0.00,0.00,0.00,0.00,2,0
2026-06-12 19:51:41.006,0.00,0.00,0.00,0.00,2,0
2026-06-12 19:51:41.057,0.00,0.00,0.00,0.00,2,0
2026-06-12 19:51:41.107,0.00,0.00,0.00,0.00,2,0
2026-06-12 19:51:41.158,0.00,0.00,0.00,0.00,2,0
2026-06-12 19:51:41.208,0.00,0.00,0.00,0.00,2,0
2026-06-12 19:51:41.258,0.00,0.00,0.00,0.00,2,0
2026-06-12 19:51:41.309,0.00,0.00,0.00,0.00,2,0
2026-06-12 19:51:41.359,0.00,0.00,0.00,0.00,2,0
2026-06-12 19:51:41.410,0.00,0.00,0.00,0.00,2,0
2026-06-12 19:51:41.460,0.00,0.00,0.00,0.00,2,0
2026-06-12 19:51:41.510,0.00,0.00,0.00,0.00,2,0
2026-06-12 19:51:41.561,0.00,0.00,0.00,0.00,2,0
2026-06-12 19:51:41.611,0.00,0.00,0.00,0.00,2,0
2026-06-12 19:51:41.662,0.00,0.00,0.00,0.00,2,0
2026-06-12 19:51:41.712,0.00,0.00,0.00,0.00,2,0
2026-06-12 19:51:41.762,0.00,0.00,0.00,0.00,2,0
2026-06-12 19:51:41.813,0.00,0.00,0.00,0.00,2,0
2026-06-12 19:51:41.863,0.00,0.00,0.00,0.00,2,0
2026-06-12 19:51:41.914,0.00,0.00,0.00,0.00,2,0
2026-06-12 19:51:41.964,0.00,0.00,0.00,0.00,2,0
2026-06-12 19:51:42.014,0.00,0.00,0.00,0.00,2,0
2026-06-12 19:51:42.065,0.00,0.00,0.00,0.00,2,0
2026-06-12 19:51:42.115,0.00,0.00,0.00,0.00,2,0
2026-06-12 19:51:42.165,0.00,0.00,0.00,0.00,2,0
2026-06-12 19:51:42.216,0.00,0.00,0.00,0.00,2,0
2026-06-12 19:51:42.270,0.00,0.00,0.00,0.00,2,0
2026-06-12 19:51:42.317,0.00,0.00,0.00,0.00,2,0
2026-06-12 19:51:42.367,0.00,0.00,0.00,0.00,2,0
2026-06-12 19:51:42.418,0.00,0.00,0.00,0.00,2,0
2026-06-12 19:51:42.469,0.00,0.00,0.00,0.00,2,0
2026-06-12 19:51:42.519,0.00,0.00,0.00,0.00,2,0
2026-06-12 19:51:42.569,0.00,0.00,0.00,0.00,2,0
2026-06-12 19:51:42.619,0.00,0.00,0.00,0.00,2,0
2026-06-12 19:51:42.669,0.00,0.00,0.00,0.00,2,0
2026-06-12 19:51:42.720,0.00,0.00,0.00,0.00,2,0
2026-06-12 19:51:42.770,0.00,0.00,0.00,0.00,2,0
2026-06-12 19:51:42.821,0.00,0.00,0.00,0.00,2,0
2026-06-12 19:51:42.871,0.00,0.00,0.00,0.00,2,0
2026-06-12 19:51:42.921,0.00,0.00,0.00,0.00,2,0
2026-06-12 19:51:42.972,0.00,0.00,0.00,0.00,2,0
2026-06-12 19:51:43.022,0.00,0.00,0.00,0.00,2,0
2026-06-12 19:51:43.073,0.00,0.00,0.00,0.00,2,0
2026-06-12 19:51:43.123,0.00,0.00,0.00,0.00,1,0
2026-06-12 19:51:43.173,0.00,0.00,0.00,0.00,1,0
2026-06-12 19:51:43.224,0.00,0.00,0.00,0.00,1,0
2026-06-12 19:51:43.274,0.00,0.00,0.00,0.00,1,0
2026-06-12 19:51:43.325,0.00,0.00,0.00,0.00,1,0
2026-06-12 19:51:43.375,0.00,0.00,0.00,0.00,1,0
2026-06-12 19:51:43.426,0.00,0.00,0.00,0.00,1,0
2026-06-12 19:51:43.476,0.00,0.00,0.00,0.00,1,0
2026-06-12 19:51:43.526,0.00,0.00,0.00,0.00,1,0
2026-06-12 19:51:43.577,0.00,0.00,0.00,0.00,1,0
2026-06-12 19:51:43.627,0.00,0.00,0.00,0.00,1,0
2026-06-12 19:51:43.678,0.00,0.00,0.00,0.00,1,0
2026-06-12 19:51:43.728,0.00,0.00,0.00,0.00,1,0
2026-06-12 19:51:43.778,0.00,0.00,0.00,0.00,1,0
2026-06-12 19:51:43.829,0.00,0.00,0.00,0.00,1,0
2026-06-12 19:51:43.879,0.00,0.00,0.00,0.00,1,0
2026-06-12 19:51:43.931,0.00,0.00,0.00,0.00,1,0
2026-06-12 19:51:43.980,0.00,0.00,0.00,0.00,1,0
2026-06-12 19:51:44.030,0.00,0.00,0.00,0.00,1,0
2026-06-12 19:51:44.081,0.00,0.00,0.00,0.00,1,0
2026-06-12 19:51:44.131,0.00,0.00,0.00,0.00,1,0
2026-06-12 19:51:44.182,0.00,0.00,0.00,0.00,1,0
2026-06-12 19:51:44.232,0.00,0.00,0.00,0.00,1,0
2026-06-12 19:51:44.282,0.00,0.00,0.00,0.00,1,0
2026-06-12 19:51:44.333,0.00,0.00,0.00,0.00,1,0
2026-06-12 19:51:44.383,0.00,0.00,0.00,0.00,1,0
2026-06-12 19:51:44.433,0.00,0.00,0.00,0.00,1,0
2026-06-12 19:51:44.484,0.00,0.00,0.00,0.00,1,0
2026-06-12 19:51:44.534,0.00,0.00,0.00,0.00,1,0
2026-06-12 19:51:44.585,0.00,0.00,0.00,0.00,1,0
2026-06-12 19:51:44.635,0.00,0.00,0.00,0.00,1,0
2026-06-12 19:51:44.686,0.00,0.00,0.00,0.00,1,0
2026-06-12 19:51:44.736,0.00,0.00,0.00,0.00,1,0
2026-06-12 19:51:44.786,0.00,0.00,0.00,0.00,1,0
2026-06-12 19:51:44.837,0.00,0.00,0.00,0.00,1,0
2026-06-12 19:51:44.887,0.00,0.00,0.00,0.00,1,0
2026-06-12 19:51:44.938,0.00,0.00,0.00,0.00,1,0
2026-06-12 19:51:44.988,0.00,0.00,0.00,0.00,1,0
2026-06-12 19:51:45.038,0.00,0.00,0.00,0.00,1,0
2026-06-12 19:51:45.089,0.00,0.00,0.00,0.00,1,0
2026-06-12 19:51:45.139,0.00,0.00,0.00,0.00,1,0
2026-06-12 19:51:45.189,0.00,0.00,0.00,0.00,1,0
2026-06-12 19:51:45.240,0.00,0.00,0.00,0.00,1,0
2026-06-12 19:51:45.290,0.00,0.00,0.00,0.00,1,0
2026-06-12 19:51:45.341,0.00,0.00,0.00,0.00,1,0
2026-06-12 19:51:45.391,0.00,0.00,0.00,0.00,1,0
2026-06-12 19:51:45.441,0.00,0.00,0.00,0.00,1,0
2026-06-12 19:51:45.492,0.00,0.00,0.00,0.00,1,0
2026-06-12 19:51:45.542,0.00,0.00,0.00,0.00,1,0
2026-06-12 19:51:45.593,0.00,0.00,0.00,0.00,1,0
2026-06-12 19:51:45.643,0.00,0.00,0.00,0.00,1,0
2026-06-12 19:51:45.693,0.00,0.00,0.00,0.00,1,0
2026-06-12 19:51:45.744,0.00,0.00,0.00,0.00,1,0
2026-06-12 19:51:45.794,0.00,0.00,0.00,0.00,1,0
2026-06-12 19:51:45.845,0.00,0.00,0.00,0.00,1,0
2026-06-12 19:51:45.895,0.00,0.00,0.00,0.00,1,0
2026-06-12 19:51:45.945,0.00,0.00,0.00,0.00,1,0
2026-06-12 19:51:45.996,0.00,0.00,0.00,0.00,1,0
2026-06-12 19:51:46.046,0.00,0.00,0.00,0.00,1,0
2026-06-12 19:51:46.097,0.00,0.00,0.00,0.00,1,0
2026-06-12 19:51:46.147,0.00,0.00,0.00,0.00,0,0
2026-06-12 19:51:46.197,0.00,0.00,0.00,0.00,0,0
2026-06-12 19:51:46.248,0.00,0.00,0.00,0.00,0,0
2026-06-12 19:51:46.298,0.00,0.00,0.00,0.00,0,0
2026-06-12 19:51:46.349,0.00,0.00,0.00,0.00,0,0
2026-06-12 19:51:46.399,0.00,0.00,0.00,0.00,0,0
2026-06-12 19:51:46.449,0.00,0.00,0.00,0.00,0,0
2026-06-12 19:51:46.500,0.00,0.00,0.00,0.00,0,0
2026-06-12 19:51:46.550,0.00,0.00,0.00,0.00,0,0
2026-06-12 19:51:46.601,0.00,0.00,0.00,0.00,0,0
2026-06-12 19:51:46.651,0.00,0.00,0.00,0.00,0,0
2026-06-12 19:51:46.702,0.00,0.00,0.00,0.00,0,0
2026-06-12 19:51:46.752,0.00,0.00,0.00,0.00,0,0
2026-06-12 19:51:46.803,0.00,0.00,0.00,0.00,0,0
2026-06-12 19:51:46.853,0.00,0.00,0.00,0.00,0,0
2026-06-12 19:51:46.903,0.00,0.00,0.00,0.00,0,0
2026-06-12 19:51:46.954,0.00,0.00,0.00,0.00,0,0
2026-06-12 19:51:47.004,0.00,0.00,0.00,0.00,0,0
2026-06-12 19:51:47.054,0.00,0.00,0.00,0.00,0,0
2026-06-12 19:51:47.105,0.00,0.00,0.00,0.00,0,0
2026-06-12 19:51:47.155,0.00,0.00,0.00,0.00,0,0
2026-06-12 19:51:47.206,0.00,0.00,0.00,0.00,0,0
2026-06-12 19:51:47.256,0.00,0.00,0.00,0.00,0,0
2026-06-12 19:51:47.306,0.00,0.00,0.00,0.00,0,0
2026-06-12 19:51:47.357,0.00,0.00,0.00,0.00,0,0
2026-06-12 19:51:47.407,0.00,0.00,0.00,0.00,0,0
2026-06-12 19:51:47.457,0.00,0.00,0.00,0.00,0,0
2026-06-12 19:51:47.508,0.00,0.00,0.00,0.00,0,0
2026-06-12 19:51:47.558,0.00,0.00,0.00,0.00,0,0
2026-06-12 19:51:47.609,0.00,0.00,0.00,0.00,0,0
2026-06-12 19:51:47.659,0.00,0.00,0.00,0.00,0,0
2026-06-12 19:51:47.710,0.00,0.00,0.00,0.00,0,0
2026-06-12 19:51:47.760,0.00,0.00,0.00,0.00,0,0
2026-06-12 19:51:47.810,0.00,0.00,0.00,0.00,0,0
2026-06-12 19:51:47.862,0.00,0.00,0.00,0.00,0,0
2026-06-12 19:51:47.911,0.00,0.00,0.00,0.00,0,0
2026-06-12 19:51:47.961,0.00,0.00,0.00,0.00,0,0
2026-06-12 19:51:48.012,0.00,0.00,0.00,0.00,0,0
2026-06-12 19:51:48.062,0.00,0.00,0.00,0.00,0,0
2026-06-12 19:51:48.113,0.00,0.00,0.00,0.00,0,0
2026-06-12 19:51:48.163,0.01,0.00,0.00,0.00,2,0
2026-06-12 19:51:48.213,0.01,0.00,0.17,0.05,2,0
2026-06-12 19:51:48.264,0.01,0.00,0.17,0.05,2,0
2026-06-12 19:51:48.314,0.01,0.00,0.17,0.05,2,0
2026-06-12 19:51:48.365,0.01,0.00,0.17,0.05,2,0
2026-06-12 19:51:48.415,0.01,0.00,0.17,0.05,2,0
2026-06-12 19:51:48.465,0.01,0.00,0.17,0.05,2,0
2026-06-12 19:51:48.516,0.01,0.00,0.17,0.05,2,0
2026-06-12 19:51:48.566,0.01,0.00,0.17,0.05,2,0
2026-06-12 19:51:48.617,0.01,0.00,0.17,0.05,2,0
2026-06-12 19:51:48.667,0.01,0.00,0.17,0.05,2,0
2026-06-12 19:51:48.717,0.01,0.00,0.17,0.05,2,0
2026-06-12 19:51:48.768,0.01,0.00,0.17,0.05,2,0
2026-06-12 19:51:48.818,0.01,0.00,0.17,0.05,2,0
2026-06-12 19:51:48.869,0.01,0.00,0.17,0.05,2,0
2026-06-12 19:51:48.919,0.01,0.00,0.17,0.05,2,0
2026-06-12 19:51:48.970,0.01,0.00,0.17,0.05,2,0
2026-06-12 19:51:49.020,0.01,0.00,0.17,0.05,2,0
2026-06-12 19:51:49.070,0.01,0.00,0.17,0.05,2,0
2026-06-12 19:51:49.121,0.01,0.00,0.17,0.05,2,0
2026-06-12 19:51:49.171,0.01,0.00,0.17,0.05,2,0
2026-06-12 19:51:49.222,0.01,0.00,0.17,0.05,2,0
2026-06-12 19:51:49.272,0.01,0.00,0.17,0.05,2,0
2026-06-12 19:51:49.322,0.01,0.00,0.17,0.05,2,0
2026-06-12 19:51:49.373,0.01,0.00,0.17,0.05,2,0
2026-06-12 19:51:49.423,0.01,0.00,0.17,0.05,2,0
2026-06-12 19:51:49.473,0.01,0.00,0.17,0.05,2,0
2026-06-12 19:51:49.524,0.01,0.00,0.17,0.05,2,0
2026-06-12 19:51:49.575,0.01,0.00,0.17,0.05,2,0
2026-06-12 19:51:49.625,0.01,0.00,0.17,0.05,2,0
2026-06-12 19:51:49.675,0.01,0.00,0.17,0.05,2,0
2026-06-12 19:51:49.725,0.15,0.00,0.17,0.05,2,0
2026-06-12 19:51:49.776,0.15,0.00,4.54,1.40,2,0
2026-06-12 19:51:49.826,0.15,0.00,4.54,1.40,2,0
2026-06-12 19:51:49.877,0.15,0.00,4.54,1.40,2,0
2026-06-12 19:51:49.927,0.15,0.00,4.54,1.40,2,0
2026-06-12 19:51:49.978,0.15,0.00,4.54,1.40,2,0
2026-06-12 19:51:50.028,0.15,0.00,4.54,1.40,2,0
2026-06-12 19:51:50.078,0.15,0.00,4.54,1.40,2,0
2026-06-12 19:51:50.129,0.15,0.00,4.54,1.40,2,0
2026-06-12 19:51:50.179,0.15,0.00,4.54,1.40,2,0
2026-06-12 19:51:50.229,0.15,0.00,4.54,1.40,2,0
2026-06-12 19:51:50.280,0.15,0.00,4.54,1.40,2,0
2026-06-12 19:51:50.330,0.15,0.00,4.54,1.40,2,0
2026-06-12 19:51:50.381,0.15,0.00,4.54,1.40,2,0
2026-06-12 19:51:50.431,0.15,0.00,4.54,1.40,2,0
2026-06-12 19:51:50.482,0.15,0.00,4.54,1.40,2,0
2026-06-12 19:51:50.532,0.15,0.00,4.54,1.40,2,0
2026-06-12 19:51:50.582,0.15,0.00,4.54,1.40,2,0
2026-06-12 19:51:50.633,0.15,0.00,4.54,1.40,2,0
2026-06-12 19:51:50.683,0.15,0.00,4.54,1.40,2,0
2026-06-12 19:51:50.734,0.15,0.00,4.54,1.40,2,0
2026-06-12 19:51:50.784,0.15,0.00,4.54,1.40,2,0
2026-06-12 19:51:50.834,0.15,0.00,4.54,1.40,2,0
2026-06-12 19:51:50.885,0.15,0.00,4.54,1.40,2,0
2026-06-12 19:51:50.937,0.15,0.00,4.54,1.40,2,0
2026-06-12 19:51:50.986,0.15,0.00,4.54,1.40,2,0
2026-06-12 19:51:51.036,0.15,0.00,4.54,1.40,2,0
2026-06-12 19:51:51.086,0.15,0.00,4.54,1.40,2,0
2026-06-12 19:51:51.137,0.15,0.00,4.54,1.40,2,0
2026-06-12 19:51:51.187,0.15,0.00,4.54,1.40,2,0
2026-06-12 19:51:51.238,0.15,0.00,4.54,1.40,2,0
2026-06-12 19:51:51.288,0.15,0.00,4.54,1.40,2,0
2026-06-12 19:51:51.338,0.15,0.00,4.54,1.40,2,0
2026-06-12 19:51:51.389,0.15,0.00,4.54,1.40,2,0
2026-06-12 19:51:51.439,0.15,0.00,4.54,1.40,2,0
2026-06-12 19:51:51.490,0.15,0.00,4.54,1.40,2,0
2026-06-12 19:51:51.540,0.15,0.00,4.54,1.40,2,0
2026-06-12 19:51:51.590,0.15,0.00,4.54,1.40,2,0
2026-06-12 19:51:51.641,0.15,0.00,4.54,1.40,2,0
2026-06-12 19:51:51.691,0.00,0.00,4.54,1.40,2,0
2026-06-12 19:51:51.742,0.00,0.00,0.00,0.00,2,0
2026-06-12 19:51:51.794,0.00,0.00,0.00,0.00,2,0
2026-06-12 19:51:51.842,0.00,0.00,0.00,0.00,2,0
2026-06-12 19:51:51.893,0.00,0.00,0.00,0.00,2,0
2026-06-12 19:51:51.943,0.00,0.00,0.00,0.00,2,0
2026-06-12 19:51:51.994,0.00,0.00,0.00,0.00,2,0
2026-06-12 19:51:52.044,0.00,0.00,0.00,0.00,2,0
2026-06-12 19:51:52.094,0.00,0.00,0.00,0.00,2,0
2026-06-12 19:51:52.145,0.00,0.00,0.00,0.00,2,0
2026-06-12 19:51:52.195,0.00,0.00,0.00,0.00,2,0
2026-06-12 19:51:52.245,0.00,0.00,0.00,0.00,2,0
2026-06-12 19:51:52.296,0.00,0.00,0.00,0.00,2,0
2026-06-12 19:51:52.346,0.00,0.00,0.00,0.00,2,0
2026-06-12 19:51:52.397,0.00,0.00,0.00,0.00,2,0
2026-06-12 19:51:52.447,0.00,0.00,0.00,0.00,2,0
2026-06-12 19:51:52.497,0.00,0.00,0.00,0.00,2,0
2026-06-12 19:51:52.548,0.00,0.00,0.00,0.00,2,0
2026-06-12 19:51:52.599,0.00,0.00,0.00,0.00,2,0
2026-06-12 19:51:52.649,0.00,0.00,0.00,0.00,2,0
2026-06-12 19:51:52.700,0.00,0.00,0.00,0.00,2,0
2026-06-12 19:51:52.749,0.00,0.00,0.00,0.00,2,0
2026-06-12 19:51:52.800,0.00,0.00,0.00,0.00,2,0
2026-06-12 19:51:52.850,0.00,0.00,0.00,0.00,2,0
2026-06-12 19:51:52.901,0.00,0.00,0.00,0.00,2,0
2026-06-12 19:51:52.951,0.00,0.00,0.00,0.00,2,0
2026-06-12 19:51:53.002,0.00,0.00,0.00,0.00,2,0
2026-06-12 19:51:53.052,0.00,0.00,0.00,0.00,2,0
2026-06-12 19:51:53.103,0.00,0.00,0.00,0.00,2,0
2026-06-12 19:51:53.153,0.00,0.00,0.00,0.00,2,0
2026-06-12 19:51:53.203,0.00,0.00,0.00,0.00,2,0
2026-06-12 19:51:53.253,0.00,0.00,0.00,0.00,2,0
2026-06-12 19:51:53.304,0.00,0.00,0.00,0.00,2,0
2026-06-12 19:51:53.354,0.00,0.00,0.00,0.00,2,0
2026-06-12 19:51:53.405,0.00,0.00,0.00,0.00,2,0
2026-06-12 19:51:53.455,0.00,0.00,0.00,0.00,2,0
2026-06-12 19:51:53.505,0.00,0.00,0.00,0.00,2,0
2026-06-12 19:51:53.556,0.00,0.00,0.00,0.00,2,0
2026-06-12 19:51:53.606,0.00,0.00,0.00,0.00,2,0
2026-06-12 19:51:53.657,0.00,0.00,0.00,0.00,2,0
2026-06-12 19:51:53.707,0.00,0.00,0.00,0.00,2,0
2026-06-12 19:51:53.757,0.00,0.00,0.00,0.00,2,0
2026-06-12 19:51:53.808,0.00,0.00,0.00,0.00,2,0
2026-06-12 19:51:53.858,0.00,0.00,0.00,0.00,2,0
2026-06-12 19:51:53.909,0.00,0.00,0.00,0.00,2,0
2026-06-12 19:51:53.959,0.00,0.00,0.00,0.00,2,0
2026-06-12 19:51:54.010,0.00,0.00,0.00,0.00,2,0
2026-06-12 19:51:54.060,0.00,0.00,0.00,0.00,2,0
2026-06-12 19:51:54.110,0.00,0.00,0.00,0.00,2,0
2026-06-12 19:51:54.161,0.00,0.00,0.00,0.00,2,0
2026-06-12 19:51:54.211,0.00,0.00,0.00,0.00,2,0
2026-06-12 19:51:54.261,0.00,0.00,0.00,0.00,2,0
2026-06-12 19:51:54.312,0.00,0.00,0.00,0.00,2,0
2026-06-12 19:51:54.362,0.00,0.00,0.00,0.00,2,0
2026-06-12 19:51:54.413,0.00,0.00,0.00,0.00,2,0
2026-06-12 19:51:54.463,0.00,0.00,0.00,0.00,2,0
2026-06-12 19:51:54.514,0.00,0.00,0.00,0.00,2,0
2026-06-12 19:51:54.564,0.00,0.00,0.00,0.00,2,0
2026-06-12 19:51:54.614,0.00,0.00,0.00,0.00,2,0
2026-06-12 19:51:54.665,0.00,0.00,0.00,0.00,2,0
2026-06-12 19:51:54.715,0.00,0.00,0.00,0.00,2,0
2026-06-12 19:51:54.765,0.00,0.00,0.00,0.00,2,0
2026-06-12 19:51:54.816,0.00,0.00,0.00,0.00,2,0
2026-06-12 19:51:54.866,0.00,0.00,0.00,0.00,2,0
2026-06-12 19:51:54.917,0.00,0.00,0.00,0.00,2,0
2026-06-12 19:51:54.967,0.00,0.00,0.00,0.00,2,0
2026-06-12 19:51:55.017,0.00,0.00,0.00,0.00,2,0
2026-06-12 19:51:55.068,0.00,0.00,0.00,0.00,2,0
2026-06-12 19:51:55.118,0.00,0.00,0.00,0.00,2,0
2026-06-12 19:51:55.169,0.00,0.00,0.00,0.00,2,0
2026-06-12 19:51:55.219,0.00,0.00,0.00,0.00,2,0
2026-06-12 19:51:55.269,0.00,0.00,0.00,0.00,2,0
2026-06-12 19:51:55.320,0.00,0.00,0.00,0.00,2,0
2026-06-12 19:51:55.370,0.00,0.00,0.00,0.00,2,0
2026-06-12 19:51:55.421,0.00,0.00,0.00,0.00,2,0
2026-06-12 19:51:55.471,0.00,0.00,0.00,0.00,2,0
2026-06-12 19:51:55.521,0.00,0.00,0.00,0.00,2,0
2026-06-12 19:51:55.572,0.00,0.00,0.00,0.00,2,0
2026-06-12 19:51:55.622,0.00,0.00,0.00,0.00,2,0
2026-06-12 19:51:55.673,0.00,0.00,0.00,0.00,2,0
2026-06-12 19:51:55.723,0.00,0.00,0.00,0.00,2,0
2026-06-12 19:51:55.773,0.00,0.00,0.00,0.00,2,0
2026-06-12 19:51:55.824,0.00,0.00,0.00,0.00,2,0
2026-06-12 19:51:55.874,0.00,0.00,0.00,0.00,2,0
2026-06-12 19:51:55.924,0.00,0.00,0.00,0.00,2,0
2026-06-12 19:51:55.975,0.00,0.00,0.00,0.00,2,0
2026-06-12 19:51:56.025,0.00,0.00,0.00,0.00,2,0
2026-06-12 19:51:56.076,0.00,0.00,0.00,0.00,2,0
2026-06-12 19:51:56.126,0.00,0.00,0.00,0.00,2,0
2026-06-12 19:51:56.177,0.00,0.00,0.00,0.00,2,0
2026-06-12 19:51:56.227,0.00,0.00,0.00,0.00,2,0
2026-06-12 19:51:56.277,0.00,0.00,0.00,0.00,2,0
2026-06-12 19:51:56.328,0.00,0.00,0.00,0.00,2,0
2026-06-12 19:51:56.378,0.00,0.00,0.00,0.00,2,0
2026-06-12 19:51:56.429,0.00,0.00,0.00,0.00,2,0
2026-06-12 19:51:56.479,0.00,0.00,0.00,0.00,2,0
2026-06-12 19:51:56.529,0.00,0.00,0.00,0.00,2,0
2026-06-12 19:51:56.580,0.00,0.00,0.00,0.00,2,0
2026-06-12 19:51:56.630,0.00,0.00,0.00,0.00,2,0
2026-06-12 19:51:56.680,0.00,0.00,0.00,0.00,2,0
2026-06-12 19:51:56.731,0.00,0.00,0.00,0.00,2,0
2026-06-12 19:51:56.784,0.00,0.00,0.00,0.00,2,0
2026-06-12 19:51:56.832,0.00,0.00,0.00,0.00,2,0
2026-06-12 19:51:56.882,0.00,0.00,0.00,0.00,2,0
2026-06-12 19:51:56.936,0.00,0.00,0.00,0.00,2,0
2026-06-12 19:51:56.983,0.00,0.00,0.00,0.00,2,0
2026-06-12 19:51:57.035,0.00,0.00,0.00,0.00,2,0
2026-06-12 19:51:57.084,0.00,0.00,0.00,0.00,2,0
2026-06-12 19:51:57.134,0.00,0.00,0.00,0.00,2,0
2026-06-12 19:51:57.185,0.00,0.00,0.00,0.00,2,0
2026-06-12 19:51:57.237,0.00,0.00,0.00,0.00,2,0
2026-06-12 19:51:57.286,0.00,0.00,0.00,0.00,2,0
2026-06-12 19:51:57.336,0.00,0.00,0.00,0.00,2,0
2026-06-12 19:51:57.386,0.00,0.00,0.00,0.00,2,0
2026-06-12 19:51:57.437,0.00,0.00,0.00,0.00,2,0
2026-06-12 19:51:57.487,0.00,0.00,0.00,0.00,2,0
2026-06-12 19:51:57.537,0.00,0.00,0.00,0.00,2,0
2026-06-12 19:51:57.588,0.00,0.00,0.00,0.00,2,0
2026-06-12 19:51:57.639,0.00,0.00,0.00,0.00,2,0
2026-06-12 19:51:57.689,0.00,0.00,0.00,0.00,2,0
2026-06-12 19:51:57.739,0.00,0.00,0.00,0.00,2,0
2026-06-12 19:51:57.789,0.00,0.00,0.00,0.00,2,0
2026-06-12 19:51:57.840,0.00,0.00,0.00,0.00,2,0
2026-06-12 19:51:57.890,0.00,0.00,0.00,0.00,2,0
2026-06-12 19:51:57.941,0.00,0.00,0.00,0.00,2,0
2026-06-12 19:51:57.991,0.00,0.00,0.00,0.00,2,0
2026-06-12 19:51:58.042,0.00,0.00,0.00,0.00,2,0
2026-06-12 19:51:58.092,0.00,0.00,0.00,0.00,2,0
2026-06-12 19:51:58.142,0.00,0.00,0.00,0.00,2,0
2026-06-12 19:51:58.193,0.00,0.00,0.00,0.00,2,0
2026-06-12 19:51:58.243,0.00,0.00,0.00,0.00,2,0
2026-06-12 19:51:58.293,0.00,0.00,0.00,0.00,2,0
2026-06-12 19:51:58.344,0.00,0.00,0.00,0.00,2,0
2026-06-12 19:51:58.394,0.00,0.00,0.00,0.00,2,0
2026-06-12 19:51:58.445,0.00,0.00,0.00,0.00,2,0
2026-06-12 19:51:58.495,0.00,0.00,0.00,0.00,2,0
2026-06-12 19:51:58.545,0.00,0.00,0.00,0.00,2,0
2026-06-12 19:51:58.596,0.00,0.00,0.00,0.00,2,0
2026-06-12 19:51:58.646,0.00,0.00,0.00,0.00,2,0
2026-06-12 19:51:58.697,0.00,0.00,0.00,0.00,2,0
2026-06-12 19:51:58.754,0.00,0.00,0.00,0.00,2,0
2026-06-12 19:51:58.797,0.00,0.00,0.00,0.00,2,0
2026-06-12 19:51:58.848,0.00,0.00,0.00,0.00,2,0
2026-06-12 19:51:58.898,0.00,0.00,0.00,0.00,2,0
2026-06-12 19:51:58.949,0.00,0.00,0.00,0.00,2,0
2026-06-12 19:51:58.999,0.00,0.00,0.00,0.00,2,0
2026-06-12 19:51:59.049,0.00,0.00,0.00,0.00,2,0
2026-06-12 19:51:59.100,0.00,0.00,0.00,0.00,2,0
2026-06-12 19:51:59.150,0.00,0.00,0.00,0.00,2,0
2026-06-12 19:51:59.200,0.00,0.00,0.00,0.00,2,0
2026-06-12 19:51:59.251,0.00,0.00,0.00,0.00,2,0
2026-06-12 19:51:59.304,0.00,0.00,0.00,0.00,2,0
2026-06-12 19:51:59.352,0.00,0.00,0.00,0.00,2,0
2026-06-12 19:51:59.402,0.00,0.00,0.00,0.00,2,0
2026-06-12 19:51:59.453,0.00,0.00,0.00,0.00,2,0
2026-06-12 19:51:59.503,0.00,0.00,0.00,0.00,2,0
2026-06-12 19:51:59.554,0.00,0.00,0.00,0.00,2,0
2026-06-12 19:51:59.604,0.00,0.00,0.00,0.00,2,0
2026-06-12 19:51:59.654,0.00,0.00,0.00,0.00,2,0
2026-06-12 19:51:59.704,0.00,0.00,0.00,0.00,2,0
2026-06-12 19:51:59.755,0.00,0.00,0.00,0.00,2,0
2026-06-12 19:51:59.805,0.00,0.00,0.00,0.00,2,0
2026-06-12 19:51:59.856,0.00,0.00,0.00,0.00,2,0
2026-06-12 19:51:59.906,0.00,0.00,0.00,0.00,2,0
2026-06-12 19:51:59.960,0.00,0.00,0.00,0.00,2,0
2026-06-12 19:52:00.007,0.00,0.00,0.00,0.00,2,0
2026-06-12 19:52:00.057,0.00,0.00,0.00,0.00,2,0
2026-06-12 19:52:00.108,0.00,0.00,0.00,0.00,2,0
2026-06-12 19:52:00.160,0.00,0.00,0.00,0.00,2,0
2026-06-12 19:52:00.208,0.00,0.00,0.00,0.00,2,0
2026-06-12 19:52:00.260,0.00,0.00,0.00,0.00,2,0
2026-06-12 19:52:00.309,0.00,0.00,0.00,0.00,2,0
2026-06-12 19:52:00.361,0.00,0.00,0.00,0.00,2,0
2026-06-12 19:52:00.410,0.00,0.00,0.00,0.00,2,0
2026-06-12 19:52:00.460,0.00,0.00,0.00,0.00,2,0
2026-06-12 19:52:00.511,0.00,0.00,0.00,0.00,2,0
2026-06-12 19:52:00.561,0.00,0.00,0.00,0.00,2,0
2026-06-12 19:52:00.612,0.00,0.00,0.00,0.00,2,0
2026-06-12 19:52:00.662,0.00,0.00,0.00,0.00,2,0
2026-06-12 19:52:00.712,0.00,0.00,0.00,0.00,2,0
2026-06-12 19:52:00.763,0.00,0.00,0.00,0.00,2,0
2026-06-12 19:52:00.813,0.00,0.00,0.00,0.00,2,0
2026-06-12 19:52:00.864,0.00,0.00,0.00,0.00,2,0
2026-06-12 19:52:00.914,0.00,0.00,0.00,0.00,2,0
2026-06-12 19:52:00.965,0.00,0.00,0.00,0.00,2,0
2026-06-12 19:52:01.015,0.00,0.00,0.00,0.00,2,0
2026-06-12 19:52:01.065,0.00,0.00,0.00,0.00,2,0
2026-06-12 19:52:01.116,0.00,0.00,0.00,0.00,2,0
2026-06-12 19:52:01.166,0.00,0.00,0.00,0.00,2,0
2026-06-12 19:52:01.216,0.00,0.00,0.00,0.00,2,0
2026-06-12 19:52:01.267,0.00,0.00,0.00,0.00,2,0
2026-06-12 19:52:01.317,0.00,0.00,0.00,0.00,2,0
2026-06-12 19:52:01.368,0.00,0.00,0.00,0.00,2,0
2026-06-12 19:52:01.419,0.00,0.00,0.00,0.00,2,0
2026-06-12 19:52:01.469,0.00,0.00,0.00,0.00,2,0
2026-06-12 19:52:01.519,0.00,0.00,0.00,0.00,2,0
2026-06-12 19:52:01.569,0.00,0.00,0.00,0.00,2,0
2026-06-12 19:52:01.632,0.00,0.00,0.00,0.00,2,0
2026-06-12 19:52:01.670,0.00,0.00,0.00,0.00,2,0
2026-06-12 19:52:01.720,0.00,0.00,0.00,0.00,2,0
2026-06-12 19:52:01.771,0.00,0.00,0.00,0.00,2,0
2026-06-12 19:52:01.821,0.00,0.00,0.00,0.00,2,0
2026-06-12 19:52:01.872,0.00,0.00,0.00,0.00,2,0
2026-06-12 19:52:01.923,0.00,0.00,0.00,0.00,2,0
2026-06-12 19:52:01.972,0.00,0.00,0.00,0.00,2,0
2026-06-12 19:52:02.023,0.00,0.00,0.00,0.00,2,0
2026-06-12 19:52:02.073,0.00,0.00,0.00,0.00,2,0
2026-06-12 19:52:02.124,0.00,0.00,0.00,0.00,2,0
2026-06-12 19:52:02.174,0.00,0.00,0.00,0.00,2,0
2026-06-12 19:52:02.224,0.00,0.00,0.00,0.00,2,0
2026-06-12 19:52:02.275,0.00,0.00,0.00,0.00,2,0
2026-06-12 19:52:02.325,0.00,0.00,0.00,0.00,2,0
2026-06-12 19:52:02.376,0.00,0.00,0.00,0.00,2,0
2026-06-12 19:52:02.427,0.00,0.00,0.00,0.00,2,0
2026-06-12 19:52:02.477,0.00,0.00,0.00,0.00,2,0
2026-06-12 19:52:02.527,0.00,0.00,0.00,0.00,2,0
2026-06-12 19:52:02.577,0.00,0.00,0.00,0.00,2,0
2026-06-12 19:52:02.628,0.00,0.00,0.00,0.00,2,0
2026-06-12 19:52:02.679,0.00,0.00,0.00,0.00,2,0
2026-06-12 19:52:02.729,0.00,0.00,0.00,0.00,2,0
2026-06-12 19:52:02.779,0.00,0.00,0.00,0.00,2,0
2026-06-12 19:52:02.831,0.00,0.00,0.00,0.00,2,0
2026-06-12 19:52:02.880,0.00,0.00,0.00,0.00,2,0
2026-06-12 19:52:02.930,0.00,0.00,0.00,0.00,2,0
2026-06-12 19:52:02.980,0.00,0.00,0.00,0.00,2,0
2026-06-12 19:52:03.031,0.00,0.00,0.00,0.00,2,0
2026-06-12 19:52:03.081,0.00,0.00,0.00,0.00,2,0
2026-06-12 19:52:03.131,0.00,0.00,0.00,0.00,2,0
2026-06-12 19:52:03.184,0.00,0.00,0.00,0.00,2,0
2026-06-12 19:52:03.233,0.00,0.00,0.00,0.00,2,0
2026-06-12 19:52:03.284,0.00,0.00,0.00,0.00,2,0
2026-06-12 19:52:03.333,0.00,0.00,0.00,0.00,2,0
2026-06-12 19:52:03.384,0.00,0.00,0.00,0.00,2,0
2026-06-12 19:52:03.434,0.00,0.00,0.00,0.00,2,0
2026-06-12 19:52:03.485,0.00,0.00,0.00,0.00,2,0
2026-06-12 19:52:03.535,0.00,0.00,0.00,0.00,2,0
2026-06-12 19:52:03.585,0.00,0.00,0.00,0.00,2,0
2026-06-12 19:52:03.636,0.00,0.00,0.00,0.00,2,0
2026-06-12 19:52:03.686,0.00,0.00,0.00,0.00,2,0
2026-06-12 19:52:03.737,0.00,0.00,0.00,0.00,2,0
2026-06-12 19:52:03.787,0.00,0.00,0.00,0.00,2,0
2026-06-12 19:52:03.837,0.00,0.00,0.00,0.00,2,0
2026-06-12 19:52:03.888,0.00,0.00,0.00,0.00,2,0
2026-06-12 19:52:03.938,0.00,0.00,0.00,0.00,2,0
2026-06-12 19:52:03.988,0.00,0.00,0.00,0.00,2,0
2026-06-12 19:52:04.039,0.00,0.00,0.00,0.00,2,0
2026-06-12 19:52:04.092,0.00,0.00,0.00,0.00,2,0
2026-06-12 19:52:04.140,0.00,0.00,0.00,0.00,2,0
2026-06-12 19:52:04.190,0.00,0.00,0.00,0.00,2,0
2026-06-12 19:52:04.240,0.00,0.00,0.00,0.00,2,0
2026-06-12 19:52:04.291,0.00,0.00,0.00,0.00,2,0
2026-06-12 19:52:04.341,0.00,0.00,0.00,0.00,2,0
2026-06-12 19:52:04.392,0.00,0.00,0.00,0.00,2,0
2026-06-12 19:52:04.442,0.00,0.00,0.00,0.00,2,0
2026-06-12 19:52:04.492,0.00,0.00,0.00,0.00,2,0
2026-06-12 19:52:04.543,0.00,0.00,0.00,0.00,2,0
2026-06-12 19:52:04.593,0.00,0.00,0.00,0.00,2,0
2026-06-12 19:52:04.644,0.00,0.00,0.00,0.00,2,0
2026-06-12 19:52:04.694,0.00,0.00,0.00,0.00,2,0
2026-06-12 19:52:04.744,0.00,0.00,0.00,0.00,2,0
2026-06-12 19:52:04.795,0.00,0.00,0.00,0.00,2,0
2026-06-12 19:52:04.845,0.00,0.00,0.00,0.00,2,0
2026-06-12 19:52:04.896,0.00,0.00,0.00,0.00,2,0
2026-06-12 19:52:04.946,0.00,0.00,0.00,0.00,2,0
2026-06-12 19:52:04.996,0.00,0.00,0.00,0.00,2,0
2026-06-12 19:52:05.047,0.00,0.00,0.00,0.00,2,0
2026-06-12 19:52:05.102,0.00,0.00,0.00,0.00,2,0
2026-06-12 19:52:05.147,0.00,0.00,0.00,0.00,2,0
2026-06-12 19:52:05.198,0.00,0.00,0.00,0.00,2,0
2026-06-12 19:52:05.249,0.00,0.00,0.00,0.00,2,0
2026-06-12 19:52:05.299,0.00,0.00,0.00,0.00,2,0
2026-06-12 19:52:05.349,0.00,0.00,0.00,0.00,2,0
2026-06-12 19:52:05.400,0.00,0.00,0.00,0.00,2,0
2026-06-12 19:52:05.450,0.00,0.00,0.00,0.00,2,0
2026-06-12 19:52:05.500,0.00,0.00,0.00,0.00,2,0
2026-06-12 19:52:05.551,0.00,0.00,0.00,0.00,2,0
2026-06-12 19:52:05.601,0.00,0.00,0.00,0.00,2,0
2026-06-12 19:52:05.652,0.00,0.00,0.00,0.00,2,0
2026-06-12 19:52:05.702,0.00,0.00,0.00,0.00,2,0
2026-06-12 19:52:05.754,0.00,0.00,0.00,0.00,2,0
2026-06-12 19:52:05.803,0.00,0.00,0.00,0.00,2,0
2026-06-12 19:52:05.853,0.00,0.00,0.00,0.00,2,0
2026-06-12 19:52:05.904,0.00,0.00,0.00,0.00,2,0
2026-06-12 19:52:05.954,0.00,0.00,0.00,0.00,2,0
2026-06-12 19:52:06.004,0.00,0.00,0.00,0.00,2,0
2026-06-12 19:52:06.055,0.00,0.00,0.00,0.00,2,0
2026-06-12 19:52:06.105,0.00,0.00,0.00,0.00,2,0
2026-06-12 19:52:06.156,0.00,0.00,0.00,0.00,2,0
2026-06-12 19:52:06.206,0.00,0.00,0.00,0.00,2,0
2026-06-12 19:52:06.256,0.00,0.00,0.00,0.00,2,0
2026-06-12 19:52:06.307,0.00,0.00,0.00,0.00,2,0
2026-06-12 19:52:06.357,0.00,0.00,0.00,0.00,2,0
2026-06-12 19:52:06.408,0.00,0.00,0.00,0.00,2,0
2026-06-12 19:52:06.458,0.00,0.00,0.00,0.00,2,0
2026-06-12 19:52:06.509,0.00,0.00,0.00,0.00,2,0
2026-06-12 19:52:06.560,0.00,0.00,0.00,0.00,2,0
2026-06-12 19:52:06.610,0.00,0.00,0.00,0.00,2,0
2026-06-12 19:52:06.660,0.00,0.00,0.00,0.00,2,0
2026-06-12 19:52:06.710,0.00,0.00,0.00,0.00,2,0
2026-06-12 19:52:06.760,0.00,0.00,0.00,0.00,2,0
2026-06-12 19:52:06.811,0.00,0.00,0.00,0.00,2,0
2026-06-12 19:52:06.861,0.00,0.00,0.00,0.00,2,0
2026-06-12 19:52:06.912,0.00,0.00,0.00,0.00,2,0
2026-06-12 19:52:06.962,0.00,0.00,0.00,0.00,2,0
2026-06-12 19:52:07.012,0.00,0.00,0.00,0.00,2,0
2026-06-12 19:52:07.063,0.00,0.00,0.00,0.00,2,0
2026-06-12 19:52:07.113,0.00,0.00,0.00,0.00,2,0
2026-06-12 19:52:07.164,0.00,0.00,0.00,0.00,2,0
2026-06-12 19:52:07.214,0.00,0.00,0.00,0.00,2,0
2026-06-12 19:52:07.264,0.00,0.00,0.00,0.00,2,0
2026-06-12 19:52:07.315,0.00,0.00,0.00,0.00,2,0
2026-06-12 19:52:07.365,0.00,0.00,0.00,0.00,2,0
2026-06-12 19:52:07.416,0.00,0.00,0.00,0.00,2,0
2026-06-12 19:52:07.466,0.00,0.00,0.00,0.00,2,0
2026-06-12 19:52:07.516,0.00,0.00,0.00,0.00,2,0
2026-06-12 19:52:07.567,0.00,0.00,0.00,0.00,2,0
2026-06-12 19:52:07.617,0.00,0.00,0.00,0.00,2,0
2026-06-12 19:52:07.667,0.00,0.00,0.00,0.00,2,0
2026-06-12 19:52:07.718,0.00,0.00,0.00,0.00,2,0
2026-06-12 19:52:07.769,0.00,0.00,0.00,0.00,2,0
2026-06-12 19:52:07.819,0.00,0.00,0.00,0.00,2,0
2026-06-12 19:52:07.869,0.00,0.00,0.00,0.00,2,0
2026-06-12 19:52:07.920,0.00,0.00,0.00,0.00,2,0
2026-06-12 19:52:07.970,0.00,0.00,0.00,0.00,2,0
2026-06-12 19:52:08.020,0.00,0.00,0.00,0.00,2,0
2026-06-12 19:52:08.071,0.00,0.00,0.00,0.00,2,0
2026-06-12 19:52:08.121,0.00,0.00,0.00,0.00,2,0
2026-06-12 19:52:08.171,0.00,0.00,0.00,0.00,2,0
2026-06-12 19:52:08.224,0.00,0.00,0.00,0.00,2,0
2026-06-12 19:52:08.272,0.00,0.00,0.00,0.00,2,0
2026-06-12 19:52:08.323,0.00,0.00,0.00,0.00,2,0
2026-06-12 19:52:08.373,0.00,0.00,0.00,0.00,2,0
2026-06-12 19:52:08.423,0.00,0.00,0.00,0.00,2,0
2026-06-12 19:52:08.474,0.00,0.00,0.00,0.00,2,0
2026-06-12 19:52:08.524,0.00,0.00,0.00,0.00,2,0
2026-06-12 19:52:08.575,0.00,0.00,0.00,0.00,2,0
2026-06-12 19:52:08.626,0.00,0.00,0.00,0.00,2,0
2026-06-12 19:52:08.675,0.00,0.00,0.00,0.00,2,0
2026-06-12 19:52:08.726,0.00,0.00,0.00,0.00,2,0
2026-06-12 19:52:08.776,0.00,0.00,0.00,0.00,2,0
2026-06-12 19:52:08.827,0.00,0.00,0.00,0.00,2,0
2026-06-12 19:52:08.877,0.00,0.00,0.00,0.00,2,0
2026-06-12 19:52:08.927,0.00,0.00,0.00,0.00,2,0
2026-06-12 19:52:08.978,0.00,0.00,0.00,0.00,2,0
2026-06-12 19:52:09.029,0.00,0.00,0.00,0.00,2,0
2026-06-12 19:52:09.079,0.00,0.00,0.00,0.00,2,0
2026-06-12 19:52:09.129,0.00,0.00,0.00,0.00,2,0
2026-06-12 19:52:09.179,0.00,0.00,0.00,0.00,2,0
2026-06-12 19:52:09.230,0.00,0.00,0.00,0.00,2,0
2026-06-12 19:52:09.281,0.00,0.00,0.00,0.00,2,0
2026-06-12 19:52:09.331,0.00,0.00,0.00,0.00,2,0
2026-06-12 19:52:09.381,0.00,0.00,0.00,0.00,2,0
2026-06-12 19:52:09.431,0.00,0.00,0.00,0.00,2,0
2026-06-12 19:52:09.482,0.00,0.00,0.00,0.00,2,0
2026-06-12 19:52:09.532,0.00,0.00,0.00,0.00,2,0
2026-06-12 19:52:09.583,0.00,0.00,0.00,0.00,2,0
2026-06-12 19:52:09.633,0.00,0.00,0.00,0.00,2,0
2026-06-12 19:52:09.684,0.00,0.00,0.00,0.00,2,0
2026-06-12 19:52:09.734,0.00,0.00,0.00,0.00,2,0
2026-06-12 19:52:09.784,0.00,0.00,0.00,0.00,2,0
2026-06-12 19:52:09.835,0.00,0.00,0.00,0.00,2,0
2026-06-12 19:52:09.885,0.00,0.00,0.00,0.00,2,0
2026-06-12 19:52:09.935,0.00,0.00,0.00,0.00,2,0
2026-06-12 19:52:09.986,0.00,0.00,0.00,0.00,2,0
2026-06-12 19:52:10.036,0.00,0.00,0.00,0.00,2,0
2026-06-12 19:52:10.087,0.00,0.00,0.00,0.00,2,0
2026-06-12 19:52:10.137,0.00,0.00,0.00,0.00,2,0
2026-06-12 19:52:10.187,0.00,0.00,0.00,0.00,2,0
2026-06-12 19:52:10.238,0.00,0.00,0.00,0.00,2,0
2026-06-12 19:52:10.289,0.00,0.00,0.00,0.00,2,0
2026-06-12 19:52:10.340,0.00,0.00,0.00,0.00,2,0
2026-06-12 19:52:10.389,0.00,0.00,0.00,0.00,2,0
2026-06-12 19:52:10.439,0.00,0.00,0.00,0.00,2,0
2026-06-12 19:52:10.490,0.00,0.00,0.00,0.00,2,0
2026-06-12 19:52:10.540,0.00,0.00,0.00,0.00,2,0
2026-06-12 19:52:10.590,0.00,0.00,0.00,0.00,2,0
2026-06-12 19:52:10.641,0.00,0.00,0.00,0.00,2,0
2026-06-12 19:52:10.693,0.00,0.00,0.00,0.00,2,0
2026-06-12 19:52:10.742,0.00,0.00,0.00,0.00,2,0
2026-06-12 19:52:10.792,0.00,0.00,0.00,0.00,2,0
2026-06-12 19:52:10.843,0.00,0.00,0.00,0.00,2,0
2026-06-12 19:52:10.893,0.00,0.00,0.00,0.00,2,0
2026-06-12 19:52:10.943,0.00,0.00,0.00,0.00,2,0
2026-06-12 19:52:10.994,0.00,0.00,0.00,0.00,2,0
2026-06-12 19:52:11.044,0.00,0.00,0.00,0.00,2,0
2026-06-12 19:52:11.095,0.00,0.00,0.00,0.00,2,0
2026-06-12 19:52:11.145,0.00,0.00,0.00,0.00,2,0
2026-06-12 19:52:11.195,0.00,0.00,0.00,0.00,2,0
2026-06-12 19:52:11.246,0.00,0.00,0.00,0.00,2,0
2026-06-12 19:52:11.296,0.00,0.00,0.00,0.00,2,0
2026-06-12 19:52:11.347,0.00,0.00,0.00,0.00,2,0
2026-06-12 19:52:11.397,0.00,0.00,0.00,0.00,2,0
2026-06-12 19:52:11.448,0.00,0.00,0.00,0.00,2,0
2026-06-12 19:52:11.499,0.00,0.00,0.00,0.00,2,0
2026-06-12 19:52:11.549,0.00,0.00,0.00,0.00,2,0
2026-06-12 19:52:11.599,0.00,0.00,0.00,0.00,2,0
2026-06-12 19:52:11.649,0.00,0.00,0.00,0.00,2,0
2026-06-12 19:52:11.699,0.00,0.00,0.00,0.00,2,0
2026-06-12 19:52:11.750,0.00,0.00,0.00,0.00,2,0
2026-06-12 19:52:11.801,0.00,0.00,0.00,0.00,2,0
2026-06-12 19:52:11.850,0.00,0.00,0.00,0.00,2,0
2026-06-12 19:52:11.901,0.00,0.00,0.00,0.00,2,0
2026-06-12 19:52:11.951,0.00,0.00,0.00,0.00,2,0
2026-06-12 19:52:12.002,0.00,0.00,0.00,0.00,2,0
2026-06-12 19:52:12.052,0.00,0.00,0.00,0.00,2,0
2026-06-12 19:52:12.102,0.00,0.00,0.00,0.00,2,0
2026-06-12 19:52:12.153,0.00,0.00,0.00,0.00,2,0
2026-06-12 19:52:12.203,0.00,0.00,0.00,0.00,2,0
2026-06-12 19:52:12.254,0.00,0.00,0.00,0.00,2,0
2026-06-12 19:52:12.304,0.00,0.00,0.00,0.00,2,0
2026-06-12 19:52:12.356,0.00,0.00,0.00,0.00,2,0
2026-06-12 19:52:12.405,0.00,0.00,0.00,0.00,2,0
2026-06-12 19:52:12.456,0.00,0.00,0.00,0.00,2,0
2026-06-12 19:52:12.506,0.00,0.00,0.00,0.00,2,0
2026-06-12 19:52:12.556,0.00,0.00,0.00,0.00,2,0
2026-06-12 19:52:12.606,0.00,0.00,0.00,0.00,2,0
2026-06-12 19:52:12.657,0.00,0.00,0.00,0.00,2,0
2026-06-12 19:52:12.707,0.00,0.00,0.00,0.00,2,0
2026-06-12 19:52:12.758,0.00,0.00,0.00,0.00,2,0
2026-06-12 19:52:12.808,0.00,0.00,0.00,0.00,2,0
2026-06-12 19:52:12.861,0.00,0.00,0.00,0.00,2,0
2026-06-12 19:52:12.909,0.00,0.00,0.00,0.00,2,0
2026-06-12 19:52:12.959,0.00,0.00,0.00,0.00,2,0
2026-06-12 19:52:13.010,0.00,0.00,0.00,0.00,2,0
2026-06-12 19:52:13.060,0.00,0.00,0.00,0.00,2,0
2026-06-12 19:52:13.110,0.00,0.00,0.00,0.00,2,0
2026-06-12 19:52:13.161,0.00,0.00,0.00,0.00,2,0
2026-06-12 19:52:13.211,0.00,0.00,0.00,0.00,2,0
2026-06-12 19:52:13.262,0.00,0.00,0.00,0.00,2,0
2026-06-12 19:52:13.312,0.00,0.00,0.00,0.00,2,0
2026-06-12 19:52:13.364,0.00,0.00,0.00,0.00,2,0
2026-06-12 19:52:13.413,0.00,0.00,0.00,0.00,2,0
2026-06-12 19:52:13.463,0.00,0.00,0.00,0.00,2,0
2026-06-12 19:52:13.514,0.00,0.00,0.00,0.00,2,0
2026-06-12 19:52:13.565,0.00,0.00,0.00,0.00,2,0
2026-06-12 19:52:13.614,0.00,0.00,0.00,0.00,2,0
2026-06-12 19:52:13.665,0.00,0.00,0.00,0.00,2,0
2026-06-12 19:52:13.715,0.00,0.00,0.00,0.00,2,0
2026-06-12 19:52:13.766,0.00,0.00,0.00,0.00,2,0
2026-06-12 19:52:13.816,0.00,0.00,0.00,0.00,2,0
2026-06-12 19:52:13.867,0.00,0.00,0.00,0.00,2,0
2026-06-12 19:52:13.917,0.00,0.00,0.00,0.00,2,0
2026-06-12 19:52:13.967,0.00,0.00,0.00,0.00,2,0
2026-06-12 19:52:14.018,0.00,0.00,0.00,0.00,2,0
2026-06-12 19:52:14.068,0.00,0.00,0.00,0.00,2,0
2026-06-12 19:52:14.119,0.00,0.00,0.00,0.00,2,0
2026-06-12 19:52:14.169,0.00,0.00,0.00,0.00,2,0
2026-06-12 19:52:14.219,0.00,0.00,0.00,0.00,2,0
2026-06-12 19:52:14.270,0.00,0.00,0.00,0.00,2,0
2026-06-12 19:52:14.320,0.00,0.00,0.00,0.00,2,0
2026-06-12 19:52:14.370,0.00,0.00,0.00,0.00,2,0
2026-06-12 19:52:14.421,0.00,0.00,0.00,0.00,2,0
2026-06-12 19:52:14.471,0.00,0.00,0.00,0.00,2,0
2026-06-12 19:52:14.526,0.00,0.00,0.00,0.00,2,0
2026-06-12 19:52:14.572,0.00,0.00,0.00,0.00,2,0
2026-06-12 19:52:14.622,0.00,0.00,0.00,0.00,2,0
2026-06-12 19:52:14.673,0.00,0.00,0.00,0.00,2,0
2026-06-12 19:52:14.723,0.00,0.00,0.00,0.00,2,0
2026-06-12 19:52:14.774,0.00,0.00,0.00,0.00,2,0
2026-06-12 19:52:14.824,0.00,0.00,0.00,0.00,2,0
2026-06-12 19:52:14.874,0.00,0.00,0.00,0.00,2,0
2026-06-12 19:52:14.925,0.00,0.00,0.00,0.00,2,0
2026-06-12 19:52:14.975,0.00,0.00,0.00,0.00,2,0
2026-06-12 19:52:15.026,0.00,0.00,0.00,0.00,2,0
2026-06-12 19:52:15.076,0.00,0.00,0.00,0.00,2,0
2026-06-12 19:52:15.126,0.00,0.00,0.00,0.00,2,0
2026-06-12 19:52:15.177,0.00,0.00,0.00,0.00,2,0
2026-06-12 19:52:15.227,0.00,0.00,0.00,0.00,2,0
2026-06-12 19:52:15.278,0.00,0.00,0.00,0.00,2,0
2026-06-12 19:52:15.329,0.00,0.00,0.00,0.00,2,0
2026-06-12 19:52:15.379,0.00,0.00,0.00,0.00,2,0
2026-06-12 19:52:15.429,0.00,0.00,0.00,0.00,2,0
2026-06-12 19:52:15.480,0.00,0.00,0.00,0.00,2,0
2026-06-12 19:52:15.530,0.00,0.00,0.00,0.00,2,0
2026-06-12 19:52:15.580,0.00,0.00,0.00,0.00,2,0
2026-06-12 19:52:15.630,0.00,0.00,0.00,0.00,2,0
2026-06-12 19:52:15.681,0.00,0.00,0.00,0.00,2,0
2026-06-12 19:52:15.731,0.00,0.00,0.00,0.00,2,0
2026-06-12 19:52:15.782,0.00,0.00,0.00,0.00,2,0
2026-06-12 19:52:15.832,0.00,0.00,0.00,0.00,2,0
2026-06-12 19:52:15.882,0.00,0.00,0.00,0.00,2,0
2026-06-12 19:52:15.933,0.00,0.00,0.00,0.00,2,0
2026-06-12 19:52:15.983,0.00,0.00,0.00,0.00,2,0
2026-06-12 19:52:16.034,0.00,0.00,0.00,0.00,2,0
2026-06-12 19:52:16.084,0.00,0.00,0.00,0.00,2,0
2026-06-12 19:52:16.135,0.00,0.00,0.00,0.00,2,0
2026-06-12 19:52:16.185,0.00,0.00,0.00,0.00,2,0
2026-06-12 19:52:16.239,0.00,0.00,0.00,0.00,2,0
2026-06-12 19:52:16.286,0.00,0.00,0.00,0.00,2,0
2026-06-12 19:52:16.336,0.00,0.00,0.00,0.00,2,0
2026-06-12 19:52:16.386,0.00,0.00,0.00,0.00,2,0
2026-06-12 19:52:16.437,0.00,0.00,0.00,0.00,2,0
2026-06-12 19:52:16.488,0.00,0.00,0.00,0.00,2,0
2026-06-12 19:52:16.538,0.00,0.00,0.00,0.00,2,0
2026-06-12 19:52:16.592,0.00,0.00,0.00,0.00,2,0
2026-06-12 19:52:16.641,0.00,0.00,0.00,0.00,2,0
2026-06-12 19:52:16.689,0.00,0.00,0.00,0.00,2,0
2026-06-12 19:52:16.740,0.00,0.00,0.00,0.00,2,0
2026-06-12 19:52:16.790,0.00,0.00,0.00,0.00,2,0
2026-06-12 19:52:16.841,0.00,0.00,0.00,0.00,2,0
2026-06-12 19:52:16.890,0.00,0.00,0.00,0.00,2,0
2026-06-12 19:52:16.941,0.00,0.00,0.00,0.00,2,0
2026-06-12 19:52:16.991,0.00,0.00,0.00,0.00,2,0
2026-06-12 19:52:17.042,0.00,0.00,0.00,0.00,2,0
2026-06-12 19:52:17.092,0.00,0.00,0.00,0.00,2,0
2026-06-12 19:52:17.142,0.00,0.00,0.00,0.00,2,0
2026-06-12 19:52:17.194,0.00,0.00,0.00,0.00,2,0
2026-06-12 19:52:17.243,0.00,0.00,0.00,0.00,2,0
2026-06-12 19:52:17.294,0.00,0.00,0.00,0.00,2,0
2026-06-12 19:52:17.344,0.00,0.00,0.00,0.00,2,0
2026-06-12 19:52:17.395,0.00,0.00,0.00,0.00,2,0
2026-06-12 19:52:17.445,0.00,0.00,0.00,0.00,2,0
2026-06-12 19:52:17.495,0.00,0.00,0.00,0.00,2,0
2026-06-12 19:52:17.546,0.00,0.00,0.00,0.00,2,0
2026-06-12 19:52:17.596,0.00,0.00,0.00,0.00,2,0
2026-06-12 19:52:17.647,0.00,0.00,0.00,0.00,2,0
2026-06-12 19:52:17.697,0.00,0.00,0.00,0.00,2,0
2026-06-12 19:52:17.747,0.00,0.00,0.00,0.00,2,0
2026-06-12 19:52:17.798,0.00,0.00,0.00,0.00,2,0
2026-06-12 19:52:17.849,0.00,0.00,0.00,0.00,2,0
2026-06-12 19:52:17.899,0.00,0.00,0.00,0.00,2,0
2026-06-12 19:52:17.950,0.00,0.00,0.00,0.00,2,0
2026-06-12 19:52:18.000,0.00,0.00,0.00,0.00,2,0
2026-06-12 19:52:18.051,0.00,0.00,0.00,0.00,2,0
2026-06-12 19:52:18.100,0.00,0.00,0.00,0.00,2,0
2026-06-12 19:52:18.150,0.00,0.00,0.00,0.00,2,0
2026-06-12 19:52:18.201,0.00,0.00,0.00,0.00,2,0
2026-06-12 19:52:18.252,0.00,0.00,0.00,0.00,2,0
2026-06-12 19:52:18.302,0.00,0.00,0.00,0.00,2,0
2026-06-12 19:52:18.352,0.00,0.00,0.00,0.00,2,0
2026-06-12 19:52:18.402,0.00,0.00,0.00,0.00,2,0
2026-06-12 19:52:18.453,0.00,0.00,0.00,0.00,2,0
2026-06-12 19:52:18.503,0.00,0.00,0.00,0.00,2,0
2026-06-12 19:52:18.555,0.00,0.00,0.00,0.00,2,0
2026-06-12 19:52:18.604,0.00,0.00,0.00,0.00,2,0
2026-06-12 19:52:18.654,0.00,0.00,0.00,0.00,2,0
2026-06-12 19:52:18.705,0.00,0.00,0.00,0.00,2,0
2026-06-12 19:52:18.755,0.00,0.00,0.00,0.00,2,0
2026-06-12 19:52:18.806,0.00,0.00,0.00,0.00,2,0
2026-06-12 19:52:18.856,0.00,0.00,0.00,0.00,2,0
2026-06-12 19:52:18.907,0.00,0.00,0.00,0.00,2,0
2026-06-12 19:52:18.957,0.00,0.00,0.00,0.00,2,0
2026-06-12 19:52:19.008,0.00,0.00,0.00,0.00,2,0
2026-06-12 19:52:19.058,0.00,0.00,0.00,0.00,2,0
2026-06-12 19:52:19.110,0.00,0.00,0.00,0.00,2,0
2026-06-12 19:52:19.159,0.00,0.00,0.00,0.00,2,0
2026-06-12 19:52:19.209,0.00,0.00,0.00,0.00,2,0
2026-06-12 19:52:19.259,0.00,0.00,0.00,0.00,2,0
2026-06-12 19:52:19.310,0.00,0.00,0.00,0.00,2,0
2026-06-12 19:52:19.360,0.00,0.00,0.00,0.00,2,0
2026-06-12 19:52:19.410,0.00,0.00,0.00,0.00,2,0
2026-06-12 19:52:19.461,0.00,0.00,0.00,0.00,2,0
2026-06-12 19:52:19.512,0.00,0.00,0.00,0.00,2,0
2026-06-12 19:52:19.563,0.00,0.00,0.00,0.00,2,0
2026-06-12 19:52:19.612,0.00,0.00,0.00,0.00,2,0
2026-06-12 19:52:19.662,0.00,0.00,0.00,0.00,2,0
2026-06-12 19:52:19.713,0.00,0.00,0.00,0.00,2,0
2026-06-12 19:52:19.763,0.00,0.00,0.00,0.00,2,0
2026-06-12 19:52:19.814,0.00,0.00,0.00,0.00,2,0
2026-06-12 19:52:19.865,0.00,0.00,0.00,0.00,2,0
2026-06-12 19:52:19.914,0.00,0.00,0.00,0.00,2,0
2026-06-12 19:52:19.965,0.00,0.00,0.00,0.00,2,0
2026-06-12 19:52:20.015,0.00,0.00,0.00,0.00,2,0
2026-06-12 19:52:20.066,0.00,0.00,0.00,0.00,2,0
2026-06-12 19:52:20.116,0.00,0.00,0.00,0.00,2,0
2026-06-12 19:52:20.167,0.00,0.00,0.00,0.00,2,0
2026-06-12 19:52:20.217,0.00,0.00,0.00,0.00,2,0
2026-06-12 19:52:20.267,0.00,0.00,0.00,0.00,2,0
2026-06-12 19:52:20.318,0.00,0.00,0.00,0.00,2,0
2026-06-12 19:52:20.369,0.00,0.00,0.00,0.00,2,0
2026-06-12 19:52:20.418,0.00,0.00,0.00,0.00,2,0
2026-06-12 19:52:20.469,0.00,0.00,0.00,0.00,2,0
2026-06-12 19:52:20.519,0.00,0.00,0.00,0.00,2,0
2026-06-12 19:52:20.569,0.00,0.00,0.00,0.00,2,0
2026-06-12 19:52:20.620,0.00,0.00,0.00,0.00,2,0
2026-06-12 19:52:20.670,0.00,0.00,0.00,0.00,2,0
2026-06-12 19:52:20.721,0.00,0.00,0.00,0.00,2,0
2026-06-12 19:52:20.771,0.00,0.00,0.00,0.00,2,0
2026-06-12 19:52:20.822,0.00,0.00,0.00,0.00,2,0
2026-06-12 19:52:20.883,0.00,0.00,0.00,0.00,2,0
2026-06-12 19:52:20.922,0.00,0.00,0.00,0.00,2,0
2026-06-12 19:52:20.973,0.00,0.00,0.00,0.00,2,0
2026-06-12 19:52:21.028,0.00,0.00,0.00,0.00,2,0
2026-06-12 19:52:21.074,0.00,0.00,0.00,0.00,2,0
2026-06-12 19:52:21.124,0.00,0.00,0.00,0.00,2,0
2026-06-12 19:52:21.174,0.00,0.00,0.00,0.00,2,0
2026-06-12 19:52:21.227,0.00,0.00,0.00,0.00,2,0
2026-06-12 19:52:21.275,0.00,0.00,0.00,0.00,2,0
2026-06-12 19:52:21.326,0.00,0.00,0.00,0.00,2,0
2026-06-12 19:52:21.376,0.00,0.00,0.00,0.00,2,0
2026-06-12 19:52:21.426,0.00,0.00,0.00,0.00,2,0
2026-06-12 19:52:21.477,0.00,0.00,0.00,0.00,2,0
2026-06-12 19:52:21.527,0.00,0.00,0.00,0.00,2,0
2026-06-12 19:52:21.577,0.00,0.00,0.00,0.00,2,0
2026-06-12 19:52:21.628,0.00,0.00,0.00,0.00,2,0
2026-06-12 19:52:21.679,0.00,0.00,0.00,0.00,2,0
2026-06-12 19:52:21.729,0.00,0.00,0.00,0.00,2,0
2026-06-12 19:52:21.779,0.00,0.00,0.00,0.00,2,0
2026-06-12 19:52:21.829,0.00,0.00,0.00,0.00,2,0
2026-06-12 19:52:21.880,0.00,0.00,0.00,0.00,2,0
2026-06-12 19:52:21.930,0.00,0.00,0.00,0.00,2,0
2026-06-12 19:52:21.981,0.00,0.00,0.00,0.00,2,0
2026-06-12 19:52:22.031,0.00,0.00,0.00,0.00,2,0
2026-06-12 19:52:22.082,0.00,0.00,0.00,0.00,2,0
2026-06-12 19:52:22.132,0.00,0.00,0.00,0.00,2,0
2026-06-12 19:52:22.182,0.00,0.00,0.00,0.00,2,0
2026-06-12 19:52:22.233,0.00,0.00,0.00,0.00,2,0
2026-06-12 19:52:22.283,0.00,0.00,0.00,0.00,2,0
2026-06-12 19:52:22.333,0.00,0.00,0.00,0.00,2,0
2026-06-12 19:52:22.384,0.00,0.00,0.00,0.00,2,0
2026-06-12 19:52:22.434,0.00,0.00,0.00,0.00,2,0
2026-06-12 19:52:22.485,0.00,0.00,0.00,0.00,2,0
2026-06-12 19:52:22.535,0.00,0.00,0.00,0.00,2,0
2026-06-12 19:52:22.590,0.00,0.00,0.00,0.00,2,0
2026-06-12 19:52:22.636,0.00,0.00,0.00,0.00,2,0
2026-06-12 19:52:22.686,0.00,0.00,0.00,0.00,2,0
2026-06-12 19:52:22.737,0.00,0.00,0.00,0.00,2,0
2026-06-12 19:52:22.788,0.00,0.00,0.00,0.00,2,0
2026-06-12 19:52:22.838,0.00,0.00,0.00,0.00,2,0
2026-06-12 19:52:22.889,0.00,0.00,0.00,0.00,2,0
2026-06-12 19:52:22.939,0.00,0.00,0.00,0.00,2,0
2026-06-12 19:52:22.989,0.00,0.00,0.00,0.00,2,0
2026-06-12 19:52:23.040,0.00,0.00,0.00,0.00,2,0
2026-06-12 19:52:23.089,0.00,0.00,0.00,0.00,2,0
2026-06-12 19:52:23.140,0.00,0.00,0.00,0.00,2,0
2026-06-12 19:52:23.190,0.00,0.00,0.00,0.00,2,0
2026-06-12 19:52:23.241,0.00,0.00,0.00,0.00,2,0
2026-06-12 19:52:23.291,0.00,0.00,0.00,0.00,2,0
2026-06-12 19:52:23.342,0.00,0.00,0.00,0.00,2,0
2026-06-12 19:52:23.392,0.00,0.00,0.00,0.00,2,0
2026-06-12 19:52:23.442,0.00,0.00,0.00,0.00,2,0
2026-06-12 19:52:23.493,0.00,0.00,0.00,0.00,2,0
2026-06-12 19:52:23.543,0.00,0.00,0.00,0.00,2,0
2026-06-12 19:52:23.594,0.00,0.00,0.00,0.00,2,0
2026-06-12 19:52:23.644,0.00,0.00,0.00,0.00,2,0
2026-06-12 19:52:23.694,0.00,0.00,0.00,0.00,2,0
2026-06-12 19:52:23.745,0.00,0.00,0.00,0.00,2,0
2026-06-12 19:52:23.795,0.00,0.00,0.00,0.00,2,0
2026-06-12 19:52:23.846,0.00,0.00,0.00,0.00,2,0
2026-06-12 19:52:23.896,0.00,0.00,0.00,0.00,2,0
2026-06-12 19:52:23.946,0.00,0.00,0.00,0.00,2,0
2026-06-12 19:52:23.997,0.00,0.00,0.00,0.00,2,0
2026-06-12 19:52:24.047,0.00,0.00,0.00,0.00,2,0
2026-06-12 19:52:24.098,0.00,0.00,0.00,0.00,2,0
2026-06-12 19:52:24.148,0.00,0.00,0.00,0.00,2,0
2026-06-12 19:52:24.199,0.00,0.00,0.00,0.00,2,0
2026-06-12 19:52:24.250,0.00,0.00,0.00,0.00,2,0
2026-06-12 19:52:24.299,0.00,0.00,0.00,0.00,2,0
2026-06-12 19:52:24.350,0.00,0.00,0.00,0.00,2,0
2026-06-12 19:52:24.400,0.00,0.00,0.00,0.00,2,0
2026-06-12 19:52:24.450,0.00,0.00,0.00,0.00,2,0
2026-06-12 19:52:24.501,0.00,0.00,0.00,0.00,2,0
2026-06-12 19:52:24.552,0.00,0.00,0.00,0.00,2,0
2026-06-12 19:52:24.602,0.00,0.00,0.00,0.00,2,0
2026-06-12 19:52:24.652,0.00,0.00,0.00,0.00,2,0
2026-06-12 19:52:24.703,0.00,0.00,0.00,0.00,2,0
2026-06-12 19:52:24.753,0.00,0.00,0.00,0.00,2,0
2026-06-12 19:52:24.803,0.00,0.00,0.00,0.00,2,0
2026-06-12 19:52:24.854,0.00,0.00,0.00,0.00,2,0
2026-06-12 19:52:24.904,0.00,0.00,0.00,0.00,2,0
2026-06-12 19:52:24.955,0.00,0.00,0.00,0.00,2,0
2026-06-12 19:52:25.005,0.00,0.00,0.00,0.00,2,0
2026-06-12 19:52:25.055,0.00,0.00,0.00,0.00,2,0
2026-06-12 19:52:25.105,0.00,0.00,0.00,0.00,2,0
2026-06-12 19:52:25.156,0.00,0.00,0.00,0.00,2,0
2026-06-12 19:52:25.210,0.00,0.00,0.00,0.00,2,0
2026-06-12 19:52:25.257,0.00,0.00,0.00,0.00,2,0
2026-06-12 19:52:25.307,0.00,0.00,0.00,0.00,2,0
2026-06-12 19:52:25.358,0.00,0.00,0.00,0.00,2,0
2026-06-12 19:52:25.408,0.00,0.00,0.00,0.00,2,0
2026-06-12 19:52:25.459,0.00,0.00,0.00,0.00,2,0
2026-06-12 19:52:25.509,0.00,0.00,0.00,0.00,2,0
2026-06-12 19:52:25.559,0.00,0.00,0.00,0.00,2,0
2026-06-12 19:52:25.609,0.00,0.00,0.00,0.00,2,0
2026-06-12 19:52:25.660,0.00,0.00,0.00,0.00,2,0
2026-06-12 19:52:25.711,0.00,0.00,0.00,0.00,2,0
2026-06-12 19:52:25.761,0.00,0.00,0.00,0.00,2,0
2026-06-12 19:52:25.811,0.00,0.00,0.00,0.00,2,0
2026-06-12 19:52:25.861,0.00,0.00,0.00,0.00,2,0
2026-06-12 19:52:25.912,0.00,0.00,0.00,0.00,2,0
2026-06-12 19:52:25.962,0.00,0.00,0.00,0.00,2,0
2026-06-12 19:52:26.013,0.00,0.00,0.00,0.00,2,0
2026-06-12 19:52:26.063,0.00,0.00,0.00,0.00,2,0
2026-06-12 19:52:26.114,0.00,0.00,0.00,0.00,2,0
2026-06-12 19:52:26.164,0.00,0.00,0.00,0.00,2,0
2026-06-12 19:52:26.214,0.00,0.00,0.00,0.00,2,0
2026-06-12 19:52:26.265,0.00,0.00,0.00,0.00,2,0
2026-06-12 19:52:26.315,0.00,0.00,0.00,0.00,2,0
2026-06-12 19:52:26.365,0.00,0.00,0.00,0.00,2,0
2026-06-12 19:52:26.416,0.00,0.00,0.00,0.00,2,0
2026-06-12 19:52:26.466,0.00,0.00,0.00,0.00,2,0
2026-06-12 19:52:26.517,0.00,0.00,0.00,0.00,2,0
2026-06-12 19:52:26.568,0.00,0.00,0.00,0.00,2,0
2026-06-12 19:52:26.617,0.00,0.00,0.00,0.00,2,0
2026-06-12 19:52:26.668,0.00,0.00,0.00,0.00,2,0
2026-06-12 19:52:26.719,0.00,0.00,0.00,0.00,2,0
2026-06-12 19:52:26.770,0.00,0.00,0.00,0.00,2,0
2026-06-12 19:52:26.819,0.00,0.00,0.00,0.00,2,0
2026-06-12 19:52:26.869,0.00,0.00,0.00,0.00,2,0
2026-06-12 19:52:26.920,0.00,0.00,0.00,0.00,2,0
2026-06-12 19:52:26.970,0.00,0.00,0.00,0.00,2,0
2026-06-12 19:52:27.021,0.00,0.00,0.00,0.00,2,0
2026-06-12 19:52:27.072,0.00,0.00,0.00,0.00,2,0
2026-06-12 19:52:27.124,0.00,0.00,0.00,0.00,2,0
2026-06-12 19:52:27.172,0.00,0.00,0.00,0.00,2,0
2026-06-12 19:52:27.222,0.00,0.00,0.00,0.00,2,0
2026-06-12 19:52:27.273,0.00,0.00,0.00,0.00,2,0
2026-06-12 19:52:27.323,0.00,0.00,0.00,0.00,2,0
2026-06-12 19:52:27.373,0.00,0.00,0.00,0.00,2,0
2026-06-12 19:52:27.424,0.00,0.00,0.00,0.00,2,0
2026-06-12 19:52:27.474,0.00,0.00,0.00,0.00,2,0
2026-06-12 19:52:27.525,0.00,0.00,0.00,0.00,2,0
2026-06-12 19:52:27.575,0.00,0.00,0.00,0.00,2,0
2026-06-12 19:52:27.625,0.00,0.00,0.00,0.00,2,0
2026-06-12 19:52:27.676,0.00,0.00,0.00,0.00,2,0
2026-06-12 19:52:27.726,0.00,0.00,0.00,0.00,2,0
2026-06-12 19:52:27.796,0.00,0.00,0.00,0.00,2,0
2026-06-12 19:52:27.827,0.00,0.00,0.00,0.00,2,0
2026-06-12 19:52:27.877,0.00,0.00,0.00,0.00,2,0
2026-06-12 19:52:27.928,0.00,0.00,0.00,0.00,2,0
2026-06-12 19:52:27.979,0.00,0.00,0.00,0.00,2,0
2026-06-12 19:52:28.029,0.00,0.00,0.00,0.00,2,0
2026-06-12 19:52:28.079,0.00,0.00,0.00,0.00,2,0
2026-06-12 19:52:28.129,0.00,0.00,0.00,0.00,2,0
2026-06-12 19:52:28.180,0.00,0.00,0.00,0.00,2,0
2026-06-12 19:52:28.230,0.00,0.00,0.00,0.00,2,0
2026-06-12 19:52:28.281,0.00,0.00,0.00,0.00,2,0
2026-06-12 19:52:28.331,0.00,0.00,0.00,0.00,2,0
2026-06-12 19:52:28.381,0.00,0.00,0.00,0.00,2,0
2026-06-12 19:52:28.432,0.00,0.00,0.00,0.00,2,0
2026-06-12 19:52:28.482,0.00,0.00,0.00,0.00,2,0
2026-06-12 19:52:28.533,0.00,0.00,0.00,0.00,2,0
2026-06-12 19:52:28.583,0.00,0.00,0.00,0.00,2,0
2026-06-12 19:52:28.633,0.00,0.00,0.00,0.00,2,0
2026-06-12 19:52:28.687,0.00,0.00,0.00,0.00,2,0
2026-06-12 19:52:28.734,0.00,0.00,0.00,0.00,2,0
2026-06-12 19:52:28.785,0.00,0.00,0.00,0.00,2,0
2026-06-12 19:52:28.836,0.00,0.00,0.00,0.00,2,0
2026-06-12 19:52:28.886,0.00,0.00,0.00,0.00,2,0
2026-06-12 19:52:28.936,0.00,0.00,0.00,0.00,2,0
2026-06-12 19:52:28.986,0.00,0.00,0.00,0.00,2,0
2026-06-12 19:52:29.037,0.00,0.00,0.00,0.00,2,0
2026-06-12 19:52:29.088,0.00,0.00,0.00,0.00,2,0
2026-06-12 19:52:29.137,0.00,0.00,0.00,0.00,2,0
2026-06-12 19:52:29.188,0.00,0.00,0.00,0.00,2,0
2026-06-12 19:52:29.238,0.00,0.00,0.00,0.00,2,0
2026-06-12 19:52:29.289,0.00,0.00,0.00,0.00,2,0
2026-06-12 19:52:29.339,0.00,0.00,0.00,0.00,2,0
2026-06-12 19:52:29.390,0.00,0.00,0.00,0.00,2,0
2026-06-12 19:52:29.440,0.00,0.00,0.00,0.00,2,0
2026-06-12 19:52:29.501,0.00,0.00,0.00,0.00,2,0
2026-06-12 19:52:29.541,0.00,0.00,0.00,0.00,2,0
2026-06-12 19:52:29.591,0.00,0.00,0.00,0.00,2,0
2026-06-12 19:52:29.641,0.00,0.00,0.00,0.00,2,0
2026-06-12 19:52:29.692,0.00,0.00,0.00,0.00,2,0
2026-06-12 19:52:29.744,0.00,0.00,0.00,0.00,2,0
2026-06-12 19:52:29.793,0.00,0.00,0.00,0.00,2,0
2026-06-12 19:52:29.843,0.00,0.00,0.00,0.00,2,0
2026-06-12 19:52:29.893,0.00,0.00,0.00,0.00,2,0
2026-06-12 19:52:29.944,0.00,0.00,0.00,0.00,2,0
2026-06-12 19:52:29.997,0.00,0.00,0.00,0.00,2,0
2026-06-12 19:52:30.045,0.00,0.00,0.00,0.00,2,0
2026-06-12 19:52:30.095,0.00,0.00,0.00,0.00,2,0
2026-06-12 19:52:30.145,0.00,0.00,0.00,0.00,2,0
2026-06-12 19:52:30.196,0.00,0.00,0.00,0.00,2,0
2026-06-12 19:52:30.246,0.00,0.00,0.00,0.00,2,0
2026-06-12 19:52:30.297,0.00,0.00,0.00,0.00,2,0
2026-06-12 19:52:30.347,0.00,0.00,0.00,0.00,2,0
2026-06-12 19:52:30.397,0.00,0.00,0.00,0.00,2,0
2026-06-12 19:52:30.448,0.00,0.00,0.00,0.00,2,0
2026-06-12 19:52:30.499,0.00,0.00,0.00,0.00,2,0
2026-06-12 19:52:30.549,0.00,0.00,0.00,0.00,2,0
2026-06-12 19:52:30.599,0.00,0.00,0.00,0.00,2,0
2026-06-12 19:52:30.649,0.00,0.00,0.00,0.00,2,0
2026-06-12 19:52:30.700,0.00,0.00,0.00,0.00,2,0
2026-06-12 19:52:30.750,0.00,0.00,0.00,0.00,2,0
2026-06-12 19:52:30.800,0.00,0.00,0.00,0.00,2,0
2026-06-12 19:52:30.851,0.00,0.00,0.00,0.00,2,0
2026-06-12 19:52:30.902,0.00,0.00,0.00,0.00,2,0
2026-06-12 19:52:30.952,0.00,0.00,0.00,0.00,2,0
2026-06-12 19:52:31.003,0.00,0.00,0.00,0.00,2,0
2026-06-12 19:52:31.053,0.00,0.00,0.00,0.00,2,0
2026-06-12 19:52:31.103,0.00,0.00,0.00,0.00,2,0
2026-06-12 19:52:31.153,0.00,0.00,0.00,0.00,2,0
2026-06-12 19:52:31.204,0.00,0.00,0.00,0.00,2,0
2026-06-12 19:52:31.254,0.00,0.00,0.00,0.00,2,0
2026-06-12 19:52:31.305,0.00,0.00,0.00,0.00,2,0
2026-06-12 19:52:31.355,0.00,0.00,0.00,0.00,2,0
2026-06-12 19:52:31.405,0.00,0.00,0.00,0.00,2,0
2026-06-12 19:52:31.456,0.00,0.00,0.00,0.00,2,0
2026-06-12 19:52:31.507,0.00,0.00,0.00,0.00,2,0
2026-06-12 19:52:31.557,0.00,0.00,0.00,0.00,2,0
2026-06-12 19:52:31.607,0.00,0.00,0.00,0.00,2,0
2026-06-12 19:52:31.657,0.00,0.00,0.00,0.00,2,0
2026-06-12 19:52:31.708,0.00,0.00,0.00,0.00,2,0
2026-06-12 19:52:31.760,0.00,0.00,0.00,0.00,2,0
2026-06-12 19:52:31.809,0.00,0.00,0.00,0.00,2,0
2026-06-12 19:52:31.859,0.00,0.00,0.00,0.00,2,0
2026-06-12 19:52:31.909,0.00,0.00,0.00,0.00,2,0
2026-06-12 19:52:31.960,0.00,0.00,0.00,0.00,2,0
2026-06-12 19:52:32.010,0.00,0.00,0.00,0.00,2,0
2026-06-12 19:52:32.060,0.00,0.00,0.00,0.00,2,0
2026-06-12 19:52:32.111,0.00,0.00,0.00,0.00,2,0
2026-06-12 19:52:32.161,0.00,0.00,0.00,0.00,2,0
2026-06-12 19:52:32.212,0.00,0.00,0.00,0.00,2,0
2026-06-12 19:52:32.263,0.00,0.00,0.00,0.00,2,0
2026-06-12 19:52:32.314,0.00,0.00,0.00,0.00,2,0
2026-06-12 19:52:32.363,0.00,0.00,0.00,0.00,2,0
2026-06-12 19:52:32.413,0.00,0.00,0.00,0.00,2,0
2026-06-12 19:52:32.464,0.00,0.00,0.00,0.00,2,0
2026-06-12 19:52:32.515,0.00,0.00,0.00,0.00,2,0
2026-06-12 19:52:32.565,0.00,0.00,0.00,0.00,2,0
2026-06-12 19:52:32.615,0.00,0.00,0.00,0.00,2,0
2026-06-12 19:52:32.665,0.00,0.00,0.00,0.00,2,0
2026-06-12 19:52:32.716,0.00,0.00,0.00,0.00,2,0
2026-06-12 19:52:32.766,0.00,0.00,0.00,0.00,2,0
2026-06-12 19:52:32.817,0.00,0.00,0.00,0.00,2,0
2026-06-12 19:52:32.867,0.00,0.00,0.00,0.00,2,0
2026-06-12 19:52:32.917,0.00,0.00,0.00,0.00,2,0
2026-06-12 19:52:32.968,0.00,0.00,0.00,0.00,2,0
2026-06-12 19:52:33.019,0.00,0.00,0.00,0.00,2,0
2026-06-12 19:52:33.071,0.00,0.00,0.00,0.00,2,0
2026-06-12 19:52:33.120,0.00,0.00,0.00,0.00,2,0
2026-06-12 19:52:33.170,0.00,0.00,0.00,0.00,2,0
2026-06-12 19:52:33.220,0.00,0.00,0.00,0.00,2,0
2026-06-12 19:52:33.270,0.00,0.00,0.00,0.00,2,0
2026-06-12 19:52:33.321,0.00,0.00,0.00,0.00,2,0
2026-06-12 19:52:33.371,0.00,0.00,0.00,0.00,2,0
2026-06-12 19:52:33.421,0.00,0.00,0.00,0.00,2,0
2026-06-12 19:52:33.472,0.00,0.00,0.00,0.00,2,0
2026-06-12 19:52:33.522,0.00,0.00,0.00,0.00,2,0
2026-06-12 19:52:33.573,0.00,0.00,0.00,0.00,2,0
2026-06-12 19:52:33.623,0.00,0.00,0.00,0.00,2,0
2026-06-12 19:52:33.673,0.00,0.00,0.00,0.00,2,0
2026-06-12 19:52:33.724,0.00,0.00,0.00,0.00,2,0
2026-06-12 19:52:33.774,0.00,0.00,0.00,0.00,2,0
2026-06-12 19:52:33.825,0.00,0.00,0.00,0.00,2,0
2026-06-12 19:52:33.875,0.00,0.00,0.00,0.00,2,0
2026-06-12 19:52:33.925,0.00,0.00,0.00,0.00,2,0
2026-06-12 19:52:33.976,0.00,0.00,0.00,0.00,2,0
2026-06-12 19:52:34.026,0.00,0.00,0.00,0.00,2,0
2026-06-12 19:52:34.076,0.00,0.00,0.00,0.00,2,0
2026-06-12 19:52:34.127,0.00,0.00,0.00,0.00,2,0
2026-06-12 19:52:34.177,0.00,0.00,0.00,0.00,2,0
2026-06-12 19:52:34.228,0.00,0.00,0.00,0.00,2,0
2026-06-12 19:52:34.279,0.00,0.00,0.00,0.00,2,0
2026-06-12 19:52:34.329,0.00,0.00,0.00,0.00,2,0
2026-06-12 19:52:34.379,0.00,0.00,0.00,0.00,2,0
2026-06-12 19:52:34.429,0.00,0.00,0.00,0.00,2,0
2026-06-12 19:52:34.480,0.00,0.00,0.00,0.00,2,0
2026-06-12 19:52:34.530,0.00,0.00,0.00,0.00,2,0
2026-06-12 19:52:34.580,0.00,0.00,0.00,0.00,2,0
2026-06-12 19:52:34.631,0.00,0.00,0.00,0.00,2,0
2026-06-12 19:52:34.681,0.00,0.00,0.00,0.00,2,0
2026-06-12 19:52:34.732,0.00,0.00,0.00,0.00,2,0
2026-06-12 19:52:34.782,0.00,0.00,0.00,0.00,2,0
2026-06-12 19:52:34.832,0.00,0.00,0.00,0.00,2,0
2026-06-12 19:52:34.883,0.00,0.00,0.00,0.00,2,0
2026-06-12 19:52:34.933,0.00,0.00,0.00,0.00,2,0
2026-06-12 19:52:34.984,0.00,0.00,0.00,0.00,2,0
2026-06-12 19:52:35.034,0.00,0.00,0.00,0.00,2,0
2026-06-12 19:52:35.084,0.00,0.00,0.00,0.00,2,0
2026-06-12 19:52:35.135,0.00,0.00,0.00,0.00,2,0
2026-06-12 19:52:35.185,0.00,0.00,0.00,0.00,2,0
2026-06-12 19:52:35.236,0.00,0.00,0.00,0.00,2,0
2026-06-12 19:52:35.286,0.00,0.00,0.00,0.00,2,0
2026-06-12 19:52:35.337,0.00,0.00,0.00,0.00,2,0
2026-06-12 19:52:35.387,0.00,0.00,0.00,0.00,2,0
2026-06-12 19:52:35.437,0.00,0.00,0.00,0.00,2,0
2026-06-12 19:52:35.488,0.00,0.00,0.00,0.00,2,0
2026-06-12 19:52:35.538,0.00,0.00,0.00,0.00,2,0
2026-06-12 19:52:35.589,0.00,0.00,0.00,0.00,2,0
2026-06-12 19:52:35.639,0.00,0.00,0.00,0.00,2,0
2026-06-12 19:52:35.689,0.00,0.00,0.00,0.00,2,0
2026-06-12 19:52:35.740,0.00,0.00,0.00,0.00,2,0
2026-06-12 19:52:35.790,0.00,0.00,0.00,0.00,2,0
2026-06-12 19:52:35.840,0.00,0.00,0.00,0.00,2,0
2026-06-12 19:52:35.891,0.00,0.00,0.00,0.00,2,0
2026-06-12 19:52:35.941,0.00,0.00,0.00,0.00,2,0
2026-06-12 19:52:35.992,0.00,0.00,0.00,0.00,2,0
2026-06-12 19:52:36.042,0.00,0.00,0.00,0.00,2,0
2026-06-12 19:52:36.092,0.00,0.00,0.00,0.00,2,0
2026-06-12 19:52:36.143,0.00,0.00,0.00,0.00,2,0
2026-06-12 19:52:36.193,0.00,0.00,0.00,0.00,2,0
2026-06-12 19:52:36.248,0.00,0.00,0.00,0.00,2,0
2026-06-12 19:52:36.294,0.00,0.00,0.00,0.00,2,0
2026-06-12 19:52:36.344,0.00,0.00,0.00,0.00,2,0
2026-06-12 19:52:36.395,0.00,0.00,0.00,0.00,2,0
2026-06-12 19:52:36.445,0.00,0.00,0.00,0.00,2,0
2026-06-12 19:52:36.496,0.00,0.00,0.00,0.00,2,0
2026-06-12 19:52:36.546,0.00,0.00,0.00,0.00,2,0
2026-06-12 19:52:36.596,0.00,0.00,0.00,0.00,2,0
2026-06-12 19:52:36.647,0.00,0.00,0.00,0.00,2,0
2026-06-12 19:52:36.697,0.00,0.00,0.00,0.00,2,0
2026-06-12 19:52:36.748,0.00,0.00,0.00,0.00,2,0
2026-06-12 19:52:36.798,0.00,0.00,0.00,0.00,2,0
2026-06-12 19:52:36.849,0.00,0.00,0.00,0.00,2,0
2026-06-12 19:52:36.899,0.00,0.00,0.00,0.00,2,0
2026-06-12 19:52:36.949,0.00,0.00,0.00,0.00,2,0
2026-06-12 19:52:37.000,0.00,0.00,0.00,0.00,2,0
2026-06-12 19:52:37.050,0.00,0.00,0.00,0.00,2,0
2026-06-12 19:52:37.100,0.00,0.00,0.00,0.00,2,0
2026-06-12 19:52:37.151,0.00,0.00,0.00,0.00,2,0
2026-06-12 19:52:37.201,0.00,0.00,0.00,0.00,2,0
2026-06-12 19:52:37.256,0.00,0.00,0.00,0.00,2,0
2026-06-12 19:52:37.302,0.00,0.00,0.00,0.00,2,0
2026-06-12 19:52:37.352,0.00,0.00,0.00,0.00,2,0
2026-06-12 19:52:37.403,0.00,0.00,0.00,0.00,2,0
2026-06-12 19:52:37.453,0.00,0.00,0.00,0.00,2,0
2026-06-12 19:52:37.504,0.00,0.00,0.00,0.00,2,0
2026-06-12 19:52:37.554,0.00,0.00,0.00,0.00,2,0
2026-06-12 19:52:37.604,0.00,0.00,0.00,0.00,2,0
2026-06-12 19:52:37.655,0.00,0.00,0.00,0.00,2,0
2026-06-12 19:52:37.705,0.00,0.00,0.00,0.00,2,0
2026-06-12 19:52:37.756,0.00,0.00,0.00,0.00,2,0
2026-06-12 19:52:37.806,0.00,0.00,0.00,0.00,2,0
2026-06-12 19:52:37.856,0.00,0.00,0.00,0.00,2,0
2026-06-12 19:52:37.907,0.00,0.00,0.00,0.00,2,0
2026-06-12 19:52:37.957,0.00,0.00,0.00,0.00,2,0
2026-06-12 19:52:38.016,0.00,0.00,0.00,0.00,2,0
2026-06-12 19:52:38.059,0.00,0.00,0.00,0.00,2,0
2026-06-12 19:52:38.108,0.00,0.00,0.00,0.00,2,0
2026-06-12 19:52:38.159,0.00,0.00,0.00,0.00,2,0
2026-06-12 19:52:38.209,0.00,0.00,0.00,0.00,2,0
2026-06-12 19:52:38.259,0.00,0.00,0.00,0.00,2,0
2026-06-12 19:52:38.310,0.00,0.00,0.00,0.00,2,0
2026-06-12 19:52:38.360,0.00,0.00,0.00,0.00,2,0
2026-06-12 19:52:38.411,0.00,0.00,0.00,0.00,2,0
2026-06-12 19:52:38.461,0.00,0.00,0.00,0.00,2,0
2026-06-12 19:52:38.512,0.00,0.00,0.00,0.00,2,0
2026-06-12 19:52:38.562,0.00,0.00,0.00,0.00,2,0
2026-06-12 19:52:38.612,0.00,0.00,0.00,0.00,2,0
2026-06-12 19:52:38.663,0.00,0.00,0.00,0.00,2,0
2026-06-12 19:52:38.714,0.00,0.00,0.00,0.00,2,0
2026-06-12 19:52:38.764,0.00,0.00,0.00,0.00,2,0
2026-06-12 19:52:38.814,0.00,0.00,0.00,0.00,2,0
2026-06-12 19:52:38.864,0.00,0.00,0.00,0.00,2,0
2026-06-12 19:52:38.915,0.00,0.00,0.00,0.00,2,0
2026-06-12 19:52:38.965,0.00,0.00,0.00,0.00,2,0
2026-06-12 19:52:39.016,0.00,0.00,0.00,0.00,2,0
2026-06-12 19:52:39.066,0.00,0.00,0.00,0.00,2,0
2026-06-12 19:52:39.116,0.00,0.00,0.00,0.00,2,0
2026-06-12 19:52:39.167,0.00,0.00,0.00,0.00,2,0
2026-06-12 19:52:39.217,0.00,0.00,0.00,0.00,2,0
2026-06-12 19:52:39.268,0.00,0.00,0.00,0.00,2,0
2026-06-12 19:52:39.319,0.00,0.00,0.00,0.00,2,0
2026-06-12 19:52:39.369,0.00,0.00,0.00,0.00,2,0
2026-06-12 19:52:39.419,0.00,0.00,0.00,0.00,2,0
2026-06-12 19:52:39.469,0.00,0.00,0.00,0.00,2,0
2026-06-12 19:52:39.519,0.00,0.00,0.00,0.00,2,0
2026-06-12 19:52:39.571,0.00,0.00,0.00,0.00,2,0
2026-06-12 19:52:39.620,0.00,0.00,0.00,0.00,2,0
2026-06-12 19:52:39.671,0.00,0.00,0.00,0.00,2,0
2026-06-12 19:52:39.721,0.00,0.00,0.00,0.00,2,0
2026-06-12 19:52:39.772,0.00,0.00,0.00,0.00,2,0
2026-06-12 19:52:39.822,0.00,0.00,0.00,0.00,2,0
2026-06-12 19:52:39.873,0.00,0.00,0.00,0.00,2,0
2026-06-12 19:52:39.923,0.00,0.00,0.00,0.00,2,0
2026-06-12 19:52:39.973,0.00,0.00,0.00,0.00,2,0
2026-06-12 19:52:40.024,0.00,0.00,0.00,0.00,2,0
2026-06-12 19:52:40.074,0.00,0.00,0.00,0.00,2,0
2026-06-12 19:52:40.124,0.00,0.00,0.00,0.00,2,0
2026-06-12 19:52:40.175,0.00,0.00,0.00,0.00,2,0
2026-06-12 19:52:40.225,0.00,0.00,0.00,0.00,2,0
2026-06-12 19:52:40.276,0.00,0.00,0.00,0.00,2,0
2026-06-12 19:52:40.328,0.00,0.00,0.00,0.00,2,0
2026-06-12 19:52:40.376,0.00,0.00,0.00,0.00,2,0
2026-06-12 19:52:40.427,0.00,0.00,0.00,0.00,2,0
2026-06-12 19:52:40.477,0.00,0.00,0.00,0.00,2,0
2026-06-12 19:52:40.528,0.00,0.00,0.00,0.00,2,0
2026-06-12 19:52:40.579,0.00,0.00,0.00,0.00,2,0
2026-06-12 19:52:40.629,0.00,0.00,0.00,0.00,2,0
2026-06-12 19:52:40.679,0.00,0.00,0.00,0.00,2,0
2026-06-12 19:52:40.729,0.00,0.00,0.00,0.00,2,0
2026-06-12 19:52:40.780,0.00,0.00,0.00,0.00,2,0
2026-06-12 19:52:40.830,0.00,0.00,0.00,0.00,2,0
2026-06-12 19:52:40.880,0.00,0.00,0.00,0.00,2,0
2026-06-12 19:52:40.931,0.00,0.00,0.00,0.00,2,0
2026-06-12 19:52:40.981,0.00,0.00,0.00,0.00,2,0
2026-06-12 19:52:41.032,0.00,0.00,0.00,0.00,2,0
2026-06-12 19:52:41.083,0.00,0.00,0.00,0.00,2,0
2026-06-12 19:52:41.132,0.00,0.00,0.00,0.00,2,0
2026-06-12 19:52:41.183,0.00,0.00,0.00,0.00,2,0
2026-06-12 19:52:41.233,0.00,0.00,0.00,0.00,2,0
2026-06-12 19:52:41.284,0.00,0.00,0.00,0.00,2,0
2026-06-12 19:52:41.334,0.00,0.00,0.00,0.00,2,0
2026-06-12 19:52:41.384,0.00,0.00,0.00,0.00,2,0
2026-06-12 19:52:41.435,0.00,0.00,0.00,0.00,2,0
2026-06-12 19:52:41.485,0.00,0.00,0.00,0.00,2,0
2026-06-12 19:52:41.540,0.00,0.00,0.00,0.00,2,0
2026-06-12 19:52:41.586,0.00,0.00,0.00,0.00,2,0
2026-06-12 19:52:41.636,0.00,0.00,0.00,0.00,2,0
2026-06-12 19:52:41.688,0.00,0.00,0.00,0.00,2,0
2026-06-12 19:52:41.737,0.00,0.00,0.00,0.00,2,0
2026-06-12 19:52:41.788,0.00,0.00,0.00,0.00,2,0
2026-06-12 19:52:41.839,0.00,0.00,0.00,0.00,2,0
2026-06-12 19:52:41.889,0.00,0.00,0.00,0.00,2,0
2026-06-12 19:52:41.939,0.00,0.00,0.00,0.00,2,0
2026-06-12 19:52:41.989,0.00,0.00,0.00,0.00,2,0
2026-06-12 19:52:42.039,0.00,0.00,0.00,0.00,2,0
2026-06-12 19:52:42.090,0.00,0.00,0.00,0.00,2,0
2026-06-12 19:52:42.140,0.00,0.00,0.00,0.00,2,0
2026-06-12 19:52:42.191,0.00,0.00,0.00,0.00,2,0
2026-06-12 19:52:42.243,0.00,0.00,0.00,0.00,2,0
2026-06-12 19:52:42.292,0.00,0.00,0.00,0.00,2,0
2026-06-12 19:52:42.342,0.00,0.00,0.00,0.00,2,0
2026-06-12 19:52:42.392,0.00,0.00,0.00,0.00,2,0
2026-06-12 19:52:42.443,0.00,0.00,0.00,0.00,2,0
2026-06-12 19:52:42.493,0.00,0.00,0.00,0.00,2,0
2026-06-12 19:52:42.544,0.00,0.00,0.00,0.00,2,0
2026-06-12 19:52:42.594,0.00,0.00,0.00,0.00,2,0
2026-06-12 19:52:42.644,0.00,0.00,0.00,0.00,2,0
2026-06-12 19:52:42.695,0.00,0.00,0.00,0.00,2,0
2026-06-12 19:52:42.745,0.00,0.00,0.00,0.00,2,0
2026-06-12 19:52:42.796,0.00,0.00,0.00,0.00,2,0
2026-06-12 19:52:42.846,0.00,0.00,0.00,0.00,2,0
2026-06-12 19:52:42.896,0.00,0.00,0.00,0.00,2,0
2026-06-12 19:52:42.947,0.00,0.00,0.00,0.00,2,0
2026-06-12 19:52:42.997,0.00,0.00,0.00,0.00,2,0
2026-06-12 19:52:43.047,0.00,0.00,0.00,0.00,2,0
2026-06-12 19:52:43.098,0.00,0.00,0.00,0.00,2,0
2026-06-12 19:52:43.148,0.00,0.00,0.00,0.00,2,0
2026-06-12 19:52:43.199,0.00,0.00,0.00,0.00,2,0
2026-06-12 19:52:43.249,0.00,0.00,0.00,0.00,2,0
2026-06-12 19:52:43.299,0.00,0.00,0.00,0.00,2,0
2026-06-12 19:52:43.350,0.00,0.00,0.00,0.00,2,0
2026-06-12 19:52:43.400,0.00,0.00,0.00,0.00,2,0
2026-06-12 19:52:43.451,0.00,0.00,0.00,0.00,2,0
2026-06-12 19:52:43.501,0.00,0.00,0.00,0.00,2,0
2026-06-12 19:52:43.551,0.00,0.00,0.00,0.00,2,0
2026-06-12 19:52:43.602,0.00,0.00,0.00,0.00,2,0
2026-06-12 19:52:43.652,0.00,0.00,0.00,0.00,2,0
2026-06-12 19:52:43.703,0.00,0.00,0.00,0.00,2,0
2026-06-12 19:52:43.753,0.00,0.00,0.00,0.00,2,0
2026-06-12 19:52:43.803,0.00,0.00,0.00,0.00,2,0
2026-06-12 19:52:43.854,0.00,0.00,0.00,0.00,2,0
2026-06-12 19:52:43.904,0.00,0.00,0.00,0.00,2,0
2026-06-12 19:52:43.955,0.00,0.00,0.00,0.00,2,0
2026-06-12 19:52:44.005,0.00,0.00,0.00,0.00,2,0
2026-06-12 19:52:44.055,0.00,0.00,0.00,0.00,2,0
2026-06-12 19:52:44.106,0.00,0.00,0.00,0.00,2,0
2026-06-12 19:52:44.156,0.00,0.00,0.00,0.00,2,0
2026-06-12 19:52:44.207,0.00,0.00,0.00,0.00,2,0
2026-06-12 19:52:44.257,0.00,0.00,0.00,0.00,2,0
2026-06-12 19:52:44.308,0.00,0.00,0.00,0.00,2,0
2026-06-12 19:52:44.360,0.00,0.00,0.00,0.00,2,0
2026-06-12 19:52:44.409,0.02,0.00,0.00,0.00,1,0
2026-06-12 19:52:44.460,0.02,0.00,0.53,0.16,1,0
2026-06-12 19:52:44.509,0.02,0.00,0.53,0.16,1,0
2026-06-12 19:52:44.559,0.02,0.00,0.53,0.16,1,0
2026-06-12 19:52:44.610,0.02,0.00,0.53,0.16,1,0
2026-06-12 19:52:44.660,0.02,0.00,0.53,0.16,1,0
2026-06-12 19:52:44.711,0.02,0.00,0.53,0.16,1,0
2026-06-12 19:52:44.761,0.02,0.00,0.53,0.16,1,0
2026-06-12 19:52:44.811,0.02,0.00,0.53,0.16,1,0
2026-06-12 19:52:44.862,0.02,0.00,0.53,0.16,1,0
2026-06-12 19:52:44.912,0.02,0.00,0.53,0.16,1,0
2026-06-12 19:52:44.964,0.02,0.00,0.53,0.16,1,0
2026-06-12 19:52:45.013,0.02,0.00,0.53,0.16,1,0
2026-06-12 19:52:45.063,0.02,0.00,0.53,0.16,1,0
2026-06-12 19:52:45.114,0.02,0.00,0.53,0.16,1,0
2026-06-12 19:52:45.164,0.02,0.00,0.53,0.16,1,0
2026-06-12 19:52:45.215,0.02,0.00,0.53,0.16,1,0
2026-06-12 19:52:45.265,0.02,0.00,0.53,0.16,1,0
2026-06-12 19:52:45.315,0.02,0.00,0.53,0.16,1,0
2026-06-12 19:52:45.366,0.02,0.00,0.53,0.16,1,0
2026-06-12 19:52:45.416,0.02,0.00,0.53,0.16,1,0
2026-06-12 19:52:45.467,0.02,0.00,0.53,0.16,1,0
2026-06-12 19:52:45.517,0.02,0.00,0.53,0.16,1,0
2026-06-12 19:52:45.567,0.02,0.00,0.53,0.16,1,0
2026-06-12 19:52:45.618,0.02,0.00,0.53,0.16,1,0
2026-06-12 19:52:45.668,0.02,0.00,0.53,0.16,1,0
2026-06-12 19:52:45.719,0.02,0.00,0.53,0.16,1,0
2026-06-12 19:52:45.769,0.02,0.00,0.53,0.16,1,0
2026-06-12 19:52:45.820,0.02,0.00,0.53,0.16,1,0
2026-06-12 19:52:45.870,0.02,0.00,0.53,0.16,1,0
2026-06-12 19:52:45.920,0.02,0.00,0.53,0.16,1,0
2026-06-12 19:52:45.971,0.02,0.00,0.53,0.16,1,0
2026-06-12 19:52:46.021,0.02,0.00,0.53,0.16,1,0
2026-06-12 19:52:46.071,0.02,0.00,0.53,0.16,1,0
2026-06-12 19:52:46.122,0.02,0.00,0.53,0.16,1,0
2026-06-12 19:52:46.172,0.02,0.00,0.53,0.16,1,0
2026-06-12 19:52:46.223,0.02,0.00,0.53,0.16,1,0
2026-06-12 19:52:46.273,0.02,0.00,0.53,0.16,1,0
2026-06-12 19:52:46.323,0.02,0.00,0.53,0.16,1,0
2026-06-12 19:52:46.374,0.02,0.00,0.53,0.16,1,0
2026-06-12 19:52:46.424,0.00,0.00,0.53,0.16,1,0
2026-06-12 19:52:46.475,0.00,0.00,0.00,0.00,1,0
2026-06-12 19:52:46.525,0.00,0.00,0.00,0.00,1,0
2026-06-12 19:52:46.575,0.00,0.00,0.00,0.00,1,0
2026-06-12 19:52:46.626,0.00,0.00,0.00,0.00,1,0
2026-06-12 19:52:46.676,0.00,0.00,0.00,0.00,1,0
2026-06-12 19:52:46.727,0.00,0.00,0.00,0.00,1,0
2026-06-12 19:52:46.777,0.00,0.00,0.00,0.00,1,0
2026-06-12 19:52:46.828,0.00,0.00,0.00,0.00,1,0
2026-06-12 19:52:46.879,0.00,0.00,0.00,0.00,1,0
2026-06-12 19:52:46.929,0.00,0.00,0.00,0.00,1,0
2026-06-12 19:52:46.979,0.00,0.00,0.00,0.00,1,0
2026-06-12 19:52:47.029,0.00,0.00,0.00,0.00,1,0
2026-06-12 19:52:47.079,0.00,0.00,0.00,0.00,1,0
2026-06-12 19:52:47.130,0.00,0.00,0.00,0.00,1,0
2026-06-12 19:52:47.180,0.00,0.00,0.00,0.00,1,0
2026-06-12 19:52:47.231,0.00,0.00,0.00,0.00,1,0
2026-06-12 19:52:47.281,0.00,0.00,0.00,0.00,1,0
2026-06-12 19:52:47.331,0.00,0.00,0.00,0.00,1,0
2026-06-12 19:52:47.382,0.00,0.00,0.00,0.00,1,0
2026-06-12 19:52:47.432,0.00,0.00,0.00,0.00,1,0
2026-06-12 19:52:47.483,0.02,0.00,0.00,0.00,0,0
2026-06-12 19:52:47.533,0.02,0.00,0.52,0.16,0,0
2026-06-12 19:52:47.584,0.02,0.00,0.52,0.16,0,0
2026-06-12 19:52:47.634,0.02,0.00,0.52,0.16,0,0
2026-06-12 19:52:47.684,0.02,0.00,0.52,0.16,0,0
2026-06-12 19:52:47.735,0.02,0.00,0.52,0.16,0,0
2026-06-12 19:52:47.785,0.02,0.00,0.52,0.16,0,0
2026-06-12 19:52:47.836,0.02,0.00,0.52,0.16,0,0
2026-06-12 19:52:47.886,0.02,0.00,0.52,0.16,0,0
2026-06-12 19:52:47.936,0.02,0.00,0.52,0.16,0,0
2026-06-12 19:52:47.987,0.02,0.00,0.52,0.16,0,0
2026-06-12 19:52:48.037,0.02,0.00,0.52,0.16,0,0
2026-06-12 19:52:48.088,0.02,0.00,0.52,0.16,0,0
2026-06-12 19:52:48.138,0.02,0.00,0.52,0.16,0,0
2026-06-12 19:52:48.189,0.02,0.00,0.52,0.16,0,0
2026-06-12 19:52:48.239,0.02,0.00,0.52,0.16,0,0
2026-06-12 19:52:48.289,0.02,0.00,0.52,0.16,0,0
2026-06-12 19:52:48.339,0.02,0.00,0.52,0.16,0,0
2026-06-12 19:52:48.390,0.02,0.00,0.52,0.16,0,0
2026-06-12 19:52:48.441,0.02,0.00,0.52,0.16,0,0
2026-06-12 19:52:48.491,0.02,0.00,0.52,0.16,0,0
2026-06-12 19:52:48.541,0.02,0.00,0.52,0.16,0,0
2026-06-12 19:52:48.591,0.02,0.00,0.52,0.16,0,0
2026-06-12 19:52:48.642,0.02,0.00,0.52,0.16,0,0
2026-06-12 19:52:48.692,0.02,0.00,0.52,0.16,0,0
2026-06-12 19:52:48.743,0.02,0.00,0.52,0.16,0,0
2026-06-12 19:52:48.793,0.02,0.00,0.52,0.16,0,0
2026-06-12 19:52:48.843,0.02,0.00,0.52,0.16,0,0
2026-06-12 19:52:48.894,0.02,0.00,0.52,0.16,0,0
2026-06-12 19:52:48.944,0.02,0.00,0.52,0.16,0,0
2026-06-12 19:52:49.000,0.02,0.00,0.52,0.16,0,0
2026-06-12 19:52:49.045,0.02,0.00,0.52,0.16,0,0
2026-06-12 19:52:49.096,0.02,0.00,0.52,0.16,0,0
2026-06-12 19:52:49.146,0.02,0.00,0.52,0.16,0,0
2026-06-12 19:52:49.196,0.02,0.00,0.52,0.16,0,0
2026-06-12 19:52:49.247,0.02,0.00,0.52,0.16,0,0
2026-06-12 19:52:49.297,0.02,0.00,0.52,0.16,0,0
2026-06-12 19:52:49.349,0.02,0.00,0.52,0.16,0,0
2026-06-12 19:52:49.398,0.02,0.00,0.52,0.16,0,0
2026-06-12 19:52:49.449,0.00,0.00,0.52,0.16,0,0
2026-06-12 19:52:49.499,0.20,0.00,0.00,0.00,2,0
2026-06-12 19:52:49.549,0.20,0.00,5.92,1.78,2,0
2026-06-12 19:52:49.599,0.20,0.00,5.92,1.78,2,0
2026-06-12 19:52:49.650,0.20,0.00,5.92,1.78,2,0
2026-06-12 19:52:49.700,0.20,0.00,5.92,1.78,2,0
2026-06-12 19:52:49.751,0.20,0.00,5.92,1.78,2,0
2026-06-12 19:52:49.801,0.20,0.00,5.92,1.78,2,0
2026-06-12 19:52:49.852,0.20,0.00,5.92,1.78,2,0
2026-06-12 19:52:49.902,0.20,0.00,5.92,1.78,2,0
2026-06-12 19:52:49.952,0.20,0.00,5.92,1.78,2,0
2026-06-12 19:52:50.003,0.20,0.00,5.92,1.78,2,0
2026-06-12 19:52:50.053,0.20,0.00,5.92,1.78,2,0
2026-06-12 19:52:50.104,0.20,0.00,5.92,1.78,2,0
2026-06-12 19:52:50.154,0.20,0.00,5.92,1.78,2,0
2026-06-12 19:52:50.205,0.20,0.00,5.92,1.78,2,0
2026-06-12 19:52:50.255,0.20,0.00,5.92,1.78,2,0
2026-06-12 19:52:50.305,0.20,0.00,5.92,1.78,2,0
2026-06-12 19:52:50.356,0.20,0.00,5.92,1.78,2,0
2026-06-12 19:52:50.406,0.20,0.00,5.92,1.78,2,0
2026-06-12 19:52:50.456,0.20,0.00,5.92,1.78,2,0
2026-06-12 19:52:50.507,0.20,0.00,5.92,1.78,2,0
2026-06-12 19:52:50.557,0.20,0.00,5.92,1.78,2,0
2026-06-12 19:52:50.608,0.20,0.00,5.92,1.78,2,0
2026-06-12 19:52:50.658,0.20,0.00,5.92,1.78,2,0
2026-06-12 19:52:50.709,0.20,0.00,5.92,1.78,2,0
2026-06-12 19:52:50.759,0.20,0.00,5.92,1.78,2,0
2026-06-12 19:52:50.809,0.20,0.00,5.92,1.78,2,0
2026-06-12 19:52:50.859,0.20,0.00,5.92,1.78,2,0
2026-06-12 19:52:50.910,0.20,0.00,5.92,1.78,2,0
2026-06-12 19:52:50.960,0.20,0.00,5.92,1.78,2,0
2026-06-12 19:52:51.011,0.29,0.00,5.92,1.78,2,0
2026-06-12 19:52:51.061,0.29,0.00,4.54,2.60,2,0
2026-06-12 19:52:51.111,0.29,0.00,4.54,2.60,2,0
2026-06-12 19:52:51.162,0.29,0.00,4.54,2.60,2,0
2026-06-12 19:52:51.212,0.29,0.00,4.54,2.60,2,0
2026-06-12 19:52:51.265,0.29,0.00,4.54,2.60,2,0
2026-06-12 19:52:51.315,0.29,0.00,4.54,2.60,2,0
2026-06-12 19:52:51.364,0.29,0.00,4.54,2.60,2,0
2026-06-12 19:52:51.415,0.29,0.00,4.54,2.60,2,0
2026-06-12 19:52:51.464,0.29,0.00,4.54,2.60,2,0
2026-06-12 19:52:51.515,0.29,0.00,4.54,2.60,2,0
2026-06-12 19:52:51.565,0.29,0.00,4.54,2.60,2,0
2026-06-12 19:52:51.616,0.29,0.00,4.54,2.60,2,0
2026-06-12 19:52:51.666,0.29,0.00,4.54,2.60,2,0
2026-06-12 19:52:51.716,0.29,0.00,4.54,2.60,2,0
2026-06-12 19:52:51.767,0.29,0.00,4.54,2.60,2,0
2026-06-12 19:52:51.817,0.29,0.00,4.54,2.60,2,0
2026-06-12 19:52:51.868,0.29,0.00,4.54,2.60,2,0
2026-06-12 19:52:51.918,0.29,0.00,4.54,2.60,2,0
2026-06-12 19:52:51.969,0.29,0.00,4.54,2.60,2,0
2026-06-12 19:52:52.019,0.29,0.00,4.54,2.60,2,0
2026-06-12 19:52:52.069,0.29,0.00,4.54,2.60,2,0
2026-06-12 19:52:52.120,0.29,0.00,4.54,2.60,2,0
2026-06-12 19:52:52.173,0.29,0.00,4.54,2.60,2,0
2026-06-12 19:52:52.220,0.29,0.00,4.54,2.60,2,0
2026-06-12 19:52:52.273,0.29,0.00,4.54,2.60,2,0
2026-06-12 19:52:52.321,0.29,0.00,4.54,2.60,2,0
2026-06-12 19:52:52.371,0.29,0.00,4.54,2.60,2,0
2026-06-12 19:52:52.422,0.29,0.00,4.54,2.60,2,0
2026-06-12 19:52:52.472,0.29,0.00,4.54,2.60,2,0
2026-06-12 19:52:52.523,0.29,0.00,4.54,2.60,2,0
2026-06-12 19:52:52.573,0.29,0.00,4.54,2.60,2,0
2026-06-12 19:52:52.624,0.29,0.00,4.54,2.60,2,0
2026-06-12 19:52:52.674,0.29,0.00,4.54,2.60,2,0
2026-06-12 19:52:52.724,0.29,0.00,4.54,2.60,2,0
2026-06-12 19:52:52.775,0.29,0.00,4.54,2.60,2,0
2026-06-12 19:52:52.825,0.29,0.00,4.54,2.60,2,0
2026-06-12 19:52:52.876,0.29,0.00,4.54,2.60,2,0
2026-06-12 19:52:52.926,0.29,0.00,4.54,2.60,2,0
2026-06-12 19:52:52.976,0.29,0.00,4.54,2.60,2,0
2026-06-12 19:52:53.027,0.00,0.00,4.54,2.60,2,0
2026-06-12 19:52:53.077,0.00,0.00,0.00,0.00,2,0
2026-06-12 19:52:53.128,0.00,0.00,0.00,0.00,2,0
2026-06-12 19:52:53.178,0.00,0.00,0.00,0.00,2,0
2026-06-12 19:52:53.228,0.00,0.00,0.00,0.00,2,0
2026-06-12 19:52:53.279,0.00,0.00,0.00,0.00,2,0
2026-06-12 19:52:53.329,0.00,0.00,0.00,0.00,2,0
2026-06-12 19:52:53.380,0.00,0.00,0.00,0.00,2,0
2026-06-12 19:52:53.430,0.00,0.00,0.00,0.00,2,0
2026-06-12 19:52:53.480,0.00,0.00,0.00,0.00,2,0
2026-06-12 19:52:53.531,0.00,0.00,0.00,0.00,2,0
2026-06-12 19:52:53.581,0.00,0.00,0.00,0.00,2,0
2026-06-12 19:52:53.631,0.00,0.00,0.00,0.00,2,0
2026-06-12 19:52:53.682,0.00,0.00,0.00,0.00,2,0
2026-06-12 19:52:53.732,0.00,0.00,0.00,0.00,2,0
2026-06-12 19:52:53.783,0.00,0.00,0.00,0.00,2,0
2026-06-12 19:52:53.833,0.00,0.00,0.00,0.00,2,0
2026-06-12 19:52:53.884,0.00,0.00,0.00,0.00,2,0
2026-06-12 19:52:53.934,0.00,0.00,0.00,0.00,2,0
2026-06-12 19:52:53.984,0.00,0.00,0.00,0.00,2,0
2026-06-12 19:52:54.035,0.00,0.00,0.00,0.00,2,0
2026-06-12 19:52:54.086,0.00,0.00,0.00,0.00,2,0
2026-06-12 19:52:54.136,0.00,0.00,0.00,0.00,2,0
2026-06-12 19:52:54.186,0.00,0.00,0.00,0.00,2,0
2026-06-12 19:52:54.236,0.00,0.00,0.00,0.00,2,0
2026-06-12 19:52:54.287,0.00,0.00,0.00,0.00,2,0
2026-06-12 19:52:54.337,0.00,0.00,0.00,0.00,2,0
2026-06-12 19:52:54.387,0.00,0.00,0.00,0.00,2,0
2026-06-12 19:52:54.438,0.00,0.00,0.00,0.00,2,0
2026-06-12 19:52:54.489,0.00,0.00,0.00,0.00,2,0
2026-06-12 19:52:54.539,0.00,0.00,0.00,0.00,2,0
2026-06-12 19:52:54.589,0.00,0.00,0.00,0.00,2,0
2026-06-12 19:52:54.639,0.00,0.00,0.00,0.00,2,0
2026-06-12 19:52:54.690,0.00,0.00,0.00,0.00,2,0
2026-06-12 19:52:54.740,0.00,0.00,0.00,0.00,2,0
2026-06-12 19:52:54.796,0.00,0.00,0.00,0.00,2,0
2026-06-12 19:52:54.841,0.00,0.00,0.00,0.00,2,0
2026-06-12 19:52:54.892,0.00,0.00,0.00,0.00,2,0
2026-06-12 19:52:54.942,0.00,0.00,0.00,0.00,2,0
2026-06-12 19:52:54.992,0.00,0.00,0.00,0.00,2,0
2026-06-12 19:52:55.043,0.00,0.00,0.00,0.00,2,0
2026-06-12 19:52:55.093,0.00,0.00,0.00,0.00,2,0
2026-06-12 19:52:55.143,0.00,0.00,0.00,0.00,2,0
2026-06-12 19:52:55.194,0.00,0.00,0.00,0.00,2,0
2026-06-12 19:52:55.244,0.00,0.00,0.00,0.00,2,0
2026-06-12 19:52:55.295,0.00,0.00,0.00,0.00,2,0
2026-06-12 19:52:55.345,0.00,0.00,0.00,0.00,2,0
2026-06-12 19:52:55.395,0.00,0.00,0.00,0.00,2,0
2026-06-12 19:52:55.446,0.00,0.00,0.00,0.00,2,0
2026-06-12 19:52:55.496,0.00,0.00,0.00,0.00,2,0
2026-06-12 19:52:55.547,0.00,0.00,0.00,0.00,2,0
2026-06-12 19:52:55.597,0.00,0.00,0.00,0.00,2,0
2026-06-12 19:52:55.647,0.00,0.00,0.00,0.00,2,0
2026-06-12 19:52:55.698,0.00,0.00,0.00,0.00,2,0
2026-06-12 19:52:55.749,0.00,0.00,0.00,0.00,2,0
2026-06-12 19:52:55.799,0.00,0.00,0.00,0.00,2,0
2026-06-12 19:52:55.849,0.00,0.00,0.00,0.00,2,0
2026-06-12 19:52:55.899,0.00,0.00,0.00,0.00,2,0
2026-06-12 19:52:55.950,0.00,0.00,0.00,0.00,2,0
2026-06-12 19:52:56.000,0.00,0.00,0.00,0.00,2,0
2026-06-12 19:52:56.051,0.00,0.00,0.00,0.00,2,0
2026-06-12 19:52:56.101,0.00,0.00,0.00,0.00,2,0
2026-06-12 19:52:56.151,0.00,0.00,0.00,0.00,2,0
2026-06-12 19:52:56.203,0.00,0.00,0.00,0.00,2,0
2026-06-12 19:52:56.252,0.00,0.00,0.00,0.00,2,0
2026-06-12 19:52:56.303,0.00,0.00,0.00,0.00,2,0
2026-06-12 19:52:56.353,0.00,0.00,0.00,0.00,2,0
2026-06-12 19:52:56.403,0.00,0.00,0.00,0.00,2,0
2026-06-12 19:52:56.454,0.00,0.00,0.00,0.00,2,0
2026-06-12 19:52:56.504,0.00,0.00,0.00,0.00,2,0
2026-06-12 19:52:56.555,0.00,0.00,0.00,0.00,2,0
2026-06-12 19:52:56.608,0.00,0.00,0.00,0.00,2,0
2026-06-12 19:52:56.655,0.00,0.00,0.00,0.00,2,0
2026-06-12 19:52:56.706,0.00,0.00,0.00,0.00,2,0
2026-06-12 19:52:56.756,0.00,0.00,0.00,0.00,2,0
2026-06-12 19:52:56.807,0.00,0.00,0.00,0.00,2,0
2026-06-12 19:52:56.857,0.00,0.00,0.00,0.00,2,0
2026-06-12 19:52:56.907,0.00,0.00,0.00,0.00,2,0
2026-06-12 19:52:56.958,0.00,0.00,0.00,0.00,2,0
2026-06-12 19:52:57.009,0.00,0.00,0.00,0.00,2,0
2026-06-12 19:52:57.060,0.00,0.00,0.00,0.00,2,0
2026-06-12 19:52:57.117,0.00,0.00,0.00,0.00,2,0
2026-06-12 19:52:57.159,0.00,0.00,0.00,0.00,2,0
2026-06-12 19:52:57.210,0.00,0.00,0.00,0.00,2,0
2026-06-12 19:52:57.260,0.00,0.00,0.00,0.00,2,0
2026-06-12 19:52:57.311,0.00,0.00,0.00,0.00,2,0
2026-06-12 19:52:57.361,0.00,0.00,0.00,0.00,2,0
2026-06-12 19:52:57.411,0.00,0.00,0.00,0.00,2,0
2026-06-12 19:52:57.462,0.00,0.00,0.00,0.00,2,0
2026-06-12 19:52:57.512,0.00,0.00,0.00,0.00,2,0
2026-06-12 19:52:57.563,0.00,0.00,0.00,0.00,2,0
2026-06-12 19:52:57.613,0.00,0.00,0.00,0.00,2,0
2026-06-12 19:52:57.663,0.00,0.00,0.00,0.00,2,0
2026-06-12 19:52:57.714,0.00,0.00,0.00,0.00,2,0
2026-06-12 19:52:57.764,0.00,0.00,0.00,0.00,2,0
2026-06-12 19:52:57.815,0.00,0.00,0.00,0.00,2,0
2026-06-12 19:52:57.865,0.00,0.00,0.00,0.00,2,0
2026-06-12 19:52:57.915,0.00,0.00,0.00,0.00,2,0
2026-06-12 19:52:57.966,0.00,0.00,0.00,0.00,2,0
2026-06-12 19:52:58.016,0.00,0.00,0.00,0.00,2,0
2026-06-12 19:52:58.067,0.00,0.00,0.00,0.00,2,0
2026-06-12 19:52:58.117,0.00,0.00,0.00,0.00,2,0
2026-06-12 19:52:58.170,0.00,0.00,0.00,0.00,2,0
2026-06-12 19:52:58.218,0.00,0.00,0.00,0.00,2,0
2026-06-12 19:52:58.269,0.00,0.00,0.00,0.00,2,0
2026-06-12 19:52:58.319,0.00,0.00,0.00,0.00,2,0
2026-06-12 19:52:58.369,0.00,0.00,0.00,0.00,2,0
2026-06-12 19:52:58.419,0.00,0.00,0.00,0.00,2,0
2026-06-12 19:52:58.470,0.00,0.00,0.00,0.00,2,0
2026-06-12 19:52:58.520,0.00,0.00,0.00,0.00,2,0
2026-06-12 19:52:58.570,0.00,0.00,0.00,0.00,2,0
2026-06-12 19:52:58.621,0.00,0.00,0.00,0.00,2,0
2026-06-12 19:52:58.671,0.00,0.00,0.00,0.00,2,0
2026-06-12 19:52:58.722,0.00,0.00,0.00,0.00,2,0
2026-06-12 19:52:58.772,0.00,0.00,0.00,0.00,2,0
2026-06-12 19:52:58.823,0.00,0.00,0.00,0.00,2,0
2026-06-12 19:52:58.873,0.00,0.00,0.00,0.00,2,0
2026-06-12 19:52:58.923,0.00,0.00,0.00,0.00,2,0
2026-06-12 19:52:58.974,0.00,0.00,0.00,0.00,2,0
2026-06-12 19:52:59.024,0.00,0.00,0.00,0.00,2,0
2026-06-12 19:52:59.075,0.00,0.00,0.00,0.00,2,0
2026-06-12 19:52:59.125,0.00,0.00,0.00,0.00,2,0
2026-06-12 19:52:59.175,0.00,0.00,0.00,0.00,2,0
2026-06-12 19:52:59.226,0.00,0.00,0.00,0.00,2,0
2026-06-12 19:52:59.276,0.00,0.00,0.00,0.00,2,0
2026-06-12 19:52:59.327,0.00,0.00,0.00,0.00,2,0
2026-06-12 19:52:59.377,0.00,0.00,0.00,0.00,2,0
2026-06-12 19:52:59.427,0.00,0.00,0.00,0.00,2,0
2026-06-12 19:52:59.478,0.00,0.00,0.00,0.00,2,0
2026-06-12 19:52:59.529,0.00,0.00,0.00,0.00,2,0
2026-06-12 19:52:59.579,0.00,0.00,0.00,0.00,2,0
2026-06-12 19:52:59.629,0.00,0.00,0.00,0.00,2,0
2026-06-12 19:52:59.680,0.00,0.00,0.00,0.00,2,0
2026-06-12 19:52:59.730,0.00,0.00,0.00,0.00,2,0
2026-06-12 19:52:59.780,0.00,0.00,0.00,0.00,2,0
2026-06-12 19:52:59.830,0.00,0.00,0.00,0.00,2,0
2026-06-12 19:52:59.881,0.00,0.00,0.00,0.00,2,0
2026-06-12 19:52:59.931,0.00,0.00,0.00,0.00,2,0
2026-06-12 19:52:59.982,0.00,0.00,0.00,0.00,2,0
2026-06-12 19:53:00.032,0.00,0.00,0.00,0.00,2,0
2026-06-12 19:53:00.083,0.00,0.00,0.00,0.00,2,0
2026-06-12 19:53:00.133,0.00,0.00,0.00,0.00,2,0
2026-06-12 19:53:00.183,0.00,0.00,0.00,0.00,2,0
2026-06-12 19:53:00.234,0.00,0.00,0.00,0.00,2,0
2026-06-12 19:53:00.285,0.08,0.00,0.00,0.00,2,0
2026-06-12 19:53:00.336,0.08,0.00,2.34,0.70,2,0
2026-06-12 19:53:00.385,0.08,0.00,2.34,0.70,2,0
2026-06-12 19:53:00.436,0.08,0.00,2.34,0.70,2,0
2026-06-12 19:53:00.486,0.08,0.00,2.34,0.70,2,0
2026-06-12 19:53:00.537,0.08,0.00,2.34,0.70,2,0
2026-06-12 19:53:00.587,0.14,0.01,2.34,0.70,2,0
2026-06-12 19:53:00.637,0.14,0.01,2.70,1.30,2,0
2026-06-12 19:53:00.689,0.14,0.01,2.70,1.30,2,0
2026-06-12 19:53:00.738,0.19,0.02,2.70,1.30,2,0
2026-06-12 19:53:00.796,0.19,0.02,2.66,1.71,2,0
2026-06-12 19:53:00.839,0.19,0.02,2.66,1.71,2,0
2026-06-12 19:53:00.889,0.23,0.03,2.66,1.71,2,0
2026-06-12 19:53:00.939,0.23,0.03,3.05,2.11,2,0
2026-06-12 19:53:00.990,1.58,0.47,3.05,2.11,2,0
2026-06-12 19:53:01.040,1.58,0.47,42.91,14.35,2,0
2026-06-12 19:53:01.091,1.58,0.47,42.91,14.35,2,0
2026-06-12 19:53:01.141,2.96,0.86,42.91,14.35,2,0
2026-06-12 19:53:01.191,2.96,0.86,56.17,26.90,2,0
2026-06-12 19:53:01.242,4.17,1.23,56.17,26.90,2,0
2026-06-12 19:53:01.292,4.17,1.23,63.58,37.90,2,0
2026-06-12 19:53:01.343,5.19,1.47,63.58,37.90,2,0
2026-06-12 19:53:01.393,6.08,1.73,68.78,47.16,2,0
2026-06-12 19:53:01.443,6.08,1.73,74.13,55.25,2,0
2026-06-12 19:53:01.494,6.86,1.80,74.13,55.25,2,0
2026-06-12 19:53:01.548,6.86,1.80,78.73,62.30,2,0
2026-06-12 19:53:01.595,7.57,1.91,78.73,62.30,2,0
2026-06-12 19:53:01.645,8.23,1.99,83.65,68.70,2,0
2026-06-12 19:53:01.695,8.23,1.99,88.93,74.77,2,0
2026-06-12 19:53:01.746,8.83,2.03,88.93,74.77,2,0
2026-06-12 19:53:01.796,9.35,2.01,92.93,80.22,2,0
2026-06-12 19:53:01.847,9.35,2.01,95.97,84.95,2,0
2026-06-12 19:53:01.897,9.73,1.91,95.97,84.95,2,0
2026-06-12 19:53:01.947,10.03,1.79,96.29,88.35,2,0
2026-06-12 19:53:01.998,10.03,1.79,97.46,91.08,2,0
2026-06-12 19:53:02.049,10.22,1.63,97.46,91.08,2,0
2026-06-12 19:53:02.099,10.42,1.49,96.92,92.84,2,0
2026-06-12 19:53:02.150,10.42,1.49,98.70,94.59,2,0
2026-06-12 19:53:02.199,10.64,1.39,98.70,94.59,2,0
2026-06-12 19:53:02.250,10.84,1.29,101.42,96.64,2,0
2026-06-12 19:53:02.300,10.84,1.29,102.66,98.45,2,0
2026-06-12 19:53:02.351,11.09,1.24,102.66,98.45,2,0
2026-06-12 19:53:02.402,11.25,1.18,105.94,100.70,2,0
2026-06-12 19:53:02.451,11.36,1.07,105.56,102.15,2,0
2026-06-12 19:53:02.502,11.36,1.07,105.50,103.16,2,0
2026-06-12 19:53:02.552,11.45,0.95,105.50,103.16,2,0
2026-06-12 19:53:02.603,11.50,0.84,105.86,103.97,2,0
2026-06-12 19:53:02.653,11.50,0.84,105.45,104.41,2,0
2026-06-12 19:53:02.705,11.57,0.75,105.45,104.41,2,0
2026-06-12 19:53:02.754,11.67,0.72,106.70,105.10,2,0
2026-06-12 19:53:02.804,11.78,0.68,108.09,106.00,2,0
2026-06-12 19:53:02.855,11.78,0.68,109.40,107.02,2,0
2026-06-12 19:53:02.905,11.90,0.64,109.40,107.02,2,0
2026-06-12 19:53:02.956,12.00,0.63,110.65,108.11,2,0
2026-06-12 19:53:03.006,12.06,0.56,111.07,109.00,2,0
2026-06-12 19:53:03.056,12.06,0.56,110.76,109.53,2,0
2026-06-12 19:53:03.108,12.07,0.48,110.76,109.53,2,0
2026-06-12 19:53:03.157,12.06,0.41,109.76,109.60,2,0
2026-06-12 19:53:03.208,12.09,0.36,109.47,109.56,2,0
2026-06-12 19:53:03.259,12.09,0.36,110.25,109.77,2,0
2026-06-12 19:53:03.309,12.15,0.34,110.25,109.77,2,0
2026-06-12 19:53:03.360,12.25,0.37,111.71,110.35,2,0
2026-06-12 19:53:03.409,12.38,0.39,113.18,111.20,2,0
2026-06-12 19:53:03.460,12.43,0.37,115.28,112.42,2,0
2026-06-12 19:53:03.510,12.43,0.37,113.98,112.89,2,0
2026-06-12 19:53:03.560,12.43,0.31,113.98,112.89,2,0
2026-06-12 19:53:03.611,12.41,0.26,112.78,112.86,2,0
2026-06-12 19:53:03.661,12.41,0.26,112.25,112.67,2,0
2026-06-12 19:53:03.712,13.16,0.63,112.25,112.67,2,0
2026-06-12 19:53:03.764,14.16,1.35,135.53,119.53,2,0
2026-06-12 19:53:03.812,14.98,1.60,149.78,128.60,2,0
2026-06-12 19:53:03.863,15.76,2.01,153.36,136.03,2,0
2026-06-12 19:53:03.913,15.76,2.01,159.68,143.13,2,0
2026-06-12 19:53:03.964,15.23,1.42,159.68,143.13,2,0
2026-06-12 19:53:04.014,14.56,0.66,126.94,138.27,2,0
2026-06-12 19:53:04.064,14.03,0.27,117.97,132.18,2,0
2026-06-12 19:53:04.115,13.63,-0.11,116.32,127.42,2,0
2026-06-12 19:53:04.165,13.63,-0.11,115.32,123.79,2,0
2026-06-12 19:53:04.216,13.30,-0.27,115.32,123.79,2,0
2026-06-12 19:53:04.266,13.11,-0.33,113.67,120.75,2,0
2026-06-12 19:53:04.317,13.03,-0.35,115.19,119.08,2,0
2026-06-12 19:53:04.376,13.03,-0.35,116.59,118.34,2,0
2026-06-12 19:53:04.419,12.97,-0.33,116.59,118.34,2,0
2026-06-12 19:53:04.468,12.91,-0.33,116.35,117.74,2,0
2026-06-12 19:53:04.519,12.93,-0.27,116.07,117.24,2,0
2026-06-12 19:53:04.569,12.99,-0.18,117.76,117.39,2,0
2026-06-12 19:53:04.620,12.99,-0.18,119.28,117.96,2,0
2026-06-12 19:53:04.669,13.04,-0.13,119.28,117.96,2,0
2026-06-12 19:53:04.720,13.11,-0.05,119.42,118.40,2,0
2026-06-12 19:53:04.770,13.09,-0.05,120.47,119.02,2,0
2026-06-12 19:53:04.821,13.11,-0.03,118.40,118.83,2,0
2026-06-12 19:53:04.871,13.27,0.11,119.44,119.01,2,0
2026-06-12 19:53:04.921,13.27,0.11,124.08,120.53,2,0
2026-06-12 19:53:04.972,13.47,0.20,124.08,120.53,2,0
2026-06-12 19:53:05.022,13.60,0.28,126.61,122.35,2,0
2026-06-12 19:53:05.073,13.62,0.25,126.06,123.47,2,0
2026-06-12 19:53:05.123,13.53,0.14,124.15,123.67,2,0
2026-06-12 19:53:05.174,13.51,0.10,120.97,122.86,2,0
2026-06-12 19:53:05.224,13.51,0.10,122.33,122.70,2,0
2026-06-12 19:53:05.274,13.63,0.15,122.33,122.70,2,0
2026-06-12 19:53:05.325,13.79,0.26,126.31,123.78,2,0
2026-06-12 19:53:05.375,14.00,0.40,128.71,125.26,2,0
2026-06-12 19:53:05.426,14.16,0.46,131.62,127.17,2,0
2026-06-12 19:53:05.476,14.18,0.41,131.80,128.56,2,0
2026-06-12 19:53:05.526,14.13,0.31,129.24,128.76,2,0
2026-06-12 19:53:05.578,14.13,0.31,127.33,128.33,2,0
2026-06-12 19:53:05.627,14.02,0.20,127.33,128.33,2,0
2026-06-12 19:53:05.678,13.92,0.08,124.89,127.30,2,0
2026-06-12 19:53:05.729,13.84,0.01,124.22,126.37,2,0
2026-06-12 19:53:05.778,13.79,-0.02,124.10,125.69,2,0
2026-06-12 19:53:05.829,13.77,-0.03,124.11,125.22,2,0
2026-06-12 19:53:05.879,13.77,-0.03,124.79,125.09,2,0
2026-06-12 19:53:05.930,13.75,-0.04,124.79,125.09,2,0
2026-06-12 19:53:05.980,13.73,-0.05,124.41,124.89,2,0
2026-06-12 19:53:06.031,13.71,-0.06,124.18,124.68,2,0
2026-06-12 19:53:06.081,13.68,-0.07,123.95,124.46,2,0
2026-06-12 19:53:06.131,13.73,-0.02,123.81,124.26,2,0
2026-06-12 19:53:06.182,13.80,0.04,125.72,124.70,2,0
2026-06-12 19:53:06.232,13.80,0.04,126.81,125.33,2,0
2026-06-12 19:53:06.283,13.92,0.10,126.81,125.33,2,0
2026-06-12 19:53:06.333,14.13,0.26,128.90,126.40,2,0
2026-06-12 19:53:06.383,14.33,0.39,132.72,128.30,2,0
2026-06-12 19:53:06.434,14.56,0.52,134.54,130.17,2,0
2026-06-12 19:53:06.484,14.79,0.63,136.92,132.20,2,0
2026-06-12 19:53:06.535,14.98,0.69,139.20,134.30,2,0
2026-06-12 19:53:06.585,16.31,2.49,140.04,136.02,2,0
2026-06-12 19:53:06.637,17.90,4.77,171.33,148.10,2,0
2026-06-12 19:53:06.688,19.17,5.09,196.22,162.54,2,0
2026-06-12 19:53:06.738,20.21,5.20,201.12,174.11,2,0
2026-06-12 19:53:06.788,19.89,3.58,205.62,183.56,2,0
2026-06-12 19:53:06.838,20.89,4.65,181.92,180.65,2,0
2026-06-12 19:53:06.887,21.52,4.47,210.98,189.75,2,0
2026-06-12 19:53:06.938,21.25,2.39,208.65,195.42,2,0
2026-06-12 19:53:06.989,20.11,1.08,178.62,193.01,2,0
2026-06-12 19:53:07.039,19.42,0.34,158.31,182.60,2,0
2026-06-12 19:53:07.089,19.05,-0.01,161.73,176.34,2,0
2026-06-12 19:53:07.139,18.78,-0.23,165.21,173.00,2,0
2026-06-12 19:53:07.190,18.71,-0.32,164.84,170.55,2,0
2026-06-12 19:53:07.240,18.66,-0.31,168.33,169.89,2,0
2026-06-12 19:53:07.291,18.57,-0.34,168.31,169.41,2,0
2026-06-12 19:53:07.341,18.63,-0.19,166.78,168.62,2,0
2026-06-12 19:53:07.392,18.70,-0.10,169.37,169.15,2,0
2026-06-12 19:53:07.442,21.57,4.36,171.47,169.85,2,0
2026-06-12 19:53:07.492,22.89,5.91,232.70,195.87,2,0
2026-06-12 19:53:07.543,23.83,5.79,235.97,207.90,2,0
2026-06-12 19:53:07.593,22.10,1.87,236.29,216.42,2,0
2026-06-12 19:53:07.644,23.46,3.54,176.55,200.67,2,0
2026-06-12 19:53:07.695,24.14,3.56,234.51,213.07,2,0
2026-06-12 19:53:07.744,24.78,4.09,233.44,219.18,2,0
2026-06-12 19:53:07.795,23.91,2.77,238.65,225.02,2,0
2026-06-12 19:53:07.845,22.07,0.04,198.63,217.11,2,0
2026-06-12 19:53:07.897,21.51,-0.43,185.76,200.42,2,0
2026-06-12 19:53:07.946,21.01,-0.78,183.57,195.37,2,0
2026-06-12 19:53:07.996,20.73,-1.13,180.22,190.82,2,0
2026-06-12 19:53:08.047,20.46,-1.18,182.37,188.29,2,0
2026-06-12 19:53:08.100,20.30,-0.96,180.09,185.83,2,0
2026-06-12 19:53:08.148,20.23,-0.87,184.55,184.34,2,0
2026-06-12 19:53:08.199,20.23,-0.74,182.35,183.74,2,0
2026-06-12 19:53:08.249,20.23,-0.63,183.75,183.74,2,0
2026-06-12 19:53:08.299,22.84,2.80,183.63,183.71,2,0
2026-06-12 19:53:08.349,23.84,3.22,238.94,207.39,2,0
2026-06-12 19:53:08.400,24.68,3.42,237.84,216.52,2,0
2026-06-12 19:53:08.450,23.92,1.42,241.77,224.10,2,0
2026-06-12 19:53:08.501,25.51,3.43,218.60,217.23,2,0
2026-06-12 19:53:08.551,25.88,3.22,245.35,231.63,2,0
2026-06-12 19:53:08.602,24.71,1.77,242.89,235.01,2,0
2026-06-12 19:53:08.652,23.31,-0.75,199.71,224.42,2,0
2026-06-12 19:53:08.702,22.29,-1.49,181.96,211.68,2,0
2026-06-12 19:53:08.753,21.33,-2.06,180.73,202.40,2,0
2026-06-12 19:53:08.803,21.09,-1.95,186.87,193.66,2,0
2026-06-12 19:53:08.854,20.97,-1.85,186.40,191.48,2,0
2026-06-12 19:53:08.905,20.82,-1.69,187.91,190.41,2,0
2026-06-12 19:53:08.955,20.50,-1.56,185.99,189.08,2,0
2026-06-12 19:53:09.005,20.40,-1.40,183.83,186.12,2,0
2026-06-12 19:53:09.055,20.39,-1.21,183.24,185.26,2,0
2026-06-12 19:53:09.106,20.49,-0.94,185.01,185.18,2,0
2026-06-12 19:53:09.156,20.68,-0.45,188.22,186.09,2,0
2026-06-12 19:53:09.207,20.67,-0.39,190.04,187.78,2,0
2026-06-12 19:53:09.257,20.64,-0.37,187.54,187.71,2,0
2026-06-12 19:53:09.308,20.59,-0.36,186.88,187.46,2,0
2026-06-12 19:53:09.358,20.61,-0.17,185.92,186.99,2,0
2026-06-12 19:53:09.409,20.71,-0.06,188.86,187.20,2,0
2026-06-12 19:53:09.459,20.82,0.12,190.23,188.11,2,0
2026-06-12 19:53:09.509,20.90,0.13,191.21,189.04,2,0
2026-06-12 19:53:09.559,20.80,0.03,189.41,189.78,2,0
2026-06-12 19:53:09.610,20.69,-0.07,186.80,188.89,2,0
2026-06-12 19:53:09.660,20.61,-0.19,185.53,187.88,2,0
2026-06-12 19:53:09.711,20.65,-0.06,185.47,187.16,2,0
2026-06-12 19:53:09.761,20.76,0.04,188.70,187.48,2,0
2026-06-12 19:53:09.811,20.86,0.20,190.95,188.52,2,0
2026-06-12 19:53:09.862,20.94,0.24,191.50,189.42,2,0
2026-06-12 19:53:09.912,20.88,0.10,191.86,190.15,2,0
2026-06-12 19:53:09.963,20.84,0.05,188.99,189.61,2,0
2026-06-12 19:53:10.013,20.80,-0.02,188.41,189.25,2,0
2026-06-12 19:53:10.064,20.93,0.13,188.10,188.91,2,0
2026-06-12 19:53:10.114,21.02,0.19,191.26,190.10,2,0
2026-06-12 19:53:10.164,21.06,0.22,192.80,190.91,2,0
2026-06-12 19:53:10.215,21.02,0.15,191.97,191.23,2,0
2026-06-12 19:53:10.265,20.95,-0.00,189.98,190.86,2,0
2026-06-12 19:53:10.316,21.01,0.05,188.86,190.21,2,0
2026-06-12 19:53:10.366,21.17,0.30,192.08,190.77,2,0
2026-06-12 19:53:10.416,21.41,0.51,195.72,192.26,2,0
2026-06-12 19:53:10.467,21.38,0.41,197.13,194.41,2,0
2026-06-12 19:53:10.520,21.22,0.08,193.41,194.11,2,0
2026-06-12 19:53:10.568,21.04,-0.08,189.34,192.68,2,0
2026-06-12 19:53:10.619,20.73,-0.37,187.32,191.07,2,0
2026-06-12 19:53:10.669,20.70,-0.33,186.19,188.23,2,0
2026-06-12 19:53:10.719,20.67,-0.34,187.43,187.99,2,0
2026-06-12 19:53:10.769,20.72,-0.25,186.98,187.68,2,0
2026-06-12 19:53:10.820,20.53,-0.44,189.16,188.13,2,0
2026-06-12 19:53:10.870,20.44,-0.45,183.63,186.39,2,0
2026-06-12 19:53:10.921,20.25,-0.54,183.68,185.58,2,0
2026-06-12 19:53:10.971,20.14,-0.63,179.84,183.86,2,0
2026-06-12 19:53:11.022,20.06,-0.60,180.61,182.89,2,0
2026-06-12 19:53:11.072,19.84,-0.68,180.55,182.18,2,0
2026-06-12 19:53:11.124,19.67,-0.72,178.02,180.19,2,0
2026-06-12 19:53:11.173,19.44,-0.80,175.09,178.66,2,0
2026-06-12 19:53:11.223,19.29,-0.94,171.70,176.57,2,0
2026-06-12 19:53:11.274,19.08,-0.98,171.81,175.15,2,0
2026-06-12 19:53:11.324,18.91,-0.97,168.86,173.26,2,0
2026-06-12 19:53:11.374,18.83,-0.89,168.15,171.73,2,0
2026-06-12 19:53:11.425,18.59,-0.89,169.28,170.99,2,0
2026-06-12 19:53:11.475,18.41,-0.90,167.16,168.80,2,0
2026-06-12 19:53:11.526,18.18,-0.96,163.42,167.19,2,0
2026-06-12 19:53:11.576,17.97,-0.98,160.09,165.06,2,0
2026-06-12 19:53:11.627,17.71,-1.05,158.86,163.20,2,0
2026-06-12 19:53:11.677,17.50,-1.07,155.36,160.85,2,0
2026-06-12 19:53:11.728,17.32,-1.06,154.49,158.94,2,0
2026-06-12 19:53:11.778,17.09,-1.08,153.28,157.24,2,0
2026-06-12 19:53:11.829,16.85,-1.13,150.54,155.23,2,0
2026-06-12 19:53:11.879,16.54,-1.21,147.71,152.97,2,0
2026-06-12 19:53:11.929,16.54,-1.21,143.78,150.21,2,0
2026-06-12 19:53:11.979,16.19,-1.22,143.78,150.21,2,0
2026-06-12 19:53:12.030,15.83,-1.33,139.54,147.01,2,0
2026-06-12 19:53:12.080,15.48,-1.43,136.12,143.74,2,0
2026-06-12 19:53:12.140,15.15,-1.48,133.08,140.55,2,0
2026-06-12 19:53:12.181,14.86,-1.42,130.71,137.60,2,0
2026-06-12 19:53:12.231,14.57,-1.45,128.64,134.91,2,0
2026-06-12 19:53:12.282,14.57,-1.45,126.28,132.32,2,0
2026-06-12 19:53:12.332,14.27,-1.40,126.28,132.32,2,0
2026-06-12 19:53:12.383,13.90,-1.49,123.09,129.55,2,0
2026-06-12 19:53:12.433,13.51,-1.48,118.40,126.21,2,0
2026-06-12 19:53:12.484,13.51,-1.48,114.38,122.66,2,0
2026-06-12 19:53:12.534,13.07,-1.50,114.38,122.66,2,0
2026-06-12 19:53:12.585,12.64,-1.51,109.34,118.66,2,0
2026-06-12 19:53:12.635,12.64,-1.51,105.82,114.81,2,0
2026-06-12 19:53:12.685,12.24,-1.50,105.82,114.81,2,0
2026-06-12 19:53:12.736,11.84,-1.50,102.75,111.19,2,0
2026-06-12 19:53:12.786,11.84,-1.50,98.94,107.52,2,0
2026-06-12 19:53:12.837,11.44,-1.44,98.94,107.52,2,0
2026-06-12 19:53:12.887,11.44,-1.44,95.35,103.87,2,0
2026-06-12 19:53:12.937,11.00,-1.46,95.35,103.87,2,0
2026-06-12 19:53:12.989,11.00,-1.46,90.70,99.92,2,0
2026-06-12 19:53:13.039,10.53,-1.44,90.70,99.92,2,0
2026-06-12 19:53:13.089,10.53,-1.44,85.69,95.65,2,0
2026-06-12 19:53:13.145,10.03,-1.43,85.69,95.65,2,0
2026-06-12 19:53:13.190,10.03,-1.43,80.43,91.08,2,0
2026-06-12 19:53:13.240,9.53,-1.42,80.43,91.08,2,0
2026-06-12 19:53:13.291,9.53,-1.42,76.02,86.56,2,0
2026-06-12 19:53:13.341,9.03,-1.37,76.02,86.56,2,0
2026-06-12 19:53:13.391,9.03,-1.37,71.42,82.02,2,0
2026-06-12 19:53:13.442,8.56,-1.36,71.42,82.02,2,0
2026-06-12 19:53:13.492,8.56,-1.36,67.87,77.78,2,0
2026-06-12 19:53:13.542,8.56,-1.36,67.87,77.78,2,0
2026-06-12 19:53:13.593,8.16,-1.29,67.87,77.78,2,0
2026-06-12 19:53:13.643,8.16,-1.29,65.42,74.07,2,0
2026-06-12 19:53:13.694,7.82,-1.21,65.42,74.07,2,0
2026-06-12 19:53:13.744,7.82,-1.21,63.96,71.04,2,0
2026-06-12 19:53:13.795,7.58,-1.13,63.96,71.04,2,0
2026-06-12 19:53:13.845,7.58,-1.13,63.56,68.80,2,0
2026-06-12 19:53:13.895,7.58,-1.13,63.56,68.80,2,0
2026-06-12 19:53:13.946,7.37,-1.03,63.56,68.80,2,0
2026-06-12 19:53:13.996,7.37,-1.03,62.67,66.96,2,0
2026-06-12 19:53:14.047,7.37,-1.03,62.67,66.96,2,0
2026-06-12 19:53:14.097,7.19,-0.92,62.67,66.96,2,0
2026-06-12 19:53:14.148,7.19,-0.92,61.51,65.32,2,0
2026-06-12 19:53:14.199,7.09,-0.83,61.51,65.32,2,0
2026-06-12 19:53:14.249,7.09,-0.83,62.29,64.41,2,0
2026-06-12 19:53:14.299,7.05,-0.72,62.29,64.41,2,0
2026-06-12 19:53:14.349,7.05,-0.72,63.24,64.06,2,0
2026-06-12 19:53:14.400,7.01,-0.63,63.24,64.06,2,0
2026-06-12 19:53:14.450,7.01,-0.63,62.63,63.63,2,0
2026-06-12 19:53:14.500,7.01,-0.63,62.63,63.63,2,0
2026-06-12 19:53:14.551,6.96,-0.55,62.63,63.63,2,0
2026-06-12 19:53:14.602,6.96,-0.55,62.06,63.16,2,0
2026-06-12 19:53:14.652,6.96,-0.55,62.06,63.16,2,0
2026-06-12 19:53:14.702,6.80,-0.52,62.06,63.16,2,0
2026-06-12 19:53:14.752,6.80,-0.52,58.46,61.75,2,0
2026-06-12 19:53:14.803,6.80,-0.52,58.46,61.75,2,0
2026-06-12 19:53:14.853,6.58,-0.50,58.46,61.75,2,0
2026-06-12 19:53:14.904,6.58,-0.50,55.21,59.79,2,0
2026-06-12 19:53:14.954,6.58,-0.50,55.21,59.79,2,0
2026-06-12 19:53:15.005,6.36,-0.49,55.21,59.79,2,0
2026-06-12 19:53:15.055,6.36,-0.49,52.88,57.72,2,0
2026-06-12 19:53:15.105,6.36,-0.49,52.88,57.72,2,0
2026-06-12 19:53:15.156,6.36,-0.49,52.88,57.72,2,0
2026-06-12 19:53:15.206,5.94,-0.49,52.88,57.72,2,0
2026-06-12 19:53:15.257,5.94,-0.49,45.10,53.93,2,0
2026-06-12 19:53:15.307,5.94,-0.49,45.10,53.93,2,0
2026-06-12 19:53:15.358,5.94,-0.49,45.10,53.93,2,0
2026-06-12 19:53:15.412,5.94,-0.49,45.10,53.93,2,0
2026-06-12 19:53:15.461,5.94,-0.49,45.10,53.93,2,0
2026-06-12 19:53:15.510,5.94,-0.49,45.10,53.93,2,0
2026-06-12 19:53:15.560,5.94,-0.49,45.10,53.93,2,0
2026-06-12 19:53:15.610,5.94,-0.49,45.10,53.93,2,0
2026-06-12 19:53:15.660,5.94,-0.49,45.10,53.93,2,0
2026-06-12 19:53:15.711,5.94,-0.49,45.10,53.93,2,0
2026-06-12 19:53:15.761,5.94,-0.49,45.10,53.93,2,0
2026-06-12 19:53:15.811,5.94,-0.49,45.10,53.93,2,0
2026-06-12 19:53:15.862,5.94,-0.49,45.10,53.93,2,0
2026-06-12 19:53:15.916,5.94,-0.49,45.10,53.93,2,0
2026-06-12 19:53:15.963,5.94,-0.49,45.10,53.93,2,0
2026-06-12 19:53:16.013,5.94,-0.49,45.10,53.93,2,0
2026-06-12 19:53:16.064,5.94,-0.49,45.10,53.93,2,0
2026-06-12 19:53:16.114,5.94,-0.49,45.10,53.93,2,0
2026-06-12 19:53:16.164,5.94,-0.49,45.10,53.93,2,0
2026-06-12 19:53:16.215,5.94,-0.49,45.10,53.93,2,0
2026-06-12 19:53:16.267,5.94,-0.49,45.10,53.93,2,0
2026-06-12 19:53:16.316,5.94,-0.49,45.10,53.93,2,0
2026-06-12 19:53:16.366,5.94,-0.49,45.10,53.93,2,0
2026-06-12 19:53:16.416,5.94,-0.49,45.10,53.93,2,0
2026-06-12 19:53:16.467,5.94,-0.49,45.10,53.93,2,0
2026-06-12 19:53:16.517,5.94,-0.49,45.10,53.93,2,0
2026-06-12 19:53:16.568,5.94,-0.49,45.10,53.93,2,0
2026-06-12 19:53:16.619,5.94,-0.49,45.10,53.93,2,0
2026-06-12 19:53:16.669,5.94,-0.49,45.10,53.93,2,0
2026-06-12 19:53:16.720,5.94,-0.49,45.10,53.93,2,0
2026-06-12 19:53:16.769,5.94,-0.49,45.10,53.93,2,0
2026-06-12 19:53:16.820,5.94,-0.49,45.10,53.93,2,0
2026-06-12 19:53:16.870,5.94,-0.49,45.10,53.93,2,0
2026-06-12 19:53:16.922,5.94,-0.49,45.10,53.93,2,0
2026-06-12 19:53:16.971,5.94,-0.49,45.10,53.93,2,0
2026-06-12 19:53:17.022,5.94,-0.49,45.10,53.93,2,0
2026-06-12 19:53:17.072,5.94,-0.49,45.10,53.93,2,0
2026-06-12 19:53:17.122,5.94,-0.49,45.10,53.93,2,0
2026-06-12 19:53:17.173,5.94,-0.49,45.10,53.93,2,0
2026-06-12 19:53:17.224,0.00,0.00,45.10,53.93,2,0
2026-06-12 19:53:17.274,0.00,0.00,0.00,0.00,2,0
2026-06-12 19:53:17.324,0.00,0.00,0.00,0.00,2,0
2026-06-12 19:53:17.374,0.00,0.00,0.00,0.00,2,0
2026-06-12 19:53:17.425,0.00,0.00,0.00,0.00,2,0
2026-06-12 19:53:17.475,0.00,0.00,0.00,0.00,2,0
2026-06-12 19:53:17.526,0.00,0.00,0.00,0.00,2,0
2026-06-12 19:53:17.576,0.00,0.00,0.00,0.00,2,0
2026-06-12 19:53:17.627,0.00,0.00,0.00,0.00,2,0
2026-06-12 19:53:17.677,0.00,0.00,0.00,0.00,2,0
2026-06-12 19:53:17.731,0.00,0.00,0.00,0.00,2,0
2026-06-12 19:53:17.780,0.00,0.00,0.00,0.00,2,0
2026-06-12 19:53:17.828,0.00,0.00,0.00,0.00,2,0
2026-06-12 19:53:17.879,0.00,0.00,0.00,0.00,2,0
2026-06-12 19:53:17.929,0.00,0.00,0.00,0.00,2,0
2026-06-12 19:53:17.980,0.00,0.00,0.00,0.00,2,0
2026-06-12 19:53:18.029,0.00,0.00,0.00,0.00,2,0
2026-06-12 19:53:18.080,0.00,0.00,0.00,0.00,2,0
2026-06-12 19:53:18.130,0.00,0.00,0.00,0.00,2,0
2026-06-12 19:53:18.181,0.00,0.00,0.00,0.00,2,0
2026-06-12 19:53:18.231,0.00,0.00,0.00,0.00,2,0
2026-06-12 19:53:18.281,0.00,0.00,0.00,0.00,2,0
2026-06-12 19:53:18.332,0.00,0.00,0.00,0.00,2,0
2026-06-12 19:53:18.384,0.00,0.00,0.00,0.00,2,0
2026-06-12 19:53:18.433,0.00,0.00,0.00,0.00,2,0
2026-06-12 19:53:18.483,0.00,0.00,0.00,0.00,2,0
2026-06-12 19:53:18.533,0.00,0.00,0.00,0.00,2,0
2026-06-12 19:53:18.584,0.00,0.00,0.00,0.00,2,0
2026-06-12 19:53:18.634,0.00,0.00,0.00,0.00,2,0
2026-06-12 19:53:18.685,0.00,0.00,0.00,0.00,2,0
2026-06-12 19:53:18.735,0.00,0.00,0.00,0.00,2,0
2026-06-12 19:53:18.785,0.00,0.00,0.00,0.00,2,0
2026-06-12 19:53:18.836,0.00,0.00,0.00,0.00,2,0
2026-06-12 19:53:18.886,0.00,0.00,0.00,0.00,2,0
2026-06-12 19:53:18.937,0.00,0.00,0.00,0.00,2,0
2026-06-12 19:53:18.987,0.00,0.00,0.00,0.00,2,0
2026-06-12 19:53:19.037,0.00,0.00,0.00,0.00,2,0
2026-06-12 19:53:19.088,0.22,0.00,0.00,0.00,2,0
2026-06-12 19:53:19.139,0.22,0.00,6.81,2.04,2,0
2026-06-12 19:53:19.189,0.22,0.00,6.81,2.04,2,0
2026-06-12 19:53:19.239,0.22,0.00,6.81,2.04,2,0
2026-06-12 19:53:19.289,0.22,0.00,6.81,2.04,2,0
2026-06-12 19:53:19.340,0.22,0.00,6.81,2.04,2,0
2026-06-12 19:53:19.390,0.22,0.00,6.81,2.04,2,0
2026-06-12 19:53:19.441,0.22,0.00,6.81,2.04,2,0
2026-06-12 19:53:19.491,0.22,0.00,6.81,2.04,2,0
2026-06-12 19:53:19.541,0.22,0.00,6.81,2.04,2,0
2026-06-12 19:53:19.592,0.22,0.00,6.81,2.04,2,0
2026-06-12 19:53:19.642,0.22,0.00,6.81,2.04,2,0
2026-06-12 19:53:19.693,0.22,0.00,6.81,2.04,2,0
2026-06-12 19:53:19.743,0.22,0.00,6.81,2.04,2,0
2026-06-12 19:53:19.793,0.22,0.00,6.81,2.04,2,0
2026-06-12 19:53:19.847,0.22,0.00,6.81,2.04,2,0
2026-06-12 19:53:19.894,0.22,0.00,6.81,2.04,2,0
2026-06-12 19:53:19.945,0.22,0.00,6.81,2.04,2,0
2026-06-12 19:53:19.995,0.22,0.00,6.81,2.04,2,0
2026-06-12 19:53:20.045,0.22,0.00,6.81,2.04,2,0
2026-06-12 19:53:20.097,0.22,0.00,6.81,2.04,2,0
2026-06-12 19:53:20.146,0.22,0.00,6.81,2.04,2,0
2026-06-12 19:53:20.197,0.22,0.00,6.81,2.04,2,0
2026-06-12 19:53:20.247,0.22,0.00,6.81,2.04,2,0
2026-06-12 19:53:20.298,0.22,0.00,6.81,2.04,2,0
2026-06-12 19:53:20.349,0.22,0.00,6.81,2.04,2,0
2026-06-12 19:53:20.399,0.22,0.00,6.81,2.04,2,0
2026-06-12 19:53:20.449,0.22,0.00,6.81,2.04,2,0
2026-06-12 19:53:20.501,0.33,0.00,6.81,2.04,2,0
2026-06-12 19:53:20.549,0.33,0.00,5.29,3.02,2,0
2026-06-12 19:53:20.600,0.33,0.00,5.29,3.02,2,0
2026-06-12 19:53:20.650,0.33,0.00,5.29,3.02,2,0
2026-06-12 19:53:20.702,0.33,0.00,5.29,3.02,2,0
2026-06-12 19:53:20.751,0.41,0.02,5.29,3.02,2,0
2026-06-12 19:53:20.804,0.41,0.02,5.22,3.68,2,0
2026-06-12 19:53:20.852,0.41,0.02,5.22,3.68,2,0
2026-06-12 19:53:20.903,0.46,0.03,5.22,3.68,2,0
2026-06-12 19:53:20.954,0.46,0.03,5.28,4.16,2,0
2026-06-12 19:53:21.004,0.46,0.03,5.28,4.16,2,0
2026-06-12 19:53:21.054,0.83,0.13,5.28,4.16,2,0
2026-06-12 19:53:21.104,0.83,0.13,15.49,7.56,2,0
2026-06-12 19:53:21.154,2.10,0.53,15.49,7.56,2,0
2026-06-12 19:53:21.205,2.10,0.53,45.96,19.08,2,0
2026-06-12 19:53:21.255,3.34,0.96,45.96,19.08,2,0
2026-06-12 19:53:21.306,3.34,0.96,56.50,30.31,2,0
2026-06-12 19:53:21.356,4.45,1.27,56.50,30.31,2,0
2026-06-12 19:53:21.406,4.45,1.27,63.87,40.38,2,0
2026-06-12 19:53:21.457,5.43,1.49,63.87,40.38,2,0
2026-06-12 19:53:21.508,5.43,1.49,70.19,49.32,2,0
2026-06-12 19:53:21.558,6.27,1.61,70.19,49.32,2,0
2026-06-12 19:53:21.609,6.27,1.61,74.82,56.97,2,0
2026-06-12 19:53:21.659,7.03,1.79,74.82,56.97,2,0
2026-06-12 19:53:21.710,7.72,1.90,79.95,63.87,2,0
2026-06-12 19:53:21.759,7.72,1.90,84.58,70.08,2,0
2026-06-12 19:53:21.810,8.35,1.96,84.58,70.08,2,0
2026-06-12 19:53:21.860,8.96,2.01,89.37,75.87,2,0
2026-06-12 19:53:21.911,8.96,2.01,94.32,81.40,2,0
2026-06-12 19:53:21.961,9.50,2.00,94.32,81.40,2,0
2026-06-12 19:53:22.011,9.98,1.97,97.56,86.25,2,0
2026-06-12 19:53:22.062,9.98,1.97,100.78,90.61,2,0
2026-06-12 19:53:22.112,10.41,1.91,100.78,90.61,2,0
2026-06-12 19:53:22.162,10.76,1.91,103.61,94.51,2,0
2026-06-12 19:53:22.213,11.14,1.84,105.24,97.73,2,0
2026-06-12 19:53:22.263,11.54,1.89,109.26,101.19,2,0
2026-06-12 19:53:22.314,11.54,1.89,113.11,104.76,2,0
2026-06-12 19:53:22.364,11.92,1.81,113.11,104.76,2,0
2026-06-12 19:53:22.415,12.35,1.89,116.33,108.23,2,0
2026-06-12 19:53:22.465,12.70,1.80,121.20,112.13,2,0
2026-06-12 19:53:22.515,12.99,1.77,122.81,115.33,2,0
2026-06-12 19:53:22.566,13.26,1.73,124.02,117.94,2,0
2026-06-12 19:53:22.616,13.26,1.73,126.34,120.46,2,0
2026-06-12 19:53:22.667,13.52,1.61,126.34,120.46,2,0
2026-06-12 19:53:22.717,13.73,1.55,128.06,122.74,2,0
2026-06-12 19:53:22.767,14.01,1.55,129.37,124.73,2,0
2026-06-12 19:53:22.818,14.30,1.55,133.14,127.25,2,0
2026-06-12 19:53:22.868,14.57,1.55,135.94,129.86,2,0
2026-06-12 19:53:22.919,14.89,1.57,138.12,132.34,2,0
2026-06-12 19:53:22.969,15.10,1.52,141.84,135.19,2,0
2026-06-12 19:53:23.019,15.23,1.40,141.73,137.15,2,0
2026-06-12 19:53:23.070,15.41,1.34,141.14,138.35,2,0
2026-06-12 19:53:23.120,15.52,1.20,143.78,139.98,2,0
2026-06-12 19:53:23.171,15.66,1.13,143.31,140.98,2,0
2026-06-12 19:53:23.221,15.89,1.34,145.10,142.21,2,0
2026-06-12 19:53:23.272,16.08,1.30,149.12,144.28,2,0
2026-06-12 19:53:23.322,16.32,1.30,150.19,146.06,2,0
2026-06-12 19:53:23.372,16.49,1.25,153.08,148.16,2,0
2026-06-12 19:53:23.423,16.55,1.11,153.47,149.76,2,0
2026-06-12 19:53:23.473,16.64,1.02,151.50,150.28,2,0
2026-06-12 19:53:23.523,16.71,0.92,153.17,151.15,2,0
2026-06-12 19:53:23.574,16.84,0.89,153.08,151.73,2,0
2026-06-12 19:53:23.624,17.07,0.95,155.65,152.90,2,0
2026-06-12 19:53:23.675,17.39,1.09,159.80,154.97,2,0
2026-06-12 19:53:23.725,17.50,1.01,161.83,157.94,2,0
2026-06-12 19:53:23.775,17.54,0.90,161.20,158.92,2,0
2026-06-12 19:53:23.826,17.65,0.85,160.19,159.30,2,0
2026-06-12 19:53:23.876,17.69,0.76,162.58,160.28,2,0
2026-06-12 19:53:23.927,17.80,0.73,161.50,160.65,2,0
2026-06-12 19:53:23.977,17.97,0.91,163.82,161.60,2,0
2026-06-12 19:53:24.028,18.07,0.85,166.93,163.20,2,0
2026-06-12 19:53:24.079,18.23,0.86,166.06,164.06,2,0
2026-06-12 19:53:24.129,18.36,0.73,168.88,165.50,2,0
2026-06-12 19:53:24.179,18.46,0.70,167.16,166.70,2,0
2026-06-12 19:53:24.229,18.50,0.64,169.68,167.60,2,0
2026-06-12 19:53:24.280,18.62,0.64,169.04,168.03,2,0
2026-06-12 19:53:24.331,18.81,0.87,171.44,169.05,2,0
2026-06-12 19:53:24.380,18.96,0.86,175.05,170.85,2,0
2026-06-12 19:53:24.431,19.22,0.90,175.12,172.13,2,0
2026-06-12 19:53:24.481,19.21,0.76,176.71,174.51,2,0
2026-06-12 19:53:24.532,19.24,0.67,174.33,174.46,2,0
2026-06-12 19:53:24.582,19.27,0.61,175.30,174.71,2,0
2026-06-12 19:53:24.632,19.33,0.58,175.53,174.96,2,0
2026-06-12 19:53:24.683,19.59,0.68,176.92,175.55,2,0
2026-06-12 19:53:24.733,19.69,0.67,179.76,177.85,2,0
2026-06-12 19:53:24.784,19.69,0.57,181.01,178.80,2,0
2026-06-12 19:53:24.834,19.63,0.38,178.85,178.81,2,0
2026-06-12 19:53:24.884,19.61,0.31,177.00,178.27,2,0
2026-06-12 19:53:24.935,19.59,0.26,177.74,178.11,2,0
2026-06-12 19:53:24.985,19.70,0.31,179.11,177.92,2,0
2026-06-12 19:53:25.036,19.77,0.32,181.13,178.89,2,0
2026-06-12 19:53:25.086,19.92,0.53,181.05,179.54,2,0
2026-06-12 19:53:25.136,19.98,0.50,184.21,180.94,2,0
2026-06-12 19:53:25.187,20.02,0.43,182.69,181.46,2,0
2026-06-12 19:53:25.237,19.98,0.34,182.79,181.78,2,0
2026-06-12 19:53:25.288,20.05,0.39,180.78,181.48,2,0
2026-06-12 19:53:25.339,20.36,0.65,183.35,182.04,2,0
2026-06-12 19:53:25.388,20.56,0.71,188.02,184.94,2,0
2026-06-12 19:53:25.439,20.69,0.71,190.92,186.73,2,0
2026-06-12 19:53:25.489,20.71,0.62,190.72,187.93,2,0
2026-06-12 19:53:25.540,20.70,0.44,188.25,188.03,2,0
2026-06-12 19:53:25.590,20.70,0.37,187.82,188.00,2,0
2026-06-12 19:53:25.640,20.81,0.49,187.81,187.94,2,0
2026-06-12 19:53:25.691,20.87,0.47,191.29,188.95,2,0
2026-06-12 19:53:25.741,20.96,0.42,190.90,189.53,2,0
2026-06-12 19:53:25.792,20.90,0.31,190.69,190.32,2,0
2026-06-12 19:53:25.842,20.83,0.16,188.52,189.78,2,0
2026-06-12 19:53:25.892,20.82,0.14,187.85,189.20,2,0
2026-06-12 19:53:25.943,20.89,0.18,190.01,189.04,2,0
2026-06-12 19:53:25.993,20.98,0.23,191.25,189.70,2,0
2026-06-12 19:53:26.044,21.09,0.37,192.50,190.54,2,0
2026-06-12 19:53:26.094,21.12,0.28,193.79,191.52,2,0
2026-06-12 19:53:26.144,21.18,0.29,191.64,191.78,2,0
2026-06-12 19:53:26.195,21.17,0.22,193.72,192.37,2,0
2026-06-12 19:53:26.245,21.26,0.29,191.91,192.23,2,0
2026-06-12 19:53:26.296,21.31,0.29,194.54,193.07,2,0
2026-06-12 19:53:26.346,21.43,0.45,194.51,193.50,2,0
2026-06-12 19:53:26.397,21.39,0.24,197.24,194.62,2,0
2026-06-12 19:53:26.447,21.33,0.16,193.08,194.26,2,0
2026-06-12 19:53:26.497,21.25,0.07,192.54,193.74,2,0
2026-06-12 19:53:26.548,21.29,0.12,191.20,192.98,2,0
2026-06-12 19:53:26.599,21.51,0.34,194.27,193.37,2,0
2026-06-12 19:53:26.654,21.68,0.56,197.42,195.37,2,0
2026-06-12 19:53:26.704,21.73,0.51,200.48,196.91,2,0
2026-06-12 19:53:26.749,21.78,0.43,198.39,197.35,2,0
2026-06-12 19:53:26.800,21.72,0.32,198.40,197.74,2,0
2026-06-12 19:53:26.852,21.72,0.27,195.97,197.21,2,0
2026-06-12 19:53:26.901,21.83,0.33,197.18,197.20,2,0
2026-06-12 19:53:26.954,21.96,0.51,199.56,198.20,2,0
2026-06-12 19:53:27.002,22.00,0.46,202.35,199.45,2,0
2026-06-12 19:53:27.052,21.95,0.30,200.51,199.76,2,0
2026-06-12 19:53:27.102,21.88,0.14,199.39,199.36,2,0
2026-06-12 19:53:27.153,22.09,0.37,197.10,198.68,2,0
2026-06-12 19:53:27.203,22.12,0.34,203.31,200.57,2,0
2026-06-12 19:53:27.253,22.22,0.45,201.64,200.89,2,0
2026-06-12 19:53:27.304,22.22,0.30,203.89,201.79,2,0
2026-06-12 19:53:27.354,22.24,0.27,201.26,201.74,2,0
2026-06-12 19:53:27.408,22.21,0.19,202.47,201.96,2,0
2026-06-12 19:53:27.455,22.32,0.29,201.12,201.71,2,0
2026-06-12 19:53:27.505,22.32,0.25,204.37,202.70,2,0
2026-06-12 19:53:27.559,22.43,0.38,202.72,202.70,2,0
2026-06-12 19:53:27.606,22.33,0.14,205.86,203.65,2,0
2026-06-12 19:53:27.657,22.33,0.11,201.22,202.80,2,0
2026-06-12 19:53:27.707,22.24,0.05,202.67,202.76,2,0
2026-06-12 19:53:27.757,22.37,0.14,202.59,202.00,2,0
2026-06-12 19:53:27.808,22.43,0.23,205.67,203.10,2,0
2026-06-12 19:53:27.859,22.57,0.27,205.20,203.73,2,0
2026-06-12 19:53:27.909,22.51,0.19,205.15,204.95,2,0
2026-06-12 19:53:27.959,22.49,0.12,203.25,204.44,2,0
2026-06-12 19:53:28.009,22.49,0.13,203.72,204.22,2,0
2026-06-12 19:53:28.060,22.59,0.27,205.14,204.24,2,0
2026-06-12 19:53:28.110,22.75,0.39,207.14,205.11,2,0
2026-06-12 19:53:28.161,22.71,0.29,208.39,206.64,2,0
2026-06-12 19:53:28.211,22.65,0.14,205.33,206.25,2,0
2026-06-12 19:53:28.261,22.50,-0.08,204.24,205.64,2,0
2026-06-12 19:53:28.312,22.58,-0.01,202.58,204.35,2,0
2026-06-12 19:53:28.362,22.81,0.35,206.63,205.03,2,0
2026-06-12 19:53:28.413,22.95,0.41,209.57,207.12,2,0
2026-06-12 19:53:28.463,22.94,0.33,211.33,208.38,2,0
2026-06-12 19:53:28.516,22.85,0.13,208.11,208.30,2,0
2026-06-12 19:53:28.564,22.81,0.08,206.49,207.46,2,0
2026-06-12 19:53:28.614,22.95,0.28,206.37,207.13,2,0
2026-06-12 19:53:28.665,23.01,0.29,210.11,208.45,2,0
2026-06-12 19:53:28.715,23.06,0.33,210.15,208.96,2,0
2026-06-12 19:53:28.766,22.85,-0.05,210.57,209.44,2,0
2026-06-12 19:53:28.816,22.63,-0.23,204.37,207.53,2,0
2026-06-12 19:53:28.866,22.49,-0.42,200.71,205.48,2,0
2026-06-12 19:53:28.919,22.60,-0.11,201.31,204.23,2,0
2026-06-12 19:53:28.967,22.75,0.14,207.65,205.28,2,0
2026-06-12 19:53:29.018,22.85,0.19,209.77,206.62,2,0
2026-06-12 19:53:29.069,22.78,0.10,207.85,207.48,2,0
2026-06-12 19:53:29.119,24.20,2.47,205.33,206.83,2,0
2026-06-12 19:53:29.169,27.31,6.50,251.10,219.79,2,0
2026-06-12 19:53:29.219,28.37,7.24,275.65,247.97,2,0
2026-06-12 19:53:29.270,25.89,2.17,280.23,257.65,2,0
2026-06-12 19:53:29.320,24.90,1.01,206.32,235.14,2,0
2026-06-12 19:53:29.371,24.03,-0.52,204.96,226.09,2,0
2026-06-12 19:53:29.422,22.84,-1.72,199.92,218.24,2,0
2026-06-12 19:53:29.472,22.44,-1.79,196.35,207.42,2,0
2026-06-12 19:53:29.522,23.13,-0.09,195.37,203.81,2,0
2026-06-12 19:53:29.572,24.64,2.45,230.01,210.02,2,0
2026-06-12 19:53:29.623,26.05,3.20,255.91,223.79,2,0
2026-06-12 19:53:29.674,24.79,1.67,246.44,236.53,2,0
2026-06-12 19:53:29.724,46.37,35.09,198.41,225.09,1,0
2026-06-12 19:53:29.777,46.84,30.62,733.28,421.07,1,0
2026-06-12 19:53:29.824,41.90,21.98,435.41,425.38,1,0
2026-06-12 19:53:29.877,35.98,13.75,275.64,380.46,1,0
2026-06-12 19:53:29.925,30.68,7.28,201.25,326.69,1,0
2026-06-12 19:53:29.976,26.82,3.03,166.54,278.65,1,0
2026-06-12 19:53:30.026,23.84,0.09,161.69,243.56,1,0
2026-06-12 19:53:30.076,21.48,-1.85,153.28,216.48,1,0
2026-06-12 19:53:30.127,19.48,-2.68,145.14,195.08,1,0
2026-06-12 19:53:30.177,19.48,-2.68,134.35,176.86,1,0
2026-06-12 19:53:30.228,17.68,-3.27,134.35,176.86,1,0
2026-06-12 19:53:30.279,15.94,-3.74,122.39,160.52,1,0
2026-06-12 19:53:30.329,15.94,-3.74,107.99,144.76,1,0
2026-06-12 19:53:30.379,15.94,-3.74,107.99,144.76,1,0
2026-06-12 19:53:30.429,14.11,-3.78,107.99,144.76,1,0
2026-06-12 19:53:30.480,14.11,-3.78,89.28,128.11,1,0
2026-06-12 19:53:30.530,14.11,-3.78,89.28,128.11,1,0
2026-06-12 19:53:30.581,14.11,-3.78,89.28,128.11,1,0
2026-06-12 19:53:30.631,14.11,-3.78,89.28,128.11,1,0
2026-06-12 19:53:30.681,14.11,-3.78,89.28,128.11,1,0
2026-06-12 19:53:30.732,14.11,-3.78,89.28,128.11,1,0
2026-06-12 19:53:30.782,14.11,-3.78,89.28,128.11,1,0
2026-06-12 19:53:30.833,14.11,-3.78,89.28,128.11,1,0
2026-06-12 19:53:30.883,14.11,-3.78,89.28,128.11,1,0
2026-06-12 19:53:30.934,14.11,-3.78,89.28,128.11,1,0
2026-06-12 19:53:30.984,14.11,-3.78,89.28,128.11,1,0
2026-06-12 19:53:31.034,14.11,-3.78,89.28,128.11,1,0
2026-06-12 19:53:31.085,14.11,-3.78,89.28,128.11,1,0
2026-06-12 19:53:31.135,14.11,-3.78,89.28,128.11,1,0
2026-06-12 19:53:31.186,14.11,-3.78,89.28,128.11,1,0
2026-06-12 19:53:31.236,14.11,-3.78,89.28,128.11,1,0
2026-06-12 19:53:31.287,14.11,-3.78,89.28,128.11,1,0
2026-06-12 19:53:31.337,14.11,-3.78,89.28,128.11,1,0
2026-06-12 19:53:31.387,14.11,-3.78,89.28,128.11,1,0
2026-06-12 19:53:31.438,14.11,-3.78,89.28,128.11,1,0
2026-06-12 19:53:31.489,14.11,-3.78,89.28,128.11,1,0
2026-06-12 19:53:31.539,14.11,-3.78,89.28,128.11,1,0
2026-06-12 19:53:31.589,14.11,-3.78,89.28,128.11,1,0
2026-06-12 19:53:31.639,14.11,-3.78,89.28,128.11,1,0
2026-06-12 19:53:31.690,14.11,-3.78,89.28,128.11,1,0
2026-06-12 19:53:31.740,14.11,-3.78,89.28,128.11,1,0
2026-06-12 19:53:31.792,14.11,-3.78,89.28,128.11,1,0
2026-06-12 19:53:31.841,14.11,-3.78,89.28,128.11,1,0
2026-06-12 19:53:31.892,14.11,-3.78,89.28,128.11,1,0
2026-06-12 19:53:31.942,14.11,-3.78,89.28,128.11,1,0
2026-06-12 19:53:31.992,14.11,-3.78,89.28,128.11,1,0
2026-06-12 19:53:32.043,14.11,-3.78,89.28,128.11,1,0
2026-06-12 19:53:32.093,14.11,-3.78,89.28,128.11,1,0
2026-06-12 19:53:32.145,14.11,-3.78,89.28,128.11,1,0
2026-06-12 19:53:32.194,14.11,-3.78,89.28,128.11,1,0
2026-06-12 19:53:32.248,14.11,-3.78,89.28,128.11,1,0
2026-06-12 19:53:32.295,14.11,-3.78,89.28,128.11,1,0
2026-06-12 19:53:32.345,14.11,-3.78,89.28,128.11,1,0
2026-06-12 19:53:32.396,0.00,0.00,89.28,128.11,1,0
2026-06-12 19:53:32.446,0.00,0.00,0.00,0.00,1,0
2026-06-12 19:53:32.496,0.00,0.00,0.00,0.00,1,0
2026-06-12 19:53:32.547,0.00,0.00,0.00,0.00,1,0
2026-06-12 19:53:32.597,0.00,0.00,0.00,0.00,1,0
2026-06-12 19:53:32.648,0.00,0.00,0.00,0.00,1,0
2026-06-12 19:53:32.699,0.00,0.00,0.00,0.00,1,0
2026-06-12 19:53:32.749,0.38,0.00,0.00,0.00,0,0
2026-06-12 19:53:32.799,0.38,0.00,11.56,3.47,0,0
2026-06-12 19:53:32.849,0.38,0.00,11.56,3.47,0,0
2026-06-12 19:53:32.900,0.38,0.00,11.56,3.47,0,0
2026-06-12 19:53:32.950,0.38,0.00,11.56,3.47,0,0
2026-06-12 19:53:33.001,0.38,0.00,11.56,3.47,0,0
2026-06-12 19:53:33.051,0.38,0.00,11.56,3.47,0,0
2026-06-12 19:53:33.102,0.38,0.00,11.56,3.47,0,0
2026-06-12 19:53:33.152,0.38,0.00,11.56,3.47,0,0
2026-06-12 19:53:33.203,0.38,0.00,11.56,3.47,0,0
2026-06-12 19:53:33.256,0.38,0.00,11.56,3.47,0,0
2026-06-12 19:53:33.303,0.38,0.00,11.56,3.47,0,0
2026-06-12 19:53:33.354,0.38,0.00,11.56,3.47,0,0
2026-06-12 19:53:33.404,0.38,0.00,11.56,3.47,0,0
2026-06-12 19:53:33.454,0.38,0.00,11.56,3.47,0,0
2026-06-12 19:53:33.505,0.38,0.00,11.56,3.47,0,0
2026-06-12 19:53:33.555,0.38,0.00,11.56,3.47,0,0
2026-06-12 19:53:33.605,0.38,0.00,11.56,3.47,0,0
2026-06-12 19:53:33.656,0.38,0.00,11.56,3.47,0,0
2026-06-12 19:53:33.706,0.38,0.00,11.56,3.47,0,0
2026-06-12 19:53:33.757,0.38,0.00,11.56,3.47,0,0
2026-06-12 19:53:33.807,0.38,0.00,11.56,3.47,0,0
2026-06-12 19:53:33.857,0.38,0.00,11.56,3.47,0,0
2026-06-12 19:53:33.908,0.38,0.00,11.56,3.47,0,0
2026-06-12 19:53:33.959,0.38,0.00,11.56,3.47,0,0
2026-06-12 19:53:34.009,0.38,0.00,11.56,3.47,0,0
2026-06-12 19:53:34.059,0.38,0.00,11.56,3.47,0,0
2026-06-12 19:53:34.109,0.38,0.00,11.56,3.47,0,0
2026-06-12 19:53:34.160,0.38,0.00,11.56,3.47,0,0
2026-06-12 19:53:34.210,0.38,0.00,11.56,3.47,0,0
2026-06-12 19:53:34.261,0.38,0.00,11.56,3.47,0,0
2026-06-12 19:53:34.311,0.38,0.00,11.56,3.47,0,0
2026-06-12 19:53:34.361,0.38,0.00,11.56,3.47,0,0
2026-06-12 19:53:34.412,0.38,0.00,11.56,3.47,0,0
2026-06-12 19:53:34.462,0.38,0.00,11.56,3.47,0,0
2026-06-12 19:53:34.513,0.38,0.00,11.56,3.47,0,0
2026-06-12 19:53:34.563,0.38,0.00,11.56,3.47,0,0
2026-06-12 19:53:34.613,0.38,0.00,11.56,3.47,0,0
2026-06-12 19:53:34.664,0.38,0.00,11.56,3.47,0,0
2026-06-12 19:53:34.714,0.00,0.00,11.56,3.47,0,0
2026-06-12 19:53:34.765,0.22,0.00,0.00,0.00,2,0
2026-06-12 19:53:34.816,0.22,0.00,6.73,2.02,2,0
2026-06-12 19:53:34.865,0.22,0.00,6.73,2.02,2,0
2026-06-12 19:53:34.916,0.22,0.00,6.73,2.02,2,0
2026-06-12 19:53:34.966,0.22,0.00,6.73,2.02,2,0
2026-06-12 19:53:35.017,0.22,0.00,6.73,2.02,2,0
2026-06-12 19:53:35.067,0.22,0.00,6.73,2.02,2,0
2026-06-12 19:53:35.120,0.22,0.00,6.73,2.02,2,0
2026-06-12 19:53:35.168,0.22,0.00,6.73,2.02,2,0
2026-06-12 19:53:35.219,0.22,0.00,6.73,2.02,2,0
2026-06-12 19:53:35.269,0.22,0.00,6.73,2.02,2,0
2026-06-12 19:53:35.320,0.22,0.00,6.73,2.02,2,0
2026-06-12 19:53:35.369,0.22,0.00,6.73,2.02,2,0
2026-06-12 19:53:35.420,0.22,0.00,6.73,2.02,2,0
2026-06-12 19:53:35.470,0.22,0.00,6.73,2.02,2,0
2026-06-12 19:53:35.521,0.22,0.00,6.73,2.02,2,0
2026-06-12 19:53:35.571,0.22,0.00,6.73,2.02,2,0
2026-06-12 19:53:35.621,0.22,0.00,6.73,2.02,2,0
2026-06-12 19:53:35.672,0.22,0.00,6.73,2.02,2,0
2026-06-12 19:53:35.722,0.22,0.00,6.73,2.02,2,0
2026-06-12 19:53:35.773,0.22,0.00,6.73,2.02,2,0
2026-06-12 19:53:35.823,0.22,0.00,6.73,2.02,2,0
2026-06-12 19:53:35.873,0.22,0.00,6.73,2.02,2,0
2026-06-12 19:53:35.924,0.22,0.00,6.73,2.02,2,0
2026-06-12 19:53:35.974,0.22,0.00,6.73,2.02,2,0
2026-06-12 19:53:36.025,0.94,0.02,6.73,2.02,1,0
2026-06-12 19:53:36.075,0.94,0.02,23.74,8.54,1,0
2026-06-12 19:53:36.126,0.94,0.02,23.74,8.54,1,0
2026-06-12 19:53:36.176,0.94,0.02,23.74,8.54,1,0
2026-06-12 19:53:36.228,0.94,0.02,23.74,8.54,1,0
2026-06-12 19:53:36.277,0.94,0.02,23.74,8.54,1,0
2026-06-12 19:53:36.327,0.94,0.02,23.74,8.54,1,0
2026-06-12 19:53:36.378,0.94,0.02,23.74,8.54,1,0
2026-06-12 19:53:36.428,0.94,0.02,23.74,8.54,1,0
2026-06-12 19:53:36.479,0.94,0.02,23.74,8.54,1,0
2026-06-12 19:53:36.529,0.94,0.02,23.74,8.54,1,0
2026-06-12 19:53:36.579,0.94,0.02,23.74,8.54,1,0
2026-06-12 19:53:36.629,0.94,0.02,23.74,8.54,1,0
2026-06-12 19:53:36.680,0.94,0.02,23.74,8.54,1,0
2026-06-12 19:53:36.730,0.94,0.02,23.74,8.54,1,0
2026-06-12 19:53:36.781,0.94,0.02,23.74,8.54,1,0
2026-06-12 19:53:36.831,0.94,0.02,23.74,8.54,1,0
2026-06-12 19:53:36.882,0.94,0.02,23.74,8.54,1,0
2026-06-12 19:53:36.932,0.94,0.02,23.74,8.54,1,0
2026-06-12 19:53:36.982,0.94,0.02,23.74,8.54,1,0
2026-06-12 19:53:37.033,0.94,0.02,23.74,8.54,1,0
2026-06-12 19:53:37.083,0.94,0.02,23.74,8.54,1,0
2026-06-12 19:53:37.133,0.94,0.02,23.74,8.54,1,0
2026-06-12 19:53:37.184,0.94,0.02,23.74,8.54,1,0
2026-06-12 19:53:37.235,0.94,0.02,23.74,8.54,1,0
2026-06-12 19:53:37.285,0.94,0.02,23.74,8.54,1,0
2026-06-12 19:53:37.335,0.94,0.02,23.74,8.54,1,0
2026-06-12 19:53:37.388,0.94,0.02,23.74,8.54,1,0
2026-06-12 19:53:37.436,0.94,0.02,23.74,8.54,1,0
2026-06-12 19:53:37.488,0.94,0.02,23.74,8.54,1,0
2026-06-12 19:53:37.541,0.94,0.02,23.74,8.54,1,0
2026-06-12 19:53:37.588,0.94,0.02,23.74,8.54,1,0
2026-06-12 19:53:37.640,0.94,0.02,23.74,8.54,1,0
2026-06-12 19:53:37.689,0.94,0.02,23.74,8.54,1,0
2026-06-12 19:53:37.739,0.94,0.02,23.74,8.54,1,0
2026-06-12 19:53:37.789,0.94,0.02,23.74,8.54,1,0
2026-06-12 19:53:37.839,0.94,0.02,23.74,8.54,1,0
2026-06-12 19:53:37.890,0.94,0.02,23.74,8.54,1,0
2026-06-12 19:53:37.940,0.94,0.02,23.74,8.54,1,0
2026-06-12 19:53:37.990,0.00,0.00,23.74,8.54,1,0
2026-06-12 19:53:38.041,0.00,0.00,0.00,0.00,1,0
2026-06-12 19:53:38.092,0.00,0.00,0.00,0.00,1,0
2026-06-12 19:53:38.142,0.00,0.00,0.00,0.00,1,0
2026-06-12 19:53:38.192,0.00,0.00,0.00,0.00,1,0
2026-06-12 19:53:38.242,0.00,0.00,0.00,0.00,1,0
2026-06-12 19:53:38.293,0.00,0.00,0.00,0.00,1,0
2026-06-12 19:53:38.343,0.00,0.00,0.00,0.00,1,0
2026-06-12 19:53:38.408,0.00,0.00,0.00,0.00,1,0
2026-06-12 19:53:38.444,0.00,0.00,0.00,0.00,1,0
2026-06-12 19:53:38.494,0.00,0.00,0.00,0.00,1,0
2026-06-12 19:53:38.545,0.00,0.00,0.00,0.00,1,0
2026-06-12 19:53:38.595,0.00,0.00,0.00,0.00,1,0
2026-06-12 19:53:38.646,0.00,0.00,0.00,0.00,1,0
2026-06-12 19:53:38.696,0.00,0.00,0.00,0.00,1,0
2026-06-12 19:53:38.746,0.00,0.00,0.00,0.00,1,0
2026-06-12 19:53:38.797,0.00,0.00,0.00,0.00,1,0
2026-06-12 19:53:38.847,0.00,0.00,0.00,0.00,1,0
2026-06-12 19:53:38.898,0.00,0.00,0.00,0.00,1,0
2026-06-12 19:53:38.949,0.00,0.00,0.00,0.00,1,0
2026-06-12 19:53:38.999,0.00,0.00,0.00,0.00,1,0
2026-06-12 19:53:39.049,0.23,0.00,0.00,0.00,0,0
2026-06-12 19:53:39.099,0.23,0.00,6.97,2.09,0,0
2026-06-12 19:53:39.150,0.23,0.00,6.97,2.09,0,0
2026-06-12 19:53:39.200,0.23,0.00,6.97,2.09,0,0
2026-06-12 19:53:39.250,0.23,0.00,6.97,2.09,0,0
2026-06-12 19:53:39.305,0.23,0.00,6.97,2.09,0,0
2026-06-12 19:53:39.351,0.23,0.00,6.97,2.09,0,0
2026-06-12 19:53:39.404,0.23,0.00,6.97,2.09,0,0
2026-06-12 19:53:39.452,0.23,0.00,6.97,2.09,0,0
2026-06-12 19:53:39.502,0.23,0.00,6.97,2.09,0,0
2026-06-12 19:53:39.553,0.23,0.00,6.97,2.09,0,0
2026-06-12 19:53:39.603,0.23,0.00,6.97,2.09,0,0
2026-06-12 19:53:39.654,0.23,0.00,6.97,2.09,0,0
2026-06-12 19:53:39.704,0.23,0.00,6.97,2.09,0,0
2026-06-12 19:53:39.755,0.23,0.00,6.97,2.09,0,0
2026-06-12 19:53:39.805,0.23,0.00,6.97,2.09,0,0
2026-06-12 19:53:39.855,0.23,0.00,6.97,2.09,0,0
2026-06-12 19:53:39.906,0.23,0.00,6.97,2.09,0,0
2026-06-12 19:53:39.956,0.23,0.00,6.97,2.09,0,0
2026-06-12 19:53:40.006,0.23,0.00,6.97,2.09,0,0
2026-06-12 19:53:40.057,0.23,0.00,6.97,2.09,0,0
2026-06-12 19:53:40.107,0.23,0.00,6.97,2.09,0,0
2026-06-12 19:53:40.158,0.23,0.00,6.97,2.09,0,0
2026-06-12 19:53:40.209,0.23,0.00,6.97,2.09,0,0
2026-06-12 19:53:40.259,0.23,0.00,6.97,2.09,0,0
2026-06-12 19:53:40.309,0.23,0.00,6.97,2.09,0,0
2026-06-12 19:53:40.359,0.23,0.00,6.97,2.09,0,0
2026-06-12 19:53:40.410,0.23,0.00,6.97,2.09,0,0
2026-06-12 19:53:40.461,0.23,0.00,6.97,2.09,0,0
2026-06-12 19:53:40.510,0.23,0.00,6.97,2.09,0,0
2026-06-12 19:53:40.561,0.23,0.00,6.97,2.09,0,0
2026-06-12 19:53:40.611,0.23,0.00,6.97,2.09,0,0
2026-06-12 19:53:40.662,0.23,0.00,6.97,2.09,0,0
2026-06-12 19:53:40.712,0.23,0.00,6.97,2.09,0,0
2026-06-12 19:53:40.762,0.23,0.00,6.97,2.09,0,0
2026-06-12 19:53:40.813,0.23,0.00,6.97,2.09,0,0
2026-06-12 19:53:40.864,0.23,0.00,6.97,2.09,0,0
2026-06-12 19:53:40.914,0.23,0.00,6.97,2.09,0,0
2026-06-12 19:53:40.964,0.23,0.00,6.97,2.09,0,0
2026-06-12 19:53:41.014,0.23,0.00,6.97,2.09,0,0
2026-06-12 19:53:41.065,0.20,0.00,6.97,2.09,2,0
2026-06-12 19:53:41.115,0.20,0.00,5.92,1.77,2,0
2026-06-12 19:53:41.166,0.20,0.00,5.92,1.77,2,0
2026-06-12 19:53:41.216,0.20,0.00,5.92,1.77,2,0
2026-06-12 19:53:41.266,0.20,0.00,5.92,1.77,2,0
2026-06-12 19:53:41.317,0.20,0.00,5.92,1.77,2,0
2026-06-12 19:53:41.367,0.20,0.00,5.92,1.77,2,0
2026-06-12 19:53:41.418,0.20,0.00,5.92,1.77,2,0
2026-06-12 19:53:41.469,0.20,0.00,5.92,1.77,2,0
2026-06-12 19:53:41.519,0.20,0.00,5.92,1.77,2,0
2026-06-12 19:53:41.569,0.20,0.00,5.92,1.77,2,0
2026-06-12 19:53:41.619,0.20,0.00,5.92,1.77,2,0
2026-06-12 19:53:41.670,0.20,0.00,5.92,1.77,2,0
2026-06-12 19:53:41.720,0.20,0.00,5.92,1.77,2,0
2026-06-12 19:53:41.770,0.20,0.00,5.92,1.77,2,0
2026-06-12 19:53:41.821,0.20,0.00,5.92,1.77,2,0
2026-06-12 19:53:41.871,0.20,0.00,5.92,1.77,2,0
2026-06-12 19:53:41.922,0.20,0.00,5.92,1.77,2,0
2026-06-12 19:53:41.972,0.20,0.00,5.92,1.77,2,0
2026-06-12 19:53:42.022,0.20,0.00,5.92,1.77,2,0
2026-06-12 19:53:42.073,0.20,0.00,5.92,1.77,2,0
2026-06-12 19:53:42.123,0.20,0.00,5.92,1.77,2,0
2026-06-12 19:53:42.174,0.20,0.00,5.92,1.77,2,0
2026-06-12 19:53:42.225,0.20,0.00,5.92,1.77,2,0
2026-06-12 19:53:42.275,0.20,0.00,5.92,1.77,2,0
2026-06-12 19:53:42.325,0.20,0.00,5.92,1.77,2,0
2026-06-12 19:53:42.375,0.20,0.00,5.92,1.77,2,0
2026-06-12 19:53:42.426,0.20,0.00,5.92,1.77,2,0
2026-06-12 19:53:42.476,0.20,0.00,5.92,1.77,2,0
2026-06-12 19:53:42.526,0.20,0.00,5.92,1.77,2,0
2026-06-12 19:53:42.577,0.20,0.00,5.92,1.77,2,0
2026-06-12 19:53:42.627,0.20,0.00,5.92,1.77,2,0
2026-06-12 19:53:42.678,0.20,0.00,5.92,1.77,2,0
2026-06-12 19:53:42.729,0.20,0.00,5.92,1.77,2,0
2026-06-12 19:53:42.779,0.20,0.00,5.92,1.77,2,0
2026-06-12 19:53:42.829,0.20,0.00,5.92,1.77,2,0
2026-06-12 19:53:42.879,0.20,0.00,5.92,1.77,2,0
2026-06-12 19:53:42.930,0.20,0.00,5.92,1.77,2,0
2026-06-12 19:53:42.984,0.20,0.00,5.92,1.77,2,0
2026-06-12 19:53:43.030,0.20,0.00,5.92,1.77,2,0
2026-06-12 19:53:43.081,0.00,0.00,5.92,1.77,2,0
2026-06-12 19:53:43.131,0.00,0.00,0.00,0.00,2,0
2026-06-12 19:53:43.182,0.00,0.00,0.00,0.00,2,0
2026-06-12 19:53:43.232,0.00,0.00,0.00,0.00,2,0
2026-06-12 19:53:43.282,0.00,0.00,0.00,0.00,2,0
2026-06-12 19:53:43.333,0.00,0.00,0.00,0.00,2,0
2026-06-12 19:53:43.383,0.00,0.00,0.00,0.00,2,0
2026-06-12 19:53:43.434,0.00,0.00,0.00,0.00,2,0
2026-06-12 19:53:43.484,0.00,0.00,0.00,0.00,2,0
2026-06-12 19:53:43.534,0.00,0.00,0.00,0.00,2,0
2026-06-12 19:53:43.585,0.00,0.00,0.00,0.00,2,0
2026-06-12 19:53:43.635,0.00,0.00,0.00,0.00,2,0
2026-06-12 19:53:43.686,0.00,0.00,0.00,0.00,2,0
2026-06-12 19:53:43.736,0.00,0.00,0.00,0.00,2,0
2026-06-12 19:53:43.786,0.00,0.00,0.00,0.00,2,0
2026-06-12 19:53:43.837,0.00,0.00,0.00,0.00,2,0
2026-06-12 19:53:43.887,0.00,0.00,0.00,0.00,2,0
2026-06-12 19:53:43.938,0.00,0.00,0.00,0.00,2,0
2026-06-12 19:53:43.989,0.00,0.00,0.00,0.00,2,0
2026-06-12 19:53:44.039,0.00,0.00,0.00,0.00,2,0
2026-06-12 19:53:44.089,0.00,0.00,0.00,0.00,2,0
2026-06-12 19:53:44.141,0.00,0.00,0.00,0.00,2,0
2026-06-12 19:53:44.190,0.00,0.00,0.00,0.00,2,0
2026-06-12 19:53:44.240,0.00,0.00,0.00,0.00,2,0
2026-06-12 19:53:44.291,0.00,0.00,0.00,0.00,2,0
2026-06-12 19:53:44.341,0.00,0.00,0.00,0.00,2,0
2026-06-12 19:53:44.391,0.00,0.00,0.00,0.00,2,0
2026-06-12 19:53:44.442,0.00,0.00,0.00,0.00,2,0
2026-06-12 19:53:44.492,0.00,0.00,0.00,0.00,2,0
2026-06-12 19:53:44.542,0.00,0.00,0.00,0.00,2,0
2026-06-12 19:53:44.593,0.00,0.00,0.00,0.00,2,0
2026-06-12 19:53:44.643,0.00,0.00,0.00,0.00,2,0
2026-06-12 19:53:44.694,0.00,0.00,0.00,0.00,2,0
2026-06-12 19:53:44.744,0.00,0.00,0.00,0.00,2,0
2026-06-12 19:53:44.794,0.00,0.00,0.00,0.00,2,0
2026-06-12 19:53:44.845,0.00,0.00,0.00,0.00,2,0
2026-06-12 19:53:44.895,0.00,0.00,0.00,0.00,2,0
2026-06-12 19:53:44.946,0.00,0.00,0.00,0.00,2,0
2026-06-12 19:53:44.996,0.00,0.00,0.00,0.00,2,0
2026-06-12 19:53:45.048,0.00,0.00,0.00,0.00,2,0
2026-06-12 19:53:45.097,0.00,0.00,0.00,0.00,2,0
2026-06-12 19:53:45.147,0.00,0.00,0.00,0.00,2,0
2026-06-12 19:53:45.198,0.00,0.00,0.00,0.00,2,0
2026-06-12 19:53:45.249,0.00,0.00,0.00,0.00,2,0
2026-06-12 19:53:45.299,0.00,0.00,0.00,0.00,2,0
2026-06-12 19:53:45.349,0.00,0.00,0.00,0.00,2,0
2026-06-12 19:53:45.399,0.00,0.00,0.00,0.00,2,0
2026-06-12 19:53:45.450,0.00,0.00,0.00,0.00,2,0
2026-06-12 19:53:45.500,0.00,0.00,0.00,0.00,2,0
2026-06-12 19:53:45.551,0.00,0.00,0.00,0.00,2,0
2026-06-12 19:53:45.601,0.00,0.00,0.00,0.00,2,0
2026-06-12 19:53:45.651,0.00,0.00,0.00,0.00,2,0
2026-06-12 19:53:45.702,0.00,0.00,0.00,0.00,2,0
2026-06-12 19:53:45.752,0.00,0.00,0.00,0.00,2,0
2026-06-12 19:53:45.802,0.00,0.00,0.00,0.00,2,0
2026-06-12 19:53:45.853,0.00,0.00,0.00,0.00,2,0
2026-06-12 19:53:45.903,0.00,0.00,0.00,0.00,2,0
2026-06-12 19:53:45.954,0.00,0.00,0.00,0.00,2,0
2026-06-12 19:53:46.004,0.00,0.00,0.00,0.00,2,0
2026-06-12 19:53:46.054,0.00,0.00,0.00,0.00,2,0
2026-06-12 19:53:46.105,0.00,0.00,0.00,0.00,2,0
2026-06-12 19:53:46.155,0.00,0.00,0.00,0.00,2,0
2026-06-12 19:53:46.206,0.00,0.00,0.00,0.00,2,0
2026-06-12 19:53:46.256,0.00,0.00,0.00,0.00,2,0
2026-06-12 19:53:46.306,0.00,0.00,0.00,0.00,2,0
2026-06-12 19:53:46.357,0.00,0.00,0.00,0.00,2,0
2026-06-12 19:53:46.407,0.00,0.00,0.00,0.00,2,0
2026-06-12 19:53:46.458,0.00,0.00,0.00,0.00,2,0
2026-06-12 19:53:46.510,0.00,0.00,0.00,0.00,2,0
2026-06-12 19:53:46.560,0.00,0.00,0.00,0.00,2,0
2026-06-12 19:53:46.609,0.00,0.00,0.00,0.00,2,0
2026-06-12 19:53:46.659,0.00,0.00,0.00,0.00,2,0
2026-06-12 19:53:46.709,0.00,0.00,0.00,0.00,2,0
2026-06-12 19:53:46.760,0.00,0.00,0.00,0.00,2,0
2026-06-12 19:53:46.810,0.00,0.00,0.00,0.00,2,0
2026-06-12 19:53:46.861,0.00,0.00,0.00,0.00,2,0
2026-06-12 19:53:46.911,0.00,0.00,0.00,0.00,2,0
2026-06-12 19:53:46.962,0.00,0.00,0.00,0.00,2,0
2026-06-12 19:53:47.012,0.00,0.00,0.00,0.00,2,0
2026-06-12 19:53:47.062,0.00,0.00,0.00,0.00,2,0
2026-06-12 19:53:47.116,0.00,0.00,0.00,0.00,2,0
2026-06-12 19:53:47.163,0.00,0.00,0.00,0.00,2,0
2026-06-12 19:53:47.213,0.00,0.00,0.00,0.00,2,0
2026-06-12 19:53:47.264,0.00,0.00,0.00,0.00,2,0
2026-06-12 19:53:47.314,0.00,0.00,0.00,0.00,2,0
2026-06-12 19:53:47.369,0.00,0.00,0.00,0.00,2,0
2026-06-12 19:53:47.416,0.00,0.00,0.00,0.00,2,0
2026-06-12 19:53:47.466,0.00,0.00,0.00,0.00,2,0
2026-06-12 19:53:47.516,0.00,0.00,0.00,0.00,2,0
2026-06-12 19:53:47.566,0.00,0.00,0.00,0.00,2,0
2026-06-12 19:53:47.617,0.00,0.00,0.00,0.00,2,0
2026-06-12 19:53:47.667,0.00,0.00,0.00,0.00,2,0
2026-06-12 19:53:47.718,0.00,0.00,0.00,0.00,2,0
2026-06-12 19:53:47.769,0.00,0.00,0.00,0.00,2,0
2026-06-12 19:54:02.438,0.00,0.00,0.00,0.00,2,0
2026-06-12 19:54:02.484,0.00,0.00,0.00,0.00,1,0
2026-06-12 19:54:02.535,0.00,0.00,0.00,0.00,1,0
2026-06-12 19:54:02.585,0.00,0.00,0.00,0.00,1,0
2026-06-12 19:54:02.636,0.00,0.00,0.00,0.00,1,0
2026-06-12 19:54:02.686,0.00,0.00,0.00,0.00,1,0
2026-06-12 19:54:02.737,0.00,0.00,0.00,0.00,1,0
2026-06-12 19:54:02.787,0.00,0.00,0.00,0.00,1,0
2026-06-12 19:54:02.837,0.00,0.00,0.00,0.00,1,0
2026-06-12 19:54:02.888,0.00,0.00,0.00,0.00,1,0
2026-06-12 19:54:02.938,0.00,0.00,0.00,0.00,1,0
2026-06-12 19:54:02.991,0.00,0.00,0.00,0.00,1,0
2026-06-12 19:54:03.039,0.00,0.00,0.00,0.00,1,0
2026-06-12 19:54:03.089,0.00,0.00,0.00,0.00,1,0
2026-06-12 19:54:03.140,0.00,0.00,0.00,0.00,1,0
2026-06-12 19:54:03.190,0.00,0.00,0.00,0.00,1,0
2026-06-12 19:54:03.241,0.00,0.00,0.00,0.00,1,0
2026-06-12 19:54:03.291,0.00,0.00,0.00,0.00,1,0
2026-06-12 19:54:03.341,0.00,0.00,0.00,0.00,1,0
2026-06-12 19:54:03.392,0.00,0.00,0.00,0.00,1,0
2026-06-12 19:54:03.442,0.00,0.00,0.00,0.00,1,0
2026-06-12 19:54:03.493,0.00,0.00,0.00,0.00,1,0
2026-06-12 19:54:03.543,0.00,0.00,0.00,0.00,1,0
2026-06-12 19:54:03.593,0.00,0.00,0.00,0.00,1,0
2026-06-12 19:54:03.644,0.00,0.00,0.00,0.00,1,0
2026-06-12 19:54:03.694,0.00,0.00,0.00,0.00,1,0
2026-06-12 19:54:03.745,0.00,0.00,0.00,0.00,1,0
2026-06-12 19:54:03.795,0.00,0.00,0.00,0.00,1,0
2026-06-12 19:54:03.845,0.00,0.00,0.00,0.00,1,0
2026-06-12 19:54:03.896,0.00,0.00,0.00,0.00,1,0
2026-06-12 19:54:03.946,0.00,0.00,0.00,0.00,1,0
2026-06-12 19:54:03.997,0.00,0.00,0.00,0.00,1,0
2026-06-12 19:54:04.047,0.00,0.00,0.00,0.00,1,0
2026-06-12 19:54:04.097,0.00,0.00,0.00,0.00,1,0
2026-06-12 19:54:04.148,0.00,0.00,0.00,0.00,1,0
2026-06-12 19:54:04.199,0.00,0.00,0.00,0.00,1,0
2026-06-12 19:54:04.249,0.00,0.00,0.00,0.00,1,0
2026-06-12 19:54:04.299,0.00,0.00,0.00,0.00,1,0
2026-06-12 19:54:04.349,0.00,0.00,0.00,0.00,1,0
2026-06-12 19:54:04.400,0.00,0.00,0.00,0.00,1,0
2026-06-12 19:54:04.450,0.00,0.00,0.00,0.00,1,0
2026-06-12 19:54:04.500,0.00,0.00,0.00,0.00,1,0
2026-06-12 19:54:04.551,0.00,0.00,0.00,0.00,1,0
2026-06-12 19:54:04.602,0.00,0.00,0.00,0.00,1,0
2026-06-12 19:54:04.652,0.00,0.00,0.00,0.00,1,0
2026-06-12 19:54:04.702,0.00,0.00,0.00,0.00,1,0
2026-06-12 19:54:04.752,0.00,0.00,0.00,0.00,1,0
2026-06-12 19:54:04.804,0.00,0.00,0.00,0.00,1,0
2026-06-12 19:54:04.853,0.00,0.00,0.00,0.00,1,0
2026-06-12 19:54:04.904,0.00,0.00,0.00,0.00,1,0
2026-06-12 19:54:04.954,0.00,0.00,0.00,0.00,1,0
2026-06-12 19:54:05.004,0.00,0.00,0.00,0.00,1,0
2026-06-12 19:54:05.055,0.00,0.00,0.00,0.00,1,0
2026-06-12 19:54:05.105,0.00,0.00,0.00,0.00,1,0
2026-06-12 19:54:05.156,0.00,0.00,0.00,0.00,1,0
2026-06-12 19:54:05.206,0.00,0.00,0.00,0.00,1,0
2026-06-12 19:54:05.257,0.00,0.00,0.00,0.00,1,0
2026-06-12 19:54:05.307,0.00,0.00,0.00,0.00,1,0
2026-06-12 19:54:05.357,0.00,0.00,0.00,0.00,1,0
2026-06-12 19:54:05.408,0.00,0.00,0.00,0.00,1,0
2026-06-12 19:54:05.459,0.00,0.00,0.00,0.00,1,0
2026-06-12 19:54:05.509,0.00,0.00,0.00,0.00,1,0
2026-06-12 19:54:05.560,0.24,0.00,0.00,0.00,0,0
2026-06-12 19:54:05.609,0.24,0.00,7.31,2.19,0,0
2026-06-12 19:54:05.660,0.24,0.00,7.31,2.19,0,0
2026-06-12 19:54:05.710,0.24,0.00,7.31,2.19,0,0
2026-06-12 19:54:05.761,0.24,0.00,7.31,2.19,0,0
2026-06-12 19:54:05.811,0.24,0.00,7.31,2.19,0,0
2026-06-12 19:54:05.861,0.24,0.00,7.31,2.19,0,0
2026-06-12 19:54:05.912,0.24,0.00,7.31,2.19,0,0
2026-06-12 19:54:05.962,0.24,0.00,7.31,2.19,0,0
2026-06-12 19:54:06.014,0.24,0.00,7.31,2.19,0,0
2026-06-12 19:54:06.064,0.24,0.00,7.31,2.19,0,0
2026-06-12 19:54:06.113,0.24,0.00,7.31,2.19,0,0
2026-06-12 19:54:06.164,0.24,0.00,7.31,2.19,0,0
2026-06-12 19:54:06.214,0.24,0.00,7.31,2.19,0,0
2026-06-12 19:54:06.265,0.24,0.00,7.31,2.19,0,0
2026-06-12 19:54:06.315,0.24,0.00,7.31,2.19,0,0
2026-06-12 19:54:06.365,0.24,0.00,7.31,2.19,0,0
2026-06-12 19:54:06.416,0.24,0.00,7.31,2.19,0,0
2026-06-12 19:54:06.466,0.24,0.00,7.31,2.19,0,0
2026-06-12 19:54:06.528,0.24,0.00,7.31,2.19,0,0
2026-06-12 19:54:06.567,0.24,0.00,7.31,2.19,0,0
2026-06-12 19:54:06.617,0.24,0.00,7.31,2.19,0,0
2026-06-12 19:54:06.668,0.24,0.00,7.31,2.19,0,0
2026-06-12 19:54:06.719,0.24,0.00,7.31,2.19,0,0
2026-06-12 19:54:06.769,0.24,0.00,7.31,2.19,0,0
2026-06-12 19:54:06.819,0.24,0.00,7.31,2.19,0,0
2026-06-12 19:54:06.869,0.24,0.00,7.31,2.19,0,0
2026-06-12 19:54:06.920,0.24,0.00,7.31,2.19,0,0
2026-06-12 19:54:06.970,0.24,0.00,7.31,2.19,0,0
2026-06-12 19:54:07.021,0.24,0.00,7.31,2.19,0,0
2026-06-12 19:54:07.071,0.24,0.00,7.31,2.19,0,0
2026-06-12 19:54:07.121,0.24,0.00,7.31,2.19,0,0
2026-06-12 19:54:07.172,0.24,0.00,7.31,2.19,0,0
2026-06-12 19:54:07.222,0.24,0.00,7.31,2.19,0,0
2026-06-12 19:54:07.273,0.24,0.00,7.31,2.19,0,0
2026-06-12 19:54:07.323,0.24,0.00,7.31,2.19,0,0
2026-06-12 19:54:07.373,0.24,0.00,7.31,2.19,0,0
2026-06-12 19:54:07.424,0.24,0.00,7.31,2.19,0,0
2026-06-12 19:54:07.474,0.24,0.00,7.31,2.19,0,0
2026-06-12 19:54:07.525,0.00,0.00,7.31,2.19,0,0
2026-06-12 19:54:07.580,0.20,0.00,0.00,0.00,2,0
2026-06-12 19:54:07.625,0.20,0.00,5.92,1.78,2,0
2026-06-12 19:54:07.676,0.20,0.00,5.92,1.78,2,0
2026-06-12 19:54:07.728,0.20,0.00,5.92,1.78,2,0
2026-06-12 19:54:07.777,0.20,0.00,5.92,1.78,2,0
2026-06-12 19:54:07.827,0.20,0.00,5.92,1.78,2,0
2026-06-12 19:54:07.878,0.20,0.00,5.92,1.78,2,0
2026-06-12 19:54:07.935,0.20,0.00,5.92,1.78,2,0
2026-06-12 19:54:07.978,0.20,0.00,5.92,1.78,2,0
2026-06-12 19:54:08.029,0.20,0.00,5.92,1.78,2,0
2026-06-12 19:54:08.079,0.20,0.00,5.92,1.78,2,0
2026-06-12 19:54:08.129,0.20,0.00,5.92,1.78,2,0
2026-06-12 19:54:08.180,0.20,0.00,5.92,1.78,2,0
2026-06-12 19:54:08.230,0.20,0.00,5.92,1.78,2,0
2026-06-12 19:54:08.281,0.20,0.00,5.92,1.78,2,0
2026-06-12 19:54:08.331,0.20,0.00,5.92,1.78,2,0
2026-06-12 19:54:08.381,0.20,0.00,5.92,1.78,2,0
2026-06-12 19:54:08.432,0.20,0.00,5.92,1.78,2,0
2026-06-12 19:54:08.482,0.20,0.00,5.92,1.78,2,0
2026-06-12 19:54:08.533,0.20,0.00,5.92,1.78,2,0
2026-06-12 19:54:08.583,0.20,0.00,5.92,1.78,2,0
2026-06-12 19:54:08.633,0.20,0.00,5.92,1.78,2,0
2026-06-12 19:54:08.684,0.20,0.00,5.92,1.78,2,0
2026-06-12 19:54:08.734,0.20,0.00,5.92,1.78,2,0
2026-06-12 19:54:08.785,0.20,0.00,5.92,1.78,2,0
2026-06-12 19:54:08.835,0.20,0.00,5.92,1.78,2,0
2026-06-12 19:54:08.885,0.20,0.00,5.92,1.78,2,0
2026-06-12 19:54:08.936,0.20,0.00,5.92,1.78,2,0
2026-06-12 19:54:08.986,0.20,0.00,5.92,1.78,2,0
2026-06-12 19:54:09.040,0.20,0.00,5.92,1.78,2,0
2026-06-12 19:54:09.089,0.20,0.00,5.92,1.78,2,0
2026-06-12 19:54:09.137,0.29,0.00,5.92,1.78,2,0
2026-06-12 19:54:09.188,0.29,0.00,4.50,2.59,2,0
2026-06-12 19:54:09.239,0.29,0.00,4.50,2.59,2,0
2026-06-12 19:54:09.289,0.29,0.00,4.50,2.59,2,0
2026-06-12 19:54:09.339,0.29,0.00,4.50,2.59,2,0
2026-06-12 19:54:09.389,0.29,0.00,4.50,2.59,2,0
2026-06-12 19:54:09.440,0.29,0.00,4.50,2.59,2,0
2026-06-12 19:54:09.490,0.29,0.00,4.50,2.59,2,0
2026-06-12 19:54:09.541,0.29,0.00,4.50,2.59,2,0
2026-06-12 19:54:09.591,0.29,0.00,4.50,2.59,2,0
2026-06-12 19:54:09.641,0.29,0.00,4.50,2.59,2,0
2026-06-12 19:54:09.692,0.29,0.00,4.50,2.59,2,0
2026-06-12 19:54:09.742,0.29,0.00,4.50,2.59,2,0
2026-06-12 19:54:09.793,0.29,0.00,4.50,2.59,2,0
2026-06-12 19:54:09.843,0.29,0.00,4.50,2.59,2,0
2026-06-12 19:54:09.893,0.29,0.00,4.50,2.59,2,0
2026-06-12 19:54:09.944,0.29,0.00,4.50,2.59,2,0
2026-06-12 19:54:09.994,0.29,0.00,4.50,2.59,2,0
2026-06-12 19:54:10.045,0.29,0.00,4.50,2.59,2,0
2026-06-12 19:54:10.095,0.29,0.00,4.50,2.59,2,0
2026-06-12 19:54:10.151,0.29,0.00,4.50,2.59,2,0
2026-06-12 19:54:10.196,0.29,0.00,4.50,2.59,2,0
2026-06-12 19:54:10.246,0.29,0.00,4.50,2.59,2,0
2026-06-12 19:54:10.297,0.29,0.00,4.50,2.59,2,0
2026-06-12 19:54:10.347,0.29,0.00,4.50,2.59,2,0
2026-06-12 19:54:10.397,0.29,0.00,4.50,2.59,2,0
2026-06-12 19:54:10.448,0.29,0.00,4.50,2.59,2,0
2026-06-12 19:54:10.499,0.29,0.00,4.50,2.59,2,0
2026-06-12 19:54:10.549,0.29,0.00,4.50,2.59,2,0
2026-06-12 19:54:10.599,0.52,0.01,4.50,2.59,1,0
2026-06-12 19:54:10.649,0.52,0.01,9.84,4.77,1,0
2026-06-12 19:54:10.700,0.52,0.01,9.84,4.77,1,0
2026-06-12 19:54:10.750,0.52,0.01,9.84,4.77,1,0
2026-06-12 19:54:10.801,0.52,0.01,9.84,4.77,1,0
2026-06-12 19:54:10.851,0.52,0.01,9.84,4.77,1,0
2026-06-12 19:54:10.901,0.52,0.01,9.84,4.77,1,0
2026-06-12 19:54:10.952,0.52,0.01,9.84,4.77,1,0
2026-06-12 19:54:11.005,0.52,0.01,9.84,4.77,1,0
2026-06-12 19:54:11.053,0.52,0.01,9.84,4.77,1,0
2026-06-12 19:54:11.103,0.52,0.01,9.84,4.77,1,0
2026-06-12 19:54:11.153,0.52,0.01,9.84,4.77,1,0
2026-06-12 19:54:11.204,0.52,0.01,9.84,4.77,1,0
2026-06-12 19:54:11.254,0.52,0.01,9.84,4.77,1,0
2026-06-12 19:54:11.305,0.52,0.01,9.84,4.77,1,0
2026-06-12 19:54:11.355,0.52,0.01,9.84,4.77,1,0
2026-06-12 19:54:11.405,0.52,0.01,9.84,4.77,1,0
2026-06-12 19:54:11.456,0.52,0.01,9.84,4.77,1,0
2026-06-12 19:54:11.506,0.52,0.01,9.84,4.77,1,0
2026-06-12 19:54:11.557,0.52,0.01,9.84,4.77,1,0
2026-06-12 19:54:11.607,0.52,0.01,9.84,4.77,1,0
2026-06-12 19:54:11.658,0.52,0.01,9.84,4.77,1,0
2026-06-12 19:54:11.708,0.52,0.01,9.84,4.77,1,0
2026-06-12 19:54:11.759,0.52,0.01,9.84,4.77,1,0
2026-06-12 19:54:11.809,0.52,0.01,9.84,4.77,1,0
2026-06-12 19:54:11.859,0.52,0.01,9.84,4.77,1,0
2026-06-12 19:54:11.910,0.52,0.01,9.84,4.77,1,0
2026-06-12 19:54:11.960,0.52,0.01,9.84,4.77,1,0
2026-06-12 19:54:12.010,0.52,0.01,9.84,4.77,1,0
2026-06-12 19:54:12.061,0.52,0.01,9.84,4.77,1,0
2026-06-12 19:54:12.111,0.52,0.01,9.84,4.77,1,0
2026-06-12 19:54:12.162,0.52,0.01,9.84,4.77,1,0
2026-06-12 19:54:12.212,0.52,0.01,9.84,4.77,1,0
2026-06-12 19:54:12.262,0.52,0.01,9.84,4.77,1,0
2026-06-12 19:54:12.313,0.52,0.01,9.84,4.77,1,0
2026-06-12 19:54:12.363,0.52,0.01,9.84,4.77,1,0
2026-06-12 19:54:12.414,0.52,0.01,9.84,4.77,1,0
2026-06-12 19:54:12.464,0.52,0.01,9.84,4.77,1,0
2026-06-12 19:54:12.514,0.52,0.01,9.84,4.77,1,0
2026-06-12 19:54:12.565,0.52,0.01,9.84,4.77,1,0
2026-06-12 19:54:12.615,0.00,0.00,9.84,4.77,1,0
2026-06-12 19:54:12.666,0.00,0.00,0.00,0.00,1,0
2026-06-12 19:54:12.716,0.00,0.00,0.00,0.00,1,0
2026-06-12 19:54:12.766,0.00,0.00,0.00,0.00,1,0
2026-06-12 19:54:12.817,0.00,0.00,0.00,0.00,1,0
2026-06-12 19:54:12.867,0.00,0.00,0.00,0.00,1,0
2026-06-12 19:54:12.918,0.00,0.00,0.00,0.00,1,0
2026-06-12 19:54:12.969,0.00,0.00,0.00,0.00,1,0
2026-06-12 19:54:13.019,0.00,0.00,0.00,0.00,1,0
2026-06-12 19:54:13.069,0.00,0.00,0.00,0.00,1,0
2026-06-12 19:54:13.119,0.00,0.00,0.00,0.00,1,0
2026-06-12 19:54:13.170,0.00,0.00,0.00,0.00,1,0
2026-06-12 19:54:13.220,0.00,0.00,0.00,0.00,1,0
2026-06-12 19:54:13.270,0.00,0.00,0.00,0.00,1,0
2026-06-12 19:54:13.326,0.00,0.00,0.00,0.00,1,0
2026-06-12 19:54:13.371,0.00,0.00,0.00,0.00,1,0
2026-06-12 19:54:13.422,0.00,0.00,0.00,0.00,1,0
2026-06-12 19:54:13.472,0.00,0.00,0.00,0.00,1,0
2026-06-12 19:54:13.522,0.00,0.00,0.00,0.00,1,0
2026-06-12 19:54:13.573,0.00,0.00,0.00,0.00,1,0
2026-06-12 19:54:13.623,0.00,0.00,0.00,0.00,1,0
2026-06-12 19:54:13.674,0.00,0.00,0.00,0.00,0,0
2026-06-12 19:54:13.724,0.00,0.00,0.00,0.00,0,0
2026-06-12 19:54:13.774,0.00,0.00,0.00,0.00,0,0
2026-06-12 19:54:13.825,0.00,0.00,0.00,0.00,0,0
2026-06-12 19:54:13.875,0.00,0.00,0.00,0.00,0,0
2026-06-12 19:54:13.926,0.00,0.00,0.00,0.00,0,0
2026-06-12 19:54:13.976,0.00,0.00,0.00,0.00,0,0
2026-06-12 19:54:14.026,0.00,0.00,0.00,0.00,0,0
2026-06-12 19:54:14.077,0.00,0.00,0.00,0.00,0,0
2026-06-12 19:54:14.127,0.00,0.00,0.00,0.00,0,0
2026-06-12 19:54:14.178,0.00,0.00,0.00,0.00,0,0
2026-06-12 19:54:14.229,0.00,0.00,0.00,0.00,0,0
2026-06-12 19:54:14.279,0.00,0.00,0.00,0.00,0,0
2026-06-12 19:54:14.329,0.00,0.00,0.00,0.00,0,0
2026-06-12 19:54:14.379,0.00,0.00,0.00,0.00,0,0
2026-06-12 19:54:14.430,0.00,0.00,0.00,0.00,0,0
2026-06-12 19:54:18.607,0.00,0.00,0.00,0.00,0,0
2026-06-12 19:54:18.657,0.00,0.00,0.00,0.00,1,0
2026-06-12 19:54:18.708,36.57,0.00,0.00,0.00,2,0
2026-06-12 19:54:18.759,36.57,0.00,1107.01,332.10,2,0
2026-06-12 19:54:18.808,36.57,0.00,1107.01,332.10,2,0
2026-06-12 19:54:18.859,36.57,0.00,1107.01,332.10,2,0
2026-06-12 19:54:18.909,36.57,0.00,1107.01,332.10,2,0
2026-06-12 19:54:18.959,36.57,0.00,1107.01,332.10,2,0
2026-06-12 19:54:19.010,36.57,0.00,1107.01,332.10,2,0
2026-06-12 19:54:19.060,36.57,0.00,1107.01,332.10,2,0
2026-06-12 19:54:19.111,36.57,0.00,1107.01,332.10,2,0
2026-06-12 19:54:19.161,36.57,0.00,1107.01,332.10,2,0
2026-06-12 19:54:19.212,36.57,0.00,1107.01,332.10,2,0
2026-06-12 19:54:19.262,36.57,0.00,1107.01,332.10,2,0
2026-06-12 19:54:19.312,36.57,0.00,1107.01,332.10,2,0
2026-06-12 19:54:19.363,36.57,0.00,1107.01,332.10,2,0
2026-06-12 19:54:19.413,36.57,0.00,1107.01,332.10,2,0
2026-06-12 19:54:19.464,36.57,0.00,1107.01,332.10,2,0
2026-06-12 19:54:19.514,36.57,0.00,1107.01,332.10,2,0
2026-06-12 19:54:19.564,36.57,0.00,1107.01,332.10,2,0
2026-06-12 19:54:19.615,36.57,0.00,1107.01,332.10,2,0
2026-06-12 19:54:19.665,36.57,0.00,1107.01,332.10,2,0
2026-06-12 19:54:19.715,36.57,0.00,1107.01,332.10,2,0
2026-06-12 19:54:19.766,36.57,0.00,1107.01,332.10,2,0
2026-06-12 19:54:19.816,36.57,0.00,1107.01,332.10,2,0
2026-06-12 19:54:19.867,36.57,0.00,1107.01,332.10,2,0
2026-06-12 19:54:19.917,36.57,0.00,1107.01,332.10,2,0
2026-06-12 19:54:19.968,36.57,0.00,1107.01,332.10,2,0
2026-06-12 19:54:20.019,36.57,0.00,1107.01,332.10,2,0
2026-06-12 19:54:20.069,36.57,0.00,1107.01,332.10,2,0
2026-06-12 19:54:20.119,36.57,0.00,1107.01,332.10,2,0
2026-06-12 19:54:20.169,36.57,0.00,1107.01,332.10,2,0
2026-06-12 19:54:20.220,36.57,0.00,1107.01,332.10,2,0
2026-06-12 19:54:20.270,36.57,0.00,1107.01,332.10,2,0
2026-06-12 19:54:20.320,36.57,0.00,1107.01,332.10,2,0
2026-06-12 19:54:20.371,36.57,0.00,1107.01,332.10,2,0
2026-06-12 19:54:20.421,36.57,0.00,1107.01,332.10,2,0
2026-06-12 19:54:20.472,36.57,0.00,1107.01,332.10,2,0
2026-06-12 19:54:20.522,36.57,0.00,1107.01,332.10,2,0
2026-06-12 19:54:20.572,36.57,0.00,1107.01,332.10,2,0
2026-06-12 19:54:20.623,36.57,0.00,1107.01,332.10,2,0
2026-06-12 19:54:20.673,0.00,0.00,1107.01,332.10,2,0
2026-06-12 19:54:50.918,0.00,0.00,0.00,0.00,2,0
2026-06-12 19:54:50.969,0.00,0.00,0.00,0.00,2,0
2026-06-12 19:54:51.019,0.00,0.00,0.00,0.00,2,0
2026-06-12 19:54:51.070,0.00,0.00,0.00,0.00,2,0
2026-06-12 19:54:51.119,0.00,0.00,0.00,0.00,2,0
2026-06-12 19:54:51.170,0.00,0.00,0.00,0.00,2,0
2026-06-12 19:54:51.222,0.00,0.00,0.00,0.00,2,0
2026-06-12 19:54:51.270,0.00,0.00,0.00,0.00,2,0
2026-06-12 19:54:51.321,0.00,0.00,0.00,0.00,2,0
2026-06-12 19:54:51.371,0.00,0.00,0.00,0.00,2,0
2026-06-12 19:54:51.422,0.00,0.00,0.00,0.00,2,0
2026-06-12 19:54:51.472,0.00,0.00,0.00,0.00,2,0
2026-06-12 19:54:51.523,0.00,0.00,0.00,0.00,2,0
2026-06-12 19:54:51.573,0.00,0.00,0.00,0.00,2,0
2026-06-12 19:54:51.623,0.00,0.00,0.00,0.00,2,0
2026-06-12 19:54:51.674,0.00,0.00,0.00,0.00,2,0
2026-06-12 19:54:51.724,0.00,0.00,0.00,0.00,2,0
2026-06-12 19:54:51.774,0.00,0.00,0.00,0.00,2,0
2026-06-12 19:54:51.825,0.00,0.00,0.00,0.00,2,0
2026-06-12 19:54:51.875,0.00,0.00,0.00,0.00,2,0
2026-06-12 19:54:51.928,0.00,0.00,0.00,0.00,2,0
2026-06-12 19:54:51.976,0.00,0.00,0.00,0.00,2,0
2026-06-12 19:54:52.027,0.00,0.00,0.00,0.00,2,0
2026-06-12 19:54:52.077,0.00,0.00,0.00,0.00,2,0
2026-06-12 19:54:52.128,0.00,0.00,0.00,0.00,2,0
2026-06-12 19:54:52.178,0.00,0.00,0.00,0.00,2,0
2026-06-12 19:54:52.229,0.00,0.00,0.00,0.00,2,0
2026-06-12 19:54:52.279,0.00,0.00,0.00,0.00,2,0
2026-06-12 19:54:52.329,0.00,0.00,0.00,0.00,2,0
2026-06-12 19:54:52.383,0.00,0.00,0.00,0.00,2,0
2026-06-12 19:54:52.430,0.00,0.00,0.00,0.00,2,0
2026-06-12 19:54:52.480,0.00,0.00,0.00,0.00,2,0
2026-06-12 19:54:52.530,0.00,0.00,0.00,0.00,2,0
2026-06-12 19:54:52.581,0.00,0.00,0.00,0.00,2,0
2026-06-12 19:54:52.632,0.00,0.00,0.00,0.00,2,0
2026-06-12 19:54:52.682,0.00,0.00,0.00,0.00,2,0
2026-06-12 19:54:52.732,0.00,0.00,0.00,0.00,2,0
2026-06-12 19:54:52.782,0.00,0.00,0.00,0.00,2,0
2026-06-12 19:54:52.833,0.00,0.00,0.00,0.00,2,0
2026-06-12 19:54:52.883,0.00,0.00,0.00,0.00,2,0
2026-06-12 19:54:52.934,0.00,0.00,0.00,0.00,2,0
2026-06-12 19:54:52.984,0.00,0.00,0.00,0.00,2,0
2026-06-12 19:54:53.035,0.00,0.00,0.00,0.00,2,0
2026-06-12 19:54:53.085,0.00,0.00,0.00,0.00,2,0
2026-06-12 19:54:53.135,0.00,0.00,0.00,0.00,2,0
2026-06-12 19:54:53.186,0.00,0.00,0.00,0.00,2,0
2026-06-12 19:54:53.237,0.00,0.00,0.00,0.00,2,0
2026-06-12 19:54:53.286,0.00,0.00,0.00,0.00,2,0
2026-06-12 19:54:53.337,0.00,0.00,0.00,0.00,2,0
2026-06-12 19:54:53.387,0.00,0.00,0.00,0.00,2,0
2026-06-12 19:54:53.438,0.00,0.00,0.00,0.00,2,0
2026-06-12 19:54:53.489,0.00,0.00,0.00,0.00,2,0
2026-06-12 19:54:53.539,0.00,0.00,0.00,0.00,2,0
2026-06-12 19:54:53.589,0.00,0.00,0.00,0.00,2,0
2026-06-12 19:54:53.639,0.00,0.00,0.00,0.00,2,0
2026-06-12 19:54:53.690,0.00,0.00,0.00,0.00,2,0
2026-06-12 19:54:53.740,0.00,0.00,0.00,0.00,2,0
2026-06-12 19:54:53.790,0.00,0.00,0.00,0.00,2,0
2026-06-12 19:54:53.841,0.00,0.00,0.00,0.00,2,0
2026-06-12 19:54:53.891,0.00,0.00,0.00,0.00,2,0
2026-06-12 19:54:53.942,0.00,0.00,0.00,0.00,2,0
2026-06-12 19:54:53.992,0.00,0.00,0.00,0.00,2,0
2026-06-12 19:54:54.042,0.00,0.00,0.00,0.00,2,0
2026-06-12 19:54:54.093,0.00,0.00,0.00,0.00,2,0
2026-06-12 19:54:54.144,0.00,0.00,0.00,0.00,2,0
2026-06-12 19:54:54.194,0.00,0.00,0.00,0.00,2,0
2026-06-12 19:54:54.244,0.00,0.00,0.00,0.00,2,0
2026-06-12 19:54:54.294,0.00,0.00,0.00,0.00,2,0
2026-06-12 19:54:54.345,0.00,0.00,0.00,0.00,2,0
2026-06-12 19:54:54.395,0.00,0.00,0.00,0.00,2,0
2026-06-12 19:54:54.446,0.00,0.00,0.00,0.00,2,0
2026-06-12 19:54:54.496,0.00,0.00,0.00,0.00,2,0
2026-06-12 19:54:54.546,0.00,0.00,0.00,0.00,2,0
2026-06-12 19:54:54.598,0.00,0.00,0.00,0.00,2,0
2026-06-12 19:54:54.647,0.21,0.00,0.00,0.00,2,0
2026-06-12 19:54:54.698,0.21,0.00,6.31,1.89,2,0
2026-06-12 19:54:54.749,0.21,0.00,6.31,1.89,2,0
2026-06-12 19:54:54.799,1.28,0.29,6.31,1.89,2,0
2026-06-12 19:54:54.849,1.28,0.29,34.44,11.66,2,0
2026-06-12 19:54:54.899,1.28,0.29,34.44,11.66,2,0
2026-06-12 19:54:54.950,2.47,0.64,34.44,11.66,2,0
2026-06-12 19:54:55.000,2.47,0.64,47.61,22.44,2,0
2026-06-12 19:54:55.056,3.54,0.90,47.61,22.44,2,0
2026-06-12 19:54:55.101,3.54,0.90,54.70,32.12,2,0
2026-06-12 19:54:55.151,4.45,1.14,54.70,32.12,2,0
2026-06-12 19:54:55.202,4.45,1.14,59.66,40.38,2,0
2026-06-12 19:54:55.252,4.45,1.14,59.66,40.38,2,0
2026-06-12 19:54:55.302,5.22,1.23,59.66,40.38,2,0
2026-06-12 19:54:55.353,5.22,1.23,63.79,47.40,2,0
2026-06-12 19:54:55.403,5.85,1.31,63.79,47.40,2,0
2026-06-12 19:54:55.454,5.85,1.31,66.54,53.14,2,0
2026-06-12 19:54:55.504,6.34,1.31,66.54,53.14,2,0
2026-06-12 19:54:55.554,6.34,1.31,67.91,57.57,2,0
2026-06-12 19:54:55.605,6.72,1.24,67.91,57.57,2,0
2026-06-12 19:54:55.655,6.72,1.24,69.22,61.07,2,0
2026-06-12 19:54:55.706,7.02,1.18,69.22,61.07,2,0
2026-06-12 19:54:55.756,7.02,1.18,70.12,63.78,2,0
2026-06-12 19:54:55.806,7.33,1.17,70.12,63.78,2,0
2026-06-12 19:54:55.857,7.33,1.17,73.13,66.59,2,0
2026-06-12 19:54:55.907,7.67,1.14,73.13,66.59,2,0
2026-06-12 19:54:55.958,8.05,1.18,76.91,69.68,2,0
2026-06-12 19:54:56.008,8.05,1.18,81.18,73.13,2,0
2026-06-12 19:54:56.059,8.47,1.17,81.18,73.13,2,0
2026-06-12 19:54:56.109,8.47,1.17,85.79,76.93,2,0
2026-06-12 19:54:56.160,8.89,1.23,85.79,76.93,2,0
2026-06-12 19:54:56.210,9.32,1.28,89.54,80.71,2,0
2026-06-12 19:54:56.260,9.32,1.28,93.89,84.67,2,0
2026-06-12 19:54:56.311,9.75,1.33,93.89,84.67,2,0
2026-06-12 19:54:56.361,10.15,1.46,97.63,88.56,2,0
2026-06-12 19:54:56.411,10.58,1.48,100.70,92.20,2,0
2026-06-12 19:54:56.462,10.58,1.48,105.22,96.11,2,0
2026-06-12 19:54:56.512,11.03,1.51,105.22,96.11,2,0
2026-06-12 19:54:56.563,11.49,1.65,109.68,100.18,2,0
2026-06-12 19:54:56.616,11.98,1.82,113.98,104.32,2,0
2026-06-12 19:54:56.664,12.40,1.78,119.38,108.84,2,0
2026-06-12 19:54:56.714,12.78,1.82,121.54,112.65,2,0
2026-06-12 19:54:56.764,15.30,5.24,123.92,116.03,2,0
2026-06-12 19:54:56.815,15.30,5.24,168.89,138.96,2,0
2026-06-12 19:54:56.865,16.45,5.09,168.89,138.96,2,0
2026-06-12 19:54:56.915,17.35,5.06,173.64,149.36,2,0
2026-06-12 19:54:56.966,17.05,4.05,176.81,157.60,2,0
2026-06-12 19:54:57.016,16.53,3.01,148.51,154.87,2,0
2026-06-12 19:54:57.067,16.25,2.33,139.09,150.14,2,0
2026-06-12 19:54:57.117,16.17,1.91,141.72,147.61,2,0
2026-06-12 19:54:57.167,16.14,1.60,145.06,146.85,2,0
2026-06-12 19:54:57.219,16.18,1.39,145.90,146.56,2,0
2026-06-12 19:54:57.269,16.31,1.29,147.72,146.91,2,0
2026-06-12 19:54:57.319,16.45,1.22,150.82,148.08,2,0
2026-06-12 19:54:57.369,16.66,1.21,152.54,149.42,2,0
2026-06-12 19:54:57.419,17.19,1.49,155.65,151.29,2,0
2026-06-12 19:54:57.470,17.48,1.51,161.58,156.14,2,0
2026-06-12 19:54:57.520,17.77,1.52,164.90,158.77,2,0
2026-06-12 19:54:57.571,17.96,1.45,167.38,161.35,2,0
2026-06-12 19:54:57.621,18.22,1.66,167.26,163.12,2,0
2026-06-12 19:54:57.671,18.42,1.57,170.84,165.44,2,0
2026-06-12 19:54:57.722,18.98,1.85,171.42,167.23,2,0
2026-06-12 19:54:57.772,19.20,1.75,179.40,172.40,2,0
2026-06-12 19:54:57.823,19.47,1.72,178.78,174.31,2,0
2026-06-12 19:54:57.873,19.71,1.85,182.75,176.85,2,0
2026-06-12 19:54:57.924,20.06,1.76,183.84,178.94,2,0
2026-06-12 19:54:57.974,20.22,1.62,185.97,182.21,2,0
2026-06-12 19:54:58.024,20.44,1.72,186.97,183.64,2,0
2026-06-12 19:54:58.075,20.93,1.86,190.11,185.58,2,0
2026-06-12 19:54:58.125,21.19,1.79,195.83,190.11,2,0
2026-06-12 19:54:58.176,21.33,1.76,197.77,192.41,2,0
2026-06-12 19:54:58.226,21.58,1.55,196.84,193.74,2,0
2026-06-12 19:54:58.276,21.68,1.40,198.30,195.94,2,0
2026-06-12 19:54:58.327,21.88,1.53,199.07,196.88,2,0
2026-06-12 19:54:58.392,22.35,1.66,203.07,198.74,2,0
2026-06-12 19:54:58.428,22.60,1.61,207.87,203.00,2,0
2026-06-12 19:54:58.478,22.84,1.53,210.50,205.25,2,0
2026-06-12 19:54:58.529,22.99,1.42,209.46,207.41,2,0
2026-06-12 19:54:58.579,23.28,1.49,211.89,208.75,2,0
2026-06-12 19:54:58.629,23.50,1.45,215.83,211.40,2,0
2026-06-12 19:54:58.680,23.63,1.43,218.06,213.40,2,0
2026-06-12 19:54:58.730,24.02,1.46,217.22,214.54,2,0
2026-06-12 19:54:58.780,24.12,1.39,221.26,218.12,2,0
2026-06-12 19:54:58.831,24.38,1.28,221.04,218.99,2,0
2026-06-12 19:54:58.881,24.73,1.47,223.23,221.40,2,0
2026-06-12 19:54:58.932,24.88,1.36,229.17,224.62,2,0
2026-06-12 19:54:58.982,25.10,1.33,228.97,225.92,2,0
2026-06-12 19:54:59.032,25.18,1.19,229.83,227.97,2,0
2026-06-12 19:54:59.083,25.32,1.09,230.29,228.67,2,0
2026-06-12 19:54:59.133,25.47,1.17,232.26,229.98,2,0
2026-06-12 19:54:59.184,25.89,1.36,234.50,231.33,2,0
2026-06-12 19:54:59.234,26.18,1.41,240.03,235.11,2,0
2026-06-12 19:54:59.285,26.20,1.22,239.62,237.72,2,0
2026-06-12 19:54:59.335,26.20,0.88,238.40,237.92,2,0
2026-06-12 19:54:59.385,26.48,1.06,237.46,237.93,2,0
2026-06-12 19:54:59.436,26.66,1.06,243.89,240.44,2,0
2026-06-12 19:54:59.486,27.03,1.32,246.09,242.13,2,0
2026-06-12 19:54:59.545,27.06,1.16,248.04,245.48,2,0
2026-06-12 19:54:59.587,27.07,0.85,246.32,245.73,2,0
2026-06-12 19:54:59.637,27.34,1.04,245.81,245.81,2,0
2026-06-12 19:54:59.688,32.44,8.51,252.42,248.31,2,0
2026-06-12 19:54:59.738,33.68,8.27,339.78,294.60,2,0
2026-06-12 19:54:59.789,31.33,2.32,332.14,305.86,2,0
2026-06-12 19:54:59.839,29.75,-0.71,252.53,284.55,2,0
2026-06-12 19:54:59.889,29.28,-1.18,258.59,270.12,2,0
2026-06-12 19:54:59.940,29.21,-1.06,263.72,265.94,2,0
2026-06-12 19:54:59.990,28.88,-1.29,263.72,265.27,2,0
2026-06-12 19:55:00.041,28.61,-1.34,257.80,262.23,2,0
2026-06-12 19:55:00.091,28.91,-0.48,257.47,259.80,2,0
2026-06-12 19:55:00.141,29.07,-0.28,267.36,262.53,2,0
2026-06-12 19:55:00.192,29.26,0.07,267.46,264.01,2,0
2026-06-12 19:55:00.242,29.28,0.08,265.76,265.74,2,0
2026-06-12 19:55:00.293,33.71,6.97,266.31,265.89,2,0
2026-06-12 19:55:00.343,37.44,10.73,360.54,306.11,2,0
2026-06-12 19:55:00.394,34.53,3.25,374.31,339.98,2,0
2026-06-12 19:55:00.444,33.19,1.65,276.45,313.56,2,0
2026-06-12 19:55:00.494,31.40,-1.47,272.95,301.38,2,0
2026-06-12 19:55:00.545,30.93,-1.75,269.57,285.14,2,0
2026-06-12 19:55:00.595,31.03,-1.11,278.58,280.90,2,0
2026-06-12 19:55:00.646,30.79,-1.18,283.49,281.77,2,0
2026-06-12 19:55:00.696,30.53,-1.25,276.14,279.58,2,0
2026-06-12 19:55:00.747,30.77,-0.52,275.04,277.21,2,0
2026-06-12 19:55:00.797,31.11,0.14,282.87,279.45,2,0
2026-06-12 19:55:00.847,31.14,0.14,285.49,282.55,2,0
2026-06-12 19:55:00.898,31.04,-0.04,283.25,282.76,2,0
2026-06-12 19:55:00.949,31.05,-0.01,280.84,281.91,2,0
2026-06-12 19:55:00.999,35.97,7.61,283.23,281.95,2,0
2026-06-12 19:55:01.049,39.11,10.23,390.24,326.62,2,0
2026-06-12 19:55:01.099,35.80,2.27,379.32,355.13,2,0
2026-06-12 19:55:01.150,33.47,-1.88,281.95,325.09,2,0
2026-06-12 19:55:01.200,32.66,-2.55,285.40,303.93,2,0
2026-06-12 19:55:01.251,32.27,-2.45,290.48,296.59,2,0
2026-06-12 19:55:01.301,31.83,-2.43,288.41,293.04,2,0
2026-06-12 19:55:01.352,31.74,-1.87,285.37,289.09,2,0
2026-06-12 19:55:01.403,32.08,-0.82,289.10,288.22,2,0
2026-06-12 19:55:01.452,32.29,-0.31,295.85,291.32,2,0
2026-06-12 19:55:01.503,32.10,-0.53,292.83,293.20,2,0
2026-06-12 19:55:01.553,32.05,-0.45,287.70,291.53,2,0
2026-06-12 19:55:01.604,32.22,-0.05,291.94,291.03,2,0
2026-06-12 19:55:01.654,32.26,0.03,295.00,292.58,2,0
2026-06-12 19:55:01.705,32.12,-0.18,293.93,292.99,2,0
2026-06-12 19:55:01.755,31.95,-0.40,289.39,291.68,2,0
2026-06-12 19:55:01.805,32.15,0.03,288.16,290.10,2,0
2026-06-12 19:55:01.856,32.46,0.48,295.26,291.94,2,0
2026-06-12 19:55:01.906,32.31,0.10,296.52,294.73,2,0
2026-06-12 19:55:01.956,32.14,-0.16,290.09,293.39,2,0
2026-06-12 19:55:02.007,32.25,0.07,291.40,291.91,2,0
2026-06-12 19:55:02.057,32.36,0.22,295.58,292.87,2,0
2026-06-12 19:55:02.108,32.28,0.03,295.36,293.88,2,0
2026-06-12 19:55:02.159,32.18,-0.13,291.61,293.17,2,0
2026-06-12 19:55:02.208,32.34,0.15,291.06,292.23,2,0
2026-06-12 19:55:02.259,32.51,0.37,295.93,293.67,2,0
2026-06-12 19:55:02.309,32.38,0.07,296.87,295.23,2,0
2026-06-12 19:55:02.360,32.32,-0.03,291.91,294.08,2,0
2026-06-12 19:55:02.410,32.52,0.28,293.98,293.54,2,0
2026-06-12 19:55:02.460,32.72,0.49,297.70,295.31,2,0
2026-06-12 19:55:02.511,32.52,0.05,297.83,297.10,2,0
2026-06-12 19:55:02.561,32.26,-0.35,292.83,295.35,2,0
2026-06-12 19:55:02.612,32.51,0.13,291.08,292.96,2,0
2026-06-12 19:55:02.662,32.78,0.51,298.51,295.18,2,0
2026-06-12 19:55:02.713,32.78,0.34,300.34,297.71,2,0
2026-06-12 19:55:02.763,32.52,-0.15,296.22,297.63,2,0
2026-06-12 19:55:02.813,32.67,0.13,292.48,295.28,2,0
2026-06-12 19:55:02.864,33.03,0.65,299.32,296.66,2,0
2026-06-12 19:55:02.914,32.86,0.20,303.32,299.94,2,0
2026-06-12 19:55:02.965,32.62,-0.21,296.01,298.40,2,0
2026-06-12 19:55:03.015,32.65,-0.09,294.07,296.27,2,0
2026-06-12 19:55:03.065,32.76,0.09,298.12,296.53,2,0
2026-06-12 19:55:03.116,32.67,-0.07,298.60,297.46,2,0
2026-06-12 19:55:03.166,32.56,-0.21,294.71,296.72,2,0
2026-06-12 19:55:03.217,32.79,0.21,295.88,295.67,2,0
2026-06-12 19:55:03.267,33.06,0.54,300.93,297.74,2,0
2026-06-12 19:55:03.318,32.83,0.02,301.51,300.21,2,0
2026-06-12 19:55:03.369,37.05,6.60,294.30,298.15,2,0
2026-06-12 19:55:03.418,40.64,10.13,387.88,336.45,2,0
2026-06-12 19:55:03.469,37.49,2.41,401.67,369.04,2,0
2026-06-12 19:55:03.519,35.14,-1.77,302.82,340.46,2,0
2026-06-12 19:55:03.572,33.93,-3.10,298.10,319.07,2,0
2026-06-12 19:55:03.621,33.57,-2.77,298.22,308.13,2,0
2026-06-12 19:55:03.670,33.49,-2.13,302.53,304.85,2,0
2026-06-12 19:55:03.721,33.22,-1.96,302.97,304.09,2,0
2026-06-12 19:55:03.771,32.97,-1.79,297.61,301.69,2,0
2026-06-12 19:55:03.824,33.08,-1.11,297.25,299.39,2,0
2026-06-12 19:55:03.876,33.30,-0.46,303.45,300.39,2,0
2026-06-12 19:55:03.924,33.19,-0.52,304.56,302.44,2,0
2026-06-12 19:55:03.973,32.94,-0.76,298.82,301.45,2,0
2026-06-12 19:55:04.023,33.15,-0.20,297.07,299.15,2,0
2026-06-12 19:55:04.074,33.57,0.48,304.85,301.08,2,0
2026-06-12 19:55:04.124,33.48,0.21,308.60,304.84,2,0
2026-06-12 19:55:04.175,33.15,-0.36,302.35,304.04,2,0
2026-06-12 19:55:04.225,33.30,-0.03,298.25,300.99,2,0
2026-06-12 19:55:04.276,33.48,0.21,303.71,302.40,2,0
2026-06-12 19:55:04.326,33.45,0.11,302.71,303.99,2,0
2026-06-12 19:55:04.376,33.41,0.02,302.61,303.79,2,0
2026-06-12 19:55:04.427,33.50,0.18,303.90,303.38,2,0
2026-06-12 19:55:04.477,33.66,0.37,306.16,304.26,2,0
2026-06-12 19:55:04.528,33.47,-0.04,307.10,305.71,2,0
2026-06-12 19:55:04.579,33.44,-0.07,300.85,303.98,2,0
2026-06-12 19:55:04.628,33.69,0.33,304.75,303.63,2,0
2026-06-12 19:55:04.679,33.77,0.36,309.00,305.91,2,0
2026-06-12 19:55:04.729,33.54,-0.09,306.52,306.69,2,0
2026-06-12 19:55:04.780,33.41,-0.25,301.65,304.61,2,0
2026-06-12 19:55:04.830,33.74,0.32,303.23,303.43,2,0
2026-06-12 19:55:04.881,33.91,0.47,310.55,306.36,2,0
2026-06-12 19:55:04.931,38.25,7.09,308.32,307.90,2,0
2026-06-12 19:55:04.981,41.64,10.22,397.18,347.36,2,0
2026-06-12 19:55:05.032,40.17,5.31,411.93,378.13,2,0
2026-06-12 19:55:05.082,42.50,7.30,365.93,364.77,2,0
2026-06-12 19:55:05.132,41.22,2.98,405.47,385.94,2,0
2026-06-12 19:55:05.183,37.13,-4.06,332.85,374.36,2,0
2026-06-12 19:55:05.233,35.28,-5.67,302.27,337.22,2,0
2026-06-12 19:55:05.284,34.77,-5.67,305.41,320.41,2,0
2026-06-12 19:55:05.334,34.01,-4.98,304.99,315.78,2,0
2026-06-12 19:55:05.385,33.77,-3.95,301.01,308.85,2,0
2026-06-12 19:55:05.435,33.80,-2.78,306.02,306.66,2,0
2026-06-12 19:55:05.485,33.65,-2.25,308.78,306.94,2,0
2026-06-12 19:55:05.536,33.32,-2.13,303.07,305.61,2,0
2026-06-12 19:55:05.586,33.42,-1.37,299.21,302.63,2,0
2026-06-12 19:55:05.637,33.69,-0.59,306.00,303.52,2,0
2026-06-12 19:55:05.687,33.67,-0.47,308.60,305.91,2,0
2026-06-12 19:55:05.738,33.47,-0.64,304.40,305.73,2,0
2026-06-12 19:55:05.789,33.56,-0.32,301.88,303.93,2,0
2026-06-12 19:55:05.839,33.76,0.07,306.49,304.79,2,0
2026-06-12 19:55:05.889,33.64,-0.15,308.38,306.59,2,0
2026-06-12 19:55:05.939,33.38,-0.49,303.29,305.46,2,0
2026-06-12 19:55:05.991,33.47,-0.20,300.65,303.13,2,0
2026-06-12 19:55:06.040,33.82,0.39,306.47,303.92,2,0
2026-06-12 19:55:06.090,33.89,0.37,310.84,307.12,2,0
2026-06-12 19:55:06.141,33.70,-0.03,306.84,307.78,2,0
2026-06-12 19:55:06.191,33.76,0.10,304.33,305.99,2,0
2026-06-12 19:55:06.242,34.03,0.47,308.73,306.57,2,0
2026-06-12 19:55:06.292,33.79,-0.05,310.92,309.00,2,0
2026-06-12 19:55:06.343,33.65,-0.25,302.50,306.83,2,0
2026-06-12 19:55:06.393,33.82,0.09,304.28,305.57,2,0
2026-06-12 19:55:06.443,33.88,0.15,309.81,307.12,2,0
2026-06-12 19:55:06.494,33.74,-0.11,307.98,307.64,2,0
2026-06-12 19:55:06.544,33.69,-0.14,304.83,306.35,2,0
2026-06-12 19:55:06.595,35.98,3.68,306.60,305.91,2,0
2026-06-12 19:55:06.646,40.68,9.59,371.80,326.74,2,0
2026-06-12 19:55:06.696,40.33,6.06,406.22,369.44,2,0
2026-06-12 19:55:06.746,36.92,-0.79,333.78,366.28,2,0
2026-06-12 19:55:06.796,35.52,-2.63,307.41,335.27,2,0
2026-06-12 19:55:06.847,34.78,-3.05,311.85,322.57,2,0
2026-06-12 19:55:06.897,34.33,-2.88,307.34,315.83,2,0
2026-06-12 19:55:06.948,34.20,-2.26,307.01,311.77,2,0
2026-06-12 19:55:06.999,34.36,-1.40,311.28,310.60,2,0
2026-06-12 19:55:07.050,34.14,-1.35,313.40,312.04,2,0
2026-06-12 19:55:07.099,33.85,-1.42,306.95,310.06,2,0
2026-06-12 19:55:07.149,33.96,-0.85,305.37,307.40,2,0
2026-06-12 19:55:07.200,34.13,-0.35,310.40,308.39,2,0
2026-06-12 19:55:07.250,33.93,-0.59,311.19,309.97,2,0
2026-06-12 19:55:07.301,33.39,-1.25,304.22,308.10,2,0
2026-06-12 19:55:07.351,33.45,-0.80,297.90,303.19,2,0
2026-06-12 19:55:07.402,33.84,0.01,306.08,303.76,2,0
2026-06-12 19:55:07.452,33.63,-0.32,310.43,307.31,2,0
2026-06-12 19:55:07.505,33.40,-0.58,302.18,305.43,2,0
2026-06-12 19:55:07.553,33.60,-0.10,301.50,303.28,2,0
2026-06-12 19:55:07.603,33.68,0.04,308.19,305.12,2,0
2026-06-12 19:55:07.654,33.36,-0.47,305.41,305.86,2,0
2026-06-12 19:55:07.704,33.35,-0.36,299.38,302.95,2,0
2026-06-12 19:55:07.754,33.48,-0.05,303.30,302.82,2,0
2026-06-12 19:55:07.806,33.40,-0.16,305.36,304.04,2,0
2026-06-12 19:55:07.855,33.34,-0.21,302.94,303.31,2,0
2026-06-12 19:55:07.906,33.34,-0.16,301.73,302.78,2,0
2026-06-12 19:55:07.956,33.45,0.05,302.21,302.76,2,0
2026-06-12 19:55:08.007,33.43,-0.01,305.01,303.72,2,0
2026-06-12 19:55:08.057,33.05,-0.58,302.05,303.54,2,0
2026-06-12 19:55:08.109,32.96,-0.53,296.63,300.13,2,0
2026-06-12 19:55:08.158,33.15,-0.12,300.13,299.35,2,0
2026-06-12 19:55:08.208,33.13,-0.13,301.33,301.00,2,0
2026-06-12 19:55:08.259,32.85,-0.52,299.81,300.84,2,0
2026-06-12 19:55:08.309,32.81,-0.43,295.40,298.33,2,0
2026-06-12 19:55:08.360,33.06,0.08,298.38,297.92,2,0
2026-06-12 19:55:08.410,32.98,-0.07,303.52,300.19,2,0
2026-06-12 19:55:08.460,32.61,-0.62,297.25,299.52,2,0
2026-06-12 19:55:08.511,32.33,-0.86,291.64,296.18,2,0
2026-06-12 19:55:08.561,32.45,-0.45,292.24,293.64,2,0
2026-06-12 19:55:08.612,32.51,-0.28,296.21,294.65,2,0
2026-06-12 19:55:08.662,32.29,-0.50,296.45,295.19,2,0
2026-06-12 19:55:08.712,31.98,-0.81,289.96,293.20,2,0
2026-06-12 19:55:08.763,31.95,-0.63,288.20,290.41,2,0
2026-06-12 19:55:08.814,32.02,-0.36,290.25,290.16,2,0
2026-06-12 19:55:08.864,31.76,-0.67,291.05,290.78,2,0
2026-06-12 19:55:08.914,31.33,-1.14,284.55,288.41,2,0
2026-06-12 19:55:08.965,31.20,-1.01,279.70,284.52,2,0
2026-06-12 19:55:09.015,31.17,-0.77,283.25,283.32,2,0
2026-06-12 19:55:09.065,30.81,-1.14,282.41,283.09,2,0
2026-06-12 19:55:09.116,30.56,-1.37,274.26,279.75,2,0
2026-06-12 19:55:09.168,30.26,-1.31,272.45,277.56,2,0
2026-06-12 19:55:09.217,30.14,-1.14,272.37,274.75,2,0
2026-06-12 19:55:09.267,29.87,-1.26,272.15,273.67,2,0
2026-06-12 19:55:09.320,29.43,-1.57,266.14,271.24,2,0
2026-06-12 19:55:09.368,29.26,-1.61,263.88,267.28,2,0
2026-06-12 19:55:09.419,29.02,-1.44,262.18,265.75,2,0
2026-06-12 19:55:09.469,28.60,-1.69,261.16,263.54,2,0
2026-06-12 19:55:09.519,28.46,-1.42,255.52,259.71,2,0
2026-06-12 19:55:09.570,28.38,-1.28,257.27,258.48,2,0
2026-06-12 19:55:09.620,28.16,-1.25,255.82,257.68,2,0
2026-06-12 19:55:09.670,27.98,-1.19,253.58,255.71,2,0
2026-06-12 19:55:09.724,27.80,-1.16,252.10,254.05,2,0
2026-06-12 19:55:09.771,27.35,-1.52,248.65,252.43,2,0
2026-06-12 19:55:09.824,27.03,-1.82,243.18,248.35,2,0
2026-06-12 19:55:09.872,26.58,-1.84,238.78,245.48,2,0
2026-06-12 19:55:09.923,26.43,-1.56,236.74,241.33,2,0
2026-06-12 19:55:09.973,26.34,-1.40,238.81,239.98,2,0
2026-06-12 19:55:10.023,26.08,-1.42,237.27,239.17,2,0
2026-06-12 19:55:10.074,25.92,-1.47,232.98,236.83,2,0
2026-06-12 19:55:10.124,25.50,-1.56,232.00,235.38,2,0
2026-06-12 19:55:10.175,25.36,-1.55,227.14,231.53,2,0
2026-06-12 19:55:10.225,25.15,-1.32,227.39,230.29,2,0
2026-06-12 19:55:10.275,24.96,-1.44,227.21,228.41,2,0
2026-06-12 19:55:10.326,24.43,-1.64,222.62,226.67,2,0
2026-06-12 19:55:10.377,24.07,-1.69,217.03,221.83,2,0
2026-06-12 19:55:10.427,23.60,-1.93,210.88,218.54,2,0
2026-06-12 19:55:10.477,23.38,-1.82,210.23,214.27,2,0
2026-06-12 19:55:10.528,23.22,-1.81,207.67,212.29,2,0
2026-06-12 19:55:10.579,22.71,-1.96,207.60,210.89,2,0
2026-06-12 19:55:10.629,22.46,-1.87,199.75,206.25,2,0
2026-06-12 19:55:10.679,22.17,-2.07,198.69,203.98,2,0
2026-06-12 19:55:10.730,21.89,-1.99,195.28,201.37,2,0
2026-06-12 19:55:10.780,21.39,-2.07,192.83,198.81,2,0
2026-06-12 19:55:10.830,21.16,-1.95,188.16,194.23,2,0
2026-06-12 19:55:10.880,20.87,-1.90,187.31,192.16,2,0
2026-06-12 19:55:10.931,20.54,-2.14,183.36,189.52,2,0
2026-06-12 19:55:10.984,20.22,-2.08,179.61,186.55,2,0
2026-06-12 19:55:11.032,19.87,-2.06,176.81,183.62,2,0
2026-06-12 19:55:11.082,19.27,-2.19,173.11,180.47,2,0
2026-06-12 19:55:11.133,18.99,-2.09,168.86,174.98,2,0
2026-06-12 19:55:11.183,18.70,-2.02,166.56,172.45,2,0
2026-06-12 19:55:11.233,20.44,1.30,163.66,169.81,2,0
2026-06-12 19:55:11.284,21.00,1.56,210.50,185.61,2,0
2026-06-12 19:55:11.334,21.24,1.53,202.59,190.71,2,0
2026-06-12 19:55:11.385,20.30,0.51,197.92,192.87,2,0
2026-06-12 19:55:11.435,18.95,-0.66,164.32,184.30,2,0
2026-06-12 19:55:11.486,17.97,-1.38,143.70,172.12,2,0
2026-06-12 19:55:11.536,17.97,-1.38,142.26,163.16,2,0
2026-06-12 19:55:11.586,17.18,-1.60,142.26,163.16,2,0
2026-06-12 19:55:11.637,16.58,-1.87,139.47,156.06,2,0
2026-06-12 19:55:11.692,16.06,-2.01,137.85,150.59,2,0
2026-06-12 19:55:11.738,15.60,-2.10,134.78,145.85,2,0
2026-06-12 19:55:11.789,15.20,-2.00,131.86,141.65,2,0
2026-06-12 19:55:11.839,14.88,-1.97,129.67,138.06,2,0
2026-06-12 19:55:11.889,14.63,-1.87,128.22,135.11,2,0
2026-06-12 19:55:11.939,14.63,-1.87,127.67,132.87,2,0
2026-06-12 19:55:11.990,14.47,-1.68,127.67,132.87,2,0
2026-06-12 19:55:12.040,14.39,-1.50,128.12,131.45,2,0
2026-06-12 19:55:12.091,14.34,-1.32,128.80,130.65,2,0
2026-06-12 19:55:12.141,14.29,-1.15,129.08,130.18,2,0
2026-06-12 19:55:12.192,14.25,-1.01,128.77,129.76,2,0
2026-06-12 19:55:12.242,14.24,-0.87,128.46,129.37,2,0
2026-06-12 19:55:12.292,14.24,-0.73,129.05,129.27,2,0
2026-06-12 19:55:12.343,14.24,-0.73,129.41,129.31,2,0
2026-06-12 19:55:12.393,14.33,-0.58,129.41,129.31,2,0
2026-06-12 19:55:12.444,14.47,-0.37,131.94,130.10,2,0
2026-06-12 19:55:12.494,14.65,-0.17,134.39,131.39,2,0
2026-06-12 19:55:12.544,14.86,0.03,136.81,133.02,2,0
2026-06-12 19:55:12.595,15.03,0.17,139.43,134.94,2,0
2026-06-12 19:55:12.645,15.18,0.26,140.06,136.48,2,0
2026-06-12 19:55:12.696,15.28,0.31,140.94,137.81,2,0
2026-06-12 19:55:12.746,15.36,0.33,141.09,138.80,2,0
2026-06-12 19:55:12.796,15.45,0.33,141.15,139.50,2,0
2026-06-12 19:55:12.848,15.51,0.33,142.02,140.26,2,0
2026-06-12 19:55:12.897,17.60,3.51,142.17,140.83,1,0
2026-06-12 19:55:12.948,18.50,3.73,188.88,159.85,1,0
2026-06-12 19:55:13.000,18.97,3.56,187.09,168.02,1,0
2026-06-12 19:55:13.049,18.32,2.48,182.24,172.29,1,0
2026-06-12 19:55:13.102,18.32,2.48,152.42,166.33,1,0
2026-06-12 19:55:13.150,17.20,1.50,152.42,166.33,1,0
2026-06-12 19:55:13.200,16.37,0.57,132.68,156.23,1,0
2026-06-12 19:55:13.250,15.74,-0.02,130.94,148.65,1,0
2026-06-12 19:55:13.301,15.30,-0.27,129.65,142.95,1,0
2026-06-12 19:55:13.352,14.95,-0.51,129.49,138.91,1,0
2026-06-12 19:55:13.402,14.62,-0.71,128.28,135.72,1,0
2026-06-12 19:55:13.452,14.62,-0.71,125.89,132.77,1,0
2026-06-12 19:55:13.502,14.28,-0.79,125.89,132.77,1,0
2026-06-12 19:55:13.553,13.93,-0.86,122.54,129.70,1,0
2026-06-12 19:55:13.603,13.56,-1.04,119.11,126.52,1,0
2026-06-12 19:55:13.654,13.56,-1.04,115.26,123.15,1,0
2026-06-12 19:55:13.704,13.19,-1.09,115.26,123.15,1,0
2026-06-12 19:55:13.754,12.85,-1.11,111.85,119.76,1,0
2026-06-12 19:55:13.805,12.85,-1.11,109.61,116.71,1,0
2026-06-12 19:55:13.855,12.53,-1.12,109.61,116.71,1,0
2026-06-12 19:55:13.906,12.21,-1.13,106.84,113.75,1,0
2026-06-12 19:55:13.956,12.21,-1.13,104.22,110.89,1,0
2026-06-12 19:55:14.012,11.88,-1.14,104.22,110.89,1,0
2026-06-12 19:55:14.057,11.54,-1.16,100.88,107.89,1,0
2026-06-12 19:55:14.107,11.54,-1.16,97.47,104.76,1,0
2026-06-12 19:55:14.158,11.17,-1.19,97.47,104.76,1,0
2026-06-12 19:55:14.209,11.17,-1.19,93.63,101.42,1,0
2026-06-12 19:55:14.259,10.81,-1.16,93.63,101.42,1,0
2026-06-12 19:55:14.309,10.45,-1.18,90.58,98.17,1,0
2026-06-12 19:55:14.360,10.45,-1.18,87.35,94.92,1,0
2026-06-12 19:55:14.410,10.11,-1.15,87.35,94.92,1,0
2026-06-12 19:55:14.460,10.11,-1.15,84.52,91.80,1,0
2026-06-12 19:55:14.511,9.77,-1.11,84.52,91.80,1,0
2026-06-12 19:55:14.561,9.77,-1.11,81.56,88.73,1,0
2026-06-12 19:55:14.611,9.40,-1.10,81.56,88.73,1,0
2026-06-12 19:55:14.662,9.40,-1.10,77.62,85.40,1,0
2026-06-12 19:55:14.712,9.40,-1.10,77.62,85.40,1,0
2026-06-12 19:55:14.763,9.03,-1.06,77.62,85.40,1,0
2026-06-12 19:55:14.813,9.03,-1.06,74.14,82.02,1,0
2026-06-12 19:55:14.864,8.64,-1.06,74.14,82.02,1,0
2026-06-12 19:55:14.914,8.64,-1.06,70.24,78.49,1,0
2026-06-12 19:55:14.964,8.28,-1.02,70.24,78.49,1,0
2026-06-12 19:55:15.015,8.28,-1.02,67.41,75.16,1,0
2026-06-12 19:55:15.065,7.97,-0.99,67.41,75.16,1,0
2026-06-12 19:55:15.116,7.97,-0.99,65.94,72.40,1,0
2026-06-12 19:55:15.166,7.97,-0.99,65.94,72.40,1,0
2026-06-12 19:55:15.217,7.75,-0.92,65.94,72.40,1,0
2026-06-12 19:55:15.267,7.75,-0.92,65.71,70.39,1,0
2026-06-12 19:55:15.319,7.62,-0.83,65.71,70.39,1,0
2026-06-12 19:55:15.368,7.62,-0.83,66.52,69.23,1,0
2026-06-12 19:55:15.419,7.60,-0.72,66.52,69.23,1,0
2026-06-12 19:55:15.469,7.98,-0.29,68.47,69.00,1,0
2026-06-12 19:55:15.519,8.78,0.41,80.61,72.48,1,0
2026-06-12 19:55:15.569,8.78,0.41,96.77,79.77,1,0
2026-06-12 19:55:15.620,9.49,0.64,96.77,79.77,1,0
2026-06-12 19:55:15.671,9.49,0.64,101.22,86.20,1,0
2026-06-12 19:55:15.721,10.08,0.79,101.22,86.20,1,0
2026-06-12 19:55:15.771,10.04,0.65,103.88,91.51,1,0
2026-06-12 19:55:15.822,10.04,0.65,90.30,91.15,1,0
2026-06-12 19:55:15.872,9.72,0.42,90.30,91.15,1,0
2026-06-12 19:55:15.922,9.72,0.42,81.67,88.30,0,0
2026-06-12 19:55:15.973,9.60,0.29,81.67,88.30,0,0
2026-06-12 19:55:16.023,9.62,0.26,84.56,87.18,0,0
2026-06-12 19:55:16.073,9.62,0.26,87.84,87.38,0,0
2026-06-12 19:55:16.124,9.72,0.27,87.84,87.38,0,0
2026-06-12 19:55:16.176,9.72,0.27,90.25,88.24,0,0
2026-06-12 19:55:16.225,9.82,0.27,90.25,88.24,0,0
2026-06-12 19:55:16.275,9.93,0.29,91.41,89.19,0,0
2026-06-12 19:55:16.326,9.93,0.29,92.42,90.16,0,0
2026-06-12 19:55:16.376,10.05,0.32,92.42,90.16,0,0
2026-06-12 19:55:16.426,10.22,0.36,93.91,91.29,0,0
2026-06-12 19:55:16.477,10.22,0.36,96.30,92.79,0,0
2026-06-12 19:55:16.527,10.40,0.41,96.30,92.79,0,0
2026-06-12 19:55:16.577,10.61,0.46,98.45,94.49,0,0
2026-06-12 19:55:16.629,10.83,0.57,100.60,96.32,0,0
2026-06-12 19:55:16.678,10.83,0.57,103.10,98.35,0,0
2026-06-12 19:55:16.729,11.07,0.62,103.10,98.35,0,0
2026-06-12 19:55:16.779,11.32,0.66,105.54,100.51,0,0
2026-06-12 19:55:16.829,11.57,0.78,108.12,102.79,0,0
2026-06-12 19:55:16.880,11.57,0.78,110.49,105.10,0,0
2026-06-12 19:55:16.930,11.79,0.78,110.49,105.10,0,0
2026-06-12 19:55:16.981,11.97,0.76,111.59,107.05,0,0
2026-06-12 19:55:17.031,12.12,0.77,112.46,108.67,0,0
2026-06-12 19:55:17.082,12.12,0.77,113.19,110.03,0,0
2026-06-12 19:55:17.132,12.25,0.73,113.19,110.03,0,0
2026-06-12 19:55:17.182,12.40,0.74,114.13,111.26,0,0
2026-06-12 19:55:17.233,12.58,0.73,115.66,112.58,0,0
2026-06-12 19:55:17.283,12.76,0.77,118.16,114.25,0,0
2026-06-12 19:55:17.334,13.00,0.85,119.69,115.88,0,0
2026-06-12 19:55:17.384,13.00,0.85,123.13,118.06,0,0
2026-06-12 19:55:17.434,13.20,0.84,123.13,118.06,0,0
2026-06-12 19:55:17.485,13.32,0.81,124.23,119.91,0,0
2026-06-12 19:55:17.535,13.51,0.79,123.52,120.99,0,0
2026-06-12 19:55:17.586,13.57,0.73,126.67,122.69,0,0
2026-06-12 19:55:17.636,13.68,0.70,124.61,123.27,0,0
2026-06-12 19:55:17.686,13.68,0.70,126.51,124.24,0,0
2026-06-12 19:55:17.737,13.83,0.68,126.51,124.24,0,0
2026-06-12 19:55:17.787,13.95,0.68,128.60,125.55,0,0
2026-06-12 19:55:17.838,14.12,0.72,129.30,126.67,0,0
2026-06-12 19:55:17.889,14.22,0.70,131.88,128.24,0,0
2026-06-12 19:55:17.939,14.27,0.62,131.36,129.17,2,0
2026-06-12 19:55:17.989,14.26,0.52,130.43,129.55,2,0
2026-06-12 19:55:18.039,16.15,3.35,129.27,129.47,2,0
2026-06-12 19:55:18.090,17.07,3.60,171.91,146.63,2,0
2026-06-12 19:55:18.140,17.07,3.60,174.59,155.01,2,0
2026-06-12 19:55:18.190,17.72,3.42,174.59,155.01,2,0
2026-06-12 19:55:18.248,17.28,2.55,174.56,160.88,2,0
2026-06-12 19:55:18.291,16.52,1.53,147.68,156.92,2,0
2026-06-12 19:55:18.342,15.94,0.83,133.85,150.00,2,0
2026-06-12 19:55:18.395,15.56,0.49,132.64,144.79,2,0
2026-06-12 19:55:18.443,15.30,0.20,133.13,141.29,2,0
2026-06-12 19:55:18.493,15.10,0.01,133.38,138.92,2,0
2026-06-12 19:55:18.543,15.02,-0.05,132.84,137.09,2,0
2026-06-12 19:55:18.594,14.99,-0.07,134.91,136.44,2,0
2026-06-12 19:55:18.644,14.99,-0.07,135.48,136.15,2,0
2026-06-12 19:55:18.695,15.04,-0.04,135.48,136.15,2,0
2026-06-12 19:55:18.745,15.04,-0.03,137.53,136.56,2,0
2026-06-12 19:55:18.795,15.06,-0.01,136.70,136.60,2,0
2026-06-12 19:55:18.846,15.06,-0.00,137.03,136.73,2,0
2026-06-12 19:55:18.896,15.01,-0.05,136.96,136.80,2,0
2026-06-12 19:55:18.947,15.06,0.00,135.05,136.28,2,0
2026-06-12 19:55:18.997,15.16,0.09,138.02,136.80,2,0
2026-06-12 19:55:19.048,15.32,0.21,139.85,137.71,2,0
2026-06-12 19:55:19.099,15.61,0.41,142.50,139.15,2,0
2026-06-12 19:55:19.154,15.90,0.59,147.79,141.74,2,0
2026-06-12 19:55:19.199,16.17,0.72,150.49,144.37,2,0
2026-06-12 19:55:19.249,16.45,0.85,152.69,146.86,2,0
2026-06-12 19:55:19.300,16.64,0.88,155.25,149.38,2,0
2026-06-12 19:55:19.352,16.90,0.96,155.26,151.14,2,0
2026-06-12 19:55:19.400,17.55,1.50,158.85,153.46,2,0
2026-06-12 19:55:19.451,17.95,1.60,167.08,159.39,2,0
2026-06-12 19:55:19.504,18.29,1.64,171.46,163.01,1,0
2026-06-12 19:55:19.563,18.63,1.97,173.13,166.05,1,0
2026-06-12 19:55:19.602,18.87,1.87,176.52,169.19,1,0
2026-06-12 19:55:19.652,19.19,1.74,176.45,171.37,1,0
2026-06-12 19:55:19.703,19.35,1.61,177.79,174.28,1,0
2026-06-12 19:55:19.753,19.59,1.57,179.16,175.74,1,0
2026-06-12 19:55:19.804,19.87,1.80,182.91,177.89,1,0
2026-06-12 19:55:19.856,20.22,1.66,186.39,180.44,1,0
2026-06-12 19:55:19.905,20.31,1.49,186.28,183.63,1,0
2026-06-12 19:55:19.955,20.42,1.44,186.46,184.48,1,0
2026-06-12 19:55:20.005,20.55,1.33,187.73,185.45,1,0
2026-06-12 19:55:20.056,20.94,1.43,189.29,186.60,1,0
2026-06-12 19:55:20.106,21.04,1.30,194.36,190.16,1,0
2026-06-12 19:55:20.157,21.12,1.22,193.30,191.11,1,0
2026-06-12 19:55:20.207,20.92,0.56,193.29,191.76,1,0
2026-06-12 19:55:20.257,20.90,0.46,185.95,189.97,1,0
2026-06-12 19:55:20.308,20.79,0.31,189.29,189.76,1,0
2026-06-12 19:55:20.359,21.08,0.70,186.66,188.83,1,0
2026-06-12 19:55:20.409,21.37,0.83,197.08,191.45,1,0
2026-06-12 19:55:20.459,21.81,1.41,200.18,194.07,1,0
2026-06-12 19:55:20.509,22.01,1.15,207.30,198.04,1,0
2026-06-12 19:55:20.560,21.82,0.83,199.72,199.88,1,0
2026-06-12 19:55:20.610,21.58,0.50,194.16,198.17,1,0
2026-06-12 19:55:20.661,21.45,0.21,190.87,195.98,1,0
2026-06-12 19:55:20.711,21.26,-0.07,192.01,194.79,1,0
2026-06-12 19:55:20.761,21.21,-0.10,191.19,193.07,1,0
2026-06-12 19:55:20.812,21.23,-0.06,191.57,192.62,1,0
2026-06-12 19:55:20.862,21.45,0.27,193.14,192.78,1,0
2026-06-12 19:55:20.913,21.43,0.22,198.28,194.76,1,0
2026-06-12 19:55:20.963,21.37,0.09,194.29,194.62,1,0
2026-06-12 19:55:21.013,21.29,0.01,192.82,194.08,1,0
2026-06-12 19:55:21.064,20.95,-0.35,191.64,193.35,1,0
2026-06-12 19:55:21.114,20.76,-0.46,187.64,190.29,1,0
2026-06-12 19:55:21.165,20.49,-0.61,184.34,188.51,1,0
2026-06-12 19:55:21.215,20.29,-0.85,180.37,186.07,1,0
2026-06-12 19:55:21.266,20.13,-0.86,180.06,184.26,1,0
2026-06-12 19:55:21.316,20.04,-0.65,179.31,182.78,1,0
2026-06-12 19:55:21.366,19.99,-0.60,182.64,182.00,1,0
2026-06-12 19:55:21.417,19.95,-0.57,180.48,181.55,1,0
2026-06-12 19:55:21.467,19.85,-0.57,180.37,181.19,1,0
2026-06-12 19:55:21.518,19.67,-0.63,178.04,180.25,1,0
2026-06-12 19:55:21.569,19.46,-0.72,174.98,178.67,1,0
2026-06-12 19:55:21.619,19.48,-0.59,174.19,176.72,1,0
2026-06-12 19:55:21.669,19.58,-0.43,177.44,176.94,1,0
2026-06-12 19:55:21.728,19.61,-0.31,179.80,177.79,1,0
2026-06-12 19:55:21.770,19.68,-0.20,178.69,178.06,1,0
2026-06-12 19:55:21.828,19.55,-0.36,180.35,178.75,1,0
2026-06-12 19:55:21.870,19.51,-0.34,174.85,177.55,1,0
2026-06-12 19:55:21.921,19.51,-0.29,176.35,177.19,1,0
2026-06-12 19:55:21.971,19.56,-0.16,177.11,177.16,1,0
2026-06-12 19:55:22.022,19.91,0.27,178.74,177.64,1,0
2026-06-12 19:55:22.072,20.06,0.36,184.03,180.83,1,0
2026-06-12 19:55:22.123,20.20,0.41,185.39,182.20,1,0
2026-06-12 19:55:22.173,20.25,0.45,186.22,183.40,1,0
2026-06-12 19:55:22.224,20.47,0.58,185.15,183.93,1,0
2026-06-12 19:55:22.274,20.64,0.64,188.28,185.88,1,0
2026-06-12 19:55:22.324,20.93,1.03,191.06,187.44,1,0
2026-06-12 19:55:22.375,21.49,1.39,196.30,190.10,1,0
2026-06-12 19:55:22.425,21.69,1.34,200.69,195.19,1,0
2026-06-12 19:55:22.476,21.77,1.28,201.25,197.01,1,0
2026-06-12 19:55:22.526,21.96,1.14,199.44,197.74,1,0
2026-06-12 19:55:22.576,22.09,1.08,201.30,199.41,0,0
2026-06-12 19:55:22.627,22.53,1.45,203.46,200.62,0,0
2026-06-12 19:55:22.677,22.76,1.42,209.35,204.62,0,0
2026-06-12 19:55:22.728,22.91,1.45,211.57,206.71,0,0
2026-06-12 19:55:22.778,22.95,1.10,211.18,208.05,0,0
2026-06-12 19:55:22.829,22.94,0.92,208.81,208.44,0,0
2026-06-12 19:55:22.879,23.16,1.02,208.14,208.35,0,0
2026-06-12 19:55:22.929,23.29,0.97,213.81,210.35,0,0
2026-06-12 19:55:22.980,23.55,1.09,214.29,211.53,0,0
2026-06-12 19:55:23.030,23.54,0.92,216.01,213.87,0,0
2026-06-12 19:55:23.084,23.48,0.67,213.66,213.81,0,0
2026-06-12 19:55:23.131,24.85,2.85,211.79,213.20,0,0
2026-06-12 19:55:23.184,27.09,6.15,256.48,225.69,0,0
2026-06-12 19:55:23.232,29.75,7.31,293.35,245.99,0,0
2026-06-12 19:55:23.282,28.72,4.50,292.32,270.14,0,0
2026-06-12 19:55:23.332,26.18,0.45,239.05,260.81,0,0
2026-06-12 19:55:23.383,25.42,-0.24,215.72,237.73,0,0
2026-06-12 19:55:23.433,24.89,-0.96,214.66,230.81,0,0
2026-06-12 19:55:23.484,24.77,-0.91,222.82,226.01,0,0
2026-06-12 19:55:23.534,27.77,4.05,222.49,224.96,0,0
2026-06-12 19:55:23.585,29.12,4.58,291.81,252.15,0,0
2026-06-12 19:55:23.635,29.07,2.93,293.28,264.49,0,0
2026-06-12 19:55:23.685,27.64,1.30,243.12,263.95,0,0
2026-06-12 19:55:23.736,26.19,-1.20,220.82,251.01,0,0
2026-06-12 19:55:23.786,25.85,-1.31,226.41,237.82,0,0
2026-06-12 19:55:23.837,25.34,-1.69,227.47,234.71,0,0
2026-06-12 19:55:23.887,25.07,-1.67,225.64,230.15,0,0
2026-06-12 19:55:23.937,24.87,-1.50,221.74,227.62,0,0
2026-06-12 19:55:23.992,24.88,-1.26,225.10,225.84,0,0
2026-06-12 19:55:24.039,25.08,-0.60,226.20,225.94,0,0
2026-06-12 19:55:24.089,25.12,-0.46,229.82,227.76,0,0
2026-06-12 19:55:24.139,25.01,-0.44,228.85,228.09,0,0
2026-06-12 19:55:24.190,24.96,-0.46,226.22,227.16,0,0
2026-06-12 19:55:24.240,25.06,-0.18,225.60,226.69,0,0
2026-06-12 19:55:24.290,25.20,0.08,229.53,227.58,0,0
2026-06-12 19:55:24.341,28.85,4.70,231.85,228.86,0,0
2026-06-12 19:55:24.391,30.27,6.35,307.83,262.01,0,0
2026-06-12 19:55:24.442,29.99,3.30,304.88,274.87,0,0
2026-06-12 19:55:24.492,27.42,-1.51,248.49,272.31,0,0
2026-06-12 19:55:24.542,26.77,-1.82,227.53,248.98,0,0
2026-06-12 19:55:24.593,25.95,-2.54,229.23,243.06,2,0
2026-06-12 19:55:24.643,27.09,-1.22,227.56,235.66,2,0
2026-06-12 19:55:24.694,29.88,3.30,270.03,245.97,2,0
2026-06-12 19:55:24.744,30.94,3.68,296.61,271.38,2,0
2026-06-12 19:55:24.795,28.63,-0.87,303.21,280.93,2,0
2026-06-12 19:55:24.845,27.78,-2.16,232.85,259.99,2,0
2026-06-12 19:55:24.895,26.53,-2.96,234.20,252.25,2,0
2026-06-12 19:55:24.946,26.09,-3.23,229.47,240.95,2,0
2026-06-12 19:55:24.996,25.80,-2.59,227.42,236.89,2,0
2026-06-12 19:55:25.047,25.95,-1.62,233.17,234.30,2,0
2026-06-12 19:55:25.097,25.98,-1.36,238.38,235.70,2,0
2026-06-12 19:55:25.148,25.90,-1.10,236.32,235.88,2,0
2026-06-12 19:55:25.199,25.84,-1.04,233.98,235.21,2,0
2026-06-12 19:55:25.249,25.84,-0.71,233.38,234.66,2,0
2026-06-12 19:55:25.299,26.05,-0.20,235.57,234.69,2,0
2026-06-12 19:55:25.349,26.20,-0.05,238.86,236.53,2,0
2026-06-12 19:55:25.400,26.27,0.07,241.06,237.89,2,0
2026-06-12 19:55:25.452,26.23,-0.01,238.69,238.56,2,0
2026-06-12 19:55:25.502,26.14,-0.08,237.23,238.16,2,0
2026-06-12 19:55:25.551,26.17,-0.01,237.17,237.38,2,0
2026-06-12 19:55:25.602,26.19,0.00,237.78,237.66,2,0
2026-06-12 19:55:25.652,25.92,-0.42,238.23,237.83,2,0
2026-06-12 19:55:25.702,25.76,-0.49,232.06,235.34,2,0
2026-06-12 19:55:25.752,25.54,-0.66,230.49,233.89,2,0
2026-06-12 19:55:25.803,25.56,-0.53,230.70,231.97,2,0
2026-06-12 19:55:25.853,25.65,-0.31,232.59,232.15,2,0
2026-06-12 19:55:25.904,28.01,3.52,233.04,232.96,2,0
2026-06-12 19:55:25.954,30.75,5.52,304.43,254.40,2,0
2026-06-12 19:55:26.005,28.52,0.55,302.27,279.24,2,0
2026-06-12 19:55:26.055,27.67,-0.24,231.01,259.01,2,0
2026-06-12 19:55:26.105,26.78,-1.52,233.20,251.26,2,0
2026-06-12 19:55:26.156,26.45,-1.56,235.75,243.18,2,0
2026-06-12 19:55:26.206,25.86,-2.05,233.36,240.24,2,0
2026-06-12 19:55:26.259,25.67,-2.04,228.20,234.82,2,0
2026-06-12 19:55:26.307,25.47,-1.72,229.24,233.15,2,0
2026-06-12 19:55:26.358,25.51,-1.40,228.99,231.28,2,0
2026-06-12 19:55:26.409,25.36,-1.22,232.50,231.64,2,0
2026-06-12 19:55:26.459,25.25,-1.22,228.03,230.31,2,0
2026-06-12 19:55:26.509,24.94,-1.27,226.94,229.30,2,0
2026-06-12 19:55:26.559,24.96,-1.04,222.82,226.49,2,0
2026-06-12 19:55:26.610,25.07,-0.64,227.19,226.70,2,0
2026-06-12 19:55:26.660,25.10,-0.49,228.53,227.63,2,0
2026-06-12 19:55:26.710,24.78,-0.71,228.64,227.93,2,0
2026-06-12 19:55:26.761,24.62,-0.88,222.01,225.07,2,0
2026-06-12 19:55:26.811,24.43,-0.80,220.03,223.55,2,0
2026-06-12 19:55:26.862,24.35,-0.80,221.20,221.86,2,0
2026-06-12 19:55:26.912,24.32,-0.62,219.53,221.16,2,0
2026-06-12 19:55:26.963,24.21,-0.70,220.62,220.81,2,0
2026-06-12 19:55:27.013,23.87,-0.93,217.52,219.82,2,0
2026-06-12 19:55:27.064,23.72,-0.91,212.69,216.79,2,0
2026-06-12 19:55:27.114,23.62,-0.81,212.21,215.41,2,0
2026-06-12 19:55:27.164,23.65,-0.66,213.82,214.50,2,0
2026-06-12 19:55:27.216,23.63,-0.60,215.54,214.81,2,0
2026-06-12 19:55:27.265,23.33,-0.81,214.03,214.58,2,0
2026-06-12 19:55:27.316,23.09,-0.89,208.18,211.83,2,0
2026-06-12 19:55:27.366,22.79,-1.09,204.55,209.64,2,0
2026-06-12 19:55:27.416,22.76,-0.95,205.05,206.92,2,0
2026-06-12 19:55:27.467,22.80,-0.73,206.09,206.67,2,0
2026-06-12 19:55:27.517,22.68,-0.75,208.05,207.09,2,0
2026-06-12 19:55:27.568,22.47,-0.81,203.11,205.99,2,0
2026-06-12 19:55:27.618,22.31,-0.96,199.57,204.06,2,0
2026-06-12 19:55:27.668,22.06,-0.92,199.11,202.58,2,0
2026-06-12 19:55:27.719,22.09,-0.75,199.07,200.32,2,0
2026-06-12 19:55:27.769,22.00,-0.80,201.40,200.64,2,0
2026-06-12 19:55:27.820,21.91,-0.73,197.85,199.80,2,0
2026-06-12 19:55:27.870,24.67,3.80,196.87,199.01,2,0
2026-06-12 19:55:27.921,25.81,5.06,260.06,224.05,2,0
2026-06-12 19:55:27.971,25.62,2.63,258.54,234.39,2,0
2026-06-12 19:55:28.021,24.36,1.21,213.15,232.62,2,0
2026-06-12 19:55:28.072,23.40,0.23,194.58,221.21,2,0
2026-06-12 19:55:28.122,22.79,-0.82,192.06,212.46,2,0
2026-06-12 19:55:28.173,21.79,-1.74,194.10,206.95,2,0
2026-06-12 19:55:28.223,21.43,-1.78,188.03,197.90,2,0
2026-06-12 19:55:28.273,21.12,-1.77,186.98,194.62,2,0
2026-06-12 19:55:28.324,20.94,-1.80,185.08,191.76,2,0
2026-06-12 19:55:28.374,20.75,-1.53,186.37,190.14,2,0
2026-06-12 19:55:28.425,20.70,-1.34,186.31,188.39,2,0
2026-06-12 19:55:28.475,20.59,-1.22,187.04,187.98,2,0
2026-06-12 19:55:28.526,20.40,-1.35,184.79,187.02,2,0
2026-06-12 19:55:28.576,20.29,-1.24,181.11,185.25,2,0
2026-06-12 19:55:28.626,19.98,-1.23,181.95,184.26,2,0
2026-06-12 19:55:28.677,19.96,-1.07,178.81,181.41,2,0
2026-06-12 19:55:28.727,19.86,-0.98,180.84,181.24,2,0
2026-06-12 19:55:28.778,19.82,-0.91,178.37,180.38,2,0
2026-06-12 19:55:28.828,19.72,-0.85,179.02,179.97,2,0
2026-06-12 19:55:28.879,19.43,-0.93,177.03,179.09,2,0
2026-06-12 19:55:28.929,19.24,-0.94,174.12,176.42,2,0
2026-06-12 19:55:28.979,19.12,-0.90,170.71,174.71,2,0
2026-06-12 19:55:29.030,19.09,-0.79,171.11,173.63,2,0
2026-06-12 19:55:29.080,18.96,-0.88,172.80,173.38,2,0
2026-06-12 19:55:29.131,18.95,-0.77,169.48,172.21,2,0
2026-06-12 19:55:29.181,18.85,-0.73,171.69,172.05,2,0
2026-06-12 19:55:29.231,18.66,-0.78,168.99,171.13,2,0
2026-06-12 19:55:29.282,18.38,-0.93,165.38,169.41,2,0
2026-06-12 19:55:29.332,18.27,-0.89,163.01,166.94,2,0
2026-06-12 19:55:29.383,18.24,-0.78,163.61,165.94,2,0
2026-06-12 19:55:29.433,18.12,-0.77,164.86,165.62,2,0
2026-06-12 19:55:29.484,18.07,-0.69,161.95,164.52,2,0
2026-06-12 19:55:29.534,17.99,-0.65,163.06,164.08,2,0
2026-06-12 19:55:29.585,17.85,-0.79,161.80,163.40,2,0
2026-06-12 19:55:29.635,17.70,-0.79,158.95,162.06,2,0
2026-06-12 19:55:29.685,18.44,0.78,157.56,160.71,2,0
2026-06-12 19:55:29.736,19.86,2.95,185.80,167.45,2,0
2026-06-12 19:55:29.786,23.56,7.22,210.57,180.39,2,0
2026-06-12 19:55:29.841,24.44,7.54,268.59,213.97,2,0
2026-06-12 19:55:29.887,24.07,6.10,240.47,221.92,2,0
2026-06-12 19:55:29.937,23.72,4.90,210.65,218.54,2,0
2026-06-12 19:55:29.988,22.27,2.98,208.23,215.45,2,0
2026-06-12 19:55:30.039,20.71,1.23,171.42,202.24,2,0
2026-06-12 19:55:30.089,18.76,-1.25,154.95,188.05,2,0
2026-06-12 19:55:30.139,18.22,-1.51,153.32,170.34,2,0
2026-06-12 19:55:30.189,19.83,1.44,154.19,165.49,2,0
2026-06-12 19:55:30.240,20.60,1.87,203.62,180.06,2,0
2026-06-12 19:55:30.290,21.07,1.98,203.54,187.10,2,0
2026-06-12 19:55:30.341,20.26,1.02,201.25,191.35,2,0
2026-06-12 19:55:30.392,19.14,-0.07,166.77,183.97,2,0
2026-06-12 19:55:30.441,18.31,-0.74,150.04,173.79,2,0
2026-06-12 19:55:30.492,17.76,-1.09,148.66,166.25,2,0
2026-06-12 19:55:30.542,17.41,-1.21,149.61,161.26,2,0
2026-06-12 19:55:30.593,17.18,-1.22,150.71,158.09,2,0
2026-06-12 19:55:30.643,17.02,-1.17,151.25,156.04,2,0
2026-06-12 19:55:30.693,16.87,-1.12,151.08,154.55,2,0
2026-06-12 19:55:30.744,16.69,-1.10,149.90,153.15,2,0
2026-06-12 19:55:30.794,16.52,-1.07,147.94,151.59,2,0
2026-06-12 19:55:30.845,16.38,-1.03,146.30,150.00,2,0
2026-06-12 19:55:30.895,16.27,-0.96,145.70,148.71,2,0
2026-06-12 19:55:30.946,16.24,-0.85,145.60,147.78,2,0
2026-06-12 19:55:31.000,16.24,-0.85,146.62,147.43,2,0
2026-06-12 19:55:31.046,16.15,-0.68,146.62,147.43,2,0
2026-06-12 19:55:31.099,16.15,-0.68,146.11,146.62,2,0
2026-06-12 19:55:31.147,16.07,-0.62,146.11,146.62,2,0
2026-06-12 19:55:31.198,15.98,-0.61,144.34,145.94,2,0
2026-06-12 19:55:31.249,15.85,-0.62,143.10,145.08,2,0
2026-06-12 19:55:31.299,15.75,-0.61,141.40,143.98,2,0
2026-06-12 19:55:31.349,15.71,-0.55,140.74,143.01,2,0
2026-06-12 19:55:31.399,15.69,-0.48,141.80,142.65,2,0
2026-06-12 19:55:31.450,15.74,-0.37,142.16,142.50,2,0
2026-06-12 19:55:31.500,15.74,-0.32,144.05,142.97,2,0
2026-06-12 19:55:31.551,15.66,-0.33,142.81,142.92,2,0
2026-06-12 19:55:31.601,15.53,-0.36,140.64,142.23,2,0
2026-06-12 19:55:31.652,15.42,-0.40,138.21,141.02,2,0
2026-06-12 19:55:31.702,15.31,-0.42,137.57,139.99,2,0
2026-06-12 19:55:31.753,15.26,-0.40,136.87,139.05,2,0
2026-06-12 19:55:31.803,15.26,-0.34,137.45,138.57,2,0
2026-06-12 19:55:31.853,15.22,-0.32,138.49,138.55,2,0
2026-06-12 19:55:31.904,15.22,-0.32,137.40,138.20,2,0
2026-06-12 19:55:31.954,15.19,-0.29,137.40,138.20,2,0
2026-06-12 19:55:32.005,15.13,-0.29,137.31,137.93,2,0
2026-06-12 19:55:32.055,15.02,-0.34,136.26,137.43,2,0
2026-06-12 19:55:32.105,14.99,-0.31,134.11,136.44,2,0
2026-06-12 19:55:32.156,14.90,-0.32,135.55,136.17,2,0
2026-06-12 19:55:32.206,14.84,-0.32,133.43,135.35,2,0
2026-06-12 19:55:32.257,14.85,-0.27,133.55,134.81,2,0
2026-06-12 19:55:32.307,14.80,-0.27,135.01,134.87,2,0
2026-06-12 19:55:32.360,14.81,-0.22,133.21,134.37,2,0
2026-06-12 19:55:32.409,14.81,-0.22,134.79,134.50,2,0
2026-06-12 19:55:32.458,14.77,-0.21,134.79,134.50,2,0
2026-06-12 19:55:32.509,14.66,-0.27,133.23,134.12,2,0
2026-06-12 19:55:32.559,14.57,-0.30,130.69,133.09,2,0
2026-06-12 19:55:32.610,14.49,-0.30,130.51,132.31,2,0
2026-06-12 19:55:32.660,14.46,-0.28,129.91,131.59,2,0
2026-06-12 19:55:32.710,14.51,-0.20,130.61,131.30,2,0
2026-06-12 19:55:32.761,14.50,-0.18,132.82,131.75,2,0
2026-06-12 19:55:32.811,15.26,1.12,131.51,131.68,2,0
2026-06-12 19:55:32.862,16.45,1.92,154.72,138.59,2,0
2026-06-12 19:55:32.912,17.19,2.25,174.54,149.38,2,0
2026-06-12 19:55:32.962,17.68,2.31,171.81,156.11,2,0
2026-06-12 19:55:33.013,17.04,1.61,170.96,160.56,2,0
2026-06-12 19:55:33.064,16.11,0.59,141.14,154.74,2,0
2026-06-12 19:55:33.114,15.48,-0.01,126.54,146.28,2,0
2026-06-12 19:55:33.164,15.48,-0.01,127.28,140.58,2,0
2026-06-12 19:55:33.215,15.10,-0.22,127.28,140.58,2,0
2026-06-12 19:55:33.265,14.81,-0.43,129.01,137.11,2,0
2026-06-12 19:55:33.316,14.60,-0.53,128.29,134.46,2,0
2026-06-12 19:55:33.366,14.41,-0.56,128.21,132.59,2,0
2026-06-12 19:55:33.416,14.21,-0.64,126.83,130.86,2,0
2026-06-12 19:55:33.467,14.21,-0.64,124.77,129.03,2,0
2026-06-12 19:55:33.517,14.05,-0.63,124.77,129.03,2,0
2026-06-12 19:55:33.568,13.94,-0.63,124.27,127.60,2,0
2026-06-12 19:55:33.619,13.87,-0.59,124.32,126.62,2,0
2026-06-12 19:55:33.668,13.87,-0.50,124.34,125.94,2,0
2026-06-12 19:55:33.719,13.88,-0.42,126.02,125.96,2,0
2026-06-12 19:55:33.769,13.85,-0.39,126.36,126.08,2,0
2026-06-12 19:55:33.820,13.85,-0.39,124.94,125.74,2,0
2026-06-12 19:55:33.870,13.81,-0.35,124.94,125.74,2,0
2026-06-12 19:55:33.921,13.70,-0.38,124.50,125.37,2,0
2026-06-12 19:55:33.971,13.61,-0.38,122.15,124.40,2,0
2026-06-12 19:55:34.021,13.51,-0.40,121.70,123.59,2,0
2026-06-12 19:55:34.072,13.51,-0.40,120.58,122.69,2,0
2026-06-12 19:55:34.124,13.42,-0.39,120.58,122.69,2,0
2026-06-12 19:55:34.173,13.33,-0.41,120.05,121.90,2,0
2026-06-12 19:55:34.223,13.19,-0.43,119.11,121.06,2,0
2026-06-12 19:55:34.273,13.19,-0.43,116.64,119.73,2,0
2026-06-12 19:55:34.324,12.98,-0.48,116.64,119.73,2,0
2026-06-12 19:55:34.374,12.66,-0.58,113.55,117.88,2,0
2026-06-12 19:55:34.425,12.66,-0.58,108.25,114.99,2,0
2026-06-12 19:55:34.475,12.31,-0.69,108.25,114.99,2,0
2026-06-12 19:55:34.525,11.90,-0.81,104.24,111.77,2,0
2026-06-12 19:55:34.576,11.90,-0.81,99.30,108.02,2,0
2026-06-12 19:55:34.626,11.55,-0.88,99.30,108.02,2,0
2026-06-12 19:55:34.677,11.29,-0.89,97.55,104.88,2,0
2026-06-12 19:55:34.730,11.29,-0.89,96.99,102.51,2,0
2026-06-12 19:55:34.778,11.06,-0.88,96.99,102.51,2,0
2026-06-12 19:55:34.829,10.91,-0.84,95.67,100.46,2,0
2026-06-12 19:55:34.879,10.91,-0.84,95.74,99.05,2,0
2026-06-12 19:55:34.929,10.75,-0.77,95.74,99.05,2,0
2026-06-12 19:55:34.980,10.75,-0.77,94.40,97.65,2,0
2026-06-12 19:55:35.030,10.54,-0.78,94.40,97.65,2,0
2026-06-12 19:55:35.080,10.54,-0.78,91.15,95.70,2,0
2026-06-12 19:55:35.131,10.26,-0.77,91.15,95.70,2,0
2026-06-12 19:55:35.181,9.96,-0.82,87.39,93.21,2,0
2026-06-12 19:55:35.232,9.96,-0.82,84.15,90.49,2,0
2026-06-12 19:55:35.282,9.61,-0.85,84.15,90.49,2,0
2026-06-12 19:55:35.332,9.61,-0.85,79.71,87.26,2,0
2026-06-12 19:55:35.383,9.61,-0.85,79.71,87.26,2,0
2026-06-12 19:55:35.433,9.18,-0.86,79.71,87.26,2,0
2026-06-12 19:55:35.492,9.18,-0.86,74.41,83.41,2,0
2026-06-12 19:55:35.534,8.70,-0.89,74.41,83.41,2,0
2026-06-12 19:55:35.584,8.70,-0.89,68.83,79.03,2,0
2026-06-12 19:55:35.635,8.70,-0.89,68.83,79.03,2,0
2026-06-12 19:55:35.685,8.09,-0.92,68.83,79.03,2,0
2026-06-12 19:55:35.736,8.09,-0.92,60.59,73.50,2,0
2026-06-12 19:55:35.786,8.09,-0.92,60.59,73.50,2,0
2026-06-12 19:55:35.836,8.09,-0.92,60.59,73.50,2,0
2026-06-12 19:55:35.887,7.33,-0.94,60.59,73.50,2,0
2026-06-12 19:55:35.937,7.33,-0.94,50.31,66.54,2,0
2026-06-12 19:55:35.988,7.33,-0.94,50.31,66.54,2,0
2026-06-12 19:55:36.039,7.33,-0.94,50.31,66.54,2,0
2026-06-12 19:55:36.089,7.33,-0.94,50.31,66.54,2,0
2026-06-12 19:55:36.139,7.33,-0.94,50.31,66.54,2,0
2026-06-12 19:55:36.189,7.33,-0.94,50.31,66.54,2,0
2026-06-12 19:55:36.240,7.33,-0.94,50.31,66.54,2,0
2026-06-12 19:55:36.290,7.33,-0.94,50.31,66.54,2,0
2026-06-12 19:55:36.341,7.33,-0.94,50.31,66.54,2,0
2026-06-12 19:55:36.391,7.33,-0.94,50.31,66.54,2,0
2026-06-12 19:55:36.442,7.33,-0.94,50.31,66.54,2,0
2026-06-12 19:55:36.492,7.33,-0.94,50.31,66.54,2,0
2026-06-12 19:55:36.542,7.33,-0.94,50.31,66.54,2,0
2026-06-12 19:55:36.593,7.33,-0.94,50.31,66.54,2,0
2026-06-12 19:55:36.643,7.33,-0.94,50.31,66.54,2,0
2026-06-12 19:55:36.694,7.33,-0.94,50.31,66.54,2,0
2026-06-12 19:55:36.744,7.33,-0.94,50.31,66.54,2,0
2026-06-12 19:55:36.794,7.33,-0.94,50.31,66.54,2,0
2026-06-12 19:55:36.845,7.33,-0.94,50.31,66.54,2,0
2026-06-12 19:55:36.895,7.33,-0.94,50.31,66.54,2,0
2026-06-12 19:55:36.946,7.33,-0.94,50.31,66.54,2,0
2026-06-12 19:55:36.996,7.33,-0.94,50.31,66.54,2,0
2026-06-12 19:55:37.047,7.33,-0.94,50.31,66.54,2,0
2026-06-12 19:55:37.097,7.33,-0.94,50.31,66.54,2,0
2026-06-12 19:55:37.147,7.33,-0.94,50.31,66.54,2,0
2026-06-12 19:55:37.198,7.33,-0.94,50.31,66.54,2,0
2026-06-12 19:55:37.249,7.33,-0.94,50.31,66.54,2,0
2026-06-12 19:55:37.303,7.33,-0.94,50.31,66.54,2,0
2026-06-12 19:55:37.349,7.33,-0.94,50.31,66.54,2,0
2026-06-12 19:55:37.400,7.33,-0.94,50.31,66.54,2,0
2026-06-12 19:55:37.450,7.33,-0.94,50.31,66.54,2,0
2026-06-12 19:55:37.500,7.33,-0.94,50.31,66.54,2,0
2026-06-12 19:55:37.551,7.33,-0.94,50.31,66.54,2,0
2026-06-12 19:55:37.601,7.33,-0.94,50.31,66.54,2,0
2026-06-12 19:55:37.651,7.33,-0.94,50.31,66.54,2,0
2026-06-12 19:55:37.705,7.33,-0.94,50.31,66.54,2,0
2026-06-12 19:55:37.752,7.33,-0.94,50.31,66.54,2,0
2026-06-12 19:55:37.803,7.33,-0.94,50.31,66.54,2,0
2026-06-12 19:55:37.853,7.33,-0.94,50.31,66.54,2,0
2026-06-12 19:55:37.904,0.00,0.00,50.31,66.54,2,0
2026-06-12 19:55:37.954,0.00,0.00,0.00,0.00,2,0
2026-06-12 19:55:38.004,0.00,0.00,0.00,0.00,2,0
2026-06-12 19:55:38.055,0.00,0.00,0.00,0.00,2,0
2026-06-12 19:55:38.105,0.00,0.00,0.00,0.00,2,0
2026-06-12 19:55:38.156,0.00,0.00,0.00,0.00,2,0
2026-06-12 19:55:38.206,0.00,0.00,0.00,0.00,2,0
2026-06-12 19:55:38.259,0.00,0.00,0.00,0.00,2,0
2026-06-12 19:55:38.307,0.00,0.00,0.00,0.00,2,0
2026-06-12 19:55:38.368,0.00,0.00,0.00,0.00,2,0
2026-06-12 19:55:38.408,0.00,0.00,0.00,0.00,2,0
2026-06-12 19:55:38.458,0.00,0.00,0.00,0.00,2,0
2026-06-12 19:55:38.509,0.00,0.00,0.00,0.00,2,0
2026-06-12 19:55:38.559,0.00,0.00,0.00,0.00,2,0
2026-06-12 19:55:38.609,0.00,0.00,0.00,0.00,2,0
2026-06-12 19:55:38.660,0.00,0.00,0.00,0.00,2,0
2026-06-12 19:55:38.710,0.00,0.00,0.00,0.00,2,0
2026-06-12 19:55:38.760,0.00,0.00,0.00,0.00,2,0
2026-06-12 19:55:38.811,0.00,0.00,0.00,0.00,2,0
2026-06-12 19:55:38.861,0.00,0.00,0.00,0.00,2,0
2026-06-12 19:55:38.912,0.00,0.00,0.00,0.00,2,0
2026-06-12 19:55:38.962,0.00,0.00,0.00,0.00,2,0
2026-06-12 19:55:39.016,0.00,0.00,0.00,0.00,2,0
2026-06-12 19:55:39.063,0.00,0.00,0.00,0.00,2,0
2026-06-12 19:55:39.113,0.00,0.00,0.00,0.00,2,0
2026-06-12 19:55:39.164,0.00,0.00,0.00,0.00,2,0
2026-06-12 19:55:39.214,0.00,0.00,0.00,0.00,2,0
2026-06-12 19:55:39.264,0.00,0.00,0.00,0.00,2,0
2026-06-12 19:55:39.315,0.00,0.00,0.00,0.00,2,0
2026-06-12 19:55:39.365,0.00,0.00,0.00,0.00,2,0
2026-06-12 19:55:39.416,0.00,0.00,0.00,0.00,2,0
2026-06-12 19:55:39.466,0.00,0.00,0.00,0.00,2,0
2026-06-12 19:55:39.516,0.00,0.00,0.00,0.00,2,0
2026-06-12 19:55:39.567,0.00,0.00,0.00,0.00,2,0
2026-06-12 19:55:39.624,0.00,0.00,0.00,0.00,2,0
2026-06-12 19:55:39.671,0.00,0.00,0.00,0.00,2,0
2026-06-12 19:55:39.718,0.00,0.00,0.00,0.00,2,0
2026-06-12 19:55:39.769,0.00,0.00,0.00,0.00,2,0
2026-06-12 19:55:39.821,0.00,0.00,0.00,0.00,2,0
2026-06-12 19:55:39.869,0.00,0.00,0.00,0.00,2,0
2026-06-12 19:55:39.920,0.00,0.00,0.00,0.00,2,0
2026-06-12 19:55:39.970,0.00,0.00,0.00,0.00,2,0
2026-06-12 19:55:40.020,0.00,0.00,0.00,0.00,2,0
2026-06-12 19:55:40.071,0.00,0.00,0.00,0.00,2,0
2026-06-12 19:55:40.121,0.00,0.00,0.00,0.00,2,0
2026-06-12 19:55:40.172,0.00,0.00,0.00,0.00,2,0
2026-06-12 19:55:40.222,0.00,0.00,0.00,0.00,2,0
2026-06-12 19:55:40.272,0.00,0.00,0.00,0.00,2,0
2026-06-12 19:55:40.323,0.00,0.00,0.00,0.00,2,0
2026-06-12 19:55:40.373,0.00,0.00,0.00,0.00,2,0
2026-06-12 19:55:40.424,0.00,0.00,0.00,0.00,2,0
2026-06-12 19:55:40.474,0.00,0.00,0.00,0.00,2,0
2026-06-12 19:55:40.524,0.00,0.00,0.00,0.00,2,0
2026-06-12 19:55:40.575,0.00,0.00,0.00,0.00,2,0
2026-06-12 19:55:40.625,0.00,0.00,0.00,0.00,2,0
2026-06-12 19:55:40.676,0.00,0.00,0.00,0.00,2,0
2026-06-12 19:55:40.726,0.00,0.00,0.00,0.00,2,0
2026-06-12 19:55:40.776,0.00,0.00,0.00,0.00,2,0
2026-06-12 19:55:40.827,0.00,0.00,0.00,0.00,2,0
2026-06-12 19:55:40.877,0.00,0.00,0.00,0.00,2,0
2026-06-12 19:55:40.930,0.00,0.00,0.00,0.00,2,0
2026-06-12 19:55:40.979,0.00,0.00,0.00,0.00,2,0
2026-06-12 19:55:41.029,0.00,0.00,0.00,0.00,2,0
2026-06-12 19:55:41.079,0.00,0.00,0.00,0.00,2,0
2026-06-12 19:55:41.129,0.00,0.00,0.00,0.00,1,0
2026-06-12 19:55:41.180,0.00,0.00,0.00,0.00,1,0
2026-06-12 19:55:41.230,0.00,0.00,0.00,0.00,1,0
2026-06-12 19:55:41.280,0.00,0.00,0.00,0.00,1,0
2026-06-12 19:55:41.331,0.00,0.00,0.00,0.00,1,0
2026-06-12 19:55:41.381,0.00,0.00,0.00,0.00,1,0
2026-06-12 19:55:41.432,0.00,0.00,0.00,0.00,1,0
2026-06-12 19:55:41.483,0.00,0.00,0.00,0.00,1,0
2026-06-12 19:55:41.532,0.00,0.00,0.00,0.00,1,0
2026-06-12 19:55:41.583,0.00,0.00,0.00,0.00,1,0
2026-06-12 19:55:41.633,0.00,0.00,0.00,0.00,1,0
2026-06-12 19:55:41.684,0.00,0.00,0.00,0.00,1,0
2026-06-12 19:55:41.734,0.00,0.00,0.00,0.00,1,0
2026-06-12 19:55:41.785,0.00,0.00,0.00,0.00,1,0
2026-06-12 19:55:41.835,0.00,0.00,0.00,0.00,1,0
2026-06-12 19:55:41.885,0.00,0.00,0.00,0.00,1,0
2026-06-12 19:55:41.936,0.00,0.00,0.00,0.00,1,0
2026-06-12 19:55:41.986,0.00,0.00,0.00,0.00,1,0
2026-06-12 19:55:42.036,0.00,0.00,0.00,0.00,1,0
2026-06-12 19:55:42.087,0.00,0.00,0.00,0.00,1,0
2026-06-12 19:55:42.137,0.00,0.00,0.00,0.00,1,0
2026-06-12 19:55:42.188,0.00,0.00,0.00,0.00,1,0
2026-06-12 19:55:42.239,0.00,0.00,0.00,0.00,1,0
2026-06-12 19:55:42.290,0.00,0.00,0.00,0.00,1,0
2026-06-12 19:55:42.339,0.00,0.00,0.00,0.00,1,0
2026-06-12 19:55:42.389,0.00,0.00,0.00,0.00,1,0
2026-06-12 19:55:42.440,0.00,0.00,0.00,0.00,1,0
2026-06-12 19:55:42.496,0.00,0.00,0.00,0.00,1,0
2026-06-12 19:55:42.540,0.00,0.00,0.00,0.00,1,0
2026-06-12 19:55:42.600,0.00,0.00,0.00,0.00,1,0
2026-06-12 19:55:42.641,0.00,0.00,0.00,0.00,1,0
2026-06-12 19:55:42.692,0.00,0.00,0.00,0.00,1,0
2026-06-12 19:55:42.742,0.00,0.00,0.00,0.00,1,0
2026-06-12 19:55:42.792,0.00,0.00,0.00,0.00,1,0
2026-06-12 19:55:42.845,0.00,0.00,0.00,0.00,1,0
2026-06-12 19:55:42.893,0.00,0.00,0.00,0.00,1,0
2026-06-12 19:55:42.944,0.00,0.00,0.00,0.00,1,0
2026-06-12 19:55:42.994,0.00,0.00,0.00,0.00,1,0
2026-06-12 19:55:43.044,0.00,0.00,0.00,0.00,1,0
2026-06-12 19:55:43.095,0.00,0.00,0.00,0.00,1,0
2026-06-12 19:55:43.145,0.00,0.00,0.00,0.00,1,0
2026-06-12 19:55:43.196,0.00,0.00,0.00,0.00,1,0
2026-06-12 19:55:43.246,0.00,0.00,0.00,0.00,1,0
2026-06-12 19:55:43.296,0.00,0.00,0.00,0.00,1,0
2026-06-12 19:55:43.347,0.00,0.00,0.00,0.00,1,0
2026-06-12 19:55:43.397,0.00,0.00,0.00,0.00,1,0
2026-06-12 19:55:43.448,0.00,0.00,0.00,0.00,1,0
2026-06-12 19:55:43.499,0.00,0.00,0.00,0.00,1,0
2026-06-12 19:55:43.548,0.00,0.00,0.00,0.00,1,0
2026-06-12 19:55:43.599,0.00,0.00,0.00,0.00,1,0
2026-06-12 19:55:43.649,0.00,0.00,0.00,0.00,1,0
2026-06-12 19:55:43.700,0.00,0.00,0.00,0.00,1,0
2026-06-12 19:55:43.750,0.00,0.00,0.00,0.00,1,0
2026-06-12 19:55:43.800,0.00,0.00,0.00,0.00,1,0
2026-06-12 19:55:43.851,0.00,0.00,0.00,0.00,1,0
2026-06-12 19:55:43.901,0.00,0.00,0.00,0.00,1,0
2026-06-12 19:55:43.951,0.00,0.00,0.00,0.00,1,0
2026-06-12 19:55:44.002,0.00,0.00,0.00,0.00,1,0
2026-06-12 19:55:44.052,0.00,0.00,0.00,0.00,1,0
2026-06-12 19:55:44.103,0.00,0.00,0.00,0.00,1,0
2026-06-12 19:55:44.153,0.00,0.00,0.00,0.00,0,0
2026-06-12 19:55:44.204,0.00,0.00,0.00,0.00,0,0
2026-06-12 19:55:44.256,0.00,0.00,0.00,0.00,0,0
2026-06-12 19:55:44.304,0.00,0.00,0.00,0.00,0,0
2026-06-12 19:55:44.355,0.00,0.00,0.00,0.00,0,0
2026-06-12 19:55:44.405,0.00,0.00,0.00,0.00,0,0
2026-06-12 19:55:44.455,0.00,0.00,0.00,0.00,0,0
2026-06-12 19:55:44.506,0.00,0.00,0.00,0.00,0,0
2026-06-12 19:55:44.556,0.00,0.00,0.00,0.00,0,0
2026-06-12 19:55:44.607,0.00,0.00,0.00,0.00,0,0
2026-06-12 19:55:44.657,0.00,0.00,0.00,0.00,0,0
2026-06-12 19:55:44.708,0.00,0.00,0.00,0.00,0,0
2026-06-12 19:55:44.759,0.00,0.00,0.00,0.00,0,0
2026-06-12 19:55:44.809,0.00,0.00,0.00,0.00,0,0
2026-06-12 19:55:44.859,0.00,0.00,0.00,0.00,0,0
2026-06-12 19:55:44.909,0.00,0.00,0.00,0.00,0,0
2026-06-12 19:55:44.959,0.00,0.00,0.00,0.00,0,0
2026-06-12 19:55:45.010,0.00,0.00,0.00,0.00,0,0
2026-06-12 19:55:45.060,0.00,0.00,0.00,0.00,0,0
2026-06-12 19:55:45.111,0.00,0.00,0.00,0.00,0,0
2026-06-12 19:55:45.161,0.00,0.00,0.00,0.00,0,0
2026-06-12 19:55:45.211,0.00,0.00,0.00,0.00,0,0
2026-06-12 19:55:45.262,0.00,0.00,0.00,0.00,0,0
2026-06-12 19:55:45.312,0.00,0.00,0.00,0.00,0,0
2026-06-12 19:55:45.363,0.00,0.00,0.00,0.00,0,0
2026-06-12 19:55:45.413,0.00,0.00,0.00,0.00,0,0
2026-06-12 19:55:45.464,0.00,0.00,0.00,0.00,0,0
2026-06-12 19:55:45.514,0.00,0.00,0.00,0.00,0,0
2026-06-12 19:55:45.564,0.00,0.00,0.00,0.00,0,0
2026-06-12 19:55:45.616,0.00,0.00,0.00,0.00,0,0
2026-06-12 19:55:45.665,0.00,0.00,0.00,0.00,0,0
2026-06-12 19:55:45.716,0.00,0.00,0.00,0.00,0,0
2026-06-12 19:55:45.766,0.00,0.00,0.00,0.00,0,0
2026-06-12 19:55:45.817,0.00,0.00,0.00,0.00,0,0
2026-06-12 19:55:45.867,0.00,0.00,0.00,0.00,0,0
2026-06-12 19:55:45.928,0.00,0.00,0.00,0.00,0,0
2026-06-12 19:55:45.968,0.00,0.00,0.00,0.00,0,0
2026-06-12 19:55:46.019,0.00,0.00,0.00,0.00,0,0
2026-06-12 19:55:46.069,0.00,0.00,0.00,0.00,0,0
2026-06-12 19:55:46.119,0.00,0.00,0.00,0.00,0,0
2026-06-12 19:55:46.169,0.00,0.00,0.00,0.00,2,0
2026-06-12 19:55:46.220,0.00,0.00,0.00,0.00,2,0
2026-06-12 19:55:46.270,0.00,0.00,0.00,0.00,2,0
2026-06-12 19:55:46.320,0.00,0.00,0.00,0.00,2,0
2026-06-12 19:55:46.372,0.00,0.00,0.00,0.00,2,0
2026-06-12 19:55:46.421,0.00,0.00,0.00,0.00,2,0
2026-06-12 19:55:46.471,0.00,0.00,0.00,0.00,2,0
2026-06-12 19:55:46.522,0.00,0.00,0.00,0.00,2,0
2026-06-12 19:55:46.572,0.00,0.00,0.00,0.00,2,0
2026-06-12 19:55:46.623,0.00,0.00,0.00,0.00,2,0
2026-06-12 19:55:46.673,0.00,0.00,0.00,0.00,2,0
2026-06-12 19:55:46.723,0.00,0.00,0.00,0.00,2,0
2026-06-12 19:55:46.774,0.00,0.00,0.00,0.00,2,0
2026-06-12 19:55:46.824,0.00,0.00,0.00,0.00,2,0
2026-06-12 19:55:46.875,0.00,0.00,0.00,0.00,2,0
2026-06-12 19:55:46.925,0.00,0.00,0.00,0.00,2,0
2026-06-12 19:55:46.976,0.00,0.00,0.00,0.00,2,0
2026-06-12 19:55:47.026,0.00,0.00,0.00,0.00,2,0
2026-06-12 19:55:47.076,0.00,0.00,0.00,0.00,2,0
2026-06-12 19:55:47.127,0.00,0.00,0.00,0.00,2,0
2026-06-12 19:55:47.178,0.00,0.00,0.00,0.00,2,0
2026-06-12 19:55:47.227,0.00,0.00,0.00,0.00,2,0
2026-06-12 19:55:47.278,0.00,0.00,0.00,0.00,2,0
2026-06-12 19:55:47.328,0.00,0.00,0.00,0.00,2,0
2026-06-12 19:55:47.379,0.00,0.00,0.00,0.00,2,0
2026-06-12 19:55:47.429,0.00,0.00,0.00,0.00,2,0
2026-06-12 19:55:47.480,0.00,0.00,0.00,0.00,2,0
2026-06-12 19:55:47.530,0.00,0.00,0.00,0.00,2,0
2026-06-12 19:55:47.580,0.00,0.00,0.00,0.00,2,0
2026-06-12 19:55:47.631,0.00,0.00,0.00,0.00,2,0
2026-06-12 19:55:47.681,0.00,0.00,0.00,0.00,2,0
2026-06-12 19:55:47.732,0.00,0.00,0.00,0.00,2,0
2026-06-12 19:55:47.782,0.00,0.00,0.00,0.00,2,0
2026-06-12 19:55:47.832,0.00,0.00,0.00,0.00,2,0
2026-06-12 19:55:47.883,0.00,0.00,0.00,0.00,2,0
2026-06-12 19:55:47.933,0.00,0.00,0.00,0.00,2,0
2026-06-12 19:55:47.983,0.00,0.00,0.00,0.00,2,0
2026-06-12 19:55:48.034,0.00,0.00,0.00,0.00,2,0
2026-06-12 19:55:48.084,0.00,0.00,0.00,0.00,2,0
2026-06-12 19:55:48.135,0.00,0.00,0.00,0.00,2,0
2026-06-12 19:55:48.185,0.00,0.00,0.00,0.00,2,0
2026-06-12 19:55:48.236,0.00,0.00,0.00,0.00,2,0
2026-06-12 19:55:48.286,0.00,0.00,0.00,0.00,2,0
2026-06-12 19:55:48.336,0.00,0.00,0.00,0.00,2,0
2026-06-12 19:55:48.387,0.00,0.00,0.00,0.00,2,0
2026-06-12 19:55:48.437,0.00,0.00,0.00,0.00,2,0
2026-06-12 19:55:48.491,0.00,0.00,0.00,0.00,2,0
2026-06-12 19:55:48.538,0.00,0.00,0.00,0.00,2,0
2026-06-12 19:55:48.589,0.00,0.00,0.00,0.00,2,0
2026-06-12 19:55:48.639,0.00,0.00,0.00,0.00,2,0
2026-06-12 19:55:48.689,0.00,0.00,0.00,0.00,2,0
2026-06-12 19:55:48.739,0.00,0.00,0.00,0.00,2,0
2026-06-12 19:55:48.790,0.00,0.00,0.00,0.00,2,0
2026-06-12 19:55:48.840,0.00,0.00,0.00,0.00,2,0
2026-06-12 19:55:48.891,0.00,0.00,0.00,0.00,2,0
2026-06-12 19:55:48.941,0.00,0.00,0.00,0.00,2,0
2026-06-12 19:55:48.992,0.00,0.00,0.00,0.00,2,0
2026-06-12 19:55:49.042,0.00,0.00,0.00,0.00,2,0
2026-06-12 19:55:49.092,0.00,0.00,0.00,0.00,2,0
2026-06-12 19:55:49.143,0.00,0.00,0.00,0.00,2,0
2026-06-12 19:55:49.193,0.00,0.00,0.00,0.00,2,0
2026-06-12 19:55:49.243,0.00,0.00,0.00,0.00,2,0
2026-06-12 19:55:49.294,0.00,0.00,0.00,0.00,2,0
2026-06-12 19:55:49.344,0.00,0.00,0.00,0.00,2,0
2026-06-12 19:55:49.395,0.00,0.00,0.00,0.00,2,0
2026-06-12 19:55:49.445,0.00,0.00,0.00,0.00,2,0
2026-06-12 19:55:49.495,0.00,0.00,0.00,0.00,2,0
2026-06-12 19:55:49.546,0.00,0.00,0.00,0.00,2,0
2026-06-12 19:55:49.596,0.00,0.00,0.00,0.00,2,0
2026-06-12 19:55:49.647,0.00,0.00,0.00,0.00,2,0
2026-06-12 19:55:49.697,0.00,0.00,0.00,0.00,2,0
2026-06-12 19:55:49.747,0.00,0.00,0.00,0.00,2,0
2026-06-12 19:55:49.798,0.00,0.00,0.00,0.00,2,0
2026-06-12 19:55:49.849,0.00,0.00,0.00,0.00,2,0
2026-06-12 19:55:49.898,0.00,0.00,0.00,0.00,2,0
2026-06-12 19:55:49.949,0.00,0.00,0.00,0.00,2,0
2026-06-12 19:55:49.999,0.00,0.00,0.00,0.00,2,0
2026-06-12 19:55:50.050,0.00,0.00,0.00,0.00,2,0
2026-06-12 19:55:50.100,0.00,0.00,0.00,0.00,2,0
2026-06-12 19:55:50.151,0.00,0.00,0.00,0.00,2,0
2026-06-12 19:55:50.202,0.00,0.00,0.00,0.00,2,0
2026-06-12 19:55:50.251,0.00,0.00,0.00,0.00,2,0
2026-06-12 19:55:50.302,0.00,0.00,0.00,0.00,2,0
2026-06-12 19:55:50.352,0.00,0.00,0.00,0.00,2,0
2026-06-12 19:55:50.402,0.00,0.00,0.00,0.00,2,0
2026-06-12 19:55:50.453,0.00,0.00,0.00,0.00,2,0
2026-06-12 19:55:50.503,0.00,0.00,0.00,0.00,2,0
2026-06-12 19:55:50.554,0.00,0.00,0.00,0.00,2,0
2026-06-12 19:55:50.604,0.00,0.00,0.00,0.00,2,0
2026-06-12 19:55:50.654,0.00,0.00,0.00,0.00,2,0
2026-06-12 19:55:50.705,0.00,0.00,0.00,0.00,2,0
2026-06-12 19:55:50.755,0.00,0.00,0.00,0.00,2,0
2026-06-12 19:55:50.806,0.00,0.00,0.00,0.00,2,0
2026-06-12 19:55:50.856,0.00,0.00,0.00,0.00,2,0
2026-06-12 19:55:50.906,0.00,0.00,0.00,0.00,2,0
2026-06-12 19:55:50.957,0.00,0.00,0.00,0.00,2,0
2026-06-12 19:55:51.007,0.00,0.00,0.00,0.00,2,0
2026-06-12 19:55:51.058,0.00,0.00,0.00,0.00,2,0
2026-06-12 19:55:51.108,0.00,0.00,0.00,0.00,2,0
2026-06-12 19:55:51.159,0.00,0.00,0.00,0.00,2,0
2026-06-12 19:55:51.209,0.00,0.00,0.00,0.00,2,0
2026-06-12 19:55:51.260,0.00,0.00,0.00,0.00,2,0
2026-06-12 19:55:51.310,0.00,0.00,0.00,0.00,2,0
2026-06-12 19:55:51.360,0.00,0.00,0.00,0.00,2,0
2026-06-12 19:55:51.411,0.00,0.00,0.00,0.00,2,0
2026-06-12 19:55:51.461,0.00,0.00,0.00,0.00,2,0
2026-06-12 19:55:51.511,0.00,0.00,0.00,0.00,2,0
2026-06-12 19:55:51.562,0.00,0.00,0.00,0.00,2,0
2026-06-12 19:55:51.612,0.00,0.00,0.00,0.00,2,0
2026-06-12 19:55:51.665,0.00,0.00,0.00,0.00,2,0
2026-06-12 19:55:51.713,0.00,0.00,0.00,0.00,1,0
2026-06-12 19:55:51.763,0.00,0.00,0.00,0.00,1,0
2026-06-12 19:55:51.814,0.00,0.00,0.00,0.00,1,0
2026-06-12 19:55:51.864,0.00,0.00,0.00,0.00,1,0
2026-06-12 19:55:51.915,0.00,0.00,0.00,0.00,1,0
2026-06-12 19:55:51.965,0.00,0.00,0.00,0.00,1,0
2026-06-12 19:55:52.015,0.00,0.00,0.00,0.00,1,0
2026-06-12 19:55:52.066,0.00,0.00,0.00,0.00,1,0
2026-06-12 19:55:52.116,0.00,0.00,0.00,0.00,1,0
2026-06-12 19:55:52.167,0.00,0.00,0.00,0.00,1,0
2026-06-12 19:55:52.217,0.00,0.00,0.00,0.00,1,0
2026-06-12 19:55:52.267,0.00,0.00,0.00,0.00,1,0
2026-06-12 19:55:52.318,0.00,0.00,0.00,0.00,1,0
2026-06-12 19:55:52.369,0.00,0.00,0.00,0.00,1,0
2026-06-12 19:55:52.419,0.00,0.00,0.00,0.00,1,0
2026-06-12 19:55:52.469,0.00,0.00,0.00,0.00,1,0
2026-06-12 19:55:52.519,0.00,0.00,0.00,0.00,1,0
2026-06-12 19:55:52.570,0.00,0.00,0.00,0.00,1,0
2026-06-12 19:55:52.620,0.00,0.00,0.00,0.00,1,0
2026-06-12 19:55:52.671,0.00,0.00,0.00,0.00,1,0
2026-06-12 19:55:52.721,0.00,0.00,0.00,0.00,1,0
2026-06-12 19:55:52.771,0.00,0.00,0.00,0.00,1,0
2026-06-12 19:55:52.822,0.00,0.00,0.00,0.00,1,0
2026-06-12 19:55:52.872,0.00,0.00,0.00,0.00,1,0
2026-06-12 19:55:52.922,0.00,0.00,0.00,0.00,1,0
2026-06-12 19:55:52.973,0.06,0.00,0.00,0.00,1,0
2026-06-12 19:55:53.023,0.06,0.00,1.71,0.51,1,0
2026-06-12 19:55:53.074,0.06,0.00,1.71,0.51,1,0
2026-06-12 19:55:53.124,0.06,0.00,1.71,0.51,1,0
2026-06-12 19:55:53.174,0.06,0.00,1.71,0.51,1,0
2026-06-12 19:55:53.225,0.06,0.00,1.71,0.51,1,0
2026-06-12 19:55:53.275,0.06,0.00,1.71,0.51,1,0
2026-06-12 19:55:53.326,0.06,0.00,1.71,0.51,1,0
2026-06-12 19:55:53.376,0.06,0.00,1.71,0.51,1,0
2026-06-12 19:55:53.427,0.06,0.00,1.71,0.51,1,0
2026-06-12 19:55:53.477,0.06,0.00,1.71,0.51,1,0
2026-06-12 19:55:53.527,0.06,0.00,1.71,0.51,1,0
2026-06-12 19:55:53.580,0.06,0.00,1.71,0.51,1,0
2026-06-12 19:55:53.629,0.06,0.00,1.71,0.51,1,0
2026-06-12 19:55:53.679,0.06,0.00,1.71,0.51,1,0
2026-06-12 19:55:53.729,0.06,0.00,1.71,0.51,1,0
2026-06-12 19:55:53.780,0.06,0.00,1.71,0.51,1,0
2026-06-12 19:55:53.830,0.06,0.00,1.71,0.51,1,0
2026-06-12 19:55:53.880,0.06,0.00,1.71,0.51,1,0
2026-06-12 19:55:53.930,0.06,0.00,1.71,0.51,1,0
2026-06-12 19:55:53.981,0.06,0.00,1.71,0.51,1,0
2026-06-12 19:55:54.031,0.06,0.00,1.71,0.51,1,0
2026-06-12 19:55:54.082,0.06,0.00,1.71,0.51,1,0
2026-06-12 19:55:54.132,0.06,0.00,1.71,0.51,1,0
2026-06-12 19:55:54.183,0.06,0.00,1.71,0.51,1,0
2026-06-12 19:55:54.233,0.06,0.00,1.71,0.51,1,0
2026-06-12 19:55:54.284,0.06,0.00,1.71,0.51,1,0
2026-06-12 19:55:54.334,0.06,0.00,1.71,0.51,1,0
2026-06-12 19:55:54.384,0.06,0.00,1.71,0.51,1,0
2026-06-12 19:55:54.435,0.06,0.00,1.71,0.51,1,0
2026-06-12 19:55:54.485,0.06,0.00,1.71,0.51,1,0
2026-06-12 19:55:54.535,0.06,0.00,1.71,0.51,1,0
2026-06-12 19:55:54.586,0.06,0.00,1.71,0.51,1,0
2026-06-12 19:55:54.636,0.06,0.00,1.71,0.51,1,0
2026-06-12 19:55:54.687,0.06,0.00,1.71,0.51,1,0
2026-06-12 19:55:54.737,0.06,0.00,1.71,0.51,0,0
2026-06-12 19:55:54.787,0.06,0.00,1.71,0.51,0,0
2026-06-12 19:55:54.838,0.06,0.00,1.71,0.51,0,0
2026-06-12 19:55:54.889,0.06,0.00,1.71,0.51,0,0
2026-06-12 19:55:54.939,0.00,0.00,1.71,0.51,0,0
2026-06-12 19:55:54.989,0.00,0.00,0.00,0.00,0,0
2026-06-12 19:55:55.039,0.00,0.00,0.00,0.00,0,0
2026-06-12 19:55:55.090,0.00,0.00,0.00,0.00,0,0
2026-06-12 19:55:55.140,0.00,0.00,0.00,0.00,0,0
2026-06-12 19:55:55.191,0.00,0.00,0.00,0.00,0,0
2026-06-12 19:55:55.241,0.00,0.00,0.00,0.00,0,0
2026-06-12 19:55:55.292,0.00,0.00,0.00,0.00,0,0
2026-06-12 19:55:55.342,0.00,0.00,0.00,0.00,0,0
2026-06-12 19:55:55.392,0.00,0.00,0.00,0.00,0,0
2026-06-12 19:55:55.443,0.00,0.00,0.00,0.00,0,0
2026-06-12 19:55:55.493,0.00,0.00,0.00,0.00,0,0
2026-06-12 19:55:55.543,0.00,0.00,0.00,0.00,0,0
2026-06-12 19:55:55.594,0.00,0.00,0.00,0.00,0,0
2026-06-12 19:55:55.648,0.00,0.00,0.00,0.00,0,0
2026-06-12 19:55:55.695,0.00,0.00,0.00,0.00,0,0
2026-06-12 19:55:55.745,0.00,0.00,0.00,0.00,0,0
2026-06-12 19:55:55.795,0.00,0.00,0.00,0.00,0,0
2026-06-12 19:55:55.847,0.00,0.00,0.00,0.00,0,0
2026-06-12 19:55:55.896,0.00,0.00,0.00,0.00,0,0
2026-06-12 19:55:55.947,0.00,0.00,0.00,0.00,0,0
2026-06-12 19:55:55.997,0.00,0.00,0.00,0.00,0,0
2026-06-12 19:55:56.048,0.00,0.00,0.00,0.00,0,0
2026-06-12 19:55:56.098,0.00,0.00,0.00,0.00,0,0
2026-06-12 19:55:56.149,0.00,0.00,0.00,0.00,0,0
2026-06-12 19:55:56.199,0.00,0.00,0.00,0.00,0,0
2026-06-12 19:55:56.249,0.00,0.00,0.00,0.00,0,0
2026-06-12 19:55:56.299,0.00,0.00,0.00,0.00,0,0
2026-06-12 19:55:56.350,0.00,0.00,0.00,0.00,0,0
2026-06-12 19:55:56.400,0.00,0.00,0.00,0.00,0,0
2026-06-12 19:55:56.451,0.00,0.00,0.00,0.00,0,0
2026-06-12 19:55:56.502,0.00,0.00,0.00,0.00,0,0
2026-06-12 19:55:56.551,0.00,0.00,0.00,0.00,0,0
2026-06-12 19:55:56.602,0.00,0.00,0.00,0.00,0,0
2026-06-12 19:55:56.652,0.00,0.00,0.00,0.00,0,0
2026-06-12 19:55:56.703,0.00,0.00,0.00,0.00,0,0
2026-06-12 19:55:56.753,0.05,0.00,0.00,0.00,2,0
2026-06-12 19:55:56.803,0.05,0.00,1.42,0.43,2,0
2026-06-12 19:55:56.854,0.05,0.00,1.42,0.43,2,0
2026-06-12 19:55:56.904,0.05,0.00,1.42,0.43,2,0
2026-06-12 19:55:56.955,0.05,0.00,1.42,0.43,2,0
2026-06-12 19:55:57.005,0.05,0.00,1.42,0.43,2,0
2026-06-12 19:55:57.055,0.05,0.00,1.42,0.43,2,0
2026-06-12 19:55:57.106,0.05,0.00,1.42,0.43,2,0
2026-06-12 19:55:57.156,0.05,0.00,1.42,0.43,2,0
2026-06-12 19:55:57.207,0.05,0.00,1.42,0.43,2,0
2026-06-12 19:55:57.264,0.05,0.00,1.42,0.43,2,0
2026-06-12 19:55:57.307,0.05,0.00,1.42,0.43,2,0
2026-06-12 19:55:57.358,0.05,0.00,1.42,0.43,2,0
2026-06-12 19:55:57.409,0.05,0.00,1.42,0.43,2,0
2026-06-12 19:55:57.459,0.05,0.00,1.42,0.43,2,0
2026-06-12 19:55:57.509,0.05,0.00,1.42,0.43,2,0
2026-06-12 19:55:57.559,0.05,0.00,1.42,0.43,2,0
2026-06-12 19:55:57.610,0.05,0.00,1.42,0.43,2,0
2026-06-12 19:55:57.660,0.05,0.00,1.42,0.43,2,0
2026-06-12 19:55:57.711,0.05,0.00,1.42,0.43,2,0
2026-06-12 19:55:57.761,0.05,0.00,1.42,0.43,2,0
2026-06-12 19:55:57.811,0.05,0.00,1.42,0.43,2,0
2026-06-12 19:55:57.862,0.05,0.00,1.42,0.43,2,0
2026-06-12 19:55:57.912,0.05,0.00,1.42,0.43,2,0
2026-06-12 19:55:57.963,0.08,0.00,1.42,0.43,2,0
2026-06-12 19:55:58.013,0.08,0.00,1.36,0.71,2,0
2026-06-12 19:55:58.063,0.08,0.00,1.36,0.71,2,0
2026-06-12 19:55:58.116,0.08,0.00,1.36,0.71,2,0
2026-06-12 19:55:58.164,0.08,0.00,1.36,0.71,2,0
2026-06-12 19:55:58.215,0.08,0.00,1.36,0.71,2,0
2026-06-12 19:55:58.265,0.08,0.00,1.36,0.71,2,0
2026-06-12 19:55:58.316,0.08,0.00,1.36,0.71,2,0
2026-06-12 19:55:58.366,0.08,0.00,1.36,0.71,2,0
2026-06-12 19:55:58.416,0.08,0.00,1.36,0.71,2,0
2026-06-12 19:55:58.467,0.08,0.00,1.36,0.71,2,0
2026-06-12 19:55:58.517,0.08,0.00,1.36,0.71,2,0
2026-06-12 19:55:58.568,0.08,0.00,1.36,0.71,2,0
2026-06-12 19:55:58.618,0.08,0.00,1.36,0.71,2,0
2026-06-12 19:55:58.669,0.08,0.00,1.36,0.71,2,0
2026-06-12 19:55:58.719,0.08,0.00,1.36,0.71,2,0
2026-06-12 19:55:58.769,0.08,0.00,1.36,0.71,2,0
2026-06-12 19:55:58.819,0.08,0.00,1.36,0.71,2,0
2026-06-12 19:55:58.870,0.08,0.00,1.36,0.71,2,0
2026-06-12 19:55:58.920,0.08,0.00,1.36,0.71,2,0
2026-06-12 19:55:58.971,0.08,0.00,1.36,0.71,2,0
2026-06-12 19:55:59.021,0.08,0.00,1.36,0.71,2,0
2026-06-12 19:55:59.073,0.08,0.00,1.36,0.71,2,0
2026-06-12 19:55:59.122,0.08,0.00,1.36,0.71,2,0
2026-06-12 19:55:59.172,0.08,0.00,1.36,0.71,2,0
2026-06-12 19:55:59.223,0.08,0.00,1.36,0.71,2,0
2026-06-12 19:55:59.273,0.08,0.00,1.36,0.71,2,0
2026-06-12 19:55:59.323,0.08,0.00,1.36,0.71,2,0
2026-06-12 19:55:59.374,0.08,0.00,1.36,0.71,2,0
2026-06-12 19:55:59.424,0.08,0.00,1.36,0.71,2,0
2026-06-12 19:55:59.476,0.08,0.00,1.36,0.71,2,0
2026-06-12 19:55:59.525,0.08,0.00,1.36,0.71,2,0
2026-06-12 19:55:59.575,0.08,0.00,1.36,0.71,2,0
2026-06-12 19:55:59.626,0.08,0.00,1.36,0.71,2,0
2026-06-12 19:55:59.688,0.08,0.00,1.36,0.71,2,0
2026-06-12 19:55:59.727,0.08,0.00,1.36,0.71,2,0
2026-06-12 19:55:59.778,0.08,0.00,1.36,0.71,2,0
2026-06-12 19:55:59.827,0.08,0.00,1.36,0.71,2,0
2026-06-12 19:55:59.878,0.08,0.00,1.36,0.71,2,0
2026-06-12 19:55:59.929,0.08,0.00,1.36,0.71,2,0
2026-06-12 19:55:59.979,0.00,0.00,1.36,0.71,2,0
2026-06-12 19:56:00.029,0.00,0.00,0.00,0.00,2,0
2026-06-12 19:56:00.079,0.00,0.00,0.00,0.00,2,0
2026-06-12 19:56:00.130,0.00,0.00,0.00,0.00,2,0
2026-06-12 19:56:00.180,0.00,0.00,0.00,0.00,2,0
2026-06-12 19:56:00.231,0.00,0.00,0.00,0.00,2,0
2026-06-12 19:56:00.281,0.00,0.00,0.00,0.00,2,0
2026-06-12 19:56:00.332,0.00,0.00,0.00,0.00,2,0
2026-06-12 19:56:00.384,0.00,0.00,0.00,0.00,2,0
2026-06-12 19:56:00.435,0.00,0.00,0.00,0.00,2,0
2026-06-12 19:56:00.483,0.00,0.00,0.00,0.00,2,0
2026-06-12 19:56:00.533,0.00,0.00,0.00,0.00,2,0
2026-06-12 19:56:00.584,0.00,0.00,0.00,0.00,2,0
2026-06-12 19:56:00.634,0.00,0.00,0.00,0.00,2,0
2026-06-12 19:56:00.684,0.00,0.00,0.00,0.00,2,0
2026-06-12 19:56:00.736,0.00,0.00,0.00,0.00,2,0
2026-06-12 19:56:00.785,0.00,0.00,0.00,0.00,2,0
2026-06-12 19:56:00.836,0.00,0.00,0.00,0.00,2,0
2026-06-12 19:56:00.892,0.00,0.00,0.00,0.00,2,0
2026-06-12 19:56:00.936,0.00,0.00,0.00,0.00,2,0
2026-06-12 19:56:00.987,0.00,0.00,0.00,0.00,2,0
2026-06-12 19:56:01.037,0.00,0.00,0.00,0.00,2,0
2026-06-12 19:56:01.087,0.00,0.00,0.00,0.00,2,0
2026-06-12 19:56:01.138,0.00,0.00,0.00,0.00,2,0
2026-06-12 19:56:01.188,0.00,0.00,0.00,0.00,2,0
2026-06-12 19:56:01.239,0.00,0.00,0.00,0.00,2,0
2026-06-12 19:56:01.289,0.00,0.00,0.00,0.00,2,0
2026-06-12 19:56:01.344,0.00,0.00,0.00,0.00,2,0
2026-06-12 19:56:01.390,0.00,0.00,0.00,0.00,2,0
2026-06-12 19:56:01.448,0.00,0.00,0.00,0.00,2,0
2026-06-12 19:56:01.491,0.00,0.00,0.00,0.00,2,0
2026-06-12 19:56:01.541,0.00,0.00,0.00,0.00,2,0
2026-06-12 19:56:01.591,0.00,0.00,0.00,0.00,2,0
2026-06-12 19:56:01.642,0.00,0.00,0.00,0.00,2,0
2026-06-12 19:56:01.692,0.00,0.00,0.00,0.00,2,0
2026-06-12 19:56:01.743,0.00,0.00,0.00,0.00,2,0
2026-06-12 19:56:01.793,0.00,0.00,0.00,0.00,2,0
2026-06-12 19:56:01.843,0.00,0.00,0.00,0.00,2,0
2026-06-12 19:56:01.894,0.00,0.00,0.00,0.00,2,0
2026-06-12 19:56:01.944,0.00,0.00,0.00,0.00,2,0
2026-06-12 19:56:01.995,0.00,0.00,0.00,0.00,2,0
2026-06-12 19:56:02.045,0.00,0.00,0.00,0.00,2,0
2026-06-12 19:56:02.095,0.00,0.00,0.00,0.00,2,0
2026-06-12 19:56:02.146,0.00,0.00,0.00,0.00,2,0
2026-06-12 19:56:02.196,0.00,0.00,0.00,0.00,2,0
2026-06-12 19:56:02.247,0.00,0.00,0.00,0.00,2,0
2026-06-12 19:56:02.297,0.00,0.00,0.00,0.00,2,0
2026-06-12 19:56:02.347,0.00,0.00,0.00,0.00,2,0
2026-06-12 19:56:02.398,0.00,0.00,0.00,0.00,2,0
2026-06-12 19:56:02.448,0.00,0.00,0.00,0.00,2,0
2026-06-12 19:56:02.499,0.00,0.00,0.00,0.00,2,0
2026-06-12 19:56:02.549,0.00,0.00,0.00,0.00,2,0
2026-06-12 19:56:02.599,0.00,0.00,0.00,0.00,2,0
2026-06-12 19:56:02.650,0.00,0.00,0.00,0.00,2,0
2026-06-12 19:56:02.700,0.00,0.00,0.00,0.00,2,0
2026-06-12 19:56:02.751,0.00,0.00,0.00,0.00,2,0
2026-06-12 19:56:02.801,0.00,0.00,0.00,0.00,2,0
2026-06-12 19:56:02.851,0.00,0.00,0.00,0.00,2,0
2026-06-12 19:56:02.902,0.00,0.00,0.00,0.00,2,0
2026-06-12 19:56:02.952,0.00,0.00,0.00,0.00,2,0
2026-06-12 19:56:03.003,0.00,0.00,0.00,0.00,2,0
2026-06-12 19:56:03.053,0.00,0.00,0.00,0.00,2,0
2026-06-12 19:56:03.103,0.00,0.00,0.00,0.00,2,0
2026-06-12 19:56:03.154,0.00,0.00,0.00,0.00,2,0
2026-06-12 19:56:03.204,0.00,0.00,0.00,0.00,2,0
2026-06-12 19:56:03.255,0.00,0.00,0.00,0.00,2,0
2026-06-12 19:56:03.305,0.00,0.00,0.00,0.00,2,0
2026-06-12 19:56:03.355,0.00,0.00,0.00,0.00,2,0
2026-06-12 19:56:03.406,0.00,0.00,0.00,0.00,2,0
2026-06-12 19:56:03.456,0.00,0.00,0.00,0.00,2,0
2026-06-12 19:56:03.507,0.00,0.00,0.00,0.00,2,0
2026-06-12 19:56:03.557,0.00,0.00,0.00,0.00,2,0
2026-06-12 19:56:03.607,0.00,0.00,0.00,0.00,2,0
2026-06-12 19:56:03.658,0.00,0.00,0.00,0.00,2,0
2026-06-12 19:56:03.709,0.00,0.00,0.00,0.00,2,0
2026-06-12 19:56:03.759,0.00,0.00,0.00,0.00,2,0
2026-06-12 19:56:03.809,0.00,0.00,0.00,0.00,2,0
2026-06-12 19:56:03.860,0.00,0.00,0.00,0.00,2,0
2026-06-12 19:56:03.910,0.00,0.00,0.00,0.00,2,0
2026-06-12 19:56:03.960,0.00,0.00,0.00,0.00,2,0
2026-06-12 19:56:04.013,0.00,0.00,0.00,0.00,2,0
2026-06-12 19:56:04.061,0.00,0.00,0.00,0.00,2,0
2026-06-12 19:56:04.111,0.00,0.00,0.00,0.00,2,0
2026-06-12 19:56:04.162,0.00,0.00,0.00,0.00,2,0
2026-06-12 19:56:04.212,0.00,0.00,0.00,0.00,2,0
2026-06-12 19:56:04.262,0.00,0.00,0.00,0.00,2,0
2026-06-12 19:56:04.313,0.00,0.00,0.00,0.00,2,0
2026-06-12 19:56:04.364,0.00,0.00,0.00,0.00,2,0
2026-06-12 19:56:04.414,0.00,0.00,0.00,0.00,2,0
2026-06-12 19:56:04.464,0.00,0.00,0.00,0.00,2,0
2026-06-12 19:56:04.515,0.00,0.00,0.00,0.00,2,0
2026-06-12 19:56:04.565,0.00,0.00,0.00,0.00,2,0
2026-06-12 19:56:04.615,0.00,0.00,0.00,0.00,2,0
2026-06-12 19:56:04.666,0.00,0.00,0.00,0.00,2,0
2026-06-12 19:56:04.716,0.00,0.00,0.00,0.00,2,0
2026-06-12 19:56:04.766,0.00,0.00,0.00,0.00,2,0
2026-06-12 19:56:04.817,0.00,0.00,0.00,0.00,2,0
2026-06-12 19:56:04.868,0.00,0.00,0.00,0.00,2,0
2026-06-12 19:56:04.918,0.00,0.00,0.00,0.00,2,0
2026-06-12 19:56:04.968,0.00,0.00,0.00,0.00,2,0
2026-06-12 19:56:05.019,0.00,0.00,0.00,0.00,2,0
2026-06-12 19:56:05.069,0.00,0.00,0.00,0.00,2,0
2026-06-12 19:56:05.119,0.00,0.00,0.00,0.00,2,0
2026-06-12 19:56:05.170,0.00,0.00,0.00,0.00,2,0
2026-06-12 19:56:05.220,0.00,0.00,0.00,0.00,2,0
2026-06-12 19:56:05.271,0.00,0.00,0.00,0.00,2,0
2026-06-12 19:56:05.322,0.00,0.00,0.00,0.00,2,0
2026-06-12 19:56:05.371,0.00,0.00,0.00,0.00,2,0
2026-06-12 19:56:05.422,0.00,0.00,0.00,0.00,2,0
2026-06-12 19:56:05.472,0.00,0.00,0.00,0.00,2,0
2026-06-12 19:56:05.522,0.00,0.00,0.00,0.00,2,0
2026-06-12 19:56:05.573,0.00,0.00,0.00,0.00,2,0
2026-06-12 19:56:05.623,0.00,0.00,0.00,0.00,2,0
2026-06-12 19:56:05.674,0.00,0.00,0.00,0.00,2,0
2026-06-12 19:56:05.725,0.00,0.00,0.00,0.00,2,0
2026-06-12 19:56:05.774,0.00,0.00,0.00,0.00,2,0
2026-06-12 19:56:05.825,0.00,0.00,0.00,0.00,2,0
2026-06-12 19:56:05.875,0.00,0.00,0.00,0.00,2,0
2026-06-12 19:56:05.927,0.00,0.00,0.00,0.00,2,0
2026-06-12 19:56:05.976,0.00,0.00,0.00,0.00,2,0
2026-06-12 19:56:06.027,0.00,0.00,0.00,0.00,2,0
2026-06-12 19:56:06.078,0.00,0.00,0.00,0.00,2,0
2026-06-12 19:56:06.127,0.00,0.00,0.00,0.00,2,0
2026-06-12 19:56:06.178,0.00,0.00,0.00,0.00,2,0
2026-06-12 19:56:06.229,0.00,0.00,0.00,0.00,2,0
2026-06-12 19:56:06.279,0.00,0.00,0.00,0.00,2,0
2026-06-12 19:56:06.329,0.00,0.00,0.00,0.00,2,0
2026-06-12 19:56:06.379,0.00,0.00,0.00,0.00,2,0
2026-06-12 19:56:06.430,0.00,0.00,0.00,0.00,2,0
2026-06-12 19:56:06.480,0.00,0.00,0.00,0.00,2,0
2026-06-12 19:56:06.530,0.00,0.00,0.00,0.00,2,0
2026-06-12 19:56:06.581,0.00,0.00,0.00,0.00,2,0
2026-06-12 19:56:06.631,0.00,0.00,0.00,0.00,2,0
2026-06-12 19:56:06.682,0.00,0.00,0.00,0.00,2,0
2026-06-12 19:56:06.732,0.00,0.00,0.00,0.00,2,0
2026-06-12 19:56:06.782,0.00,0.00,0.00,0.00,2,0
2026-06-12 19:56:06.833,0.00,0.00,0.00,0.00,2,0
2026-06-12 19:56:06.883,0.00,0.00,0.00,0.00,2,0
2026-06-12 19:56:06.934,0.00,0.00,0.00,0.00,2,0
2026-06-12 19:56:06.984,0.00,0.00,0.00,0.00,2,0
2026-06-12 19:56:07.035,0.00,0.00,0.00,0.00,2,0
2026-06-12 19:56:07.085,0.00,0.00,0.00,0.00,2,0
2026-06-12 19:56:07.135,0.00,0.00,0.00,0.00,2,0
2026-06-12 19:56:07.186,0.00,0.00,0.00,0.00,2,0
2026-06-12 19:56:07.237,0.00,0.00,0.00,0.00,2,0
2026-06-12 19:56:07.287,0.00,0.00,0.00,0.00,2,0
2026-06-12 19:56:07.337,0.00,0.00,0.00,0.00,2,0
2026-06-12 19:56:07.387,0.00,0.00,0.00,0.00,2,0
2026-06-12 19:56:07.438,0.00,0.00,0.00,0.00,2,0
2026-06-12 19:56:07.489,0.00,0.00,0.00,0.00,2,0
2026-06-12 19:56:07.539,0.00,0.00,0.00,0.00,2,0
2026-06-12 19:56:07.589,0.00,0.00,0.00,0.00,2,0
2026-06-12 19:56:07.639,0.00,0.00,0.00,0.00,2,0
2026-06-12 19:56:07.690,0.00,0.00,0.00,0.00,2,0
2026-06-12 19:56:07.740,0.00,0.00,0.00,0.00,2,0
2026-06-12 19:56:07.790,0.00,0.00,0.00,0.00,2,0
2026-06-12 19:56:07.841,0.00,0.00,0.00,0.00,2,0
2026-06-12 19:56:07.891,0.00,0.00,0.00,0.00,2,0
2026-06-12 19:56:07.942,0.00,0.00,0.00,0.00,2,0
2026-06-12 19:56:07.992,0.00,0.00,0.00,0.00,2,0
2026-06-12 19:56:08.042,0.00,0.00,0.00,0.00,2,0
2026-06-12 19:56:08.093,0.00,0.00,0.00,0.00,2,0
2026-06-12 19:56:08.145,0.00,0.00,0.00,0.00,2,0
2026-06-12 19:56:08.194,0.00,0.00,0.00,0.00,2,0
2026-06-12 19:56:08.244,0.00,0.00,0.00,0.00,2,0
2026-06-12 19:56:08.300,0.00,0.00,0.00,0.00,2,0
2026-06-12 19:56:08.345,0.00,0.00,0.00,0.00,2,0
2026-06-12 19:56:08.395,0.00,0.00,0.00,0.00,2,0
2026-06-12 19:56:08.446,0.00,0.00,0.00,0.00,2,0
2026-06-12 19:56:08.496,0.00,0.00,0.00,0.00,2,0
2026-06-12 19:56:08.546,0.00,0.00,0.00,0.00,2,0
2026-06-12 19:56:08.597,0.00,0.00,0.00,0.00,2,0
2026-06-12 19:56:08.647,0.00,0.00,0.00,0.00,2,0
2026-06-12 19:56:08.698,0.00,0.00,0.00,0.00,2,0
2026-06-12 19:56:08.749,0.00,0.00,0.00,0.00,2,0
2026-06-12 19:56:08.799,0.00,0.00,0.00,0.00,2,0
2026-06-12 19:56:08.849,0.00,0.00,0.00,0.00,2,0
2026-06-12 19:56:08.899,0.00,0.00,0.00,0.00,2,0
2026-06-12 19:56:08.950,0.00,0.00,0.00,0.00,2,0
2026-06-12 19:56:09.000,0.00,0.00,0.00,0.00,2,0
2026-06-12 19:56:09.050,0.00,0.00,0.00,0.00,2,0
2026-06-12 19:56:09.101,0.00,0.00,0.00,0.00,2,0
2026-06-12 19:56:09.152,0.00,0.00,0.00,0.00,2,0
2026-06-12 19:56:09.202,0.00,0.00,0.00,0.00,2,0
2026-06-12 19:56:09.252,0.00,0.00,0.00,0.00,2,0
2026-06-12 19:56:09.302,0.00,0.00,0.00,0.00,2,0
2026-06-12 19:56:09.353,0.00,0.00,0.00,0.00,2,0
2026-06-12 19:56:09.403,0.00,0.00,0.00,0.00,2,0
2026-06-12 19:56:09.454,0.00,0.00,0.00,0.00,2,0
2026-06-12 19:56:09.504,0.00,0.00,0.00,0.00,2,0
2026-06-12 19:56:09.554,0.00,0.00,0.00,0.00,2,0
2026-06-12 19:56:09.605,0.00,0.00,0.00,0.00,2,0
2026-06-12 19:56:09.655,0.00,0.00,0.00,0.00,2,0
2026-06-12 19:56:09.708,0.00,0.00,0.00,0.00,2,0
2026-06-12 19:56:09.756,0.00,0.00,0.00,0.00,2,0
2026-06-12 19:56:09.806,0.00,0.00,0.00,0.00,2,0
2026-06-12 19:56:09.857,0.00,0.00,0.00,0.00,2,0
2026-06-12 19:56:09.907,0.00,0.00,0.00,0.00,2,0
2026-06-12 19:56:09.958,0.00,0.00,0.00,0.00,2,0
2026-06-12 19:56:10.008,0.00,0.00,0.00,0.00,2,0
2026-06-12 19:56:10.059,0.00,0.00,0.00,0.00,2,0
2026-06-12 19:56:10.109,0.00,0.00,0.00,0.00,2,0
2026-06-12 19:56:10.159,0.00,0.00,0.00,0.00,2,0
2026-06-12 19:56:10.210,0.00,0.00,0.00,0.00,2,0
2026-06-12 19:56:10.260,0.06,0.00,0.00,0.00,2,0
2026-06-12 19:56:10.310,0.06,0.00,1.73,0.52,2,0
2026-06-12 19:56:10.361,0.06,0.00,1.73,0.52,2,0
2026-06-12 19:56:10.411,0.06,0.00,1.73,0.52,2,0
2026-06-12 19:56:10.462,0.06,0.00,1.73,0.52,2,0
2026-06-12 19:56:10.512,0.06,0.00,1.73,0.52,2,0
2026-06-12 19:56:10.562,0.06,0.00,1.73,0.52,2,0
2026-06-12 19:56:10.613,0.06,0.00,1.73,0.52,2,0
2026-06-12 19:56:10.663,0.06,0.00,1.73,0.52,2,0
2026-06-12 19:56:10.714,0.06,0.00,1.73,0.52,2,0
2026-06-12 19:56:10.764,0.06,0.00,1.73,0.52,2,0
2026-06-12 19:56:10.814,0.06,0.00,1.73,0.52,2,0
2026-06-12 19:56:10.865,0.06,0.00,1.73,0.52,2,0
2026-06-12 19:56:10.915,0.06,0.00,1.73,0.52,2,0
2026-06-12 19:56:10.966,0.06,0.00,1.73,0.52,2,0
2026-06-12 19:56:11.016,0.06,0.00,1.73,0.52,2,0
2026-06-12 19:56:11.066,0.06,0.00,1.73,0.52,2,0
2026-06-12 19:56:11.117,0.06,0.00,1.73,0.52,2,0
2026-06-12 19:56:11.167,0.06,0.00,1.73,0.52,2,0
2026-06-12 19:56:11.218,0.06,0.00,1.73,0.52,2,0
2026-06-12 19:56:11.269,0.06,0.00,1.73,0.52,2,0
2026-06-12 19:56:11.319,0.06,0.00,1.73,0.52,2,0
2026-06-12 19:56:11.369,0.06,0.00,1.73,0.52,2,0
2026-06-12 19:56:11.419,0.06,0.00,1.73,0.52,2,0
2026-06-12 19:56:11.470,0.06,0.00,1.73,0.52,2,0
2026-06-12 19:56:11.520,0.11,0.00,1.73,0.52,2,0
2026-06-12 19:56:11.572,0.11,0.00,2.03,0.97,2,0
2026-06-12 19:56:11.621,0.11,0.00,2.03,0.97,2,0
2026-06-12 19:56:11.672,0.11,0.00,2.03,0.97,2,0
2026-06-12 19:56:11.722,0.11,0.00,2.03,0.97,2,0
2026-06-12 19:56:11.772,0.14,0.01,2.03,0.97,2,0
2026-06-12 19:56:11.822,0.14,0.01,2.00,1.28,2,0
2026-06-12 19:56:11.879,0.14,0.01,2.00,1.28,2,0
2026-06-12 19:56:11.923,0.14,0.01,2.00,1.28,2,0
2026-06-12 19:56:11.976,0.17,0.01,2.00,1.28,2,0
2026-06-12 19:56:12.024,0.17,0.01,2.15,1.54,2,0
2026-06-12 19:56:12.080,0.17,0.01,2.15,1.54,2,0
2026-06-12 19:56:12.125,0.65,0.14,2.15,1.54,2,0
2026-06-12 19:56:12.175,0.65,0.14,16.14,5.92,2,0
2026-06-12 19:56:12.226,1.82,0.51,16.14,5.92,2,0
2026-06-12 19:56:12.276,1.82,0.51,41.34,16.55,2,0
2026-06-12 19:56:12.327,3.02,0.93,41.34,16.55,2,0
2026-06-12 19:56:12.377,3.02,0.93,52.70,27.39,2,0
2026-06-12 19:56:12.427,3.02,0.93,52.70,27.39,2,0
2026-06-12 19:56:12.478,4.08,1.14,52.70,27.39,2,0
2026-06-12 19:56:12.529,4.08,1.14,59.56,37.04,2,0
2026-06-12 19:56:12.579,4.98,1.34,59.56,37.04,2,0
2026-06-12 19:56:12.629,4.98,1.34,64.28,45.21,2,0
2026-06-12 19:56:12.679,5.74,1.45,64.28,45.21,2,0
2026-06-12 19:56:12.730,5.74,1.45,68.21,52.11,2,0
2026-06-12 19:56:12.780,7.39,3.00,68.21,52.11,2,0
2026-06-12 19:56:12.830,7.39,3.00,89.22,67.14,2,0
2026-06-12 19:56:12.882,8.50,3.16,89.22,67.14,2,0
2026-06-12 19:56:12.931,8.50,3.16,100.56,77.16,2,0
2026-06-12 19:56:12.982,9.42,3.07,100.56,77.16,2,0
2026-06-12 19:56:13.032,10.22,3.05,105.24,85.59,2,0
2026-06-12 19:56:13.083,10.22,3.05,109.80,92.85,2,0
2026-06-12 19:56:13.133,10.09,2.54,109.80,92.85,2,0
2026-06-12 19:56:13.183,10.09,2.54,88.83,91.65,2,0
2026-06-12 19:56:13.234,9.81,2.00,88.83,91.65,2,0
2026-06-12 19:56:13.284,9.81,2.00,83.14,89.09,2,0
2026-06-12 19:56:13.335,9.65,1.64,83.14,89.09,2,0
2026-06-12 19:56:13.385,9.52,1.32,84.14,87.61,2,0
2026-06-12 19:56:13.435,9.52,1.32,83.82,86.47,2,0
2026-06-12 19:56:13.486,12.08,2.18,83.82,86.47,1,0
2026-06-12 19:56:13.536,12.08,2.18,163.86,109.69,1,0
2026-06-12 19:56:13.592,14.05,2.93,163.86,109.69,1,0
2026-06-12 19:56:13.637,14.05,2.93,169.44,127.61,1,0
2026-06-12 19:56:13.687,15.48,3.08,169.44,127.61,1,0
2026-06-12 19:56:13.738,14.68,2.18,170.77,140.56,1,0
2026-06-12 19:56:13.789,14.68,2.18,116.54,133.36,1,0
2026-06-12 19:56:13.839,13.18,1.03,116.54,133.36,1,0
2026-06-12 19:56:13.889,13.18,1.03,87.88,119.71,1,0
2026-06-12 19:56:13.940,12.10,0.43,87.88,119.71,1,0
2026-06-12 19:56:13.990,12.10,0.43,86.94,109.88,1,0
2026-06-12 19:56:14.040,11.31,0.03,86.94,109.88,1,0
2026-06-12 19:56:14.091,10.68,-0.32,85.85,102.67,1,0
2026-06-12 19:56:14.141,10.68,-0.32,83.59,96.95,1,0
2026-06-12 19:56:14.191,10.15,-0.49,83.59,96.95,1,0
2026-06-12 19:56:14.242,10.15,-0.49,81.16,92.21,1,0
2026-06-12 19:56:14.292,9.73,-0.59,81.16,92.21,1,0
2026-06-12 19:56:14.343,9.73,-0.59,79.49,88.40,1,0
2026-06-12 19:56:14.393,9.36,-0.65,79.49,88.40,1,0
2026-06-12 19:56:14.444,9.36,-0.65,77.05,84.99,1,0
2026-06-12 19:56:14.494,9.00,-0.70,77.05,84.99,1,0
2026-06-12 19:56:14.544,9.00,-0.70,74.26,81.77,1,0
2026-06-12 19:56:14.595,9.00,-0.70,74.26,81.77,1,0
2026-06-12 19:56:14.645,8.61,-0.73,74.26,81.77,1,0
2026-06-12 19:56:14.696,8.61,-0.73,69.95,78.22,1,0
2026-06-12 19:56:14.746,8.61,-0.73,69.95,78.22,1,0
2026-06-12 19:56:14.797,8.10,-0.76,69.95,78.22,1,0
2026-06-12 19:56:14.847,8.10,-0.76,62.52,73.51,1,0
2026-06-12 19:56:14.897,8.10,-0.76,62.52,73.51,1,0
2026-06-12 19:56:14.949,8.10,-0.76,62.52,73.51,1,0
2026-06-12 19:56:14.999,7.32,-0.79,62.52,73.51,1,0
2026-06-12 19:56:15.049,7.32,-0.79,50.09,66.49,1,0
2026-06-12 19:56:15.100,7.32,-0.79,50.09,66.49,1,0
2026-06-12 19:56:15.152,7.32,-0.79,50.09,66.49,1,0
2026-06-12 19:56:15.200,7.32,-0.79,50.09,66.49,1,0
2026-06-12 19:56:15.251,7.32,-0.79,50.09,66.49,1,0
2026-06-12 19:56:15.301,7.32,-0.79,50.09,66.49,1,0
2026-06-12 19:56:15.351,7.32,-0.79,50.09,66.49,1,0
2026-06-12 19:56:15.407,7.32,-0.79,50.09,66.49,1,0
2026-06-12 19:56:15.452,7.32,-0.79,50.09,66.49,1,0
2026-06-12 19:56:15.502,7.32,-0.79,50.09,66.49,1,0
2026-06-12 19:56:15.559,7.32,-0.79,50.09,66.49,1,0
2026-06-12 19:56:15.603,7.32,-0.79,50.09,66.49,1,0
2026-06-12 19:56:15.654,7.32,-0.79,50.09,66.49,1,0
2026-06-12 19:56:15.704,7.32,-0.79,50.09,66.49,1,0
2026-06-12 19:56:15.764,7.32,-0.79,50.09,66.49,1,0
2026-06-12 19:56:15.805,7.32,-0.79,50.09,66.49,1,0
2026-06-12 19:56:15.856,7.32,-0.79,50.09,66.49,1,0
2026-06-12 19:56:15.906,7.32,-0.79,50.09,66.49,1,0
2026-06-12 19:56:15.957,7.32,-0.79,50.09,66.49,1,0
2026-06-12 19:56:16.007,7.32,-0.79,50.09,66.49,1,0
2026-06-12 19:56:16.057,7.32,-0.79,50.09,66.49,1,0
2026-06-12 19:56:16.108,7.32,-0.79,50.09,66.49,1,0
2026-06-12 19:56:16.158,7.32,-0.79,50.09,66.49,1,0
2026-06-12 19:56:16.209,7.32,-0.79,50.09,66.49,1,0
2026-06-12 19:56:16.261,7.32,-0.79,50.09,66.49,1,0
2026-06-12 19:56:16.309,7.32,-0.79,50.09,66.49,1,0
2026-06-12 19:56:16.360,7.32,-0.79,50.09,66.49,1,0
2026-06-12 19:56:16.412,7.32,-0.79,50.09,66.49,1,0
2026-06-12 19:56:16.461,7.32,-0.79,50.09,66.49,1,0
2026-06-12 19:56:16.519,5.62,-0.79,50.09,66.49,0,0
2026-06-12 19:56:16.564,5.62,-0.79,15.00,51.04,0,0
2026-06-12 19:56:16.612,5.62,-0.79,15.00,51.04,0,0
2026-06-12 19:56:16.662,5.62,-0.79,15.00,51.04,0,0
2026-06-12 19:56:16.713,5.62,-0.79,15.00,51.04,0,0
2026-06-12 19:56:16.763,5.62,-0.79,15.00,51.04,0,0
2026-06-12 19:56:16.814,5.62,-0.79,15.00,51.04,0,0
2026-06-12 19:56:16.864,5.62,-0.79,15.00,51.04,0,0
2026-06-12 19:56:16.914,5.62,-0.79,15.00,51.04,0,0
2026-06-12 19:56:16.965,5.62,-0.79,15.00,51.04,0,0
2026-06-12 19:56:17.015,5.62,-0.79,15.00,51.04,0,0
2026-06-12 19:56:17.065,5.62,-0.79,15.00,51.04,0,0
2026-06-12 19:56:17.116,5.62,-0.79,15.00,51.04,0,0
2026-06-12 19:56:17.166,5.62,-0.79,15.00,51.04,0,0
2026-06-12 19:56:17.217,5.62,-0.79,15.00,51.04,0,0
2026-06-12 19:56:17.267,5.62,-0.79,15.00,51.04,0,0
2026-06-12 19:56:17.318,5.62,-0.79,15.00,51.04,0,0
2026-06-12 19:56:17.369,5.62,-0.79,15.00,51.04,0,0
2026-06-12 19:56:17.418,5.62,-0.79,15.00,51.04,0,0
2026-06-12 19:56:17.469,5.62,-0.79,15.00,51.04,0,0
2026-06-12 19:56:17.519,5.62,-0.79,15.00,51.04,0,0
2026-06-12 19:56:17.570,5.62,-0.79,15.00,51.04,0,0
2026-06-12 19:56:17.620,5.62,-0.79,15.00,51.04,0,0
2026-06-12 19:56:17.671,5.62,-0.79,15.00,51.04,0,0
2026-06-12 19:56:17.721,5.62,-0.79,15.00,51.04,0,0
2026-06-12 19:56:17.771,5.62,-0.79,15.00,51.04,0,0
2026-06-12 19:56:17.822,5.62,-0.79,15.00,51.04,0,0
2026-06-12 19:56:17.874,5.62,-0.79,15.00,51.04,0,0
2026-06-12 19:56:17.923,5.62,-0.79,15.00,51.04,0,0
2026-06-12 19:56:17.975,5.62,-0.79,15.00,51.04,0,0
2026-06-12 19:56:18.023,5.62,-0.79,15.00,51.04,0,0
2026-06-12 19:56:18.075,5.62,-0.79,15.00,51.04,0,0
2026-06-12 19:56:18.124,5.62,-0.79,15.00,51.04,0,0
2026-06-12 19:56:18.175,5.62,-0.79,15.00,51.04,0,0
2026-06-12 19:56:18.225,5.62,-0.79,15.00,51.04,0,0
2026-06-12 19:56:18.276,5.62,-0.79,15.00,51.04,0,0
2026-06-12 19:56:18.326,5.62,-0.79,15.00,51.04,0,0
2026-06-12 19:56:18.376,5.62,-0.79,15.00,51.04,0,0
2026-06-12 19:56:18.427,5.62,-0.79,15.00,51.04,0,0
2026-06-12 19:56:18.477,5.62,-0.79,15.00,51.04,0,0
2026-06-12 19:56:18.528,0.28,0.00,15.00,51.04,2,0
2026-06-12 19:56:18.578,0.28,0.00,8.49,2.55,2,0
2026-06-12 19:56:18.629,0.28,0.00,8.49,2.55,2,0
2026-06-12 19:56:18.679,0.28,0.00,8.49,2.55,2,0
2026-06-12 19:56:18.729,0.28,0.00,8.49,2.55,2,0
2026-06-12 19:56:18.780,0.28,0.00,8.49,2.55,2,0
2026-06-12 19:56:18.830,0.28,0.00,8.49,2.55,2,0
2026-06-12 19:56:18.880,0.28,0.00,8.49,2.55,2,0
2026-06-12 19:56:18.931,0.28,0.00,8.49,2.55,2,0
2026-06-12 19:56:18.981,0.28,0.00,8.49,2.55,2,0
2026-06-12 19:56:19.032,0.28,0.00,8.49,2.55,2,0
2026-06-12 19:56:19.082,0.28,0.00,8.49,2.55,2,0
2026-06-12 19:56:19.132,0.28,0.00,8.49,2.55,2,0
2026-06-12 19:56:19.183,0.28,0.00,8.49,2.55,2,0
2026-06-12 19:56:19.233,0.28,0.00,8.49,2.55,2,0
2026-06-12 19:56:19.284,0.28,0.00,8.49,2.55,2,0
2026-06-12 19:56:19.334,0.28,0.00,8.49,2.55,2,0
2026-06-12 19:56:19.384,0.28,0.00,8.49,2.55,2,0
2026-06-12 19:56:19.435,0.28,0.00,8.49,2.55,2,0
2026-06-12 19:56:19.485,0.28,0.00,8.49,2.55,2,0
2026-06-12 19:56:19.536,0.28,0.00,8.49,2.55,2,0
2026-06-12 19:56:19.586,0.28,0.00,8.49,2.55,2,0
2026-06-12 19:56:19.637,0.28,0.00,8.49,2.55,2,0
2026-06-12 19:56:19.687,0.28,0.00,8.49,2.55,2,0
2026-06-12 19:56:19.737,0.28,0.00,8.49,2.55,2,0
2026-06-12 19:56:19.788,0.28,0.00,8.49,2.55,2,0
2026-06-12 19:56:19.839,0.28,0.00,8.49,2.55,2,0
2026-06-12 19:56:19.889,0.28,0.00,8.49,2.55,2,0
2026-06-12 19:56:19.939,0.28,0.00,8.49,2.55,2,0
2026-06-12 19:56:19.989,0.28,0.00,8.49,2.55,2,0
2026-06-12 19:56:20.040,0.28,0.00,8.49,2.55,2,0
2026-06-12 19:56:20.090,0.28,0.00,8.49,2.55,2,0
2026-06-12 19:56:20.140,0.28,0.00,8.49,2.55,2,0
2026-06-12 19:56:20.191,0.28,0.00,8.49,2.55,2,0
2026-06-12 19:56:20.241,0.28,0.00,8.49,2.55,2,0
2026-06-12 19:56:20.292,0.28,0.00,8.49,2.55,2,0
2026-06-12 19:56:20.342,0.28,0.00,8.49,2.55,2,0
2026-06-12 19:56:20.393,0.28,0.00,8.49,2.55,2,0
2026-06-12 19:56:20.443,0.28,0.00,8.49,2.55,2,0
2026-06-12 19:56:20.495,0.28,0.00,8.49,2.55,2,0
2026-06-12 19:56:20.544,0.00,0.00,8.49,2.55,2,0
2026-06-12 19:56:20.594,0.00,0.00,0.00,0.00,2,0
2026-06-12 19:56:20.644,0.00,0.00,0.00,0.00,2,0
2026-06-12 19:56:20.695,0.00,0.00,0.00,0.00,2,0
2026-06-12 19:56:20.745,0.00,0.00,0.00,0.00,2,0
2026-06-12 19:56:20.796,0.00,0.00,0.00,0.00,2,0
2026-06-12 19:56:20.850,0.00,0.00,0.00,0.00,2,0
2026-06-12 19:56:20.897,0.00,0.00,0.00,0.00,2,0
2026-06-12 19:56:20.947,0.00,0.00,0.00,0.00,2,0
2026-06-12 19:56:21.003,0.00,0.00,0.00,0.00,2,0
2026-06-12 19:56:21.048,0.00,0.00,0.00,0.00,2,0
2026-06-12 19:56:21.098,0.00,0.00,0.00,0.00,2,0
2026-06-12 19:56:21.149,0.00,0.00,0.00,0.00,2,0
2026-06-12 19:56:21.203,0.00,0.00,0.00,0.00,2,0
2026-06-12 19:56:21.249,0.00,0.00,0.00,0.00,2,0
2026-06-12 19:56:21.300,0.00,0.00,0.00,0.00,2,0
2026-06-12 19:56:21.350,0.00,0.00,0.00,0.00,2,0
2026-06-12 19:56:21.400,0.00,0.00,0.00,0.00,2,0
2026-06-12 19:56:21.451,0.00,0.00,0.00,0.00,2,0
2026-06-12 19:56:21.501,0.00,0.00,0.00,0.00,2,0
2026-06-12 19:56:21.552,0.00,0.00,0.00,0.00,2,0
2026-06-12 19:56:21.602,0.00,0.00,0.00,0.00,2,0
2026-06-12 19:56:21.652,0.00,0.00,0.00,0.00,2,0
2026-06-12 19:56:21.703,0.00,0.00,0.00,0.00,2,0
2026-06-12 19:56:21.753,0.00,0.00,0.00,0.00,2,0
2026-06-12 19:56:21.804,0.00,0.00,0.00,0.00,2,0
2026-06-12 19:56:21.854,0.00,0.00,0.00,0.00,2,0
2026-06-12 19:56:21.904,0.00,0.00,0.00,0.00,2,0
2026-06-12 19:56:21.955,0.00,0.00,0.00,0.00,2,0
2026-06-12 19:56:22.006,0.00,0.00,0.00,0.00,2,0
2026-06-12 19:56:22.056,0.00,0.00,0.00,0.00,2,0
2026-06-12 19:56:22.106,0.00,0.00,0.00,0.00,2,0
2026-06-12 19:56:22.156,0.00,0.00,0.00,0.00,2,0
2026-06-12 19:56:22.207,0.00,0.00,0.00,0.00,2,0
2026-06-12 19:56:22.259,0.00,0.00,0.00,0.00,2,0
2026-06-12 19:56:22.308,0.00,0.00,0.00,0.00,2,0
2026-06-12 19:56:22.359,0.00,0.00,0.00,0.00,2,0
2026-06-12 19:56:22.409,0.00,0.00,0.00,0.00,2,0
2026-06-12 19:56:22.459,0.00,0.00,0.00,0.00,2,0
2026-06-12 19:56:22.509,0.00,0.00,0.00,0.00,2,0
2026-06-12 19:56:22.560,0.00,0.00,0.00,0.00,2,0
2026-06-12 19:56:22.610,0.00,0.00,0.00,0.00,2,0
2026-06-12 19:56:22.660,0.00,0.00,0.00,0.00,2,0
2026-06-12 19:56:22.711,0.00,0.00,0.00,0.00,2,0
2026-06-12 19:56:22.761,0.00,0.00,0.00,0.00,2,0
2026-06-12 19:56:22.812,0.00,0.00,0.00,0.00,2,0
2026-06-12 19:56:22.862,0.00,0.00,0.00,0.00,2,0
2026-06-12 19:56:22.912,0.00,0.00,0.00,0.00,2,0
2026-06-12 19:56:22.963,0.00,0.00,0.00,0.00,2,0
2026-06-12 19:56:23.013,0.00,0.00,0.00,0.00,2,0
2026-06-12 19:56:23.064,0.00,0.00,0.00,0.00,2,0
2026-06-12 19:56:23.114,0.00,0.00,0.00,0.00,2,0
2026-06-12 19:56:23.164,0.00,0.00,0.00,0.00,2,0
2026-06-12 19:56:23.215,0.00,0.00,0.00,0.00,2,0
2026-06-12 19:56:23.265,0.00,0.00,0.00,0.00,2,0
2026-06-12 19:56:23.316,0.00,0.00,0.00,0.00,2,0
2026-06-12 19:56:23.366,0.00,0.00,0.00,0.00,2,0
2026-06-12 19:56:23.416,0.00,0.00,0.00,0.00,2,0
2026-06-12 19:56:23.467,0.00,0.00,0.00,0.00,2,0
2026-06-12 19:56:23.517,0.00,0.00,0.00,0.00,2,0
2026-06-12 19:56:23.568,0.00,0.00,0.00,0.00,2,0
2026-06-12 19:56:23.619,0.00,0.00,0.00,0.00,2,0
2026-06-12 19:56:23.668,0.00,0.00,0.00,0.00,2,0
2026-06-12 19:56:23.719,0.00,0.00,0.00,0.00,2,0
2026-06-12 19:56:23.769,0.00,0.00,0.00,0.00,2,0
2026-06-12 19:56:23.821,0.00,0.00,0.00,0.00,2,0
2026-06-12 19:56:23.872,0.00,0.00,0.00,0.00,2,0
2026-06-12 19:56:23.921,0.00,0.00,0.00,0.00,2,0
2026-06-12 19:56:23.971,0.00,0.00,0.00,0.00,2,0
2026-06-12 19:56:24.022,0.00,0.00,0.00,0.00,2,0
2026-06-12 19:56:24.072,0.00,0.00,0.00,0.00,2,0
2026-06-12 19:56:24.122,0.00,0.00,0.00,0.00,2,0
2026-06-12 19:56:24.172,0.00,0.00,0.00,0.00,2,0
2026-06-12 19:56:24.223,0.00,0.00,0.00,0.00,2,0
2026-06-12 19:56:24.277,0.00,0.00,0.00,0.00,2,0
2026-06-12 19:56:24.324,0.00,0.00,0.00,0.00,2,0
2026-06-12 19:56:24.374,0.00,0.00,0.00,0.00,2,0
2026-06-12 19:56:24.425,0.00,0.00,0.00,0.00,2,0
2026-06-12 19:56:24.475,0.00,0.00,0.00,0.00,2,0
2026-06-12 19:56:24.525,0.00,0.00,0.00,0.00,2,0
2026-06-12 19:56:24.576,0.00,0.00,0.00,0.00,2,0
2026-06-12 19:56:24.626,0.00,0.00,0.00,0.00,2,0
2026-06-12 19:56:24.676,0.00,0.00,0.00,0.00,2,0
2026-06-12 19:56:24.727,0.00,0.00,0.00,0.00,2,0
2026-06-12 19:56:24.777,0.00,0.00,0.00,0.00,2,0
2026-06-12 19:56:24.828,0.00,0.00,0.00,0.00,2,0
2026-06-12 19:56:24.878,0.00,0.00,0.00,0.00,2,0
2026-06-12 19:56:24.929,0.00,0.00,0.00,0.00,2,0
2026-06-12 19:56:24.979,0.00,0.00,0.00,0.00,2,0
2026-06-12 19:56:25.029,0.00,0.00,0.00,0.00,2,0
2026-06-12 19:56:25.079,0.00,0.00,0.00,0.00,2,0
2026-06-12 19:56:25.130,0.00,0.00,0.00,0.00,2,0
2026-06-12 19:56:25.180,0.00,0.00,0.00,0.00,2,0
2026-06-12 19:56:25.236,0.00,0.00,0.00,0.00,2,0
2026-06-12 19:56:25.281,0.00,0.00,0.00,0.00,2,0
2026-06-12 19:56:25.331,0.00,0.00,0.00,0.00,2,0
2026-06-12 19:56:25.382,0.00,0.00,0.00,0.00,2,0
2026-06-12 19:56:25.432,0.00,0.00,0.00,0.00,2,0
2026-06-12 19:56:25.483,0.00,0.00,0.00,0.00,2,0
2026-06-12 19:56:25.533,0.00,0.00,0.00,0.00,2,0
2026-06-12 19:56:25.583,0.00,0.00,0.00,0.00,2,0
2026-06-12 19:56:25.634,0.00,0.00,0.00,0.00,2,0
2026-06-12 19:56:25.684,0.00,0.00,0.00,0.00,2,0
2026-06-12 19:56:25.735,0.00,0.00,0.00,0.00,2,0
2026-06-12 19:56:25.785,0.00,0.00,0.00,0.00,2,0
2026-06-12 19:56:25.836,0.00,0.00,0.00,0.00,2,0
2026-06-12 19:56:25.886,0.00,0.00,0.00,0.00,2,0
2026-06-12 19:56:25.936,0.00,0.00,0.00,0.00,2,0
2026-06-12 19:56:25.987,0.00,0.00,0.00,0.00,2,0
2026-06-12 19:56:26.037,0.00,0.00,0.00,0.00,2,0
2026-06-12 19:56:26.088,0.00,0.00,0.00,0.00,2,0
2026-06-12 19:56:26.139,0.10,0.00,0.00,0.00,2,0
2026-06-12 19:56:26.189,0.10,0.00,3.12,0.93,2,0
2026-06-12 19:56:26.239,0.10,0.00,3.12,0.93,2,0
2026-06-12 19:56:26.289,0.10,0.00,3.12,0.93,2,0
2026-06-12 19:56:26.340,0.10,0.00,3.12,0.93,2,0
2026-06-12 19:56:26.390,0.10,0.00,3.12,0.93,2,0
2026-06-12 19:56:26.441,0.20,0.01,3.12,0.93,2,0
2026-06-12 19:56:26.491,0.20,0.01,3.80,1.80,2,0
2026-06-12 19:56:26.541,0.20,0.01,3.80,1.80,2,0
2026-06-12 19:56:26.592,0.20,0.01,3.80,1.80,2,0
2026-06-12 19:56:26.642,0.26,0.03,3.80,1.80,2,0
2026-06-12 19:56:26.692,0.26,0.03,3.71,2.37,2,0
2026-06-12 19:56:26.743,0.26,0.03,3.71,2.37,2,0
2026-06-12 19:56:26.793,0.30,0.03,3.71,2.37,2,0
2026-06-12 19:56:26.844,0.30,0.03,3.63,2.75,2,0
2026-06-12 19:56:26.894,0.30,0.03,3.63,2.75,2,0
2026-06-12 19:56:26.945,1.45,0.34,3.63,2.75,2,0
2026-06-12 19:56:26.995,1.45,0.34,37.51,13.18,2,0
2026-06-12 19:56:27.045,1.45,0.34,37.51,13.18,2,0
2026-06-12 19:56:27.096,2.53,0.59,37.51,13.18,2,0
2026-06-12 19:56:27.146,2.53,0.59,45.75,22.95,2,0
2026-06-12 19:56:27.196,3.50,0.82,45.75,22.95,2,0
2026-06-12 19:56:27.247,3.50,0.82,52.27,31.74,2,0
2026-06-12 19:56:27.297,3.50,0.82,52.27,31.74,2,0
2026-06-12 19:56:27.348,4.28,0.96,52.27,31.74,2,0
2026-06-12 19:56:27.399,4.28,0.96,55.58,38.90,2,0
2026-06-12 19:56:27.449,4.93,1.03,55.58,38.90,2,0
2026-06-12 19:56:27.499,4.93,1.03,58.47,44.77,2,0
2026-06-12 19:56:27.551,5.45,1.09,58.47,44.77,2,0
2026-06-12 19:56:27.600,5.45,1.09,60.45,49.47,2,0
2026-06-12 19:56:27.650,5.45,1.09,60.45,49.47,2,0
2026-06-12 19:56:27.700,5.90,1.07,60.45,49.47,2,0
2026-06-12 19:56:27.753,5.90,1.07,63.10,53.56,2,0
2026-06-12 19:56:27.802,6.30,1.08,63.10,53.56,2,0
2026-06-12 19:56:27.852,6.30,1.08,65.75,57.22,2,0
2026-06-12 19:56:27.902,6.67,1.07,65.75,57.22,2,0
2026-06-12 19:56:27.952,6.67,1.07,68.40,60.57,2,0
2026-06-12 19:56:28.003,7.03,1.06,68.40,60.57,2,0
2026-06-12 19:56:28.053,7.03,1.06,71.49,63.85,2,0
2026-06-12 19:56:28.104,7.35,1.03,71.49,63.85,2,0
2026-06-12 19:56:28.154,7.35,1.03,73.51,66.74,2,0
2026-06-12 19:56:28.204,7.64,1.00,73.51,66.74,2,0
2026-06-12 19:56:28.255,7.64,1.00,75.40,69.34,2,0
2026-06-12 19:56:28.305,7.90,0.95,75.40,69.34,2,0
2026-06-12 19:56:28.356,8.13,0.94,77.25,71.72,2,0
2026-06-12 19:56:28.406,8.13,0.94,78.76,73.83,2,0
2026-06-12 19:56:28.456,8.36,0.89,78.76,73.83,2,0
2026-06-12 19:56:28.507,8.36,0.89,80.73,75.90,2,0
2026-06-12 19:56:28.557,9.33,1.97,80.73,75.90,2,0
2026-06-12 19:56:28.608,10.39,2.55,100.03,84.72,2,0
2026-06-12 19:56:28.659,10.39,2.55,116.73,94.32,2,0
2026-06-12 19:56:28.709,11.18,2.50,116.73,94.32,2,0
2026-06-12 19:56:28.759,11.18,2.50,118.33,101.52,2,0
2026-06-12 19:56:28.809,11.72,2.42,118.33,101.52,2,0
2026-06-12 19:56:28.860,11.50,1.93,117.95,106.45,2,0
2026-06-12 19:56:28.910,11.50,1.93,99.60,104.40,2,0
2026-06-12 19:56:28.961,11.03,1.45,99.60,104.40,2,0
2026-06-12 19:56:29.011,11.03,1.45,90.16,100.12,2,0
2026-06-12 19:56:29.064,10.72,1.06,90.16,100.12,2,0
2026-06-12 19:56:29.112,10.54,0.80,90.93,97.37,2,0
2026-06-12 19:56:29.162,10.54,0.80,91.78,95.69,2,0
2026-06-12 19:56:29.213,10.45,0.63,91.78,95.69,2,0
2026-06-12 19:56:29.263,10.46,0.54,93.01,94.89,2,0
2026-06-12 19:56:29.313,10.46,0.54,95.21,94.98,2,0
2026-06-12 19:56:29.364,10.55,0.51,95.21,94.98,2,0
2026-06-12 19:56:29.414,10.72,0.53,97.66,95.79,2,0
2026-06-12 19:56:29.465,11.42,1.62,101.00,97.35,2,0
2026-06-12 19:56:29.515,12.53,2.28,118.61,103.73,2,0
2026-06-12 19:56:29.565,13.35,2.40,137.19,113.76,2,0
2026-06-12 19:56:29.616,13.98,2.56,138.75,121.26,2,0
2026-06-12 19:56:29.666,13.98,2.56,140.38,126.99,2,0
2026-06-12 19:56:29.717,13.79,2.07,140.38,126.99,2,0
2026-06-12 19:56:29.767,13.30,1.49,121.14,125.24,2,0
2026-06-12 19:56:29.817,13.08,1.09,110.36,120.78,2,0
2026-06-12 19:56:29.868,13.08,1.09,114.24,118.81,2,0
2026-06-12 19:56:29.919,12.98,0.87,114.24,118.81,2,0
2026-06-12 19:56:29.969,12.97,0.73,115.66,117.87,2,0
2026-06-12 19:56:30.019,12.97,0.62,117.56,117.77,2,0
2026-06-12 19:56:30.069,12.95,0.51,117.89,117.81,2,0
2026-06-12 19:56:30.120,12.95,0.51,117.05,117.58,2,0
2026-06-12 19:56:30.172,12.93,0.42,117.05,117.58,2,0
2026-06-12 19:56:30.221,12.90,0.33,117.14,117.45,2,0
2026-06-12 19:56:30.276,12.88,0.27,116.52,117.17,2,0
2026-06-12 19:56:30.321,12.93,0.27,116.58,116.99,2,0
2026-06-12 19:56:30.372,12.93,0.27,118.30,117.39,2,0
2026-06-12 19:56:30.422,12.96,0.25,118.30,117.39,2,0
2026-06-12 19:56:30.476,12.96,0.21,118.32,117.67,2,0
2026-06-12 19:56:30.523,12.94,0.17,117.90,117.74,2,0
2026-06-12 19:56:30.573,12.94,0.17,117.08,117.54,2,0
2026-06-12 19:56:30.624,12.85,0.09,117.08,117.54,2,0
2026-06-12 19:56:30.674,12.81,0.04,114.64,116.67,2,0
2026-06-12 19:56:30.736,12.76,0.01,115.42,116.29,2,0
2026-06-12 19:56:30.775,12.78,0.02,114.81,115.85,2,0
2026-06-12 19:56:30.830,12.78,0.02,116.43,116.02,2,0
2026-06-12 19:56:30.877,12.84,0.05,116.43,116.02,2,0
2026-06-12 19:56:30.926,12.91,0.11,117.84,116.57,2,0
2026-06-12 19:56:30.977,13.00,0.14,118.73,117.22,2,0
2026-06-12 19:56:31.027,13.02,0.14,120.04,118.06,2,0
2026-06-12 19:56:31.078,13.02,0.14,118.70,118.25,2,0
2026-06-12 19:56:31.128,13.03,0.12,118.70,118.25,2,0
2026-06-12 19:56:31.179,13.04,0.11,118.42,118.30,2,0
2026-06-12 19:56:31.229,13.04,0.10,118.75,118.44,2,0
2026-06-12 19:56:31.279,15.00,3.10,118.33,118.41,2,0
2026-06-12 19:56:31.329,15.00,3.10,160.94,136.23,2,0
2026-06-12 19:56:31.380,15.87,3.11,160.94,136.23,2,0
2026-06-12 19:56:31.430,16.55,3.21,162.44,144.09,2,0
2026-06-12 19:56:31.481,16.07,2.33,164.67,150.26,2,0
2026-06-12 19:56:31.531,15.32,1.57,135.70,145.90,2,0
2026-06-12 19:56:31.581,14.77,0.88,123.21,139.09,2,0
2026-06-12 19:56:31.632,14.77,0.88,122.59,134.14,2,0
2026-06-12 19:56:31.682,14.40,0.54,122.59,134.14,2,0
2026-06-12 19:56:31.733,14.15,0.25,123.01,130.80,2,0
2026-06-12 19:56:31.783,14.04,0.12,123.21,128.52,2,0
2026-06-12 19:56:31.834,14.00,0.08,125.00,127.47,2,0
2026-06-12 19:56:31.884,13.98,0.05,126.31,127.12,2,0
2026-06-12 19:56:31.934,13.98,0.05,126.55,126.95,2,0
2026-06-12 19:56:31.985,13.97,0.04,126.55,126.95,2,0
2026-06-12 19:56:32.036,13.94,0.01,126.54,126.83,2,0
2026-06-12 19:56:32.086,13.92,-0.01,126.05,126.59,2,0
2026-06-12 19:56:32.136,13.89,-0.02,125.91,126.39,2,0
2026-06-12 19:56:32.187,13.90,-0.01,125.57,126.14,2,0
2026-06-12 19:56:32.244,13.95,0.03,126.40,126.22,2,0
2026-06-12 19:56:32.287,14.02,0.08,127.79,126.69,2,0
2026-06-12 19:56:32.338,14.02,0.08,128.74,127.31,2,0
2026-06-12 19:56:32.388,14.11,0.12,128.74,127.31,2,0
2026-06-12 19:56:32.439,14.17,0.15,129.92,128.09,2,0
2026-06-12 19:56:32.492,14.18,0.14,129.94,128.64,2,0
2026-06-12 19:56:32.539,14.14,0.10,129.08,128.77,2,0
2026-06-12 19:56:32.590,14.15,0.09,127.48,128.39,2,0
2026-06-12 19:56:32.640,14.14,0.07,128.63,128.46,2,0
2026-06-12 19:56:32.690,14.14,0.07,128.30,128.41,2,0
2026-06-12 19:56:32.741,14.17,0.08,128.30,128.41,2,0
2026-06-12 19:56:32.791,14.26,0.14,129.28,128.67,2,0
2026-06-12 19:56:32.842,14.30,0.15,131.50,129.52,2,0
2026-06-12 19:56:32.892,14.37,0.19,130.60,129.84,2,0
2026-06-12 19:56:32.943,14.40,0.18,132.08,130.52,2,0
2026-06-12 19:56:32.993,14.37,0.13,131.39,130.78,2,0
2026-06-12 19:56:33.043,14.40,0.13,129.92,130.52,2,0
2026-06-12 19:56:33.094,14.40,0.13,131.46,130.80,2,0
2026-06-12 19:56:33.144,14.39,0.10,131.46,130.80,2,0
2026-06-12 19:56:33.195,14.40,0.10,130.34,130.66,2,0
2026-06-12 19:56:33.245,14.50,0.17,131.12,130.80,2,0
2026-06-12 19:56:33.295,14.52,0.16,133.82,131.71,2,0
2026-06-12 19:56:33.346,14.59,0.19,132.18,131.85,2,0
2026-06-12 19:56:33.396,14.62,0.18,134.03,132.50,2,0
2026-06-12 19:56:33.448,14.55,0.09,133.47,132.79,2,0
2026-06-12 19:56:33.497,14.57,0.09,130.59,132.13,2,0
2026-06-12 19:56:33.555,14.54,0.05,132.67,132.29,2,0
2026-06-12 19:56:33.598,14.54,0.05,131.32,132.00,2,0
2026-06-12 19:56:33.649,14.55,0.05,131.32,132.00,2,0
2026-06-12 19:56:33.699,14.65,0.13,132.37,132.11,2,0
2026-06-12 19:56:33.749,14.67,0.12,135.06,133.00,2,0
2026-06-12 19:56:33.799,14.73,0.15,133.63,133.19,2,0
2026-06-12 19:56:33.850,14.76,0.16,135.00,133.73,2,0
2026-06-12 19:56:33.900,14.72,0.11,134.79,134.05,2,0
2026-06-12 19:56:33.951,14.71,0.09,132.76,133.66,2,0
2026-06-12 19:56:34.001,14.69,0.06,133.34,133.57,2,0
2026-06-12 19:56:34.052,14.70,0.06,133.14,133.44,2,0
2026-06-12 19:56:34.102,14.70,0.06,133.57,133.48,2,0
2026-06-12 19:56:34.152,14.78,0.09,133.57,133.48,2,0
2026-06-12 19:56:34.203,14.82,0.11,135.98,134.23,2,0
2026-06-12 19:56:34.253,14.85,0.12,135.43,134.59,2,0
2026-06-12 19:56:34.304,14.85,0.10,135.51,134.86,2,0
2026-06-12 19:56:34.354,14.78,0.03,134.92,134.88,2,0
2026-06-12 19:56:34.405,26.25,6.39,132.79,134.26,1,0
2026-06-12 19:56:34.455,36.25,13.77,481.20,238.34,1,0
2026-06-12 19:56:34.505,34.51,10.28,541.13,329.18,1,0
2026-06-12 19:56:34.555,30.45,5.36,276.46,313.36,1,0
2026-06-12 19:56:34.606,26.00,0.92,190.41,276.47,1,0
2026-06-12 19:56:34.656,26.00,0.92,142.05,236.15,1,0
2026-06-12 19:56:34.707,22.72,-1.04,142.05,236.15,1,0
2026-06-12 19:56:34.757,20.42,-2.77,136.88,206.37,1,0
2026-06-12 19:56:34.808,18.73,-3.76,136.48,185.40,1,0
2026-06-12 19:56:34.861,17.57,-4.14,134.33,170.08,1,0
2026-06-12 19:56:34.909,16.77,-4.19,135.12,159.59,1,0
2026-06-12 19:56:34.959,16.22,-3.86,135.31,152.31,1,0
2026-06-12 19:56:35.009,15.86,-3.58,135.52,147.27,1,0
2026-06-12 19:56:35.060,17.32,-0.24,136.30,143.98,1,0
2026-06-12 19:56:35.110,22.25,7.41,180.28,157.32,1,0
2026-06-12 19:56:35.161,22.25,7.41,262.64,202.04,1,0
2026-06-12 19:56:35.211,22.40,6.38,262.64,202.04,1,0
2026-06-12 19:56:35.261,21.34,4.54,206.74,203.45,1,0
2026-06-12 19:56:35.312,19.68,2.47,171.36,193.83,1,0
2026-06-12 19:56:35.362,17.92,1.14,143.39,178.70,1,0
2026-06-12 19:56:35.413,16.64,-0.10,125.50,162.74,1,0
2026-06-12 19:56:35.463,16.64,-0.10,123.87,151.08,1,0
2026-06-12 19:56:35.513,15.68,-0.61,123.87,151.08,1,0
2026-06-12 19:56:35.564,14.93,-1.14,122.17,142.41,1,0
2026-06-12 19:56:35.614,14.29,-1.32,119.56,135.55,1,0
2026-06-12 19:56:35.665,14.29,-1.32,116.35,129.79,1,0
2026-06-12 19:56:35.715,13.69,-1.45,116.35,129.79,1,0
2026-06-12 19:56:35.766,13.08,-1.57,111.64,124.35,1,0
2026-06-12 19:56:35.816,13.08,-1.57,105.77,118.77,1,0
2026-06-12 19:56:35.866,12.43,-1.69,105.77,118.77,1,0
2026-06-12 19:56:35.917,12.43,-1.69,99.05,112.86,1,0
2026-06-12 19:56:35.967,11.77,-1.71,99.05,112.86,1,0
2026-06-12 19:56:36.018,11.77,-1.71,93.04,106.91,1,0
2026-06-12 19:56:36.068,11.03,-1.76,93.04,106.91,1,0
2026-06-12 19:56:36.119,11.03,-1.76,84.37,100.15,1,0
2026-06-12 19:56:36.169,10.14,-1.79,84.37,100.15,1,0
2026-06-12 19:56:36.219,10.14,-1.79,73.39,92.12,1,0
2026-06-12 19:56:36.270,10.14,-1.79,73.39,92.12,1,0
2026-06-12 19:56:36.320,10.14,-1.79,73.39,92.12,1,0
2026-06-12 19:56:36.370,10.14,-1.79,73.39,92.12,1,0
2026-06-12 19:56:36.421,10.14,-1.79,73.39,92.12,1,0
2026-06-12 19:56:36.471,10.14,-1.79,73.39,92.12,1,0
2026-06-12 19:56:36.522,10.14,-1.79,73.39,92.12,1,0
2026-06-12 19:56:36.574,10.14,-1.79,73.39,92.12,1,0
2026-06-12 19:56:36.623,10.14,-1.79,73.39,92.12,1,0
2026-06-12 19:56:36.676,10.14,-1.79,73.39,92.12,1,0
2026-06-12 19:56:36.723,10.14,-1.79,73.39,92.12,1,0
2026-06-12 19:56:36.774,10.14,-1.79,73.39,92.12,1,0
2026-06-12 19:56:36.824,10.14,-1.79,73.39,92.12,1,0
2026-06-12 19:56:36.875,10.14,-1.79,73.39,92.12,1,0
2026-06-12 19:56:36.925,10.14,-1.79,73.39,92.12,1,0
2026-06-12 19:56:36.976,10.14,-1.79,73.39,92.12,1,0
2026-06-12 19:56:37.026,10.14,-1.79,73.39,92.12,1,0
2026-06-12 19:56:37.076,10.14,-1.79,73.39,92.12,1,0
2026-06-12 19:56:37.127,10.14,-1.79,73.39,92.12,1,0
2026-06-12 19:56:37.177,10.14,-1.79,73.39,92.12,1,0
2026-06-12 19:56:37.228,10.14,-1.79,73.39,92.12,1,0
2026-06-12 19:56:37.279,10.14,-1.79,73.39,92.12,1,0
2026-06-12 19:56:37.329,10.14,-1.79,73.39,92.12,1,0
2026-06-12 19:56:37.379,10.14,-1.79,73.39,92.12,1,0
2026-06-12 19:56:37.429,7.73,-1.60,73.39,92.12,0,0
2026-06-12 19:56:37.480,7.73,-1.60,19.06,70.20,0,0
2026-06-12 19:56:37.530,7.73,-1.60,19.06,70.20,0,0
2026-06-12 19:56:37.581,7.73,-1.60,19.06,70.20,0,0
2026-06-12 19:56:37.631,7.73,-1.60,19.06,70.20,0,0
2026-06-12 19:56:37.681,7.73,-1.60,19.06,70.20,0,0
2026-06-12 19:56:37.732,7.73,-1.60,19.06,70.20,0,0
2026-06-12 19:56:37.782,7.73,-1.60,19.06,70.20,0,0
2026-06-12 19:56:37.833,7.73,-1.60,19.06,70.20,0,0
2026-06-12 19:56:37.883,7.73,-1.60,19.06,70.20,0,0
2026-06-12 19:56:37.934,7.73,-1.60,19.06,70.20,0,0
2026-06-12 19:56:37.984,7.73,-1.60,19.06,70.20,0,0
2026-06-12 19:56:38.034,7.73,-1.60,19.06,70.20,0,0
2026-06-12 19:56:38.085,7.73,-1.60,19.06,70.20,0,0
2026-06-12 19:56:38.135,7.73,-1.60,19.06,70.20,0,0
2026-06-12 19:56:38.186,7.73,-1.60,19.06,70.20,0,0
2026-06-12 19:56:38.236,7.73,-1.60,19.06,70.20,0,0
2026-06-12 19:56:38.287,7.73,-1.60,19.06,70.20,0,0
2026-06-12 19:56:38.337,7.73,-1.60,19.06,70.20,0,0
2026-06-12 19:56:38.387,7.73,-1.60,19.06,70.20,0,0
2026-06-12 19:56:38.438,7.73,-1.60,19.06,70.20,0,0
2026-06-12 19:56:38.496,7.73,-1.60,19.06,70.20,0,0
2026-06-12 19:56:38.539,7.73,-1.60,19.06,70.20,0,0
2026-06-12 19:56:38.589,7.73,-1.60,19.06,70.20,0,0
2026-06-12 19:56:38.639,7.73,-1.60,19.06,70.20,0,0
2026-06-12 19:56:38.690,7.73,-1.60,19.06,70.20,0,0
2026-06-12 19:56:38.740,7.73,-1.60,19.06,70.20,0,0
2026-06-12 19:56:38.791,7.73,-1.60,19.06,70.20,0,0
2026-06-12 19:56:38.842,7.73,-1.60,19.06,70.20,0,0
2026-06-12 19:56:38.892,7.73,-1.60,19.06,70.20,0,0
2026-06-12 19:56:38.942,7.73,-1.60,19.06,70.20,0,0
2026-06-12 19:56:38.992,7.73,-1.60,19.06,70.20,0,0
2026-06-12 19:56:39.043,7.73,-1.60,19.06,70.20,0,0
2026-06-12 19:56:39.093,7.73,-1.60,19.06,70.20,0,0
2026-06-12 19:56:39.144,7.73,-1.60,19.06,70.20,0,0
2026-06-12 19:56:39.194,7.73,-1.60,19.06,70.20,0,0
2026-06-12 19:56:39.244,7.73,-1.60,19.06,70.20,0,0
2026-06-12 19:56:39.295,7.73,-1.60,19.06,70.20,0,0
2026-06-12 19:56:39.345,7.73,-1.60,19.06,70.20,0,0
2026-06-12 19:56:39.396,7.73,-1.60,19.06,70.20,0,0
2026-06-12 19:56:39.446,0.30,0.00,19.06,70.20,2,0
2026-06-12 19:56:39.497,0.30,0.00,9.17,2.75,2,0
2026-06-12 19:56:39.547,0.30,0.00,9.17,2.75,2,0
2026-06-12 19:56:39.597,0.30,0.00,9.17,2.75,2,0
2026-06-12 19:56:39.648,0.30,0.00,9.17,2.75,2,0
2026-06-12 19:56:39.699,0.30,0.00,9.17,2.75,2,0
2026-06-12 19:56:39.749,0.30,0.00,9.17,2.75,2,0
2026-06-12 19:56:39.799,0.30,0.00,9.17,2.75,2,0
2026-06-12 19:56:39.849,0.30,0.00,9.17,2.75,2,0
2026-06-12 19:56:39.905,0.30,0.00,9.17,2.75,2,0
2026-06-12 19:56:39.950,0.30,0.00,9.17,2.75,2,0
2026-06-12 19:56:40.002,0.30,0.00,9.17,2.75,2,0
2026-06-12 19:56:40.051,0.30,0.00,9.17,2.75,2,0
2026-06-12 19:56:40.103,0.30,0.00,9.17,2.75,2,0
2026-06-12 19:56:40.152,0.30,0.00,9.17,2.75,2,0
2026-06-12 19:56:40.203,0.30,0.00,9.17,2.75,2,0
2026-06-12 19:56:40.253,0.30,0.00,9.17,2.75,2,0
2026-06-12 19:56:40.304,0.30,0.00,9.17,2.75,2,0
2026-06-12 19:56:40.353,0.30,0.00,9.17,2.75,2,0
2026-06-12 19:56:40.404,0.30,0.00,9.17,2.75,2,0
2026-06-12 19:56:40.454,0.30,0.00,9.17,2.75,2,0
2026-06-12 19:56:40.505,0.30,0.00,9.17,2.75,2,0
2026-06-12 19:56:40.555,0.30,0.00,9.17,2.75,2,0
2026-06-12 19:56:40.606,0.30,0.00,9.17,2.75,2,0
2026-06-12 19:56:40.656,0.30,0.00,9.17,2.75,2,0
2026-06-12 19:56:40.707,0.30,0.00,9.17,2.75,2,0
2026-06-12 19:56:40.756,0.30,0.00,9.17,2.75,2,0
2026-06-12 19:56:40.807,0.30,0.00,9.17,2.75,2,0
2026-06-12 19:56:40.857,0.30,0.00,9.17,2.75,2,0
2026-06-12 19:56:40.908,0.30,0.00,9.17,2.75,2,0
2026-06-12 19:56:40.958,0.30,0.00,9.17,2.75,2,0
2026-06-12 19:56:41.008,0.49,0.00,9.17,2.75,2,0
2026-06-12 19:56:41.059,0.49,0.00,8.36,4.43,2,0
2026-06-12 19:56:41.109,0.49,0.00,8.36,4.43,2,0
2026-06-12 19:56:41.160,0.49,0.00,8.36,4.43,2,0
2026-06-12 19:56:41.210,0.49,0.00,8.36,4.43,2,0
2026-06-12 19:56:41.261,0.49,0.00,8.36,4.43,2,0
2026-06-12 19:56:41.311,0.88,0.06,8.36,4.43,1,0
2026-06-12 19:56:41.361,0.88,0.06,16.29,7.99,1,0
2026-06-12 19:56:41.412,0.88,0.06,16.29,7.99,1,0
2026-06-12 19:56:41.462,0.88,0.06,16.29,7.99,1,0
2026-06-12 19:56:41.513,0.88,0.06,16.29,7.99,1,0
2026-06-12 19:56:41.563,0.88,0.06,16.29,7.99,1,0
2026-06-12 19:56:41.613,0.88,0.06,16.29,7.99,1,0
2026-06-12 19:56:41.664,0.88,0.06,16.29,7.99,1,0
2026-06-12 19:56:41.714,0.88,0.06,16.29,7.99,1,0
2026-06-12 19:56:41.765,0.88,0.06,16.29,7.99,1,0
2026-06-12 19:56:41.815,0.88,0.06,16.29,7.99,1,0
2026-06-12 19:56:41.865,0.88,0.06,16.29,7.99,1,0
2026-06-12 19:56:41.916,0.88,0.06,16.29,7.99,1,0
2026-06-12 19:56:41.966,0.88,0.06,16.29,7.99,1,0
2026-06-12 19:56:42.017,0.88,0.06,16.29,7.99,1,0
2026-06-12 19:56:42.067,0.88,0.06,16.29,7.99,1,0
2026-06-12 19:56:42.118,0.88,0.06,16.29,7.99,1,0
2026-06-12 19:56:42.168,0.88,0.06,16.29,7.99,1,0
2026-06-12 19:56:42.220,0.88,0.06,16.29,7.99,1,0
2026-06-12 19:56:42.272,0.88,0.06,16.29,7.99,1,0
2026-06-12 19:56:42.319,0.88,0.06,16.29,7.99,1,0
2026-06-12 19:56:42.370,0.88,0.06,16.29,7.99,1,0
2026-06-12 19:56:42.420,0.88,0.06,16.29,7.99,1,0
2026-06-12 19:56:42.470,0.88,0.06,16.29,7.99,1,0
2026-06-12 19:56:42.521,0.88,0.06,16.29,7.99,1,0
2026-06-12 19:56:42.571,0.88,0.06,16.29,7.99,1,0
2026-06-12 19:56:42.621,0.88,0.06,16.29,7.99,1,0
2026-06-12 19:56:42.672,0.88,0.06,16.29,7.99,1,0
2026-06-12 19:56:42.722,0.88,0.06,16.29,7.99,1,0
2026-06-12 19:56:42.773,0.88,0.06,16.29,7.99,1,0
2026-06-12 19:56:42.823,0.88,0.06,16.29,7.99,1,0
2026-06-12 19:56:42.874,0.88,0.06,16.29,7.99,1,0
2026-06-12 19:56:42.924,0.88,0.06,16.29,7.99,1,0
2026-06-12 19:56:42.976,0.88,0.06,16.29,7.99,1,0
2026-06-12 19:56:43.025,0.88,0.06,16.29,7.99,1,0
2026-06-12 19:56:43.075,0.88,0.06,16.29,7.99,1,0
2026-06-12 19:56:43.126,0.88,0.06,16.29,7.99,1,0
2026-06-12 19:56:43.176,0.88,0.06,16.29,7.99,1,0
2026-06-12 19:56:43.226,0.88,0.06,16.29,7.99,1,0
2026-06-12 19:56:43.278,0.00,0.00,16.29,7.99,1,0
2026-06-12 19:56:43.327,0.00,0.00,0.00,0.00,1,0
2026-06-12 19:56:43.378,0.00,0.00,0.00,0.00,1,0
2026-06-12 19:56:43.429,0.00,0.00,0.00,0.00,1,0
2026-06-12 19:56:43.479,0.00,0.00,0.00,0.00,1,0
2026-06-12 19:56:43.529,0.00,0.00,0.00,0.00,1,0
2026-06-12 19:56:43.579,0.00,0.00,0.00,0.00,1,0
2026-06-12 19:56:43.631,0.00,0.00,0.00,0.00,1,0
2026-06-12 19:56:43.680,0.00,0.00,0.00,0.00,1,0
2026-06-12 19:56:43.730,0.00,0.00,0.00,0.00,1,0
2026-06-12 19:56:43.781,0.00,0.00,0.00,0.00,1,0
2026-06-12 19:56:43.831,0.00,0.00,0.00,0.00,1,0
2026-06-12 19:56:43.881,0.00,0.00,0.00,0.00,1,0
2026-06-12 19:56:43.932,0.00,0.00,0.00,0.00,1,0
2026-06-12 19:56:43.982,0.00,0.00,0.00,0.00,1,0
2026-06-12 19:56:44.033,0.00,0.00,0.00,0.00,1,0
2026-06-12 19:56:44.083,0.00,0.00,0.00,0.00,1,0
2026-06-12 19:56:44.133,0.00,0.00,0.00,0.00,1,0
2026-06-12 19:56:44.184,0.00,0.00,0.00,0.00,1,0
2026-06-12 19:56:44.234,0.00,0.00,0.00,0.00,1,0
2026-06-12 19:56:44.285,0.00,0.00,0.00,0.00,1,0
2026-06-12 19:56:44.335,0.20,0.00,0.00,0.00,0,0
2026-06-12 19:56:44.386,0.20,0.00,6.14,1.84,0,0
2026-06-12 19:56:44.436,0.20,0.00,6.14,1.84,0,0
2026-06-12 19:56:44.486,0.20,0.00,6.14,1.84,0,0
2026-06-12 19:56:44.537,0.20,0.00,6.14,1.84,0,0
2026-06-12 19:56:44.588,0.20,0.00,6.14,1.84,0,0
2026-06-12 19:56:44.638,0.20,0.00,6.14,1.84,0,0
2026-06-12 19:56:44.689,0.20,0.00,6.14,1.84,0,0
2026-06-12 19:56:44.739,0.20,0.00,6.14,1.84,0,0
2026-06-12 19:56:44.789,0.20,0.00,6.14,1.84,0,0
2026-06-12 19:56:44.840,0.20,0.00,6.14,1.84,0,0
2026-06-12 19:56:44.889,0.20,0.00,6.14,1.84,0,0
2026-06-12 19:56:44.940,0.20,0.00,6.14,1.84,0,0
2026-06-12 19:56:44.990,0.20,0.00,6.14,1.84,0,0
2026-06-12 19:56:45.041,0.20,0.00,6.14,1.84,0,0
2026-06-12 19:56:45.091,0.20,0.00,6.14,1.84,0,0
2026-06-12 19:56:45.141,0.20,0.00,6.14,1.84,0,0
2026-06-12 19:56:45.192,0.20,0.00,6.14,1.84,0,0
2026-06-12 19:56:45.242,0.20,0.00,6.14,1.84,0,0
2026-06-12 19:56:45.293,0.20,0.00,6.14,1.84,0,0
2026-06-12 19:56:45.343,0.20,0.00,6.14,1.84,0,0
2026-06-12 19:56:45.393,0.20,0.00,6.14,1.84,0,0
2026-06-12 19:56:45.444,0.20,0.00,6.14,1.84,0,0
2026-06-12 19:56:45.494,0.20,0.00,6.14,1.84,0,0
2026-06-12 19:56:45.545,0.20,0.00,6.14,1.84,0,0
2026-06-12 19:56:45.595,0.20,0.00,6.14,1.84,0,0
2026-06-12 19:56:45.646,0.20,0.00,6.14,1.84,0,0
2026-06-12 19:56:45.696,0.20,0.00,6.14,1.84,0,0
2026-06-12 19:56:45.748,0.20,0.00,6.14,1.84,0,0
2026-06-12 19:56:45.798,0.20,0.00,6.14,1.84,0,0
2026-06-12 19:56:45.847,0.20,0.00,6.14,1.84,0,0
2026-06-12 19:56:45.897,0.20,0.00,6.14,1.84,0,0
2026-06-12 19:56:45.950,0.20,0.00,6.14,1.84,0,0
2026-06-12 19:56:45.999,0.20,0.00,6.14,1.84,0,0
2026-06-12 19:56:46.049,0.20,0.00,6.14,1.84,0,0
2026-06-12 19:56:46.099,0.20,0.00,6.14,1.84,0,0
2026-06-12 19:56:46.149,0.20,0.00,6.14,1.84,0,0
2026-06-12 19:56:46.200,0.20,0.00,6.14,1.84,0,0
2026-06-12 19:56:46.250,0.20,0.00,6.14,1.84,0,0
2026-06-12 19:56:46.302,0.20,0.00,6.14,1.84,0,0
2026-06-12 19:56:46.351,0.20,0.00,6.14,1.84,2,0
2026-06-12 19:56:46.402,0.20,0.00,5.92,1.78,2,0
2026-06-12 19:56:46.452,0.20,0.00,5.92,1.78,2,0
2026-06-12 19:56:46.503,0.20,0.00,5.92,1.78,2,0
2026-06-12 19:56:46.553,0.20,0.00,5.92,1.78,2,0
2026-06-12 19:56:46.603,0.20,0.00,5.92,1.78,2,0
2026-06-12 19:56:46.654,0.20,0.00,5.92,1.78,2,0
2026-06-12 19:56:46.704,0.20,0.00,5.92,1.78,2,0
2026-06-12 19:56:46.754,0.20,0.00,5.92,1.78,2,0
2026-06-12 19:56:46.805,0.20,0.00,5.92,1.78,2,0
2026-06-12 19:56:46.855,0.20,0.00,5.92,1.78,2,0
2026-06-12 19:56:46.906,0.20,0.00,5.92,1.78,2,0
2026-06-12 19:56:46.956,0.20,0.00,5.92,1.78,2,0
2026-06-12 19:56:47.012,0.20,0.00,5.92,1.78,2,0
2026-06-12 19:56:47.057,0.20,0.00,5.92,1.78,2,0
2026-06-12 19:56:47.107,0.20,0.00,5.92,1.78,2,0
2026-06-12 19:56:47.158,0.20,0.00,5.92,1.78,2,0
2026-06-12 19:56:47.208,0.20,0.00,5.92,1.78,2,0
2026-06-12 19:56:47.259,0.20,0.00,5.92,1.78,2,0
2026-06-12 19:56:47.309,0.20,0.00,5.92,1.78,2,0
2026-06-12 19:56:47.359,0.20,0.00,5.92,1.78,2,0
2026-06-12 19:56:47.409,0.20,0.00,5.92,1.78,2,0
2026-06-12 19:56:47.460,0.20,0.00,5.92,1.78,2,0
2026-06-12 19:56:47.510,1.01,0.03,5.92,1.78,1,0
2026-06-12 19:56:47.561,1.01,0.03,26.40,9.16,1,0
2026-06-12 19:56:47.611,1.01,0.03,26.40,9.16,1,0
2026-06-12 19:56:47.662,1.01,0.03,26.40,9.16,1,0
2026-06-12 19:56:47.712,1.01,0.03,26.40,9.16,1,0
2026-06-12 19:56:47.762,1.01,0.03,26.40,9.16,1,0
2026-06-12 19:56:47.813,1.01,0.03,26.40,9.16,1,0
2026-06-12 19:56:47.865,1.01,0.03,26.40,9.16,1,0
2026-06-12 19:56:47.915,1.01,0.03,26.40,9.16,1,0
2026-06-12 19:56:47.964,1.01,0.03,26.40,9.16,1,0
2026-06-12 19:56:48.014,1.01,0.03,26.40,9.16,1,0
2026-06-12 19:57:15.364,0.00,0.00,26.40,9.16,1,0
2026-06-12 19:57:15.415,0.00,0.00,0.00,0.00,1,0
2026-06-12 19:57:15.465,0.00,0.00,0.00,0.00,2,0
2026-06-12 19:57:15.515,0.00,0.00,0.00,0.00,2,0
2026-06-12 19:57:15.566,0.00,0.00,0.00,0.00,2,0
2026-06-12 19:57:15.616,0.00,0.00,0.00,0.00,2,0
2026-06-12 19:57:15.667,0.00,0.00,0.00,0.00,2,0
2026-06-12 19:57:15.717,0.00,0.00,0.00,0.00,2,0
2026-06-12 19:57:15.767,0.00,0.00,0.00,0.00,2,0
2026-06-12 19:57:15.818,0.00,0.00,0.00,0.00,2,0
2026-06-12 19:57:15.869,0.00,0.00,0.00,0.00,2,0
2026-06-12 19:57:15.919,0.00,0.00,0.00,0.00,2,0
2026-06-12 19:57:15.969,0.00,0.00,0.00,0.00,2,0
2026-06-12 19:57:16.019,0.00,0.00,0.00,0.00,2,0
2026-06-12 19:57:16.070,0.00,0.00,0.00,0.00,2,0
2026-06-12 19:57:16.120,0.00,0.00,0.00,0.00,2,0
2026-06-12 19:57:16.170,0.00,0.00,0.00,0.00,2,0
2026-06-12 19:57:16.221,0.00,0.00,0.00,0.00,2,0
2026-06-12 19:57:16.271,0.00,0.00,0.00,0.00,2,0
2026-06-12 19:57:16.325,0.00,0.00,0.00,0.00,2,0
2026-06-12 19:57:16.372,0.00,0.00,0.00,0.00,2,0
2026-06-12 19:57:16.422,0.00,0.00,0.00,0.00,2,0
2026-06-12 19:57:16.473,0.00,0.00,0.00,0.00,2,0
2026-06-12 19:57:16.523,0.00,0.00,0.00,0.00,2,0
2026-06-12 19:57:16.574,0.00,0.00,0.00,0.00,2,0
2026-06-12 19:57:16.624,0.00,0.00,0.00,0.00,2,0
2026-06-12 19:57:16.675,0.00,0.00,0.00,0.00,2,0
2026-06-12 19:57:16.725,0.00,0.00,0.00,0.00,2,0
2026-06-12 19:57:16.775,0.00,0.00,0.00,0.00,2,0
2026-06-12 19:57:16.826,0.00,0.00,0.00,0.00,2,0
2026-06-12 19:57:16.876,0.00,0.00,0.00,0.00,2,0
2026-06-12 19:57:16.927,0.00,0.00,0.00,0.00,2,0
2026-06-12 19:57:16.977,0.00,0.00,0.00,0.00,2,0
2026-06-12 19:57:17.027,0.00,0.00,0.00,0.00,2,0
2026-06-12 19:57:17.084,0.00,0.00,0.00,0.00,2,0
2026-06-12 19:57:17.129,0.00,0.00,0.00,0.00,2,0
2026-06-12 19:57:17.178,0.00,0.00,0.00,0.00,2,0
2026-06-12 19:57:17.229,0.00,0.00,0.00,0.00,2,0
2026-06-12 19:57:17.279,0.00,0.00,0.00,0.00,2,0
2026-06-12 19:57:17.330,0.00,0.00,0.00,0.00,2,0
2026-06-12 19:57:17.380,0.00,0.00,0.00,0.00,2,0
2026-06-12 19:57:17.433,0.00,0.00,0.00,0.00,2,0
2026-06-12 19:57:17.481,0.00,0.00,0.00,0.00,2,0
2026-06-12 19:57:17.531,0.00,0.00,0.00,0.00,2,0
2026-06-12 19:57:17.582,0.00,0.00,0.00,0.00,2,0
2026-06-12 19:57:17.632,0.00,0.00,0.00,0.00,2,0
2026-06-12 19:57:17.682,0.00,0.00,0.00,0.00,2,0
2026-06-12 19:57:17.733,0.00,0.00,0.00,0.00,2,0
2026-06-12 19:57:17.783,0.00,0.00,0.00,0.00,2,0
2026-06-12 19:57:17.834,0.00,0.00,0.00,0.00,2,0
2026-06-12 19:57:17.884,0.00,0.00,0.00,0.00,2,0
2026-06-12 19:57:17.935,0.00,0.00,0.00,0.00,2,0
2026-06-12 19:57:17.985,0.00,0.00,0.00,0.00,2,0
2026-06-12 19:57:18.035,0.00,0.00,0.00,0.00,2,0
2026-06-12 19:57:18.086,0.00,0.00,0.00,0.00,2,0
2026-06-12 19:57:18.139,0.00,0.00,0.00,0.00,2,0
2026-06-12 19:57:18.186,0.00,0.00,0.00,0.00,2,0
2026-06-12 19:57:18.237,0.00,0.00,0.00,0.00,2,0
2026-06-12 19:57:18.287,0.00,0.00,0.00,0.00,2,0
2026-06-12 19:57:18.338,0.00,0.00,0.00,0.00,2,0
2026-06-12 19:57:18.388,0.00,0.00,0.00,0.00,2,0
2026-06-12 19:57:18.439,0.00,0.00,0.00,0.00,2,0
2026-06-12 19:57:18.489,0.00,0.00,0.00,0.00,2,0
2026-06-12 19:57:18.539,0.00,0.00,0.00,0.00,2,0
2026-06-12 19:57:18.590,0.00,0.00,0.00,0.00,2,0
2026-06-12 19:57:18.641,0.00,0.00,0.00,0.00,2,0
2026-06-12 19:57:18.690,0.00,0.00,0.00,0.00,2,0
2026-06-12 19:57:18.741,0.00,0.00,0.00,0.00,2,0
2026-06-12 19:57:18.791,0.00,0.00,0.00,0.00,2,0
2026-06-12 19:57:18.842,0.00,0.00,0.00,0.00,2,0
2026-06-12 19:57:18.892,0.00,0.00,0.00,0.00,2,0
2026-06-12 19:57:18.942,0.00,0.00,0.00,0.00,2,0
2026-06-12 19:57:18.993,0.00,0.00,0.00,0.00,2,0
2026-06-12 19:57:19.043,0.00,0.00,0.00,0.00,2,0
2026-06-12 19:57:19.094,0.00,0.00,0.00,0.00,2,0
2026-06-12 19:57:19.144,0.00,0.00,0.00,0.00,2,0
2026-06-12 19:57:19.194,0.00,0.00,0.00,0.00,2,0
2026-06-12 19:57:19.245,0.00,0.00,0.00,0.00,2,0
2026-06-12 19:57:19.295,0.00,0.00,0.00,0.00,2,0
2026-06-12 19:57:19.346,0.00,0.00,0.00,0.00,2,0
2026-06-12 19:57:19.396,0.00,0.00,0.00,0.00,2,0
2026-06-12 19:57:19.446,0.00,0.00,0.00,0.00,2,0
2026-06-12 19:57:19.497,0.00,0.00,0.00,0.00,2,0
2026-06-12 19:57:19.547,0.00,0.00,0.00,0.00,2,0
2026-06-12 19:57:19.598,0.00,0.00,0.00,0.00,2,0
2026-06-12 19:57:19.648,0.00,0.00,0.00,0.00,2,0
2026-06-12 19:57:19.699,0.00,0.00,0.00,0.00,2,0
2026-06-12 19:57:19.749,0.00,0.00,0.00,0.00,2,0
2026-06-12 19:57:19.799,0.00,0.00,0.00,0.00,2,0
2026-06-12 19:57:19.850,0.00,0.00,0.00,0.00,2,0
2026-06-12 19:57:19.900,0.00,0.00,0.00,0.00,2,0
2026-06-12 19:57:19.950,0.00,0.00,0.00,0.00,2,0
2026-06-12 19:57:20.001,0.00,0.00,0.00,0.00,2,0
2026-06-12 19:57:20.051,0.00,0.00,0.00,0.00,2,0
2026-06-12 19:57:20.102,0.00,0.00,0.00,0.00,2,0
2026-06-12 19:57:20.152,0.00,0.00,0.00,0.00,2,0
2026-06-12 19:57:20.203,0.00,0.00,0.00,0.00,2,0
2026-06-12 19:57:20.253,0.00,0.00,0.00,0.00,2,0
2026-06-12 19:57:20.303,0.00,0.00,0.00,0.00,2,0
2026-06-12 19:57:20.354,0.00,0.00,0.00,0.00,2,0
2026-06-12 19:57:20.404,0.00,0.00,0.00,0.00,2,0
2026-06-12 19:57:20.454,0.00,0.00,0.00,0.00,2,0
2026-06-12 19:57:20.505,0.00,0.00,0.00,0.00,2,0
2026-06-12 19:57:20.555,0.00,0.00,0.00,0.00,2,0
2026-06-12 19:57:20.606,0.00,0.00,0.00,0.00,2,0
2026-06-12 19:57:20.656,0.00,0.00,0.00,0.00,2,0
2026-06-12 19:57:20.706,0.00,0.00,0.00,0.00,2,0
2026-06-12 19:57:20.757,0.00,0.00,0.00,0.00,2,0
2026-06-12 19:57:20.807,0.00,0.00,0.00,0.00,2,0
2026-06-12 19:57:20.858,0.00,0.00,0.00,0.00,2,0
2026-06-12 19:57:20.911,0.00,0.00,0.00,0.00,2,0
2026-06-12 19:57:20.960,0.00,0.00,0.00,0.00,2,0
2026-06-12 19:57:21.009,0.00,0.00,0.00,0.00,2,0
2026-06-12 19:57:21.059,0.00,0.00,0.00,0.00,2,0
2026-06-12 19:57:21.110,0.00,0.00,0.00,0.00,2,0
2026-06-12 19:57:21.160,0.00,0.00,0.00,0.00,2,0
2026-06-12 19:57:21.210,0.00,0.00,0.00,0.00,2,0
2026-06-12 19:57:21.261,0.00,0.00,0.00,0.00,2,0
2026-06-12 19:57:21.311,0.00,0.00,0.00,0.00,2,0
2026-06-12 19:57:21.362,0.00,0.00,0.00,0.00,2,0
2026-06-12 19:57:21.412,0.00,0.00,0.00,0.00,2,0
2026-06-12 19:57:21.464,0.00,0.00,0.00,0.00,2,0
2026-06-12 19:57:21.513,0.00,0.00,0.00,0.00,2,0
2026-06-12 19:57:21.563,0.00,0.00,0.00,0.00,2,0
2026-06-12 19:57:21.614,0.00,0.00,0.00,0.00,2,0
2026-06-12 19:57:21.664,0.00,0.00,0.00,0.00,2,0
2026-06-12 19:57:21.714,0.00,0.00,0.00,0.00,2,0
2026-06-12 19:57:21.765,0.00,0.00,0.00,0.00,2,0
2026-06-12 19:57:21.815,0.00,0.00,0.00,0.00,2,0
2026-06-12 19:57:21.866,0.00,0.00,0.00,0.00,2,0
2026-06-12 19:57:21.916,0.00,0.00,0.00,0.00,2,0
2026-06-12 19:57:21.966,0.00,0.00,0.00,0.00,2,0
2026-06-12 19:57:22.017,0.00,0.00,0.00,0.00,2,0
2026-06-12 19:57:22.067,0.00,0.00,0.00,0.00,2,0
2026-06-12 19:57:22.118,0.00,0.00,0.00,0.00,2,0
2026-06-12 19:57:22.169,0.00,0.00,0.00,0.00,2,0
2026-06-12 19:57:22.219,0.00,0.00,0.00,0.00,2,0
2026-06-12 19:57:22.269,0.00,0.00,0.00,0.00,2,0
2026-06-12 19:57:22.319,0.00,0.00,0.00,0.00,2,0
2026-06-12 19:57:22.369,0.00,0.00,0.00,0.00,2,0
2026-06-12 19:57:22.420,0.00,0.00,0.00,0.00,2,0
2026-06-12 19:57:22.472,0.00,0.00,0.00,0.00,2,0
2026-06-12 19:57:22.521,0.00,0.00,0.00,0.00,2,0
2026-06-12 19:57:22.571,0.00,0.00,0.00,0.00,2,0
2026-06-12 19:57:22.621,0.00,0.00,0.00,0.00,2,0
2026-06-12 19:57:22.672,0.00,0.00,0.00,0.00,2,0
2026-06-12 19:57:22.722,0.00,0.00,0.00,0.00,2,0
2026-06-12 19:57:22.773,0.00,0.00,0.00,0.00,2,0
2026-06-12 19:57:22.823,0.00,0.00,0.00,0.00,2,0
2026-06-12 19:57:22.874,0.00,0.00,0.00,0.00,2,0
2026-06-12 19:57:22.924,0.00,0.00,0.00,0.00,2,0
2026-06-12 19:57:22.974,0.00,0.00,0.00,0.00,2,0
2026-06-12 19:57:23.025,0.00,0.00,0.00,0.00,2,0
2026-06-12 19:57:23.076,0.00,0.00,0.00,0.00,2,0
2026-06-12 19:57:23.126,0.00,0.00,0.00,0.00,2,0
2026-06-12 19:57:23.177,0.00,0.00,0.00,0.00,2,0
2026-06-12 19:57:23.226,0.00,0.00,0.00,0.00,2,0
2026-06-12 19:57:23.277,0.00,0.00,0.00,0.00,2,0
2026-06-12 19:57:23.327,0.00,0.00,0.00,0.00,2,0
2026-06-12 19:57:23.377,0.00,0.00,0.00,0.00,2,0
2026-06-12 19:57:42.420,0.00,0.00,0.00,0.00,2,0
2026-06-12 19:57:42.471,0.00,0.00,0.00,0.00,2,0
2026-06-12 19:57:42.521,0.00,0.00,0.00,0.00,2,0
2026-06-12 19:57:42.571,0.00,0.00,0.00,0.00,2,0
2026-06-12 19:57:42.622,0.00,0.00,0.00,0.00,2,0
2026-06-12 19:57:42.672,0.00,0.00,0.00,0.00,2,0
2026-06-12 19:57:42.723,0.00,0.00,0.00,0.00,2,0
2026-06-12 19:57:42.773,0.00,0.00,0.00,0.00,2,0
2026-06-12 19:57:42.823,0.00,0.00,0.00,0.00,2,0
2026-06-12 19:57:42.874,0.00,0.00,0.00,0.00,2,0
2026-06-12 19:57:42.924,0.00,0.00,0.00,0.00,2,0
2026-06-12 19:57:42.975,0.00,0.00,0.00,0.00,2,0
2026-06-12 19:57:43.025,0.00,0.00,0.00,0.00,2,0
2026-06-12 19:57:43.076,0.00,0.00,0.00,0.00,2,0
2026-06-12 19:57:43.126,0.00,0.00,0.00,0.00,2,0
2026-06-12 19:57:43.176,0.00,0.00,0.00,0.00,2,0
2026-06-12 19:57:43.227,0.00,0.00,0.00,0.00,2,0
2026-06-12 19:57:43.278,0.00,0.00,0.00,0.00,2,0
2026-06-12 19:57:43.327,0.00,0.00,0.00,0.00,2,0
2026-06-12 19:57:43.378,0.00,0.00,0.00,0.00,2,0
2026-06-12 19:57:43.429,0.00,0.00,0.00,0.00,2,0
2026-06-12 19:57:43.479,0.00,0.00,0.00,0.00,2,0
2026-06-12 19:57:43.529,0.00,0.00,0.00,0.00,2,0
2026-06-12 19:57:43.579,0.00,0.00,0.00,0.00,2,0
2026-06-12 19:57:43.630,0.00,0.00,0.00,0.00,2,0
2026-06-12 19:57:43.680,0.00,0.00,0.00,0.00,2,0
2026-06-12 19:57:43.731,0.00,0.00,0.00,0.00,2,0
2026-06-12 19:57:43.781,0.00,0.00,0.00,0.00,2,0
2026-06-12 19:57:43.831,0.00,0.00,0.00,0.00,2,0
2026-06-12 19:57:43.882,0.00,0.00,0.00,0.00,2,0
2026-06-12 19:57:43.934,0.00,0.00,0.00,0.00,2,0
2026-06-12 19:57:43.983,0.00,0.00,0.00,0.00,2,0
2026-06-12 19:57:44.033,0.00,0.00,0.00,0.00,2,0
2026-06-12 19:57:44.083,0.00,0.00,0.00,0.00,2,0
2026-06-12 19:57:44.134,0.00,0.00,0.00,0.00,2,0
2026-06-12 19:57:44.185,0.00,0.00,0.00,0.00,2,0
2026-06-12 19:57:44.235,0.00,0.00,0.00,0.00,2,0
2026-06-12 19:57:44.285,0.00,0.00,0.00,0.00,2,0
2026-06-12 19:57:44.335,0.00,0.00,0.00,0.00,2,0
2026-06-12 19:57:44.387,0.00,0.00,0.00,0.00,2,0
2026-06-12 19:57:44.436,0.00,0.00,0.00,0.00,2,0
2026-06-12 19:57:44.487,0.00,0.00,0.00,0.00,2,0
2026-06-12 19:57:44.537,0.00,0.00,0.00,0.00,2,0
2026-06-12 19:57:44.587,0.00,0.00,0.00,0.00,2,0
2026-06-12 19:57:44.639,0.00,0.00,0.00,0.00,2,0
2026-06-12 19:57:44.688,0.00,0.00,0.00,0.00,2,0
2026-06-12 19:57:44.739,0.00,0.00,0.00,0.00,2,0
2026-06-12 19:57:44.789,0.00,0.00,0.00,0.00,2,0
2026-06-12 19:57:44.844,0.00,0.00,0.00,0.00,2,0
2026-06-12 19:57:44.890,0.00,0.00,0.00,0.00,2,0
2026-06-12 19:57:44.940,0.00,0.00,0.00,0.00,2,0
2026-06-12 19:57:44.990,0.00,0.00,0.00,0.00,2,0
2026-06-12 19:57:45.041,0.00,0.00,0.00,0.00,2,0
2026-06-12 19:57:45.092,0.00,0.00,0.00,0.00,1,0
2026-06-12 19:57:45.142,0.00,0.00,0.00,0.00,1,0
2026-06-12 19:57:45.196,0.00,0.00,0.00,0.00,1,0
2026-06-12 19:57:45.243,0.00,0.00,0.00,0.00,1,0
2026-06-12 19:57:45.293,0.00,0.00,0.00,0.00,1,0
2026-06-12 19:57:45.343,0.00,0.00,0.00,0.00,1,0
2026-06-12 19:57:45.394,0.25,0.00,0.00,0.00,1,0
2026-06-12 19:57:45.444,0.25,0.00,7.55,2.27,1,0
2026-06-12 19:57:45.495,0.25,0.00,7.55,2.27,1,0
2026-06-12 19:57:45.545,1.27,0.28,7.55,2.27,1,0
2026-06-12 19:57:45.595,1.27,0.28,33.27,11.57,1,0
2026-06-12 19:57:45.647,2.48,0.64,33.27,11.57,1,0
2026-06-12 19:57:45.696,2.48,0.64,47.97,22.49,1,0
2026-06-12 19:57:45.749,3.62,1.02,47.97,22.49,1,0
2026-06-12 19:57:45.797,3.62,1.02,57.24,32.91,1,0
2026-06-12 19:57:45.847,4.68,1.30,57.24,32.91,1,0
2026-06-12 19:57:45.898,4.68,1.30,64.74,42.46,1,0
2026-06-12 19:57:45.952,5.61,1.49,64.74,42.46,1,0
2026-06-12 19:57:45.999,5.61,1.49,70.80,50.96,1,0
2026-06-12 19:57:46.049,6.43,1.71,70.80,50.96,1,0
2026-06-12 19:57:46.099,6.43,1.71,75.60,58.35,1,0
2026-06-12 19:57:46.150,7.13,1.75,75.60,58.35,1,0
2026-06-12 19:57:46.200,7.75,1.83,79.75,64.77,1,0
2026-06-12 19:57:46.251,7.75,1.83,83.35,70.34,1,0
2026-06-12 19:57:46.302,8.29,1.85,83.35,70.34,1,0
2026-06-12 19:57:46.351,8.81,1.87,86.68,75.25,1,0
2026-06-12 19:57:46.402,9.79,2.39,91.26,80.05,1,0
2026-06-12 19:57:46.452,11.12,4.23,109.70,88.94,1,0
2026-06-12 19:57:46.503,12.24,4.22,128.99,100.96,1,0
2026-06-12 19:57:46.553,12.24,4.22,134.82,111.12,1,0
2026-06-12 19:57:46.604,13.15,4.09,134.82,111.12,1,0
2026-06-12 19:57:46.654,13.12,3.46,138.83,119.43,1,0
2026-06-12 19:57:46.704,12.74,2.62,118.33,119.10,1,0
2026-06-12 19:57:46.755,12.74,2.62,107.74,115.69,1,0
2026-06-12 19:57:46.805,12.54,2.12,107.74,115.69,1,0
2026-06-12 19:57:46.855,12.49,1.78,109.68,113.89,1,0
2026-06-12 19:57:46.906,12.54,1.55,112.38,113.44,1,0
2026-06-12 19:57:46.956,12.70,1.45,114.82,113.85,1,0
2026-06-12 19:57:47.007,12.70,1.45,118.73,115.31,1,0
2026-06-12 19:57:47.057,12.97,1.38,118.73,115.31,1,0
2026-06-12 19:57:47.108,13.24,1.40,123.55,117.79,1,0
2026-06-12 19:57:47.159,13.56,1.45,126.09,120.28,1,0
2026-06-12 19:57:47.209,13.84,1.47,129.96,123.18,1,0
2026-06-12 19:57:47.259,14.02,1.35,131.62,125.71,1,0
2026-06-12 19:57:47.309,14.25,1.33,131.14,127.34,1,0
2026-06-12 19:57:47.359,14.46,1.31,134.11,129.37,1,0
2026-06-12 19:57:47.410,14.72,1.32,135.88,131.33,1,0
2026-06-12 19:57:47.460,15.04,1.39,139.14,133.67,1,0
2026-06-12 19:57:47.511,15.30,1.39,143.24,136.54,1,0
2026-06-12 19:57:47.561,15.54,1.39,144.50,138.93,1,0
2026-06-12 19:57:47.612,15.72,1.33,146.22,141.12,1,0
2026-06-12 19:57:47.662,15.87,1.25,146.62,142.77,1,0
2026-06-12 19:57:47.712,16.00,1.17,147.13,144.08,1,0
2026-06-12 19:57:47.763,16.18,1.14,148.10,145.29,1,0
2026-06-12 19:57:47.813,16.41,1.16,150.79,146.94,1,0
2026-06-12 19:57:47.864,16.64,1.18,153.83,149.01,1,0
2026-06-12 19:57:47.914,16.85,1.17,156.06,151.12,1,0
2026-06-12 19:57:47.964,16.99,1.12,157.34,152.99,1,0
2026-06-12 19:57:48.015,17.08,1.10,157.35,154.30,1,0
2026-06-12 19:57:48.065,17.15,0.99,157.12,155.14,1,0
2026-06-12 19:57:48.116,17.31,0.98,157.22,155.77,1,0
2026-06-12 19:57:48.166,17.47,0.96,160.61,157.22,0,0
2026-06-12 19:57:48.217,17.90,1.25,162.06,158.67,0,0
2026-06-12 19:57:48.267,18.14,1.25,168.10,162.58,0,0
2026-06-12 19:57:48.319,18.35,1.24,169.71,164.72,0,0
2026-06-12 19:57:48.369,18.54,1.21,170.99,166.60,0,0
2026-06-12 19:57:48.420,18.61,1.15,172.34,168.32,0,0
2026-06-12 19:57:48.472,18.75,1.09,170.59,169.00,0,0
2026-06-12 19:57:48.519,19.06,1.16,173.13,170.24,0,0
2026-06-12 19:57:48.569,19.32,1.21,176.57,173.07,0,0
2026-06-12 19:57:48.620,19.50,1.17,180.89,175.42,0,0
2026-06-12 19:57:48.670,19.66,1.26,180.82,177.04,0,0
2026-06-12 19:57:48.721,19.75,1.16,181.94,178.51,0,0
2026-06-12 19:57:48.771,19.72,0.77,181.44,179.39,0,0
2026-06-12 19:57:48.821,19.73,0.66,178.19,179.10,0,0
2026-06-12 19:57:48.872,19.86,0.78,179.25,179.15,0,0
2026-06-12 19:57:48.923,20.01,0.79,183.22,180.37,0,0
2026-06-12 19:57:48.976,20.29,0.89,184.97,181.75,0,0
2026-06-12 19:57:49.023,20.36,0.81,187.00,184.21,0,0
2026-06-12 19:57:49.073,20.42,0.79,186.42,184.87,0,0
2026-06-12 19:57:49.124,20.49,0.74,186.75,185.44,0,0
2026-06-12 19:57:49.175,20.57,0.63,187.65,186.10,0,0
2026-06-12 19:57:49.225,20.65,0.60,187.70,186.77,0,0
2026-06-12 19:57:49.276,20.68,0.56,189.36,187.55,0,0
2026-06-12 19:57:49.325,20.70,0.49,188.51,187.84,0,0
2026-06-12 19:57:49.376,20.43,-0.04,188.26,187.97,0,0
2026-06-12 19:57:49.426,20.30,-0.14,181.06,185.50,0,0
2026-06-12 19:57:49.477,20.17,-0.23,181.67,184.35,0,0
2026-06-12 19:57:49.527,20.09,-0.33,180.40,183.17,0,0
2026-06-12 19:57:49.577,20.10,-0.27,180.62,182.40,0,0
2026-06-12 19:57:49.629,19.92,-0.38,182.76,182.51,0,0
2026-06-12 19:57:49.679,19.76,-0.46,179.46,180.90,0,0
2026-06-12 19:57:49.729,19.54,-0.57,176.13,179.47,0,0
2026-06-12 19:57:49.779,19.43,-0.68,172.87,177.49,0,0
2026-06-12 19:57:49.831,19.23,-0.74,173.90,176.41,0,0
2026-06-12 19:57:49.882,19.10,-0.74,170.54,174.65,0,0
2026-06-12 19:57:49.931,19.00,-0.71,170.68,173.46,0,0
2026-06-12 19:57:49.981,18.70,-0.83,170.32,172.52,0,0
2026-06-12 19:57:50.032,18.53,-0.85,167.40,169.82,0,0
2026-06-12 19:57:50.082,18.33,-0.88,164.61,168.26,0,0
2026-06-12 19:57:50.132,18.21,-0.85,162.25,166.45,0,0
2026-06-12 19:57:50.183,18.00,-0.90,162.78,165.35,2,0
2026-06-12 19:57:50.233,17.81,-0.92,158.89,163.41,2,0
2026-06-12 19:57:50.283,17.68,-0.89,157.75,161.71,2,0
2026-06-12 19:57:50.334,17.54,-0.97,157.81,160.54,2,0
2026-06-12 19:57:50.384,17.44,-0.91,156.47,159.32,2,0
2026-06-12 19:57:50.435,17.29,-0.90,156.25,158.40,2,0
2026-06-12 19:57:50.485,17.11,-0.91,153.91,157.05,2,0
2026-06-12 19:57:50.536,16.91,-0.94,151.60,155.42,2,0
2026-06-12 19:57:50.586,16.69,-0.98,149.31,153.59,2,0
2026-06-12 19:57:50.636,16.50,-0.94,146.90,151.58,2,0
2026-06-12 19:57:50.687,16.36,-0.92,145.89,149.87,2,0
2026-06-12 19:57:50.737,16.21,-0.91,145.43,148.54,2,0
2026-06-12 19:57:50.788,16.05,-0.90,143.99,147.17,2,0
2026-06-12 19:57:50.839,15.89,-0.90,142.49,145.77,2,0
2026-06-12 19:57:50.889,15.68,-0.94,140.89,144.31,2,0
2026-06-12 19:57:50.939,15.47,-0.97,137.93,142.39,2,0
2026-06-12 19:57:50.989,16.06,0.16,136.02,140.48,2,0
2026-06-12 19:57:51.040,17.16,1.03,158.37,145.85,2,0
2026-06-12 19:57:51.090,17.88,1.48,179.01,155.80,2,0
2026-06-12 19:57:51.144,18.39,1.68,177.69,162.36,2,0
2026-06-12 19:57:51.191,17.79,0.94,177.83,167.00,2,0
2026-06-12 19:57:51.241,16.82,0.26,148.69,161.51,2,0
2026-06-12 19:57:51.292,16.11,-0.36,132.16,152.70,2,0
2026-06-12 19:57:51.342,15.53,-0.78,131.21,146.26,2,0
2026-06-12 19:57:51.393,15.53,-0.78,128.97,141.07,2,0
2026-06-12 19:57:51.443,15.08,-0.91,128.97,141.07,2,0
2026-06-12 19:57:51.494,14.73,-1.07,127.44,136.98,2,0
2026-06-12 19:57:51.544,14.48,-1.12,126.27,133.77,2,0
2026-06-12 19:57:51.594,14.31,-1.04,126.05,131.45,2,0
2026-06-12 19:57:51.645,14.21,-0.97,126.40,129.94,2,0
2026-06-12 19:57:51.695,14.13,-0.89,126.99,129.05,2,0
2026-06-12 19:57:51.746,14.13,-0.89,126.51,128.29,2,0
2026-06-12 19:57:51.796,14.06,-0.79,126.51,128.29,2,0
2026-06-12 19:57:51.846,13.97,-0.75,126.28,127.69,2,0
2026-06-12 19:57:51.897,13.80,-0.73,124.98,126.87,2,0
2026-06-12 19:57:51.947,13.71,-0.70,121.79,125.35,2,0
2026-06-12 19:57:51.998,13.71,-0.70,122.45,124.48,2,0
2026-06-12 19:57:52.049,13.62,-0.64,122.45,124.48,2,0
2026-06-12 19:57:52.099,13.58,-0.58,121.96,123.72,2,0
2026-06-12 19:57:52.149,14.27,0.74,122.28,123.29,2,0
2026-06-12 19:57:52.199,15.32,1.50,144.34,129.60,2,0
2026-06-12 19:57:52.250,15.98,1.81,161.40,139.14,2,0
2026-06-12 19:57:52.300,15.98,1.81,159.07,145.12,2,0
2026-06-12 19:57:52.351,16.37,1.76,159.07,145.12,2,0
2026-06-12 19:57:52.420,15.73,1.14,156.83,148.63,2,0
2026-06-12 19:57:52.451,14.84,0.23,129.20,142.80,2,0
2026-06-12 19:57:52.502,14.84,0.23,115.89,134.73,2,0
2026-06-12 19:57:52.552,14.21,-0.15,115.89,134.73,2,0
2026-06-12 19:57:52.604,13.80,-0.47,115.89,129.08,2,0
2026-06-12 19:57:52.653,13.48,-0.57,116.53,125.31,2,0
2026-06-12 19:57:52.703,13.48,-0.57,115.64,122.41,2,0
2026-06-12 19:57:52.754,13.76,0.31,115.64,122.41,2,0
2026-06-12 19:57:52.804,14.59,1.66,135.47,124.92,2,0
2026-06-12 19:57:52.855,15.23,1.76,150.19,132.50,2,0
2026-06-12 19:57:52.905,15.62,1.82,151.81,138.29,2,0
2026-06-12 19:57:52.956,15.62,1.82,150.01,141.81,2,0
2026-06-12 19:57:53.006,15.09,1.26,150.01,141.81,2,0
2026-06-12 19:57:53.056,14.41,0.50,125.89,137.03,2,0
2026-06-12 19:57:53.107,14.01,0.20,116.39,130.84,2,0
2026-06-12 19:57:53.157,13.85,0.04,118.70,127.20,2,0
2026-06-12 19:57:53.208,13.85,0.04,122.33,125.74,2,0
2026-06-12 19:57:53.258,13.78,-0.00,122.33,125.74,2,0
2026-06-12 19:57:53.317,13.80,0.01,123.78,125.15,2,0
2026-06-12 19:57:53.361,13.80,0.01,125.59,125.28,2,0
2026-06-12 19:57:53.409,13.82,0.02,125.40,125.32,2,0
2026-06-12 19:57:53.459,13.91,0.10,125.99,125.52,2,0
2026-06-12 19:57:53.510,14.01,0.16,128.28,126.35,2,0
2026-06-12 19:57:53.560,14.16,0.26,129.38,127.26,2,0
2026-06-12 19:57:53.611,14.16,0.26,131.79,128.62,2,0
2026-06-12 19:57:53.661,14.29,0.29,131.79,128.62,2,0
2026-06-12 19:57:53.712,14.40,0.34,132.46,129.77,2,0
2026-06-12 19:57:53.762,14.57,0.43,133.07,130.76,2,0
2026-06-12 19:57:53.813,14.73,0.50,136.02,132.34,2,0
2026-06-12 19:57:53.864,14.90,0.56,137.18,133.79,2,0
2026-06-12 19:57:53.913,15.07,0.62,138.71,135.27,2,0
2026-06-12 19:57:53.964,15.17,0.61,140.55,136.85,2,0
2026-06-12 19:57:54.014,15.33,0.65,139.89,137.76,2,0
2026-06-12 19:57:54.064,15.54,0.73,142.52,139.19,2,0
2026-06-12 19:57:54.115,15.72,0.77,145.69,141.14,2,0
2026-06-12 19:57:54.166,15.83,0.71,146.58,142.77,2,0
2026-06-12 19:57:54.216,15.84,0.61,145.90,143.71,2,0
2026-06-12 19:57:54.266,15.79,0.48,144.08,143.82,2,0
2026-06-12 19:57:54.316,15.79,0.41,142.34,143.38,2,0
2026-06-12 19:57:54.367,15.80,0.36,143.50,143.41,2,0
2026-06-12 19:57:54.417,15.89,0.38,143.67,143.49,2,0
2026-06-12 19:57:54.468,15.93,0.35,146.27,144.32,2,0
2026-06-12 19:57:54.518,15.87,0.25,145.34,144.63,2,0
2026-06-12 19:57:54.569,15.84,0.19,143.01,144.14,2,0
2026-06-12 19:57:54.619,15.70,0.05,143.24,143.87,2,0
2026-06-12 19:57:54.669,15.60,-0.04,139.58,142.59,2,0
2026-06-12 19:57:54.720,15.60,-0.04,139.58,141.68,2,0
2026-06-12 19:57:54.770,15.50,-0.09,139.58,141.68,2,0
2026-06-12 19:57:54.820,15.40,-0.16,138.52,140.74,2,0
2026-06-12 19:57:54.871,15.36,-0.17,137.79,139.85,2,0
2026-06-12 19:57:54.921,15.30,-0.20,138.59,139.47,2,0
2026-06-12 19:57:54.972,15.24,-0.22,137.67,138.93,2,0
2026-06-12 19:57:55.022,16.01,0.24,137.10,138.38,1,0
2026-06-12 19:57:55.073,17.18,1.16,161.70,145.38,1,0
2026-06-12 19:57:55.123,17.95,1.63,180.74,155.99,1,0
2026-06-12 19:57:55.173,18.68,1.99,179.47,163.03,1,0
2026-06-12 19:57:55.224,18.11,1.23,184.89,169.59,1,0
2026-06-12 19:57:55.274,17.39,0.45,152.55,164.48,1,0
2026-06-12 19:57:55.325,16.98,0.05,142.62,157.92,1,0
2026-06-12 19:57:55.375,16.71,-0.19,145.65,154.24,1,0
2026-06-12 19:57:55.426,16.50,-0.33,145.87,151.73,1,0
2026-06-12 19:57:55.476,16.26,-0.48,145.50,149.86,1,0
2026-06-12 19:57:55.526,16.08,-0.56,142.48,147.65,1,0
2026-06-12 19:57:55.577,16.01,-0.53,142.25,146.03,1,0
2026-06-12 19:57:55.627,15.99,-0.47,143.86,145.38,1,0
2026-06-12 19:57:55.678,16.06,-0.34,144.80,145.20,1,0
2026-06-12 19:57:55.729,16.06,-0.34,147.24,145.82,1,0
2026-06-12 19:57:55.779,16.11,-0.26,147.24,145.82,1,0
2026-06-12 19:57:55.829,16.10,-0.23,147.39,146.29,1,0
2026-06-12 19:57:55.879,16.11,-0.19,146.14,146.24,1,0
2026-06-12 19:57:55.930,16.02,-0.23,146.29,146.26,1,0
2026-06-12 19:57:55.981,15.93,-0.28,143.67,145.48,1,0
2026-06-12 19:57:56.031,15.87,-0.29,142.66,144.63,1,0
2026-06-12 19:57:56.081,15.82,-0.28,142.79,144.08,1,0
2026-06-12 19:57:56.132,15.88,-0.19,142.64,143.65,1,0
2026-06-12 19:57:56.182,15.95,-0.10,145.39,144.17,1,0
2026-06-12 19:57:56.236,15.95,-0.09,146.38,144.84,1,0
2026-06-12 19:57:56.283,15.88,-0.13,144.74,144.81,1,0
2026-06-12 19:57:56.333,15.74,-0.23,142.91,144.24,1,0
2026-06-12 19:57:56.384,15.64,-0.25,139.79,142.90,1,0
2026-06-12 19:57:56.434,15.51,-0.32,140.11,142.06,1,0
2026-06-12 19:57:56.484,15.42,-0.35,138.02,140.85,1,0
2026-06-12 19:57:56.536,15.41,-0.30,138.12,140.03,1,0
2026-06-12 19:57:56.585,15.26,-0.38,139.71,139.94,1,0
2026-06-12 19:57:56.639,15.18,-0.39,135.47,138.59,1,0
2026-06-12 19:57:56.686,15.18,-0.39,136.20,137.88,1,0
2026-06-12 19:57:56.736,15.05,-0.40,136.20,137.88,1,0
2026-06-12 19:57:56.787,14.86,-0.50,133.84,136.67,1,0
2026-06-12 19:57:56.841,14.71,-0.55,130.81,134.91,1,0
2026-06-12 19:57:56.888,14.61,-0.52,130.60,133.62,1,0
2026-06-12 19:57:56.939,14.60,-0.45,130.35,132.64,1,0
2026-06-12 19:57:56.989,14.67,-0.33,132.38,132.56,1,0
2026-06-12 19:57:57.039,14.79,-0.17,134.67,133.19,1,0
2026-06-12 19:57:57.089,14.94,-0.02,137.01,134.34,1,0
2026-06-12 19:57:57.140,15.03,0.05,138.82,135.68,1,0
2026-06-12 19:57:57.190,15.03,0.05,138.23,136.45,1,0
2026-06-12 19:57:57.241,15.01,0.03,138.23,136.45,1,0
2026-06-12 19:57:57.291,15.03,0.04,135.94,136.29,1,0
2026-06-12 19:57:57.341,15.01,0.02,136.90,136.48,1,0
2026-06-12 19:57:57.396,15.99,1.63,135.87,136.30,1,0
2026-06-12 19:57:57.442,17.36,3.67,165.66,145.20,1,0
2026-06-12 19:57:57.493,18.27,3.87,186.69,157.64,1,0
2026-06-12 19:57:57.543,18.93,3.84,185.24,165.92,1,0
2026-06-12 19:57:57.593,18.31,2.92,185.85,171.90,1,0
2026-06-12 19:57:57.644,17.38,1.72,153.25,166.31,1,0
2026-06-12 19:57:57.694,16.69,0.88,138.07,157.84,1,0
2026-06-12 19:57:57.746,16.19,0.34,136.81,151.53,1,0
2026-06-12 19:57:57.795,15.86,0.02,136.45,147.00,1,0
2026-06-12 19:57:57.846,15.65,-0.16,137.03,144.01,1,0
2026-06-12 19:57:57.896,15.65,-0.16,137.82,142.16,1,0
2026-06-12 19:57:57.946,15.54,-0.20,137.82,142.16,1,0
2026-06-12 19:57:57.997,15.39,-0.29,138.69,141.11,1,0
2026-06-12 19:57:58.047,15.19,-0.41,136.65,139.78,0,0
2026-06-12 19:57:58.098,14.93,-0.49,133.77,137.98,0,0
2026-06-12 19:57:58.149,14.70,-0.61,130.05,135.60,0,0
2026-06-12 19:57:58.199,14.53,-0.66,128.50,133.47,0,0
2026-06-12 19:57:58.249,14.44,-0.63,128.31,131.92,0,0
2026-06-12 19:57:58.299,14.44,-0.63,129.41,131.17,0,0
2026-06-12 19:57:58.350,14.44,-0.54,129.41,131.17,0,0
2026-06-12 19:57:58.400,14.41,-0.48,130.97,131.11,0,0
2026-06-12 19:57:58.451,14.36,-0.45,130.39,130.89,0,0
2026-06-12 19:57:58.502,14.22,-0.46,129.32,130.42,0,0
2026-06-12 19:57:58.552,14.01,-0.57,126.22,129.16,0,0
2026-06-12 19:57:58.602,14.01,-0.57,122.69,127.22,0,0
2026-06-12 19:57:58.652,13.80,-0.60,122.69,127.22,0,0
2026-06-12 19:57:58.703,13.62,-0.65,120.89,125.32,0,0
2026-06-12 19:57:58.753,13.50,-0.62,119.98,123.72,0,0
2026-06-12 19:57:58.804,13.50,-0.53,120.12,122.64,0,0
2026-06-12 19:57:58.854,13.50,-0.53,122.62,122.63,0,0
2026-06-12 19:57:58.904,13.49,-0.46,122.62,122.63,0,0
2026-06-12 19:57:58.955,13.48,-0.39,122.28,122.53,0,0
2026-06-12 19:57:59.005,13.48,-0.34,122.29,122.46,0,0
2026-06-12 19:57:59.056,13.36,-0.36,122.39,122.44,0,0
2026-06-12 19:57:59.106,13.36,-0.36,118.60,121.29,0,0
2026-06-12 19:57:59.157,13.28,-0.34,118.60,121.29,0,0
2026-06-12 19:57:59.208,13.23,-0.34,119.01,120.60,0,0
2026-06-12 19:57:59.260,13.18,-0.33,119.01,120.12,0,0
2026-06-12 19:57:59.316,13.20,-0.27,118.54,119.65,0,0
2026-06-12 19:57:59.358,13.26,-0.18,120.40,119.87,0,0
2026-06-12 19:57:59.409,13.26,-0.18,121.61,120.40,0,0
2026-06-12 19:57:59.459,13.26,-0.15,121.61,120.40,0,0
2026-06-12 19:57:59.510,13.18,-0.17,120.35,120.38,0,0
2026-06-12 19:57:59.560,13.13,-0.19,118.07,119.69,0,0
2026-06-12 19:57:59.610,13.13,-0.19,118.20,119.24,0,0
2026-06-12 19:57:59.661,13.04,-0.21,118.20,119.24,0,0
2026-06-12 19:57:59.711,12.96,-0.25,116.41,118.39,0,0
2026-06-12 19:57:59.761,13.00,-0.18,115.94,117.66,0,0
2026-06-12 19:57:59.812,13.07,-0.10,119.10,118.09,0,0
2026-06-12 19:57:59.863,13.07,-0.10,120.02,118.67,0,0
2026-06-12 19:57:59.913,13.09,-0.07,120.02,118.67,0,0
2026-06-12 19:57:59.963,13.18,0.01,119.48,118.91,0,0
2026-06-12 19:58:00.014,13.15,-0.01,121.36,119.64,0,0
2026-06-12 19:58:00.064,13.06,-0.08,118.89,119.42,2,0
2026-06-12 19:58:00.114,13.06,-0.08,116.80,118.63,2,0
2026-06-12 19:58:00.165,13.02,-0.09,116.80,118.63,2,0
2026-06-12 19:58:00.215,12.94,-0.15,117.34,118.24,2,0
2026-06-12 19:58:00.266,12.93,-0.13,115.67,117.47,2,0
2026-06-12 19:58:00.316,12.96,-0.09,117.43,117.46,2,0
2026-06-12 19:58:00.367,12.96,-0.09,118.12,117.65,2,0
2026-06-12 19:58:00.417,12.88,-0.12,118.12,117.65,2,0
2026-06-12 19:58:00.467,12.80,-0.14,115.47,117.00,2,0
2026-06-12 19:58:00.519,12.69,-0.21,114.56,116.27,2,0
2026-06-12 19:58:00.569,12.69,-0.21,112.88,115.25,2,0
2026-06-12 19:58:00.619,12.56,-0.25,112.88,115.25,2,0
2026-06-12 19:58:00.669,12.52,-0.24,111.25,114.05,2,0
2026-06-12 19:58:00.719,12.56,-0.17,113.01,113.74,2,0
2026-06-12 19:58:00.770,12.63,-0.08,114.90,114.09,2,0
2026-06-12 19:58:00.820,12.63,-0.08,116.25,114.74,2,0
2026-06-12 19:58:00.871,12.78,0.01,116.25,114.74,2,0
2026-06-12 19:58:00.921,12.92,0.13,119.06,116.03,2,0
2026-06-12 19:58:00.972,13.02,0.16,120.49,117.37,2,0
2026-06-12 19:58:01.024,13.07,0.18,120.12,118.20,2,0
2026-06-12 19:58:01.072,13.07,0.18,119.71,118.65,2,0
2026-06-12 19:58:01.123,13.07,0.15,119.71,118.65,1,0
2026-06-12 19:58:01.173,13.09,0.15,118.76,118.68,1,0
2026-06-12 19:58:01.224,13.16,0.16,119.42,118.90,1,0
2026-06-12 19:58:01.274,13.21,0.18,120.83,119.48,1,0
2026-06-12 19:58:01.324,13.21,0.18,121.04,119.95,1,0
2026-06-12 19:58:01.376,13.29,0.20,121.04,119.95,1,0
2026-06-12 19:58:01.425,13.34,0.21,122.45,120.70,1,0
2026-06-12 19:58:01.476,13.29,0.15,122.15,121.14,1,0
2026-06-12 19:58:01.526,14.91,2.65,119.54,120.66,1,0
2026-06-12 19:58:01.576,14.91,2.65,155.64,135.43,1,0
2026-06-12 19:58:01.627,15.42,2.53,155.64,135.43,1,0
2026-06-12 19:58:01.677,15.66,2.28,150.63,139.99,1,0
2026-06-12 19:58:01.728,14.98,1.39,147.33,142.19,1,0
2026-06-12 19:58:01.778,14.98,1.39,121.71,136.04,1,0
2026-06-12 19:58:01.829,14.11,0.70,121.71,136.04,1,0
2026-06-12 19:58:01.879,13.56,0.29,109.68,128.14,1,0
2026-06-12 19:58:01.929,13.21,-0.05,111.59,123.17,1,0
2026-06-12 19:58:01.980,13.21,-0.05,112.40,119.94,1,0
2026-06-12 19:58:02.030,12.97,-0.17,112.40,119.94,1,0
2026-06-12 19:58:02.081,12.81,-0.23,112.83,117.81,1,0
2026-06-12 19:58:02.131,12.64,-0.34,112.91,116.34,1,0
2026-06-12 19:58:02.181,13.30,0.77,111.04,114.75,1,0
2026-06-12 19:58:02.232,14.15,1.37,134.75,120.75,1,0
2026-06-12 19:58:02.284,14.56,1.39,146.65,128.52,1,0
2026-06-12 19:58:02.333,14.56,1.39,140.88,132.23,1,0
2026-06-12 19:58:02.383,15.04,1.44,140.88,132.23,1,0
2026-06-12 19:58:02.433,14.64,0.90,146.84,136.61,1,0
2026-06-12 19:58:02.484,14.18,0.38,124.39,132.95,1,0
2026-06-12 19:58:02.534,13.99,0.22,119.00,128.76,1,0
2026-06-12 19:58:02.585,13.99,0.22,123.07,127.06,1,0
2026-06-12 19:58:02.635,13.68,0.02,123.07,127.06,1,0
2026-06-12 19:58:02.686,13.35,-0.26,117.71,124.25,1,0
2026-06-12 19:58:02.738,13.01,-0.41,114.12,121.21,1,0
2026-06-12 19:58:02.786,13.01,-0.41,111.08,118.17,1,0
2026-06-12 19:58:02.837,12.74,-0.49,111.08,118.17,1,0
2026-06-12 19:58:02.887,12.33,-0.65,109.99,115.72,1,0
2026-06-12 19:58:02.938,12.33,-0.65,103.34,112.00,1,0
2026-06-12 19:58:02.988,11.82,-0.76,103.34,112.00,1,0
2026-06-12 19:58:03.039,11.82,-0.76,96.45,107.34,1,0
2026-06-12 19:58:03.100,11.23,-0.97,96.45,107.34,1,0
2026-06-12 19:58:03.139,10.72,-1.11,89.50,101.99,1,0
2026-06-12 19:58:03.190,10.72,-1.11,86.57,97.36,1,0
2026-06-12 19:58:03.240,10.34,-1.10,86.57,97.36,1,0
2026-06-12 19:58:03.291,10.34,-1.10,85.75,93.88,1,0
2026-06-12 19:58:03.341,9.96,-1.09,85.75,93.88,1,0
2026-06-12 19:58:03.392,9.96,-1.09,82.41,90.44,1,0
2026-06-12 19:58:03.442,9.62,-1.07,82.41,90.44,1,0
2026-06-12 19:58:03.492,9.62,-1.07,80.06,87.33,1,0
2026-06-12 19:58:03.543,9.24,-1.06,80.06,87.33,1,0
2026-06-12 19:58:03.593,9.24,-1.06,75.98,83.92,1,0
2026-06-12 19:58:03.644,9.24,-1.06,75.98,83.92,1,0
2026-06-12 19:58:03.694,8.85,-1.03,75.98,83.92,1,0
2026-06-12 19:58:03.744,8.85,-1.03,72.20,80.41,1,0
2026-06-12 19:58:03.795,8.45,-1.05,72.20,80.41,1,0
2026-06-12 19:58:03.845,8.45,-1.05,68.08,76.71,1,0
2026-06-12 19:58:03.896,8.45,-1.05,68.08,76.71,1,0
2026-06-12 19:58:03.946,7.91,-1.02,68.08,76.71,1,0
2026-06-12 19:58:03.996,7.91,-1.02,60.35,71.80,1,0
2026-06-12 19:58:04.047,7.91,-1.02,60.35,71.80,1,0
2026-06-12 19:58:04.097,7.91,-1.02,60.35,71.80,1,0
2026-06-12 19:58:04.150,7.91,-1.02,60.35,71.80,0,0
2026-06-12 19:58:04.198,7.04,-1.01,60.35,71.80,0,0
2026-06-12 19:58:04.249,7.04,-1.01,45.58,63.93,0,0
2026-06-12 19:58:04.299,7.04,-1.01,45.58,63.93,0,0
2026-06-12 19:58:04.349,7.04,-1.01,45.58,63.93,0,0
2026-06-12 19:58:04.400,7.04,-1.01,45.58,63.93,0,0
2026-06-12 19:58:04.450,7.04,-1.01,45.58,63.93,0,0
2026-06-12 19:58:04.501,7.04,-1.01,45.58,63.93,0,0
2026-06-12 19:58:04.551,7.04,-1.01,45.58,63.93,0,0
2026-06-12 19:58:04.601,7.04,-1.01,45.58,63.93,0,0
2026-06-12 19:58:04.662,7.04,-1.01,45.58,63.93,0,0
2026-06-12 19:58:04.703,7.04,-1.01,45.58,63.93,0,0
2026-06-12 19:58:04.753,7.04,-1.01,45.58,63.93,0,0
2026-06-12 19:58:04.803,7.04,-1.01,45.58,63.93,0,0
2026-06-12 19:58:04.854,7.04,-1.01,45.58,63.93,0,0
2026-06-12 19:58:04.907,7.04,-1.01,45.58,63.93,0,0
2026-06-12 19:58:04.954,7.04,-1.01,45.58,63.93,0,0
2026-06-12 19:58:05.008,7.04,-1.01,45.58,63.93,0,0
2026-06-12 19:58:05.055,7.04,-1.01,45.58,63.93,0,0
2026-06-12 19:58:05.106,7.04,-1.01,45.58,63.93,0,0
2026-06-12 19:58:05.158,7.04,-1.01,45.58,63.93,0,0
2026-06-12 19:58:05.206,7.04,-1.01,45.58,63.93,0,0
2026-06-12 19:58:05.257,7.04,-1.01,45.58,63.93,0,0
2026-06-12 19:58:05.307,7.04,-1.01,45.58,63.93,0,0
2026-06-12 19:58:05.358,7.04,-1.01,45.58,63.93,0,0
2026-06-12 19:58:05.409,7.04,-1.01,45.58,63.93,0,0
2026-06-12 19:58:05.459,7.04,-1.01,45.58,63.93,0,0
2026-06-12 19:58:05.509,7.04,-1.01,45.58,63.93,0,0
2026-06-12 19:58:05.559,7.04,-1.01,45.58,63.93,0,0
2026-06-12 19:58:05.610,7.04,-1.01,45.58,63.93,0,0
2026-06-12 19:58:05.660,7.04,-1.01,45.58,63.93,0,0
2026-06-12 19:58:05.711,7.04,-1.01,45.58,63.93,0,0
2026-06-12 19:58:05.761,7.04,-1.01,45.58,63.93,0,0
2026-06-12 19:58:05.812,7.04,-1.01,45.58,63.93,0,0
2026-06-12 19:58:05.862,7.04,-1.01,45.58,63.93,0,0
2026-06-12 19:58:05.912,7.04,-1.01,45.58,63.93,0,0
2026-06-12 19:58:05.963,7.04,-1.01,45.58,63.93,0,0
2026-06-12 19:58:06.013,7.04,-1.01,45.58,63.93,0,0
2026-06-12 19:58:06.064,7.04,-1.01,45.58,63.93,0,0
2026-06-12 19:58:06.114,7.04,-1.01,45.58,63.93,0,0
2026-06-12 19:58:06.165,7.04,-1.01,45.58,63.93,2,0
2026-06-12 19:58:06.215,0.00,0.00,45.58,63.93,2,0
2026-06-12 19:58:06.265,0.00,0.00,0.00,0.00,2,0
2026-06-12 19:58:06.316,0.00,0.00,0.00,0.00,2,0
2026-06-12 19:58:06.366,0.00,0.00,0.00,0.00,2,0
2026-06-12 19:58:06.417,0.00,0.00,0.00,0.00,2,0
2026-06-12 19:58:06.467,0.00,0.00,0.00,0.00,2,0
2026-06-12 19:58:06.517,0.00,0.00,0.00,0.00,2,0
2026-06-12 19:58:06.568,0.00,0.00,0.00,0.00,2,0
2026-06-12 19:58:06.619,0.00,0.00,0.00,0.00,2,0
2026-06-12 19:58:06.669,0.00,0.00,0.00,0.00,2,0
2026-06-12 19:58:06.719,0.00,0.00,0.00,0.00,2,0
2026-06-12 19:58:06.769,0.00,0.00,0.00,0.00,2,0
2026-06-12 19:58:06.820,0.00,0.00,0.00,0.00,2,0
2026-06-12 19:58:06.870,0.00,0.00,0.00,0.00,2,0
2026-06-12 19:58:06.920,0.00,0.00,0.00,0.00,2,0
2026-06-12 19:58:06.971,0.00,0.00,0.00,0.00,2,0
2026-06-12 19:58:07.022,0.00,0.00,0.00,0.00,2,0
2026-06-12 19:58:07.072,0.00,0.00,0.00,0.00,2,0
2026-06-12 19:58:07.122,0.00,0.00,0.00,0.00,2,0
2026-06-12 19:58:07.173,0.00,0.00,0.00,0.00,2,0
2026-06-12 19:58:07.223,0.00,0.00,0.00,0.00,2,0
2026-06-12 19:58:07.273,0.00,0.00,0.00,0.00,2,0
2026-06-12 19:58:07.324,0.00,0.00,0.00,0.00,2,0
2026-06-12 19:58:07.374,0.00,0.00,0.00,0.00,2,0
2026-06-12 19:58:07.425,0.00,0.00,0.00,0.00,2,0
2026-06-12 19:58:07.475,0.00,0.00,0.00,0.00,2,0
2026-06-12 19:58:07.525,0.00,0.00,0.00,0.00,2,0
2026-06-12 19:58:07.576,0.00,0.00,0.00,0.00,2,0
2026-06-12 19:58:07.626,0.00,0.00,0.00,0.00,2,0
2026-06-12 19:58:07.677,0.00,0.00,0.00,0.00,2,0
2026-06-12 19:58:07.727,0.00,0.00,0.00,0.00,2,0
2026-06-12 19:58:07.777,0.00,0.00,0.00,0.00,2,0
2026-06-12 19:58:07.828,0.00,0.00,0.00,0.00,2,0
2026-06-12 19:58:07.879,0.00,0.00,0.00,0.00,2,0
2026-06-12 19:58:07.929,0.00,0.00,0.00,0.00,2,0
2026-06-12 19:58:07.979,0.00,0.00,0.00,0.00,2,0
2026-06-12 19:58:08.029,0.00,0.00,0.00,0.00,2,0
2026-06-12 19:58:08.080,0.00,0.00,0.00,0.00,2,0
2026-06-12 19:58:08.130,0.00,0.00,0.00,0.00,2,0
2026-06-12 19:58:08.180,0.00,0.00,0.00,0.00,2,0
2026-06-12 19:58:08.231,0.00,0.00,0.00,0.00,2,0
2026-06-12 19:58:08.281,0.00,0.00,0.00,0.00,2,0
2026-06-12 19:58:08.332,0.00,0.00,0.00,0.00,2,0
2026-06-12 19:58:08.384,0.00,0.00,0.00,0.00,2,0
2026-06-12 19:58:08.432,0.00,0.00,0.00,0.00,2,0
2026-06-12 19:58:08.483,0.00,0.00,0.00,0.00,2,0
2026-06-12 19:58:08.533,0.00,0.00,0.00,0.00,2,0
2026-06-12 19:58:08.584,0.00,0.00,0.00,0.00,2,0
2026-06-12 19:58:08.634,0.00,0.00,0.00,0.00,2,0
2026-06-12 19:58:08.684,0.00,0.00,0.00,0.00,2,0
2026-06-12 19:58:08.735,0.00,0.00,0.00,0.00,2,0
2026-06-12 19:58:08.785,0.00,0.00,0.00,0.00,2,0
2026-06-12 19:58:08.836,0.00,0.00,0.00,0.00,2,0
2026-06-12 19:58:08.886,0.00,0.00,0.00,0.00,2,0
2026-06-12 19:58:08.937,0.00,0.00,0.00,0.00,2,0
2026-06-12 19:58:08.987,0.00,0.00,0.00,0.00,1,0
2026-06-12 19:58:09.037,0.00,0.00,0.00,0.00,1,0
2026-06-12 19:58:09.089,0.00,0.00,0.00,0.00,1,0
2026-06-12 19:58:09.138,0.00,0.00,0.00,0.00,1,0
2026-06-12 19:58:09.189,0.00,0.00,0.00,0.00,1,0
2026-06-12 19:58:09.239,0.00,0.00,0.00,0.00,1,0
2026-06-12 19:58:09.289,0.00,0.00,0.00,0.00,1,0
2026-06-12 19:58:09.340,0.00,0.00,0.00,0.00,1,0
2026-06-12 19:58:09.390,0.00,0.00,0.00,0.00,1,0
2026-06-12 19:58:09.440,0.00,0.00,0.00,0.00,1,0
2026-06-12 19:58:09.492,0.00,0.00,0.00,0.00,1,0
2026-06-12 19:58:09.541,0.00,0.00,0.00,0.00,1,0
2026-06-12 19:58:09.592,0.00,0.00,0.00,0.00,1,0
2026-06-12 19:58:09.642,0.00,0.00,0.00,0.00,1,0
2026-06-12 19:58:09.692,0.00,0.00,0.00,0.00,1,0
2026-06-12 19:58:09.743,0.00,0.00,0.00,0.00,1,0
2026-06-12 19:58:09.793,0.00,0.00,0.00,0.00,1,0
2026-06-12 19:58:09.844,0.00,0.00,0.00,0.00,1,0
2026-06-12 19:58:09.894,0.00,0.00,0.00,0.00,1,0
2026-06-12 19:58:09.945,0.00,0.00,0.00,0.00,1,0
2026-06-12 19:58:09.997,0.00,0.00,0.00,0.00,1,0
2026-06-12 19:58:10.047,0.00,0.00,0.00,0.00,1,0
2026-06-12 19:58:10.096,0.00,0.00,0.00,0.00,1,0
2026-06-12 19:58:10.146,0.00,0.00,0.00,0.00,1,0
2026-06-12 19:58:10.197,0.00,0.00,0.00,0.00,1,0
2026-06-12 19:58:10.247,0.00,0.00,0.00,0.00,1,0
2026-06-12 19:58:10.297,0.00,0.00,0.00,0.00,1,0
2026-06-12 19:58:10.348,0.00,0.00,0.00,0.00,1,0
2026-06-12 19:58:10.400,0.00,0.00,0.00,0.00,1,0
2026-06-12 19:58:10.449,0.00,0.00,0.00,0.00,1,0
2026-06-12 19:58:10.500,0.00,0.00,0.00,0.00,1,0
2026-06-12 19:58:10.549,0.00,0.00,0.00,0.00,1,0
2026-06-12 19:58:10.600,0.00,0.00,0.00,0.00,1,0
2026-06-12 19:58:10.650,0.00,0.00,0.00,0.00,1,0
2026-06-12 19:58:10.701,0.00,0.00,0.00,0.00,1,0
2026-06-12 19:58:10.751,0.00,0.00,0.00,0.00,1,0
2026-06-12 19:58:10.801,0.00,0.00,0.00,0.00,1,0
2026-06-12 19:58:10.854,0.00,0.00,0.00,0.00,1,0
2026-06-12 19:58:10.902,0.00,0.00,0.00,0.00,1,0
2026-06-12 19:58:10.955,0.00,0.00,0.00,0.00,1,0
2026-06-12 19:58:11.003,0.00,0.00,0.00,0.00,1,0
2026-06-12 19:58:11.053,0.00,0.00,0.00,0.00,1,0
2026-06-12 19:58:11.104,0.00,0.00,0.00,0.00,1,0
2026-06-12 19:58:11.154,0.00,0.00,0.00,0.00,1,0
2026-06-12 19:58:11.204,0.00,0.00,0.00,0.00,1,0
2026-06-12 19:58:11.255,0.00,0.00,0.00,0.00,1,0
2026-06-12 19:58:11.305,0.00,0.00,0.00,0.00,1,0
2026-06-12 19:58:11.356,0.00,0.00,0.00,0.00,1,0
2026-06-12 19:58:11.406,0.00,0.00,0.00,0.00,1,0
2026-06-12 19:58:11.456,0.00,0.00,0.00,0.00,1,0
2026-06-12 19:58:11.507,0.00,0.00,0.00,0.00,1,0
2026-06-12 19:58:11.557,0.00,0.00,0.00,0.00,1,0
2026-06-12 19:58:11.608,0.00,0.00,0.00,0.00,1,0
2026-06-12 19:58:11.659,0.00,0.00,0.00,0.00,1,0
2026-06-12 19:58:11.708,0.00,0.00,0.00,0.00,1,0
2026-06-12 19:58:11.759,0.00,0.00,0.00,0.00,1,0
2026-06-12 19:58:11.809,0.00,0.00,0.00,0.00,1,0
2026-06-12 19:58:11.860,0.00,0.00,0.00,0.00,1,0
2026-06-12 19:58:11.911,0.00,0.00,0.00,0.00,1,0
2026-06-12 19:58:11.960,0.00,0.00,0.00,0.00,1,0
2026-06-12 19:58:12.011,0.00,0.00,0.00,0.00,1,0
2026-06-12 19:58:12.061,0.00,0.00,0.00,0.00,0,0
2026-06-12 19:58:12.112,0.00,0.00,0.00,0.00,0,0
2026-06-12 19:58:12.162,0.00,0.00,0.00,0.00,0,0
2026-06-12 19:58:12.214,0.00,0.00,0.00,0.00,0,0
2026-06-12 19:58:12.263,0.00,0.00,0.00,0.00,0,0
2026-06-12 19:58:12.314,0.00,0.00,0.00,0.00,0,0
2026-06-12 19:58:12.364,0.00,0.00,0.00,0.00,0,0
2026-06-12 19:58:12.414,0.00,0.00,0.00,0.00,0,0
2026-06-12 19:58:12.467,0.00,0.00,0.00,0.00,0,0
2026-06-12 19:58:12.515,0.00,0.00,0.00,0.00,0,0
2026-06-12 19:58:12.565,0.00,0.00,0.00,0.00,0,0
2026-06-12 19:58:12.616,0.00,0.00,0.00,0.00,0,0
2026-06-12 19:58:12.666,0.00,0.00,0.00,0.00,0,0
2026-06-12 19:58:12.716,0.00,0.00,0.00,0.00,0,0
2026-06-12 19:58:12.767,0.00,0.00,0.00,0.00,0,0
2026-06-12 19:58:12.822,0.00,0.00,0.00,0.00,0,0
2026-06-12 19:58:12.868,0.00,0.00,0.00,0.00,0,0
2026-06-12 19:58:12.918,0.00,0.00,0.00,0.00,0,0
2026-06-12 19:58:12.969,0.00,0.00,0.00,0.00,0,0
2026-06-12 19:58:13.019,0.00,0.00,0.00,0.00,0,0
2026-06-12 19:58:13.069,0.00,0.00,0.00,0.00,0,0
2026-06-12 19:58:13.120,0.00,0.00,0.00,0.00,0,0
2026-06-12 19:58:13.171,0.00,0.00,0.00,0.00,0,0
2026-06-12 19:58:13.220,0.00,0.00,0.00,0.00,0,0
2026-06-12 19:58:13.271,0.00,0.00,0.00,0.00,0,0
2026-06-12 19:58:13.321,0.00,0.00,0.00,0.00,0,0
2026-06-12 19:58:13.372,0.00,0.00,0.00,0.00,0,0
2026-06-12 19:58:13.422,0.00,0.00,0.00,0.00,0,0
2026-06-12 19:58:13.473,0.00,0.00,0.00,0.00,0,0
2026-06-12 19:58:13.523,0.00,0.00,0.00,0.00,0,0
2026-06-12 19:58:13.573,0.00,0.00,0.00,0.00,0,0
2026-06-12 19:58:13.624,0.00,0.00,0.00,0.00,0,0
2026-06-12 19:58:13.674,0.00,0.00,0.00,0.00,0,0
2026-06-12 19:58:13.724,0.00,0.00,0.00,0.00,0,0
2026-06-12 19:58:13.775,0.00,0.00,0.00,0.00,0,0
2026-06-12 19:58:13.825,0.00,0.00,0.00,0.00,0,0
2026-06-12 19:58:13.876,0.00,0.00,0.00,0.00,0,0
2026-06-12 19:58:13.926,0.00,0.00,0.00,0.00,0,0
2026-06-12 19:58:13.976,0.00,0.00,0.00,0.00,0,0
2026-06-12 19:58:14.027,0.00,0.00,0.00,0.00,0,0
2026-06-12 19:58:14.077,0.00,0.00,0.00,0.00,2,0
2026-06-12 19:58:14.128,0.00,0.00,0.00,0.00,2,0
2026-06-12 19:58:14.178,0.00,0.00,0.00,0.00,2,0
2026-06-12 19:58:14.228,0.00,0.00,0.00,0.00,2,0
2026-06-12 19:58:14.279,0.00,0.00,0.00,0.00,2,0
2026-06-12 19:58:14.329,0.00,0.00,0.00,0.00,2,0
2026-06-12 19:58:14.380,0.00,0.00,0.00,0.00,2,0
2026-06-12 19:58:14.430,0.00,0.00,0.00,0.00,2,0
2026-06-12 19:58:14.480,0.00,0.00,0.00,0.00,2,0
2026-06-12 19:58:14.531,0.00,0.00,0.00,0.00,2,0
2026-06-12 19:58:14.581,0.00,0.00,0.00,0.00,2,0
2026-06-12 19:58:14.632,0.00,0.00,0.00,0.00,2,0
2026-06-12 19:58:14.682,0.00,0.00,0.00,0.00,2,0
2026-06-12 19:58:14.732,0.00,0.00,0.00,0.00,2,0
2026-06-12 19:58:14.783,0.00,0.00,0.00,0.00,2,0
2026-06-12 19:58:14.833,0.00,0.00,0.00,0.00,2,0
2026-06-12 19:58:14.886,0.00,0.00,0.00,0.00,2,0
2026-06-12 19:58:14.934,0.00,0.00,0.00,0.00,2,0
2026-06-12 19:58:14.984,0.00,0.00,0.00,0.00,2,0
2026-06-12 19:58:15.036,0.00,0.00,0.00,0.00,2,0
2026-06-12 19:58:15.088,0.00,0.00,0.00,0.00,2,0
2026-06-12 19:58:15.136,0.00,0.00,0.00,0.00,2,0
2026-06-12 19:58:15.186,0.00,0.00,0.00,0.00,2,0
2026-06-12 19:58:15.236,0.00,0.00,0.00,0.00,2,0
2026-06-12 19:58:15.287,0.00,0.00,0.00,0.00,2,0
2026-06-12 19:58:15.337,0.00,0.00,0.00,0.00,2,0
2026-06-12 19:58:15.388,0.00,0.00,0.00,0.00,2,0
2026-06-12 19:58:15.439,0.00,0.00,0.00,0.00,2,0
2026-06-12 19:58:15.489,0.00,0.00,0.00,0.00,2,0
2026-06-12 19:58:15.539,0.00,0.00,0.00,0.00,2,0
2026-06-12 19:58:15.589,0.00,0.00,0.00,0.00,2,0
2026-06-12 19:58:15.640,0.00,0.00,0.00,0.00,2,0
2026-06-12 19:58:15.690,0.00,0.00,0.00,0.00,2,0
2026-06-12 19:58:15.741,0.00,0.00,0.00,0.00,2,0
2026-06-12 19:58:15.791,0.00,0.00,0.00,0.00,2,0
2026-06-12 19:58:15.841,0.00,0.00,0.00,0.00,2,0
2026-06-12 19:58:15.892,0.00,0.00,0.00,0.00,2,0
2026-06-12 19:58:15.942,0.00,0.00,0.00,0.00,2,0
2026-06-12 19:58:15.993,0.00,0.00,0.00,0.00,2,0
2026-06-12 19:58:16.043,0.00,0.00,0.00,0.00,2,0
2026-06-12 19:58:16.093,0.00,0.00,0.00,0.00,2,0
2026-06-12 19:58:16.144,0.00,0.00,0.00,0.00,2,0
2026-06-12 19:58:16.194,0.00,0.00,0.00,0.00,2,0
2026-06-12 19:58:16.244,0.00,0.00,0.00,0.00,2,0
2026-06-12 19:58:16.295,0.00,0.00,0.00,0.00,2,0
2026-06-12 19:58:16.345,0.00,0.00,0.00,0.00,2,0
2026-06-12 19:58:16.396,0.00,0.00,0.00,0.00,2,0
2026-06-12 19:58:16.446,0.00,0.00,0.00,0.00,2,0
2026-06-12 19:58:16.496,0.00,0.00,0.00,0.00,2,0
2026-06-12 19:58:16.547,0.00,0.00,0.00,0.00,2,0
2026-06-12 19:58:16.597,0.00,0.00,0.00,0.00,2,0
2026-06-12 19:58:16.648,0.00,0.00,0.00,0.00,2,0
2026-06-12 19:58:16.699,0.00,0.00,0.00,0.00,2,0
2026-06-12 19:58:16.749,0.00,0.00,0.00,0.00,2,0
2026-06-12 19:58:16.799,0.00,0.00,0.00,0.00,2,0
2026-06-12 19:58:16.849,0.00,0.00,0.00,0.00,2,0
2026-06-12 19:58:16.899,0.00,0.00,0.00,0.00,2,0
2026-06-12 19:58:16.950,0.00,0.00,0.00,0.00,2,0
2026-06-12 19:58:17.000,0.00,0.00,0.00,0.00,2,0
2026-06-12 19:58:17.051,0.00,0.00,0.00,0.00,2,0
2026-06-12 19:58:17.102,0.00,0.00,0.00,0.00,2,0
2026-06-12 19:58:17.151,0.00,0.00,0.00,0.00,2,0
2026-06-12 19:58:17.202,0.00,0.00,0.00,0.00,2,0
2026-06-12 19:58:17.252,0.00,0.00,0.00,0.00,2,0
2026-06-12 19:58:17.303,0.00,0.00,0.00,0.00,2,0
2026-06-12 19:58:17.353,0.00,0.00,0.00,0.00,2,0
2026-06-12 19:58:17.404,0.00,0.00,0.00,0.00,2,0
2026-06-12 19:58:17.454,0.00,0.00,0.00,0.00,2,0
2026-06-12 19:58:17.505,0.00,0.00,0.00,0.00,2,0
2026-06-12 19:58:17.555,0.00,0.00,0.00,0.00,2,0
2026-06-12 19:58:17.605,0.00,0.00,0.00,0.00,2,0
2026-06-12 19:58:17.656,0.00,0.00,0.00,0.00,2,0
2026-06-12 19:58:17.712,0.00,0.00,0.00,0.00,2,0
2026-06-12 19:58:17.756,0.00,0.00,0.00,0.00,2,0
2026-06-12 19:58:17.807,0.00,0.00,0.00,0.00,2,0
2026-06-12 19:58:17.857,0.00,0.00,0.00,0.00,2,0
2026-06-12 19:58:17.913,0.00,0.00,0.00,0.00,2,0
2026-06-12 19:58:17.958,0.00,0.00,0.00,0.00,2,0
2026-06-12 19:58:18.008,0.00,0.00,0.00,0.00,2,0
2026-06-12 19:58:18.059,0.00,0.00,0.00,0.00,2,0
2026-06-12 19:58:18.109,0.00,0.00,0.00,0.00,2,0
2026-06-12 19:58:18.160,0.00,0.00,0.00,0.00,2,0
2026-06-12 19:58:18.210,0.00,0.00,0.00,0.00,2,0
2026-06-12 19:58:18.260,0.00,0.00,0.00,0.00,2,0
2026-06-12 19:58:18.311,0.00,0.00,0.00,0.00,2,0
2026-06-12 19:58:18.361,0.00,0.00,0.00,0.00,2,0
2026-06-12 19:58:18.412,0.00,0.00,0.00,0.00,2,0
2026-06-12 19:58:18.462,0.00,0.00,0.00,0.00,2,0
2026-06-12 19:58:18.512,0.00,0.00,0.00,0.00,2,0
2026-06-12 19:58:18.563,0.00,0.00,0.00,0.00,2,0
2026-06-12 19:58:18.613,0.00,0.00,0.00,0.00,2,0
2026-06-12 19:58:18.664,0.00,0.00,0.00,0.00,2,0
2026-06-12 19:58:18.714,0.00,0.00,0.00,0.00,2,0
2026-06-12 19:58:18.764,0.00,0.00,0.00,0.00,2,0
2026-06-12 19:58:18.816,0.00,0.00,0.00,0.00,2,0
2026-06-12 19:58:18.865,0.00,0.00,0.00,0.00,2,0
2026-06-12 19:58:18.919,0.00,0.00,0.00,0.00,2,0
2026-06-12 19:58:18.966,0.00,0.00,0.00,0.00,2,0
2026-06-12 19:58:19.016,0.00,0.00,0.00,0.00,2,0
2026-06-12 19:58:19.067,0.00,0.00,0.00,0.00,2,0
2026-06-12 19:58:19.117,0.00,0.00,0.00,0.00,2,0
2026-06-12 19:58:19.168,0.00,0.00,0.00,0.00,2,0
2026-06-12 19:58:19.220,0.00,0.00,0.00,0.00,2,0
2026-06-12 19:58:19.275,0.00,0.00,0.00,0.00,2,0
2026-06-12 19:58:19.319,0.00,0.00,0.00,0.00,2,0
2026-06-12 19:58:19.369,0.00,0.00,0.00,0.00,2,0
2026-06-12 19:58:19.419,0.00,0.00,0.00,0.00,2,0
2026-06-12 19:58:19.470,0.00,0.00,0.00,0.00,2,0
2026-06-12 19:58:19.520,0.00,0.00,0.00,0.00,2,0
2026-06-12 19:58:19.571,0.00,0.00,0.00,0.00,2,0
2026-06-12 19:58:19.621,0.00,0.00,0.00,0.00,2,0
2026-06-12 19:58:19.672,0.00,0.00,0.00,0.00,2,0
2026-06-12 19:58:19.723,0.00,0.00,0.00,0.00,2,0
2026-06-12 19:58:19.772,0.00,0.00,0.00,0.00,2,0
2026-06-12 19:58:19.823,0.00,0.00,0.00,0.00,2,0
2026-06-12 19:58:19.873,0.00,0.00,0.00,0.00,2,0
2026-06-12 19:58:19.924,0.00,0.00,0.00,0.00,2,0
2026-06-12 19:58:19.974,0.00,0.00,0.00,0.00,2,0
2026-06-12 19:58:20.024,0.00,0.00,0.00,0.00,2,0
2026-06-12 19:58:20.075,0.00,0.00,0.00,0.00,2,0
2026-06-12 19:58:20.125,0.00,0.00,0.00,0.00,2,0
2026-06-12 19:58:20.175,0.00,0.00,0.00,0.00,2,0
2026-06-12 19:58:20.226,0.00,0.00,0.00,0.00,2,0
2026-06-12 19:58:20.276,0.00,0.00,0.00,0.00,2,0
2026-06-12 19:58:20.327,0.00,0.00,0.00,0.00,2,0
2026-06-12 19:58:20.377,0.00,0.00,0.00,0.00,2,0
2026-06-12 19:58:20.427,0.00,0.00,0.00,0.00,2,0
2026-06-12 19:58:20.480,0.00,0.00,0.00,0.00,2,0
2026-06-12 19:58:20.536,0.00,0.00,0.00,0.00,2,0
2026-06-12 19:58:20.581,0.00,0.00,0.00,0.00,2,0
2026-06-12 19:58:20.629,0.00,0.00,0.00,0.00,2,0
2026-06-12 19:58:20.679,0.00,0.00,0.00,0.00,2,0
2026-06-12 19:58:20.730,0.00,0.00,0.00,0.00,2,0
2026-06-12 19:58:20.780,0.00,0.00,0.00,0.00,2,0
2026-06-12 19:58:20.831,0.00,0.00,0.00,0.00,2,0
2026-06-12 19:58:20.892,0.00,0.00,0.00,0.00,2,0
2026-06-12 19:58:20.932,0.00,0.00,0.00,0.00,2,0
2026-06-12 19:58:20.982,0.00,0.00,0.00,0.00,2,0
2026-06-12 19:58:21.032,0.00,0.00,0.00,0.00,2,0
2026-06-12 19:58:21.083,0.00,0.00,0.00,0.00,2,0
2026-06-12 19:58:21.133,0.00,0.00,0.00,0.00,2,0
2026-06-12 19:58:21.183,0.00,0.00,0.00,0.00,2,0
2026-06-12 19:58:21.234,0.00,0.00,0.00,0.00,2,0
2026-06-12 19:58:21.284,0.00,0.00,0.00,0.00,2,0
2026-06-12 19:58:21.335,0.00,0.00,0.00,0.00,2,0
2026-06-12 19:58:21.385,0.00,0.00,0.00,0.00,2,0
2026-06-12 19:58:21.435,0.00,0.00,0.00,0.00,2,0
2026-06-12 19:58:21.486,0.00,0.00,0.00,0.00,2,0
2026-06-12 19:58:21.536,0.00,0.00,0.00,0.00,2,0
2026-06-12 19:58:21.589,0.00,0.00,0.00,0.00,2,0
2026-06-12 19:58:21.637,0.00,0.00,0.00,0.00,2,0
2026-06-12 19:58:21.687,0.00,0.00,0.00,0.00,2,0
2026-06-12 19:58:21.738,0.00,0.00,0.00,0.00,2,0
2026-06-12 19:58:21.789,0.00,0.00,0.00,0.00,2,0
2026-06-12 19:58:21.839,0.00,0.00,0.00,0.00,2,0
2026-06-12 19:58:21.889,0.00,0.00,0.00,0.00,2,0
2026-06-12 19:58:21.939,0.00,0.00,0.00,0.00,2,0
2026-06-12 19:58:21.990,0.00,0.00,0.00,0.00,2,0
2026-06-12 19:58:22.040,0.00,0.00,0.00,0.00,2,0
2026-06-12 19:58:22.091,0.00,0.00,0.00,0.00,2,0
2026-06-12 19:58:22.144,0.00,0.00,0.00,0.00,2,0
2026-06-12 19:58:22.192,0.00,0.00,0.00,0.00,2,0
2026-06-12 19:58:22.242,0.00,0.00,0.00,0.00,2,0
2026-06-12 19:58:22.292,0.00,0.00,0.00,0.00,2,0
2026-06-12 19:58:22.343,0.00,0.00,0.00,0.00,2,0
2026-06-12 19:58:22.393,0.00,0.00,0.00,0.00,2,0
2026-06-12 19:58:22.443,0.00,0.00,0.00,0.00,2,0
2026-06-12 19:58:22.494,0.00,0.00,0.00,0.00,2,0
2026-06-12 19:58:22.544,0.00,0.00,0.00,0.00,2,0
2026-06-12 19:58:22.595,0.00,0.00,0.00,0.00,2,0
2026-06-12 19:58:22.645,0.00,0.00,0.00,0.00,2,0
2026-06-12 19:58:22.695,0.00,0.00,0.00,0.00,2,0
2026-06-12 19:58:22.746,0.00,0.00,0.00,0.00,2,0
2026-06-12 19:58:22.796,0.00,0.00,0.00,0.00,2,0
2026-06-12 19:58:22.847,0.00,0.00,0.00,0.00,2,0
2026-06-12 19:58:22.908,0.00,0.00,0.00,0.00,2,0
2026-06-12 19:58:22.947,0.00,0.00,0.00,0.00,2,0
2026-06-12 19:58:22.998,0.00,0.00,0.00,0.00,2,0
2026-06-12 19:58:23.049,0.00,0.00,0.00,0.00,2,0
2026-06-12 19:58:23.099,0.00,0.00,0.00,0.00,2,0
2026-06-12 19:58:23.149,0.00,0.00,0.00,0.00,2,0
2026-06-12 19:58:23.199,0.00,0.00,0.00,0.00,2,0
2026-06-12 19:58:23.250,0.00,0.00,0.00,0.00,2,0
2026-06-12 19:58:23.300,0.00,0.00,0.00,0.00,2,0
2026-06-12 19:58:23.350,0.00,0.00,0.00,0.00,2,0
2026-06-12 19:58:23.402,0.00,0.00,0.00,0.00,2,0
2026-06-12 19:58:23.451,0.00,0.00,0.00,0.00,2,0
2026-06-12 19:58:23.502,0.00,0.00,0.00,0.00,2,0
2026-06-12 19:58:23.552,0.00,0.00,0.00,0.00,2,0
2026-06-12 19:58:23.602,0.00,0.00,0.00,0.00,2,0
2026-06-12 19:58:23.653,0.00,0.00,0.00,0.00,2,0
2026-06-12 19:58:23.703,0.00,0.00,0.00,0.00,2,0
2026-06-12 19:58:23.754,0.00,0.00,0.00,0.00,2,0
2026-06-12 19:58:23.804,0.00,0.00,0.00,0.00,2,0
2026-06-12 19:58:23.855,0.00,0.00,0.00,0.00,2,0
2026-06-12 19:58:23.905,0.00,0.00,0.00,0.00,2,0
2026-06-12 19:58:23.957,0.00,0.00,0.00,0.00,2,0
2026-06-12 19:58:24.006,0.00,0.00,0.00,0.00,2,0
2026-06-12 19:58:24.056,0.00,0.00,0.00,0.00,2,0
2026-06-12 19:58:24.107,0.00,0.00,0.00,0.00,2,0
2026-06-12 19:58:24.157,0.00,0.00,0.00,0.00,2,0
2026-06-12 19:58:24.207,0.00,0.00,0.00,0.00,2,0
2026-06-12 19:58:24.260,0.00,0.00,0.00,0.00,2,0
2026-06-12 19:58:24.309,0.00,0.00,0.00,0.00,2,0
2026-06-12 19:58:24.359,0.00,0.00,0.00,0.00,2,0
2026-06-12 19:58:24.409,0.00,0.00,0.00,0.00,2,0
2026-06-12 19:58:24.459,0.00,0.00,0.00,0.00,2,0
2026-06-12 19:58:24.510,0.00,0.00,0.00,0.00,2,0
2026-06-12 19:58:24.560,0.00,0.00,0.00,0.00,2,0
2026-06-12 19:58:24.610,0.00,0.00,0.00,0.00,2,0
2026-06-12 19:58:24.661,0.00,0.00,0.00,0.00,2,0
2026-06-12 19:58:24.711,0.00,0.00,0.00,0.00,2,0
2026-06-12 19:58:24.762,0.00,0.00,0.00,0.00,2,0
2026-06-12 19:58:24.812,0.00,0.00,0.00,0.00,2,0
2026-06-12 19:58:24.863,0.00,0.00,0.00,0.00,2,0
2026-06-12 19:58:24.913,0.00,0.00,0.00,0.00,2,0
2026-06-12 19:58:24.964,0.00,0.00,0.00,0.00,2,0
2026-06-12 19:58:25.014,0.00,0.00,0.00,0.00,2,0
2026-06-12 19:58:25.064,0.00,0.00,0.00,0.00,2,0
2026-06-12 19:58:25.115,0.00,0.00,0.00,0.00,2,0
2026-06-12 19:58:25.165,0.00,0.00,0.00,0.00,2,0
2026-06-12 19:58:25.215,0.00,0.00,0.00,0.00,2,0
2026-06-12 19:58:25.266,0.00,0.00,0.00,0.00,2,0
2026-06-12 19:58:25.317,0.00,0.00,0.00,0.00,2,0
2026-06-12 19:58:25.367,0.00,0.00,0.00,0.00,2,0
2026-06-12 19:58:25.417,0.00,0.00,0.00,0.00,2,0
2026-06-12 19:58:25.467,0.00,0.00,0.00,0.00,2,0
2026-06-12 19:58:25.518,0.00,0.00,0.00,0.00,2,0
2026-06-12 19:58:25.571,0.00,0.00,0.00,0.00,2,0
2026-06-12 19:58:25.618,0.00,0.00,0.00,0.00,2,0
2026-06-12 19:58:25.669,0.00,0.00,0.00,0.00,2,0
2026-06-12 19:58:25.719,0.00,0.00,0.00,0.00,2,0
2026-06-12 19:58:25.770,0.00,0.00,0.00,0.00,2,0
2026-06-12 19:58:25.820,0.00,0.00,0.00,0.00,2,0
2026-06-12 19:58:25.870,0.00,0.00,0.00,0.00,2,0
2026-06-12 19:58:25.921,0.00,0.00,0.00,0.00,2,0
2026-06-12 19:58:25.971,0.00,0.00,0.00,0.00,2,0
2026-06-12 19:58:26.022,0.00,0.00,0.00,0.00,2,0
2026-06-12 19:58:26.072,0.00,0.00,0.00,0.00,2,0
2026-06-12 19:58:26.123,0.00,0.00,0.00,0.00,2,0
2026-06-12 19:58:26.176,0.00,0.00,0.00,0.00,2,0
2026-06-12 19:58:26.223,0.00,0.00,0.00,0.00,2,0
2026-06-12 19:58:26.274,0.00,0.00,0.00,0.00,2,0
2026-06-12 19:58:26.324,0.00,0.00,0.00,0.00,2,0
2026-06-12 19:58:26.374,0.00,0.00,0.00,0.00,2,0
2026-06-12 19:58:26.425,0.00,0.00,0.00,0.00,2,0
2026-06-12 19:58:26.475,0.00,0.00,0.00,0.00,2,0
2026-06-12 19:58:26.528,0.00,0.00,0.00,0.00,2,0
2026-06-12 19:58:26.576,0.00,0.00,0.00,0.00,2,0
2026-06-12 19:58:26.627,0.00,0.00,0.00,0.00,2,0
2026-06-12 19:58:26.677,0.00,0.00,0.00,0.00,2,0
2026-06-12 19:58:26.727,0.00,0.00,0.00,0.00,2,0
2026-06-12 19:58:26.778,0.00,0.00,0.00,0.00,2,0
2026-06-12 19:58:26.829,0.00,0.00,0.00,0.00,2,0
2026-06-12 19:58:26.879,0.00,0.00,0.00,0.00,2,0
2026-06-12 19:58:26.929,0.00,0.00,0.00,0.00,2,0
2026-06-12 19:58:26.979,0.00,0.00,0.00,0.00,2,0
2026-06-12 19:58:27.036,0.00,0.00,0.00,0.00,2,0
2026-06-12 19:58:27.081,0.00,0.00,0.00,0.00,2,0
2026-06-12 19:58:27.130,0.00,0.00,0.00,0.00,2,0
2026-06-12 19:58:27.183,0.00,0.00,0.00,0.00,2,0
2026-06-12 19:58:27.231,0.00,0.00,0.00,0.00,2,0
2026-06-12 19:58:27.282,0.00,0.00,0.00,0.00,2,0
2026-06-12 19:58:27.332,0.00,0.00,0.00,0.00,2,0
2026-06-12 19:58:27.383,0.00,0.00,0.00,0.00,2,0
2026-06-12 19:58:27.433,0.00,0.00,0.00,0.00,2,0
2026-06-12 19:58:27.483,0.00,0.00,0.00,0.00,2,0
2026-06-12 19:58:27.534,0.00,0.00,0.00,0.00,2,0
2026-06-12 19:58:27.584,0.00,0.00,0.00,0.00,2,0
2026-06-12 19:58:27.635,0.00,0.00,0.00,0.00,2,0
2026-06-12 19:58:27.685,0.00,0.00,0.00,0.00,2,0
2026-06-12 19:58:27.735,0.00,0.00,0.00,0.00,2,0
2026-06-12 19:58:27.786,0.00,0.00,0.00,0.00,2,0
2026-06-12 19:58:27.836,0.00,0.00,0.00,0.00,2,0
2026-06-12 19:58:27.887,0.00,0.00,0.00,0.00,2,0
2026-06-12 19:58:27.940,0.00,0.00,0.00,0.00,2,0
2026-06-12 19:58:27.987,0.00,0.00,0.00,0.00,2,0
2026-06-12 19:58:28.038,0.00,0.00,0.00,0.00,2,0
2026-06-12 19:58:28.089,0.00,0.00,0.00,0.00,2,0
2026-06-12 19:58:28.139,0.00,0.00,0.00,0.00,2,0
2026-06-12 19:58:28.189,0.00,0.00,0.00,0.00,2,0
2026-06-12 19:58:28.239,0.00,0.00,0.00,0.00,2,0
2026-06-12 19:58:28.290,0.00,0.00,0.00,0.00,2,0
2026-06-12 19:58:28.340,0.00,0.00,0.00,0.00,2,0
2026-06-12 19:58:28.390,0.00,0.00,0.00,0.00,2,0
2026-06-12 19:58:28.441,0.00,0.00,0.00,0.00,2,0
2026-06-12 19:58:28.491,0.00,0.00,0.00,0.00,2,0
2026-06-12 19:58:28.542,0.00,0.00,0.00,0.00,2,0
2026-06-12 19:58:28.592,0.00,0.00,0.00,0.00,2,0
2026-06-12 19:58:28.642,0.00,0.00,0.00,0.00,2,0
2026-06-12 19:58:28.695,0.00,0.00,0.00,0.00,2,0
2026-06-12 19:58:28.743,0.00,0.00,0.00,0.00,2,0
2026-06-12 19:58:28.796,0.00,0.00,0.00,0.00,2,0
2026-06-12 19:58:28.845,0.00,0.00,0.00,0.00,2,0
2026-06-12 19:58:28.894,0.00,0.00,0.00,0.00,2,0
2026-06-12 19:58:28.945,0.00,0.00,0.00,0.00,2,0
2026-06-12 19:58:28.995,0.00,0.00,0.00,0.00,2,0
2026-06-12 19:58:29.046,0.00,0.00,0.00,0.00,2,0
2026-06-12 19:58:29.096,0.00,0.00,0.00,0.00,2,0
2026-06-12 19:58:29.146,0.00,0.00,0.00,0.00,2,0
2026-06-12 19:58:29.197,0.00,0.00,0.00,0.00,2,0
2026-06-12 19:58:29.247,0.00,0.00,0.00,0.00,2,0
2026-06-12 19:58:29.298,0.00,0.00,0.00,0.00,2,0
2026-06-12 19:58:29.349,0.00,0.00,0.00,0.00,2,0
2026-06-12 19:58:29.399,0.00,0.00,0.00,0.00,2,0
2026-06-12 19:58:29.450,0.00,0.00,0.00,0.00,2,0
2026-06-12 19:58:29.499,0.00,0.00,0.00,0.00,2,0
2026-06-12 19:58:29.550,0.00,0.00,0.00,0.00,2,0
2026-06-12 19:58:29.600,0.00,0.00,0.00,0.00,2,0
2026-06-12 19:58:29.650,0.00,0.00,0.00,0.00,2,0
2026-06-12 19:58:29.701,0.00,0.00,0.00,0.00,2,0
2026-06-12 19:58:29.751,0.00,0.00,0.00,0.00,2,0
2026-06-12 19:58:29.802,0.00,0.00,0.00,0.00,2,0
2026-06-12 19:58:29.853,0.04,0.00,0.00,0.00,2,0
2026-06-12 19:58:29.903,0.04,0.00,1.15,0.34,2,0
2026-06-12 19:58:29.953,0.04,0.00,1.15,0.34,2,0
2026-06-12 19:58:30.003,0.04,0.00,1.15,0.34,2,0
2026-06-12 19:58:30.054,0.04,0.00,1.15,0.34,2,0
2026-06-12 19:58:30.104,0.06,0.00,1.15,0.34,2,0
2026-06-12 19:58:30.155,0.06,0.00,1.14,0.58,2,0
2026-06-12 19:58:30.205,0.06,0.00,1.14,0.58,2,0
2026-06-12 19:58:30.256,0.08,0.01,1.14,0.58,2,0
2026-06-12 19:58:30.306,0.08,0.01,1.14,0.75,2,0
2026-06-12 19:58:30.356,0.08,0.01,1.14,0.75,2,0
2026-06-12 19:58:30.406,0.10,0.01,1.14,0.75,2,0
2026-06-12 19:58:30.457,0.10,0.01,1.14,0.87,2,0
2026-06-12 19:58:30.507,0.10,0.01,1.14,0.87,2,0
2026-06-12 19:58:30.558,1.49,0.47,1.14,0.87,2,0
2026-06-12 19:58:30.609,3.04,1.66,43.13,13.55,2,0
2026-06-12 19:58:30.659,4.70,2.80,60.31,27.58,2,0
2026-06-12 19:58:30.709,4.70,2.80,77.95,42.69,2,0
2026-06-12 19:58:30.759,6.18,2.87,77.95,42.69,2,0
2026-06-12 19:58:30.810,6.18,2.87,87.43,56.11,2,0
2026-06-12 19:58:30.860,7.47,2.97,87.43,56.11,2,0
2026-06-12 19:58:30.911,7.47,2.97,95.18,67.83,2,0
2026-06-12 19:58:30.961,7.98,2.81,95.18,67.83,2,0
2026-06-12 19:58:31.011,7.98,2.81,83.32,72.48,2,0
2026-06-12 19:58:31.062,8.15,2.46,83.32,72.48,2,0
2026-06-12 19:58:31.112,8.41,2.23,77.72,74.05,2,0
2026-06-12 19:58:31.163,8.41,2.23,81.92,76.41,2,0
2026-06-12 19:58:31.213,8.72,2.07,81.92,76.41,2,0
2026-06-12 19:58:31.263,9.09,1.96,85.72,79.20,2,0
2026-06-12 19:58:31.314,9.09,1.96,90.47,82.58,2,0
2026-06-12 19:58:31.364,9.49,1.88,90.47,82.58,2,0
2026-06-12 19:58:31.415,9.93,1.85,94.43,86.14,2,0
2026-06-12 19:58:31.465,9.93,1.85,99.64,90.19,2,0
2026-06-12 19:58:31.515,10.33,1.79,99.64,90.19,2,0
2026-06-12 19:58:31.566,10.70,1.72,102.34,93.84,2,0
2026-06-12 19:58:31.616,10.70,1.72,104.96,97.17,2,0
2026-06-12 19:58:31.667,11.03,1.65,104.96,97.17,2,0
2026-06-12 19:58:31.717,11.29,1.61,107.05,100.14,2,0
2026-06-12 19:58:31.767,11.60,1.55,108.11,102.53,2,0
2026-06-12 19:58:31.818,11.91,1.56,112.03,105.38,2,0
2026-06-12 19:58:31.869,12.29,1.65,114.61,108.15,2,0
2026-06-12 19:58:31.918,12.29,1.65,119.69,111.61,2,0
2026-06-12 19:58:31.970,12.68,1.61,119.69,111.61,2,0
2026-06-12 19:58:32.019,13.03,1.66,123.47,115.17,2,0
2026-06-12 19:58:32.072,13.34,1.58,125.59,118.29,2,0
2026-06-12 19:58:32.120,13.58,1.55,127.64,121.10,2,0
2026-06-12 19:58:32.170,13.81,1.50,128.62,123.35,2,0
2026-06-12 19:58:32.221,14.04,1.47,130.16,125.39,2,0
2026-06-12 19:58:32.272,14.33,1.49,132.37,127.49,2,0
2026-06-12 19:58:32.322,14.63,1.51,136.23,130.11,2,0
2026-06-12 19:58:32.372,14.97,1.57,139.30,132.87,2,0
2026-06-12 19:58:32.423,15.28,1.59,143.17,135.96,2,0
2026-06-12 19:58:32.473,15.54,1.56,145.36,138.78,2,0
2026-06-12 19:58:32.523,15.72,1.48,146.51,141.10,2,0
2026-06-12 19:58:32.574,15.86,1.37,146.51,142.72,2,0
2026-06-12 19:58:32.624,16.05,1.32,147.02,144.01,2,0
2026-06-12 19:58:32.675,16.30,1.33,149.72,145.72,2,0
2026-06-12 19:58:32.725,16.60,1.38,153.36,148.01,2,0
2026-06-12 19:58:32.776,16.92,1.44,157.18,150.76,2,0
2026-06-12 19:58:32.826,17.19,1.44,160.40,153.65,2,0
2026-06-12 19:58:32.876,17.36,1.37,161.69,156.06,2,0
2026-06-12 19:58:32.927,17.49,1.38,161.30,157.63,2,0
2026-06-12 19:58:32.977,17.61,1.27,161.75,158.87,2,0
2026-06-12 19:58:33.027,17.73,1.18,162.25,159.88,2,0
2026-06-12 19:58:33.078,18.25,1.50,163.68,161.02,2,0
2026-06-12 19:58:33.129,18.54,1.51,171.89,165.74,2,0
2026-06-12 19:58:33.179,18.85,1.54,174.48,168.36,2,0
2026-06-12 19:58:33.229,19.07,1.67,177.80,171.19,2,0
2026-06-12 19:58:33.279,19.18,1.51,177.66,173.13,2,0
2026-06-12 19:58:33.330,19.45,1.37,176.63,174.18,2,0
2026-06-12 19:58:33.380,19.66,1.34,178.71,176.59,2,0
2026-06-12 19:58:33.431,19.96,1.63,182.94,178.50,2,0
2026-06-12 19:58:33.481,20.55,1.89,187.81,181.29,2,0
2026-06-12 19:58:33.531,20.72,1.75,193.17,186.66,2,0
2026-06-12 19:58:33.582,20.81,1.56,191.76,188.19,2,0
2026-06-12 19:58:33.632,20.93,1.52,190.96,189.02,2,0
2026-06-12 19:58:33.683,21.14,1.39,192.52,190.07,2,0
2026-06-12 19:58:33.733,21.37,1.37,195.18,192.02,2,0
2026-06-12 19:58:33.784,21.56,1.49,198.90,194.08,2,0
2026-06-12 19:58:33.834,21.92,1.44,199.86,195.82,2,0
2026-06-12 19:58:33.884,22.00,1.37,201.75,199.04,2,0
2026-06-12 19:58:33.935,22.23,1.27,201.59,199.80,2,0
2026-06-12 19:58:33.985,22.41,1.23,204.62,201.88,2,0
2026-06-12 19:58:34.036,22.62,1.39,207.29,203.50,2,0
2026-06-12 19:58:34.086,23.10,1.56,209.74,205.37,2,0
2026-06-12 19:58:34.136,23.29,1.64,214.49,209.75,2,0
2026-06-12 19:58:34.187,23.49,1.39,215.60,211.51,2,0
2026-06-12 19:58:34.237,23.58,1.32,214.75,213.35,2,0
2026-06-12 19:58:34.288,23.92,1.37,215.81,214.09,2,0
2026-06-12 19:58:34.339,24.13,1.52,221.17,217.23,2,0
2026-06-12 19:58:34.389,24.44,1.45,223.63,219.15,2,0
2026-06-12 19:58:34.439,24.52,1.36,224.89,221.92,2,0
2026-06-12 19:58:34.489,24.62,1.11,224.32,222.64,2,0
2026-06-12 19:58:34.540,24.69,1.04,224.83,223.62,2,0
2026-06-12 19:58:34.590,25.04,1.19,225.48,224.18,2,0
2026-06-12 19:58:34.640,25.44,1.47,231.57,227.38,2,0
2026-06-12 19:58:34.691,25.53,1.33,234.93,230.99,2,0
2026-06-12 19:58:34.741,25.64,1.14,233.86,231.86,2,0
2026-06-12 19:58:34.792,25.80,1.22,235.12,232.81,2,0
2026-06-12 19:58:34.842,26.30,1.52,237.64,234.26,2,0
2026-06-12 19:58:34.892,26.50,1.39,245.08,238.86,2,0
2026-06-12 19:58:34.943,26.52,1.20,241.83,240.63,2,0
2026-06-12 19:58:34.997,26.50,0.85,241.27,240.82,2,0
2026-06-12 19:58:35.044,26.64,0.83,241.30,240.65,2,0
2026-06-12 19:58:35.094,26.83,0.86,243.99,241.93,2,0
2026-06-12 19:58:35.145,27.07,1.00,247.57,243.63,2,0
2026-06-12 19:58:35.195,27.20,0.91,248.15,245.84,2,0
2026-06-12 19:58:35.245,27.25,0.82,248.39,247.00,2,0
2026-06-12 19:58:35.296,27.50,0.97,248.60,247.48,2,0
2026-06-12 19:58:35.346,27.74,1.07,252.44,249.70,2,0
2026-06-12 19:58:35.397,27.75,0.93,254.47,251.89,2,0
2026-06-12 19:58:35.447,27.80,0.72,252.19,251.98,2,0
2026-06-12 19:58:35.497,27.83,0.57,252.82,252.46,2,0
2026-06-12 19:58:35.548,27.98,0.65,253.74,252.72,2,0
2026-06-12 19:58:35.599,28.12,0.67,255.92,254.12,2,0
2026-06-12 19:58:35.649,28.24,0.66,258.35,255.39,2,0
2026-06-12 19:58:35.699,28.29,0.55,257.63,256.42,2,0
2026-06-12 19:58:35.749,28.55,0.81,257.32,256.90,2,0
2026-06-12 19:58:35.800,28.76,0.85,262.45,259.27,2,0
2026-06-12 19:58:35.850,29.15,1.21,265.49,261.14,2,0
2026-06-12 19:58:35.900,29.22,0.97,268.18,264.68,2,0
2026-06-12 19:58:35.951,29.30,0.84,265.61,265.32,2,0
2026-06-12 19:58:36.001,29.47,0.87,267.41,266.11,2,0
2026-06-12 19:58:36.052,30.98,1.97,269.53,267.61,2,0
2026-06-12 19:58:36.102,35.35,8.07,313.49,281.38,2,0
2026-06-12 19:58:36.153,35.57,5.82,359.52,321.05,2,0
2026-06-12 19:58:36.204,32.62,-0.27,301.74,322.99,2,0
2026-06-12 19:58:36.254,31.39,-2.04,271.22,296.18,2,0
2026-06-12 19:58:36.304,45.83,22.66,275.55,285.08,1,0
2026-06-12 19:58:36.354,67.32,47.01,727.38,416.14,1,0
2026-06-12 19:58:36.405,53.17,12.37,627.35,611.35,1,0
2026-06-12 19:58:36.455,47.06,-0.32,321.46,482.86,1,0
2026-06-12 19:58:36.506,42.13,-7.93,376.98,427.33,1,0
2026-06-12 19:58:36.560,36.36,-14.51,313.20,382.62,1,0
2026-06-12 19:58:36.606,33.60,-14.66,279.19,330.19,1,0
2026-06-12 19:58:36.657,32.52,-12.19,282.28,305.15,1,0
2026-06-12 19:58:36.707,32.05,-9.54,286.24,295.35,1,0
2026-06-12 19:58:36.758,31.79,-8.52,286.49,291.02,1,0
2026-06-12 19:58:36.809,31.24,-6.85,283.33,288.71,1,0
2026-06-12 19:58:36.859,30.84,-5.53,277.04,283.70,1,0
2026-06-12 19:58:36.909,30.99,-3.74,278.36,280.06,1,0
2026-06-12 19:58:36.959,31.07,-2.62,284.38,281.44,1,0
2026-06-12 19:58:37.010,30.91,-2.14,280.68,282.12,1,0
2026-06-12 19:58:37.060,30.95,-1.47,278.68,280.67,1,0
2026-06-12 19:58:37.111,30.99,-0.99,282.73,281.03,1,0
2026-06-12 19:58:37.161,30.96,-0.89,281.89,281.45,1,0
2026-06-12 19:58:37.211,30.51,-1.22,280.54,281.17,1,0
2026-06-12 19:58:37.262,30.09,-1.50,271.50,277.06,1,0
2026-06-12 19:58:37.315,30.09,-1.08,269.66,273.24,1,0
2026-06-12 19:58:37.368,29.94,-1.03,273.55,273.23,1,0
2026-06-12 19:58:37.413,29.70,-1.28,268.99,271.90,1,0
2026-06-12 19:58:37.466,29.04,-1.71,264.47,269.67,1,0
2026-06-12 19:58:37.514,28.45,-2.14,256.59,263.73,1,0
2026-06-12 19:58:37.564,32.75,4.97,252.42,258.34,1,0
2026-06-12 19:58:37.615,33.60,4.92,333.44,297.41,1,0
2026-06-12 19:58:37.665,30.48,-1.35,323.05,305.10,1,0
2026-06-12 19:58:37.716,28.99,-2.37,235.53,276.77,1,0
2026-06-12 19:58:37.766,27.10,-4.59,231.65,263.24,1,0
2026-06-12 19:58:37.817,26.41,-4.46,229.02,246.05,1,0
2026-06-12 19:58:37.867,25.16,-5.16,225.46,239.88,1,0
2026-06-12 19:58:37.918,24.42,-5.00,214.55,228.52,1,0
2026-06-12 19:58:37.968,23.67,-4.87,206.10,221.79,1,0
2026-06-12 19:58:38.019,22.85,-5.50,198.93,214.93,1,0
2026-06-12 19:58:38.069,22.09,-5.29,190.22,207.52,1,0
2026-06-12 19:58:38.119,21.36,-5.11,184.57,200.64,1,0
2026-06-12 19:58:38.169,20.60,-4.98,178.29,193.93,1,0
2026-06-12 19:58:38.220,19.77,-4.90,170.93,187.03,1,0
2026-06-12 19:58:38.271,18.77,-5.01,162.18,179.58,1,0
2026-06-12 19:58:38.321,17.55,-4.93,149.16,170.45,1,0
2026-06-12 19:58:38.371,17.55,-4.93,133.40,159.34,1,0
2026-06-12 19:58:38.422,16.09,-4.98,133.40,159.34,1,0
2026-06-12 19:58:38.472,16.09,-4.98,115.35,146.14,1,0
2026-06-12 19:58:38.522,16.09,-4.98,115.35,146.14,1,0
2026-06-12 19:58:38.573,16.09,-4.98,115.35,146.14,1,0
2026-06-12 19:58:38.623,13.59,-4.75,115.35,146.14,1,0
2026-06-12 19:58:38.674,13.59,-4.75,70.49,123.44,1,0
2026-06-12 19:58:38.724,13.59,-4.75,70.49,123.44,1,0
2026-06-12 19:58:38.775,13.59,-4.75,70.49,123.44,1,0
2026-06-12 19:58:38.825,13.59,-4.75,70.49,123.44,1,0
2026-06-12 19:58:38.875,13.59,-4.75,70.49,123.44,1,0
2026-06-12 19:58:38.926,13.59,-4.75,70.49,123.44,1,0
2026-06-12 19:58:38.976,13.59,-4.75,70.49,123.44,1,0
2026-06-12 19:58:39.027,13.59,-4.75,70.49,123.44,1,0
2026-06-12 19:58:39.077,13.59,-4.75,70.49,123.44,1,0
2026-06-12 19:58:39.128,13.59,-4.75,70.49,123.44,1,0
2026-06-12 19:58:39.178,13.59,-4.75,70.49,123.44,1,0
2026-06-12 19:58:39.228,13.59,-4.75,70.49,123.44,1,0
2026-06-12 19:58:39.279,13.59,-4.75,70.49,123.44,1,0
2026-06-12 19:58:39.329,10.43,-4.22,70.49,123.44,0,0
2026-06-12 19:58:39.380,10.43,-4.22,27.83,94.76,0,0
2026-06-12 19:58:39.430,10.43,-4.22,27.83,94.76,0,0
2026-06-12 19:58:39.480,10.43,-4.22,27.83,94.76,0,0
2026-06-12 19:58:39.531,10.43,-4.22,27.83,94.76,0,0
2026-06-12 19:58:39.581,10.43,-4.22,27.83,94.76,0,0
2026-06-12 19:58:39.632,10.43,-4.22,27.83,94.76,0,0
2026-06-12 19:58:39.682,10.43,-4.22,27.83,94.76,0,0
2026-06-12 19:58:39.733,10.43,-4.22,27.83,94.76,0,0
2026-06-12 19:58:39.783,10.43,-4.22,27.83,94.76,0,0
2026-06-12 19:58:39.833,10.43,-4.22,27.83,94.76,0,0
2026-06-12 19:58:39.884,10.43,-4.22,27.83,94.76,0,0
2026-06-12 19:58:39.934,10.43,-4.22,27.83,94.76,0,0
2026-06-12 19:58:39.985,10.43,-4.22,27.83,94.76,0,0
2026-06-12 19:58:40.035,10.43,-4.22,27.83,94.76,0,0
2026-06-12 19:58:40.085,10.43,-4.22,27.83,94.76,0,0
2026-06-12 19:58:40.136,10.43,-4.22,27.83,94.76,0,0
2026-06-12 19:58:40.186,10.43,-4.22,27.83,94.76,0,0
2026-06-12 19:58:40.237,10.43,-4.22,27.83,94.76,0,0
2026-06-12 19:58:40.287,10.43,-4.22,27.83,94.76,0,0
2026-06-12 19:58:40.338,10.43,-4.22,27.83,94.76,0,0
2026-06-12 19:58:40.389,10.43,-4.22,27.83,94.76,0,0
2026-06-12 19:58:40.439,10.43,-4.22,27.83,94.76,0,0
2026-06-12 19:58:40.492,10.43,-4.22,27.83,94.76,0,0
2026-06-12 19:58:40.539,10.43,-4.22,27.83,94.76,0,0
2026-06-12 19:58:40.590,10.43,-4.22,27.83,94.76,0,0
2026-06-12 19:58:40.640,10.43,-4.22,27.83,94.76,0,0
2026-06-12 19:58:40.691,10.43,-4.22,27.83,94.76,0,0
2026-06-12 19:58:40.741,10.43,-4.22,27.83,94.76,0,0
2026-06-12 19:58:40.791,10.43,-4.22,27.83,94.76,0,0
2026-06-12 19:58:40.842,10.43,-4.22,27.83,94.76,0,0
2026-06-12 19:58:40.892,10.43,-4.22,27.83,94.76,0,0
2026-06-12 19:58:40.943,10.43,-4.22,27.83,94.76,0,0
2026-06-12 19:58:40.993,10.43,-4.22,27.83,94.76,0,0
2026-06-12 19:58:41.043,10.43,-4.22,27.83,94.76,0,0
2026-06-12 19:58:41.094,10.43,-4.22,27.83,94.76,0,0
2026-06-12 19:58:41.144,10.43,-4.22,27.83,94.76,0,0
2026-06-12 19:58:41.195,10.43,-4.22,27.83,94.76,0,0
2026-06-12 19:58:41.245,10.43,-4.22,27.83,94.76,0,0
2026-06-12 19:58:41.296,10.43,-4.22,27.83,94.76,0,0
2026-06-12 19:58:41.346,0.34,0.00,27.83,94.76,2,0
2026-06-12 19:58:41.396,0.34,0.00,10.17,3.05,2,0
2026-06-12 19:58:41.447,0.34,0.00,10.17,3.05,2,0
2026-06-12 19:58:41.497,0.34,0.00,10.17,3.05,2,0
2026-06-12 19:58:41.548,0.34,0.00,10.17,3.05,2,0
2026-06-12 19:58:41.598,0.34,0.00,10.17,3.05,2,0
2026-06-12 19:58:41.649,0.34,0.00,10.17,3.05,2,0
2026-06-12 19:58:41.699,0.34,0.00,10.17,3.05,2,0
2026-06-12 19:58:41.749,0.34,0.00,10.17,3.05,2,0
2026-06-12 19:58:41.800,0.34,0.00,10.17,3.05,2,0
2026-06-12 19:58:41.850,0.34,0.00,10.17,3.05,2,0
2026-06-12 19:58:41.900,0.34,0.00,10.17,3.05,2,0
2026-06-12 19:58:41.951,0.34,0.00,10.17,3.05,2,0
2026-06-12 19:58:42.002,0.34,0.00,10.17,3.05,2,0
2026-06-12 19:58:42.053,0.34,0.00,10.17,3.05,2,0
2026-06-12 19:58:42.102,0.34,0.00,10.17,3.05,2,0
2026-06-12 19:58:42.152,0.34,0.00,10.17,3.05,2,0
2026-06-12 19:58:42.203,0.34,0.00,10.17,3.05,2,0
2026-06-12 19:58:42.261,0.34,0.00,10.17,3.05,2,0
2026-06-12 19:58:42.304,0.34,0.00,10.17,3.05,2,0
2026-06-12 19:58:42.355,0.34,0.00,10.17,3.05,2,0
2026-06-12 19:58:42.404,1.17,0.03,10.17,3.05,1,0
2026-06-12 19:58:42.455,1.17,0.03,28.19,10.59,1,0
2026-06-12 19:58:42.505,1.17,0.03,28.19,10.59,1,0
2026-06-12 19:58:42.556,1.17,0.03,28.19,10.59,1,0
2026-06-12 19:58:42.606,1.17,0.03,28.19,10.59,1,0
2026-06-12 19:58:42.657,1.17,0.03,28.19,10.59,1,0
2026-06-12 19:58:42.707,1.17,0.03,28.19,10.59,1,0
2026-06-12 19:58:42.762,1.17,0.03,28.19,10.59,1,0
2026-06-12 19:58:42.808,1.17,0.03,28.19,10.59,1,0
2026-06-12 19:58:42.859,1.17,0.03,28.19,10.59,1,0
2026-06-12 19:58:42.909,1.17,0.03,28.19,10.59,1,0
2026-06-12 19:58:42.962,1.17,0.03,28.19,10.59,1,0
2026-06-12 19:58:43.009,1.17,0.03,28.19,10.59,1,0
2026-06-12 19:58:43.060,1.17,0.03,28.19,10.59,1,0
2026-06-12 19:58:43.110,1.17,0.03,28.19,10.59,1,0
2026-06-12 19:58:43.161,1.17,0.03,28.19,10.59,1,0
2026-06-12 19:58:43.211,1.17,0.03,28.19,10.59,1,0
2026-06-12 19:58:43.261,1.17,0.03,28.19,10.59,1,0
2026-06-12 19:58:43.312,1.17,0.03,28.19,10.59,1,0
2026-06-12 19:58:43.362,1.17,0.03,28.19,10.59,1,0
2026-06-12 19:58:43.412,1.17,0.03,28.19,10.59,1,0
2026-06-12 19:58:43.463,1.17,0.03,28.19,10.59,1,0
2026-06-12 19:58:43.513,1.17,0.03,28.19,10.59,1,0
2026-06-12 19:58:43.564,1.17,0.03,28.19,10.59,1,0
2026-06-12 19:58:43.614,1.17,0.03,28.19,10.59,1,0
2026-06-12 19:58:43.664,1.17,0.03,28.19,10.59,1,0
2026-06-12 19:58:43.715,1.17,0.03,28.19,10.59,1,0
2026-06-12 19:58:43.765,1.17,0.03,28.19,10.59,1,0
2026-06-12 19:58:43.816,1.17,0.03,28.19,10.59,1,0
2026-06-12 19:58:43.866,1.17,0.03,28.19,10.59,1,0
2026-06-12 19:58:43.917,1.17,0.03,28.19,10.59,1,0
2026-06-12 19:58:43.967,1.17,0.03,28.19,10.59,1,0
2026-06-12 19:58:44.017,1.17,0.03,28.19,10.59,1,0
2026-06-12 19:58:44.068,1.17,0.03,28.19,10.59,1,0
2026-06-12 19:58:44.119,1.17,0.03,28.19,10.59,1,0
2026-06-12 19:58:44.169,1.17,0.03,28.19,10.59,1,0
2026-06-12 19:58:44.219,1.17,0.03,28.19,10.59,1,0
2026-06-12 19:58:44.269,1.17,0.03,28.19,10.59,1,0
2026-06-12 19:58:44.320,1.17,0.03,28.19,10.59,1,0
2026-06-12 19:58:44.370,1.17,0.03,28.19,10.59,1,0
2026-06-12 19:58:44.420,0.00,0.00,28.19,10.59,1,0
2026-06-12 19:58:44.471,0.00,0.00,0.00,0.00,1,0
2026-06-12 19:58:44.521,0.00,0.00,0.00,0.00,1,0
2026-06-12 19:58:44.572,0.00,0.00,0.00,0.00,1,0
2026-06-12 19:58:44.622,0.00,0.00,0.00,0.00,1,0
2026-06-12 19:58:44.673,0.00,0.00,0.00,0.00,1,0
2026-06-12 19:58:44.723,0.00,0.00,0.00,0.00,1,0
2026-06-12 19:58:44.773,0.00,0.00,0.00,0.00,1,0
2026-06-12 19:58:44.824,0.00,0.00,0.00,0.00,1,0
2026-06-12 19:58:44.874,0.00,0.00,0.00,0.00,1,0
2026-06-12 19:58:44.925,0.00,0.00,0.00,0.00,1,0
2026-06-12 19:58:44.975,0.00,0.00,0.00,0.00,1,0
2026-06-12 19:58:45.025,0.00,0.00,0.00,0.00,1,0
2026-06-12 19:58:45.076,0.00,0.00,0.00,0.00,1,0
2026-06-12 19:58:45.126,0.00,0.00,0.00,0.00,1,0
2026-06-12 19:59:46.690,0.00,0.00,0.00,0.00,1,0
2026-06-12 19:59:46.741,0.00,0.00,0.00,0.00,1,0
2026-06-12 19:59:46.791,0.00,0.00,0.00,0.00,1,0
2026-06-12 19:59:46.842,0.00,0.00,0.00,0.00,1,0
2026-06-12 19:59:46.892,0.00,0.00,0.00,0.00,1,0
2026-06-12 19:59:46.943,0.00,0.00,0.00,0.00,1,0
2026-06-12 19:59:46.993,0.00,0.00,0.00,0.00,1,0
2026-06-12 19:59:47.043,0.00,0.00,0.00,0.00,1,0
2026-06-12 19:59:47.094,0.00,0.00,0.00,0.00,1,0
2026-06-12 19:59:47.144,0.00,0.00,0.00,0.00,1,0
2026-06-12 19:59:47.195,0.00,0.00,0.00,0.00,1,0
