Timestamp,Speed_kmh,Accel_ms2,Raw_RPM,Filtered_RPM,Brake_State,Control_Mode
2026-06-12 16:40:05.702,0.00,0.00,0.00,0.00,0,0
2026-06-12 16:40:05.753,0.00,0.00,0.00,0.00,2,0
2026-06-12 16:40:05.803,0.00,0.00,0.00,0.00,2,0
2026-06-12 16:40:05.853,0.00,0.00,0.00,0.00,2,0
2026-06-12 16:40:05.904,0.00,0.00,0.00,0.00,2,0
2026-06-12 16:40:05.955,0.00,0.00,0.00,0.00,2,0
2026-06-12 16:40:06.006,0.00,0.00,0.00,0.00,2,0
2026-06-12 16:40:06.055,0.00,0.00,0.00,0.00,2,0
2026-06-12 16:40:06.105,0.00,0.00,0.00,0.00,2,0
2026-06-12 16:40:06.156,0.00,0.00,0.00,0.00,2,0
2026-06-12 16:40:06.206,0.00,0.00,0.00,0.00,2,0
2026-06-12 16:40:06.257,0.00,0.00,0.00,0.00,2,0
2026-06-12 16:40:06.307,0.00,0.00,0.00,0.00,2,0
2026-06-12 16:40:06.358,0.00,0.00,0.00,0.00,2,0
2026-06-12 16:40:06.408,0.00,0.00,0.00,0.00,2,0
2026-06-12 16:40:06.458,0.00,0.00,0.00,0.00,2,0
2026-06-12 16:40:06.509,0.00,0.00,0.00,0.00,2,0
2026-06-12 16:40:06.559,0.00,0.00,0.00,0.00,2,0
2026-06-12 16:40:06.609,0.00,0.00,0.00,0.00,2,0
2026-06-12 16:40:06.660,0.00,0.00,0.00,0.00,2,0
2026-06-12 16:40:06.710,0.00,0.00,0.00,0.00,2,0
2026-06-12 16:40:06.761,0.00,0.00,0.00,0.00,2,0
2026-06-12 16:40:06.811,0.00,0.00,0.00,0.00,2,0
2026-06-12 16:40:06.861,0.00,0.00,0.00,0.00,2,0
2026-06-12 16:40:06.912,0.00,0.00,0.00,0.00,2,0
2026-06-12 16:40:06.962,0.00,0.00,0.00,0.00,2,0
2026-06-12 16:40:07.013,0.00,0.00,0.00,0.00,2,0
2026-06-12 16:40:07.063,0.00,0.00,0.00,0.00,2,0
2026-06-12 16:40:07.113,0.00,0.00,0.00,0.00,2,0
2026-06-12 16:40:07.164,0.00,0.00,0.00,0.00,2,0
2026-06-12 16:40:07.215,0.00,0.00,0.00,0.00,2,0
2026-06-12 16:40:07.265,0.00,0.00,0.00,0.00,2,0
2026-06-12 16:40:07.315,0.00,0.00,0.00,0.00,2,0
2026-06-12 16:40:07.365,0.00,0.00,0.00,0.00,2,0
2026-06-12 16:40:07.416,0.00,0.00,0.00,0.00,2,0
2026-06-12 16:40:07.466,0.00,0.00,0.00,0.00,2,0
2026-06-12 16:40:07.517,0.00,0.00,0.00,0.00,2,0
2026-06-12 16:40:07.567,0.00,0.00,0.00,0.00,2,0
2026-06-12 16:40:07.618,0.00,0.00,0.00,0.00,2,0
2026-06-12 16:40:07.668,0.00,0.00,0.00,0.00,2,0
2026-06-12 16:40:07.718,0.00,0.00,0.00,0.00,2,0
2026-06-12 16:40:07.769,0.00,0.00,0.00,0.00,2,0
2026-06-12 16:40:07.819,0.00,0.00,0.00,0.00,2,0
2026-06-12 16:40:07.870,0.00,0.00,0.00,0.00,2,0
2026-06-12 16:40:07.920,0.00,0.00,0.00,0.00,2,0
2026-06-12 16:40:07.970,0.00,0.00,0.00,0.00,2,0
2026-06-12 16:40:08.021,0.00,0.00,0.00,0.00,2,0
2026-06-12 16:40:08.071,0.00,0.00,0.00,0.00,2,0
2026-06-12 16:40:08.122,0.00,0.00,0.00,0.00,2,0
2026-06-12 16:40:08.172,0.00,0.00,0.00,0.00,2,0
2026-06-12 16:40:08.222,0.00,0.00,0.00,0.00,2,0
2026-06-12 16:40:08.273,0.00,0.00,0.00,0.00,2,0
2026-06-12 16:40:08.323,0.00,0.00,0.00,0.00,2,0
2026-06-12 16:40:08.374,0.00,0.00,0.00,0.00,2,0
2026-06-12 16:40:08.425,0.00,0.00,0.00,0.00,2,0
2026-06-12 16:40:08.475,0.00,0.00,0.00,0.00,2,0
2026-06-12 16:40:08.525,0.00,0.00,0.00,0.00,2,0
2026-06-12 16:40:08.575,0.00,0.00,0.00,0.00,2,0
2026-06-12 16:40:08.625,0.00,0.00,0.00,0.00,2,0
2026-06-12 16:40:08.676,0.00,0.00,0.00,0.00,2,0
2026-06-12 16:40:08.726,0.00,0.00,0.00,0.00,2,0
2026-06-12 16:40:08.777,0.00,0.00,0.00,0.00,2,0
2026-06-12 16:40:08.827,0.00,0.00,0.00,0.00,2,0
2026-06-12 16:40:08.878,0.00,0.00,0.00,0.00,2,0
2026-06-12 16:40:08.928,0.00,0.00,0.00,0.00,2,0
2026-06-12 16:40:08.978,0.00,0.00,0.00,0.00,2,0
2026-06-12 16:40:09.029,0.00,0.00,0.00,0.00,2,0
2026-06-12 16:40:09.079,0.00,0.00,0.00,0.00,2,0
2026-06-12 16:40:09.130,0.00,0.00,0.00,0.00,2,0
2026-06-12 16:40:09.180,0.00,0.00,0.00,0.00,2,0
2026-06-12 16:40:09.230,0.00,0.00,0.00,0.00,2,0
2026-06-12 16:40:09.281,0.00,0.00,0.00,0.00,2,0
2026-06-12 16:40:09.331,0.00,0.00,0.00,0.00,2,0
2026-06-12 16:40:09.382,0.00,0.00,0.00,0.00,2,0
2026-06-12 16:40:09.432,0.00,0.00,0.00,0.00,2,0
2026-06-12 16:40:09.482,0.00,0.00,0.00,0.00,2,0
2026-06-12 16:40:09.533,0.00,0.00,0.00,0.00,2,0
2026-06-12 16:40:09.583,0.00,0.00,0.00,0.00,2,0
2026-06-12 16:40:09.634,0.00,0.00,0.00,0.00,2,0
2026-06-12 16:40:09.685,0.00,0.00,0.00,0.00,2,0
2026-06-12 16:40:09.735,0.00,0.00,0.00,0.00,2,0
2026-06-12 16:40:09.785,0.00,0.00,0.00,0.00,2,0
2026-06-12 16:40:09.835,0.00,0.00,0.00,0.00,2,0
2026-06-12 16:40:09.886,0.00,0.00,0.00,0.00,2,0
2026-06-12 16:40:09.936,0.00,0.00,0.00,0.00,2,0
2026-06-12 16:40:09.986,0.00,0.00,0.00,0.00,2,0
2026-06-12 16:40:10.037,0.00,0.00,0.00,0.00,2,0
2026-06-12 16:40:10.087,0.00,0.00,0.00,0.00,2,0
2026-06-12 16:40:10.138,0.00,0.00,0.00,0.00,2,0
2026-06-12 16:40:10.188,0.00,0.00,0.00,0.00,2,0
2026-06-12 16:40:10.238,0.00,0.00,0.00,0.00,2,0
2026-06-12 16:40:10.289,0.00,0.00,0.00,0.00,2,0
2026-06-12 16:40:10.340,0.00,0.00,0.00,0.00,2,0
2026-06-12 16:40:10.390,0.00,0.00,0.00,0.00,2,0
2026-06-12 16:40:10.440,0.00,0.00,0.00,0.00,2,0
2026-06-12 16:40:10.491,0.00,0.00,0.00,0.00,2,0
2026-06-12 16:40:10.541,0.00,0.00,0.00,0.00,2,0
2026-06-12 16:40:10.591,0.00,0.00,0.00,0.00,2,0
2026-06-12 16:40:10.642,0.00,0.00,0.00,0.00,2,0
2026-06-12 16:40:10.692,0.00,0.00,0.00,0.00,2,0
2026-06-12 16:40:10.743,0.00,0.00,0.00,0.00,2,0
2026-06-12 16:40:10.793,0.00,0.00,0.00,0.00,2,0
2026-06-12 16:40:10.843,0.00,0.00,0.00,0.00,2,0
2026-06-12 16:40:10.894,0.00,0.00,0.00,0.00,2,0
2026-06-12 16:40:10.945,0.00,0.00,0.00,0.00,2,0
2026-06-12 16:40:10.995,0.00,0.00,0.00,0.00,2,0
2026-06-12 16:40:11.046,0.00,0.00,0.00,0.00,2,0
2026-06-12 16:40:11.096,0.00,0.00,0.00,0.00,2,0
2026-06-12 16:40:11.146,0.00,0.00,0.00,0.00,2,0
2026-06-12 16:40:11.196,0.00,0.00,0.00,0.00,2,0
2026-06-12 16:40:11.247,0.00,0.00,0.00,0.00,2,0
2026-06-12 16:40:11.297,0.00,0.00,0.00,0.00,2,0
2026-06-12 16:40:11.348,0.00,0.00,0.00,0.00,2,0
2026-06-12 16:40:11.398,0.00,0.00,0.00,0.00,2,0
2026-06-12 16:40:11.448,0.00,0.00,0.00,0.00,2,0
2026-06-12 16:40:11.498,0.00,0.00,0.00,0.00,2,0
2026-06-12 16:40:11.549,0.00,0.00,0.00,0.00,2,0
2026-06-12 16:40:11.599,0.00,0.00,0.00,0.00,2,0
2026-06-12 16:40:11.650,0.00,0.00,0.00,0.00,2,0
2026-06-12 16:40:11.700,0.00,0.00,0.00,0.00,2,0
2026-06-12 16:40:11.751,0.00,0.00,0.00,0.00,2,0
2026-06-12 16:40:11.801,0.00,0.00,0.00,0.00,2,0
2026-06-12 16:40:11.851,0.00,0.00,0.00,0.00,2,0
2026-06-12 16:40:11.902,0.00,0.00,0.00,0.00,2,0
2026-06-12 16:40:11.953,0.00,0.00,0.00,0.00,2,0
2026-06-12 16:40:12.003,0.00,0.00,0.00,0.00,2,0
2026-06-12 16:40:12.053,0.00,0.00,0.00,0.00,2,0
2026-06-12 16:40:12.103,0.00,0.00,0.00,0.00,2,0
2026-06-12 16:40:12.154,0.00,0.00,0.00,0.00,2,0
2026-06-12 16:40:12.205,0.00,0.00,0.00,0.00,2,0
2026-06-12 16:40:12.255,0.00,0.00,0.00,0.00,2,0
2026-06-12 16:40:12.305,0.00,0.00,0.00,0.00,2,0
2026-06-12 16:40:12.356,0.00,0.00,0.00,0.00,2,0
2026-06-12 16:40:12.406,0.00,0.00,0.00,0.00,2,0
2026-06-12 16:40:12.456,0.00,0.00,0.00,0.00,2,0
2026-06-12 16:40:12.507,0.00,0.00,0.00,0.00,2,0
2026-06-12 16:40:12.557,0.00,0.00,0.00,0.00,2,0
2026-06-12 16:40:12.607,0.00,0.00,0.00,0.00,2,0
2026-06-12 16:40:12.658,0.00,0.00,0.00,0.00,2,0
2026-06-12 16:40:12.708,0.00,0.00,0.00,0.00,2,0
2026-06-12 16:40:12.759,0.00,0.00,0.00,0.00,2,0
2026-06-12 16:40:12.809,0.00,0.00,0.00,0.00,2,0
2026-06-12 16:40:12.859,0.00,0.00,0.00,0.00,2,0
2026-06-12 16:40:12.910,0.00,0.00,0.00,0.00,2,0
2026-06-12 16:40:12.960,0.00,0.00,0.00,0.00,2,0
2026-06-12 16:40:13.011,0.00,0.00,0.00,0.00,2,0
2026-06-12 16:40:13.061,0.00,0.00,0.00,0.00,2,0
2026-06-12 16:40:13.111,0.00,0.00,0.00,0.00,2,0
2026-06-12 16:40:13.162,0.00,0.00,0.00,0.00,2,0
2026-06-12 16:40:13.212,0.00,0.00,0.00,0.00,2,0
2026-06-12 16:40:13.263,0.00,0.00,0.00,0.00,2,0
2026-06-12 16:40:13.313,0.00,0.00,0.00,0.00,2,0
2026-06-12 16:40:13.363,0.00,0.00,0.00,0.00,2,0
2026-06-12 16:40:13.414,0.00,0.00,0.00,0.00,2,0
2026-06-12 16:40:13.464,0.00,0.00,0.00,0.00,2,0
2026-06-12 16:40:13.515,0.00,0.00,0.00,0.00,2,0
2026-06-12 16:40:13.565,0.00,0.00,0.00,0.00,2,0
2026-06-12 16:40:13.615,0.00,0.00,0.00,0.00,2,0
2026-06-12 16:40:13.666,0.00,0.00,0.00,0.00,2,0
2026-06-12 16:40:13.716,0.00,0.00,0.00,0.00,2,0
2026-06-12 16:40:13.767,0.00,0.00,0.00,0.00,2,0
2026-06-12 16:40:13.817,0.00,0.00,0.00,0.00,2,0
2026-06-12 16:40:13.868,0.00,0.00,0.00,0.00,2,0
2026-06-12 16:40:13.918,0.00,0.00,0.00,0.00,2,0
2026-06-12 16:40:13.968,0.00,0.00,0.00,0.00,2,0
2026-06-12 16:40:14.019,0.00,0.00,0.00,0.00,2,0
2026-06-12 16:40:14.069,0.00,0.00,0.00,0.00,2,0
2026-06-12 16:40:14.119,0.00,0.00,0.00,0.00,2,0
2026-06-12 16:40:14.170,0.00,0.00,0.00,0.00,2,0
2026-06-12 16:40:14.220,0.00,0.00,0.00,0.00,2,0
2026-06-12 16:40:14.271,0.00,0.00,0.00,0.00,2,0
2026-06-12 16:40:14.321,0.00,0.00,0.00,0.00,2,0
2026-06-12 16:40:14.371,0.00,0.00,0.00,0.00,2,0
2026-06-12 16:40:14.422,0.00,0.00,0.00,0.00,2,0
2026-06-12 16:40:14.472,0.00,0.00,0.00,0.00,2,0
2026-06-12 16:40:14.523,0.00,0.00,0.00,0.00,2,0
2026-06-12 16:40:14.573,0.00,0.00,0.00,0.00,2,0
2026-06-12 16:40:14.624,0.00,0.00,0.00,0.00,2,0
2026-06-12 16:40:14.675,0.00,0.00,0.00,0.00,2,0
2026-06-12 16:40:14.725,0.00,0.00,0.00,0.00,2,0
2026-06-12 16:40:14.775,0.00,0.00,0.00,0.00,2,0
2026-06-12 16:40:14.825,0.00,0.00,0.00,0.00,2,0
2026-06-12 16:40:14.876,0.00,0.00,0.00,0.00,2,0
2026-06-12 16:40:14.926,0.00,0.00,0.00,0.00,2,0
2026-06-12 16:40:14.976,0.00,0.00,0.00,0.00,2,0
2026-06-12 16:40:15.027,0.00,0.00,0.00,0.00,2,0
2026-06-12 16:40:15.077,0.00,0.00,0.00,0.00,2,0
2026-06-12 16:40:15.128,0.00,0.00,0.00,0.00,2,0
2026-06-12 16:40:15.178,0.00,0.00,0.00,0.00,2,0
2026-06-12 16:40:15.228,0.00,0.00,0.00,0.00,2,0
2026-06-12 16:40:15.279,0.00,0.00,0.00,0.00,2,0
2026-06-12 16:40:15.329,0.00,0.00,0.00,0.00,2,0
2026-06-12 16:40:15.380,0.00,0.00,0.00,0.00,2,0
2026-06-12 16:40:15.430,0.00,0.00,0.00,0.00,2,0
2026-06-12 16:40:15.480,0.00,0.00,0.00,0.00,2,0
2026-06-12 16:40:15.531,0.00,0.00,0.00,0.00,2,0
2026-06-12 16:40:15.581,0.00,0.00,0.00,0.00,2,0
2026-06-12 16:40:15.632,0.00,0.00,0.00,0.00,2,0
2026-06-12 16:40:15.682,0.00,0.00,0.00,0.00,2,0
2026-06-12 16:40:15.732,0.00,0.00,0.00,0.00,2,0
2026-06-12 16:40:15.783,0.00,0.00,0.00,0.00,2,0
2026-06-12 16:40:15.833,0.00,0.00,0.00,0.00,2,0
2026-06-12 16:40:15.884,0.00,0.00,0.00,0.00,2,0
2026-06-12 16:40:15.934,0.00,0.00,0.00,0.00,2,0
2026-06-12 16:40:15.985,0.00,0.00,0.00,0.00,2,0
2026-06-12 16:40:16.035,0.00,0.00,0.00,0.00,2,0
2026-06-12 16:40:16.085,0.00,0.00,0.00,0.00,2,0
2026-06-12 16:40:16.136,0.00,0.00,0.00,0.00,2,0
2026-06-12 16:40:16.186,0.00,0.00,0.00,0.00,2,0
2026-06-12 16:40:16.237,0.00,0.00,0.00,0.00,2,0
2026-06-12 16:40:16.287,0.00,0.00,0.00,0.00,2,0
2026-06-12 16:40:16.337,0.00,0.00,0.00,0.00,2,0
2026-06-12 16:40:16.388,0.00,0.00,0.00,0.00,2,0
2026-06-12 16:40:16.438,0.00,0.00,0.00,0.00,2,0
2026-06-12 16:40:16.488,0.00,0.00,0.00,0.00,2,0
2026-06-12 16:40:16.539,0.00,0.00,0.00,0.00,2,0
2026-06-12 16:40:16.589,0.00,0.00,0.00,0.00,2,0
2026-06-12 16:40:16.640,0.00,0.00,0.00,0.00,2,0
2026-06-12 16:40:16.690,0.00,0.00,0.00,0.00,2,0
2026-06-12 16:40:16.740,0.00,0.00,0.00,0.00,2,0
2026-06-12 16:40:16.791,0.00,0.00,0.00,0.00,2,0
2026-06-12 16:40:16.841,0.00,0.00,0.00,0.00,2,0
2026-06-12 16:40:16.892,0.00,0.00,0.00,0.00,2,0
2026-06-12 16:40:16.942,0.00,0.00,0.00,0.00,2,0
2026-06-12 16:40:16.993,0.00,0.00,0.00,0.00,2,0
2026-06-12 16:40:17.043,0.00,0.00,0.00,0.00,2,0
2026-06-12 16:40:17.094,0.00,0.00,0.00,0.00,2,0
2026-06-12 16:40:17.144,0.00,0.00,0.00,0.00,2,0
2026-06-12 16:40:17.195,0.00,0.00,0.00,0.00,2,0
2026-06-12 16:40:17.245,0.00,0.00,0.00,0.00,2,0
2026-06-12 16:40:17.295,0.00,0.00,0.00,0.00,2,0
2026-06-12 16:40:17.345,0.00,0.00,0.00,0.00,2,0
2026-06-12 16:40:17.396,0.00,0.00,0.00,0.00,2,0
2026-06-12 16:40:17.446,0.00,0.00,0.00,0.00,2,0
2026-06-12 16:40:17.497,0.00,0.00,0.00,0.00,2,0
2026-06-12 16:40:17.547,0.00,0.00,0.00,0.00,2,0
2026-06-12 16:40:17.598,0.00,0.00,0.00,0.00,2,0
2026-06-12 16:40:17.648,0.00,0.00,0.00,0.00,2,0
2026-06-12 16:40:17.698,0.00,0.00,0.00,0.00,2,0
2026-06-12 16:40:17.749,0.00,0.00,0.00,0.00,2,0
2026-06-12 16:40:17.799,0.00,0.00,0.00,0.00,2,0
2026-06-12 16:40:17.849,0.00,0.00,0.00,0.00,2,0
2026-06-12 16:40:17.900,0.00,0.00,0.00,0.00,2,0
2026-06-12 16:40:17.950,0.00,0.00,0.00,0.00,2,0
2026-06-12 16:40:18.001,0.00,0.00,0.00,0.00,2,0
2026-06-12 16:40:18.051,0.00,0.00,0.00,0.00,2,0
2026-06-12 16:40:18.101,0.00,0.00,0.00,0.00,2,0
2026-06-12 16:40:18.152,0.00,0.00,0.00,0.00,2,0
2026-06-12 16:40:18.202,0.00,0.00,0.00,0.00,2,0
2026-06-12 16:40:18.253,0.00,0.00,0.00,0.00,2,0
2026-06-12 16:40:18.303,0.00,0.00,0.00,0.00,2,0
2026-06-12 16:40:18.354,0.00,0.00,0.00,0.00,2,0
2026-06-12 16:40:18.404,0.00,0.00,0.00,0.00,2,0
2026-06-12 16:40:18.455,0.00,0.00,0.00,0.00,2,0
2026-06-12 16:40:18.505,0.00,0.00,0.00,0.00,2,0
2026-06-12 16:40:18.555,0.00,0.00,0.00,0.00,2,0
2026-06-12 16:40:18.605,0.00,0.00,0.00,0.00,2,0
2026-06-12 16:40:18.656,0.00,0.00,0.00,0.00,2,0
2026-06-12 16:40:18.706,0.00,0.00,0.00,0.00,2,0
2026-06-12 16:40:18.757,0.00,0.00,0.00,0.00,2,0
2026-06-12 16:40:18.807,0.00,0.00,0.00,0.00,2,0
2026-06-12 16:40:18.857,0.00,0.00,0.00,0.00,2,0
2026-06-12 16:40:18.908,0.00,0.00,0.00,0.00,2,0
2026-06-12 16:40:18.958,0.00,0.00,0.00,0.00,2,0
2026-06-12 16:40:19.009,0.00,0.00,0.00,0.00,2,0
2026-06-12 16:40:19.059,0.00,0.00,0.00,0.00,2,0
2026-06-12 16:40:19.110,0.00,0.00,0.00,0.00,2,0
2026-06-12 16:40:19.160,0.00,0.00,0.00,0.00,2,0
2026-06-12 16:40:19.210,0.00,0.00,0.00,0.00,2,0
2026-06-12 16:40:19.261,0.00,0.00,0.00,0.00,2,0
2026-06-12 16:40:19.311,0.00,0.00,0.00,0.00,2,0
2026-06-12 16:40:19.362,0.00,0.00,0.00,0.00,2,0
2026-06-12 16:40:19.412,0.00,0.00,0.00,0.00,2,0
2026-06-12 16:40:19.462,0.00,0.00,0.00,0.00,2,0
2026-06-12 16:40:19.513,0.00,0.00,0.00,0.00,2,0
2026-06-12 16:40:19.563,0.00,0.00,0.00,0.00,2,0
2026-06-12 16:40:19.614,0.00,0.00,0.00,0.00,2,0
2026-06-12 16:40:19.665,0.00,0.00,0.00,0.00,2,0
2026-06-12 16:40:19.714,0.00,0.00,0.00,0.00,2,0
2026-06-12 16:40:19.765,0.00,0.00,0.00,0.00,2,0
2026-06-12 16:40:19.815,0.00,0.00,0.00,0.00,2,0
2026-06-12 16:40:19.865,0.00,0.00,0.00,0.00,2,0
2026-06-12 16:40:19.916,0.00,0.00,0.00,0.00,2,0
2026-06-12 16:40:19.966,0.00,0.00,0.00,0.00,2,0
2026-06-12 16:40:20.017,0.00,0.00,0.00,0.00,2,0
2026-06-12 16:40:20.067,0.00,0.00,0.00,0.00,2,0
2026-06-12 16:40:20.117,0.00,0.00,0.00,0.00,2,0
2026-06-12 16:40:20.168,0.00,0.00,0.00,0.00,2,0
2026-06-12 16:40:20.219,0.00,0.00,0.00,0.00,2,0
2026-06-12 16:40:20.269,0.00,0.00,0.00,0.00,2,0
2026-06-12 16:40:20.319,0.00,0.00,0.00,0.00,2,0
2026-06-12 16:40:20.370,0.00,0.00,0.00,0.00,2,0
2026-06-12 16:40:20.420,0.00,0.00,0.00,0.00,2,0
2026-06-12 16:40:20.470,0.00,0.00,0.00,0.00,2,0
2026-06-12 16:40:20.521,0.00,0.00,0.00,0.00,2,0
2026-06-12 16:40:20.571,0.00,0.00,0.00,0.00,2,0
2026-06-12 16:40:20.622,0.00,0.00,0.00,0.00,2,0
2026-06-12 16:40:20.672,0.00,0.00,0.00,0.00,2,0
2026-06-12 16:40:20.722,0.00,0.00,0.00,0.00,2,0
2026-06-12 16:40:20.773,0.00,0.00,0.00,0.00,2,0
2026-06-12 16:40:20.823,0.00,0.00,0.00,0.00,2,0
2026-06-12 16:40:20.874,0.00,0.00,0.00,0.00,2,0
2026-06-12 16:40:20.925,0.00,0.00,0.00,0.00,2,0
2026-06-12 16:40:20.975,0.00,0.00,0.00,0.00,2,0
2026-06-12 16:40:21.026,0.00,0.00,0.00,0.00,2,0
2026-06-12 16:40:21.075,0.00,0.00,0.00,0.00,2,0
2026-06-12 16:40:21.126,0.00,0.00,0.00,0.00,2,0
2026-06-12 16:40:21.176,0.00,0.00,0.00,0.00,2,0
2026-06-12 16:40:21.226,0.00,0.00,0.00,0.00,2,0
2026-06-12 16:40:21.277,0.00,0.00,0.00,0.00,2,0
2026-06-12 16:40:21.327,0.00,0.00,0.00,0.00,2,0
2026-06-12 16:40:21.378,0.00,0.00,0.00,0.00,2,0
2026-06-12 16:40:21.428,0.00,0.00,0.00,0.00,2,0
2026-06-12 16:40:21.478,0.00,0.00,0.00,0.00,2,0
2026-06-12 16:40:21.529,0.00,0.00,0.00,0.00,2,0
2026-06-12 16:40:21.579,0.00,0.00,0.00,0.00,2,0
2026-06-12 16:40:21.630,0.00,0.00,0.00,0.00,2,0
2026-06-12 16:40:21.680,0.00,0.00,0.00,0.00,2,0
2026-06-12 16:40:21.730,0.00,0.00,0.00,0.00,2,0
2026-06-12 16:40:21.781,0.00,0.00,0.00,0.00,2,0
2026-06-12 16:40:21.831,0.00,0.00,0.00,0.00,2,0
2026-06-12 16:40:21.882,0.00,0.00,0.00,0.00,2,0
2026-06-12 16:40:21.932,0.00,0.00,0.00,0.00,2,0
2026-06-12 16:40:21.982,0.00,0.00,0.00,0.00,2,0
2026-06-12 16:40:22.033,0.00,0.00,0.00,0.00,2,0
2026-06-12 16:40:22.083,0.00,0.00,0.00,0.00,2,0
2026-06-12 16:40:22.134,0.00,0.00,0.00,0.00,2,0
2026-06-12 16:40:22.184,0.00,0.00,0.00,0.00,2,0
2026-06-12 16:40:22.235,0.00,0.00,0.00,0.00,2,0
2026-06-12 16:40:22.285,0.00,0.00,0.00,0.00,2,0
2026-06-12 16:40:22.336,0.00,0.00,0.00,0.00,2,0
2026-06-12 16:40:22.386,0.00,0.00,0.00,0.00,2,0
2026-06-12 16:40:22.436,0.00,0.00,0.00,0.00,2,0
2026-06-12 16:40:22.487,0.00,0.00,0.00,0.00,2,0
2026-06-12 16:40:22.537,0.00,0.00,0.00,0.00,2,0
2026-06-12 16:40:22.587,0.00,0.00,0.00,0.00,2,0
2026-06-12 16:40:22.638,0.00,0.00,0.00,0.00,2,0
2026-06-12 16:40:22.688,0.00,0.00,0.00,0.00,2,0
2026-06-12 16:40:22.738,0.00,0.00,0.00,0.00,2,0
2026-06-12 16:40:22.789,0.00,0.00,0.00,0.00,2,0
2026-06-12 16:40:22.839,0.00,0.00,0.00,0.00,2,0
2026-06-12 16:40:22.890,0.00,0.00,0.00,0.00,2,0
2026-06-12 16:40:22.940,0.00,0.00,0.00,0.00,2,0
2026-06-12 16:40:22.991,0.00,0.00,0.00,0.00,2,0
2026-06-12 16:40:23.041,0.00,0.00,0.00,0.00,2,0
2026-06-12 16:40:23.091,0.00,0.00,0.00,0.00,2,0
2026-06-12 16:40:23.142,0.00,0.00,0.00,0.00,2,0
2026-06-12 16:40:23.192,0.00,0.00,0.00,0.00,2,0
2026-06-12 16:40:23.243,0.00,0.00,0.00,0.00,2,0
2026-06-12 16:40:23.293,0.00,0.00,0.00,0.00,2,0
2026-06-12 16:40:23.343,0.00,0.00,0.00,0.00,2,0
2026-06-12 16:40:23.394,0.00,0.00,0.00,0.00,2,0
2026-06-12 16:40:23.446,0.00,0.00,0.00,0.00,2,0
2026-06-12 16:40:23.496,0.00,0.00,0.00,0.00,2,0
2026-06-12 16:40:23.545,0.00,0.00,0.00,0.00,2,0
2026-06-12 16:40:23.595,0.00,0.00,0.00,0.00,2,0
2026-06-12 16:40:23.646,0.00,0.00,0.00,0.00,2,0
2026-06-12 16:40:23.696,0.00,0.00,0.00,0.00,2,0
2026-06-12 16:40:23.747,0.00,0.00,0.00,0.00,2,0
2026-06-12 16:40:23.797,0.00,0.00,0.00,0.00,2,0
2026-06-12 16:40:23.847,0.00,0.00,0.00,0.00,2,0
2026-06-12 16:40:23.898,0.00,0.00,0.00,0.00,2,0
2026-06-12 16:40:23.948,0.00,0.00,0.00,0.00,2,0
2026-06-12 16:40:23.999,0.00,0.00,0.00,0.00,2,0
2026-06-12 16:40:24.049,0.00,0.00,0.00,0.00,2,0
2026-06-12 16:40:24.099,0.00,0.00,0.00,0.00,2,0
2026-06-12 16:40:24.150,0.00,0.00,0.00,0.00,2,0
2026-06-12 16:40:24.200,0.00,0.00,0.00,0.00,2,0
2026-06-12 16:40:24.251,0.00,0.00,0.00,0.00,2,0
2026-06-12 16:40:24.301,0.00,0.00,0.00,0.00,2,0
2026-06-12 16:40:24.352,0.00,0.00,0.00,0.00,2,0
2026-06-12 16:40:24.402,0.00,0.00,0.00,0.00,2,0
2026-06-12 16:40:24.452,0.00,0.00,0.00,0.00,2,0
2026-06-12 16:40:24.503,0.00,0.00,0.00,0.00,2,0
2026-06-12 16:40:24.553,0.00,0.00,0.00,0.00,2,0
2026-06-12 16:40:24.604,0.00,0.00,0.00,0.00,2,0
2026-06-12 16:40:24.655,0.00,0.00,0.00,0.00,2,0
2026-06-12 16:40:24.705,0.00,0.00,0.00,0.00,2,0
2026-06-12 16:40:24.755,0.00,0.00,0.00,0.00,2,0
2026-06-12 16:40:24.805,0.00,0.00,0.00,0.00,2,0
2026-06-12 16:40:24.855,0.00,0.00,0.00,0.00,2,0
2026-06-12 16:40:24.906,0.00,0.00,0.00,0.00,2,0
2026-06-12 16:40:24.956,0.00,0.00,0.00,0.00,2,0
2026-06-12 16:40:25.007,0.00,0.00,0.00,0.00,2,0
2026-06-12 16:40:25.057,0.00,0.00,0.00,0.00,2,0
2026-06-12 16:40:25.107,0.00,0.00,0.00,0.00,2,0
2026-06-12 16:40:25.158,0.00,0.00,0.00,0.00,2,0
2026-06-12 16:40:25.208,0.00,0.00,0.00,0.00,2,0
2026-06-12 16:40:25.259,0.00,0.00,0.00,0.00,2,0
2026-06-12 16:40:25.309,0.00,0.00,0.00,0.00,2,0
2026-06-12 16:40:25.359,0.00,0.00,0.00,0.00,2,0
2026-06-12 16:40:25.410,0.00,0.00,0.00,0.00,2,0
2026-06-12 16:40:25.460,0.00,0.00,0.00,0.00,2,0
2026-06-12 16:40:25.516,0.00,0.00,0.00,0.00,2,0
2026-06-12 16:40:25.561,0.00,0.00,0.00,0.00,2,0
2026-06-12 16:40:25.611,0.00,0.00,0.00,0.00,2,0
2026-06-12 16:40:25.662,0.00,0.00,0.00,0.00,2,0
2026-06-12 16:40:25.712,0.00,0.00,0.00,0.00,2,0
2026-06-12 16:40:25.763,0.00,0.00,0.00,0.00,2,0
2026-06-12 16:40:25.813,0.00,0.00,0.00,0.00,2,0
2026-06-12 16:40:25.864,0.00,0.00,0.00,0.00,2,0
2026-06-12 16:40:25.915,0.00,0.00,0.00,0.00,2,0
2026-06-12 16:40:25.965,0.00,0.00,0.00,0.00,2,0
2026-06-12 16:40:26.015,0.00,0.00,0.00,0.00,2,0
2026-06-12 16:40:26.065,0.00,0.00,0.00,0.00,2,0
2026-06-12 16:40:26.115,0.00,0.00,0.00,0.00,2,0
2026-06-12 16:40:26.166,0.00,0.00,0.00,0.00,2,0
2026-06-12 16:40:26.216,0.00,0.00,0.00,0.00,2,0
2026-06-12 16:40:26.267,0.00,0.00,0.00,0.00,2,0
2026-06-12 16:40:26.317,0.00,0.00,0.00,0.00,2,0
2026-06-12 16:40:26.368,0.00,0.00,0.00,0.00,2,0
2026-06-12 16:40:26.418,0.00,0.00,0.00,0.00,2,0
2026-06-12 16:40:26.468,0.00,0.00,0.00,0.00,2,0
2026-06-12 16:40:26.519,0.00,0.00,0.00,0.00,2,0
2026-06-12 16:40:26.569,0.00,0.00,0.00,0.00,2,0
2026-06-12 16:40:26.620,0.00,0.00,0.00,0.00,2,0
2026-06-12 16:40:26.670,0.00,0.00,0.00,0.00,2,0
2026-06-12 16:40:26.720,0.00,0.00,0.00,0.00,2,0
2026-06-12 16:40:26.771,0.00,0.00,0.00,0.00,2,0
2026-06-12 16:40:26.821,0.00,0.00,0.00,0.00,2,0
2026-06-12 16:40:26.872,0.00,0.00,0.00,0.00,2,0
2026-06-12 16:40:26.922,0.00,0.00,0.00,0.00,2,0
2026-06-12 16:40:26.972,0.00,0.00,0.00,0.00,2,0
2026-06-12 16:40:27.023,0.00,0.00,0.00,0.00,2,0
2026-06-12 16:40:27.073,0.00,0.00,0.00,0.00,2,0
2026-06-12 16:40:27.124,0.00,0.00,0.00,0.00,2,0
2026-06-12 16:40:27.175,0.00,0.00,0.00,0.00,2,0
2026-06-12 16:40:27.225,0.00,0.00,0.00,0.00,2,0
2026-06-12 16:40:27.276,0.00,0.00,0.00,0.00,2,0
2026-06-12 16:40:27.327,0.00,0.00,0.00,0.00,2,0
2026-06-12 16:40:27.376,0.00,0.00,0.00,0.00,2,0
2026-06-12 16:40:27.426,0.00,0.00,0.00,0.00,2,0
2026-06-12 16:40:27.476,0.00,0.00,0.00,0.00,2,0
2026-06-12 16:40:27.527,0.00,0.00,0.00,0.00,2,0
2026-06-12 16:40:27.577,0.00,0.00,0.00,0.00,2,0
2026-06-12 16:40:27.627,0.00,0.00,0.00,0.00,2,0
2026-06-12 16:40:27.678,0.00,0.00,0.00,0.00,2,0
2026-06-12 16:40:27.728,0.00,0.00,0.00,0.00,2,0
2026-06-12 16:40:27.779,0.00,0.00,0.00,0.00,2,0
2026-06-12 16:40:27.829,0.00,0.00,0.00,0.00,2,0
2026-06-12 16:40:27.880,0.00,0.00,0.00,0.00,2,0
2026-06-12 16:40:27.930,0.00,0.00,0.00,0.00,2,0
2026-06-12 16:40:27.980,0.00,0.00,0.00,0.00,2,0
2026-06-12 16:40:28.031,0.00,0.00,0.00,0.00,2,0
2026-06-12 16:40:28.081,0.00,0.00,0.00,0.00,2,0
2026-06-12 16:40:28.132,0.00,0.00,0.00,0.00,2,0
2026-06-12 16:40:28.182,0.00,0.00,0.00,0.00,2,0
2026-06-12 16:40:28.233,0.00,0.00,0.00,0.00,2,0
2026-06-12 16:40:28.283,0.00,0.00,0.00,0.00,2,0
2026-06-12 16:40:28.333,0.00,0.00,0.00,0.00,2,0
2026-06-12 16:40:28.385,0.00,0.00,0.00,0.00,2,0
2026-06-12 16:40:28.436,0.00,0.00,0.00,0.00,2,0
2026-06-12 16:40:28.485,0.00,0.00,0.00,0.00,2,0
2026-06-12 16:40:28.535,0.00,0.00,0.00,0.00,2,0
2026-06-12 16:40:28.585,0.00,0.00,0.00,0.00,2,0
2026-06-12 16:40:28.636,0.00,0.00,0.00,0.00,2,0
2026-06-12 16:40:28.686,0.00,0.00,0.00,0.00,2,0
2026-06-12 16:40:28.737,0.00,0.00,0.00,0.00,2,0
2026-06-12 16:40:28.787,0.00,0.00,0.00,0.00,2,0
2026-06-12 16:40:28.837,0.00,0.00,0.00,0.00,2,0
2026-06-12 16:40:28.888,0.00,0.00,0.00,0.00,2,0
2026-06-12 16:40:28.938,0.00,0.00,0.00,0.00,2,0
2026-06-12 16:40:28.988,0.00,0.00,0.00,0.00,2,0
2026-06-12 16:40:29.039,0.00,0.00,0.00,0.00,2,0
2026-06-12 16:40:29.089,0.00,0.00,0.00,0.00,2,0
2026-06-12 16:40:29.140,0.00,0.00,0.00,0.00,2,0
2026-06-12 16:40:29.190,0.00,0.00,0.00,0.00,2,0
2026-06-12 16:40:29.241,0.00,0.00,0.00,0.00,2,0
2026-06-12 16:40:29.291,0.00,0.00,0.00,0.00,2,0
2026-06-12 16:40:29.341,0.00,0.00,0.00,0.00,2,0
2026-06-12 16:40:29.392,0.00,0.00,0.00,0.00,2,0
2026-06-12 16:40:29.442,0.00,0.00,0.00,0.00,2,0
2026-06-12 16:40:29.492,0.00,0.00,0.00,0.00,2,0
2026-06-12 16:40:29.543,0.00,0.00,0.00,0.00,2,0
2026-06-12 16:40:29.593,0.00,0.00,0.00,0.00,2,0
2026-06-12 16:40:29.644,0.00,0.00,0.00,0.00,2,0
2026-06-12 16:40:29.695,0.00,0.00,0.00,0.00,2,0
2026-06-12 16:40:29.745,0.00,0.00,0.00,0.00,2,0
2026-06-12 16:40:29.795,0.00,0.00,0.00,0.00,2,0
2026-06-12 16:40:29.845,0.00,0.00,0.00,0.00,2,0
2026-06-12 16:40:29.896,0.00,0.00,0.00,0.00,2,0
2026-06-12 16:40:29.946,0.00,0.00,0.00,0.00,2,0
2026-06-12 16:40:29.996,0.00,0.00,0.00,0.00,2,0
2026-06-12 16:40:30.047,0.00,0.00,0.00,0.00,2,0
2026-06-12 16:40:30.097,0.00,0.00,0.00,0.00,2,0
2026-06-12 16:40:30.148,0.00,0.00,0.00,0.00,2,0
2026-06-12 16:40:30.198,0.00,0.00,0.00,0.00,2,0
2026-06-12 16:40:30.249,0.00,0.00,0.00,0.00,2,0
2026-06-12 16:40:30.299,0.00,0.00,0.00,0.00,2,0
2026-06-12 16:40:30.349,0.00,0.00,0.00,0.00,2,0
2026-06-12 16:40:30.400,0.00,0.00,0.00,0.00,2,0
2026-06-12 16:40:30.450,0.00,0.00,0.00,0.00,2,0
2026-06-12 16:40:30.501,0.00,0.00,0.00,0.00,2,0
2026-06-12 16:40:30.551,0.00,0.00,0.00,0.00,2,0
2026-06-12 16:40:30.601,0.00,0.00,0.00,0.00,2,0
2026-06-12 16:40:30.652,0.00,0.00,0.00,0.00,2,0
2026-06-12 16:40:30.702,0.00,0.00,0.00,0.00,2,0
2026-06-12 16:40:30.753,0.00,0.00,0.00,0.00,2,0
2026-06-12 16:40:30.803,0.00,0.00,0.00,0.00,2,0
2026-06-12 16:40:30.853,0.00,0.00,0.00,0.00,2,0
2026-06-12 16:40:30.904,0.00,0.00,0.00,0.00,2,0
2026-06-12 16:40:30.955,0.00,0.00,0.00,0.00,2,0
2026-06-12 16:40:31.005,0.00,0.00,0.00,0.00,2,0
2026-06-12 16:40:31.056,0.00,0.00,0.00,0.00,2,0
2026-06-12 16:40:31.105,0.00,0.00,0.00,0.00,2,0
2026-06-12 16:40:31.156,0.00,0.00,0.00,0.00,2,0
2026-06-12 16:40:31.206,0.00,0.00,0.00,0.00,2,0
2026-06-12 16:40:31.257,0.00,0.00,0.00,0.00,2,0
2026-06-12 16:40:31.307,0.00,0.00,0.00,0.00,2,0
2026-06-12 16:40:31.357,0.00,0.00,0.00,0.00,2,0
2026-06-12 16:40:31.408,0.00,0.00,0.00,0.00,2,0
2026-06-12 16:40:31.458,0.00,0.00,0.00,0.00,2,0
2026-06-12 16:40:31.509,0.00,0.00,0.00,0.00,2,0
2026-06-12 16:40:31.559,0.00,0.00,0.00,0.00,2,0
2026-06-12 16:40:31.609,0.00,0.00,0.00,0.00,2,0
2026-06-12 16:40:31.660,0.00,0.00,0.00,0.00,2,0
2026-06-12 16:40:31.711,0.00,0.00,0.00,0.00,2,0
2026-06-12 16:40:31.761,0.00,0.00,0.00,0.00,2,0
2026-06-12 16:40:31.811,0.00,0.00,0.00,0.00,2,0
2026-06-12 16:40:31.861,0.00,0.00,0.00,0.00,2,0
2026-06-12 16:40:31.912,0.00,0.00,0.00,0.00,2,0
2026-06-12 16:40:31.962,0.00,0.00,0.00,0.00,2,0
2026-06-12 16:40:32.013,0.00,0.00,0.00,0.00,2,0
2026-06-12 16:40:32.063,0.00,0.00,0.00,0.00,2,0
2026-06-12 16:40:32.113,0.00,0.00,0.00,0.00,2,0
2026-06-12 16:40:32.164,0.00,0.00,0.00,0.00,2,0
2026-06-12 16:40:32.214,0.00,0.00,0.00,0.00,2,0
2026-06-12 16:40:32.265,0.00,0.00,0.00,0.00,2,0
2026-06-12 16:40:32.315,0.00,0.00,0.00,0.00,2,0
2026-06-12 16:40:32.365,0.00,0.00,0.00,0.00,2,0
2026-06-12 16:40:32.416,0.00,0.00,0.00,0.00,2,0
2026-06-12 16:40:32.466,0.00,0.00,0.00,0.00,2,0
2026-06-12 16:40:32.517,0.00,0.00,0.00,0.00,2,0
2026-06-12 16:40:32.567,0.00,0.00,0.00,0.00,2,0
2026-06-12 16:40:32.617,0.00,0.00,0.00,0.00,2,0
2026-06-12 16:40:32.668,0.00,0.00,0.00,0.00,2,0
2026-06-12 16:40:32.718,0.00,0.00,0.00,0.00,2,0
2026-06-12 16:40:32.769,0.00,0.00,0.00,0.00,2,0
2026-06-12 16:40:32.819,0.00,0.00,0.00,0.00,2,0
2026-06-12 16:40:32.870,0.00,0.00,0.00,0.00,2,0
2026-06-12 16:40:32.920,0.00,0.00,0.00,0.00,2,0
2026-06-12 16:40:32.970,0.00,0.00,0.00,0.00,2,0
2026-06-12 16:40:33.021,0.00,0.00,0.00,0.00,2,0
2026-06-12 16:40:33.071,0.00,0.00,0.00,0.00,2,0
2026-06-12 16:40:33.122,0.00,0.00,0.00,0.00,2,0
2026-06-12 16:40:33.172,0.00,0.00,0.00,0.00,2,0
2026-06-12 16:40:33.222,0.00,0.00,0.00,0.00,2,0
2026-06-12 16:40:33.273,0.00,0.00,0.00,0.00,2,0
2026-06-12 16:40:33.323,0.00,0.00,0.00,0.00,2,0
2026-06-12 16:40:33.373,0.00,0.00,0.00,0.00,2,0
2026-06-12 16:40:33.424,0.00,0.00,0.00,0.00,2,0
2026-06-12 16:40:33.475,0.00,0.00,0.00,0.00,2,0
2026-06-12 16:40:33.525,0.00,0.00,0.00,0.00,2,0
2026-06-12 16:40:33.575,0.00,0.00,0.00,0.00,2,0
2026-06-12 16:40:33.625,0.00,0.00,0.00,0.00,2,0
2026-06-12 16:40:33.676,0.00,0.00,0.00,0.00,2,0
2026-06-12 16:40:33.726,0.00,0.00,0.00,0.00,2,0
2026-06-12 16:40:33.777,0.00,0.00,0.00,0.00,2,0
2026-06-12 16:40:33.827,0.00,0.00,0.00,0.00,2,0
2026-06-12 16:40:33.877,0.00,0.00,0.00,0.00,2,0
2026-06-12 16:40:33.928,0.00,0.00,0.00,0.00,2,0
2026-06-12 16:40:33.978,0.00,0.00,0.00,0.00,2,0
2026-06-12 16:40:34.029,0.00,0.00,0.00,0.00,2,0
2026-06-12 16:40:34.079,0.00,0.00,0.00,0.00,2,0
2026-06-12 16:40:34.130,0.00,0.00,0.00,0.00,2,0
2026-06-12 16:40:34.180,0.00,0.00,0.00,0.00,2,0
2026-06-12 16:40:34.230,0.00,0.00,0.00,0.00,2,0
2026-06-12 16:40:34.281,0.00,0.00,0.00,0.00,2,0
2026-06-12 16:40:34.331,0.00,0.00,0.00,0.00,2,0
2026-06-12 16:40:34.382,0.00,0.00,0.00,0.00,2,0
2026-06-12 16:40:34.432,0.00,0.00,0.00,0.00,2,0
2026-06-12 16:40:34.482,0.00,0.00,0.00,0.00,2,0
2026-06-12 16:40:34.533,0.00,0.00,0.00,0.00,2,0
2026-06-12 16:40:34.583,0.00,0.00,0.00,0.00,2,0
2026-06-12 16:40:34.634,0.00,0.00,0.00,0.00,2,0
2026-06-12 16:40:34.684,0.00,0.00,0.00,0.00,2,0
2026-06-12 16:40:34.735,0.00,0.00,0.00,0.00,2,0
2026-06-12 16:40:34.785,0.00,0.00,0.00,0.00,2,0
2026-06-12 16:40:34.835,0.00,0.00,0.00,0.00,2,0
2026-06-12 16:40:34.886,0.00,0.00,0.00,0.00,2,0
2026-06-12 16:40:34.936,0.00,0.00,0.00,0.00,2,0
2026-06-12 16:40:34.986,0.00,0.00,0.00,0.00,2,0
2026-06-12 16:40:35.037,0.00,0.00,0.00,0.00,2,0
2026-06-12 16:40:35.087,0.00,0.00,0.00,0.00,2,0
2026-06-12 16:40:35.138,0.00,0.00,0.00,0.00,2,0
2026-06-12 16:40:35.188,0.00,0.00,0.00,0.00,2,0
2026-06-12 16:40:35.238,0.00,0.00,0.00,0.00,2,0
2026-06-12 16:40:35.289,0.00,0.00,0.00,0.00,2,0
2026-06-12 16:40:35.339,0.00,0.00,0.00,0.00,2,0
2026-06-12 16:40:35.390,0.00,0.00,0.00,0.00,2,0
2026-06-12 16:40:35.440,0.00,0.00,0.00,0.00,2,0
2026-06-12 16:40:35.490,0.00,0.00,0.00,0.00,2,0
2026-06-12 16:40:35.541,0.00,0.00,0.00,0.00,2,0
2026-06-12 16:40:35.591,0.00,0.00,0.00,0.00,2,0
2026-06-12 16:40:35.642,0.00,0.00,0.00,0.00,2,0
2026-06-12 16:40:35.692,0.00,0.00,0.00,0.00,2,0
2026-06-12 16:40:35.742,0.00,0.00,0.00,0.00,2,0
2026-06-12 16:40:35.793,0.00,0.00,0.00,0.00,2,0
2026-06-12 16:40:35.843,0.00,0.00,0.00,0.00,2,0
2026-06-12 16:40:35.894,0.00,0.00,0.00,0.00,2,0
2026-06-12 16:40:35.944,0.00,0.00,0.00,0.00,2,0
2026-06-12 16:40:35.995,0.00,0.00,0.00,0.00,2,0
2026-06-12 16:40:36.045,0.00,0.00,0.00,0.00,2,0
2026-06-12 16:40:36.095,0.00,0.00,0.00,0.00,2,0
2026-06-12 16:40:36.146,0.00,0.00,0.00,0.00,2,0
2026-06-12 16:40:36.196,0.00,0.00,0.00,0.00,2,0
2026-06-12 16:40:36.246,0.00,0.00,0.00,0.00,2,0
2026-06-12 16:40:36.297,0.00,0.00,0.00,0.00,2,0
2026-06-12 16:40:36.347,0.00,0.00,0.00,0.00,2,0
2026-06-12 16:40:36.398,0.00,0.00,0.00,0.00,2,0
2026-06-12 16:40:36.448,0.00,0.00,0.00,0.00,2,0
2026-06-12 16:40:36.498,0.00,0.00,0.00,0.00,2,0
2026-06-12 16:40:36.549,0.00,0.00,0.00,0.00,2,0
2026-06-12 16:40:36.599,0.00,0.00,0.00,0.00,2,0
2026-06-12 16:40:36.650,0.00,0.00,0.00,0.00,2,0
2026-06-12 16:40:36.700,0.00,0.00,0.00,0.00,2,0
2026-06-12 16:40:36.750,0.00,0.00,0.00,0.00,2,0
2026-06-12 16:40:36.801,0.00,0.00,0.00,0.00,2,0
2026-06-12 16:40:36.851,0.00,0.00,0.00,0.00,2,0
2026-06-12 16:40:36.902,0.00,0.00,0.00,0.00,2,0
2026-06-12 16:40:36.952,0.00,0.00,0.00,0.00,2,0
2026-06-12 16:40:37.002,0.00,0.00,0.00,0.00,2,0
2026-06-12 16:40:37.053,0.00,0.00,0.00,0.00,2,0
2026-06-12 16:40:37.103,0.00,0.00,0.00,0.00,2,0
2026-06-12 16:40:37.154,0.00,0.00,0.00,0.00,2,0
2026-06-12 16:40:37.205,0.00,0.00,0.00,0.00,2,0
2026-06-12 16:40:37.256,0.00,0.00,0.00,0.00,2,0
2026-06-12 16:40:37.305,0.00,0.00,0.00,0.00,2,0
2026-06-12 16:40:37.355,0.00,0.00,0.00,0.00,2,0
2026-06-12 16:40:37.406,0.00,0.00,0.00,0.00,2,0
2026-06-12 16:40:37.456,0.00,0.00,0.00,0.00,2,0
2026-06-12 16:40:37.506,0.00,0.00,0.00,0.00,2,0
2026-06-12 16:40:37.557,0.00,0.00,0.00,0.00,2,0
2026-06-12 16:40:37.607,0.00,0.00,0.00,0.00,2,0
2026-06-12 16:40:37.658,0.00,0.00,0.00,0.00,2,0
2026-06-12 16:40:37.708,0.00,0.00,0.00,0.00,2,0
2026-06-12 16:40:37.758,0.00,0.00,0.00,0.00,2,0
2026-06-12 16:40:37.809,0.00,0.00,0.00,0.00,2,0
2026-06-12 16:40:37.859,0.00,0.00,0.00,0.00,2,0
2026-06-12 16:40:37.910,0.00,0.00,0.00,0.00,2,0
2026-06-12 16:40:37.960,0.00,0.00,0.00,0.00,2,0
2026-06-12 16:40:38.011,0.00,0.00,0.00,0.00,2,0
2026-06-12 16:40:38.061,0.00,0.00,0.00,0.00,2,0
2026-06-12 16:40:38.111,0.00,0.00,0.00,0.00,2,0
2026-06-12 16:40:38.162,0.00,0.00,0.00,0.00,2,0
2026-06-12 16:40:38.212,0.00,0.00,0.00,0.00,2,0
2026-06-12 16:40:38.262,0.00,0.00,0.00,0.00,2,0
2026-06-12 16:40:38.313,0.00,0.00,0.00,0.00,2,0
2026-06-12 16:40:38.363,0.00,0.00,0.00,0.00,2,0
2026-06-12 16:40:38.414,0.00,0.00,0.00,0.00,2,0
2026-06-12 16:40:38.465,0.00,0.00,0.00,0.00,2,0
2026-06-12 16:40:38.515,0.00,0.00,0.00,0.00,2,0
2026-06-12 16:40:38.565,0.00,0.00,0.00,0.00,2,0
2026-06-12 16:40:38.615,0.00,0.00,0.00,0.00,2,0
2026-06-12 16:40:38.666,0.00,0.00,0.00,0.00,2,0
2026-06-12 16:40:38.716,0.00,0.00,0.00,0.00,2,0
2026-06-12 16:40:38.766,0.00,0.00,0.00,0.00,2,0
2026-06-12 16:40:38.817,0.00,0.00,0.00,0.00,2,0
2026-06-12 16:40:38.867,0.00,0.00,0.00,0.00,2,0
2026-06-12 16:40:38.918,0.00,0.00,0.00,0.00,2,0
2026-06-12 16:40:38.968,0.00,0.00,0.00,0.00,2,0
2026-06-12 16:40:39.019,0.00,0.00,0.00,0.00,2,0
2026-06-12 16:40:39.070,0.00,0.00,0.00,0.00,2,0
2026-06-12 16:40:39.119,0.00,0.00,0.00,0.00,2,0
2026-06-12 16:40:39.170,0.00,0.00,0.00,0.00,2,0
2026-06-12 16:40:39.220,0.00,0.00,0.00,0.00,2,0
2026-06-12 16:40:39.271,0.00,0.00,0.00,0.00,2,0
2026-06-12 16:40:39.321,0.00,0.00,0.00,0.00,2,0
2026-06-12 16:40:39.371,0.00,0.00,0.00,0.00,2,0
2026-06-12 16:40:39.422,0.00,0.00,0.00,0.00,2,0
2026-06-12 16:40:39.472,0.00,0.00,0.00,0.00,2,0
2026-06-12 16:40:39.523,0.00,0.00,0.00,0.00,2,0
2026-06-12 16:40:39.573,0.00,0.00,0.00,0.00,2,0
2026-06-12 16:40:39.623,0.00,0.00,0.00,0.00,2,0
2026-06-12 16:40:39.674,0.00,0.00,0.00,0.00,2,0
2026-06-12 16:40:39.725,0.00,0.00,0.00,0.00,2,0
2026-06-12 16:40:39.775,0.00,0.00,0.00,0.00,2,0
2026-06-12 16:40:39.827,0.00,0.00,0.00,0.00,2,0
2026-06-12 16:40:39.875,0.00,0.00,0.00,0.00,2,0
2026-06-12 16:40:39.926,0.00,0.00,0.00,0.00,2,0
2026-06-12 16:40:39.976,0.00,0.00,0.00,0.00,2,0
2026-06-12 16:40:40.027,0.00,0.00,0.00,0.00,2,0
2026-06-12 16:40:40.077,0.00,0.00,0.00,0.00,2,0
2026-06-12 16:40:40.133,0.00,0.00,0.00,0.00,2,0
2026-06-12 16:40:40.178,0.00,0.00,0.00,0.00,2,0
2026-06-12 16:40:40.228,0.00,0.00,0.00,0.00,2,0
2026-06-12 16:40:40.279,0.00,0.00,0.00,0.00,2,0
2026-06-12 16:40:40.329,0.00,0.00,0.00,0.00,2,0
2026-06-12 16:40:40.381,0.00,0.00,0.00,0.00,2,0
2026-06-12 16:40:40.430,0.00,0.00,0.00,0.00,2,0
2026-06-12 16:40:40.480,0.00,0.00,0.00,0.00,2,0
2026-06-12 16:40:40.531,0.00,0.00,0.00,0.00,2,0
2026-06-12 16:40:40.581,0.00,0.00,0.00,0.00,2,0
2026-06-12 16:40:40.632,0.00,0.00,0.00,0.00,2,0
2026-06-12 16:40:40.682,0.00,0.00,0.00,0.00,2,0
2026-06-12 16:40:40.732,0.00,0.00,0.00,0.00,2,0
2026-06-12 16:40:40.783,0.00,0.00,0.00,0.00,2,0
2026-06-12 16:40:40.833,0.00,0.00,0.00,0.00,2,0
2026-06-12 16:40:40.884,0.00,0.00,0.00,0.00,2,0
2026-06-12 16:40:40.934,0.00,0.00,0.00,0.00,2,0
2026-06-12 16:40:40.985,0.00,0.00,0.00,0.00,2,0
2026-06-12 16:40:41.035,0.00,0.00,0.00,0.00,2,0
2026-06-12 16:40:41.086,0.00,0.00,0.00,0.00,2,0
2026-06-12 16:40:41.135,0.00,0.00,0.00,0.00,2,0
2026-06-12 16:40:41.186,0.00,0.00,0.00,0.00,2,0
2026-06-12 16:40:41.236,0.00,0.00,0.00,0.00,2,0
2026-06-12 16:40:41.287,0.00,0.00,0.00,0.00,2,0
2026-06-12 16:40:41.337,0.00,0.00,0.00,0.00,2,0
2026-06-12 16:40:41.387,0.00,0.00,0.00,0.00,2,0
2026-06-12 16:40:41.438,0.00,0.00,0.00,0.00,2,0
2026-06-12 16:40:41.488,0.00,0.00,0.00,0.00,2,0
2026-06-12 16:40:41.539,0.00,0.00,0.00,0.00,2,0
2026-06-12 16:40:41.589,0.00,0.00,0.00,0.00,2,0
2026-06-12 16:40:41.639,0.00,0.00,0.00,0.00,2,0
2026-06-12 16:40:41.690,0.00,0.00,0.00,0.00,2,0
2026-06-12 16:40:41.740,0.00,0.00,0.00,0.00,2,0
2026-06-12 16:40:41.791,0.00,0.00,0.00,0.00,2,0
2026-06-12 16:40:41.841,0.00,0.00,0.00,0.00,2,0
2026-06-12 16:40:41.891,0.00,0.00,0.00,0.00,2,0
2026-06-12 16:40:41.942,0.00,0.00,0.00,0.00,2,0
2026-06-12 16:40:41.992,0.00,0.00,0.00,0.00,2,0
2026-06-12 16:40:42.043,0.00,0.00,0.00,0.00,2,0
2026-06-12 16:40:42.093,0.00,0.00,0.00,0.00,2,0
2026-06-12 16:40:42.144,0.00,0.00,0.00,0.00,2,0
2026-06-12 16:40:42.194,0.00,0.00,0.00,0.00,2,0
2026-06-12 16:40:42.245,0.00,0.00,0.00,0.00,2,0
2026-06-12 16:40:42.295,0.00,0.00,0.00,0.00,2,0
2026-06-12 16:40:42.345,0.00,0.00,0.00,0.00,2,0
2026-06-12 16:40:42.396,0.00,0.00,0.00,0.00,2,0
2026-06-12 16:40:42.446,0.00,0.00,0.00,0.00,2,0
2026-06-12 16:40:42.496,0.00,0.00,0.00,0.00,2,0
2026-06-12 16:40:42.547,0.00,0.00,0.00,0.00,2,0
2026-06-12 16:40:42.597,0.00,0.00,0.00,0.00,2,0
2026-06-12 16:40:42.647,0.00,0.00,0.00,0.00,2,0
2026-06-12 16:40:42.698,0.00,0.00,0.00,0.00,2,0
2026-06-12 16:40:42.748,0.00,0.00,0.00,0.00,2,0
2026-06-12 16:40:42.799,0.00,0.00,0.00,0.00,2,0
2026-06-12 16:40:42.849,0.00,0.00,0.00,0.00,2,0
2026-06-12 16:40:42.900,0.00,0.00,0.00,0.00,2,0
2026-06-12 16:40:42.950,0.00,0.00,0.00,0.00,2,0
2026-06-12 16:40:43.000,0.00,0.00,0.00,0.00,2,0
2026-06-12 16:40:43.051,0.00,0.00,0.00,0.00,2,0
2026-06-12 16:40:43.101,0.00,0.00,0.00,0.00,2,0
2026-06-12 16:40:43.152,0.00,0.00,0.00,0.00,2,0
2026-06-12 16:40:43.203,0.00,0.00,0.00,0.00,2,0
2026-06-12 16:40:43.252,0.00,0.00,0.00,0.00,2,0
2026-06-12 16:40:43.303,0.00,0.00,0.00,0.00,2,0
2026-06-12 16:40:43.353,0.00,0.00,0.00,0.00,2,0
2026-06-12 16:40:43.404,0.00,0.00,0.00,0.00,2,0
2026-06-12 16:40:43.455,0.00,0.00,0.00,0.00,2,0
2026-06-12 16:40:43.505,0.00,0.00,0.00,0.00,2,0
2026-06-12 16:40:43.555,0.00,0.00,0.00,0.00,2,0
2026-06-12 16:40:43.605,0.00,0.00,0.00,0.00,2,0
2026-06-12 16:40:43.656,0.00,0.00,0.00,0.00,2,0
2026-06-12 16:40:43.706,0.00,0.00,0.00,0.00,2,0
2026-06-12 16:40:43.756,0.00,0.00,0.00,0.00,2,0
2026-06-12 16:40:43.807,0.00,0.00,0.00,0.00,2,0
2026-06-12 16:40:43.857,0.00,0.00,0.00,0.00,2,0
2026-06-12 16:40:43.907,0.00,0.00,0.00,0.00,2,0
2026-06-12 16:40:43.958,0.00,0.00,0.00,0.00,2,0
2026-06-12 16:40:44.008,0.00,0.00,0.00,0.00,2,0
2026-06-12 16:40:44.059,0.00,0.00,0.00,0.00,2,0
2026-06-12 16:40:44.109,0.00,0.00,0.00,0.00,2,0
2026-06-12 16:40:44.159,0.00,0.00,0.00,0.00,2,0
2026-06-12 16:40:44.210,0.00,0.00,0.00,0.00,2,0
2026-06-12 16:40:44.260,0.00,0.00,0.00,0.00,2,0
2026-06-12 16:40:44.311,0.00,0.00,0.00,0.00,2,0
2026-06-12 16:40:44.361,0.00,0.00,0.00,0.00,2,0
2026-06-12 16:40:44.411,0.00,0.00,0.00,0.00,2,0
2026-06-12 16:40:44.462,0.00,0.00,0.00,0.00,2,0
2026-06-12 16:40:44.512,0.00,0.00,0.00,0.00,2,0
2026-06-12 16:40:44.563,0.00,0.00,0.00,0.00,2,0
2026-06-12 16:40:44.613,0.00,0.00,0.00,0.00,2,0
2026-06-12 16:40:44.663,0.00,0.00,0.00,0.00,2,0
2026-06-12 16:40:44.714,0.00,0.00,0.00,0.00,2,0
2026-06-12 16:40:44.765,0.00,0.00,0.00,0.00,2,0
2026-06-12 16:40:44.815,0.00,0.00,0.00,0.00,2,0
2026-06-12 16:40:44.865,0.00,0.00,0.00,0.00,2,0
2026-06-12 16:40:44.916,0.00,0.00,0.00,0.00,2,0
2026-06-12 16:40:44.966,0.00,0.00,0.00,0.00,2,0
2026-06-12 16:40:45.016,0.00,0.00,0.00,0.00,2,0
2026-06-12 16:40:45.067,0.00,0.00,0.00,0.00,2,0
2026-06-12 16:40:45.117,0.00,0.00,0.00,0.00,2,0
2026-06-12 16:40:45.168,0.00,0.00,0.00,0.00,2,0
2026-06-12 16:40:45.218,0.00,0.00,0.00,0.00,2,0
2026-06-12 16:40:45.268,0.00,0.00,0.00,0.00,2,0
2026-06-12 16:40:45.319,0.00,0.00,0.00,0.00,2,0
2026-06-12 16:40:45.369,0.00,0.00,0.00,0.00,2,0
2026-06-12 16:40:45.420,0.00,0.00,0.00,0.00,2,0
2026-06-12 16:40:45.470,0.00,0.00,0.00,0.00,2,0
2026-06-12 16:40:45.521,0.00,0.00,0.00,0.00,2,0
2026-06-12 16:40:45.571,0.00,0.00,0.00,0.00,2,0
2026-06-12 16:40:45.621,0.00,0.00,0.00,0.00,2,0
2026-06-12 16:40:45.672,0.00,0.00,0.00,0.00,2,0
2026-06-12 16:40:45.722,0.00,0.00,0.00,0.00,2,0
2026-06-12 16:40:45.772,0.00,0.00,0.00,0.00,2,0
2026-06-12 16:40:45.823,0.00,0.00,0.00,0.00,2,0
2026-06-12 16:40:45.873,0.00,0.00,0.00,0.00,2,0
2026-06-12 16:40:45.924,0.00,0.00,0.00,0.00,2,0
2026-06-12 16:40:45.974,0.00,0.00,0.00,0.00,2,0
2026-06-12 16:40:46.025,0.00,0.00,0.00,0.00,2,0
2026-06-12 16:40:46.075,0.00,0.00,0.00,0.00,2,0
2026-06-12 16:40:46.125,0.00,0.00,0.00,0.00,2,0
2026-06-12 16:40:46.176,0.00,0.00,0.00,0.00,2,0
2026-06-12 16:40:46.226,0.00,0.00,0.00,0.00,2,0
2026-06-12 16:40:46.276,0.00,0.00,0.00,0.00,2,0
2026-06-12 16:40:46.327,0.00,0.00,0.00,0.00,2,0
2026-06-12 16:40:46.377,0.00,0.00,0.00,0.00,2,0
2026-06-12 16:40:46.428,0.00,0.00,0.00,0.00,2,0
2026-06-12 16:40:46.478,0.00,0.00,0.00,0.00,2,0
2026-06-12 16:40:46.529,0.00,0.00,0.00,0.00,2,0
2026-06-12 16:40:46.579,0.00,0.00,0.00,0.00,2,0
2026-06-12 16:40:46.629,0.00,0.00,0.00,0.00,2,0
2026-06-12 16:40:46.680,0.00,0.00,0.00,0.00,2,0
2026-06-12 16:40:46.730,0.00,0.00,0.00,0.00,2,0
2026-06-12 16:40:46.780,0.00,0.00,0.00,0.00,2,0
2026-06-12 16:40:46.831,0.00,0.00,0.00,0.00,2,0
2026-06-12 16:40:46.881,0.00,0.00,0.00,0.00,2,0
2026-06-12 16:40:46.932,0.00,0.00,0.00,0.00,2,0
2026-06-12 16:40:46.982,0.00,0.00,0.00,0.00,2,0
2026-06-12 16:40:47.032,0.00,0.00,0.00,0.00,2,0
2026-06-12 16:40:47.083,0.00,0.00,0.00,0.00,2,0
2026-06-12 16:40:47.133,0.00,0.00,0.00,0.00,2,0
2026-06-12 16:40:47.184,0.00,0.00,0.00,0.00,2,0
2026-06-12 16:40:47.234,0.00,0.00,0.00,0.00,2,0
2026-06-12 16:40:47.285,0.00,0.00,0.00,0.00,2,0
2026-06-12 16:40:47.335,0.00,0.00,0.00,0.00,2,0
2026-06-12 16:40:47.385,0.00,0.00,0.00,0.00,2,0
2026-06-12 16:40:47.436,0.00,0.00,0.00,0.00,2,0
2026-06-12 16:40:47.486,0.00,0.00,0.00,0.00,2,0
2026-06-12 16:40:47.536,0.00,0.00,0.00,0.00,2,0
2026-06-12 16:40:47.587,0.00,0.00,0.00,0.00,2,0
2026-06-12 16:40:47.637,0.00,0.00,0.00,0.00,2,0
2026-06-12 16:40:47.688,0.00,0.00,0.00,0.00,2,0
2026-06-12 16:40:47.738,0.00,0.00,0.00,0.00,2,0
2026-06-12 16:40:47.788,0.00,0.00,0.00,0.00,2,0
2026-06-12 16:40:47.839,0.00,0.00,0.00,0.00,2,0
2026-06-12 16:40:47.889,0.00,0.00,0.00,0.00,2,0
2026-06-12 16:40:47.940,0.00,0.00,0.00,0.00,2,0
2026-06-12 16:40:47.990,0.00,0.00,0.00,0.00,2,0
2026-06-12 16:40:48.041,0.00,0.00,0.00,0.00,2,0
2026-06-12 16:40:48.091,0.00,0.00,0.00,0.00,2,0
2026-06-12 16:40:48.141,0.00,0.00,0.00,0.00,2,0
2026-06-12 16:40:48.192,0.00,0.00,0.00,0.00,2,0
2026-06-12 16:40:48.242,0.00,0.00,0.00,0.00,2,0
2026-06-12 16:40:48.293,0.00,0.00,0.00,0.00,2,0
2026-06-12 16:40:48.343,0.00,0.00,0.00,0.00,2,0
2026-06-12 16:40:48.393,0.00,0.00,0.00,0.00,2,0
2026-06-12 16:40:48.444,0.00,0.00,0.00,0.00,2,0
2026-06-12 16:40:48.494,0.00,0.00,0.00,0.00,2,0
2026-06-12 16:40:48.545,0.00,0.00,0.00,0.00,2,0
2026-06-12 16:40:48.595,0.00,0.00,0.00,0.00,2,0
2026-06-12 16:40:48.645,0.00,0.00,0.00,0.00,2,0
2026-06-12 16:40:48.696,0.00,0.00,0.00,0.00,2,0
2026-06-12 16:40:48.746,0.00,0.00,0.00,0.00,2,0
2026-06-12 16:40:48.796,0.00,0.00,0.00,0.00,2,0
2026-06-12 16:40:48.847,0.00,0.00,0.00,0.00,2,0
2026-06-12 16:40:48.897,0.00,0.00,0.00,0.00,2,0
2026-06-12 16:40:48.948,0.00,0.00,0.00,0.00,2,0
2026-06-12 16:40:48.998,0.00,0.00,0.00,0.00,2,0
2026-06-12 16:40:49.049,0.00,0.00,0.00,0.00,2,0
2026-06-12 16:40:49.099,0.00,0.00,0.00,0.00,2,0
2026-06-12 16:40:49.149,0.00,0.00,0.00,0.00,2,0
2026-06-12 16:40:49.200,0.00,0.00,0.00,0.00,2,0
2026-06-12 16:40:49.250,0.00,0.00,0.00,0.00,2,0
2026-06-12 16:40:49.301,0.00,0.00,0.00,0.00,2,0
2026-06-12 16:40:49.351,0.00,0.00,0.00,0.00,2,0
2026-06-12 16:40:49.401,0.00,0.00,0.00,0.00,2,0
2026-06-12 16:40:49.452,0.00,0.00,0.00,0.00,2,0
2026-06-12 16:40:49.502,0.00,0.00,0.00,0.00,2,0
2026-06-12 16:40:49.553,0.00,0.00,0.00,0.00,2,0
2026-06-12 16:40:49.603,0.00,0.00,0.00,0.00,2,0
2026-06-12 16:40:49.653,0.00,0.00,0.00,0.00,2,0
2026-06-12 16:40:49.704,0.00,0.00,0.00,0.00,2,0
2026-06-12 16:40:49.755,0.00,0.00,0.00,0.00,2,0
2026-06-12 16:40:49.805,0.00,0.00,0.00,0.00,2,0
2026-06-12 16:40:49.856,0.00,0.00,0.00,0.00,2,0
2026-06-12 16:40:49.906,0.00,0.00,0.00,0.00,2,0
2026-06-12 16:40:49.956,0.00,0.00,0.00,0.00,2,0
2026-06-12 16:40:50.006,0.00,0.00,0.00,0.00,2,0
2026-06-12 16:40:50.057,0.00,0.00,0.00,0.00,2,0
2026-06-12 16:40:50.107,0.00,0.00,0.00,0.00,2,0
2026-06-12 16:40:50.157,0.00,0.00,0.00,0.00,2,0
2026-06-12 16:40:50.208,0.00,0.00,0.00,0.00,2,0
2026-06-12 16:40:50.258,0.00,0.00,0.00,0.00,2,0
2026-06-12 16:40:50.309,0.00,0.00,0.00,0.00,2,0
2026-06-12 16:40:50.359,0.00,0.00,0.00,0.00,2,0
2026-06-12 16:40:50.409,0.00,0.00,0.00,0.00,2,0
2026-06-12 16:40:50.460,0.00,0.00,0.00,0.00,2,0
2026-06-12 16:40:50.510,0.00,0.00,0.00,0.00,2,0
2026-06-12 16:40:50.561,0.00,0.00,0.00,0.00,2,0
2026-06-12 16:40:50.611,0.00,0.00,0.00,0.00,2,0
2026-06-12 16:40:50.661,0.00,0.00,0.00,0.00,2,0
2026-06-12 16:40:50.712,0.00,0.00,0.00,0.00,2,0
2026-06-12 16:40:50.762,0.00,0.00,0.00,0.00,2,0
2026-06-12 16:40:50.813,0.00,0.00,0.00,0.00,2,0
2026-06-12 16:40:50.863,0.00,0.00,0.00,0.00,2,0
2026-06-12 16:40:50.913,0.00,0.00,0.00,0.00,2,0
2026-06-12 16:40:50.964,0.00,0.00,0.00,0.00,2,0
2026-06-12 16:40:51.014,0.00,0.00,0.00,0.00,2,0
2026-06-12 16:40:51.065,0.00,0.00,0.00,0.00,2,0
2026-06-12 16:40:51.115,0.00,0.00,0.00,0.00,2,0
2026-06-12 16:40:51.165,0.00,0.00,0.00,0.00,2,0
2026-06-12 16:40:51.216,0.00,0.00,0.00,0.00,2,0
2026-06-12 16:40:51.266,0.00,0.00,0.00,0.00,2,0
2026-06-12 16:40:51.317,0.00,0.00,0.00,0.00,2,0
2026-06-12 16:40:51.367,0.00,0.00,0.00,0.00,2,0
2026-06-12 16:40:51.417,0.00,0.00,0.00,0.00,2,0
2026-06-12 16:40:51.468,0.00,0.00,0.00,0.00,2,0
2026-06-12 16:40:51.518,0.00,0.00,0.00,0.00,2,0
2026-06-12 16:40:51.569,0.00,0.00,0.00,0.00,2,0
2026-06-12 16:40:51.619,0.00,0.00,0.00,0.00,2,0
2026-06-12 16:40:51.669,0.00,0.00,0.00,0.00,2,0
2026-06-12 16:40:51.720,0.00,0.00,0.00,0.00,2,0
2026-06-12 16:40:51.770,0.00,0.00,0.00,0.00,2,0
2026-06-12 16:40:51.821,0.00,0.00,0.00,0.00,2,0
2026-06-12 16:40:51.871,0.00,0.00,0.00,0.00,2,0
2026-06-12 16:40:51.921,0.00,0.00,0.00,0.00,2,0
2026-06-12 16:40:51.972,0.00,0.00,0.00,0.00,2,0
2026-06-12 16:40:52.022,0.00,0.00,0.00,0.00,2,0
2026-06-12 16:40:52.073,0.00,0.00,0.00,0.00,2,0
2026-06-12 16:40:52.123,0.00,0.00,0.00,0.00,2,0
2026-06-12 16:40:52.174,0.00,0.00,0.00,0.00,2,0
2026-06-12 16:40:52.224,0.00,0.00,0.00,0.00,2,0
2026-06-12 16:40:52.274,0.00,0.00,0.00,0.00,2,0
2026-06-12 16:40:52.325,0.00,0.00,0.00,0.00,2,0
2026-06-12 16:40:52.375,0.00,0.00,0.00,0.00,2,0
2026-06-12 16:40:52.425,0.00,0.00,0.00,0.00,2,0
2026-06-12 16:40:52.476,0.00,0.00,0.00,0.00,2,0
2026-06-12 16:40:52.526,0.00,0.00,0.00,0.00,2,0
2026-06-12 16:40:52.577,0.00,0.00,0.00,0.00,2,0
2026-06-12 16:40:52.627,0.00,0.00,0.00,0.00,2,0
2026-06-12 16:40:52.678,0.00,0.00,0.00,0.00,2,0
2026-06-12 16:40:52.728,0.00,0.00,0.00,0.00,2,0
2026-06-12 16:40:52.778,0.00,0.00,0.00,0.00,2,0
2026-06-12 16:40:52.829,0.00,0.00,0.00,0.00,2,0
2026-06-12 16:40:52.879,0.00,0.00,0.00,0.00,2,0
2026-06-12 16:40:52.930,0.00,0.00,0.00,0.00,2,0
2026-06-12 16:40:52.980,0.00,0.00,0.00,0.00,2,0
2026-06-12 16:40:53.030,0.00,0.00,0.00,0.00,2,0
2026-06-12 16:40:53.081,0.00,0.00,0.00,0.00,2,0
2026-06-12 16:40:53.131,0.00,0.00,0.00,0.00,2,0
2026-06-12 16:40:53.182,0.00,0.00,0.00,0.00,2,0
2026-06-12 16:40:53.232,0.00,0.00,0.00,0.00,2,0
2026-06-12 16:40:53.282,0.00,0.00,0.00,0.00,2,0
2026-06-12 16:40:53.333,0.00,0.00,0.00,0.00,2,0
2026-06-12 16:40:53.383,0.00,0.00,0.00,0.00,2,0
2026-06-12 16:40:53.434,0.00,0.00,0.00,0.00,2,0
2026-06-12 16:40:53.484,0.00,0.00,0.00,0.00,2,0
2026-06-12 16:40:53.535,0.00,0.00,0.00,0.00,2,0
2026-06-12 16:40:53.585,0.00,0.00,0.00,0.00,2,0
2026-06-12 16:40:53.635,0.00,0.00,0.00,0.00,2,0
2026-06-12 16:40:53.686,0.00,0.00,0.00,0.00,2,0
2026-06-12 16:40:53.736,0.00,0.00,0.00,0.00,2,0
2026-06-12 16:40:53.786,0.00,0.00,0.00,0.00,2,0
2026-06-12 16:40:53.837,0.00,0.00,0.00,0.00,2,0
2026-06-12 16:40:53.887,0.00,0.00,0.00,0.00,2,0
2026-06-12 16:40:53.938,0.00,0.00,0.00,0.00,2,0
2026-06-12 16:40:53.988,0.00,0.00,0.00,0.00,2,0
2026-06-12 16:40:54.038,0.00,0.00,0.00,0.00,2,0
2026-06-12 16:40:54.089,0.00,0.00,0.00,0.00,2,0
2026-06-12 16:40:54.139,0.00,0.00,0.00,0.00,2,0
2026-06-12 16:40:54.189,0.00,0.00,0.00,0.00,2,0
2026-06-12 16:40:54.240,0.00,0.00,0.00,0.00,2,0
2026-06-12 16:40:54.290,0.00,0.00,0.00,0.00,2,0
2026-06-12 16:40:54.341,0.00,0.00,0.00,0.00,2,0
2026-06-12 16:40:54.391,0.00,0.00,0.00,0.00,2,0
2026-06-12 16:40:54.442,0.00,0.00,0.00,0.00,2,0
2026-06-12 16:40:54.492,0.00,0.00,0.00,0.00,2,0
2026-06-12 16:40:54.542,0.00,0.00,0.00,0.00,2,0
2026-06-12 16:40:54.593,0.00,0.00,0.00,0.00,2,0
2026-06-12 16:40:54.643,0.00,0.00,0.00,0.00,2,0
2026-06-12 16:40:54.694,0.00,0.00,0.00,0.00,2,0
2026-06-12 16:40:54.745,0.00,0.00,0.00,0.00,2,0
2026-06-12 16:40:54.794,0.00,0.00,0.00,0.00,2,0
2026-06-12 16:40:54.845,0.00,0.00,0.00,0.00,2,0
2026-06-12 16:40:54.895,0.00,0.00,0.00,0.00,2,0
2026-06-12 16:40:54.946,0.00,0.00,0.00,0.00,2,0
2026-06-12 16:40:54.996,0.00,0.00,0.00,0.00,2,0
2026-06-12 16:40:55.046,0.00,0.00,0.00,0.00,2,0
2026-06-12 16:40:55.097,0.00,0.00,0.00,0.00,2,0
2026-06-12 16:40:55.147,0.00,0.00,0.00,0.00,2,0
2026-06-12 16:40:55.198,0.00,0.00,0.00,0.00,2,0
2026-06-12 16:40:55.248,0.00,0.00,0.00,0.00,2,0
2026-06-12 16:40:55.298,0.00,0.00,0.00,0.00,2,0
2026-06-12 16:40:55.349,0.00,0.00,0.00,0.00,2,0
2026-06-12 16:40:55.399,0.00,0.00,0.00,0.00,2,0
2026-06-12 16:40:55.450,0.00,0.00,0.00,0.00,2,0
2026-06-12 16:40:55.500,0.00,0.00,0.00,0.00,2,0
2026-06-12 16:40:55.550,0.00,0.00,0.00,0.00,2,0
2026-06-12 16:40:55.601,0.00,0.00,0.00,0.00,2,0
2026-06-12 16:40:55.651,0.00,0.00,0.00,0.00,2,0
2026-06-12 16:40:55.702,0.00,0.00,0.00,0.00,2,0
2026-06-12 16:40:55.752,0.00,0.00,0.00,0.00,2,0
2026-06-12 16:40:55.802,0.00,0.00,0.00,0.00,2,0
2026-06-12 16:40:55.853,0.00,0.00,0.00,0.00,2,0
2026-06-12 16:40:55.903,0.00,0.00,0.00,0.00,2,0
2026-06-12 16:40:55.954,0.00,0.00,0.00,0.00,2,0
2026-06-12 16:40:56.004,0.00,0.00,0.00,0.00,2,0
2026-06-12 16:40:56.055,0.00,0.00,0.00,0.00,2,0
2026-06-12 16:40:56.105,0.00,0.00,0.00,0.00,2,0
2026-06-12 16:40:56.156,0.00,0.00,0.00,0.00,2,0
2026-06-12 16:40:56.205,0.00,0.00,0.00,0.00,2,0
2026-06-12 16:40:56.256,0.00,0.00,0.00,0.00,2,0
2026-06-12 16:40:56.306,0.00,0.00,0.00,0.00,2,0
2026-06-12 16:40:56.357,0.00,0.00,0.00,0.00,2,0
2026-06-12 16:40:56.407,0.00,0.00,0.00,0.00,2,0
2026-06-12 16:40:56.458,0.00,0.00,0.00,0.00,2,0
2026-06-12 16:40:56.508,0.00,0.00,0.00,0.00,2,0
2026-06-12 16:40:56.558,0.00,0.00,0.00,0.00,2,0
2026-06-12 16:40:56.609,0.00,0.00,0.00,0.00,2,0
2026-06-12 16:40:56.659,0.00,0.00,0.00,0.00,2,0
2026-06-12 16:40:56.710,0.00,0.00,0.00,0.00,2,0
2026-06-12 16:40:56.760,0.00,0.00,0.00,0.00,2,0
2026-06-12 16:40:56.810,0.00,0.00,0.00,0.00,2,0
2026-06-12 16:40:56.861,0.00,0.00,0.00,0.00,2,0
2026-06-12 16:40:56.911,0.00,0.00,0.00,0.00,2,0
2026-06-12 16:40:56.962,0.00,0.00,0.00,0.00,2,0
2026-06-12 16:40:57.012,0.00,0.00,0.00,0.00,2,0
2026-06-12 16:40:57.062,0.00,0.00,0.00,0.00,2,0
2026-06-12 16:40:57.113,0.00,0.00,0.00,0.00,2,0
2026-06-12 16:40:57.163,0.00,0.00,0.00,0.00,2,0
2026-06-12 16:40:57.214,0.00,0.00,0.00,0.00,2,0
2026-06-12 16:40:57.265,0.00,0.00,0.00,0.00,2,0
2026-06-12 16:40:57.315,0.00,0.00,0.00,0.00,2,0
2026-06-12 16:40:57.365,0.00,0.00,0.00,0.00,2,0
2026-06-12 16:40:57.416,0.00,0.00,0.00,0.00,2,0
2026-06-12 16:40:57.466,0.00,0.00,0.00,0.00,2,0
2026-06-12 16:40:57.516,0.00,0.00,0.00,0.00,2,0
2026-06-12 16:40:57.566,0.00,0.00,0.00,0.00,2,0
2026-06-12 16:40:57.617,0.00,0.00,0.00,0.00,2,0
2026-06-12 16:40:57.667,0.00,0.00,0.00,0.00,2,0
2026-06-12 16:40:57.718,0.00,0.00,0.00,0.00,2,0
2026-06-12 16:40:57.768,0.00,0.00,0.00,0.00,2,0
2026-06-12 16:40:57.818,0.00,0.00,0.00,0.00,2,0
2026-06-12 16:40:57.869,0.00,0.00,0.00,0.00,2,0
2026-06-12 16:40:57.919,0.00,0.00,0.00,0.00,2,0
2026-06-12 16:40:57.970,0.00,0.00,0.00,0.00,2,0
2026-06-12 16:40:58.020,0.00,0.00,0.00,0.00,2,0
2026-06-12 16:40:58.070,0.00,0.00,0.00,0.00,2,0
2026-06-12 16:40:58.121,0.00,0.00,0.00,0.00,2,0
2026-06-12 16:40:58.171,0.00,0.00,0.00,0.00,2,0
2026-06-12 16:40:58.222,0.00,0.00,0.00,0.00,2,0
2026-06-12 16:40:58.272,0.00,0.00,0.00,0.00,2,0
2026-06-12 16:40:58.322,0.00,0.00,0.00,0.00,2,0
2026-06-12 16:40:58.373,0.00,0.00,0.00,0.00,2,0
2026-06-12 16:40:58.423,0.00,0.00,0.00,0.00,2,0
2026-06-12 16:40:58.474,0.00,0.00,0.00,0.00,2,0
2026-06-12 16:40:58.525,0.00,0.00,0.00,0.00,2,0
2026-06-12 16:40:58.575,0.00,0.00,0.00,0.00,2,0
2026-06-12 16:40:58.625,0.00,0.00,0.00,0.00,2,0
2026-06-12 16:40:58.676,0.00,0.00,0.00,0.00,2,0
2026-06-12 16:40:58.726,0.00,0.00,0.00,0.00,2,0
2026-06-12 16:40:58.776,0.00,0.00,0.00,0.00,2,0
2026-06-12 16:40:58.826,0.00,0.00,0.00,0.00,2,0
2026-06-12 16:40:58.877,0.00,0.00,0.00,0.00,2,0
2026-06-12 16:40:58.927,0.00,0.00,0.00,0.00,2,0
2026-06-12 16:40:58.978,0.00,0.00,0.00,0.00,2,0
2026-06-12 16:40:59.028,0.00,0.00,0.00,0.00,2,0
2026-06-12 16:40:59.078,0.00,0.00,0.00,0.00,2,0
2026-06-12 16:40:59.129,0.00,0.00,0.00,0.00,2,0
2026-06-12 16:40:59.179,0.00,0.00,0.00,0.00,2,0
2026-06-12 16:40:59.230,0.00,0.00,0.00,0.00,2,0
2026-06-12 16:40:59.280,0.00,0.00,0.00,0.00,2,0
2026-06-12 16:40:59.330,0.00,0.00,0.00,0.00,2,0
2026-06-12 16:40:59.381,0.00,0.00,0.00,0.00,2,0
2026-06-12 16:40:59.431,0.00,0.00,0.00,0.00,2,0
2026-06-12 16:40:59.482,0.00,0.00,0.00,0.00,2,0
2026-06-12 16:40:59.532,0.00,0.00,0.00,0.00,2,0
2026-06-12 16:40:59.582,0.00,0.00,0.00,0.00,2,0
2026-06-12 16:40:59.633,0.00,0.00,0.00,0.00,2,0
2026-06-12 16:40:59.683,0.00,0.00,0.00,0.00,2,0
2026-06-12 16:40:59.734,0.00,0.00,0.00,0.00,2,0
2026-06-12 16:40:59.785,0.00,0.00,0.00,0.00,2,0
2026-06-12 16:40:59.835,0.00,0.00,0.00,0.00,2,0
2026-06-12 16:40:59.885,0.00,0.00,0.00,0.00,2,0
2026-06-12 16:40:59.935,0.00,0.00,0.00,0.00,2,0
2026-06-12 16:40:59.986,0.00,0.00,0.00,0.00,2,0
2026-06-12 16:41:00.036,0.00,0.00,0.00,0.00,2,0
2026-06-12 16:41:00.086,0.00,0.00,0.00,0.00,2,0
2026-06-12 16:41:00.137,0.00,0.00,0.00,0.00,2,0
2026-06-12 16:41:00.187,0.00,0.00,0.00,0.00,2,0
2026-06-12 16:41:00.238,0.00,0.00,0.00,0.00,2,0
2026-06-12 16:41:00.288,0.00,0.00,0.00,0.00,2,0
2026-06-12 16:41:00.338,0.00,0.00,0.00,0.00,2,0
2026-06-12 16:41:00.389,0.00,0.00,0.00,0.00,2,0
2026-06-12 16:41:00.439,0.00,0.00,0.00,0.00,2,0
2026-06-12 16:41:00.490,0.00,0.00,0.00,0.00,2,0
2026-06-12 16:41:00.540,0.00,0.00,0.00,0.00,2,0
2026-06-12 16:41:00.591,0.00,0.00,0.00,0.00,2,0
2026-06-12 16:41:00.641,0.00,0.00,0.00,0.00,2,0
2026-06-12 16:41:00.691,0.00,0.00,0.00,0.00,2,0
2026-06-12 16:41:00.742,0.00,0.00,0.00,0.00,2,0
2026-06-12 16:41:00.792,0.00,0.00,0.00,0.00,2,0
2026-06-12 16:41:00.843,0.00,0.00,0.00,0.00,2,0
2026-06-12 16:41:00.893,0.00,0.00,0.00,0.00,2,0
2026-06-12 16:41:00.943,0.00,0.00,0.00,0.00,2,0
2026-06-12 16:41:00.994,0.00,0.00,0.00,0.00,2,0
2026-06-12 16:41:01.045,0.00,0.00,0.00,0.00,2,0
2026-06-12 16:41:01.095,0.00,0.00,0.00,0.00,2,0
2026-06-12 16:41:01.145,0.00,0.00,0.00,0.00,2,0
2026-06-12 16:41:01.195,0.00,0.00,0.00,0.00,2,0
2026-06-12 16:41:01.246,0.00,0.00,0.00,0.00,2,0
2026-06-12 16:41:01.296,0.00,0.00,0.00,0.00,2,0
2026-06-12 16:41:01.346,0.00,0.00,0.00,0.00,2,0
2026-06-12 16:41:01.397,0.00,0.00,0.00,0.00,2,0
2026-06-12 16:41:01.447,0.00,0.00,0.00,0.00,2,0
2026-06-12 16:41:01.498,0.00,0.00,0.00,0.00,2,0
2026-06-12 16:41:01.548,0.00,0.00,0.00,0.00,2,0
2026-06-12 16:41:01.599,0.00,0.00,0.00,0.00,2,0
2026-06-12 16:41:01.649,0.00,0.00,0.00,0.00,2,0
2026-06-12 16:41:01.699,0.00,0.00,0.00,0.00,2,0
2026-06-12 16:41:01.750,0.00,0.00,0.00,0.00,2,0
2026-06-12 16:41:01.800,0.00,0.00,0.00,0.00,2,0
2026-06-12 16:41:01.851,0.00,0.00,0.00,0.00,2,0
2026-06-12 16:41:01.901,0.00,0.00,0.00,0.00,2,0
2026-06-12 16:41:01.951,0.00,0.00,0.00,0.00,2,0
2026-06-12 16:41:02.002,0.00,0.00,0.00,0.00,2,0
2026-06-12 16:41:02.052,0.00,0.00,0.00,0.00,2,0
2026-06-12 16:41:02.103,0.00,0.00,0.00,0.00,2,0
2026-06-12 16:41:02.153,0.00,0.00,0.00,0.00,2,0
2026-06-12 16:41:02.203,0.00,0.00,0.00,0.00,2,0
2026-06-12 16:41:02.254,0.00,0.00,0.00,0.00,2,0
2026-06-12 16:41:02.305,0.00,0.00,0.00,0.00,2,0
2026-06-12 16:41:02.355,0.00,0.00,0.00,0.00,2,0
2026-06-12 16:41:02.406,0.00,0.00,0.00,0.00,2,0
2026-06-12 16:41:02.455,0.00,0.00,0.00,0.00,2,0
2026-06-12 16:41:02.506,0.00,0.00,0.00,0.00,2,0
2026-06-12 16:41:02.556,0.00,0.00,0.00,0.00,2,0
2026-06-12 16:41:02.606,0.00,0.00,0.00,0.00,2,0
2026-06-12 16:41:02.657,0.00,0.00,0.00,0.00,2,0
2026-06-12 16:41:02.707,0.00,0.00,0.00,0.00,2,0
2026-06-12 16:41:02.758,0.00,0.00,0.00,0.00,2,0
2026-06-12 16:41:02.808,0.00,0.00,0.00,0.00,2,0
2026-06-12 16:41:02.859,0.00,0.00,0.00,0.00,2,0
2026-06-12 16:41:02.909,0.00,0.00,0.00,0.00,2,0
2026-06-12 16:41:02.959,0.00,0.00,0.00,0.00,2,0
2026-06-12 16:41:03.010,0.00,0.00,0.00,0.00,2,0
2026-06-12 16:41:03.060,0.00,0.00,0.00,0.00,2,0
2026-06-12 16:41:03.111,0.00,0.00,0.00,0.00,2,0
2026-06-12 16:41:03.161,0.00,0.00,0.00,0.00,2,0
2026-06-12 16:41:03.211,0.00,0.00,0.00,0.00,2,0
2026-06-12 16:41:03.262,0.00,0.00,0.00,0.00,2,0
2026-06-12 16:41:03.312,0.00,0.00,0.00,0.00,2,0
2026-06-12 16:41:03.363,0.00,0.00,0.00,0.00,2,0
2026-06-12 16:41:03.413,0.00,0.00,0.00,0.00,2,0
2026-06-12 16:41:03.463,0.00,0.00,0.00,0.00,2,0
2026-06-12 16:41:03.514,0.00,0.00,0.00,0.00,2,0
2026-06-12 16:41:03.565,0.00,0.00,0.00,0.00,2,0
2026-06-12 16:41:03.615,0.00,0.00,0.00,0.00,2,0
2026-06-12 16:41:03.665,0.00,0.00,0.00,0.00,2,0
2026-06-12 16:41:03.716,0.00,0.00,0.00,0.00,2,0
2026-06-12 16:41:03.766,0.00,0.00,0.00,0.00,2,0
2026-06-12 16:41:03.816,0.00,0.00,0.00,0.00,2,0
2026-06-12 16:41:03.866,0.00,0.00,0.00,0.00,2,0
2026-06-12 16:41:03.917,0.00,0.00,0.00,0.00,2,0
2026-06-12 16:41:03.967,0.00,0.00,0.00,0.00,2,0
2026-06-12 16:41:04.018,0.00,0.00,0.00,0.00,2,0
2026-06-12 16:41:04.068,0.00,0.00,0.00,0.00,2,0
2026-06-12 16:41:04.119,0.00,0.00,0.00,0.00,2,0
2026-06-12 16:41:04.169,0.00,0.00,0.00,0.00,2,0
2026-06-12 16:41:04.219,0.00,0.00,0.00,0.00,2,0
2026-06-12 16:41:04.270,0.00,0.00,0.00,0.00,2,0
2026-06-12 16:41:04.320,0.00,0.00,0.00,0.00,2,0
2026-06-12 16:41:04.371,0.00,0.00,0.00,0.00,2,0
2026-06-12 16:41:04.421,0.00,0.00,0.00,0.00,2,0
2026-06-12 16:41:04.471,0.00,0.00,0.00,0.00,2,0
2026-06-12 16:41:04.522,0.00,0.00,0.00,0.00,2,0
2026-06-12 16:41:04.572,0.00,0.00,0.00,0.00,2,0
2026-06-12 16:41:04.623,0.00,0.00,0.00,0.00,2,0
2026-06-12 16:41:04.673,0.00,0.00,0.00,0.00,2,0
2026-06-12 16:41:04.723,0.00,0.00,0.00,0.00,2,0
2026-06-12 16:41:04.774,0.00,0.00,0.00,0.00,2,0
2026-06-12 16:41:04.824,0.00,0.00,0.00,0.00,2,0
2026-06-12 16:41:04.875,0.00,0.00,0.00,0.00,2,0
2026-06-12 16:41:04.925,0.00,0.00,0.00,0.00,2,0
2026-06-12 16:41:04.975,0.00,0.00,0.00,0.00,2,0
2026-06-12 16:41:05.026,0.00,0.00,0.00,0.00,2,0
2026-06-12 16:41:05.076,0.00,0.00,0.00,0.00,2,0
2026-06-12 16:41:05.127,0.00,0.00,0.00,0.00,2,0
2026-06-12 16:41:05.177,0.00,0.00,0.00,0.00,2,0
2026-06-12 16:41:05.227,0.00,0.00,0.00,0.00,2,0
2026-06-12 16:41:05.278,0.00,0.00,0.00,0.00,2,0
2026-06-12 16:41:05.328,0.00,0.00,0.00,0.00,2,0
2026-06-12 16:41:05.379,0.00,0.00,0.00,0.00,2,0
2026-06-12 16:41:05.429,0.00,0.00,0.00,0.00,2,0
2026-06-12 16:41:05.479,0.00,0.00,0.00,0.00,2,0
2026-06-12 16:41:05.530,0.00,0.00,0.00,0.00,2,0
2026-06-12 16:41:05.580,0.00,0.00,0.00,0.00,2,0
2026-06-12 16:41:05.631,0.00,0.00,0.00,0.00,2,0
2026-06-12 16:41:05.681,0.00,0.00,0.00,0.00,2,0
2026-06-12 16:41:05.731,0.00,0.00,0.00,0.00,2,0
2026-06-12 16:41:05.782,0.00,0.00,0.00,0.00,2,0
2026-06-12 16:41:05.832,0.00,0.00,0.00,0.00,2,0
2026-06-12 16:41:05.883,0.00,0.00,0.00,0.00,2,0
2026-06-12 16:41:05.933,0.00,0.00,0.00,0.00,2,0
2026-06-12 16:41:05.983,0.00,0.00,0.00,0.00,2,0
2026-06-12 16:41:06.034,0.00,0.00,0.00,0.00,2,0
2026-06-12 16:41:06.085,0.00,0.00,0.00,0.00,2,0
2026-06-12 16:41:06.135,0.00,0.00,0.00,0.00,2,0
2026-06-12 16:41:06.185,0.00,0.00,0.00,0.00,2,0
2026-06-12 16:41:06.235,0.00,0.00,0.00,0.00,2,0
2026-06-12 16:41:06.286,0.00,0.00,0.00,0.00,2,0
2026-06-12 16:41:06.336,0.00,0.00,0.00,0.00,2,0
2026-06-12 16:41:06.386,0.00,0.00,0.00,0.00,2,0
2026-06-12 16:41:06.437,0.00,0.00,0.00,0.00,2,0
2026-06-12 16:41:06.487,0.00,0.00,0.00,0.00,2,0
2026-06-12 16:41:06.538,0.00,0.00,0.00,0.00,2,0
2026-06-12 16:41:06.588,0.00,0.00,0.00,0.00,2,0
2026-06-12 16:41:06.638,0.00,0.00,0.00,0.00,2,0
2026-06-12 16:41:06.689,0.00,0.00,0.00,0.00,2,0
2026-06-12 16:41:06.739,0.00,0.00,0.00,0.00,2,0
2026-06-12 16:41:06.790,0.00,0.00,0.00,0.00,2,0
2026-06-12 16:41:06.840,0.00,0.00,0.00,0.00,2,0
2026-06-12 16:41:06.891,0.00,0.00,0.00,0.00,2,0
2026-06-12 16:41:06.941,0.00,0.00,0.00,0.00,2,0
2026-06-12 16:41:06.991,0.00,0.00,0.00,0.00,2,0
2026-06-12 16:41:07.042,0.00,0.00,0.00,0.00,2,0
2026-06-12 16:41:07.092,0.00,0.00,0.00,0.00,2,0
2026-06-12 16:41:07.143,0.00,0.00,0.00,0.00,2,0
2026-06-12 16:41:07.193,0.00,0.00,0.00,0.00,2,0
2026-06-12 16:41:07.243,0.00,0.00,0.00,0.00,2,0
2026-06-12 16:41:07.294,0.00,0.00,0.00,0.00,2,0
2026-06-12 16:41:07.344,0.00,0.00,0.00,0.00,2,0
2026-06-12 16:41:07.395,0.00,0.00,0.00,0.00,2,0
2026-06-12 16:41:07.445,0.00,0.00,0.00,0.00,2,0
2026-06-12 16:41:07.495,0.00,0.00,0.00,0.00,2,0
2026-06-12 16:41:07.546,0.00,0.00,0.00,0.00,2,0
2026-06-12 16:41:07.596,0.00,0.00,0.00,0.00,2,0
2026-06-12 16:41:07.646,0.00,0.00,0.00,0.00,2,0
2026-06-12 16:41:07.697,0.00,0.00,0.00,0.00,2,0
2026-06-12 16:41:07.747,0.00,0.00,0.00,0.00,2,0
2026-06-12 16:41:07.798,0.00,0.00,0.00,0.00,2,0
2026-06-12 16:41:07.848,0.00,0.00,0.00,0.00,2,0
2026-06-12 16:41:07.898,0.00,0.00,0.00,0.00,2,0
2026-06-12 16:41:07.949,0.00,0.00,0.00,0.00,2,0
2026-06-12 16:41:07.999,0.00,0.00,0.00,0.00,2,0
2026-06-12 16:41:08.050,0.00,0.00,0.00,0.00,2,0
2026-06-12 16:41:08.100,0.00,0.00,0.00,0.00,2,0
2026-06-12 16:41:08.151,0.00,0.00,0.00,0.00,2,0
2026-06-12 16:41:08.201,0.00,0.00,0.00,0.00,2,0
2026-06-12 16:41:08.251,0.00,0.00,0.00,0.00,2,0
2026-06-12 16:41:08.302,0.00,0.00,0.00,0.00,2,0
2026-06-12 16:41:08.352,0.00,0.00,0.00,0.00,2,0
2026-06-12 16:41:08.403,0.00,0.00,0.00,0.00,2,0
2026-06-12 16:41:08.453,0.00,0.00,0.00,0.00,2,0
2026-06-12 16:41:08.503,0.00,0.00,0.00,0.00,2,0
2026-06-12 16:41:08.554,0.00,0.00,0.00,0.00,2,0
2026-06-12 16:41:08.605,0.00,0.00,0.00,0.00,2,0
2026-06-12 16:41:08.655,0.00,0.00,0.00,0.00,2,0
2026-06-12 16:41:08.705,0.00,0.00,0.00,0.00,2,0
2026-06-12 16:41:08.755,0.00,0.00,0.00,0.00,2,0
2026-06-12 16:41:08.806,0.00,0.00,0.00,0.00,2,0
2026-06-12 16:41:08.856,0.00,0.00,0.00,0.00,2,0
2026-06-12 16:41:08.907,0.00,0.00,0.00,0.00,2,0
2026-06-12 16:41:08.957,0.00,0.00,0.00,0.00,2,0
2026-06-12 16:41:09.007,0.00,0.00,0.00,0.00,2,0
2026-06-12 16:41:09.058,0.00,0.00,0.00,0.00,2,0
2026-06-12 16:41:09.108,0.00,0.00,0.00,0.00,2,0
2026-06-12 16:41:09.159,0.00,0.00,0.00,0.00,2,0
2026-06-12 16:41:09.209,0.00,0.00,0.00,0.00,2,0
2026-06-12 16:41:09.259,0.00,0.00,0.00,0.00,2,0
2026-06-12 16:41:09.310,0.00,0.00,0.00,0.00,2,0
2026-06-12 16:41:09.360,0.00,0.00,0.00,0.00,2,0
2026-06-12 16:41:09.411,0.00,0.00,0.00,0.00,2,0
2026-06-12 16:41:09.461,0.00,0.00,0.00,0.00,2,0
2026-06-12 16:41:09.511,0.00,0.00,0.00,0.00,2,0
2026-06-12 16:41:09.562,0.00,0.00,0.00,0.00,2,0
2026-06-12 16:41:09.612,0.00,0.00,0.00,0.00,2,0
2026-06-12 16:41:09.663,0.00,0.00,0.00,0.00,2,0
2026-06-12 16:41:09.713,0.00,0.00,0.00,0.00,2,0
2026-06-12 16:41:09.763,0.00,0.00,0.00,0.00,2,0
2026-06-12 16:41:09.814,0.00,0.00,0.00,0.00,2,0
2026-06-12 16:41:09.865,0.00,0.00,0.00,0.00,2,0
2026-06-12 16:41:09.915,0.00,0.00,0.00,0.00,2,0
2026-06-12 16:41:09.965,0.00,0.00,0.00,0.00,2,0
2026-06-12 16:41:10.015,0.00,0.00,0.00,0.00,2,0
2026-06-12 16:41:10.066,0.00,0.00,0.00,0.00,2,0
2026-06-12 16:41:10.116,0.00,0.00,0.00,0.00,2,0
2026-06-12 16:41:10.167,0.00,0.00,0.00,0.00,2,0
2026-06-12 16:41:10.217,0.00,0.00,0.00,0.00,2,0
2026-06-12 16:41:10.267,0.00,0.00,0.00,0.00,2,0
2026-06-12 16:41:10.318,0.00,0.00,0.00,0.00,2,0
2026-06-12 16:41:10.368,0.00,0.00,0.00,0.00,2,0
2026-06-12 16:41:10.419,0.00,0.00,0.00,0.00,2,0
2026-06-12 16:41:10.469,0.00,0.00,0.00,0.00,2,0
2026-06-12 16:41:10.519,0.00,0.00,0.00,0.00,2,0
2026-06-12 16:41:10.570,0.00,0.00,0.00,0.00,2,0
2026-06-12 16:41:10.620,0.00,0.00,0.00,0.00,2,0
2026-06-12 16:41:10.671,0.00,0.00,0.00,0.00,2,0
2026-06-12 16:41:10.721,0.00,0.00,0.00,0.00,2,0
2026-06-12 16:41:10.771,0.00,0.00,0.00,0.00,2,0
2026-06-12 16:41:10.822,0.00,0.00,0.00,0.00,2,0
2026-06-12 16:41:10.872,0.00,0.00,0.00,0.00,2,0
2026-06-12 16:41:10.923,0.00,0.00,0.00,0.00,2,0
2026-06-12 16:41:10.973,0.00,0.00,0.00,0.00,2,0
2026-06-12 16:41:11.023,0.00,0.00,0.00,0.00,2,0
2026-06-12 16:41:11.074,0.00,0.00,0.00,0.00,2,0
2026-06-12 16:41:11.124,0.00,0.00,0.00,0.00,2,0
2026-06-12 16:41:11.175,0.00,0.00,0.00,0.00,2,0
2026-06-12 16:41:11.225,0.00,0.00,0.00,0.00,2,0
2026-06-12 16:41:11.275,0.00,0.00,0.00,0.00,2,0
2026-06-12 16:41:11.326,0.00,0.00,0.00,0.00,2,0
2026-06-12 16:41:11.376,0.00,0.00,0.00,0.00,2,0
2026-06-12 16:41:11.427,0.00,0.00,0.00,0.00,2,0
2026-06-12 16:41:11.477,0.00,0.00,0.00,0.00,2,0
2026-06-12 16:41:11.527,0.00,0.00,0.00,0.00,2,0
2026-06-12 16:41:11.578,0.00,0.00,0.00,0.00,2,0
2026-06-12 16:41:11.628,0.00,0.00,0.00,0.00,2,0
2026-06-12 16:41:11.679,0.00,0.00,0.00,0.00,2,0
2026-06-12 16:41:11.729,0.00,0.00,0.00,0.00,2,0
2026-06-12 16:41:11.780,0.00,0.00,0.00,0.00,2,0
2026-06-12 16:41:11.830,0.00,0.00,0.00,0.00,2,0
2026-06-12 16:41:11.880,0.00,0.00,0.00,0.00,2,0
2026-06-12 16:41:11.931,0.00,0.00,0.00,0.00,2,0
2026-06-12 16:41:11.981,0.00,0.00,0.00,0.00,2,0
2026-06-12 16:41:12.031,0.00,0.00,0.00,0.00,2,0
2026-06-12 16:41:12.082,0.00,0.00,0.00,0.00,2,0
2026-06-12 16:41:12.132,0.00,0.00,0.00,0.00,2,0
2026-06-12 16:41:12.183,0.00,0.00,0.00,0.00,2,0
2026-06-12 16:41:12.233,0.00,0.00,0.00,0.00,2,0
2026-06-12 16:41:12.284,0.00,0.00,0.00,0.00,2,0
2026-06-12 16:41:12.335,0.00,0.00,0.00,0.00,2,0
2026-06-12 16:41:12.385,0.00,0.00,0.00,0.00,2,0
2026-06-12 16:41:12.435,0.00,0.00,0.00,0.00,2,0
2026-06-12 16:41:12.485,0.00,0.00,0.00,0.00,2,0
2026-06-12 16:41:12.535,0.00,0.00,0.00,0.00,2,0
2026-06-12 16:41:12.586,0.00,0.00,0.00,0.00,2,0
2026-06-12 16:41:12.636,0.00,0.00,0.00,0.00,2,0
2026-06-12 16:41:12.687,0.00,0.00,0.00,0.00,2,0
2026-06-12 16:41:12.737,0.00,0.00,0.00,0.00,2,0
2026-06-12 16:41:12.787,0.00,0.00,0.00,0.00,2,0
2026-06-12 16:41:12.838,0.00,0.00,0.00,0.00,2,0
2026-06-12 16:41:12.888,0.00,0.00,0.00,0.00,2,0
2026-06-12 16:41:12.939,0.00,0.00,0.00,0.00,2,0
2026-06-12 16:41:12.989,0.00,0.00,0.00,0.00,2,0
2026-06-12 16:41:13.039,0.00,0.00,0.00,0.00,2,0
2026-06-12 16:41:13.090,0.00,0.00,0.00,0.00,2,0
2026-06-12 16:41:13.140,0.00,0.00,0.00,0.00,2,0
2026-06-12 16:41:13.191,0.00,0.00,0.00,0.00,2,0
2026-06-12 16:41:13.241,0.00,0.00,0.00,0.00,2,0
2026-06-12 16:41:13.291,0.00,0.00,0.00,0.00,2,0
2026-06-12 16:41:13.342,0.00,0.00,0.00,0.00,2,0
2026-06-12 16:41:13.392,0.00,0.00,0.00,0.00,2,0
2026-06-12 16:41:13.443,0.00,0.00,0.00,0.00,2,0
2026-06-12 16:41:13.493,0.00,0.00,0.00,0.00,2,0
2026-06-12 16:41:13.543,0.00,0.00,0.00,0.00,2,0
2026-06-12 16:41:13.594,0.00,0.00,0.00,0.00,2,0
2026-06-12 16:41:13.645,0.00,0.00,0.00,0.00,2,0
2026-06-12 16:41:13.695,0.00,0.00,0.00,0.00,2,0
2026-06-12 16:41:13.745,0.00,0.00,0.00,0.00,2,0
2026-06-12 16:41:13.795,0.00,0.00,0.00,0.00,2,0
2026-06-12 16:41:13.846,0.00,0.00,0.00,0.00,2,0
2026-06-12 16:41:13.896,0.00,0.00,0.00,0.00,2,0
2026-06-12 16:41:13.947,0.00,0.00,0.00,0.00,2,0
2026-06-12 16:41:13.997,0.00,0.00,0.00,0.00,2,0
2026-06-12 16:41:14.047,0.00,0.00,0.00,0.00,2,0
2026-06-12 16:41:14.098,0.00,0.00,0.00,0.00,2,0
2026-06-12 16:41:14.148,0.00,0.00,0.00,0.00,2,0
2026-06-12 16:41:14.199,0.00,0.00,0.00,0.00,2,0
2026-06-12 16:41:14.249,0.00,0.00,0.00,0.00,2,0
2026-06-12 16:41:14.300,0.00,0.00,0.00,0.00,2,0
2026-06-12 16:41:14.350,0.00,0.00,0.00,0.00,2,0
2026-06-12 16:41:14.400,0.00,0.00,0.00,0.00,2,0
2026-06-12 16:41:14.451,0.00,0.00,0.00,0.00,2,0
2026-06-12 16:41:14.501,0.00,0.00,0.00,0.00,2,0
2026-06-12 16:41:14.551,0.00,0.00,0.00,0.00,2,0
2026-06-12 16:41:14.602,0.00,0.00,0.00,0.00,2,0
2026-06-12 16:41:14.652,0.00,0.00,0.00,0.00,2,0
2026-06-12 16:41:14.703,0.00,0.00,0.00,0.00,2,0
2026-06-12 16:41:14.753,0.00,0.00,0.00,0.00,2,0
2026-06-12 16:41:14.804,0.00,0.00,0.00,0.00,2,0
2026-06-12 16:41:14.854,0.00,0.00,0.00,0.00,2,0
2026-06-12 16:41:14.905,0.00,0.00,0.00,0.00,2,0
2026-06-12 16:41:14.955,0.00,0.00,0.00,0.00,2,0
2026-06-12 16:41:15.005,0.00,0.00,0.00,0.00,2,0
2026-06-12 16:41:15.055,0.00,0.00,0.00,0.00,2,0
2026-06-12 16:41:15.106,0.00,0.00,0.00,0.00,2,0
2026-06-12 16:41:15.156,0.00,0.00,0.00,0.00,2,0
2026-06-12 16:41:15.207,0.00,0.00,0.00,0.00,2,0
2026-06-12 16:41:15.257,0.00,0.00,0.00,0.00,2,0
2026-06-12 16:41:15.307,0.00,0.00,0.00,0.00,2,0
2026-06-12 16:41:15.358,0.00,0.00,0.00,0.00,2,0
2026-06-12 16:41:15.408,0.00,0.00,0.00,0.00,2,0
2026-06-12 16:41:15.459,0.00,0.00,0.00,0.00,2,0
2026-06-12 16:41:15.509,0.00,0.00,0.00,0.00,2,0
2026-06-12 16:41:15.560,0.00,0.00,0.00,0.00,2,0
2026-06-12 16:41:15.610,0.00,0.00,0.00,0.00,2,0
2026-06-12 16:41:15.660,0.00,0.00,0.00,0.00,2,0
2026-06-12 16:41:15.711,0.00,0.00,0.00,0.00,2,0
2026-06-12 16:41:15.761,0.00,0.00,0.00,0.00,2,0
2026-06-12 16:41:15.811,0.00,0.00,0.00,0.00,2,0
2026-06-12 16:41:15.862,0.00,0.00,0.00,0.00,2,0
2026-06-12 16:41:15.912,0.00,0.00,0.00,0.00,2,0
2026-06-12 16:41:15.963,0.00,0.00,0.00,0.00,2,0
2026-06-12 16:41:16.013,0.00,0.00,0.00,0.00,2,0
2026-06-12 16:41:16.063,0.00,0.00,0.00,0.00,2,0
2026-06-12 16:41:16.115,0.00,0.00,0.00,0.00,2,0
2026-06-12 16:41:16.165,0.00,0.00,0.00,0.00,2,0
2026-06-12 16:41:16.215,0.00,0.00,0.00,0.00,2,0
2026-06-12 16:41:16.265,0.00,0.00,0.00,0.00,2,0
2026-06-12 16:41:16.316,0.00,0.00,0.00,0.00,2,0
2026-06-12 16:41:16.366,0.00,0.00,0.00,0.00,2,0
2026-06-12 16:41:16.416,0.00,0.00,0.00,0.00,2,0
2026-06-12 16:41:16.467,0.00,0.00,0.00,0.00,2,0
2026-06-12 16:41:16.517,0.00,0.00,0.00,0.00,2,0
2026-06-12 16:41:16.567,0.00,0.00,0.00,0.00,2,0
2026-06-12 16:41:16.618,0.00,0.00,0.00,0.00,2,0
2026-06-12 16:41:16.668,0.00,0.00,0.00,0.00,2,0
2026-06-12 16:41:16.719,0.00,0.00,0.00,0.00,2,0
2026-06-12 16:41:16.769,0.00,0.00,0.00,0.00,2,0
2026-06-12 16:41:16.820,0.00,0.00,0.00,0.00,2,0
2026-06-12 16:41:16.870,0.00,0.00,0.00,0.00,2,0
2026-06-12 16:41:16.920,0.00,0.00,0.00,0.00,2,0
2026-06-12 16:41:16.971,0.00,0.00,0.00,0.00,2,0
2026-06-12 16:41:17.021,0.00,0.00,0.00,0.00,2,0
2026-06-12 16:41:17.072,0.00,0.00,0.00,0.00,2,0
2026-06-12 16:41:17.122,0.00,0.00,0.00,0.00,2,0
2026-06-12 16:41:17.172,0.00,0.00,0.00,0.00,2,0
2026-06-12 16:41:17.223,0.00,0.00,0.00,0.00,2,0
2026-06-12 16:41:17.273,0.00,0.00,0.00,0.00,2,0
2026-06-12 16:41:17.323,0.00,0.00,0.00,0.00,2,0
2026-06-12 16:41:17.375,0.00,0.00,0.00,0.00,2,0
2026-06-12 16:41:17.424,0.00,0.00,0.00,0.00,2,0
2026-06-12 16:41:17.475,0.00,0.00,0.00,0.00,2,0
2026-06-12 16:41:17.526,0.00,0.00,0.00,0.00,2,0
2026-06-12 16:41:17.575,0.00,0.00,0.00,0.00,2,0
2026-06-12 16:41:17.626,0.00,0.00,0.00,0.00,2,0
2026-06-12 16:41:17.676,0.00,0.00,0.00,0.00,2,0
2026-06-12 16:41:17.727,0.00,0.00,0.00,0.00,2,0
2026-06-12 16:41:17.777,0.00,0.00,0.00,0.00,2,0
2026-06-12 16:41:17.828,0.00,0.00,0.00,0.00,2,0
2026-06-12 16:41:17.878,0.00,0.00,0.00,0.00,2,0
2026-06-12 16:41:17.928,0.00,0.00,0.00,0.00,2,0
2026-06-12 16:41:17.979,0.00,0.00,0.00,0.00,2,0
2026-06-12 16:41:18.029,0.00,0.00,0.00,0.00,2,0
2026-06-12 16:41:18.080,0.00,0.00,0.00,0.00,2,0
2026-06-12 16:41:18.130,0.00,0.00,0.00,0.00,2,0
2026-06-12 16:41:18.180,0.00,0.00,0.00,0.00,2,0
2026-06-12 16:41:18.231,0.00,0.00,0.00,0.00,2,0
2026-06-12 16:41:18.281,0.00,0.00,0.00,0.00,2,0
2026-06-12 16:41:18.332,0.00,0.00,0.00,0.00,2,0
2026-06-12 16:41:18.382,0.00,0.00,0.00,0.00,2,0
2026-06-12 16:41:18.432,0.00,0.00,0.00,0.00,2,0
2026-06-12 16:41:18.483,0.00,0.00,0.00,0.00,2,0
2026-06-12 16:41:18.533,0.00,0.00,0.00,0.00,2,0
2026-06-12 16:41:18.583,0.00,0.00,0.00,0.00,2,0
2026-06-12 16:41:18.634,0.00,0.00,0.00,0.00,2,0
2026-06-12 16:41:18.685,0.00,0.00,0.00,0.00,2,0
2026-06-12 16:41:18.735,0.00,0.00,0.00,0.00,2,0
2026-06-12 16:41:18.785,0.00,0.00,0.00,0.00,2,0
2026-06-12 16:41:18.835,0.00,0.00,0.00,0.00,2,0
2026-06-12 16:41:18.886,0.00,0.00,0.00,0.00,2,0
2026-06-12 16:41:18.936,0.00,0.00,0.00,0.00,2,0
2026-06-12 16:41:18.987,0.00,0.00,0.00,0.00,2,0
2026-06-12 16:41:19.037,0.00,0.00,0.00,0.00,2,0
2026-06-12 16:41:19.088,0.00,0.00,0.00,0.00,2,0
2026-06-12 16:41:19.138,0.00,0.00,0.00,0.00,2,0
2026-06-12 16:41:19.188,0.00,0.00,0.00,0.00,2,0
2026-06-12 16:41:19.239,0.00,0.00,0.00,0.00,2,0
2026-06-12 16:41:19.289,0.00,0.00,0.00,0.00,2,0
2026-06-12 16:41:19.340,0.00,0.00,0.00,0.00,2,0
2026-06-12 16:41:19.390,0.00,0.00,0.00,0.00,2,0
2026-06-12 16:41:19.440,0.00,0.00,0.00,0.00,2,0
2026-06-12 16:41:19.491,0.00,0.00,0.00,0.00,2,0
2026-06-12 16:41:19.541,0.00,0.00,0.00,0.00,2,0
2026-06-12 16:41:19.592,0.00,0.00,0.00,0.00,2,0
2026-06-12 16:41:19.642,0.00,0.00,0.00,0.00,2,0
2026-06-12 16:41:19.692,0.00,0.00,0.00,0.00,2,0
2026-06-12 16:41:19.743,0.00,0.00,0.00,0.00,2,0
2026-06-12 16:41:19.793,0.00,0.00,0.00,0.00,2,0
2026-06-12 16:41:19.843,0.00,0.00,0.00,0.00,2,0
2026-06-12 16:41:19.895,0.00,0.00,0.00,0.00,2,0
2026-06-12 16:41:19.945,0.00,0.00,0.00,0.00,2,0
2026-06-12 16:41:19.995,0.00,0.00,0.00,0.00,2,0
2026-06-12 16:41:20.045,0.00,0.00,0.00,0.00,2,0
2026-06-12 16:41:20.095,0.00,0.00,0.00,0.00,2,0
2026-06-12 16:41:20.146,0.00,0.00,0.00,0.00,2,0
2026-06-12 16:41:20.196,0.00,0.00,0.00,0.00,2,0
2026-06-12 16:41:20.247,0.00,0.00,0.00,0.00,2,0
2026-06-12 16:41:20.297,0.00,0.00,0.00,0.00,2,0
2026-06-12 16:41:20.348,0.00,0.00,0.00,0.00,2,0
2026-06-12 16:41:20.398,0.00,0.00,0.00,0.00,2,0
2026-06-12 16:41:20.448,0.00,0.00,0.00,0.00,2,0
2026-06-12 16:41:20.499,0.00,0.00,0.00,0.00,2,0
2026-06-12 16:41:20.549,0.00,0.00,0.00,0.00,2,0
2026-06-12 16:41:20.600,0.00,0.00,0.00,0.00,2,0
2026-06-12 16:41:20.650,0.00,0.00,0.00,0.00,2,0
2026-06-12 16:41:20.700,0.00,0.00,0.00,0.00,2,0
2026-06-12 16:41:20.751,0.00,0.00,0.00,0.00,2,0
2026-06-12 16:41:20.801,0.00,0.00,0.00,0.00,2,0
2026-06-12 16:41:20.851,0.00,0.00,0.00,0.00,2,0
2026-06-12 16:41:20.902,0.00,0.00,0.00,0.00,2,0
2026-06-12 16:41:20.952,0.00,0.00,0.00,0.00,2,0
2026-06-12 16:41:21.003,0.00,0.00,0.00,0.00,2,0
2026-06-12 16:41:21.053,0.00,0.00,0.00,0.00,2,0
2026-06-12 16:41:21.104,0.00,0.00,0.00,0.00,2,0
2026-06-12 16:41:21.155,0.00,0.00,0.00,0.00,2,0
2026-06-12 16:41:21.205,0.00,0.00,0.00,0.00,2,0
2026-06-12 16:41:21.255,0.00,0.00,0.00,0.00,2,0
2026-06-12 16:41:21.305,0.00,0.00,0.00,0.00,2,0
2026-06-12 16:41:21.355,0.00,0.00,0.00,0.00,2,0
2026-06-12 16:41:21.406,0.00,0.00,0.00,0.00,2,0
2026-06-12 16:41:21.456,0.00,0.00,0.00,0.00,2,0
2026-06-12 16:41:21.511,0.00,0.00,0.00,0.00,2,0
2026-06-12 16:41:21.557,0.00,0.00,0.00,0.00,2,0
2026-06-12 16:41:21.608,0.00,0.00,0.00,0.00,2,0
2026-06-12 16:41:21.658,0.00,0.00,0.00,0.00,2,0
2026-06-12 16:41:21.708,0.00,0.00,0.00,0.00,2,0
2026-06-12 16:41:21.759,0.00,0.00,0.00,0.00,2,0
2026-06-12 16:41:21.809,0.00,0.00,0.00,0.00,2,0
2026-06-12 16:41:21.860,0.00,0.00,0.00,0.00,2,0
2026-06-12 16:41:21.910,0.00,0.00,0.00,0.00,2,0
2026-06-12 16:41:21.961,0.00,0.00,0.00,0.00,2,0
2026-06-12 16:41:22.011,0.00,0.00,0.00,0.00,2,0
2026-06-12 16:41:22.061,0.00,0.00,0.00,0.00,2,0
2026-06-12 16:41:22.112,0.00,0.00,0.00,0.00,2,0
2026-06-12 16:41:22.162,0.00,0.00,0.00,0.00,2,0
2026-06-12 16:41:22.212,0.00,0.00,0.00,0.00,2,0
2026-06-12 16:41:22.263,0.00,0.00,0.00,0.00,2,0
2026-06-12 16:41:22.313,0.00,0.00,0.00,0.00,2,0
2026-06-12 16:41:22.364,0.00,0.00,0.00,0.00,2,0
2026-06-12 16:41:22.415,0.00,0.00,0.00,0.00,2,0
2026-06-12 16:41:22.465,0.00,0.00,0.00,0.00,2,0
2026-06-12 16:41:22.515,0.00,0.00,0.00,0.00,2,0
2026-06-12 16:41:22.565,0.00,0.00,0.00,0.00,2,0
2026-06-12 16:41:22.616,0.00,0.00,0.00,0.00,2,0
2026-06-12 16:41:22.666,0.00,0.00,0.00,0.00,2,0
2026-06-12 16:41:22.716,0.00,0.00,0.00,0.00,2,0
2026-06-12 16:41:22.767,0.00,0.00,0.00,0.00,2,0
2026-06-12 16:41:22.817,0.00,0.00,0.00,0.00,2,0
2026-06-12 16:41:22.868,0.00,0.00,0.00,0.00,2,0
2026-06-12 16:41:22.918,0.00,0.00,0.00,0.00,2,0
2026-06-12 16:41:22.968,0.00,0.00,0.00,0.00,2,0
2026-06-12 16:41:23.019,0.00,0.00,0.00,0.00,2,0
2026-06-12 16:41:23.069,0.00,0.00,0.00,0.00,2,0
2026-06-12 16:41:23.120,0.00,0.00,0.00,0.00,2,0
2026-06-12 16:41:23.170,0.00,0.00,0.00,0.00,2,0
2026-06-12 16:41:23.220,0.00,0.00,0.00,0.00,2,0
2026-06-12 16:41:23.271,0.00,0.00,0.00,0.00,2,0
2026-06-12 16:41:23.321,0.00,0.00,0.00,0.00,2,0
2026-06-12 16:41:23.372,0.00,0.00,0.00,0.00,2,0
2026-06-12 16:41:23.422,0.00,0.00,0.00,0.00,2,0
2026-06-12 16:41:23.472,0.00,0.00,0.00,0.00,2,0
2026-06-12 16:41:23.523,0.00,0.00,0.00,0.00,2,0
2026-06-12 16:41:23.573,0.00,0.00,0.00,0.00,2,0
2026-06-12 16:41:23.624,0.00,0.00,0.00,0.00,2,0
2026-06-12 16:41:23.674,0.00,0.00,0.00,0.00,2,0
2026-06-12 16:41:23.726,0.00,0.00,0.00,0.00,2,0
2026-06-12 16:41:23.775,0.00,0.00,0.00,0.00,2,0
2026-06-12 16:41:23.825,0.00,0.00,0.00,0.00,2,0
2026-06-12 16:41:23.876,0.00,0.00,0.00,0.00,2,0
2026-06-12 16:41:23.926,0.00,0.00,0.00,0.00,2,0
2026-06-12 16:41:23.976,0.00,0.00,0.00,0.00,2,0
2026-06-12 16:41:24.027,0.00,0.00,0.00,0.00,2,0
2026-06-12 16:41:24.077,0.00,0.00,0.00,0.00,2,0
2026-06-12 16:41:24.127,0.00,0.00,0.00,0.00,2,0
2026-06-12 16:41:24.178,0.00,0.00,0.00,0.00,2,0
2026-06-12 16:41:24.228,0.00,0.00,0.00,0.00,2,0
2026-06-12 16:41:24.279,0.00,0.00,0.00,0.00,2,0
2026-06-12 16:41:24.329,0.00,0.00,0.00,0.00,2,0
2026-06-12 16:41:24.379,0.00,0.00,0.00,0.00,2,0
2026-06-12 16:41:24.430,0.00,0.00,0.00,0.00,2,0
2026-06-12 16:41:24.480,0.00,0.00,0.00,0.00,2,0
2026-06-12 16:41:24.531,0.00,0.00,0.00,0.00,2,0
2026-06-12 16:41:24.581,0.00,0.00,0.00,0.00,2,0
2026-06-12 16:41:24.631,0.00,0.00,0.00,0.00,2,0
2026-06-12 16:41:24.682,0.00,0.00,0.00,0.00,2,0
2026-06-12 16:41:24.732,0.00,0.00,0.00,0.00,2,0
2026-06-12 16:41:24.783,0.00,0.00,0.00,0.00,2,0
2026-06-12 16:41:24.833,0.00,0.00,0.00,0.00,2,0
2026-06-12 16:41:24.883,0.00,0.00,0.00,0.00,2,0
2026-06-12 16:41:24.935,0.00,0.00,0.00,0.00,2,0
2026-06-12 16:41:24.985,0.00,0.00,0.00,0.00,2,0
2026-06-12 16:41:25.035,0.00,0.00,0.00,0.00,2,0
2026-06-12 16:41:25.085,0.00,0.00,0.00,0.00,2,0
2026-06-12 16:41:25.135,0.00,0.00,0.00,0.00,2,0
2026-06-12 16:41:25.186,0.00,0.00,0.00,0.00,2,0
2026-06-12 16:41:25.236,0.00,0.00,0.00,0.00,2,0
2026-06-12 16:41:25.287,0.00,0.00,0.00,0.00,2,0
2026-06-12 16:41:25.337,0.00,0.00,0.00,0.00,2,0
2026-06-12 16:41:25.387,0.00,0.00,0.00,0.00,2,0
2026-06-12 16:41:25.438,0.00,0.00,0.00,0.00,2,0
2026-06-12 16:41:25.488,0.00,0.00,0.00,0.00,2,0
2026-06-12 16:41:25.539,0.00,0.00,0.00,0.00,2,0
2026-06-12 16:41:25.589,0.00,0.00,0.00,0.00,2,0
2026-06-12 16:41:25.639,0.00,0.00,0.00,0.00,2,0
2026-06-12 16:41:25.690,0.00,0.00,0.00,0.00,2,0
2026-06-12 16:41:25.740,0.00,0.00,0.00,0.00,2,0
2026-06-12 16:41:25.791,0.00,0.00,0.00,0.00,2,0
2026-06-12 16:41:25.841,0.00,0.00,0.00,0.00,2,0
2026-06-12 16:41:25.891,0.00,0.00,0.00,0.00,2,0
2026-06-12 16:41:25.942,0.00,0.00,0.00,0.00,2,0
2026-06-12 16:41:25.992,0.00,0.00,0.00,0.00,2,0
2026-06-12 16:41:26.043,0.00,0.00,0.00,0.00,2,0
2026-06-12 16:41:26.093,0.00,0.00,0.00,0.00,2,0
2026-06-12 16:41:26.143,0.00,0.00,0.00,0.00,2,0
2026-06-12 16:41:26.194,0.00,0.00,0.00,0.00,2,0
2026-06-12 16:41:26.245,0.00,0.00,0.00,0.00,2,0
2026-06-12 16:41:26.295,0.00,0.00,0.00,0.00,2,0
2026-06-12 16:41:26.345,0.00,0.00,0.00,0.00,2,0
2026-06-12 16:41:26.395,0.00,0.00,0.00,0.00,2,0
2026-06-12 16:41:26.446,0.00,0.00,0.00,0.00,2,0
2026-06-12 16:41:26.496,0.00,0.00,0.00,0.00,2,0
2026-06-12 16:41:26.547,0.00,0.00,0.00,0.00,2,0
2026-06-12 16:41:26.597,0.00,0.00,0.00,0.00,2,0
2026-06-12 16:41:26.648,0.00,0.00,0.00,0.00,2,0
2026-06-12 16:41:26.698,0.00,0.00,0.00,0.00,2,0
2026-06-12 16:41:26.748,0.00,0.00,0.00,0.00,2,0
2026-06-12 16:41:26.799,0.00,0.00,0.00,0.00,2,0
2026-06-12 16:41:26.849,0.00,0.00,0.00,0.00,2,0
2026-06-12 16:41:26.899,0.00,0.00,0.00,0.00,2,0
2026-06-12 16:41:26.950,0.00,0.00,0.00,0.00,2,0
2026-06-12 16:41:27.000,0.00,0.00,0.00,0.00,2,0
2026-06-12 16:41:27.051,0.00,0.00,0.00,0.00,2,0
2026-06-12 16:41:27.101,0.00,0.00,0.00,0.00,2,0
2026-06-12 16:41:27.151,0.00,0.00,0.00,0.00,2,0
2026-06-12 16:41:27.202,0.00,0.00,0.00,0.00,2,0
2026-06-12 16:41:27.252,0.00,0.00,0.00,0.00,2,0
2026-06-12 16:41:27.303,0.00,0.00,0.00,0.00,2,0
2026-06-12 16:41:27.353,0.00,0.00,0.00,0.00,2,0
2026-06-12 16:41:27.403,0.00,0.00,0.00,0.00,2,0
2026-06-12 16:41:27.454,0.00,0.00,0.00,0.00,2,0
2026-06-12 16:41:27.505,0.00,0.00,0.00,0.00,2,0
2026-06-12 16:41:27.555,0.00,0.00,0.00,0.00,2,0
2026-06-12 16:41:27.605,0.00,0.00,0.00,0.00,2,0
2026-06-12 16:41:27.656,0.00,0.00,0.00,0.00,2,0
2026-06-12 16:41:27.706,0.00,0.00,0.00,0.00,2,0
2026-06-12 16:41:27.756,0.00,0.00,0.00,0.00,2,0
2026-06-12 16:41:27.807,0.00,0.00,0.00,0.00,2,0
2026-06-12 16:41:27.857,0.00,0.00,0.00,0.00,2,0
2026-06-12 16:41:27.908,0.00,0.00,0.00,0.00,2,0
2026-06-12 16:41:27.958,0.00,0.00,0.00,0.00,2,0
2026-06-12 16:41:28.008,0.00,0.00,0.00,0.00,2,0
2026-06-12 16:41:28.059,0.00,0.00,0.00,0.00,2,0
2026-06-12 16:41:28.109,0.00,0.00,0.00,0.00,2,0
2026-06-12 16:41:28.159,0.00,0.00,0.00,0.00,2,0
2026-06-12 16:41:28.210,0.00,0.00,0.00,0.00,2,0
2026-06-12 16:41:28.260,0.00,0.00,0.00,0.00,2,0
2026-06-12 16:41:28.311,0.00,0.00,0.00,0.00,2,0
2026-06-12 16:41:28.361,0.00,0.00,0.00,0.00,2,0
2026-06-12 16:41:28.411,0.00,0.00,0.00,0.00,2,0
2026-06-12 16:41:28.462,0.00,0.00,0.00,0.00,2,0
2026-06-12 16:41:28.512,0.00,0.00,0.00,0.00,2,0
2026-06-12 16:41:28.563,0.00,0.00,0.00,0.00,2,0
2026-06-12 16:41:28.613,0.00,0.00,0.00,0.00,2,0
2026-06-12 16:41:28.664,0.00,0.00,0.00,0.00,2,0
2026-06-12 16:41:28.714,0.00,0.00,0.00,0.00,2,0
2026-06-12 16:41:28.765,0.00,0.00,0.00,0.00,2,0
2026-06-12 16:41:28.815,0.00,0.00,0.00,0.00,2,0
2026-06-12 16:41:28.865,0.00,0.00,0.00,0.00,2,0
2026-06-12 16:41:28.915,0.00,0.00,0.00,0.00,2,0
2026-06-12 16:41:28.966,0.00,0.00,0.00,0.00,2,0
2026-06-12 16:41:29.016,0.00,0.00,0.00,0.00,2,0
2026-06-12 16:41:29.067,0.00,0.00,0.00,0.00,2,0
2026-06-12 16:41:29.117,0.00,0.00,0.00,0.00,2,0
2026-06-12 16:41:29.167,0.00,0.00,0.00,0.00,2,0
2026-06-12 16:41:29.218,0.00,0.00,0.00,0.00,2,0
2026-06-12 16:41:29.268,0.00,0.00,0.00,0.00,2,0
2026-06-12 16:41:29.319,0.00,0.00,0.00,0.00,2,0
2026-06-12 16:41:29.369,0.00,0.00,0.00,0.00,2,0
2026-06-12 16:41:29.420,0.00,0.00,0.00,0.00,2,0
2026-06-12 16:41:29.470,0.00,0.00,0.00,0.00,2,0
2026-06-12 16:41:29.520,0.00,0.00,0.00,0.00,2,0
2026-06-12 16:41:29.571,0.00,0.00,0.00,0.00,2,0
2026-06-12 16:41:29.621,0.00,0.00,0.00,0.00,2,0
2026-06-12 16:41:29.672,0.00,0.00,0.00,0.00,2,0
2026-06-12 16:41:29.722,0.00,0.00,0.00,0.00,2,0
2026-06-12 16:41:29.772,0.00,0.00,0.00,0.00,2,0
2026-06-12 16:41:29.823,0.00,0.00,0.00,0.00,2,0
2026-06-12 16:41:29.873,0.00,0.00,0.00,0.00,2,0
2026-06-12 16:41:29.924,0.00,0.00,0.00,0.00,2,0
2026-06-12 16:41:29.975,0.00,0.00,0.00,0.00,2,0
2026-06-12 16:41:30.024,0.00,0.00,0.00,0.00,2,0
2026-06-12 16:41:30.075,0.00,0.00,0.00,0.00,2,0
2026-06-12 16:41:30.125,0.00,0.00,0.00,0.00,2,0
2026-06-12 16:41:30.177,0.00,0.00,0.00,0.00,2,0
2026-06-12 16:41:30.226,0.00,0.00,0.00,0.00,2,0
2026-06-12 16:41:30.276,0.00,0.00,0.00,0.00,2,0
2026-06-12 16:41:30.327,0.00,0.00,0.00,0.00,2,0
2026-06-12 16:41:30.377,0.00,0.00,0.00,0.00,2,0
2026-06-12 16:41:30.428,0.00,0.00,0.00,0.00,2,0
2026-06-12 16:41:30.478,0.00,0.00,0.00,0.00,2,0
2026-06-12 16:41:30.528,0.00,0.00,0.00,0.00,2,0
2026-06-12 16:41:30.579,0.00,0.00,0.00,0.00,2,0
2026-06-12 16:41:30.629,0.00,0.00,0.00,0.00,2,0
2026-06-12 16:41:30.680,0.00,0.00,0.00,0.00,2,0
2026-06-12 16:41:30.730,0.00,0.00,0.00,0.00,2,0
2026-06-12 16:41:30.781,0.00,0.00,0.00,0.00,2,0
2026-06-12 16:41:30.831,0.00,0.00,0.00,0.00,2,0
2026-06-12 16:41:30.881,0.00,0.00,0.00,0.00,2,0
2026-06-12 16:41:30.932,0.00,0.00,0.00,0.00,2,0
2026-06-12 16:41:30.982,0.00,0.00,0.00,0.00,2,0
2026-06-12 16:41:31.032,0.00,0.00,0.00,0.00,2,0
2026-06-12 16:41:31.083,0.00,0.00,0.00,0.00,2,0
2026-06-12 16:41:31.133,0.00,0.00,0.00,0.00,2,0
2026-06-12 16:41:31.184,0.00,0.00,0.00,0.00,2,0
2026-06-12 16:41:31.235,0.00,0.00,0.00,0.00,2,0
2026-06-12 16:41:31.284,0.00,0.00,0.00,0.00,2,0
2026-06-12 16:41:31.335,0.00,0.00,0.00,0.00,2,0
2026-06-12 16:41:31.385,0.00,0.00,0.00,0.00,2,0
2026-06-12 16:41:31.436,0.00,0.00,0.00,0.00,2,0
2026-06-12 16:41:31.486,0.00,0.00,0.00,0.00,2,0
2026-06-12 16:41:31.536,0.00,0.00,0.00,0.00,2,0
2026-06-12 16:41:31.587,0.00,0.00,0.00,0.00,2,0
2026-06-12 16:41:31.637,0.00,0.00,0.00,0.00,2,0
2026-06-12 16:41:31.688,0.00,0.00,0.00,0.00,2,0
2026-06-12 16:41:31.738,0.00,0.00,0.00,0.00,2,0
2026-06-12 16:41:31.788,0.00,0.00,0.00,0.00,2,0
2026-06-12 16:41:31.839,0.00,0.00,0.00,0.00,2,0
2026-06-12 16:41:31.889,0.00,0.00,0.00,0.00,2,0
2026-06-12 16:41:31.939,0.00,0.00,0.00,0.00,2,0
2026-06-12 16:41:31.990,0.00,0.00,0.00,0.00,2,0
2026-06-12 16:41:32.040,0.00,0.00,0.00,0.00,2,0
2026-06-12 16:41:32.091,0.00,0.00,0.00,0.00,2,0
2026-06-12 16:41:32.141,0.00,0.00,0.00,0.00,2,0
2026-06-12 16:41:32.192,0.00,0.00,0.00,0.00,2,0
2026-06-12 16:41:32.242,0.00,0.00,0.00,0.00,2,0
2026-06-12 16:41:32.292,0.00,0.00,0.00,0.00,2,0
2026-06-12 16:41:32.343,0.00,0.00,0.00,0.00,2,0
2026-06-12 16:41:32.393,0.00,0.00,0.00,0.00,2,0
2026-06-12 16:41:32.444,0.00,0.00,0.00,0.00,2,0
2026-06-12 16:41:32.495,0.00,0.00,0.00,0.00,2,0
2026-06-12 16:41:32.545,0.00,0.00,0.00,0.00,2,0
2026-06-12 16:41:32.595,0.00,0.00,0.00,0.00,2,0
2026-06-12 16:41:32.645,0.00,0.00,0.00,0.00,2,0
2026-06-12 16:41:32.696,0.00,0.00,0.00,0.00,2,0
2026-06-12 16:41:32.746,0.00,0.00,0.00,0.00,2,0
2026-06-12 16:41:32.796,0.00,0.00,0.00,0.00,2,0
2026-06-12 16:41:32.847,0.00,0.00,0.00,0.00,2,0
2026-06-12 16:41:32.897,0.00,0.00,0.00,0.00,2,0
2026-06-12 16:41:32.948,0.00,0.00,0.00,0.00,2,0
2026-06-12 16:41:32.998,0.00,0.00,0.00,0.00,2,0
2026-06-12 16:41:33.048,0.00,0.00,0.00,0.00,2,0
2026-06-12 16:41:33.099,0.00,0.00,0.00,0.00,2,0
2026-06-12 16:41:33.149,0.00,0.00,0.00,0.00,2,0
2026-06-12 16:41:33.199,0.00,0.00,0.00,0.00,2,0
2026-06-12 16:41:33.250,0.00,0.00,0.00,0.00,2,0
2026-06-12 16:41:33.300,0.00,0.00,0.00,0.00,2,0
2026-06-12 16:41:33.351,0.00,0.00,0.00,0.00,2,0
2026-06-12 16:41:33.401,0.00,0.00,0.00,0.00,2,0
2026-06-12 16:41:33.452,0.00,0.00,0.00,0.00,2,0
2026-06-12 16:41:33.502,0.00,0.00,0.00,0.00,2,0
2026-06-12 16:41:33.552,0.00,0.00,0.00,0.00,2,0
2026-06-12 16:41:33.603,0.00,0.00,0.00,0.00,2,0
2026-06-12 16:41:33.653,0.00,0.00,0.00,0.00,2,0
2026-06-12 16:41:33.704,0.00,0.00,0.00,0.00,2,0
2026-06-12 16:41:33.756,0.00,0.00,0.00,0.00,2,0
2026-06-12 16:41:33.805,0.00,0.00,0.00,0.00,2,0
2026-06-12 16:41:33.855,0.00,0.00,0.00,0.00,2,0
2026-06-12 16:41:33.905,0.00,0.00,0.00,0.00,2,0
2026-06-12 16:41:33.956,0.00,0.00,0.00,0.00,2,0
2026-06-12 16:41:34.006,0.00,0.00,0.00,0.00,2,0
2026-06-12 16:41:34.056,0.00,0.00,0.00,0.00,2,0
2026-06-12 16:41:34.107,0.00,0.00,0.00,0.00,2,0
2026-06-12 16:41:34.157,0.00,0.00,0.00,0.00,2,0
2026-06-12 16:41:34.208,0.00,0.00,0.00,0.00,2,0
2026-06-12 16:41:34.258,0.00,0.00,0.00,0.00,2,0
2026-06-12 16:41:34.308,0.00,0.00,0.00,0.00,2,0
2026-06-12 16:41:34.359,0.00,0.00,0.00,0.00,2,0
2026-06-12 16:41:34.409,0.00,0.00,0.00,0.00,2,0
2026-06-12 16:41:34.460,0.00,0.00,0.00,0.00,2,0
2026-06-12 16:41:34.510,0.00,0.00,0.00,0.00,2,0
2026-06-12 16:41:34.560,0.00,0.00,0.00,0.00,2,0
2026-06-12 16:41:34.611,0.00,0.00,0.00,0.00,2,0
2026-06-12 16:41:34.661,0.00,0.00,0.00,0.00,2,0
2026-06-12 16:41:34.712,0.00,0.00,0.00,0.00,2,0
2026-06-12 16:41:34.762,0.00,0.00,0.00,0.00,2,0
2026-06-12 16:41:34.812,0.00,0.00,0.00,0.00,2,0
2026-06-12 16:41:34.863,0.00,0.00,0.00,0.00,2,0
2026-06-12 16:41:34.913,0.00,0.00,0.00,0.00,2,0
2026-06-12 16:41:34.964,0.00,0.00,0.00,0.00,2,0
2026-06-12 16:41:35.014,0.00,0.00,0.00,0.00,2,0
2026-06-12 16:41:35.065,0.00,0.00,0.00,0.00,2,0
2026-06-12 16:41:35.115,0.00,0.00,0.00,0.00,2,0
2026-06-12 16:41:35.168,0.00,0.00,0.00,0.00,2,0
2026-06-12 16:41:35.215,0.00,0.00,0.00,0.00,2,0
2026-06-12 16:41:35.266,0.00,0.00,0.00,0.00,2,0
2026-06-12 16:41:35.316,0.00,0.00,0.00,0.00,2,0
2026-06-12 16:41:35.367,0.00,0.00,0.00,0.00,2,0
2026-06-12 16:41:35.417,0.00,0.00,0.00,0.00,2,0
2026-06-12 16:41:35.468,0.00,0.00,0.00,0.00,2,0
2026-06-12 16:41:35.518,0.00,0.00,0.00,0.00,2,0
2026-06-12 16:41:35.568,0.00,0.00,0.00,0.00,2,0
2026-06-12 16:41:35.619,0.00,0.00,0.00,0.00,2,0
2026-06-12 16:41:35.669,0.00,0.00,0.00,0.00,2,0
2026-06-12 16:41:35.720,0.00,0.00,0.00,0.00,2,0
2026-06-12 16:41:35.770,0.00,0.00,0.00,0.00,2,0
2026-06-12 16:41:35.820,0.00,0.00,0.00,0.00,2,0
2026-06-12 16:41:35.871,0.00,0.00,0.00,0.00,2,0
2026-06-12 16:41:35.921,0.00,0.00,0.00,0.00,2,0
2026-06-12 16:41:35.971,0.00,0.00,0.00,0.00,2,0
2026-06-12 16:41:36.022,0.00,0.00,0.00,0.00,2,0
2026-06-12 16:41:36.072,0.00,0.00,0.00,0.00,2,0
2026-06-12 16:41:36.123,0.00,0.00,0.00,0.00,2,0
2026-06-12 16:41:36.173,0.00,0.00,0.00,0.00,2,0
2026-06-12 16:41:36.223,0.00,0.00,0.00,0.00,2,0
2026-06-12 16:41:36.274,0.00,0.00,0.00,0.00,2,0
2026-06-12 16:41:36.325,0.00,0.00,0.00,0.00,2,0
2026-06-12 16:41:36.375,0.00,0.00,0.00,0.00,2,0
2026-06-12 16:41:36.425,0.00,0.00,0.00,0.00,2,0
2026-06-12 16:41:36.475,0.00,0.00,0.00,0.00,2,0
2026-06-12 16:41:36.526,0.00,0.00,0.00,0.00,2,0
2026-06-12 16:41:36.576,0.00,0.00,0.00,0.00,2,0
2026-06-12 16:41:36.627,0.00,0.00,0.00,0.00,2,0
2026-06-12 16:41:36.677,0.00,0.00,0.00,0.00,2,0
2026-06-12 16:41:36.727,0.00,0.00,0.00,0.00,2,0
2026-06-12 16:41:36.778,0.00,0.00,0.00,0.00,2,0
2026-06-12 16:41:36.828,0.00,0.00,0.00,0.00,2,0
2026-06-12 16:41:36.879,0.00,0.00,0.00,0.00,2,0
2026-06-12 16:41:36.929,0.00,0.00,0.00,0.00,2,0
2026-06-12 16:41:36.979,0.00,0.00,0.00,0.00,2,0
2026-06-12 16:41:37.030,0.00,0.00,0.00,0.00,2,0
2026-06-12 16:41:37.081,0.00,0.00,0.00,0.00,2,0
2026-06-12 16:41:37.131,0.00,0.00,0.00,0.00,2,0
2026-06-12 16:41:37.181,0.00,0.00,0.00,0.00,2,0
2026-06-12 16:41:37.232,0.00,0.00,0.00,0.00,2,0
2026-06-12 16:41:37.282,0.00,0.00,0.00,0.00,2,0
2026-06-12 16:41:37.332,0.00,0.00,0.00,0.00,2,0
2026-06-12 16:41:37.383,0.00,0.00,0.00,0.00,2,0
2026-06-12 16:41:37.433,0.00,0.00,0.00,0.00,2,0
2026-06-12 16:41:37.484,0.00,0.00,0.00,0.00,2,0
2026-06-12 16:41:37.535,0.00,0.00,0.00,0.00,2,0
2026-06-12 16:41:37.585,0.00,0.00,0.00,0.00,2,0
2026-06-12 16:41:37.635,0.00,0.00,0.00,0.00,2,0
2026-06-12 16:41:37.685,0.00,0.00,0.00,0.00,2,0
2026-06-12 16:41:37.736,0.00,0.00,0.00,0.00,2,0
2026-06-12 16:41:37.786,0.00,0.00,0.00,0.00,2,0
2026-06-12 16:41:37.836,0.00,0.00,0.00,0.00,2,0
2026-06-12 16:41:37.887,0.00,0.00,0.00,0.00,2,0
2026-06-12 16:41:37.937,0.00,0.00,0.00,0.00,2,0
2026-06-12 16:41:37.988,0.00,0.00,0.00,0.00,2,0
2026-06-12 16:41:38.038,0.00,0.00,0.00,0.00,2,0
2026-06-12 16:41:38.088,0.00,0.00,0.00,0.00,2,0
2026-06-12 16:41:38.139,0.00,0.00,0.00,0.00,2,0
2026-06-12 16:41:38.189,0.00,0.00,0.00,0.00,2,0
2026-06-12 16:41:38.239,0.00,0.00,0.00,0.00,2,0
2026-06-12 16:41:38.290,0.00,0.00,0.00,0.00,2,0
2026-06-12 16:41:38.340,0.00,0.00,0.00,0.00,2,0
2026-06-12 16:41:38.391,0.00,0.00,0.00,0.00,2,0
2026-06-12 16:41:38.441,0.00,0.00,0.00,0.00,2,0
2026-06-12 16:41:38.492,0.00,0.00,0.00,0.00,2,0
2026-06-12 16:41:38.542,0.00,0.00,0.00,0.00,2,0
2026-06-12 16:41:38.592,0.00,0.00,0.00,0.00,2,0
2026-06-12 16:41:38.643,0.00,0.00,0.00,0.00,2,0
2026-06-12 16:41:38.693,0.00,0.00,0.00,0.00,2,0
2026-06-12 16:41:38.744,0.00,0.00,0.00,0.00,2,0
2026-06-12 16:41:38.795,0.00,0.00,0.00,0.00,2,0
2026-06-12 16:41:38.845,0.00,0.00,0.00,0.00,2,0
2026-06-12 16:41:38.895,0.00,0.00,0.00,0.00,2,0
2026-06-12 16:41:38.945,0.00,0.00,0.00,0.00,2,0
2026-06-12 16:41:38.995,0.00,0.00,0.00,0.00,2,0
2026-06-12 16:41:39.046,0.00,0.00,0.00,0.00,2,0
2026-06-12 16:41:39.096,0.00,0.00,0.00,0.00,2,0
2026-06-12 16:41:39.147,0.00,0.00,0.00,0.00,2,0
2026-06-12 16:41:39.197,0.00,0.00,0.00,0.00,2,0
2026-06-12 16:41:39.247,0.00,0.00,0.00,0.00,2,0
2026-06-12 16:41:39.298,0.00,0.00,0.00,0.00,2,0
2026-06-12 16:41:39.348,0.00,0.00,0.00,0.00,2,0
2026-06-12 16:41:39.399,0.00,0.00,0.00,0.00,2,0
2026-06-12 16:41:39.449,0.00,0.00,0.00,0.00,2,0
2026-06-12 16:41:39.499,0.00,0.00,0.00,0.00,2,0
2026-06-12 16:41:39.550,0.00,0.00,0.00,0.00,2,0
2026-06-12 16:41:39.600,0.00,0.00,0.00,0.00,2,0
2026-06-12 16:41:39.651,0.00,0.00,0.00,0.00,2,0
2026-06-12 16:41:39.701,0.00,0.00,0.00,0.00,2,0
2026-06-12 16:41:39.752,0.00,0.00,0.00,0.00,2,0
2026-06-12 16:41:39.802,0.00,0.00,0.00,0.00,2,0
2026-06-12 16:41:39.852,0.00,0.00,0.00,0.00,2,0
2026-06-12 16:41:39.903,0.00,0.00,0.00,0.00,2,0
2026-06-12 16:41:39.953,0.00,0.00,0.00,0.00,2,0
2026-06-12 16:41:40.004,0.00,0.00,0.00,0.00,2,0
2026-06-12 16:41:40.054,0.00,0.00,0.00,0.00,2,0
2026-06-12 16:41:40.105,0.00,0.00,0.00,0.00,2,0
2026-06-12 16:41:40.156,0.00,0.00,0.00,0.00,2,0
2026-06-12 16:41:40.205,0.00,0.00,0.00,0.00,2,0
2026-06-12 16:41:40.256,0.00,0.00,0.00,0.00,2,0
2026-06-12 16:41:40.306,0.00,0.00,0.00,0.00,2,0
2026-06-12 16:41:40.356,0.00,0.00,0.00,0.00,2,0
2026-06-12 16:41:40.407,0.00,0.00,0.00,0.00,2,0
2026-06-12 16:41:40.457,0.00,0.00,0.00,0.00,2,0
2026-06-12 16:41:40.507,0.00,0.00,0.00,0.00,2,0
2026-06-12 16:41:40.558,0.00,0.00,0.00,0.00,2,0
2026-06-12 16:41:40.608,0.00,0.00,0.00,0.00,2,0
2026-06-12 16:41:40.659,0.00,0.00,0.00,0.00,2,0
2026-06-12 16:41:40.709,0.00,0.00,0.00,0.00,2,0
2026-06-12 16:41:40.760,0.00,0.00,0.00,0.00,2,0
2026-06-12 16:41:40.810,0.00,0.00,0.00,0.00,2,0
2026-06-12 16:41:40.860,0.00,0.00,0.00,0.00,2,0
2026-06-12 16:41:40.911,0.00,0.00,0.00,0.00,2,0
2026-06-12 16:41:40.961,0.00,0.00,0.00,0.00,2,0
2026-06-12 16:41:41.011,0.00,0.00,0.00,0.00,2,0
2026-06-12 16:41:41.062,0.00,0.00,0.00,0.00,2,0
2026-06-12 16:41:41.112,0.00,0.00,0.00,0.00,2,0
2026-06-12 16:41:41.163,0.00,0.00,0.00,0.00,2,0
2026-06-12 16:41:41.213,0.00,0.00,0.00,0.00,2,0
2026-06-12 16:41:41.263,0.00,0.00,0.00,0.00,2,0
2026-06-12 16:41:41.314,0.00,0.00,0.00,0.00,2,0
2026-06-12 16:41:41.366,0.00,0.00,0.00,0.00,2,0
2026-06-12 16:41:41.415,0.00,0.00,0.00,0.00,2,0
2026-06-12 16:41:41.465,0.00,0.00,0.00,0.00,2,0
2026-06-12 16:41:41.515,0.00,0.00,0.00,0.00,2,0
2026-06-12 16:41:41.566,0.00,0.00,0.00,0.00,2,0
2026-06-12 16:41:41.616,0.00,0.00,0.00,0.00,2,0
2026-06-12 16:41:41.667,0.00,0.00,0.00,0.00,2,0
2026-06-12 16:41:41.717,0.00,0.00,0.00,0.00,2,0
2026-06-12 16:41:41.767,0.00,0.00,0.00,0.00,2,0
2026-06-12 16:41:41.818,0.00,0.00,0.00,0.00,2,0
2026-06-12 16:41:41.868,0.00,0.00,0.00,0.00,2,0
2026-06-12 16:41:41.919,0.00,0.00,0.00,0.00,2,0
2026-06-12 16:41:41.969,0.00,0.00,0.00,0.00,2,0
2026-06-12 16:41:42.019,0.00,0.00,0.00,0.00,2,0
2026-06-12 16:41:42.070,0.00,0.00,0.00,0.00,2,0
2026-06-12 16:41:42.120,0.00,0.00,0.00,0.00,2,0
2026-06-12 16:41:42.171,0.00,0.00,0.00,0.00,2,0
2026-06-12 16:41:42.221,0.00,0.00,0.00,0.00,2,0
2026-06-12 16:41:42.271,0.00,0.00,0.00,0.00,2,0
2026-06-12 16:41:42.322,0.00,0.00,0.00,0.00,2,0
2026-06-12 16:41:42.372,0.00,0.00,0.00,0.00,2,0
2026-06-12 16:41:42.423,0.00,0.00,0.00,0.00,2,0
2026-06-12 16:41:42.473,0.00,0.00,0.00,0.00,2,0
2026-06-12 16:41:42.523,0.00,0.00,0.00,0.00,2,0
2026-06-12 16:41:42.575,0.00,0.00,0.00,0.00,2,0
2026-06-12 16:41:42.625,0.00,0.00,0.00,0.00,2,0
2026-06-12 16:41:42.675,0.00,0.00,0.00,0.00,2,0
2026-06-12 16:41:42.725,0.00,0.00,0.00,0.00,2,0
2026-06-12 16:41:42.776,0.00,0.00,0.00,0.00,2,0
2026-06-12 16:41:42.826,0.00,0.00,0.00,0.00,2,0
2026-06-12 16:41:42.876,0.00,0.00,0.00,0.00,2,0
2026-06-12 16:41:42.927,0.00,0.00,0.00,0.00,2,0
2026-06-12 16:41:42.977,0.00,0.00,0.00,0.00,2,0
2026-06-12 16:41:43.027,0.00,0.00,0.00,0.00,2,0
2026-06-12 16:41:43.078,0.00,0.00,0.00,0.00,2,0
2026-06-12 16:41:43.128,0.00,0.00,0.00,0.00,2,0
2026-06-12 16:41:43.179,0.00,0.00,0.00,0.00,2,0
2026-06-12 16:41:43.229,0.00,0.00,0.00,0.00,2,0
2026-06-12 16:41:43.279,0.00,0.00,0.00,0.00,2,0
2026-06-12 16:41:43.330,0.00,0.00,0.00,0.00,2,0
2026-06-12 16:41:43.380,0.00,0.00,0.00,0.00,2,0
2026-06-12 16:41:43.431,0.00,0.00,0.00,0.00,2,0
2026-06-12 16:41:43.481,0.00,0.00,0.00,0.00,2,0
2026-06-12 16:41:43.531,0.00,0.00,0.00,0.00,2,0
2026-06-12 16:41:43.582,0.00,0.00,0.00,0.00,2,0
2026-06-12 16:41:43.632,0.00,0.00,0.00,0.00,2,0
2026-06-12 16:41:43.683,0.00,0.00,0.00,0.00,2,0
2026-06-12 16:41:43.733,0.00,0.00,0.00,0.00,2,0
2026-06-12 16:41:43.783,0.00,0.00,0.00,0.00,2,0
2026-06-12 16:41:43.834,0.00,0.00,0.00,0.00,2,0
2026-06-12 16:41:43.884,0.00,0.00,0.00,0.00,2,0
2026-06-12 16:41:43.935,0.00,0.00,0.00,0.00,2,0
2026-06-12 16:41:43.985,0.00,0.00,0.00,0.00,2,0
2026-06-12 16:41:44.035,0.00,0.00,0.00,0.00,2,0
2026-06-12 16:41:44.086,0.00,0.00,0.00,0.00,2,0
2026-06-12 16:41:44.136,0.00,0.00,0.00,0.00,2,0
2026-06-12 16:41:44.187,0.00,0.00,0.00,0.00,2,0
2026-06-12 16:41:44.237,0.00,0.00,0.00,0.00,2,0
2026-06-12 16:41:44.287,0.00,0.00,0.00,0.00,2,0
2026-06-12 16:41:44.338,0.00,0.00,0.00,0.00,2,0
2026-06-12 16:41:44.388,0.00,0.00,0.00,0.00,2,0
2026-06-12 16:41:44.439,0.00,0.00,0.00,0.00,2,0
2026-06-12 16:41:44.489,0.00,0.00,0.00,0.00,2,0
2026-06-12 16:41:44.540,0.00,0.00,0.00,0.00,2,0
2026-06-12 16:41:44.590,0.00,0.00,0.00,0.00,2,0
2026-06-12 16:41:44.640,0.00,0.00,0.00,0.00,2,0
2026-06-12 16:41:44.691,0.00,0.00,0.00,0.00,2,0
2026-06-12 16:41:44.741,0.00,0.00,0.00,0.00,2,0
2026-06-12 16:41:44.791,0.00,0.00,0.00,0.00,2,0
2026-06-12 16:41:44.842,0.00,0.00,0.00,0.00,2,0
2026-06-12 16:41:44.892,0.00,0.00,0.00,0.00,2,0
2026-06-12 16:41:44.943,0.00,0.00,0.00,0.00,2,0
2026-06-12 16:41:44.993,0.00,0.00,0.00,0.00,2,0
2026-06-12 16:41:45.043,0.00,0.00,0.00,0.00,2,0
2026-06-12 16:41:45.094,0.00,0.00,0.00,0.00,2,0
2026-06-12 16:41:45.144,0.00,0.00,0.00,0.00,2,0
2026-06-12 16:41:45.195,0.00,0.00,0.00,0.00,2,0
2026-06-12 16:41:45.245,0.00,0.00,0.00,0.00,2,0
2026-06-12 16:41:45.295,0.00,0.00,0.00,0.00,2,0
2026-06-12 16:41:45.346,0.00,0.00,0.00,0.00,2,0
2026-06-12 16:41:45.396,0.00,0.00,0.00,0.00,2,0
2026-06-12 16:41:45.447,0.00,0.00,0.00,0.00,2,0
2026-06-12 16:41:45.497,0.00,0.00,0.00,0.00,2,0
2026-06-12 16:41:45.547,0.00,0.00,0.00,0.00,2,0
2026-06-12 16:41:45.598,0.00,0.00,0.00,0.00,2,0
2026-06-12 16:41:45.648,0.00,0.00,0.00,0.00,2,0
2026-06-12 16:41:45.699,0.00,0.00,0.00,0.00,2,0
2026-06-12 16:41:45.749,0.00,0.00,0.00,0.00,2,0
2026-06-12 16:41:45.799,0.00,0.00,0.00,0.00,2,0
2026-06-12 16:41:45.850,0.00,0.00,0.00,0.00,2,0
2026-06-12 16:41:45.900,0.00,0.00,0.00,0.00,2,0
2026-06-12 16:41:45.951,0.00,0.00,0.00,0.00,2,0
2026-06-12 16:41:46.001,0.00,0.00,0.00,0.00,2,0
2026-06-12 16:41:46.052,0.00,0.00,0.00,0.00,2,0
2026-06-12 16:41:46.102,0.00,0.00,0.00,0.00,2,0
2026-06-12 16:41:46.152,0.00,0.00,0.00,0.00,2,0
2026-06-12 16:41:46.203,0.00,0.00,0.00,0.00,2,0
2026-06-12 16:41:46.253,0.00,0.00,0.00,0.00,2,0
2026-06-12 16:41:46.303,0.00,0.00,0.00,0.00,2,0
2026-06-12 16:41:46.354,0.00,0.00,0.00,0.00,2,0
2026-06-12 16:41:46.404,0.00,0.00,0.00,0.00,2,0
2026-06-12 16:41:46.456,0.00,0.00,0.00,0.00,2,0
2026-06-12 16:41:46.506,0.00,0.00,0.00,0.00,2,0
2026-06-12 16:41:46.556,0.00,0.00,0.00,0.00,2,0
2026-06-12 16:41:46.606,0.00,0.00,0.00,0.00,2,0
2026-06-12 16:41:46.656,0.00,0.00,0.00,0.00,2,0
2026-06-12 16:41:46.707,0.00,0.00,0.00,0.00,2,0
2026-06-12 16:41:46.757,0.00,0.00,0.00,0.00,2,0
2026-06-12 16:41:46.807,0.00,0.00,0.00,0.00,2,0
2026-06-12 16:41:46.858,0.00,0.00,0.00,0.00,2,0
2026-06-12 16:41:46.908,0.00,0.00,0.00,0.00,2,0
2026-06-12 16:41:46.959,0.00,0.00,0.00,0.00,2,0
2026-06-12 16:41:47.009,0.00,0.00,0.00,0.00,2,0
2026-06-12 16:41:47.059,0.00,0.00,0.00,0.00,2,0
2026-06-12 16:41:47.110,0.00,0.00,0.00,0.00,2,0
2026-06-12 16:41:47.160,0.00,0.00,0.00,0.00,2,0
2026-06-12 16:41:47.211,0.00,0.00,0.00,0.00,2,0
2026-06-12 16:41:47.261,0.00,0.00,0.00,0.00,2,0
2026-06-12 16:41:47.311,0.00,0.00,0.00,0.00,2,0
2026-06-12 16:41:47.362,0.00,0.00,0.00,0.00,2,0
2026-06-12 16:41:47.412,0.00,0.00,0.00,0.00,2,0
2026-06-12 16:41:47.463,0.00,0.00,0.00,0.00,2,0
2026-06-12 16:41:47.513,0.00,0.00,0.00,0.00,2,0
2026-06-12 16:41:47.564,0.00,0.00,0.00,0.00,2,0
2026-06-12 16:41:47.614,0.00,0.00,0.00,0.00,2,0
2026-06-12 16:41:47.665,0.00,0.00,0.00,0.00,2,0
2026-06-12 16:41:47.715,0.00,0.00,0.00,0.00,2,0
2026-06-12 16:41:47.765,0.00,0.00,0.00,0.00,2,0
2026-06-12 16:41:47.815,0.00,0.00,0.00,0.00,2,0
2026-06-12 16:41:47.866,0.00,0.00,0.00,0.00,2,0
2026-06-12 16:41:47.916,0.00,0.00,0.00,0.00,2,0
2026-06-12 16:41:47.967,0.00,0.00,0.00,0.00,2,0
2026-06-12 16:41:48.017,0.00,0.00,0.00,0.00,2,0
2026-06-12 16:41:48.067,0.00,0.00,0.00,0.00,2,0
2026-06-12 16:41:48.118,0.00,0.00,0.00,0.00,2,0
2026-06-12 16:41:48.168,0.00,0.00,0.00,0.00,2,0
2026-06-12 16:41:48.219,0.00,0.00,0.00,0.00,2,0
2026-06-12 16:41:48.269,0.00,0.00,0.00,0.00,2,0
2026-06-12 16:41:48.319,0.00,0.00,0.00,0.00,2,0
2026-06-12 16:41:48.370,0.00,0.00,0.00,0.00,2,0
2026-06-12 16:41:48.420,0.00,0.00,0.00,0.00,2,0
2026-06-12 16:41:48.471,0.00,0.00,0.00,0.00,2,0
2026-06-12 16:41:48.521,0.00,0.00,0.00,0.00,2,0
2026-06-12 16:41:48.571,0.00,0.00,0.00,0.00,2,0
2026-06-12 16:41:48.622,0.00,0.00,0.00,0.00,2,0
2026-06-12 16:41:48.672,0.00,0.00,0.00,0.00,2,0
2026-06-12 16:41:48.723,0.00,0.00,0.00,0.00,2,0
2026-06-12 16:41:48.773,0.00,0.00,0.00,0.00,2,0
2026-06-12 16:41:48.823,0.00,0.00,0.00,0.00,2,0
2026-06-12 16:41:48.874,0.00,0.00,0.00,0.00,2,0
2026-06-12 16:41:48.924,0.00,0.00,0.00,0.00,2,0
2026-06-12 16:41:48.975,0.00,0.00,0.00,0.00,2,0
2026-06-12 16:41:49.025,0.00,0.00,0.00,0.00,2,0
2026-06-12 16:41:49.075,0.00,0.00,0.00,0.00,2,0
2026-06-12 16:41:49.126,0.00,0.00,0.00,0.00,2,0
2026-06-12 16:41:49.176,0.00,0.00,0.00,0.00,2,0
2026-06-12 16:41:49.226,0.00,0.00,0.00,0.00,2,0
2026-06-12 16:41:49.277,0.00,0.00,0.00,0.00,2,0
2026-06-12 16:41:49.327,0.00,0.00,0.00,0.00,2,0
2026-06-12 16:41:49.378,0.00,0.00,0.00,0.00,2,0
2026-06-12 16:41:49.428,0.00,0.00,0.00,0.00,2,0
2026-06-12 16:41:49.479,0.00,0.00,0.00,0.00,2,0
2026-06-12 16:41:49.529,0.00,0.00,0.00,0.00,2,0
2026-06-12 16:41:49.579,0.00,0.00,0.00,0.00,2,0
2026-06-12 16:41:49.630,0.00,0.00,0.00,0.00,2,0
2026-06-12 16:41:49.680,0.00,0.00,0.00,0.00,2,0
2026-06-12 16:41:49.730,0.00,0.00,0.00,0.00,2,0
2026-06-12 16:41:49.781,0.00,0.00,0.00,0.00,2,0
2026-06-12 16:41:49.831,0.00,0.00,0.00,0.00,2,0
2026-06-12 16:41:49.882,0.00,0.00,0.00,0.00,2,0
2026-06-12 16:41:49.932,0.00,0.00,0.00,0.00,2,0
2026-06-12 16:41:49.983,0.00,0.00,0.00,0.00,2,0
2026-06-12 16:41:50.033,0.00,0.00,0.00,0.00,2,0
2026-06-12 16:41:50.083,0.00,0.00,0.00,0.00,2,0
2026-06-12 16:41:50.134,0.00,0.00,0.00,0.00,2,0
2026-06-12 16:41:50.185,0.00,0.00,0.00,0.00,2,0
2026-06-12 16:41:50.235,0.00,0.00,0.00,0.00,2,0
2026-06-12 16:41:50.285,0.00,0.00,0.00,0.00,2,0
2026-06-12 16:41:50.335,0.00,0.00,0.00,0.00,2,0
2026-06-12 16:41:50.386,0.00,0.00,0.00,0.00,2,0
2026-06-12 16:41:50.436,0.00,0.00,0.00,0.00,2,0
2026-06-12 16:41:50.486,0.00,0.00,0.00,0.00,2,0
2026-06-12 16:41:50.537,0.00,0.00,0.00,0.00,2,0
2026-06-12 16:41:50.587,0.00,0.00,0.00,0.00,2,0
2026-06-12 16:41:50.638,0.00,0.00,0.00,0.00,2,0
2026-06-12 16:41:50.688,0.00,0.00,0.00,0.00,2,0
2026-06-12 16:41:50.739,0.00,0.00,0.00,0.00,2,0
2026-06-12 16:41:50.789,0.00,0.00,0.00,0.00,2,0
2026-06-12 16:41:50.839,0.00,0.00,0.00,0.00,2,0
2026-06-12 16:41:50.890,0.00,0.00,0.00,0.00,2,0
2026-06-12 16:41:50.940,0.00,0.00,0.00,0.00,2,0
2026-06-12 16:41:50.991,0.00,0.00,0.00,0.00,2,0
2026-06-12 16:41:51.041,0.00,0.00,0.00,0.00,2,0
2026-06-12 16:41:51.091,0.00,0.00,0.00,0.00,2,0
2026-06-12 16:41:51.142,0.00,0.00,0.00,0.00,2,0
2026-06-12 16:41:51.192,0.00,0.00,0.00,0.00,2,0
2026-06-12 16:41:51.243,0.00,0.00,0.00,0.00,2,0
2026-06-12 16:41:51.293,0.00,0.00,0.00,0.00,2,0
2026-06-12 16:41:51.343,0.00,0.00,0.00,0.00,2,0
2026-06-12 16:41:51.394,0.00,0.00,0.00,0.00,2,0
2026-06-12 16:41:51.445,0.00,0.00,0.00,0.00,2,0
2026-06-12 16:41:51.495,0.00,0.00,0.00,0.00,2,0
2026-06-12 16:41:51.545,0.00,0.00,0.00,0.00,2,0
2026-06-12 16:41:51.595,0.00,0.00,0.00,0.00,2,0
2026-06-12 16:41:51.646,0.00,0.00,0.00,0.00,2,0
2026-06-12 16:41:51.696,0.00,0.00,0.00,0.00,2,0
2026-06-12 16:41:51.746,0.00,0.00,0.00,0.00,2,0
2026-06-12 16:41:51.797,0.00,0.00,0.00,0.00,2,0
2026-06-12 16:41:51.847,0.00,0.00,0.00,0.00,2,0
2026-06-12 16:41:51.901,0.00,0.00,0.00,0.00,2,0
2026-06-12 16:41:51.948,0.00,0.00,0.00,0.00,2,0
2026-06-12 16:41:51.999,0.00,0.00,0.00,0.00,2,0
2026-06-12 16:41:52.049,0.00,0.00,0.00,0.00,2,0
2026-06-12 16:41:52.099,0.00,0.00,0.00,0.00,2,0
2026-06-12 16:41:52.150,0.00,0.00,0.00,0.00,2,0
2026-06-12 16:41:52.200,0.00,0.00,0.00,0.00,2,0
2026-06-12 16:41:52.250,0.00,0.00,0.00,0.00,2,0
2026-06-12 16:41:52.301,0.00,0.00,0.00,0.00,2,0
2026-06-12 16:41:52.351,0.00,0.00,0.00,0.00,2,0
2026-06-12 16:41:52.402,0.00,0.00,0.00,0.00,2,0
2026-06-12 16:41:52.452,0.00,0.00,0.00,0.00,2,0
2026-06-12 16:41:52.502,0.00,0.00,0.00,0.00,2,0
2026-06-12 16:41:52.553,0.00,0.00,0.00,0.00,2,0
2026-06-12 16:41:52.603,0.00,0.00,0.00,0.00,2,0
2026-06-12 16:41:52.654,0.00,0.00,0.00,0.00,2,0
2026-06-12 16:41:52.705,0.00,0.00,0.00,0.00,2,0
2026-06-12 16:41:52.756,0.00,0.00,0.00,0.00,2,0
2026-06-12 16:41:52.805,0.00,0.00,0.00,0.00,2,0
2026-06-12 16:41:52.857,0.00,0.00,0.00,0.00,2,0
2026-06-12 16:41:52.906,0.00,0.00,0.00,0.00,2,0
2026-06-12 16:41:52.956,0.00,0.00,0.00,0.00,2,0
2026-06-12 16:41:53.006,0.00,0.00,0.00,0.00,2,0
2026-06-12 16:41:53.057,0.00,0.00,0.00,0.00,2,0
2026-06-12 16:41:53.107,0.00,0.00,0.00,0.00,2,0
2026-06-12 16:41:53.158,0.00,0.00,0.00,0.00,2,0
2026-06-12 16:41:53.208,0.00,0.00,0.00,0.00,2,0
2026-06-12 16:41:53.258,0.00,0.00,0.00,0.00,2,0
2026-06-12 16:41:53.309,0.00,0.00,0.00,0.00,2,0
2026-06-12 16:41:53.359,0.00,0.00,0.00,0.00,2,0
2026-06-12 16:41:53.410,0.00,0.00,0.00,0.00,2,0
2026-06-12 16:41:53.460,0.00,0.00,0.00,0.00,2,0
2026-06-12 16:41:53.511,0.00,0.00,0.00,0.00,2,0
2026-06-12 16:41:53.561,0.00,0.00,0.00,0.00,2,0
2026-06-12 16:41:53.611,0.00,0.00,0.00,0.00,2,0
2026-06-12 16:41:53.662,0.00,0.00,0.00,0.00,2,0
2026-06-12 16:41:53.712,0.00,0.00,0.00,0.00,2,0
2026-06-12 16:41:53.762,0.00,0.00,0.00,0.00,2,0
2026-06-12 16:41:53.813,0.00,0.00,0.00,0.00,2,0
2026-06-12 16:41:53.863,0.00,0.00,0.00,0.00,2,0
2026-06-12 16:41:53.914,0.00,0.00,0.00,0.00,2,0
2026-06-12 16:41:53.965,0.00,0.00,0.00,0.00,2,0
2026-06-12 16:41:54.015,0.00,0.00,0.00,0.00,2,0
2026-06-12 16:41:54.065,0.00,0.00,0.00,0.00,2,0
2026-06-12 16:41:54.116,0.00,0.00,0.00,0.00,2,0
2026-06-12 16:41:54.166,0.00,0.00,0.00,0.00,2,0
2026-06-12 16:41:54.216,0.00,0.00,0.00,0.00,2,0
2026-06-12 16:41:54.266,0.00,0.00,0.00,0.00,2,0
2026-06-12 16:41:54.317,0.00,0.00,0.00,0.00,2,0
2026-06-12 16:41:54.367,0.00,0.00,0.00,0.00,2,0
2026-06-12 16:41:54.418,0.00,0.00,0.00,0.00,2,0
2026-06-12 16:41:54.468,0.00,0.00,0.00,0.00,2,0
2026-06-12 16:41:54.518,0.00,0.00,0.00,0.00,2,0
2026-06-12 16:41:54.569,0.00,0.00,0.00,0.00,2,0
2026-06-12 16:41:54.619,0.00,0.00,0.00,0.00,2,0
2026-06-12 16:41:54.670,0.00,0.00,0.00,0.00,2,0
2026-06-12 16:41:54.720,0.00,0.00,0.00,0.00,2,0
2026-06-12 16:41:54.770,0.00,0.00,0.00,0.00,2,0
2026-06-12 16:41:54.821,0.00,0.00,0.00,0.00,2,0
2026-06-12 16:41:54.871,0.00,0.00,0.00,0.00,2,0
2026-06-12 16:41:54.922,0.00,0.00,0.00,0.00,2,0
2026-06-12 16:41:54.972,0.00,0.00,0.00,0.00,2,0
2026-06-12 16:41:55.022,0.00,0.00,0.00,0.00,2,0
2026-06-12 16:41:55.073,0.00,0.00,0.00,0.00,2,0
2026-06-12 16:41:55.123,0.00,0.00,0.00,0.00,2,0
2026-06-12 16:41:55.174,0.00,0.00,0.00,0.00,2,0
2026-06-12 16:41:55.225,0.00,0.00,0.00,0.00,2,0
2026-06-12 16:41:55.275,0.00,0.00,0.00,0.00,2,0
2026-06-12 16:41:55.325,0.00,0.00,0.00,0.00,2,0
2026-06-12 16:41:55.375,0.00,0.00,0.00,0.00,2,0
2026-06-12 16:41:55.426,0.00,0.00,0.00,0.00,2,0
2026-06-12 16:41:55.476,0.00,0.00,0.00,0.00,2,0
2026-06-12 16:41:55.526,0.00,0.00,0.00,0.00,2,0
2026-06-12 16:41:55.577,0.00,0.00,0.00,0.00,2,0
2026-06-12 16:41:55.627,0.00,0.00,0.00,0.00,2,0
2026-06-12 16:41:55.678,0.00,0.00,0.00,0.00,2,0
2026-06-12 16:41:55.728,0.00,0.00,0.00,0.00,2,0
2026-06-12 16:41:55.778,0.00,0.00,0.00,0.00,2,0
2026-06-12 16:41:55.829,0.00,0.00,0.00,0.00,2,0
2026-06-12 16:41:55.879,0.00,0.00,0.00,0.00,2,0
2026-06-12 16:41:55.930,0.00,0.00,0.00,0.00,2,0
2026-06-12 16:41:55.980,0.00,0.00,0.00,0.00,2,0
2026-06-12 16:41:56.030,0.00,0.00,0.00,0.00,2,0
2026-06-12 16:41:56.081,0.00,0.00,0.00,0.00,2,0
2026-06-12 16:41:56.131,0.00,0.00,0.00,0.00,2,0
2026-06-12 16:41:56.182,0.00,0.00,0.00,0.00,2,0
2026-06-12 16:41:56.232,0.00,0.00,0.00,0.00,2,0
2026-06-12 16:41:56.282,0.00,0.00,0.00,0.00,2,0
2026-06-12 16:41:56.333,0.00,0.00,0.00,0.00,2,0
2026-06-12 16:41:56.383,0.00,0.00,0.00,0.00,2,0
2026-06-12 16:41:56.434,0.00,0.00,0.00,0.00,2,0
2026-06-12 16:41:56.484,0.00,0.00,0.00,0.00,2,0
2026-06-12 16:41:56.535,0.00,0.00,0.00,0.00,2,0
2026-06-12 16:41:56.585,0.00,0.00,0.00,0.00,2,0
2026-06-12 16:41:56.635,0.00,0.00,0.00,0.00,2,0
2026-06-12 16:41:56.686,0.00,0.00,0.00,0.00,2,0
2026-06-12 16:41:56.736,0.00,0.00,0.00,0.00,2,0
2026-06-12 16:41:56.786,0.00,0.00,0.00,0.00,2,0
2026-06-12 16:41:56.837,0.00,0.00,0.00,0.00,2,0
2026-06-12 16:41:56.887,0.00,0.00,0.00,0.00,2,0
2026-06-12 16:41:56.938,0.00,0.00,0.00,0.00,2,0
2026-06-12 16:41:56.988,0.00,0.00,0.00,0.00,2,0
2026-06-12 16:41:57.038,0.00,0.00,0.00,0.00,2,0
2026-06-12 16:41:57.089,0.00,0.00,0.00,0.00,2,0
2026-06-12 16:41:57.139,0.00,0.00,0.00,0.00,2,0
2026-06-12 16:41:57.190,0.00,0.00,0.00,0.00,2,0
2026-06-12 16:41:57.240,0.00,0.00,0.00,0.00,2,0
2026-06-12 16:41:57.290,0.00,0.00,0.00,0.00,2,0
2026-06-12 16:41:57.341,0.00,0.00,0.00,0.00,2,0
2026-06-12 16:41:57.391,0.00,0.00,0.00,0.00,2,0
2026-06-12 16:41:57.442,0.00,0.00,0.00,0.00,2,0
2026-06-12 16:41:57.492,0.00,0.00,0.00,0.00,2,0
2026-06-12 16:41:57.543,0.00,0.00,0.00,0.00,2,0
2026-06-12 16:41:57.593,0.00,0.00,0.00,0.00,2,0
2026-06-12 16:41:57.643,0.00,0.00,0.00,0.00,2,0
2026-06-12 16:41:57.694,0.00,0.00,0.00,0.00,2,0
2026-06-12 16:41:57.745,0.00,0.00,0.00,0.00,2,0
2026-06-12 16:41:57.795,0.00,0.00,0.00,0.00,2,0
2026-06-12 16:41:57.845,0.00,0.00,0.00,0.00,2,0
2026-06-12 16:41:57.895,0.00,0.00,0.00,0.00,2,0
2026-06-12 16:41:57.946,0.00,0.00,0.00,0.00,2,0
2026-06-12 16:41:57.996,0.00,0.00,0.00,0.00,2,0
2026-06-12 16:41:58.046,0.00,0.00,0.00,0.00,2,0
2026-06-12 16:41:58.097,0.00,0.00,0.00,0.00,2,0
2026-06-12 16:41:58.147,0.00,0.00,0.00,0.00,2,0
2026-06-12 16:41:58.198,0.00,0.00,0.00,0.00,2,0
2026-06-12 16:41:58.248,0.00,0.00,0.00,0.00,2,0
2026-06-12 16:41:58.298,0.00,0.00,0.00,0.00,2,0
2026-06-12 16:41:58.349,0.00,0.00,0.00,0.00,2,0
2026-06-12 16:41:58.399,0.00,0.00,0.00,0.00,2,0
2026-06-12 16:41:58.450,0.00,0.00,0.00,0.00,2,0
2026-06-12 16:41:58.500,0.00,0.00,0.00,0.00,2,0
2026-06-12 16:41:58.550,0.00,0.00,0.00,0.00,2,0
2026-06-12 16:41:58.601,0.00,0.00,0.00,0.00,2,0
2026-06-12 16:41:58.651,0.00,0.00,0.00,0.00,2,0
2026-06-12 16:41:58.702,0.00,0.00,0.00,0.00,2,0
2026-06-12 16:41:58.752,0.00,0.00,0.00,0.00,2,0
2026-06-12 16:41:58.802,0.00,0.00,0.00,0.00,2,0
2026-06-12 16:41:58.853,0.00,0.00,0.00,0.00,2,0
2026-06-12 16:41:58.903,0.00,0.00,0.00,0.00,2,0
2026-06-12 16:41:58.954,0.00,0.00,0.00,0.00,2,0
2026-06-12 16:41:59.005,0.00,0.00,0.00,0.00,2,0
2026-06-12 16:41:59.056,0.00,0.00,0.00,0.00,2,0
2026-06-12 16:41:59.105,0.00,0.00,0.00,0.00,2,0
2026-06-12 16:41:59.156,0.00,0.00,0.00,0.00,2,0
2026-06-12 16:41:59.206,0.00,0.00,0.00,0.00,2,0
2026-06-12 16:41:59.257,0.00,0.00,0.00,0.00,2,0
2026-06-12 16:41:59.306,0.00,0.00,0.00,0.00,2,0
2026-06-12 16:41:59.357,0.00,0.00,0.00,0.00,2,0
2026-06-12 16:41:59.407,0.00,0.00,0.00,0.00,2,0
2026-06-12 16:41:59.458,0.00,0.00,0.00,0.00,2,0
2026-06-12 16:41:59.508,0.00,0.00,0.00,0.00,2,0
2026-06-12 16:41:59.558,0.00,0.00,0.00,0.00,2,0
2026-06-12 16:41:59.609,0.00,0.00,0.00,0.00,2,0
2026-06-12 16:41:59.659,0.00,0.00,0.00,0.00,2,0
2026-06-12 16:41:59.710,0.00,0.00,0.00,0.00,2,0
2026-06-12 16:41:59.760,0.00,0.00,0.00,0.00,2,0
2026-06-12 16:41:59.811,0.00,0.00,0.00,0.00,2,0
2026-06-12 16:41:59.861,0.00,0.00,0.00,0.00,2,0
2026-06-12 16:41:59.911,0.00,0.00,0.00,0.00,2,0
2026-06-12 16:41:59.962,0.00,0.00,0.00,0.00,2,0
2026-06-12 16:42:00.012,0.00,0.00,0.00,0.00,2,0
2026-06-12 16:42:00.062,0.00,0.00,0.00,0.00,2,0
2026-06-12 16:42:00.113,0.00,0.00,0.00,0.00,2,0
2026-06-12 16:42:00.163,0.00,0.00,0.00,0.00,2,0
2026-06-12 16:42:00.214,0.00,0.00,0.00,0.00,2,0
2026-06-12 16:42:00.265,0.00,0.00,0.00,0.00,2,0
2026-06-12 16:42:00.314,0.00,0.00,0.00,0.00,2,0
2026-06-12 16:42:00.365,0.00,0.00,0.00,0.00,2,0
2026-06-12 16:42:00.415,0.00,0.00,0.00,0.00,2,0
2026-06-12 16:42:00.466,0.00,0.00,0.00,0.00,2,0
2026-06-12 16:42:00.516,0.00,0.00,0.00,0.00,2,0
2026-06-12 16:42:00.566,0.00,0.00,0.00,0.00,2,0
2026-06-12 16:42:00.617,0.00,0.00,0.00,0.00,2,0
2026-06-12 16:42:00.667,0.00,0.00,0.00,0.00,2,0
2026-06-12 16:42:00.717,0.00,0.00,0.00,0.00,2,0
2026-06-12 16:42:00.768,0.00,0.00,0.00,0.00,2,0
2026-06-12 16:42:00.818,0.00,0.00,0.00,0.00,2,0
2026-06-12 16:42:00.869,0.00,0.00,0.00,0.00,2,0
2026-06-12 16:42:00.919,0.00,0.00,0.00,0.00,2,0
2026-06-12 16:42:00.970,0.00,0.00,0.00,0.00,2,0
2026-06-12 16:42:01.020,0.00,0.00,0.00,0.00,2,0
2026-06-12 16:42:01.070,0.00,0.00,0.00,0.00,2,0
2026-06-12 16:42:01.121,0.00,0.00,0.00,0.00,2,0
2026-06-12 16:42:01.171,0.00,0.00,0.00,0.00,2,0
2026-06-12 16:42:01.221,0.00,0.00,0.00,0.00,2,0
2026-06-12 16:42:01.272,0.00,0.00,0.00,0.00,2,0
2026-06-12 16:42:01.322,0.00,0.00,0.00,0.00,2,0
2026-06-12 16:42:01.373,0.00,0.00,0.00,0.00,2,0
2026-06-12 16:42:01.423,0.00,0.00,0.00,0.00,2,0
2026-06-12 16:42:01.474,0.00,0.00,0.00,0.00,2,0
2026-06-12 16:42:01.524,0.00,0.00,0.00,0.00,2,0
2026-06-12 16:42:01.575,0.00,0.00,0.00,0.00,2,0
2026-06-12 16:42:01.625,0.00,0.00,0.00,0.00,2,0
2026-06-12 16:42:01.675,0.00,0.00,0.00,0.00,2,0
2026-06-12 16:42:01.725,0.00,0.00,0.00,0.00,2,0
2026-06-12 16:42:01.776,0.00,0.00,0.00,0.00,2,0
2026-06-12 16:42:01.826,0.00,0.00,0.00,0.00,2,0
2026-06-12 16:42:01.877,0.00,0.00,0.00,0.00,2,0
2026-06-12 16:42:01.927,0.00,0.00,0.00,0.00,2,0
2026-06-12 16:42:01.977,0.00,0.00,0.00,0.00,2,0
2026-06-12 16:42:02.028,0.00,0.00,0.00,0.00,2,0
2026-06-12 16:42:02.078,0.00,0.00,0.00,0.00,2,0
2026-06-12 16:42:02.129,0.00,0.00,0.00,0.00,2,0
2026-06-12 16:42:02.179,0.00,0.00,0.00,0.00,2,0
2026-06-12 16:42:02.230,0.00,0.00,0.00,0.00,2,0
2026-06-12 16:42:02.280,0.00,0.00,0.00,0.00,2,0
2026-06-12 16:42:02.330,0.00,0.00,0.00,0.00,2,0
2026-06-12 16:42:02.381,0.00,0.00,0.00,0.00,2,0
2026-06-12 16:42:02.431,0.00,0.00,0.00,0.00,2,0
2026-06-12 16:42:02.481,0.00,0.00,0.00,0.00,2,0
2026-06-12 16:42:02.532,0.00,0.00,0.00,0.00,2,0
2026-06-12 16:42:02.582,0.00,0.00,0.00,0.00,2,0
2026-06-12 16:42:02.633,0.00,0.00,0.00,0.00,2,0
2026-06-12 16:42:02.683,0.00,0.00,0.00,0.00,2,0
2026-06-12 16:42:02.733,0.00,0.00,0.00,0.00,2,0
2026-06-12 16:42:02.784,0.00,0.00,0.00,0.00,2,0
2026-06-12 16:42:02.835,0.00,0.00,0.00,0.00,2,0
2026-06-12 16:42:02.885,0.00,0.00,0.00,0.00,2,0
2026-06-12 16:42:02.935,0.00,0.00,0.00,0.00,2,0
2026-06-12 16:42:02.985,0.00,0.00,0.00,0.00,2,0
2026-06-12 16:42:03.036,0.00,0.00,0.00,0.00,2,0
2026-06-12 16:42:03.086,0.00,0.00,0.00,0.00,2,0
2026-06-12 16:42:03.137,0.00,0.00,0.00,0.00,2,0
2026-06-12 16:42:03.187,0.00,0.00,0.00,0.00,2,0
2026-06-12 16:42:03.237,0.00,0.00,0.00,0.00,2,0
2026-06-12 16:42:03.288,0.00,0.00,0.00,0.00,2,0
2026-06-12 16:42:03.338,0.00,0.00,0.00,0.00,2,0
2026-06-12 16:42:03.389,0.00,0.00,0.00,0.00,2,0
2026-06-12 16:42:03.439,0.00,0.00,0.00,0.00,2,0
2026-06-12 16:42:03.489,0.00,0.00,0.00,0.00,2,0
2026-06-12 16:42:03.540,0.00,0.00,0.00,0.00,2,0
2026-06-12 16:42:03.591,0.00,0.00,0.00,0.00,2,0
2026-06-12 16:42:03.641,0.00,0.00,0.00,0.00,2,0
2026-06-12 16:42:03.691,0.00,0.00,0.00,0.00,2,0
2026-06-12 16:42:03.742,0.00,0.00,0.00,0.00,2,0
2026-06-12 16:42:03.792,0.00,0.00,0.00,0.00,2,0
2026-06-12 16:42:03.842,0.00,0.00,0.00,0.00,2,0
2026-06-12 16:42:03.893,0.00,0.00,0.00,0.00,2,0
2026-06-12 16:42:03.943,0.00,0.00,0.00,0.00,2,0
2026-06-12 16:42:03.994,0.00,0.00,0.00,0.00,2,0
2026-06-12 16:42:04.044,0.00,0.00,0.00,0.00,2,0
2026-06-12 16:42:04.099,0.00,0.00,0.00,0.00,2,0
2026-06-12 16:42:04.145,0.00,0.00,0.00,0.00,2,0
2026-06-12 16:42:04.196,0.00,0.00,0.00,0.00,2,0
2026-06-12 16:42:04.246,0.00,0.00,0.00,0.00,2,0
2026-06-12 16:42:04.296,0.00,0.00,0.00,0.00,2,0
2026-06-12 16:42:04.346,0.00,0.00,0.00,0.00,2,0
2026-06-12 16:42:04.397,0.00,0.00,0.00,0.00,2,0
2026-06-12 16:42:04.447,0.00,0.00,0.00,0.00,2,0
2026-06-12 16:42:04.497,0.00,0.00,0.00,0.00,2,0
2026-06-12 16:42:04.548,0.00,0.00,0.00,0.00,2,0
2026-06-12 16:42:04.598,0.00,0.00,0.00,0.00,2,0
2026-06-12 16:42:04.649,0.00,0.00,0.00,0.00,2,0
2026-06-12 16:42:04.699,0.00,0.00,0.00,0.00,2,0
2026-06-12 16:42:04.749,0.00,0.00,0.00,0.00,2,0
2026-06-12 16:42:04.800,0.00,0.00,0.00,0.00,2,0
2026-06-12 16:42:04.850,0.00,0.00,0.00,0.00,2,0
2026-06-12 16:42:04.901,0.00,0.00,0.00,0.00,2,0
2026-06-12 16:42:04.951,0.00,0.00,0.00,0.00,2,0
2026-06-12 16:42:05.001,0.00,0.00,0.00,0.00,2,0
2026-06-12 16:42:05.052,0.00,0.00,0.00,0.00,2,0
2026-06-12 16:42:05.102,0.00,0.00,0.00,0.00,2,0
2026-06-12 16:42:05.153,0.00,0.00,0.00,0.00,2,0
2026-06-12 16:42:05.203,0.00,0.00,0.00,0.00,2,0
2026-06-12 16:42:05.253,0.00,0.00,0.00,0.00,2,0
2026-06-12 16:42:05.304,0.00,0.00,0.00,0.00,2,0
2026-06-12 16:42:05.354,0.00,0.00,0.00,0.00,2,0
2026-06-12 16:42:05.405,0.00,0.00,0.00,0.00,2,0
2026-06-12 16:42:05.457,0.00,0.00,0.00,0.00,2,0
2026-06-12 16:42:05.505,0.00,0.00,0.00,0.00,2,0
2026-06-12 16:42:05.556,0.00,0.00,0.00,0.00,2,0
2026-06-12 16:42:05.606,0.00,0.00,0.00,0.00,2,0
2026-06-12 16:42:05.657,0.00,0.00,0.00,0.00,2,0
2026-06-12 16:42:05.707,0.00,0.00,0.00,0.00,2,0
2026-06-12 16:42:05.757,0.00,0.00,0.00,0.00,2,0
2026-06-12 16:42:05.808,0.00,0.00,0.00,0.00,2,0
2026-06-12 16:42:05.858,0.00,0.00,0.00,0.00,2,0
2026-06-12 16:42:05.909,0.00,0.00,0.00,0.00,2,0
2026-06-12 16:42:05.959,0.00,0.00,0.00,0.00,2,0
2026-06-12 16:42:06.009,0.00,0.00,0.00,0.00,2,0
2026-06-12 16:42:06.060,0.00,0.00,0.00,0.00,2,0
2026-06-12 16:42:06.110,0.00,0.00,0.00,0.00,2,0
2026-06-12 16:42:06.161,0.00,0.00,0.00,0.00,2,0
2026-06-12 16:42:06.211,0.00,0.00,0.00,0.00,2,0
2026-06-12 16:42:06.262,0.00,0.00,0.00,0.00,2,0
2026-06-12 16:42:06.312,0.00,0.00,0.00,0.00,2,0
2026-06-12 16:42:06.362,0.00,0.00,0.00,0.00,2,0
2026-06-12 16:42:06.413,0.00,0.00,0.00,0.00,2,0
2026-06-12 16:42:06.463,0.00,0.00,0.00,0.00,2,0
2026-06-12 16:42:06.513,0.00,0.00,0.00,0.00,2,0
2026-06-12 16:42:06.564,0.00,0.00,0.00,0.00,2,0
2026-06-12 16:42:06.615,0.00,0.00,0.00,0.00,2,0
2026-06-12 16:42:06.665,0.00,0.00,0.00,0.00,2,0
2026-06-12 16:42:06.716,0.00,0.00,0.00,0.00,2,0
2026-06-12 16:42:06.765,0.00,0.00,0.00,0.00,2,0
2026-06-12 16:42:06.816,0.00,0.00,0.00,0.00,2,0
2026-06-12 16:42:06.866,0.00,0.00,0.00,0.00,2,0
2026-06-12 16:42:06.917,0.00,0.00,0.00,0.00,2,0
2026-06-12 16:42:06.967,0.00,0.00,0.00,0.00,2,0
2026-06-12 16:42:07.017,0.00,0.00,0.00,0.00,2,0
2026-06-12 16:42:07.068,0.00,0.00,0.00,0.00,2,0
2026-06-12 16:42:07.118,0.00,0.00,0.00,0.00,2,0
2026-06-12 16:42:07.169,0.00,0.00,0.00,0.00,2,0
2026-06-12 16:42:07.219,0.00,0.00,0.00,0.00,2,0
2026-06-12 16:42:07.269,0.00,0.00,0.00,0.00,2,0
2026-06-12 16:42:07.320,0.00,0.00,0.00,0.00,2,0
2026-06-12 16:42:07.370,0.00,0.00,0.00,0.00,2,0
2026-06-12 16:42:07.421,0.00,0.00,0.00,0.00,2,0
2026-06-12 16:42:07.471,0.00,0.00,0.00,0.00,2,0
2026-06-12 16:42:07.521,0.00,0.00,0.00,0.00,2,0
2026-06-12 16:42:07.572,0.00,0.00,0.00,0.00,2,0
2026-06-12 16:42:07.622,0.00,0.00,0.00,0.00,2,0
2026-06-12 16:42:07.673,0.00,0.00,0.00,0.00,2,0
2026-06-12 16:42:07.723,0.00,0.00,0.00,0.00,2,0
2026-06-12 16:42:07.774,0.00,0.00,0.00,0.00,2,0
2026-06-12 16:42:07.824,0.00,0.00,0.00,0.00,2,0
2026-06-12 16:42:07.875,0.00,0.00,0.00,0.00,2,0
2026-06-12 16:42:07.925,0.00,0.00,0.00,0.00,2,0
2026-06-12 16:42:07.975,0.00,0.00,0.00,0.00,2,0
2026-06-12 16:42:08.025,0.00,0.00,0.00,0.00,2,0
2026-06-12 16:42:08.076,0.00,0.00,0.00,0.00,2,0
2026-06-12 16:42:08.126,0.00,0.00,0.00,0.00,2,0
2026-06-12 16:42:08.176,0.00,0.00,0.00,0.00,2,0
2026-06-12 16:42:08.230,0.00,0.00,0.00,0.00,2,0
2026-06-12 16:42:08.277,0.00,0.00,0.00,0.00,2,0
2026-06-12 16:42:08.328,0.00,0.00,0.00,0.00,2,0
2026-06-12 16:42:08.378,0.00,0.00,0.00,0.00,2,0
2026-06-12 16:42:08.428,0.00,0.00,0.00,0.00,2,0
2026-06-12 16:42:08.479,0.00,0.00,0.00,0.00,2,0
2026-06-12 16:42:08.529,0.00,0.00,0.00,0.00,2,0
2026-06-12 16:42:08.580,0.00,0.00,0.00,0.00,2,0
2026-06-12 16:42:08.630,0.00,0.00,0.00,0.00,2,0
2026-06-12 16:42:08.681,0.00,0.00,0.00,0.00,2,0
2026-06-12 16:42:08.731,0.00,0.00,0.00,0.00,2,0
2026-06-12 16:42:08.781,0.00,0.00,0.00,0.00,2,0
2026-06-12 16:42:08.832,0.00,0.00,0.00,0.00,2,0
2026-06-12 16:42:08.882,0.00,0.00,0.00,0.00,2,0
2026-06-12 16:42:08.933,0.00,0.00,0.00,0.00,2,0
2026-06-12 16:42:08.983,0.00,0.00,0.00,0.00,2,0
2026-06-12 16:42:09.033,0.00,0.00,0.00,0.00,2,0
2026-06-12 16:42:09.084,0.00,0.00,0.00,0.00,2,0
2026-06-12 16:42:09.135,0.00,0.00,0.00,0.00,2,0
2026-06-12 16:42:09.186,0.00,0.00,0.00,0.00,2,0
2026-06-12 16:42:09.235,0.00,0.00,0.00,0.00,2,0
2026-06-12 16:42:09.285,0.00,0.00,0.00,0.00,2,0
2026-06-12 16:42:09.336,0.00,0.00,0.00,0.00,2,0
2026-06-12 16:42:09.386,0.00,0.00,0.00,0.00,2,0
2026-06-12 16:42:09.436,0.00,0.00,0.00,0.00,2,0
2026-06-12 16:42:09.487,0.00,0.00,0.00,0.00,2,0
2026-06-12 16:42:09.537,0.00,0.00,0.00,0.00,2,0
2026-06-12 16:42:09.588,0.00,0.00,0.00,0.00,2,0
2026-06-12 16:42:09.638,0.00,0.00,0.00,0.00,2,0
2026-06-12 16:42:09.688,0.00,0.00,0.00,0.00,2,0
2026-06-12 16:42:09.739,0.00,0.00,0.00,0.00,2,0
2026-06-12 16:42:09.789,0.00,0.00,0.00,0.00,2,0
2026-06-12 16:42:09.840,0.00,0.00,0.00,0.00,2,0
2026-06-12 16:42:09.890,0.00,0.00,0.00,0.00,2,0
2026-06-12 16:42:09.940,0.00,0.00,0.00,0.00,2,0
2026-06-12 16:42:09.991,0.00,0.00,0.00,0.00,2,0
2026-06-12 16:42:10.042,0.00,0.00,0.00,0.00,2,0
2026-06-12 16:42:10.092,0.00,0.00,0.00,0.00,2,0
2026-06-12 16:42:10.142,0.00,0.00,0.00,0.00,2,0
2026-06-12 16:42:10.193,0.00,0.00,0.00,0.00,2,0
2026-06-12 16:42:10.243,0.00,0.00,0.00,0.00,2,0
2026-06-12 16:42:10.293,0.00,0.00,0.00,0.00,2,0
2026-06-12 16:42:10.344,0.00,0.00,0.00,0.00,2,0
2026-06-12 16:42:10.394,0.00,0.00,0.00,0.00,2,0
2026-06-12 16:42:10.445,0.00,0.00,0.00,0.00,2,0
2026-06-12 16:42:10.495,0.00,0.00,0.00,0.00,2,0
2026-06-12 16:42:10.545,0.00,0.00,0.00,0.00,2,0
2026-06-12 16:42:10.596,0.00,0.00,0.00,0.00,2,0
2026-06-12 16:42:10.646,0.00,0.00,0.00,0.00,2,0
2026-06-12 16:42:10.696,0.00,0.00,0.00,0.00,2,0
2026-06-12 16:42:10.747,0.00,0.00,0.00,0.00,2,0
2026-06-12 16:42:10.797,0.00,0.00,0.00,0.00,2,0
2026-06-12 16:42:10.848,0.00,0.00,0.00,0.00,2,0
2026-06-12 16:42:10.898,0.00,0.00,0.00,0.00,2,0
2026-06-12 16:42:10.948,0.00,0.00,0.00,0.00,2,0
2026-06-12 16:42:10.999,0.00,0.00,0.00,0.00,2,0
2026-06-12 16:42:11.049,0.00,0.00,0.00,0.00,2,0
2026-06-12 16:42:11.100,0.00,0.00,0.00,0.00,2,0
2026-06-12 16:42:11.150,0.00,0.00,0.00,0.00,2,0
2026-06-12 16:42:11.200,0.00,0.00,0.00,0.00,2,0
2026-06-12 16:42:11.251,0.00,0.00,0.00,0.00,2,0
2026-06-12 16:42:11.301,0.00,0.00,0.00,0.00,2,0
2026-06-12 16:42:11.352,0.00,0.00,0.00,0.00,2,0
2026-06-12 16:42:11.402,0.00,0.00,0.00,0.00,2,0
2026-06-12 16:42:11.452,0.00,0.00,0.00,0.00,2,0
2026-06-12 16:42:11.503,0.00,0.00,0.00,0.00,2,0
2026-06-12 16:42:11.553,0.00,0.00,0.00,0.00,2,0
2026-06-12 16:42:11.604,0.00,0.00,0.00,0.00,2,0
2026-06-12 16:42:11.655,0.00,0.00,0.00,0.00,2,0
2026-06-12 16:42:11.705,0.00,0.00,0.00,0.00,2,0
2026-06-12 16:42:11.756,0.00,0.00,0.00,0.00,2,0
2026-06-12 16:42:11.805,0.00,0.00,0.00,0.00,2,0
2026-06-12 16:42:11.857,0.00,0.00,0.00,0.00,2,0
2026-06-12 16:42:11.906,0.00,0.00,0.00,0.00,2,0
2026-06-12 16:42:11.956,0.00,0.00,0.00,0.00,2,0
2026-06-12 16:42:12.007,0.00,0.00,0.00,0.00,2,0
2026-06-12 16:42:12.057,0.00,0.00,0.00,0.00,2,0
2026-06-12 16:42:12.108,0.00,0.00,0.00,0.00,2,0
2026-06-12 16:42:12.158,0.00,0.00,0.00,0.00,2,0
2026-06-12 16:42:12.208,0.00,0.00,0.00,0.00,2,0
2026-06-12 16:42:12.259,0.00,0.00,0.00,0.00,2,0
2026-06-12 16:42:12.309,0.00,0.00,0.00,0.00,2,0
2026-06-12 16:42:12.360,0.00,0.00,0.00,0.00,2,0
2026-06-12 16:42:12.410,0.00,0.00,0.00,0.00,2,0
2026-06-12 16:42:12.460,0.00,0.00,0.00,0.00,2,0
2026-06-12 16:42:12.511,0.00,0.00,0.00,0.00,2,0
2026-06-12 16:42:12.561,0.00,0.00,0.00,0.00,2,0
2026-06-12 16:42:12.612,0.00,0.00,0.00,0.00,2,0
2026-06-12 16:42:12.662,0.00,0.00,0.00,0.00,2,0
2026-06-12 16:42:12.712,0.00,0.00,0.00,0.00,2,0
2026-06-12 16:42:12.763,0.00,0.00,0.00,0.00,2,0
2026-06-12 16:42:12.813,0.00,0.00,0.00,0.00,2,0
2026-06-12 16:42:12.864,0.00,0.00,0.00,0.00,2,0
2026-06-12 16:42:12.915,0.00,0.00,0.00,0.00,2,0
2026-06-12 16:42:12.965,0.00,0.00,0.00,0.00,2,0
2026-06-12 16:42:13.015,0.00,0.00,0.00,0.00,2,0
2026-06-12 16:42:13.065,0.00,0.00,0.00,0.00,2,0
2026-06-12 16:42:13.116,0.00,0.00,0.00,0.00,2,0
2026-06-12 16:42:13.166,0.00,0.00,0.00,0.00,2,0
2026-06-12 16:42:13.216,0.00,0.00,0.00,0.00,2,0
2026-06-12 16:42:13.267,0.00,0.00,0.00,0.00,2,0
2026-06-12 16:42:13.317,0.00,0.00,0.00,0.00,2,0
2026-06-12 16:42:13.368,0.00,0.00,0.00,0.00,2,0
2026-06-12 16:42:13.418,0.00,0.00,0.00,0.00,2,0
2026-06-12 16:42:13.468,0.00,0.00,0.00,0.00,2,0
2026-06-12 16:42:13.519,0.00,0.00,0.00,0.00,2,0
2026-06-12 16:42:13.569,0.00,0.00,0.00,0.00,2,0
2026-06-12 16:42:13.620,0.00,0.00,0.00,0.00,2,0
2026-06-12 16:42:13.670,0.00,0.00,0.00,0.00,2,0
2026-06-12 16:42:13.720,0.00,0.00,0.00,0.00,2,0
2026-06-12 16:42:13.771,0.00,0.00,0.00,0.00,2,0
2026-06-12 16:42:13.821,0.00,0.00,0.00,0.00,2,0
2026-06-12 16:42:13.872,0.00,0.00,0.00,0.00,2,0
2026-06-12 16:42:13.922,0.00,0.00,0.00,0.00,2,0
2026-06-12 16:42:13.972,0.00,0.00,0.00,0.00,2,0
2026-06-12 16:42:14.023,0.00,0.00,0.00,0.00,2,0
2026-06-12 16:42:14.073,0.00,0.00,0.00,0.00,2,0
2026-06-12 16:42:14.124,0.00,0.00,0.00,0.00,2,0
2026-06-12 16:42:14.174,0.00,0.00,0.00,0.00,2,0
2026-06-12 16:42:14.225,0.00,0.00,0.00,0.00,2,0
2026-06-12 16:42:14.275,0.00,0.00,0.00,0.00,2,0
2026-06-12 16:42:14.325,0.00,0.00,0.00,0.00,2,0
2026-06-12 16:42:14.376,0.00,0.00,0.00,0.00,2,0
2026-06-12 16:42:14.426,0.00,0.00,0.00,0.00,2,0
2026-06-12 16:42:14.476,0.00,0.00,0.00,0.00,2,0
2026-06-12 16:42:14.527,0.00,0.00,0.00,0.00,2,0
2026-06-12 16:42:14.577,0.00,0.00,0.00,0.00,2,0
2026-06-12 16:42:14.628,0.00,0.00,0.00,0.00,2,0
2026-06-12 16:42:14.678,0.00,0.00,0.00,0.00,2,0
2026-06-12 16:42:14.728,0.00,0.00,0.00,0.00,2,0
2026-06-12 16:42:14.779,0.00,0.00,0.00,0.00,2,0
2026-06-12 16:42:14.829,0.00,0.00,0.00,0.00,2,0
2026-06-12 16:42:14.880,0.00,0.00,0.00,0.00,2,0
2026-06-12 16:42:14.930,0.00,0.00,0.00,0.00,2,0
2026-06-12 16:42:14.980,0.00,0.00,0.00,0.00,2,0
2026-06-12 16:42:15.031,0.00,0.00,0.00,0.00,2,0
2026-06-12 16:42:15.081,0.00,0.00,0.00,0.00,2,0
2026-06-12 16:42:15.132,0.00,0.00,0.00,0.00,2,0
2026-06-12 16:42:15.182,0.00,0.00,0.00,0.00,2,0
2026-06-12 16:42:15.232,0.00,0.00,0.00,0.00,2,0
2026-06-12 16:42:15.283,0.00,0.00,0.00,0.00,2,0
2026-06-12 16:42:15.333,0.00,0.00,0.00,0.00,2,0
2026-06-12 16:42:15.383,0.00,0.00,0.00,0.00,2,0
2026-06-12 16:42:15.434,0.00,0.00,0.00,0.00,2,0
2026-06-12 16:42:15.485,0.00,0.00,0.00,0.00,2,0
2026-06-12 16:42:15.535,0.00,0.00,0.00,0.00,2,0
2026-06-12 16:42:15.585,0.00,0.00,0.00,0.00,2,0
2026-06-12 16:42:15.635,0.00,0.00,0.00,0.00,2,0
2026-06-12 16:42:15.686,0.00,0.00,0.00,0.00,2,0
2026-06-12 16:42:15.736,0.00,0.00,0.00,0.00,2,0
2026-06-12 16:42:15.787,0.00,0.00,0.00,0.00,2,0
2026-06-12 16:42:15.837,0.00,0.00,0.00,0.00,2,0
2026-06-12 16:42:15.888,0.00,0.00,0.00,0.00,2,0
2026-06-12 16:42:15.938,0.00,0.00,0.00,0.00,2,0
2026-06-12 16:42:15.988,0.00,0.00,0.00,0.00,2,0
2026-06-12 16:42:16.039,0.00,0.00,0.00,0.00,2,0
2026-06-12 16:42:16.089,0.00,0.00,0.00,0.00,2,0
2026-06-12 16:42:16.140,0.00,0.00,0.00,0.00,2,0
2026-06-12 16:42:16.190,0.00,0.00,0.00,0.00,2,0
2026-06-12 16:42:16.240,0.00,0.00,0.00,0.00,2,0
2026-06-12 16:42:16.291,0.00,0.00,0.00,0.00,2,0
2026-06-12 16:42:16.341,0.00,0.00,0.00,0.00,2,0
2026-06-12 16:42:16.391,0.00,0.00,0.00,0.00,2,0
2026-06-12 16:42:16.442,0.00,0.00,0.00,0.00,2,0
2026-06-12 16:42:16.492,0.00,0.00,0.00,0.00,2,0
2026-06-12 16:42:16.543,0.00,0.00,0.00,0.00,2,0
2026-06-12 16:42:16.593,0.00,0.00,0.00,0.00,2,0
2026-06-12 16:42:16.643,0.00,0.00,0.00,0.00,2,0
2026-06-12 16:42:16.695,0.00,0.00,0.00,0.00,2,0
2026-06-12 16:42:16.744,0.00,0.00,0.00,0.00,2,0
2026-06-12 16:42:16.795,0.00,0.00,0.00,0.00,2,0
2026-06-12 16:42:16.846,0.00,0.00,0.00,0.00,2,0
2026-06-12 16:42:16.896,0.00,0.00,0.00,0.00,2,0
2026-06-12 16:42:16.946,0.00,0.00,0.00,0.00,2,0
2026-06-12 16:42:16.996,0.00,0.00,0.00,0.00,2,0
2026-06-12 16:42:17.047,0.00,0.00,0.00,0.00,2,0
2026-06-12 16:42:17.097,0.00,0.00,0.00,0.00,2,0
2026-06-12 16:42:17.147,0.00,0.00,0.00,0.00,2,0
2026-06-12 16:42:17.198,0.00,0.00,0.00,0.00,2,0
2026-06-12 16:42:17.248,0.00,0.00,0.00,0.00,2,0
2026-06-12 16:42:17.299,0.00,0.00,0.00,0.00,2,0
2026-06-12 16:42:17.349,0.00,0.00,0.00,0.00,2,0
2026-06-12 16:42:17.399,0.00,0.00,0.00,0.00,2,0
2026-06-12 16:42:17.450,0.00,0.00,0.00,0.00,2,0
2026-06-12 16:42:17.500,0.00,0.00,0.00,0.00,2,0
2026-06-12 16:42:17.551,0.00,0.00,0.00,0.00,2,0
2026-06-12 16:42:17.601,0.00,0.00,0.00,0.00,2,0
2026-06-12 16:42:17.651,0.00,0.00,0.00,0.00,2,0
2026-06-12 16:42:17.702,0.00,0.00,0.00,0.00,2,0
2026-06-12 16:42:17.752,0.00,0.00,0.00,0.00,2,0
2026-06-12 16:42:17.803,0.00,0.00,0.00,0.00,2,0
2026-06-12 16:42:17.853,0.00,0.00,0.00,0.00,2,0
2026-06-12 16:42:17.904,0.00,0.00,0.00,0.00,2,0
2026-06-12 16:42:17.954,0.00,0.00,0.00,0.00,2,0
2026-06-12 16:42:18.004,0.00,0.00,0.00,0.00,2,0
2026-06-12 16:42:18.055,0.00,0.00,0.00,0.00,2,0
2026-06-12 16:42:18.105,0.00,0.00,0.00,0.00,2,0
2026-06-12 16:42:18.156,0.00,0.00,0.00,0.00,2,0
2026-06-12 16:42:18.206,0.00,0.00,0.00,0.00,2,0
2026-06-12 16:42:18.256,0.00,0.00,0.00,0.00,2,0
2026-06-12 16:42:18.307,0.00,0.00,0.00,0.00,2,0
2026-06-12 16:42:18.357,0.00,0.00,0.00,0.00,2,0
2026-06-12 16:42:18.408,0.00,0.00,0.00,0.00,2,0
2026-06-12 16:42:18.458,0.00,0.00,0.00,0.00,2,0
2026-06-12 16:42:18.508,0.00,0.00,0.00,0.00,2,0
2026-06-12 16:42:18.559,0.00,0.00,0.00,0.00,2,0
2026-06-12 16:42:18.609,0.00,0.00,0.00,0.00,2,0
2026-06-12 16:42:18.659,0.00,0.00,0.00,0.00,2,0
2026-06-12 16:42:18.710,0.00,0.00,0.00,0.00,2,0
2026-06-12 16:42:18.760,0.00,0.00,0.00,0.00,2,0
2026-06-12 16:42:18.811,0.00,0.00,0.00,0.00,2,0
2026-06-12 16:42:18.861,0.00,0.00,0.00,0.00,2,0
2026-06-12 16:42:18.911,0.00,0.00,0.00,0.00,2,0
2026-06-12 16:42:18.962,0.00,0.00,0.00,0.00,2,0
2026-06-12 16:42:19.012,0.00,0.00,0.00,0.00,2,0
2026-06-12 16:42:19.063,0.00,0.00,0.00,0.00,2,0
2026-06-12 16:42:19.113,0.00,0.00,0.00,0.00,2,0
2026-06-12 16:42:19.163,0.00,0.00,0.00,0.00,2,0
2026-06-12 16:42:19.214,0.00,0.00,0.00,0.00,2,0
2026-06-12 16:42:19.265,0.00,0.00,0.00,0.00,2,0
2026-06-12 16:42:19.315,0.00,0.00,0.00,0.00,2,0
2026-06-12 16:42:19.365,0.00,0.00,0.00,0.00,2,0
2026-06-12 16:42:19.416,0.00,0.00,0.00,0.00,2,0
2026-06-12 16:42:19.466,0.00,0.00,0.00,0.00,2,0
2026-06-12 16:42:19.516,0.00,0.00,0.00,0.00,2,0
2026-06-12 16:42:19.567,0.00,0.00,0.00,0.00,2,0
2026-06-12 16:42:19.617,0.00,0.00,0.00,0.00,2,0
2026-06-12 16:42:19.667,0.00,0.00,0.00,0.00,2,0
2026-06-12 16:42:19.718,0.00,0.00,0.00,0.00,2,0
2026-06-12 16:42:19.768,0.00,0.00,0.00,0.00,2,0
2026-06-12 16:42:19.819,0.00,0.00,0.00,0.00,2,0
2026-06-12 16:42:19.869,0.00,0.00,0.00,0.00,2,0
2026-06-12 16:42:19.919,0.00,0.00,0.00,0.00,2,0
2026-06-12 16:42:19.970,0.00,0.00,0.00,0.00,2,0
2026-06-12 16:42:20.020,0.00,0.00,0.00,0.00,2,0
2026-06-12 16:42:20.071,0.00,0.00,0.00,0.00,2,0
2026-06-12 16:42:20.121,0.00,0.00,0.00,0.00,2,0
2026-06-12 16:42:20.171,0.00,0.00,0.00,0.00,2,0
2026-06-12 16:42:20.222,0.00,0.00,0.00,0.00,2,0
2026-06-12 16:42:20.272,0.00,0.00,0.00,0.00,2,0
2026-06-12 16:42:20.323,0.00,0.00,0.00,0.00,2,0
2026-06-12 16:42:20.373,0.00,0.00,0.00,0.00,2,0
2026-06-12 16:42:20.423,0.00,0.00,0.00,0.00,2,0
2026-06-12 16:42:20.474,0.00,0.00,0.00,0.00,2,0
2026-06-12 16:42:20.525,0.00,0.00,0.00,0.00,2,0
2026-06-12 16:42:20.577,0.00,0.00,0.00,0.00,2,0
2026-06-12 16:42:20.625,0.00,0.00,0.00,0.00,2,0
2026-06-12 16:42:20.676,0.00,0.00,0.00,0.00,2,0
2026-06-12 16:42:20.726,0.00,0.00,0.00,0.00,2,0
2026-06-12 16:42:20.776,0.00,0.00,0.00,0.00,2,0
2026-06-12 16:42:20.827,0.00,0.00,0.00,0.00,2,0
2026-06-12 16:42:20.877,0.00,0.00,0.00,0.00,2,0
2026-06-12 16:42:20.927,0.00,0.00,0.00,0.00,2,0
2026-06-12 16:42:20.978,0.00,0.00,0.00,0.00,2,0
2026-06-12 16:42:21.028,0.00,0.00,0.00,0.00,2,0
2026-06-12 16:42:21.079,0.00,0.00,0.00,0.00,2,0
2026-06-12 16:42:21.129,0.00,0.00,0.00,0.00,2,0
2026-06-12 16:42:21.179,0.00,0.00,0.00,0.00,2,0
2026-06-12 16:42:21.230,0.00,0.00,0.00,0.00,2,0
2026-06-12 16:42:21.280,0.00,0.00,0.00,0.00,2,0
2026-06-12 16:42:21.331,0.00,0.00,0.00,0.00,2,0
2026-06-12 16:42:21.381,0.00,0.00,0.00,0.00,2,0
2026-06-12 16:42:21.431,0.00,0.00,0.00,0.00,2,0
2026-06-12 16:42:21.482,0.00,0.00,0.00,0.00,2,0
2026-06-12 16:42:21.532,0.00,0.00,0.00,0.00,2,0
2026-06-12 16:42:21.583,0.00,0.00,0.00,0.00,2,0
2026-06-12 16:42:21.633,0.00,0.00,0.00,0.00,2,0
2026-06-12 16:42:21.683,0.00,0.00,0.00,0.00,2,0
2026-06-12 16:42:21.734,0.00,0.00,0.00,0.00,2,0
2026-06-12 16:42:21.785,0.00,0.00,0.00,0.00,2,0
2026-06-12 16:42:21.835,0.00,0.00,0.00,0.00,2,0
2026-06-12 16:42:21.885,0.00,0.00,0.00,0.00,2,0
2026-06-12 16:42:21.935,0.00,0.00,0.00,0.00,2,0
2026-06-12 16:42:21.986,0.00,0.00,0.00,0.00,2,0
2026-06-12 16:42:22.036,0.00,0.00,0.00,0.00,2,0
2026-06-12 16:42:22.087,0.00,0.00,0.00,0.00,2,0
2026-06-12 16:42:22.137,0.00,0.00,0.00,0.00,2,0
2026-06-12 16:42:22.187,0.00,0.00,0.00,0.00,2,0
2026-06-12 16:42:22.238,0.00,0.00,0.00,0.00,2,0
2026-06-12 16:42:22.288,0.00,0.00,0.00,0.00,2,0
2026-06-12 16:42:22.338,0.00,0.00,0.00,0.00,2,0
2026-06-12 16:42:22.389,0.00,0.00,0.00,0.00,2,0
2026-06-12 16:42:22.439,0.00,0.00,0.00,0.00,2,0
2026-06-12 16:42:22.490,0.00,0.00,0.00,0.00,2,0
2026-06-12 16:42:22.540,0.00,0.00,0.00,0.00,2,0
2026-06-12 16:42:22.590,0.00,0.00,0.00,0.00,2,0
2026-06-12 16:42:22.641,0.00,0.00,0.00,0.00,2,0
2026-06-12 16:42:22.691,0.00,0.00,0.00,0.00,2,0
2026-06-12 16:42:22.742,0.00,0.00,0.00,0.00,2,0
2026-06-12 16:42:22.792,0.00,0.00,0.00,0.00,2,0
2026-06-12 16:42:22.844,0.00,0.00,0.00,0.00,2,0
2026-06-12 16:42:22.893,0.00,0.00,0.00,0.00,2,0
2026-06-12 16:42:22.943,0.00,0.00,0.00,0.00,2,0
2026-06-12 16:42:22.994,0.00,0.00,0.00,0.00,2,0
2026-06-12 16:42:23.045,0.00,0.00,0.00,0.00,2,0
2026-06-12 16:42:23.095,0.00,0.00,0.00,0.00,2,0
2026-06-12 16:42:23.146,0.00,0.00,0.00,0.00,2,0
2026-06-12 16:42:23.195,0.00,0.00,0.00,0.00,2,0
2026-06-12 16:42:23.246,0.00,0.00,0.00,0.00,2,0
2026-06-12 16:42:23.296,0.00,0.00,0.00,0.00,2,0
2026-06-12 16:42:23.347,0.00,0.00,0.00,0.00,2,0
2026-06-12 16:42:23.397,0.00,0.00,0.00,0.00,2,0
2026-06-12 16:42:23.447,0.00,0.00,0.00,0.00,2,0
2026-06-12 16:42:23.498,0.00,0.00,0.00,0.00,2,0
2026-06-12 16:42:23.553,0.00,0.00,0.00,0.00,2,0
2026-06-12 16:42:23.598,0.00,0.00,0.00,0.00,2,0
2026-06-12 16:42:23.649,0.00,0.00,0.00,0.00,2,0
2026-06-12 16:42:23.699,0.00,0.00,0.00,0.00,2,0
2026-06-12 16:42:23.750,0.00,0.00,0.00,0.00,2,0
2026-06-12 16:42:23.800,0.00,0.00,0.00,0.00,2,0
2026-06-12 16:42:23.850,0.00,0.00,0.00,0.00,2,0
2026-06-12 16:42:23.901,0.00,0.00,0.00,0.00,2,0
2026-06-12 16:42:23.951,0.00,0.00,0.00,0.00,2,0
2026-06-12 16:42:24.002,0.00,0.00,0.00,0.00,2,0
2026-06-12 16:42:24.052,0.00,0.00,0.00,0.00,2,0
2026-06-12 16:42:24.102,0.00,0.00,0.00,0.00,2,0
2026-06-12 16:42:24.153,0.00,0.00,0.00,0.00,2,0
2026-06-12 16:42:24.203,0.00,0.00,0.00,0.00,2,0
2026-06-12 16:42:24.254,0.00,0.00,0.00,0.00,2,0
2026-06-12 16:42:24.306,0.00,0.00,0.00,0.00,2,0
2026-06-12 16:42:24.355,0.00,0.00,0.00,0.00,2,0
2026-06-12 16:42:24.406,0.00,0.00,0.00,0.00,2,0
2026-06-12 16:42:24.455,0.00,0.00,0.00,0.00,2,0
2026-06-12 16:42:24.506,0.00,0.00,0.00,0.00,2,0
2026-06-12 16:42:24.556,0.00,0.00,0.00,0.00,2,0
2026-06-12 16:42:24.606,0.00,0.00,0.00,0.00,2,0
2026-06-12 16:42:24.657,0.00,0.00,0.00,0.00,2,0
2026-06-12 16:42:24.707,0.00,0.00,0.00,0.00,2,0
2026-06-12 16:42:24.758,0.00,0.00,0.00,0.00,2,0
2026-06-12 16:42:24.808,0.00,0.00,0.00,0.00,2,0
2026-06-12 16:42:24.858,0.00,0.00,0.00,0.00,2,0
2026-06-12 16:42:24.909,0.00,0.00,0.00,0.00,2,0
2026-06-12 16:42:24.959,0.00,0.00,0.00,0.00,2,0
2026-06-12 16:42:25.010,0.00,0.00,0.00,0.00,2,0
2026-06-12 16:42:25.060,0.00,0.00,0.00,0.00,2,0
2026-06-12 16:42:25.110,0.00,0.00,0.00,0.00,2,0
2026-06-12 16:42:25.161,0.00,0.00,0.00,0.00,2,0
2026-06-12 16:42:25.211,0.00,0.00,0.00,0.00,2,0
2026-06-12 16:42:25.262,0.00,0.00,0.00,0.00,2,0
2026-06-12 16:42:25.312,0.00,0.00,0.00,0.00,2,0
2026-06-12 16:42:25.362,0.00,0.00,0.00,0.00,2,0
2026-06-12 16:42:25.413,0.00,0.00,0.00,0.00,2,0
2026-06-12 16:42:25.463,0.00,0.00,0.00,0.00,2,0
2026-06-12 16:42:25.514,0.00,0.00,0.00,0.00,2,0
2026-06-12 16:42:25.564,0.00,0.00,0.00,0.00,2,0
2026-06-12 16:42:25.615,0.00,0.00,0.00,0.00,2,0
2026-06-12 16:42:25.665,0.00,0.00,0.00,0.00,2,0
2026-06-12 16:42:25.715,0.00,0.00,0.00,0.00,2,0
2026-06-12 16:42:25.766,0.00,0.00,0.00,0.00,2,0
2026-06-12 16:42:25.816,0.00,0.00,0.00,0.00,2,0
2026-06-12 16:42:25.866,0.00,0.00,0.00,0.00,2,0
2026-06-12 16:42:25.917,0.00,0.00,0.00,0.00,2,0
2026-06-12 16:42:25.967,0.00,0.00,0.00,0.00,2,0
2026-06-12 16:42:26.018,0.00,0.00,0.00,0.00,2,0
2026-06-12 16:42:26.068,0.00,0.00,0.00,0.00,2,0
2026-06-12 16:42:26.118,0.00,0.00,0.00,0.00,2,0
2026-06-12 16:42:26.169,0.00,0.00,0.00,0.00,2,0
2026-06-12 16:42:26.219,0.00,0.00,0.00,0.00,2,0
2026-06-12 16:42:26.270,0.00,0.00,0.00,0.00,2,0
2026-06-12 16:42:26.320,0.00,0.00,0.00,0.00,2,0
2026-06-12 16:42:26.370,0.00,0.00,0.00,0.00,2,0
2026-06-12 16:42:26.421,0.00,0.00,0.00,0.00,2,0
2026-06-12 16:42:26.471,0.00,0.00,0.00,0.00,2,0
2026-06-12 16:42:26.522,0.00,0.00,0.00,0.00,2,0
2026-06-12 16:42:26.572,0.00,0.00,0.00,0.00,2,0
2026-06-12 16:42:26.622,0.00,0.00,0.00,0.00,2,0
2026-06-12 16:42:26.673,0.00,0.00,0.00,0.00,2,0
2026-06-12 16:42:26.723,0.00,0.00,0.00,0.00,2,0
2026-06-12 16:42:26.774,0.00,0.00,0.00,0.00,2,0
2026-06-12 16:42:26.825,0.00,0.00,0.00,0.00,2,0
2026-06-12 16:42:26.875,0.00,0.00,0.00,0.00,2,0
2026-06-12 16:42:26.925,0.00,0.00,0.00,0.00,2,0
2026-06-12 16:42:26.976,0.00,0.00,0.00,0.00,2,0
2026-06-12 16:42:27.026,0.00,0.00,0.00,0.00,2,0
2026-06-12 16:42:27.076,0.00,0.00,0.00,0.00,2,0
2026-06-12 16:42:27.126,0.00,0.00,0.00,0.00,2,0
2026-06-12 16:42:27.177,0.00,0.00,0.00,0.00,2,0
2026-06-12 16:42:27.227,0.00,0.00,0.00,0.00,2,0
2026-06-12 16:42:27.278,0.00,0.00,0.00,0.00,2,0
2026-06-12 16:42:27.328,0.00,0.00,0.00,0.00,2,0
2026-06-12 16:42:27.378,0.00,0.00,0.00,0.00,2,0
2026-06-12 16:42:27.429,0.00,0.00,0.00,0.00,2,0
2026-06-12 16:42:27.479,0.00,0.00,0.00,0.00,2,0
2026-06-12 16:42:27.530,0.00,0.00,0.00,0.00,2,0
2026-06-12 16:42:27.580,0.00,0.00,0.00,0.00,2,0
2026-06-12 16:42:27.630,0.00,0.00,0.00,0.00,2,0
2026-06-12 16:42:27.681,0.00,0.00,0.00,0.00,2,0
2026-06-12 16:42:27.731,0.00,0.00,0.00,0.00,2,0
2026-06-12 16:42:27.782,0.00,0.00,0.00,0.00,2,0
2026-06-12 16:42:27.832,0.00,0.00,0.00,0.00,2,0
2026-06-12 16:42:27.882,0.00,0.00,0.00,0.00,2,0
2026-06-12 16:42:27.933,0.00,0.00,0.00,0.00,2,0
2026-06-12 16:42:27.983,0.00,0.00,0.00,0.00,2,0
2026-06-12 16:42:28.033,0.00,0.00,0.00,0.00,2,0
2026-06-12 16:42:28.084,0.00,0.00,0.00,0.00,2,0
2026-06-12 16:42:28.134,0.00,0.00,0.00,0.00,2,0
2026-06-12 16:42:28.186,0.00,0.00,0.00,0.00,2,0
2026-06-12 16:42:28.235,0.00,0.00,0.00,0.00,2,0
2026-06-12 16:42:28.286,0.00,0.00,0.00,0.00,2,0
2026-06-12 16:42:28.336,0.00,0.00,0.00,0.00,2,0
2026-06-12 16:42:28.386,0.00,0.00,0.00,0.00,2,0
2026-06-12 16:42:28.437,0.00,0.00,0.00,0.00,2,0
2026-06-12 16:42:28.487,0.00,0.00,0.00,0.00,2,0
2026-06-12 16:42:28.538,0.00,0.00,0.00,0.00,2,0
2026-06-12 16:42:28.588,0.00,0.00,0.00,0.00,2,0
2026-06-12 16:42:28.638,0.00,0.00,0.00,0.00,2,0
2026-06-12 16:42:28.689,0.00,0.00,0.00,0.00,2,0
2026-06-12 16:42:28.739,0.00,0.00,0.00,0.00,2,0
2026-06-12 16:42:28.789,0.00,0.00,0.00,0.00,2,0
2026-06-12 16:42:28.840,0.00,0.00,0.00,0.00,2,0
2026-06-12 16:42:28.890,0.00,0.00,0.00,0.00,2,0
2026-06-12 16:42:28.941,0.00,0.00,0.00,0.00,2,0
2026-06-12 16:42:28.991,0.00,0.00,0.00,0.00,2,0
2026-06-12 16:42:29.041,0.00,0.00,0.00,0.00,2,0
2026-06-12 16:42:29.092,0.00,0.00,0.00,0.00,2,0
2026-06-12 16:42:29.142,0.00,0.00,0.00,0.00,2,0
2026-06-12 16:42:29.193,0.00,0.00,0.00,0.00,2,0
2026-06-12 16:42:29.243,0.00,0.00,0.00,0.00,2,0
2026-06-12 16:42:29.293,0.00,0.00,0.00,0.00,2,0
2026-06-12 16:42:29.344,0.00,0.00,0.00,0.00,2,0
2026-06-12 16:42:29.394,0.00,0.00,0.00,0.00,2,0
2026-06-12 16:42:29.445,0.00,0.00,0.00,0.00,2,0
2026-06-12 16:42:29.495,0.00,0.00,0.00,0.00,2,0
2026-06-12 16:42:29.546,0.00,0.00,0.00,0.00,2,0
2026-06-12 16:42:29.596,0.00,0.00,0.00,0.00,2,0
2026-06-12 16:42:29.646,0.00,0.00,0.00,0.00,2,0
2026-06-12 16:42:29.697,0.00,0.00,0.00,0.00,2,0
2026-06-12 16:42:29.747,0.00,0.00,0.00,0.00,2,0
2026-06-12 16:42:29.797,0.00,0.00,0.00,0.00,2,0
2026-06-12 16:42:29.848,0.00,0.00,0.00,0.00,2,0
2026-06-12 16:42:29.898,0.00,0.00,0.00,0.00,2,0
2026-06-12 16:42:29.949,0.00,0.00,0.00,0.00,2,0
2026-06-12 16:42:29.999,0.00,0.00,0.00,0.00,2,0
2026-06-12 16:42:30.049,0.00,0.00,0.00,0.00,2,0
2026-06-12 16:42:30.100,0.00,0.00,0.00,0.00,2,0
2026-06-12 16:42:30.150,0.00,0.00,0.00,0.00,2,0
2026-06-12 16:42:30.201,0.00,0.00,0.00,0.00,2,0
2026-06-12 16:42:30.251,0.00,0.00,0.00,0.00,2,0
2026-06-12 16:42:30.302,0.00,0.00,0.00,0.00,2,0
2026-06-12 16:42:30.352,0.00,0.00,0.00,0.00,2,0
2026-06-12 16:42:30.402,0.00,0.00,0.00,0.00,2,0
2026-06-12 16:42:30.453,0.00,0.00,0.00,0.00,2,0
2026-06-12 16:42:30.505,0.00,0.00,0.00,0.00,2,0
2026-06-12 16:42:30.553,0.00,0.00,0.00,0.00,2,0
2026-06-12 16:42:30.604,0.00,0.00,0.00,0.00,2,0
2026-06-12 16:42:30.655,0.00,0.00,0.00,0.00,2,0
2026-06-12 16:42:30.705,0.00,0.00,0.00,0.00,2,0
2026-06-12 16:42:30.755,0.00,0.00,0.00,0.00,2,0
2026-06-12 16:42:30.806,0.00,0.00,0.00,0.00,2,0
2026-06-12 16:42:30.856,0.00,0.00,0.00,0.00,2,0
2026-06-12 16:42:30.906,0.00,0.00,0.00,0.00,2,0
2026-06-12 16:42:30.957,0.00,0.00,0.00,0.00,2,0
2026-06-12 16:42:31.007,0.00,0.00,0.00,0.00,2,0
2026-06-12 16:42:31.057,0.00,0.00,0.00,0.00,2,0
2026-06-12 16:42:31.108,0.00,0.00,0.00,0.00,2,0
2026-06-12 16:42:31.158,0.00,0.00,0.00,0.00,2,0
2026-06-12 16:42:31.209,0.00,0.00,0.00,0.00,2,0
2026-06-12 16:42:31.259,0.00,0.00,0.00,0.00,2,0
2026-06-12 16:42:31.309,0.00,0.00,0.00,0.00,2,0
2026-06-12 16:42:31.360,0.00,0.00,0.00,0.00,2,0
2026-06-12 16:42:31.410,0.00,0.00,0.00,0.00,2,0
2026-06-12 16:42:31.461,0.00,0.00,0.00,0.00,2,0
2026-06-12 16:42:31.511,0.00,0.00,0.00,0.00,2,0
2026-06-12 16:42:31.561,0.00,0.00,0.00,0.00,2,0
2026-06-12 16:42:31.612,0.00,0.00,0.00,0.00,2,0
2026-06-12 16:42:31.662,0.00,0.00,0.00,0.00,2,0
2026-06-12 16:42:31.712,0.00,0.00,0.00,0.00,2,0
2026-06-12 16:42:31.763,0.00,0.00,0.00,0.00,2,0
2026-06-12 16:42:31.813,0.00,0.00,0.00,0.00,2,0
2026-06-12 16:42:31.864,0.00,0.00,0.00,0.00,2,0
2026-06-12 16:42:31.914,0.00,0.00,0.00,0.00,2,0
2026-06-12 16:42:31.966,0.00,0.00,0.00,0.00,2,0
2026-06-12 16:42:32.015,0.00,0.00,0.00,0.00,2,0
2026-06-12 16:42:32.065,0.00,0.00,0.00,0.00,2,0
2026-06-12 16:42:32.116,0.00,0.00,0.00,0.00,2,0
2026-06-12 16:42:32.166,0.00,0.00,0.00,0.00,2,0
2026-06-12 16:42:32.217,0.00,0.00,0.00,0.00,2,0
2026-06-12 16:42:32.267,0.00,0.00,0.00,0.00,2,0
2026-06-12 16:42:32.317,0.00,0.00,0.00,0.00,2,0
2026-06-12 16:42:32.368,0.00,0.00,0.00,0.00,2,0
2026-06-12 16:42:32.418,0.00,0.00,0.00,0.00,2,0
2026-06-12 16:42:32.468,0.00,0.00,0.00,0.00,2,0
2026-06-12 16:42:32.519,0.00,0.00,0.00,0.00,2,0
2026-06-12 16:42:32.569,0.00,0.00,0.00,0.00,2,0
2026-06-12 16:42:32.620,0.00,0.00,0.00,0.00,2,0
2026-06-12 16:42:32.670,0.00,0.00,0.00,0.00,2,0
2026-06-12 16:42:32.721,0.00,0.00,0.00,0.00,2,0
2026-06-12 16:42:32.771,0.00,0.00,0.00,0.00,2,0
2026-06-12 16:42:32.821,0.00,0.00,0.00,0.00,2,0
2026-06-12 16:42:32.872,0.00,0.00,0.00,0.00,2,0
2026-06-12 16:42:32.922,0.00,0.00,0.00,0.00,2,0
2026-06-12 16:42:32.973,0.00,0.00,0.00,0.00,2,0
2026-06-12 16:42:33.023,0.00,0.00,0.00,0.00,2,0
2026-06-12 16:42:33.073,0.00,0.00,0.00,0.00,2,0
2026-06-12 16:42:33.124,0.00,0.00,0.00,0.00,2,0
2026-06-12 16:42:33.175,0.00,0.00,0.00,0.00,2,0
2026-06-12 16:42:33.225,0.00,0.00,0.00,0.00,2,0
2026-06-12 16:42:33.275,0.00,0.00,0.00,0.00,2,0
2026-06-12 16:42:33.325,0.00,0.00,0.00,0.00,2,0
2026-06-12 16:42:33.376,0.00,0.00,0.00,0.00,2,0
2026-06-12 16:42:33.426,0.00,0.00,0.00,0.00,2,0
2026-06-12 16:42:33.476,0.00,0.00,0.00,0.00,2,0
2026-06-12 16:42:33.527,0.00,0.00,0.00,0.00,2,0
2026-06-12 16:42:33.577,0.00,0.00,0.00,0.00,2,0
2026-06-12 16:42:33.628,0.00,0.00,0.00,0.00,2,0
2026-06-12 16:42:33.678,0.00,0.00,0.00,0.00,2,0
2026-06-12 16:42:33.728,0.00,0.00,0.00,0.00,2,0
2026-06-12 16:42:33.779,0.00,0.00,0.00,0.00,2,0
2026-06-12 16:42:33.829,0.00,0.00,0.00,0.00,2,0
2026-06-12 16:42:33.880,0.00,0.00,0.00,0.00,2,0
2026-06-12 16:42:33.930,0.00,0.00,0.00,0.00,2,0
2026-06-12 16:42:33.981,0.00,0.00,0.00,0.00,2,0
2026-06-12 16:42:34.031,0.00,0.00,0.00,0.00,2,0
2026-06-12 16:42:34.081,0.00,0.00,0.00,0.00,2,0
2026-06-12 16:42:34.132,0.00,0.00,0.00,0.00,2,0
2026-06-12 16:42:34.182,0.00,0.00,0.00,0.00,2,0
2026-06-12 16:42:34.232,0.00,0.00,0.00,0.00,2,0
2026-06-12 16:42:34.283,0.00,0.00,0.00,0.00,2,0
2026-06-12 16:42:34.333,0.00,0.00,0.00,0.00,2,0
2026-06-12 16:42:34.384,0.00,0.00,0.00,0.00,2,0
2026-06-12 16:42:34.435,0.00,0.00,0.00,0.00,2,0
2026-06-12 16:42:34.485,0.00,0.00,0.00,0.00,2,0
2026-06-12 16:42:34.536,0.00,0.00,0.00,0.00,2,0
2026-06-12 16:42:34.585,0.00,0.00,0.00,0.00,2,0
2026-06-12 16:42:34.636,0.00,0.00,0.00,0.00,2,0
2026-06-12 16:42:34.686,0.00,0.00,0.00,0.00,2,0
2026-06-12 16:42:34.736,0.00,0.00,0.00,0.00,2,0
2026-06-12 16:42:34.787,0.00,0.00,0.00,0.00,2,0
2026-06-12 16:42:34.837,0.00,0.00,0.00,0.00,2,0
2026-06-12 16:42:34.888,0.00,0.00,0.00,0.00,2,0
2026-06-12 16:42:34.938,0.00,0.00,0.00,0.00,2,0
2026-06-12 16:42:34.988,0.00,0.00,0.00,0.00,2,0
2026-06-12 16:42:35.039,0.00,0.00,0.00,0.00,2,0
2026-06-12 16:42:35.089,0.00,0.00,0.00,0.00,2,0
2026-06-12 16:42:35.140,0.00,0.00,0.00,0.00,2,0
2026-06-12 16:42:35.190,0.00,0.00,0.00,0.00,2,0
2026-06-12 16:42:35.240,0.00,0.00,0.00,0.00,2,0
2026-06-12 16:42:35.291,0.00,0.00,0.00,0.00,2,0
2026-06-12 16:42:35.341,0.00,0.00,0.00,0.00,2,0
2026-06-12 16:42:35.392,0.00,0.00,0.00,0.00,2,0
2026-06-12 16:42:35.442,0.00,0.00,0.00,0.00,2,0
2026-06-12 16:42:35.492,0.00,0.00,0.00,0.00,2,0
2026-06-12 16:42:35.543,0.00,0.00,0.00,0.00,2,0
2026-06-12 16:42:35.593,0.00,0.00,0.00,0.00,2,0
2026-06-12 16:42:35.644,0.00,0.00,0.00,0.00,2,0
2026-06-12 16:42:35.695,0.00,0.00,0.00,0.00,2,0
2026-06-12 16:42:35.745,0.00,0.00,0.00,0.00,2,0
2026-06-12 16:42:35.795,0.00,0.00,0.00,0.00,2,0
2026-06-12 16:42:35.845,0.00,0.00,0.00,0.00,2,0
2026-06-12 16:42:35.896,0.00,0.00,0.00,0.00,2,0
2026-06-12 16:42:35.946,0.00,0.00,0.00,0.00,2,0
2026-06-12 16:42:35.996,0.00,0.00,0.00,0.00,2,0
2026-06-12 16:42:36.047,0.00,0.00,0.00,0.00,2,0
2026-06-12 16:42:36.097,0.00,0.00,0.00,0.00,2,0
2026-06-12 16:42:36.148,0.00,0.00,0.00,0.00,2,0
2026-06-12 16:42:36.198,0.00,0.00,0.00,0.00,2,0
2026-06-12 16:42:36.248,0.00,0.00,0.00,0.00,2,0
2026-06-12 16:42:36.299,0.00,0.00,0.00,0.00,2,0
2026-06-12 16:42:36.349,0.00,0.00,0.00,0.00,2,0
2026-06-12 16:42:36.400,0.00,0.00,0.00,0.00,2,0
2026-06-12 16:42:36.450,0.00,0.00,0.00,0.00,2,0
2026-06-12 16:42:36.500,0.00,0.00,0.00,0.00,2,0
2026-06-12 16:42:36.551,0.00,0.00,0.00,0.00,2,0
2026-06-12 16:42:36.601,0.00,0.00,0.00,0.00,2,0
2026-06-12 16:42:36.652,0.00,0.00,0.00,0.00,2,0
2026-06-12 16:42:36.702,0.00,0.00,0.00,0.00,2,0
2026-06-12 16:42:36.752,0.00,0.00,0.00,0.00,2,0
2026-06-12 16:42:36.803,0.00,0.00,0.00,0.00,2,0
2026-06-12 16:42:36.853,0.00,0.00,0.00,0.00,2,0
2026-06-12 16:42:36.904,0.00,0.00,0.00,0.00,2,0
2026-06-12 16:42:36.955,0.00,0.00,0.00,0.00,2,0
2026-06-12 16:42:37.005,0.00,0.00,0.00,0.00,2,0
2026-06-12 16:42:37.055,0.00,0.00,0.00,0.00,2,0
2026-06-12 16:42:37.106,0.00,0.00,0.00,0.00,2,0
2026-06-12 16:42:37.156,0.00,0.00,0.00,0.00,2,0
2026-06-12 16:42:37.206,0.00,0.00,0.00,0.00,2,0
2026-06-12 16:42:37.256,0.00,0.00,0.00,0.00,2,0
2026-06-12 16:42:37.307,0.00,0.00,0.00,0.00,2,0
2026-06-12 16:42:37.357,0.00,0.00,0.00,0.00,2,0
2026-06-12 16:42:37.408,0.00,0.00,0.00,0.00,2,0
2026-06-12 16:42:37.458,0.00,0.00,0.00,0.00,2,0
2026-06-12 16:42:37.508,0.00,0.00,0.00,0.00,2,0
2026-06-12 16:42:37.559,0.00,0.00,0.00,0.00,2,0
2026-06-12 16:42:37.609,0.00,0.00,0.00,0.00,2,0
2026-06-12 16:42:37.660,0.00,0.00,0.00,0.00,2,0
2026-06-12 16:42:37.710,0.00,0.00,0.00,0.00,2,0
2026-06-12 16:42:37.760,0.00,0.00,0.00,0.00,2,0
2026-06-12 16:42:37.811,0.00,0.00,0.00,0.00,2,0
2026-06-12 16:42:37.861,0.00,0.00,0.00,0.00,2,0
2026-06-12 16:42:37.912,0.00,0.00,0.00,0.00,2,0
2026-06-12 16:42:37.962,0.00,0.00,0.00,0.00,2,0
2026-06-12 16:42:38.012,0.00,0.00,0.00,0.00,2,0
2026-06-12 16:42:38.063,0.00,0.00,0.00,0.00,2,0
2026-06-12 16:42:38.113,0.00,0.00,0.00,0.00,2,0
2026-06-12 16:42:38.163,0.00,0.00,0.00,0.00,2,0
2026-06-12 16:42:38.214,0.00,0.00,0.00,0.00,2,0
2026-06-12 16:42:38.265,0.00,0.00,0.00,0.00,2,0
2026-06-12 16:42:38.315,0.00,0.00,0.00,0.00,2,0
2026-06-12 16:42:38.365,0.00,0.00,0.00,0.00,2,0
2026-06-12 16:42:38.415,0.00,0.00,0.00,0.00,2,0
2026-06-12 16:42:38.466,0.00,0.00,0.00,0.00,2,0
2026-06-12 16:42:38.516,0.00,0.00,0.00,0.00,2,0
2026-06-12 16:42:38.567,0.00,0.00,0.00,0.00,2,0
2026-06-12 16:42:38.617,0.00,0.00,0.00,0.00,2,0
2026-06-12 16:42:38.667,0.00,0.00,0.00,0.00,2,0
2026-06-12 16:42:38.718,0.00,0.00,0.00,0.00,2,0
2026-06-12 16:42:38.768,0.00,0.00,0.00,0.00,2,0
2026-06-12 16:42:38.819,0.00,0.00,0.00,0.00,2,0
2026-06-12 16:42:38.869,0.00,0.00,0.00,0.00,2,0
2026-06-12 16:42:38.920,0.00,0.00,0.00,0.00,2,0
2026-06-12 16:42:38.970,0.00,0.00,0.00,0.00,2,0
2026-06-12 16:42:39.020,0.00,0.00,0.00,0.00,2,0
2026-06-12 16:42:39.071,0.00,0.00,0.00,0.00,2,0
2026-06-12 16:42:39.121,0.00,0.00,0.00,0.00,2,0
2026-06-12 16:42:39.172,0.00,0.00,0.00,0.00,2,0
2026-06-12 16:42:39.222,0.00,0.00,0.00,0.00,2,0
2026-06-12 16:42:39.272,0.00,0.00,0.00,0.00,2,0
2026-06-12 16:42:39.323,0.00,0.00,0.00,0.00,2,0
2026-06-12 16:42:39.373,0.00,0.00,0.00,0.00,2,0
2026-06-12 16:42:39.423,0.00,0.00,0.00,0.00,2,0
2026-06-12 16:42:39.474,0.00,0.00,0.00,0.00,2,0
2026-06-12 16:42:39.524,0.00,0.00,0.00,0.00,2,0
2026-06-12 16:42:39.576,0.00,0.00,0.00,0.00,2,0
2026-06-12 16:42:39.625,0.00,0.00,0.00,0.00,2,0
2026-06-12 16:42:39.675,0.00,0.00,0.00,0.00,2,0
2026-06-12 16:42:39.726,0.00,0.00,0.00,0.00,2,0
2026-06-12 16:42:39.776,0.00,0.00,0.00,0.00,2,0
2026-06-12 16:42:39.827,0.00,0.00,0.00,0.00,2,0
2026-06-12 16:42:39.877,0.00,0.00,0.00,0.00,2,0
2026-06-12 16:42:39.927,0.00,0.00,0.00,0.00,2,0
2026-06-12 16:42:39.978,0.00,0.00,0.00,0.00,2,0
2026-06-12 16:42:40.028,0.00,0.00,0.00,0.00,2,0
2026-06-12 16:42:40.079,0.00,0.00,0.00,0.00,2,0
2026-06-12 16:42:40.129,0.00,0.00,0.00,0.00,2,0
2026-06-12 16:42:40.179,0.00,0.00,0.00,0.00,2,0
2026-06-12 16:42:40.230,0.00,0.00,0.00,0.00,2,0
2026-06-12 16:42:40.280,0.00,0.00,0.00,0.00,2,0
2026-06-12 16:42:40.331,0.00,0.00,0.00,0.00,2,0
2026-06-12 16:42:40.381,0.00,0.00,0.00,0.00,2,0
2026-06-12 16:42:40.432,0.00,0.00,0.00,0.00,2,0
2026-06-12 16:42:40.482,0.00,0.00,0.00,0.00,2,0
2026-06-12 16:42:40.532,0.00,0.00,0.00,0.00,2,0
2026-06-12 16:42:40.583,0.00,0.00,0.00,0.00,2,0
2026-06-12 16:42:40.633,0.00,0.00,0.00,0.00,2,0
2026-06-12 16:42:40.683,0.00,0.00,0.00,0.00,2,0
2026-06-12 16:42:40.734,0.00,0.00,0.00,0.00,2,0
2026-06-12 16:42:40.785,0.00,0.00,0.00,0.00,2,0
2026-06-12 16:42:40.835,0.00,0.00,0.00,0.00,2,0
2026-06-12 16:42:40.885,0.00,0.00,0.00,0.00,2,0
2026-06-12 16:42:40.936,0.00,0.00,0.00,0.00,2,0
2026-06-12 16:42:40.986,0.00,0.00,0.00,0.00,2,0
2026-06-12 16:42:41.036,0.00,0.00,0.00,0.00,2,0
2026-06-12 16:42:41.087,0.00,0.00,0.00,0.00,2,0
2026-06-12 16:42:41.137,0.00,0.00,0.00,0.00,2,0
2026-06-12 16:42:41.187,0.00,0.00,0.00,0.00,2,0
2026-06-12 16:42:41.238,0.00,0.00,0.00,0.00,2,0
2026-06-12 16:42:41.288,0.00,0.00,0.00,0.00,2,0
2026-06-12 16:42:41.339,0.00,0.00,0.00,0.00,2,0
2026-06-12 16:42:41.389,0.00,0.00,0.00,0.00,2,0
2026-06-12 16:42:41.439,0.00,0.00,0.00,0.00,2,0
2026-06-12 16:42:41.490,0.00,0.00,0.00,0.00,2,0
2026-06-12 16:42:41.540,0.00,0.00,0.00,0.00,2,0
2026-06-12 16:42:41.591,0.00,0.00,0.00,0.00,2,0
2026-06-12 16:42:41.641,0.00,0.00,0.00,0.00,2,0
2026-06-12 16:42:41.691,0.00,0.00,0.00,0.00,2,0
2026-06-12 16:42:41.742,0.00,0.00,0.00,0.00,2,0
2026-06-12 16:42:41.792,0.00,0.00,0.00,0.00,2,0
2026-06-12 16:42:41.842,0.00,0.00,0.00,0.00,2,0
2026-06-12 16:42:41.893,0.00,0.00,0.00,0.00,2,0
2026-06-12 16:42:41.943,0.00,0.00,0.00,0.00,2,0
2026-06-12 16:42:41.994,0.00,0.00,0.00,0.00,2,0
2026-06-12 16:42:42.044,0.00,0.00,0.00,0.00,2,0
2026-06-12 16:42:42.095,0.00,0.00,0.00,0.00,2,0
2026-06-12 16:42:42.145,0.00,0.00,0.00,0.00,2,0
2026-06-12 16:42:42.195,0.00,0.00,0.00,0.00,2,0
2026-06-12 16:42:42.246,0.00,0.00,0.00,0.00,2,0
2026-06-12 16:42:42.296,0.00,0.00,0.00,0.00,2,0
2026-06-12 16:42:42.347,0.00,0.00,0.00,0.00,2,0
2026-06-12 16:42:42.397,0.00,0.00,0.00,0.00,2,0
2026-06-12 16:42:42.447,0.00,0.00,0.00,0.00,2,0
2026-06-12 16:42:42.498,0.00,0.00,0.00,0.00,2,0
2026-06-12 16:42:42.548,0.00,0.00,0.00,0.00,2,0
2026-06-12 16:42:42.598,0.00,0.00,0.00,0.00,2,0
2026-06-12 16:42:42.649,0.00,0.00,0.00,0.00,2,0
2026-06-12 16:42:42.699,0.00,0.00,0.00,0.00,2,0
2026-06-12 16:42:42.750,0.00,0.00,0.00,0.00,2,0
2026-06-12 16:42:42.800,0.00,0.00,0.00,0.00,2,0
2026-06-12 16:42:42.850,0.00,0.00,0.00,0.00,2,0
2026-06-12 16:42:42.901,0.00,0.00,0.00,0.00,2,0
2026-06-12 16:42:42.951,0.00,0.00,0.00,0.00,2,0
2026-06-12 16:42:43.002,0.00,0.00,0.00,0.00,2,0
2026-06-12 16:42:43.052,0.00,0.00,0.00,0.00,2,0
2026-06-12 16:42:43.103,0.00,0.00,0.00,0.00,2,0
2026-06-12 16:42:43.153,0.00,0.00,0.00,0.00,2,0
2026-06-12 16:42:43.203,0.00,0.00,0.00,0.00,2,0
2026-06-12 16:42:43.254,0.00,0.00,0.00,0.00,2,0
2026-06-12 16:42:43.305,0.00,0.00,0.00,0.00,2,0
2026-06-12 16:42:43.355,0.00,0.00,0.00,0.00,2,0
2026-06-12 16:42:43.406,0.00,0.00,0.00,0.00,2,0
2026-06-12 16:42:43.455,0.00,0.00,0.00,0.00,2,0
2026-06-12 16:42:43.506,0.00,0.00,0.00,0.00,2,0
2026-06-12 16:42:43.556,0.00,0.00,0.00,0.00,2,0
2026-06-12 16:42:43.606,0.00,0.00,0.00,0.00,2,0
2026-06-12 16:42:43.657,0.00,0.00,0.00,0.00,2,0
2026-06-12 16:42:43.707,0.00,0.00,0.00,0.00,2,0
2026-06-12 16:42:43.758,0.00,0.00,0.00,0.00,2,0
2026-06-12 16:42:43.808,0.00,0.00,0.00,0.00,2,0
2026-06-12 16:42:43.858,0.00,0.00,0.00,0.00,2,0
2026-06-12 16:42:43.909,0.00,0.00,0.00,0.00,2,0
2026-06-12 16:42:43.959,0.00,0.00,0.00,0.00,2,0
2026-06-12 16:42:44.010,0.00,0.00,0.00,0.00,2,0
2026-06-12 16:42:44.060,0.00,0.00,0.00,0.00,2,0
2026-06-12 16:42:44.110,0.00,0.00,0.00,0.00,2,0
2026-06-12 16:42:44.161,0.00,0.00,0.00,0.00,2,0
2026-06-12 16:42:44.211,0.00,0.00,0.00,0.00,2,0
2026-06-12 16:42:44.262,0.00,0.00,0.00,0.00,2,0
2026-06-12 16:42:44.312,0.00,0.00,0.00,0.00,2,0
2026-06-12 16:42:44.362,0.00,0.00,0.00,0.00,2,0
2026-06-12 16:42:44.413,0.00,0.00,0.00,0.00,2,0
2026-06-12 16:42:44.463,0.00,0.00,0.00,0.00,2,0
2026-06-12 16:42:44.514,0.00,0.00,0.00,0.00,2,0
2026-06-12 16:42:44.564,0.00,0.00,0.00,0.00,2,0
2026-06-12 16:42:44.615,0.00,0.00,0.00,0.00,2,0
2026-06-12 16:42:44.665,0.00,0.00,0.00,0.00,2,0
2026-06-12 16:42:44.715,0.00,0.00,0.00,0.00,2,0
2026-06-12 16:42:44.766,0.00,0.00,0.00,0.00,2,0
2026-06-12 16:42:44.816,0.00,0.00,0.00,0.00,2,0
2026-06-12 16:42:44.867,0.00,0.00,0.00,0.00,2,0
2026-06-12 16:42:44.917,0.00,0.00,0.00,0.00,2,0
2026-06-12 16:42:44.967,0.00,0.00,0.00,0.00,2,0
2026-06-12 16:42:45.018,0.00,0.00,0.00,0.00,2,0
2026-06-12 16:42:45.068,0.00,0.00,0.00,0.00,2,0
2026-06-12 16:42:45.119,0.00,0.00,0.00,0.00,2,0
2026-06-12 16:42:45.169,0.00,0.00,0.00,0.00,2,0
2026-06-12 16:42:45.219,0.00,0.00,0.00,0.00,2,0
2026-06-12 16:42:45.270,0.00,0.00,0.00,0.00,2,0
2026-06-12 16:42:45.320,0.00,0.00,0.00,0.00,2,0
2026-06-12 16:42:45.370,0.00,0.00,0.00,0.00,2,0
2026-06-12 16:42:45.421,0.00,0.00,0.00,0.00,2,0
2026-06-12 16:42:45.471,0.00,0.00,0.00,0.00,2,0
2026-06-12 16:42:45.522,0.00,0.00,0.00,0.00,2,0
2026-06-12 16:42:45.572,0.00,0.00,0.00,0.00,2,0
2026-06-12 16:42:45.622,0.00,0.00,0.00,0.00,2,0
2026-06-12 16:42:45.673,0.00,0.00,0.00,0.00,2,0
2026-06-12 16:42:45.723,0.00,0.00,0.00,0.00,2,0
2026-06-12 16:42:45.774,0.00,0.00,0.00,0.00,2,0
2026-06-12 16:42:45.824,0.00,0.00,0.00,0.00,2,0
2026-06-12 16:42:45.874,0.00,0.00,0.00,0.00,2,0
2026-06-12 16:42:45.925,0.00,0.00,0.00,0.00,2,0
2026-06-12 16:42:45.975,0.00,0.00,0.00,0.00,2,0
2026-06-12 16:42:46.026,0.00,0.00,0.00,0.00,2,0
2026-06-12 16:42:46.076,0.00,0.00,0.00,0.00,2,0
2026-06-12 16:42:46.126,0.00,0.00,0.00,0.00,2,0
2026-06-12 16:42:46.177,0.00,0.00,0.00,0.00,2,0
2026-06-12 16:42:46.227,0.00,0.00,0.00,0.00,2,0
2026-06-12 16:42:46.278,0.00,0.00,0.00,0.00,2,0
2026-06-12 16:42:46.328,0.00,0.00,0.00,0.00,2,0
2026-06-12 16:42:46.379,0.00,0.00,0.00,0.00,2,0
2026-06-12 16:42:46.429,0.00,0.00,0.00,0.00,2,0
2026-06-12 16:42:46.479,0.00,0.00,0.00,0.00,2,0
2026-06-12 16:42:46.529,0.00,0.00,0.00,0.00,2,0
2026-06-12 16:42:46.580,0.00,0.00,0.00,0.00,2,0
2026-06-12 16:42:46.630,0.00,0.00,0.00,0.00,2,0
2026-06-12 16:42:46.681,0.00,0.00,0.00,0.00,2,0
2026-06-12 16:42:46.731,0.00,0.00,0.00,0.00,2,0
2026-06-12 16:42:46.782,0.00,0.00,0.00,0.00,2,0
2026-06-12 16:42:46.832,0.00,0.00,0.00,0.00,2,0
2026-06-12 16:42:46.882,0.00,0.00,0.00,0.00,2,0
2026-06-12 16:42:46.933,0.00,0.00,0.00,0.00,2,0
2026-06-12 16:42:46.983,0.00,0.00,0.00,0.00,2,0
2026-06-12 16:42:47.034,0.00,0.00,0.00,0.00,2,0
2026-06-12 16:42:47.085,0.00,0.00,0.00,0.00,2,0
2026-06-12 16:42:47.135,0.00,0.00,0.00,0.00,2,0
2026-06-12 16:42:47.185,0.00,0.00,0.00,0.00,2,0
2026-06-12 16:42:47.235,0.00,0.00,0.00,0.00,2,0
2026-06-12 16:42:47.285,0.00,0.00,0.00,0.00,2,0
2026-06-12 16:42:47.336,0.00,0.00,0.00,0.00,2,0
2026-06-12 16:42:47.386,0.00,0.00,0.00,0.00,2,0
2026-06-12 16:42:47.437,0.00,0.00,0.00,0.00,2,0
2026-06-12 16:42:47.487,0.00,0.00,0.00,0.00,2,0
2026-06-12 16:42:47.537,0.00,0.00,0.00,0.00,2,0
2026-06-12 16:42:47.588,0.00,0.00,0.00,0.00,2,0
2026-06-12 16:42:47.638,0.00,0.00,0.00,0.00,2,0
2026-06-12 16:42:47.689,0.00,0.00,0.00,0.00,2,0
2026-06-12 16:42:47.739,0.00,0.00,0.00,0.00,2,0
2026-06-12 16:42:47.789,0.00,0.00,0.00,0.00,2,0
2026-06-12 16:42:47.840,0.00,0.00,0.00,0.00,2,0
2026-06-12 16:42:47.890,0.00,0.00,0.00,0.00,2,0
2026-06-12 16:42:47.941,0.00,0.00,0.00,0.00,2,0
2026-06-12 16:42:47.991,0.00,0.00,0.00,0.00,2,0
2026-06-12 16:42:48.041,0.00,0.00,0.00,0.00,2,0
2026-06-12 16:42:48.092,0.00,0.00,0.00,0.00,2,0
2026-06-12 16:42:48.142,0.00,0.00,0.00,0.00,2,0
2026-06-12 16:42:48.193,0.00,0.00,0.00,0.00,2,0
2026-06-12 16:42:48.243,0.00,0.00,0.00,0.00,2,0
2026-06-12 16:42:48.294,0.00,0.00,0.00,0.00,2,0
2026-06-12 16:42:48.344,0.00,0.00,0.00,0.00,2,0
2026-06-12 16:42:48.394,0.00,0.00,0.00,0.00,2,0
2026-06-12 16:42:48.445,0.00,0.00,0.00,0.00,2,0
2026-06-12 16:42:48.495,0.00,0.00,0.00,0.00,2,0
2026-06-12 16:42:48.545,0.00,0.00,0.00,0.00,2,0
2026-06-12 16:42:48.596,0.00,0.00,0.00,0.00,2,0
2026-06-12 16:42:48.646,0.00,0.00,0.00,0.00,2,0
2026-06-12 16:42:48.697,0.00,0.00,0.00,0.00,2,0
2026-06-12 16:42:48.747,0.00,0.00,0.00,0.00,2,0
2026-06-12 16:42:48.797,0.00,0.00,0.00,0.00,2,0
2026-06-12 16:42:48.848,0.00,0.00,0.00,0.00,2,0
2026-06-12 16:42:48.898,0.00,0.00,0.00,0.00,2,0
2026-06-12 16:42:48.949,0.00,0.00,0.00,0.00,2,0
2026-06-12 16:42:48.999,0.00,0.00,0.00,0.00,2,0
2026-06-12 16:42:49.049,0.00,0.00,0.00,0.00,2,0
2026-06-12 16:42:49.100,0.00,0.00,0.00,0.00,2,0
2026-06-12 16:42:49.150,0.00,0.00,0.00,0.00,2,0
2026-06-12 16:42:49.201,0.00,0.00,0.00,0.00,2,0
2026-06-12 16:42:49.251,0.00,0.00,0.00,0.00,2,0
2026-06-12 16:42:49.301,0.00,0.00,0.00,0.00,2,0
2026-06-12 16:42:49.352,0.00,0.00,0.00,0.00,2,0
2026-06-12 16:42:49.402,0.00,0.00,0.00,0.00,2,0
2026-06-12 16:42:49.453,0.00,0.00,0.00,0.00,2,0
2026-06-12 16:42:49.503,0.00,0.00,0.00,0.00,2,0
2026-06-12 16:42:49.554,0.00,0.00,0.00,0.00,2,0
2026-06-12 16:42:49.604,0.00,0.00,0.00,0.00,2,0
2026-06-12 16:42:49.656,0.00,0.00,0.00,0.00,2,0
2026-06-12 16:42:49.705,0.00,0.00,0.00,0.00,2,0
2026-06-12 16:42:49.755,0.00,0.00,0.00,0.00,2,0
2026-06-12 16:42:49.805,0.00,0.00,0.00,0.00,2,0
2026-06-12 16:42:49.856,0.00,0.00,0.00,0.00,2,0
2026-06-12 16:42:49.906,0.00,0.00,0.00,0.00,2,0
2026-06-12 16:42:49.956,0.00,0.00,0.00,0.00,2,0
2026-06-12 16:42:50.007,0.00,0.00,0.00,0.00,2,0
2026-06-12 16:42:50.057,0.00,0.00,0.00,0.00,2,0
2026-06-12 16:42:50.108,0.00,0.00,0.00,0.00,2,0
2026-06-12 16:42:50.158,0.00,0.00,0.00,0.00,2,0
2026-06-12 16:42:50.209,0.00,0.00,0.00,0.00,2,0
2026-06-12 16:42:50.259,0.00,0.00,0.00,0.00,2,0
2026-06-12 16:42:50.309,0.00,0.00,0.00,0.00,2,0
2026-06-12 16:42:50.360,0.00,0.00,0.00,0.00,2,0
2026-06-12 16:42:50.410,0.00,0.00,0.00,0.00,2,0
2026-06-12 16:42:50.461,0.00,0.00,0.00,0.00,2,0
2026-06-12 16:42:50.511,0.00,0.00,0.00,0.00,2,0
2026-06-12 16:42:50.562,0.00,0.00,0.00,0.00,2,0
2026-06-12 16:42:50.612,0.00,0.00,0.00,0.00,2,0
2026-06-12 16:42:50.662,0.00,0.00,0.00,0.00,2,0
2026-06-12 16:42:50.713,0.00,0.00,0.00,0.00,2,0
2026-06-12 16:42:50.763,0.00,0.00,0.00,0.00,2,0
2026-06-12 16:42:50.813,0.00,0.00,0.00,0.00,2,0
2026-06-12 16:42:50.864,0.00,0.00,0.00,0.00,2,0
2026-06-12 16:42:50.915,0.00,0.00,0.00,0.00,2,0
2026-06-12 16:42:50.965,0.00,0.00,0.00,0.00,2,0
2026-06-12 16:42:51.015,0.00,0.00,0.00,0.00,2,0
2026-06-12 16:42:51.065,0.00,0.00,0.00,0.00,2,0
2026-06-12 16:42:51.116,0.00,0.00,0.00,0.00,2,0
2026-06-12 16:42:51.166,0.00,0.00,0.00,0.00,2,0
2026-06-12 16:42:51.217,0.00,0.00,0.00,0.00,2,0
2026-06-12 16:42:51.267,0.00,0.00,0.00,0.00,2,0
2026-06-12 16:42:51.317,0.00,0.00,0.00,0.00,2,0
2026-06-12 16:42:51.368,0.00,0.00,0.00,0.00,2,0
2026-06-12 16:42:51.418,0.00,0.00,0.00,0.00,2,0
2026-06-12 16:42:51.469,0.00,0.00,0.00,0.00,2,0
2026-06-12 16:42:51.519,0.00,0.00,0.00,0.00,2,0
2026-06-12 16:42:51.569,0.00,0.00,0.00,0.00,2,0
2026-06-12 16:42:51.620,0.00,0.00,0.00,0.00,2,0
2026-06-12 16:42:51.670,0.00,0.00,0.00,0.00,2,0
2026-06-12 16:42:51.721,0.00,0.00,0.00,0.00,2,0
2026-06-12 16:42:51.771,0.00,0.00,0.00,0.00,2,0
2026-06-12 16:42:51.821,0.00,0.00,0.00,0.00,2,0
2026-06-12 16:42:51.872,0.00,0.00,0.00,0.00,2,0
2026-06-12 16:42:51.922,0.00,0.00,0.00,0.00,2,0
2026-06-12 16:42:51.973,0.00,0.00,0.00,0.00,2,0
2026-06-12 16:42:52.023,0.00,0.00,0.00,0.00,2,0
2026-06-12 16:42:52.073,0.00,0.00,0.00,0.00,2,0
2026-06-12 16:42:52.124,0.00,0.00,0.00,0.00,2,0
2026-06-12 16:42:52.174,0.00,0.00,0.00,0.00,2,0
2026-06-12 16:42:52.225,0.00,0.00,0.00,0.00,2,0
2026-06-12 16:42:52.275,0.00,0.00,0.00,0.00,2,0
2026-06-12 16:42:52.325,0.00,0.00,0.00,0.00,2,0
2026-06-12 16:42:52.376,0.00,0.00,0.00,0.00,2,0
2026-06-12 16:42:52.426,0.00,0.00,0.00,0.00,2,0
2026-06-12 16:42:52.476,0.00,0.00,0.00,0.00,2,0
2026-06-12 16:42:52.527,0.00,0.00,0.00,0.00,2,0
2026-06-12 16:42:52.578,0.00,0.00,0.00,0.00,2,0
2026-06-12 16:42:52.628,0.00,0.00,0.00,0.00,2,0
2026-06-12 16:42:52.678,0.00,0.00,0.00,0.00,2,0
2026-06-12 16:42:52.729,0.00,0.00,0.00,0.00,2,0
2026-06-12 16:42:52.779,0.00,0.00,0.00,0.00,2,0
2026-06-12 16:42:52.829,0.00,0.00,0.00,0.00,2,0
2026-06-12 16:42:52.880,0.00,0.00,0.00,0.00,2,0
2026-06-12 16:42:52.930,0.00,0.00,0.00,0.00,2,0
2026-06-12 16:42:52.980,0.00,0.00,0.00,0.00,2,0
2026-06-12 16:42:53.031,0.00,0.00,0.00,0.00,2,0
2026-06-12 16:42:53.081,0.00,0.00,0.00,0.00,2,0
2026-06-12 16:42:53.132,0.00,0.00,0.00,0.00,2,0
2026-06-12 16:42:53.182,0.00,0.00,0.00,0.00,2,0
2026-06-12 16:42:53.232,0.00,0.00,0.00,0.00,2,0
2026-06-12 16:42:53.283,0.00,0.00,0.00,0.00,2,0
2026-06-12 16:42:53.333,0.00,0.00,0.00,0.00,2,0
2026-06-12 16:42:53.384,0.00,0.00,0.00,0.00,2,0
2026-06-12 16:42:53.434,0.00,0.00,0.00,0.00,2,0
2026-06-12 16:42:53.485,0.00,0.00,0.00,0.00,2,0
2026-06-12 16:42:53.535,0.00,0.00,0.00,0.00,2,0
2026-06-12 16:42:53.585,0.00,0.00,0.00,0.00,2,0
2026-06-12 16:42:53.636,0.00,0.00,0.00,0.00,2,0
2026-06-12 16:42:53.686,0.00,0.00,0.00,0.00,2,0
2026-06-12 16:42:53.736,0.00,0.00,0.00,0.00,2,0
2026-06-12 16:42:53.789,0.00,0.00,0.00,0.00,2,0
2026-06-12 16:42:53.837,0.00,0.00,0.00,0.00,2,0
2026-06-12 16:42:53.888,0.00,0.00,0.00,0.00,2,0
2026-06-12 16:42:53.938,0.00,0.00,0.00,0.00,2,0
2026-06-12 16:42:53.988,0.00,0.00,0.00,0.00,2,0
2026-06-12 16:42:54.039,0.00,0.00,0.00,0.00,2,0
2026-06-12 16:42:54.089,0.00,0.00,0.00,0.00,2,0
2026-06-12 16:42:54.140,0.00,0.00,0.00,0.00,2,0
2026-06-12 16:42:54.190,0.00,0.00,0.00,0.00,2,0
2026-06-12 16:42:54.240,0.00,0.00,0.00,0.00,2,0
2026-06-12 16:42:54.291,0.00,0.00,0.00,0.00,2,0
2026-06-12 16:42:54.341,0.00,0.00,0.00,0.00,2,0
2026-06-12 16:42:54.392,0.00,0.00,0.00,0.00,2,0
2026-06-12 16:42:54.442,0.00,0.00,0.00,0.00,2,0
2026-06-12 16:42:54.492,0.00,0.00,0.00,0.00,2,0
2026-06-12 16:42:54.543,0.00,0.00,0.00,0.00,2,0
2026-06-12 16:42:54.593,0.00,0.00,0.00,0.00,2,0
2026-06-12 16:42:54.644,0.00,0.00,0.00,0.00,2,0
2026-06-12 16:42:54.694,0.00,0.00,0.00,0.00,2,0
2026-06-12 16:42:54.745,0.00,0.00,0.00,0.00,2,0
2026-06-12 16:42:54.795,0.00,0.00,0.00,0.00,2,0
2026-06-12 16:42:54.845,0.00,0.00,0.00,0.00,2,0
2026-06-12 16:42:54.896,0.00,0.00,0.00,0.00,2,0
2026-06-12 16:42:54.946,0.00,0.00,0.00,0.00,2,0
2026-06-12 16:42:54.996,0.00,0.00,0.00,0.00,2,0
2026-06-12 16:42:55.047,0.00,0.00,0.00,0.00,2,0
2026-06-12 16:42:55.097,0.00,0.00,0.00,0.00,2,0
2026-06-12 16:42:55.148,0.00,0.00,0.00,0.00,2,0
2026-06-12 16:42:55.198,0.00,0.00,0.00,0.00,2,0
2026-06-12 16:42:55.248,0.00,0.00,0.00,0.00,2,0
2026-06-12 16:42:55.299,0.00,0.00,0.00,0.00,2,0
2026-06-12 16:42:55.349,0.00,0.00,0.00,0.00,2,0
2026-06-12 16:42:55.400,0.00,0.00,0.00,0.00,2,0
2026-06-12 16:42:55.450,0.00,0.00,0.00,0.00,2,0
2026-06-12 16:42:55.500,0.00,0.00,0.00,0.00,2,0
2026-06-12 16:42:55.551,0.00,0.00,0.00,0.00,2,0
2026-06-12 16:42:55.601,0.00,0.00,0.00,0.00,2,0
2026-06-12 16:42:55.651,0.00,0.00,0.00,0.00,2,0
2026-06-12 16:42:55.702,0.00,0.00,0.00,0.00,2,0
2026-06-12 16:42:55.752,0.00,0.00,0.00,0.00,2,0
2026-06-12 16:42:55.803,0.00,0.00,0.00,0.00,2,0
2026-06-12 16:42:55.853,0.00,0.00,0.00,0.00,2,0
2026-06-12 16:42:55.903,0.00,0.00,0.00,0.00,2,0
2026-06-12 16:42:55.955,0.00,0.00,0.00,0.00,2,0
2026-06-12 16:42:56.004,0.00,0.00,0.00,0.00,2,0
2026-06-12 16:42:56.055,0.00,0.00,0.00,0.00,2,0
2026-06-12 16:42:56.105,0.00,0.00,0.00,0.00,2,0
2026-06-12 16:42:56.156,0.00,0.00,0.00,0.00,2,0
2026-06-12 16:42:56.206,0.00,0.00,0.00,0.00,2,0
2026-06-12 16:42:56.256,0.00,0.00,0.00,0.00,2,0
2026-06-12 16:42:56.307,0.00,0.00,0.00,0.00,2,0
2026-06-12 16:42:56.357,0.00,0.00,0.00,0.00,2,0
2026-06-12 16:42:56.413,0.00,0.00,0.00,0.00,2,0
2026-06-12 16:42:56.458,0.00,0.00,0.00,0.00,2,0
2026-06-12 16:42:56.508,0.00,0.00,0.00,0.00,2,0
2026-06-12 16:42:56.559,0.00,0.00,0.00,0.00,2,0
2026-06-12 16:42:56.609,0.00,0.00,0.00,0.00,2,0
2026-06-12 16:42:56.659,0.00,0.00,0.00,0.00,2,0
2026-06-12 16:42:56.710,0.00,0.00,0.00,0.00,2,0
2026-06-12 16:42:56.760,0.00,0.00,0.00,0.00,2,0
2026-06-12 16:42:56.811,0.00,0.00,0.00,0.00,2,0
2026-06-12 16:42:56.861,0.00,0.00,0.00,0.00,2,0
2026-06-12 16:42:56.911,0.00,0.00,0.00,0.00,2,0
2026-06-12 16:42:56.962,0.00,0.00,0.00,0.00,2,0
2026-06-12 16:42:57.012,0.00,0.00,0.00,0.00,2,0
2026-06-12 16:42:57.063,0.00,0.00,0.00,0.00,2,0
2026-06-12 16:42:57.113,0.00,0.00,0.00,0.00,2,0
2026-06-12 16:42:57.163,0.00,0.00,0.00,0.00,2,0
2026-06-12 16:42:57.214,0.00,0.00,0.00,0.00,2,0
2026-06-12 16:42:57.264,0.00,0.00,0.00,0.00,2,0
2026-06-12 16:42:57.315,0.00,0.00,0.00,0.00,2,0
2026-06-12 16:42:57.366,0.00,0.00,0.00,0.00,2,0
2026-06-12 16:42:57.415,0.00,0.00,0.00,0.00,2,0
2026-06-12 16:42:57.466,0.00,0.00,0.00,0.00,2,0
2026-06-12 16:42:57.516,0.00,0.00,0.00,0.00,2,0
2026-06-12 16:42:57.567,0.00,0.00,0.00,0.00,2,0
2026-06-12 16:42:57.617,0.00,0.00,0.00,0.00,2,0
2026-06-12 16:42:57.667,0.00,0.00,0.00,0.00,2,0
2026-06-12 16:42:57.718,0.00,0.00,0.00,0.00,2,0
2026-06-12 16:42:57.768,0.00,0.00,0.00,0.00,2,0
2026-06-12 16:42:57.819,0.00,0.00,0.00,0.00,2,0
2026-06-12 16:42:57.869,0.00,0.00,0.00,0.00,2,0
2026-06-12 16:42:57.919,0.00,0.00,0.00,0.00,2,0
2026-06-12 16:42:57.970,0.00,0.00,0.00,0.00,2,0
2026-06-12 16:42:58.020,0.00,0.00,0.00,0.00,2,0
2026-06-12 16:42:58.070,0.00,0.00,0.00,0.00,2,0
2026-06-12 16:42:58.121,0.00,0.00,0.00,0.00,2,0
2026-06-12 16:42:58.171,0.00,0.00,0.00,0.00,2,0
2026-06-12 16:42:58.222,0.00,0.00,0.00,0.00,2,0
2026-06-12 16:42:58.272,0.00,0.00,0.00,0.00,2,0
2026-06-12 16:42:58.323,0.00,0.00,0.00,0.00,2,0
2026-06-12 16:42:58.373,0.00,0.00,0.00,0.00,2,0
2026-06-12 16:42:58.423,0.00,0.00,0.00,0.00,2,0
2026-06-12 16:42:58.474,0.00,0.00,0.00,0.00,2,0
2026-06-12 16:42:58.524,0.00,0.00,0.00,0.00,2,0
2026-06-12 16:42:58.575,0.00,0.00,0.00,0.00,2,0
2026-06-12 16:42:58.625,0.00,0.00,0.00,0.00,2,0
2026-06-12 16:42:58.675,0.00,0.00,0.00,0.00,2,0
2026-06-12 16:42:58.726,0.00,0.00,0.00,0.00,2,0
2026-06-12 16:42:58.776,0.00,0.00,0.00,0.00,2,0
2026-06-12 16:42:58.826,0.00,0.00,0.00,0.00,2,0
2026-06-12 16:42:58.877,0.00,0.00,0.00,0.00,2,0
2026-06-12 16:42:58.927,0.00,0.00,0.00,0.00,2,0
2026-06-12 16:42:58.978,0.00,0.00,0.00,0.00,2,0
2026-06-12 16:42:59.028,0.00,0.00,0.00,0.00,2,0
2026-06-12 16:42:59.079,0.00,0.00,0.00,0.00,2,0
2026-06-12 16:42:59.129,0.00,0.00,0.00,0.00,2,0
2026-06-12 16:42:59.179,0.00,0.00,0.00,0.00,2,0
2026-06-12 16:42:59.230,0.00,0.00,0.00,0.00,2,0
2026-06-12 16:42:59.280,0.00,0.00,0.00,0.00,2,0
2026-06-12 16:42:59.330,0.00,0.00,0.00,0.00,2,0
2026-06-12 16:42:59.381,0.00,0.00,0.00,0.00,2,0
2026-06-12 16:42:59.432,0.00,0.00,0.00,0.00,2,0
2026-06-12 16:42:59.482,0.00,0.00,0.00,0.00,2,0
2026-06-12 16:42:59.532,0.00,0.00,0.00,0.00,2,0
2026-06-12 16:42:59.582,0.00,0.00,0.00,0.00,2,0
2026-06-12 16:42:59.633,0.00,0.00,0.00,0.00,2,0
2026-06-12 16:42:59.683,0.00,0.00,0.00,0.00,2,0
2026-06-12 16:42:59.734,0.00,0.00,0.00,0.00,2,0
2026-06-12 16:42:59.785,0.00,0.00,0.00,0.00,2,0
2026-06-12 16:42:59.835,0.00,0.00,0.00,0.00,2,0
2026-06-12 16:42:59.885,0.00,0.00,0.00,0.00,2,0
2026-06-12 16:42:59.935,0.00,0.00,0.00,0.00,2,0
2026-06-12 16:42:59.986,0.00,0.00,0.00,0.00,2,0
2026-06-12 16:43:00.036,0.00,0.00,0.00,0.00,2,0
2026-06-12 16:43:00.087,0.00,0.00,0.00,0.00,2,0
2026-06-12 16:43:00.137,0.00,0.00,0.00,0.00,2,0
2026-06-12 16:43:00.187,0.00,0.00,0.00,0.00,2,0
2026-06-12 16:43:00.238,0.00,0.00,0.00,0.00,2,0
2026-06-12 16:43:00.288,0.00,0.00,0.00,0.00,2,0
2026-06-12 16:43:00.338,0.00,0.00,0.00,0.00,2,0
2026-06-12 16:43:00.389,0.00,0.00,0.00,0.00,2,0
2026-06-12 16:43:00.439,0.00,0.00,0.00,0.00,2,0
2026-06-12 16:43:00.490,0.00,0.00,0.00,0.00,2,0
2026-06-12 16:43:00.540,0.00,0.00,0.00,0.00,2,0
2026-06-12 16:43:00.591,0.00,0.00,0.00,0.00,2,0
2026-06-12 16:43:00.641,0.00,0.00,0.00,0.00,2,0
2026-06-12 16:43:00.691,0.00,0.00,0.00,0.00,2,0
2026-06-12 16:43:00.742,0.00,0.00,0.00,0.00,2,0
2026-06-12 16:43:00.792,0.00,0.00,0.00,0.00,2,0
2026-06-12 16:43:00.842,0.00,0.00,0.00,0.00,2,0
2026-06-12 16:43:00.893,0.00,0.00,0.00,0.00,2,0
2026-06-12 16:43:00.943,0.00,0.00,0.00,0.00,2,0
2026-06-12 16:43:00.994,0.00,0.00,0.00,0.00,2,0
2026-06-12 16:43:01.044,0.00,0.00,0.00,0.00,2,0
2026-06-12 16:43:01.095,0.00,0.00,0.00,0.00,2,0
2026-06-12 16:43:01.145,0.00,0.00,0.00,0.00,2,0
2026-06-12 16:43:01.195,0.00,0.00,0.00,0.00,2,0
2026-06-12 16:43:01.246,0.00,0.00,0.00,0.00,2,0
2026-06-12 16:43:01.296,0.00,0.00,0.00,0.00,2,0
2026-06-12 16:43:01.346,0.00,0.00,0.00,0.00,2,0
2026-06-12 16:43:01.397,0.00,0.00,0.00,0.00,2,0
2026-06-12 16:43:01.447,0.00,0.00,0.00,0.00,2,0
2026-06-12 16:43:01.498,0.00,0.00,0.00,0.00,2,0
2026-06-12 16:43:01.548,0.00,0.00,0.00,0.00,2,0
2026-06-12 16:43:01.598,0.00,0.00,0.00,0.00,2,0
2026-06-12 16:43:01.649,0.00,0.00,0.00,0.00,2,0
2026-06-12 16:43:01.699,0.00,0.00,0.00,0.00,2,0
2026-06-12 16:43:01.750,0.00,0.00,0.00,0.00,2,0
2026-06-12 16:43:01.800,0.00,0.00,0.00,0.00,2,0
2026-06-12 16:43:01.850,0.00,0.00,0.00,0.00,2,0
2026-06-12 16:43:01.901,0.00,0.00,0.00,0.00,2,0
2026-06-12 16:43:01.951,0.00,0.00,0.00,0.00,2,0
2026-06-12 16:43:02.002,0.00,0.00,0.00,0.00,2,0
2026-06-12 16:43:02.052,0.00,0.00,0.00,0.00,2,0
2026-06-12 16:43:02.103,0.00,0.00,0.00,0.00,2,0
2026-06-12 16:43:02.153,0.00,0.00,0.00,0.00,2,0
2026-06-12 16:43:02.203,0.00,0.00,0.00,0.00,2,0
2026-06-12 16:43:02.254,0.00,0.00,0.00,0.00,2,0
2026-06-12 16:43:02.305,0.00,0.00,0.00,0.00,2,0
2026-06-12 16:43:02.355,0.00,0.00,0.00,0.00,2,0
2026-06-12 16:43:02.405,0.00,0.00,0.00,0.00,2,0
2026-06-12 16:43:02.455,0.00,0.00,0.00,0.00,2,0
2026-06-12 16:43:02.505,0.00,0.00,0.00,0.00,2,0
2026-06-12 16:43:02.556,0.00,0.00,0.00,0.00,2,0
2026-06-12 16:43:02.606,0.00,0.00,0.00,0.00,2,0
2026-06-12 16:43:02.657,0.00,0.00,0.00,0.00,2,0
2026-06-12 16:43:02.707,0.00,0.00,0.00,0.00,2,0
2026-06-12 16:43:02.757,0.00,0.00,0.00,0.00,2,0
2026-06-12 16:43:02.808,0.00,0.00,0.00,0.00,2,0
2026-06-12 16:43:02.858,0.00,0.00,0.00,0.00,2,0
2026-06-12 16:43:02.909,0.00,0.00,0.00,0.00,2,0
2026-06-12 16:43:02.959,0.00,0.00,0.00,0.00,2,0
2026-06-12 16:43:03.010,0.00,0.00,0.00,0.00,2,0
2026-06-12 16:43:03.060,0.00,0.00,0.00,0.00,2,0
2026-06-12 16:43:03.110,0.00,0.00,0.00,0.00,2,0
2026-06-12 16:43:03.161,0.00,0.00,0.00,0.00,2,0
2026-06-12 16:43:03.211,0.00,0.00,0.00,0.00,2,0
2026-06-12 16:43:03.262,0.00,0.00,0.00,0.00,2,0
2026-06-12 16:43:03.312,0.00,0.00,0.00,0.00,2,0
2026-06-12 16:43:03.362,0.00,0.00,0.00,0.00,2,0
2026-06-12 16:43:03.413,0.00,0.00,0.00,0.00,2,0
2026-06-12 16:43:03.463,0.00,0.00,0.00,0.00,2,0
2026-06-12 16:43:03.513,0.00,0.00,0.00,0.00,2,0
2026-06-12 16:43:03.564,0.00,0.00,0.00,0.00,2,0
2026-06-12 16:43:03.614,0.00,0.00,0.00,0.00,2,0
2026-06-12 16:43:03.665,0.00,0.00,0.00,0.00,2,0
2026-06-12 16:43:03.715,0.00,0.00,0.00,0.00,2,0
2026-06-12 16:43:03.767,0.00,0.00,0.00,0.00,2,0
2026-06-12 16:43:03.816,0.00,0.00,0.00,0.00,2,0
2026-06-12 16:43:03.866,0.00,0.00,0.00,0.00,2,0
2026-06-12 16:43:03.917,0.00,0.00,0.00,0.00,2,0
2026-06-12 16:43:03.967,0.00,0.00,0.00,0.00,2,0
2026-06-12 16:43:04.017,0.00,0.00,0.00,0.00,2,0
2026-06-12 16:43:04.068,0.00,0.00,0.00,0.00,2,0
2026-06-12 16:43:04.118,0.00,0.00,0.00,0.00,2,0
2026-06-12 16:43:04.169,0.00,0.00,0.00,0.00,2,0
2026-06-12 16:43:04.219,0.00,0.00,0.00,0.00,2,0
2026-06-12 16:43:04.269,0.00,0.00,0.00,0.00,2,0
2026-06-12 16:43:04.320,0.00,0.00,0.00,0.00,2,0
2026-06-12 16:43:04.370,0.00,0.00,0.00,0.00,2,0
2026-06-12 16:43:04.421,0.00,0.00,0.00,0.00,2,0
2026-06-12 16:43:04.471,0.00,0.00,0.00,0.00,2,0
2026-06-12 16:43:04.521,0.00,0.00,0.00,0.00,2,0
2026-06-12 16:43:04.572,0.00,0.00,0.00,0.00,2,0
2026-06-12 16:43:04.622,0.00,0.00,0.00,0.00,2,0
2026-06-12 16:43:04.673,0.00,0.00,0.00,0.00,2,0
2026-06-12 16:43:04.723,0.00,0.00,0.00,0.00,2,0
2026-06-12 16:43:04.773,0.00,0.00,0.00,0.00,2,0
2026-06-12 16:43:04.824,0.00,0.00,0.00,0.00,2,0
2026-06-12 16:43:04.874,0.00,0.00,0.00,0.00,2,0
2026-06-12 16:43:04.925,0.00,0.00,0.00,0.00,2,0
2026-06-12 16:43:04.975,0.00,0.00,0.00,0.00,2,0
2026-06-12 16:43:05.025,0.00,0.00,0.00,0.00,2,0
2026-06-12 16:43:05.076,0.00,0.00,0.00,0.00,2,0
2026-06-12 16:43:05.126,0.00,0.00,0.00,0.00,2,0
2026-06-12 16:43:05.177,0.00,0.00,0.00,0.00,2,0
2026-06-12 16:43:05.227,0.00,0.00,0.00,0.00,2,0
2026-06-12 16:43:05.277,0.00,0.00,0.00,0.00,2,0
2026-06-12 16:43:05.328,0.00,0.00,0.00,0.00,2,0
2026-06-12 16:43:05.378,0.00,0.00,0.00,0.00,2,0
2026-06-12 16:43:05.429,0.00,0.00,0.00,0.00,2,0
2026-06-12 16:43:05.479,0.00,0.00,0.00,0.00,2,0
2026-06-12 16:43:05.529,0.00,0.00,0.00,0.00,2,0
2026-06-12 16:43:05.580,0.00,0.00,0.00,0.00,2,0
2026-06-12 16:43:05.630,0.00,0.00,0.00,0.00,2,0
2026-06-12 16:43:05.681,0.00,0.00,0.00,0.00,2,0
2026-06-12 16:43:05.731,0.00,0.00,0.00,0.00,2,0
2026-06-12 16:43:05.781,0.00,0.00,0.00,0.00,2,0
2026-06-12 16:43:05.832,0.00,0.00,0.00,0.00,2,0
2026-06-12 16:43:05.882,0.00,0.00,0.00,0.00,2,0
2026-06-12 16:43:05.933,0.00,0.00,0.00,0.00,2,0
2026-06-12 16:43:05.983,0.00,0.00,0.00,0.00,2,0
2026-06-12 16:43:06.033,0.00,0.00,0.00,0.00,2,0
2026-06-12 16:43:06.084,0.00,0.00,0.00,0.00,2,0
2026-06-12 16:43:06.135,0.00,0.00,0.00,0.00,2,0
2026-06-12 16:43:06.185,0.00,0.00,0.00,0.00,2,0
2026-06-12 16:43:06.235,0.00,0.00,0.00,0.00,2,0
2026-06-12 16:43:06.285,0.00,0.00,0.00,0.00,2,0
2026-06-12 16:43:06.336,0.00,0.00,0.00,0.00,2,0
2026-06-12 16:43:06.386,0.00,0.00,0.00,0.00,2,0
2026-06-12 16:43:06.436,0.00,0.00,0.00,0.00,2,0
2026-06-12 16:43:06.487,0.00,0.00,0.00,0.00,2,0
2026-06-12 16:43:06.537,0.00,0.00,0.00,0.00,2,0
2026-06-12 16:43:06.588,0.00,0.00,0.00,0.00,2,0
2026-06-12 16:43:06.638,0.00,0.00,0.00,0.00,2,0
2026-06-12 16:43:06.689,0.00,0.00,0.00,0.00,2,0
2026-06-12 16:43:06.739,0.00,0.00,0.00,0.00,2,0
2026-06-12 16:43:06.789,0.00,0.00,0.00,0.00,2,0
2026-06-12 16:43:06.840,0.00,0.00,0.00,0.00,2,0
2026-06-12 16:43:06.890,0.00,0.00,0.00,0.00,2,0
2026-06-12 16:43:06.940,0.00,0.00,0.00,0.00,2,0
2026-06-12 16:43:06.991,0.00,0.00,0.00,0.00,2,0
2026-06-12 16:43:07.041,0.00,0.00,0.00,0.00,2,0
2026-06-12 16:43:07.092,0.00,0.00,0.00,0.00,2,0
2026-06-12 16:43:07.142,0.00,0.00,0.00,0.00,2,0
2026-06-12 16:43:07.193,0.00,0.00,0.00,0.00,2,0
2026-06-12 16:43:07.243,0.00,0.00,0.00,0.00,2,0
2026-06-12 16:43:07.293,0.00,0.00,0.00,0.00,2,0
2026-06-12 16:43:07.344,0.00,0.00,0.00,0.00,2,0
2026-06-12 16:43:07.394,0.00,0.00,0.00,0.00,2,0
2026-06-12 16:43:07.445,0.00,0.00,0.00,0.00,2,0
2026-06-12 16:43:07.501,0.00,0.00,0.00,0.00,2,0
2026-06-12 16:43:07.545,0.00,0.00,0.00,0.00,2,0
2026-06-12 16:43:07.596,0.00,0.00,0.00,0.00,2,0
2026-06-12 16:43:07.646,0.00,0.00,0.00,0.00,2,0
2026-06-12 16:43:07.696,0.00,0.00,0.00,0.00,2,0
2026-06-12 16:43:07.747,0.00,0.00,0.00,0.00,2,0
2026-06-12 16:43:07.797,0.00,0.00,0.00,0.00,2,0
2026-06-12 16:43:07.848,0.00,0.00,0.00,0.00,2,0
2026-06-12 16:43:07.898,0.00,0.00,0.00,0.00,2,0
2026-06-12 16:43:07.948,0.00,0.00,0.00,0.00,2,0
2026-06-12 16:43:07.999,0.00,0.00,0.00,0.00,2,0
2026-06-12 16:43:08.049,0.00,0.00,0.00,0.00,2,0
2026-06-12 16:43:08.100,0.00,0.00,0.00,0.00,2,0
2026-06-12 16:43:08.150,0.00,0.00,0.00,0.00,2,0
2026-06-12 16:43:08.200,0.00,0.00,0.00,0.00,2,0
2026-06-12 16:43:08.251,0.00,0.00,0.00,0.00,2,0
2026-06-12 16:43:08.301,0.00,0.00,0.00,0.00,2,0
2026-06-12 16:43:08.352,0.00,0.00,0.00,0.00,2,0
2026-06-12 16:43:08.402,0.00,0.00,0.00,0.00,2,0
2026-06-12 16:43:08.453,0.00,0.00,0.00,0.00,2,0
2026-06-12 16:43:08.503,0.00,0.00,0.00,0.00,2,0
2026-06-12 16:43:08.553,0.00,0.00,0.00,0.00,2,0
2026-06-12 16:43:08.604,0.00,0.00,0.00,0.00,2,0
2026-06-12 16:43:08.655,0.00,0.00,0.00,0.00,2,0
2026-06-12 16:43:08.705,0.00,0.00,0.00,0.00,2,0
2026-06-12 16:43:08.756,0.00,0.00,0.00,0.00,2,0
2026-06-12 16:43:08.805,0.00,0.00,0.00,0.00,2,0
2026-06-12 16:43:08.856,0.00,0.00,0.00,0.00,2,0
2026-06-12 16:43:08.906,0.00,0.00,0.00,0.00,2,0
2026-06-12 16:43:08.956,0.00,0.00,0.00,0.00,2,0
2026-06-12 16:43:09.007,0.00,0.00,0.00,0.00,2,0
2026-06-12 16:43:09.057,0.00,0.00,0.00,0.00,2,0
2026-06-12 16:43:09.108,0.00,0.00,0.00,0.00,2,0
2026-06-12 16:43:09.158,0.00,0.00,0.00,0.00,2,0
2026-06-12 16:43:09.208,0.00,0.00,0.00,0.00,2,0
2026-06-12 16:43:09.259,0.00,0.00,0.00,0.00,2,0
2026-06-12 16:43:09.309,0.00,0.00,0.00,0.00,2,0
2026-06-12 16:43:09.360,0.00,0.00,0.00,0.00,2,0
2026-06-12 16:43:09.410,0.00,0.00,0.00,0.00,2,0
2026-06-12 16:43:09.460,0.00,0.00,0.00,0.00,2,0
2026-06-12 16:43:09.511,0.00,0.00,0.00,0.00,2,0
2026-06-12 16:43:09.561,0.00,0.00,0.00,0.00,2,0
2026-06-12 16:43:09.612,0.00,0.00,0.00,0.00,2,0
2026-06-12 16:43:09.662,0.00,0.00,0.00,0.00,2,0
2026-06-12 16:43:09.712,0.00,0.00,0.00,0.00,2,0
2026-06-12 16:43:09.763,0.00,0.00,0.00,0.00,2,0
2026-06-12 16:43:09.813,0.00,0.00,0.00,0.00,2,0
2026-06-12 16:43:09.863,0.00,0.00,0.00,0.00,2,0
2026-06-12 16:43:09.914,0.00,0.00,0.00,0.00,2,0
2026-06-12 16:43:09.965,0.00,0.00,0.00,0.00,2,0
2026-06-12 16:43:10.015,0.00,0.00,0.00,0.00,2,0
2026-06-12 16:43:10.065,0.00,0.00,0.00,0.00,2,0
2026-06-12 16:43:10.115,0.00,0.00,0.00,0.00,2,0
2026-06-12 16:43:10.166,0.00,0.00,0.00,0.00,2,0
2026-06-12 16:43:10.216,0.00,0.00,0.00,0.00,2,0
2026-06-12 16:43:10.267,0.00,0.00,0.00,0.00,2,0
2026-06-12 16:43:10.317,0.00,0.00,0.00,0.00,2,0
2026-06-12 16:43:10.368,0.00,0.00,0.00,0.00,2,0
2026-06-12 16:43:10.418,0.00,0.00,0.00,0.00,2,0
2026-06-12 16:43:10.468,0.00,0.00,0.00,0.00,2,0
2026-06-12 16:43:10.519,0.00,0.00,0.00,0.00,2,0
2026-06-12 16:43:10.569,0.00,0.00,0.00,0.00,2,0
2026-06-12 16:43:10.619,0.00,0.00,0.00,0.00,2,0
2026-06-12 16:43:10.670,0.00,0.00,0.00,0.00,2,0
2026-06-12 16:43:10.720,0.00,0.00,0.00,0.00,2,0
2026-06-12 16:43:10.771,0.00,0.00,0.00,0.00,2,0
2026-06-12 16:43:10.821,0.00,0.00,0.00,0.00,2,0
2026-06-12 16:43:10.871,0.00,0.00,0.00,0.00,2,0
2026-06-12 16:43:10.922,0.00,0.00,0.00,0.00,2,0
2026-06-12 16:43:10.972,0.00,0.00,0.00,0.00,2,0
2026-06-12 16:43:11.023,0.00,0.00,0.00,0.00,2,0
2026-06-12 16:43:11.073,0.00,0.00,0.00,0.00,2,0
2026-06-12 16:43:11.124,0.00,0.00,0.00,0.00,2,0
2026-06-12 16:43:11.175,0.00,0.00,0.00,0.00,2,0
2026-06-12 16:43:11.225,0.00,0.00,0.00,0.00,2,0
2026-06-12 16:43:11.275,0.00,0.00,0.00,0.00,2,0
2026-06-12 16:43:11.325,0.00,0.00,0.00,0.00,2,0
2026-06-12 16:43:11.375,0.00,0.00,0.00,0.00,2,0
2026-06-12 16:43:11.426,0.00,0.00,0.00,0.00,2,0
2026-06-12 16:43:11.476,0.00,0.00,0.00,0.00,2,0
2026-06-12 16:43:11.527,0.00,0.00,0.00,0.00,2,0
2026-06-12 16:43:11.577,0.00,0.00,0.00,0.00,2,0
2026-06-12 16:43:11.628,0.00,0.00,0.00,0.00,2,0
2026-06-12 16:43:11.678,0.00,0.00,0.00,0.00,2,0
2026-06-12 16:43:11.728,0.00,0.00,0.00,0.00,2,0
2026-06-12 16:43:11.779,0.00,0.00,0.00,0.00,2,0
2026-06-12 16:43:11.829,0.00,0.00,0.00,0.00,2,0
2026-06-12 16:43:11.879,0.00,0.00,0.00,0.00,2,0
2026-06-12 16:43:11.930,0.00,0.00,0.00,0.00,2,0
2026-06-12 16:43:11.980,0.00,0.00,0.00,0.00,2,0
2026-06-12 16:43:12.031,0.00,0.00,0.00,0.00,2,0
2026-06-12 16:43:12.081,0.00,0.00,0.00,0.00,2,0
2026-06-12 16:43:12.132,0.00,0.00,0.00,0.00,2,0
2026-06-12 16:43:12.182,0.00,0.00,0.00,0.00,2,0
2026-06-12 16:43:12.232,0.00,0.00,0.00,0.00,2,0
2026-06-12 16:43:12.283,0.00,0.00,0.00,0.00,2,0
2026-06-12 16:43:12.333,0.00,0.00,0.00,0.00,2,0
2026-06-12 16:43:12.383,0.00,0.00,0.00,0.00,2,0
2026-06-12 16:43:12.434,0.00,0.00,0.00,0.00,2,0
2026-06-12 16:43:12.485,0.00,0.00,0.00,0.00,2,0
2026-06-12 16:43:12.535,0.00,0.00,0.00,0.00,2,0
2026-06-12 16:43:12.585,0.00,0.00,0.00,0.00,2,0
2026-06-12 16:43:12.635,0.00,0.00,0.00,0.00,2,0
2026-06-12 16:43:12.686,0.00,0.00,0.00,0.00,2,0
2026-06-12 16:43:12.736,0.00,0.00,0.00,0.00,2,0
2026-06-12 16:43:12.787,0.00,0.00,0.00,0.00,2,0
2026-06-12 16:43:12.837,0.00,0.00,0.00,0.00,2,0
2026-06-12 16:43:12.887,0.00,0.00,0.00,0.00,2,0
2026-06-12 16:43:12.938,0.00,0.00,0.00,0.00,2,0
2026-06-12 16:43:12.988,0.00,0.00,0.00,0.00,2,0
2026-06-12 16:43:13.039,0.00,0.00,0.00,0.00,2,0
2026-06-12 16:43:13.089,0.00,0.00,0.00,0.00,2,0
2026-06-12 16:43:13.139,0.00,0.00,0.00,0.00,2,0
2026-06-12 16:43:13.190,0.00,0.00,0.00,0.00,2,0
2026-06-12 16:43:13.240,0.00,0.00,0.00,0.00,2,0
2026-06-12 16:43:13.291,0.00,0.00,0.00,0.00,2,0
2026-06-12 16:43:13.341,0.00,0.00,0.00,0.00,2,0
2026-06-12 16:43:13.391,0.00,0.00,0.00,0.00,2,0
2026-06-12 16:43:13.442,0.00,0.00,0.00,0.00,2,0
2026-06-12 16:43:13.495,0.00,0.00,0.00,0.00,2,0
2026-06-12 16:43:13.543,0.00,0.00,0.00,0.00,2,0
2026-06-12 16:43:13.593,0.00,0.00,0.00,0.00,2,0
2026-06-12 16:43:13.643,0.00,0.00,0.00,0.00,2,0
2026-06-12 16:43:13.694,0.00,0.00,0.00,0.00,2,0
2026-06-12 16:43:13.745,0.00,0.00,0.00,0.00,2,0
2026-06-12 16:43:13.794,0.00,0.00,0.00,0.00,2,0
2026-06-12 16:43:13.845,0.00,0.00,0.00,0.00,2,0
2026-06-12 16:43:13.896,0.00,0.00,0.00,0.00,2,0
2026-06-12 16:43:13.946,0.00,0.00,0.00,0.00,2,0
2026-06-12 16:43:13.996,0.00,0.00,0.00,0.00,2,0
2026-06-12 16:43:14.046,0.00,0.00,0.00,0.00,2,0
2026-06-12 16:43:14.097,0.00,0.00,0.00,0.00,2,0
2026-06-12 16:43:14.147,0.00,0.00,0.00,0.00,2,0
2026-06-12 16:43:14.198,0.00,0.00,0.00,0.00,2,0
2026-06-12 16:43:14.248,0.00,0.00,0.00,0.00,2,0
2026-06-12 16:43:14.298,0.00,0.00,0.00,0.00,2,0
2026-06-12 16:43:14.349,0.00,0.00,0.00,0.00,2,0
2026-06-12 16:43:14.399,0.00,0.00,0.00,0.00,2,0
2026-06-12 16:43:14.450,0.00,0.00,0.00,0.00,2,0
2026-06-12 16:43:14.500,0.00,0.00,0.00,0.00,2,0
2026-06-12 16:43:14.550,0.00,0.00,0.00,0.00,2,0
2026-06-12 16:43:14.601,0.00,0.00,0.00,0.00,2,0
2026-06-12 16:43:14.651,0.00,0.00,0.00,0.00,2,0
2026-06-12 16:43:14.702,0.00,0.00,0.00,0.00,2,0
2026-06-12 16:43:14.752,0.00,0.00,0.00,0.00,2,0
2026-06-12 16:43:14.802,0.00,0.00,0.00,0.00,2,0
2026-06-12 16:43:14.853,0.00,0.00,0.00,0.00,2,0
2026-06-12 16:43:14.903,0.00,0.00,0.00,0.00,2,0
2026-06-12 16:43:14.954,0.00,0.00,0.00,0.00,2,0
2026-06-12 16:43:15.005,0.00,0.00,0.00,0.00,2,0
2026-06-12 16:43:15.055,0.00,0.00,0.00,0.00,2,0
2026-06-12 16:43:15.107,0.00,0.00,0.00,0.00,2,0
2026-06-12 16:43:15.155,0.00,0.00,0.00,0.00,2,0
2026-06-12 16:43:15.206,0.00,0.00,0.00,0.00,2,0
2026-06-12 16:43:15.256,0.00,0.00,0.00,0.00,2,0
2026-06-12 16:43:15.306,0.00,0.00,0.00,0.00,2,0
2026-06-12 16:43:15.357,0.00,0.00,0.00,0.00,2,0
2026-06-12 16:43:15.407,0.00,0.00,0.00,0.00,2,0
2026-06-12 16:43:15.458,0.00,0.00,0.00,0.00,2,0
2026-06-12 16:43:15.508,0.00,0.00,0.00,0.00,2,0
2026-06-12 16:43:15.558,0.00,0.00,0.00,0.00,2,0
2026-06-12 16:43:15.609,0.00,0.00,0.00,0.00,2,0
2026-06-12 16:43:15.659,0.00,0.00,0.00,0.00,2,0
2026-06-12 16:43:15.710,0.00,0.00,0.00,0.00,2,0
2026-06-12 16:43:15.760,0.00,0.00,0.00,0.00,2,0
2026-06-12 16:43:15.810,0.00,0.00,0.00,0.00,2,0
2026-06-12 16:43:15.861,0.00,0.00,0.00,0.00,2,0
2026-06-12 16:43:15.911,0.00,0.00,0.00,0.00,2,0
2026-06-12 16:43:15.962,0.00,0.00,0.00,0.00,2,0
2026-06-12 16:43:16.012,0.00,0.00,0.00,0.00,2,0
2026-06-12 16:43:16.062,0.00,0.00,0.00,0.00,2,0
2026-06-12 16:43:16.113,0.00,0.00,0.00,0.00,2,0
2026-06-12 16:43:16.163,0.00,0.00,0.00,0.00,2,0
2026-06-12 16:43:16.214,0.00,0.00,0.00,0.00,2,0
2026-06-12 16:43:16.265,0.00,0.00,0.00,0.00,2,0
2026-06-12 16:43:16.315,0.00,0.00,0.00,0.00,2,0
2026-06-12 16:43:16.365,0.00,0.00,0.00,0.00,2,0
2026-06-12 16:43:16.415,0.00,0.00,0.00,0.00,2,0
2026-06-12 16:43:16.465,0.00,0.00,0.00,0.00,2,0
2026-06-12 16:43:16.516,0.00,0.00,0.00,0.00,2,0
2026-06-12 16:43:16.566,0.00,0.00,0.00,0.00,2,0
2026-06-12 16:43:16.617,0.00,0.00,0.00,0.00,2,0
2026-06-12 16:43:16.669,0.00,0.00,0.00,0.00,2,0
2026-06-12 16:43:16.718,0.00,0.00,0.00,0.00,2,0
2026-06-12 16:43:16.768,0.00,0.00,0.00,0.00,2,0
