Timestamp,Speed_kmh,Accel_ms2,Raw_RPM,Filtered_RPM,Brake_State,Control_Mode
2026-06-12 18:18:34.599,0.00,0.00,0.00,0.00,0,0
2026-06-12 18:18:34.648,0.00,0.00,0.00,0.00,2,0
2026-06-12 18:18:34.699,0.00,0.00,0.00,0.00,2,0
2026-06-12 18:18:34.749,0.00,0.00,0.00,0.00,2,0
2026-06-12 18:18:34.804,0.00,0.00,0.00,0.00,2,0
2026-06-12 18:18:34.850,0.00,0.00,0.00,0.00,2,0
2026-06-12 18:18:34.900,0.00,0.00,0.00,0.00,2,0
2026-06-12 18:18:34.951,0.00,0.00,0.00,0.00,2,0
2026-06-12 18:18:35.002,0.00,0.00,0.00,0.00,2,0
2026-06-12 18:18:35.051,0.00,0.00,0.00,0.00,2,0
2026-06-12 18:18:35.102,0.00,0.00,0.00,0.00,2,0
2026-06-12 18:18:35.153,0.00,0.00,0.00,0.00,2,0
2026-06-12 18:18:35.203,0.00,0.00,0.00,0.00,2,0
2026-06-12 18:18:35.253,0.00,0.00,0.00,0.00,2,0
2026-06-12 18:18:35.304,0.00,0.00,0.00,0.00,2,0
2026-06-12 18:18:35.354,0.00,0.00,0.00,0.00,2,0
2026-06-12 18:18:35.404,0.00,0.00,0.00,0.00,2,0
2026-06-12 18:18:35.455,0.00,0.00,0.00,0.00,2,0
2026-06-12 18:18:35.505,0.00,0.00,0.00,0.00,2,0
2026-06-12 18:18:35.556,0.00,0.00,0.00,0.00,2,0
2026-06-12 18:18:35.606,0.00,0.00,0.00,0.00,2,0
2026-06-12 18:18:35.656,0.00,0.00,0.00,0.00,2,0
2026-06-12 18:18:35.707,0.00,0.00,0.00,0.00,2,0
2026-06-12 18:18:35.757,0.00,0.00,0.00,0.00,2,0
2026-06-12 18:18:35.808,0.00,0.00,0.00,0.00,2,0
2026-06-12 18:18:35.858,0.00,0.00,0.00,0.00,2,0
2026-06-12 18:18:35.908,0.00,0.00,0.00,0.00,2,0
2026-06-12 18:18:35.960,0.00,0.00,0.00,0.00,2,0
2026-06-12 18:18:36.009,0.00,0.00,0.00,0.00,2,0
2026-06-12 18:18:36.060,0.00,0.00,0.00,0.00,2,0
2026-06-12 18:18:36.110,0.00,0.00,0.00,0.00,2,0
2026-06-12 18:18:36.161,0.00,0.00,0.00,0.00,2,0
2026-06-12 18:18:36.211,0.00,0.00,0.00,0.00,2,0
2026-06-12 18:18:36.261,0.00,0.00,0.00,0.00,2,0
2026-06-12 18:18:36.311,0.00,0.00,0.00,0.00,2,0
2026-06-12 18:18:36.362,0.00,0.00,0.00,0.00,2,0
2026-06-12 18:18:36.412,0.00,0.00,0.00,0.00,2,0
2026-06-12 18:18:36.463,0.00,0.00,0.00,0.00,2,0
2026-06-12 18:18:36.513,0.00,0.00,0.00,0.00,2,0
2026-06-12 18:18:36.564,0.00,0.00,0.00,0.00,2,0
2026-06-12 18:18:36.614,0.00,0.00,0.00,0.00,2,0
2026-06-12 18:18:36.664,0.00,0.00,0.00,0.00,2,0
2026-06-12 18:18:36.715,0.00,0.00,0.00,0.00,2,0
2026-06-12 18:18:36.765,0.00,0.00,0.00,0.00,2,0
2026-06-12 18:18:36.815,0.00,0.00,0.00,0.00,2,0
2026-06-12 18:18:36.866,0.00,0.00,0.00,0.00,2,0
2026-06-12 18:18:36.916,0.00,0.00,0.00,0.00,2,0
2026-06-12 18:18:36.967,0.00,0.00,0.00,0.00,2,0
2026-06-12 18:18:37.017,0.00,0.00,0.00,0.00,2,0
2026-06-12 18:18:37.067,0.00,0.00,0.00,0.00,2,0
2026-06-12 18:18:37.118,0.00,0.00,0.00,0.00,2,0
2026-06-12 18:18:37.169,0.00,0.00,0.00,0.00,2,0
2026-06-12 18:18:37.220,0.00,0.00,0.00,0.00,2,0
2026-06-12 18:18:37.269,0.00,0.00,0.00,0.00,2,0
2026-06-12 18:18:37.320,0.00,0.00,0.00,0.00,2,0
2026-06-12 18:18:37.370,0.00,0.00,0.00,0.00,2,0
2026-06-12 18:18:37.420,0.00,0.00,0.00,0.00,2,0
2026-06-12 18:18:37.471,0.00,0.00,0.00,0.00,2,0
2026-06-12 18:18:37.532,0.00,0.00,0.00,0.00,2,0
2026-06-12 18:18:37.571,0.00,0.00,0.00,0.00,2,0
2026-06-12 18:18:37.622,0.00,0.00,0.00,0.00,2,0
2026-06-12 18:18:37.672,0.00,0.00,0.00,0.00,2,0
2026-06-12 18:18:37.723,0.00,0.00,0.00,0.00,2,0
2026-06-12 18:18:37.773,0.00,0.00,0.00,0.00,2,0
2026-06-12 18:18:37.823,0.00,0.00,0.00,0.00,2,0
2026-06-12 18:18:37.874,0.00,0.00,0.00,0.00,2,0
2026-06-12 18:18:37.924,0.00,0.00,0.00,0.00,2,0
2026-06-12 18:18:37.975,0.00,0.00,0.00,0.00,2,0
2026-06-12 18:18:38.025,0.00,0.00,0.00,0.00,2,0
2026-06-12 18:18:38.076,0.00,0.00,0.00,0.00,2,0
2026-06-12 18:18:38.126,0.00,0.00,0.00,0.00,2,0
2026-06-12 18:18:38.176,0.00,0.00,0.00,0.00,2,0
2026-06-12 18:18:38.227,0.00,0.00,0.00,0.00,2,0
2026-06-12 18:18:38.277,0.00,0.00,0.00,0.00,2,0
2026-06-12 18:18:38.328,0.00,0.00,0.00,0.00,2,0
2026-06-12 18:18:38.378,0.00,0.00,0.00,0.00,2,0
2026-06-12 18:18:38.429,0.00,0.00,0.00,0.00,2,0
2026-06-12 18:18:38.479,0.00,0.00,0.00,0.00,2,0
2026-06-12 18:18:38.529,0.00,0.00,0.00,0.00,2,0
2026-06-12 18:18:38.579,0.00,0.00,0.00,0.00,2,0
2026-06-12 18:18:38.630,0.00,0.00,0.00,0.00,2,0
2026-06-12 18:18:38.680,0.00,0.00,0.00,0.00,2,0
2026-06-12 18:18:38.731,0.00,0.00,0.00,0.00,2,0
2026-06-12 18:18:38.781,0.00,0.00,0.00,0.00,2,0
2026-06-12 18:18:38.831,0.00,0.00,0.00,0.00,2,0
2026-06-12 18:18:38.882,0.00,0.00,0.00,0.00,2,0
2026-06-12 18:18:38.932,0.00,0.00,0.00,0.00,2,0
2026-06-12 18:18:38.983,0.00,0.00,0.00,0.00,2,0
2026-06-12 18:18:39.033,0.00,0.00,0.00,0.00,2,0
2026-06-12 18:18:39.084,0.00,0.00,0.00,0.00,2,0
2026-06-12 18:18:39.134,0.00,0.00,0.00,0.00,2,0
2026-06-12 18:18:39.184,0.00,0.00,0.00,0.00,2,0
2026-06-12 18:18:39.235,0.00,0.00,0.00,0.00,2,0
2026-06-12 18:18:39.285,0.00,0.00,0.00,0.00,2,0
2026-06-12 18:18:39.336,0.00,0.00,0.00,0.00,2,0
2026-06-12 18:18:39.386,0.00,0.00,0.00,0.00,2,0
2026-06-12 18:18:39.436,0.00,0.00,0.00,0.00,2,0
2026-06-12 18:18:39.487,0.00,0.00,0.00,0.00,2,0
2026-06-12 18:18:39.537,0.00,0.00,0.00,0.00,2,0
2026-06-12 18:18:39.588,0.00,0.00,0.00,0.00,2,0
2026-06-12 18:18:39.638,0.00,0.00,0.00,0.00,2,0
2026-06-12 18:18:39.689,0.00,0.00,0.00,0.00,2,0
2026-06-12 18:18:39.739,0.00,0.00,0.00,0.00,2,0
2026-06-12 18:18:39.789,0.00,0.00,0.00,0.00,2,0
2026-06-12 18:18:39.839,0.00,0.00,0.00,0.00,2,0
2026-06-12 18:18:39.890,0.00,0.00,0.00,0.00,2,0
2026-06-12 18:18:39.940,0.00,0.00,0.00,0.00,2,0
2026-06-12 18:18:39.991,0.00,0.00,0.00,0.00,2,0
2026-06-12 18:18:40.041,0.00,0.00,0.00,0.00,2,0
2026-06-12 18:18:40.091,0.00,0.00,0.00,0.00,2,0
2026-06-12 18:18:40.142,0.00,0.00,0.00,0.00,2,0
2026-06-12 18:18:40.192,0.00,0.00,0.00,0.00,2,0
2026-06-12 18:18:40.243,0.00,0.00,0.00,0.00,2,0
2026-06-12 18:18:40.293,0.00,0.00,0.00,0.00,2,0
2026-06-12 18:18:40.343,0.00,0.00,0.00,0.00,2,0
2026-06-12 18:18:40.394,0.00,0.00,0.00,0.00,2,0
2026-06-12 18:18:40.444,0.00,0.00,0.00,0.00,2,0
2026-06-12 18:18:40.495,0.00,0.00,0.00,0.00,2,0
2026-06-12 18:18:40.545,0.00,0.00,0.00,0.00,2,0
2026-06-12 18:18:40.595,0.00,0.00,0.00,0.00,2,0
2026-06-12 18:18:40.646,0.00,0.00,0.00,0.00,2,0
2026-06-12 18:18:40.696,0.00,0.00,0.00,0.00,2,0
2026-06-12 18:18:40.747,0.00,0.00,0.00,0.00,2,0
2026-06-12 18:18:40.797,0.00,0.00,0.00,0.00,2,0
2026-06-12 18:18:40.852,0.00,0.00,0.00,0.00,2,0
2026-06-12 18:18:40.898,0.00,0.00,0.00,0.00,2,0
2026-06-12 18:18:40.948,0.00,0.00,0.00,0.00,2,0
2026-06-12 18:18:40.999,0.00,0.00,0.00,0.00,2,0
2026-06-12 18:18:41.049,0.00,0.00,0.00,0.00,2,0
2026-06-12 18:18:41.099,0.00,0.00,0.00,0.00,2,0
2026-06-12 18:18:41.150,0.00,0.00,0.00,0.00,2,0
2026-06-12 18:18:41.200,0.00,0.00,0.00,0.00,2,0
2026-06-12 18:18:41.251,0.00,0.00,0.00,0.00,2,0
2026-06-12 18:18:41.301,0.00,0.00,0.00,0.00,2,0
2026-06-12 18:18:41.351,0.00,0.00,0.00,0.00,2,0
2026-06-12 18:18:41.402,0.00,0.00,0.00,0.00,2,0
2026-06-12 18:18:41.453,0.00,0.00,0.00,0.00,2,0
2026-06-12 18:18:41.503,0.00,0.00,0.00,0.00,2,0
2026-06-12 18:18:41.553,0.00,0.00,0.00,0.00,2,0
2026-06-12 18:18:41.603,0.00,0.00,0.00,0.00,2,0
2026-06-12 18:18:41.654,0.00,0.00,0.00,0.00,2,0
2026-06-12 18:18:41.704,0.00,0.00,0.00,0.00,2,0
2026-06-12 18:18:41.755,0.00,0.00,0.00,0.00,2,0
2026-06-12 18:18:41.805,0.00,0.00,0.00,0.00,2,0
2026-06-12 18:18:41.855,0.00,0.00,0.00,0.00,2,0
2026-06-12 18:18:41.906,0.00,0.00,0.00,0.00,2,0
2026-06-12 18:18:41.956,0.00,0.00,0.00,0.00,2,0
2026-06-12 18:18:42.007,0.00,0.00,0.00,0.00,2,0
2026-06-12 18:18:42.057,0.00,0.00,0.00,0.00,2,0
2026-06-12 18:18:42.107,0.00,0.00,0.00,0.00,2,0
2026-06-12 18:18:42.158,0.00,0.00,0.00,0.00,2,0
2026-06-12 18:18:42.209,0.00,0.00,0.00,0.00,2,0
2026-06-12 18:18:42.259,0.00,0.00,0.00,0.00,2,0
2026-06-12 18:18:42.309,0.00,0.00,0.00,0.00,2,0
2026-06-12 18:18:42.360,0.00,0.00,0.00,0.00,2,0
2026-06-12 18:18:42.410,0.00,0.00,0.00,0.00,2,0
2026-06-12 18:18:42.460,0.00,0.00,0.00,0.00,2,0
2026-06-12 18:18:42.511,0.00,0.00,0.00,0.00,2,0
2026-06-12 18:18:42.561,0.00,0.00,0.00,0.00,2,0
2026-06-12 18:18:42.611,0.00,0.00,0.00,0.00,2,0
2026-06-12 18:18:42.662,0.00,0.00,0.00,0.00,2,0
2026-06-12 18:18:42.712,0.00,0.00,0.00,0.00,2,0
2026-06-12 18:18:42.763,0.00,0.00,0.00,0.00,2,0
2026-06-12 18:18:42.813,0.00,0.00,0.00,0.00,2,0
2026-06-12 18:18:42.863,0.00,0.00,0.00,0.00,2,0
2026-06-12 18:18:42.914,0.00,0.00,0.00,0.00,2,0
2026-06-12 18:18:42.964,0.00,0.00,0.00,0.00,2,0
2026-06-12 18:18:43.014,0.00,0.00,0.00,0.00,2,0
2026-06-12 18:18:43.065,0.00,0.00,0.00,0.00,2,0
2026-06-12 18:18:43.115,0.00,0.00,0.00,0.00,2,0
2026-06-12 18:18:43.166,0.00,0.00,0.00,0.00,2,0
2026-06-12 18:18:43.216,0.00,0.00,0.00,0.00,2,0
2026-06-12 18:18:43.266,0.00,0.00,0.00,0.00,2,0
2026-06-12 18:18:43.317,0.00,0.00,0.00,0.00,2,0
2026-06-12 18:18:43.367,0.00,0.00,0.00,0.00,2,0
2026-06-12 18:18:43.418,0.00,0.00,0.00,0.00,2,0
2026-06-12 18:18:43.468,0.00,0.00,0.00,0.00,2,0
2026-06-12 18:18:43.519,0.00,0.00,0.00,0.00,2,0
2026-06-12 18:18:43.569,0.00,0.00,0.00,0.00,2,0
2026-06-12 18:18:43.619,0.00,0.00,0.00,0.00,2,0
2026-06-12 18:18:43.670,0.00,0.00,0.00,0.00,2,0
2026-06-12 18:18:43.720,0.00,0.00,0.00,0.00,2,0
2026-06-12 18:18:43.771,0.00,0.00,0.00,0.00,2,0
2026-06-12 18:18:43.821,0.00,0.00,0.00,0.00,2,0
2026-06-12 18:18:43.871,0.00,0.00,0.00,0.00,2,0
2026-06-12 18:18:43.923,0.00,0.00,0.00,0.00,2,0
2026-06-12 18:18:43.972,0.00,0.00,0.00,0.00,2,0
2026-06-12 18:18:44.023,0.00,0.00,0.00,0.00,2,0
2026-06-12 18:18:44.073,0.00,0.00,0.00,0.00,2,0
2026-06-12 18:18:44.123,0.00,0.00,0.00,0.00,2,0
2026-06-12 18:18:44.174,0.00,0.00,0.00,0.00,2,0
2026-06-12 18:18:44.224,0.00,0.00,0.00,0.00,2,0
2026-06-12 18:18:44.274,0.00,0.00,0.00,0.00,2,0
2026-06-12 18:18:44.325,0.00,0.00,0.00,0.00,2,0
2026-06-12 18:18:44.375,0.00,0.00,0.00,0.00,2,0
2026-06-12 18:18:44.426,0.00,0.00,0.00,0.00,2,0
2026-06-12 18:18:44.476,0.00,0.00,0.00,0.00,2,0
2026-06-12 18:18:44.526,0.00,0.00,0.00,0.00,2,0
2026-06-12 18:18:44.577,0.00,0.00,0.00,0.00,2,0
2026-06-12 18:18:44.627,0.00,0.00,0.00,0.00,2,0
2026-06-12 18:18:44.678,0.00,0.00,0.00,0.00,2,0
2026-06-12 18:18:44.729,0.00,0.00,0.00,0.00,2,0
2026-06-12 18:18:44.779,0.00,0.00,0.00,0.00,2,0
2026-06-12 18:18:44.829,0.00,0.00,0.00,0.00,2,0
2026-06-12 18:18:44.879,0.00,0.00,0.00,0.00,2,0
2026-06-12 18:18:44.930,0.00,0.00,0.00,0.00,2,0
2026-06-12 18:18:44.980,0.00,0.00,0.00,0.00,2,0
2026-06-12 18:18:45.031,0.00,0.00,0.00,0.00,2,0
2026-06-12 18:18:45.081,0.00,0.00,0.00,0.00,2,0
2026-06-12 18:18:45.131,0.00,0.00,0.00,0.00,2,0
2026-06-12 18:18:45.182,0.00,0.00,0.00,0.00,2,0
2026-06-12 18:18:45.232,0.00,0.00,0.00,0.00,2,0
2026-06-12 18:18:45.282,0.00,0.00,0.00,0.00,2,0
2026-06-12 18:18:45.333,0.00,0.00,0.00,0.00,2,0
2026-06-12 18:18:45.383,0.00,0.00,0.00,0.00,2,0
2026-06-12 18:18:45.434,0.00,0.00,0.00,0.00,2,0
2026-06-12 18:18:45.484,0.00,0.00,0.00,0.00,2,0
2026-06-12 18:18:45.534,0.00,0.00,0.00,0.00,2,0
2026-06-12 18:18:45.586,0.00,0.00,0.00,0.00,2,0
2026-06-12 18:18:45.635,0.00,0.00,0.00,0.00,2,0
2026-06-12 18:18:45.686,0.00,0.00,0.00,0.00,2,0
2026-06-12 18:18:45.736,0.00,0.00,0.00,0.00,2,0
2026-06-12 18:18:45.787,0.00,0.00,0.00,0.00,2,0
2026-06-12 18:18:45.837,0.00,0.00,0.00,0.00,2,0
2026-06-12 18:18:45.887,0.00,0.00,0.00,0.00,2,0
2026-06-12 18:18:45.938,0.00,0.00,0.00,0.00,2,0
2026-06-12 18:18:45.989,0.00,0.00,0.00,0.00,2,0
2026-06-12 18:18:46.039,0.00,0.00,0.00,0.00,2,0
2026-06-12 18:18:46.089,0.00,0.00,0.00,0.00,2,0
2026-06-12 18:18:46.139,0.00,0.00,0.00,0.00,2,0
2026-06-12 18:18:46.190,0.00,0.00,0.00,0.00,2,0
2026-06-12 18:18:46.240,0.00,0.00,0.00,0.00,2,0
2026-06-12 18:18:46.290,0.00,0.00,0.00,0.00,2,0
2026-06-12 18:18:46.341,0.00,0.00,0.00,0.00,2,0
2026-06-12 18:18:46.391,0.00,0.00,0.00,0.00,2,0
2026-06-12 18:18:46.442,0.00,0.00,0.00,0.00,2,0
2026-06-12 18:18:46.492,0.00,0.00,0.00,0.00,2,0
2026-06-12 18:18:46.542,0.00,0.00,0.00,0.00,2,0
2026-06-12 18:18:46.594,0.00,0.00,0.00,0.00,2,0
2026-06-12 18:18:46.643,0.00,0.00,0.00,0.00,2,0
2026-06-12 18:18:46.694,0.00,0.00,0.00,0.00,2,0
2026-06-12 18:18:46.744,0.00,0.00,0.00,0.00,2,0
2026-06-12 18:18:46.794,0.00,0.00,0.00,0.00,2,0
2026-06-12 18:18:46.845,0.00,0.00,0.00,0.00,2,0
2026-06-12 18:18:46.895,0.00,0.00,0.00,0.00,2,0
2026-06-12 18:18:46.946,0.00,0.00,0.00,0.00,2,0
2026-06-12 18:18:46.996,0.00,0.00,0.00,0.00,2,0
2026-06-12 18:18:47.047,0.00,0.00,0.00,0.00,2,0
2026-06-12 18:18:47.097,0.00,0.00,0.00,0.00,2,0
2026-06-12 18:18:47.147,0.00,0.00,0.00,0.00,2,0
2026-06-12 18:18:47.198,0.00,0.00,0.00,0.00,2,0
2026-06-12 18:18:47.248,0.00,0.00,0.00,0.00,2,0
2026-06-12 18:18:47.301,0.00,0.00,0.00,0.00,2,0
2026-06-12 18:18:47.349,0.00,0.00,0.00,0.00,2,0
2026-06-12 18:18:47.399,0.00,0.00,0.00,0.00,2,0
2026-06-12 18:18:47.450,0.00,0.00,0.00,0.00,2,0
2026-06-12 18:18:47.500,0.00,0.00,0.00,0.00,2,0
2026-06-12 18:18:47.550,0.00,0.00,0.00,0.00,2,0
2026-06-12 18:18:47.601,0.00,0.00,0.00,0.00,2,0
2026-06-12 18:18:47.651,0.00,0.00,0.00,0.00,2,0
2026-06-12 18:18:47.702,0.00,0.00,0.00,0.00,2,0
2026-06-12 18:18:47.753,0.00,0.00,0.00,0.00,2,0
2026-06-12 18:18:47.802,0.00,0.00,0.00,0.00,2,0
2026-06-12 18:18:47.853,0.00,0.00,0.00,0.00,2,0
2026-06-12 18:18:47.903,0.00,0.00,0.00,0.00,2,0
2026-06-12 18:18:47.954,0.00,0.00,0.00,0.00,2,0
2026-06-12 18:18:48.004,0.00,0.00,0.00,0.00,2,0
2026-06-12 18:18:48.054,0.00,0.00,0.00,0.00,2,0
2026-06-12 18:18:48.105,0.00,0.00,0.00,0.00,2,0
2026-06-12 18:18:48.155,0.00,0.00,0.00,0.00,2,0
2026-06-12 18:18:48.206,0.00,0.00,0.00,0.00,2,0
2026-06-12 18:18:48.256,0.00,0.00,0.00,0.00,2,0
2026-06-12 18:18:48.306,0.00,0.00,0.00,0.00,2,0
2026-06-12 18:18:48.357,0.00,0.00,0.00,0.00,2,0
2026-06-12 18:18:48.407,0.00,0.00,0.00,0.00,2,0
2026-06-12 18:18:48.458,0.00,0.00,0.00,0.00,2,0
2026-06-12 18:18:48.508,0.00,0.00,0.00,0.00,2,0
2026-06-12 18:18:48.558,0.00,0.00,0.00,0.00,2,0
2026-06-12 18:18:48.609,0.00,0.00,0.00,0.00,2,0
2026-06-12 18:18:48.659,0.00,0.00,0.00,0.00,2,0
2026-06-12 18:18:48.710,0.00,0.00,0.00,0.00,2,0
2026-06-12 18:18:48.760,0.00,0.00,0.00,0.00,2,0
2026-06-12 18:18:48.811,0.00,0.00,0.00,0.00,2,0
2026-06-12 18:18:48.861,0.00,0.00,0.00,0.00,2,0
2026-06-12 18:18:48.911,0.00,0.00,0.00,0.00,2,0
2026-06-12 18:18:48.962,0.00,0.00,0.00,0.00,2,0
2026-06-12 18:18:49.012,0.00,0.00,0.00,0.00,2,0
2026-06-12 18:18:49.063,0.00,0.00,0.00,0.00,2,0
2026-06-12 18:18:49.113,0.00,0.00,0.00,0.00,2,0
2026-06-12 18:18:49.163,0.00,0.00,0.00,0.00,2,0
2026-06-12 18:18:49.214,0.00,0.00,0.00,0.00,2,0
2026-06-12 18:18:49.264,0.00,0.00,0.00,0.00,2,0
2026-06-12 18:18:49.314,0.00,0.00,0.00,0.00,2,0
2026-06-12 18:18:49.365,0.00,0.00,0.00,0.00,2,0
2026-06-12 18:18:49.415,0.00,0.00,0.00,0.00,2,0
2026-06-12 18:18:49.466,0.00,0.00,0.00,0.00,2,0
2026-06-12 18:18:49.516,0.00,0.00,0.00,0.00,2,0
2026-06-12 18:18:49.566,0.00,0.00,0.00,0.00,2,0
2026-06-12 18:18:49.619,0.00,0.00,0.00,0.00,2,0
2026-06-12 18:18:49.667,0.00,0.00,0.00,0.00,2,0
2026-06-12 18:18:49.718,0.00,0.00,0.00,0.00,2,0
2026-06-12 18:18:49.769,0.00,0.00,0.00,0.00,2,0
2026-06-12 18:18:49.819,0.00,0.00,0.00,0.00,2,0
2026-06-12 18:18:49.869,0.00,0.00,0.00,0.00,2,0
2026-06-12 18:18:49.919,0.00,0.00,0.00,0.00,2,0
2026-06-12 18:18:49.970,0.00,0.00,0.00,0.00,2,0
2026-06-12 18:18:50.020,0.00,0.00,0.00,0.00,2,0
2026-06-12 18:18:50.070,0.00,0.00,0.00,0.00,2,0
2026-06-12 18:18:50.121,0.00,0.00,0.00,0.00,2,0
2026-06-12 18:18:50.171,0.00,0.00,0.00,0.00,2,0
2026-06-12 18:18:50.221,0.00,0.00,0.00,0.00,2,0
2026-06-12 18:18:50.272,0.00,0.00,0.00,0.00,2,0
2026-06-12 18:18:50.322,0.00,0.00,0.00,0.00,2,0
2026-06-12 18:18:50.373,0.00,0.00,0.00,0.00,2,0
2026-06-12 18:18:50.423,0.00,0.00,0.00,0.00,2,0
2026-06-12 18:18:50.474,0.00,0.00,0.00,0.00,2,0
2026-06-12 18:18:50.524,0.00,0.00,0.00,0.00,2,0
2026-06-12 18:18:50.574,0.00,0.00,0.00,0.00,2,0
2026-06-12 18:18:50.625,0.00,0.00,0.00,0.00,2,0
2026-06-12 18:18:50.676,0.00,0.00,0.00,0.00,2,0
2026-06-12 18:18:50.726,0.00,0.00,0.00,0.00,2,0
2026-06-12 18:18:50.776,0.00,0.00,0.00,0.00,2,0
2026-06-12 18:18:50.826,0.00,0.00,0.00,0.00,2,0
2026-06-12 18:18:50.877,0.00,0.00,0.00,0.00,2,0
2026-06-12 18:18:50.927,0.00,0.00,0.00,0.00,2,0
2026-06-12 18:18:50.978,0.00,0.00,0.00,0.00,2,0
2026-06-12 18:18:51.028,0.00,0.00,0.00,0.00,2,0
2026-06-12 18:18:51.078,0.00,0.00,0.00,0.00,2,0
2026-06-12 18:18:51.129,0.00,0.00,0.00,0.00,2,0
2026-06-12 18:18:51.179,0.00,0.00,0.00,0.00,2,0
2026-06-12 18:18:51.231,0.00,0.00,0.00,0.00,2,0
2026-06-12 18:18:51.280,0.00,0.00,0.00,0.00,2,0
2026-06-12 18:18:51.330,0.00,0.00,0.00,0.00,2,0
2026-06-12 18:18:51.381,0.00,0.00,0.00,0.00,2,0
2026-06-12 18:18:51.431,0.00,0.00,0.00,0.00,2,0
2026-06-12 18:18:51.482,0.00,0.00,0.00,0.00,2,0
2026-06-12 18:18:51.532,0.00,0.00,0.00,0.00,2,0
2026-06-12 18:18:51.582,0.00,0.00,0.00,0.00,2,0
2026-06-12 18:18:51.633,0.00,0.00,0.00,0.00,2,0
2026-06-12 18:18:51.683,0.00,0.00,0.00,0.00,2,0
2026-06-12 18:18:51.734,0.00,0.00,0.00,0.00,2,0
2026-06-12 18:18:51.784,0.00,0.00,0.00,0.00,2,0
2026-06-12 18:18:51.834,0.00,0.00,0.00,0.00,2,0
2026-06-12 18:18:51.885,0.00,0.00,0.00,0.00,2,0
2026-06-12 18:18:51.935,0.00,0.00,0.00,0.00,2,0
2026-06-12 18:18:51.986,0.00,0.00,0.00,0.00,2,0
2026-06-12 18:18:52.036,0.00,0.00,0.00,0.00,2,0
2026-06-12 18:18:52.086,0.00,0.00,0.00,0.00,2,0
2026-06-12 18:18:52.137,0.00,0.00,0.00,0.00,2,0
2026-06-12 18:18:52.187,0.00,0.00,0.00,0.00,2,0
2026-06-12 18:18:52.237,0.00,0.00,0.00,0.00,2,0
2026-06-12 18:18:52.288,0.00,0.00,0.00,0.00,2,0
2026-06-12 18:18:52.339,0.00,0.00,0.00,0.00,2,0
2026-06-12 18:18:52.389,0.00,0.00,0.00,0.00,2,0
2026-06-12 18:18:52.440,0.00,0.00,0.00,0.00,2,0
2026-06-12 18:18:52.489,0.00,0.00,0.00,0.00,2,0
2026-06-12 18:18:52.540,0.00,0.00,0.00,0.00,2,0
2026-06-12 18:18:52.590,0.00,0.00,0.00,0.00,2,0
2026-06-12 18:18:52.641,0.00,0.00,0.00,0.00,2,0
2026-06-12 18:18:52.691,0.00,0.00,0.00,0.00,2,0
2026-06-12 18:18:52.742,0.00,0.00,0.00,0.00,2,0
2026-06-12 18:18:52.792,0.00,0.00,0.00,0.00,2,0
2026-06-12 18:18:52.842,0.00,0.00,0.00,0.00,2,0
2026-06-12 18:18:52.893,0.00,0.00,0.00,0.00,2,0
2026-06-12 18:18:52.943,0.00,0.00,0.00,0.00,2,0
2026-06-12 18:18:52.994,0.00,0.00,0.00,0.00,2,0
2026-06-12 18:18:53.044,0.00,0.00,0.00,0.00,2,0
2026-06-12 18:18:53.094,0.00,0.00,0.00,0.00,2,0
2026-06-12 18:18:53.145,0.00,0.00,0.00,0.00,2,0
2026-06-12 18:18:53.195,0.00,0.00,0.00,0.00,2,0
2026-06-12 18:18:53.246,0.00,0.00,0.00,0.00,2,0
2026-06-12 18:18:53.296,0.00,0.00,0.00,0.00,2,0
2026-06-12 18:18:53.346,0.00,0.00,0.00,0.00,2,0
2026-06-12 18:18:53.397,0.00,0.00,0.00,0.00,2,0
2026-06-12 18:18:53.447,0.00,0.00,0.00,0.00,2,0
2026-06-12 18:18:53.498,0.00,0.00,0.00,0.00,2,0
2026-06-12 18:18:53.548,0.00,0.00,0.00,0.00,2,0
2026-06-12 18:18:53.598,0.00,0.00,0.00,0.00,2,0
2026-06-12 18:18:53.650,0.00,0.00,0.00,0.00,2,0
2026-06-12 18:18:53.699,0.00,0.00,0.00,0.00,2,0
2026-06-12 18:18:53.749,0.00,0.00,0.00,0.00,2,0
2026-06-12 18:18:53.800,0.00,0.00,0.00,0.00,2,0
2026-06-12 18:18:53.850,0.00,0.00,0.00,0.00,2,0
2026-06-12 18:18:53.901,0.00,0.00,0.00,0.00,2,0
2026-06-12 18:18:53.951,0.00,0.00,0.00,0.00,2,0
2026-06-12 18:18:54.001,0.00,0.00,0.00,0.00,2,0
2026-06-12 18:18:54.052,0.00,0.00,0.00,0.00,2,0
2026-06-12 18:18:54.102,0.00,0.00,0.00,0.00,2,0
2026-06-12 18:18:54.153,0.00,0.00,0.00,0.00,2,0
2026-06-12 18:18:54.203,0.00,0.00,0.00,0.00,2,0
2026-06-12 18:18:54.253,0.00,0.00,0.00,0.00,2,0
2026-06-12 18:18:54.304,0.00,0.00,0.00,0.00,2,0
2026-06-12 18:18:54.354,0.00,0.00,0.00,0.00,2,0
2026-06-12 18:18:54.405,0.00,0.00,0.00,0.00,2,0
2026-06-12 18:18:54.455,0.00,0.00,0.00,0.00,2,0
2026-06-12 18:18:54.506,0.00,0.00,0.00,0.00,2,0
2026-06-12 18:18:54.556,0.00,0.00,0.00,0.00,2,0
2026-06-12 18:18:54.606,0.00,0.00,0.00,0.00,2,0
2026-06-12 18:18:54.657,0.00,0.00,0.00,0.00,2,0
2026-06-12 18:18:54.707,0.00,0.00,0.00,0.00,2,0
2026-06-12 18:18:54.757,0.00,0.00,0.00,0.00,2,0
2026-06-12 18:18:54.808,0.00,0.00,0.00,0.00,2,0
2026-06-12 18:18:54.858,0.00,0.00,0.00,0.00,2,0
2026-06-12 18:18:54.909,0.00,0.00,0.00,0.00,2,0
2026-06-12 18:18:54.959,0.00,0.00,0.00,0.00,2,0
2026-06-12 18:18:55.009,0.00,0.00,0.00,0.00,2,0
2026-06-12 18:18:55.060,0.00,0.00,0.00,0.00,2,0
2026-06-12 18:18:55.110,0.00,0.00,0.00,0.00,2,0
2026-06-12 18:18:55.161,0.00,0.00,0.00,0.00,2,0
2026-06-12 18:18:55.213,0.00,0.00,0.00,0.00,2,0
2026-06-12 18:18:55.261,0.00,0.00,0.00,0.00,2,0
2026-06-12 18:18:55.312,0.00,0.00,0.00,0.00,2,0
2026-06-12 18:18:55.362,0.00,0.00,0.00,0.00,2,0
2026-06-12 18:18:55.413,0.00,0.00,0.00,0.00,2,0
2026-06-12 18:18:55.463,0.00,0.00,0.00,0.00,2,0
2026-06-12 18:18:55.513,0.00,0.00,0.00,0.00,2,0
2026-06-12 18:18:55.564,0.00,0.00,0.00,0.00,2,0
2026-06-12 18:18:55.614,0.00,0.00,0.00,0.00,2,0
2026-06-12 18:18:55.665,0.00,0.00,0.00,0.00,2,0
2026-06-12 18:18:55.715,0.00,0.00,0.00,0.00,2,0
2026-06-12 18:18:55.765,0.00,0.00,0.00,0.00,2,0
2026-06-12 18:18:55.816,0.00,0.00,0.00,0.00,2,0
2026-06-12 18:18:55.866,0.00,0.00,0.00,0.00,2,0
2026-06-12 18:18:55.917,0.00,0.00,0.00,0.00,2,0
2026-06-12 18:18:55.967,0.00,0.00,0.00,0.00,2,0
2026-06-12 18:18:56.017,0.00,0.00,0.00,0.00,2,0
2026-06-12 18:18:56.068,0.00,0.00,0.00,0.00,2,0
2026-06-12 18:18:56.118,0.00,0.00,0.00,0.00,2,0
2026-06-12 18:18:56.169,0.00,0.00,0.00,0.00,2,0
2026-06-12 18:18:56.219,0.00,0.00,0.00,0.00,2,0
2026-06-12 18:18:56.269,0.00,0.00,0.00,0.00,2,0
2026-06-12 18:18:56.320,0.00,0.00,0.00,0.00,2,0
2026-06-12 18:18:56.370,0.00,0.00,0.00,0.00,2,0
2026-06-12 18:18:56.421,0.00,0.00,0.00,0.00,2,0
2026-06-12 18:18:56.471,0.00,0.00,0.00,0.00,2,0
2026-06-12 18:18:56.522,0.00,0.00,0.00,0.00,2,0
2026-06-12 18:18:56.572,0.00,0.00,0.00,0.00,2,0
2026-06-12 18:18:56.622,0.00,0.00,0.00,0.00,2,0
2026-06-12 18:18:56.673,0.00,0.00,0.00,0.00,2,0
2026-06-12 18:18:56.723,0.00,0.00,0.00,0.00,2,0
2026-06-12 18:18:56.774,0.00,0.00,0.00,0.00,2,0
2026-06-12 18:18:56.824,0.00,0.00,0.00,0.00,2,0
2026-06-12 18:18:56.875,0.00,0.00,0.00,0.00,2,0
2026-06-12 18:18:56.925,0.00,0.00,0.00,0.00,2,0
2026-06-12 18:18:56.975,0.00,0.00,0.00,0.00,2,0
2026-06-12 18:18:57.025,0.00,0.00,0.00,0.00,2,0
2026-06-12 18:18:57.076,0.00,0.00,0.00,0.00,2,0
2026-06-12 18:18:57.126,0.00,0.00,0.00,0.00,2,0
2026-06-12 18:18:57.177,0.00,0.00,0.00,0.00,2,0
2026-06-12 18:18:57.227,0.00,0.00,0.00,0.00,2,0
2026-06-12 18:18:57.277,0.00,0.00,0.00,0.00,2,0
2026-06-12 18:18:57.328,0.00,0.00,0.00,0.00,2,0
2026-06-12 18:18:57.379,0.00,0.00,0.00,0.00,2,0
2026-06-12 18:18:57.429,0.00,0.00,0.00,0.00,2,0
2026-06-12 18:18:57.479,0.00,0.00,0.00,0.00,2,0
2026-06-12 18:18:57.533,0.00,0.00,0.00,0.00,2,0
2026-06-12 18:18:57.584,0.00,0.00,0.00,0.00,2,0
2026-06-12 18:18:57.630,0.00,0.00,0.00,0.00,2,0
2026-06-12 18:18:57.681,0.00,0.00,0.00,0.00,2,0
2026-06-12 18:18:57.731,0.00,0.00,0.00,0.00,2,0
2026-06-12 18:18:57.781,0.00,0.00,0.00,0.00,2,0
2026-06-12 18:18:57.832,0.00,0.00,0.00,0.00,2,0
2026-06-12 18:18:57.882,0.00,0.00,0.00,0.00,2,0
2026-06-12 18:18:57.933,0.00,0.00,0.00,0.00,2,0
2026-06-12 18:18:57.983,0.00,0.00,0.00,0.00,2,0
2026-06-12 18:18:58.033,0.00,0.00,0.00,0.00,2,0
2026-06-12 18:18:58.084,0.00,0.00,0.00,0.00,2,0
2026-06-12 18:18:58.134,0.00,0.00,0.00,0.00,2,0
2026-06-12 18:18:58.185,0.00,0.00,0.00,0.00,2,0
2026-06-12 18:18:58.235,0.00,0.00,0.00,0.00,2,0
2026-06-12 18:18:58.285,0.00,0.00,0.00,0.00,2,0
2026-06-12 18:18:58.336,0.00,0.00,0.00,0.00,2,0
2026-06-12 18:18:58.386,0.00,0.00,0.00,0.00,2,0
2026-06-12 18:18:58.437,0.00,0.00,0.00,0.00,2,0
2026-06-12 18:18:58.487,0.00,0.00,0.00,0.00,2,0
2026-06-12 18:18:58.537,0.00,0.00,0.00,0.00,2,0
2026-06-12 18:18:58.588,0.00,0.00,0.00,0.00,2,0
2026-06-12 18:18:58.639,0.00,0.00,0.00,0.00,2,0
2026-06-12 18:18:58.689,0.00,0.00,0.00,0.00,2,0
2026-06-12 18:18:58.739,0.00,0.00,0.00,0.00,2,0
2026-06-12 18:18:58.790,0.00,0.00,0.00,0.00,2,0
2026-06-12 18:18:58.840,0.00,0.00,0.00,0.00,2,0
2026-06-12 18:18:58.890,0.00,0.00,0.00,0.00,2,0
2026-06-12 18:18:58.941,0.00,0.00,0.00,0.00,2,0
2026-06-12 18:18:58.991,0.00,0.00,0.00,0.00,2,0
2026-06-12 18:18:59.041,0.00,0.00,0.00,0.00,2,0
2026-06-12 18:18:59.092,0.00,0.00,0.00,0.00,2,0
2026-06-12 18:18:59.142,0.00,0.00,0.00,0.00,2,0
2026-06-12 18:18:59.193,0.00,0.00,0.00,0.00,2,0
2026-06-12 18:18:59.243,0.00,0.00,0.00,0.00,2,0
2026-06-12 18:18:59.293,0.00,0.00,0.00,0.00,2,0
2026-06-12 18:18:59.344,0.00,0.00,0.00,0.00,2,0
2026-06-12 18:18:59.394,0.00,0.00,0.00,0.00,2,0
2026-06-12 18:18:59.445,0.00,0.00,0.00,0.00,2,0
2026-06-12 18:18:59.495,0.00,0.00,0.00,0.00,2,0
2026-06-12 18:18:59.545,0.00,0.00,0.00,0.00,2,0
2026-06-12 18:18:59.596,0.00,0.00,0.00,0.00,2,0
2026-06-12 18:18:59.646,0.00,0.00,0.00,0.00,2,0
2026-06-12 18:18:59.697,0.00,0.00,0.00,0.00,2,0
2026-06-12 18:18:59.747,0.00,0.00,0.00,0.00,2,0
2026-06-12 18:18:59.797,0.00,0.00,0.00,0.00,2,0
2026-06-12 18:18:59.848,0.00,0.00,0.00,0.00,2,0
2026-06-12 18:18:59.898,0.00,0.00,0.00,0.00,2,0
2026-06-12 18:18:59.949,0.00,0.00,0.00,0.00,2,0
2026-06-12 18:18:59.999,0.00,0.00,0.00,0.00,2,0
2026-06-12 18:19:00.049,0.00,0.00,0.00,0.00,2,0
2026-06-12 18:19:00.100,0.00,0.00,0.00,0.00,2,0
2026-06-12 18:19:00.150,0.00,0.00,0.00,0.00,2,0
2026-06-12 18:19:00.201,0.00,0.00,0.00,0.00,2,0
2026-06-12 18:19:00.251,0.00,0.00,0.00,0.00,2,0
2026-06-12 18:19:00.302,0.00,0.00,0.00,0.00,2,0
2026-06-12 18:19:00.352,0.00,0.00,0.00,0.00,2,0
2026-06-12 18:19:00.402,0.00,0.00,0.00,0.00,2,0
2026-06-12 18:19:00.453,0.00,0.00,0.00,0.00,2,0
2026-06-12 18:19:00.503,0.00,0.00,0.00,0.00,2,0
2026-06-12 18:19:00.553,0.00,0.00,0.00,0.00,2,0
2026-06-12 18:19:00.604,0.00,0.00,0.00,0.00,2,0
2026-06-12 18:19:00.654,0.00,0.00,0.00,0.00,2,0
2026-06-12 18:19:00.704,0.00,0.00,0.00,0.00,2,0
2026-06-12 18:19:00.755,0.00,0.00,0.00,0.00,2,0
2026-06-12 18:19:00.805,0.00,0.00,0.00,0.00,2,0
2026-06-12 18:19:00.856,0.00,0.00,0.00,0.00,2,0
2026-06-12 18:19:00.906,0.00,0.00,0.00,0.00,2,0
2026-06-12 18:19:00.956,0.00,0.00,0.00,0.00,2,0
2026-06-12 18:19:01.007,0.00,0.00,0.00,0.00,2,0
2026-06-12 18:19:01.058,0.00,0.00,0.00,0.00,2,0
2026-06-12 18:19:01.108,0.00,0.00,0.00,0.00,2,0
2026-06-12 18:19:01.159,0.00,0.00,0.00,0.00,2,0
2026-06-12 18:19:01.209,0.00,0.00,0.00,0.00,2,0
2026-06-12 18:19:01.259,0.00,0.00,0.00,0.00,2,0
2026-06-12 18:19:01.309,0.00,0.00,0.00,0.00,2,0
2026-06-12 18:19:01.360,0.00,0.00,0.00,0.00,2,0
2026-06-12 18:19:01.410,0.00,0.00,0.00,0.00,2,0
2026-06-12 18:19:01.460,0.00,0.00,0.00,0.00,2,0
2026-06-12 18:19:01.511,0.00,0.00,0.00,0.00,2,0
2026-06-12 18:19:01.561,0.00,0.00,0.00,0.00,2,0
2026-06-12 18:19:01.612,0.00,0.00,0.00,0.00,2,0
2026-06-12 18:19:01.662,0.00,0.00,0.00,0.00,2,0
2026-06-12 18:19:01.712,0.00,0.00,0.00,0.00,2,0
2026-06-12 18:19:01.763,0.00,0.00,0.00,0.00,2,0
2026-06-12 18:19:01.813,0.00,0.00,0.00,0.00,2,0
2026-06-12 18:19:01.864,0.00,0.00,0.00,0.00,2,0
2026-06-12 18:19:01.914,0.00,0.00,0.00,0.00,2,0
2026-06-12 18:19:01.965,0.00,0.00,0.00,0.00,2,0
2026-06-12 18:19:02.015,0.00,0.00,0.00,0.00,2,0
2026-06-12 18:19:02.065,0.00,0.00,0.00,0.00,2,0
2026-06-12 18:19:02.116,0.00,0.00,0.00,0.00,2,0
2026-06-12 18:19:02.166,0.00,0.00,0.00,0.00,2,0
2026-06-12 18:19:02.217,0.00,0.00,0.00,0.00,2,0
2026-06-12 18:19:02.267,0.00,0.00,0.00,0.00,2,0
2026-06-12 18:19:02.317,0.00,0.00,0.00,0.00,2,0
2026-06-12 18:19:02.368,0.00,0.00,0.00,0.00,2,0
2026-06-12 18:19:02.418,0.00,0.00,0.00,0.00,2,0
2026-06-12 18:19:02.469,0.00,0.00,0.00,0.00,2,0
2026-06-12 18:19:02.519,0.00,0.00,0.00,0.00,2,0
2026-06-12 18:19:02.569,0.00,0.00,0.00,0.00,2,0
2026-06-12 18:19:02.620,0.00,0.00,0.00,0.00,2,0
2026-06-12 18:19:02.670,0.00,0.00,0.00,0.00,2,0
2026-06-12 18:19:02.720,0.00,0.00,0.00,0.00,2,0
2026-06-12 18:19:02.771,0.00,0.00,0.00,0.00,2,0
2026-06-12 18:19:02.821,0.00,0.00,0.00,0.00,2,0
2026-06-12 18:19:02.872,0.00,0.00,0.00,0.00,2,0
2026-06-12 18:19:02.922,0.00,0.00,0.00,0.00,2,0
2026-06-12 18:19:02.972,0.00,0.00,0.00,0.00,2,0
2026-06-12 18:19:03.023,0.00,0.00,0.00,0.00,2,0
2026-06-12 18:19:03.073,0.00,0.00,0.00,0.00,2,0
2026-06-12 18:19:03.124,0.00,0.00,0.00,0.00,2,0
2026-06-12 18:19:03.174,0.00,0.00,0.00,0.00,2,0
2026-06-12 18:19:03.224,0.00,0.00,0.00,0.00,2,0
2026-06-12 18:19:03.275,0.00,0.00,0.00,0.00,2,0
2026-06-12 18:19:03.325,0.00,0.00,0.00,0.00,2,0
2026-06-12 18:19:03.376,0.00,0.00,0.00,0.00,2,0
2026-06-12 18:19:03.426,0.00,0.00,0.00,0.00,2,0
2026-06-12 18:19:03.476,0.00,0.00,0.00,0.00,2,0
2026-06-12 18:19:03.527,0.00,0.00,0.00,0.00,2,0
2026-06-12 18:19:03.577,0.00,0.00,0.00,0.00,2,0
2026-06-12 18:19:03.628,0.00,0.00,0.00,0.00,2,0
2026-06-12 18:19:03.678,0.00,0.00,0.00,0.00,2,0
2026-06-12 18:19:03.730,0.00,0.00,0.00,0.00,2,0
2026-06-12 18:19:03.779,0.00,0.00,0.00,0.00,2,0
2026-06-12 18:19:03.829,0.00,0.00,0.00,0.00,2,0
2026-06-12 18:19:03.880,0.00,0.00,0.00,0.00,2,0
2026-06-12 18:19:03.930,0.00,0.00,0.00,0.00,2,0
2026-06-12 18:19:03.980,0.00,0.00,0.00,0.00,2,0
2026-06-12 18:19:04.031,0.00,0.00,0.00,0.00,2,0
2026-06-12 18:19:04.081,0.00,0.00,0.00,0.00,2,0
2026-06-12 18:19:04.132,0.00,0.00,0.00,0.00,2,0
2026-06-12 18:19:04.182,0.00,0.00,0.00,0.00,2,0
2026-06-12 18:19:04.233,0.00,0.00,0.00,0.00,2,0
2026-06-12 18:19:04.283,0.00,0.00,0.00,0.00,2,0
2026-06-12 18:19:04.333,0.00,0.00,0.00,0.00,2,0
2026-06-12 18:19:04.384,0.00,0.00,0.00,0.00,2,0
2026-06-12 18:19:04.434,0.00,0.00,0.00,0.00,2,0
2026-06-12 18:19:04.485,0.00,0.00,0.00,0.00,2,0
2026-06-12 18:19:04.535,0.00,0.00,0.00,0.00,2,0
2026-06-12 18:19:04.585,0.00,0.00,0.00,0.00,2,0
2026-06-12 18:19:04.636,0.00,0.00,0.00,0.00,2,0
2026-06-12 18:19:04.686,0.00,0.00,0.00,0.00,2,0
2026-06-12 18:19:04.737,0.00,0.00,0.00,0.00,2,0
2026-06-12 18:19:04.787,0.00,0.00,0.00,0.00,2,0
2026-06-12 18:19:04.837,0.00,0.00,0.00,0.00,2,0
2026-06-12 18:19:04.888,0.00,0.00,0.00,0.00,2,0
2026-06-12 18:19:04.938,0.00,0.00,0.00,0.00,2,0
2026-06-12 18:19:04.989,0.00,0.00,0.00,0.00,2,0
2026-06-12 18:19:05.040,0.00,0.00,0.00,0.00,2,0
2026-06-12 18:19:05.089,0.00,0.00,0.00,0.00,2,0
2026-06-12 18:19:05.140,0.00,0.00,0.00,0.00,2,0
2026-06-12 18:19:05.190,0.00,0.00,0.00,0.00,2,0
2026-06-12 18:19:05.240,0.00,0.00,0.00,0.00,2,0
2026-06-12 18:19:05.291,0.00,0.00,0.00,0.00,2,0
2026-06-12 18:19:05.341,0.00,0.00,0.00,0.00,2,0
2026-06-12 18:19:05.392,0.00,0.00,0.00,0.00,2,0
2026-06-12 18:19:05.442,0.00,0.00,0.00,0.00,2,0
2026-06-12 18:19:05.492,0.00,0.00,0.00,0.00,2,0
2026-06-12 18:19:05.543,0.00,0.00,0.00,0.00,2,0
2026-06-12 18:19:05.594,0.00,0.00,0.00,0.00,2,0
2026-06-12 18:19:05.644,0.00,0.00,0.00,0.00,2,0
2026-06-12 18:19:05.694,0.00,0.00,0.00,0.00,2,0
2026-06-12 18:19:05.744,0.00,0.00,0.00,0.00,2,0
2026-06-12 18:19:05.795,0.00,0.00,0.00,0.00,2,0
2026-06-12 18:19:05.845,0.00,0.00,0.00,0.00,2,0
2026-06-12 18:19:05.896,0.00,0.00,0.00,0.00,2,0
2026-06-12 18:19:05.947,0.00,0.00,0.00,0.00,2,0
2026-06-12 18:19:05.997,0.00,0.00,0.00,0.00,2,0
2026-06-12 18:19:06.047,0.00,0.00,0.00,0.00,2,0
2026-06-12 18:19:06.097,0.00,0.00,0.00,0.00,2,0
2026-06-12 18:19:06.148,0.00,0.00,0.00,0.00,2,0
2026-06-12 18:19:06.199,0.00,0.00,0.00,0.00,2,0
2026-06-12 18:19:06.249,0.00,0.00,0.00,0.00,2,0
2026-06-12 18:19:06.299,0.00,0.00,0.00,0.00,2,0
2026-06-12 18:19:06.350,0.00,0.00,0.00,0.00,2,0
2026-06-12 18:19:06.400,0.00,0.00,0.00,0.00,2,0
2026-06-12 18:19:06.450,0.00,0.00,0.00,0.00,2,0
2026-06-12 18:19:06.500,0.00,0.00,0.00,0.00,2,0
2026-06-12 18:19:06.551,0.00,0.00,0.00,0.00,2,0
2026-06-12 18:19:06.601,0.00,0.00,0.00,0.00,2,0
2026-06-12 18:19:06.652,0.00,0.00,0.00,0.00,2,0
2026-06-12 18:19:06.702,0.00,0.00,0.00,0.00,2,0
2026-06-12 18:19:06.752,0.00,0.00,0.00,0.00,2,0
2026-06-12 18:19:06.803,0.00,0.00,0.00,0.00,2,0
2026-06-12 18:19:06.853,0.00,0.00,0.00,0.00,2,0
2026-06-12 18:19:06.904,0.00,0.00,0.00,0.00,2,0
2026-06-12 18:19:06.954,0.00,0.00,0.00,0.00,2,0
2026-06-12 18:19:07.004,0.00,0.00,0.00,0.00,2,0
2026-06-12 18:19:07.055,0.00,0.00,0.00,0.00,2,0
2026-06-12 18:19:07.105,0.00,0.00,0.00,0.00,2,0
2026-06-12 18:19:07.156,0.00,0.00,0.00,0.00,2,0
2026-06-12 18:19:07.206,0.00,0.00,0.00,0.00,2,0
2026-06-12 18:19:07.256,0.00,0.00,0.00,0.00,2,0
2026-06-12 18:19:07.307,0.00,0.00,0.00,0.00,2,0
2026-06-12 18:19:07.357,0.00,0.00,0.00,0.00,2,0
2026-06-12 18:19:07.408,0.00,0.00,0.00,0.00,2,0
2026-06-12 18:19:07.458,0.00,0.00,0.00,0.00,2,0
2026-06-12 18:19:07.509,0.00,0.00,0.00,0.00,2,0
2026-06-12 18:19:07.559,0.00,0.00,0.00,0.00,2,0
2026-06-12 18:19:07.609,0.00,0.00,0.00,0.00,2,0
2026-06-12 18:19:07.660,0.00,0.00,0.00,0.00,2,0
2026-06-12 18:19:07.710,0.00,0.00,0.00,0.00,2,0
2026-06-12 18:19:07.760,0.00,0.00,0.00,0.00,2,0
2026-06-12 18:19:07.811,0.00,0.00,0.00,0.00,2,0
2026-06-12 18:19:07.861,0.00,0.00,0.00,0.00,2,0
2026-06-12 18:19:07.912,0.00,0.00,0.00,0.00,2,0
2026-06-12 18:19:07.962,0.00,0.00,0.00,0.00,2,0
2026-06-12 18:19:08.012,0.00,0.00,0.00,0.00,2,0
2026-06-12 18:19:08.063,0.00,0.00,0.00,0.00,2,0
2026-06-12 18:19:08.113,0.00,0.00,0.00,0.00,2,0
2026-06-12 18:19:08.164,0.00,0.00,0.00,0.00,2,0
2026-06-12 18:19:08.214,0.00,0.00,0.00,0.00,2,0
2026-06-12 18:19:08.264,0.00,0.00,0.00,0.00,2,0
2026-06-12 18:19:08.315,0.00,0.00,0.00,0.00,2,0
2026-06-12 18:19:08.365,0.00,0.00,0.00,0.00,2,0
2026-06-12 18:19:08.416,0.00,0.00,0.00,0.00,2,0
2026-06-12 18:19:08.466,0.00,0.00,0.00,0.00,2,0
2026-06-12 18:19:08.516,0.00,0.00,0.00,0.00,2,0
2026-06-12 18:19:08.567,0.00,0.00,0.00,0.00,2,0
2026-06-12 18:19:08.617,0.00,0.00,0.00,0.00,2,0
2026-06-12 18:19:08.668,0.00,0.00,0.00,0.00,2,0
2026-06-12 18:19:08.718,0.00,0.00,0.00,0.00,2,0
2026-06-12 18:19:08.768,0.00,0.00,0.00,0.00,2,0
2026-06-12 18:19:08.819,0.00,0.00,0.00,0.00,2,0
2026-06-12 18:19:08.869,0.00,0.00,0.00,0.00,2,0
2026-06-12 18:19:08.920,0.00,0.00,0.00,0.00,2,0
2026-06-12 18:19:08.970,0.00,0.00,0.00,0.00,2,0
2026-06-12 18:19:09.024,0.00,0.00,0.00,0.00,2,0
2026-06-12 18:19:09.071,0.00,0.00,0.00,0.00,2,0
2026-06-12 18:19:09.121,0.00,0.00,0.00,0.00,2,0
2026-06-12 18:19:09.172,0.00,0.00,0.00,0.00,2,0
2026-06-12 18:19:09.222,0.00,0.00,0.00,0.00,2,0
2026-06-12 18:19:09.272,0.00,0.00,0.00,0.00,2,0
2026-06-12 18:19:09.323,0.00,0.00,0.00,0.00,2,0
2026-06-12 18:19:09.373,0.00,0.00,0.00,0.00,2,0
2026-06-12 18:19:09.424,0.00,0.00,0.00,0.00,2,0
2026-06-12 18:19:09.474,0.00,0.00,0.00,0.00,2,0
2026-06-12 18:19:09.524,0.00,0.00,0.00,0.00,2,0
2026-06-12 18:19:09.575,0.00,0.00,0.00,0.00,2,0
2026-06-12 18:19:09.625,0.00,0.00,0.00,0.00,2,0
2026-06-12 18:19:09.676,0.00,0.00,0.00,0.00,2,0
2026-06-12 18:19:09.726,0.00,0.00,0.00,0.00,2,0
2026-06-12 18:19:09.776,0.00,0.00,0.00,0.00,2,0
2026-06-12 18:19:09.827,0.00,0.00,0.00,0.00,2,0
2026-06-12 18:19:09.877,0.00,0.00,0.00,0.00,2,0
2026-06-12 18:19:09.928,0.00,0.00,0.00,0.00,2,0
2026-06-12 18:19:09.978,0.00,0.00,0.00,0.00,2,0
2026-06-12 18:19:10.029,0.00,0.00,0.00,0.00,2,0
2026-06-12 18:19:10.079,0.00,0.00,0.00,0.00,2,0
2026-06-12 18:19:10.129,0.00,0.00,0.00,0.00,2,0
2026-06-12 18:19:10.179,0.00,0.00,0.00,0.00,2,0
2026-06-12 18:19:10.230,0.00,0.00,0.00,0.00,2,0
2026-06-12 18:19:10.280,0.00,0.00,0.00,0.00,2,0
2026-06-12 18:19:10.331,0.00,0.00,0.00,0.00,2,0
2026-06-12 18:19:10.381,0.00,0.00,0.00,0.00,2,0
2026-06-12 18:19:10.432,0.00,0.00,0.00,0.00,2,0
2026-06-12 18:19:10.483,0.00,0.00,0.00,0.00,2,0
2026-06-12 18:19:10.532,0.00,0.00,0.00,0.00,2,0
2026-06-12 18:19:10.583,0.00,0.00,0.00,0.00,2,0
2026-06-12 18:19:10.633,0.00,0.00,0.00,0.00,2,0
2026-06-12 18:19:10.684,0.00,0.00,0.00,0.00,2,0
2026-06-12 18:19:10.734,0.00,0.00,0.00,0.00,2,0
2026-06-12 18:19:10.784,0.00,0.00,0.00,0.00,2,0
2026-06-12 18:19:10.835,0.00,0.00,0.00,0.00,2,0
2026-06-12 18:19:10.885,0.00,0.00,0.00,0.00,2,0
2026-06-12 18:19:10.935,0.00,0.00,0.00,0.00,2,0
2026-06-12 18:19:10.986,0.00,0.00,0.00,0.00,2,0
2026-06-12 18:19:11.036,0.00,0.00,0.00,0.00,2,0
2026-06-12 18:19:11.087,0.00,0.00,0.00,0.00,2,0
2026-06-12 18:19:11.137,0.00,0.00,0.00,0.00,2,0
2026-06-12 18:19:11.187,0.00,0.00,0.00,0.00,2,0
2026-06-12 18:19:11.238,0.00,0.00,0.00,0.00,2,0
2026-06-12 18:19:11.288,0.00,0.00,0.00,0.00,2,0
2026-06-12 18:19:11.339,0.00,0.00,0.00,0.00,2,0
2026-06-12 18:19:11.389,0.00,0.00,0.00,0.00,2,0
2026-06-12 18:19:11.439,0.00,0.00,0.00,0.00,2,0
2026-06-12 18:19:11.490,0.00,0.00,0.00,0.00,2,0
2026-06-12 18:19:11.540,0.00,0.00,0.00,0.00,2,0
2026-06-12 18:19:11.591,0.00,0.00,0.00,0.00,2,0
2026-06-12 18:19:11.641,0.00,0.00,0.00,0.00,2,0
2026-06-12 18:19:11.692,0.00,0.00,0.00,0.00,2,0
2026-06-12 18:19:11.742,0.00,0.00,0.00,0.00,2,0
2026-06-12 18:19:11.792,0.00,0.00,0.00,0.00,2,0
2026-06-12 18:19:11.843,0.00,0.00,0.00,0.00,2,0
2026-06-12 18:19:11.893,0.00,0.00,0.00,0.00,2,0
2026-06-12 18:19:11.943,0.00,0.00,0.00,0.00,2,0
2026-06-12 18:19:11.994,0.00,0.00,0.00,0.00,2,0
2026-06-12 18:19:12.044,0.00,0.00,0.00,0.00,2,0
2026-06-12 18:19:12.095,0.00,0.00,0.00,0.00,2,0
2026-06-12 18:19:12.145,0.00,0.00,0.00,0.00,2,0
2026-06-12 18:19:12.196,0.00,0.00,0.00,0.00,2,0
2026-06-12 18:19:12.246,0.00,0.00,0.00,0.00,2,0
2026-06-12 18:19:12.296,0.00,0.00,0.00,0.00,2,0
2026-06-12 18:19:12.347,0.00,0.00,0.00,0.00,2,0
2026-06-12 18:19:12.397,0.00,0.00,0.00,0.00,2,0
2026-06-12 18:19:12.448,0.00,0.00,0.00,0.00,2,0
2026-06-12 18:19:12.498,0.00,0.00,0.00,0.00,2,0
2026-06-12 18:19:12.549,0.00,0.00,0.00,0.00,2,0
2026-06-12 18:19:12.599,0.00,0.00,0.00,0.00,2,0
2026-06-12 18:19:12.649,0.00,0.00,0.00,0.00,2,0
2026-06-12 18:19:12.699,0.00,0.00,0.00,0.00,2,0
2026-06-12 18:19:12.750,0.00,0.00,0.00,0.00,2,0
2026-06-12 18:19:12.800,0.00,0.00,0.00,0.00,2,0
2026-06-12 18:19:12.851,0.00,0.00,0.00,0.00,2,0
2026-06-12 18:19:12.901,0.00,0.00,0.00,0.00,2,0
2026-06-12 18:19:12.951,0.00,0.00,0.00,0.00,2,0
2026-06-12 18:19:13.002,0.00,0.00,0.00,0.00,2,0
2026-06-12 18:19:13.052,0.00,0.00,0.00,0.00,2,0
2026-06-12 18:19:13.103,0.00,0.00,0.00,0.00,2,0
2026-06-12 18:19:13.153,0.00,0.00,0.00,0.00,2,0
2026-06-12 18:19:13.204,0.00,0.00,0.00,0.00,2,0
2026-06-12 18:19:13.254,0.00,0.00,0.00,0.00,2,0
2026-06-12 18:19:13.304,0.00,0.00,0.00,0.00,2,0
2026-06-12 18:19:13.355,0.00,0.00,0.00,0.00,2,0
2026-06-12 18:19:13.405,0.00,0.00,0.00,0.00,2,0
2026-06-12 18:19:13.455,0.00,0.00,0.00,0.00,2,0
2026-06-12 18:19:13.506,0.00,0.00,0.00,0.00,2,0
2026-06-12 18:19:13.556,0.00,0.00,0.00,0.00,2,0
2026-06-12 18:19:13.607,0.00,0.00,0.00,0.00,2,0
2026-06-12 18:19:13.657,0.00,0.00,0.00,0.00,2,0
2026-06-12 18:19:13.708,0.00,0.00,0.00,0.00,2,0
2026-06-12 18:19:13.759,0.00,0.00,0.00,0.00,2,0
2026-06-12 18:19:13.809,0.00,0.00,0.00,0.00,2,0
2026-06-12 18:19:13.859,0.00,0.00,0.00,0.00,2,0
2026-06-12 18:19:13.909,0.00,0.00,0.00,0.00,2,0
2026-06-12 18:19:13.960,0.00,0.00,0.00,0.00,2,0
2026-06-12 18:19:14.010,0.00,0.00,0.00,0.00,2,0
2026-06-12 18:19:14.060,0.00,0.00,0.00,0.00,2,0
2026-06-12 18:19:14.111,0.00,0.00,0.00,0.00,2,0
2026-06-12 18:19:14.161,0.00,0.00,0.00,0.00,2,0
2026-06-12 18:19:14.212,0.00,0.00,0.00,0.00,2,0
2026-06-12 18:19:14.262,0.00,0.00,0.00,0.00,2,0
2026-06-12 18:19:14.312,0.00,0.00,0.00,0.00,2,0
2026-06-12 18:19:14.363,0.00,0.00,0.00,0.00,2,0
2026-06-12 18:19:14.413,0.00,0.00,0.00,0.00,2,0
2026-06-12 18:19:14.464,0.00,0.00,0.00,0.00,2,0
2026-06-12 18:19:14.515,0.00,0.00,0.00,0.00,2,0
2026-06-12 18:19:14.564,0.00,0.00,0.00,0.00,2,0
2026-06-12 18:19:14.615,0.00,0.00,0.00,0.00,2,0
2026-06-12 18:19:14.665,0.00,0.00,0.00,0.00,2,0
2026-06-12 18:19:14.715,0.00,0.00,0.00,0.00,2,0
2026-06-12 18:19:14.766,0.00,0.00,0.00,0.00,2,0
2026-06-12 18:19:14.816,0.00,0.00,0.00,0.00,2,0
2026-06-12 18:19:14.867,0.00,0.00,0.00,0.00,2,0
2026-06-12 18:19:14.917,0.00,0.00,0.00,0.00,2,0
2026-06-12 18:19:14.967,0.00,0.00,0.00,0.00,2,0
2026-06-12 18:19:15.018,0.00,0.00,0.00,0.00,2,0
2026-06-12 18:19:15.068,0.00,0.00,0.00,0.00,2,0
2026-06-12 18:19:15.119,0.00,0.00,0.00,0.00,2,0
2026-06-12 18:19:15.169,0.00,0.00,0.00,0.00,2,0
2026-06-12 18:19:15.219,0.00,0.00,0.00,0.00,2,0
2026-06-12 18:19:15.271,0.00,0.00,0.00,0.00,2,0
2026-06-12 18:19:15.320,0.00,0.00,0.00,0.00,2,0
2026-06-12 18:19:15.371,0.00,0.00,0.00,0.00,2,0
2026-06-12 18:19:15.421,0.00,0.00,0.00,0.00,2,0
2026-06-12 18:19:15.471,0.00,0.00,0.00,0.00,2,0
2026-06-12 18:19:15.522,0.00,0.00,0.00,0.00,2,0
2026-06-12 18:19:15.572,0.00,0.00,0.00,0.00,2,0
2026-06-12 18:19:15.623,0.00,0.00,0.00,0.00,2,0
2026-06-12 18:19:15.673,0.00,0.00,0.00,0.00,2,0
2026-06-12 18:19:15.724,0.00,0.00,0.00,0.00,2,0
2026-06-12 18:19:15.774,0.00,0.00,0.00,0.00,2,0
2026-06-12 18:19:15.824,0.00,0.00,0.00,0.00,2,0
2026-06-12 18:19:15.875,0.00,0.00,0.00,0.00,2,0
2026-06-12 18:19:15.925,0.00,0.00,0.00,0.00,2,0
2026-06-12 18:19:15.975,0.00,0.00,0.00,0.00,2,0
2026-06-12 18:19:16.026,0.00,0.00,0.00,0.00,2,0
2026-06-12 18:19:16.076,0.00,0.00,0.00,0.00,2,0
2026-06-12 18:19:16.127,0.00,0.00,0.00,0.00,2,0
2026-06-12 18:19:16.177,0.00,0.00,0.00,0.00,2,0
2026-06-12 18:19:16.227,0.00,0.00,0.00,0.00,2,0
2026-06-12 18:19:16.278,0.00,0.00,0.00,0.00,2,0
2026-06-12 18:19:16.328,0.00,0.00,0.00,0.00,2,0
2026-06-12 18:19:16.379,0.00,0.00,0.00,0.00,2,0
2026-06-12 18:19:16.430,0.00,0.00,0.00,0.00,2,0
2026-06-12 18:19:16.479,0.00,0.00,0.00,0.00,2,0
2026-06-12 18:19:16.530,0.00,0.00,0.00,0.00,2,0
2026-06-12 18:19:16.580,0.00,0.00,0.00,0.00,2,0
2026-06-12 18:19:16.631,0.00,0.00,0.00,0.00,2,0
2026-06-12 18:19:16.681,0.00,0.00,0.00,0.00,2,0
2026-06-12 18:19:16.731,0.00,0.00,0.00,0.00,2,0
2026-06-12 18:19:16.782,0.00,0.00,0.00,0.00,2,0
2026-06-12 18:19:16.832,0.00,0.00,0.00,0.00,2,0
2026-06-12 18:19:16.883,0.00,0.00,0.00,0.00,2,0
2026-06-12 18:19:16.933,0.00,0.00,0.00,0.00,2,0
2026-06-12 18:19:16.983,0.00,0.00,0.00,0.00,2,0
2026-06-12 18:19:17.034,0.00,0.00,0.00,0.00,2,0
2026-06-12 18:19:17.084,0.00,0.00,0.00,0.00,2,0
2026-06-12 18:19:17.135,0.00,0.00,0.00,0.00,2,0
2026-06-12 18:19:17.185,0.00,0.00,0.00,0.00,2,0
2026-06-12 18:19:17.235,0.00,0.00,0.00,0.00,2,0
2026-06-12 18:19:17.286,0.00,0.00,0.00,0.00,2,0
2026-06-12 18:19:17.336,0.00,0.00,0.00,0.00,2,0
2026-06-12 18:19:17.387,0.00,0.00,0.00,0.00,2,0
2026-06-12 18:19:17.437,0.00,0.00,0.00,0.00,2,0
2026-06-12 18:19:17.487,0.00,0.00,0.00,0.00,2,0
2026-06-12 18:19:17.538,0.00,0.00,0.00,0.00,2,0
2026-06-12 18:19:17.588,0.00,0.00,0.00,0.00,2,0
2026-06-12 18:19:17.639,0.00,0.00,0.00,0.00,2,0
2026-06-12 18:19:17.689,0.00,0.00,0.00,0.00,2,0
2026-06-12 18:19:17.739,0.00,0.00,0.00,0.00,2,0
2026-06-12 18:19:17.790,0.00,0.00,0.00,0.00,2,0
2026-06-12 18:19:17.840,0.00,0.00,0.00,0.00,2,0
2026-06-12 18:19:17.891,0.00,0.00,0.00,0.00,2,0
2026-06-12 18:19:17.941,0.00,0.00,0.00,0.00,2,0
2026-06-12 18:19:17.991,0.00,0.00,0.00,0.00,2,0
2026-06-12 18:19:18.042,0.00,0.00,0.00,0.00,2,0
2026-06-12 18:19:18.092,0.00,0.00,0.00,0.00,2,0
2026-06-12 18:19:18.143,0.00,0.00,0.00,0.00,2,0
2026-06-12 18:19:18.193,0.00,0.00,0.00,0.00,2,0
2026-06-12 18:19:18.243,0.00,0.00,0.00,0.00,2,0
2026-06-12 18:19:18.294,0.00,0.00,0.00,0.00,2,0
2026-06-12 18:19:18.344,0.00,0.00,0.00,0.00,2,0
2026-06-12 18:19:18.395,0.00,0.00,0.00,0.00,2,0
2026-06-12 18:19:18.445,0.00,0.00,0.00,0.00,2,0
2026-06-12 18:19:18.495,0.00,0.00,0.00,0.00,2,0
2026-06-12 18:19:18.546,0.00,0.00,0.00,0.00,2,0
2026-06-12 18:19:18.596,0.00,0.00,0.00,0.00,2,0
2026-06-12 18:19:18.647,0.00,0.00,0.00,0.00,2,0
2026-06-12 18:19:18.697,0.00,0.00,0.00,0.00,2,0
2026-06-12 18:19:18.747,0.00,0.00,0.00,0.00,2,0
2026-06-12 18:19:18.798,0.00,0.00,0.00,0.00,2,0
2026-06-12 18:19:18.848,0.00,0.00,0.00,0.00,2,0
2026-06-12 18:19:18.899,0.00,0.00,0.00,0.00,2,0
2026-06-12 18:19:18.949,0.00,0.00,0.00,0.00,2,0
2026-06-12 18:19:18.999,0.00,0.00,0.00,0.00,2,0
2026-06-12 18:19:19.050,0.00,0.00,0.00,0.00,2,0
2026-06-12 18:19:19.100,0.00,0.00,0.00,0.00,2,0
2026-06-12 18:19:19.151,0.00,0.00,0.00,0.00,2,0
2026-06-12 18:19:19.201,0.00,0.00,0.00,0.00,2,0
2026-06-12 18:19:19.251,0.00,0.00,0.00,0.00,2,0
2026-06-12 18:19:19.302,0.00,0.00,0.00,0.00,2,0
2026-06-12 18:19:19.352,0.00,0.00,0.00,0.00,2,0
2026-06-12 18:19:19.402,0.00,0.00,0.00,0.00,2,0
2026-06-12 18:19:19.453,0.00,0.00,0.00,0.00,2,0
2026-06-12 18:19:19.503,0.00,0.00,0.00,0.00,2,0
2026-06-12 18:19:19.554,0.00,0.00,0.00,0.00,2,0
2026-06-12 18:19:19.604,0.00,0.00,0.00,0.00,2,0
2026-06-12 18:19:19.654,0.00,0.00,0.00,0.00,2,0
2026-06-12 18:19:19.705,0.00,0.00,0.00,0.00,2,0
2026-06-12 18:19:19.755,0.00,0.00,0.00,0.00,2,0
2026-06-12 18:19:19.806,0.00,0.00,0.00,0.00,2,0
2026-06-12 18:19:19.856,0.00,0.00,0.00,0.00,2,0
2026-06-12 18:19:19.907,0.00,0.00,0.00,0.00,2,0
2026-06-12 18:19:19.957,0.00,0.00,0.00,0.00,2,0
2026-06-12 18:19:20.007,0.00,0.00,0.00,0.00,2,0
2026-06-12 18:19:20.058,0.00,0.00,0.00,0.00,2,0
2026-06-12 18:19:20.109,0.00,0.00,0.00,0.00,2,0
2026-06-12 18:19:20.160,0.00,0.00,0.00,0.00,2,0
2026-06-12 18:19:20.209,0.00,0.00,0.00,0.00,2,0
2026-06-12 18:19:20.259,0.00,0.00,0.00,0.00,2,0
2026-06-12 18:19:20.310,0.00,0.00,0.00,0.00,2,0
2026-06-12 18:19:20.360,0.00,0.00,0.00,0.00,2,0
2026-06-12 18:19:20.411,0.00,0.00,0.00,0.00,2,0
2026-06-12 18:19:20.461,0.00,0.00,0.00,0.00,2,0
2026-06-12 18:19:20.511,0.00,0.00,0.00,0.00,2,0
2026-06-12 18:19:20.562,0.00,0.00,0.00,0.00,2,0
2026-06-12 18:19:20.612,0.00,0.00,0.00,0.00,2,0
2026-06-12 18:19:20.663,0.00,0.00,0.00,0.00,2,0
2026-06-12 18:19:20.713,0.00,0.00,0.00,0.00,2,0
2026-06-12 18:19:20.763,0.00,0.00,0.00,0.00,2,0
2026-06-12 18:19:20.814,0.00,0.00,0.00,0.00,2,0
2026-06-12 18:19:20.864,0.00,0.00,0.00,0.00,2,0
2026-06-12 18:19:20.915,0.00,0.00,0.00,0.00,2,0
2026-06-12 18:19:20.965,0.00,0.00,0.00,0.00,2,0
2026-06-12 18:19:21.015,0.00,0.00,0.00,0.00,2,0
2026-06-12 18:19:21.066,0.00,0.00,0.00,0.00,2,0
2026-06-12 18:19:21.116,0.00,0.00,0.00,0.00,2,0
2026-06-12 18:19:21.166,0.00,0.00,0.00,0.00,2,0
2026-06-12 18:19:21.217,0.00,0.00,0.00,0.00,2,0
2026-06-12 18:19:21.267,0.00,0.00,0.00,0.00,2,0
2026-06-12 18:19:21.318,0.00,0.00,0.00,0.00,2,0
2026-06-12 18:19:21.369,0.00,0.00,0.00,0.00,2,0
2026-06-12 18:19:21.419,0.00,0.00,0.00,0.00,2,0
2026-06-12 18:19:21.469,0.00,0.00,0.00,0.00,2,0
2026-06-12 18:19:21.519,0.00,0.00,0.00,0.00,2,0
2026-06-12 18:19:21.570,0.00,0.00,0.00,0.00,2,0
2026-06-12 18:19:21.620,0.00,0.00,0.00,0.00,2,0
2026-06-12 18:19:21.670,0.00,0.00,0.00,0.00,2,0
2026-06-12 18:19:21.721,0.00,0.00,0.00,0.00,2,0
2026-06-12 18:19:21.771,0.00,0.00,0.00,0.00,2,0
2026-06-12 18:19:21.822,0.00,0.00,0.00,0.00,2,0
2026-06-12 18:19:21.872,0.00,0.00,0.00,0.00,2,0
2026-06-12 18:19:21.922,0.00,0.00,0.00,0.00,2,0
2026-06-12 18:19:21.973,0.00,0.00,0.00,0.00,2,0
2026-06-12 18:19:22.023,0.00,0.00,0.00,0.00,2,0
2026-06-12 18:19:22.074,0.00,0.00,0.00,0.00,2,0
2026-06-12 18:19:22.124,0.00,0.00,0.00,0.00,2,0
2026-06-12 18:19:22.174,0.00,0.00,0.00,0.00,2,0
2026-06-12 18:19:22.226,0.00,0.00,0.00,0.00,2,0
2026-06-12 18:19:22.275,0.00,0.00,0.00,0.00,2,0
2026-06-12 18:19:22.326,0.00,0.00,0.00,0.00,2,0
2026-06-12 18:19:22.376,0.00,0.00,0.00,0.00,2,0
2026-06-12 18:19:22.427,0.00,0.00,0.00,0.00,2,0
2026-06-12 18:19:22.477,0.00,0.00,0.00,0.00,2,0
2026-06-12 18:19:22.527,0.00,0.00,0.00,0.00,2,0
2026-06-12 18:19:22.578,0.00,0.00,0.00,0.00,2,0
2026-06-12 18:19:22.628,0.00,0.00,0.00,0.00,2,0
2026-06-12 18:19:22.679,0.00,0.00,0.00,0.00,2,0
2026-06-12 18:19:22.729,0.00,0.00,0.00,0.00,2,0
2026-06-12 18:19:22.779,0.00,0.00,0.00,0.00,2,0
2026-06-12 18:19:22.831,0.00,0.00,0.00,0.00,2,0
2026-06-12 18:19:22.880,0.00,0.00,0.00,0.00,2,0
2026-06-12 18:19:22.931,0.00,0.00,0.00,0.00,2,0
2026-06-12 18:19:22.981,0.00,0.00,0.00,0.00,2,0
2026-06-12 18:19:23.031,0.00,0.00,0.00,0.00,2,0
2026-06-12 18:19:23.082,0.00,0.00,0.00,0.00,2,0
2026-06-12 18:19:23.132,0.00,0.00,0.00,0.00,2,0
2026-06-12 18:19:23.182,0.00,0.00,0.00,0.00,2,0
2026-06-12 18:19:23.233,0.00,0.00,0.00,0.00,2,0
2026-06-12 18:19:23.283,0.00,0.00,0.00,0.00,2,0
2026-06-12 18:19:23.334,0.00,0.00,0.00,0.00,2,0
2026-06-12 18:19:23.384,0.00,0.00,0.00,0.00,2,0
2026-06-12 18:19:23.434,0.00,0.00,0.00,0.00,2,0
2026-06-12 18:19:23.485,0.00,0.00,0.00,0.00,2,0
2026-06-12 18:19:23.535,0.00,0.00,0.00,0.00,2,0
2026-06-12 18:19:23.586,0.00,0.00,0.00,0.00,2,0
2026-06-12 18:19:23.636,0.00,0.00,0.00,0.00,2,0
2026-06-12 18:19:23.687,0.00,0.00,0.00,0.00,2,0
2026-06-12 18:19:23.737,0.00,0.00,0.00,0.00,2,0
2026-06-12 18:19:23.787,0.00,0.00,0.00,0.00,2,0
2026-06-12 18:19:23.838,0.00,0.00,0.00,0.00,2,0
2026-06-12 18:19:23.888,0.00,0.00,0.00,0.00,2,0
2026-06-12 18:19:23.938,0.00,0.00,0.00,0.00,2,0
2026-06-12 18:19:23.989,0.00,0.00,0.00,0.00,2,0
2026-06-12 18:19:24.039,0.00,0.00,0.00,0.00,2,0
2026-06-12 18:19:24.090,0.00,0.00,0.00,0.00,2,0
2026-06-12 18:19:24.140,0.00,0.00,0.00,0.00,2,0
2026-06-12 18:19:24.190,0.00,0.00,0.00,0.00,2,0
2026-06-12 18:19:24.241,0.00,0.00,0.00,0.00,2,0
2026-06-12 18:19:24.291,0.00,0.00,0.00,0.00,2,0
2026-06-12 18:19:24.342,0.00,0.00,0.00,0.00,2,0
2026-06-12 18:19:24.392,0.00,0.00,0.00,0.00,2,0
2026-06-12 18:19:24.443,0.00,0.00,0.00,0.00,2,0
2026-06-12 18:19:24.493,0.00,0.00,0.00,0.00,2,0
2026-06-12 18:19:24.543,0.00,0.00,0.00,0.00,2,0
2026-06-12 18:19:24.594,0.00,0.00,0.00,0.00,2,0
2026-06-12 18:19:24.647,0.00,0.00,0.00,0.00,2,0
2026-06-12 18:19:24.695,0.00,0.00,0.00,0.00,2,0
2026-06-12 18:19:24.745,0.00,0.00,0.00,0.00,2,0
2026-06-12 18:19:24.795,0.00,0.00,0.00,0.00,2,0
2026-06-12 18:19:24.846,0.00,0.00,0.00,0.00,2,0
2026-06-12 18:19:24.896,0.00,0.00,0.00,0.00,2,0
2026-06-12 18:19:24.946,0.00,0.00,0.00,0.00,2,0
2026-06-12 18:19:24.997,0.00,0.00,0.00,0.00,2,0
2026-06-12 18:19:25.047,0.00,0.00,0.00,0.00,2,0
2026-06-12 18:19:25.098,0.00,0.00,0.00,0.00,2,0
2026-06-12 18:19:25.148,0.00,0.00,0.00,0.00,2,0
2026-06-12 18:19:25.198,0.00,0.00,0.00,0.00,2,0
2026-06-12 18:19:25.249,0.00,0.00,0.00,0.00,2,0
2026-06-12 18:19:25.299,0.00,0.00,0.00,0.00,2,0
2026-06-12 18:19:25.350,0.00,0.00,0.00,0.00,2,0
2026-06-12 18:19:25.401,0.00,0.00,0.00,0.00,2,0
2026-06-12 18:19:25.450,0.00,0.00,0.00,0.00,2,0
2026-06-12 18:19:25.501,0.00,0.00,0.00,0.00,2,0
2026-06-12 18:19:25.551,0.00,0.00,0.00,0.00,2,0
2026-06-12 18:19:25.602,0.00,0.00,0.00,0.00,2,0
2026-06-12 18:19:25.652,0.00,0.00,0.00,0.00,2,0
2026-06-12 18:19:25.702,0.00,0.00,0.00,0.00,2,0
2026-06-12 18:19:25.753,0.00,0.00,0.00,0.00,2,0
2026-06-12 18:19:25.803,0.00,0.00,0.00,0.00,2,0
2026-06-12 18:19:25.854,0.00,0.00,0.00,0.00,2,0
2026-06-12 18:19:25.904,0.00,0.00,0.00,0.00,2,0
2026-06-12 18:19:25.954,0.00,0.00,0.00,0.00,2,0
2026-06-12 18:19:26.005,0.00,0.00,0.00,0.00,2,0
2026-06-12 18:19:26.055,0.00,0.00,0.00,0.00,2,0
2026-06-12 18:19:26.106,0.00,0.00,0.00,0.00,2,0
2026-06-12 18:19:26.156,0.00,0.00,0.00,0.00,2,0
2026-06-12 18:19:26.206,0.00,0.00,0.00,0.00,2,0
2026-06-12 18:19:26.257,0.00,0.00,0.00,0.00,2,0
2026-06-12 18:19:26.307,0.00,0.00,0.00,0.00,2,0
2026-06-12 18:19:26.358,0.00,0.00,0.00,0.00,2,0
2026-06-12 18:19:26.409,0.00,0.00,0.00,0.00,2,0
2026-06-12 18:19:26.459,0.00,0.00,0.00,0.00,2,0
2026-06-12 18:19:26.509,0.00,0.00,0.00,0.00,2,0
2026-06-12 18:19:26.560,0.00,0.00,0.00,0.00,2,0
2026-06-12 18:19:26.610,0.00,0.00,0.00,0.00,2,0
2026-06-12 18:19:26.660,0.00,0.00,0.00,0.00,2,0
2026-06-12 18:19:26.710,0.00,0.00,0.00,0.00,2,0
2026-06-12 18:19:26.761,0.00,0.00,0.00,0.00,2,0
2026-06-12 18:19:26.811,0.00,0.00,0.00,0.00,2,0
2026-06-12 18:19:26.862,0.00,0.00,0.00,0.00,2,0
2026-06-12 18:19:26.912,0.00,0.00,0.00,0.00,2,0
2026-06-12 18:19:26.962,0.00,0.00,0.00,0.00,2,0
2026-06-12 18:19:27.013,0.00,0.00,0.00,0.00,2,0
2026-06-12 18:19:27.063,0.00,0.00,0.00,0.00,2,0
2026-06-12 18:19:27.114,0.00,0.00,0.00,0.00,2,0
2026-06-12 18:19:27.164,0.00,0.00,0.00,0.00,2,0
2026-06-12 18:19:27.214,0.00,0.00,0.00,0.00,2,0
2026-06-12 18:19:27.265,0.00,0.00,0.00,0.00,2,0
2026-06-12 18:19:27.315,0.00,0.00,0.00,0.00,2,0
2026-06-12 18:19:27.366,0.00,0.00,0.00,0.00,2,0
2026-06-12 18:19:27.416,0.00,0.00,0.00,0.00,2,0
2026-06-12 18:19:27.466,0.00,0.00,0.00,0.00,2,0
2026-06-12 18:19:27.517,0.00,0.00,0.00,0.00,2,0
2026-06-12 18:19:27.567,0.00,0.00,0.00,0.00,2,0
2026-06-12 18:19:27.618,0.00,0.00,0.00,0.00,2,0
2026-06-12 18:19:27.669,0.00,0.00,0.00,0.00,2,0
2026-06-12 18:19:27.719,0.00,0.00,0.00,0.00,2,0
2026-06-12 18:19:27.770,0.00,0.00,0.00,0.00,2,0
2026-06-12 18:19:27.820,0.00,0.00,0.00,0.00,2,0
2026-06-12 18:19:27.870,0.00,0.00,0.00,0.00,2,0
2026-06-12 18:19:27.921,0.00,0.00,0.00,0.00,2,0
2026-06-12 18:19:27.970,0.00,0.00,0.00,0.00,2,0
2026-06-12 18:19:28.021,0.00,0.00,0.00,0.00,2,0
2026-06-12 18:19:28.071,0.00,0.00,0.00,0.00,2,0
2026-06-12 18:19:28.122,0.00,0.00,0.00,0.00,2,0
2026-06-12 18:19:28.172,0.00,0.00,0.00,0.00,2,0
2026-06-12 18:19:28.222,0.00,0.00,0.00,0.00,2,0
2026-06-12 18:19:28.273,0.00,0.00,0.00,0.00,2,0
2026-06-12 18:19:28.323,0.00,0.00,0.00,0.00,2,0
2026-06-12 18:19:28.374,0.00,0.00,0.00,0.00,2,0
2026-06-12 18:19:28.424,0.00,0.00,0.00,0.00,2,0
2026-06-12 18:19:28.474,0.00,0.00,0.00,0.00,2,0
2026-06-12 18:19:28.525,0.00,0.00,0.00,0.00,2,0
2026-06-12 18:19:28.575,0.00,0.00,0.00,0.00,2,0
2026-06-12 18:19:28.626,0.00,0.00,0.00,0.00,2,0
2026-06-12 18:19:28.676,0.00,0.00,0.00,0.00,2,0
2026-06-12 18:19:28.726,0.00,0.00,0.00,0.00,2,0
2026-06-12 18:19:28.777,0.00,0.00,0.00,0.00,2,0
2026-06-12 18:19:28.827,0.00,0.00,0.00,0.00,2,0
2026-06-12 18:19:28.878,0.00,0.00,0.00,0.00,2,0
2026-06-12 18:19:28.929,0.00,0.00,0.00,0.00,2,0
2026-06-12 18:19:28.979,0.00,0.00,0.00,0.00,2,0
2026-06-12 18:19:29.029,0.00,0.00,0.00,0.00,2,0
2026-06-12 18:19:29.079,0.00,0.00,0.00,0.00,2,0
2026-06-12 18:19:29.130,0.00,0.00,0.00,0.00,2,0
2026-06-12 18:19:29.180,0.00,0.00,0.00,0.00,2,0
2026-06-12 18:19:29.230,0.00,0.00,0.00,0.00,2,0
2026-06-12 18:19:29.281,0.00,0.00,0.00,0.00,2,0
2026-06-12 18:19:29.331,0.00,0.00,0.00,0.00,2,0
2026-06-12 18:19:29.382,0.00,0.00,0.00,0.00,2,0
2026-06-12 18:19:29.432,0.00,0.00,0.00,0.00,2,0
2026-06-12 18:19:29.482,0.00,0.00,0.00,0.00,2,0
2026-06-12 18:19:29.533,0.00,0.00,0.00,0.00,2,0
2026-06-12 18:19:29.584,0.00,0.00,0.00,0.00,2,0
2026-06-12 18:19:29.633,0.00,0.00,0.00,0.00,2,0
2026-06-12 18:19:29.684,0.00,0.00,0.00,0.00,2,0
2026-06-12 18:19:29.734,0.00,0.00,0.00,0.00,2,0
2026-06-12 18:19:29.785,0.00,0.00,0.00,0.00,2,0
2026-06-12 18:19:29.835,0.00,0.00,0.00,0.00,2,0
2026-06-12 18:19:29.885,0.00,0.00,0.00,0.00,2,0
2026-06-12 18:19:29.936,0.00,0.00,0.00,0.00,2,0
2026-06-12 18:19:29.986,0.00,0.00,0.00,0.00,2,0
2026-06-12 18:19:30.037,0.00,0.00,0.00,0.00,2,0
2026-06-12 18:19:30.087,0.00,0.00,0.00,0.00,2,0
2026-06-12 18:19:30.137,0.00,0.00,0.00,0.00,2,0
2026-06-12 18:19:30.188,0.00,0.00,0.00,0.00,2,0
2026-06-12 18:19:30.239,0.00,0.00,0.00,0.00,2,0
2026-06-12 18:19:30.289,0.00,0.00,0.00,0.00,2,0
2026-06-12 18:19:30.340,0.00,0.00,0.00,0.00,2,0
2026-06-12 18:19:30.390,0.00,0.00,0.00,0.00,2,0
2026-06-12 18:19:30.440,0.00,0.00,0.00,0.00,2,0
2026-06-12 18:19:30.490,0.00,0.00,0.00,0.00,2,0
2026-06-12 18:19:30.541,0.00,0.00,0.00,0.00,2,0
2026-06-12 18:19:30.592,0.00,0.00,0.00,0.00,2,0
2026-06-12 18:19:30.642,0.00,0.00,0.00,0.00,2,0
2026-06-12 18:19:30.692,0.00,0.00,0.00,0.00,2,0
2026-06-12 18:19:30.742,0.00,0.00,0.00,0.00,2,0
2026-06-12 18:19:30.793,0.00,0.00,0.00,0.00,2,0
2026-06-12 18:19:30.843,0.00,0.00,0.00,0.00,2,0
2026-06-12 18:19:30.893,0.00,0.00,0.00,0.00,2,0
2026-06-12 18:19:30.944,0.00,0.00,0.00,0.00,2,0
2026-06-12 18:19:30.994,0.00,0.00,0.00,0.00,2,0
2026-06-12 18:19:31.045,0.00,0.00,0.00,0.00,2,0
2026-06-12 18:19:31.095,0.00,0.00,0.00,0.00,2,0
2026-06-12 18:19:31.146,0.00,0.00,0.00,0.00,2,0
2026-06-12 18:19:31.196,0.00,0.00,0.00,0.00,2,0
2026-06-12 18:19:31.249,0.00,0.00,0.00,0.00,2,0
2026-06-12 18:19:31.297,0.00,0.00,0.00,0.00,2,0
2026-06-12 18:19:31.347,0.00,0.00,0.00,0.00,2,0
2026-06-12 18:19:31.398,0.00,0.00,0.00,0.00,2,0
2026-06-12 18:19:31.448,0.00,0.00,0.00,0.00,2,0
2026-06-12 18:19:31.499,0.00,0.00,0.00,0.00,2,0
2026-06-12 18:19:31.550,0.00,0.00,0.00,0.00,2,0
2026-06-12 18:19:31.599,0.00,0.00,0.00,0.00,2,0
2026-06-12 18:19:31.649,0.00,0.00,0.00,0.00,2,0
2026-06-12 18:19:31.700,0.00,0.00,0.00,0.00,2,0
2026-06-12 18:19:31.751,0.00,0.00,0.00,0.00,2,0
2026-06-12 18:19:31.801,0.00,0.00,0.00,0.00,2,0
2026-06-12 18:19:31.851,0.00,0.00,0.00,0.00,2,0
2026-06-12 18:19:31.901,0.00,0.00,0.00,0.00,2,0
2026-06-12 18:19:31.952,0.00,0.00,0.00,0.00,2,0
2026-06-12 18:19:32.002,0.00,0.00,0.00,0.00,2,0
2026-06-12 18:19:32.053,0.00,0.00,0.00,0.00,2,0
2026-06-12 18:19:32.103,0.00,0.00,0.00,0.00,2,0
2026-06-12 18:19:32.154,0.00,0.00,0.00,0.00,2,0
2026-06-12 18:19:32.204,0.00,0.00,0.00,0.00,2,0
2026-06-12 18:19:32.255,0.00,0.00,0.00,0.00,2,0
2026-06-12 18:19:32.305,0.00,0.00,0.00,0.00,2,0
2026-06-12 18:19:32.355,0.00,0.00,0.00,0.00,2,0
2026-06-12 18:19:32.405,0.00,0.00,0.00,0.00,2,0
2026-06-12 18:19:32.456,0.00,0.00,0.00,0.00,2,0
2026-06-12 18:19:32.506,0.00,0.00,0.00,0.00,2,0
2026-06-12 18:19:32.557,0.00,0.00,0.00,0.00,2,0
2026-06-12 18:19:32.607,0.00,0.00,0.00,0.00,2,0
2026-06-12 18:19:32.658,0.00,0.00,0.00,0.00,2,0
2026-06-12 18:19:32.708,0.00,0.00,0.00,0.00,2,0
2026-06-12 18:19:32.758,0.00,0.00,0.00,0.00,2,0
2026-06-12 18:19:32.809,0.00,0.00,0.00,0.00,2,0
2026-06-12 18:19:32.859,0.00,0.00,0.00,0.00,2,0
2026-06-12 18:19:32.909,0.00,0.00,0.00,0.00,2,0
2026-06-12 18:19:32.960,0.00,0.00,0.00,0.00,2,0
2026-06-12 18:19:33.010,0.00,0.00,0.00,0.00,2,0
2026-06-12 18:19:33.061,0.00,0.00,0.00,0.00,2,0
2026-06-12 18:19:33.111,0.00,0.00,0.00,0.00,2,0
2026-06-12 18:19:33.161,0.00,0.00,0.00,0.00,2,0
2026-06-12 18:19:33.212,0.00,0.00,0.00,0.00,2,0
2026-06-12 18:19:33.262,0.00,0.00,0.00,0.00,2,0
2026-06-12 18:19:33.313,0.00,0.00,0.00,0.00,2,0
2026-06-12 18:19:33.363,0.00,0.00,0.00,0.00,2,0
2026-06-12 18:19:33.413,0.00,0.00,0.00,0.00,2,0
2026-06-12 18:19:33.464,0.00,0.00,0.00,0.00,2,0
2026-06-12 18:19:33.514,0.00,0.00,0.00,0.00,2,0
2026-06-12 18:19:33.565,0.00,0.00,0.00,0.00,2,0
2026-06-12 18:19:33.615,0.00,0.00,0.00,0.00,2,0
2026-06-12 18:19:33.666,0.00,0.00,0.00,0.00,2,0
2026-06-12 18:19:33.716,0.00,0.00,0.00,0.00,2,0
2026-06-12 18:19:33.766,0.00,0.00,0.00,0.00,2,0
2026-06-12 18:19:33.817,0.00,0.00,0.00,0.00,2,0
2026-06-12 18:19:33.867,0.00,0.00,0.00,0.00,2,0
2026-06-12 18:19:33.918,0.00,0.00,0.00,0.00,2,0
2026-06-12 18:19:33.968,0.00,0.00,0.00,0.00,2,0
2026-06-12 18:19:34.018,0.00,0.00,0.00,0.00,2,0
2026-06-12 18:19:34.069,0.00,0.00,0.00,0.00,2,0
2026-06-12 18:19:34.120,0.00,0.00,0.00,0.00,2,0
2026-06-12 18:19:34.169,0.00,0.00,0.00,0.00,2,0
2026-06-12 18:19:34.220,0.00,0.00,0.00,0.00,2,0
2026-06-12 18:19:34.270,0.00,0.00,0.00,0.00,2,0
2026-06-12 18:19:34.321,0.00,0.00,0.00,0.00,2,0
2026-06-12 18:19:34.371,0.00,0.00,0.00,0.00,2,0
2026-06-12 18:19:34.421,0.00,0.00,0.00,0.00,2,0
2026-06-12 18:19:34.472,0.00,0.00,0.00,0.00,2,0
2026-06-12 18:19:34.522,0.00,0.00,0.00,0.00,2,0
2026-06-12 18:19:34.573,0.00,0.00,0.00,0.00,2,0
2026-06-12 18:19:34.623,0.00,0.00,0.00,0.00,2,0
2026-06-12 18:19:34.673,0.00,0.00,0.00,0.00,2,0
2026-06-12 18:19:34.724,0.00,0.00,0.00,0.00,2,0
2026-06-12 18:19:34.774,0.00,0.00,0.00,0.00,2,0
2026-06-12 18:19:34.825,0.00,0.00,0.00,0.00,2,0
2026-06-12 18:19:34.875,0.00,0.00,0.00,0.00,2,0
2026-06-12 18:19:34.926,0.00,0.00,0.00,0.00,2,0
2026-06-12 18:19:34.976,0.00,0.00,0.00,0.00,2,0
2026-06-12 18:19:35.026,0.00,0.00,0.00,0.00,2,0
2026-06-12 18:19:35.077,0.00,0.00,0.00,0.00,2,0
2026-06-12 18:19:35.127,0.00,0.00,0.00,0.00,2,0
2026-06-12 18:19:35.177,0.00,0.00,0.00,0.00,2,0
2026-06-12 18:19:35.228,0.00,0.00,0.00,0.00,2,0
2026-06-12 18:19:35.279,0.00,0.00,0.00,0.00,2,0
2026-06-12 18:19:35.329,0.00,0.00,0.00,0.00,2,0
2026-06-12 18:19:35.379,0.00,0.00,0.00,0.00,2,0
2026-06-12 18:19:35.429,0.00,0.00,0.00,0.00,2,0
2026-06-12 18:19:35.480,0.00,0.00,0.00,0.00,2,0
2026-06-12 18:19:35.530,0.00,0.00,0.00,0.00,2,0
2026-06-12 18:19:35.581,0.00,0.00,0.00,0.00,2,0
2026-06-12 18:19:35.631,0.00,0.00,0.00,0.00,2,0
2026-06-12 18:19:35.681,0.00,0.00,0.00,0.00,2,0
2026-06-12 18:19:35.732,0.00,0.00,0.00,0.00,2,0
2026-06-12 18:19:35.782,0.00,0.00,0.00,0.00,2,0
2026-06-12 18:19:35.833,0.00,0.00,0.00,0.00,2,0
2026-06-12 18:19:35.883,0.00,0.00,0.00,0.00,2,0
2026-06-12 18:19:35.933,0.00,0.00,0.00,0.00,2,0
2026-06-12 18:19:35.984,0.00,0.00,0.00,0.00,2,0
2026-06-12 18:19:36.034,0.00,0.00,0.00,0.00,2,0
2026-06-12 18:19:36.085,0.00,0.00,0.00,0.00,2,0
2026-06-12 18:19:36.135,0.00,0.00,0.00,0.00,2,0
2026-06-12 18:19:36.185,0.00,0.00,0.00,0.00,2,0
2026-06-12 18:19:36.236,0.00,0.00,0.00,0.00,2,0
2026-06-12 18:19:36.286,0.00,0.00,0.00,0.00,2,0
2026-06-12 18:19:36.337,0.00,0.00,0.00,0.00,2,0
2026-06-12 18:19:36.387,0.00,0.00,0.00,0.00,2,0
2026-06-12 18:19:36.438,0.00,0.00,0.00,0.00,2,0
2026-06-12 18:19:36.488,0.00,0.00,0.00,0.00,2,0
2026-06-12 18:19:36.538,0.00,0.00,0.00,0.00,2,0
2026-06-12 18:19:36.589,0.00,0.00,0.00,0.00,2,0
2026-06-12 18:19:36.639,0.00,0.00,0.00,0.00,2,0
2026-06-12 18:19:36.689,0.00,0.00,0.00,0.00,2,0
2026-06-12 18:19:36.740,0.00,0.00,0.00,0.00,2,0
2026-06-12 18:19:36.790,0.00,0.00,0.00,0.00,2,0
2026-06-12 18:19:36.841,0.00,0.00,0.00,0.00,2,0
2026-06-12 18:19:36.891,0.00,0.00,0.00,0.00,2,0
2026-06-12 18:19:36.941,0.00,0.00,0.00,0.00,2,0
2026-06-12 18:19:36.992,0.00,0.00,0.00,0.00,2,0
2026-06-12 18:19:37.042,0.00,0.00,0.00,0.00,2,0
2026-06-12 18:19:37.093,0.00,0.00,0.00,0.00,2,0
2026-06-12 18:19:37.143,0.00,0.00,0.00,0.00,2,0
2026-06-12 18:19:37.193,0.00,0.00,0.00,0.00,2,0
2026-06-12 18:19:37.244,0.00,0.00,0.00,0.00,2,0
2026-06-12 18:19:37.294,0.00,0.00,0.00,0.00,2,0
2026-06-12 18:19:37.345,0.00,0.00,0.00,0.00,2,0
2026-06-12 18:19:37.395,0.00,0.00,0.00,0.00,2,0
2026-06-12 18:19:37.445,0.00,0.00,0.00,0.00,2,0
2026-06-12 18:19:37.496,0.00,0.00,0.00,0.00,2,0
2026-06-12 18:19:37.546,0.00,0.00,0.00,0.00,2,0
2026-06-12 18:19:37.597,0.00,0.00,0.00,0.00,2,0
2026-06-12 18:19:37.647,0.00,0.00,0.00,0.00,2,0
2026-06-12 18:19:37.697,0.00,0.00,0.00,0.00,2,0
2026-06-12 18:19:37.748,0.00,0.00,0.00,0.00,2,0
2026-06-12 18:19:37.798,0.00,0.00,0.00,0.00,2,0
2026-06-12 18:19:37.849,0.00,0.00,0.00,0.00,2,0
2026-06-12 18:19:37.899,0.00,0.00,0.00,0.00,2,0
2026-06-12 18:19:37.949,0.00,0.00,0.00,0.00,2,0
2026-06-12 18:19:38.000,0.00,0.00,0.00,0.00,2,0
2026-06-12 18:19:38.050,0.00,0.00,0.00,0.00,2,0
2026-06-12 18:19:38.100,0.00,0.00,0.00,0.00,2,0
2026-06-12 18:19:38.151,0.00,0.00,0.00,0.00,2,0
2026-06-12 18:19:38.201,0.00,0.00,0.00,0.00,2,0
2026-06-12 18:19:38.252,0.00,0.00,0.00,0.00,2,0
2026-06-12 18:19:38.302,0.00,0.00,0.00,0.00,2,0
2026-06-12 18:19:38.353,0.00,0.00,0.00,0.00,2,0
2026-06-12 18:19:38.403,0.00,0.00,0.00,0.00,2,0
2026-06-12 18:19:38.453,0.00,0.00,0.00,0.00,2,0
2026-06-12 18:19:38.504,0.00,0.00,0.00,0.00,2,0
2026-06-12 18:19:38.554,0.00,0.00,0.00,0.00,2,0
2026-06-12 18:19:38.604,0.00,0.00,0.00,0.00,2,0
2026-06-12 18:19:38.655,0.00,0.00,0.00,0.00,2,0
2026-06-12 18:19:38.705,0.00,0.00,0.00,0.00,2,0
2026-06-12 18:19:38.756,0.00,0.00,0.00,0.00,2,0
2026-06-12 18:19:38.806,0.00,0.00,0.00,0.00,2,0
2026-06-12 18:19:38.856,0.00,0.00,0.00,0.00,2,0
2026-06-12 18:19:38.907,0.00,0.00,0.00,0.00,2,0
2026-06-12 18:19:38.957,0.00,0.00,0.00,0.00,2,0
2026-06-12 18:19:39.008,0.00,0.00,0.00,0.00,2,0
2026-06-12 18:19:39.058,0.00,0.00,0.00,0.00,2,0
2026-06-12 18:19:39.109,0.00,0.00,0.00,0.00,2,0
2026-06-12 18:19:39.159,0.00,0.00,0.00,0.00,2,0
2026-06-12 18:19:39.209,0.00,0.00,0.00,0.00,2,0
2026-06-12 18:19:39.260,0.00,0.00,0.00,0.00,2,0
2026-06-12 18:19:39.310,0.00,0.00,0.00,0.00,2,0
2026-06-12 18:19:39.360,0.00,0.00,0.00,0.00,2,0
2026-06-12 18:19:39.411,0.00,0.00,0.00,0.00,2,0
2026-06-12 18:19:39.461,0.00,0.00,0.00,0.00,2,0
2026-06-12 18:19:39.512,0.00,0.00,0.00,0.00,2,0
2026-06-12 18:19:39.562,0.00,0.00,0.00,0.00,2,0
2026-06-12 18:19:39.612,0.00,0.00,0.00,0.00,2,0
2026-06-12 18:19:39.666,0.00,0.00,0.00,0.00,2,0
2026-06-12 18:19:39.713,0.00,0.00,0.00,0.00,2,0
2026-06-12 18:19:39.764,0.00,0.00,0.00,0.00,2,0
2026-06-12 18:19:39.814,0.00,0.00,0.00,0.00,2,0
2026-06-12 18:19:39.864,0.00,0.00,0.00,0.00,2,0
2026-06-12 18:19:39.915,0.00,0.00,0.00,0.00,2,0
2026-06-12 18:19:39.965,0.00,0.00,0.00,0.00,2,0
2026-06-12 18:19:40.016,0.00,0.00,0.00,0.00,2,0
2026-06-12 18:19:40.066,0.00,0.00,0.00,0.00,2,0
2026-06-12 18:19:40.117,0.00,0.00,0.00,0.00,2,0
2026-06-12 18:19:40.167,0.00,0.00,0.00,0.00,2,0
2026-06-12 18:19:40.218,0.00,0.00,0.00,0.00,2,0
2026-06-12 18:19:40.269,0.00,0.00,0.00,0.00,2,0
2026-06-12 18:19:40.318,0.00,0.00,0.00,0.00,2,0
2026-06-12 18:19:40.369,0.00,0.00,0.00,0.00,2,0
2026-06-12 18:19:40.419,0.00,0.00,0.00,0.00,2,0
2026-06-12 18:19:40.469,0.00,0.00,0.00,0.00,2,0
2026-06-12 18:19:40.520,0.00,0.00,0.00,0.00,2,0
2026-06-12 18:19:40.570,0.00,0.00,0.00,0.00,2,0
2026-06-12 18:19:40.621,0.00,0.00,0.00,0.00,2,0
2026-06-12 18:19:40.671,0.00,0.00,0.00,0.00,2,0
2026-06-12 18:19:40.721,0.00,0.00,0.00,0.00,2,0
2026-06-12 18:19:40.772,0.00,0.00,0.00,0.00,2,0
2026-06-12 18:19:40.822,0.00,0.00,0.00,0.00,2,0
2026-06-12 18:19:40.872,0.00,0.00,0.00,0.00,2,0
2026-06-12 18:19:40.923,0.00,0.00,0.00,0.00,2,0
2026-06-12 18:19:40.973,0.00,0.00,0.00,0.00,2,0
2026-06-12 18:19:41.024,0.00,0.00,0.00,0.00,2,0
2026-06-12 18:19:41.074,0.00,0.00,0.00,0.00,2,0
2026-06-12 18:19:41.124,0.00,0.00,0.00,0.00,2,0
2026-06-12 18:19:41.175,0.00,0.00,0.00,0.00,2,0
2026-06-12 18:19:41.225,0.00,0.00,0.00,0.00,2,0
2026-06-12 18:19:41.276,0.00,0.00,0.00,0.00,2,0
2026-06-12 18:19:41.326,0.00,0.00,0.00,0.00,2,0
2026-06-12 18:19:41.376,0.00,0.00,0.00,0.00,2,0
2026-06-12 18:19:41.427,0.00,0.00,0.00,0.00,2,0
2026-06-12 18:19:41.477,0.00,0.00,0.00,0.00,2,0
2026-06-12 18:19:41.528,0.00,0.00,0.00,0.00,2,0
2026-06-12 18:19:41.578,0.00,0.00,0.00,0.00,2,0
2026-06-12 18:19:41.629,0.00,0.00,0.00,0.00,2,0
2026-06-12 18:19:41.679,0.00,0.00,0.00,0.00,2,0
2026-06-12 18:19:41.729,0.00,0.00,0.00,0.00,2,0
2026-06-12 18:19:41.780,0.00,0.00,0.00,0.00,2,0
2026-06-12 18:19:41.830,0.00,0.00,0.00,0.00,2,0
2026-06-12 18:19:41.880,0.00,0.00,0.00,0.00,2,0
2026-06-12 18:19:41.931,0.00,0.00,0.00,0.00,2,0
2026-06-12 18:19:41.983,0.00,0.00,0.00,0.00,2,0
2026-06-12 18:19:42.032,0.00,0.00,0.00,0.00,2,0
2026-06-12 18:19:42.082,0.00,0.00,0.00,0.00,2,0
2026-06-12 18:19:42.132,0.00,0.00,0.00,0.00,2,0
2026-06-12 18:19:42.183,0.00,0.00,0.00,0.00,2,0
2026-06-12 18:19:42.233,0.00,0.00,0.00,0.00,2,0
2026-06-12 18:19:42.284,0.00,0.00,0.00,0.00,2,0
2026-06-12 18:19:42.334,0.00,0.00,0.00,0.00,2,0
2026-06-12 18:19:42.385,0.00,0.00,0.00,0.00,2,0
2026-06-12 18:19:42.435,0.00,0.00,0.00,0.00,2,0
2026-06-12 18:19:42.485,0.00,0.00,0.00,0.00,2,0
2026-06-12 18:19:42.536,0.00,0.00,0.00,0.00,2,0
2026-06-12 18:19:42.587,0.00,0.00,0.00,0.00,2,0
2026-06-12 18:19:42.636,0.00,0.00,0.00,0.00,2,0
2026-06-12 18:19:42.687,0.00,0.00,0.00,0.00,2,0
2026-06-12 18:19:42.737,0.00,0.00,0.00,0.00,2,0
2026-06-12 18:19:42.790,0.00,0.00,0.00,0.00,2,0
2026-06-12 18:19:42.838,0.00,0.00,0.00,0.00,2,0
2026-06-12 18:19:42.889,0.00,0.00,0.00,0.00,2,0
2026-06-12 18:19:42.939,0.00,0.00,0.00,0.00,2,0
2026-06-12 18:19:42.989,0.00,0.00,0.00,0.00,2,0
2026-06-12 18:19:43.040,0.00,0.00,0.00,0.00,2,0
2026-06-12 18:19:43.090,0.00,0.00,0.00,0.00,2,0
2026-06-12 18:19:43.140,0.00,0.00,0.00,0.00,2,0
2026-06-12 18:19:43.191,0.00,0.00,0.00,0.00,2,0
2026-06-12 18:19:43.241,0.00,0.00,0.00,0.00,2,0
2026-06-12 18:19:43.292,0.00,0.00,0.00,0.00,2,0
2026-06-12 18:19:43.342,0.00,0.00,0.00,0.00,2,0
2026-06-12 18:19:43.392,0.00,0.00,0.00,0.00,2,0
2026-06-12 18:19:43.443,0.00,0.00,0.00,0.00,2,0
2026-06-12 18:19:43.493,0.00,0.00,0.00,0.00,2,0
2026-06-12 18:19:43.544,0.00,0.00,0.00,0.00,2,0
2026-06-12 18:19:43.594,0.00,0.00,0.00,0.00,2,0
2026-06-12 18:19:43.644,0.00,0.00,0.00,0.00,2,0
2026-06-12 18:19:43.695,0.00,0.00,0.00,0.00,2,0
2026-06-12 18:19:43.745,0.00,0.00,0.00,0.00,2,0
2026-06-12 18:19:43.796,0.00,0.00,0.00,0.00,2,0
2026-06-12 18:19:43.846,0.00,0.00,0.00,0.00,2,0
2026-06-12 18:19:43.896,0.00,0.00,0.00,0.00,2,0
2026-06-12 18:19:43.947,0.00,0.00,0.00,0.00,2,0
2026-06-12 18:19:43.997,0.00,0.00,0.00,0.00,2,0
2026-06-12 18:19:44.048,0.00,0.00,0.00,0.00,2,0
2026-06-12 18:19:44.098,0.00,0.00,0.00,0.00,2,0
2026-06-12 18:19:44.149,0.00,0.00,0.00,0.00,2,0
2026-06-12 18:19:44.200,0.00,0.00,0.00,0.00,2,0
2026-06-12 18:19:44.249,0.00,0.00,0.00,0.00,2,0
2026-06-12 18:19:44.299,0.00,0.00,0.00,0.00,2,0
2026-06-12 18:19:44.350,0.00,0.00,0.00,0.00,2,0
2026-06-12 18:19:44.400,0.00,0.00,0.00,0.00,2,0
2026-06-12 18:19:44.451,0.00,0.00,0.00,0.00,2,0
2026-06-12 18:19:44.501,0.00,0.00,0.00,0.00,2,0
2026-06-12 18:19:44.552,0.00,0.00,0.00,0.00,2,0
2026-06-12 18:19:44.602,0.00,0.00,0.00,0.00,2,0
2026-06-12 18:19:44.652,0.00,0.00,0.00,0.00,2,0
2026-06-12 18:19:44.703,0.00,0.00,0.00,0.00,2,0
2026-06-12 18:19:44.753,0.00,0.00,0.00,0.00,2,0
2026-06-12 18:19:44.804,0.00,0.00,0.00,0.00,2,0
2026-06-12 18:19:44.854,0.00,0.00,0.00,0.00,2,0
2026-06-12 18:19:44.904,0.00,0.00,0.00,0.00,2,0
2026-06-12 18:19:44.955,0.00,0.00,0.00,0.00,2,0
2026-06-12 18:19:45.005,0.00,0.00,0.00,0.00,2,0
2026-06-12 18:19:45.056,0.00,0.00,0.00,0.00,2,0
2026-06-12 18:19:45.106,0.00,0.00,0.00,0.00,2,0
2026-06-12 18:19:45.156,0.00,0.00,0.00,0.00,2,0
2026-06-12 18:19:45.207,0.00,0.00,0.00,0.00,2,0
2026-06-12 18:19:45.257,0.00,0.00,0.00,0.00,2,0
2026-06-12 18:19:45.308,0.00,0.00,0.00,0.00,2,0
2026-06-12 18:19:45.358,0.00,0.00,0.00,0.00,2,0
2026-06-12 18:19:45.408,0.00,0.00,0.00,0.00,2,0
2026-06-12 18:19:45.459,0.00,0.00,0.00,0.00,2,0
2026-06-12 18:19:45.509,0.00,0.00,0.00,0.00,2,0
2026-06-12 18:19:45.560,0.00,0.00,0.00,0.00,2,0
2026-06-12 18:19:45.611,0.00,0.00,0.00,0.00,2,0
2026-06-12 18:19:45.660,0.00,0.00,0.00,0.00,2,0
2026-06-12 18:19:45.711,0.00,0.00,0.00,0.00,2,0
2026-06-12 18:19:45.761,0.00,0.00,0.00,0.00,2,0
2026-06-12 18:19:45.811,0.00,0.00,0.00,0.00,2,0
2026-06-12 18:19:45.862,0.00,0.00,0.00,0.00,2,0
2026-06-12 18:19:45.912,0.00,0.00,0.00,0.00,2,0
2026-06-12 18:19:45.963,0.00,0.00,0.00,0.00,2,0
2026-06-12 18:19:46.013,0.00,0.00,0.00,0.00,2,0
2026-06-12 18:19:46.064,0.00,0.00,0.00,0.00,2,0
2026-06-12 18:19:46.114,0.00,0.00,0.00,0.00,2,0
2026-06-12 18:19:46.164,0.00,0.00,0.00,0.00,2,0
2026-06-12 18:19:46.215,0.00,0.00,0.00,0.00,2,0
2026-06-12 18:19:46.265,0.00,0.00,0.00,0.00,2,0
2026-06-12 18:19:46.316,0.00,0.00,0.00,0.00,2,0
2026-06-12 18:19:46.366,0.00,0.00,0.00,0.00,2,0
2026-06-12 18:19:46.416,0.00,0.00,0.00,0.00,2,0
2026-06-12 18:19:46.467,0.00,0.00,0.00,0.00,2,0
2026-06-12 18:19:46.517,0.00,0.00,0.00,0.00,2,0
2026-06-12 18:19:46.568,0.00,0.00,0.00,0.00,2,0
2026-06-12 18:19:46.619,0.00,0.00,0.00,0.00,2,0
2026-06-12 18:19:46.670,0.00,0.00,0.00,0.00,2,0
2026-06-12 18:19:46.719,0.00,0.00,0.00,0.00,2,0
2026-06-12 18:19:46.772,0.00,0.00,0.00,0.00,2,0
2026-06-12 18:19:46.820,0.00,0.00,0.00,0.00,2,0
2026-06-12 18:19:46.870,0.00,0.00,0.00,0.00,2,0
2026-06-12 18:19:46.920,0.00,0.00,0.00,0.00,2,0
2026-06-12 18:19:46.971,0.00,0.00,0.00,0.00,2,0
2026-06-12 18:19:47.021,0.00,0.00,0.00,0.00,2,0
2026-06-12 18:19:47.071,0.00,0.00,0.00,0.00,2,0
2026-06-12 18:19:47.122,0.00,0.00,0.00,0.00,2,0
2026-06-12 18:19:47.172,0.00,0.00,0.00,0.00,2,0
2026-06-12 18:19:47.223,0.00,0.00,0.00,0.00,2,0
2026-06-12 18:19:47.273,0.00,0.00,0.00,0.00,2,0
2026-06-12 18:19:47.324,0.00,0.00,0.00,0.00,2,0
2026-06-12 18:19:47.374,0.00,0.00,0.00,0.00,2,0
2026-06-12 18:19:47.424,0.00,0.00,0.00,0.00,2,0
2026-06-12 18:19:47.475,0.00,0.00,0.00,0.00,2,0
2026-06-12 18:19:47.525,0.00,0.00,0.00,0.00,2,0
2026-06-12 18:19:47.575,0.00,0.00,0.00,0.00,2,0
2026-06-12 18:19:47.626,0.00,0.00,0.00,0.00,2,0
2026-06-12 18:19:47.676,0.00,0.00,0.00,0.00,2,0
2026-06-12 18:19:47.727,0.00,0.00,0.00,0.00,2,0
2026-06-12 18:19:47.777,0.00,0.00,0.00,0.00,2,0
2026-06-12 18:19:47.827,0.00,0.00,0.00,0.00,2,0
2026-06-12 18:19:47.878,0.00,0.00,0.00,0.00,2,0
2026-06-12 18:19:47.928,0.00,0.00,0.00,0.00,2,0
2026-06-12 18:19:47.979,0.00,0.00,0.00,0.00,2,0
2026-06-12 18:19:48.030,0.00,0.00,0.00,0.00,2,0
2026-06-12 18:19:48.079,0.00,0.00,0.00,0.00,2,0
2026-06-12 18:19:48.130,0.00,0.00,0.00,0.00,2,0
2026-06-12 18:19:48.180,0.00,0.00,0.00,0.00,2,0
2026-06-12 18:19:48.231,0.00,0.00,0.00,0.00,2,0
2026-06-12 18:19:48.281,0.00,0.00,0.00,0.00,2,0
2026-06-12 18:19:48.332,0.00,0.00,0.00,0.00,2,0
2026-06-12 18:19:48.382,0.00,0.00,0.00,0.00,2,0
2026-06-12 18:19:48.432,0.00,0.00,0.00,0.00,2,0
2026-06-12 18:19:48.483,0.00,0.00,0.00,0.00,2,0
2026-06-12 18:19:48.533,0.00,0.00,0.00,0.00,2,0
2026-06-12 18:19:48.584,0.00,0.00,0.00,0.00,2,0
2026-06-12 18:19:48.634,0.00,0.00,0.00,0.00,2,0
2026-06-12 18:19:48.686,0.00,0.00,0.00,0.00,2,0
2026-06-12 18:19:48.735,0.00,0.00,0.00,0.00,2,0
2026-06-12 18:19:48.785,0.00,0.00,0.00,0.00,2,0
2026-06-12 18:19:48.836,0.00,0.00,0.00,0.00,2,0
2026-06-12 18:19:48.886,0.00,0.00,0.00,0.00,2,0
2026-06-12 18:19:48.936,0.00,0.00,0.00,0.00,2,0
2026-06-12 18:19:48.987,0.00,0.00,0.00,0.00,2,0
2026-06-12 18:19:49.037,0.00,0.00,0.00,0.00,2,0
2026-06-12 18:19:49.088,0.00,0.00,0.00,0.00,2,0
2026-06-12 18:19:49.138,0.00,0.00,0.00,0.00,2,0
2026-06-12 18:19:49.189,0.00,0.00,0.00,0.00,2,0
2026-06-12 18:19:49.239,0.00,0.00,0.00,0.00,2,0
2026-06-12 18:19:49.289,0.00,0.00,0.00,0.00,2,0
2026-06-12 18:19:49.339,0.00,0.00,0.00,0.00,2,0
2026-06-12 18:19:49.390,0.00,0.00,0.00,0.00,2,0
2026-06-12 18:19:49.440,0.00,0.00,0.00,0.00,2,0
2026-06-12 18:19:49.491,0.00,0.00,0.00,0.00,2,0
2026-06-12 18:19:49.541,0.00,0.00,0.00,0.00,2,0
2026-06-12 18:19:49.592,0.00,0.00,0.00,0.00,2,0
2026-06-12 18:19:49.642,0.00,0.00,0.00,0.00,2,0
2026-06-12 18:19:49.692,0.00,0.00,0.00,0.00,2,0
2026-06-12 18:19:49.743,0.00,0.00,0.00,0.00,2,0
2026-06-12 18:19:49.793,0.00,0.00,0.00,0.00,2,0
2026-06-12 18:19:49.843,0.00,0.00,0.00,0.00,2,0
2026-06-12 18:19:49.894,0.00,0.00,0.00,0.00,2,0
2026-06-12 18:19:49.944,0.00,0.00,0.00,0.00,2,0
2026-06-12 18:19:49.995,0.00,0.00,0.00,0.00,2,0
2026-06-12 18:19:50.045,0.00,0.00,0.00,0.00,2,0
2026-06-12 18:19:50.095,0.00,0.00,0.00,0.00,2,0
2026-06-12 18:19:50.146,0.00,0.00,0.00,0.00,2,0
2026-06-12 18:19:50.196,0.00,0.00,0.00,0.00,2,0
2026-06-12 18:19:50.247,0.00,0.00,0.00,0.00,2,0
2026-06-12 18:19:50.297,0.00,0.00,0.00,0.00,2,0
2026-06-12 18:19:50.347,0.00,0.00,0.00,0.00,2,0
2026-06-12 18:19:50.398,0.00,0.00,0.00,0.00,2,0
2026-06-12 18:19:50.449,0.00,0.00,0.00,0.00,2,0
2026-06-12 18:19:50.499,0.00,0.00,0.00,0.00,2,0
2026-06-12 18:19:50.549,0.00,0.00,0.00,0.00,2,0
2026-06-12 18:19:50.599,0.00,0.00,0.00,0.00,2,0
2026-06-12 18:19:50.650,0.00,0.00,0.00,0.00,2,0
2026-06-12 18:19:50.700,0.00,0.00,0.00,0.00,2,0
2026-06-12 18:19:50.751,0.00,0.00,0.00,0.00,2,0
2026-06-12 18:19:50.802,0.00,0.00,0.00,0.00,2,0
2026-06-12 18:19:50.851,0.00,0.00,0.00,0.00,2,0
2026-06-12 18:19:50.902,0.00,0.00,0.00,0.00,2,0
2026-06-12 18:19:50.952,0.00,0.00,0.00,0.00,2,0
2026-06-12 18:19:51.003,0.00,0.00,0.00,0.00,2,0
2026-06-12 18:19:51.053,0.00,0.00,0.00,0.00,2,0
2026-06-12 18:19:51.103,0.00,0.00,0.00,0.00,2,0
2026-06-12 18:19:51.154,0.00,0.00,0.00,0.00,2,0
2026-06-12 18:19:51.204,0.00,0.00,0.00,0.00,2,0
2026-06-12 18:19:51.255,0.00,0.00,0.00,0.00,2,0
2026-06-12 18:19:51.305,0.00,0.00,0.00,0.00,2,0
2026-06-12 18:19:51.355,0.00,0.00,0.00,0.00,2,0
2026-06-12 18:19:51.406,0.00,0.00,0.00,0.00,2,0
2026-06-12 18:19:51.456,0.00,0.00,0.00,0.00,2,0
2026-06-12 18:19:51.507,0.00,0.00,0.00,0.00,2,0
2026-06-12 18:19:51.557,0.00,0.00,0.00,0.00,2,0
2026-06-12 18:19:51.608,0.00,0.00,0.00,0.00,2,0
2026-06-12 18:19:51.658,0.00,0.00,0.00,0.00,2,0
2026-06-12 18:19:51.708,0.00,0.00,0.00,0.00,2,0
2026-06-12 18:19:51.759,0.00,0.00,0.00,0.00,2,0
2026-06-12 18:19:51.809,0.00,0.00,0.00,0.00,2,0
2026-06-12 18:19:51.859,0.00,0.00,0.00,0.00,2,0
2026-06-12 18:19:51.910,0.00,0.00,0.00,0.00,2,0
2026-06-12 18:19:51.960,0.00,0.00,0.00,0.00,2,0
2026-06-12 18:19:52.011,0.00,0.00,0.00,0.00,2,0
2026-06-12 18:19:52.061,0.00,0.00,0.00,0.00,2,0
2026-06-12 18:19:52.111,0.00,0.00,0.00,0.00,2,0
2026-06-12 18:19:52.162,0.00,0.00,0.00,0.00,2,0
2026-06-12 18:19:52.212,0.00,0.00,0.00,0.00,2,0
2026-06-12 18:19:52.263,0.00,0.00,0.00,0.00,2,0
2026-06-12 18:19:52.313,0.00,0.00,0.00,0.00,2,0
2026-06-12 18:19:52.363,0.00,0.00,0.00,0.00,2,0
2026-06-12 18:19:52.414,0.00,0.00,0.00,0.00,2,0
2026-06-12 18:19:52.464,0.00,0.00,0.00,0.00,2,0
2026-06-12 18:19:52.515,0.00,0.00,0.00,0.00,2,0
2026-06-12 18:19:52.565,0.00,0.00,0.00,0.00,2,0
2026-06-12 18:19:52.615,0.00,0.00,0.00,0.00,2,0
2026-06-12 18:19:52.666,0.00,0.00,0.00,0.00,2,0
2026-06-12 18:19:52.716,0.00,0.00,0.00,0.00,2,0
2026-06-12 18:19:52.767,0.00,0.00,0.00,0.00,2,0
2026-06-12 18:19:52.817,0.00,0.00,0.00,0.00,2,0
2026-06-12 18:19:52.867,0.00,0.00,0.00,0.00,2,0
2026-06-12 18:19:52.918,0.00,0.00,0.00,0.00,2,0
2026-06-12 18:19:52.969,0.00,0.00,0.00,0.00,2,0
2026-06-12 18:19:53.019,0.00,0.00,0.00,0.00,2,0
2026-06-12 18:19:53.069,0.00,0.00,0.00,0.00,2,0
2026-06-12 18:19:53.119,0.00,0.00,0.00,0.00,2,0
2026-06-12 18:19:53.170,0.00,0.00,0.00,0.00,2,0
2026-06-12 18:19:53.220,0.00,0.00,0.00,0.00,2,0
2026-06-12 18:19:53.271,0.00,0.00,0.00,0.00,2,0
2026-06-12 18:19:53.321,0.00,0.00,0.00,0.00,2,0
2026-06-12 18:19:53.371,0.00,0.00,0.00,0.00,2,0
2026-06-12 18:19:53.422,0.00,0.00,0.00,0.00,2,0
2026-06-12 18:19:53.472,0.00,0.00,0.00,0.00,2,0
2026-06-12 18:19:53.522,0.00,0.00,0.00,0.00,2,0
2026-06-12 18:19:53.573,0.00,0.00,0.00,0.00,2,0
2026-06-12 18:19:53.623,0.00,0.00,0.00,0.00,2,0
2026-06-12 18:19:53.674,0.00,0.00,0.00,0.00,2,0
2026-06-12 18:19:53.724,0.00,0.00,0.00,0.00,2,0
2026-06-12 18:19:53.775,0.00,0.00,0.00,0.00,2,0
2026-06-12 18:19:53.825,0.00,0.00,0.00,0.00,2,0
2026-06-12 18:19:53.875,0.00,0.00,0.00,0.00,2,0
2026-06-12 18:19:53.926,0.00,0.00,0.00,0.00,2,0
2026-06-12 18:19:53.976,0.00,0.00,0.00,0.00,2,0
2026-06-12 18:19:54.027,0.00,0.00,0.00,0.00,2,0
2026-06-12 18:19:54.077,0.00,0.00,0.00,0.00,2,0
2026-06-12 18:19:54.127,0.00,0.00,0.00,0.00,2,0
2026-06-12 18:19:54.178,0.00,0.00,0.00,0.00,2,0
2026-06-12 18:19:54.228,0.00,0.00,0.00,0.00,2,0
2026-06-12 18:19:54.279,0.00,0.00,0.00,0.00,2,0
2026-06-12 18:19:54.329,0.00,0.00,0.00,0.00,2,0
2026-06-12 18:19:54.380,0.00,0.00,0.00,0.00,2,0
2026-06-12 18:19:54.430,0.00,0.00,0.00,0.00,2,0
2026-06-12 18:19:54.480,0.00,0.00,0.00,0.00,2,0
2026-06-12 18:19:54.531,0.00,0.00,0.00,0.00,2,0
2026-06-12 18:19:54.581,0.00,0.00,0.00,0.00,2,0
2026-06-12 18:19:54.631,0.00,0.00,0.00,0.00,2,0
2026-06-12 18:19:54.682,0.00,0.00,0.00,0.00,2,0
2026-06-12 18:19:54.732,0.00,0.00,0.00,0.00,2,0
2026-06-12 18:19:54.782,0.00,0.00,0.00,0.00,2,0
2026-06-12 18:19:54.833,0.00,0.00,0.00,0.00,2,0
2026-06-12 18:19:54.883,0.00,0.00,0.00,0.00,2,0
2026-06-12 18:19:54.934,0.00,0.00,0.00,0.00,2,0
2026-06-12 18:19:54.984,0.00,0.00,0.00,0.00,2,0
2026-06-12 18:19:55.035,0.00,0.00,0.00,0.00,2,0
2026-06-12 18:19:55.085,0.00,0.00,0.00,0.00,2,0
2026-06-12 18:19:55.135,0.00,0.00,0.00,0.00,2,0
2026-06-12 18:19:55.186,0.00,0.00,0.00,0.00,2,0
2026-06-12 18:19:55.236,0.00,0.00,0.00,0.00,2,0
2026-06-12 18:19:55.287,0.00,0.00,0.00,0.00,2,0
2026-06-12 18:19:55.337,0.00,0.00,0.00,0.00,2,0
2026-06-12 18:19:55.387,0.00,0.00,0.00,0.00,2,0
2026-06-12 18:19:55.438,0.00,0.00,0.00,0.00,2,0
2026-06-12 18:19:55.488,0.00,0.00,0.00,0.00,2,0
2026-06-12 18:19:55.539,0.00,0.00,0.00,0.00,2,0
2026-06-12 18:19:55.589,0.00,0.00,0.00,0.00,2,0
2026-06-12 18:19:55.639,0.00,0.00,0.00,0.00,2,0
2026-06-12 18:19:55.690,0.00,0.00,0.00,0.00,2,0
2026-06-12 18:19:55.740,0.00,0.00,0.00,0.00,2,0
2026-06-12 18:19:55.790,0.00,0.00,0.00,0.00,2,0
2026-06-12 18:19:55.841,0.00,0.00,0.00,0.00,2,0
2026-06-12 18:19:55.891,0.00,0.00,0.00,0.00,2,0
2026-06-12 18:19:55.942,0.00,0.00,0.00,0.00,2,0
2026-06-12 18:19:55.992,0.00,0.00,0.00,0.00,2,0
2026-06-12 18:19:56.042,0.00,0.00,0.00,0.00,2,0
2026-06-12 18:19:56.093,0.00,0.00,0.00,0.00,2,0
2026-06-12 18:19:56.143,0.00,0.00,0.00,0.00,2,0
2026-06-12 18:19:56.194,0.00,0.00,0.00,0.00,2,0
2026-06-12 18:19:56.244,0.00,0.00,0.00,0.00,2,0
2026-06-12 18:19:56.295,0.00,0.00,0.00,0.00,2,0
2026-06-12 18:19:56.345,0.00,0.00,0.00,0.00,2,0
2026-06-12 18:19:56.395,0.00,0.00,0.00,0.00,2,0
2026-06-12 18:19:56.446,0.00,0.00,0.00,0.00,2,0
2026-06-12 18:19:56.496,0.00,0.00,0.00,0.00,2,0
2026-06-12 18:19:56.547,0.00,0.00,0.00,0.00,2,0
2026-06-12 18:19:56.597,0.00,0.00,0.00,0.00,2,0
2026-06-12 18:19:56.647,0.00,0.00,0.00,0.00,2,0
2026-06-12 18:19:56.698,0.00,0.00,0.00,0.00,2,0
2026-06-12 18:19:56.748,0.00,0.00,0.00,0.00,2,0
2026-06-12 18:19:56.799,0.00,0.00,0.00,0.00,2,0
2026-06-12 18:19:56.849,0.00,0.00,0.00,0.00,2,0
2026-06-12 18:19:56.899,0.00,0.00,0.00,0.00,2,0
2026-06-12 18:19:56.950,0.00,0.00,0.00,0.00,2,0
2026-06-12 18:19:57.000,0.00,0.00,0.00,0.00,2,0
2026-06-12 18:19:57.050,0.00,0.00,0.00,0.00,2,0
2026-06-12 18:19:57.101,0.00,0.00,0.00,0.00,2,0
2026-06-12 18:19:57.151,0.00,0.00,0.00,0.00,2,0
2026-06-12 18:19:57.202,0.00,0.00,0.00,0.00,2,0
2026-06-12 18:19:57.252,0.00,0.00,0.00,0.00,2,0
2026-06-12 18:19:57.302,0.00,0.00,0.00,0.00,2,0
2026-06-12 18:19:57.353,0.00,0.00,0.00,0.00,2,0
2026-06-12 18:19:57.406,0.00,0.00,0.00,0.00,2,0
2026-06-12 18:19:57.454,0.00,0.00,0.00,0.00,2,0
2026-06-12 18:19:57.504,0.00,0.00,0.00,0.00,2,0
2026-06-12 18:19:57.554,0.00,0.00,0.00,0.00,2,0
2026-06-12 18:19:57.605,0.00,0.00,0.00,0.00,2,0
2026-06-12 18:19:57.655,0.00,0.00,0.00,0.00,2,0
2026-06-12 18:19:57.706,0.00,0.00,0.00,0.00,2,0
2026-06-12 18:19:57.756,0.00,0.00,0.00,0.00,2,0
2026-06-12 18:19:57.806,0.00,0.00,0.00,0.00,2,0
2026-06-12 18:19:57.857,0.00,0.00,0.00,0.00,2,0
2026-06-12 18:19:57.907,0.00,0.00,0.00,0.00,2,0
2026-06-12 18:19:57.958,0.00,0.00,0.00,0.00,2,0
2026-06-12 18:19:58.008,0.00,0.00,0.00,0.00,2,0
2026-06-12 18:19:58.058,0.00,0.00,0.00,0.00,2,0
2026-06-12 18:19:58.109,0.00,0.00,0.00,0.00,2,0
2026-06-12 18:19:58.159,0.00,0.00,0.00,0.00,2,0
2026-06-12 18:19:58.210,0.00,0.00,0.00,0.00,2,0
2026-06-12 18:19:58.260,0.00,0.00,0.00,0.00,2,0
2026-06-12 18:19:58.311,0.00,0.00,0.00,0.00,2,0
2026-06-12 18:19:58.361,0.00,0.00,0.00,0.00,2,0
2026-06-12 18:19:58.411,0.00,0.00,0.00,0.00,2,0
2026-06-12 18:19:58.462,0.00,0.00,0.00,0.00,2,0
2026-06-12 18:19:58.512,0.00,0.00,0.00,0.00,2,0
2026-06-12 18:19:58.564,0.00,0.00,0.00,0.00,2,0
2026-06-12 18:19:58.613,0.00,0.00,0.00,0.00,2,0
2026-06-12 18:19:58.663,0.00,0.00,0.00,0.00,2,0
2026-06-12 18:19:58.714,0.00,0.00,0.00,0.00,2,0
2026-06-12 18:19:58.764,0.00,0.00,0.00,0.00,2,0
2026-06-12 18:19:58.815,0.00,0.00,0.00,0.00,2,0
2026-06-12 18:19:58.865,0.00,0.00,0.00,0.00,2,0
2026-06-12 18:19:58.915,0.00,0.00,0.00,0.00,2,0
2026-06-12 18:19:58.966,0.00,0.00,0.00,0.00,2,0
2026-06-12 18:19:59.016,0.00,0.00,0.00,0.00,2,0
2026-06-12 18:19:59.066,0.00,0.00,0.00,0.00,2,0
2026-06-12 18:19:59.117,0.00,0.00,0.00,0.00,2,0
2026-06-12 18:19:59.167,0.00,0.00,0.00,0.00,2,0
2026-06-12 18:19:59.218,0.00,0.00,0.00,0.00,2,0
2026-06-12 18:19:59.269,0.00,0.00,0.00,0.00,2,0
2026-06-12 18:19:59.320,0.00,0.00,0.00,0.00,2,0
2026-06-12 18:19:59.369,0.00,0.00,0.00,0.00,2,0
2026-06-12 18:19:59.419,0.00,0.00,0.00,0.00,2,0
2026-06-12 18:19:59.470,0.00,0.00,0.00,0.00,2,0
2026-06-12 18:19:59.520,0.00,0.00,0.00,0.00,2,0
2026-06-12 18:19:59.570,0.00,0.00,0.00,0.00,2,0
2026-06-12 18:19:59.621,0.00,0.00,0.00,0.00,2,0
2026-06-12 18:19:59.671,0.00,0.00,0.00,0.00,2,0
2026-06-12 18:19:59.722,0.00,0.00,0.00,0.00,2,0
2026-06-12 18:19:59.772,0.00,0.00,0.00,0.00,2,0
2026-06-12 18:19:59.822,0.00,0.00,0.00,0.00,2,0
2026-06-12 18:19:59.873,0.00,0.00,0.00,0.00,2,0
2026-06-12 18:19:59.923,0.00,0.00,0.00,0.00,2,0
2026-06-12 18:19:59.974,0.00,0.00,0.00,0.00,2,0
2026-06-12 18:20:00.024,0.00,0.00,0.00,0.00,2,0
2026-06-12 18:20:00.074,0.00,0.00,0.00,0.00,2,0
2026-06-12 18:20:00.125,0.00,0.00,0.00,0.00,2,0
2026-06-12 18:20:00.175,0.00,0.00,0.00,0.00,2,0
2026-06-12 18:20:00.226,0.00,0.00,0.00,0.00,2,0
2026-06-12 18:20:00.276,0.00,0.00,0.00,0.00,2,0
2026-06-12 18:20:00.328,0.00,0.00,0.00,0.00,2,0
2026-06-12 18:20:00.377,0.00,0.00,0.00,0.00,2,0
2026-06-12 18:20:00.427,0.00,0.00,0.00,0.00,2,0
2026-06-12 18:20:00.478,0.00,0.00,0.00,0.00,2,0
2026-06-12 18:20:00.529,0.00,0.00,0.00,0.00,2,0
2026-06-12 18:20:00.578,0.00,0.00,0.00,0.00,2,0
2026-06-12 18:20:00.629,0.00,0.00,0.00,0.00,2,0
2026-06-12 18:20:00.679,0.00,0.00,0.00,0.00,2,0
2026-06-12 18:20:00.730,0.00,0.00,0.00,0.00,2,0
2026-06-12 18:20:00.780,0.00,0.00,0.00,0.00,2,0
2026-06-12 18:20:00.830,0.00,0.00,0.00,0.00,2,0
2026-06-12 18:20:00.881,0.00,0.00,0.00,0.00,2,0
2026-06-12 18:20:00.931,0.00,0.00,0.00,0.00,2,0
2026-06-12 18:20:00.982,0.00,0.00,0.00,0.00,2,0
2026-06-12 18:20:01.032,0.00,0.00,0.00,0.00,2,0
2026-06-12 18:20:01.082,0.00,0.00,0.00,0.00,2,0
2026-06-12 18:20:01.133,0.00,0.00,0.00,0.00,2,0
2026-06-12 18:20:01.183,0.00,0.00,0.00,0.00,2,0
2026-06-12 18:20:01.234,0.00,0.00,0.00,0.00,2,0
2026-06-12 18:20:01.284,0.00,0.00,0.00,0.00,2,0
2026-06-12 18:20:01.334,0.00,0.00,0.00,0.00,2,0
2026-06-12 18:20:01.385,0.00,0.00,0.00,0.00,2,0
2026-06-12 18:20:01.435,0.00,0.00,0.00,0.00,2,0
2026-06-12 18:20:01.486,0.00,0.00,0.00,0.00,2,0
2026-06-12 18:20:01.536,0.00,0.00,0.00,0.00,2,0
2026-06-12 18:20:01.586,0.00,0.00,0.00,0.00,2,0
2026-06-12 18:20:01.637,0.00,0.00,0.00,0.00,2,0
2026-06-12 18:20:01.687,0.00,0.00,0.00,0.00,2,0
2026-06-12 18:20:01.738,0.00,0.00,0.00,0.00,2,0
2026-06-12 18:20:01.788,0.00,0.00,0.00,0.00,2,0
2026-06-12 18:20:01.838,0.00,0.00,0.00,0.00,2,0
2026-06-12 18:20:01.889,0.00,0.00,0.00,0.00,2,0
2026-06-12 18:20:01.940,0.00,0.00,0.00,0.00,2,0
2026-06-12 18:20:01.990,0.00,0.00,0.00,0.00,2,0
2026-06-12 18:20:02.040,0.00,0.00,0.00,0.00,2,0
2026-06-12 18:20:02.090,0.00,0.00,0.00,0.00,2,0
2026-06-12 18:20:02.141,0.00,0.00,0.00,0.00,2,0
2026-06-12 18:20:02.191,0.00,0.00,0.00,0.00,2,0
2026-06-12 18:20:02.242,0.00,0.00,0.00,0.00,2,0
2026-06-12 18:20:02.292,0.00,0.00,0.00,0.00,2,0
2026-06-12 18:20:02.342,0.00,0.00,0.00,0.00,2,0
2026-06-12 18:20:02.393,0.00,0.00,0.00,0.00,2,0
2026-06-12 18:20:02.443,0.00,0.00,0.00,0.00,2,0
2026-06-12 18:20:02.493,0.00,0.00,0.00,0.00,2,0
2026-06-12 18:20:02.544,0.00,0.00,0.00,0.00,2,0
2026-06-12 18:20:02.594,0.00,0.00,0.00,0.00,2,0
2026-06-12 18:20:02.645,0.00,0.00,0.00,0.00,2,0
2026-06-12 18:20:02.695,0.00,0.00,0.00,0.00,2,0
2026-06-12 18:20:02.746,0.00,0.00,0.00,0.00,2,0
2026-06-12 18:20:02.796,0.00,0.00,0.00,0.00,2,0
2026-06-12 18:20:02.846,0.00,0.00,0.00,0.00,2,0
2026-06-12 18:20:02.897,0.00,0.00,0.00,0.00,2,0
2026-06-12 18:20:02.947,0.00,0.00,0.00,0.00,2,0
2026-06-12 18:20:02.997,0.00,0.00,0.00,0.00,2,0
2026-06-12 18:20:03.048,0.00,0.00,0.00,0.00,2,0
2026-06-12 18:20:03.099,0.00,0.00,0.00,0.00,2,0
2026-06-12 18:20:03.153,0.00,0.00,0.00,0.00,2,0
2026-06-12 18:20:03.199,0.00,0.00,0.00,0.00,2,0
2026-06-12 18:20:03.249,0.00,0.00,0.00,0.00,2,0
2026-06-12 18:20:03.300,0.00,0.00,0.00,0.00,2,0
2026-06-12 18:20:03.350,0.00,0.00,0.00,0.00,2,0
2026-06-12 18:20:03.401,0.00,0.00,0.00,0.00,2,0
2026-06-12 18:20:03.451,0.00,0.00,0.00,0.00,2,0
2026-06-12 18:20:03.501,0.00,0.00,0.00,0.00,2,0
2026-06-12 18:20:03.552,0.00,0.00,0.00,0.00,2,0
2026-06-12 18:20:03.602,0.00,0.00,0.00,0.00,2,0
2026-06-12 18:20:03.653,0.00,0.00,0.00,0.00,2,0
2026-06-12 18:20:03.703,0.00,0.00,0.00,0.00,2,0
2026-06-12 18:20:03.754,0.00,0.00,0.00,0.00,2,0
2026-06-12 18:20:03.804,0.00,0.00,0.00,0.00,2,0
2026-06-12 18:20:03.854,0.00,0.00,0.00,0.00,2,0
2026-06-12 18:20:03.905,0.00,0.00,0.00,0.00,2,0
2026-06-12 18:20:03.955,0.00,0.00,0.00,0.00,2,0
2026-06-12 18:20:04.006,0.00,0.00,0.00,0.00,2,0
2026-06-12 18:20:04.056,0.00,0.00,0.00,0.00,2,0
2026-06-12 18:20:04.106,0.00,0.00,0.00,0.00,2,0
2026-06-12 18:20:04.157,0.00,0.00,0.00,0.00,2,0
2026-06-12 18:20:04.207,0.00,0.00,0.00,0.00,2,0
2026-06-12 18:20:04.258,0.00,0.00,0.00,0.00,2,0
2026-06-12 18:20:04.308,0.00,0.00,0.00,0.00,2,0
2026-06-12 18:20:04.359,0.00,0.00,0.00,0.00,2,0
2026-06-12 18:20:04.409,0.00,0.00,0.00,0.00,2,0
2026-06-12 18:20:04.459,0.00,0.00,0.00,0.00,2,0
2026-06-12 18:20:04.509,0.00,0.00,0.00,0.00,2,0
2026-06-12 18:20:04.560,0.00,0.00,0.00,0.00,2,0
2026-06-12 18:20:04.610,0.00,0.00,0.00,0.00,2,0
2026-06-12 18:20:04.661,0.00,0.00,0.00,0.00,2,0
2026-06-12 18:20:04.711,0.00,0.00,0.00,0.00,2,0
2026-06-12 18:20:04.761,0.00,0.00,0.00,0.00,2,0
2026-06-12 18:20:04.812,0.00,0.00,0.00,0.00,2,0
2026-06-12 18:20:04.862,0.00,0.00,0.00,0.00,2,0
2026-06-12 18:20:04.913,0.00,0.00,0.00,0.00,2,0
2026-06-12 18:20:04.963,0.00,0.00,0.00,0.00,2,0
2026-06-12 18:20:05.013,0.00,0.00,0.00,0.00,2,0
2026-06-12 18:20:05.064,0.00,0.00,0.00,0.00,2,0
2026-06-12 18:20:05.114,0.00,0.00,0.00,0.00,2,0
2026-06-12 18:20:05.165,0.00,0.00,0.00,0.00,2,0
2026-06-12 18:20:05.215,0.00,0.00,0.00,0.00,2,0
2026-06-12 18:20:05.265,0.00,0.00,0.00,0.00,2,0
2026-06-12 18:20:05.316,0.00,0.00,0.00,0.00,2,0
2026-06-12 18:20:05.366,0.00,0.00,0.00,0.00,2,0
2026-06-12 18:20:05.417,0.00,0.00,0.00,0.00,2,0
2026-06-12 18:20:05.467,0.00,0.00,0.00,0.00,2,0
2026-06-12 18:20:05.517,0.00,0.00,0.00,0.00,2,0
2026-06-12 18:20:05.568,0.00,0.00,0.00,0.00,2,0
2026-06-12 18:20:05.618,0.00,0.00,0.00,0.00,2,0
2026-06-12 18:20:05.669,0.00,0.00,0.00,0.00,2,0
2026-06-12 18:20:05.719,0.00,0.00,0.00,0.00,2,0
2026-06-12 18:20:05.769,0.00,0.00,0.00,0.00,2,0
2026-06-12 18:20:05.820,0.00,0.00,0.00,0.00,2,0
2026-06-12 18:20:05.870,0.00,0.00,0.00,0.00,2,0
2026-06-12 18:20:05.921,0.00,0.00,0.00,0.00,2,0
2026-06-12 18:20:05.971,0.00,0.00,0.00,0.00,2,0
2026-06-12 18:20:06.022,0.00,0.00,0.00,0.00,2,0
2026-06-12 18:20:06.072,0.00,0.00,0.00,0.00,2,0
2026-06-12 18:20:06.122,0.00,0.00,0.00,0.00,2,0
2026-06-12 18:20:06.173,0.00,0.00,0.00,0.00,2,0
2026-06-12 18:20:06.223,0.00,0.00,0.00,0.00,2,0
2026-06-12 18:20:06.273,0.00,0.00,0.00,0.00,2,0
2026-06-12 18:20:06.324,0.00,0.00,0.00,0.00,2,0
2026-06-12 18:20:06.374,0.00,0.00,0.00,0.00,2,0
2026-06-12 18:20:06.425,0.00,0.00,0.00,0.00,2,0
2026-06-12 18:20:06.475,0.00,0.00,0.00,0.00,2,0
2026-06-12 18:20:06.525,0.00,0.00,0.00,0.00,2,0
2026-06-12 18:20:06.576,0.00,0.00,0.00,0.00,2,0
2026-06-12 18:20:06.626,0.00,0.00,0.00,0.00,2,0
2026-06-12 18:20:06.677,0.00,0.00,0.00,0.00,2,0
2026-06-12 18:20:06.727,0.00,0.00,0.00,0.00,2,0
2026-06-12 18:20:06.777,0.00,0.00,0.00,0.00,2,0
2026-06-12 18:20:06.828,0.00,0.00,0.00,0.00,2,0
2026-06-12 18:20:06.879,0.00,0.00,0.00,0.00,2,0
2026-06-12 18:20:06.929,0.00,0.00,0.00,0.00,2,0
2026-06-12 18:20:06.979,0.00,0.00,0.00,0.00,2,0
2026-06-12 18:20:07.029,0.00,0.00,0.00,0.00,2,0
2026-06-12 18:20:07.080,0.00,0.00,0.00,0.00,2,0
2026-06-12 18:20:07.130,0.00,0.00,0.00,0.00,2,0
2026-06-12 18:20:07.181,0.00,0.00,0.00,0.00,2,0
2026-06-12 18:20:07.231,0.00,0.00,0.00,0.00,2,0
2026-06-12 18:20:07.281,0.00,0.00,0.00,0.00,2,0
2026-06-12 18:20:07.332,0.00,0.00,0.00,0.00,2,0
2026-06-12 18:20:07.382,0.00,0.00,0.00,0.00,2,0
2026-06-12 18:20:07.433,0.00,0.00,0.00,0.00,2,0
2026-06-12 18:20:07.483,0.00,0.00,0.00,0.00,2,0
2026-06-12 18:20:07.533,0.00,0.00,0.00,0.00,2,0
2026-06-12 18:20:07.584,0.00,0.00,0.00,0.00,2,0
2026-06-12 18:20:07.634,0.00,0.00,0.00,0.00,2,0
2026-06-12 18:20:07.685,0.00,0.00,0.00,0.00,2,0
2026-06-12 18:20:07.735,0.00,0.00,0.00,0.00,2,0
2026-06-12 18:20:07.786,0.00,0.00,0.00,0.00,2,0
2026-06-12 18:20:07.836,0.00,0.00,0.00,0.00,2,0
2026-06-12 18:20:07.886,0.00,0.00,0.00,0.00,2,0
2026-06-12 18:20:07.937,0.00,0.00,0.00,0.00,2,0
2026-06-12 18:20:07.987,0.00,0.00,0.00,0.00,2,0
2026-06-12 18:20:08.038,0.00,0.00,0.00,0.00,2,0
2026-06-12 18:20:08.088,0.00,0.00,0.00,0.00,2,0
2026-06-12 18:20:08.139,0.00,0.00,0.00,0.00,2,0
2026-06-12 18:20:08.189,0.00,0.00,0.00,0.00,2,0
2026-06-12 18:20:08.239,0.00,0.00,0.00,0.00,2,0
2026-06-12 18:20:08.289,0.00,0.00,0.00,0.00,2,0
2026-06-12 18:20:08.340,0.00,0.00,0.00,0.00,2,0
2026-06-12 18:20:08.390,0.00,0.00,0.00,0.00,2,0
2026-06-12 18:20:08.441,0.00,0.00,0.00,0.00,2,0
2026-06-12 18:20:08.491,0.00,0.00,0.00,0.00,2,0
2026-06-12 18:20:08.541,0.00,0.00,0.00,0.00,2,0
2026-06-12 18:20:08.592,0.00,0.00,0.00,0.00,2,0
2026-06-12 18:20:08.642,0.00,0.00,0.00,0.00,2,0
2026-06-12 18:20:08.693,0.00,0.00,0.00,0.00,2,0
2026-06-12 18:20:08.743,0.00,0.00,0.00,0.00,2,0
2026-06-12 18:20:08.793,0.00,0.00,0.00,0.00,2,0
2026-06-12 18:20:08.844,0.00,0.00,0.00,0.00,2,0
2026-06-12 18:20:08.894,0.00,0.00,0.00,0.00,2,0
2026-06-12 18:20:08.945,0.00,0.00,0.00,0.00,2,0
2026-06-12 18:20:08.995,0.00,0.00,0.00,0.00,2,0
2026-06-12 18:20:09.045,0.00,0.00,0.00,0.00,2,0
2026-06-12 18:20:09.096,0.00,0.00,0.00,0.00,2,0
2026-06-12 18:20:09.146,0.00,0.00,0.00,0.00,2,0
2026-06-12 18:20:09.197,0.00,0.00,0.00,0.00,2,0
2026-06-12 18:20:09.247,0.00,0.00,0.00,0.00,2,0
2026-06-12 18:20:09.297,0.00,0.00,0.00,0.00,2,0
2026-06-12 18:20:09.348,0.00,0.00,0.00,0.00,2,0
2026-06-12 18:20:09.398,0.00,0.00,0.00,0.00,2,0
2026-06-12 18:20:09.449,0.00,0.00,0.00,0.00,2,0
2026-06-12 18:20:09.499,0.00,0.00,0.00,0.00,2,0
2026-06-12 18:20:09.549,0.00,0.00,0.00,0.00,2,0
2026-06-12 18:20:09.600,0.00,0.00,0.00,0.00,2,0
2026-06-12 18:20:09.650,0.00,0.00,0.00,0.00,2,0
2026-06-12 18:20:09.701,0.00,0.00,0.00,0.00,2,0
2026-06-12 18:20:09.751,0.00,0.00,0.00,0.00,2,0
2026-06-12 18:20:09.801,0.00,0.00,0.00,0.00,2,0
2026-06-12 18:20:09.852,0.00,0.00,0.00,0.00,2,0
2026-06-12 18:20:09.902,0.00,0.00,0.00,0.00,2,0
2026-06-12 18:20:09.953,0.00,0.00,0.00,0.00,2,0
2026-06-12 18:20:10.003,0.00,0.00,0.00,0.00,2,0
2026-06-12 18:20:10.053,0.00,0.00,0.00,0.00,2,0
2026-06-12 18:20:10.104,0.00,0.00,0.00,0.00,2,0
2026-06-12 18:20:10.154,0.00,0.00,0.00,0.00,2,0
2026-06-12 18:20:10.205,0.00,0.00,0.00,0.00,2,0
2026-06-12 18:20:10.255,0.00,0.00,0.00,0.00,2,0
2026-06-12 18:20:10.305,0.00,0.00,0.00,0.00,2,0
2026-06-12 18:20:10.356,0.00,0.00,0.00,0.00,2,0
2026-06-12 18:20:10.406,0.00,0.00,0.00,0.00,2,0
2026-06-12 18:20:10.457,0.00,0.00,0.00,0.00,2,0
2026-06-12 18:20:10.507,0.00,0.00,0.00,0.00,2,0
2026-06-12 18:20:10.557,0.00,0.00,0.00,0.00,2,0
2026-06-12 18:20:10.608,0.00,0.00,0.00,0.00,2,0
2026-06-12 18:20:10.658,0.00,0.00,0.00,0.00,2,0
2026-06-12 18:20:10.709,0.00,0.00,0.00,0.00,2,0
2026-06-12 18:20:10.759,0.00,0.00,0.00,0.00,2,0
2026-06-12 18:20:10.809,0.00,0.00,0.00,0.00,2,0
2026-06-12 18:20:10.860,0.00,0.00,0.00,0.00,2,0
2026-06-12 18:20:10.910,0.00,0.00,0.00,0.00,2,0
2026-06-12 18:20:10.961,0.00,0.00,0.00,0.00,2,0
2026-06-12 18:20:11.011,0.00,0.00,0.00,0.00,2,0
2026-06-12 18:20:11.062,0.00,0.00,0.00,0.00,2,0
2026-06-12 18:20:11.112,0.00,0.00,0.00,0.00,2,0
2026-06-12 18:20:11.165,0.00,0.00,0.00,0.00,2,0
2026-06-12 18:20:11.212,0.00,0.00,0.00,0.00,2,0
2026-06-12 18:20:11.263,0.00,0.00,0.00,0.00,2,0
2026-06-12 18:20:11.313,0.00,0.00,0.00,0.00,2,0
2026-06-12 18:20:11.364,0.00,0.00,0.00,0.00,2,0
2026-06-12 18:20:11.414,0.00,0.00,0.00,0.00,2,0
2026-06-12 18:20:11.465,0.00,0.00,0.00,0.00,2,0
2026-06-12 18:20:11.515,0.00,0.00,0.00,0.00,2,0
2026-06-12 18:20:11.565,0.00,0.00,0.00,0.00,2,0
2026-06-12 18:20:11.616,0.00,0.00,0.00,0.00,2,0
2026-06-12 18:20:11.669,0.00,0.00,0.00,0.00,2,0
2026-06-12 18:20:11.717,0.00,0.00,0.00,0.00,2,0
2026-06-12 18:20:11.767,0.00,0.00,0.00,0.00,2,0
2026-06-12 18:20:11.817,0.00,0.00,0.00,0.00,2,0
2026-06-12 18:20:11.868,0.00,0.00,0.00,0.00,2,0
2026-06-12 18:20:11.918,0.00,0.00,0.00,0.00,2,0
2026-06-12 18:20:11.969,0.00,0.00,0.00,0.00,2,0
2026-06-12 18:20:12.019,0.00,0.00,0.00,0.00,2,0
2026-06-12 18:20:12.069,0.00,0.00,0.00,0.00,2,0
2026-06-12 18:20:12.120,0.00,0.00,0.00,0.00,2,0
2026-06-12 18:20:12.170,0.00,0.00,0.00,0.00,2,0
2026-06-12 18:20:12.221,0.00,0.00,0.00,0.00,2,0
2026-06-12 18:20:12.271,0.00,0.00,0.00,0.00,2,0
2026-06-12 18:20:12.321,0.00,0.00,0.00,0.00,2,0
2026-06-12 18:20:12.372,0.00,0.00,0.00,0.00,2,0
2026-06-12 18:20:12.422,0.00,0.00,0.00,0.00,2,0
2026-06-12 18:20:12.472,0.00,0.00,0.00,0.00,2,0
2026-06-12 18:20:12.523,0.00,0.00,0.00,0.00,2,0
2026-06-12 18:20:12.573,0.00,0.00,0.00,0.00,2,0
2026-06-12 18:20:12.624,0.00,0.00,0.00,0.00,2,0
2026-06-12 18:20:12.674,0.00,0.00,0.00,0.00,2,0
2026-06-12 18:20:12.725,0.00,0.00,0.00,0.00,2,0
2026-06-12 18:20:12.775,0.00,0.00,0.00,0.00,2,0
2026-06-12 18:20:12.825,0.00,0.00,0.00,0.00,2,0
2026-06-12 18:20:12.876,0.00,0.00,0.00,0.00,2,0
2026-06-12 18:20:12.926,0.00,0.00,0.00,0.00,2,0
2026-06-12 18:20:12.976,0.00,0.00,0.00,0.00,2,0
2026-06-12 18:20:13.027,0.00,0.00,0.00,0.00,2,0
2026-06-12 18:20:13.081,0.00,0.00,0.00,0.00,2,0
2026-06-12 18:20:13.128,0.00,0.00,0.00,0.00,2,0
2026-06-12 18:20:13.178,0.00,0.00,0.00,0.00,2,0
2026-06-12 18:20:13.229,0.00,0.00,0.00,0.00,2,0
2026-06-12 18:20:13.279,0.00,0.00,0.00,0.00,2,0
2026-06-12 18:20:13.330,0.00,0.00,0.00,0.00,2,0
2026-06-12 18:20:13.380,0.00,0.00,0.00,0.00,2,0
2026-06-12 18:20:13.430,0.00,0.00,0.00,0.00,2,0
2026-06-12 18:20:13.481,0.00,0.00,0.00,0.00,2,0
2026-06-12 18:20:13.531,0.00,0.00,0.00,0.00,2,0
2026-06-12 18:20:13.581,0.00,0.00,0.00,0.00,2,0
2026-06-12 18:20:13.632,0.00,0.00,0.00,0.00,2,0
2026-06-12 18:20:13.682,0.00,0.00,0.00,0.00,2,0
2026-06-12 18:20:13.733,0.00,0.00,0.00,0.00,2,0
2026-06-12 18:20:13.783,0.00,0.00,0.00,0.00,2,0
2026-06-12 18:20:13.833,0.00,0.00,0.00,0.00,2,0
2026-06-12 18:20:13.884,0.00,0.00,0.00,0.00,2,0
2026-06-12 18:20:13.934,0.00,0.00,0.00,0.00,2,0
2026-06-12 18:20:13.984,0.00,0.00,0.00,0.00,2,0
2026-06-12 18:20:14.035,0.00,0.00,0.00,0.00,2,0
2026-06-12 18:20:14.085,0.00,0.00,0.00,0.00,2,0
2026-06-12 18:20:14.136,0.00,0.00,0.00,0.00,2,0
2026-06-12 18:20:14.187,0.00,0.00,0.00,0.00,2,0
2026-06-12 18:20:14.237,0.00,0.00,0.00,0.00,2,0
2026-06-12 18:20:14.287,0.00,0.00,0.00,0.00,2,0
2026-06-12 18:20:14.337,0.00,0.00,0.00,0.00,2,0
2026-06-12 18:20:14.388,0.00,0.00,0.00,0.00,2,0
2026-06-12 18:20:14.438,0.00,0.00,0.00,0.00,2,0
2026-06-12 18:20:14.491,0.00,0.00,0.00,0.00,2,0
2026-06-12 18:20:14.539,0.00,0.00,0.00,0.00,2,0
2026-06-12 18:20:14.589,0.00,0.00,0.00,0.00,2,0
2026-06-12 18:20:14.640,0.00,0.00,0.00,0.00,2,0
2026-06-12 18:20:14.690,0.00,0.00,0.00,0.00,2,0
2026-06-12 18:20:14.741,0.00,0.00,0.00,0.00,2,0
2026-06-12 18:20:14.791,0.00,0.00,0.00,0.00,2,0
2026-06-12 18:20:14.841,0.00,0.00,0.00,0.00,2,0
2026-06-12 18:20:14.892,0.00,0.00,0.00,0.00,2,0
2026-06-12 18:20:14.942,0.00,0.00,0.00,0.00,2,0
2026-06-12 18:20:14.992,0.00,0.00,0.00,0.00,2,0
2026-06-12 18:20:15.043,0.00,0.00,0.00,0.00,2,0
2026-06-12 18:20:15.093,0.00,0.00,0.00,0.00,2,0
2026-06-12 18:20:15.144,0.00,0.00,0.00,0.00,2,0
2026-06-12 18:20:15.194,0.00,0.00,0.00,0.00,2,0
2026-06-12 18:20:15.244,0.00,0.00,0.00,0.00,2,0
2026-06-12 18:20:15.295,0.00,0.00,0.00,0.00,2,0
2026-06-12 18:20:15.345,0.00,0.00,0.00,0.00,2,0
2026-06-12 18:20:15.396,0.00,0.00,0.00,0.00,2,0
2026-06-12 18:20:15.446,0.00,0.00,0.00,0.00,2,0
2026-06-12 18:20:15.497,0.00,0.00,0.00,0.00,2,0
2026-06-12 18:20:15.547,0.00,0.00,0.00,0.00,2,0
2026-06-12 18:20:15.597,0.00,0.00,0.00,0.00,2,0
2026-06-12 18:20:15.648,0.00,0.00,0.00,0.00,2,0
2026-06-12 18:20:15.698,0.00,0.00,0.00,0.00,2,0
2026-06-12 18:20:15.748,0.00,0.00,0.00,0.00,2,0
2026-06-12 18:20:15.800,0.00,0.00,0.00,0.00,2,0
2026-06-12 18:20:15.849,0.00,0.00,0.00,0.00,2,0
2026-06-12 18:20:15.900,0.00,0.00,0.00,0.00,2,0
2026-06-12 18:20:15.950,0.00,0.00,0.00,0.00,2,0
2026-06-12 18:20:16.000,0.00,0.00,0.00,0.00,2,0
2026-06-12 18:20:16.051,0.00,0.00,0.00,0.00,2,0
2026-06-12 18:20:16.102,0.00,0.00,0.00,0.00,2,0
2026-06-12 18:20:16.152,0.00,0.00,0.00,0.00,2,0
2026-06-12 18:20:16.202,0.00,0.00,0.00,0.00,2,0
2026-06-12 18:20:16.252,0.00,0.00,0.00,0.00,2,0
2026-06-12 18:20:16.303,0.00,0.00,0.00,0.00,2,0
2026-06-12 18:20:16.353,0.00,0.00,0.00,0.00,2,0
2026-06-12 18:20:16.404,0.00,0.00,0.00,0.00,2,0
2026-06-12 18:20:16.454,0.00,0.00,0.00,0.00,2,0
2026-06-12 18:20:16.504,0.00,0.00,0.00,0.00,2,0
2026-06-12 18:20:16.555,0.00,0.00,0.00,0.00,2,0
2026-06-12 18:20:16.605,0.00,0.00,0.00,0.00,2,0
2026-06-12 18:20:16.656,0.00,0.00,0.00,0.00,2,0
2026-06-12 18:20:16.706,0.00,0.00,0.00,0.00,2,0
2026-06-12 18:20:16.756,0.00,0.00,0.00,0.00,2,0
2026-06-12 18:20:16.807,0.00,0.00,0.00,0.00,2,0
2026-06-12 18:20:16.857,0.00,0.00,0.00,0.00,2,0
2026-06-12 18:20:16.908,0.00,0.00,0.00,0.00,2,0
2026-06-12 18:20:16.958,0.00,0.00,0.00,0.00,2,0
2026-06-12 18:20:17.009,0.00,0.00,0.00,0.00,2,0
2026-06-12 18:20:17.059,0.00,0.00,0.00,0.00,2,0
2026-06-12 18:20:17.109,0.00,0.00,0.00,0.00,2,0
2026-06-12 18:20:17.160,0.00,0.00,0.00,0.00,2,0
2026-06-12 18:20:17.210,0.00,0.00,0.00,0.00,2,0
2026-06-12 18:20:17.260,0.00,0.00,0.00,0.00,2,0
2026-06-12 18:20:17.311,0.00,0.00,0.00,0.00,2,0
2026-06-12 18:20:17.361,0.00,0.00,0.00,0.00,2,0
2026-06-12 18:20:17.412,0.00,0.00,0.00,0.00,2,0
2026-06-12 18:20:17.462,0.00,0.00,0.00,0.00,2,0
2026-06-12 18:20:17.512,0.00,0.00,0.00,0.00,2,0
2026-06-12 18:20:17.563,0.00,0.00,0.00,0.00,2,0
2026-06-12 18:20:17.613,0.00,0.00,0.00,0.00,2,0
2026-06-12 18:20:17.664,0.00,0.00,0.00,0.00,2,0
2026-06-12 18:20:17.714,0.00,0.00,0.00,0.00,2,0
2026-06-12 18:20:17.765,0.00,0.00,0.00,0.00,2,0
2026-06-12 18:20:17.819,0.00,0.00,0.00,0.00,2,0
2026-06-12 18:20:17.865,0.00,0.00,0.00,0.00,2,0
2026-06-12 18:20:17.916,0.00,0.00,0.00,0.00,2,0
2026-06-12 18:20:17.966,0.00,0.00,0.00,0.00,2,0
2026-06-12 18:20:18.017,0.00,0.00,0.00,0.00,2,0
2026-06-12 18:20:18.067,0.00,0.00,0.00,0.00,2,0
2026-06-12 18:20:18.117,0.00,0.00,0.00,0.00,2,0
2026-06-12 18:20:18.168,0.00,0.00,0.00,0.00,2,0
2026-06-12 18:20:18.219,0.00,0.00,0.00,0.00,2,0
2026-06-12 18:20:18.270,0.00,0.00,0.00,0.00,2,0
2026-06-12 18:20:18.319,0.00,0.00,0.00,0.00,2,0
2026-06-12 18:20:18.369,0.00,0.00,0.00,0.00,2,0
2026-06-12 18:20:18.421,0.00,0.00,0.00,0.00,2,0
2026-06-12 18:20:18.470,0.00,0.00,0.00,0.00,2,0
2026-06-12 18:20:18.520,0.00,0.00,0.00,0.00,2,0
2026-06-12 18:20:18.571,0.00,0.00,0.00,0.00,2,0
2026-06-12 18:20:18.621,0.00,0.00,0.00,0.00,2,0
2026-06-12 18:20:18.672,0.00,0.00,0.00,0.00,2,0
2026-06-12 18:20:18.722,0.00,0.00,0.00,0.00,2,0
2026-06-12 18:20:18.772,0.00,0.00,0.00,0.00,2,0
2026-06-12 18:20:18.823,0.00,0.00,0.00,0.00,2,0
2026-06-12 18:20:18.873,0.00,0.00,0.00,0.00,2,0
2026-06-12 18:20:18.924,0.00,0.00,0.00,0.00,2,0
2026-06-12 18:20:18.974,0.00,0.00,0.00,0.00,2,0
2026-06-12 18:20:19.024,0.00,0.00,0.00,0.00,2,0
2026-06-12 18:20:19.075,0.00,0.00,0.00,0.00,2,0
2026-06-12 18:20:19.125,0.00,0.00,0.00,0.00,2,0
2026-06-12 18:20:19.176,0.00,0.00,0.00,0.00,2,0
2026-06-12 18:20:19.226,0.00,0.00,0.00,0.00,2,0
2026-06-12 18:20:19.276,0.00,0.00,0.00,0.00,2,0
2026-06-12 18:20:19.327,0.00,0.00,0.00,0.00,2,0
2026-06-12 18:20:19.377,0.00,0.00,0.00,0.00,2,0
2026-06-12 18:20:19.428,0.00,0.00,0.00,0.00,2,0
2026-06-12 18:20:19.478,0.00,0.00,0.00,0.00,2,0
2026-06-12 18:20:19.529,0.00,0.00,0.00,0.00,2,0
2026-06-12 18:20:19.579,0.00,0.00,0.00,0.00,2,0
2026-06-12 18:20:19.629,0.00,0.00,0.00,0.00,2,0
2026-06-12 18:20:19.680,0.00,0.00,0.00,0.00,2,0
2026-06-12 18:20:19.730,0.00,0.00,0.00,0.00,2,0
2026-06-12 18:20:19.780,0.00,0.00,0.00,0.00,2,0
2026-06-12 18:20:19.831,0.00,0.00,0.00,0.00,2,0
2026-06-12 18:20:19.881,0.00,0.00,0.00,0.00,2,0
2026-06-12 18:20:19.932,0.00,0.00,0.00,0.00,2,0
2026-06-12 18:20:19.982,0.00,0.00,0.00,0.00,2,0
2026-06-12 18:20:20.032,0.00,0.00,0.00,0.00,2,0
2026-06-12 18:20:20.083,0.00,0.00,0.00,0.00,2,0
2026-06-12 18:20:20.133,0.00,0.00,0.00,0.00,2,0
2026-06-12 18:20:20.184,0.00,0.00,0.00,0.00,2,0
2026-06-12 18:20:20.234,0.00,0.00,0.00,0.00,2,0
2026-06-12 18:20:20.284,0.00,0.00,0.00,0.00,2,0
2026-06-12 18:20:20.335,0.00,0.00,0.00,0.00,2,0
2026-06-12 18:20:20.385,0.00,0.00,0.00,0.00,2,0
2026-06-12 18:20:20.435,0.00,0.00,0.00,0.00,2,0
2026-06-12 18:20:20.486,0.00,0.00,0.00,0.00,2,0
2026-06-12 18:20:20.536,0.00,0.00,0.00,0.00,2,0
2026-06-12 18:20:20.587,0.00,0.00,0.00,0.00,2,0
2026-06-12 18:20:20.637,0.00,0.00,0.00,0.00,2,0
2026-06-12 18:20:20.688,0.00,0.00,0.00,0.00,2,0
2026-06-12 18:20:20.738,0.00,0.00,0.00,0.00,2,0
2026-06-12 18:20:20.789,0.00,0.00,0.00,0.00,2,0
2026-06-12 18:20:20.839,0.00,0.00,0.00,0.00,2,0
2026-06-12 18:20:20.889,0.00,0.00,0.00,0.00,2,0
2026-06-12 18:20:20.940,0.00,0.00,0.00,0.00,2,0
2026-06-12 18:20:20.990,0.00,0.00,0.00,0.00,2,0
2026-06-12 18:20:21.041,0.00,0.00,0.00,0.00,2,0
2026-06-12 18:20:21.091,0.00,0.00,0.00,0.00,2,0
2026-06-12 18:20:21.141,0.00,0.00,0.00,0.00,2,0
2026-06-12 18:20:21.191,0.00,0.00,0.00,0.00,2,0
2026-06-12 18:20:21.242,0.00,0.00,0.00,0.00,2,0
2026-06-12 18:20:21.292,0.00,0.00,0.00,0.00,2,0
2026-06-12 18:20:21.343,0.00,0.00,0.00,0.00,2,0
2026-06-12 18:20:21.393,0.00,0.00,0.00,0.00,2,0
2026-06-12 18:20:21.444,0.00,0.00,0.00,0.00,2,0
2026-06-12 18:20:21.494,0.00,0.00,0.00,0.00,2,0
2026-06-12 18:20:21.544,0.00,0.00,0.00,0.00,2,0
2026-06-12 18:20:21.595,0.00,0.00,0.00,0.00,2,0
2026-06-12 18:20:21.645,0.00,0.00,0.00,0.00,2,0
2026-06-12 18:20:21.696,0.00,0.00,0.00,0.00,2,0
2026-06-12 18:20:21.746,0.00,0.00,0.00,0.00,2,0
2026-06-12 18:20:21.796,0.00,0.00,0.00,0.00,2,0
2026-06-12 18:20:21.847,0.00,0.00,0.00,0.00,2,0
2026-06-12 18:20:21.897,0.00,0.00,0.00,0.00,2,0
2026-06-12 18:20:21.948,0.00,0.00,0.00,0.00,2,0
2026-06-12 18:20:21.998,0.00,0.00,0.00,0.00,2,0
2026-06-12 18:20:22.049,0.00,0.00,0.00,0.00,2,0
2026-06-12 18:20:22.099,0.00,0.00,0.00,0.00,2,0
2026-06-12 18:20:22.149,0.00,0.00,0.00,0.00,2,0
2026-06-12 18:20:22.200,0.00,0.00,0.00,0.00,2,0
2026-06-12 18:20:22.250,0.00,0.00,0.00,0.00,2,0
2026-06-12 18:20:22.300,0.00,0.00,0.00,0.00,2,0
2026-06-12 18:20:22.351,0.00,0.00,0.00,0.00,2,0
2026-06-12 18:20:22.401,0.00,0.00,0.00,0.00,2,0
2026-06-12 18:20:22.452,0.00,0.00,0.00,0.00,2,0
2026-06-12 18:20:22.502,0.00,0.00,0.00,0.00,2,0
2026-06-12 18:20:22.552,0.00,0.00,0.00,0.00,2,0
2026-06-12 18:20:22.603,0.00,0.00,0.00,0.00,2,0
2026-06-12 18:20:22.653,0.00,0.00,0.00,0.00,2,0
2026-06-12 18:20:22.705,0.00,0.00,0.00,0.00,2,0
2026-06-12 18:20:22.754,0.00,0.00,0.00,0.00,2,0
2026-06-12 18:20:22.804,0.00,0.00,0.00,0.00,2,0
2026-06-12 18:20:22.855,0.00,0.00,0.00,0.00,2,0
2026-06-12 18:20:22.905,0.00,0.00,0.00,0.00,2,0
2026-06-12 18:20:22.955,0.00,0.00,0.00,0.00,2,0
2026-06-12 18:20:23.006,0.00,0.00,0.00,0.00,2,0
2026-06-12 18:20:23.056,0.00,0.00,0.00,0.00,2,0
2026-06-12 18:20:23.107,0.00,0.00,0.00,0.00,2,0
2026-06-12 18:20:23.157,0.00,0.00,0.00,0.00,2,0
2026-06-12 18:20:23.207,0.00,0.00,0.00,0.00,2,0
2026-06-12 18:20:23.258,0.00,0.00,0.00,0.00,2,0
2026-06-12 18:20:23.309,0.00,0.00,0.00,0.00,2,0
2026-06-12 18:20:23.359,0.00,0.00,0.00,0.00,2,0
2026-06-12 18:20:23.409,0.00,0.00,0.00,0.00,2,0
2026-06-12 18:20:23.459,0.00,0.00,0.00,0.00,2,0
2026-06-12 18:20:23.510,0.00,0.00,0.00,0.00,2,0
2026-06-12 18:20:23.560,0.00,0.00,0.00,0.00,2,0
2026-06-12 18:20:23.611,0.00,0.00,0.00,0.00,2,0
2026-06-12 18:20:23.661,0.00,0.00,0.00,0.00,2,0
2026-06-12 18:20:23.711,0.00,0.00,0.00,0.00,2,0
2026-06-12 18:20:23.762,0.00,0.00,0.00,0.00,2,0
2026-06-12 18:20:23.812,0.00,0.00,0.00,0.00,2,0
2026-06-12 18:20:23.863,0.00,0.00,0.00,0.00,2,0
2026-06-12 18:20:23.913,0.00,0.00,0.00,0.00,2,0
2026-06-12 18:20:23.963,0.00,0.00,0.00,0.00,2,0
2026-06-12 18:20:24.014,0.00,0.00,0.00,0.00,2,0
2026-06-12 18:20:24.064,0.00,0.00,0.00,0.00,2,0
2026-06-12 18:20:24.115,0.00,0.00,0.00,0.00,2,0
2026-06-12 18:20:24.165,0.00,0.00,0.00,0.00,2,0
2026-06-12 18:20:24.215,0.00,0.00,0.00,0.00,2,0
2026-06-12 18:20:24.266,0.00,0.00,0.00,0.00,2,0
2026-06-12 18:20:24.316,0.00,0.00,0.00,0.00,2,0
2026-06-12 18:20:24.367,0.00,0.00,0.00,0.00,2,0
2026-06-12 18:20:24.417,0.00,0.00,0.00,0.00,2,0
2026-06-12 18:20:24.468,0.00,0.00,0.00,0.00,2,0
2026-06-12 18:20:24.518,0.00,0.00,0.00,0.00,2,0
2026-06-12 18:20:24.569,0.00,0.00,0.00,0.00,2,0
2026-06-12 18:20:24.619,0.00,0.00,0.00,0.00,2,0
2026-06-12 18:20:24.669,0.00,0.00,0.00,0.00,2,0
2026-06-12 18:20:24.719,0.00,0.00,0.00,0.00,2,0
2026-06-12 18:20:24.770,0.00,0.00,0.00,0.00,2,0
2026-06-12 18:20:24.820,0.00,0.00,0.00,0.00,2,0
2026-06-12 18:20:24.871,0.00,0.00,0.00,0.00,2,0
2026-06-12 18:20:24.921,0.00,0.00,0.00,0.00,2,0
2026-06-12 18:20:24.972,0.00,0.00,0.00,0.00,2,0
2026-06-12 18:20:25.022,0.00,0.00,0.00,0.00,2,0
2026-06-12 18:20:25.072,0.00,0.00,0.00,0.00,2,0
2026-06-12 18:20:25.123,0.00,0.00,0.00,0.00,2,0
2026-06-12 18:20:25.173,0.00,0.00,0.00,0.00,2,0
2026-06-12 18:20:25.224,0.00,0.00,0.00,0.00,2,0
2026-06-12 18:20:25.274,0.00,0.00,0.00,0.00,2,0
2026-06-12 18:20:25.324,0.00,0.00,0.00,0.00,2,0
2026-06-12 18:20:25.375,0.00,0.00,0.00,0.00,2,0
2026-06-12 18:20:25.425,0.00,0.00,0.00,0.00,2,0
2026-06-12 18:20:25.476,0.00,0.00,0.00,0.00,2,0
2026-06-12 18:20:25.526,0.00,0.00,0.00,0.00,2,0
2026-06-12 18:20:25.576,0.00,0.00,0.00,0.00,2,0
2026-06-12 18:20:25.627,0.00,0.00,0.00,0.00,2,0
2026-06-12 18:20:25.677,0.00,0.00,0.00,0.00,2,0
2026-06-12 18:20:25.727,0.00,0.00,0.00,0.00,2,0
2026-06-12 18:20:25.778,0.00,0.00,0.00,0.00,2,0
2026-06-12 18:20:25.828,0.00,0.00,0.00,0.00,2,0
2026-06-12 18:20:25.883,0.00,0.00,0.00,0.00,2,0
2026-06-12 18:20:25.930,0.00,0.00,0.00,0.00,2,0
2026-06-12 18:20:25.980,0.00,0.00,0.00,0.00,2,0
2026-06-12 18:20:26.030,0.00,0.00,0.00,0.00,2,0
2026-06-12 18:20:26.080,0.00,0.00,0.00,0.00,2,0
2026-06-12 18:20:26.131,0.00,0.00,0.00,0.00,2,0
2026-06-12 18:20:26.181,0.00,0.00,0.00,0.00,2,0
2026-06-12 18:20:26.231,0.00,0.00,0.00,0.00,2,0
2026-06-12 18:20:26.282,0.00,0.00,0.00,0.00,2,0
2026-06-12 18:20:26.332,0.00,0.00,0.00,0.00,2,0
2026-06-12 18:20:26.383,0.00,0.00,0.00,0.00,2,0
2026-06-12 18:20:26.433,0.00,0.00,0.00,0.00,2,0
2026-06-12 18:20:26.483,0.00,0.00,0.00,0.00,2,0
2026-06-12 18:20:26.534,0.00,0.00,0.00,0.00,2,0
2026-06-12 18:20:26.584,0.00,0.00,0.00,0.00,2,0
2026-06-12 18:20:26.635,0.00,0.00,0.00,0.00,2,0
2026-06-12 18:20:26.685,0.00,0.00,0.00,0.00,2,0
2026-06-12 18:20:26.735,0.00,0.00,0.00,0.00,2,0
2026-06-12 18:20:26.786,0.00,0.00,0.00,0.00,2,0
2026-06-12 18:20:26.836,0.00,0.00,0.00,0.00,2,0
2026-06-12 18:20:26.887,0.00,0.00,0.00,0.00,2,0
2026-06-12 18:20:26.937,0.00,0.00,0.00,0.00,2,0
2026-06-12 18:20:26.987,0.00,0.00,0.00,0.00,2,0
2026-06-12 18:20:27.038,0.00,0.00,0.00,0.00,2,0
2026-06-12 18:20:27.088,0.00,0.00,0.00,0.00,2,0
2026-06-12 18:20:27.139,0.00,0.00,0.00,0.00,2,0
2026-06-12 18:20:27.189,0.00,0.00,0.00,0.00,2,0
2026-06-12 18:20:27.239,0.00,0.00,0.00,0.00,2,0
2026-06-12 18:20:27.290,0.00,0.00,0.00,0.00,2,0
2026-06-12 18:20:27.340,0.00,0.00,0.00,0.00,2,0
2026-06-12 18:20:27.391,0.00,0.00,0.00,0.00,2,0
2026-06-12 18:20:27.441,0.00,0.00,0.00,0.00,2,0
2026-06-12 18:20:27.491,0.00,0.00,0.00,0.00,2,0
2026-06-12 18:20:27.542,0.00,0.00,0.00,0.00,2,0
2026-06-12 18:20:27.592,0.00,0.00,0.00,0.00,2,0
2026-06-12 18:20:27.643,0.00,0.00,0.00,0.00,2,0
2026-06-12 18:20:27.693,0.00,0.00,0.00,0.00,2,0
2026-06-12 18:20:27.743,0.00,0.00,0.00,0.00,2,0
2026-06-12 18:20:27.794,0.00,0.00,0.00,0.00,2,0
2026-06-12 18:20:27.844,0.00,0.00,0.00,0.00,2,0
2026-06-12 18:20:27.895,0.00,0.00,0.00,0.00,2,0
2026-06-12 18:20:27.945,0.00,0.00,0.00,0.00,2,0
2026-06-12 18:20:27.995,0.00,0.00,0.00,0.00,2,0
2026-06-12 18:20:28.046,0.00,0.00,0.00,0.00,2,0
2026-06-12 18:20:28.096,0.00,0.00,0.00,0.00,2,0
2026-06-12 18:20:28.147,0.00,0.00,0.00,0.00,2,0
2026-06-12 18:20:28.197,0.00,0.00,0.00,0.00,2,0
2026-06-12 18:20:28.247,0.00,0.00,0.00,0.00,2,0
2026-06-12 18:20:28.298,0.00,0.00,0.00,0.00,2,0
2026-06-12 18:20:28.348,0.00,0.00,0.00,0.00,2,0
2026-06-12 18:20:28.399,0.00,0.00,0.00,0.00,2,0
2026-06-12 18:20:28.449,0.00,0.00,0.00,0.00,2,0
2026-06-12 18:20:28.499,0.00,0.00,0.00,0.00,2,0
2026-06-12 18:20:28.550,0.00,0.00,0.00,0.00,2,0
2026-06-12 18:20:28.600,0.00,0.00,0.00,0.00,2,0
2026-06-12 18:20:28.651,0.00,0.00,0.00,0.00,2,0
2026-06-12 18:20:28.701,0.00,0.00,0.00,0.00,2,0
2026-06-12 18:20:28.752,0.00,0.00,0.00,0.00,2,0
2026-06-12 18:20:28.802,0.00,0.00,0.00,0.00,2,0
2026-06-12 18:20:28.852,0.00,0.00,0.00,0.00,2,0
2026-06-12 18:20:28.903,0.00,0.00,0.00,0.00,2,0
2026-06-12 18:20:28.953,0.00,0.00,0.00,0.00,2,0
2026-06-12 18:20:29.003,0.00,0.00,0.00,0.00,2,0
2026-06-12 18:20:29.054,0.00,0.00,0.00,0.00,2,0
2026-06-12 18:20:29.104,0.00,0.00,0.00,0.00,2,0
2026-06-12 18:20:29.154,0.00,0.00,0.00,0.00,2,0
2026-06-12 18:20:29.205,0.00,0.00,0.00,0.00,2,0
2026-06-12 18:20:29.255,0.00,0.00,0.00,0.00,2,0
2026-06-12 18:20:29.306,0.00,0.00,0.00,0.00,2,0
2026-06-12 18:20:29.356,0.00,0.00,0.00,0.00,2,0
2026-06-12 18:20:29.407,0.00,0.00,0.00,0.00,2,0
2026-06-12 18:20:29.457,0.00,0.00,0.00,0.00,2,0
2026-06-12 18:20:29.507,0.00,0.00,0.00,0.00,2,0
2026-06-12 18:20:29.558,0.00,0.00,0.00,0.00,2,0
2026-06-12 18:20:29.612,0.00,0.00,0.00,0.00,2,0
2026-06-12 18:20:29.659,0.00,0.00,0.00,0.00,2,0
2026-06-12 18:20:29.709,0.00,0.00,0.00,0.00,2,0
2026-06-12 18:20:29.759,0.00,0.00,0.00,0.00,2,0
2026-06-12 18:20:29.810,0.00,0.00,0.00,0.00,2,0
2026-06-12 18:20:29.860,0.00,0.00,0.00,0.00,2,0
2026-06-12 18:20:29.910,0.00,0.00,0.00,0.00,2,0
2026-06-12 18:20:29.961,0.00,0.00,0.00,0.00,2,0
2026-06-12 18:20:30.011,0.00,0.00,0.00,0.00,2,0
2026-06-12 18:20:30.062,0.00,0.00,0.00,0.00,2,0
2026-06-12 18:20:30.112,0.00,0.00,0.00,0.00,2,0
2026-06-12 18:20:30.162,0.00,0.00,0.00,0.00,2,0
2026-06-12 18:20:30.214,0.00,0.00,0.00,0.00,2,0
2026-06-12 18:20:30.263,0.00,0.00,0.00,0.00,2,0
2026-06-12 18:20:30.314,0.00,0.00,0.00,0.00,2,0
2026-06-12 18:20:30.364,0.00,0.00,0.00,0.00,2,0
2026-06-12 18:20:30.415,0.00,0.00,0.00,0.00,2,0
2026-06-12 18:20:30.465,0.00,0.00,0.00,0.00,2,0
2026-06-12 18:20:30.515,0.00,0.00,0.00,0.00,2,0
2026-06-12 18:20:30.566,0.00,0.00,0.00,0.00,2,0
2026-06-12 18:20:30.616,0.00,0.00,0.00,0.00,2,0
2026-06-12 18:20:30.667,0.00,0.00,0.00,0.00,2,0
2026-06-12 18:20:30.717,0.00,0.00,0.00,0.00,2,0
2026-06-12 18:20:30.767,0.00,0.00,0.00,0.00,2,0
2026-06-12 18:20:30.818,0.00,0.00,0.00,0.00,2,0
2026-06-12 18:20:30.868,0.00,0.00,0.00,0.00,2,0
2026-06-12 18:20:30.919,0.00,0.00,0.00,0.00,2,0
2026-06-12 18:20:30.969,0.00,0.00,0.00,0.00,2,0
2026-06-12 18:20:31.020,0.00,0.00,0.00,0.00,2,0
2026-06-12 18:20:31.070,0.00,0.00,0.00,0.00,2,0
2026-06-12 18:20:31.120,0.00,0.00,0.00,0.00,2,0
2026-06-12 18:20:31.171,0.00,0.00,0.00,0.00,2,0
2026-06-12 18:20:31.221,0.00,0.00,0.00,0.00,2,0
2026-06-12 18:20:31.272,0.00,0.00,0.00,0.00,2,0
2026-06-12 18:20:31.322,0.00,0.00,0.00,0.00,2,0
2026-06-12 18:20:31.372,0.00,0.00,0.00,0.00,2,0
2026-06-12 18:20:31.423,0.00,0.00,0.00,0.00,2,0
2026-06-12 18:20:31.473,0.00,0.00,0.00,0.00,2,0
2026-06-12 18:20:31.523,0.00,0.00,0.00,0.00,2,0
2026-06-12 18:20:31.574,0.00,0.00,0.00,0.00,2,0
2026-06-12 18:20:31.624,0.00,0.00,0.00,0.00,2,0
2026-06-12 18:20:31.677,0.00,0.00,0.00,0.00,2,0
2026-06-12 18:20:31.725,0.00,0.00,0.00,0.00,2,0
2026-06-12 18:20:31.775,0.00,0.00,0.00,0.00,2,0
2026-06-12 18:20:31.826,0.00,0.00,0.00,0.00,2,0
2026-06-12 18:20:31.876,0.00,0.00,0.00,0.00,2,0
2026-06-12 18:20:31.927,0.00,0.00,0.00,0.00,2,0
2026-06-12 18:20:31.977,0.00,0.00,0.00,0.00,2,0
2026-06-12 18:20:32.027,0.00,0.00,0.00,0.00,2,0
2026-06-12 18:20:32.078,0.00,0.00,0.00,0.00,2,0
2026-06-12 18:20:32.128,0.00,0.00,0.00,0.00,2,0
2026-06-12 18:20:32.179,0.00,0.00,0.00,0.00,2,0
2026-06-12 18:20:32.229,0.00,0.00,0.00,0.00,2,0
2026-06-12 18:20:32.280,0.00,0.00,0.00,0.00,2,0
2026-06-12 18:20:32.330,0.00,0.00,0.00,0.00,2,0
2026-06-12 18:20:32.380,0.00,0.00,0.00,0.00,2,0
2026-06-12 18:20:32.430,0.00,0.00,0.00,0.00,2,0
2026-06-12 18:20:32.481,0.00,0.00,0.00,0.00,2,0
2026-06-12 18:20:32.531,0.00,0.00,0.00,0.00,2,0
2026-06-12 18:20:32.582,0.00,0.00,0.00,0.00,2,0
2026-06-12 18:20:32.632,0.00,0.00,0.00,0.00,2,0
2026-06-12 18:20:32.682,0.00,0.00,0.00,0.00,2,0
2026-06-12 18:20:32.733,0.00,0.00,0.00,0.00,2,0
2026-06-12 18:20:32.783,0.00,0.00,0.00,0.00,2,0
2026-06-12 18:20:32.834,0.00,0.00,0.00,0.00,2,0
2026-06-12 18:20:32.884,0.00,0.00,0.00,0.00,2,0
2026-06-12 18:20:32.934,0.00,0.00,0.00,0.00,2,0
2026-06-12 18:20:32.985,0.00,0.00,0.00,0.00,2,0
2026-06-12 18:20:33.036,0.00,0.00,0.00,0.00,2,0
2026-06-12 18:20:33.086,0.00,0.00,0.00,0.00,2,0
2026-06-12 18:20:33.136,0.00,0.00,0.00,0.00,2,0
2026-06-12 18:20:33.186,0.00,0.00,0.00,0.00,2,0
2026-06-12 18:20:33.237,0.00,0.00,0.00,0.00,2,0
2026-06-12 18:20:33.287,0.00,0.00,0.00,0.00,2,0
2026-06-12 18:20:33.338,0.00,0.00,0.00,0.00,2,0
2026-06-12 18:20:33.388,0.00,0.00,0.00,0.00,2,0
2026-06-12 18:20:33.439,0.00,0.00,0.00,0.00,2,0
2026-06-12 18:20:33.492,0.00,0.00,0.00,0.00,2,0
2026-06-12 18:20:33.539,0.00,0.00,0.00,0.00,2,0
2026-06-12 18:20:33.590,0.00,0.00,0.00,0.00,2,0
2026-06-12 18:20:33.640,0.00,0.00,0.00,0.00,2,0
2026-06-12 18:20:33.690,0.00,0.00,0.00,0.00,2,0
2026-06-12 18:20:33.741,0.00,0.00,0.00,0.00,2,0
2026-06-12 18:20:33.791,0.00,0.00,0.00,0.00,2,0
2026-06-12 18:20:33.842,0.00,0.00,0.00,0.00,2,0
2026-06-12 18:20:33.892,0.00,0.00,0.00,0.00,2,0
2026-06-12 18:20:33.947,0.00,0.00,0.00,0.00,2,0
2026-06-12 18:20:33.993,0.00,0.00,0.00,0.00,2,0
2026-06-12 18:20:34.044,0.00,0.00,0.00,0.00,2,0
2026-06-12 18:20:34.094,0.00,0.00,0.00,0.00,2,0
2026-06-12 18:20:34.144,0.00,0.00,0.00,0.00,2,0
2026-06-12 18:20:34.194,0.00,0.00,0.00,0.00,2,0
2026-06-12 18:20:34.245,0.00,0.00,0.00,0.00,2,0
2026-06-12 18:20:34.295,0.00,0.00,0.00,0.00,2,0
2026-06-12 18:20:34.346,0.00,0.00,0.00,0.00,2,0
2026-06-12 18:20:34.396,0.00,0.00,0.00,0.00,2,0
2026-06-12 18:20:34.447,0.00,0.00,0.00,0.00,2,0
2026-06-12 18:20:34.497,0.00,0.00,0.00,0.00,2,0
2026-06-12 18:20:34.548,0.00,0.00,0.00,0.00,2,0
2026-06-12 18:20:34.599,0.00,0.00,0.00,0.00,2,0
2026-06-12 18:20:34.649,0.00,0.00,0.00,0.00,2,0
2026-06-12 18:20:34.699,0.00,0.00,0.00,0.00,2,0
2026-06-12 18:20:34.749,0.00,0.00,0.00,0.00,2,0
2026-06-12 18:20:34.799,0.00,0.00,0.00,0.00,2,0
2026-06-12 18:20:34.850,0.00,0.00,0.00,0.00,2,0
2026-06-12 18:20:34.900,0.00,0.00,0.00,0.00,2,0
2026-06-12 18:20:34.950,0.00,0.00,0.00,0.00,2,0
2026-06-12 18:20:35.001,0.00,0.00,0.00,0.00,2,0
2026-06-12 18:20:35.052,0.00,0.00,0.00,0.00,2,0
2026-06-12 18:20:35.102,0.00,0.00,0.00,0.00,2,0
2026-06-12 18:20:35.152,0.00,0.00,0.00,0.00,2,0
2026-06-12 18:20:35.202,0.00,0.00,0.00,0.00,2,0
2026-06-12 18:20:35.253,0.00,0.00,0.00,0.00,2,0
2026-06-12 18:20:35.303,0.00,0.00,0.00,0.00,2,0
2026-06-12 18:20:35.354,0.00,0.00,0.00,0.00,2,0
2026-06-12 18:20:35.404,0.00,0.00,0.00,0.00,2,0
2026-06-12 18:20:35.454,0.00,0.00,0.00,0.00,2,0
2026-06-12 18:20:35.505,0.00,0.00,0.00,0.00,2,0
2026-06-12 18:20:35.555,0.00,0.00,0.00,0.00,2,0
2026-06-12 18:20:35.606,0.00,0.00,0.00,0.00,2,0
2026-06-12 18:20:35.656,0.00,0.00,0.00,0.00,2,0
2026-06-12 18:20:35.706,0.00,0.00,0.00,0.00,2,0
2026-06-12 18:20:35.757,0.00,0.00,0.00,0.00,2,0
2026-06-12 18:20:35.807,0.00,0.00,0.00,0.00,2,0
2026-06-12 18:20:35.858,0.00,0.00,0.00,0.00,2,0
2026-06-12 18:20:35.909,0.00,0.00,0.00,0.00,2,0
2026-06-12 18:20:35.959,0.00,0.00,0.00,0.00,2,0
2026-06-12 18:20:36.009,0.00,0.00,0.00,0.00,2,0
2026-06-12 18:20:36.059,0.00,0.00,0.00,0.00,2,0
2026-06-12 18:20:36.109,0.00,0.00,0.00,0.00,2,0
2026-06-12 18:20:36.160,0.00,0.00,0.00,0.00,2,0
2026-06-12 18:20:36.210,0.00,0.00,0.00,0.00,2,0
2026-06-12 18:20:36.261,0.00,0.00,0.00,0.00,2,0
2026-06-12 18:20:36.311,0.00,0.00,0.00,0.00,2,0
2026-06-12 18:20:36.362,0.00,0.00,0.00,0.00,2,0
2026-06-12 18:20:36.412,0.00,0.00,0.00,0.00,2,0
2026-06-12 18:20:36.462,0.00,0.00,0.00,0.00,2,0
2026-06-12 18:20:36.513,0.00,0.00,0.00,0.00,2,0
2026-06-12 18:20:36.563,0.00,0.00,0.00,0.00,2,0
2026-06-12 18:20:36.614,0.00,0.00,0.00,0.00,2,0
2026-06-12 18:20:36.664,0.00,0.00,0.00,0.00,2,0
2026-06-12 18:20:36.714,0.00,0.00,0.00,0.00,2,0
2026-06-12 18:20:36.765,0.00,0.00,0.00,0.00,2,0
2026-06-12 18:20:36.815,0.00,0.00,0.00,0.00,2,0
2026-06-12 18:20:36.866,0.00,0.00,0.00,0.00,2,0
2026-06-12 18:20:36.916,0.00,0.00,0.00,0.00,2,0
2026-06-12 18:20:36.966,0.00,0.00,0.00,0.00,2,0
2026-06-12 18:20:37.017,0.00,0.00,0.00,0.00,2,0
2026-06-12 18:20:37.067,0.00,0.00,0.00,0.00,2,0
2026-06-12 18:20:37.118,0.00,0.00,0.00,0.00,2,0
2026-06-12 18:20:37.168,0.00,0.00,0.00,0.00,2,0
2026-06-12 18:20:37.219,0.00,0.00,0.00,0.00,2,0
2026-06-12 18:20:37.269,0.00,0.00,0.00,0.00,2,0
2026-06-12 18:20:37.319,0.00,0.00,0.00,0.00,2,0
2026-06-12 18:20:37.369,0.00,0.00,0.00,0.00,2,0
2026-06-12 18:20:37.420,0.00,0.00,0.00,0.00,2,0
2026-06-12 18:20:37.470,0.00,0.00,0.00,0.00,2,0
2026-06-12 18:20:37.521,0.00,0.00,0.00,0.00,2,0
2026-06-12 18:20:37.571,0.00,0.00,0.00,0.00,2,0
2026-06-12 18:20:37.621,0.00,0.00,0.00,0.00,2,0
2026-06-12 18:20:37.672,0.00,0.00,0.00,0.00,2,0
2026-06-12 18:20:37.722,0.00,0.00,0.00,0.00,2,0
2026-06-12 18:20:37.773,0.00,0.00,0.00,0.00,2,0
2026-06-12 18:20:37.823,0.00,0.00,0.00,0.00,2,0
2026-06-12 18:20:37.874,0.00,0.00,0.00,0.00,2,0
2026-06-12 18:20:37.924,0.00,0.00,0.00,0.00,2,0
2026-06-12 18:20:37.974,0.00,0.00,0.00,0.00,2,0
2026-06-12 18:20:38.025,0.00,0.00,0.00,0.00,2,0
2026-06-12 18:20:38.076,0.00,0.00,0.00,0.00,2,0
2026-06-12 18:20:38.126,0.00,0.00,0.00,0.00,2,0
2026-06-12 18:20:38.176,0.00,0.00,0.00,0.00,2,0
2026-06-12 18:20:38.226,0.00,0.00,0.00,0.00,2,0
2026-06-12 18:20:38.277,0.00,0.00,0.00,0.00,2,0
2026-06-12 18:20:38.327,0.00,0.00,0.00,0.00,2,0
2026-06-12 18:20:38.377,0.00,0.00,0.00,0.00,2,0
2026-06-12 18:20:38.429,0.00,0.00,0.00,0.00,2,0
2026-06-12 18:20:38.478,0.00,0.00,0.00,0.00,2,0
2026-06-12 18:20:38.529,0.00,0.00,0.00,0.00,2,0
2026-06-12 18:20:38.579,0.00,0.00,0.00,0.00,2,0
2026-06-12 18:20:38.629,0.00,0.00,0.00,0.00,2,0
2026-06-12 18:20:38.680,0.00,0.00,0.00,0.00,2,0
2026-06-12 18:20:38.730,0.00,0.00,0.00,0.00,2,0
2026-06-12 18:20:38.781,0.00,0.00,0.00,0.00,2,0
2026-06-12 18:20:38.831,0.00,0.00,0.00,0.00,2,0
2026-06-12 18:20:38.882,0.00,0.00,0.00,0.00,2,0
2026-06-12 18:20:38.932,0.00,0.00,0.00,0.00,2,0
2026-06-12 18:20:38.982,0.00,0.00,0.00,0.00,2,0
2026-06-12 18:20:39.033,0.00,0.00,0.00,0.00,2,0
2026-06-12 18:20:39.083,0.00,0.00,0.00,0.00,2,0
2026-06-12 18:20:39.134,0.00,0.00,0.00,0.00,2,0
2026-06-12 18:20:39.184,0.00,0.00,0.00,0.00,2,0
2026-06-12 18:20:39.235,0.00,0.00,0.00,0.00,2,0
2026-06-12 18:20:39.285,0.00,0.00,0.00,0.00,2,0
2026-06-12 18:20:39.336,0.00,0.00,0.00,0.00,2,0
2026-06-12 18:20:39.386,0.00,0.00,0.00,0.00,2,0
2026-06-12 18:20:39.436,0.00,0.00,0.00,0.00,2,0
2026-06-12 18:20:39.486,0.00,0.00,0.00,0.00,2,0
2026-06-12 18:20:39.537,0.00,0.00,0.00,0.00,2,0
2026-06-12 18:20:39.587,0.00,0.00,0.00,0.00,2,0
2026-06-12 18:20:39.638,0.00,0.00,0.00,0.00,2,0
2026-06-12 18:20:39.688,0.00,0.00,0.00,0.00,2,0
2026-06-12 18:20:39.739,0.00,0.00,0.00,0.00,2,0
2026-06-12 18:20:39.789,0.00,0.00,0.00,0.00,2,0
2026-06-12 18:20:39.839,0.00,0.00,0.00,0.00,2,0
2026-06-12 18:20:39.890,0.00,0.00,0.00,0.00,2,0
2026-06-12 18:20:39.942,0.00,0.00,0.00,0.00,2,0
2026-06-12 18:20:39.990,0.00,0.00,0.00,0.00,2,0
2026-06-12 18:20:40.041,0.00,0.00,0.00,0.00,2,0
2026-06-12 18:20:40.091,0.00,0.00,0.00,0.00,2,0
2026-06-12 18:20:40.142,0.00,0.00,0.00,0.00,2,0
2026-06-12 18:20:40.192,0.00,0.00,0.00,0.00,2,0
2026-06-12 18:20:40.242,0.00,0.00,0.00,0.00,2,0
2026-06-12 18:20:40.293,0.00,0.00,0.00,0.00,2,0
2026-06-12 18:20:40.343,0.00,0.00,0.00,0.00,2,0
2026-06-12 18:20:40.393,0.00,0.00,0.00,0.00,2,0
2026-06-12 18:20:40.444,0.00,0.00,0.00,0.00,2,0
2026-06-12 18:20:40.494,0.00,0.00,0.00,0.00,2,0
2026-06-12 18:20:40.545,0.00,0.00,0.00,0.00,2,0
2026-06-12 18:20:40.595,0.00,0.00,0.00,0.00,2,0
2026-06-12 18:20:40.646,0.00,0.00,0.00,0.00,2,0
2026-06-12 18:20:40.696,0.00,0.00,0.00,0.00,2,0
2026-06-12 18:20:40.747,0.00,0.00,0.00,0.00,2,0
2026-06-12 18:20:40.797,0.00,0.00,0.00,0.00,2,0
2026-06-12 18:20:40.848,0.00,0.00,0.00,0.00,2,0
2026-06-12 18:20:40.897,0.00,0.00,0.00,0.00,2,0
2026-06-12 18:20:40.948,0.00,0.00,0.00,0.00,2,0
2026-06-12 18:20:40.998,0.00,0.00,0.00,0.00,2,0
2026-06-12 18:20:41.049,0.00,0.00,0.00,0.00,2,0
2026-06-12 18:20:41.099,0.00,0.00,0.00,0.00,2,0
2026-06-12 18:20:41.149,0.00,0.00,0.00,0.00,2,0
2026-06-12 18:20:41.200,0.00,0.00,0.00,0.00,2,0
2026-06-12 18:20:41.250,0.00,0.00,0.00,0.00,2,0
2026-06-12 18:20:41.301,0.00,0.00,0.00,0.00,2,0
2026-06-12 18:20:41.351,0.00,0.00,0.00,0.00,2,0
2026-06-12 18:20:41.401,0.00,0.00,0.00,0.00,2,0
2026-06-12 18:20:41.452,0.00,0.00,0.00,0.00,2,0
2026-06-12 18:20:41.502,0.00,0.00,0.00,0.00,2,0
2026-06-12 18:20:41.553,0.00,0.00,0.00,0.00,2,0
2026-06-12 18:20:41.603,0.00,0.00,0.00,0.00,2,0
2026-06-12 18:20:41.654,0.00,0.00,0.00,0.00,2,0
2026-06-12 18:20:41.704,0.00,0.00,0.00,0.00,2,0
2026-06-12 18:20:41.754,0.00,0.00,0.00,0.00,2,0
2026-06-12 18:20:41.805,0.00,0.00,0.00,0.00,2,0
2026-06-12 18:20:41.855,0.00,0.00,0.00,0.00,2,0
2026-06-12 18:20:41.905,0.00,0.00,0.00,0.00,2,0
2026-06-12 18:20:41.956,0.00,0.00,0.00,0.00,2,0
2026-06-12 18:20:42.006,0.00,0.00,0.00,0.00,2,0
2026-06-12 18:20:42.057,0.00,0.00,0.00,0.00,2,0
2026-06-12 18:20:42.107,0.00,0.00,0.00,0.00,2,0
2026-06-12 18:20:42.157,0.00,0.00,0.00,0.00,2,0
2026-06-12 18:20:42.209,0.00,0.00,0.00,0.00,2,0
2026-06-12 18:20:42.259,0.00,0.00,0.00,0.00,2,0
2026-06-12 18:20:42.309,0.00,0.00,0.00,0.00,2,0
2026-06-12 18:20:42.360,0.00,0.00,0.00,0.00,2,0
2026-06-12 18:20:42.409,0.00,0.00,0.00,0.00,2,0
2026-06-12 18:20:42.460,0.00,0.00,0.00,0.00,2,0
2026-06-12 18:20:42.510,0.00,0.00,0.00,0.00,2,0
2026-06-12 18:20:42.561,0.00,0.00,0.00,0.00,2,0
2026-06-12 18:20:42.611,0.00,0.00,0.00,0.00,2,0
2026-06-12 18:20:42.661,0.00,0.00,0.00,0.00,2,0
2026-06-12 18:20:42.712,0.00,0.00,0.00,0.00,2,0
2026-06-12 18:20:42.762,0.00,0.00,0.00,0.00,2,0
2026-06-12 18:20:42.813,0.00,0.00,0.00,0.00,2,0
2026-06-12 18:20:42.864,0.00,0.00,0.00,0.00,2,0
2026-06-12 18:20:42.915,0.00,0.00,0.00,0.00,2,0
2026-06-12 18:20:42.964,0.00,0.00,0.00,0.00,2,0
2026-06-12 18:20:43.014,0.00,0.00,0.00,0.00,2,0
2026-06-12 18:20:43.065,0.00,0.00,0.00,0.00,2,0
2026-06-12 18:20:43.115,0.00,0.00,0.00,0.00,2,0
2026-06-12 18:20:43.167,0.00,0.00,0.00,0.00,2,0
2026-06-12 18:20:43.216,0.00,0.00,0.00,0.00,2,0
2026-06-12 18:20:43.266,0.00,0.00,0.00,0.00,2,0
2026-06-12 18:20:43.317,0.00,0.00,0.00,0.00,2,0
2026-06-12 18:20:43.367,0.00,0.00,0.00,0.00,2,0
2026-06-12 18:20:43.418,0.00,0.00,0.00,0.00,2,0
2026-06-12 18:20:43.468,0.00,0.00,0.00,0.00,2,0
2026-06-12 18:20:43.519,0.00,0.00,0.00,0.00,2,0
2026-06-12 18:20:43.569,0.00,0.00,0.00,0.00,2,0
2026-06-12 18:20:43.619,0.00,0.00,0.00,0.00,2,0
2026-06-12 18:20:43.669,0.00,0.00,0.00,0.00,2,0
2026-06-12 18:20:43.720,0.00,0.00,0.00,0.00,2,0
2026-06-12 18:20:43.770,0.00,0.00,0.00,0.00,2,0
2026-06-12 18:20:43.821,0.00,0.00,0.00,0.00,2,0
2026-06-12 18:20:43.871,0.00,0.00,0.00,0.00,2,0
2026-06-12 18:20:43.921,0.00,0.00,0.00,0.00,2,0
2026-06-12 18:20:43.972,0.00,0.00,0.00,0.00,2,0
2026-06-12 18:20:44.022,0.00,0.00,0.00,0.00,2,0
2026-06-12 18:20:44.073,0.00,0.00,0.00,0.00,2,0
2026-06-12 18:20:44.123,0.00,0.00,0.00,0.00,2,0
2026-06-12 18:20:44.173,0.00,0.00,0.00,0.00,2,0
2026-06-12 18:20:44.224,0.00,0.00,0.00,0.00,2,0
2026-06-12 18:20:44.275,0.00,0.00,0.00,0.00,2,0
2026-06-12 18:20:44.325,0.00,0.00,0.00,0.00,2,0
2026-06-12 18:20:44.375,0.00,0.00,0.00,0.00,2,0
2026-06-12 18:20:44.425,0.00,0.00,0.00,0.00,2,0
2026-06-12 18:20:44.476,0.00,0.00,0.00,0.00,2,0
2026-06-12 18:20:44.526,0.00,0.00,0.00,0.00,2,0
2026-06-12 18:20:44.577,0.00,0.00,0.00,0.00,2,0
2026-06-12 18:20:44.627,0.00,0.00,0.00,0.00,2,0
2026-06-12 18:20:44.677,0.00,0.00,0.00,0.00,2,0
2026-06-12 18:20:44.728,0.00,0.00,0.00,0.00,2,0
2026-06-12 18:20:44.778,0.00,0.00,0.00,0.00,2,0
2026-06-12 18:20:44.829,0.00,0.00,0.00,0.00,2,0
2026-06-12 18:20:44.879,0.00,0.00,0.00,0.00,2,0
2026-06-12 18:20:44.929,0.00,0.00,0.00,0.00,2,0
2026-06-12 18:20:44.980,0.00,0.00,0.00,0.00,2,0
2026-06-12 18:20:45.030,0.00,0.00,0.00,0.00,2,0
2026-06-12 18:20:45.081,0.00,0.00,0.00,0.00,2,0
2026-06-12 18:20:45.131,0.00,0.00,0.00,0.00,2,0
2026-06-12 18:20:45.181,0.00,0.00,0.00,0.00,2,0
2026-06-12 18:20:45.232,0.00,0.00,0.00,0.00,2,0
2026-06-12 18:20:45.282,0.00,0.00,0.00,0.00,2,0
2026-06-12 18:20:45.332,0.00,0.00,0.00,0.00,2,0
2026-06-12 18:20:45.383,0.00,0.00,0.00,0.00,2,0
2026-06-12 18:20:45.433,0.00,0.00,0.00,0.00,2,0
2026-06-12 18:20:45.484,0.00,0.00,0.00,0.00,2,0
2026-06-12 18:20:45.534,0.00,0.00,0.00,0.00,2,0
2026-06-12 18:20:45.587,0.00,0.00,0.00,0.00,2,0
2026-06-12 18:20:45.635,0.00,0.00,0.00,0.00,2,0
2026-06-12 18:20:45.685,0.00,0.00,0.00,0.00,2,0
2026-06-12 18:20:45.736,0.00,0.00,0.00,0.00,2,0
2026-06-12 18:20:45.786,0.00,0.00,0.00,0.00,2,0
2026-06-12 18:20:45.837,0.00,0.00,0.00,0.00,2,0
2026-06-12 18:20:45.887,0.00,0.00,0.00,0.00,2,0
2026-06-12 18:20:45.937,0.00,0.00,0.00,0.00,2,0
2026-06-12 18:20:45.988,0.00,0.00,0.00,0.00,2,0
2026-06-12 18:20:46.039,0.00,0.00,0.00,0.00,2,0
2026-06-12 18:20:46.089,0.00,0.00,0.00,0.00,2,0
2026-06-12 18:20:46.139,0.00,0.00,0.00,0.00,2,0
2026-06-12 18:20:46.189,0.00,0.00,0.00,0.00,2,0
2026-06-12 18:20:46.240,0.00,0.00,0.00,0.00,2,0
2026-06-12 18:20:46.290,0.00,0.00,0.00,0.00,2,0
2026-06-12 18:20:46.341,0.00,0.00,0.00,0.00,2,0
2026-06-12 18:20:46.391,0.00,0.00,0.00,0.00,2,0
2026-06-12 18:20:46.441,0.00,0.00,0.00,0.00,2,0
2026-06-12 18:20:46.492,0.00,0.00,0.00,0.00,2,0
2026-06-12 18:20:46.542,0.00,0.00,0.00,0.00,2,0
2026-06-12 18:20:46.593,0.00,0.00,0.00,0.00,2,0
2026-06-12 18:20:46.643,0.00,0.00,0.00,0.00,2,0
2026-06-12 18:20:46.693,0.00,0.00,0.00,0.00,2,0
2026-06-12 18:20:46.744,0.00,0.00,0.00,0.00,2,0
2026-06-12 18:20:46.797,0.00,0.00,0.00,0.00,2,0
2026-06-12 18:20:46.844,0.00,0.00,0.00,0.00,2,0
2026-06-12 18:20:46.895,0.00,0.00,0.00,0.00,2,0
2026-06-12 18:20:46.945,0.00,0.00,0.00,0.00,2,0
2026-06-12 18:20:46.996,0.00,0.00,0.00,0.00,2,0
2026-06-12 18:20:47.046,0.00,0.00,0.00,0.00,2,0
2026-06-12 18:20:47.097,0.00,0.00,0.00,0.00,2,0
2026-06-12 18:20:47.147,0.00,0.00,0.00,0.00,2,0
2026-06-12 18:20:47.198,0.00,0.00,0.00,0.00,2,0
2026-06-12 18:20:47.248,0.00,0.00,0.00,0.00,2,0
2026-06-12 18:20:47.299,0.00,0.00,0.00,0.00,2,0
2026-06-12 18:20:47.349,0.00,0.00,0.00,0.00,2,0
2026-06-12 18:20:47.399,0.00,0.00,0.00,0.00,2,0
2026-06-12 18:20:47.449,0.00,0.00,0.00,0.00,2,0
2026-06-12 18:20:47.500,0.00,0.00,0.00,0.00,2,0
2026-06-12 18:20:47.550,0.00,0.00,0.00,0.00,2,0
2026-06-12 18:20:47.600,0.00,0.00,0.00,0.00,2,0
2026-06-12 18:20:47.651,0.00,0.00,0.00,0.00,2,0
2026-06-12 18:20:47.701,0.00,0.00,0.00,0.00,2,0
2026-06-12 18:20:47.752,0.00,0.00,0.00,0.00,2,0
2026-06-12 18:20:47.802,0.00,0.00,0.00,0.00,2,0
2026-06-12 18:20:47.853,0.00,0.00,0.00,0.00,2,0
2026-06-12 18:20:47.903,0.00,0.00,0.00,0.00,2,0
2026-06-12 18:20:47.953,0.00,0.00,0.00,0.00,2,0
2026-06-12 18:20:48.004,0.00,0.00,0.00,0.00,2,0
2026-06-12 18:20:48.054,0.00,0.00,0.00,0.00,2,0
2026-06-12 18:20:48.105,0.00,0.00,0.00,0.00,2,0
2026-06-12 18:20:48.155,0.00,0.00,0.00,0.00,2,0
2026-06-12 18:20:48.205,0.00,0.00,0.00,0.00,2,0
2026-06-12 18:20:48.256,0.00,0.00,0.00,0.00,2,0
2026-06-12 18:20:48.306,0.00,0.00,0.00,0.00,2,0
2026-06-12 18:20:48.357,0.00,0.00,0.00,0.00,2,0
2026-06-12 18:20:48.407,0.00,0.00,0.00,0.00,2,0
2026-06-12 18:20:48.457,0.00,0.00,0.00,0.00,2,0
2026-06-12 18:20:48.508,0.00,0.00,0.00,0.00,2,0
2026-06-12 18:20:48.558,0.00,0.00,0.00,0.00,2,0
2026-06-12 18:20:48.609,0.00,0.00,0.00,0.00,2,0
2026-06-12 18:20:48.659,0.00,0.00,0.00,0.00,2,0
2026-06-12 18:20:48.709,0.00,0.00,0.00,0.00,2,0
2026-06-12 18:20:48.760,0.00,0.00,0.00,0.00,2,0
2026-06-12 18:20:48.810,0.00,0.00,0.00,0.00,2,0
2026-06-12 18:20:48.861,0.00,0.00,0.00,0.00,2,0
2026-06-12 18:20:48.911,0.00,0.00,0.00,0.00,2,0
2026-06-12 18:20:48.961,0.00,0.00,0.00,0.00,2,0
2026-06-12 18:20:49.012,0.00,0.00,0.00,0.00,2,0
2026-06-12 18:20:49.062,0.00,0.00,0.00,0.00,2,0
2026-06-12 18:20:49.113,0.00,0.00,0.00,0.00,2,0
2026-06-12 18:20:49.163,0.00,0.00,0.00,0.00,2,0
2026-06-12 18:20:49.213,0.00,0.00,0.00,0.00,2,0
2026-06-12 18:20:49.264,0.00,0.00,0.00,0.00,2,0
2026-06-12 18:20:49.314,0.00,0.00,0.00,0.00,2,0
2026-06-12 18:20:49.365,0.00,0.00,0.00,0.00,2,0
2026-06-12 18:20:49.415,0.00,0.00,0.00,0.00,2,0
2026-06-12 18:20:49.465,0.00,0.00,0.00,0.00,2,0
2026-06-12 18:20:49.516,0.00,0.00,0.00,0.00,2,0
2026-06-12 18:20:49.566,0.00,0.00,0.00,0.00,2,0
2026-06-12 18:20:49.616,0.00,0.00,0.00,0.00,2,0
2026-06-12 18:20:49.667,0.00,0.00,0.00,0.00,2,0
2026-06-12 18:20:49.717,0.00,0.00,0.00,0.00,2,0
2026-06-12 18:20:49.768,0.00,0.00,0.00,0.00,2,0
2026-06-12 18:20:49.818,0.00,0.00,0.00,0.00,2,0
2026-06-12 18:20:49.869,0.00,0.00,0.00,0.00,2,0
2026-06-12 18:20:49.919,0.00,0.00,0.00,0.00,2,0
2026-06-12 18:20:49.969,0.00,0.00,0.00,0.00,2,0
2026-06-12 18:20:50.020,0.00,0.00,0.00,0.00,2,0
2026-06-12 18:20:50.070,0.00,0.00,0.00,0.00,2,0
2026-06-12 18:20:50.120,0.00,0.00,0.00,0.00,2,0
2026-06-12 18:20:50.171,0.00,0.00,0.00,0.00,2,0
2026-06-12 18:20:50.221,0.00,0.00,0.00,0.00,2,0
2026-06-12 18:20:50.272,0.00,0.00,0.00,0.00,2,0
2026-06-12 18:20:50.322,0.00,0.00,0.00,0.00,2,0
2026-06-12 18:20:50.372,0.00,0.00,0.00,0.00,2,0
2026-06-12 18:20:50.423,0.00,0.00,0.00,0.00,2,0
2026-06-12 18:20:50.473,0.00,0.00,0.00,0.00,2,0
2026-06-12 18:20:50.524,0.00,0.00,0.00,0.00,2,0
2026-06-12 18:20:50.574,0.00,0.00,0.00,0.00,2,0
2026-06-12 18:20:50.624,0.00,0.00,0.00,0.00,2,0
2026-06-12 18:20:50.675,0.00,0.00,0.00,0.00,2,0
2026-06-12 18:20:50.725,0.00,0.00,0.00,0.00,2,0
2026-06-12 18:20:50.776,0.00,0.00,0.00,0.00,2,0
2026-06-12 18:20:50.826,0.00,0.00,0.00,0.00,2,0
2026-06-12 18:20:50.877,0.00,0.00,0.00,0.00,2,0
2026-06-12 18:20:50.927,0.00,0.00,0.00,0.00,2,0
2026-06-12 18:20:50.977,0.00,0.00,0.00,0.00,2,0
2026-06-12 18:20:51.028,0.00,0.00,0.00,0.00,2,0
2026-06-12 18:20:51.081,0.00,0.00,0.00,0.00,2,0
2026-06-12 18:20:51.129,0.00,0.00,0.00,0.00,2,0
2026-06-12 18:20:51.179,0.00,0.00,0.00,0.00,2,0
2026-06-12 18:20:51.229,0.00,0.00,0.00,0.00,2,0
2026-06-12 18:20:51.280,0.00,0.00,0.00,0.00,2,0
2026-06-12 18:20:51.330,0.00,0.00,0.00,0.00,2,0
2026-06-12 18:20:51.380,0.00,0.00,0.00,0.00,2,0
2026-06-12 18:20:51.434,0.00,0.00,0.00,0.00,2,0
2026-06-12 18:20:51.481,0.00,0.00,0.00,0.00,2,0
2026-06-12 18:20:51.532,0.00,0.00,0.00,0.00,2,0
2026-06-12 18:20:51.582,0.00,0.00,0.00,0.00,2,0
2026-06-12 18:20:51.633,0.00,0.00,0.00,0.00,2,0
2026-06-12 18:20:51.683,0.00,0.00,0.00,0.00,2,0
2026-06-12 18:20:51.734,0.00,0.00,0.00,0.00,2,0
2026-06-12 18:20:51.784,0.00,0.00,0.00,0.00,2,0
2026-06-12 18:20:51.834,0.00,0.00,0.00,0.00,2,0
2026-06-12 18:20:51.884,0.00,0.00,0.00,0.00,2,0
2026-06-12 18:20:51.935,0.00,0.00,0.00,0.00,2,0
2026-06-12 18:20:51.985,0.00,0.00,0.00,0.00,2,0
2026-06-12 18:20:52.036,0.00,0.00,0.00,0.00,2,0
2026-06-12 18:20:52.086,0.00,0.00,0.00,0.00,2,0
2026-06-12 18:20:52.136,0.00,0.00,0.00,0.00,2,0
2026-06-12 18:20:52.187,0.00,0.00,0.00,0.00,2,0
2026-06-12 18:20:52.237,0.00,0.00,0.00,0.00,2,0
2026-06-12 18:20:52.288,0.00,0.00,0.00,0.00,2,0
2026-06-12 18:20:52.338,0.00,0.00,0.00,0.00,2,0
2026-06-12 18:20:52.389,0.00,0.00,0.00,0.00,2,0
2026-06-12 18:20:52.439,0.00,0.00,0.00,0.00,2,0
2026-06-12 18:20:52.489,0.00,0.00,0.00,0.00,2,0
2026-06-12 18:20:52.540,0.00,0.00,0.00,0.00,2,0
2026-06-12 18:20:52.590,0.00,0.00,0.00,0.00,2,0
2026-06-12 18:20:52.640,0.00,0.00,0.00,0.00,2,0
2026-06-12 18:20:52.692,0.00,0.00,0.00,0.00,2,0
2026-06-12 18:20:52.742,0.00,0.00,0.00,0.00,2,0
2026-06-12 18:20:52.792,0.00,0.00,0.00,0.00,2,0
2026-06-12 18:20:52.842,0.00,0.00,0.00,0.00,2,0
2026-06-12 18:20:52.892,0.00,0.00,0.00,0.00,2,0
2026-06-12 18:20:52.943,0.00,0.00,0.00,0.00,2,0
2026-06-12 18:20:52.994,0.00,0.00,0.00,0.00,2,0
2026-06-12 18:20:53.044,0.00,0.00,0.00,0.00,2,0
2026-06-12 18:20:53.094,0.00,0.00,0.00,0.00,2,0
2026-06-12 18:20:53.144,0.00,0.00,0.00,0.00,2,0
2026-06-12 18:20:53.195,0.00,0.00,0.00,0.00,2,0
2026-06-12 18:20:53.245,0.00,0.00,0.00,0.00,2,0
2026-06-12 18:20:53.296,0.00,0.00,0.00,0.00,2,0
2026-06-12 18:20:53.346,0.00,0.00,0.00,0.00,2,0
2026-06-12 18:20:53.396,0.00,0.00,0.00,0.00,2,0
2026-06-12 18:20:53.447,0.00,0.00,0.00,0.00,2,0
2026-06-12 18:20:53.497,0.00,0.00,0.00,0.00,2,0
2026-06-12 18:20:53.548,0.00,0.00,0.00,0.00,2,0
2026-06-12 18:20:53.598,0.00,0.00,0.00,0.00,2,0
2026-06-12 18:20:53.649,0.00,0.00,0.00,0.00,2,0
2026-06-12 18:20:53.699,0.00,0.00,0.00,0.00,2,0
2026-06-12 18:20:53.750,0.00,0.00,0.00,0.00,2,0
2026-06-12 18:20:53.800,0.00,0.00,0.00,0.00,2,0
2026-06-12 18:20:53.850,0.00,0.00,0.00,0.00,2,0
2026-06-12 18:20:53.900,0.00,0.00,0.00,0.00,2,0
2026-06-12 18:20:53.951,0.00,0.00,0.00,0.00,2,0
2026-06-12 18:20:54.001,0.00,0.00,0.00,0.00,2,0
2026-06-12 18:20:54.052,0.00,0.00,0.00,0.00,2,0
2026-06-12 18:20:54.102,0.00,0.00,0.00,0.00,2,0
2026-06-12 18:20:54.153,0.00,0.00,0.00,0.00,2,0
2026-06-12 18:20:54.204,0.00,0.00,0.00,0.00,2,0
2026-06-12 18:20:54.254,0.00,0.00,0.00,0.00,2,0
2026-06-12 18:20:54.304,0.00,0.00,0.00,0.00,2,0
2026-06-12 18:20:54.354,0.00,0.00,0.00,0.00,2,0
2026-06-12 18:20:54.404,0.00,0.00,0.00,0.00,2,0
2026-06-12 18:20:54.455,0.00,0.00,0.00,0.00,2,0
2026-06-12 18:20:54.505,0.00,0.00,0.00,0.00,2,0
2026-06-12 18:20:54.556,0.00,0.00,0.00,0.00,2,0
2026-06-12 18:20:54.606,0.00,0.00,0.00,0.00,2,0
2026-06-12 18:20:54.656,0.00,0.00,0.00,0.00,2,0
2026-06-12 18:20:54.708,0.00,0.00,0.00,0.00,2,0
2026-06-12 18:20:54.757,0.00,0.00,0.00,0.00,2,0
2026-06-12 18:20:54.808,0.00,0.00,0.00,0.00,2,0
2026-06-12 18:20:54.858,0.00,0.00,0.00,0.00,2,0
2026-06-12 18:20:54.908,0.00,0.00,0.00,0.00,2,0
2026-06-12 18:20:54.960,0.00,0.00,0.00,0.00,2,0
2026-06-12 18:20:55.009,0.00,0.00,0.00,0.00,2,0
2026-06-12 18:20:55.060,0.00,0.00,0.00,0.00,2,0
2026-06-12 18:20:55.110,0.00,0.00,0.00,0.00,2,0
2026-06-12 18:20:55.160,0.00,0.00,0.00,0.00,2,0
2026-06-12 18:20:55.211,0.00,0.00,0.00,0.00,2,0
2026-06-12 18:20:55.262,0.00,0.00,0.00,0.00,2,0
2026-06-12 18:20:55.312,0.00,0.00,0.00,0.00,2,0
2026-06-12 18:20:55.362,0.00,0.00,0.00,0.00,2,0
2026-06-12 18:20:55.412,0.00,0.00,0.00,0.00,2,0
2026-06-12 18:20:55.463,0.00,0.00,0.00,0.00,2,0
2026-06-12 18:20:55.513,0.00,0.00,0.00,0.00,2,0
2026-06-12 18:20:55.564,0.00,0.00,0.00,0.00,2,0
2026-06-12 18:20:55.614,0.00,0.00,0.00,0.00,2,0
2026-06-12 18:20:55.664,0.00,0.00,0.00,0.00,2,0
2026-06-12 18:20:55.715,0.00,0.00,0.00,0.00,2,0
2026-06-12 18:20:55.765,0.00,0.00,0.00,0.00,2,0
2026-06-12 18:20:55.815,0.00,0.00,0.00,0.00,2,0
2026-06-12 18:20:55.866,0.00,0.00,0.00,0.00,2,0
2026-06-12 18:20:55.916,0.00,0.00,0.00,0.00,2,0
2026-06-12 18:20:55.967,0.00,0.00,0.00,0.00,2,0
2026-06-12 18:20:56.017,0.00,0.00,0.00,0.00,2,0
2026-06-12 18:20:56.068,0.00,0.00,0.00,0.00,2,0
2026-06-12 18:20:56.118,0.00,0.00,0.00,0.00,2,0
2026-06-12 18:20:56.168,0.00,0.00,0.00,0.00,2,0
2026-06-12 18:20:56.219,0.00,0.00,0.00,0.00,2,0
2026-06-12 18:20:56.270,0.00,0.00,0.00,0.00,2,0
2026-06-12 18:20:56.320,0.00,0.00,0.00,0.00,2,0
2026-06-12 18:20:56.370,0.00,0.00,0.00,0.00,2,0
2026-06-12 18:20:56.420,0.00,0.00,0.00,0.00,2,0
2026-06-12 18:20:56.471,0.00,0.00,0.00,0.00,2,0
2026-06-12 18:20:56.521,0.00,0.00,0.00,0.00,2,0
2026-06-12 18:20:56.572,0.00,0.00,0.00,0.00,2,0
2026-06-12 18:20:56.622,0.00,0.00,0.00,0.00,2,0
2026-06-12 18:20:56.672,0.00,0.00,0.00,0.00,2,0
2026-06-12 18:20:56.723,0.00,0.00,0.00,0.00,2,0
2026-06-12 18:20:56.773,0.00,0.00,0.00,0.00,2,0
2026-06-12 18:20:56.824,0.00,0.00,0.00,0.00,2,0
2026-06-12 18:20:56.874,0.00,0.00,0.00,0.00,2,0
2026-06-12 18:20:56.924,0.00,0.00,0.00,0.00,2,0
2026-06-12 18:20:56.975,0.00,0.00,0.00,0.00,2,0
2026-06-12 18:20:57.025,0.00,0.00,0.00,0.00,2,0
2026-06-12 18:20:57.075,0.00,0.00,0.00,0.00,2,0
2026-06-12 18:20:57.126,0.00,0.00,0.00,0.00,2,0
2026-06-12 18:20:57.176,0.00,0.00,0.00,0.00,2,0
2026-06-12 18:20:57.227,0.00,0.00,0.00,0.00,2,0
2026-06-12 18:20:57.277,0.00,0.00,0.00,0.00,2,0
2026-06-12 18:20:57.328,0.00,0.00,0.00,0.00,2,0
2026-06-12 18:20:57.378,0.00,0.00,0.00,0.00,2,0
2026-06-12 18:20:57.429,0.00,0.00,0.00,0.00,2,0
2026-06-12 18:20:57.479,0.00,0.00,0.00,0.00,2,0
2026-06-12 18:20:57.529,0.00,0.00,0.00,0.00,2,0
2026-06-12 18:20:57.579,0.00,0.00,0.00,0.00,2,0
2026-06-12 18:20:57.630,0.00,0.00,0.00,0.00,2,0
2026-06-12 18:20:57.681,0.00,0.00,0.00,0.00,2,0
2026-06-12 18:20:57.731,0.00,0.00,0.00,0.00,2,0
2026-06-12 18:20:57.781,0.00,0.00,0.00,0.00,2,0
2026-06-12 18:20:57.831,0.00,0.00,0.00,0.00,2,0
2026-06-12 18:20:57.882,0.00,0.00,0.00,0.00,2,0
2026-06-12 18:20:57.932,0.00,0.00,0.00,0.00,2,0
2026-06-12 18:20:57.983,0.00,0.00,0.00,0.00,2,0
2026-06-12 18:20:58.033,0.00,0.00,0.00,0.00,2,0
2026-06-12 18:20:58.083,0.00,0.00,0.00,0.00,2,0
2026-06-12 18:20:58.134,0.00,0.00,0.00,0.00,2,0
2026-06-12 18:20:58.184,0.00,0.00,0.00,0.00,2,0
2026-06-12 18:20:58.235,0.00,0.00,0.00,0.00,2,0
2026-06-12 18:20:58.285,0.00,0.00,0.00,0.00,2,0
2026-06-12 18:20:58.336,0.00,0.00,0.00,0.00,2,0
2026-06-12 18:20:58.386,0.00,0.00,0.00,0.00,2,0
2026-06-12 18:20:58.436,0.00,0.00,0.00,0.00,2,0
2026-06-12 18:20:58.487,0.00,0.00,0.00,0.00,2,0
2026-06-12 18:20:58.537,0.00,0.00,0.00,0.00,2,0
2026-06-12 18:20:58.587,0.00,0.00,0.00,0.00,2,0
2026-06-12 18:20:58.638,0.00,0.00,0.00,0.00,2,0
2026-06-12 18:20:58.689,0.00,0.00,0.00,0.00,2,0
2026-06-12 18:20:58.739,0.00,0.00,0.00,0.00,2,0
2026-06-12 18:20:58.789,0.00,0.00,0.00,0.00,2,0
2026-06-12 18:20:58.839,0.00,0.00,0.00,0.00,2,0
2026-06-12 18:20:58.890,0.00,0.00,0.00,0.00,2,0
2026-06-12 18:20:58.940,0.00,0.00,0.00,0.00,2,0
2026-06-12 18:20:58.991,0.00,0.00,0.00,0.00,2,0
2026-06-12 18:20:59.042,0.00,0.00,0.00,0.00,2,0
2026-06-12 18:20:59.091,0.00,0.00,0.00,0.00,2,0
2026-06-12 18:20:59.142,0.00,0.00,0.00,0.00,2,0
2026-06-12 18:20:59.192,0.00,0.00,0.00,0.00,2,0
2026-06-12 18:20:59.243,0.00,0.00,0.00,0.00,2,0
2026-06-12 18:20:59.293,0.00,0.00,0.00,0.00,2,0
2026-06-12 18:20:59.344,0.00,0.00,0.00,0.00,2,0
2026-06-12 18:20:59.394,0.00,0.00,0.00,0.00,2,0
2026-06-12 18:20:59.444,0.00,0.00,0.00,0.00,2,0
2026-06-12 18:20:59.495,0.00,0.00,0.00,0.00,2,0
2026-06-12 18:20:59.545,0.00,0.00,0.00,0.00,2,0
2026-06-12 18:20:59.595,0.00,0.00,0.00,0.00,2,0
2026-06-12 18:20:59.646,0.00,0.00,0.00,0.00,2,0
2026-06-12 18:20:59.696,0.00,0.00,0.00,0.00,2,0
2026-06-12 18:20:59.747,0.00,0.00,0.00,0.00,2,0
2026-06-12 18:20:59.797,0.00,0.00,0.00,0.00,2,0
2026-06-12 18:20:59.848,0.00,0.00,0.00,0.00,2,0
2026-06-12 18:20:59.898,0.00,0.00,0.00,0.00,2,0
2026-06-12 18:20:59.948,0.00,0.00,0.00,0.00,2,0
2026-06-12 18:20:59.999,0.00,0.00,0.00,0.00,2,0
2026-06-12 18:21:00.049,0.00,0.00,0.00,0.00,2,0
2026-06-12 18:21:00.099,0.00,0.00,0.00,0.00,2,0
2026-06-12 18:21:00.150,0.00,0.00,0.00,0.00,2,0
2026-06-12 18:21:00.200,0.00,0.00,0.00,0.00,2,0
2026-06-12 18:21:00.251,0.00,0.00,0.00,0.00,2,0
2026-06-12 18:21:00.301,0.00,0.00,0.00,0.00,2,0
2026-06-12 18:21:00.351,0.00,0.00,0.00,0.00,2,0
2026-06-12 18:21:00.402,0.00,0.00,0.00,0.00,2,0
2026-06-12 18:21:00.452,0.00,0.00,0.00,0.00,2,0
2026-06-12 18:21:00.504,0.00,0.00,0.00,0.00,2,0
2026-06-12 18:21:00.553,0.00,0.00,0.00,0.00,2,0
2026-06-12 18:21:00.603,0.00,0.00,0.00,0.00,2,0
2026-06-12 18:21:00.654,0.00,0.00,0.00,0.00,2,0
2026-06-12 18:21:00.704,0.00,0.00,0.00,0.00,2,0
2026-06-12 18:21:00.755,0.00,0.00,0.00,0.00,2,0
2026-06-12 18:21:00.805,0.00,0.00,0.00,0.00,2,0
2026-06-12 18:21:00.855,0.00,0.00,0.00,0.00,2,0
2026-06-12 18:21:00.906,0.00,0.00,0.00,0.00,2,0
2026-06-12 18:21:00.956,0.00,0.00,0.00,0.00,2,0
2026-06-12 18:21:01.007,0.00,0.00,0.00,0.00,2,0
2026-06-12 18:21:01.057,0.00,0.00,0.00,0.00,2,0
2026-06-12 18:21:01.107,0.00,0.00,0.00,0.00,2,0
2026-06-12 18:21:01.158,0.00,0.00,0.00,0.00,2,0
2026-06-12 18:21:01.208,0.00,0.00,0.00,0.00,2,0
2026-06-12 18:21:01.259,0.00,0.00,0.00,0.00,2,0
2026-06-12 18:21:01.309,0.00,0.00,0.00,0.00,2,0
2026-06-12 18:21:01.360,0.00,0.00,0.00,0.00,2,0
2026-06-12 18:21:01.410,0.00,0.00,0.00,0.00,2,0
2026-06-12 18:21:01.460,0.00,0.00,0.00,0.00,2,0
2026-06-12 18:21:01.511,0.00,0.00,0.00,0.00,2,0
2026-06-12 18:21:01.561,0.00,0.00,0.00,0.00,2,0
2026-06-12 18:21:01.611,0.00,0.00,0.00,0.00,2,0
2026-06-12 18:21:01.662,0.00,0.00,0.00,0.00,2,0
2026-06-12 18:21:01.712,0.00,0.00,0.00,0.00,2,0
2026-06-12 18:21:01.763,0.00,0.00,0.00,0.00,2,0
2026-06-12 18:21:01.813,0.00,0.00,0.00,0.00,2,0
2026-06-12 18:21:01.863,0.00,0.00,0.00,0.00,2,0
2026-06-12 18:21:01.915,0.00,0.00,0.00,0.00,2,0
2026-06-12 18:21:01.964,0.00,0.00,0.00,0.00,2,0
2026-06-12 18:21:02.015,0.00,0.00,0.00,0.00,2,0
2026-06-12 18:21:02.065,0.00,0.00,0.00,0.00,2,0
2026-06-12 18:21:02.115,0.00,0.00,0.00,0.00,2,0
2026-06-12 18:21:02.166,0.00,0.00,0.00,0.00,2,0
2026-06-12 18:21:02.216,0.00,0.00,0.00,0.00,2,0
2026-06-12 18:21:02.267,0.00,0.00,0.00,0.00,2,0
2026-06-12 18:21:02.317,0.00,0.00,0.00,0.00,2,0
2026-06-12 18:21:02.367,0.00,0.00,0.00,0.00,2,0
2026-06-12 18:21:02.418,0.00,0.00,0.00,0.00,2,0
2026-06-12 18:21:02.468,0.00,0.00,0.00,0.00,2,0
2026-06-12 18:21:02.519,0.00,0.00,0.00,0.00,2,0
2026-06-12 18:21:02.569,0.00,0.00,0.00,0.00,2,0
2026-06-12 18:21:02.619,0.00,0.00,0.00,0.00,2,0
2026-06-12 18:21:02.670,0.00,0.00,0.00,0.00,2,0
2026-06-12 18:21:02.720,0.00,0.00,0.00,0.00,2,0
2026-06-12 18:21:02.771,0.00,0.00,0.00,0.00,2,0
2026-06-12 18:21:02.821,0.00,0.00,0.00,0.00,2,0
2026-06-12 18:21:02.871,0.00,0.00,0.00,0.00,2,0
2026-06-12 18:21:02.922,0.00,0.00,0.00,0.00,2,0
2026-06-12 18:21:02.972,0.00,0.00,0.00,0.00,2,0
2026-06-12 18:21:03.023,0.00,0.00,0.00,0.00,2,0
2026-06-12 18:21:03.073,0.00,0.00,0.00,0.00,2,0
2026-06-12 18:21:03.123,0.00,0.00,0.00,0.00,2,0
2026-06-12 18:21:03.174,0.00,0.00,0.00,0.00,2,0
2026-06-12 18:21:03.224,0.00,0.00,0.00,0.00,2,0
2026-06-12 18:21:03.275,0.00,0.00,0.00,0.00,2,0
2026-06-12 18:21:03.325,0.00,0.00,0.00,0.00,2,0
2026-06-12 18:21:03.375,0.00,0.00,0.00,0.00,2,0
2026-06-12 18:21:03.426,0.00,0.00,0.00,0.00,2,0
2026-06-12 18:21:03.476,0.00,0.00,0.00,0.00,2,0
2026-06-12 18:21:03.527,0.00,0.00,0.00,0.00,2,0
2026-06-12 18:21:03.577,0.00,0.00,0.00,0.00,2,0
2026-06-12 18:21:03.627,0.00,0.00,0.00,0.00,2,0
2026-06-12 18:21:03.678,0.00,0.00,0.00,0.00,2,0
2026-06-12 18:21:03.728,0.00,0.00,0.00,0.00,2,0
2026-06-12 18:21:03.781,0.00,0.00,0.00,0.00,2,0
2026-06-12 18:21:03.829,0.00,0.00,0.00,0.00,2,0
2026-06-12 18:21:03.879,0.00,0.00,0.00,0.00,2,0
2026-06-12 18:21:03.930,0.00,0.00,0.00,0.00,2,0
2026-06-12 18:21:03.980,0.00,0.00,0.00,0.00,2,0
2026-06-12 18:21:04.031,0.00,0.00,0.00,0.00,2,0
2026-06-12 18:21:04.081,0.00,0.00,0.00,0.00,2,0
2026-06-12 18:21:04.132,0.00,0.00,0.00,0.00,2,0
2026-06-12 18:21:04.182,0.00,0.00,0.00,0.00,2,0
2026-06-12 18:21:04.232,0.00,0.00,0.00,0.00,2,0
2026-06-12 18:21:04.283,0.00,0.00,0.00,0.00,2,0
2026-06-12 18:21:04.333,0.00,0.00,0.00,0.00,2,0
2026-06-12 18:21:04.383,0.00,0.00,0.00,0.00,2,0
2026-06-12 18:21:04.434,0.00,0.00,0.00,0.00,2,0
2026-06-12 18:21:04.484,0.00,0.00,0.00,0.00,2,0
2026-06-12 18:21:04.535,0.00,0.00,0.00,0.00,2,0
2026-06-12 18:21:04.585,0.00,0.00,0.00,0.00,2,0
2026-06-12 18:21:04.635,0.00,0.00,0.00,0.00,2,0
2026-06-12 18:21:04.686,0.00,0.00,0.00,0.00,2,0
2026-06-12 18:21:04.736,0.00,0.00,0.00,0.00,2,0
2026-06-12 18:21:04.787,0.00,0.00,0.00,0.00,2,0
2026-06-12 18:21:04.837,0.00,0.00,0.00,0.00,2,0
2026-06-12 18:21:04.887,0.00,0.00,0.00,0.00,2,0
2026-06-12 18:21:04.938,0.00,0.00,0.00,0.00,2,0
2026-06-12 18:21:04.988,0.00,0.00,0.00,0.00,2,0
2026-06-12 18:21:05.039,0.00,0.00,0.00,0.00,2,0
2026-06-12 18:21:05.089,0.00,0.00,0.00,0.00,2,0
2026-06-12 18:21:05.139,0.00,0.00,0.00,0.00,2,0
2026-06-12 18:21:05.190,0.00,0.00,0.00,0.00,2,0
2026-06-12 18:21:05.240,0.00,0.00,0.00,0.00,2,0
2026-06-12 18:21:05.291,0.00,0.00,0.00,0.00,2,0
2026-06-12 18:21:05.341,0.00,0.00,0.00,0.00,2,0
2026-06-12 18:21:05.391,0.00,0.00,0.00,0.00,2,0
2026-06-12 18:21:05.442,0.00,0.00,0.00,0.00,2,0
2026-06-12 18:21:05.492,0.00,0.00,0.00,0.00,2,0
2026-06-12 18:21:05.544,0.00,0.00,0.00,0.00,2,0
2026-06-12 18:21:05.593,0.00,0.00,0.00,0.00,2,0
2026-06-12 18:21:05.643,0.00,0.00,0.00,0.00,2,0
2026-06-12 18:21:05.694,0.00,0.00,0.00,0.00,2,0
2026-06-12 18:21:05.744,0.00,0.00,0.00,0.00,2,0
2026-06-12 18:21:05.795,0.00,0.00,0.00,0.00,2,0
2026-06-12 18:21:05.845,0.00,0.00,0.00,0.00,2,0
2026-06-12 18:21:05.895,0.00,0.00,0.00,0.00,2,0
2026-06-12 18:21:05.946,0.00,0.00,0.00,0.00,2,0
2026-06-12 18:21:05.996,0.00,0.00,0.00,0.00,2,0
2026-06-12 18:21:06.046,0.00,0.00,0.00,0.00,2,0
2026-06-12 18:21:06.097,0.00,0.00,0.00,0.00,2,0
2026-06-12 18:21:06.147,0.00,0.00,0.00,0.00,2,0
2026-06-12 18:21:06.200,0.00,0.00,0.00,0.00,2,0
2026-06-12 18:21:06.249,0.00,0.00,0.00,0.00,2,0
2026-06-12 18:21:06.299,0.00,0.00,0.00,0.00,2,0
2026-06-12 18:21:06.349,0.00,0.00,0.00,0.00,2,0
2026-06-12 18:21:06.400,0.00,0.00,0.00,0.00,2,0
2026-06-12 18:21:06.450,0.00,0.00,0.00,0.00,2,0
2026-06-12 18:21:06.500,0.00,0.00,0.00,0.00,2,0
2026-06-12 18:21:06.550,0.00,0.00,0.00,0.00,2,0
2026-06-12 18:21:06.601,0.00,0.00,0.00,0.00,2,0
2026-06-12 18:21:06.651,0.00,0.00,0.00,0.00,2,0
2026-06-12 18:21:06.702,0.00,0.00,0.00,0.00,2,0
2026-06-12 18:21:06.752,0.00,0.00,0.00,0.00,2,0
2026-06-12 18:21:06.803,0.00,0.00,0.00,0.00,2,0
2026-06-12 18:21:06.853,0.00,0.00,0.00,0.00,2,0
2026-06-12 18:21:06.903,0.00,0.00,0.00,0.00,2,0
2026-06-12 18:21:06.954,0.00,0.00,0.00,0.00,2,0
2026-06-12 18:21:07.004,0.00,0.00,0.00,0.00,2,0
2026-06-12 18:21:07.054,0.00,0.00,0.00,0.00,2,0
2026-06-12 18:21:07.105,0.00,0.00,0.00,0.00,2,0
2026-06-12 18:21:07.155,0.00,0.00,0.00,0.00,2,0
2026-06-12 18:21:07.206,0.00,0.00,0.00,0.00,2,0
2026-06-12 18:21:07.256,0.00,0.00,0.00,0.00,2,0
2026-06-12 18:21:07.307,0.00,0.00,0.00,0.00,2,0
2026-06-12 18:21:07.357,0.00,0.00,0.00,0.00,2,0
2026-06-12 18:21:07.407,0.00,0.00,0.00,0.00,2,0
2026-06-12 18:21:07.458,0.00,0.00,0.00,0.00,2,0
2026-06-12 18:21:07.508,0.00,0.00,0.00,0.00,2,0
2026-06-12 18:21:07.559,0.00,0.00,0.00,0.00,2,0
2026-06-12 18:21:07.609,0.00,0.00,0.00,0.00,2,0
2026-06-12 18:21:07.661,0.00,0.00,0.00,0.00,2,0
2026-06-12 18:21:07.710,0.00,0.00,0.00,0.00,2,0
2026-06-12 18:21:07.760,0.00,0.00,0.00,0.00,2,0
2026-06-12 18:21:07.811,0.00,0.00,0.00,0.00,2,0
2026-06-12 18:21:07.861,0.00,0.00,0.00,0.00,2,0
2026-06-12 18:21:07.911,0.00,0.00,0.00,0.00,2,0
2026-06-12 18:21:07.962,0.00,0.00,0.00,0.00,2,0
2026-06-12 18:21:08.012,0.00,0.00,0.00,0.00,2,0
2026-06-12 18:21:08.063,0.00,0.00,0.00,0.00,2,0
2026-06-12 18:21:08.113,0.00,0.00,0.00,0.00,2,0
2026-06-12 18:21:08.163,0.00,0.00,0.00,0.00,2,0
2026-06-12 18:21:08.214,0.00,0.00,0.00,0.00,2,0
2026-06-12 18:21:08.264,0.00,0.00,0.00,0.00,2,0
2026-06-12 18:21:08.314,0.00,0.00,0.00,0.00,2,0
2026-06-12 18:21:08.365,0.00,0.00,0.00,0.00,2,0
2026-06-12 18:21:08.415,0.00,0.00,0.00,0.00,2,0
2026-06-12 18:21:08.466,0.00,0.00,0.00,0.00,2,0
2026-06-12 18:21:08.517,0.00,0.00,0.00,0.00,2,0
2026-06-12 18:21:08.566,0.00,0.00,0.00,0.00,2,0
2026-06-12 18:21:08.617,0.00,0.00,0.00,0.00,2,0
2026-06-12 18:21:08.667,0.00,0.00,0.00,0.00,2,0
2026-06-12 18:21:08.718,0.00,0.00,0.00,0.00,2,0
2026-06-12 18:21:08.769,0.00,0.00,0.00,0.00,2,0
2026-06-12 18:21:08.819,0.00,0.00,0.00,0.00,2,0
2026-06-12 18:21:08.869,0.00,0.00,0.00,0.00,2,0
2026-06-12 18:21:08.919,0.00,0.00,0.00,0.00,2,0
2026-06-12 18:21:08.970,0.00,0.00,0.00,0.00,2,0
2026-06-12 18:21:09.020,0.00,0.00,0.00,0.00,2,0
2026-06-12 18:21:09.070,0.00,0.00,0.00,0.00,2,0
2026-06-12 18:21:09.121,0.00,0.00,0.00,0.00,2,0
2026-06-12 18:21:09.171,0.00,0.00,0.00,0.00,2,0
2026-06-12 18:21:09.224,0.00,0.00,0.00,0.00,2,0
2026-06-12 18:21:09.272,0.00,0.00,0.00,0.00,2,0
2026-06-12 18:21:09.322,0.00,0.00,0.00,0.00,2,0
2026-06-12 18:21:09.373,0.00,0.00,0.00,0.00,2,0
2026-06-12 18:21:09.423,0.00,0.00,0.00,0.00,2,0
2026-06-12 18:21:09.474,0.00,0.00,0.00,0.00,2,0
2026-06-12 18:21:09.524,0.00,0.00,0.00,0.00,2,0
2026-06-12 18:21:09.575,0.00,0.00,0.00,0.00,2,0
2026-06-12 18:21:09.625,0.00,0.00,0.00,0.00,2,0
2026-06-12 18:21:09.675,0.00,0.00,0.00,0.00,2,0
2026-06-12 18:21:09.726,0.00,0.00,0.00,0.00,2,0
2026-06-12 18:21:09.776,0.00,0.00,0.00,0.00,2,0
2026-06-12 18:21:09.826,0.00,0.00,0.00,0.00,2,0
2026-06-12 18:21:09.877,0.00,0.00,0.00,0.00,2,0
2026-06-12 18:21:09.927,0.00,0.00,0.00,0.00,2,0
2026-06-12 18:21:09.978,0.00,0.00,0.00,0.00,2,0
2026-06-12 18:21:10.028,0.00,0.00,0.00,0.00,2,0
2026-06-12 18:21:10.079,0.00,0.00,0.00,0.00,2,0
2026-06-12 18:21:10.129,0.00,0.00,0.00,0.00,2,0
2026-06-12 18:21:10.179,0.00,0.00,0.00,0.00,2,0
2026-06-12 18:21:10.230,0.00,0.00,0.00,0.00,2,0
2026-06-12 18:21:10.280,0.00,0.00,0.00,0.00,2,0
2026-06-12 18:21:10.330,0.00,0.00,0.00,0.00,2,0
2026-06-12 18:21:10.381,0.00,0.00,0.00,0.00,2,0
2026-06-12 18:21:10.431,0.00,0.00,0.00,0.00,2,0
2026-06-12 18:21:10.482,0.00,0.00,0.00,0.00,2,0
2026-06-12 18:21:10.532,0.00,0.00,0.00,0.00,2,0
2026-06-12 18:21:10.582,0.00,0.00,0.00,0.00,2,0
2026-06-12 18:21:10.634,0.00,0.00,0.00,0.00,2,0
2026-06-12 18:21:10.683,0.00,0.00,0.00,0.00,2,0
2026-06-12 18:21:10.734,0.00,0.00,0.00,0.00,2,0
2026-06-12 18:21:10.784,0.00,0.00,0.00,0.00,2,0
2026-06-12 18:21:10.834,0.00,0.00,0.00,0.00,2,0
2026-06-12 18:21:10.885,0.00,0.00,0.00,0.00,2,0
2026-06-12 18:21:10.935,0.00,0.00,0.00,0.00,2,0
2026-06-12 18:21:10.986,0.00,0.00,0.00,0.00,2,0
2026-06-12 18:21:11.037,0.00,0.00,0.00,0.00,2,0
2026-06-12 18:21:11.086,0.00,0.00,0.00,0.00,2,0
2026-06-12 18:21:11.137,0.00,0.00,0.00,0.00,2,0
2026-06-12 18:21:11.187,0.00,0.00,0.00,0.00,2,0
2026-06-12 18:21:11.238,0.00,0.00,0.00,0.00,2,0
2026-06-12 18:21:11.288,0.00,0.00,0.00,0.00,2,0
2026-06-12 18:21:11.339,0.00,0.00,0.00,0.00,2,0
2026-06-12 18:21:11.389,0.00,0.00,0.00,0.00,2,0
2026-06-12 18:21:11.441,0.00,0.00,0.00,0.00,2,0
2026-06-12 18:21:11.490,0.00,0.00,0.00,0.00,2,0
2026-06-12 18:21:11.540,0.00,0.00,0.00,0.00,2,0
2026-06-12 18:21:11.590,0.00,0.00,0.00,0.00,2,0
2026-06-12 18:21:11.641,0.00,0.00,0.00,0.00,2,0
2026-06-12 18:21:11.691,0.00,0.00,0.00,0.00,2,0
2026-06-12 18:21:11.742,0.00,0.00,0.00,0.00,2,0
2026-06-12 18:21:11.792,0.00,0.00,0.00,0.00,2,0
2026-06-12 18:21:11.842,0.00,0.00,0.00,0.00,2,0
2026-06-12 18:21:11.893,0.00,0.00,0.00,0.00,2,0
2026-06-12 18:21:11.943,0.00,0.00,0.00,0.00,2,0
2026-06-12 18:21:11.993,0.00,0.00,0.00,0.00,2,0
2026-06-12 18:21:12.044,0.00,0.00,0.00,0.00,2,0
2026-06-12 18:21:12.094,0.00,0.00,0.00,0.00,2,0
2026-06-12 18:21:12.145,0.00,0.00,0.00,0.00,2,0
2026-06-12 18:21:12.195,0.00,0.00,0.00,0.00,2,0
2026-06-12 18:21:12.246,0.00,0.00,0.00,0.00,2,0
2026-06-12 18:21:12.296,0.00,0.00,0.00,0.00,2,0
2026-06-12 18:21:12.346,0.00,0.00,0.00,0.00,2,0
2026-06-12 18:21:12.397,0.00,0.00,0.00,0.00,2,0
2026-06-12 18:21:12.447,0.00,0.00,0.00,0.00,2,0
2026-06-12 18:21:12.498,0.00,0.00,0.00,0.00,2,0
2026-06-12 18:21:12.548,0.00,0.00,0.00,0.00,2,0
2026-06-12 18:21:12.599,0.00,0.00,0.00,0.00,2,0
2026-06-12 18:21:12.649,0.00,0.00,0.00,0.00,2,0
2026-06-12 18:21:12.699,0.00,0.00,0.00,0.00,2,0
2026-06-12 18:21:12.749,0.00,0.00,0.00,0.00,2,0
2026-06-12 18:21:12.800,0.00,0.00,0.00,0.00,2,0
2026-06-12 18:21:12.850,0.00,0.00,0.00,0.00,2,0
2026-06-12 18:21:12.901,0.00,0.00,0.00,0.00,2,0
2026-06-12 18:21:12.951,0.00,0.00,0.00,0.00,2,0
2026-06-12 18:21:13.002,0.00,0.00,0.00,0.00,2,0
2026-06-12 18:21:13.052,0.00,0.00,0.00,0.00,2,0
2026-06-12 18:21:13.102,0.00,0.00,0.00,0.00,2,0
2026-06-12 18:21:13.153,0.00,0.00,0.00,0.00,2,0
2026-06-12 18:21:13.207,0.00,0.00,0.00,0.00,2,0
2026-06-12 18:21:13.254,0.00,0.00,0.00,0.00,2,0
2026-06-12 18:21:13.304,0.00,0.00,0.00,0.00,2,0
2026-06-12 18:21:13.356,0.00,0.00,0.00,0.00,2,0
2026-06-12 18:21:13.405,0.00,0.00,0.00,0.00,2,0
2026-06-12 18:21:13.455,0.00,0.00,0.00,0.00,2,0
2026-06-12 18:21:13.506,0.00,0.00,0.00,0.00,2,0
2026-06-12 18:21:13.556,0.00,0.00,0.00,0.00,2,0
2026-06-12 18:21:13.606,0.00,0.00,0.00,0.00,2,0
2026-06-12 18:21:13.657,0.00,0.00,0.00,0.00,2,0
2026-06-12 18:21:13.707,0.00,0.00,0.00,0.00,2,0
2026-06-12 18:21:13.758,0.00,0.00,0.00,0.00,2,0
2026-06-12 18:21:13.808,0.00,0.00,0.00,0.00,2,0
2026-06-12 18:21:13.859,0.00,0.00,0.00,0.00,2,0
2026-06-12 18:21:13.911,0.00,0.00,0.00,0.00,2,0
2026-06-12 18:21:13.959,0.00,0.00,0.00,0.00,2,0
2026-06-12 18:21:14.009,0.00,0.00,0.00,0.00,2,0
2026-06-12 18:21:14.060,0.00,0.00,0.00,0.00,2,0
2026-06-12 18:21:14.110,0.00,0.00,0.00,0.00,2,0
2026-06-12 18:21:14.161,0.00,0.00,0.00,0.00,2,0
2026-06-12 18:21:14.211,0.00,0.00,0.00,0.00,2,0
2026-06-12 18:21:14.262,0.00,0.00,0.00,0.00,2,0
2026-06-12 18:21:14.312,0.00,0.00,0.00,0.00,2,0
2026-06-12 18:21:14.362,0.00,0.00,0.00,0.00,2,0
2026-06-12 18:21:14.413,0.00,0.00,0.00,0.00,2,0
2026-06-12 18:21:14.463,0.00,0.00,0.00,0.00,2,0
2026-06-12 18:21:14.514,0.00,0.00,0.00,0.00,2,0
2026-06-12 18:21:14.564,0.00,0.00,0.00,0.00,2,0
2026-06-12 18:21:14.614,0.00,0.00,0.00,0.00,2,0
2026-06-12 18:21:14.665,0.00,0.00,0.00,0.00,2,0
2026-06-12 18:21:14.715,0.00,0.00,0.00,0.00,2,0
2026-06-12 18:21:14.766,0.00,0.00,0.00,0.00,2,0
2026-06-12 18:21:14.816,0.00,0.00,0.00,0.00,2,0
2026-06-12 18:21:14.866,0.00,0.00,0.00,0.00,2,0
2026-06-12 18:21:14.917,0.00,0.00,0.00,0.00,2,0
2026-06-12 18:21:14.967,0.00,0.00,0.00,0.00,2,0
2026-06-12 18:21:15.017,0.00,0.00,0.00,0.00,2,0
2026-06-12 18:21:15.068,0.00,0.00,0.00,0.00,2,0
2026-06-12 18:21:15.119,0.00,0.00,0.00,0.00,2,0
2026-06-12 18:21:15.169,0.00,0.00,0.00,0.00,2,0
2026-06-12 18:21:15.219,0.00,0.00,0.00,0.00,2,0
2026-06-12 18:21:15.270,0.00,0.00,0.00,0.00,2,0
2026-06-12 18:21:15.320,0.00,0.00,0.00,0.00,2,0
2026-06-12 18:21:15.370,0.00,0.00,0.00,0.00,2,0
2026-06-12 18:21:15.421,0.00,0.00,0.00,0.00,2,0
2026-06-12 18:21:15.471,0.00,0.00,0.00,0.00,2,0
2026-06-12 18:21:15.522,0.00,0.00,0.00,0.00,2,0
2026-06-12 18:21:15.572,0.00,0.00,0.00,0.00,2,0
2026-06-12 18:21:15.623,0.00,0.00,0.00,0.00,2,0
2026-06-12 18:21:15.673,0.00,0.00,0.00,0.00,2,0
2026-06-12 18:21:15.724,0.00,0.00,0.00,0.00,2,0
2026-06-12 18:21:15.773,0.00,0.00,0.00,0.00,2,0
2026-06-12 18:21:15.825,0.00,0.00,0.00,0.00,2,0
2026-06-12 18:21:15.874,0.00,0.00,0.00,0.00,2,0
2026-06-12 18:21:15.925,0.00,0.00,0.00,0.00,2,0
2026-06-12 18:21:15.975,0.00,0.00,0.00,0.00,2,0
2026-06-12 18:21:16.025,0.00,0.00,0.00,0.00,2,0
2026-06-12 18:21:16.076,0.00,0.00,0.00,0.00,2,0
2026-06-12 18:21:16.126,0.00,0.00,0.00,0.00,2,0
2026-06-12 18:21:16.177,0.00,0.00,0.00,0.00,2,0
2026-06-12 18:21:16.227,0.00,0.00,0.00,0.00,2,0
2026-06-12 18:21:16.278,0.00,0.00,0.00,0.00,2,0
2026-06-12 18:21:16.328,0.00,0.00,0.00,0.00,2,0
2026-06-12 18:21:16.379,0.00,0.00,0.00,0.00,2,0
2026-06-12 18:21:16.429,0.00,0.00,0.00,0.00,2,0
2026-06-12 18:21:16.479,0.00,0.00,0.00,0.00,2,0
2026-06-12 18:21:16.529,0.00,0.00,0.00,0.00,2,0
2026-06-12 18:21:16.580,0.00,0.00,0.00,0.00,2,0
2026-06-12 18:21:16.630,0.00,0.00,0.00,0.00,2,0
2026-06-12 18:21:16.681,0.00,0.00,0.00,0.00,2,0
2026-06-12 18:21:16.731,0.00,0.00,0.00,0.00,2,0
2026-06-12 18:21:16.782,0.00,0.00,0.00,0.00,2,0
2026-06-12 18:21:16.832,0.00,0.00,0.00,0.00,2,0
2026-06-12 18:21:16.882,0.00,0.00,0.00,0.00,2,0
2026-06-12 18:21:16.933,0.00,0.00,0.00,0.00,2,0
2026-06-12 18:21:16.983,0.00,0.00,0.00,0.00,2,0
2026-06-12 18:21:17.033,0.00,0.00,0.00,0.00,2,0
2026-06-12 18:21:17.084,0.00,0.00,0.00,0.00,2,0
2026-06-12 18:21:17.134,0.00,0.00,0.00,0.00,2,0
2026-06-12 18:21:17.185,0.00,0.00,0.00,0.00,2,0
2026-06-12 18:21:17.235,0.00,0.00,0.00,0.00,2,0
2026-06-12 18:21:17.285,0.00,0.00,0.00,0.00,2,0
2026-06-12 18:21:17.336,0.00,0.00,0.00,0.00,2,0
2026-06-12 18:21:17.386,0.00,0.00,0.00,0.00,2,0
2026-06-12 18:21:17.437,0.00,0.00,0.00,0.00,2,0
2026-06-12 18:21:17.487,0.00,0.00,0.00,0.00,2,0
2026-06-12 18:21:17.537,0.00,0.00,0.00,0.00,2,0
2026-06-12 18:21:17.588,0.00,0.00,0.00,0.00,2,0
2026-06-12 18:21:17.638,0.00,0.00,0.00,0.00,2,0
2026-06-12 18:21:17.689,0.00,0.00,0.00,0.00,2,0
2026-06-12 18:21:17.739,0.00,0.00,0.00,0.00,2,0
2026-06-12 18:21:17.789,0.00,0.00,0.00,0.00,2,0
2026-06-12 18:21:17.840,0.00,0.00,0.00,0.00,2,0
2026-06-12 18:21:17.890,0.00,0.00,0.00,0.00,2,0
2026-06-12 18:21:17.941,0.00,0.00,0.00,0.00,2,0
2026-06-12 18:21:17.991,0.00,0.00,0.00,0.00,2,0
2026-06-12 18:21:18.041,0.00,0.00,0.00,0.00,2,0
2026-06-12 18:21:18.092,0.00,0.00,0.00,0.00,2,0
2026-06-12 18:21:18.142,0.00,0.00,0.00,0.00,2,0
2026-06-12 18:21:18.193,0.00,0.00,0.00,0.00,2,0
2026-06-12 18:21:18.243,0.00,0.00,0.00,0.00,2,0
2026-06-12 18:21:18.293,0.00,0.00,0.00,0.00,2,0
2026-06-12 18:21:18.344,0.00,0.00,0.00,0.00,2,0
2026-06-12 18:21:18.394,0.00,0.00,0.00,0.00,2,0
2026-06-12 18:21:18.445,0.00,0.00,0.00,0.00,2,0
2026-06-12 18:21:18.495,0.00,0.00,0.00,0.00,2,0
2026-06-12 18:21:18.545,0.00,0.00,0.00,0.00,2,0
2026-06-12 18:21:18.596,0.00,0.00,0.00,0.00,2,0
2026-06-12 18:21:18.646,0.00,0.00,0.00,0.00,2,0
2026-06-12 18:21:18.697,0.00,0.00,0.00,0.00,2,0
2026-06-12 18:21:18.747,0.00,0.00,0.00,0.00,2,0
2026-06-12 18:21:18.797,0.00,0.00,0.00,0.00,2,0
2026-06-12 18:21:18.849,0.00,0.00,0.00,0.00,2,0
2026-06-12 18:21:18.898,0.00,0.00,0.00,0.00,2,0
2026-06-12 18:21:18.949,0.00,0.00,0.00,0.00,2,0
2026-06-12 18:21:18.999,0.00,0.00,0.00,0.00,2,0
2026-06-12 18:21:19.049,0.00,0.00,0.00,0.00,2,0
2026-06-12 18:21:19.100,0.00,0.00,0.00,0.00,2,0
2026-06-12 18:21:19.150,0.00,0.00,0.00,0.00,2,0
2026-06-12 18:21:19.201,0.00,0.00,0.00,0.00,2,0
2026-06-12 18:21:19.253,0.00,0.00,0.00,0.00,2,0
2026-06-12 18:21:19.301,0.00,0.00,0.00,0.00,2,0
2026-06-12 18:21:19.352,0.00,0.00,0.00,0.00,2,0
2026-06-12 18:21:19.402,0.00,0.00,0.00,0.00,2,0
2026-06-12 18:21:19.453,0.00,0.00,0.00,0.00,2,0
2026-06-12 18:21:19.503,0.00,0.00,0.00,0.00,2,0
2026-06-12 18:21:19.553,0.00,0.00,0.00,0.00,2,0
2026-06-12 18:21:19.604,0.00,0.00,0.00,0.00,2,0
2026-06-12 18:21:19.654,0.00,0.00,0.00,0.00,2,0
2026-06-12 18:21:19.705,0.00,0.00,0.00,0.00,2,0
2026-06-12 18:21:19.755,0.00,0.00,0.00,0.00,2,0
2026-06-12 18:21:19.805,0.00,0.00,0.00,0.00,2,0
2026-06-12 18:21:19.856,0.00,0.00,0.00,0.00,2,0
2026-06-12 18:21:19.906,0.00,0.00,0.00,0.00,2,0
2026-06-12 18:21:19.957,0.00,0.00,0.00,0.00,2,0
2026-06-12 18:21:20.007,0.00,0.00,0.00,0.00,2,0
2026-06-12 18:21:20.057,0.00,0.00,0.00,0.00,2,0
2026-06-12 18:21:20.108,0.00,0.00,0.00,0.00,2,0
2026-06-12 18:21:20.158,0.00,0.00,0.00,0.00,2,0
2026-06-12 18:21:20.209,0.00,0.00,0.00,0.00,2,0
2026-06-12 18:21:20.259,0.00,0.00,0.00,0.00,2,0
2026-06-12 18:21:20.309,0.00,0.00,0.00,0.00,2,0
2026-06-12 18:21:20.360,0.00,0.00,0.00,0.00,2,0
2026-06-12 18:21:20.410,0.00,0.00,0.00,0.00,2,0
2026-06-12 18:21:20.461,0.00,0.00,0.00,0.00,2,0
2026-06-12 18:21:20.511,0.00,0.00,0.00,0.00,2,0
2026-06-12 18:21:20.561,0.00,0.00,0.00,0.00,2,0
2026-06-12 18:21:20.612,0.00,0.00,0.00,0.00,2,0
2026-06-12 18:21:20.662,0.00,0.00,0.00,0.00,2,0
2026-06-12 18:21:20.713,0.00,0.00,0.00,0.00,2,0
2026-06-12 18:21:20.763,0.00,0.00,0.00,0.00,2,0
2026-06-12 18:21:20.813,0.00,0.00,0.00,0.00,2,0
2026-06-12 18:21:20.864,0.00,0.00,0.00,0.00,2,0
2026-06-12 18:21:20.914,0.00,0.00,0.00,0.00,2,0
2026-06-12 18:21:20.964,0.00,0.00,0.00,0.00,2,0
2026-06-12 18:21:21.015,0.00,0.00,0.00,0.00,2,0
2026-06-12 18:21:21.065,0.00,0.00,0.00,0.00,2,0
2026-06-12 18:21:21.116,0.00,0.00,0.00,0.00,2,0
2026-06-12 18:21:21.166,0.00,0.00,0.00,0.00,2,0
2026-06-12 18:21:21.217,0.00,0.00,0.00,0.00,2,0
2026-06-12 18:21:21.267,0.00,0.00,0.00,0.00,2,0
2026-06-12 18:21:21.317,0.00,0.00,0.00,0.00,2,0
2026-06-12 18:21:21.368,0.00,0.00,0.00,0.00,2,0
2026-06-12 18:21:21.418,0.00,0.00,0.00,0.00,2,0
2026-06-12 18:21:21.469,0.00,0.00,0.00,0.00,2,0
2026-06-12 18:21:21.519,0.00,0.00,0.00,0.00,2,0
2026-06-12 18:21:21.569,0.00,0.00,0.00,0.00,2,0
2026-06-12 18:21:21.620,0.00,0.00,0.00,0.00,2,0
2026-06-12 18:21:21.670,0.00,0.00,0.00,0.00,2,0
2026-06-12 18:21:21.720,0.00,0.00,0.00,0.00,2,0
2026-06-12 18:21:21.771,0.00,0.00,0.00,0.00,2,0
2026-06-12 18:21:21.821,0.00,0.00,0.00,0.00,2,0
2026-06-12 18:21:21.872,0.00,0.00,0.00,0.00,2,0
2026-06-12 18:21:21.922,0.00,0.00,0.00,0.00,2,0
2026-06-12 18:21:21.972,0.00,0.00,0.00,0.00,2,0
2026-06-12 18:21:22.023,0.00,0.00,0.00,0.00,2,0
2026-06-12 18:21:22.073,0.00,0.00,0.00,0.00,2,0
2026-06-12 18:21:22.124,0.00,0.00,0.00,0.00,2,0
2026-06-12 18:21:22.174,0.00,0.00,0.00,0.00,2,0
2026-06-12 18:21:22.225,0.00,0.00,0.00,0.00,2,0
2026-06-12 18:21:22.275,0.00,0.00,0.00,0.00,2,0
2026-06-12 18:21:22.325,0.00,0.00,0.00,0.00,2,0
2026-06-12 18:21:22.376,0.00,0.00,0.00,0.00,2,0
2026-06-12 18:21:22.426,0.00,0.00,0.00,0.00,2,0
2026-06-12 18:21:22.477,0.00,0.00,0.00,0.00,2,0
2026-06-12 18:21:22.527,0.00,0.00,0.00,0.00,2,0
2026-06-12 18:21:22.577,0.00,0.00,0.00,0.00,2,0
2026-06-12 18:21:22.628,0.00,0.00,0.00,0.00,2,0
2026-06-12 18:21:22.678,0.00,0.00,0.00,0.00,2,0
2026-06-12 18:21:22.729,0.00,0.00,0.00,0.00,2,0
2026-06-12 18:21:22.779,0.00,0.00,0.00,0.00,2,0
2026-06-12 18:21:22.829,0.00,0.00,0.00,0.00,2,0
2026-06-12 18:21:22.880,0.00,0.00,0.00,0.00,2,0
2026-06-12 18:21:22.930,0.00,0.00,0.00,0.00,2,0
2026-06-12 18:21:22.980,0.00,0.00,0.00,0.00,2,0
2026-06-12 18:21:23.031,0.00,0.00,0.00,0.00,2,0
2026-06-12 18:21:23.081,0.00,0.00,0.00,0.00,2,0
2026-06-12 18:21:23.132,0.00,0.00,0.00,0.00,2,0
2026-06-12 18:21:23.182,0.00,0.00,0.00,0.00,2,0
2026-06-12 18:21:23.232,0.00,0.00,0.00,0.00,2,0
2026-06-12 18:21:23.283,0.00,0.00,0.00,0.00,2,0
2026-06-12 18:21:23.333,0.00,0.00,0.00,0.00,2,0
2026-06-12 18:21:23.384,0.00,0.00,0.00,0.00,2,0
2026-06-12 18:21:23.435,0.00,0.00,0.00,0.00,2,0
2026-06-12 18:21:23.485,0.00,0.00,0.00,0.00,2,0
2026-06-12 18:21:23.535,0.00,0.00,0.00,0.00,2,0
2026-06-12 18:21:23.585,0.00,0.00,0.00,0.00,2,0
2026-06-12 18:21:23.636,0.00,0.00,0.00,0.00,2,0
2026-06-12 18:21:23.686,0.00,0.00,0.00,0.00,2,0
2026-06-12 18:21:23.736,0.00,0.00,0.00,0.00,2,0
2026-06-12 18:21:23.787,0.00,0.00,0.00,0.00,2,0
2026-06-12 18:21:23.837,0.00,0.00,0.00,0.00,2,0
2026-06-12 18:21:23.888,0.00,0.00,0.00,0.00,2,0
2026-06-12 18:21:23.939,0.00,0.00,0.00,0.00,2,0
2026-06-12 18:21:23.989,0.00,0.00,0.00,0.00,2,0
2026-06-12 18:21:24.039,0.00,0.00,0.00,0.00,2,0
2026-06-12 18:21:24.089,0.00,0.00,0.00,0.00,2,0
2026-06-12 18:21:24.140,0.00,0.00,0.00,0.00,2,0
2026-06-12 18:21:24.190,0.00,0.00,0.00,0.00,2,0
2026-06-12 18:21:24.240,0.00,0.00,0.00,0.00,2,0
2026-06-12 18:21:24.291,0.00,0.00,0.00,0.00,2,0
2026-06-12 18:21:24.341,0.00,0.00,0.00,0.00,2,0
2026-06-12 18:21:24.392,0.00,0.00,0.00,0.00,2,0
2026-06-12 18:21:24.442,0.00,0.00,0.00,0.00,2,0
2026-06-12 18:21:24.492,0.00,0.00,0.00,0.00,2,0
2026-06-12 18:21:24.543,0.00,0.00,0.00,0.00,2,0
2026-06-12 18:21:24.593,0.00,0.00,0.00,0.00,2,0
2026-06-12 18:21:24.644,0.00,0.00,0.00,0.00,2,0
2026-06-12 18:21:24.694,0.00,0.00,0.00,0.00,2,0
2026-06-12 18:21:24.744,0.00,0.00,0.00,0.00,2,0
2026-06-12 18:21:24.795,0.00,0.00,0.00,0.00,2,0
2026-06-12 18:21:24.845,0.00,0.00,0.00,0.00,2,0
2026-06-12 18:21:24.896,0.00,0.00,0.00,0.00,2,0
2026-06-12 18:21:24.946,0.00,0.00,0.00,0.00,2,0
2026-06-12 18:21:24.997,0.00,0.00,0.00,0.00,2,0
2026-06-12 18:21:25.047,0.00,0.00,0.00,0.00,2,0
2026-06-12 18:21:25.097,0.00,0.00,0.00,0.00,2,0
2026-06-12 18:21:25.148,0.00,0.00,0.00,0.00,2,0
2026-06-12 18:21:25.199,0.00,0.00,0.00,0.00,2,0
2026-06-12 18:21:25.249,0.00,0.00,0.00,0.00,2,0
2026-06-12 18:21:25.299,0.00,0.00,0.00,0.00,2,0
2026-06-12 18:21:25.349,0.00,0.00,0.00,0.00,2,0
2026-06-12 18:21:25.400,0.00,0.00,0.00,0.00,2,0
2026-06-12 18:21:25.450,0.00,0.00,0.00,0.00,2,0
2026-06-12 18:21:25.500,0.00,0.00,0.00,0.00,2,0
2026-06-12 18:21:25.551,0.00,0.00,0.00,0.00,2,0
2026-06-12 18:21:25.601,0.00,0.00,0.00,0.00,2,0
2026-06-12 18:21:25.652,0.00,0.00,0.00,0.00,2,0
2026-06-12 18:21:25.702,0.00,0.00,0.00,0.00,2,0
2026-06-12 18:21:25.752,0.00,0.00,0.00,0.00,2,0
2026-06-12 18:21:25.803,0.00,0.00,0.00,0.00,2,0
2026-06-12 18:21:25.853,0.00,0.00,0.00,0.00,2,0
2026-06-12 18:21:25.904,0.00,0.00,0.00,0.00,2,0
2026-06-12 18:21:25.954,0.00,0.00,0.00,0.00,2,0
2026-06-12 18:21:26.005,0.00,0.00,0.00,0.00,2,0
2026-06-12 18:21:26.055,0.00,0.00,0.00,0.00,2,0
2026-06-12 18:21:26.105,0.00,0.00,0.00,0.00,2,0
2026-06-12 18:21:26.156,0.00,0.00,0.00,0.00,2,0
2026-06-12 18:21:26.206,0.00,0.00,0.00,0.00,2,0
2026-06-12 18:21:26.256,0.00,0.00,0.00,0.00,2,0
2026-06-12 18:21:26.307,0.00,0.00,0.00,0.00,2,0
2026-06-12 18:21:26.357,0.00,0.00,0.00,0.00,2,0
2026-06-12 18:21:26.408,0.00,0.00,0.00,0.00,2,0
2026-06-12 18:21:26.458,0.00,0.00,0.00,0.00,2,0
2026-06-12 18:21:26.508,0.00,0.00,0.00,0.00,2,0
2026-06-12 18:21:26.559,0.00,0.00,0.00,0.00,2,0
2026-06-12 18:21:26.609,0.00,0.00,0.00,0.00,2,0
2026-06-12 18:21:26.660,0.00,0.00,0.00,0.00,2,0
2026-06-12 18:21:26.710,0.00,0.00,0.00,0.00,2,0
2026-06-12 18:21:26.760,0.00,0.00,0.00,0.00,2,0
2026-06-12 18:21:26.811,0.00,0.00,0.00,0.00,2,0
2026-06-12 18:21:26.861,0.00,0.00,0.00,0.00,2,0
2026-06-12 18:21:26.912,0.00,0.00,0.00,0.00,2,0
2026-06-12 18:21:26.964,0.00,0.00,0.00,0.00,2,0
2026-06-12 18:21:27.014,0.00,0.00,0.00,0.00,2,0
2026-06-12 18:21:27.063,0.00,0.00,0.00,0.00,2,0
2026-06-12 18:21:27.113,0.00,0.00,0.00,0.00,2,0
2026-06-12 18:21:27.164,0.00,0.00,0.00,0.00,2,0
2026-06-12 18:21:27.214,0.00,0.00,0.00,0.00,2,0
2026-06-12 18:21:27.264,0.00,0.00,0.00,0.00,2,0
2026-06-12 18:21:27.315,0.00,0.00,0.00,0.00,2,0
2026-06-12 18:21:27.365,0.00,0.00,0.00,0.00,2,0
2026-06-12 18:21:27.416,0.00,0.00,0.00,0.00,2,0
2026-06-12 18:21:27.466,0.00,0.00,0.00,0.00,2,0
2026-06-12 18:21:27.516,0.00,0.00,0.00,0.00,2,0
2026-06-12 18:21:27.567,0.00,0.00,0.00,0.00,2,0
2026-06-12 18:21:27.617,0.00,0.00,0.00,0.00,2,0
2026-06-12 18:21:27.668,0.00,0.00,0.00,0.00,2,0
2026-06-12 18:21:27.718,0.00,0.00,0.00,0.00,2,0
2026-06-12 18:21:27.769,0.00,0.00,0.00,0.00,2,0
2026-06-12 18:21:27.819,0.00,0.00,0.00,0.00,2,0
2026-06-12 18:21:27.869,0.00,0.00,0.00,0.00,2,0
2026-06-12 18:21:27.920,0.00,0.00,0.00,0.00,2,0
2026-06-12 18:21:27.970,0.00,0.00,0.00,0.00,2,0
2026-06-12 18:21:28.020,0.00,0.00,0.00,0.00,2,0
2026-06-12 18:21:28.071,0.00,0.00,0.00,0.00,2,0
2026-06-12 18:21:28.121,0.00,0.00,0.00,0.00,2,0
2026-06-12 18:21:28.172,0.00,0.00,0.00,0.00,2,0
2026-06-12 18:21:28.222,0.00,0.00,0.00,0.00,2,0
2026-06-12 18:21:28.272,0.00,0.00,0.00,0.00,2,0
2026-06-12 18:21:28.323,0.00,0.00,0.00,0.00,2,0
2026-06-12 18:21:28.373,0.00,0.00,0.00,0.00,2,0
2026-06-12 18:21:28.424,0.00,0.00,0.00,0.00,2,0
2026-06-12 18:21:28.474,0.00,0.00,0.00,0.00,2,0
2026-06-12 18:21:28.524,0.00,0.00,0.00,0.00,2,0
2026-06-12 18:21:28.575,0.00,0.00,0.00,0.00,2,0
2026-06-12 18:21:28.625,0.00,0.00,0.00,0.00,2,0
2026-06-12 18:21:28.676,0.00,0.00,0.00,0.00,2,0
2026-06-12 18:21:28.726,0.00,0.00,0.00,0.00,2,0
2026-06-12 18:21:28.777,0.00,0.00,0.00,0.00,2,0
2026-06-12 18:21:28.827,0.00,0.00,0.00,0.00,2,0
2026-06-12 18:21:28.877,0.00,0.00,0.00,0.00,2,0
2026-06-12 18:21:28.928,0.00,0.00,0.00,0.00,2,0
2026-06-12 18:21:28.978,0.00,0.00,0.00,0.00,2,0
2026-06-12 18:21:29.029,0.00,0.00,0.00,0.00,2,0
2026-06-12 18:21:29.079,0.00,0.00,0.00,0.00,2,0
2026-06-12 18:21:29.129,0.00,0.00,0.00,0.00,2,0
2026-06-12 18:21:29.180,0.00,0.00,0.00,0.00,2,0
2026-06-12 18:21:29.230,0.00,0.00,0.00,0.00,2,0
2026-06-12 18:21:29.280,0.00,0.00,0.00,0.00,2,0
2026-06-12 18:21:29.331,0.00,0.00,0.00,0.00,2,0
2026-06-12 18:21:29.381,0.00,0.00,0.00,0.00,2,0
2026-06-12 18:21:29.432,0.00,0.00,0.00,0.00,2,0
2026-06-12 18:21:29.482,0.00,0.00,0.00,0.00,2,0
2026-06-12 18:21:29.532,0.00,0.00,0.00,0.00,2,0
2026-06-12 18:21:29.583,0.00,0.00,0.00,0.00,2,0
2026-06-12 18:21:29.633,0.00,0.00,0.00,0.00,2,0
2026-06-12 18:21:29.684,0.00,0.00,0.00,0.00,2,0
2026-06-12 18:21:29.734,0.00,0.00,0.00,0.00,2,0
2026-06-12 18:21:29.784,0.00,0.00,0.00,0.00,2,0
2026-06-12 18:21:29.835,0.00,0.00,0.00,0.00,2,0
2026-06-12 18:21:29.885,0.00,0.00,0.00,0.00,2,0
2026-06-12 18:21:29.936,0.00,0.00,0.00,0.00,2,0
2026-06-12 18:21:29.986,0.00,0.00,0.00,0.00,2,0
2026-06-12 18:21:30.036,0.00,0.00,0.00,0.00,2,0
2026-06-12 18:21:30.087,0.00,0.00,0.00,0.00,2,0
2026-06-12 18:21:30.137,0.00,0.00,0.00,0.00,2,0
2026-06-12 18:21:30.188,0.00,0.00,0.00,0.00,2,0
2026-06-12 18:21:30.238,0.00,0.00,0.00,0.00,2,0
2026-06-12 18:21:30.288,0.00,0.00,0.00,0.00,2,0
2026-06-12 18:21:30.340,0.00,0.00,0.00,0.00,2,0
2026-06-12 18:21:30.390,0.00,0.00,0.00,0.00,2,0
2026-06-12 18:21:30.439,0.00,0.00,0.00,0.00,2,0
2026-06-12 18:21:30.490,0.00,0.00,0.00,0.00,2,0
2026-06-12 18:21:30.540,0.00,0.00,0.00,0.00,2,0
2026-06-12 18:21:30.591,0.00,0.00,0.00,0.00,2,0
2026-06-12 18:21:30.641,0.00,0.00,0.00,0.00,2,0
2026-06-12 18:21:30.691,0.00,0.00,0.00,0.00,2,0
2026-06-12 18:21:30.742,0.00,0.00,0.00,0.00,2,0
2026-06-12 18:21:30.793,0.00,0.00,0.00,0.00,2,0
2026-06-12 18:21:30.843,0.00,0.00,0.00,0.00,2,0
2026-06-12 18:21:30.893,0.00,0.00,0.00,0.00,2,0
2026-06-12 18:21:30.944,0.00,0.00,0.00,0.00,2,0
2026-06-12 18:21:30.994,0.00,0.00,0.00,0.00,2,0
2026-06-12 18:21:31.044,0.00,0.00,0.00,0.00,2,0
2026-06-12 18:21:31.095,0.00,0.00,0.00,0.00,2,0
2026-06-12 18:21:31.145,0.00,0.00,0.00,0.00,2,0
2026-06-12 18:21:31.195,0.00,0.00,0.00,0.00,2,0
2026-06-12 18:21:31.246,0.00,0.00,0.00,0.00,2,0
2026-06-12 18:21:31.296,0.00,0.00,0.00,0.00,2,0
2026-06-12 18:21:31.347,0.00,0.00,0.00,0.00,2,0
2026-06-12 18:21:31.397,0.00,0.00,0.00,0.00,2,0
2026-06-12 18:21:31.448,0.00,0.00,0.00,0.00,2,0
2026-06-12 18:21:31.498,0.00,0.00,0.00,0.00,2,0
2026-06-12 18:21:31.549,0.00,0.00,0.00,0.00,2,0
2026-06-12 18:21:31.599,0.00,0.00,0.00,0.00,2,0
2026-06-12 18:21:31.649,0.00,0.00,0.00,0.00,2,0
2026-06-12 18:21:31.699,0.00,0.00,0.00,0.00,2,0
2026-06-12 18:21:31.750,0.00,0.00,0.00,0.00,2,0
2026-06-12 18:21:31.800,0.00,0.00,0.00,0.00,2,0
2026-06-12 18:21:31.851,0.00,0.00,0.00,0.00,2,0
2026-06-12 18:21:31.901,0.00,0.00,0.00,0.00,2,0
2026-06-12 18:21:31.951,0.00,0.00,0.00,0.00,2,0
2026-06-12 18:21:32.002,0.00,0.00,0.00,0.00,2,0
2026-06-12 18:21:32.053,0.00,0.00,0.00,0.00,2,0
2026-06-12 18:21:32.103,0.00,0.00,0.00,0.00,2,0
2026-06-12 18:21:32.153,0.00,0.00,0.00,0.00,2,0
2026-06-12 18:21:32.204,0.00,0.00,0.00,0.00,2,0
2026-06-12 18:21:32.254,0.00,0.00,0.00,0.00,2,0
2026-06-12 18:21:32.304,0.00,0.00,0.00,0.00,2,0
2026-06-12 18:21:32.355,0.00,0.00,0.00,0.00,2,0
2026-06-12 18:21:32.405,0.00,0.00,0.00,0.00,2,0
2026-06-12 18:21:32.456,0.00,0.00,0.00,0.00,2,0
2026-06-12 18:21:32.506,0.00,0.00,0.00,0.00,2,0
2026-06-12 18:21:32.556,0.00,0.00,0.00,0.00,2,0
2026-06-12 18:21:32.607,0.00,0.00,0.00,0.00,2,0
2026-06-12 18:21:32.657,0.00,0.00,0.00,0.00,2,0
2026-06-12 18:21:32.708,0.00,0.00,0.00,0.00,2,0
2026-06-12 18:21:32.760,0.00,0.00,0.00,0.00,2,0
2026-06-12 18:21:32.808,0.00,0.00,0.00,0.00,2,0
2026-06-12 18:21:32.859,0.00,0.00,0.00,0.00,2,0
2026-06-12 18:21:32.909,0.00,0.00,0.00,0.00,2,0
2026-06-12 18:21:32.959,0.00,0.00,0.00,0.00,2,0
2026-06-12 18:21:33.010,0.00,0.00,0.00,0.00,2,0
2026-06-12 18:21:33.060,0.00,0.00,0.00,0.00,2,0
2026-06-12 18:21:33.111,0.00,0.00,0.00,0.00,2,0
2026-06-12 18:21:33.161,0.00,0.00,0.00,0.00,2,0
2026-06-12 18:21:33.211,0.00,0.00,0.00,0.00,2,0
2026-06-12 18:21:33.262,0.00,0.00,0.00,0.00,2,0
2026-06-12 18:21:33.312,0.00,0.00,0.00,0.00,2,0
2026-06-12 18:21:33.363,0.00,0.00,0.00,0.00,2,0
2026-06-12 18:21:33.413,0.00,0.00,0.00,0.00,2,0
2026-06-12 18:21:33.464,0.00,0.00,0.00,0.00,2,0
2026-06-12 18:21:33.514,0.00,0.00,0.00,0.00,2,0
2026-06-12 18:21:33.564,0.00,0.00,0.00,0.00,2,0
2026-06-12 18:21:33.615,0.00,0.00,0.00,0.00,2,0
2026-06-12 18:21:33.665,0.00,0.00,0.00,0.00,2,0
2026-06-12 18:21:33.715,0.00,0.00,0.00,0.00,2,0
2026-06-12 18:21:33.766,0.00,0.00,0.00,0.00,2,0
2026-06-12 18:21:33.816,0.00,0.00,0.00,0.00,2,0
2026-06-12 18:21:33.867,0.00,0.00,0.00,0.00,2,0
2026-06-12 18:21:33.917,0.00,0.00,0.00,0.00,2,0
2026-06-12 18:21:33.967,0.00,0.00,0.00,0.00,2,0
2026-06-12 18:21:34.018,0.00,0.00,0.00,0.00,2,0
2026-06-12 18:21:34.069,0.00,0.00,0.00,0.00,2,0
2026-06-12 18:21:34.119,0.00,0.00,0.00,0.00,2,0
2026-06-12 18:21:34.169,0.00,0.00,0.00,0.00,2,0
2026-06-12 18:21:34.219,0.00,0.00,0.00,0.00,2,0
2026-06-12 18:21:34.270,0.00,0.00,0.00,0.00,2,0
2026-06-12 18:21:34.321,0.00,0.00,0.00,0.00,2,0
2026-06-12 18:21:34.371,0.00,0.00,0.00,0.00,2,0
2026-06-12 18:21:34.421,0.00,0.00,0.00,0.00,2,0
2026-06-12 18:21:34.472,0.00,0.00,0.00,0.00,2,0
2026-06-12 18:21:34.522,0.00,0.00,0.00,0.00,2,0
2026-06-12 18:21:34.572,0.00,0.00,0.00,0.00,2,0
2026-06-12 18:21:34.623,0.00,0.00,0.00,0.00,2,0
2026-06-12 18:21:34.673,0.00,0.00,0.00,0.00,2,0
2026-06-12 18:21:34.723,0.00,0.00,0.00,0.00,2,0
2026-06-12 18:21:34.774,0.00,0.00,0.00,0.00,2,0
2026-06-12 18:21:34.824,0.00,0.00,0.00,0.00,2,0
2026-06-12 18:21:34.875,0.00,0.00,0.00,0.00,2,0
2026-06-12 18:21:34.925,0.00,0.00,0.00,0.00,2,0
2026-06-12 18:21:34.975,0.00,0.00,0.00,0.00,2,0
2026-06-12 18:21:35.026,0.00,0.00,0.00,0.00,2,0
2026-06-12 18:21:35.076,0.00,0.00,0.00,0.00,2,0
2026-06-12 18:21:35.127,0.00,0.00,0.00,0.00,2,0
2026-06-12 18:21:35.177,0.00,0.00,0.00,0.00,2,0
2026-06-12 18:21:35.227,0.00,0.00,0.00,0.00,2,0
2026-06-12 18:21:35.278,0.00,0.00,0.00,0.00,2,0
2026-06-12 18:21:35.329,0.00,0.00,0.00,0.00,2,0
2026-06-12 18:21:35.379,0.00,0.00,0.00,0.00,2,0
2026-06-12 18:21:35.429,0.00,0.00,0.00,0.00,2,0
2026-06-12 18:21:35.479,0.00,0.00,0.00,0.00,2,0
2026-06-12 18:21:35.530,0.00,0.00,0.00,0.00,2,0
2026-06-12 18:21:35.580,0.00,0.00,0.00,0.00,2,0
2026-06-12 18:21:35.630,0.00,0.00,0.00,0.00,2,0
2026-06-12 18:21:35.681,0.00,0.00,0.00,0.00,2,0
2026-06-12 18:21:35.731,0.00,0.00,0.00,0.00,2,0
2026-06-12 18:21:35.782,0.00,0.00,0.00,0.00,2,0
2026-06-12 18:21:35.832,0.00,0.00,0.00,0.00,2,0
2026-06-12 18:21:35.883,0.00,0.00,0.00,0.00,2,0
2026-06-12 18:21:35.933,0.00,0.00,0.00,0.00,2,0
2026-06-12 18:21:35.983,0.00,0.00,0.00,0.00,2,0
2026-06-12 18:21:36.034,0.00,0.00,0.00,0.00,2,0
2026-06-12 18:21:36.084,0.00,0.00,0.00,0.00,2,0
2026-06-12 18:21:36.135,0.00,0.00,0.00,0.00,2,0
2026-06-12 18:21:36.185,0.00,0.00,0.00,0.00,2,0
2026-06-12 18:21:36.235,0.00,0.00,0.00,0.00,2,0
2026-06-12 18:21:36.286,0.00,0.00,0.00,0.00,2,0
2026-06-12 18:21:36.336,0.00,0.00,0.00,0.00,2,0
2026-06-12 18:21:36.387,0.00,0.00,0.00,0.00,2,0
2026-06-12 18:21:36.437,0.00,0.00,0.00,0.00,2,0
2026-06-12 18:21:36.487,0.00,0.00,0.00,0.00,2,0
2026-06-12 18:21:36.538,0.00,0.00,0.00,0.00,2,0
2026-06-12 18:21:36.589,0.00,0.00,0.00,0.00,2,0
2026-06-12 18:21:36.639,0.00,0.00,0.00,0.00,2,0
2026-06-12 18:21:36.689,0.00,0.00,0.00,0.00,2,0
2026-06-12 18:21:36.739,0.00,0.00,0.00,0.00,2,0
2026-06-12 18:21:36.790,0.00,0.00,0.00,0.00,2,0
2026-06-12 18:21:36.840,0.00,0.00,0.00,0.00,2,0
2026-06-12 18:21:36.891,0.00,0.00,0.00,0.00,2,0
2026-06-12 18:21:36.941,0.00,0.00,0.00,0.00,2,0
2026-06-12 18:21:36.991,0.00,0.00,0.00,0.00,2,0
2026-06-12 18:21:37.042,0.00,0.00,0.00,0.00,2,0
2026-06-12 18:21:37.092,0.00,0.00,0.00,0.00,2,0
2026-06-12 18:21:37.143,0.00,0.00,0.00,0.00,2,0
2026-06-12 18:21:37.193,0.00,0.00,0.00,0.00,2,0
2026-06-12 18:21:37.243,0.00,0.00,0.00,0.00,2,0
2026-06-12 18:21:37.294,0.00,0.00,0.00,0.00,2,0
2026-06-12 18:21:37.344,0.00,0.00,0.00,0.00,2,0
2026-06-12 18:21:37.395,0.00,0.00,0.00,0.00,2,0
2026-06-12 18:21:37.445,0.00,0.00,0.00,0.00,2,0
2026-06-12 18:21:37.495,0.00,0.00,0.00,0.00,2,0
2026-06-12 18:21:37.546,0.00,0.00,0.00,0.00,2,0
2026-06-12 18:21:37.596,0.00,0.00,0.00,0.00,2,0
2026-06-12 18:21:37.646,0.00,0.00,0.00,0.00,2,0
2026-06-12 18:21:37.697,0.00,0.00,0.00,0.00,2,0
2026-06-12 18:21:37.747,0.00,0.00,0.00,0.00,2,0
2026-06-12 18:21:37.798,0.00,0.00,0.00,0.00,2,0
2026-06-12 18:21:37.849,0.00,0.00,0.00,0.00,2,0
2026-06-12 18:21:37.899,0.00,0.00,0.00,0.00,2,0
2026-06-12 18:21:37.949,0.00,0.00,0.00,0.00,2,0
2026-06-12 18:21:37.999,0.00,0.00,0.00,0.00,2,0
2026-06-12 18:21:38.050,0.00,0.00,0.00,0.00,2,0
2026-06-12 18:21:38.100,0.00,0.00,0.00,0.00,2,0
2026-06-12 18:21:38.150,0.00,0.00,0.00,0.00,2,0
2026-06-12 18:21:38.201,0.00,0.00,0.00,0.00,2,0
2026-06-12 18:21:38.251,0.00,0.00,0.00,0.00,2,0
2026-06-12 18:21:38.302,0.00,0.00,0.00,0.00,2,0
2026-06-12 18:21:38.352,0.00,0.00,0.00,0.00,2,0
2026-06-12 18:21:38.403,0.00,0.00,0.00,0.00,2,0
2026-06-12 18:21:38.453,0.00,0.00,0.00,0.00,2,0
2026-06-12 18:21:38.503,0.00,0.00,0.00,0.00,2,0
2026-06-12 18:21:38.554,0.00,0.00,0.00,0.00,2,0
2026-06-12 18:21:38.604,0.00,0.00,0.00,0.00,2,0
2026-06-12 18:21:38.655,0.00,0.00,0.00,0.00,2,0
2026-06-12 18:21:38.705,0.00,0.00,0.00,0.00,2,0
2026-06-12 18:21:38.755,0.00,0.00,0.00,0.00,2,0
2026-06-12 18:21:38.806,0.00,0.00,0.00,0.00,2,0
2026-06-12 18:21:38.856,0.00,0.00,0.00,0.00,2,0
2026-06-12 18:21:38.907,0.00,0.00,0.00,0.00,2,0
2026-06-12 18:21:38.957,0.00,0.00,0.00,0.00,2,0
2026-06-12 18:21:39.007,0.00,0.00,0.00,0.00,2,0
2026-06-12 18:21:39.058,0.00,0.00,0.00,0.00,2,0
2026-06-12 18:21:39.108,0.00,0.00,0.00,0.00,2,0
2026-06-12 18:21:39.159,0.00,0.00,0.00,0.00,2,0
2026-06-12 18:21:39.209,0.00,0.00,0.00,0.00,2,0
2026-06-12 18:21:39.260,0.00,0.00,0.00,0.00,2,0
2026-06-12 18:21:39.310,0.00,0.00,0.00,0.00,2,0
2026-06-12 18:21:39.360,0.00,0.00,0.00,0.00,2,0
2026-06-12 18:21:39.410,0.00,0.00,0.00,0.00,2,0
2026-06-12 18:21:39.461,0.00,0.00,0.00,0.00,2,0
2026-06-12 18:21:39.511,0.00,0.00,0.00,0.00,2,0
2026-06-12 18:21:39.562,0.00,0.00,0.00,0.00,2,0
2026-06-12 18:21:39.612,0.00,0.00,0.00,0.00,2,0
2026-06-12 18:21:39.662,0.00,0.00,0.00,0.00,2,0
2026-06-12 18:21:39.713,0.00,0.00,0.00,0.00,2,0
2026-06-12 18:21:39.763,0.00,0.00,0.00,0.00,2,0
2026-06-12 18:21:39.814,0.00,0.00,0.00,0.00,2,0
2026-06-12 18:21:39.864,0.00,0.00,0.00,0.00,2,0
2026-06-12 18:21:39.915,0.00,0.00,0.00,0.00,2,0
2026-06-12 18:21:39.965,0.00,0.00,0.00,0.00,2,0
2026-06-12 18:21:40.015,0.00,0.00,0.00,0.00,2,0
2026-06-12 18:21:40.066,0.00,0.00,0.00,0.00,2,0
2026-06-12 18:21:40.116,0.00,0.00,0.00,0.00,2,0
2026-06-12 18:21:40.167,0.00,0.00,0.00,0.00,2,0
2026-06-12 18:21:40.217,0.00,0.00,0.00,0.00,2,0
2026-06-12 18:21:40.268,0.00,0.00,0.00,0.00,2,0
2026-06-12 18:21:40.318,0.00,0.00,0.00,0.00,2,0
2026-06-12 18:21:40.368,0.00,0.00,0.00,0.00,2,0
2026-06-12 18:21:40.419,0.00,0.00,0.00,0.00,2,0
2026-06-12 18:21:40.469,0.00,0.00,0.00,0.00,2,0
2026-06-12 18:21:40.519,0.00,0.00,0.00,0.00,2,0
2026-06-12 18:21:40.570,0.00,0.00,0.00,0.00,2,0
2026-06-12 18:21:40.620,0.00,0.00,0.00,0.00,2,0
2026-06-12 18:21:40.670,0.00,0.00,0.00,0.00,2,0
2026-06-12 18:21:40.721,0.00,0.00,0.00,0.00,2,0
2026-06-12 18:21:40.771,0.00,0.00,0.00,0.00,2,0
2026-06-12 18:21:40.822,0.00,0.00,0.00,0.00,2,0
2026-06-12 18:21:40.872,0.00,0.00,0.00,0.00,2,0
2026-06-12 18:21:40.923,0.00,0.00,0.00,0.00,2,0
2026-06-12 18:21:40.973,0.00,0.00,0.00,0.00,2,0
2026-06-12 18:21:41.023,0.00,0.00,0.00,0.00,2,0
2026-06-12 18:21:41.074,0.00,0.00,0.00,0.00,2,0
2026-06-12 18:21:41.124,0.00,0.00,0.00,0.00,2,0
2026-06-12 18:21:41.174,0.00,0.00,0.00,0.00,2,0
2026-06-12 18:21:41.225,0.00,0.00,0.00,0.00,2,0
2026-06-12 18:21:41.275,0.00,0.00,0.00,0.00,2,0
2026-06-12 18:21:41.326,0.00,0.00,0.00,0.00,2,0
2026-06-12 18:21:41.376,0.00,0.00,0.00,0.00,2,0
2026-06-12 18:21:41.426,0.00,0.00,0.00,0.00,2,0
2026-06-12 18:21:41.477,0.00,0.00,0.00,0.00,2,0
2026-06-12 18:21:41.527,0.00,0.00,0.00,0.00,2,0
2026-06-12 18:21:41.578,0.00,0.00,0.00,0.00,2,0
2026-06-12 18:21:41.628,0.00,0.00,0.00,0.00,2,0
2026-06-12 18:21:41.679,0.00,0.00,0.00,0.00,2,0
2026-06-12 18:21:41.729,0.00,0.00,0.00,0.00,2,0
2026-06-12 18:21:41.780,0.00,0.00,0.00,0.00,2,0
2026-06-12 18:21:41.830,0.00,0.00,0.00,0.00,2,0
2026-06-12 18:21:41.880,0.00,0.00,0.00,0.00,2,0
2026-06-12 18:21:41.930,0.00,0.00,0.00,0.00,2,0
2026-06-12 18:21:41.982,0.00,0.00,0.00,0.00,2,0
2026-06-12 18:21:42.031,0.00,0.00,0.00,0.00,2,0
2026-06-12 18:21:42.082,0.00,0.00,0.00,0.00,2,0
2026-06-12 18:21:42.132,0.00,0.00,0.00,0.00,2,0
2026-06-12 18:21:42.182,0.00,0.00,0.00,0.00,2,0
2026-06-12 18:21:42.233,0.00,0.00,0.00,0.00,2,0
2026-06-12 18:21:42.283,0.00,0.00,0.00,0.00,2,0
2026-06-12 18:21:42.336,0.00,0.00,0.00,0.00,2,0
2026-06-12 18:21:42.384,0.00,0.00,0.00,0.00,2,0
2026-06-12 18:21:42.435,0.00,0.00,0.00,0.00,2,0
2026-06-12 18:21:42.485,0.00,0.00,0.00,0.00,2,0
2026-06-12 18:21:42.535,0.00,0.00,0.00,0.00,2,0
2026-06-12 18:21:42.586,0.00,0.00,0.00,0.00,2,0
2026-06-12 18:21:42.636,0.00,0.00,0.00,0.00,2,0
2026-06-12 18:21:42.686,0.00,0.00,0.00,0.00,2,0
2026-06-12 18:21:42.737,0.00,0.00,0.00,0.00,2,0
2026-06-12 18:21:42.787,0.00,0.00,0.00,0.00,2,0
2026-06-12 18:21:42.838,0.00,0.00,0.00,0.00,2,0
2026-06-12 18:21:42.889,0.00,0.00,0.00,0.00,2,0
2026-06-12 18:21:42.938,0.00,0.00,0.00,0.00,2,0
2026-06-12 18:21:42.989,0.00,0.00,0.00,0.00,2,0
2026-06-12 18:21:43.039,0.00,0.00,0.00,0.00,2,0
2026-06-12 18:21:43.090,0.00,0.00,0.00,0.00,2,0
2026-06-12 18:21:43.140,0.00,0.00,0.00,0.00,2,0
2026-06-12 18:21:43.190,0.00,0.00,0.00,0.00,2,0
2026-06-12 18:21:43.241,0.00,0.00,0.00,0.00,2,0
2026-06-12 18:21:43.291,0.00,0.00,0.00,0.00,2,0
2026-06-12 18:21:43.343,0.00,0.00,0.00,0.00,2,0
2026-06-12 18:21:43.392,0.00,0.00,0.00,0.00,2,0
2026-06-12 18:21:43.442,0.00,0.00,0.00,0.00,2,0
2026-06-12 18:21:43.493,0.00,0.00,0.00,0.00,2,0
2026-06-12 18:21:43.543,0.00,0.00,0.00,0.00,2,0
2026-06-12 18:21:43.594,0.00,0.00,0.00,0.00,2,0
2026-06-12 18:21:43.644,0.00,0.00,0.00,0.00,2,0
2026-06-12 18:21:43.694,0.00,0.00,0.00,0.00,2,0
2026-06-12 18:21:43.745,0.00,0.00,0.00,0.00,2,0
2026-06-12 18:21:43.795,0.00,0.00,0.00,0.00,2,0
2026-06-12 18:21:43.846,0.00,0.00,0.00,0.00,2,0
2026-06-12 18:21:43.896,0.00,0.00,0.00,0.00,2,0
2026-06-12 18:21:43.946,0.00,0.00,0.00,0.00,2,0
2026-06-12 18:21:43.997,0.00,0.00,0.00,0.00,2,0
2026-06-12 18:21:44.047,0.00,0.00,0.00,0.00,2,0
2026-06-12 18:21:44.098,0.00,0.00,0.00,0.00,2,0
2026-06-12 18:21:44.149,0.00,0.00,0.00,0.00,2,0
2026-06-12 18:21:44.199,0.00,0.00,0.00,0.00,2,0
2026-06-12 18:21:44.249,0.00,0.00,0.00,0.00,2,0
2026-06-12 18:21:44.299,0.00,0.00,0.00,0.00,2,0
2026-06-12 18:21:44.350,0.00,0.00,0.00,0.00,2,0
2026-06-12 18:21:44.400,0.00,0.00,0.00,0.00,2,0
2026-06-12 18:21:44.450,0.00,0.00,0.00,0.00,2,0
2026-06-12 18:21:44.501,0.00,0.00,0.00,0.00,2,0
2026-06-12 18:21:44.551,0.00,0.00,0.00,0.00,2,0
2026-06-12 18:21:44.602,0.00,0.00,0.00,0.00,2,0
2026-06-12 18:21:44.652,0.00,0.00,0.00,0.00,2,0
2026-06-12 18:21:44.702,0.00,0.00,0.00,0.00,2,0
2026-06-12 18:21:44.753,0.00,0.00,0.00,0.00,2,0
2026-06-12 18:21:44.803,0.00,0.00,0.00,0.00,2,0
2026-06-12 18:21:44.854,0.00,0.00,0.00,0.00,2,0
2026-06-12 18:21:44.904,0.00,0.00,0.00,0.00,2,0
2026-06-12 18:21:44.954,0.00,0.00,0.00,0.00,2,0
2026-06-12 18:21:45.005,0.00,0.00,0.00,0.00,2,0
2026-06-12 18:21:45.055,0.00,0.00,0.00,0.00,2,0
2026-06-12 18:21:45.106,0.00,0.00,0.00,0.00,2,0
2026-06-12 18:21:45.156,0.00,0.00,0.00,0.00,2,0
2026-06-12 18:21:45.206,0.00,0.00,0.00,0.00,2,0
2026-06-12 18:21:45.257,0.00,0.00,0.00,0.00,2,0
2026-06-12 18:21:45.307,0.00,0.00,0.00,0.00,2,0
2026-06-12 18:21:45.358,0.00,0.00,0.00,0.00,2,0
2026-06-12 18:21:45.408,0.00,0.00,0.00,0.00,2,0
2026-06-12 18:21:45.459,0.00,0.00,0.00,0.00,2,0
2026-06-12 18:21:45.509,0.00,0.00,0.00,0.00,2,0
2026-06-12 18:21:45.559,0.00,0.00,0.00,0.00,2,0
2026-06-12 18:21:45.610,0.00,0.00,0.00,0.00,2,0
2026-06-12 18:21:45.660,0.00,0.00,0.00,0.00,2,0
2026-06-12 18:21:45.710,0.00,0.00,0.00,0.00,2,0
2026-06-12 18:21:45.761,0.00,0.00,0.00,0.00,2,0
2026-06-12 18:21:45.811,0.00,0.00,0.00,0.00,2,0
2026-06-12 18:21:45.862,0.00,0.00,0.00,0.00,2,0
2026-06-12 18:21:45.912,0.00,0.00,0.00,0.00,2,0
2026-06-12 18:21:45.963,0.00,0.00,0.00,0.00,2,0
2026-06-12 18:21:46.013,0.00,0.00,0.00,0.00,2,0
2026-06-12 18:21:46.063,0.00,0.00,0.00,0.00,2,0
2026-06-12 18:21:46.113,0.00,0.00,0.00,0.00,2,0
2026-06-12 18:21:46.164,0.00,0.00,0.00,0.00,2,0
2026-06-12 18:21:46.215,0.00,0.00,0.00,0.00,2,0
2026-06-12 18:21:46.265,0.00,0.00,0.00,0.00,2,0
2026-06-12 18:21:46.315,0.00,0.00,0.00,0.00,2,0
2026-06-12 18:21:46.366,0.00,0.00,0.00,0.00,2,0
2026-06-12 18:21:46.416,0.00,0.00,0.00,0.00,2,0
2026-06-12 18:21:46.466,0.00,0.00,0.00,0.00,2,0
2026-06-12 18:21:46.517,0.00,0.00,0.00,0.00,2,0
2026-06-12 18:21:46.567,0.00,0.00,0.00,0.00,2,0
2026-06-12 18:21:46.619,0.00,0.00,0.00,0.00,2,0
2026-06-12 18:21:46.669,0.00,0.00,0.00,0.00,2,0
2026-06-12 18:21:46.718,0.00,0.00,0.00,0.00,2,0
2026-06-12 18:21:46.769,0.00,0.00,0.00,0.00,2,0
2026-06-12 18:21:46.819,0.00,0.00,0.00,0.00,2,0
2026-06-12 18:21:46.869,0.00,0.00,0.00,0.00,2,0
2026-06-12 18:21:46.920,0.00,0.00,0.00,0.00,2,0
2026-06-12 18:21:46.970,0.00,0.00,0.00,0.00,2,0
2026-06-12 18:21:47.021,0.00,0.00,0.00,0.00,2,0
2026-06-12 18:21:47.071,0.00,0.00,0.00,0.00,2,0
2026-06-12 18:21:47.121,0.00,0.00,0.00,0.00,2,0
2026-06-12 18:21:47.172,0.00,0.00,0.00,0.00,2,0
2026-06-12 18:21:47.222,0.00,0.00,0.00,0.00,2,0
2026-06-12 18:21:47.273,0.00,0.00,0.00,0.00,2,0
2026-06-12 18:21:47.323,0.00,0.00,0.00,0.00,2,0
2026-06-12 18:21:47.373,0.00,0.00,0.00,0.00,2,0
2026-06-12 18:21:47.424,0.00,0.00,0.00,0.00,2,0
2026-06-12 18:21:47.474,0.00,0.00,0.00,0.00,2,0
2026-06-12 18:21:47.525,0.00,0.00,0.00,0.00,2,0
2026-06-12 18:21:47.575,0.00,0.00,0.00,0.00,2,0
2026-06-12 18:21:47.625,0.00,0.00,0.00,0.00,2,0
2026-06-12 18:21:47.676,0.00,0.00,0.00,0.00,2,0
2026-06-12 18:21:47.726,0.00,0.00,0.00,0.00,2,0
2026-06-12 18:21:47.777,0.00,0.00,0.00,0.00,2,0
2026-06-12 18:21:47.827,0.00,0.00,0.00,0.00,2,0
2026-06-12 18:21:47.877,0.00,0.00,0.00,0.00,2,0
2026-06-12 18:21:47.928,0.00,0.00,0.00,0.00,2,0
2026-06-12 18:21:47.979,0.00,0.00,0.00,0.00,2,0
2026-06-12 18:21:48.029,0.00,0.00,0.00,0.00,2,0
2026-06-12 18:21:48.079,0.00,0.00,0.00,0.00,2,0
2026-06-12 18:21:48.129,0.00,0.00,0.00,0.00,2,0
2026-06-12 18:21:48.180,0.00,0.00,0.00,0.00,2,0
2026-06-12 18:21:48.230,0.00,0.00,0.00,0.00,2,0
2026-06-12 18:21:48.281,0.00,0.00,0.00,0.00,2,0
2026-06-12 18:21:48.331,0.00,0.00,0.00,0.00,2,0
2026-06-12 18:21:48.381,0.00,0.00,0.00,0.00,2,0
2026-06-12 18:21:48.432,0.00,0.00,0.00,0.00,2,0
2026-06-12 18:21:48.482,0.00,0.00,0.00,0.00,2,0
2026-06-12 18:21:48.533,0.00,0.00,0.00,0.00,2,0
2026-06-12 18:21:48.583,0.00,0.00,0.00,0.00,2,0
2026-06-12 18:21:48.633,0.00,0.00,0.00,0.00,2,0
2026-06-12 18:21:48.684,0.00,0.00,0.00,0.00,2,0
2026-06-12 18:21:48.734,0.00,0.00,0.00,0.00,2,0
2026-06-12 18:21:48.785,0.00,0.00,0.00,0.00,2,0
2026-06-12 18:21:48.835,0.00,0.00,0.00,0.00,2,0
2026-06-12 18:21:48.885,0.00,0.00,0.00,0.00,2,0
2026-06-12 18:21:48.936,0.00,0.00,0.00,0.00,2,0
2026-06-12 18:21:48.986,0.00,0.00,0.00,0.00,2,0
2026-06-12 18:21:49.037,0.00,0.00,0.00,0.00,2,0
2026-06-12 18:21:49.087,0.00,0.00,0.00,0.00,2,0
2026-06-12 18:21:49.137,0.00,0.00,0.00,0.00,2,0
2026-06-12 18:21:49.188,0.00,0.00,0.00,0.00,2,0
2026-06-12 18:21:49.239,0.00,0.00,0.00,0.00,2,0
2026-06-12 18:21:49.289,0.00,0.00,0.00,0.00,2,0
2026-06-12 18:21:49.339,0.00,0.00,0.00,0.00,2,0
2026-06-12 18:21:49.389,0.00,0.00,0.00,0.00,2,0
2026-06-12 18:21:49.440,0.00,0.00,0.00,0.00,2,0
2026-06-12 18:21:49.490,0.00,0.00,0.00,0.00,2,0
2026-06-12 18:21:49.541,0.00,0.00,0.00,0.00,2,0
2026-06-12 18:21:49.591,0.00,0.00,0.00,0.00,2,0
2026-06-12 18:21:49.641,0.00,0.00,0.00,0.00,2,0
2026-06-12 18:21:49.692,0.00,0.00,0.00,0.00,2,0
2026-06-12 18:21:49.742,0.00,0.00,0.00,0.00,2,0
2026-06-12 18:21:49.793,0.00,0.00,0.00,0.00,2,0
2026-06-12 18:21:49.843,0.00,0.00,0.00,0.00,2,0
2026-06-12 18:21:49.893,0.00,0.00,0.00,0.00,2,0
2026-06-12 18:21:49.944,0.00,0.00,0.00,0.00,2,0
2026-06-12 18:21:49.994,0.00,0.00,0.00,0.00,2,0
2026-06-12 18:21:50.045,0.00,0.00,0.00,0.00,2,0
2026-06-12 18:21:50.095,0.00,0.00,0.00,0.00,2,0
2026-06-12 18:21:50.145,0.00,0.00,0.00,0.00,2,0
2026-06-12 18:21:50.196,0.00,0.00,0.00,0.00,2,0
2026-06-12 18:21:50.246,0.00,0.00,0.00,0.00,2,0
2026-06-12 18:21:50.297,0.00,0.00,0.00,0.00,2,0
2026-06-12 18:21:50.347,0.00,0.00,0.00,0.00,2,0
2026-06-12 18:21:50.397,0.00,0.00,0.00,0.00,2,0
2026-06-12 18:21:50.448,0.00,0.00,0.00,0.00,2,0
2026-06-12 18:21:50.499,0.00,0.00,0.00,0.00,2,0
2026-06-12 18:21:50.549,0.00,0.00,0.00,0.00,2,0
2026-06-12 18:21:50.599,0.00,0.00,0.00,0.00,2,0
2026-06-12 18:21:50.650,0.00,0.00,0.00,0.00,2,0
2026-06-12 18:21:50.700,0.00,0.00,0.00,0.00,2,0
2026-06-12 18:21:50.750,0.00,0.00,0.00,0.00,2,0
2026-06-12 18:21:50.801,0.00,0.00,0.00,0.00,2,0
2026-06-12 18:21:50.851,0.00,0.00,0.00,0.00,2,0
2026-06-12 18:21:50.901,0.00,0.00,0.00,0.00,2,0
2026-06-12 18:21:50.952,0.00,0.00,0.00,0.00,2,0
2026-06-12 18:21:51.002,0.00,0.00,0.00,0.00,2,0
2026-06-12 18:21:51.053,0.00,0.00,0.00,0.00,2,0
2026-06-12 18:21:51.103,0.00,0.00,0.00,0.00,2,0
2026-06-12 18:21:51.153,0.00,0.00,0.00,0.00,2,0
2026-06-12 18:21:51.204,0.00,0.00,0.00,0.00,2,0
2026-06-12 18:21:51.254,0.00,0.00,0.00,0.00,2,0
2026-06-12 18:21:51.305,0.00,0.00,0.00,0.00,2,0
2026-06-12 18:21:51.355,0.00,0.00,0.00,0.00,2,0
2026-06-12 18:21:51.405,0.00,0.00,0.00,0.00,2,0
2026-06-12 18:21:51.456,0.00,0.00,0.00,0.00,2,0
2026-06-12 18:21:51.506,0.00,0.00,0.00,0.00,2,0
2026-06-12 18:21:51.557,0.00,0.00,0.00,0.00,2,0
2026-06-12 18:21:51.607,0.00,0.00,0.00,0.00,2,0
2026-06-12 18:21:51.657,0.00,0.00,0.00,0.00,2,0
2026-06-12 18:21:51.708,0.00,0.00,0.00,0.00,2,0
2026-06-12 18:21:51.758,0.00,0.00,0.00,0.00,2,0
2026-06-12 18:21:51.809,0.00,0.00,0.00,0.00,2,0
2026-06-12 18:21:51.859,0.00,0.00,0.00,0.00,2,0
2026-06-12 18:21:51.909,0.00,0.00,0.00,0.00,2,0
2026-06-12 18:21:51.960,0.00,0.00,0.00,0.00,2,0
2026-06-12 18:21:52.010,0.00,0.00,0.00,0.00,2,0
2026-06-12 18:21:52.061,0.00,0.00,0.00,0.00,2,0
2026-06-12 18:21:52.111,0.00,0.00,0.00,0.00,2,0
2026-06-12 18:21:52.161,0.00,0.00,0.00,0.00,2,0
2026-06-12 18:21:52.212,0.00,0.00,0.00,0.00,2,0
2026-06-12 18:21:52.262,0.00,0.00,0.00,0.00,2,0
2026-06-12 18:21:52.313,0.00,0.00,0.00,0.00,2,0
2026-06-12 18:21:52.363,0.00,0.00,0.00,0.00,2,0
2026-06-12 18:21:52.413,0.00,0.00,0.00,0.00,2,0
2026-06-12 18:21:52.464,0.00,0.00,0.00,0.00,2,0
2026-06-12 18:21:52.514,0.00,0.00,0.00,0.00,2,0
2026-06-12 18:21:52.565,0.00,0.00,0.00,0.00,2,0
2026-06-12 18:21:52.615,0.00,0.00,0.00,0.00,2,0
2026-06-12 18:21:52.665,0.00,0.00,0.00,0.00,2,0
2026-06-12 18:21:52.716,0.00,0.00,0.00,0.00,2,0
2026-06-12 18:21:52.766,0.00,0.00,0.00,0.00,2,0
2026-06-12 18:21:52.817,0.00,0.00,0.00,0.00,2,0
2026-06-12 18:21:52.867,0.00,0.00,0.00,0.00,2,0
2026-06-12 18:21:52.917,0.00,0.00,0.00,0.00,2,0
2026-06-12 18:21:52.968,0.00,0.00,0.00,0.00,2,0
2026-06-12 18:21:53.019,0.00,0.00,0.00,0.00,2,0
2026-06-12 18:21:53.069,0.00,0.00,0.00,0.00,2,0
2026-06-12 18:21:53.119,0.00,0.00,0.00,0.00,2,0
2026-06-12 18:21:53.169,0.00,0.00,0.00,0.00,2,0
2026-06-12 18:21:53.220,0.00,0.00,0.00,0.00,2,0
2026-06-12 18:21:53.270,0.00,0.00,0.00,0.00,2,0
2026-06-12 18:21:53.321,0.00,0.00,0.00,0.00,2,0
2026-06-12 18:21:53.371,0.00,0.00,0.00,0.00,2,0
2026-06-12 18:21:53.421,0.00,0.00,0.00,0.00,2,0
2026-06-12 18:21:53.472,0.00,0.00,0.00,0.00,2,0
2026-06-12 18:21:53.522,0.00,0.00,0.00,0.00,2,0
2026-06-12 18:21:53.573,0.00,0.00,0.00,0.00,2,0
2026-06-12 18:21:53.623,0.00,0.00,0.00,0.00,2,0
2026-06-12 18:21:53.674,0.00,0.00,0.00,0.00,2,0
2026-06-12 18:21:53.724,0.00,0.00,0.00,0.00,2,0
2026-06-12 18:21:53.774,0.00,0.00,0.00,0.00,2,0
2026-06-12 18:21:53.825,0.00,0.00,0.00,0.00,2,0
2026-06-12 18:21:53.875,0.00,0.00,0.00,0.00,2,0
2026-06-12 18:21:53.925,0.00,0.00,0.00,0.00,2,0
2026-06-12 18:21:53.977,0.00,0.00,0.00,0.00,2,0
2026-06-12 18:21:54.026,0.00,0.00,0.00,0.00,2,0
2026-06-12 18:21:54.077,0.00,0.00,0.00,0.00,2,0
2026-06-12 18:21:54.127,0.00,0.00,0.00,0.00,2,0
2026-06-12 18:21:54.177,0.00,0.00,0.00,0.00,2,0
2026-06-12 18:21:54.228,0.00,0.00,0.00,0.00,2,0
2026-06-12 18:21:54.279,0.00,0.00,0.00,0.00,2,0
2026-06-12 18:21:54.329,0.00,0.00,0.00,0.00,2,0
2026-06-12 18:21:54.379,0.00,0.00,0.00,0.00,2,0
2026-06-12 18:21:54.429,0.00,0.00,0.00,0.00,2,0
2026-06-12 18:21:54.480,0.00,0.00,0.00,0.00,2,0
2026-06-12 18:21:54.530,0.00,0.00,0.00,0.00,2,0
2026-06-12 18:21:54.581,0.00,0.00,0.00,0.00,2,0
2026-06-12 18:21:54.631,0.00,0.00,0.00,0.00,2,0
2026-06-12 18:21:54.681,0.00,0.00,0.00,0.00,2,0
2026-06-12 18:21:54.732,0.00,0.00,0.00,0.00,2,0
2026-06-12 18:21:54.782,0.00,0.00,0.00,0.00,2,0
2026-06-12 18:21:54.832,0.00,0.00,0.00,0.00,2,0
2026-06-12 18:21:54.883,0.00,0.00,0.00,0.00,2,0
2026-06-12 18:21:54.933,0.00,0.00,0.00,0.00,2,0
2026-06-12 18:21:54.984,0.00,0.00,0.00,0.00,2,0
2026-06-12 18:21:55.034,0.00,0.00,0.00,0.00,2,0
2026-06-12 18:21:55.085,0.00,0.00,0.00,0.00,2,0
2026-06-12 18:21:55.135,0.00,0.00,0.00,0.00,2,0
2026-06-12 18:21:55.185,0.00,0.00,0.00,0.00,2,0
2026-06-12 18:21:55.236,0.00,0.00,0.00,0.00,2,0
2026-06-12 18:21:55.286,0.00,0.00,0.00,0.00,2,0
2026-06-12 18:21:55.337,0.00,0.00,0.00,0.00,2,0
2026-06-12 18:21:55.387,0.00,0.00,0.00,0.00,2,0
2026-06-12 18:21:55.437,0.00,0.00,0.00,0.00,2,0
2026-06-12 18:21:55.488,0.00,0.00,0.00,0.00,2,0
2026-06-12 18:21:55.539,0.00,0.00,0.00,0.00,2,0
2026-06-12 18:21:55.589,0.00,0.00,0.00,0.00,2,0
2026-06-12 18:21:55.639,0.00,0.00,0.00,0.00,2,0
2026-06-12 18:21:55.689,0.00,0.00,0.00,0.00,2,0
2026-06-12 18:21:55.740,0.00,0.00,0.00,0.00,2,0
2026-06-12 18:21:55.790,0.00,0.00,0.00,0.00,2,0
2026-06-12 18:21:55.840,0.00,0.00,0.00,0.00,2,0
2026-06-12 18:21:55.891,0.00,0.00,0.00,0.00,2,0
2026-06-12 18:21:55.941,0.00,0.00,0.00,0.00,2,0
2026-06-12 18:21:55.993,0.00,0.00,0.00,0.00,2,0
2026-06-12 18:21:56.042,0.00,0.00,0.00,0.00,2,0
2026-06-12 18:21:56.092,0.00,0.00,0.00,0.00,2,0
2026-06-12 18:21:56.143,0.00,0.00,0.00,0.00,2,0
2026-06-12 18:21:56.193,0.00,0.00,0.00,0.00,2,0
2026-06-12 18:21:56.244,0.00,0.00,0.00,0.00,2,0
2026-06-12 18:21:56.294,0.00,0.00,0.00,0.00,2,0
2026-06-12 18:21:56.345,0.00,0.00,0.00,0.00,2,0
2026-06-12 18:21:56.395,0.00,0.00,0.00,0.00,2,0
2026-06-12 18:21:56.445,0.00,0.00,0.00,0.00,2,0
2026-06-12 18:21:56.496,0.00,0.00,0.00,0.00,2,0
2026-06-12 18:21:56.546,0.00,0.00,0.00,0.00,2,0
2026-06-12 18:21:56.597,0.00,0.00,0.00,0.00,2,0
2026-06-12 18:21:56.647,0.00,0.00,0.00,0.00,2,0
2026-06-12 18:21:56.697,0.00,0.00,0.00,0.00,2,0
2026-06-12 18:21:56.748,0.00,0.00,0.00,0.00,2,0
2026-06-12 18:21:56.800,0.00,0.00,0.00,0.00,2,0
2026-06-12 18:21:56.849,0.00,0.00,0.00,0.00,2,0
2026-06-12 18:21:56.899,0.00,0.00,0.00,0.00,2,0
2026-06-12 18:21:56.949,0.00,0.00,0.00,0.00,2,0
2026-06-12 18:21:57.000,0.00,0.00,0.00,0.00,2,0
2026-06-12 18:21:57.050,0.00,0.00,0.00,0.00,2,0
2026-06-12 18:21:57.100,0.00,0.00,0.00,0.00,2,0
2026-06-12 18:21:57.151,0.00,0.00,0.00,0.00,2,0
2026-06-12 18:21:57.201,0.00,0.00,0.00,0.00,2,0
2026-06-12 18:21:57.252,0.00,0.00,0.00,0.00,2,0
2026-06-12 18:21:57.302,0.00,0.00,0.00,0.00,2,0
2026-06-12 18:21:57.352,0.00,0.00,0.00,0.00,2,0
2026-06-12 18:21:57.404,0.00,0.00,0.00,0.00,2,0
2026-06-12 18:21:57.453,0.00,0.00,0.00,0.00,2,0
2026-06-12 18:21:57.504,0.00,0.00,0.00,0.00,2,0
2026-06-12 18:21:57.554,0.00,0.00,0.00,0.00,2,0
2026-06-12 18:21:57.604,0.00,0.00,0.00,0.00,2,0
2026-06-12 18:21:57.655,0.00,0.00,0.00,0.00,2,0
2026-06-12 18:21:57.705,0.00,0.00,0.00,0.00,2,0
2026-06-12 18:21:57.756,0.00,0.00,0.00,0.00,2,0
2026-06-12 18:21:57.806,0.00,0.00,0.00,0.00,2,0
2026-06-12 18:21:57.856,0.00,0.00,0.00,0.00,2,0
2026-06-12 18:21:57.907,0.00,0.00,0.00,0.00,2,0
2026-06-12 18:21:57.957,0.00,0.00,0.00,0.00,2,0
2026-06-12 18:21:58.008,0.00,0.00,0.00,0.00,2,0
2026-06-12 18:21:58.059,0.00,0.00,0.00,0.00,2,0
2026-06-12 18:21:58.109,0.00,0.00,0.00,0.00,2,0
2026-06-12 18:21:58.159,0.00,0.00,0.00,0.00,2,0
2026-06-12 18:21:58.210,0.00,0.00,0.00,0.00,2,0
2026-06-12 18:21:58.260,0.00,0.00,0.00,0.00,2,0
2026-06-12 18:21:58.310,0.00,0.00,0.00,0.00,2,0
2026-06-12 18:21:58.360,0.00,0.00,0.00,0.00,2,0
2026-06-12 18:21:58.411,0.00,0.00,0.00,0.00,2,0
2026-06-12 18:21:58.461,0.00,0.00,0.00,0.00,2,0
2026-06-12 18:21:58.512,0.00,0.00,0.00,0.00,2,0
2026-06-12 18:21:58.562,0.00,0.00,0.00,0.00,2,0
2026-06-12 18:21:58.612,0.00,0.00,0.00,0.00,2,0
2026-06-12 18:21:58.663,0.00,0.00,0.00,0.00,2,0
2026-06-12 18:21:58.713,0.00,0.00,0.00,0.00,2,0
2026-06-12 18:21:58.764,0.00,0.00,0.00,0.00,2,0
2026-06-12 18:21:58.814,0.00,0.00,0.00,0.00,2,0
2026-06-12 18:21:58.864,0.00,0.00,0.00,0.00,2,0
2026-06-12 18:21:58.915,0.00,0.00,0.00,0.00,2,0
2026-06-12 18:21:58.965,0.00,0.00,0.00,0.00,2,0
2026-06-12 18:21:59.016,0.00,0.00,0.00,0.00,2,0
2026-06-12 18:21:59.066,0.00,0.00,0.00,0.00,2,0
2026-06-12 18:21:59.116,0.00,0.00,0.00,0.00,2,0
2026-06-12 18:21:59.167,0.00,0.00,0.00,0.00,2,0
2026-06-12 18:21:59.217,0.00,0.00,0.00,0.00,2,0
2026-06-12 18:21:59.268,0.00,0.00,0.00,0.00,2,0
2026-06-12 18:21:59.318,0.00,0.00,0.00,0.00,2,0
2026-06-12 18:21:59.369,0.00,0.00,0.00,0.00,2,0
2026-06-12 18:21:59.419,0.00,0.00,0.00,0.00,2,0
2026-06-12 18:21:59.469,0.00,0.00,0.00,0.00,2,0
2026-06-12 18:21:59.520,0.00,0.00,0.00,0.00,2,0
2026-06-12 18:21:59.570,0.00,0.00,0.00,0.00,2,0
2026-06-12 18:21:59.620,0.00,0.00,0.00,0.00,2,0
2026-06-12 18:21:59.671,0.00,0.00,0.00,0.00,2,0
2026-06-12 18:21:59.721,0.00,0.00,0.00,0.00,2,0
2026-06-12 18:21:59.772,0.00,0.00,0.00,0.00,2,0
2026-06-12 18:21:59.822,0.00,0.00,0.00,0.00,2,0
2026-06-12 18:21:59.872,0.00,0.00,0.00,0.00,2,0
2026-06-12 18:21:59.923,0.00,0.00,0.00,0.00,2,0
2026-06-12 18:21:59.973,0.00,0.00,0.00,0.00,2,0
2026-06-12 18:22:00.024,0.00,0.00,0.00,0.00,2,0
2026-06-12 18:22:00.074,0.00,0.00,0.00,0.00,2,0
2026-06-12 18:22:00.124,0.00,0.00,0.00,0.00,2,0
2026-06-12 18:22:00.175,0.00,0.00,0.00,0.00,2,0
2026-06-12 18:22:00.225,0.00,0.00,0.00,0.00,2,0
2026-06-12 18:22:00.276,0.00,0.00,0.00,0.00,2,0
2026-06-12 18:22:00.326,0.00,0.00,0.00,0.00,2,0
2026-06-12 18:22:00.376,0.00,0.00,0.00,0.00,2,0
2026-06-12 18:22:00.427,0.00,0.00,0.00,0.00,2,0
2026-06-12 18:22:00.477,0.00,0.00,0.00,0.00,2,0
2026-06-12 18:22:00.528,0.00,0.00,0.00,0.00,2,0
2026-06-12 18:22:00.579,0.00,0.00,0.00,0.00,2,0
2026-06-12 18:22:00.629,0.00,0.00,0.00,0.00,2,0
2026-06-12 18:22:00.679,0.00,0.00,0.00,0.00,2,0
2026-06-12 18:22:00.730,0.00,0.00,0.00,0.00,2,0
2026-06-12 18:22:00.780,0.00,0.00,0.00,0.00,2,0
2026-06-12 18:22:00.830,0.00,0.00,0.00,0.00,2,0
2026-06-12 18:22:00.880,0.00,0.00,0.00,0.00,2,0
2026-06-12 18:22:00.931,0.00,0.00,0.00,0.00,2,0
2026-06-12 18:22:00.981,0.00,0.00,0.00,0.00,2,0
2026-06-12 18:22:01.032,0.00,0.00,0.00,0.00,2,0
2026-06-12 18:22:01.082,0.00,0.00,0.00,0.00,2,0
2026-06-12 18:22:01.132,0.00,0.00,0.00,0.00,2,0
2026-06-12 18:22:01.183,0.00,0.00,0.00,0.00,2,0
2026-06-12 18:22:01.233,0.00,0.00,0.00,0.00,2,0
2026-06-12 18:22:01.284,0.00,0.00,0.00,0.00,2,0
2026-06-12 18:22:01.334,0.00,0.00,0.00,0.00,2,0
2026-06-12 18:22:01.384,0.00,0.00,0.00,0.00,2,0
2026-06-12 18:22:01.435,0.00,0.00,0.00,0.00,2,0
2026-06-12 18:22:01.485,0.00,0.00,0.00,0.00,2,0
2026-06-12 18:22:01.536,0.00,0.00,0.00,0.00,2,0
2026-06-12 18:22:01.586,0.00,0.00,0.00,0.00,2,0
2026-06-12 18:22:01.636,0.00,0.00,0.00,0.00,2,0
2026-06-12 18:22:01.687,0.00,0.00,0.00,0.00,2,0
2026-06-12 18:22:01.737,0.00,0.00,0.00,0.00,2,0
2026-06-12 18:22:01.788,0.00,0.00,0.00,0.00,2,0
2026-06-12 18:22:01.838,0.00,0.00,0.00,0.00,2,0
2026-06-12 18:22:01.890,0.00,0.00,0.00,0.00,2,0
2026-06-12 18:22:01.939,0.00,0.00,0.00,0.00,2,0
2026-06-12 18:22:01.989,0.00,0.00,0.00,0.00,2,0
2026-06-12 18:22:02.040,0.00,0.00,0.00,0.00,2,0
2026-06-12 18:22:02.090,0.00,0.00,0.00,0.00,2,0
2026-06-12 18:22:02.140,0.00,0.00,0.00,0.00,2,0
2026-06-12 18:22:02.191,0.00,0.00,0.00,0.00,2,0
2026-06-12 18:22:02.241,0.00,0.00,0.00,0.00,2,0
2026-06-12 18:22:02.292,0.00,0.00,0.00,0.00,2,0
2026-06-12 18:22:02.342,0.00,0.00,0.00,0.00,2,0
2026-06-12 18:22:02.392,0.00,0.00,0.00,0.00,2,0
2026-06-12 18:22:02.443,0.00,0.00,0.00,0.00,2,0
2026-06-12 18:22:02.493,0.00,0.00,0.00,0.00,2,0
2026-06-12 18:22:02.544,0.00,0.00,0.00,0.00,2,0
2026-06-12 18:22:02.594,0.00,0.00,0.00,0.00,2,0
2026-06-12 18:22:02.644,0.00,0.00,0.00,0.00,2,0
2026-06-12 18:22:02.695,0.00,0.00,0.00,0.00,2,0
2026-06-12 18:22:02.745,0.00,0.00,0.00,0.00,2,0
2026-06-12 18:22:02.796,0.00,0.00,0.00,0.00,2,0
2026-06-12 18:22:02.846,0.00,0.00,0.00,0.00,2,0
2026-06-12 18:22:02.896,0.00,0.00,0.00,0.00,2,0
2026-06-12 18:22:02.947,0.00,0.00,0.00,0.00,2,0
2026-06-12 18:22:02.997,0.00,0.00,0.00,0.00,2,0
2026-06-12 18:22:03.048,0.00,0.00,0.00,0.00,2,0
2026-06-12 18:22:03.098,0.00,0.00,0.00,0.00,2,0
2026-06-12 18:22:03.148,0.00,0.00,0.00,0.00,2,0
2026-06-12 18:22:03.199,0.00,0.00,0.00,0.00,2,0
2026-06-12 18:22:03.250,0.00,0.00,0.00,0.00,2,0
2026-06-12 18:22:03.299,0.00,0.00,0.00,0.00,2,0
2026-06-12 18:22:03.350,0.00,0.00,0.00,0.00,2,0
2026-06-12 18:22:03.400,0.00,0.00,0.00,0.00,2,0
2026-06-12 18:22:03.451,0.00,0.00,0.00,0.00,2,0
2026-06-12 18:22:03.501,0.00,0.00,0.00,0.00,2,0
2026-06-12 18:22:03.552,0.00,0.00,0.00,0.00,2,0
2026-06-12 18:22:03.602,0.00,0.00,0.00,0.00,2,0
2026-06-12 18:22:03.652,0.00,0.00,0.00,0.00,2,0
2026-06-12 18:22:03.703,0.00,0.00,0.00,0.00,2,0
2026-06-12 18:22:03.753,0.00,0.00,0.00,0.00,2,0
2026-06-12 18:22:03.804,0.00,0.00,0.00,0.00,2,0
2026-06-12 18:22:03.854,0.00,0.00,0.00,0.00,2,0
2026-06-12 18:22:03.905,0.00,0.00,0.00,0.00,2,0
2026-06-12 18:22:03.955,0.00,0.00,0.00,0.00,2,0
2026-06-12 18:22:04.005,0.00,0.00,0.00,0.00,2,0
2026-06-12 18:22:04.056,0.00,0.00,0.00,0.00,2,0
2026-06-12 18:22:04.108,0.00,0.00,0.00,0.00,2,0
2026-06-12 18:22:04.156,0.00,0.00,0.00,0.00,2,0
2026-06-12 18:22:04.208,0.00,0.00,0.00,0.00,2,0
2026-06-12 18:22:04.257,0.00,0.00,0.00,0.00,2,0
2026-06-12 18:22:04.308,0.00,0.00,0.00,0.00,2,0
2026-06-12 18:22:04.359,0.00,0.00,0.00,0.00,2,0
2026-06-12 18:22:04.408,0.00,0.00,0.00,0.00,2,0
2026-06-12 18:22:04.459,0.00,0.00,0.00,0.00,2,0
2026-06-12 18:22:04.509,0.00,0.00,0.00,0.00,2,0
2026-06-12 18:22:04.559,0.00,0.00,0.00,0.00,2,0
2026-06-12 18:22:04.610,0.00,0.00,0.00,0.00,2,0
2026-06-12 18:22:04.660,0.00,0.00,0.00,0.00,2,0
2026-06-12 18:22:04.711,0.00,0.00,0.00,0.00,2,0
2026-06-12 18:22:04.761,0.00,0.00,0.00,0.00,2,0
2026-06-12 18:22:04.811,0.00,0.00,0.00,0.00,2,0
2026-06-12 18:22:04.862,0.00,0.00,0.00,0.00,2,0
2026-06-12 18:22:04.912,0.00,0.00,0.00,0.00,2,0
2026-06-12 18:22:04.969,0.00,0.00,0.00,0.00,2,0
2026-06-12 18:22:05.013,0.00,0.00,0.00,0.00,2,0
2026-06-12 18:22:05.063,0.00,0.00,0.00,0.00,2,0
2026-06-12 18:22:05.114,0.00,0.00,0.00,0.00,2,0
2026-06-12 18:22:05.164,0.00,0.00,0.00,0.00,2,0
2026-06-12 18:22:05.215,0.00,0.00,0.00,0.00,2,0
2026-06-12 18:22:05.265,0.00,0.00,0.00,0.00,2,0
2026-06-12 18:22:05.316,0.00,0.00,0.00,0.00,2,0
2026-06-12 18:22:05.366,0.00,0.00,0.00,0.00,2,0
2026-06-12 18:22:05.417,0.00,0.00,0.00,0.00,2,0
2026-06-12 18:22:05.467,0.00,0.00,0.00,0.00,2,0
2026-06-12 18:22:05.517,0.00,0.00,0.00,0.00,2,0
2026-06-12 18:22:05.568,0.00,0.00,0.00,0.00,2,0
2026-06-12 18:22:05.619,0.00,0.00,0.00,0.00,2,0
2026-06-12 18:22:05.669,0.00,0.00,0.00,0.00,2,0
2026-06-12 18:22:05.719,0.00,0.00,0.00,0.00,2,0
2026-06-12 18:22:05.769,0.00,0.00,0.00,0.00,2,0
2026-06-12 18:22:05.819,0.00,0.00,0.00,0.00,2,0
2026-06-12 18:22:05.870,0.00,0.00,0.00,0.00,2,0
2026-06-12 18:22:05.920,0.00,0.00,0.00,0.00,2,0
2026-06-12 18:22:05.971,0.00,0.00,0.00,0.00,2,0
2026-06-12 18:22:06.021,0.00,0.00,0.00,0.00,2,0
2026-06-12 18:22:06.072,0.00,0.00,0.00,0.00,2,0
2026-06-12 18:22:06.123,0.00,0.00,0.00,0.00,2,0
2026-06-12 18:22:06.172,0.00,0.00,0.00,0.00,2,0
2026-06-12 18:22:06.223,0.00,0.00,0.00,0.00,2,0
2026-06-12 18:22:06.273,0.00,0.00,0.00,0.00,2,0
2026-06-12 18:22:06.323,0.00,0.00,0.00,0.00,2,0
2026-06-12 18:22:06.374,0.00,0.00,0.00,0.00,2,0
2026-06-12 18:22:06.424,0.00,0.00,0.00,0.00,2,0
2026-06-12 18:22:06.475,0.00,0.00,0.00,0.00,2,0
2026-06-12 18:22:06.525,0.00,0.00,0.00,0.00,2,0
2026-06-12 18:22:06.576,0.00,0.00,0.00,0.00,2,0
2026-06-12 18:22:06.626,0.00,0.00,0.00,0.00,2,0
2026-06-12 18:22:06.676,0.00,0.00,0.00,0.00,2,0
2026-06-12 18:22:06.727,0.00,0.00,0.00,0.00,2,0
2026-06-12 18:22:06.777,0.00,0.00,0.00,0.00,2,0
2026-06-12 18:22:06.828,0.00,0.00,0.00,0.00,2,0
2026-06-12 18:22:06.878,0.00,0.00,0.00,0.00,2,0
2026-06-12 18:22:06.929,0.00,0.00,0.00,0.00,2,0
2026-06-12 18:22:06.979,0.00,0.00,0.00,0.00,2,0
2026-06-12 18:22:07.029,0.00,0.00,0.00,0.00,2,0
2026-06-12 18:22:07.080,0.00,0.00,0.00,0.00,2,0
2026-06-12 18:22:07.130,0.00,0.00,0.00,0.00,2,0
2026-06-12 18:22:07.180,0.00,0.00,0.00,0.00,2,0
2026-06-12 18:22:07.231,0.00,0.00,0.00,0.00,2,0
2026-06-12 18:22:07.281,0.00,0.00,0.00,0.00,2,0
2026-06-12 18:22:07.331,0.00,0.00,0.00,0.00,2,0
2026-06-12 18:22:07.382,0.00,0.00,0.00,0.00,2,0
2026-06-12 18:22:07.432,0.00,0.00,0.00,0.00,2,0
2026-06-12 18:22:07.483,0.00,0.00,0.00,0.00,2,0
2026-06-12 18:22:07.533,0.00,0.00,0.00,0.00,2,0
2026-06-12 18:22:07.584,0.00,0.00,0.00,0.00,2,0
2026-06-12 18:22:07.634,0.00,0.00,0.00,0.00,2,0
2026-06-12 18:22:07.684,0.00,0.00,0.00,0.00,2,0
2026-06-12 18:22:07.735,0.00,0.00,0.00,0.00,2,0
2026-06-12 18:22:07.785,0.00,0.00,0.00,0.00,2,0
2026-06-12 18:22:07.836,0.00,0.00,0.00,0.00,2,0
2026-06-12 18:22:07.886,0.00,0.00,0.00,0.00,2,0
2026-06-12 18:22:07.936,0.00,0.00,0.00,0.00,2,0
2026-06-12 18:22:07.987,0.00,0.00,0.00,0.00,2,0
2026-06-12 18:22:08.037,0.00,0.00,0.00,0.00,2,0
2026-06-12 18:22:08.087,0.00,0.00,0.00,0.00,2,0
2026-06-12 18:22:08.138,0.00,0.00,0.00,0.00,2,0
2026-06-12 18:22:08.189,0.00,0.00,0.00,0.00,2,0
2026-06-12 18:22:08.239,0.00,0.00,0.00,0.00,2,0
2026-06-12 18:22:08.289,0.00,0.00,0.00,0.00,2,0
2026-06-12 18:22:08.339,0.00,0.00,0.00,0.00,2,0
2026-06-12 18:22:08.390,0.00,0.00,0.00,0.00,2,0
2026-06-12 18:22:08.440,0.00,0.00,0.00,0.00,2,0
2026-06-12 18:22:08.491,0.00,0.00,0.00,0.00,2,0
2026-06-12 18:22:08.541,0.00,0.00,0.00,0.00,2,0
2026-06-12 18:22:08.591,0.00,0.00,0.00,0.00,2,0
2026-06-12 18:22:08.642,0.00,0.00,0.00,0.00,2,0
2026-06-12 18:22:08.692,0.00,0.00,0.00,0.00,2,0
2026-06-12 18:22:08.743,0.00,0.00,0.00,0.00,2,0
2026-06-12 18:22:08.793,0.00,0.00,0.00,0.00,2,0
2026-06-12 18:22:08.843,0.00,0.00,0.00,0.00,2,0
2026-06-12 18:22:08.894,0.00,0.00,0.00,0.00,2,0
2026-06-12 18:22:08.944,0.00,0.00,0.00,0.00,2,0
2026-06-12 18:22:08.995,0.00,0.00,0.00,0.00,2,0
2026-06-12 18:22:09.045,0.00,0.00,0.00,0.00,2,0
2026-06-12 18:22:09.095,0.00,0.00,0.00,0.00,2,0
2026-06-12 18:22:09.146,0.00,0.00,0.00,0.00,2,0
2026-06-12 18:22:09.196,0.00,0.00,0.00,0.00,2,0
2026-06-12 18:22:09.247,0.00,0.00,0.00,0.00,2,0
2026-06-12 18:22:09.297,0.00,0.00,0.00,0.00,2,0
2026-06-12 18:22:09.347,0.00,0.00,0.00,0.00,2,0
2026-06-12 18:22:09.398,0.00,0.00,0.00,0.00,2,0
2026-06-12 18:22:09.449,0.00,0.00,0.00,0.00,2,0
2026-06-12 18:22:09.499,0.00,0.00,0.00,0.00,2,0
2026-06-12 18:22:09.549,0.00,0.00,0.00,0.00,2,0
2026-06-12 18:22:09.599,0.00,0.00,0.00,0.00,2,0
2026-06-12 18:22:09.650,0.00,0.00,0.00,0.00,2,0
2026-06-12 18:22:09.700,0.00,0.00,0.00,0.00,2,0
2026-06-12 18:22:09.751,0.00,0.00,0.00,0.00,2,0
2026-06-12 18:22:09.801,0.00,0.00,0.00,0.00,2,0
2026-06-12 18:22:09.851,0.00,0.00,0.00,0.00,2,0
2026-06-12 18:22:09.902,0.00,0.00,0.00,0.00,2,0
2026-06-12 18:22:09.953,0.00,0.00,0.00,0.00,2,0
2026-06-12 18:22:10.003,0.00,0.00,0.00,0.00,2,0
2026-06-12 18:22:10.053,0.00,0.00,0.00,0.00,2,0
2026-06-12 18:22:10.104,0.00,0.00,0.00,0.00,2,0
2026-06-12 18:22:10.154,0.00,0.00,0.00,0.00,2,0
2026-06-12 18:22:10.204,0.00,0.00,0.00,0.00,2,0
2026-06-12 18:22:10.255,0.00,0.00,0.00,0.00,2,0
2026-06-12 18:22:10.305,0.00,0.00,0.00,0.00,2,0
2026-06-12 18:22:10.355,0.00,0.00,0.00,0.00,2,0
2026-06-12 18:22:10.406,0.00,0.00,0.00,0.00,2,0
2026-06-12 18:22:10.456,0.00,0.00,0.00,0.00,2,0
2026-06-12 18:22:10.507,0.00,0.00,0.00,0.00,2,0
2026-06-12 18:22:10.557,0.00,0.00,0.00,0.00,2,0
2026-06-12 18:22:10.608,0.00,0.00,0.00,0.00,2,0
2026-06-12 18:22:10.658,0.00,0.00,0.00,0.00,2,0
2026-06-12 18:22:10.709,0.00,0.00,0.00,0.00,2,0
2026-06-12 18:22:10.759,0.00,0.00,0.00,0.00,2,0
2026-06-12 18:22:10.809,0.00,0.00,0.00,0.00,2,0
2026-06-12 18:22:10.859,0.00,0.00,0.00,0.00,2,0
2026-06-12 18:22:10.910,0.00,0.00,0.00,0.00,2,0
2026-06-12 18:22:10.960,0.00,0.00,0.00,0.00,2,0
2026-06-12 18:22:11.011,0.00,0.00,0.00,0.00,2,0
2026-06-12 18:22:11.061,0.00,0.00,0.00,0.00,2,0
2026-06-12 18:22:11.112,0.00,0.00,0.00,0.00,2,0
2026-06-12 18:22:11.162,0.00,0.00,0.00,0.00,2,0
2026-06-12 18:22:11.212,0.00,0.00,0.00,0.00,2,0
2026-06-12 18:22:11.263,0.00,0.00,0.00,0.00,2,0
2026-06-12 18:22:11.313,0.00,0.00,0.00,0.00,2,0
2026-06-12 18:22:11.364,0.00,0.00,0.00,0.00,2,0
2026-06-12 18:22:11.414,0.00,0.00,0.00,0.00,2,0
2026-06-12 18:22:11.464,0.00,0.00,0.00,0.00,2,0
2026-06-12 18:22:11.515,0.00,0.00,0.00,0.00,2,0
2026-06-12 18:22:11.565,0.00,0.00,0.00,0.00,2,0
2026-06-12 18:22:11.615,0.00,0.00,0.00,0.00,2,0
2026-06-12 18:22:11.666,0.00,0.00,0.00,0.00,2,0
2026-06-12 18:22:11.716,0.00,0.00,0.00,0.00,2,0
2026-06-12 18:22:11.767,0.00,0.00,0.00,0.00,2,0
2026-06-12 18:22:11.817,0.00,0.00,0.00,0.00,2,0
2026-06-12 18:22:11.867,0.00,0.00,0.00,0.00,2,0
2026-06-12 18:22:11.918,0.00,0.00,0.00,0.00,2,0
2026-06-12 18:22:11.969,0.00,0.00,0.00,0.00,2,0
2026-06-12 18:22:12.019,0.00,0.00,0.00,0.00,2,0
2026-06-12 18:22:12.069,0.00,0.00,0.00,0.00,2,0
2026-06-12 18:22:12.119,0.00,0.00,0.00,0.00,2,0
2026-06-12 18:22:12.170,0.00,0.00,0.00,0.00,2,0
2026-06-12 18:22:12.220,0.00,0.00,0.00,0.00,2,0
2026-06-12 18:22:12.270,0.00,0.00,0.00,0.00,2,0
2026-06-12 18:22:12.321,0.00,0.00,0.00,0.00,2,0
2026-06-12 18:22:12.371,0.00,0.00,0.00,0.00,2,0
2026-06-12 18:22:12.422,0.00,0.00,0.00,0.00,2,0
2026-06-12 18:22:12.472,0.00,0.00,0.00,0.00,2,0
2026-06-12 18:22:12.523,0.00,0.00,0.00,0.00,2,0
2026-06-12 18:22:12.573,0.00,0.00,0.00,0.00,2,0
2026-06-12 18:22:12.623,0.00,0.00,0.00,0.00,2,0
2026-06-12 18:22:12.674,0.00,0.00,0.00,0.00,2,0
2026-06-12 18:22:12.724,0.00,0.00,0.00,0.00,2,0
2026-06-12 18:22:12.775,0.00,0.00,0.00,0.00,2,0
2026-06-12 18:22:12.825,0.00,0.00,0.00,0.00,2,0
2026-06-12 18:22:12.875,0.00,0.00,0.00,0.00,2,0
2026-06-12 18:22:12.926,0.00,0.00,0.00,0.00,2,0
2026-06-12 18:22:12.976,0.00,0.00,0.00,0.00,2,0
2026-06-12 18:22:13.027,0.00,0.00,0.00,0.00,2,0
2026-06-12 18:22:13.077,0.00,0.00,0.00,0.00,2,0
2026-06-12 18:22:13.127,0.00,0.00,0.00,0.00,2,0
2026-06-12 18:22:13.178,0.00,0.00,0.00,0.00,2,0
2026-06-12 18:22:13.228,0.00,0.00,0.00,0.00,2,0
2026-06-12 18:22:13.279,0.00,0.00,0.00,0.00,2,0
2026-06-12 18:22:13.329,0.00,0.00,0.00,0.00,2,0
2026-06-12 18:22:13.379,0.00,0.00,0.00,0.00,2,0
2026-06-12 18:22:13.430,0.00,0.00,0.00,0.00,2,0
2026-06-12 18:22:13.480,0.00,0.00,0.00,0.00,2,0
2026-06-12 18:22:13.530,0.00,0.00,0.00,0.00,2,0
2026-06-12 18:22:13.581,0.00,0.00,0.00,0.00,2,0
2026-06-12 18:22:13.631,0.00,0.00,0.00,0.00,2,0
2026-06-12 18:22:13.682,0.00,0.00,0.00,0.00,2,0
2026-06-12 18:22:13.732,0.00,0.00,0.00,0.00,2,0
2026-06-12 18:22:13.782,0.00,0.00,0.00,0.00,2,0
2026-06-12 18:22:13.833,0.00,0.00,0.00,0.00,2,0
2026-06-12 18:22:13.883,0.00,0.00,0.00,0.00,2,0
2026-06-12 18:22:13.934,0.00,0.00,0.00,0.00,2,0
2026-06-12 18:22:13.984,0.00,0.00,0.00,0.00,2,0
2026-06-12 18:22:14.034,0.00,0.00,0.00,0.00,2,0
2026-06-12 18:22:14.085,0.00,0.00,0.00,0.00,2,0
2026-06-12 18:22:14.135,0.00,0.00,0.00,0.00,2,0
2026-06-12 18:22:14.186,0.00,0.00,0.00,0.00,2,0
2026-06-12 18:22:14.236,0.00,0.00,0.00,0.00,2,0
2026-06-12 18:22:14.286,0.00,0.00,0.00,0.00,2,0
2026-06-12 18:22:14.337,0.00,0.00,0.00,0.00,2,0
2026-06-12 18:22:14.387,0.00,0.00,0.00,0.00,2,0
2026-06-12 18:22:14.438,0.00,0.00,0.00,0.00,2,0
2026-06-12 18:22:14.488,0.00,0.00,0.00,0.00,2,0
2026-06-12 18:22:14.539,0.00,0.00,0.00,0.00,2,0
2026-06-12 18:22:14.589,0.00,0.00,0.00,0.00,2,0
2026-06-12 18:22:14.639,0.00,0.00,0.00,0.00,2,0
2026-06-12 18:22:14.690,0.00,0.00,0.00,0.00,2,0
2026-06-12 18:22:14.741,0.00,0.00,0.00,0.00,2,0
2026-06-12 18:22:14.790,0.00,0.00,0.00,0.00,2,0
2026-06-12 18:22:14.841,0.00,0.00,0.00,0.00,2,0
2026-06-12 18:22:14.891,0.00,0.00,0.00,0.00,2,0
2026-06-12 18:22:14.942,0.00,0.00,0.00,0.00,2,0
2026-06-12 18:22:14.992,0.00,0.00,0.00,0.00,2,0
2026-06-12 18:22:15.042,0.00,0.00,0.00,0.00,2,0
2026-06-12 18:22:15.093,0.00,0.00,0.00,0.00,2,0
2026-06-12 18:22:15.143,0.00,0.00,0.00,0.00,2,0
2026-06-12 18:22:15.194,0.00,0.00,0.00,0.00,2,0
2026-06-12 18:22:15.244,0.00,0.00,0.00,0.00,2,0
2026-06-12 18:22:15.294,0.00,0.00,0.00,0.00,2,0
2026-06-12 18:22:15.345,0.00,0.00,0.00,0.00,2,0
2026-06-12 18:22:15.395,0.00,0.00,0.00,0.00,2,0
2026-06-12 18:22:15.446,0.00,0.00,0.00,0.00,2,0
2026-06-12 18:22:15.496,0.00,0.00,0.00,0.00,2,0
2026-06-12 18:22:15.546,0.00,0.00,0.00,0.00,2,0
2026-06-12 18:22:15.597,0.00,0.00,0.00,0.00,2,0
2026-06-12 18:22:15.647,0.00,0.00,0.00,0.00,2,0
2026-06-12 18:22:15.698,0.00,0.00,0.00,0.00,2,0
2026-06-12 18:22:15.749,0.00,0.00,0.00,0.00,2,0
2026-06-12 18:22:15.799,0.00,0.00,0.00,0.00,2,0
2026-06-12 18:22:15.849,0.00,0.00,0.00,0.00,2,0
2026-06-12 18:22:15.899,0.00,0.00,0.00,0.00,2,0
2026-06-12 18:22:15.950,0.00,0.00,0.00,0.00,2,0
2026-06-12 18:22:16.000,0.00,0.00,0.00,0.00,2,0
2026-06-12 18:22:16.050,0.00,0.00,0.00,0.00,2,0
2026-06-12 18:22:16.101,0.00,0.00,0.00,0.00,2,0
2026-06-12 18:22:16.151,0.00,0.00,0.00,0.00,2,0
2026-06-12 18:22:16.202,0.00,0.00,0.00,0.00,2,0
2026-06-12 18:22:16.252,0.00,0.00,0.00,0.00,2,0
2026-06-12 18:22:16.303,0.00,0.00,0.00,0.00,2,0
2026-06-12 18:22:16.353,0.00,0.00,0.00,0.00,2,0
2026-06-12 18:22:16.403,0.00,0.00,0.00,0.00,2,0
2026-06-12 18:22:16.454,0.00,0.00,0.00,0.00,2,0
2026-06-12 18:22:16.504,0.00,0.00,0.00,0.00,2,0
2026-06-12 18:22:16.555,0.00,0.00,0.00,0.00,2,0
2026-06-12 18:22:16.605,0.00,0.00,0.00,0.00,2,0
2026-06-12 18:22:16.655,0.00,0.00,0.00,0.00,2,0
2026-06-12 18:22:16.706,0.00,0.00,0.00,0.00,2,0
2026-06-12 18:22:16.756,0.00,0.00,0.00,0.00,2,0
2026-06-12 18:22:16.807,0.00,0.00,0.00,0.00,2,0
2026-06-12 18:22:16.857,0.00,0.00,0.00,0.00,2,0
2026-06-12 18:22:16.908,0.00,0.00,0.00,0.00,2,0
2026-06-12 18:22:16.958,0.00,0.00,0.00,0.00,2,0
2026-06-12 18:22:17.009,0.00,0.00,0.00,0.00,2,0
2026-06-12 18:22:17.058,0.00,0.00,0.00,0.00,2,0
2026-06-12 18:22:17.109,0.00,0.00,0.00,0.00,2,0
2026-06-12 18:22:17.159,0.00,0.00,0.00,0.00,2,0
2026-06-12 18:22:17.209,0.00,0.00,0.00,0.00,2,0
2026-06-12 18:22:17.260,0.00,0.00,0.00,0.00,2,0
2026-06-12 18:22:17.310,0.00,0.00,0.00,0.00,2,0
2026-06-12 18:22:17.361,0.00,0.00,0.00,0.00,2,0
2026-06-12 18:22:17.411,0.00,0.00,0.00,0.00,2,0
2026-06-12 18:22:17.462,0.00,0.00,0.00,0.00,2,0
2026-06-12 18:22:17.512,0.00,0.00,0.00,0.00,2,0
2026-06-12 18:22:17.563,0.00,0.00,0.00,0.00,2,0
2026-06-12 18:22:17.613,0.00,0.00,0.00,0.00,2,0
2026-06-12 18:22:17.663,0.00,0.00,0.00,0.00,2,0
2026-06-12 18:22:17.714,0.00,0.00,0.00,0.00,2,0
2026-06-12 18:22:17.764,0.00,0.00,0.00,0.00,2,0
2026-06-12 18:22:17.814,0.00,0.00,0.00,0.00,2,0
2026-06-12 18:22:17.865,0.00,0.00,0.00,0.00,2,0
2026-06-12 18:22:17.915,0.00,0.00,0.00,0.00,2,0
2026-06-12 18:22:17.966,0.00,0.00,0.00,0.00,2,0
2026-06-12 18:22:18.016,0.00,0.00,0.00,0.00,2,0
2026-06-12 18:22:18.066,0.00,0.00,0.00,0.00,2,0
2026-06-12 18:22:18.117,0.00,0.00,0.00,0.00,2,0
2026-06-12 18:22:18.167,0.00,0.00,0.00,0.00,2,0
2026-06-12 18:22:18.218,0.00,0.00,0.00,0.00,2,0
2026-06-12 18:22:18.269,0.00,0.00,0.00,0.00,2,0
2026-06-12 18:22:18.318,0.00,0.00,0.00,0.00,2,0
2026-06-12 18:22:18.369,0.00,0.00,0.00,0.00,2,0
2026-06-12 18:22:18.419,0.00,0.00,0.00,0.00,2,0
2026-06-12 18:22:18.470,0.00,0.00,0.00,0.00,2,0
2026-06-12 18:22:18.520,0.00,0.00,0.00,0.00,2,0
2026-06-12 18:22:18.570,0.00,0.00,0.00,0.00,2,0
2026-06-12 18:22:18.621,0.00,0.00,0.00,0.00,2,0
2026-06-12 18:22:18.671,0.00,0.00,0.00,0.00,2,0
2026-06-12 18:22:18.722,0.00,0.00,0.00,0.00,2,0
2026-06-12 18:22:18.776,0.00,0.00,0.00,0.00,2,0
2026-06-12 18:22:18.822,0.00,0.00,0.00,0.00,2,0
2026-06-12 18:22:18.873,0.00,0.00,0.00,0.00,2,0
2026-06-12 18:22:18.923,0.00,0.00,0.00,0.00,2,0
2026-06-12 18:22:18.974,0.00,0.00,0.00,0.00,2,0
2026-06-12 18:22:19.024,0.00,0.00,0.00,0.00,2,0
2026-06-12 18:22:19.074,0.00,0.00,0.00,0.00,2,0
2026-06-12 18:22:19.125,0.00,0.00,0.00,0.00,2,0
2026-06-12 18:22:19.176,0.00,0.00,0.00,0.00,2,0
2026-06-12 18:22:19.226,0.00,0.00,0.00,0.00,2,0
2026-06-12 18:22:19.276,0.00,0.00,0.00,0.00,2,0
2026-06-12 18:22:19.326,0.00,0.00,0.00,0.00,2,0
2026-06-12 18:22:19.377,0.00,0.00,0.00,0.00,2,0
2026-06-12 18:22:19.427,0.00,0.00,0.00,0.00,2,0
2026-06-12 18:22:19.479,0.00,0.00,0.00,0.00,2,0
2026-06-12 18:22:19.528,0.00,0.00,0.00,0.00,2,0
2026-06-12 18:22:19.579,0.00,0.00,0.00,0.00,2,0
2026-06-12 18:22:19.629,0.00,0.00,0.00,0.00,2,0
2026-06-12 18:22:19.679,0.00,0.00,0.00,0.00,2,0
2026-06-12 18:22:19.729,0.00,0.00,0.00,0.00,2,0
2026-06-12 18:22:19.780,0.00,0.00,0.00,0.00,2,0
2026-06-12 18:22:19.830,0.00,0.00,0.00,0.00,2,0
2026-06-12 18:22:19.881,0.00,0.00,0.00,0.00,2,0
2026-06-12 18:22:19.931,0.00,0.00,0.00,0.00,2,0
2026-06-12 18:22:19.981,0.00,0.00,0.00,0.00,2,0
2026-06-12 18:22:20.032,0.00,0.00,0.00,0.00,2,0
2026-06-12 18:22:20.082,0.00,0.00,0.00,0.00,2,0
2026-06-12 18:22:20.133,0.00,0.00,0.00,0.00,2,0
2026-06-12 18:22:20.183,0.00,0.00,0.00,0.00,2,0
2026-06-12 18:22:20.233,0.00,0.00,0.00,0.00,2,0
2026-06-12 18:22:20.284,0.00,0.00,0.00,0.00,2,0
2026-06-12 18:22:20.334,0.00,0.00,0.00,0.00,2,0
2026-06-12 18:22:20.385,0.00,0.00,0.00,0.00,2,0
2026-06-12 18:22:20.435,0.00,0.00,0.00,0.00,2,0
2026-06-12 18:22:20.485,0.00,0.00,0.00,0.00,2,0
2026-06-12 18:22:20.536,0.00,0.00,0.00,0.00,2,0
2026-06-12 18:22:20.586,0.00,0.00,0.00,0.00,2,0
2026-06-12 18:22:20.637,0.00,0.00,0.00,0.00,2,0
2026-06-12 18:22:20.687,0.00,0.00,0.00,0.00,2,0
2026-06-12 18:22:20.738,0.00,0.00,0.00,0.00,2,0
2026-06-12 18:22:20.788,0.00,0.00,0.00,0.00,2,0
2026-06-12 18:22:20.839,0.00,0.00,0.00,0.00,2,0
2026-06-12 18:22:20.889,0.00,0.00,0.00,0.00,2,0
2026-06-12 18:22:20.939,0.00,0.00,0.00,0.00,2,0
2026-06-12 18:22:20.989,0.00,0.00,0.00,0.00,2,0
2026-06-12 18:22:21.040,0.00,0.00,0.00,0.00,2,0
2026-06-12 18:22:21.090,0.00,0.00,0.00,0.00,2,0
2026-06-12 18:22:21.141,0.00,0.00,0.00,0.00,2,0
2026-06-12 18:22:21.191,0.00,0.00,0.00,0.00,2,0
2026-06-12 18:22:21.242,0.00,0.00,0.00,0.00,2,0
2026-06-12 18:22:21.292,0.00,0.00,0.00,0.00,2,0
2026-06-12 18:22:21.342,0.00,0.00,0.00,0.00,2,0
2026-06-12 18:22:21.393,0.00,0.00,0.00,0.00,2,0
2026-06-12 18:22:21.443,0.00,0.00,0.00,0.00,2,0
2026-06-12 18:22:21.494,0.00,0.00,0.00,0.00,2,0
2026-06-12 18:22:21.544,0.00,0.00,0.00,0.00,2,0
2026-06-12 18:22:21.594,0.00,0.00,0.00,0.00,2,0
2026-06-12 18:22:21.645,0.00,0.00,0.00,0.00,2,0
2026-06-12 18:22:21.695,0.00,0.00,0.00,0.00,2,0
2026-06-12 18:22:21.746,0.00,0.00,0.00,0.00,2,0
2026-06-12 18:22:21.797,0.00,0.00,0.00,0.00,2,0
2026-06-12 18:22:21.846,0.00,0.00,0.00,0.00,2,0
2026-06-12 18:22:21.897,0.00,0.00,0.00,0.00,2,0
2026-06-12 18:22:21.947,0.00,0.00,0.00,0.00,2,0
2026-06-12 18:22:21.997,0.00,0.00,0.00,0.00,2,0
2026-06-12 18:22:22.048,0.00,0.00,0.00,0.00,2,0
2026-06-12 18:22:22.099,0.00,0.00,0.00,0.00,2,0
2026-06-12 18:22:22.149,0.00,0.00,0.00,0.00,2,0
2026-06-12 18:22:22.199,0.00,0.00,0.00,0.00,2,0
2026-06-12 18:22:22.250,0.00,0.00,0.00,0.00,2,0
2026-06-12 18:22:22.300,0.00,0.00,0.00,0.00,2,0
2026-06-12 18:22:22.350,0.00,0.00,0.00,0.00,2,0
2026-06-12 18:22:22.401,0.00,0.00,0.00,0.00,2,0
2026-06-12 18:22:22.451,0.00,0.00,0.00,0.00,2,0
2026-06-12 18:22:22.501,0.00,0.00,0.00,0.00,2,0
2026-06-12 18:22:22.552,0.00,0.00,0.00,0.00,2,0
2026-06-12 18:22:22.602,0.00,0.00,0.00,0.00,2,0
2026-06-12 18:22:22.653,0.00,0.00,0.00,0.00,2,0
2026-06-12 18:22:22.703,0.00,0.00,0.00,0.00,2,0
2026-06-12 18:22:22.754,0.00,0.00,0.00,0.00,2,0
2026-06-12 18:22:22.804,0.00,0.00,0.00,0.00,2,0
2026-06-12 18:22:22.854,0.00,0.00,0.00,0.00,2,0
2026-06-12 18:22:22.905,0.00,0.00,0.00,0.00,2,0
2026-06-12 18:22:22.955,0.00,0.00,0.00,0.00,2,0
2026-06-12 18:22:23.006,0.00,0.00,0.00,0.00,2,0
2026-06-12 18:22:23.056,0.00,0.00,0.00,0.00,2,0
2026-06-12 18:22:23.106,0.00,0.00,0.00,0.00,2,0
2026-06-12 18:22:23.157,0.00,0.00,0.00,0.00,2,0
2026-06-12 18:22:23.207,0.00,0.00,0.00,0.00,2,0
2026-06-12 18:22:23.257,0.00,0.00,0.00,0.00,2,0
2026-06-12 18:22:23.308,0.00,0.00,0.00,0.00,2,0
2026-06-12 18:22:23.359,0.00,0.00,0.00,0.00,2,0
2026-06-12 18:22:23.409,0.00,0.00,0.00,0.00,2,0
2026-06-12 18:22:23.459,0.00,0.00,0.00,0.00,2,0
2026-06-12 18:22:23.510,0.00,0.00,0.00,0.00,2,0
2026-06-12 18:22:23.560,0.00,0.00,0.00,0.00,2,0
2026-06-12 18:22:23.610,0.00,0.00,0.00,0.00,2,0
2026-06-12 18:22:23.661,0.00,0.00,0.00,0.00,2,0
2026-06-12 18:22:23.711,0.00,0.00,0.00,0.00,2,0
2026-06-12 18:22:23.762,0.00,0.00,0.00,0.00,2,0
2026-06-12 18:22:23.812,0.00,0.00,0.00,0.00,2,0
2026-06-12 18:22:23.862,0.00,0.00,0.00,0.00,2,0
2026-06-12 18:22:23.913,0.00,0.00,0.00,0.00,2,0
2026-06-12 18:22:23.963,0.00,0.00,0.00,0.00,2,0
2026-06-12 18:22:24.014,0.00,0.00,0.00,0.00,2,0
2026-06-12 18:22:24.064,0.00,0.00,0.00,0.00,2,0
2026-06-12 18:22:24.114,0.00,0.00,0.00,0.00,2,0
2026-06-12 18:22:24.165,0.00,0.00,0.00,0.00,2,0
2026-06-12 18:22:24.215,0.00,0.00,0.00,0.00,2,0
2026-06-12 18:22:24.266,0.00,0.00,0.00,0.00,2,0
2026-06-12 18:22:24.316,0.00,0.00,0.00,0.00,2,0
2026-06-12 18:22:24.366,0.00,0.00,0.00,0.00,2,0
2026-06-12 18:22:24.417,0.00,0.00,0.00,0.00,2,0
2026-06-12 18:22:24.467,0.00,0.00,0.00,0.00,2,0
2026-06-12 18:22:24.517,0.00,0.00,0.00,0.00,2,0
2026-06-12 18:22:24.568,0.00,0.00,0.00,0.00,2,0
2026-06-12 18:22:24.618,0.00,0.00,0.00,0.00,2,0
2026-06-12 18:22:24.669,0.00,0.00,0.00,0.00,2,0
2026-06-12 18:22:24.719,0.00,0.00,0.00,0.00,2,0
2026-06-12 18:22:24.769,0.00,0.00,0.00,0.00,2,0
2026-06-12 18:22:24.820,0.00,0.00,0.00,0.00,2,0
2026-06-12 18:22:24.870,0.00,0.00,0.00,0.00,2,0
2026-06-12 18:22:24.922,0.00,0.00,0.00,0.00,2,0
2026-06-12 18:22:24.974,0.00,0.00,0.00,0.00,2,0
2026-06-12 18:22:25.021,0.00,0.00,0.00,0.00,2,0
2026-06-12 18:22:25.072,0.00,0.00,0.00,0.00,2,0
2026-06-12 18:22:25.122,0.00,0.00,0.00,0.00,2,0
2026-06-12 18:22:25.173,0.00,0.00,0.00,0.00,2,0
2026-06-12 18:22:25.223,0.00,0.00,0.00,0.00,2,0
2026-06-12 18:22:25.273,0.00,0.00,0.00,0.00,2,0
2026-06-12 18:22:25.324,0.00,0.00,0.00,0.00,2,0
2026-06-12 18:22:25.374,0.00,0.00,0.00,0.00,2,0
2026-06-12 18:22:25.425,0.00,0.00,0.00,0.00,2,0
2026-06-12 18:22:25.475,0.00,0.00,0.00,0.00,2,0
2026-06-12 18:22:25.525,0.00,0.00,0.00,0.00,2,0
2026-06-12 18:22:25.576,0.00,0.00,0.00,0.00,2,0
2026-06-12 18:22:25.626,0.00,0.00,0.00,0.00,2,0
2026-06-12 18:22:25.677,0.00,0.00,0.00,0.00,2,0
2026-06-12 18:22:25.727,0.00,0.00,0.00,0.00,2,0
2026-06-12 18:22:25.777,0.00,0.00,0.00,0.00,2,0
2026-06-12 18:22:25.828,0.00,0.00,0.00,0.00,2,0
2026-06-12 18:22:25.879,0.00,0.00,0.00,0.00,2,0
2026-06-12 18:22:25.929,0.00,0.00,0.00,0.00,2,0
2026-06-12 18:22:25.979,0.00,0.00,0.00,0.00,2,0
2026-06-12 18:22:26.029,0.00,0.00,0.00,0.00,2,0
2026-06-12 18:22:26.080,0.00,0.00,0.00,0.00,2,0
2026-06-12 18:22:26.131,0.00,0.00,0.00,0.00,2,0
2026-06-12 18:22:26.181,0.00,0.00,0.00,0.00,2,0
2026-06-12 18:22:26.231,0.00,0.00,0.00,0.00,2,0
2026-06-12 18:22:26.282,0.00,0.00,0.00,0.00,2,0
2026-06-12 18:22:26.332,0.00,0.00,0.00,0.00,2,0
2026-06-12 18:22:26.382,0.00,0.00,0.00,0.00,2,0
2026-06-12 18:22:26.433,0.00,0.00,0.00,0.00,2,0
2026-06-12 18:22:26.483,0.00,0.00,0.00,0.00,2,0
2026-06-12 18:22:26.533,0.00,0.00,0.00,0.00,2,0
2026-06-12 18:22:26.584,0.00,0.00,0.00,0.00,2,0
2026-06-12 18:22:26.634,0.00,0.00,0.00,0.00,2,0
2026-06-12 18:22:26.685,0.00,0.00,0.00,0.00,2,0
2026-06-12 18:22:26.735,0.00,0.00,0.00,0.00,2,0
2026-06-12 18:22:26.786,0.00,0.00,0.00,0.00,2,0
2026-06-12 18:22:26.836,0.00,0.00,0.00,0.00,2,0
2026-06-12 18:22:26.886,0.00,0.00,0.00,0.00,2,0
2026-06-12 18:22:26.937,0.00,0.00,0.00,0.00,2,0
2026-06-12 18:22:26.987,0.00,0.00,0.00,0.00,2,0
2026-06-12 18:22:27.038,0.00,0.00,0.00,0.00,2,0
2026-06-12 18:22:27.088,0.00,0.00,0.00,0.00,2,0
2026-06-12 18:22:27.139,0.00,0.00,0.00,0.00,2,0
2026-06-12 18:22:27.189,0.00,0.00,0.00,0.00,2,0
2026-06-12 18:22:27.240,0.00,0.00,0.00,0.00,2,0
2026-06-12 18:22:27.289,0.00,0.00,0.00,0.00,2,0
2026-06-12 18:22:27.340,0.00,0.00,0.00,0.00,2,0
2026-06-12 18:22:27.390,0.00,0.00,0.00,0.00,2,0
2026-06-12 18:22:27.441,0.00,0.00,0.00,0.00,2,0
2026-06-12 18:22:27.491,0.00,0.00,0.00,0.00,2,0
2026-06-12 18:22:27.541,0.00,0.00,0.00,0.00,2,0
2026-06-12 18:22:27.592,0.00,0.00,0.00,0.00,2,0
2026-06-12 18:22:27.642,0.00,0.00,0.00,0.00,2,0
2026-06-12 18:22:27.692,0.00,0.00,0.00,0.00,2,0
2026-06-12 18:22:27.743,0.00,0.00,0.00,0.00,2,0
2026-06-12 18:22:27.793,0.00,0.00,0.00,0.00,2,0
2026-06-12 18:22:27.844,0.00,0.00,0.00,0.00,2,0
2026-06-12 18:22:27.894,0.00,0.00,0.00,0.00,2,0
2026-06-12 18:22:27.945,0.00,0.00,0.00,0.00,2,0
2026-06-12 18:22:27.995,0.00,0.00,0.00,0.00,2,0
2026-06-12 18:22:28.045,0.00,0.00,0.00,0.00,2,0
2026-06-12 18:22:28.096,0.00,0.00,0.00,0.00,2,0
2026-06-12 18:22:28.146,0.00,0.00,0.00,0.00,2,0
2026-06-12 18:22:28.197,0.00,0.00,0.00,0.00,2,0
2026-06-12 18:22:28.247,0.00,0.00,0.00,0.00,2,0
2026-06-12 18:22:28.297,0.00,0.00,0.00,0.00,2,0
2026-06-12 18:22:28.348,0.00,0.00,0.00,0.00,2,0
2026-06-12 18:22:28.398,0.00,0.00,0.00,0.00,2,0
2026-06-12 18:22:28.449,0.00,0.00,0.00,0.00,2,0
2026-06-12 18:22:28.499,0.00,0.00,0.00,0.00,2,0
2026-06-12 18:22:28.549,0.00,0.00,0.00,0.00,2,0
2026-06-12 18:22:28.600,0.00,0.00,0.00,0.00,2,0
2026-06-12 18:22:28.650,0.00,0.00,0.00,0.00,2,0
2026-06-12 18:22:28.700,0.00,0.00,0.00,0.00,2,0
2026-06-12 18:22:28.751,0.00,0.00,0.00,0.00,2,0
2026-06-12 18:22:28.801,0.00,0.00,0.00,0.00,2,0
2026-06-12 18:22:28.852,0.00,0.00,0.00,0.00,2,0
2026-06-12 18:22:28.902,0.00,0.00,0.00,0.00,2,0
2026-06-12 18:22:28.953,0.00,0.00,0.00,0.00,2,0
2026-06-12 18:22:29.003,0.00,0.00,0.00,0.00,2,0
2026-06-12 18:22:29.053,0.00,0.00,0.00,0.00,2,0
2026-06-12 18:22:29.104,0.00,0.00,0.00,0.00,2,0
2026-06-12 18:22:29.154,0.00,0.00,0.00,0.00,2,0
2026-06-12 18:22:29.205,0.00,0.00,0.00,0.00,2,0
2026-06-12 18:22:29.255,0.00,0.00,0.00,0.00,2,0
2026-06-12 18:22:29.305,0.00,0.00,0.00,0.00,2,0
2026-06-12 18:22:29.356,0.00,0.00,0.00,0.00,2,0
2026-06-12 18:22:29.406,0.00,0.00,0.00,0.00,2,0
2026-06-12 18:22:29.456,0.00,0.00,0.00,0.00,2,0
2026-06-12 18:22:29.507,0.00,0.00,0.00,0.00,2,0
2026-06-12 18:22:29.557,0.00,0.00,0.00,0.00,2,0
2026-06-12 18:22:29.608,0.00,0.00,0.00,0.00,2,0
2026-06-12 18:22:29.658,0.00,0.00,0.00,0.00,2,0
2026-06-12 18:22:29.709,0.00,0.00,0.00,0.00,2,0
2026-06-12 18:22:29.759,0.00,0.00,0.00,0.00,2,0
2026-06-12 18:22:29.809,0.00,0.00,0.00,0.00,2,0
2026-06-12 18:22:29.860,0.00,0.00,0.00,0.00,2,0
2026-06-12 18:22:29.910,0.00,0.00,0.00,0.00,2,0
2026-06-12 18:22:29.960,0.00,0.00,0.00,0.00,2,0
2026-06-12 18:22:30.011,0.00,0.00,0.00,0.00,2,0
2026-06-12 18:22:30.061,0.00,0.00,0.00,0.00,2,0
2026-06-12 18:22:30.112,0.00,0.00,0.00,0.00,2,0
2026-06-12 18:22:30.162,0.00,0.00,0.00,0.00,2,0
2026-06-12 18:22:30.212,0.00,0.00,0.00,0.00,2,0
2026-06-12 18:22:30.263,0.00,0.00,0.00,0.00,2,0
2026-06-12 18:22:30.313,0.00,0.00,0.00,0.00,2,0
2026-06-12 18:22:30.364,0.00,0.00,0.00,0.00,2,0
2026-06-12 18:22:30.414,0.00,0.00,0.00,0.00,2,0
2026-06-12 18:22:30.464,0.00,0.00,0.00,0.00,2,0
2026-06-12 18:22:30.515,0.00,0.00,0.00,0.00,2,0
2026-06-12 18:22:30.565,0.00,0.00,0.00,0.00,2,0
2026-06-12 18:22:30.616,0.00,0.00,0.00,0.00,2,0
2026-06-12 18:22:30.666,0.00,0.00,0.00,0.00,2,0
2026-06-12 18:22:30.716,0.00,0.00,0.00,0.00,2,0
2026-06-12 18:22:30.767,0.00,0.00,0.00,0.00,2,0
2026-06-12 18:22:30.817,0.00,0.00,0.00,0.00,2,0
2026-06-12 18:22:30.868,0.00,0.00,0.00,0.00,2,0
2026-06-12 18:22:30.919,0.00,0.00,0.00,0.00,2,0
2026-06-12 18:22:30.969,0.00,0.00,0.00,0.00,2,0
2026-06-12 18:22:31.019,0.00,0.00,0.00,0.00,2,0
2026-06-12 18:22:31.069,0.00,0.00,0.00,0.00,2,0
2026-06-12 18:22:31.120,0.00,0.00,0.00,0.00,2,0
2026-06-12 18:22:31.170,0.00,0.00,0.00,0.00,2,0
2026-06-12 18:22:31.220,0.00,0.00,0.00,0.00,2,0
2026-06-12 18:22:31.271,0.00,0.00,0.00,0.00,2,0
2026-06-12 18:22:31.321,0.00,0.00,0.00,0.00,2,0
2026-06-12 18:22:31.372,0.00,0.00,0.00,0.00,2,0
2026-06-12 18:22:31.422,0.00,0.00,0.00,0.00,2,0
2026-06-12 18:22:31.473,0.00,0.00,0.00,0.00,2,0
2026-06-12 18:22:31.523,0.00,0.00,0.00,0.00,2,0
2026-06-12 18:22:31.573,0.00,0.00,0.00,0.00,2,0
2026-06-12 18:22:31.624,0.00,0.00,0.00,0.00,2,0
2026-06-12 18:22:31.674,0.00,0.00,0.00,0.00,2,0
2026-06-12 18:22:31.724,0.00,0.00,0.00,0.00,2,0
2026-06-12 18:22:31.775,0.00,0.00,0.00,0.00,2,0
2026-06-12 18:22:31.825,0.00,0.00,0.00,0.00,2,0
2026-06-12 18:22:31.876,0.00,0.00,0.00,0.00,2,0
2026-06-12 18:22:31.927,0.00,0.00,0.00,0.00,2,0
2026-06-12 18:22:31.976,0.00,0.00,0.00,0.00,2,0
2026-06-12 18:22:32.027,0.00,0.00,0.00,0.00,2,0
2026-06-12 18:22:32.077,0.00,0.00,0.00,0.00,2,0
2026-06-12 18:22:32.128,0.00,0.00,0.00,0.00,2,0
2026-06-12 18:22:32.178,0.00,0.00,0.00,0.00,2,0
2026-06-12 18:22:32.229,0.00,0.00,0.00,0.00,2,0
2026-06-12 18:22:32.279,0.00,0.00,0.00,0.00,2,0
2026-06-12 18:22:32.329,0.00,0.00,0.00,0.00,2,0
2026-06-12 18:22:32.380,0.00,0.00,0.00,0.00,2,0
2026-06-12 18:22:32.430,0.00,0.00,0.00,0.00,2,0
2026-06-12 18:22:32.480,0.00,0.00,0.00,0.00,2,0
2026-06-12 18:22:32.531,0.00,0.00,0.00,0.00,2,0
2026-06-12 18:22:32.581,0.00,0.00,0.00,0.00,2,0
2026-06-12 18:22:32.632,0.00,0.00,0.00,0.00,2,0
2026-06-12 18:22:32.682,0.00,0.00,0.00,0.00,2,0
2026-06-12 18:22:32.732,0.00,0.00,0.00,0.00,2,0
2026-06-12 18:22:32.783,0.00,0.00,0.00,0.00,2,0
2026-06-12 18:22:32.833,0.00,0.00,0.00,0.00,2,0
2026-06-12 18:22:32.884,0.00,0.00,0.00,0.00,2,0
2026-06-12 18:22:32.934,0.00,0.00,0.00,0.00,2,0
2026-06-12 18:22:32.984,0.00,0.00,0.00,0.00,2,0
2026-06-12 18:22:33.035,0.00,0.00,0.00,0.00,2,0
2026-06-12 18:22:33.085,0.00,0.00,0.00,0.00,2,0
2026-06-12 18:22:33.136,0.00,0.00,0.00,0.00,2,0
2026-06-12 18:22:33.186,0.00,0.00,0.00,0.00,2,0
2026-06-12 18:22:33.236,0.00,0.00,0.00,0.00,2,0
2026-06-12 18:22:33.287,0.00,0.00,0.00,0.00,2,0
2026-06-12 18:22:33.337,0.00,0.00,0.00,0.00,2,0
2026-06-12 18:22:33.388,0.00,0.00,0.00,0.00,2,0
2026-06-12 18:22:33.438,0.00,0.00,0.00,0.00,2,0
2026-06-12 18:22:33.489,0.00,0.00,0.00,0.00,2,0
2026-06-12 18:22:33.539,0.00,0.00,0.00,0.00,2,0
2026-06-12 18:22:33.589,0.00,0.00,0.00,0.00,2,0
2026-06-12 18:22:33.640,0.00,0.00,0.00,0.00,2,0
2026-06-12 18:22:33.690,0.00,0.00,0.00,0.00,2,0
2026-06-12 18:22:33.740,0.00,0.00,0.00,0.00,2,0
2026-06-12 18:22:33.791,0.00,0.00,0.00,0.00,2,0
2026-06-12 18:22:33.841,0.00,0.00,0.00,0.00,2,0
2026-06-12 18:22:33.892,0.00,0.00,0.00,0.00,2,0
2026-06-12 18:22:33.942,0.00,0.00,0.00,0.00,2,0
2026-06-12 18:22:33.992,0.00,0.00,0.00,0.00,2,0
2026-06-12 18:22:34.043,0.00,0.00,0.00,0.00,2,0
2026-06-12 18:22:34.093,0.00,0.00,0.00,0.00,2,0
2026-06-12 18:22:34.144,0.00,0.00,0.00,0.00,2,0
2026-06-12 18:22:34.194,0.00,0.00,0.00,0.00,2,0
2026-06-12 18:22:34.244,0.00,0.00,0.00,0.00,2,0
2026-06-12 18:22:34.295,0.00,0.00,0.00,0.00,2,0
2026-06-12 18:22:34.345,0.00,0.00,0.00,0.00,2,0
2026-06-12 18:22:34.396,0.00,0.00,0.00,0.00,2,0
2026-06-12 18:22:34.446,0.00,0.00,0.00,0.00,2,0
2026-06-12 18:22:34.497,0.00,0.00,0.00,0.00,2,0
2026-06-12 18:22:34.547,0.00,0.00,0.00,0.00,2,0
2026-06-12 18:22:34.597,0.00,0.00,0.00,0.00,2,0
2026-06-12 18:22:34.648,0.00,0.00,0.00,0.00,2,0
2026-06-12 18:22:34.698,0.00,0.00,0.00,0.00,2,0
2026-06-12 18:22:34.749,0.00,0.00,0.00,0.00,2,0
2026-06-12 18:22:34.799,0.00,0.00,0.00,0.00,2,0
2026-06-12 18:22:34.849,0.00,0.00,0.00,0.00,2,0
2026-06-12 18:22:34.900,0.00,0.00,0.00,0.00,2,0
2026-06-12 18:22:34.950,0.00,0.00,0.00,0.00,2,0
2026-06-12 18:22:35.000,0.00,0.00,0.00,0.00,2,0
2026-06-12 18:22:35.051,0.00,0.00,0.00,0.00,2,0
2026-06-12 18:22:35.101,0.00,0.00,0.00,0.00,2,0
2026-06-12 18:22:35.152,0.00,0.00,0.00,0.00,2,0
2026-06-12 18:22:35.202,0.00,0.00,0.00,0.00,2,0
2026-06-12 18:22:35.252,0.00,0.00,0.00,0.00,2,0
2026-06-12 18:22:35.303,0.00,0.00,0.00,0.00,2,0
2026-06-12 18:22:35.353,0.00,0.00,0.00,0.00,2,0
2026-06-12 18:22:35.404,0.00,0.00,0.00,0.00,2,0
2026-06-12 18:22:35.454,0.00,0.00,0.00,0.00,2,0
2026-06-12 18:22:35.505,0.00,0.00,0.00,0.00,2,0
2026-06-12 18:22:35.555,0.00,0.00,0.00,0.00,2,0
2026-06-12 18:22:35.605,0.00,0.00,0.00,0.00,2,0
2026-06-12 18:22:35.656,0.00,0.00,0.00,0.00,2,0
2026-06-12 18:22:35.706,0.00,0.00,0.00,0.00,2,0
2026-06-12 18:22:35.756,0.00,0.00,0.00,0.00,2,0
2026-06-12 18:22:35.807,0.00,0.00,0.00,0.00,2,0
2026-06-12 18:22:35.857,0.00,0.00,0.00,0.00,2,0
2026-06-12 18:22:35.908,0.00,0.00,0.00,0.00,2,0
2026-06-12 18:22:35.958,0.00,0.00,0.00,0.00,2,0
2026-06-12 18:22:36.010,0.00,0.00,0.00,0.00,2,0
2026-06-12 18:22:36.060,0.00,0.00,0.00,0.00,2,0
2026-06-12 18:22:36.109,0.00,0.00,0.00,0.00,2,0
2026-06-12 18:22:36.160,0.00,0.00,0.00,0.00,2,0
2026-06-12 18:22:36.210,0.00,0.00,0.00,0.00,2,0
2026-06-12 18:22:36.260,0.00,0.00,0.00,0.00,2,0
2026-06-12 18:22:36.311,0.00,0.00,0.00,0.00,2,0
2026-06-12 18:22:36.361,0.00,0.00,0.00,0.00,2,0
2026-06-12 18:22:36.412,0.00,0.00,0.00,0.00,2,0
2026-06-12 18:22:36.462,0.00,0.00,0.00,0.00,2,0
2026-06-12 18:22:36.512,0.00,0.00,0.00,0.00,2,0
2026-06-12 18:22:36.563,0.00,0.00,0.00,0.00,2,0
2026-06-12 18:22:36.613,0.00,0.00,0.00,0.00,2,0
2026-06-12 18:22:36.664,0.00,0.00,0.00,0.00,2,0
2026-06-12 18:22:36.714,0.00,0.00,0.00,0.00,2,0
2026-06-12 18:22:36.764,0.00,0.00,0.00,0.00,2,0
2026-06-12 18:22:36.815,0.00,0.00,0.00,0.00,2,0
2026-06-12 18:22:36.865,0.00,0.00,0.00,0.00,2,0
2026-06-12 18:22:36.915,0.00,0.00,0.00,0.00,2,0
2026-06-12 18:22:36.966,0.00,0.00,0.00,0.00,2,0
2026-06-12 18:22:37.016,0.00,0.00,0.00,0.00,2,0
2026-06-12 18:22:37.067,0.00,0.00,0.00,0.00,2,0
2026-06-12 18:22:37.117,0.00,0.00,0.00,0.00,2,0
2026-06-12 18:22:37.167,0.00,0.00,0.00,0.00,2,0
2026-06-12 18:22:37.218,0.00,0.00,0.00,0.00,2,0
2026-06-12 18:22:37.268,0.00,0.00,0.00,0.00,2,0
2026-06-12 18:22:37.320,0.00,0.00,0.00,0.00,2,0
2026-06-12 18:22:37.370,0.00,0.00,0.00,0.00,2,0
2026-06-12 18:22:37.420,0.00,0.00,0.00,0.00,2,0
2026-06-12 18:22:37.470,0.00,0.00,0.00,0.00,2,0
2026-06-12 18:22:37.520,0.00,0.00,0.00,0.00,2,0
2026-06-12 18:22:37.571,0.00,0.00,0.00,0.00,2,0
2026-06-12 18:22:37.621,0.00,0.00,0.00,0.00,2,0
2026-06-12 18:22:37.672,0.00,0.00,0.00,0.00,2,0
2026-06-12 18:22:37.722,0.00,0.00,0.00,0.00,2,0
2026-06-12 18:22:37.772,0.00,0.00,0.00,0.00,2,0
2026-06-12 18:22:37.823,0.00,0.00,0.00,0.00,2,0
2026-06-12 18:22:37.873,0.00,0.00,0.00,0.00,2,0
2026-06-12 18:22:37.924,0.00,0.00,0.00,0.00,2,0
2026-06-12 18:22:37.974,0.00,0.00,0.00,0.00,2,0
2026-06-12 18:22:38.024,0.00,0.00,0.00,0.00,2,0
2026-06-12 18:22:38.075,0.00,0.00,0.00,0.00,2,0
2026-06-12 18:22:38.125,0.00,0.00,0.00,0.00,2,0
2026-06-12 18:22:38.176,0.00,0.00,0.00,0.00,2,0
2026-06-12 18:22:38.226,0.00,0.00,0.00,0.00,2,0
2026-06-12 18:22:38.276,0.00,0.00,0.00,0.00,2,0
2026-06-12 18:22:38.329,0.00,0.00,0.00,0.00,2,0
2026-06-12 18:22:38.377,0.00,0.00,0.00,0.00,2,0
2026-06-12 18:22:38.428,0.00,0.00,0.00,0.00,2,0
2026-06-12 18:22:38.478,0.00,0.00,0.00,0.00,2,0
2026-06-12 18:22:38.529,0.00,0.00,0.00,0.00,2,0
2026-06-12 18:22:38.579,0.00,0.00,0.00,0.00,2,0
2026-06-12 18:22:38.629,0.00,0.00,0.00,0.00,2,0
2026-06-12 18:22:38.679,0.00,0.00,0.00,0.00,2,0
2026-06-12 18:22:38.730,0.00,0.00,0.00,0.00,2,0
2026-06-12 18:22:38.780,0.00,0.00,0.00,0.00,2,0
2026-06-12 18:22:38.831,0.00,0.00,0.00,0.00,2,0
2026-06-12 18:22:38.881,0.00,0.00,0.00,0.00,2,0
2026-06-12 18:22:38.931,0.00,0.00,0.00,0.00,2,0
2026-06-12 18:22:38.982,0.00,0.00,0.00,0.00,2,0
2026-06-12 18:22:39.032,0.00,0.00,0.00,0.00,2,0
2026-06-12 18:22:39.083,0.00,0.00,0.00,0.00,2,0
2026-06-12 18:22:39.133,0.00,0.00,0.00,0.00,2,0
2026-06-12 18:22:39.184,0.00,0.00,0.00,0.00,2,0
2026-06-12 18:22:39.234,0.00,0.00,0.00,0.00,2,0
2026-06-12 18:22:39.284,0.00,0.00,0.00,0.00,2,0
2026-06-12 18:22:39.335,0.00,0.00,0.00,0.00,2,0
2026-06-12 18:22:39.385,0.00,0.00,0.00,0.00,2,0
2026-06-12 18:22:39.435,0.00,0.00,0.00,0.00,2,0
2026-06-12 18:22:39.486,0.00,0.00,0.00,0.00,2,0
2026-06-12 18:22:39.536,0.00,0.00,0.00,0.00,2,0
2026-06-12 18:22:39.587,0.00,0.00,0.00,0.00,2,0
2026-06-12 18:22:39.637,0.00,0.00,0.00,0.00,2,0
2026-06-12 18:22:39.688,0.00,0.00,0.00,0.00,2,0
2026-06-12 18:22:39.738,0.00,0.00,0.00,0.00,2,0
2026-06-12 18:22:39.789,0.00,0.00,0.00,0.00,2,0
2026-06-12 18:22:39.839,0.00,0.00,0.00,0.00,2,0
2026-06-12 18:22:39.889,0.00,0.00,0.00,0.00,2,0
2026-06-12 18:22:39.939,0.00,0.00,0.00,0.00,2,0
2026-06-12 18:22:39.990,0.00,0.00,0.00,0.00,2,0
2026-06-12 18:22:40.040,0.00,0.00,0.00,0.00,2,0
2026-06-12 18:22:40.091,0.00,0.00,0.00,0.00,2,0
2026-06-12 18:22:40.141,0.00,0.00,0.00,0.00,2,0
2026-06-12 18:22:40.191,0.00,0.00,0.00,0.00,2,0
2026-06-12 18:22:40.242,0.00,0.00,0.00,0.00,2,0
2026-06-12 18:22:40.292,0.00,0.00,0.00,0.00,2,0
2026-06-12 18:22:40.344,0.00,0.00,0.00,0.00,2,0
2026-06-12 18:22:40.393,0.00,0.00,0.00,0.00,2,0
2026-06-12 18:22:40.443,0.00,0.00,0.00,0.00,2,0
2026-06-12 18:22:40.494,0.00,0.00,0.00,0.00,2,0
2026-06-12 18:22:40.544,0.00,0.00,0.00,0.00,2,0
2026-06-12 18:22:40.595,0.00,0.00,0.00,0.00,2,0
2026-06-12 18:22:40.645,0.00,0.00,0.00,0.00,2,0
2026-06-12 18:22:40.696,0.00,0.00,0.00,0.00,2,0
2026-06-12 18:22:40.746,0.00,0.00,0.00,0.00,2,0
2026-06-12 18:22:40.796,0.00,0.00,0.00,0.00,2,0
2026-06-12 18:22:40.847,0.00,0.00,0.00,0.00,2,0
2026-06-12 18:22:40.898,0.00,0.00,0.00,0.00,2,0
2026-06-12 18:22:40.947,0.00,0.00,0.00,0.00,2,0
2026-06-12 18:22:40.998,0.00,0.00,0.00,0.00,2,0
2026-06-12 18:22:41.049,0.00,0.00,0.00,0.00,2,0
2026-06-12 18:22:41.099,0.00,0.00,0.00,0.00,2,0
2026-06-12 18:22:41.149,0.00,0.00,0.00,0.00,2,0
2026-06-12 18:22:41.199,0.00,0.00,0.00,0.00,2,0
2026-06-12 18:22:41.250,0.00,0.00,0.00,0.00,2,0
2026-06-12 18:22:41.300,0.00,0.00,0.00,0.00,2,0
2026-06-12 18:22:41.351,0.00,0.00,0.00,0.00,2,0
2026-06-12 18:22:41.401,0.00,0.00,0.00,0.00,2,0
2026-06-12 18:22:41.451,0.00,0.00,0.00,0.00,2,0
2026-06-12 18:22:41.502,0.00,0.00,0.00,0.00,2,0
2026-06-12 18:22:41.552,0.00,0.00,0.00,0.00,2,0
2026-06-12 18:22:41.603,0.00,0.00,0.00,0.00,2,0
2026-06-12 18:22:41.653,0.00,0.00,0.00,0.00,2,0
2026-06-12 18:22:41.703,0.00,0.00,0.00,0.00,2,0
2026-06-12 18:22:41.754,0.00,0.00,0.00,0.00,2,0
2026-06-12 18:22:41.804,0.00,0.00,0.00,0.00,2,0
2026-06-12 18:22:41.855,0.00,0.00,0.00,0.00,2,0
2026-06-12 18:22:41.905,0.00,0.00,0.00,0.00,2,0
2026-06-12 18:22:41.955,0.00,0.00,0.00,0.00,2,0
2026-06-12 18:22:42.006,0.00,0.00,0.00,0.00,2,0
2026-06-12 18:22:42.056,0.00,0.00,0.00,0.00,2,0
2026-06-12 18:22:42.107,0.00,0.00,0.00,0.00,2,0
2026-06-12 18:22:42.157,0.00,0.00,0.00,0.00,2,0
2026-06-12 18:22:42.207,0.00,0.00,0.00,0.00,2,0
2026-06-12 18:22:42.258,0.00,0.00,0.00,0.00,2,0
2026-06-12 18:22:42.308,0.00,0.00,0.00,0.00,2,0
2026-06-12 18:22:42.359,0.00,0.00,0.00,0.00,2,0
2026-06-12 18:22:42.409,0.00,0.00,0.00,0.00,2,0
2026-06-12 18:22:42.459,0.00,0.00,0.00,0.00,2,0
2026-06-12 18:22:42.510,0.00,0.00,0.00,0.00,2,0
2026-06-12 18:22:42.560,0.00,0.00,0.00,0.00,2,0
2026-06-12 18:22:42.611,0.00,0.00,0.00,0.00,2,0
2026-06-12 18:22:42.661,0.00,0.00,0.00,0.00,2,0
2026-06-12 18:22:42.711,0.00,0.00,0.00,0.00,2,0
2026-06-12 18:22:42.762,0.00,0.00,0.00,0.00,2,0
2026-06-12 18:22:42.812,0.00,0.00,0.00,0.00,2,0
2026-06-12 18:22:42.863,0.00,0.00,0.00,0.00,2,0
2026-06-12 18:22:42.913,0.00,0.00,0.00,0.00,2,0
2026-06-12 18:22:42.963,0.00,0.00,0.00,0.00,2,0
2026-06-12 18:22:43.014,0.00,0.00,0.00,0.00,2,0
2026-06-12 18:22:43.064,0.00,0.00,0.00,0.00,2,0
2026-06-12 18:22:43.115,0.00,0.00,0.00,0.00,2,0
2026-06-12 18:22:43.165,0.00,0.00,0.00,0.00,2,0
2026-06-12 18:22:43.215,0.00,0.00,0.00,0.00,2,0
2026-06-12 18:22:43.266,0.00,0.00,0.00,0.00,2,0
2026-06-12 18:22:43.316,0.00,0.00,0.00,0.00,2,0
2026-06-12 18:22:43.367,0.00,0.00,0.00,0.00,2,0
2026-06-12 18:22:43.417,0.00,0.00,0.00,0.00,2,0
2026-06-12 18:22:43.467,0.00,0.00,0.00,0.00,2,0
2026-06-12 18:22:43.518,0.00,0.00,0.00,0.00,2,0
2026-06-12 18:22:43.568,0.00,0.00,0.00,0.00,2,0
2026-06-12 18:22:43.619,0.00,0.00,0.00,0.00,2,0
2026-06-12 18:22:43.671,0.00,0.00,0.00,0.00,2,0
2026-06-12 18:22:43.719,0.00,0.00,0.00,0.00,2,0
2026-06-12 18:22:43.770,0.00,0.00,0.00,0.00,2,0
2026-06-12 18:22:43.820,0.00,0.00,0.00,0.00,2,0
2026-06-12 18:22:43.871,0.00,0.00,0.00,0.00,2,0
2026-06-12 18:22:43.921,0.00,0.00,0.00,0.00,2,0
2026-06-12 18:22:43.971,0.00,0.00,0.00,0.00,2,0
2026-06-12 18:22:44.022,0.00,0.00,0.00,0.00,2,0
2026-06-12 18:22:44.072,0.00,0.00,0.00,0.00,2,0
2026-06-12 18:22:44.123,0.00,0.00,0.00,0.00,2,0
2026-06-12 18:22:44.173,0.00,0.00,0.00,0.00,2,0
2026-06-12 18:22:44.223,0.00,0.00,0.00,0.00,2,0
2026-06-12 18:22:44.274,0.00,0.00,0.00,0.00,2,0
2026-06-12 18:22:44.324,0.00,0.00,0.00,0.00,2,0
2026-06-12 18:22:44.377,0.00,0.00,0.00,0.00,2,0
2026-06-12 18:22:44.425,0.00,0.00,0.00,0.00,2,0
2026-06-12 18:22:44.475,0.00,0.00,0.00,0.00,2,0
2026-06-12 18:22:44.526,0.00,0.00,0.00,0.00,2,0
2026-06-12 18:22:44.576,0.00,0.00,0.00,0.00,2,0
2026-06-12 18:22:44.627,0.00,0.00,0.00,0.00,2,0
2026-06-12 18:22:44.677,0.00,0.00,0.00,0.00,2,0
2026-06-12 18:22:44.727,0.00,0.00,0.00,0.00,2,0
2026-06-12 18:22:44.778,0.00,0.00,0.00,0.00,2,0
2026-06-12 18:22:44.828,0.00,0.00,0.00,0.00,2,0
2026-06-12 18:22:44.879,0.00,0.00,0.00,0.00,2,0
2026-06-12 18:22:44.929,0.00,0.00,0.00,0.00,2,0
2026-06-12 18:22:44.979,0.00,0.00,0.00,0.00,2,0
2026-06-12 18:22:45.030,0.00,0.00,0.00,0.00,2,0
2026-06-12 18:22:45.080,0.00,0.00,0.00,0.00,2,0
2026-06-12 18:22:45.130,0.00,0.00,0.00,0.00,2,0
2026-06-12 18:22:45.181,0.00,0.00,0.00,0.00,2,0
2026-06-12 18:22:45.233,0.00,0.00,0.00,0.00,2,0
2026-06-12 18:22:45.282,0.00,0.00,0.00,0.00,2,0
2026-06-12 18:22:45.332,0.00,0.00,0.00,0.00,2,0
2026-06-12 18:22:45.382,0.00,0.00,0.00,0.00,2,0
2026-06-12 18:22:45.433,0.00,0.00,0.00,0.00,2,0
2026-06-12 18:22:45.483,0.00,0.00,0.00,0.00,2,0
2026-06-12 18:22:45.534,0.00,0.00,0.00,0.00,2,0
2026-06-12 18:22:45.584,0.00,0.00,0.00,0.00,2,0
2026-06-12 18:22:45.635,0.00,0.00,0.00,0.00,2,0
2026-06-12 18:22:45.685,0.00,0.00,0.00,0.00,2,0
2026-06-12 18:22:45.735,0.00,0.00,0.00,0.00,2,0
2026-06-12 18:22:45.786,0.00,0.00,0.00,0.00,2,0
2026-06-12 18:22:45.836,0.00,0.00,0.00,0.00,2,0
2026-06-12 18:22:45.887,0.00,0.00,0.00,0.00,2,0
2026-06-12 18:22:45.937,0.00,0.00,0.00,0.00,2,0
2026-06-12 18:22:45.987,0.00,0.00,0.00,0.00,2,0
2026-06-12 18:22:46.038,0.00,0.00,0.00,0.00,2,0
2026-06-12 18:22:46.088,0.00,0.00,0.00,0.00,2,0
2026-06-12 18:22:46.139,0.00,0.00,0.00,0.00,2,0
2026-06-12 18:22:46.189,0.00,0.00,0.00,0.00,2,0
2026-06-12 18:22:46.239,0.00,0.00,0.00,0.00,2,0
2026-06-12 18:22:46.290,0.00,0.00,0.00,0.00,2,0
2026-06-12 18:22:46.340,0.00,0.00,0.00,0.00,2,0
2026-06-12 18:22:46.391,0.00,0.00,0.00,0.00,2,0
2026-06-12 18:22:46.442,0.00,0.00,0.00,0.00,2,0
2026-06-12 18:22:46.491,0.00,0.00,0.00,0.00,2,0
2026-06-12 18:22:46.542,0.00,0.00,0.00,0.00,2,0
2026-06-12 18:22:46.592,0.00,0.00,0.00,0.00,2,0
2026-06-12 18:22:46.642,0.00,0.00,0.00,0.00,2,0
2026-06-12 18:22:46.693,0.00,0.00,0.00,0.00,2,0
2026-06-12 18:22:46.743,0.00,0.00,0.00,0.00,2,0
2026-06-12 18:22:46.794,0.00,0.00,0.00,0.00,2,0
2026-06-12 18:22:46.844,0.00,0.00,0.00,0.00,2,0
2026-06-12 18:22:46.895,0.00,0.00,0.00,0.00,2,0
2026-06-12 18:22:46.945,0.00,0.00,0.00,0.00,2,0
2026-06-12 18:22:46.995,0.00,0.00,0.00,0.00,2,0
2026-06-12 18:22:47.046,0.00,0.00,0.00,0.00,2,0
2026-06-12 18:22:47.096,0.00,0.00,0.00,0.00,2,0
2026-06-12 18:22:47.146,0.00,0.00,0.00,0.00,2,0
2026-06-12 18:22:47.197,0.00,0.00,0.00,0.00,2,0
2026-06-12 18:22:47.247,0.00,0.00,0.00,0.00,2,0
2026-06-12 18:22:47.298,0.00,0.00,0.00,0.00,2,0
2026-06-12 18:22:47.349,0.00,0.00,0.00,0.00,2,0
2026-06-12 18:22:47.399,0.00,0.00,0.00,0.00,2,0
2026-06-12 18:22:47.449,0.00,0.00,0.00,0.00,2,0
2026-06-12 18:22:47.499,0.00,0.00,0.00,0.00,2,0
2026-06-12 18:22:47.550,0.00,0.00,0.00,0.00,2,0
2026-06-12 18:22:47.600,0.00,0.00,0.00,0.00,2,0
2026-06-12 18:22:47.650,0.00,0.00,0.00,0.00,2,0
2026-06-12 18:22:47.701,0.00,0.00,0.00,0.00,2,0
2026-06-12 18:22:47.753,0.00,0.00,0.00,0.00,2,0
2026-06-12 18:22:47.802,0.00,0.00,0.00,0.00,2,0
2026-06-12 18:22:47.852,0.00,0.00,0.00,0.00,2,0
2026-06-12 18:22:47.902,0.00,0.00,0.00,0.00,2,0
2026-06-12 18:22:47.953,0.00,0.00,0.00,0.00,2,0
2026-06-12 18:22:48.003,0.00,0.00,0.00,0.00,2,0
2026-06-12 18:22:48.054,0.00,0.00,0.00,0.00,2,0
2026-06-12 18:22:48.104,0.00,0.00,0.00,0.00,2,0
2026-06-12 18:22:48.155,0.00,0.00,0.00,0.00,2,0
