Timestamp,Speed_kmh,Accel_ms2,Raw_RPM,Filtered_RPM,Brake_State,Control_Mode
2026-06-12 16:55:06.130,0.00,0.00,0.00,0.00,0,0
2026-06-12 16:55:06.179,0.00,0.00,0.00,0.00,0,2
2026-06-12 16:55:06.231,0.00,0.00,0.00,0.00,2,0
2026-06-12 16:55:06.280,0.00,0.00,0.00,0.00,2,0
2026-06-12 16:55:06.331,0.00,0.00,0.00,0.00,2,0
2026-06-12 16:55:06.382,0.00,0.00,0.00,0.00,2,0
2026-06-12 16:55:06.431,0.00,0.00,0.00,0.00,2,0
2026-06-12 16:55:06.482,0.00,0.00,0.00,0.00,2,0
2026-06-12 16:55:06.532,0.00,0.00,0.00,0.00,2,0
2026-06-12 16:55:06.583,0.00,0.00,0.00,0.00,2,0
2026-06-12 16:55:06.633,0.00,0.00,0.00,0.00,2,0
2026-06-12 16:55:06.683,0.00,0.00,0.00,0.00,2,0
2026-06-12 16:55:06.734,0.00,0.00,0.00,0.00,2,0
2026-06-12 16:55:06.784,0.00,0.00,0.00,0.00,2,0
2026-06-12 16:55:06.835,0.00,0.00,0.00,0.00,2,0
2026-06-12 16:55:06.885,0.00,0.00,0.00,0.00,2,0
2026-06-12 16:55:06.935,0.00,0.00,0.00,0.00,2,0
2026-06-12 16:55:06.986,0.00,0.00,0.00,0.00,2,0
2026-06-12 16:55:07.036,0.00,0.00,0.00,0.00,2,0
2026-06-12 16:55:07.087,0.00,0.00,0.00,0.00,2,0
2026-06-12 16:55:07.137,0.00,0.00,0.00,0.00,2,0
2026-06-12 16:55:07.187,0.00,0.00,0.00,0.00,2,0
2026-06-12 16:55:07.238,0.00,0.00,0.00,0.00,2,0
2026-06-12 16:55:07.288,0.00,0.00,0.00,0.00,2,0
2026-06-12 16:55:07.339,0.00,0.00,0.00,0.00,2,0
2026-06-12 16:55:07.389,0.00,0.00,0.00,0.00,2,0
2026-06-12 16:55:07.439,0.00,0.00,0.00,0.00,2,0
2026-06-12 16:55:07.492,0.00,0.00,0.00,0.00,2,0
2026-06-12 16:55:07.540,0.00,0.00,0.00,0.00,2,0
2026-06-12 16:55:07.591,0.00,0.00,0.00,0.00,2,0
2026-06-12 16:55:07.643,0.00,0.00,0.00,0.00,2,0
2026-06-12 16:55:07.691,0.00,0.00,0.00,0.00,2,0
2026-06-12 16:55:07.742,0.00,0.00,0.00,0.00,2,0
2026-06-12 16:55:07.792,0.00,0.00,0.00,0.00,2,0
2026-06-12 16:55:07.843,0.00,0.00,0.00,0.00,2,0
2026-06-12 16:55:07.893,0.00,0.00,0.00,0.00,2,0
2026-06-12 16:55:07.943,0.00,0.00,0.00,0.00,2,0
2026-06-12 16:55:07.994,0.00,0.00,0.00,0.00,2,0
2026-06-12 16:55:08.044,0.00,0.00,0.00,0.00,2,0
2026-06-12 16:55:08.095,0.00,0.00,0.00,0.00,2,0
2026-06-12 16:55:08.145,0.00,0.00,0.00,0.00,2,0
2026-06-12 16:55:08.196,0.00,0.00,0.00,0.00,2,0
2026-06-12 16:55:08.246,0.00,0.00,0.00,0.00,2,0
2026-06-12 16:55:08.298,0.00,0.00,0.00,0.00,2,0
2026-06-12 16:55:08.347,0.00,0.00,0.00,0.00,2,0
2026-06-12 16:55:08.397,0.00,0.00,0.00,0.00,2,0
2026-06-12 16:55:08.447,0.00,0.00,0.00,0.00,2,0
2026-06-12 16:55:08.498,0.00,0.00,0.00,0.00,2,0
2026-06-12 16:55:08.548,0.00,0.00,0.00,0.00,2,0
2026-06-12 16:55:08.599,0.00,0.00,0.00,0.00,2,0
2026-06-12 16:55:08.649,0.00,0.00,0.00,0.00,2,0
2026-06-12 16:55:08.699,0.00,0.00,0.00,0.00,2,0
2026-06-12 16:55:08.751,0.00,0.00,0.00,0.00,2,0
2026-06-12 16:55:08.801,0.00,0.00,0.00,0.00,2,0
2026-06-12 16:55:08.851,0.00,0.00,0.00,0.00,2,0
2026-06-12 16:55:08.901,0.00,0.00,0.00,0.00,2,0
2026-06-12 16:55:08.951,0.00,0.00,0.00,0.00,2,0
2026-06-12 16:55:09.002,0.00,0.00,0.00,0.00,2,0
2026-06-12 16:55:09.052,0.00,0.00,0.00,0.00,2,0
2026-06-12 16:55:09.102,0.00,0.00,0.00,0.00,2,0
2026-06-12 16:55:09.153,0.00,0.00,0.00,0.00,2,0
2026-06-12 16:55:09.203,0.00,0.00,0.00,0.00,2,0
2026-06-12 16:55:09.254,0.00,0.00,0.00,0.00,2,0
2026-06-12 16:55:09.304,0.00,0.00,0.00,0.00,2,0
2026-06-12 16:55:09.355,0.00,0.00,0.00,0.00,2,0
2026-06-12 16:55:09.405,0.00,0.00,0.00,0.00,2,0
2026-06-12 16:55:09.455,0.00,0.00,0.00,0.00,2,0
2026-06-12 16:55:09.506,0.00,0.00,0.00,0.00,2,0
2026-06-12 16:55:09.556,0.00,0.00,0.00,0.00,2,0
2026-06-12 16:55:09.607,0.00,0.00,0.00,0.00,2,0
2026-06-12 16:55:09.657,0.00,0.00,0.00,0.00,2,0
2026-06-12 16:55:09.707,0.00,0.00,0.00,0.00,2,0
2026-06-12 16:55:09.758,0.00,0.00,0.00,0.00,2,0
2026-06-12 16:55:09.808,0.00,0.00,0.00,0.00,2,0
2026-06-12 16:55:09.859,0.00,0.00,0.00,0.00,2,0
2026-06-12 16:55:09.909,0.00,0.00,0.00,0.00,2,0
2026-06-12 16:55:09.959,0.00,0.00,0.00,0.00,2,0
2026-06-12 16:55:10.010,0.00,0.00,0.00,0.00,2,0
2026-06-12 16:55:10.060,0.00,0.00,0.00,0.00,2,0
2026-06-12 16:55:10.111,0.00,0.00,0.00,0.00,2,0
2026-06-12 16:55:10.161,0.00,0.00,0.00,0.00,2,0
2026-06-12 16:55:10.211,0.00,0.00,0.00,0.00,2,0
2026-06-12 16:55:10.262,0.00,0.00,0.00,0.00,2,0
2026-06-12 16:55:10.312,0.00,0.00,0.00,0.00,2,0
2026-06-12 16:55:10.363,0.00,0.00,0.00,0.00,2,0
2026-06-12 16:55:10.413,0.00,0.00,0.00,0.00,2,0
2026-06-12 16:55:10.463,0.00,0.00,0.00,0.00,2,0
2026-06-12 16:55:10.514,0.00,0.00,0.00,0.00,2,0
2026-06-12 16:55:10.564,0.00,0.00,0.00,0.00,2,0
2026-06-12 16:55:10.615,0.00,0.00,0.00,0.00,2,0
2026-06-12 16:55:10.665,0.00,0.00,0.00,0.00,2,0
2026-06-12 16:55:10.715,0.00,0.00,0.00,0.00,2,0
2026-06-12 16:55:10.766,0.00,0.00,0.00,0.00,2,0
2026-06-12 16:55:10.816,0.00,0.00,0.00,0.00,2,0
2026-06-12 16:55:10.867,0.00,0.00,0.00,0.00,2,0
2026-06-12 16:55:10.917,0.00,0.00,0.00,0.00,2,0
2026-06-12 16:55:10.967,0.00,0.00,0.00,0.00,2,0
2026-06-12 16:55:11.018,0.00,0.00,0.00,0.00,2,0
2026-06-12 16:55:11.068,0.00,0.00,0.00,0.00,2,0
2026-06-12 16:55:11.119,0.00,0.00,0.00,0.00,2,0
2026-06-12 16:55:11.169,0.00,0.00,0.00,0.00,2,0
2026-06-12 16:55:11.219,0.00,0.00,0.00,0.00,2,0
2026-06-12 16:55:11.270,0.00,0.00,0.00,0.00,2,0
2026-06-12 16:55:11.320,0.00,0.00,0.00,0.00,2,0
2026-06-12 16:55:11.371,0.00,0.00,0.00,0.00,2,0
2026-06-12 16:55:11.421,0.00,0.00,0.00,0.00,2,0
2026-06-12 16:55:11.471,0.00,0.00,0.00,0.00,2,0
2026-06-12 16:55:11.522,0.00,0.00,0.00,0.00,2,0
2026-06-12 16:55:11.572,0.00,0.00,0.00,0.00,2,0
2026-06-12 16:55:11.622,0.00,0.00,0.00,0.00,2,0
2026-06-12 16:55:11.673,0.00,0.00,0.00,0.00,2,0
2026-06-12 16:55:11.723,0.00,0.00,0.00,0.00,2,0
2026-06-12 16:55:11.774,0.00,0.00,0.00,0.00,2,0
2026-06-12 16:55:11.824,0.00,0.00,0.00,0.00,2,0
2026-06-12 16:55:11.875,0.00,0.00,0.00,0.00,2,0
2026-06-12 16:55:11.925,0.00,0.00,0.00,0.00,2,0
2026-06-12 16:55:11.975,0.00,0.00,0.00,0.00,2,0
2026-06-12 16:55:12.026,0.00,0.00,0.00,0.00,2,0
2026-06-12 16:55:12.076,0.00,0.00,0.00,0.00,2,0
2026-06-12 16:55:12.126,0.00,0.00,0.00,0.00,2,0
2026-06-12 16:55:12.177,0.00,0.00,0.00,0.00,2,0
2026-06-12 16:55:12.227,0.00,0.00,0.00,0.00,2,0
2026-06-12 16:55:12.278,0.00,0.00,0.00,0.00,2,0
2026-06-12 16:55:12.328,0.00,0.00,0.00,0.00,2,0
2026-06-12 16:55:12.378,0.00,0.00,0.00,0.00,2,0
2026-06-12 16:55:12.429,0.00,0.00,0.00,0.00,2,0
2026-06-12 16:55:12.479,0.00,0.00,0.00,0.00,2,0
2026-06-12 16:55:12.530,0.00,0.00,0.00,0.00,2,0
2026-06-12 16:55:12.581,0.00,0.00,0.00,0.00,2,0
2026-06-12 16:55:12.631,0.00,0.00,0.00,0.00,2,0
2026-06-12 16:55:12.681,0.00,0.00,0.00,0.00,2,0
2026-06-12 16:55:12.731,0.00,0.00,0.00,0.00,2,0
2026-06-12 16:55:12.782,0.00,0.00,0.00,0.00,2,0
2026-06-12 16:55:12.832,0.00,0.00,0.00,0.00,2,0
2026-06-12 16:55:12.882,0.00,0.00,0.00,0.00,2,0
2026-06-12 16:55:12.933,0.00,0.00,0.00,0.00,2,0
2026-06-12 16:55:12.984,0.00,0.00,0.00,0.00,2,0
2026-06-12 16:55:13.034,0.00,0.00,0.00,0.00,2,0
2026-06-12 16:55:13.084,0.00,0.00,0.00,0.00,2,0
2026-06-12 16:55:13.135,0.00,0.00,0.00,0.00,2,0
2026-06-12 16:55:13.186,0.00,0.00,0.00,0.00,2,0
2026-06-12 16:55:13.235,0.00,0.00,0.00,0.00,2,0
2026-06-12 16:55:13.286,0.00,0.00,0.00,0.00,2,0
2026-06-12 16:55:13.336,0.00,0.00,0.00,0.00,2,0
2026-06-12 16:55:13.387,0.00,0.00,0.00,0.00,2,0
2026-06-12 16:55:13.437,0.00,0.00,0.00,0.00,2,0
2026-06-12 16:55:13.487,0.00,0.00,0.00,0.00,2,0
2026-06-12 16:55:13.538,0.00,0.00,0.00,0.00,2,0
2026-06-12 16:55:13.588,0.00,0.00,0.00,0.00,2,0
2026-06-12 16:55:13.638,0.00,0.00,0.00,0.00,2,0
2026-06-12 16:55:13.689,0.00,0.00,0.00,0.00,2,0
2026-06-12 16:55:13.739,0.00,0.00,0.00,0.00,2,0
2026-06-12 16:55:13.790,0.00,0.00,0.00,0.00,2,0
2026-06-12 16:55:13.840,0.00,0.00,0.00,0.00,2,0
2026-06-12 16:55:13.890,0.00,0.00,0.00,0.00,2,0
2026-06-12 16:55:13.941,0.00,0.00,0.00,0.00,2,0
2026-06-12 16:55:13.991,0.00,0.00,0.00,0.00,2,0
2026-06-12 16:55:14.042,0.00,0.00,0.00,0.00,2,0
2026-06-12 16:55:14.092,0.00,0.00,0.00,0.00,2,0
2026-06-12 16:55:14.143,0.00,0.00,0.00,0.00,2,0
2026-06-12 16:55:14.193,0.00,0.00,0.00,0.00,2,0
2026-06-12 16:55:14.243,0.00,0.00,0.00,0.00,2,0
2026-06-12 16:55:14.294,0.00,0.00,0.00,0.00,2,0
2026-06-12 16:55:14.344,0.00,0.00,0.00,0.00,2,0
2026-06-12 16:55:14.394,0.00,0.00,0.00,0.00,2,0
2026-06-12 16:55:14.445,0.00,0.00,0.00,0.00,2,0
2026-06-12 16:55:14.495,0.00,0.00,0.00,0.00,2,0
2026-06-12 16:55:14.546,0.00,0.00,0.00,0.00,2,0
2026-06-12 16:55:14.596,0.00,0.00,0.00,0.00,2,0
2026-06-12 16:55:14.646,0.00,0.00,0.00,0.00,2,0
2026-06-12 16:55:14.697,0.00,0.00,0.00,0.00,2,0
2026-06-12 16:55:14.747,0.00,0.00,0.00,0.00,2,0
2026-06-12 16:55:14.798,0.00,0.00,0.00,0.00,2,0
2026-06-12 16:55:14.848,0.00,0.00,0.00,0.00,2,0
2026-06-12 16:55:14.898,0.00,0.00,0.00,0.00,2,0
2026-06-12 16:55:14.949,0.00,0.00,0.00,0.00,2,0
2026-06-12 16:55:14.999,0.00,0.00,0.00,0.00,2,0
2026-06-12 16:55:15.050,0.00,0.00,0.00,0.00,2,0
2026-06-12 16:55:15.100,0.00,0.00,0.00,0.00,2,0
2026-06-12 16:55:15.150,0.00,0.00,0.00,0.00,2,0
2026-06-12 16:55:15.201,0.00,0.00,0.00,0.00,2,0
2026-06-12 16:55:15.251,0.00,0.00,0.00,0.00,2,0
2026-06-12 16:55:15.302,0.00,0.00,0.00,0.00,2,0
2026-06-12 16:55:15.352,0.00,0.00,0.00,0.00,2,0
2026-06-12 16:55:15.402,0.00,0.00,0.00,0.00,2,0
2026-06-12 16:55:15.453,0.00,0.00,0.00,0.00,2,0
2026-06-12 16:55:15.503,0.00,0.00,0.00,0.00,2,0
2026-06-12 16:55:15.554,0.00,0.00,0.00,0.00,2,0
2026-06-12 16:55:15.604,0.00,0.00,0.00,0.00,2,0
2026-06-12 16:55:15.654,0.00,0.00,0.00,0.00,2,0
2026-06-12 16:55:15.705,0.00,0.00,0.00,0.00,2,0
2026-06-12 16:55:15.755,0.00,0.00,0.00,0.00,2,0
2026-06-12 16:55:15.806,0.00,0.00,0.00,0.00,2,0
2026-06-12 16:55:15.856,0.00,0.00,0.00,0.00,2,0
2026-06-12 16:55:15.906,0.00,0.00,0.00,0.00,2,0
2026-06-12 16:55:15.957,0.00,0.00,0.00,0.00,2,0
2026-06-12 16:55:16.007,0.00,0.00,0.00,0.00,2,0
2026-06-12 16:55:16.058,0.00,0.00,0.00,0.00,2,0
2026-06-12 16:55:16.108,0.00,0.00,0.00,0.00,2,0
2026-06-12 16:55:16.158,0.00,0.00,0.00,0.00,2,0
2026-06-12 16:55:16.209,0.00,0.00,0.00,0.00,2,0
2026-06-12 16:55:16.259,0.00,0.00,0.00,0.00,2,0
2026-06-12 16:55:16.310,0.00,0.00,0.00,0.00,2,0
2026-06-12 16:55:16.360,0.00,0.00,0.00,0.00,2,0
2026-06-12 16:55:16.411,0.00,0.00,0.00,0.00,2,0
2026-06-12 16:55:16.461,0.00,0.00,0.00,0.00,2,0
2026-06-12 16:55:16.511,0.00,0.00,0.00,0.00,2,0
2026-06-12 16:55:16.562,0.00,0.00,0.00,0.00,2,0
2026-06-12 16:55:16.612,0.00,0.00,0.00,0.00,2,0
2026-06-12 16:55:16.662,0.00,0.00,0.00,0.00,2,0
2026-06-12 16:55:16.713,0.00,0.00,0.00,0.00,2,0
2026-06-12 16:55:16.763,0.00,0.00,0.00,0.00,2,0
2026-06-12 16:55:16.814,0.00,0.00,0.00,0.00,2,0
2026-06-12 16:55:16.864,0.00,0.00,0.00,0.00,2,0
2026-06-12 16:55:16.914,0.00,0.00,0.00,0.00,2,0
2026-06-12 16:55:16.965,0.00,0.00,0.00,0.00,2,0
2026-06-12 16:55:17.015,0.00,0.00,0.00,0.00,2,0
2026-06-12 16:55:17.066,0.00,0.00,0.00,0.00,2,0
2026-06-12 16:55:17.116,0.00,0.00,0.00,0.00,2,0
2026-06-12 16:55:17.166,0.00,0.00,0.00,0.00,2,0
2026-06-12 16:55:17.217,0.00,0.00,0.00,0.00,2,0
2026-06-12 16:55:17.267,0.00,0.00,0.00,0.00,2,0
2026-06-12 16:55:17.318,0.00,0.00,0.00,0.00,2,0
2026-06-12 16:55:17.368,0.00,0.00,0.00,0.00,2,0
2026-06-12 16:55:17.418,0.00,0.00,0.00,0.00,2,0
2026-06-12 16:55:17.469,0.00,0.00,0.00,0.00,2,0
2026-06-12 16:55:17.519,0.00,0.00,0.00,0.00,2,0
2026-06-12 16:55:17.570,0.00,0.00,0.00,0.00,2,0
2026-06-12 16:55:17.620,0.00,0.00,0.00,0.00,2,0
2026-06-12 16:55:17.671,0.00,0.00,0.00,0.00,2,0
2026-06-12 16:55:17.721,0.00,0.00,0.00,0.00,2,0
2026-06-12 16:55:17.771,0.00,0.00,0.00,0.00,2,0
2026-06-12 16:55:17.821,0.00,0.00,0.00,0.00,2,0
2026-06-12 16:55:17.872,0.00,0.00,0.00,0.00,2,0
2026-06-12 16:55:17.923,0.00,0.00,0.00,0.00,2,0
2026-06-12 16:55:17.973,0.00,0.00,0.00,0.00,2,0
2026-06-12 16:55:18.023,0.00,0.00,0.00,0.00,2,0
2026-06-12 16:55:18.073,0.00,0.00,0.00,0.00,2,0
2026-06-12 16:55:18.124,0.00,0.00,0.00,0.00,2,0
2026-06-12 16:55:18.174,0.00,0.00,0.00,0.00,2,0
2026-06-12 16:55:18.225,0.00,0.00,0.00,0.00,2,0
2026-06-12 16:55:18.275,0.00,0.00,0.00,0.00,2,0
2026-06-12 16:55:18.326,0.00,0.00,0.00,0.00,2,0
2026-06-12 16:55:18.376,0.00,0.00,0.00,0.00,2,0
2026-06-12 16:55:18.426,0.00,0.00,0.00,0.00,2,0
2026-06-12 16:55:18.477,0.00,0.00,0.00,0.00,2,0
2026-06-12 16:55:18.527,0.00,0.00,0.00,0.00,2,0
2026-06-12 16:55:18.578,0.00,0.00,0.00,0.00,2,0
2026-06-12 16:55:18.628,0.00,0.00,0.00,0.00,2,0
2026-06-12 16:55:18.678,0.00,0.00,0.00,0.00,2,0
2026-06-12 16:55:18.729,0.00,0.00,0.00,0.00,2,0
2026-06-12 16:55:18.779,0.00,0.00,0.00,0.00,2,0
2026-06-12 16:55:18.830,0.00,0.00,0.00,0.00,2,0
2026-06-12 16:55:18.880,0.00,0.00,0.00,0.00,2,0
2026-06-12 16:55:18.931,0.00,0.00,0.00,0.00,2,0
2026-06-12 16:55:18.981,0.00,0.00,0.00,0.00,2,0
2026-06-12 16:55:19.031,0.00,0.00,0.00,0.00,2,0
2026-06-12 16:55:19.081,0.00,0.00,0.00,0.00,2,0
2026-06-12 16:55:19.132,0.00,0.00,0.00,0.00,2,0
2026-06-12 16:55:19.182,0.00,0.00,0.00,0.00,2,0
2026-06-12 16:55:19.233,0.00,0.00,0.00,0.00,2,0
2026-06-12 16:55:19.283,0.00,0.00,0.00,0.00,2,0
2026-06-12 16:55:19.334,0.00,0.00,0.00,0.00,2,0
2026-06-12 16:55:19.384,0.00,0.00,0.00,0.00,2,0
2026-06-12 16:55:19.434,0.00,0.00,0.00,0.00,2,0
2026-06-12 16:55:19.485,0.00,0.00,0.00,0.00,2,0
2026-06-12 16:55:19.535,0.00,0.00,0.00,0.00,2,0
2026-06-12 16:55:19.586,0.00,0.00,0.00,0.00,2,0
2026-06-12 16:55:19.636,0.00,0.00,0.00,0.00,2,0
2026-06-12 16:55:19.686,0.00,0.00,0.00,0.00,2,0
2026-06-12 16:55:19.737,0.00,0.00,0.00,0.00,2,0
2026-06-12 16:55:19.787,0.00,0.00,0.00,0.00,2,0
2026-06-12 16:55:19.837,0.00,0.00,0.00,0.00,2,0
2026-06-12 16:55:19.888,0.00,0.00,0.00,0.00,2,0
2026-06-12 16:55:19.938,0.00,0.00,0.00,0.00,2,0
2026-06-12 16:55:19.989,0.00,0.00,0.00,0.00,2,0
2026-06-12 16:55:20.039,0.00,0.00,0.00,0.00,2,0
2026-06-12 16:55:20.090,0.00,0.00,0.00,0.00,2,0
2026-06-12 16:55:20.141,0.00,0.00,0.00,0.00,2,0
2026-06-12 16:55:20.191,0.00,0.00,0.00,0.00,2,0
2026-06-12 16:55:20.241,0.00,0.00,0.00,0.00,2,0
2026-06-12 16:55:20.291,0.00,0.00,0.00,0.00,2,0
2026-06-12 16:55:20.342,0.00,0.00,0.00,0.00,2,0
2026-06-12 16:55:20.392,0.00,0.00,0.00,0.00,2,0
2026-06-12 16:55:20.442,0.00,0.00,0.00,0.00,2,0
2026-06-12 16:55:20.493,0.00,0.00,0.00,0.00,2,0
2026-06-12 16:55:20.543,0.00,0.00,0.00,0.00,2,0
2026-06-12 16:55:20.593,0.00,0.00,0.00,0.00,2,0
2026-06-12 16:55:20.644,0.00,0.00,0.00,0.00,2,0
2026-06-12 16:55:20.694,0.00,0.00,0.00,0.00,2,0
2026-06-12 16:55:20.745,0.00,0.00,0.00,0.00,2,0
2026-06-12 16:55:20.795,0.00,0.00,0.00,0.00,2,0
2026-06-12 16:55:20.845,0.00,0.00,0.00,0.00,2,0
2026-06-12 16:55:20.896,0.00,0.00,0.00,0.00,2,0
2026-06-12 16:55:20.946,0.00,0.00,0.00,0.00,2,0
2026-06-12 16:55:20.997,0.00,0.00,0.00,0.00,2,0
2026-06-12 16:55:21.047,0.00,0.00,0.00,0.00,2,0
2026-06-12 16:55:21.098,0.00,0.00,0.00,0.00,2,0
2026-06-12 16:55:21.148,0.00,0.00,0.00,0.00,2,0
2026-06-12 16:55:21.198,0.00,0.00,0.00,0.00,2,0
2026-06-12 16:55:21.249,0.00,0.00,0.00,0.00,2,0
2026-06-12 16:55:21.299,0.00,0.00,0.00,0.00,2,0
2026-06-12 16:55:21.350,0.00,0.00,0.00,0.00,2,0
2026-06-12 16:55:21.401,0.00,0.00,0.00,0.00,2,0
2026-06-12 16:55:21.450,0.00,0.00,0.00,0.00,2,0
2026-06-12 16:55:21.501,0.00,0.00,0.00,0.00,2,0
2026-06-12 16:55:21.551,0.00,0.00,0.00,0.00,2,0
2026-06-12 16:55:21.602,0.00,0.00,0.00,0.00,2,0
2026-06-12 16:55:21.652,0.00,0.00,0.00,0.00,2,0
2026-06-12 16:55:21.702,0.00,0.00,0.00,0.00,2,0
2026-06-12 16:55:21.753,0.00,0.00,0.00,0.00,2,0
2026-06-12 16:55:21.803,0.00,0.00,0.00,0.00,2,0
2026-06-12 16:55:21.853,0.00,0.00,0.00,0.00,2,0
2026-06-12 16:55:21.904,0.00,0.00,0.00,0.00,2,0
2026-06-12 16:55:21.954,0.00,0.00,0.00,0.00,2,0
2026-06-12 16:55:22.005,0.00,0.00,0.00,0.00,2,0
2026-06-12 16:55:22.055,0.00,0.00,0.00,0.00,2,0
2026-06-12 16:55:22.105,0.00,0.00,0.00,0.00,2,0
2026-06-12 16:55:22.156,0.00,0.00,0.00,0.00,2,0
2026-06-12 16:55:22.206,0.00,0.00,0.00,0.00,2,0
2026-06-12 16:55:22.257,0.00,0.00,0.00,0.00,2,0
2026-06-12 16:55:22.308,0.00,0.00,0.00,0.00,2,0
2026-06-12 16:55:22.357,0.00,0.00,0.00,0.00,2,0
2026-06-12 16:55:22.408,0.00,0.00,0.00,0.00,2,0
2026-06-12 16:55:22.459,0.00,0.00,0.00,0.00,2,0
2026-06-12 16:55:22.509,0.00,0.00,0.00,0.00,2,0
2026-06-12 16:55:22.559,0.00,0.00,0.00,0.00,2,0
2026-06-12 16:55:22.610,0.00,0.00,0.00,0.00,2,0
2026-06-12 16:55:22.661,0.00,0.00,0.00,0.00,2,0
2026-06-12 16:55:22.713,0.00,0.00,0.00,0.00,2,0
2026-06-12 16:55:22.761,0.00,0.00,0.00,0.00,2,0
2026-06-12 16:55:22.814,0.00,0.00,0.00,0.00,2,0
2026-06-12 16:55:22.862,0.00,0.00,0.00,0.00,2,0
2026-06-12 16:55:22.912,0.00,0.00,0.00,0.00,2,0
2026-06-12 16:55:22.962,0.00,0.00,0.00,0.00,2,0
2026-06-12 16:55:23.013,0.00,0.00,0.00,0.00,2,0
2026-06-12 16:55:23.063,0.00,0.00,0.00,0.00,2,0
2026-06-12 16:55:23.113,0.00,0.00,0.00,0.00,2,0
2026-06-12 16:55:23.164,0.00,0.00,0.00,0.00,2,0
2026-06-12 16:55:23.214,0.00,0.00,0.00,0.00,2,0
2026-06-12 16:55:23.265,0.00,0.00,0.00,0.00,2,0
2026-06-12 16:55:23.315,0.00,0.00,0.00,0.00,2,0
2026-06-12 16:55:23.366,0.00,0.00,0.00,0.00,2,0
2026-06-12 16:55:23.416,0.00,0.00,0.00,0.00,2,0
2026-06-12 16:55:23.466,0.00,0.00,0.00,0.00,2,0
2026-06-12 16:55:23.517,0.00,0.00,0.00,0.00,2,0
2026-06-12 16:55:23.567,0.00,0.00,0.00,0.00,2,0
2026-06-12 16:55:23.618,0.00,0.00,0.00,0.00,2,0
2026-06-12 16:55:23.668,0.00,0.00,0.00,0.00,2,0
2026-06-12 16:55:23.718,0.00,0.00,0.00,0.00,2,0
2026-06-12 16:55:23.769,0.00,0.00,0.00,0.00,2,0
2026-06-12 16:55:23.819,0.00,0.00,0.00,0.00,2,0
2026-06-12 16:55:23.869,0.00,0.00,0.00,0.00,2,0
2026-06-12 16:55:23.921,0.00,0.00,0.00,0.00,2,0
2026-06-12 16:55:23.973,0.00,0.00,0.00,0.00,2,0
2026-06-12 16:55:24.022,0.00,0.00,0.00,0.00,2,0
2026-06-12 16:55:24.071,0.00,0.00,0.00,0.00,2,0
2026-06-12 16:55:24.122,0.00,0.00,0.00,0.00,2,0
2026-06-12 16:55:24.172,0.00,0.00,0.00,0.00,2,0
2026-06-12 16:55:24.223,0.00,0.00,0.00,0.00,2,0
2026-06-12 16:55:24.274,0.00,0.00,0.00,0.00,2,0
2026-06-12 16:55:24.323,0.00,0.00,0.00,0.00,2,0
2026-06-12 16:55:24.373,0.00,0.00,0.00,0.00,2,0
2026-06-12 16:55:24.424,0.00,0.00,0.00,0.00,2,0
2026-06-12 16:55:24.474,0.00,0.00,0.00,0.00,2,0
2026-06-12 16:55:24.525,0.00,0.00,0.00,0.00,2,0
2026-06-12 16:55:24.575,0.00,0.00,0.00,0.00,2,0
2026-06-12 16:55:24.625,0.00,0.00,0.00,0.00,2,0
2026-06-12 16:55:24.676,0.00,0.00,0.00,0.00,2,0
2026-06-12 16:55:24.726,0.00,0.00,0.00,0.00,2,0
2026-06-12 16:55:24.779,0.00,0.00,0.00,0.00,2,0
2026-06-12 16:55:24.827,0.00,0.00,0.00,0.00,2,0
2026-06-12 16:55:24.878,0.00,0.00,0.00,0.00,2,0
2026-06-12 16:55:24.928,0.00,0.00,0.00,0.00,2,0
2026-06-12 16:55:24.978,0.00,0.00,0.00,0.00,2,0
2026-06-12 16:55:25.029,0.00,0.00,0.00,0.00,2,0
2026-06-12 16:55:25.079,0.00,0.00,0.00,0.00,2,0
2026-06-12 16:55:25.129,0.00,0.00,0.00,0.00,2,0
2026-06-12 16:55:25.180,0.00,0.00,0.00,0.00,2,0
2026-06-12 16:55:25.231,0.00,0.00,0.00,0.00,2,0
2026-06-12 16:55:25.281,0.00,0.00,0.00,0.00,2,0
2026-06-12 16:55:25.331,0.00,0.00,0.00,0.00,2,0
2026-06-12 16:55:25.382,0.00,0.00,0.00,0.00,2,0
2026-06-12 16:55:25.432,0.00,0.00,0.00,0.00,2,0
2026-06-12 16:55:25.482,0.00,0.00,0.00,0.00,2,0
2026-06-12 16:55:25.533,0.00,0.00,0.00,0.00,2,0
2026-06-12 16:55:25.583,0.00,0.00,0.00,0.00,2,0
2026-06-12 16:55:25.633,0.00,0.00,0.00,0.00,2,0
2026-06-12 16:55:25.684,0.00,0.00,0.00,0.00,2,0
2026-06-12 16:55:25.734,0.00,0.00,0.00,0.00,2,0
2026-06-12 16:55:25.785,0.00,0.00,0.00,0.00,2,0
2026-06-12 16:55:25.835,0.00,0.00,0.00,0.00,2,0
2026-06-12 16:55:25.887,0.00,0.00,0.00,0.00,2,0
2026-06-12 16:55:25.936,0.00,0.00,0.00,0.00,2,0
2026-06-12 16:55:25.986,0.00,0.00,0.00,0.00,2,0
2026-06-12 16:55:26.037,0.00,0.00,0.00,0.00,2,0
2026-06-12 16:55:26.087,0.00,0.00,0.00,0.00,2,0
2026-06-12 16:55:26.137,0.00,0.00,0.00,0.00,2,0
2026-06-12 16:55:26.188,0.00,0.00,0.00,0.00,2,0
2026-06-12 16:55:26.238,0.00,0.00,0.00,0.00,2,0
2026-06-12 16:55:26.289,0.00,0.00,0.00,0.00,2,0
2026-06-12 16:55:26.339,0.00,0.00,0.00,0.00,2,0
2026-06-12 16:55:26.389,0.00,0.00,0.00,0.00,2,0
2026-06-12 16:55:26.441,0.00,0.00,0.00,0.00,2,0
2026-06-12 16:55:26.491,0.00,0.00,0.00,0.00,2,0
2026-06-12 16:55:26.541,0.00,0.00,0.00,0.00,2,0
2026-06-12 16:55:26.591,0.00,0.00,0.00,0.00,2,0
2026-06-12 16:55:26.641,0.00,0.00,0.00,0.00,2,0
2026-06-12 16:55:26.692,0.00,0.00,0.00,0.00,2,0
2026-06-12 16:55:26.742,0.00,0.00,0.00,0.00,2,0
2026-06-12 16:55:26.793,0.00,0.00,0.00,0.00,2,0
2026-06-12 16:55:26.843,0.00,0.00,0.00,0.00,2,0
2026-06-12 16:55:26.893,0.00,0.00,0.00,0.00,2,0
2026-06-12 16:55:26.944,0.00,0.00,0.00,0.00,2,0
2026-06-12 16:55:26.994,0.00,0.00,0.00,0.00,2,0
2026-06-12 16:55:27.045,0.00,0.00,0.00,0.00,2,0
2026-06-12 16:55:27.095,0.00,0.00,0.00,0.00,2,0
2026-06-12 16:55:27.145,0.00,0.00,0.00,0.00,2,0
2026-06-12 16:55:27.196,0.00,0.00,0.00,0.00,2,0
2026-06-12 16:55:27.246,0.00,0.00,0.00,0.00,2,0
2026-06-12 16:55:27.297,0.00,0.00,0.00,0.00,2,0
2026-06-12 16:55:27.347,0.00,0.00,0.00,0.00,2,0
2026-06-12 16:55:27.397,0.00,0.00,0.00,0.00,2,0
2026-06-12 16:55:27.448,0.00,0.00,0.00,0.00,2,0
2026-06-12 16:55:27.498,0.00,0.00,0.00,0.00,2,0
2026-06-12 16:55:27.549,0.00,0.00,0.00,0.00,2,0
2026-06-12 16:55:27.599,0.00,0.00,0.00,0.00,2,0
2026-06-12 16:55:27.649,0.00,0.00,0.00,0.00,2,0
2026-06-12 16:55:27.700,0.00,0.00,0.00,0.00,2,0
2026-06-12 16:55:27.751,0.00,0.00,0.00,0.00,2,0
2026-06-12 16:55:27.801,0.00,0.00,0.00,0.00,2,0
2026-06-12 16:55:27.851,0.00,0.00,0.00,0.00,2,0
2026-06-12 16:55:27.901,0.00,0.00,0.00,0.00,2,0
2026-06-12 16:55:27.952,0.00,0.00,0.00,0.00,2,0
2026-06-12 16:55:28.002,0.00,0.00,0.00,0.00,2,0
2026-06-12 16:55:28.053,0.00,0.00,0.00,0.00,2,0
2026-06-12 16:55:28.103,0.00,0.00,0.00,0.00,2,0
2026-06-12 16:55:28.153,0.00,0.00,0.00,0.00,2,0
2026-06-12 16:55:28.204,0.00,0.00,0.00,0.00,2,0
2026-06-12 16:55:28.254,0.00,0.00,0.00,0.00,2,0
2026-06-12 16:55:28.305,0.00,0.00,0.00,0.00,2,0
2026-06-12 16:55:28.355,0.00,0.00,0.00,0.00,2,0
2026-06-12 16:55:28.405,0.00,0.00,0.00,0.00,2,0
2026-06-12 16:55:28.456,0.00,0.00,0.00,0.00,2,0
2026-06-12 16:55:28.506,0.00,0.00,0.00,0.00,2,0
2026-06-12 16:55:28.557,0.00,0.00,0.00,0.00,2,0
2026-06-12 16:55:28.607,0.00,0.00,0.00,0.00,2,0
2026-06-12 16:55:28.657,0.00,0.00,0.00,0.00,2,0
2026-06-12 16:55:28.708,0.00,0.00,0.00,0.00,2,0
2026-06-12 16:55:28.758,0.00,0.00,0.00,0.00,2,0
2026-06-12 16:55:28.808,0.00,0.00,0.00,0.00,2,0
2026-06-12 16:55:28.859,0.00,0.00,0.00,0.00,2,0
2026-06-12 16:55:28.909,0.00,0.00,0.00,0.00,2,0
2026-06-12 16:55:28.961,0.00,0.00,0.00,0.00,2,0
2026-06-12 16:55:29.010,0.00,0.00,0.00,0.00,2,0
2026-06-12 16:55:29.060,0.00,0.00,0.00,0.00,2,0
2026-06-12 16:55:29.111,0.00,0.00,0.00,0.00,2,0
2026-06-12 16:55:29.161,0.00,0.00,0.00,0.00,2,0
2026-06-12 16:55:29.212,0.00,0.00,0.00,0.00,2,0
2026-06-12 16:55:29.262,0.00,0.00,0.00,0.00,2,0
2026-06-12 16:55:29.312,0.00,0.00,0.00,0.00,2,0
2026-06-12 16:55:29.363,0.00,0.00,0.00,0.00,2,0
2026-06-12 16:55:29.413,0.00,0.00,0.00,0.00,2,0
2026-06-12 16:55:29.464,0.00,0.00,0.00,0.00,2,0
2026-06-12 16:55:29.514,0.00,0.00,0.00,0.00,2,0
2026-06-12 16:55:29.564,0.00,0.00,0.00,0.00,2,0
2026-06-12 16:55:29.615,0.00,0.00,0.00,0.00,2,0
2026-06-12 16:55:29.665,0.00,0.00,0.00,0.00,2,0
2026-06-12 16:55:29.716,0.00,0.00,0.00,0.00,2,0
2026-06-12 16:55:29.766,0.00,0.00,0.00,0.00,2,0
2026-06-12 16:55:29.816,0.00,0.00,0.00,0.00,2,0
2026-06-12 16:55:29.867,0.00,0.00,0.00,0.00,2,0
2026-06-12 16:55:29.917,0.00,0.00,0.00,0.00,2,0
2026-06-12 16:55:29.968,0.00,0.00,0.00,0.00,2,0
2026-06-12 16:55:30.018,0.00,0.00,0.00,0.00,2,0
2026-06-12 16:55:30.068,0.00,0.00,0.00,0.00,2,0
2026-06-12 16:55:30.119,0.00,0.00,0.00,0.00,2,0
2026-06-12 16:55:30.169,0.00,0.00,0.00,0.00,2,0
2026-06-12 16:55:30.220,0.00,0.00,0.00,0.00,2,0
2026-06-12 16:55:30.270,0.00,0.00,0.00,0.00,2,0
2026-06-12 16:55:30.320,0.00,0.00,0.00,0.00,2,0
2026-06-12 16:55:30.371,0.00,0.00,0.00,0.00,2,0
2026-06-12 16:55:30.421,0.00,0.00,0.00,0.00,2,0
2026-06-12 16:55:30.472,0.00,0.00,0.00,0.00,2,0
2026-06-12 16:55:30.522,0.00,0.00,0.00,0.00,2,0
2026-06-12 16:55:30.572,0.00,0.00,0.00,0.00,2,0
2026-06-12 16:55:30.623,0.00,0.00,0.00,0.00,2,0
2026-06-12 16:55:30.673,0.00,0.00,0.00,0.00,2,0
2026-06-12 16:55:30.724,0.00,0.00,0.00,0.00,2,0
2026-06-12 16:55:30.774,0.00,0.00,0.00,0.00,2,0
2026-06-12 16:55:30.824,0.00,0.00,0.00,0.00,2,0
2026-06-12 16:55:30.875,0.00,0.00,0.00,0.00,2,0
2026-06-12 16:55:30.925,0.00,0.00,0.00,0.00,2,0
2026-06-12 16:55:30.976,0.00,0.00,0.00,0.00,2,0
2026-06-12 16:55:31.026,0.00,0.00,0.00,0.00,2,0
2026-06-12 16:55:31.076,0.00,0.00,0.00,0.00,2,0
2026-06-12 16:55:31.127,0.00,0.00,0.00,0.00,2,0
2026-06-12 16:55:31.177,0.00,0.00,0.00,0.00,2,0
2026-06-12 16:55:31.228,0.00,0.00,0.00,0.00,2,0
2026-06-12 16:55:31.278,0.00,0.00,0.00,0.00,2,0
2026-06-12 16:55:31.328,0.00,0.00,0.00,0.00,2,0
2026-06-12 16:55:31.379,0.00,0.00,0.00,0.00,2,0
2026-06-12 16:55:31.429,0.00,0.00,0.00,0.00,2,0
2026-06-12 16:55:31.480,0.00,0.00,0.00,0.00,2,0
2026-06-12 16:55:31.531,0.00,0.00,0.00,0.00,2,0
2026-06-12 16:55:31.581,0.00,0.00,0.00,0.00,2,0
2026-06-12 16:55:31.631,0.00,0.00,0.00,0.00,2,0
2026-06-12 16:55:31.681,0.00,0.00,0.00,0.00,2,0
2026-06-12 16:55:31.732,0.00,0.00,0.00,0.00,2,0
2026-06-12 16:55:31.782,0.00,0.00,0.00,0.00,2,0
2026-06-12 16:55:31.832,0.00,0.00,0.00,0.00,2,0
2026-06-12 16:55:31.883,0.00,0.00,0.00,0.00,2,0
2026-06-12 16:55:31.933,0.00,0.00,0.00,0.00,2,0
2026-06-12 16:55:31.984,0.00,0.00,0.00,0.00,2,0
2026-06-12 16:55:32.034,0.00,0.00,0.00,0.00,2,0
2026-06-12 16:55:32.084,0.00,0.00,0.00,0.00,2,0
2026-06-12 16:55:32.135,0.00,0.00,0.00,0.00,2,0
2026-06-12 16:55:32.185,0.00,0.00,0.00,0.00,2,0
2026-06-12 16:55:32.236,0.00,0.00,0.00,0.00,2,0
2026-06-12 16:55:32.286,0.00,0.00,0.00,0.00,2,0
2026-06-12 16:55:32.336,0.00,0.00,0.00,0.00,2,0
2026-06-12 16:55:32.387,0.00,0.00,0.00,0.00,2,0
2026-06-12 16:55:32.437,0.00,0.00,0.00,0.00,2,0
2026-06-12 16:55:32.488,0.00,0.00,0.00,0.00,2,0
2026-06-12 16:55:32.538,0.00,0.00,0.00,0.00,2,0
2026-06-12 16:55:32.588,0.00,0.00,0.00,0.00,2,0
2026-06-12 16:55:32.639,0.00,0.00,0.00,0.00,2,0
2026-06-12 16:55:32.689,0.00,0.00,0.00,0.00,2,0
2026-06-12 16:55:32.741,0.00,0.00,0.00,0.00,2,0
2026-06-12 16:55:32.791,0.00,0.00,0.00,0.00,2,0
2026-06-12 16:55:32.841,0.00,0.00,0.00,0.00,2,0
2026-06-12 16:55:32.891,0.00,0.00,0.00,0.00,2,0
2026-06-12 16:55:32.941,0.00,0.00,0.00,0.00,2,0
2026-06-12 16:55:32.992,0.00,0.00,0.00,0.00,2,0
2026-06-12 16:55:33.042,0.00,0.00,0.00,0.00,2,0
2026-06-12 16:55:33.093,0.00,0.00,0.00,0.00,2,0
2026-06-12 16:55:33.143,0.00,0.00,0.00,0.00,2,0
2026-06-12 16:55:33.193,0.00,0.00,0.00,0.00,2,0
2026-06-12 16:55:33.244,0.00,0.00,0.00,0.00,2,0
2026-06-12 16:55:33.294,0.00,0.00,0.00,0.00,2,0
2026-06-12 16:55:33.344,0.00,0.00,0.00,0.00,2,0
2026-06-12 16:55:33.395,0.00,0.00,0.00,0.00,2,0
2026-06-12 16:55:33.445,0.00,0.00,0.00,0.00,2,0
2026-06-12 16:55:33.496,0.00,0.00,0.00,0.00,2,0
2026-06-12 16:55:33.546,0.00,0.00,0.00,0.00,2,0
2026-06-12 16:55:33.596,0.00,0.00,0.00,0.00,2,0
2026-06-12 16:55:33.647,0.00,0.00,0.00,0.00,2,0
2026-06-12 16:55:33.697,0.00,0.00,0.00,0.00,2,0
2026-06-12 16:55:33.748,0.00,0.00,0.00,0.00,2,0
2026-06-12 16:55:33.798,0.00,0.00,0.00,0.00,2,0
2026-06-12 16:55:33.848,0.00,0.00,0.00,0.00,2,0
2026-06-12 16:55:33.899,0.00,0.00,0.00,0.00,2,0
2026-06-12 16:55:33.949,0.00,0.00,0.00,0.00,2,0
2026-06-12 16:55:34.000,0.00,0.00,0.00,0.00,2,0
2026-06-12 16:55:34.051,0.00,0.00,0.00,0.00,2,0
2026-06-12 16:55:34.101,0.00,0.00,0.00,0.00,2,0
2026-06-12 16:55:34.151,0.00,0.00,0.00,0.00,2,0
2026-06-12 16:55:34.201,0.00,0.00,0.00,0.00,2,0
2026-06-12 16:55:34.252,0.00,0.00,0.00,0.00,2,0
2026-06-12 16:55:34.302,0.00,0.00,0.00,0.00,2,0
2026-06-12 16:55:34.352,0.00,0.00,0.00,0.00,2,0
2026-06-12 16:55:34.403,0.00,0.00,0.00,0.00,2,0
2026-06-12 16:55:34.453,0.00,0.00,0.00,0.00,2,0
2026-06-12 16:55:34.504,0.00,0.00,0.00,0.00,2,0
2026-06-12 16:55:34.554,0.00,0.00,0.00,0.00,2,0
2026-06-12 16:55:34.604,0.00,0.00,0.00,0.00,2,0
2026-06-12 16:55:34.655,0.00,0.00,0.00,0.00,2,0
2026-06-12 16:55:34.705,0.00,0.00,0.00,0.00,2,0
2026-06-12 16:55:34.756,0.00,0.00,0.00,0.00,2,0
2026-06-12 16:55:34.806,0.00,0.00,0.00,0.00,2,0
2026-06-12 16:55:34.856,0.00,0.00,0.00,0.00,2,0
2026-06-12 16:55:34.907,0.00,0.00,0.00,0.00,2,0
2026-06-12 16:55:34.957,0.00,0.00,0.00,0.00,2,0
2026-06-12 16:55:35.008,0.00,0.00,0.00,0.00,2,0
2026-06-12 16:55:35.058,0.00,0.00,0.00,0.00,2,0
2026-06-12 16:55:35.108,0.00,0.00,0.00,0.00,2,0
2026-06-12 16:55:35.159,0.00,0.00,0.00,0.00,2,0
2026-06-12 16:55:35.209,0.00,0.00,0.00,0.00,2,0
2026-06-12 16:55:35.260,0.00,0.00,0.00,0.00,2,0
2026-06-12 16:55:35.311,0.00,0.00,0.00,0.00,2,0
2026-06-12 16:55:35.361,0.00,0.00,0.00,0.00,2,0
2026-06-12 16:55:35.411,0.00,0.00,0.00,0.00,2,0
2026-06-12 16:55:35.461,0.00,0.00,0.00,0.00,2,0
2026-06-12 16:55:35.512,0.00,0.00,0.00,0.00,2,0
2026-06-12 16:55:35.562,0.00,0.00,0.00,0.00,2,0
2026-06-12 16:55:35.612,0.00,0.00,0.00,0.00,2,0
2026-06-12 16:55:35.663,0.00,0.00,0.00,0.00,2,0
2026-06-12 16:55:35.713,0.00,0.00,0.00,0.00,2,0
2026-06-12 16:55:35.764,0.00,0.00,0.00,0.00,2,0
2026-06-12 16:55:35.814,0.00,0.00,0.00,0.00,2,0
2026-06-12 16:55:35.864,0.00,0.00,0.00,0.00,2,0
2026-06-12 16:55:35.915,0.00,0.00,0.00,0.00,2,0
2026-06-12 16:55:35.965,0.00,0.00,0.00,0.00,2,0
2026-06-12 16:55:36.016,0.00,0.00,0.00,0.00,2,0
2026-06-12 16:55:36.066,0.00,0.00,0.00,0.00,2,0
2026-06-12 16:55:36.116,0.00,0.00,0.00,0.00,2,0
2026-06-12 16:55:36.167,0.00,0.00,0.00,0.00,2,0
2026-06-12 16:55:36.217,0.00,0.00,0.00,0.00,2,0
2026-06-12 16:55:36.268,0.00,0.00,0.00,0.00,2,0
2026-06-12 16:55:36.318,0.00,0.00,0.00,0.00,2,0
2026-06-12 16:55:36.368,0.00,0.00,0.00,0.00,2,0
2026-06-12 16:55:36.419,0.00,0.00,0.00,0.00,2,0
2026-06-12 16:55:36.469,0.00,0.00,0.00,0.00,2,0
2026-06-12 16:55:36.520,0.00,0.00,0.00,0.00,2,0
2026-06-12 16:55:36.571,0.00,0.00,0.00,0.00,2,0
2026-06-12 16:55:36.620,0.00,0.00,0.00,0.00,2,0
2026-06-12 16:55:36.671,0.00,0.00,0.00,0.00,2,0
2026-06-12 16:55:36.721,0.00,0.00,0.00,0.00,2,0
2026-06-12 16:55:36.772,0.00,0.00,0.00,0.00,2,0
2026-06-12 16:55:36.822,0.00,0.00,0.00,0.00,2,0
2026-06-12 16:55:36.872,0.00,0.00,0.00,0.00,2,0
2026-06-12 16:55:36.923,0.00,0.00,0.00,0.00,2,0
2026-06-12 16:55:36.973,0.00,0.00,0.00,0.00,2,0
2026-06-12 16:55:37.024,0.00,0.00,0.00,0.00,2,0
2026-06-12 16:55:37.074,0.00,0.00,0.00,0.00,2,0
2026-06-12 16:55:37.124,0.00,0.00,0.00,0.00,2,0
2026-06-12 16:55:37.175,0.00,0.00,0.00,0.00,2,0
2026-06-12 16:55:37.225,0.00,0.00,0.00,0.00,2,0
2026-06-12 16:55:37.276,0.00,0.00,0.00,0.00,2,0
2026-06-12 16:55:37.326,0.00,0.00,0.00,0.00,2,0
2026-06-12 16:55:37.376,0.00,0.00,0.00,0.00,2,0
2026-06-12 16:55:37.427,0.00,0.00,0.00,0.00,2,0
2026-06-12 16:55:37.477,0.00,0.00,0.00,0.00,2,0
2026-06-12 16:55:37.528,0.00,0.00,0.00,0.00,2,0
2026-06-12 16:55:37.584,0.00,0.00,0.00,0.00,2,0
2026-06-12 16:55:37.628,0.00,0.00,0.00,0.00,2,0
2026-06-12 16:55:37.679,0.00,0.00,0.00,0.00,2,0
2026-06-12 16:55:37.729,0.00,0.00,0.00,0.00,2,0
2026-06-12 16:55:37.780,0.00,0.00,0.00,0.00,2,0
2026-06-12 16:55:37.830,0.00,0.00,0.00,0.00,2,0
2026-06-12 16:55:37.880,0.00,0.00,0.00,0.00,2,0
2026-06-12 16:55:37.931,0.00,0.00,0.00,0.00,2,0
2026-06-12 16:55:37.981,0.00,0.00,0.00,0.00,2,0
2026-06-12 16:55:38.032,0.00,0.00,0.00,0.00,2,0
2026-06-12 16:55:38.082,0.00,0.00,0.00,0.00,2,0
2026-06-12 16:55:38.132,0.00,0.00,0.00,0.00,2,0
2026-06-12 16:55:38.183,0.00,0.00,0.00,0.00,2,0
2026-06-12 16:55:38.233,0.00,0.00,0.00,0.00,2,0
2026-06-12 16:55:38.284,0.00,0.00,0.00,0.00,2,0
2026-06-12 16:55:38.334,0.00,0.00,0.00,0.00,2,0
2026-06-12 16:55:38.384,0.00,0.00,0.00,0.00,2,0
2026-06-12 16:55:38.435,0.00,0.00,0.00,0.00,2,0
2026-06-12 16:55:38.485,0.00,0.00,0.00,0.00,2,0
2026-06-12 16:55:38.536,0.00,0.00,0.00,0.00,2,0
2026-06-12 16:55:38.586,0.00,0.00,0.00,0.00,2,0
2026-06-12 16:55:38.636,0.00,0.00,0.00,0.00,2,0
2026-06-12 16:55:38.687,0.00,0.00,0.00,0.00,2,0
2026-06-12 16:55:38.737,0.00,0.00,0.00,0.00,2,0
2026-06-12 16:55:38.788,0.00,0.00,0.00,0.00,2,0
2026-06-12 16:55:38.838,0.00,0.00,0.00,0.00,2,0
2026-06-12 16:55:38.888,0.00,0.00,0.00,0.00,2,0
2026-06-12 16:55:38.939,0.00,0.00,0.00,0.00,2,0
2026-06-12 16:55:38.989,0.00,0.00,0.00,0.00,2,0
2026-06-12 16:55:39.040,0.00,0.00,0.00,0.00,2,0
2026-06-12 16:55:39.091,0.00,0.00,0.00,0.00,2,0
2026-06-12 16:55:39.141,0.00,0.00,0.00,0.00,2,0
2026-06-12 16:55:39.191,0.00,0.00,0.00,0.00,2,0
2026-06-12 16:55:39.241,0.00,0.00,0.00,0.00,2,0
2026-06-12 16:55:39.292,0.00,0.00,0.00,0.00,2,0
2026-06-12 16:55:39.342,0.00,0.00,0.00,0.00,2,0
2026-06-12 16:55:39.392,0.00,0.00,0.00,0.00,2,0
2026-06-12 16:55:39.443,0.00,0.00,0.00,0.00,2,0
2026-06-12 16:55:39.493,0.00,0.00,0.00,0.00,2,0
2026-06-12 16:55:39.543,0.00,0.00,0.00,0.00,2,0
2026-06-12 16:55:39.594,0.00,0.00,0.00,0.00,2,0
2026-06-12 16:55:39.644,0.00,0.00,0.00,0.00,2,0
2026-06-12 16:55:39.695,0.00,0.00,0.00,0.00,2,0
2026-06-12 16:55:39.745,0.00,0.00,0.00,0.00,2,0
2026-06-12 16:55:39.795,0.00,0.00,0.00,0.00,2,0
2026-06-12 16:55:39.846,0.00,0.00,0.00,0.00,2,0
2026-06-12 16:55:39.896,0.00,0.00,0.00,0.00,2,0
2026-06-12 16:55:39.947,0.00,0.00,0.00,0.00,2,0
2026-06-12 16:55:39.997,0.00,0.00,0.00,0.00,2,0
2026-06-12 16:55:40.047,0.00,0.00,0.00,0.00,2,0
2026-06-12 16:55:40.098,0.00,0.00,0.00,0.00,2,0
2026-06-12 16:55:40.148,0.00,0.00,0.00,0.00,2,0
2026-06-12 16:55:40.199,0.00,0.00,0.00,0.00,2,0
2026-06-12 16:55:40.249,0.00,0.00,0.00,0.00,2,0
2026-06-12 16:55:40.299,0.00,0.00,0.00,0.00,2,0
2026-06-12 16:55:40.351,0.00,0.00,0.00,0.00,2,0
2026-06-12 16:55:40.401,0.00,0.00,0.00,0.00,2,0
2026-06-12 16:55:40.451,0.00,0.00,0.00,0.00,2,0
2026-06-12 16:55:40.501,0.00,0.00,0.00,0.00,2,0
2026-06-12 16:55:40.551,0.00,0.00,0.00,0.00,2,0
2026-06-12 16:55:40.602,0.00,0.00,0.00,0.00,2,0
2026-06-12 16:55:40.652,0.00,0.00,0.00,0.00,2,0
2026-06-12 16:55:40.703,0.00,0.00,0.00,0.00,2,0
2026-06-12 16:55:40.753,0.00,0.00,0.00,0.00,2,0
2026-06-12 16:55:40.803,0.00,0.00,0.00,0.00,2,0
2026-06-12 16:55:40.854,0.00,0.00,0.00,0.00,2,0
2026-06-12 16:55:40.904,0.00,0.00,0.00,0.00,2,0
2026-06-12 16:55:40.955,0.00,0.00,0.00,0.00,2,0
2026-06-12 16:55:41.005,0.00,0.00,0.00,0.00,2,0
2026-06-12 16:55:41.056,0.00,0.00,0.00,0.00,2,0
2026-06-12 16:55:41.106,0.00,0.00,0.00,0.00,2,0
2026-06-12 16:55:41.156,0.00,0.00,0.00,0.00,2,0
2026-06-12 16:55:41.207,0.00,0.00,0.00,0.00,2,0
2026-06-12 16:55:41.257,0.00,0.00,0.00,0.00,2,0
2026-06-12 16:55:41.308,0.00,0.00,0.00,0.00,2,0
2026-06-12 16:55:41.358,0.00,0.00,0.00,0.00,2,0
2026-06-12 16:55:41.408,0.00,0.00,0.00,0.00,2,0
2026-06-12 16:55:41.459,0.00,0.00,0.00,0.00,2,0
2026-06-12 16:55:41.509,0.00,0.00,0.00,0.00,2,0
2026-06-12 16:55:41.559,0.00,0.00,0.00,0.00,2,0
2026-06-12 16:55:41.610,0.00,0.00,0.00,0.00,2,0
2026-06-12 16:55:41.661,0.00,0.00,0.00,0.00,2,0
2026-06-12 16:55:41.712,0.00,0.00,0.00,0.00,2,0
2026-06-12 16:55:41.761,0.00,0.00,0.00,0.00,2,0
2026-06-12 16:55:41.812,0.00,0.00,0.00,0.00,2,0
2026-06-12 16:55:41.862,0.00,0.00,0.00,0.00,2,0
2026-06-12 16:55:41.913,0.00,0.00,0.00,0.00,2,0
2026-06-12 16:55:41.963,0.00,0.00,0.00,0.00,2,0
2026-06-12 16:55:42.013,0.00,0.00,0.00,0.00,2,0
2026-06-12 16:55:42.063,0.00,0.00,0.00,0.00,2,0
2026-06-12 16:55:42.114,0.00,0.00,0.00,0.00,2,0
2026-06-12 16:55:42.164,0.00,0.00,0.00,0.00,2,0
2026-06-12 16:55:42.215,0.00,0.00,0.00,0.00,2,0
2026-06-12 16:55:42.267,0.00,0.00,0.00,0.00,2,0
2026-06-12 16:55:42.315,0.00,0.00,0.00,0.00,2,0
2026-06-12 16:55:42.366,0.00,0.00,0.00,0.00,2,0
2026-06-12 16:55:42.416,0.00,0.00,0.00,0.00,2,0
2026-06-12 16:55:42.467,0.00,0.00,0.00,0.00,2,0
2026-06-12 16:55:42.517,0.00,0.00,0.00,0.00,2,0
2026-06-12 16:55:42.567,0.00,0.00,0.00,0.00,2,0
2026-06-12 16:55:42.618,0.00,0.00,0.00,0.00,2,0
2026-06-12 16:55:42.668,0.00,0.00,0.00,0.00,2,0
2026-06-12 16:55:42.719,0.00,0.00,0.00,0.00,2,0
2026-06-12 16:55:42.769,0.00,0.00,0.00,0.00,2,0
2026-06-12 16:55:42.820,0.00,0.00,0.00,0.00,2,0
2026-06-12 16:55:42.870,0.00,0.00,0.00,0.00,2,0
2026-06-12 16:55:42.920,0.00,0.00,0.00,0.00,2,0
2026-06-12 16:55:42.971,0.00,0.00,0.00,0.00,2,0
2026-06-12 16:55:43.021,0.00,0.00,0.00,0.00,2,0
2026-06-12 16:55:43.071,0.00,0.00,0.00,0.00,2,0
2026-06-12 16:55:43.122,0.00,0.00,0.00,0.00,2,0
2026-06-12 16:55:43.172,0.00,0.00,0.00,0.00,2,0
2026-06-12 16:55:43.223,0.00,0.00,0.00,0.00,2,0
2026-06-12 16:55:43.273,0.00,0.00,0.00,0.00,2,0
2026-06-12 16:55:43.323,0.00,0.00,0.00,0.00,2,0
2026-06-12 16:55:43.374,0.00,0.00,0.00,0.00,2,0
2026-06-12 16:55:43.424,0.00,0.00,0.00,0.00,2,0
2026-06-12 16:55:43.475,0.00,0.00,0.00,0.00,2,0
2026-06-12 16:55:43.525,0.00,0.00,0.00,0.00,2,0
2026-06-12 16:55:43.575,0.00,0.00,0.00,0.00,2,0
2026-06-12 16:55:43.626,0.00,0.00,0.00,0.00,2,0
2026-06-12 16:55:43.676,0.00,0.00,0.00,0.00,2,0
2026-06-12 16:55:43.727,0.00,0.00,0.00,0.00,2,0
2026-06-12 16:55:43.777,0.00,0.00,0.00,0.00,2,0
2026-06-12 16:55:43.827,0.00,0.00,0.00,0.00,2,0
2026-06-12 16:55:43.878,0.00,0.00,0.00,0.00,2,0
2026-06-12 16:55:43.928,0.00,0.00,0.00,0.00,2,0
2026-06-12 16:55:43.979,0.00,0.00,0.00,0.00,2,0
2026-06-12 16:55:44.029,0.00,0.00,0.00,0.00,2,0
2026-06-12 16:55:44.079,0.00,0.00,0.00,0.00,2,0
2026-06-12 16:55:44.130,0.00,0.00,0.00,0.00,2,0
2026-06-12 16:55:44.180,0.00,0.00,0.00,0.00,2,0
2026-06-12 16:55:44.231,0.00,0.00,0.00,0.00,2,0
2026-06-12 16:55:44.281,0.00,0.00,0.00,0.00,2,0
2026-06-12 16:55:44.332,0.00,0.00,0.00,0.00,2,0
2026-06-12 16:55:44.382,0.00,0.00,0.00,0.00,2,0
2026-06-12 16:55:44.432,0.00,0.00,0.00,0.00,2,0
2026-06-12 16:55:44.483,0.00,0.00,0.00,0.00,2,0
2026-06-12 16:55:44.533,0.00,0.00,0.00,0.00,2,0
2026-06-12 16:55:44.583,0.00,0.00,0.00,0.00,2,0
2026-06-12 16:55:44.634,0.00,0.00,0.00,0.00,2,0
2026-06-12 16:55:44.684,0.00,0.00,0.00,0.00,2,0
2026-06-12 16:55:44.735,0.00,0.00,0.00,0.00,2,0
2026-06-12 16:55:44.785,0.00,0.00,0.00,0.00,2,0
2026-06-12 16:55:44.835,0.00,0.00,0.00,0.00,2,0
2026-06-12 16:55:44.886,0.00,0.00,0.00,0.00,2,0
2026-06-12 16:55:44.937,0.00,0.00,0.00,0.00,2,0
2026-06-12 16:55:44.987,0.00,0.00,0.00,0.00,2,0
2026-06-12 16:55:45.037,0.00,0.00,0.00,0.00,2,0
2026-06-12 16:55:45.087,0.00,0.00,0.00,0.00,2,0
2026-06-12 16:55:45.138,0.00,0.00,0.00,0.00,2,0
2026-06-12 16:55:45.188,0.00,0.00,0.00,0.00,2,0
2026-06-12 16:55:45.239,0.00,0.00,0.00,0.00,2,0
2026-06-12 16:55:45.289,0.00,0.00,0.00,0.00,2,0
2026-06-12 16:55:45.339,0.00,0.00,0.00,0.00,2,0
2026-06-12 16:55:45.390,0.00,0.00,0.00,0.00,2,0
2026-06-12 16:55:45.441,0.00,0.00,0.00,0.00,2,0
2026-06-12 16:55:45.491,0.00,0.00,0.00,0.00,2,0
2026-06-12 16:55:45.541,0.00,0.00,0.00,0.00,2,0
2026-06-12 16:55:45.591,0.00,0.00,0.00,0.00,2,0
2026-06-12 16:55:45.642,0.00,0.00,0.00,0.00,2,0
2026-06-12 16:55:45.692,0.00,0.00,0.00,0.00,2,0
2026-06-12 16:55:45.743,0.00,0.00,0.00,0.00,2,0
2026-06-12 16:55:45.793,0.00,0.00,0.00,0.00,2,0
2026-06-12 16:55:45.843,0.00,0.00,0.00,0.00,2,0
2026-06-12 16:55:45.894,0.00,0.00,0.00,0.00,2,0
2026-06-12 16:55:45.944,0.00,0.00,0.00,0.00,2,0
2026-06-12 16:55:45.995,0.00,0.00,0.00,0.00,2,0
2026-06-12 16:55:46.045,0.00,0.00,0.00,0.00,2,0
2026-06-12 16:55:46.095,0.00,0.00,0.00,0.00,2,0
2026-06-12 16:55:46.146,0.00,0.00,0.00,0.00,2,0
2026-06-12 16:55:46.196,0.00,0.00,0.00,0.00,2,0
2026-06-12 16:55:46.246,0.00,0.00,0.00,0.00,2,0
2026-06-12 16:55:46.297,0.00,0.00,0.00,0.00,2,0
2026-06-12 16:55:46.347,0.00,0.00,0.00,0.00,2,0
2026-06-12 16:55:46.398,0.00,0.00,0.00,0.00,2,0
2026-06-12 16:55:46.448,0.00,0.00,0.00,0.00,2,0
2026-06-12 16:55:46.499,0.00,0.00,0.00,0.00,2,0
2026-06-12 16:55:46.549,0.00,0.00,0.00,0.00,2,0
2026-06-12 16:55:46.599,0.00,0.00,0.00,0.00,2,0
2026-06-12 16:55:46.650,0.00,0.00,0.00,0.00,2,0
2026-06-12 16:55:46.700,0.00,0.00,0.00,0.00,2,0
2026-06-12 16:55:46.750,0.00,0.00,0.00,0.00,2,0
2026-06-12 16:55:46.801,0.00,0.00,0.00,0.00,2,0
2026-06-12 16:55:46.851,0.00,0.00,0.00,0.00,2,0
2026-06-12 16:55:46.902,0.00,0.00,0.00,0.00,2,0
2026-06-12 16:55:46.952,0.00,0.00,0.00,0.00,2,0
2026-06-12 16:55:47.002,0.00,0.00,0.00,0.00,2,0
2026-06-12 16:55:47.053,0.00,0.00,0.00,0.00,2,0
2026-06-12 16:55:47.103,0.00,0.00,0.00,0.00,2,0
2026-06-12 16:55:47.154,0.00,0.00,0.00,0.00,2,0
2026-06-12 16:55:47.204,0.00,0.00,0.00,0.00,2,0
2026-06-12 16:55:47.254,0.00,0.00,0.00,0.00,2,0
2026-06-12 16:55:47.305,0.00,0.00,0.00,0.00,2,0
2026-06-12 16:55:47.355,0.00,0.00,0.00,0.00,2,0
2026-06-12 16:55:47.406,0.00,0.00,0.00,0.00,2,0
2026-06-12 16:55:47.456,0.00,0.00,0.00,0.00,2,0
2026-06-12 16:55:47.507,0.00,0.00,0.00,0.00,2,0
2026-06-12 16:55:47.557,0.00,0.00,0.00,0.00,2,0
2026-06-12 16:55:47.607,0.00,0.00,0.00,0.00,2,0
2026-06-12 16:55:47.658,0.00,0.00,0.00,0.00,2,0
2026-06-12 16:55:47.708,0.00,0.00,0.00,0.00,2,0
2026-06-12 16:55:47.759,0.00,0.00,0.00,0.00,2,0
2026-06-12 16:55:47.809,0.00,0.00,0.00,0.00,2,0
2026-06-12 16:55:47.859,0.00,0.00,0.00,0.00,2,0
2026-06-12 16:55:47.910,0.00,0.00,0.00,0.00,2,0
2026-06-12 16:55:47.963,0.00,0.00,0.00,0.00,2,0
2026-06-12 16:55:48.011,0.00,0.00,0.00,0.00,2,0
2026-06-12 16:55:48.061,0.00,0.00,0.00,0.00,2,0
2026-06-12 16:55:48.111,0.00,0.00,0.00,0.00,2,0
2026-06-12 16:55:48.162,0.00,0.00,0.00,0.00,2,0
2026-06-12 16:55:48.212,0.00,0.00,0.00,0.00,2,0
2026-06-12 16:55:48.263,0.00,0.00,0.00,0.00,2,0
2026-06-12 16:55:48.313,0.00,0.00,0.00,0.00,2,0
2026-06-12 16:55:48.363,0.00,0.00,0.00,0.00,2,0
2026-06-12 16:55:48.414,0.00,0.00,0.00,0.00,2,0
2026-06-12 16:55:48.464,0.00,0.00,0.00,0.00,2,0
2026-06-12 16:55:48.515,0.00,0.00,0.00,0.00,2,0
2026-06-12 16:55:48.565,0.00,0.00,0.00,0.00,2,0
2026-06-12 16:55:48.615,0.00,0.00,0.00,0.00,2,0
2026-06-12 16:55:48.666,0.00,0.00,0.00,0.00,2,0
2026-06-12 16:55:48.716,0.00,0.00,0.00,0.00,2,0
2026-06-12 16:55:48.766,0.00,0.00,0.00,0.00,2,0
2026-06-12 16:55:48.817,0.00,0.00,0.00,0.00,2,0
2026-06-12 16:55:48.867,0.00,0.00,0.00,0.00,2,0
2026-06-12 16:55:48.918,0.00,0.00,0.00,0.00,2,0
2026-06-12 16:55:48.968,0.00,0.00,0.00,0.00,2,0
2026-06-12 16:55:49.019,0.00,0.00,0.00,0.00,2,0
2026-06-12 16:55:49.069,0.00,0.00,0.00,0.00,2,0
2026-06-12 16:55:49.119,0.00,0.00,0.00,0.00,2,0
2026-06-12 16:55:49.170,0.00,0.00,0.00,0.00,2,0
2026-06-12 16:55:49.220,0.00,0.00,0.00,0.00,2,0
2026-06-12 16:55:49.270,0.00,0.00,0.00,0.00,2,0
2026-06-12 16:55:49.321,0.00,0.00,0.00,0.00,2,0
2026-06-12 16:55:49.371,0.00,0.00,0.00,0.00,2,0
2026-06-12 16:55:49.422,0.00,0.00,0.00,0.00,2,0
2026-06-12 16:55:49.472,0.00,0.00,0.00,0.00,2,0
2026-06-12 16:55:49.523,0.00,0.00,0.00,0.00,2,0
2026-06-12 16:55:49.573,0.00,0.00,0.00,0.00,2,0
2026-06-12 16:55:49.623,0.00,0.00,0.00,0.00,2,0
2026-06-12 16:55:49.674,0.00,0.00,0.00,0.00,2,0
2026-06-12 16:55:49.724,0.00,0.00,0.00,0.00,2,0
2026-06-12 16:55:49.775,0.00,0.00,0.00,0.00,2,0
2026-06-12 16:55:49.825,0.00,0.00,0.00,0.00,2,0
2026-06-12 16:55:49.875,0.00,0.00,0.00,0.00,2,0
2026-06-12 16:55:49.926,0.00,0.00,0.00,0.00,2,0
2026-06-12 16:55:49.976,0.00,0.00,0.00,0.00,2,0
2026-06-12 16:55:50.026,0.00,0.00,0.00,0.00,2,0
2026-06-12 16:55:50.077,0.00,0.00,0.00,0.00,2,0
2026-06-12 16:55:50.127,0.00,0.00,0.00,0.00,2,0
2026-06-12 16:55:50.178,0.00,0.00,0.00,0.00,2,0
2026-06-12 16:55:50.228,0.00,0.00,0.00,0.00,2,0
2026-06-12 16:55:50.278,0.00,0.00,0.00,0.00,2,0
2026-06-12 16:55:50.329,0.00,0.00,0.00,0.00,2,0
2026-06-12 16:55:50.379,0.00,0.00,0.00,0.00,2,0
2026-06-12 16:55:50.431,0.00,0.00,0.00,0.00,2,0
2026-06-12 16:55:50.480,0.00,0.00,0.00,0.00,2,0
2026-06-12 16:55:50.531,0.00,0.00,0.00,0.00,2,0
2026-06-12 16:55:50.581,0.00,0.00,0.00,0.00,2,0
2026-06-12 16:55:50.631,0.00,0.00,0.00,0.00,2,0
2026-06-12 16:55:50.682,0.00,0.00,0.00,0.00,2,0
2026-06-12 16:55:50.732,0.00,0.00,0.00,0.00,2,0
2026-06-12 16:55:50.782,0.00,0.00,0.00,0.00,2,0
2026-06-12 16:55:50.833,0.00,0.00,0.00,0.00,2,0
2026-06-12 16:55:50.883,0.00,0.00,0.00,0.00,2,0
2026-06-12 16:55:50.934,0.00,0.00,0.00,0.00,2,0
2026-06-12 16:55:50.984,0.00,0.00,0.00,0.00,2,0
2026-06-12 16:55:51.034,0.00,0.00,0.00,0.00,2,0
2026-06-12 16:55:51.085,0.00,0.00,0.00,0.00,2,0
2026-06-12 16:55:51.135,0.00,0.00,0.00,0.00,2,0
2026-06-12 16:55:51.186,0.00,0.00,0.00,0.00,2,0
2026-06-12 16:55:51.237,0.00,0.00,0.00,0.00,2,0
2026-06-12 16:55:51.286,0.00,0.00,0.00,0.00,2,0
2026-06-12 16:55:51.337,0.00,0.00,0.00,0.00,2,0
2026-06-12 16:55:51.387,0.00,0.00,0.00,0.00,2,0
2026-06-12 16:55:51.438,0.00,0.00,0.00,0.00,2,0
2026-06-12 16:55:51.488,0.00,0.00,0.00,0.00,2,0
2026-06-12 16:55:51.538,0.00,0.00,0.00,0.00,2,0
2026-06-12 16:55:51.589,0.00,0.00,0.00,0.00,2,0
2026-06-12 16:55:51.639,0.00,0.00,0.00,0.00,2,0
2026-06-12 16:55:51.690,0.00,0.00,0.00,0.00,2,0
2026-06-12 16:55:51.740,0.00,0.00,0.00,0.00,2,0
2026-06-12 16:55:51.790,0.00,0.00,0.00,0.00,2,0
2026-06-12 16:55:51.841,0.00,0.00,0.00,0.00,2,0
2026-06-12 16:55:51.891,0.00,0.00,0.00,0.00,2,0
2026-06-12 16:55:51.942,0.00,0.00,0.00,0.00,2,0
2026-06-12 16:55:51.992,0.00,0.00,0.00,0.00,2,0
2026-06-12 16:55:52.043,0.00,0.00,0.00,0.00,2,0
2026-06-12 16:55:52.093,0.00,0.00,0.00,0.00,2,0
2026-06-12 16:55:52.143,0.00,0.00,0.00,0.00,2,0
2026-06-12 16:55:52.194,0.00,0.00,0.00,0.00,2,0
2026-06-12 16:55:52.244,0.00,0.00,0.00,0.00,2,0
2026-06-12 16:55:52.294,0.00,0.00,0.00,0.00,2,0
2026-06-12 16:55:52.345,0.00,0.00,0.00,0.00,2,0
2026-06-12 16:55:52.395,0.00,0.00,0.00,0.00,2,0
2026-06-12 16:55:52.446,0.00,0.00,0.00,0.00,2,0
2026-06-12 16:55:52.496,0.00,0.00,0.00,0.00,2,0
2026-06-12 16:55:52.547,0.00,0.00,0.00,0.00,2,0
2026-06-12 16:55:52.597,0.00,0.00,0.00,0.00,2,0
2026-06-12 16:55:52.647,0.00,0.00,0.00,0.00,2,0
2026-06-12 16:55:52.698,0.00,0.00,0.00,0.00,2,0
2026-06-12 16:55:52.748,0.00,0.00,0.00,0.00,2,0
2026-06-12 16:55:52.798,0.00,0.00,0.00,0.00,2,0
2026-06-12 16:55:52.849,0.00,0.00,0.00,0.00,2,0
2026-06-12 16:55:52.899,0.00,0.00,0.00,0.00,2,0
2026-06-12 16:55:52.951,0.00,0.00,0.00,0.00,2,0
2026-06-12 16:55:53.001,0.00,0.00,0.00,0.00,2,0
2026-06-12 16:55:53.051,0.00,0.00,0.00,0.00,2,0
2026-06-12 16:55:53.101,0.00,0.00,0.00,0.00,2,0
2026-06-12 16:55:53.151,0.00,0.00,0.00,0.00,2,0
2026-06-12 16:55:53.202,0.00,0.00,0.00,0.00,2,0
2026-06-12 16:55:53.252,0.00,0.00,0.00,0.00,2,0
2026-06-12 16:55:53.302,0.00,0.00,0.00,0.00,2,0
2026-06-12 16:55:53.353,0.00,0.00,0.00,0.00,2,0
2026-06-12 16:55:53.403,0.00,0.00,0.00,0.00,2,0
2026-06-12 16:55:53.454,0.00,0.00,0.00,0.00,2,0
2026-06-12 16:55:53.504,0.00,0.00,0.00,0.00,2,0
2026-06-12 16:55:53.554,0.00,0.00,0.00,0.00,2,0
2026-06-12 16:55:53.605,0.00,0.00,0.00,0.00,2,0
2026-06-12 16:55:53.655,0.00,0.00,0.00,0.00,2,0
2026-06-12 16:55:53.706,0.00,0.00,0.00,0.00,2,0
2026-06-12 16:55:53.756,0.00,0.00,0.00,0.00,2,0
2026-06-12 16:55:53.806,0.00,0.00,0.00,0.00,2,0
2026-06-12 16:55:53.857,0.00,0.00,0.00,0.00,2,0
2026-06-12 16:55:53.908,0.00,0.00,0.00,0.00,2,0
2026-06-12 16:55:53.958,0.00,0.00,0.00,0.00,2,0
2026-06-12 16:55:54.008,0.00,0.00,0.00,0.00,2,0
2026-06-12 16:55:54.058,0.00,0.00,0.00,0.00,2,0
2026-06-12 16:55:54.109,0.00,0.00,0.00,0.00,2,0
2026-06-12 16:55:54.159,0.00,0.00,0.00,0.00,2,0
2026-06-12 16:55:54.210,0.00,0.00,0.00,0.00,2,0
2026-06-12 16:55:54.261,0.00,0.00,0.00,0.00,2,0
2026-06-12 16:55:54.311,0.00,0.00,0.00,0.00,2,0
2026-06-12 16:55:54.361,0.00,0.00,0.00,0.00,2,0
2026-06-12 16:55:54.411,0.00,0.00,0.00,0.00,2,0
2026-06-12 16:55:54.462,0.00,0.00,0.00,0.00,2,0
2026-06-12 16:55:54.512,0.00,0.00,0.00,0.00,2,0
2026-06-12 16:55:54.562,0.00,0.00,0.00,0.00,2,0
2026-06-12 16:55:54.613,0.00,0.00,0.00,0.00,2,0
2026-06-12 16:55:54.663,0.00,0.00,0.00,0.00,2,0
2026-06-12 16:55:54.714,0.00,0.00,0.00,0.00,2,0
2026-06-12 16:55:54.764,0.00,0.00,0.00,0.00,2,0
2026-06-12 16:55:54.814,0.00,0.00,0.00,0.00,2,0
2026-06-12 16:55:54.865,0.00,0.00,0.00,0.00,2,0
2026-06-12 16:55:54.915,0.00,0.00,0.00,0.00,2,0
2026-06-12 16:55:54.966,0.00,0.00,0.00,0.00,2,0
2026-06-12 16:55:55.016,0.00,0.00,0.00,0.00,2,0
2026-06-12 16:55:55.067,0.00,0.00,0.00,0.00,2,0
2026-06-12 16:55:55.117,0.00,0.00,0.00,0.00,2,0
2026-06-12 16:55:55.167,0.00,0.00,0.00,0.00,2,0
2026-06-12 16:55:55.218,0.00,0.00,0.00,0.00,2,0
2026-06-12 16:55:55.268,0.00,0.00,0.00,0.00,2,0
2026-06-12 16:55:55.318,0.00,0.00,0.00,0.00,2,0
2026-06-12 16:55:55.369,0.00,0.00,0.00,0.00,2,0
2026-06-12 16:55:55.419,0.00,0.00,0.00,0.00,2,0
2026-06-12 16:55:55.470,0.00,0.00,0.00,0.00,2,0
2026-06-12 16:55:55.521,0.00,0.00,0.00,0.00,2,0
2026-06-12 16:55:55.571,0.00,0.00,0.00,0.00,2,0
2026-06-12 16:55:55.621,0.00,0.00,0.00,0.00,2,0
2026-06-12 16:55:55.671,0.00,0.00,0.00,0.00,2,0
2026-06-12 16:55:55.722,0.00,0.00,0.00,0.00,2,0
2026-06-12 16:55:55.772,0.00,0.00,0.00,0.00,2,0
2026-06-12 16:55:55.822,0.00,0.00,0.00,0.00,2,0
2026-06-12 16:55:55.873,0.00,0.00,0.00,0.00,2,0
2026-06-12 16:55:55.923,0.00,0.00,0.00,0.00,2,0
2026-06-12 16:55:55.974,0.00,0.00,0.00,0.00,2,0
2026-06-12 16:55:56.024,0.00,0.00,0.00,0.00,2,0
2026-06-12 16:55:56.074,0.00,0.00,0.00,0.00,2,0
2026-06-12 16:55:56.125,0.00,0.00,0.00,0.00,2,0
2026-06-12 16:55:56.175,0.00,0.00,0.00,0.00,2,0
2026-06-12 16:55:56.226,0.00,0.00,0.00,0.00,2,0
2026-06-12 16:55:56.276,0.00,0.00,0.00,0.00,2,0
2026-06-12 16:55:56.326,0.00,0.00,0.00,0.00,2,0
2026-06-12 16:55:56.377,0.00,0.00,0.00,0.00,2,0
2026-06-12 16:55:56.428,0.00,0.00,0.00,0.00,2,0
2026-06-12 16:55:56.478,0.00,0.00,0.00,0.00,2,0
2026-06-12 16:55:56.528,0.00,0.00,0.00,0.00,2,0
2026-06-12 16:55:56.578,0.00,0.00,0.00,0.00,2,0
2026-06-12 16:55:56.629,0.00,0.00,0.00,0.00,2,0
2026-06-12 16:55:56.679,0.00,0.00,0.00,0.00,2,0
2026-06-12 16:55:56.730,0.00,0.00,0.00,0.00,2,0
2026-06-12 16:55:56.781,0.00,0.00,0.00,0.00,2,0
2026-06-12 16:55:56.831,0.00,0.00,0.00,0.00,2,0
2026-06-12 16:55:56.881,0.00,0.00,0.00,0.00,2,0
2026-06-12 16:55:56.931,0.00,0.00,0.00,0.00,2,0
2026-06-12 16:55:56.982,0.00,0.00,0.00,0.00,2,0
2026-06-12 16:55:57.032,0.00,0.00,0.00,0.00,2,0
2026-06-12 16:55:57.082,0.00,0.00,0.00,0.00,2,0
2026-06-12 16:55:57.133,0.00,0.00,0.00,0.00,2,0
2026-06-12 16:55:57.183,0.00,0.00,0.00,0.00,2,0
2026-06-12 16:55:57.234,0.00,0.00,0.00,0.00,2,0
2026-06-12 16:55:57.284,0.00,0.00,0.00,0.00,2,0
2026-06-12 16:55:57.334,0.00,0.00,0.00,0.00,2,0
2026-06-12 16:55:57.385,0.00,0.00,0.00,0.00,2,0
2026-06-12 16:55:57.435,0.00,0.00,0.00,0.00,2,0
2026-06-12 16:55:57.486,0.00,0.00,0.00,0.00,2,0
2026-06-12 16:55:57.536,0.00,0.00,0.00,0.00,2,0
2026-06-12 16:55:57.586,0.00,0.00,0.00,0.00,2,0
2026-06-12 16:55:57.637,0.00,0.00,0.00,0.00,2,0
2026-06-12 16:55:57.687,0.00,0.00,0.00,0.00,2,0
2026-06-12 16:55:57.738,0.00,0.00,0.00,0.00,2,0
2026-06-12 16:55:57.788,0.00,0.00,0.00,0.00,2,0
2026-06-12 16:55:57.838,0.00,0.00,0.00,0.00,2,0
2026-06-12 16:55:57.889,0.00,0.00,0.00,0.00,2,0
2026-06-12 16:55:57.939,0.00,0.00,0.00,0.00,2,0
2026-06-12 16:55:57.990,0.00,0.00,0.00,0.00,2,0
2026-06-12 16:55:58.040,0.00,0.00,0.00,0.00,2,0
2026-06-12 16:55:58.091,0.00,0.00,0.00,0.00,2,0
2026-06-12 16:55:58.141,0.00,0.00,0.00,0.00,2,0
2026-06-12 16:55:58.191,0.00,0.00,0.00,0.00,2,0
2026-06-12 16:55:58.242,0.00,0.00,0.00,0.00,2,0
2026-06-12 16:55:58.292,0.00,0.00,0.00,0.00,2,0
2026-06-12 16:55:58.342,0.00,0.00,0.00,0.00,2,0
2026-06-12 16:55:58.393,0.00,0.00,0.00,0.00,2,0
2026-06-12 16:55:58.443,0.00,0.00,0.00,0.00,2,0
2026-06-12 16:55:58.494,0.00,0.00,0.00,0.00,2,0
2026-06-12 16:55:58.544,0.00,0.00,0.00,0.00,2,0
2026-06-12 16:55:58.594,0.00,0.00,0.00,0.00,2,0
2026-06-12 16:55:58.645,0.00,0.00,0.00,0.00,2,0
2026-06-12 16:55:58.695,0.00,0.00,0.00,0.00,2,0
2026-06-12 16:55:58.745,0.00,0.00,0.00,0.00,2,0
2026-06-12 16:55:58.796,0.00,0.00,0.00,0.00,2,0
2026-06-12 16:55:58.846,0.00,0.00,0.00,0.00,2,0
2026-06-12 16:55:58.897,0.00,0.00,0.00,0.00,2,0
2026-06-12 16:55:58.947,0.00,0.00,0.00,0.00,2,0
2026-06-12 16:55:58.998,0.00,0.00,0.00,0.00,2,0
2026-06-12 16:55:59.048,0.00,0.00,0.00,0.00,2,0
2026-06-12 16:55:59.098,0.00,0.00,0.00,0.00,2,0
2026-06-12 16:55:59.149,0.00,0.00,0.00,0.00,2,0
2026-06-12 16:55:59.199,0.00,0.00,0.00,0.00,2,0
2026-06-12 16:55:59.252,0.00,0.00,0.00,0.00,2,0
2026-06-12 16:55:59.300,0.00,0.00,0.00,0.00,2,0
2026-06-12 16:55:59.350,0.00,0.00,0.00,0.00,2,0
2026-06-12 16:55:59.401,0.00,0.00,0.00,0.00,2,0
2026-06-12 16:55:59.451,0.00,0.00,0.00,0.00,2,0
2026-06-12 16:55:59.501,0.00,0.00,0.00,0.00,2,0
2026-06-12 16:55:59.552,0.00,0.00,0.00,0.00,2,0
2026-06-12 16:55:59.602,0.00,0.00,0.00,0.00,2,0
2026-06-12 16:55:59.653,0.00,0.00,0.00,0.00,2,0
2026-06-12 16:55:59.703,0.00,0.00,0.00,0.00,2,0
2026-06-12 16:55:59.753,0.00,0.00,0.00,0.00,2,0
2026-06-12 16:55:59.804,0.00,0.00,0.00,0.00,2,0
2026-06-12 16:55:59.854,0.00,0.00,0.00,0.00,2,0
2026-06-12 16:55:59.905,0.00,0.00,0.00,0.00,2,0
2026-06-12 16:55:59.955,0.00,0.00,0.00,0.00,2,0
2026-06-12 16:56:00.006,0.00,0.00,0.00,0.00,2,0
2026-06-12 16:56:00.056,0.00,0.00,0.00,0.00,2,0
2026-06-12 16:56:00.106,0.00,0.00,0.00,0.00,2,0
2026-06-12 16:56:00.157,0.00,0.00,0.00,0.00,2,0
2026-06-12 16:56:00.207,0.00,0.00,0.00,0.00,2,0
2026-06-12 16:56:00.258,0.00,0.00,0.00,0.00,2,0
2026-06-12 16:56:00.308,0.00,0.00,0.00,0.00,2,0
2026-06-12 16:56:00.358,0.00,0.00,0.00,0.00,2,0
2026-06-12 16:56:00.409,0.00,0.00,0.00,0.00,2,0
2026-06-12 16:56:00.459,0.00,0.00,0.00,0.00,2,0
2026-06-12 16:56:00.510,0.00,0.00,0.00,0.00,2,0
2026-06-12 16:56:00.560,0.00,0.00,0.00,0.00,2,0
2026-06-12 16:56:00.611,0.00,0.00,0.00,0.00,2,0
2026-06-12 16:56:00.661,0.00,0.00,0.00,0.00,2,0
2026-06-12 16:56:00.712,0.00,0.00,0.00,0.00,2,0
2026-06-12 16:56:00.762,0.00,0.00,0.00,0.00,2,0
2026-06-12 16:56:00.812,0.00,0.00,0.00,0.00,2,0
2026-06-12 16:56:00.862,0.00,0.00,0.00,0.00,2,0
2026-06-12 16:56:00.913,0.00,0.00,0.00,0.00,2,0
2026-06-12 16:56:00.963,0.00,0.00,0.00,0.00,2,0
2026-06-12 16:56:01.014,0.00,0.00,0.00,0.00,2,0
2026-06-12 16:56:01.064,0.00,0.00,0.00,0.00,2,0
2026-06-12 16:56:01.114,0.00,0.00,0.00,0.00,2,0
2026-06-12 16:56:01.165,0.00,0.00,0.00,0.00,2,0
2026-06-12 16:56:01.215,0.00,0.00,0.00,0.00,2,0
2026-06-12 16:56:01.266,0.00,0.00,0.00,0.00,2,0
2026-06-12 16:56:01.316,0.00,0.00,0.00,0.00,2,0
2026-06-12 16:56:01.366,0.00,0.00,0.00,0.00,2,0
2026-06-12 16:56:01.417,0.00,0.00,0.00,0.00,2,0
2026-06-12 16:56:01.467,0.00,0.00,0.00,0.00,2,0
2026-06-12 16:56:01.518,0.00,0.00,0.00,0.00,2,0
2026-06-12 16:56:01.568,0.00,0.00,0.00,0.00,2,0
2026-06-12 16:56:01.618,0.00,0.00,0.00,0.00,2,0
2026-06-12 16:56:01.669,0.00,0.00,0.00,0.00,2,0
2026-06-12 16:56:01.719,0.00,0.00,0.00,0.00,2,0
2026-06-12 16:56:01.770,0.00,0.00,0.00,0.00,2,0
2026-06-12 16:56:01.821,0.00,0.00,0.00,0.00,2,0
2026-06-12 16:56:01.871,0.00,0.00,0.00,0.00,2,0
2026-06-12 16:56:01.921,0.00,0.00,0.00,0.00,2,0
2026-06-12 16:56:01.971,0.00,0.00,0.00,0.00,2,0
2026-06-12 16:56:02.022,0.00,0.00,0.00,0.00,2,0
2026-06-12 16:56:02.072,0.00,0.00,0.00,0.00,2,0
2026-06-12 16:56:02.122,0.00,0.00,0.00,0.00,2,0
2026-06-12 16:56:02.173,0.00,0.00,0.00,0.00,2,0
2026-06-12 16:56:02.223,0.00,0.00,0.00,0.00,2,0
2026-06-12 16:56:02.274,0.00,0.00,0.00,0.00,2,0
2026-06-12 16:56:02.324,0.00,0.00,0.00,0.00,2,0
2026-06-12 16:56:02.374,0.00,0.00,0.00,0.00,2,0
2026-06-12 16:56:02.425,0.00,0.00,0.00,0.00,2,0
2026-06-12 16:56:02.475,0.00,0.00,0.00,0.00,2,0
2026-06-12 16:56:02.526,0.00,0.00,0.00,0.00,2,0
2026-06-12 16:56:02.576,0.00,0.00,0.00,0.00,2,0
2026-06-12 16:56:02.627,0.00,0.00,0.00,0.00,2,0
2026-06-12 16:56:02.677,0.00,0.00,0.00,0.00,2,0
2026-06-12 16:56:02.727,0.00,0.00,0.00,0.00,2,0
2026-06-12 16:56:02.778,0.00,0.00,0.00,0.00,2,0
2026-06-12 16:56:02.828,0.00,0.00,0.00,0.00,2,0
2026-06-12 16:56:02.879,0.00,0.00,0.00,0.00,2,0
2026-06-12 16:56:02.929,0.00,0.00,0.00,0.00,2,0
2026-06-12 16:56:02.979,0.00,0.00,0.00,0.00,2,0
2026-06-12 16:56:03.030,0.00,0.00,0.00,0.00,2,0
2026-06-12 16:56:03.080,0.00,0.00,0.00,0.00,2,0
2026-06-12 16:56:03.131,0.00,0.00,0.00,0.00,2,0
2026-06-12 16:56:03.181,0.00,0.00,0.00,0.00,2,0
2026-06-12 16:56:03.231,0.00,0.00,0.00,0.00,2,0
2026-06-12 16:56:03.282,0.00,0.00,0.00,0.00,2,0
2026-06-12 16:56:03.333,0.00,0.00,0.00,0.00,2,0
2026-06-12 16:56:03.383,0.00,0.00,0.00,0.00,2,0
2026-06-12 16:56:03.433,0.00,0.00,0.00,0.00,2,0
2026-06-12 16:56:03.483,0.00,0.00,0.00,0.00,2,0
2026-06-12 16:56:03.534,0.00,0.00,0.00,0.00,2,0
2026-06-12 16:56:03.584,0.00,0.00,0.00,0.00,2,0
2026-06-12 16:56:03.635,0.00,0.00,0.00,0.00,2,0
2026-06-12 16:56:03.685,0.00,0.00,0.00,0.00,2,0
2026-06-12 16:56:03.735,0.00,0.00,0.00,0.00,2,0
2026-06-12 16:56:03.786,0.00,0.00,0.00,0.00,2,0
2026-06-12 16:56:03.836,0.00,0.00,0.00,0.00,2,0
2026-06-12 16:56:03.887,0.00,0.00,0.00,0.00,2,0
2026-06-12 16:56:03.937,0.00,0.00,0.00,0.00,2,0
2026-06-12 16:56:03.987,0.00,0.00,0.00,0.00,2,0
2026-06-12 16:56:04.038,0.00,0.00,0.00,0.00,2,0
2026-06-12 16:56:04.088,0.00,0.00,0.00,0.00,2,0
2026-06-12 16:56:04.139,0.00,0.00,0.00,0.00,2,0
2026-06-12 16:56:04.189,0.00,0.00,0.00,0.00,2,0
2026-06-12 16:56:04.239,0.00,0.00,0.00,0.00,2,0
2026-06-12 16:56:04.291,0.00,0.00,0.00,0.00,2,0
2026-06-12 16:56:04.341,0.00,0.00,0.00,0.00,2,0
2026-06-12 16:56:04.391,0.00,0.00,0.00,0.00,2,0
2026-06-12 16:56:04.441,0.00,0.00,0.00,0.00,2,0
2026-06-12 16:56:04.491,0.00,0.00,0.00,0.00,2,0
2026-06-12 16:56:04.542,0.00,0.00,0.00,0.00,2,0
2026-06-12 16:56:04.592,0.00,0.00,0.00,0.00,2,0
2026-06-12 16:56:04.643,0.00,0.00,0.00,0.00,2,0
2026-06-12 16:56:04.693,0.00,0.00,0.00,0.00,2,0
2026-06-12 16:56:04.744,0.00,0.00,0.00,0.00,2,0
2026-06-12 16:56:04.794,0.00,0.00,0.00,0.00,2,0
2026-06-12 16:56:04.844,0.00,0.00,0.00,0.00,2,0
2026-06-12 16:56:04.895,0.00,0.00,0.00,0.00,2,0
2026-06-12 16:56:04.945,0.00,0.00,0.00,0.00,2,0
2026-06-12 16:56:04.995,0.00,0.00,0.00,0.00,2,0
2026-06-12 16:56:05.046,0.00,0.00,0.00,0.00,2,0
2026-06-12 16:56:05.096,0.00,0.00,0.00,0.00,2,0
2026-06-12 16:56:05.147,0.00,0.00,0.00,0.00,2,0
2026-06-12 16:56:05.197,0.00,0.00,0.00,0.00,2,0
2026-06-12 16:56:05.247,0.00,0.00,0.00,0.00,2,0
2026-06-12 16:56:05.298,0.00,0.00,0.00,0.00,2,0
2026-06-12 16:56:05.348,0.00,0.00,0.00,0.00,2,0
2026-06-12 16:56:05.399,0.00,0.00,0.00,0.00,2,0
2026-06-12 16:56:05.449,0.00,0.00,0.00,0.00,2,0
2026-06-12 16:56:05.499,0.00,0.00,0.00,0.00,2,0
2026-06-12 16:56:05.550,0.00,0.00,0.00,0.00,2,0
2026-06-12 16:56:05.600,0.00,0.00,0.00,0.00,2,0
2026-06-12 16:56:05.651,0.00,0.00,0.00,0.00,2,0
2026-06-12 16:56:05.701,0.00,0.00,0.00,0.00,2,0
2026-06-12 16:56:05.752,0.00,0.00,0.00,0.00,2,0
2026-06-12 16:56:05.802,0.00,0.00,0.00,0.00,2,0
2026-06-12 16:56:05.852,0.00,0.00,0.00,0.00,2,0
2026-06-12 16:56:05.903,0.00,0.00,0.00,0.00,2,0
2026-06-12 16:56:05.953,0.00,0.00,0.00,0.00,2,0
2026-06-12 16:56:06.004,0.00,0.00,0.00,0.00,2,0
2026-06-12 16:56:06.054,0.00,0.00,0.00,0.00,2,0
2026-06-12 16:56:06.104,0.00,0.00,0.00,0.00,2,0
2026-06-12 16:56:06.155,0.00,0.00,0.00,0.00,2,0
2026-06-12 16:56:06.205,0.00,0.00,0.00,0.00,2,0
2026-06-12 16:56:06.256,0.00,0.00,0.00,0.00,2,0
2026-06-12 16:56:06.306,0.00,0.00,0.00,0.00,2,0
2026-06-12 16:56:06.356,0.00,0.00,0.00,0.00,2,0
2026-06-12 16:56:06.407,0.00,0.00,0.00,0.00,2,0
2026-06-12 16:56:06.457,0.00,0.00,0.00,0.00,2,0
2026-06-12 16:56:06.508,0.00,0.00,0.00,0.00,2,0
2026-06-12 16:56:06.558,0.00,0.00,0.00,0.00,2,0
2026-06-12 16:56:06.608,0.00,0.00,0.00,0.00,2,0
2026-06-12 16:56:06.659,0.00,0.00,0.00,0.00,2,0
2026-06-12 16:56:06.709,0.00,0.00,0.00,0.00,2,0
2026-06-12 16:56:06.760,0.00,0.00,0.00,0.00,2,0
2026-06-12 16:56:06.810,0.00,0.00,0.00,0.00,2,0
2026-06-12 16:56:06.861,0.00,0.00,0.00,0.00,2,0
2026-06-12 16:56:06.911,0.00,0.00,0.00,0.00,2,0
2026-06-12 16:56:06.961,0.00,0.00,0.00,0.00,2,0
2026-06-12 16:56:07.013,0.00,0.00,0.00,0.00,2,0
2026-06-12 16:56:07.062,0.00,0.00,0.00,0.00,2,0
2026-06-12 16:56:07.113,0.00,0.00,0.00,0.00,2,0
2026-06-12 16:56:07.163,0.00,0.00,0.00,0.00,2,0
2026-06-12 16:56:07.213,0.00,0.00,0.00,0.00,2,0
2026-06-12 16:56:07.264,0.00,0.00,0.00,0.00,2,0
2026-06-12 16:56:07.314,0.00,0.00,0.00,0.00,2,0
2026-06-12 16:56:07.364,0.00,0.00,0.00,0.00,2,0
2026-06-12 16:56:07.415,0.00,0.00,0.00,0.00,2,0
2026-06-12 16:56:07.465,0.00,0.00,0.00,0.00,2,0
2026-06-12 16:56:07.516,0.00,0.00,0.00,0.00,2,0
2026-06-12 16:56:07.566,0.00,0.00,0.00,0.00,2,0
2026-06-12 16:56:07.616,0.00,0.00,0.00,0.00,2,0
2026-06-12 16:56:07.667,0.00,0.00,0.00,0.00,2,0
2026-06-12 16:56:07.717,0.00,0.00,0.00,0.00,2,0
2026-06-12 16:56:07.768,0.00,0.00,0.00,0.00,2,0
2026-06-12 16:56:07.818,0.00,0.00,0.00,0.00,2,0
2026-06-12 16:56:07.869,0.00,0.00,0.00,0.00,2,0
2026-06-12 16:56:07.921,0.00,0.00,0.00,0.00,2,0
2026-06-12 16:56:07.969,0.00,0.00,0.00,0.00,2,0
2026-06-12 16:56:08.020,0.00,0.00,0.00,0.00,2,0
2026-06-12 16:56:08.071,0.00,0.00,0.00,0.00,2,0
2026-06-12 16:56:08.121,0.00,0.00,0.00,0.00,2,0
2026-06-12 16:56:08.171,0.00,0.00,0.00,0.00,2,0
2026-06-12 16:56:08.221,0.00,0.00,0.00,0.00,2,0
2026-06-12 16:56:08.272,0.00,0.00,0.00,0.00,2,0
2026-06-12 16:56:08.322,0.00,0.00,0.00,0.00,2,0
2026-06-12 16:56:08.373,0.00,0.00,0.00,0.00,2,0
2026-06-12 16:56:08.423,0.00,0.00,0.00,0.00,2,0
2026-06-12 16:56:08.473,0.00,0.00,0.00,0.00,2,0
2026-06-12 16:56:08.524,0.00,0.00,0.00,0.00,2,0
2026-06-12 16:56:08.574,0.00,0.00,0.00,0.00,2,0
2026-06-12 16:56:08.625,0.00,0.00,0.00,0.00,2,0
2026-06-12 16:56:08.675,0.00,0.00,0.00,0.00,2,0
2026-06-12 16:56:08.725,0.00,0.00,0.00,0.00,2,0
2026-06-12 16:56:08.776,0.00,0.00,0.00,0.00,2,0
2026-06-12 16:56:08.826,0.00,0.00,0.00,0.00,2,0
2026-06-12 16:56:08.877,0.00,0.00,0.00,0.00,2,0
2026-06-12 16:56:08.927,0.00,0.00,0.00,0.00,2,0
2026-06-12 16:56:08.977,0.00,0.00,0.00,0.00,2,0
2026-06-12 16:56:09.028,0.00,0.00,0.00,0.00,2,0
2026-06-12 16:56:09.078,0.00,0.00,0.00,0.00,2,0
2026-06-12 16:56:09.129,0.00,0.00,0.00,0.00,2,0
2026-06-12 16:56:09.179,0.00,0.00,0.00,0.00,2,0
2026-06-12 16:56:09.229,0.00,0.00,0.00,0.00,2,0
2026-06-12 16:56:09.280,0.00,0.00,0.00,0.00,2,0
2026-06-12 16:56:09.330,0.00,0.00,0.00,0.00,2,0
2026-06-12 16:56:09.381,0.00,0.00,0.00,0.00,2,0
2026-06-12 16:56:09.431,0.00,0.00,0.00,0.00,2,0
2026-06-12 16:56:09.481,0.00,0.00,0.00,0.00,2,0
2026-06-12 16:56:09.532,0.00,0.00,0.00,0.00,2,0
2026-06-12 16:56:09.582,0.00,0.00,0.00,0.00,2,0
2026-06-12 16:56:09.633,0.00,0.00,0.00,0.00,2,0
2026-06-12 16:56:09.683,0.00,0.00,0.00,0.00,2,0
2026-06-12 16:56:09.733,0.00,0.00,0.00,0.00,2,0
2026-06-12 16:56:09.784,0.00,0.00,0.00,0.00,2,0
2026-06-12 16:56:09.834,0.00,0.00,0.00,0.00,2,0
2026-06-12 16:56:09.885,0.00,0.00,0.00,0.00,2,0
2026-06-12 16:56:09.935,0.00,0.00,0.00,0.00,2,0
2026-06-12 16:56:09.986,0.00,0.00,0.00,0.00,2,0
2026-06-12 16:56:10.036,0.00,0.00,0.00,0.00,2,0
2026-06-12 16:56:10.086,0.00,0.00,0.00,0.00,2,0
2026-06-12 16:56:10.137,0.00,0.00,0.00,0.00,2,0
2026-06-12 16:56:10.187,0.00,0.00,0.00,0.00,2,0
2026-06-12 16:56:10.237,0.00,0.00,0.00,0.00,2,0
2026-06-12 16:56:10.288,0.00,0.00,0.00,0.00,2,0
2026-06-12 16:56:10.338,0.00,0.00,0.00,0.00,2,0
2026-06-12 16:56:10.389,0.00,0.00,0.00,0.00,2,0
2026-06-12 16:56:10.439,0.00,0.00,0.00,0.00,2,0
2026-06-12 16:56:10.490,0.00,0.00,0.00,0.00,2,0
2026-06-12 16:56:10.541,0.00,0.00,0.00,0.00,2,0
2026-06-12 16:56:10.591,0.00,0.00,0.00,0.00,2,0
2026-06-12 16:56:10.641,0.00,0.00,0.00,0.00,2,0
2026-06-12 16:56:10.691,0.00,0.00,0.00,0.00,2,0
2026-06-12 16:56:10.741,0.00,0.00,0.00,0.00,2,0
2026-06-12 16:56:10.792,0.00,0.00,0.00,0.00,2,0
2026-06-12 16:56:10.842,0.00,0.00,0.00,0.00,2,0
2026-06-12 16:56:10.893,0.00,0.00,0.00,0.00,2,0
2026-06-12 16:56:10.943,0.00,0.00,0.00,0.00,2,0
2026-06-12 16:56:10.994,0.00,0.00,0.00,0.00,2,0
2026-06-12 16:56:11.044,0.00,0.00,0.00,0.00,2,0
2026-06-12 16:56:11.094,0.00,0.00,0.00,0.00,2,0
2026-06-12 16:56:11.145,0.00,0.00,0.00,0.00,2,0
2026-06-12 16:56:11.195,0.00,0.00,0.00,0.00,2,0
2026-06-12 16:56:11.246,0.00,0.00,0.00,0.00,2,0
2026-06-12 16:56:11.296,0.00,0.00,0.00,0.00,2,0
2026-06-12 16:56:11.346,0.00,0.00,0.00,0.00,2,0
2026-06-12 16:56:11.397,0.00,0.00,0.00,0.00,2,0
2026-06-12 16:56:11.447,0.00,0.00,0.00,0.00,2,0
2026-06-12 16:56:11.498,0.00,0.00,0.00,0.00,2,0
2026-06-12 16:56:11.548,0.00,0.00,0.00,0.00,2,0
2026-06-12 16:56:11.598,0.00,0.00,0.00,0.00,2,0
2026-06-12 16:56:11.649,0.00,0.00,0.00,0.00,2,0
2026-06-12 16:56:11.699,0.00,0.00,0.00,0.00,2,0
2026-06-12 16:56:11.750,0.00,0.00,0.00,0.00,2,0
2026-06-12 16:56:11.801,0.00,0.00,0.00,0.00,2,0
2026-06-12 16:56:11.851,0.00,0.00,0.00,0.00,2,0
2026-06-12 16:56:11.901,0.00,0.00,0.00,0.00,2,0
2026-06-12 16:56:11.951,0.00,0.00,0.00,0.00,2,0
2026-06-12 16:56:12.002,0.00,0.00,0.00,0.00,2,0
2026-06-12 16:56:12.052,0.00,0.00,0.00,0.00,2,0
2026-06-12 16:56:12.102,0.00,0.00,0.00,0.00,2,0
2026-06-12 16:56:12.153,0.00,0.00,0.00,0.00,2,0
2026-06-12 16:56:12.203,0.00,0.00,0.00,0.00,2,0
2026-06-12 16:56:12.254,0.00,0.00,0.00,0.00,2,0
2026-06-12 16:56:12.304,0.00,0.00,0.00,0.00,2,0
2026-06-12 16:56:12.354,0.00,0.00,0.00,0.00,2,0
2026-06-12 16:56:12.405,0.00,0.00,0.00,0.00,2,0
2026-06-12 16:56:12.455,0.00,0.00,0.00,0.00,2,0
2026-06-12 16:56:12.506,0.00,0.00,0.00,0.00,2,0
2026-06-12 16:56:12.556,0.00,0.00,0.00,0.00,2,0
2026-06-12 16:56:12.606,0.00,0.00,0.00,0.00,2,0
2026-06-12 16:56:12.657,0.00,0.00,0.00,0.00,2,0
2026-06-12 16:56:12.707,0.00,0.00,0.00,0.00,2,0
2026-06-12 16:56:12.758,0.00,0.00,0.00,0.00,2,0
2026-06-12 16:56:12.808,0.00,0.00,0.00,0.00,2,0
2026-06-12 16:56:12.858,0.00,0.00,0.00,0.00,2,0
2026-06-12 16:56:12.909,0.00,0.00,0.00,0.00,2,0
2026-06-12 16:56:12.959,0.00,0.00,0.00,0.00,2,0
2026-06-12 16:56:13.010,0.00,0.00,0.00,0.00,2,0
2026-06-12 16:56:13.060,0.00,0.00,0.00,0.00,2,0
2026-06-12 16:56:13.111,0.00,0.00,0.00,0.00,2,0
2026-06-12 16:56:13.161,0.00,0.00,0.00,0.00,2,0
2026-06-12 16:56:13.211,0.00,0.00,0.00,0.00,2,0
2026-06-12 16:56:13.262,0.00,0.00,0.00,0.00,2,0
2026-06-12 16:56:13.312,0.00,0.00,0.00,0.00,2,0
2026-06-12 16:56:13.362,0.00,0.00,0.00,0.00,2,0
2026-06-12 16:56:13.413,0.00,0.00,0.00,0.00,2,0
2026-06-12 16:56:13.463,0.00,0.00,0.00,0.00,2,0
2026-06-12 16:56:13.514,0.00,0.00,0.00,0.00,2,0
2026-06-12 16:56:13.564,0.00,0.00,0.00,0.00,2,0
2026-06-12 16:56:13.615,0.00,0.00,0.00,0.00,2,0
2026-06-12 16:56:13.665,0.00,0.00,0.00,0.00,2,0
2026-06-12 16:56:13.715,0.00,0.00,0.00,0.00,2,0
2026-06-12 16:56:13.766,0.00,0.00,0.00,0.00,2,0
2026-06-12 16:56:13.816,0.00,0.00,0.00,0.00,2,0
2026-06-12 16:56:13.867,0.00,0.00,0.00,0.00,2,0
2026-06-12 16:56:13.917,0.00,0.00,0.00,0.00,2,0
2026-06-12 16:56:13.967,0.00,0.00,0.00,0.00,2,0
2026-06-12 16:56:14.018,0.00,0.00,0.00,0.00,2,0
2026-06-12 16:56:14.068,0.00,0.00,0.00,0.00,2,0
2026-06-12 16:56:14.119,0.00,0.00,0.00,0.00,2,0
2026-06-12 16:56:14.169,0.00,0.00,0.00,0.00,2,0
2026-06-12 16:56:14.219,0.00,0.00,0.00,0.00,2,0
2026-06-12 16:56:14.270,0.00,0.00,0.00,0.00,2,0
2026-06-12 16:56:14.321,0.00,0.00,0.00,0.00,2,0
2026-06-12 16:56:14.371,0.00,0.00,0.00,0.00,2,0
2026-06-12 16:56:14.421,0.00,0.00,0.00,0.00,2,0
2026-06-12 16:56:14.471,0.00,0.00,0.00,0.00,2,0
2026-06-12 16:56:14.522,0.00,0.00,0.00,0.00,2,0
2026-06-12 16:56:14.572,0.00,0.00,0.00,0.00,2,0
2026-06-12 16:56:14.622,0.00,0.00,0.00,0.00,2,0
2026-06-12 16:56:14.673,0.00,0.00,0.00,0.00,2,0
2026-06-12 16:56:14.723,0.00,0.00,0.00,0.00,2,0
2026-06-12 16:56:14.774,0.00,0.00,0.00,0.00,2,0
2026-06-12 16:56:14.824,0.00,0.00,0.00,0.00,2,0
2026-06-12 16:56:14.875,0.00,0.00,0.00,0.00,2,0
2026-06-12 16:56:14.925,0.00,0.00,0.00,0.00,2,0
2026-06-12 16:56:14.975,0.00,0.00,0.00,0.00,2,0
2026-06-12 16:56:15.026,0.00,0.00,0.00,0.00,2,0
2026-06-12 16:56:15.076,0.00,0.00,0.00,0.00,2,0
2026-06-12 16:56:15.127,0.00,0.00,0.00,0.00,2,0
2026-06-12 16:56:15.177,0.00,0.00,0.00,0.00,2,0
2026-06-12 16:56:15.227,0.00,0.00,0.00,0.00,2,0
2026-06-12 16:56:15.278,0.00,0.00,0.00,0.00,2,0
2026-06-12 16:56:15.328,0.00,0.00,0.00,0.00,2,0
2026-06-12 16:56:15.379,0.00,0.00,0.00,0.00,2,0
2026-06-12 16:56:15.429,0.00,0.00,0.00,0.00,2,0
2026-06-12 16:56:15.479,0.00,0.00,0.00,0.00,2,0
2026-06-12 16:56:15.530,0.00,0.00,0.00,0.00,2,0
2026-06-12 16:56:15.581,0.00,0.00,0.00,0.00,2,0
2026-06-12 16:56:15.631,0.00,0.00,0.00,0.00,2,0
2026-06-12 16:56:15.681,0.00,0.00,0.00,0.00,2,0
2026-06-12 16:56:15.731,0.00,0.00,0.00,0.00,2,0
2026-06-12 16:56:15.782,0.00,0.00,0.00,0.00,2,0
2026-06-12 16:56:15.832,0.00,0.00,0.00,0.00,2,0
2026-06-12 16:56:15.883,0.00,0.00,0.00,0.00,2,0
2026-06-12 16:56:15.933,0.00,0.00,0.00,0.00,2,0
2026-06-12 16:56:15.983,0.00,0.00,0.00,0.00,2,0
2026-06-12 16:56:16.034,0.00,0.00,0.00,0.00,2,0
2026-06-12 16:56:16.084,0.00,0.00,0.00,0.00,2,0
2026-06-12 16:56:16.135,0.00,0.00,0.00,0.00,2,0
2026-06-12 16:56:16.185,0.00,0.00,0.00,0.00,2,0
2026-06-12 16:56:16.235,0.00,0.00,0.00,0.00,2,0
2026-06-12 16:56:16.286,0.00,0.00,0.00,0.00,2,0
2026-06-12 16:56:16.336,0.00,0.00,0.00,0.00,2,0
2026-06-12 16:56:16.387,0.00,0.00,0.00,0.00,2,0
2026-06-12 16:56:16.437,0.00,0.00,0.00,0.00,2,0
2026-06-12 16:56:16.487,0.00,0.00,0.00,0.00,2,0
2026-06-12 16:56:16.538,0.00,0.00,0.00,0.00,2,0
2026-06-12 16:56:16.588,0.00,0.00,0.00,0.00,2,0
2026-06-12 16:56:16.639,0.00,0.00,0.00,0.00,2,0
2026-06-12 16:56:16.689,0.00,0.00,0.00,0.00,2,0
2026-06-12 16:56:16.740,0.00,0.00,0.00,0.00,2,0
2026-06-12 16:56:16.790,0.00,0.00,0.00,0.00,2,0
2026-06-12 16:56:16.841,0.00,0.00,0.00,0.00,2,0
2026-06-12 16:56:16.891,0.00,0.00,0.00,0.00,2,0
2026-06-12 16:56:16.941,0.00,0.00,0.00,0.00,2,0
2026-06-12 16:56:16.991,0.00,0.00,0.00,0.00,2,0
2026-06-12 16:56:17.042,0.00,0.00,0.00,0.00,2,0
2026-06-12 16:56:17.092,0.00,0.00,0.00,0.00,2,0
2026-06-12 16:56:17.143,0.00,0.00,0.00,0.00,2,0
2026-06-12 16:56:17.193,0.00,0.00,0.00,0.00,2,0
2026-06-12 16:56:17.243,0.00,0.00,0.00,0.00,2,0
2026-06-12 16:56:17.294,0.00,0.00,0.00,0.00,2,0
2026-06-12 16:56:17.344,0.00,0.00,0.00,0.00,2,0
2026-06-12 16:56:17.395,0.00,0.00,0.00,0.00,2,0
2026-06-12 16:56:17.445,0.00,0.00,0.00,0.00,2,0
2026-06-12 16:56:17.496,0.00,0.00,0.00,0.00,2,0
2026-06-12 16:56:17.546,0.00,0.00,0.00,0.00,2,0
2026-06-12 16:56:17.596,0.00,0.00,0.00,0.00,2,0
2026-06-12 16:56:17.647,0.00,0.00,0.00,0.00,2,0
2026-06-12 16:56:17.697,0.00,0.00,0.00,0.00,2,0
2026-06-12 16:56:17.748,0.00,0.00,0.00,0.00,2,0
2026-06-12 16:56:17.798,0.00,0.00,0.00,0.00,2,0
2026-06-12 16:56:17.848,0.00,0.00,0.00,0.00,2,0
2026-06-12 16:56:17.899,0.00,0.00,0.00,0.00,2,0
2026-06-12 16:56:17.949,0.00,0.00,0.00,0.00,2,0
2026-06-12 16:56:18.000,0.00,0.00,0.00,0.00,2,0
2026-06-12 16:56:18.051,0.00,0.00,0.00,0.00,2,0
2026-06-12 16:56:18.100,0.00,0.00,0.00,0.00,2,0
2026-06-12 16:56:18.151,0.00,0.00,0.00,0.00,2,0
2026-06-12 16:56:18.201,0.00,0.00,0.00,0.00,2,0
2026-06-12 16:56:18.252,0.00,0.00,0.00,0.00,2,0
2026-06-12 16:56:18.302,0.00,0.00,0.00,0.00,2,0
2026-06-12 16:56:18.352,0.00,0.00,0.00,0.00,2,0
2026-06-12 16:56:18.403,0.00,0.00,0.00,0.00,2,0
2026-06-12 16:56:18.453,0.00,0.00,0.00,0.00,2,0
2026-06-12 16:56:18.504,0.00,0.00,0.00,0.00,2,0
2026-06-12 16:56:18.554,0.00,0.00,0.00,0.00,2,0
2026-06-12 16:56:18.604,0.00,0.00,0.00,0.00,2,0
2026-06-12 16:56:18.655,0.00,0.00,0.00,0.00,2,0
2026-06-12 16:56:18.705,0.00,0.00,0.00,0.00,2,0
2026-06-12 16:56:18.756,0.00,0.00,0.00,0.00,2,0
2026-06-12 16:56:18.806,0.00,0.00,0.00,0.00,2,0
2026-06-12 16:56:18.856,0.00,0.00,0.00,0.00,2,0
2026-06-12 16:56:18.907,0.00,0.00,0.00,0.00,2,0
2026-06-12 16:56:18.957,0.00,0.00,0.00,0.00,2,0
2026-06-12 16:56:19.008,0.00,0.00,0.00,0.00,2,0
2026-06-12 16:56:19.058,0.00,0.00,0.00,0.00,2,0
2026-06-12 16:56:19.108,0.00,0.00,0.00,0.00,2,0
2026-06-12 16:56:19.159,0.00,0.00,0.00,0.00,2,0
2026-06-12 16:56:19.209,0.00,0.00,0.00,0.00,2,0
2026-06-12 16:56:19.260,0.00,0.00,0.00,0.00,2,0
2026-06-12 16:56:19.311,0.00,0.00,0.00,0.00,2,0
2026-06-12 16:56:19.361,0.00,0.00,0.00,0.00,2,0
2026-06-12 16:56:19.411,0.00,0.00,0.00,0.00,2,0
2026-06-12 16:56:19.461,0.00,0.00,0.00,0.00,2,0
2026-06-12 16:56:19.512,0.00,0.00,0.00,0.00,2,0
2026-06-12 16:56:19.562,0.00,0.00,0.00,0.00,2,0
2026-06-12 16:56:19.612,0.00,0.00,0.00,0.00,2,0
2026-06-12 16:56:19.663,0.00,0.00,0.00,0.00,2,0
2026-06-12 16:56:19.713,0.00,0.00,0.00,0.00,2,0
2026-06-12 16:56:19.764,0.00,0.00,0.00,0.00,2,0
2026-06-12 16:56:19.814,0.00,0.00,0.00,0.00,2,0
2026-06-12 16:56:19.864,0.00,0.00,0.00,0.00,2,0
2026-06-12 16:56:19.915,0.00,0.00,0.00,0.00,2,0
2026-06-12 16:56:19.965,0.00,0.00,0.00,0.00,2,0
2026-06-12 16:56:20.016,0.00,0.00,0.00,0.00,2,0
2026-06-12 16:56:20.066,0.00,0.00,0.00,0.00,2,0
2026-06-12 16:56:20.116,0.00,0.00,0.00,0.00,2,0
2026-06-12 16:56:20.167,0.00,0.00,0.00,0.00,2,0
2026-06-12 16:56:20.217,0.00,0.00,0.00,0.00,2,0
2026-06-12 16:56:20.268,0.00,0.00,0.00,0.00,2,0
2026-06-12 16:56:20.318,0.00,0.00,0.00,0.00,2,0
2026-06-12 16:56:20.369,0.00,0.00,0.00,0.00,2,0
2026-06-12 16:56:20.419,0.00,0.00,0.00,0.00,2,0
2026-06-12 16:56:20.469,0.00,0.00,0.00,0.00,2,0
2026-06-12 16:56:20.520,0.00,0.00,0.00,0.00,2,0
2026-06-12 16:56:20.570,0.00,0.00,0.00,0.00,2,0
2026-06-12 16:56:20.621,0.00,0.00,0.00,0.00,2,0
2026-06-12 16:56:20.671,0.00,0.00,0.00,0.00,2,0
2026-06-12 16:56:20.721,0.00,0.00,0.00,0.00,2,0
2026-06-12 16:56:20.772,0.00,0.00,0.00,0.00,2,0
2026-06-12 16:56:20.822,0.00,0.00,0.00,0.00,2,0
2026-06-12 16:56:20.873,0.00,0.00,0.00,0.00,2,0
2026-06-12 16:56:20.923,0.00,0.00,0.00,0.00,2,0
2026-06-12 16:56:20.973,0.00,0.00,0.00,0.00,2,0
2026-06-12 16:56:21.024,0.00,0.00,0.00,0.00,2,0
2026-06-12 16:56:21.074,0.00,0.00,0.00,0.00,2,0
2026-06-12 16:56:21.125,0.00,0.00,0.00,0.00,2,0
2026-06-12 16:56:21.175,0.00,0.00,0.00,0.00,2,0
2026-06-12 16:56:21.226,0.00,0.00,0.00,0.00,2,0
2026-06-12 16:56:21.276,0.00,0.00,0.00,0.00,2,0
2026-06-12 16:56:21.326,0.00,0.00,0.00,0.00,2,0
2026-06-12 16:56:21.377,0.00,0.00,0.00,0.00,2,0
2026-06-12 16:56:21.428,0.00,0.00,0.00,0.00,2,0
2026-06-12 16:56:21.477,0.00,0.00,0.00,0.00,2,0
2026-06-12 16:56:21.528,0.00,0.00,0.00,0.00,2,0
2026-06-12 16:56:21.578,0.00,0.00,0.00,0.00,2,0
2026-06-12 16:56:21.629,0.00,0.00,0.00,0.00,2,0
2026-06-12 16:56:21.679,0.00,0.00,0.00,0.00,2,0
2026-06-12 16:56:21.731,0.00,0.00,0.00,0.00,2,0
2026-06-12 16:56:21.780,0.00,0.00,0.00,0.00,2,0
2026-06-12 16:56:21.831,0.00,0.00,0.00,0.00,2,0
2026-06-12 16:56:21.881,0.00,0.00,0.00,0.00,2,0
2026-06-12 16:56:21.931,0.00,0.00,0.00,0.00,2,0
2026-06-12 16:56:21.981,0.00,0.00,0.00,0.00,2,0
2026-06-12 16:56:22.032,0.00,0.00,0.00,0.00,2,0
2026-06-12 16:56:22.082,0.00,0.00,0.00,0.00,2,0
2026-06-12 16:56:22.133,0.00,0.00,0.00,0.00,2,0
2026-06-12 16:56:22.183,0.00,0.00,0.00,0.00,2,0
2026-06-12 16:56:22.233,0.00,0.00,0.00,0.00,2,0
2026-06-12 16:56:22.284,0.00,0.00,0.00,0.00,2,0
2026-06-12 16:56:22.334,0.00,0.00,0.00,0.00,2,0
2026-06-12 16:56:22.385,0.00,0.00,0.00,0.00,2,0
2026-06-12 16:56:22.435,0.00,0.00,0.00,0.00,2,0
2026-06-12 16:56:22.485,0.00,0.00,0.00,0.00,2,0
2026-06-12 16:56:22.536,0.00,0.00,0.00,0.00,2,0
2026-06-12 16:56:22.586,0.00,0.00,0.00,0.00,2,0
2026-06-12 16:56:22.637,0.00,0.00,0.00,0.00,2,0
2026-06-12 16:56:22.687,0.00,0.00,0.00,0.00,2,0
2026-06-12 16:56:22.737,0.00,0.00,0.00,0.00,2,0
2026-06-12 16:56:22.788,0.00,0.00,0.00,0.00,2,0
2026-06-12 16:56:22.838,0.00,0.00,0.00,0.00,2,0
2026-06-12 16:56:22.889,0.00,0.00,0.00,0.00,2,0
2026-06-12 16:56:22.939,0.00,0.00,0.00,0.00,2,0
2026-06-12 16:56:22.989,0.00,0.00,0.00,0.00,2,0
2026-06-12 16:56:23.040,0.00,0.00,0.00,0.00,2,0
2026-06-12 16:56:23.092,0.00,0.00,0.00,0.00,2,0
2026-06-12 16:56:23.141,0.00,0.00,0.00,0.00,2,0
2026-06-12 16:56:23.191,0.00,0.00,0.00,0.00,2,0
2026-06-12 16:56:23.241,0.00,0.00,0.00,0.00,2,0
2026-06-12 16:56:23.292,0.00,0.00,0.00,0.00,2,0
2026-06-12 16:56:23.342,0.00,0.00,0.00,0.00,2,0
2026-06-12 16:56:23.393,0.00,0.00,0.00,0.00,2,0
2026-06-12 16:56:23.443,0.00,0.00,0.00,0.00,2,0
2026-06-12 16:56:23.494,0.00,0.00,0.00,0.00,2,0
2026-06-12 16:56:23.544,0.00,0.00,0.00,0.00,2,0
2026-06-12 16:56:23.594,0.00,0.00,0.00,0.00,2,0
2026-06-12 16:56:23.645,0.00,0.00,0.00,0.00,2,0
2026-06-12 16:56:23.695,0.00,0.00,0.00,0.00,2,0
2026-06-12 16:56:23.746,0.00,0.00,0.00,0.00,2,0
2026-06-12 16:56:23.796,0.00,0.00,0.00,0.00,2,0
2026-06-12 16:56:23.846,0.00,0.00,0.00,0.00,2,0
2026-06-12 16:56:23.898,0.00,0.00,0.00,0.00,2,0
2026-06-12 16:56:23.947,0.00,0.00,0.00,0.00,2,0
2026-06-12 16:56:23.998,0.00,0.00,0.00,0.00,2,0
2026-06-12 16:56:24.048,0.00,0.00,0.00,0.00,2,0
2026-06-12 16:56:24.098,0.00,0.00,0.00,0.00,2,0
2026-06-12 16:56:24.149,0.00,0.00,0.00,0.00,2,0
2026-06-12 16:56:24.199,0.00,0.00,0.00,0.00,2,0
2026-06-12 16:56:24.250,0.00,0.00,0.00,0.00,2,0
2026-06-12 16:56:24.300,0.00,0.00,0.00,0.00,2,0
2026-06-12 16:56:24.350,0.00,0.00,0.00,0.00,2,0
2026-06-12 16:56:24.401,0.00,0.00,0.00,0.00,2,0
2026-06-12 16:56:24.451,0.00,0.00,0.00,0.00,2,0
2026-06-12 16:56:24.502,0.00,0.00,0.00,0.00,2,0
2026-06-12 16:56:24.552,0.00,0.00,0.00,0.00,2,0
2026-06-12 16:56:24.602,0.00,0.00,0.00,0.00,2,0
2026-06-12 16:56:24.653,0.00,0.00,0.00,0.00,2,0
2026-06-12 16:56:24.703,0.00,0.00,0.00,0.00,2,0
2026-06-12 16:56:24.754,0.00,0.00,0.00,0.00,2,0
2026-06-12 16:56:24.804,0.00,0.00,0.00,0.00,2,0
2026-06-12 16:56:24.854,0.00,0.00,0.00,0.00,2,0
2026-06-12 16:56:24.905,0.00,0.00,0.00,0.00,2,0
2026-06-12 16:56:24.955,0.00,0.00,0.00,0.00,2,0
2026-06-12 16:56:25.006,0.00,0.00,0.00,0.00,2,0
2026-06-12 16:56:25.056,0.00,0.00,0.00,0.00,2,0
2026-06-12 16:56:25.106,0.00,0.00,0.00,0.00,2,0
2026-06-12 16:56:25.157,0.00,0.00,0.00,0.00,2,0
2026-06-12 16:56:25.207,0.00,0.00,0.00,0.00,2,0
2026-06-12 16:56:25.258,0.00,0.00,0.00,0.00,2,0
2026-06-12 16:56:25.308,0.00,0.00,0.00,0.00,2,0
2026-06-12 16:56:25.358,0.00,0.00,0.00,0.00,2,0
2026-06-12 16:56:25.409,0.00,0.00,0.00,0.00,2,0
2026-06-12 16:56:25.459,0.00,0.00,0.00,0.00,2,0
2026-06-12 16:56:25.510,0.00,0.00,0.00,0.00,2,0
2026-06-12 16:56:25.560,0.00,0.00,0.00,0.00,2,0
2026-06-12 16:56:25.611,0.00,0.00,0.00,0.00,2,0
2026-06-12 16:56:25.662,0.00,0.00,0.00,0.00,2,0
2026-06-12 16:56:25.711,0.00,0.00,0.00,0.00,2,0
2026-06-12 16:56:25.762,0.00,0.00,0.00,0.00,2,0
2026-06-12 16:56:25.812,0.00,0.00,0.00,0.00,2,0
2026-06-12 16:56:25.862,0.00,0.00,0.00,0.00,2,0
2026-06-12 16:56:25.915,0.00,0.00,0.00,0.00,2,0
2026-06-12 16:56:25.963,0.00,0.00,0.00,0.00,2,0
2026-06-12 16:56:26.015,0.00,0.00,0.00,0.00,2,0
2026-06-12 16:56:26.064,0.00,0.00,0.00,0.00,2,0
2026-06-12 16:56:26.114,0.00,0.00,0.00,0.00,2,0
2026-06-12 16:56:26.165,0.00,0.00,0.00,0.00,2,0
2026-06-12 16:56:26.216,0.00,0.00,0.00,0.00,2,0
2026-06-12 16:56:26.266,0.00,0.00,0.00,0.00,2,0
2026-06-12 16:56:26.316,0.00,0.00,0.00,0.00,2,0
2026-06-12 16:56:26.366,0.00,0.00,0.00,0.00,2,0
2026-06-12 16:56:26.417,0.00,0.00,0.00,0.00,2,0
2026-06-12 16:56:26.468,0.00,0.00,0.00,0.00,2,0
2026-06-12 16:56:26.518,0.00,0.00,0.00,0.00,2,0
2026-06-12 16:56:26.568,0.00,0.00,0.00,0.00,2,0
2026-06-12 16:56:26.619,0.00,0.00,0.00,0.00,2,0
2026-06-12 16:56:26.669,0.00,0.00,0.00,0.00,2,0
2026-06-12 16:56:26.719,0.00,0.00,0.00,0.00,2,0
2026-06-12 16:56:26.771,0.00,0.00,0.00,0.00,2,0
2026-06-12 16:56:26.820,0.00,0.00,0.00,0.00,2,0
2026-06-12 16:56:26.871,0.00,0.00,0.00,0.00,2,0
2026-06-12 16:56:26.921,0.00,0.00,0.00,0.00,2,0
2026-06-12 16:56:26.971,0.00,0.00,0.00,0.00,2,0
2026-06-12 16:56:27.022,0.00,0.00,0.00,0.00,2,0
2026-06-12 16:56:27.072,0.00,0.00,0.00,0.00,2,0
2026-06-12 16:56:27.123,0.00,0.00,0.00,0.00,2,0
2026-06-12 16:56:27.173,0.00,0.00,0.00,0.00,2,0
2026-06-12 16:56:27.223,0.00,0.00,0.00,0.00,2,0
2026-06-12 16:56:27.274,0.00,0.00,0.00,0.00,2,0
2026-06-12 16:56:27.324,0.00,0.00,0.00,0.00,2,0
2026-06-12 16:56:27.374,0.00,0.00,0.00,0.00,2,0
2026-06-12 16:56:27.425,0.00,0.00,0.00,0.00,2,0
2026-06-12 16:56:27.476,0.00,0.00,0.00,0.00,2,0
2026-06-12 16:56:27.526,0.00,0.00,0.00,0.00,2,0
2026-06-12 16:56:27.576,0.00,0.00,0.00,0.00,2,0
2026-06-12 16:56:27.627,0.00,0.00,0.00,0.00,2,0
2026-06-12 16:56:27.677,0.00,0.00,0.00,0.00,2,0
2026-06-12 16:56:27.727,0.00,0.00,0.00,0.00,2,0
2026-06-12 16:56:27.778,0.00,0.00,0.00,0.00,2,0
2026-06-12 16:56:27.829,0.00,0.00,0.00,0.00,2,0
2026-06-12 16:56:27.879,0.00,0.00,0.00,0.00,2,0
2026-06-12 16:56:27.929,0.00,0.00,0.00,0.00,2,0
2026-06-12 16:56:27.979,0.00,0.00,0.00,0.00,2,0
2026-06-12 16:56:28.030,0.00,0.00,0.00,0.00,2,0
2026-06-12 16:56:28.081,0.00,0.00,0.00,0.00,2,0
2026-06-12 16:56:28.131,0.00,0.00,0.00,0.00,2,0
2026-06-12 16:56:28.181,0.00,0.00,0.00,0.00,2,0
2026-06-12 16:56:28.231,0.00,0.00,0.00,0.00,2,0
2026-06-12 16:56:28.282,0.00,0.00,0.00,0.00,2,0
2026-06-12 16:56:28.332,0.00,0.00,0.00,0.00,2,0
2026-06-12 16:56:28.383,0.00,0.00,0.00,0.00,2,0
2026-06-12 16:56:28.433,0.00,0.00,0.00,0.00,2,0
2026-06-12 16:56:28.483,0.00,0.00,0.00,0.00,2,0
2026-06-12 16:56:28.534,0.00,0.00,0.00,0.00,2,0
2026-06-12 16:56:28.584,0.00,0.00,0.00,0.00,2,0
2026-06-12 16:56:28.635,0.00,0.00,0.00,0.00,2,0
2026-06-12 16:56:28.685,0.00,0.00,0.00,0.00,2,0
2026-06-12 16:56:28.735,0.00,0.00,0.00,0.00,2,0
2026-06-12 16:56:28.786,0.00,0.00,0.00,0.00,2,0
2026-06-12 16:56:28.836,0.00,0.00,0.00,0.00,2,0
2026-06-12 16:56:28.887,0.00,0.00,0.00,0.00,2,0
2026-06-12 16:56:28.937,0.00,0.00,0.00,0.00,2,0
2026-06-12 16:56:28.988,0.00,0.00,0.00,0.00,2,0
2026-06-12 16:56:29.039,0.00,0.00,0.00,0.00,2,0
2026-06-12 16:56:29.088,0.00,0.00,0.00,0.00,2,0
2026-06-12 16:56:29.139,0.00,0.00,0.00,0.00,2,0
2026-06-12 16:56:29.189,0.00,0.00,0.00,0.00,2,0
2026-06-12 16:56:29.239,0.00,0.00,0.00,0.00,2,0
2026-06-12 16:56:29.290,0.00,0.00,0.00,0.00,2,0
2026-06-12 16:56:29.340,0.00,0.00,0.00,0.00,2,0
2026-06-12 16:56:29.391,0.00,0.00,0.00,0.00,2,0
2026-06-12 16:56:29.441,0.00,0.00,0.00,0.00,2,0
2026-06-12 16:56:29.491,0.00,0.00,0.00,0.00,2,0
2026-06-12 16:56:29.542,0.00,0.00,0.00,0.00,2,0
2026-06-12 16:56:29.592,0.00,0.00,0.00,0.00,2,0
2026-06-12 16:56:29.644,0.00,0.00,0.00,0.00,2,0
2026-06-12 16:56:29.693,0.00,0.00,0.00,0.00,2,0
2026-06-12 16:56:29.743,0.00,0.00,0.00,0.00,2,0
2026-06-12 16:56:29.794,0.00,0.00,0.00,0.00,2,0
2026-06-12 16:56:29.844,0.00,0.00,0.00,0.00,2,0
2026-06-12 16:56:29.895,0.00,0.00,0.00,0.00,2,0
2026-06-12 16:56:29.945,0.00,0.00,0.00,0.00,2,0
2026-06-12 16:56:29.995,0.00,0.00,0.00,0.00,2,0
2026-06-12 16:56:30.046,0.00,0.00,0.00,0.00,2,0
2026-06-12 16:56:30.096,0.00,0.00,0.00,0.00,2,0
2026-06-12 16:56:30.147,0.00,0.00,0.00,0.00,2,0
2026-06-12 16:56:30.197,0.00,0.00,0.00,0.00,2,0
2026-06-12 16:56:30.248,0.00,0.00,0.00,0.00,2,0
2026-06-12 16:56:30.298,0.00,0.00,0.00,0.00,2,0
2026-06-12 16:56:30.348,0.00,0.00,0.00,0.00,2,0
2026-06-12 16:56:30.399,0.00,0.00,0.00,0.00,2,0
2026-06-12 16:56:30.449,0.00,0.00,0.00,0.00,2,0
2026-06-12 16:56:30.500,0.00,0.00,0.00,0.00,2,0
2026-06-12 16:56:30.551,0.00,0.00,0.00,0.00,2,0
2026-06-12 16:56:30.600,0.00,0.00,0.00,0.00,2,0
2026-06-12 16:56:30.655,0.00,0.00,0.00,0.00,2,0
2026-06-12 16:56:30.701,0.00,0.00,0.00,0.00,2,0
2026-06-12 16:56:30.752,0.00,0.00,0.00,0.00,2,0
2026-06-12 16:56:30.803,0.00,0.00,0.00,0.00,2,0
2026-06-12 16:56:30.852,0.00,0.00,0.00,0.00,2,0
2026-06-12 16:56:30.903,0.00,0.00,0.00,0.00,2,0
2026-06-12 16:56:30.953,0.00,0.00,0.00,0.00,2,0
2026-06-12 16:56:31.004,0.00,0.00,0.00,0.00,2,0
2026-06-12 16:56:31.054,0.00,0.00,0.00,0.00,2,0
2026-06-12 16:56:31.104,0.00,0.00,0.00,0.00,2,0
2026-06-12 16:56:31.155,0.00,0.00,0.00,0.00,2,0
2026-06-12 16:56:31.205,0.00,0.00,0.00,0.00,2,0
2026-06-12 16:56:31.256,0.00,0.00,0.00,0.00,2,0
2026-06-12 16:56:31.306,0.00,0.00,0.00,0.00,2,0
2026-06-12 16:56:31.356,0.00,0.00,0.00,0.00,2,0
2026-06-12 16:56:31.407,0.00,0.00,0.00,0.00,2,0
2026-06-12 16:56:31.457,0.00,0.00,0.00,0.00,2,0
2026-06-12 16:56:31.508,0.00,0.00,0.00,0.00,2,0
2026-06-12 16:56:31.558,0.00,0.00,0.00,0.00,2,0
2026-06-12 16:56:31.609,0.00,0.00,0.00,0.00,2,0
2026-06-12 16:56:31.659,0.00,0.00,0.00,0.00,2,0
2026-06-12 16:56:31.709,0.00,0.00,0.00,0.00,2,0
2026-06-12 16:56:31.760,0.00,0.00,0.00,0.00,2,0
2026-06-12 16:56:31.810,0.00,0.00,0.00,0.00,2,0
2026-06-12 16:56:31.861,0.00,0.00,0.00,0.00,2,0
2026-06-12 16:56:31.914,0.00,0.00,0.00,0.00,2,0
2026-06-12 16:56:31.961,0.00,0.00,0.00,0.00,2,0
2026-06-12 16:56:32.012,0.00,0.00,0.00,0.00,2,0
2026-06-12 16:56:32.062,0.00,0.00,0.00,0.00,2,0
2026-06-12 16:56:32.113,0.00,0.00,0.00,0.00,2,0
2026-06-12 16:56:32.163,0.00,0.00,0.00,0.00,2,0
2026-06-12 16:56:32.213,0.00,0.00,0.00,0.00,2,0
2026-06-12 16:56:32.264,0.00,0.00,0.00,0.00,2,0
2026-06-12 16:56:32.314,0.00,0.00,0.00,0.00,2,0
2026-06-12 16:56:32.364,0.00,0.00,0.00,0.00,2,0
2026-06-12 16:56:32.415,0.00,0.00,0.00,0.00,2,0
2026-06-12 16:56:32.465,0.00,0.00,0.00,0.00,2,0
2026-06-12 16:56:32.516,0.00,0.00,0.00,0.00,2,0
2026-06-12 16:56:32.566,0.00,0.00,0.00,0.00,2,0
2026-06-12 16:56:32.617,0.00,0.00,0.00,0.00,2,0
2026-06-12 16:56:32.668,0.00,0.00,0.00,0.00,2,0
2026-06-12 16:56:32.717,0.00,0.00,0.00,0.00,2,0
2026-06-12 16:56:32.768,0.00,0.00,0.00,0.00,2,0
2026-06-12 16:56:32.818,0.00,0.00,0.00,0.00,2,0
2026-06-12 16:56:32.869,0.00,0.00,0.00,0.00,2,0
2026-06-12 16:56:32.919,0.00,0.00,0.00,0.00,2,0
2026-06-12 16:56:32.969,0.00,0.00,0.00,0.00,2,0
2026-06-12 16:56:33.020,0.00,0.00,0.00,0.00,2,0
2026-06-12 16:56:33.071,0.00,0.00,0.00,0.00,2,0
2026-06-12 16:56:33.121,0.00,0.00,0.00,0.00,2,0
2026-06-12 16:56:33.171,0.00,0.00,0.00,0.00,2,0
2026-06-12 16:56:33.221,0.00,0.00,0.00,0.00,2,0
2026-06-12 16:56:33.272,0.00,0.00,0.00,0.00,2,0
2026-06-12 16:56:33.322,0.00,0.00,0.00,0.00,2,0
2026-06-12 16:56:33.373,0.00,0.00,0.00,0.00,2,0
2026-06-12 16:56:33.423,0.00,0.00,0.00,0.00,2,0
2026-06-12 16:56:33.473,0.00,0.00,0.00,0.00,2,0
2026-06-12 16:56:33.524,0.00,0.00,0.00,0.00,2,0
2026-06-12 16:56:33.574,0.00,0.00,0.00,0.00,2,0
2026-06-12 16:56:33.625,0.00,0.00,0.00,0.00,2,0
2026-06-12 16:56:33.677,0.00,0.00,0.00,0.00,2,0
2026-06-12 16:56:33.725,0.00,0.00,0.00,0.00,2,0
2026-06-12 16:56:33.777,0.00,0.00,0.00,0.00,2,0
2026-06-12 16:56:33.826,0.00,0.00,0.00,0.00,2,0
2026-06-12 16:56:33.877,0.00,0.00,0.00,0.00,2,0
2026-06-12 16:56:33.927,0.00,0.00,0.00,0.00,2,0
2026-06-12 16:56:33.977,0.00,0.00,0.00,0.00,2,0
2026-06-12 16:56:34.028,0.00,0.00,0.00,0.00,2,0
2026-06-12 16:56:34.078,0.00,0.00,0.00,0.00,2,0
2026-06-12 16:56:34.129,0.00,0.00,0.00,0.00,2,0
2026-06-12 16:56:34.179,0.00,0.00,0.00,0.00,2,0
2026-06-12 16:56:34.229,0.00,0.00,0.00,0.00,2,0
2026-06-12 16:56:34.280,0.00,0.00,0.00,0.00,2,0
2026-06-12 16:56:34.330,0.00,0.00,0.00,0.00,2,0
2026-06-12 16:56:34.381,0.00,0.00,0.00,0.00,2,0
2026-06-12 16:56:34.431,0.00,0.00,0.00,0.00,2,0
2026-06-12 16:56:34.481,0.00,0.00,0.00,0.00,2,0
2026-06-12 16:56:34.532,0.00,0.00,0.00,0.00,2,0
2026-06-12 16:56:34.582,0.00,0.00,0.00,0.00,2,0
2026-06-12 16:56:34.633,0.00,0.00,0.00,0.00,2,0
2026-06-12 16:56:34.683,0.00,0.00,0.00,0.00,2,0
2026-06-12 16:56:34.733,0.00,0.00,0.00,0.00,2,0
2026-06-12 16:56:34.784,0.00,0.00,0.00,0.00,2,0
2026-06-12 16:56:34.834,0.00,0.00,0.00,0.00,2,0
2026-06-12 16:56:34.885,0.00,0.00,0.00,0.00,2,0
2026-06-12 16:56:34.935,0.00,0.00,0.00,0.00,2,0
2026-06-12 16:56:34.985,0.00,0.00,0.00,0.00,2,0
2026-06-12 16:56:35.036,0.00,0.00,0.00,0.00,2,0
2026-06-12 16:56:35.086,0.00,0.00,0.00,0.00,2,0
2026-06-12 16:56:35.137,0.00,0.00,0.00,0.00,2,0
2026-06-12 16:56:35.187,0.00,0.00,0.00,0.00,2,0
2026-06-12 16:56:35.237,0.00,0.00,0.00,0.00,2,0
2026-06-12 16:56:35.288,0.00,0.00,0.00,0.00,2,0
2026-06-12 16:56:35.338,0.00,0.00,0.00,0.00,2,0
2026-06-12 16:56:35.389,0.00,0.00,0.00,0.00,2,0
2026-06-12 16:56:35.439,0.00,0.00,0.00,0.00,2,0
2026-06-12 16:56:35.489,0.00,0.00,0.00,0.00,2,0
2026-06-12 16:56:35.540,0.00,0.00,0.00,0.00,2,0
2026-06-12 16:56:35.590,0.00,0.00,0.00,0.00,2,0
2026-06-12 16:56:35.641,0.00,0.00,0.00,0.00,2,0
2026-06-12 16:56:35.691,0.00,0.00,0.00,0.00,2,0
2026-06-12 16:56:35.741,0.00,0.00,0.00,0.00,2,0
2026-06-12 16:56:35.792,0.00,0.00,0.00,0.00,2,0
2026-06-12 16:56:35.842,0.00,0.00,0.00,0.00,2,0
2026-06-12 16:56:35.893,0.00,0.00,0.00,0.00,2,0
2026-06-12 16:56:35.943,0.00,0.00,0.00,0.00,2,0
2026-06-12 16:56:35.993,0.00,0.00,0.00,0.00,2,0
2026-06-12 16:56:36.044,0.00,0.00,0.00,0.00,2,0
2026-06-12 16:56:36.094,0.00,0.00,0.00,0.00,2,0
2026-06-12 16:56:36.145,0.00,0.00,0.00,0.00,2,0
2026-06-12 16:56:36.195,0.00,0.00,0.00,0.00,2,0
2026-06-12 16:56:36.245,0.00,0.00,0.00,0.00,2,0
2026-06-12 16:56:36.296,0.00,0.00,0.00,0.00,2,0
2026-06-12 16:56:36.346,0.00,0.00,0.00,0.00,2,0
2026-06-12 16:56:36.397,0.00,0.00,0.00,0.00,2,0
2026-06-12 16:56:36.447,0.00,0.00,0.00,0.00,2,0
2026-06-12 16:56:36.497,0.00,0.00,0.00,0.00,2,0
2026-06-12 16:56:36.548,0.00,0.00,0.00,0.00,2,0
2026-06-12 16:56:36.598,0.00,0.00,0.00,0.00,2,0
2026-06-12 16:56:36.649,0.00,0.00,0.00,0.00,2,0
2026-06-12 16:56:36.699,0.00,0.00,0.00,0.00,2,0
2026-06-12 16:56:36.750,0.00,0.00,0.00,0.00,2,0
2026-06-12 16:56:36.800,0.00,0.00,0.00,0.00,2,0
2026-06-12 16:56:36.851,0.00,0.00,0.00,0.00,2,0
2026-06-12 16:56:36.901,0.00,0.00,0.00,0.00,2,0
2026-06-12 16:56:36.952,0.00,0.00,0.00,0.00,2,0
2026-06-12 16:56:37.002,0.00,0.00,0.00,0.00,2,0
2026-06-12 16:56:37.052,0.00,0.00,0.00,0.00,2,0
2026-06-12 16:56:37.102,0.00,0.00,0.00,0.00,2,0
2026-06-12 16:56:37.153,0.00,0.00,0.00,0.00,2,0
2026-06-12 16:56:37.203,0.00,0.00,0.00,0.00,2,0
2026-06-12 16:56:37.254,0.00,0.00,0.00,0.00,2,0
2026-06-12 16:56:37.304,0.00,0.00,0.00,0.00,2,0
2026-06-12 16:56:37.354,0.00,0.00,0.00,0.00,2,0
2026-06-12 16:56:37.405,0.00,0.00,0.00,0.00,2,0
2026-06-12 16:56:37.455,0.00,0.00,0.00,0.00,2,0
2026-06-12 16:56:37.506,0.00,0.00,0.00,0.00,2,0
2026-06-12 16:56:37.556,0.00,0.00,0.00,0.00,2,0
2026-06-12 16:56:37.606,0.00,0.00,0.00,0.00,2,0
2026-06-12 16:56:37.657,0.00,0.00,0.00,0.00,2,0
2026-06-12 16:56:37.707,0.00,0.00,0.00,0.00,2,0
2026-06-12 16:56:37.758,0.00,0.00,0.00,0.00,2,0
2026-06-12 16:56:37.808,0.00,0.00,0.00,0.00,2,0
2026-06-12 16:56:37.858,0.00,0.00,0.00,0.00,2,0
2026-06-12 16:56:37.909,0.00,0.00,0.00,0.00,2,0
2026-06-12 16:56:37.959,0.00,0.00,0.00,0.00,2,0
2026-06-12 16:56:38.010,0.00,0.00,0.00,0.00,2,0
2026-06-12 16:56:38.060,0.00,0.00,0.00,0.00,2,0
2026-06-12 16:56:38.111,0.00,0.00,0.00,0.00,2,0
2026-06-12 16:56:38.161,0.00,0.00,0.00,0.00,2,0
2026-06-12 16:56:38.212,0.00,0.00,0.00,0.00,2,0
2026-06-12 16:56:38.262,0.00,0.00,0.00,0.00,2,0
2026-06-12 16:56:38.313,0.00,0.00,0.00,0.00,2,0
2026-06-12 16:56:38.362,0.00,0.00,0.00,0.00,2,0
2026-06-12 16:56:38.414,0.00,0.00,0.00,0.00,2,0
2026-06-12 16:56:38.463,0.00,0.00,0.00,0.00,2,0
2026-06-12 16:56:38.514,0.00,0.00,0.00,0.00,2,0
2026-06-12 16:56:38.564,0.00,0.00,0.00,0.00,2,0
2026-06-12 16:56:38.614,0.00,0.00,0.00,0.00,2,0
2026-06-12 16:56:38.665,0.00,0.00,0.00,0.00,2,0
2026-06-12 16:56:38.715,0.00,0.00,0.00,0.00,2,0
2026-06-12 16:56:38.766,0.00,0.00,0.00,0.00,2,0
2026-06-12 16:56:38.816,0.00,0.00,0.00,0.00,2,0
2026-06-12 16:56:38.866,0.00,0.00,0.00,0.00,2,0
2026-06-12 16:56:38.917,0.00,0.00,0.00,0.00,2,0
2026-06-12 16:56:38.968,0.00,0.00,0.00,0.00,2,0
2026-06-12 16:56:39.018,0.00,0.00,0.00,0.00,2,0
2026-06-12 16:56:39.068,0.00,0.00,0.00,0.00,2,0
2026-06-12 16:56:39.118,0.00,0.00,0.00,0.00,2,0
2026-06-12 16:56:39.169,0.00,0.00,0.00,0.00,2,0
2026-06-12 16:56:39.219,0.00,0.00,0.00,0.00,2,0
2026-06-12 16:56:39.270,0.00,0.00,0.00,0.00,2,0
2026-06-12 16:56:39.320,0.00,0.00,0.00,0.00,2,0
2026-06-12 16:56:39.371,0.00,0.00,0.00,0.00,2,0
2026-06-12 16:56:39.421,0.00,0.00,0.00,0.00,2,0
2026-06-12 16:56:39.471,0.00,0.00,0.00,0.00,2,0
2026-06-12 16:56:39.522,0.00,0.00,0.00,0.00,2,0
2026-06-12 16:56:39.572,0.00,0.00,0.00,0.00,2,0
2026-06-12 16:56:39.622,0.00,0.00,0.00,0.00,2,0
2026-06-12 16:56:39.673,0.00,0.00,0.00,0.00,2,0
2026-06-12 16:56:39.723,0.00,0.00,0.00,0.00,2,0
2026-06-12 16:56:39.774,0.00,0.00,0.00,0.00,2,0
2026-06-12 16:56:39.824,0.00,0.00,0.00,0.00,2,0
2026-06-12 16:56:39.874,0.00,0.00,0.00,0.00,2,0
2026-06-12 16:56:39.925,0.00,0.00,0.00,0.00,2,0
2026-06-12 16:56:39.975,0.00,0.00,0.00,0.00,2,0
2026-06-12 16:56:40.026,0.00,0.00,0.00,0.00,2,0
2026-06-12 16:56:40.076,0.00,0.00,0.00,0.00,2,0
2026-06-12 16:56:40.126,0.00,0.00,0.00,0.00,2,0
2026-06-12 16:56:40.177,0.00,0.00,0.00,0.00,2,0
2026-06-12 16:56:40.227,0.00,0.00,0.00,0.00,2,0
2026-06-12 16:56:40.278,0.00,0.00,0.00,0.00,2,0
2026-06-12 16:56:40.329,0.00,0.00,0.00,0.00,2,0
2026-06-12 16:56:40.379,0.00,0.00,0.00,0.00,2,0
2026-06-12 16:56:40.429,0.00,0.00,0.00,0.00,2,0
2026-06-12 16:56:40.479,0.00,0.00,0.00,0.00,2,0
2026-06-12 16:56:40.531,0.00,0.00,0.00,0.00,2,0
2026-06-12 16:56:40.580,0.00,0.00,0.00,0.00,2,0
2026-06-12 16:56:40.630,0.00,0.00,0.00,0.00,2,0
2026-06-12 16:56:40.681,0.00,0.00,0.00,0.00,2,0
2026-06-12 16:56:40.731,0.00,0.00,0.00,0.00,2,0
2026-06-12 16:56:40.782,0.00,0.00,0.00,0.00,2,0
2026-06-12 16:56:40.832,0.00,0.00,0.00,0.00,2,0
2026-06-12 16:56:40.883,0.00,0.00,0.00,0.00,2,0
2026-06-12 16:56:40.933,0.00,0.00,0.00,0.00,2,0
2026-06-12 16:56:40.983,0.00,0.00,0.00,0.00,2,0
2026-06-12 16:56:41.034,0.00,0.00,0.00,0.00,2,0
2026-06-12 16:56:41.084,0.00,0.00,0.00,0.00,2,0
2026-06-12 16:56:41.135,0.00,0.00,0.00,0.00,2,0
2026-06-12 16:56:41.185,0.00,0.00,0.00,0.00,2,0
2026-06-12 16:56:41.235,0.00,0.00,0.00,0.00,2,0
2026-06-12 16:56:41.286,0.00,0.00,0.00,0.00,2,0
2026-06-12 16:56:41.336,0.00,0.00,0.00,0.00,2,0
2026-06-12 16:56:41.387,0.00,0.00,0.00,0.00,2,0
2026-06-12 16:56:41.437,0.00,0.00,0.00,0.00,2,0
2026-06-12 16:56:41.487,0.00,0.00,0.00,0.00,2,0
2026-06-12 16:56:41.538,0.00,0.00,0.00,0.00,2,0
2026-06-12 16:56:41.588,0.00,0.00,0.00,0.00,2,0
2026-06-12 16:56:41.639,0.00,0.00,0.00,0.00,2,0
2026-06-12 16:56:41.690,0.00,0.00,0.00,0.00,2,0
2026-06-12 16:56:41.739,0.00,0.00,0.00,0.00,2,0
2026-06-12 16:56:41.790,0.00,0.00,0.00,0.00,2,0
2026-06-12 16:56:41.841,0.00,0.00,0.00,0.00,2,0
2026-06-12 16:56:41.891,0.00,0.00,0.00,0.00,2,0
2026-06-12 16:56:41.941,0.00,0.00,0.00,0.00,2,0
2026-06-12 16:56:41.991,0.00,0.00,0.00,0.00,2,0
2026-06-12 16:56:42.042,0.00,0.00,0.00,0.00,2,0
2026-06-12 16:56:42.092,0.00,0.00,0.00,0.00,2,0
2026-06-12 16:56:42.143,0.00,0.00,0.00,0.00,2,0
2026-06-12 16:56:42.193,0.00,0.00,0.00,0.00,2,0
2026-06-12 16:56:42.243,0.00,0.00,0.00,0.00,2,0
2026-06-12 16:56:42.294,0.00,0.00,0.00,0.00,2,0
2026-06-12 16:56:42.344,0.00,0.00,0.00,0.00,2,0
2026-06-12 16:56:42.395,0.00,0.00,0.00,0.00,2,0
2026-06-12 16:56:42.445,0.00,0.00,0.00,0.00,2,0
2026-06-12 16:56:42.495,0.00,0.00,0.00,0.00,2,0
2026-06-12 16:56:42.546,0.00,0.00,0.00,0.00,2,0
2026-06-12 16:56:42.596,0.00,0.00,0.00,0.00,2,0
2026-06-12 16:56:42.647,0.00,0.00,0.00,0.00,2,0
2026-06-12 16:56:42.697,0.00,0.00,0.00,0.00,2,0
2026-06-12 16:56:42.748,0.00,0.00,0.00,0.00,2,0
2026-06-12 16:56:42.798,0.00,0.00,0.00,0.00,2,0
2026-06-12 16:56:42.848,0.00,0.00,0.00,0.00,2,0
2026-06-12 16:56:42.899,0.00,0.00,0.00,0.00,2,0
2026-06-12 16:56:42.950,0.00,0.00,0.00,0.00,2,0
2026-06-12 16:56:43.000,0.00,0.00,0.00,0.00,2,0
2026-06-12 16:56:43.050,0.00,0.00,0.00,0.00,2,0
2026-06-12 16:56:43.101,0.00,0.00,0.00,0.00,2,0
2026-06-12 16:56:43.151,0.00,0.00,0.00,0.00,2,0
2026-06-12 16:56:43.201,0.00,0.00,0.00,0.00,2,0
2026-06-12 16:56:43.252,0.00,0.00,0.00,0.00,2,0
2026-06-12 16:56:43.302,0.00,0.00,0.00,0.00,2,0
2026-06-12 16:56:43.352,0.00,0.00,0.00,0.00,2,0
2026-06-12 16:56:43.403,0.00,0.00,0.00,0.00,2,0
2026-06-12 16:56:43.453,0.00,0.00,0.00,0.00,2,0
2026-06-12 16:56:43.504,0.00,0.00,0.00,0.00,2,0
2026-06-12 16:56:43.554,0.00,0.00,0.00,0.00,2,0
2026-06-12 16:56:43.604,0.00,0.00,0.00,0.00,2,0
2026-06-12 16:56:43.655,0.00,0.00,0.00,0.00,2,0
2026-06-12 16:56:43.705,0.00,0.00,0.00,0.00,2,0
2026-06-12 16:56:43.756,0.00,0.00,0.00,0.00,2,0
2026-06-12 16:56:43.806,0.00,0.00,0.00,0.00,2,0
2026-06-12 16:56:43.856,0.00,0.00,0.00,0.00,2,0
2026-06-12 16:56:43.907,0.00,0.00,0.00,0.00,2,0
2026-06-12 16:56:43.957,0.00,0.00,0.00,0.00,2,0
2026-06-12 16:56:44.008,0.00,0.00,0.00,0.00,2,0
2026-06-12 16:56:44.058,0.00,0.00,0.00,0.00,2,0
2026-06-12 16:56:44.108,0.00,0.00,0.00,0.00,2,0
2026-06-12 16:56:44.159,0.00,0.00,0.00,0.00,2,0
2026-06-12 16:56:44.209,0.00,0.00,0.00,0.00,2,0
2026-06-12 16:56:44.260,0.00,0.00,0.00,0.00,2,0
2026-06-12 16:56:44.311,0.00,0.00,0.00,0.00,2,0
2026-06-12 16:56:44.361,0.00,0.00,0.00,0.00,2,0
2026-06-12 16:56:44.412,0.00,0.00,0.00,0.00,2,0
2026-06-12 16:56:44.461,0.00,0.00,0.00,0.00,2,0
2026-06-12 16:56:44.513,0.00,0.00,0.00,0.00,2,0
2026-06-12 16:56:44.562,0.00,0.00,0.00,0.00,2,0
2026-06-12 16:56:44.612,0.00,0.00,0.00,0.00,2,0
2026-06-12 16:56:44.663,0.00,0.00,0.00,0.00,2,0
2026-06-12 16:56:44.713,0.00,0.00,0.00,0.00,2,0
2026-06-12 16:56:44.764,0.00,0.00,0.00,0.00,2,0
2026-06-12 16:56:44.814,0.00,0.00,0.00,0.00,2,0
2026-06-12 16:56:44.864,0.00,0.00,0.00,0.00,2,0
2026-06-12 16:56:44.915,0.00,0.00,0.00,0.00,2,0
2026-06-12 16:56:44.965,0.00,0.00,0.00,0.00,2,0
2026-06-12 16:56:45.016,0.00,0.00,0.00,0.00,2,0
2026-06-12 16:56:45.066,0.00,0.00,0.00,0.00,2,0
2026-06-12 16:56:45.116,0.00,0.00,0.00,0.00,2,0
2026-06-12 16:56:45.167,0.00,0.00,0.00,0.00,2,0
2026-06-12 16:56:45.217,0.00,0.00,0.00,0.00,2,0
2026-06-12 16:56:45.268,0.00,0.00,0.00,0.00,2,0
2026-06-12 16:56:45.318,0.00,0.00,0.00,0.00,2,0
2026-06-12 16:56:45.368,0.00,0.00,0.00,0.00,2,0
2026-06-12 16:56:45.419,0.00,0.00,0.00,0.00,2,0
2026-06-12 16:56:45.469,0.00,0.00,0.00,0.00,2,0
2026-06-12 16:56:45.520,0.00,0.00,0.00,0.00,2,0
2026-06-12 16:56:45.571,0.00,0.00,0.00,0.00,2,0
2026-06-12 16:56:45.621,0.00,0.00,0.00,0.00,2,0
2026-06-12 16:56:45.671,0.00,0.00,0.00,0.00,2,0
2026-06-12 16:56:45.721,0.00,0.00,0.00,0.00,2,0
2026-06-12 16:56:45.771,0.00,0.00,0.00,0.00,2,0
2026-06-12 16:56:45.822,0.00,0.00,0.00,0.00,2,0
2026-06-12 16:56:45.872,0.00,0.00,0.00,0.00,2,0
2026-06-12 16:56:45.923,0.00,0.00,0.00,0.00,2,0
2026-06-12 16:56:45.973,0.00,0.00,0.00,0.00,2,0
2026-06-12 16:56:46.024,0.00,0.00,0.00,0.00,2,0
2026-06-12 16:56:46.074,0.00,0.00,0.00,0.00,2,0
2026-06-12 16:56:46.124,0.00,0.00,0.00,0.00,2,0
2026-06-12 16:56:46.175,0.00,0.00,0.00,0.00,2,0
2026-06-12 16:56:46.225,0.00,0.00,0.00,0.00,2,0
2026-06-12 16:56:46.276,0.00,0.00,0.00,0.00,2,0
2026-06-12 16:56:46.326,0.00,0.00,0.00,0.00,2,0
2026-06-12 16:56:46.377,0.00,0.00,0.00,0.00,2,0
2026-06-12 16:56:46.427,0.00,0.00,0.00,0.00,2,0
2026-06-12 16:56:46.477,0.00,0.00,0.00,0.00,2,0
2026-06-12 16:56:46.528,0.00,0.00,0.00,0.00,2,0
2026-06-12 16:56:46.578,0.00,0.00,0.00,0.00,2,0
2026-06-12 16:56:46.629,0.00,0.00,0.00,0.00,2,0
2026-06-12 16:56:46.679,0.00,0.00,0.00,0.00,2,0
2026-06-12 16:56:46.729,0.00,0.00,0.00,0.00,2,0
2026-06-12 16:56:46.781,0.00,0.00,0.00,0.00,2,0
2026-06-12 16:56:46.831,0.00,0.00,0.00,0.00,2,0
2026-06-12 16:56:46.881,0.00,0.00,0.00,0.00,2,0
2026-06-12 16:56:46.931,0.00,0.00,0.00,0.00,2,0
2026-06-12 16:56:46.981,0.00,0.00,0.00,0.00,2,0
2026-06-12 16:56:47.032,0.00,0.00,0.00,0.00,2,0
2026-06-12 16:56:47.082,0.00,0.00,0.00,0.00,2,0
2026-06-12 16:56:47.132,0.00,0.00,0.00,0.00,2,0
2026-06-12 16:56:47.183,0.00,0.00,0.00,0.00,2,0
2026-06-12 16:56:47.233,0.00,0.00,0.00,0.00,2,0
2026-06-12 16:56:47.284,0.00,0.00,0.00,0.00,2,0
2026-06-12 16:56:47.334,0.00,0.00,0.00,0.00,2,0
2026-06-12 16:56:47.384,0.00,0.00,0.00,0.00,2,0
2026-06-12 16:56:47.435,0.00,0.00,0.00,0.00,2,0
2026-06-12 16:56:47.485,0.00,0.00,0.00,0.00,2,0
2026-06-12 16:56:47.536,0.00,0.00,0.00,0.00,2,0
2026-06-12 16:56:47.586,0.00,0.00,0.00,0.00,2,0
2026-06-12 16:56:47.637,0.00,0.00,0.00,0.00,2,0
2026-06-12 16:56:47.687,0.00,0.00,0.00,0.00,2,0
2026-06-12 16:56:47.737,0.00,0.00,0.00,0.00,2,0
2026-06-12 16:56:47.788,0.00,0.00,0.00,0.00,2,0
2026-06-12 16:56:47.838,0.00,0.00,0.00,0.00,2,0
2026-06-12 16:56:47.889,0.00,0.00,0.00,0.00,2,0
2026-06-12 16:56:47.939,0.00,0.00,0.00,0.00,2,0
2026-06-12 16:56:47.989,0.00,0.00,0.00,0.00,2,0
2026-06-12 16:56:48.040,0.00,0.00,0.00,0.00,2,0
2026-06-12 16:56:48.091,0.00,0.00,0.00,0.00,2,0
2026-06-12 16:56:48.141,0.00,0.00,0.00,0.00,2,0
2026-06-12 16:56:48.191,0.00,0.00,0.00,0.00,2,0
2026-06-12 16:56:48.241,0.00,0.00,0.00,0.00,2,0
2026-06-12 16:56:48.292,0.00,0.00,0.00,0.00,2,0
2026-06-12 16:56:48.342,0.00,0.00,0.00,0.00,2,0
2026-06-12 16:56:48.393,0.00,0.00,0.00,0.00,2,0
2026-06-12 16:56:48.443,0.00,0.00,0.00,0.00,2,0
2026-06-12 16:56:48.493,0.00,0.00,0.00,0.00,2,0
2026-06-12 16:56:48.544,0.00,0.00,0.00,0.00,2,0
2026-06-12 16:56:48.594,0.00,0.00,0.00,0.00,2,0
2026-06-12 16:56:48.645,0.00,0.00,0.00,0.00,2,0
2026-06-12 16:56:48.695,0.00,0.00,0.00,0.00,2,0
2026-06-12 16:56:48.745,0.00,0.00,0.00,0.00,2,0
2026-06-12 16:56:48.796,0.00,0.00,0.00,0.00,2,0
2026-06-12 16:56:48.846,0.00,0.00,0.00,0.00,2,0
2026-06-12 16:56:48.897,0.00,0.00,0.00,0.00,2,0
2026-06-12 16:56:48.947,0.00,0.00,0.00,0.00,2,0
2026-06-12 16:56:48.997,0.00,0.00,0.00,0.00,2,0
2026-06-12 16:56:49.048,0.00,0.00,0.00,0.00,2,0
2026-06-12 16:56:49.098,0.00,0.00,0.00,0.00,2,0
2026-06-12 16:56:49.149,0.00,0.00,0.00,0.00,2,0
2026-06-12 16:56:49.199,0.00,0.00,0.00,0.00,2,0
2026-06-12 16:56:49.250,0.00,0.00,0.00,0.00,2,0
2026-06-12 16:56:49.301,0.00,0.00,0.00,0.00,2,0
2026-06-12 16:56:49.351,0.00,0.00,0.00,0.00,2,0
2026-06-12 16:56:49.401,0.00,0.00,0.00,0.00,2,0
2026-06-12 16:56:49.451,0.00,0.00,0.00,0.00,2,0
2026-06-12 16:56:49.501,0.00,0.00,0.00,0.00,2,0
2026-06-12 16:56:49.552,0.00,0.00,0.00,0.00,2,0
2026-06-12 16:56:49.602,0.00,0.00,0.00,0.00,2,0
2026-06-12 16:56:49.653,0.00,0.00,0.00,0.00,2,0
2026-06-12 16:56:49.703,0.00,0.00,0.00,0.00,2,0
2026-06-12 16:56:49.753,0.00,0.00,0.00,0.00,2,0
2026-06-12 16:56:49.804,0.00,0.00,0.00,0.00,2,0
2026-06-12 16:56:49.854,0.00,0.00,0.00,0.00,2,0
2026-06-12 16:56:49.905,0.00,0.00,0.00,0.00,2,0
2026-06-12 16:56:49.955,0.00,0.00,0.00,0.00,2,0
2026-06-12 16:56:50.006,0.00,0.00,0.00,0.00,2,0
2026-06-12 16:56:50.056,0.00,0.00,0.00,0.00,2,0
2026-06-12 16:56:50.106,0.00,0.00,0.00,0.00,2,0
2026-06-12 16:56:50.157,0.00,0.00,0.00,0.00,2,0
2026-06-12 16:56:50.207,0.00,0.00,0.00,0.00,2,0
2026-06-12 16:56:50.258,0.00,0.00,0.00,0.00,2,0
2026-06-12 16:56:50.308,0.00,0.00,0.00,0.00,2,0
2026-06-12 16:56:50.358,0.00,0.00,0.00,0.00,2,0
2026-06-12 16:56:50.409,0.00,0.00,0.00,0.00,2,0
2026-06-12 16:56:50.459,0.00,0.00,0.00,0.00,2,0
2026-06-12 16:56:50.510,0.00,0.00,0.00,0.00,2,0
2026-06-12 16:56:50.561,0.00,0.00,0.00,0.00,2,0
2026-06-12 16:56:50.611,0.00,0.00,0.00,0.00,2,0
2026-06-12 16:56:50.661,0.00,0.00,0.00,0.00,2,0
2026-06-12 16:56:50.712,0.00,0.00,0.00,0.00,2,0
2026-06-12 16:56:50.762,0.00,0.00,0.00,0.00,2,0
2026-06-12 16:56:50.814,0.00,0.00,0.00,0.00,2,0
2026-06-12 16:56:50.862,0.00,0.00,0.00,0.00,2,0
2026-06-12 16:56:50.913,0.00,0.00,0.00,0.00,2,0
2026-06-12 16:56:50.963,0.00,0.00,0.00,0.00,2,0
2026-06-12 16:56:51.014,0.00,0.00,0.00,0.00,2,0
2026-06-12 16:56:51.064,0.00,0.00,0.00,0.00,2,0
2026-06-12 16:56:51.114,0.00,0.00,0.00,0.00,2,0
2026-06-12 16:56:51.165,0.00,0.00,0.00,0.00,2,0
2026-06-12 16:56:51.215,0.00,0.00,0.00,0.00,2,0
2026-06-12 16:56:51.266,0.00,0.00,0.00,0.00,2,0
2026-06-12 16:56:51.316,0.00,0.00,0.00,0.00,2,0
2026-06-12 16:56:51.366,0.00,0.00,0.00,0.00,2,0
2026-06-12 16:56:51.417,0.00,0.00,0.00,0.00,2,0
2026-06-12 16:56:51.467,0.00,0.00,0.00,0.00,2,0
2026-06-12 16:56:51.518,0.00,0.00,0.00,0.00,2,0
2026-06-12 16:56:51.568,0.00,0.00,0.00,0.00,2,0
2026-06-12 16:56:51.618,0.00,0.00,0.00,0.00,2,0
2026-06-12 16:56:51.669,0.00,0.00,0.00,0.00,2,0
2026-06-12 16:56:51.719,0.00,0.00,0.00,0.00,2,0
2026-06-12 16:56:51.770,0.00,0.00,0.00,0.00,2,0
2026-06-12 16:56:51.821,0.00,0.00,0.00,0.00,2,0
2026-06-12 16:56:51.871,0.00,0.00,0.00,0.00,2,0
2026-06-12 16:56:51.922,0.00,0.00,0.00,0.00,2,0
2026-06-12 16:56:51.971,0.00,0.00,0.00,0.00,2,0
2026-06-12 16:56:52.022,0.00,0.00,0.00,0.00,2,0
2026-06-12 16:56:52.072,0.00,0.00,0.00,0.00,2,0
2026-06-12 16:56:52.122,0.00,0.00,0.00,0.00,2,0
2026-06-12 16:56:52.173,0.00,0.00,0.00,0.00,2,0
2026-06-12 16:56:52.223,0.00,0.00,0.00,0.00,2,0
2026-06-12 16:56:52.274,0.00,0.00,0.00,0.00,2,0
2026-06-12 16:56:52.324,0.00,0.00,0.00,0.00,2,0
2026-06-12 16:56:52.374,0.00,0.00,0.00,0.00,2,0
2026-06-12 16:56:52.425,0.00,0.00,0.00,0.00,2,0
2026-06-12 16:56:52.475,0.00,0.00,0.00,0.00,2,0
2026-06-12 16:56:52.526,0.00,0.00,0.00,0.00,2,0
2026-06-12 16:56:52.576,0.00,0.00,0.00,0.00,2,0
2026-06-12 16:56:52.626,0.00,0.00,0.00,0.00,2,0
2026-06-12 16:56:52.677,0.00,0.00,0.00,0.00,2,0
2026-06-12 16:56:52.727,0.00,0.00,0.00,0.00,2,0
2026-06-12 16:56:52.778,0.00,0.00,0.00,0.00,2,0
2026-06-12 16:56:52.828,0.00,0.00,0.00,0.00,2,0
2026-06-12 16:56:52.878,0.00,0.00,0.00,0.00,2,0
2026-06-12 16:56:52.929,0.00,0.00,0.00,0.00,2,0
2026-06-12 16:56:52.979,0.00,0.00,0.00,0.00,2,0
2026-06-12 16:56:53.030,0.00,0.00,0.00,0.00,2,0
2026-06-12 16:56:53.081,0.00,0.00,0.00,0.00,2,0
2026-06-12 16:56:53.131,0.00,0.00,0.00,0.00,2,0
2026-06-12 16:56:53.181,0.00,0.00,0.00,0.00,2,0
2026-06-12 16:56:53.231,0.00,0.00,0.00,0.00,2,0
2026-06-12 16:56:53.282,0.00,0.00,0.00,0.00,2,0
2026-06-12 16:56:53.332,0.00,0.00,0.00,0.00,2,0
2026-06-12 16:56:53.382,0.00,0.00,0.00,0.00,2,0
2026-06-12 16:56:53.433,0.00,0.00,0.00,0.00,2,0
2026-06-12 16:56:53.483,0.00,0.00,0.00,0.00,2,0
2026-06-12 16:56:53.534,0.00,0.00,0.00,0.00,2,0
2026-06-12 16:56:53.584,0.00,0.00,0.00,0.00,2,0
2026-06-12 16:56:53.635,0.00,0.00,0.00,0.00,2,0
2026-06-12 16:56:53.685,0.00,0.00,0.00,0.00,2,0
2026-06-12 16:56:53.735,0.00,0.00,0.00,0.00,2,0
2026-06-12 16:56:53.786,0.00,0.00,0.00,0.00,2,0
2026-06-12 16:56:53.836,0.00,0.00,0.00,0.00,2,0
2026-06-12 16:56:53.887,0.00,0.00,0.00,0.00,2,0
2026-06-12 16:56:53.937,0.00,0.00,0.00,0.00,2,0
2026-06-12 16:56:53.987,0.00,0.00,0.00,0.00,2,0
2026-06-12 16:56:54.038,0.00,0.00,0.00,0.00,2,0
2026-06-12 16:56:54.088,0.00,0.00,0.00,0.00,2,0
2026-06-12 16:56:54.139,0.00,0.00,0.00,0.00,2,0
2026-06-12 16:56:54.189,0.00,0.00,0.00,0.00,2,0
2026-06-12 16:56:54.239,0.00,0.00,0.00,0.00,2,0
2026-06-12 16:56:54.290,0.00,0.00,0.00,0.00,2,0
2026-06-12 16:56:54.341,0.00,0.00,0.00,0.00,2,0
2026-06-12 16:56:54.391,0.00,0.00,0.00,0.00,2,0
2026-06-12 16:56:54.441,0.00,0.00,0.00,0.00,2,0
2026-06-12 16:56:54.491,0.00,0.00,0.00,0.00,2,0
2026-06-12 16:56:54.542,0.00,0.00,0.00,0.00,2,0
2026-06-12 16:56:54.592,0.00,0.00,0.00,0.00,2,0
2026-06-12 16:56:54.642,0.00,0.00,0.00,0.00,2,0
2026-06-12 16:56:54.693,0.00,0.00,0.00,0.00,2,0
2026-06-12 16:56:54.743,0.00,0.00,0.00,0.00,2,0
2026-06-12 16:56:54.794,0.00,0.00,0.00,0.00,2,0
2026-06-12 16:56:54.844,0.00,0.00,0.00,0.00,2,0
2026-06-12 16:56:54.895,0.00,0.00,0.00,0.00,2,0
2026-06-12 16:56:54.945,0.00,0.00,0.00,0.00,2,0
2026-06-12 16:56:54.995,0.00,0.00,0.00,0.00,2,0
2026-06-12 16:56:55.046,0.00,0.00,0.00,0.00,2,0
2026-06-12 16:56:55.096,0.00,0.00,0.00,0.00,2,0
2026-06-12 16:56:55.147,0.00,0.00,0.00,0.00,2,0
2026-06-12 16:56:55.197,0.00,0.00,0.00,0.00,2,0
2026-06-12 16:56:55.247,0.00,0.00,0.00,0.00,2,0
2026-06-12 16:56:55.298,0.00,0.00,0.00,0.00,2,0
2026-06-12 16:56:55.348,0.00,0.00,0.00,0.00,2,0
2026-06-12 16:56:55.399,0.00,0.00,0.00,0.00,2,0
2026-06-12 16:56:55.449,0.00,0.00,0.00,0.00,2,0
2026-06-12 16:56:55.500,0.00,0.00,0.00,0.00,2,0
2026-06-12 16:56:55.550,0.00,0.00,0.00,0.00,2,0
2026-06-12 16:56:55.601,0.00,0.00,0.00,0.00,2,0
2026-06-12 16:56:55.651,0.00,0.00,0.00,0.00,2,0
2026-06-12 16:56:55.701,0.00,0.00,0.00,0.00,2,0
2026-06-12 16:56:55.752,0.00,0.00,0.00,0.00,2,0
2026-06-12 16:56:55.802,0.00,0.00,0.00,0.00,2,0
2026-06-12 16:56:55.852,0.00,0.00,0.00,0.00,2,0
2026-06-12 16:56:55.903,0.00,0.00,0.00,0.00,2,0
2026-06-12 16:56:55.953,0.00,0.00,0.00,0.00,2,0
2026-06-12 16:56:56.003,0.00,0.00,0.00,0.00,2,0
2026-06-12 16:56:56.054,0.00,0.00,0.00,0.00,2,0
2026-06-12 16:56:56.104,0.00,0.00,0.00,0.00,2,0
2026-06-12 16:56:56.155,0.00,0.00,0.00,0.00,2,0
2026-06-12 16:56:56.205,0.00,0.00,0.00,0.00,2,0
2026-06-12 16:56:56.255,0.00,0.00,0.00,0.00,2,0
2026-06-12 16:56:56.306,0.00,0.00,0.00,0.00,2,0
2026-06-12 16:56:56.356,0.00,0.00,0.00,0.00,2,0
2026-06-12 16:56:56.407,0.00,0.00,0.00,0.00,2,0
2026-06-12 16:56:56.457,0.00,0.00,0.00,0.00,2,0
2026-06-12 16:56:56.507,0.00,0.00,0.00,0.00,2,0
2026-06-12 16:56:56.558,0.00,0.00,0.00,0.00,2,0
2026-06-12 16:56:56.608,0.00,0.00,0.00,0.00,2,0
2026-06-12 16:56:56.659,0.00,0.00,0.00,0.00,2,0
2026-06-12 16:56:56.709,0.00,0.00,0.00,0.00,2,0
2026-06-12 16:56:56.759,0.00,0.00,0.00,0.00,2,0
2026-06-12 16:56:56.814,0.00,0.00,0.00,0.00,2,0
2026-06-12 16:56:56.861,0.00,0.00,0.00,0.00,2,0
2026-06-12 16:56:56.915,0.00,0.00,0.00,0.00,2,0
2026-06-12 16:56:56.961,0.00,0.00,0.00,0.00,2,0
2026-06-12 16:56:57.012,0.00,0.00,0.00,0.00,2,0
2026-06-12 16:56:57.062,0.00,0.00,0.00,0.00,2,0
2026-06-12 16:56:57.114,0.00,0.00,0.00,0.00,2,0
2026-06-12 16:56:57.163,0.00,0.00,0.00,0.00,2,0
2026-06-12 16:56:57.213,0.00,0.00,0.00,0.00,2,0
2026-06-12 16:56:57.264,0.00,0.00,0.00,0.00,2,0
2026-06-12 16:56:57.314,0.00,0.00,0.00,0.00,2,0
2026-06-12 16:56:57.364,0.00,0.00,0.00,0.00,2,0
2026-06-12 16:56:57.415,0.00,0.00,0.00,0.00,2,0
2026-06-12 16:56:57.465,0.00,0.00,0.00,0.00,2,0
2026-06-12 16:56:57.516,0.00,0.00,0.00,0.00,2,0
2026-06-12 16:56:57.566,0.00,0.00,0.00,0.00,2,0
2026-06-12 16:56:57.616,0.00,0.00,0.00,0.00,2,0
2026-06-12 16:56:57.667,0.00,0.00,0.00,0.00,2,0
2026-06-12 16:56:57.717,0.00,0.00,0.00,0.00,2,0
2026-06-12 16:56:57.767,0.00,0.00,0.00,0.00,2,0
2026-06-12 16:56:57.818,0.00,0.00,0.00,0.00,2,0
2026-06-12 16:56:57.868,0.00,0.00,0.00,0.00,2,0
2026-06-12 16:56:57.919,0.00,0.00,0.00,0.00,2,0
2026-06-12 16:56:57.969,0.00,0.00,0.00,0.00,2,0
2026-06-12 16:56:58.019,0.00,0.00,0.00,0.00,2,0
2026-06-12 16:56:58.071,0.00,0.00,0.00,0.00,2,0
2026-06-12 16:56:58.121,0.00,0.00,0.00,0.00,2,0
2026-06-12 16:56:58.171,0.00,0.00,0.00,0.00,2,0
2026-06-12 16:56:58.221,0.00,0.00,0.00,0.00,2,0
2026-06-12 16:56:58.271,0.00,0.00,0.00,0.00,2,0
2026-06-12 16:56:58.322,0.00,0.00,0.00,0.00,2,0
2026-06-12 16:56:58.372,0.00,0.00,0.00,0.00,2,0
2026-06-12 16:56:58.423,0.00,0.00,0.00,0.00,2,0
2026-06-12 16:56:58.473,0.00,0.00,0.00,0.00,2,0
2026-06-12 16:56:58.523,0.00,0.00,0.00,0.00,2,0
2026-06-12 16:56:58.574,0.00,0.00,0.00,0.00,2,0
2026-06-12 16:56:58.624,0.00,0.00,0.00,0.00,2,0
2026-06-12 16:56:58.675,0.00,0.00,0.00,0.00,2,0
2026-06-12 16:56:58.725,0.00,0.00,0.00,0.00,2,0
2026-06-12 16:56:58.776,0.00,0.00,0.00,0.00,2,0
2026-06-12 16:56:58.826,0.00,0.00,0.00,0.00,2,0
2026-06-12 16:56:58.876,0.00,0.00,0.00,0.00,2,0
2026-06-12 16:56:58.927,0.00,0.00,0.00,0.00,2,0
2026-06-12 16:56:58.977,0.00,0.00,0.00,0.00,2,0
2026-06-12 16:56:59.028,0.00,0.00,0.00,0.00,2,0
2026-06-12 16:56:59.078,0.00,0.00,0.00,0.00,2,0
2026-06-12 16:56:59.128,0.00,0.00,0.00,0.00,2,0
2026-06-12 16:56:59.179,0.00,0.00,0.00,0.00,2,0
2026-06-12 16:56:59.229,0.00,0.00,0.00,0.00,2,0
2026-06-12 16:56:59.280,0.00,0.00,0.00,0.00,2,0
2026-06-12 16:56:59.331,0.00,0.00,0.00,0.00,2,0
2026-06-12 16:56:59.381,0.00,0.00,0.00,0.00,2,0
2026-06-12 16:56:59.431,0.00,0.00,0.00,0.00,2,0
2026-06-12 16:56:59.481,0.00,0.00,0.00,0.00,2,0
2026-06-12 16:56:59.532,0.00,0.00,0.00,0.00,2,0
2026-06-12 16:56:59.582,0.00,0.00,0.00,0.00,2,0
2026-06-12 16:56:59.632,0.00,0.00,0.00,0.00,2,0
2026-06-12 16:56:59.683,0.00,0.00,0.00,0.00,2,0
2026-06-12 16:56:59.733,0.00,0.00,0.00,0.00,2,0
2026-06-12 16:56:59.784,0.00,0.00,0.00,0.00,2,0
2026-06-12 16:56:59.834,0.00,0.00,0.00,0.00,2,0
2026-06-12 16:56:59.884,0.00,0.00,0.00,0.00,2,0
2026-06-12 16:56:59.935,0.00,0.00,0.00,0.00,2,0
2026-06-12 16:56:59.985,0.00,0.00,0.00,0.00,2,0
2026-06-12 16:57:00.036,0.00,0.00,0.00,0.00,2,0
2026-06-12 16:57:00.086,0.00,0.00,0.00,0.00,2,0
2026-06-12 16:57:00.137,0.00,0.00,0.00,0.00,2,0
2026-06-12 16:57:00.187,0.00,0.00,0.00,0.00,2,0
2026-06-12 16:57:00.237,0.00,0.00,0.00,0.00,2,0
2026-06-12 16:57:00.288,0.00,0.00,0.00,0.00,2,0
2026-06-12 16:57:00.338,0.00,0.00,0.00,0.00,2,0
2026-06-12 16:57:00.388,0.00,0.00,0.00,0.00,2,0
2026-06-12 16:57:00.439,0.00,0.00,0.00,0.00,2,0
2026-06-12 16:57:00.489,0.00,0.00,0.00,0.00,2,0
2026-06-12 16:57:00.540,0.00,0.00,0.00,0.00,2,0
2026-06-12 16:57:00.591,0.00,0.00,0.00,0.00,2,0
2026-06-12 16:57:00.641,0.00,0.00,0.00,0.00,2,0
2026-06-12 16:57:00.691,0.00,0.00,0.00,0.00,2,0
2026-06-12 16:57:00.741,0.00,0.00,0.00,0.00,2,0
2026-06-12 16:57:00.792,0.00,0.00,0.00,0.00,2,0
2026-06-12 16:57:00.842,0.00,0.00,0.00,0.00,2,0
2026-06-12 16:57:00.893,0.00,0.00,0.00,0.00,2,0
2026-06-12 16:57:00.943,0.00,0.00,0.00,0.00,2,0
2026-06-12 16:57:00.993,0.00,0.00,0.00,0.00,2,0
2026-06-12 16:57:01.044,0.00,0.00,0.00,0.00,2,0
2026-06-12 16:57:01.094,0.00,0.00,0.00,0.00,2,0
2026-06-12 16:57:01.144,0.00,0.00,0.00,0.00,2,0
2026-06-12 16:57:01.195,0.00,0.00,0.00,0.00,2,0
2026-06-12 16:57:01.245,0.00,0.00,0.00,0.00,2,0
2026-06-12 16:57:01.296,0.00,0.00,0.00,0.00,2,0
2026-06-12 16:57:01.346,0.00,0.00,0.00,0.00,2,0
2026-06-12 16:57:01.396,0.00,0.00,0.00,0.00,2,0
2026-06-12 16:57:01.447,0.00,0.00,0.00,0.00,2,0
2026-06-12 16:57:01.497,0.00,0.00,0.00,0.00,2,0
2026-06-12 16:57:01.548,0.00,0.00,0.00,0.00,2,0
2026-06-12 16:57:01.598,0.00,0.00,0.00,0.00,2,0
2026-06-12 16:57:01.648,0.00,0.00,0.00,0.00,2,0
2026-06-12 16:57:01.699,0.00,0.00,0.00,0.00,2,0
2026-06-12 16:57:01.749,0.00,0.00,0.00,0.00,2,0
2026-06-12 16:57:01.800,0.00,0.00,0.00,0.00,2,0
2026-06-12 16:57:01.850,0.00,0.00,0.00,0.00,2,0
2026-06-12 16:57:01.900,0.00,0.00,0.00,0.00,2,0
2026-06-12 16:57:01.951,0.00,0.00,0.00,0.00,2,0
2026-06-12 16:57:02.001,0.00,0.00,0.00,0.00,2,0
2026-06-12 16:57:02.052,0.00,0.00,0.00,0.00,2,0
2026-06-12 16:57:02.102,0.00,0.00,0.00,0.00,2,0
2026-06-12 16:57:02.153,0.00,0.00,0.00,0.00,2,0
2026-06-12 16:57:02.203,0.00,0.00,0.00,0.00,2,0
2026-06-12 16:57:02.253,0.00,0.00,0.00,0.00,2,0
2026-06-12 16:57:02.304,0.00,0.00,0.00,0.00,2,0
2026-06-12 16:57:02.354,0.00,0.00,0.00,0.00,2,0
2026-06-12 16:57:02.404,0.00,0.00,0.00,0.00,2,0
2026-06-12 16:57:02.455,0.00,0.00,0.00,0.00,2,0
2026-06-12 16:57:02.505,0.00,0.00,0.00,0.00,2,0
2026-06-12 16:57:02.556,0.00,0.00,0.00,0.00,2,0
2026-06-12 16:57:02.606,0.00,0.00,0.00,0.00,2,0
2026-06-12 16:57:02.657,0.00,0.00,0.00,0.00,2,0
2026-06-12 16:57:02.707,0.00,0.00,0.00,0.00,2,0
2026-06-12 16:57:02.757,0.00,0.00,0.00,0.00,2,0
2026-06-12 16:57:02.808,0.00,0.00,0.00,0.00,2,0
2026-06-12 16:57:02.858,0.00,0.00,0.00,0.00,2,0
2026-06-12 16:57:02.909,0.00,0.00,0.00,0.00,2,0
2026-06-12 16:57:02.959,0.00,0.00,0.00,0.00,2,0
2026-06-12 16:57:03.009,0.00,0.00,0.00,0.00,2,0
2026-06-12 16:57:03.060,0.00,0.00,0.00,0.00,2,0
2026-06-12 16:57:03.110,0.00,0.00,0.00,0.00,2,0
2026-06-12 16:57:03.161,0.00,0.00,0.00,0.00,2,0
2026-06-12 16:57:03.211,0.00,0.00,0.00,0.00,2,0
2026-06-12 16:57:03.261,0.00,0.00,0.00,0.00,2,0
2026-06-12 16:57:03.313,0.00,0.00,0.00,0.00,2,0
2026-06-12 16:57:03.362,0.00,0.00,0.00,0.00,2,0
2026-06-12 16:57:03.413,0.00,0.00,0.00,0.00,2,0
2026-06-12 16:57:03.463,0.00,0.00,0.00,0.00,2,0
2026-06-12 16:57:03.513,0.00,0.00,0.00,0.00,2,0
2026-06-12 16:57:03.564,0.00,0.00,0.00,0.00,2,0
2026-06-12 16:57:03.614,0.00,0.00,0.00,0.00,2,0
2026-06-12 16:57:03.665,0.00,0.00,0.00,0.00,2,0
2026-06-12 16:57:03.715,0.00,0.00,0.00,0.00,2,0
2026-06-12 16:57:03.765,0.00,0.00,0.00,0.00,2,0
2026-06-12 16:57:03.816,0.00,0.00,0.00,0.00,2,0
2026-06-12 16:57:03.866,0.00,0.00,0.00,0.00,2,0
2026-06-12 16:57:03.916,0.00,0.00,0.00,0.00,2,0
2026-06-12 16:57:03.967,0.00,0.00,0.00,0.00,2,0
2026-06-12 16:57:04.017,0.00,0.00,0.00,0.00,2,0
2026-06-12 16:57:04.068,0.00,0.00,0.00,0.00,2,0
2026-06-12 16:57:04.118,0.00,0.00,0.00,0.00,2,0
2026-06-12 16:57:04.168,0.00,0.00,0.00,0.00,2,0
2026-06-12 16:57:04.219,0.00,0.00,0.00,0.00,2,0
2026-06-12 16:57:04.269,0.00,0.00,0.00,0.00,2,0
2026-06-12 16:57:04.321,0.00,0.00,0.00,0.00,2,0
2026-06-12 16:57:04.371,0.00,0.00,0.00,0.00,2,0
2026-06-12 16:57:04.421,0.00,0.00,0.00,0.00,2,0
2026-06-12 16:57:04.471,0.00,0.00,0.00,0.00,2,0
2026-06-12 16:57:04.521,0.00,0.00,0.00,0.00,2,0
2026-06-12 16:57:04.572,0.00,0.00,0.00,0.00,2,0
2026-06-12 16:57:04.622,0.00,0.00,0.00,0.00,2,0
2026-06-12 16:57:04.672,0.00,0.00,0.00,0.00,2,0
2026-06-12 16:57:04.723,0.00,0.00,0.00,0.00,2,0
2026-06-12 16:57:04.773,0.00,0.00,0.00,0.00,2,0
2026-06-12 16:57:04.824,0.00,0.00,0.00,0.00,2,0
2026-06-12 16:57:04.874,0.00,0.00,0.00,0.00,2,0
2026-06-12 16:57:04.925,0.00,0.00,0.00,0.00,2,0
2026-06-12 16:57:04.975,0.00,0.00,0.00,0.00,2,0
2026-06-12 16:57:05.025,0.00,0.00,0.00,0.00,2,0
2026-06-12 16:57:05.076,0.00,0.00,0.00,0.00,2,0
2026-06-12 16:57:05.126,0.00,0.00,0.00,0.00,2,0
2026-06-12 16:57:05.177,0.00,0.00,0.00,0.00,2,0
2026-06-12 16:57:05.227,0.00,0.00,0.00,0.00,2,0
2026-06-12 16:57:05.277,0.00,0.00,0.00,0.00,2,0
2026-06-12 16:57:05.328,0.00,0.00,0.00,0.00,2,0
2026-06-12 16:57:05.378,0.00,0.00,0.00,0.00,2,0
2026-06-12 16:57:05.429,0.00,0.00,0.00,0.00,2,0
2026-06-12 16:57:05.479,0.00,0.00,0.00,0.00,2,0
2026-06-12 16:57:05.529,0.00,0.00,0.00,0.00,2,0
2026-06-12 16:57:05.580,0.00,0.00,0.00,0.00,2,0
2026-06-12 16:57:05.631,0.00,0.00,0.00,0.00,2,0
2026-06-12 16:57:05.681,0.00,0.00,0.00,0.00,2,0
2026-06-12 16:57:05.731,0.00,0.00,0.00,0.00,2,0
2026-06-12 16:57:05.781,0.00,0.00,0.00,0.00,2,0
2026-06-12 16:57:05.832,0.00,0.00,0.00,0.00,2,0
2026-06-12 16:57:05.882,0.00,0.00,0.00,0.00,2,0
2026-06-12 16:57:05.933,0.00,0.00,0.00,0.00,2,0
2026-06-12 16:57:05.983,0.00,0.00,0.00,0.00,2,0
2026-06-12 16:57:06.033,0.00,0.00,0.00,0.00,2,0
2026-06-12 16:57:06.084,0.00,0.00,0.00,0.00,2,0
2026-06-12 16:57:06.134,0.00,0.00,0.00,0.00,2,0
2026-06-12 16:57:06.185,0.00,0.00,0.00,0.00,2,0
2026-06-12 16:57:06.235,0.00,0.00,0.00,0.00,2,0
2026-06-12 16:57:06.285,0.00,0.00,0.00,0.00,2,0
2026-06-12 16:57:06.336,0.00,0.00,0.00,0.00,2,0
2026-06-12 16:57:06.386,0.00,0.00,0.00,0.00,2,0
2026-06-12 16:57:06.437,0.00,0.00,0.00,0.00,2,0
2026-06-12 16:57:06.487,0.00,0.00,0.00,0.00,2,0
2026-06-12 16:57:06.538,0.00,0.00,0.00,0.00,2,0
2026-06-12 16:57:06.588,0.00,0.00,0.00,0.00,2,0
2026-06-12 16:57:06.638,0.00,0.00,0.00,0.00,2,0
2026-06-12 16:57:06.689,0.00,0.00,0.00,0.00,2,0
2026-06-12 16:57:06.739,0.00,0.00,0.00,0.00,2,0
2026-06-12 16:57:06.790,0.00,0.00,0.00,0.00,2,0
2026-06-12 16:57:06.841,0.00,0.00,0.00,0.00,2,0
2026-06-12 16:57:06.891,0.00,0.00,0.00,0.00,2,0
2026-06-12 16:57:06.941,0.00,0.00,0.00,0.00,2,0
2026-06-12 16:57:06.991,0.00,0.00,0.00,0.00,2,0
2026-06-12 16:57:07.041,0.00,0.00,0.00,0.00,2,0
2026-06-12 16:57:07.092,0.00,0.00,0.00,0.00,2,0
2026-06-12 16:57:07.142,0.00,0.00,0.00,0.00,2,0
2026-06-12 16:57:07.193,0.00,0.00,0.00,0.00,2,0
2026-06-12 16:57:07.243,0.00,0.00,0.00,0.00,2,0
2026-06-12 16:57:07.293,0.00,0.00,0.00,0.00,2,0
2026-06-12 16:57:07.344,0.00,0.00,0.00,0.00,2,0
2026-06-12 16:57:07.394,0.00,0.00,0.00,0.00,2,0
2026-06-12 16:57:07.445,0.00,0.00,0.00,0.00,2,0
2026-06-12 16:57:07.495,0.00,0.00,0.00,0.00,2,0
2026-06-12 16:57:07.546,0.00,0.00,0.00,0.00,2,0
2026-06-12 16:57:07.596,0.00,0.00,0.00,0.00,2,0
2026-06-12 16:57:07.646,0.00,0.00,0.00,0.00,2,0
2026-06-12 16:57:07.697,0.00,0.00,0.00,0.00,2,0
2026-06-12 16:57:07.747,0.00,0.00,0.00,0.00,2,0
2026-06-12 16:57:07.798,0.00,0.00,0.00,0.00,2,0
2026-06-12 16:57:07.848,0.00,0.00,0.00,0.00,2,0
2026-06-12 16:57:07.899,0.00,0.00,0.00,0.00,2,0
2026-06-12 16:57:07.949,0.00,0.00,0.00,0.00,2,0
2026-06-12 16:57:07.999,0.00,0.00,0.00,0.00,2,0
2026-06-12 16:57:08.050,0.00,0.00,0.00,0.00,2,0
2026-06-12 16:57:08.101,0.00,0.00,0.00,0.00,2,0
2026-06-12 16:57:08.151,0.00,0.00,0.00,0.00,2,0
2026-06-12 16:57:08.201,0.00,0.00,0.00,0.00,2,0
2026-06-12 16:57:08.251,0.00,0.00,0.00,0.00,2,0
2026-06-12 16:57:08.302,0.00,0.00,0.00,0.00,2,0
2026-06-12 16:57:08.352,0.00,0.00,0.00,0.00,2,0
2026-06-12 16:57:08.402,0.00,0.00,0.00,0.00,2,0
2026-06-12 16:57:08.453,0.00,0.00,0.00,0.00,2,0
2026-06-12 16:57:08.503,0.00,0.00,0.00,0.00,2,0
2026-06-12 16:57:08.554,0.00,0.00,0.00,0.00,2,0
2026-06-12 16:57:08.604,0.00,0.00,0.00,0.00,2,0
2026-06-12 16:57:08.654,0.00,0.00,0.00,0.00,2,0
2026-06-12 16:57:08.705,0.00,0.00,0.00,0.00,2,0
2026-06-12 16:57:08.755,0.00,0.00,0.00,0.00,2,0
2026-06-12 16:57:08.806,0.00,0.00,0.00,0.00,2,0
2026-06-12 16:57:08.856,0.00,0.00,0.00,0.00,2,0
2026-06-12 16:57:08.906,0.00,0.00,0.00,0.00,2,0
2026-06-12 16:57:08.957,0.00,0.00,0.00,0.00,2,0
2026-06-12 16:57:09.007,0.00,0.00,0.00,0.00,2,0
2026-06-12 16:57:09.058,0.00,0.00,0.00,0.00,2,0
2026-06-12 16:57:09.108,0.00,0.00,0.00,0.00,2,0
2026-06-12 16:57:09.158,0.00,0.00,0.00,0.00,2,0
2026-06-12 16:57:09.209,0.00,0.00,0.00,0.00,2,0
2026-06-12 16:57:09.259,0.00,0.00,0.00,0.00,2,0
2026-06-12 16:57:09.310,0.00,0.00,0.00,0.00,2,0
2026-06-12 16:57:09.360,0.00,0.00,0.00,0.00,2,0
2026-06-12 16:57:09.411,0.00,0.00,0.00,0.00,2,0
2026-06-12 16:57:09.461,0.00,0.00,0.00,0.00,2,0
2026-06-12 16:57:09.512,0.00,0.00,0.00,0.00,2,0
2026-06-12 16:57:09.562,0.00,0.00,0.00,0.00,2,0
2026-06-12 16:57:09.614,0.00,0.00,0.00,0.00,2,0
2026-06-12 16:57:09.662,0.00,0.00,0.00,0.00,2,0
2026-06-12 16:57:09.713,0.00,0.00,0.00,0.00,2,0
2026-06-12 16:57:09.763,0.00,0.00,0.00,0.00,2,0
2026-06-12 16:57:09.814,0.00,0.00,0.00,0.00,2,0
2026-06-12 16:57:09.864,0.00,0.00,0.00,0.00,2,0
2026-06-12 16:57:09.915,0.00,0.00,0.00,0.00,2,0
2026-06-12 16:57:09.965,0.00,0.00,0.00,0.00,2,0
2026-06-12 16:57:10.015,0.00,0.00,0.00,0.00,2,0
2026-06-12 16:57:10.066,0.00,0.00,0.00,0.00,2,0
2026-06-12 16:57:10.116,0.00,0.00,0.00,0.00,2,0
2026-06-12 16:57:10.166,0.00,0.00,0.00,0.00,2,0
2026-06-12 16:57:10.217,0.00,0.00,0.00,0.00,2,0
2026-06-12 16:57:10.267,0.00,0.00,0.00,0.00,2,0
2026-06-12 16:57:10.318,0.00,0.00,0.00,0.00,2,0
2026-06-12 16:57:10.368,0.00,0.00,0.00,0.00,2,0
2026-06-12 16:57:10.419,0.00,0.00,0.00,0.00,2,0
2026-06-12 16:57:10.469,0.00,0.00,0.00,0.00,2,0
2026-06-12 16:57:10.519,0.00,0.00,0.00,0.00,2,0
2026-06-12 16:57:10.571,0.00,0.00,0.00,0.00,2,0
2026-06-12 16:57:10.621,0.00,0.00,0.00,0.00,2,0
2026-06-12 16:57:10.671,0.00,0.00,0.00,0.00,2,0
2026-06-12 16:57:10.721,0.00,0.00,0.00,0.00,2,0
2026-06-12 16:57:10.771,0.00,0.00,0.00,0.00,2,0
2026-06-12 16:57:10.822,0.00,0.00,0.00,0.00,2,0
2026-06-12 16:57:10.872,0.00,0.00,0.00,0.00,2,0
2026-06-12 16:57:10.922,0.00,0.00,0.00,0.00,2,0
2026-06-12 16:57:10.973,0.00,0.00,0.00,0.00,2,0
2026-06-12 16:57:11.023,0.00,0.00,0.00,0.00,2,0
2026-06-12 16:57:11.074,0.00,0.00,0.00,0.00,2,0
2026-06-12 16:57:11.124,0.00,0.00,0.00,0.00,2,0
2026-06-12 16:57:11.175,0.00,0.00,0.00,0.00,2,0
2026-06-12 16:57:11.225,0.00,0.00,0.00,0.00,2,0
2026-06-12 16:57:11.275,0.00,0.00,0.00,0.00,2,0
2026-06-12 16:57:11.326,0.00,0.00,0.00,0.00,2,0
2026-06-12 16:57:11.376,0.00,0.00,0.00,0.00,2,0
2026-06-12 16:57:11.427,0.00,0.00,0.00,0.00,2,0
2026-06-12 16:57:11.477,0.00,0.00,0.00,0.00,2,0
2026-06-12 16:57:11.527,0.00,0.00,0.00,0.00,2,0
2026-06-12 16:57:11.578,0.00,0.00,0.00,0.00,2,0
2026-06-12 16:57:11.628,0.00,0.00,0.00,0.00,2,0
2026-06-12 16:57:11.679,0.00,0.00,0.00,0.00,2,0
2026-06-12 16:57:11.729,0.00,0.00,0.00,0.00,2,0
2026-06-12 16:57:11.779,0.00,0.00,0.00,0.00,2,0
2026-06-12 16:57:11.830,0.00,0.00,0.00,0.00,2,0
2026-06-12 16:57:11.881,0.00,0.00,0.00,0.00,2,0
2026-06-12 16:57:11.931,0.00,0.00,0.00,0.00,2,0
2026-06-12 16:57:11.981,0.00,0.00,0.00,0.00,2,0
2026-06-12 16:57:12.031,0.00,0.00,0.00,0.00,2,0
2026-06-12 16:57:12.082,0.00,0.00,0.00,0.00,2,0
2026-06-12 16:57:12.132,0.00,0.00,0.00,0.00,2,0
2026-06-12 16:57:12.183,0.00,0.00,0.00,0.00,2,0
2026-06-12 16:57:12.233,0.00,0.00,0.00,0.00,2,0
2026-06-12 16:57:12.283,0.00,0.00,0.00,0.00,2,0
2026-06-12 16:57:12.334,0.00,0.00,0.00,0.00,2,0
2026-06-12 16:57:12.384,0.00,0.00,0.00,0.00,2,0
2026-06-12 16:57:12.435,0.00,0.00,0.00,0.00,2,0
2026-06-12 16:57:12.485,0.00,0.00,0.00,0.00,2,0
2026-06-12 16:57:12.535,0.00,0.00,0.00,0.00,2,0
2026-06-12 16:57:12.586,0.00,0.00,0.00,0.00,2,0
2026-06-12 16:57:12.636,0.00,0.00,0.00,0.00,2,0
2026-06-12 16:57:12.687,0.00,0.00,0.00,0.00,2,0
2026-06-12 16:57:12.738,0.00,0.00,0.00,0.00,2,0
2026-06-12 16:57:12.787,0.00,0.00,0.00,0.00,2,0
2026-06-12 16:57:12.838,0.00,0.00,0.00,0.00,2,0
2026-06-12 16:57:12.888,0.00,0.00,0.00,0.00,2,0
2026-06-12 16:57:12.939,0.00,0.00,0.00,0.00,2,0
2026-06-12 16:57:12.989,0.00,0.00,0.00,0.00,2,0
2026-06-12 16:57:13.039,0.00,0.00,0.00,0.00,2,0
2026-06-12 16:57:13.091,0.00,0.00,0.00,0.00,2,0
2026-06-12 16:57:13.141,0.00,0.00,0.00,0.00,2,0
2026-06-12 16:57:13.191,0.00,0.00,0.00,0.00,2,0
2026-06-12 16:57:13.241,0.00,0.00,0.00,0.00,2,0
2026-06-12 16:57:13.291,0.00,0.00,0.00,0.00,2,0
2026-06-12 16:57:13.342,0.00,0.00,0.00,0.00,2,0
2026-06-12 16:57:13.392,0.00,0.00,0.00,0.00,2,0
2026-06-12 16:57:13.443,0.00,0.00,0.00,0.00,2,0
2026-06-12 16:57:13.493,0.00,0.00,0.00,0.00,2,0
2026-06-12 16:57:13.543,0.00,0.00,0.00,0.00,2,0
2026-06-12 16:57:13.594,0.00,0.00,0.00,0.00,2,0
2026-06-12 16:57:13.644,0.00,0.00,0.00,0.00,2,0
2026-06-12 16:57:13.695,0.00,0.00,0.00,0.00,2,0
2026-06-12 16:57:13.745,0.00,0.00,0.00,0.00,2,0
2026-06-12 16:57:13.795,0.00,0.00,0.00,0.00,2,0
2026-06-12 16:57:13.846,0.00,0.00,0.00,0.00,2,0
2026-06-12 16:57:13.896,0.00,0.00,0.00,0.00,2,0
2026-06-12 16:57:13.947,0.00,0.00,0.00,0.00,2,0
2026-06-12 16:57:13.997,0.00,0.00,0.00,0.00,2,0
2026-06-12 16:57:14.047,0.00,0.00,0.00,0.00,2,0
2026-06-12 16:57:14.098,0.00,0.00,0.00,0.00,2,0
2026-06-12 16:57:14.148,0.00,0.00,0.00,0.00,2,0
2026-06-12 16:57:14.199,0.00,0.00,0.00,0.00,2,0
2026-06-12 16:57:14.249,0.00,0.00,0.00,0.00,2,0
2026-06-12 16:57:14.300,0.00,0.00,0.00,0.00,2,0
2026-06-12 16:57:14.351,0.00,0.00,0.00,0.00,2,0
2026-06-12 16:57:14.401,0.00,0.00,0.00,0.00,2,0
2026-06-12 16:57:14.451,0.00,0.00,0.00,0.00,2,0
2026-06-12 16:57:14.501,0.00,0.00,0.00,0.00,2,0
2026-06-12 16:57:14.551,0.00,0.00,0.00,0.00,2,0
2026-06-12 16:57:14.602,0.00,0.00,0.00,0.00,2,0
2026-06-12 16:57:14.652,0.00,0.00,0.00,0.00,2,0
2026-06-12 16:57:14.703,0.00,0.00,0.00,0.00,2,0
2026-06-12 16:57:14.753,0.00,0.00,0.00,0.00,2,0
2026-06-12 16:57:14.803,0.00,0.00,0.00,0.00,2,0
2026-06-12 16:57:14.854,0.00,0.00,0.00,0.00,2,0
2026-06-12 16:57:14.904,0.00,0.00,0.00,0.00,2,0
2026-06-12 16:57:14.955,0.00,0.00,0.00,0.00,2,0
2026-06-12 16:57:15.005,0.00,0.00,0.00,0.00,2,0
2026-06-12 16:57:15.056,0.00,0.00,0.00,0.00,2,0
2026-06-12 16:57:15.106,0.00,0.00,0.00,0.00,2,0
2026-06-12 16:57:15.156,0.00,0.00,0.00,0.00,2,0
2026-06-12 16:57:15.207,0.00,0.00,0.00,0.00,2,0
2026-06-12 16:57:15.257,0.00,0.00,0.00,0.00,2,0
2026-06-12 16:57:15.307,0.00,0.00,0.00,0.00,2,0
2026-06-12 16:57:15.358,0.00,0.00,0.00,0.00,2,0
2026-06-12 16:57:15.408,0.00,0.00,0.00,0.00,2,0
2026-06-12 16:57:15.459,0.00,0.00,0.00,0.00,2,0
2026-06-12 16:57:15.509,0.00,0.00,0.00,0.00,2,0
2026-06-12 16:57:15.560,0.00,0.00,0.00,0.00,2,0
2026-06-12 16:57:15.611,0.00,0.00,0.00,0.00,2,0
2026-06-12 16:57:15.661,0.00,0.00,0.00,0.00,2,0
2026-06-12 16:57:15.711,0.00,0.00,0.00,0.00,2,0
2026-06-12 16:57:15.761,0.00,0.00,0.00,0.00,2,0
2026-06-12 16:57:15.812,0.00,0.00,0.00,0.00,2,0
2026-06-12 16:57:15.862,0.00,0.00,0.00,0.00,2,0
2026-06-12 16:57:15.913,0.00,0.00,0.00,0.00,2,0
2026-06-12 16:57:15.963,0.00,0.00,0.00,0.00,2,0
2026-06-12 16:57:16.015,0.00,0.00,0.00,0.00,2,0
2026-06-12 16:57:16.064,0.00,0.00,0.00,0.00,2,0
2026-06-12 16:57:16.114,0.00,0.00,0.00,0.00,2,0
2026-06-12 16:57:16.164,0.00,0.00,0.00,0.00,2,0
2026-06-12 16:57:16.215,0.00,0.00,0.00,0.00,2,0
2026-06-12 16:57:16.265,0.00,0.00,0.00,0.00,2,0
2026-06-12 16:57:16.316,0.00,0.00,0.00,0.00,2,0
2026-06-12 16:57:16.366,0.00,0.00,0.00,0.00,2,0
2026-06-12 16:57:16.416,0.00,0.00,0.00,0.00,2,0
2026-06-12 16:57:16.467,0.00,0.00,0.00,0.00,2,0
2026-06-12 16:57:16.517,0.00,0.00,0.00,0.00,2,0
2026-06-12 16:57:16.568,0.00,0.00,0.00,0.00,2,0
2026-06-12 16:57:16.618,0.00,0.00,0.00,0.00,2,0
2026-06-12 16:57:16.668,0.00,0.00,0.00,0.00,2,0
2026-06-12 16:57:16.719,0.00,0.00,0.00,0.00,2,0
2026-06-12 16:57:16.769,0.00,0.00,0.00,0.00,2,0
2026-06-12 16:57:16.820,0.00,0.00,0.00,0.00,2,0
2026-06-12 16:57:16.871,0.00,0.00,0.00,0.00,2,0
2026-06-12 16:57:16.921,0.00,0.00,0.00,0.00,2,0
2026-06-12 16:57:16.971,0.00,0.00,0.00,0.00,2,0
2026-06-12 16:57:17.021,0.00,0.00,0.00,0.00,2,0
2026-06-12 16:57:17.072,0.00,0.00,0.00,0.00,2,0
2026-06-12 16:57:17.122,0.00,0.00,0.00,0.00,2,0
2026-06-12 16:57:17.172,0.00,0.00,0.00,0.00,2,0
2026-06-12 16:57:17.223,0.00,0.00,0.00,0.00,2,0
2026-06-12 16:57:17.273,0.00,0.00,0.00,0.00,2,0
2026-06-12 16:57:17.324,0.00,0.00,0.00,0.00,2,0
2026-06-12 16:57:17.374,0.00,0.00,0.00,0.00,2,0
2026-06-12 16:57:17.425,0.00,0.00,0.00,0.00,2,0
2026-06-12 16:57:17.475,0.00,0.00,0.00,0.00,2,0
2026-06-12 16:57:17.525,0.00,0.00,0.00,0.00,2,0
2026-06-12 16:57:17.576,0.00,0.00,0.00,0.00,2,0
2026-06-12 16:57:17.626,0.00,0.00,0.00,0.00,2,0
2026-06-12 16:57:17.677,0.00,0.00,0.00,0.00,2,0
2026-06-12 16:57:17.727,0.00,0.00,0.00,0.00,2,0
2026-06-12 16:57:17.777,0.00,0.00,0.00,0.00,2,0
2026-06-12 16:57:17.828,0.00,0.00,0.00,0.00,2,0
2026-06-12 16:57:17.878,0.00,0.00,0.00,0.00,2,0
2026-06-12 16:57:17.929,0.00,0.00,0.00,0.00,2,0
2026-06-12 16:57:17.979,0.00,0.00,0.00,0.00,2,0
2026-06-12 16:57:18.029,0.00,0.00,0.00,0.00,2,0
2026-06-12 16:57:18.080,0.00,0.00,0.00,0.00,2,0
2026-06-12 16:57:18.131,0.00,0.00,0.00,0.00,2,0
2026-06-12 16:57:18.181,0.00,0.00,0.00,0.00,2,0
2026-06-12 16:57:18.231,0.00,0.00,0.00,0.00,2,0
2026-06-12 16:57:18.281,0.00,0.00,0.00,0.00,2,0
2026-06-12 16:57:18.332,0.00,0.00,0.00,0.00,2,0
2026-06-12 16:57:18.382,0.00,0.00,0.00,0.00,2,0
2026-06-12 16:57:18.432,0.00,0.00,0.00,0.00,2,0
2026-06-12 16:57:18.483,0.00,0.00,0.00,0.00,2,0
2026-06-12 16:57:18.533,0.00,0.00,0.00,0.00,2,0
2026-06-12 16:57:18.584,0.00,0.00,0.00,0.00,2,0
2026-06-12 16:57:18.634,0.00,0.00,0.00,0.00,2,0
2026-06-12 16:57:18.684,0.00,0.00,0.00,0.00,2,0
2026-06-12 16:57:18.735,0.00,0.00,0.00,0.00,2,0
2026-06-12 16:57:18.785,0.00,0.00,0.00,0.00,2,0
2026-06-12 16:57:18.836,0.00,0.00,0.00,0.00,2,0
2026-06-12 16:57:18.886,0.00,0.00,0.00,0.00,2,0
2026-06-12 16:57:18.937,0.00,0.00,0.00,0.00,2,0
2026-06-12 16:57:18.987,0.00,0.00,0.00,0.00,2,0
2026-06-12 16:57:19.037,0.00,0.00,0.00,0.00,2,0
2026-06-12 16:57:19.088,0.00,0.00,0.00,0.00,2,0
2026-06-12 16:57:19.138,0.00,0.00,0.00,0.00,2,0
2026-06-12 16:57:19.189,0.00,0.00,0.00,0.00,2,0
2026-06-12 16:57:19.239,0.00,0.00,0.00,0.00,2,0
2026-06-12 16:57:19.289,0.00,0.00,0.00,0.00,2,0
2026-06-12 16:57:19.341,0.00,0.00,0.00,0.00,2,0
2026-06-12 16:57:19.391,0.00,0.00,0.00,0.00,2,0
2026-06-12 16:57:19.441,0.00,0.00,0.00,0.00,2,0
2026-06-12 16:57:19.491,0.00,0.00,0.00,0.00,2,0
2026-06-12 16:57:19.541,0.00,0.00,0.00,0.00,2,0
2026-06-12 16:57:19.592,0.00,0.00,0.00,0.00,2,0
2026-06-12 16:57:19.642,0.00,0.00,0.00,0.00,2,0
2026-06-12 16:57:19.693,0.00,0.00,0.00,0.00,2,0
2026-06-12 16:57:19.743,0.00,0.00,0.00,0.00,2,0
2026-06-12 16:57:19.793,0.00,0.00,0.00,0.00,2,0
2026-06-12 16:57:19.844,0.00,0.00,0.00,0.00,2,0
2026-06-12 16:57:19.894,0.00,0.00,0.00,0.00,2,0
2026-06-12 16:57:19.945,0.00,0.00,0.00,0.00,2,0
2026-06-12 16:57:19.995,0.00,0.00,0.00,0.00,2,0
2026-06-12 16:57:20.045,0.00,0.00,0.00,0.00,2,0
2026-06-12 16:57:20.096,0.00,0.00,0.00,0.00,2,0
2026-06-12 16:57:20.146,0.00,0.00,0.00,0.00,2,0
2026-06-12 16:57:20.197,0.00,0.00,0.00,0.00,2,0
2026-06-12 16:57:20.247,0.00,0.00,0.00,0.00,2,0
2026-06-12 16:57:20.297,0.00,0.00,0.00,0.00,2,0
2026-06-12 16:57:20.348,0.00,0.00,0.00,0.00,2,0
2026-06-12 16:57:20.398,0.00,0.00,0.00,0.00,2,0
2026-06-12 16:57:20.449,0.00,0.00,0.00,0.00,2,0
2026-06-12 16:57:20.499,0.00,0.00,0.00,0.00,2,0
2026-06-12 16:57:20.549,0.00,0.00,0.00,0.00,2,0
2026-06-12 16:57:20.601,0.00,0.00,0.00,0.00,2,0
2026-06-12 16:57:20.651,0.00,0.00,0.00,0.00,2,0
2026-06-12 16:57:20.701,0.00,0.00,0.00,0.00,2,0
2026-06-12 16:57:20.751,0.00,0.00,0.00,0.00,2,0
2026-06-12 16:57:20.801,0.00,0.00,0.00,0.00,2,0
2026-06-12 16:57:20.852,0.00,0.00,0.00,0.00,2,0
2026-06-12 16:57:20.902,0.00,0.00,0.00,0.00,2,0
2026-06-12 16:57:20.953,0.00,0.00,0.00,0.00,2,0
2026-06-12 16:57:21.003,0.00,0.00,0.00,0.00,2,0
2026-06-12 16:57:21.053,0.00,0.00,0.00,0.00,2,0
2026-06-12 16:57:21.104,0.00,0.00,0.00,0.00,2,0
2026-06-12 16:57:21.154,0.00,0.00,0.00,0.00,2,0
2026-06-12 16:57:21.205,0.00,0.00,0.00,0.00,2,0
2026-06-12 16:57:21.255,0.00,0.00,0.00,0.00,2,0
2026-06-12 16:57:21.305,0.00,0.00,0.00,0.00,2,0
2026-06-12 16:57:21.356,0.00,0.00,0.00,0.00,2,0
2026-06-12 16:57:21.406,0.00,0.00,0.00,0.00,2,0
2026-06-12 16:57:21.457,0.00,0.00,0.00,0.00,2,0
2026-06-12 16:57:21.507,0.00,0.00,0.00,0.00,2,0
2026-06-12 16:57:21.557,0.00,0.00,0.00,0.00,2,0
2026-06-12 16:57:21.608,0.00,0.00,0.00,0.00,2,0
2026-06-12 16:57:21.658,0.00,0.00,0.00,0.00,2,0
2026-06-12 16:57:21.709,0.00,0.00,0.00,0.00,2,0
2026-06-12 16:57:21.759,0.00,0.00,0.00,0.00,2,0
2026-06-12 16:57:21.809,0.00,0.00,0.00,0.00,2,0
2026-06-12 16:57:21.861,0.00,0.00,0.00,0.00,2,0
2026-06-12 16:57:21.911,0.00,0.00,0.00,0.00,2,0
2026-06-12 16:57:21.961,0.00,0.00,0.00,0.00,2,0
2026-06-12 16:57:22.012,0.00,0.00,0.00,0.00,2,0
2026-06-12 16:57:22.061,0.00,0.00,0.00,0.00,2,0
2026-06-12 16:57:22.113,0.00,0.00,0.00,0.00,2,0
2026-06-12 16:57:22.162,0.00,0.00,0.00,0.00,2,0
2026-06-12 16:57:22.213,0.00,0.00,0.00,0.00,2,0
2026-06-12 16:57:22.263,0.00,0.00,0.00,0.00,2,0
2026-06-12 16:57:22.313,0.00,0.00,0.00,0.00,2,0
2026-06-12 16:57:22.364,0.00,0.00,0.00,0.00,2,0
2026-06-12 16:57:22.414,0.00,0.00,0.00,0.00,2,0
2026-06-12 16:57:22.465,0.00,0.00,0.00,0.00,2,0
2026-06-12 16:57:22.515,0.00,0.00,0.00,0.00,2,0
2026-06-12 16:57:22.565,0.00,0.00,0.00,0.00,2,0
2026-06-12 16:57:22.616,0.00,0.00,0.00,0.00,2,0
2026-06-12 16:57:22.666,0.00,0.00,0.00,0.00,2,0
2026-06-12 16:57:22.717,0.00,0.00,0.00,0.00,2,0
2026-06-12 16:57:22.767,0.00,0.00,0.00,0.00,2,0
2026-06-12 16:57:22.817,0.00,0.00,0.00,0.00,2,0
2026-06-12 16:57:22.868,0.00,0.00,0.00,0.00,2,0
2026-06-12 16:57:22.918,0.00,0.00,0.00,0.00,2,0
2026-06-12 16:57:22.969,0.00,0.00,0.00,0.00,2,0
2026-06-12 16:57:23.019,0.00,0.00,0.00,0.00,2,0
2026-06-12 16:57:23.069,0.00,0.00,0.00,0.00,2,0
2026-06-12 16:57:23.120,0.00,0.00,0.00,0.00,2,0
2026-06-12 16:57:23.171,0.00,0.00,0.00,0.00,2,0
2026-06-12 16:57:23.221,0.00,0.00,0.00,0.00,2,0
2026-06-12 16:57:23.271,0.00,0.00,0.00,0.00,2,0
2026-06-12 16:57:23.322,0.00,0.00,0.00,0.00,2,0
2026-06-12 16:57:23.372,0.00,0.00,0.00,0.00,2,0
2026-06-12 16:57:23.422,0.00,0.00,0.00,0.00,2,0
2026-06-12 16:57:23.473,0.00,0.00,0.00,0.00,2,0
2026-06-12 16:57:23.524,0.00,0.00,0.00,0.00,2,0
2026-06-12 16:57:23.573,0.00,0.00,0.00,0.00,2,0
2026-06-12 16:57:23.624,0.00,0.00,0.00,0.00,2,0
2026-06-12 16:57:23.674,0.00,0.00,0.00,0.00,2,0
2026-06-12 16:57:23.725,0.00,0.00,0.00,0.00,2,0
2026-06-12 16:57:23.775,0.00,0.00,0.00,0.00,2,0
2026-06-12 16:57:23.826,0.00,0.00,0.00,0.00,2,0
2026-06-12 16:57:23.876,0.00,0.00,0.00,0.00,2,0
2026-06-12 16:57:23.926,0.00,0.00,0.00,0.00,2,0
2026-06-12 16:57:23.977,0.00,0.00,0.00,0.00,2,0
2026-06-12 16:57:24.027,0.00,0.00,0.00,0.00,2,0
2026-06-12 16:57:24.077,0.00,0.00,0.00,0.00,2,0
2026-06-12 16:57:24.128,0.00,0.00,0.00,0.00,2,0
2026-06-12 16:57:24.178,0.00,0.00,0.00,0.00,2,0
2026-06-12 16:57:24.229,0.00,0.00,0.00,0.00,2,0
2026-06-12 16:57:24.279,0.00,0.00,0.00,0.00,2,0
2026-06-12 16:57:24.329,0.00,0.00,0.00,0.00,2,0
2026-06-12 16:57:24.380,0.00,0.00,0.00,0.00,2,0
2026-06-12 16:57:24.431,0.00,0.00,0.00,0.00,2,0
2026-06-12 16:57:24.481,0.00,0.00,0.00,0.00,2,0
2026-06-12 16:57:24.531,0.00,0.00,0.00,0.00,2,0
2026-06-12 16:57:24.581,0.00,0.00,0.00,0.00,2,0
2026-06-12 16:57:24.632,0.00,0.00,0.00,0.00,2,0
2026-06-12 16:57:24.682,0.00,0.00,0.00,0.00,2,0
2026-06-12 16:57:24.733,0.00,0.00,0.00,0.00,2,0
2026-06-12 16:57:24.783,0.00,0.00,0.00,0.00,2,0
2026-06-12 16:57:24.833,0.00,0.00,0.00,0.00,2,0
2026-06-12 16:57:24.885,0.00,0.00,0.00,0.00,2,0
2026-06-12 16:57:24.934,0.00,0.00,0.00,0.00,2,0
2026-06-12 16:57:24.985,0.00,0.00,0.00,0.00,2,0
2026-06-12 16:57:25.035,0.00,0.00,0.00,0.00,2,0
2026-06-12 16:57:25.085,0.00,0.00,0.00,0.00,2,0
2026-06-12 16:57:25.136,0.00,0.00,0.00,0.00,2,0
2026-06-12 16:57:25.186,0.00,0.00,0.00,0.00,2,0
2026-06-12 16:57:25.237,0.00,0.00,0.00,0.00,2,0
2026-06-12 16:57:25.287,0.00,0.00,0.00,0.00,2,0
2026-06-12 16:57:25.337,0.00,0.00,0.00,0.00,2,0
2026-06-12 16:57:25.388,0.00,0.00,0.00,0.00,2,0
2026-06-12 16:57:25.438,0.00,0.00,0.00,0.00,2,0
2026-06-12 16:57:25.489,0.00,0.00,0.00,0.00,2,0
2026-06-12 16:57:25.539,0.00,0.00,0.00,0.00,2,0
2026-06-12 16:57:25.590,0.00,0.00,0.00,0.00,2,0
2026-06-12 16:57:25.640,0.00,0.00,0.00,0.00,2,0
2026-06-12 16:57:25.690,0.00,0.00,0.00,0.00,2,0
2026-06-12 16:57:25.741,0.00,0.00,0.00,0.00,2,0
2026-06-12 16:57:25.791,0.00,0.00,0.00,0.00,2,0
2026-06-12 16:57:25.842,0.00,0.00,0.00,0.00,2,0
2026-06-12 16:57:25.892,0.00,0.00,0.00,0.00,2,0
2026-06-12 16:57:25.943,0.00,0.00,0.00,0.00,2,0
2026-06-12 16:57:25.993,0.00,0.00,0.00,0.00,2,0
2026-06-12 16:57:26.043,0.00,0.00,0.00,0.00,2,0
2026-06-12 16:57:26.094,0.00,0.00,0.00,0.00,2,0
2026-06-12 16:57:26.144,0.00,0.00,0.00,0.00,2,0
2026-06-12 16:57:26.194,0.00,0.00,0.00,0.00,2,0
2026-06-12 16:57:26.245,0.00,0.00,0.00,0.00,2,0
2026-06-12 16:57:26.295,0.00,0.00,0.00,0.00,2,0
2026-06-12 16:57:26.346,0.00,0.00,0.00,0.00,2,0
2026-06-12 16:57:26.396,0.00,0.00,0.00,0.00,2,0
2026-06-12 16:57:26.446,0.00,0.00,0.00,0.00,2,0
2026-06-12 16:57:26.498,0.00,0.00,0.00,0.00,2,0
2026-06-12 16:57:26.547,0.00,0.00,0.00,0.00,2,0
2026-06-12 16:57:26.598,0.00,0.00,0.00,0.00,2,0
2026-06-12 16:57:26.648,0.00,0.00,0.00,0.00,2,0
2026-06-12 16:57:26.699,0.00,0.00,0.00,0.00,2,0
2026-06-12 16:57:26.749,0.00,0.00,0.00,0.00,2,0
2026-06-12 16:57:26.799,0.00,0.00,0.00,0.00,2,0
2026-06-12 16:57:26.850,0.00,0.00,0.00,0.00,2,0
2026-06-12 16:57:26.901,0.00,0.00,0.00,0.00,2,0
2026-06-12 16:57:26.951,0.00,0.00,0.00,0.00,2,0
2026-06-12 16:57:27.001,0.00,0.00,0.00,0.00,2,0
2026-06-12 16:57:27.052,0.00,0.00,0.00,0.00,2,0
2026-06-12 16:57:27.102,0.00,0.00,0.00,0.00,2,0
2026-06-12 16:57:27.152,0.00,0.00,0.00,0.00,2,0
2026-06-12 16:57:27.202,0.00,0.00,0.00,0.00,2,0
2026-06-12 16:57:27.253,0.00,0.00,0.00,0.00,2,0
2026-06-12 16:57:27.303,0.00,0.00,0.00,0.00,2,0
2026-06-12 16:57:27.354,0.00,0.00,0.00,0.00,2,0
2026-06-12 16:57:27.404,0.00,0.00,0.00,0.00,2,0
2026-06-12 16:57:27.455,0.00,0.00,0.00,0.00,2,0
2026-06-12 16:57:27.505,0.00,0.00,0.00,0.00,2,0
2026-06-12 16:57:27.555,0.00,0.00,0.00,0.00,2,0
2026-06-12 16:57:27.606,0.00,0.00,0.00,0.00,2,0
2026-06-12 16:57:27.656,0.00,0.00,0.00,0.00,2,0
2026-06-12 16:57:27.706,0.00,0.00,0.00,0.00,2,0
2026-06-12 16:57:27.757,0.00,0.00,0.00,0.00,2,0
2026-06-12 16:57:27.807,0.00,0.00,0.00,0.00,2,0
2026-06-12 16:57:27.858,0.00,0.00,0.00,0.00,2,0
2026-06-12 16:57:27.908,0.00,0.00,0.00,0.00,2,0
2026-06-12 16:57:27.959,0.00,0.00,0.00,0.00,2,0
2026-06-12 16:57:28.009,0.00,0.00,0.00,0.00,2,0
2026-06-12 16:57:28.060,0.00,0.00,0.00,0.00,2,0
2026-06-12 16:57:28.110,0.00,0.00,0.00,0.00,2,0
2026-06-12 16:57:28.160,0.00,0.00,0.00,0.00,2,0
2026-06-12 16:57:28.211,0.00,0.00,0.00,0.00,2,0
2026-06-12 16:57:28.261,0.00,0.00,0.00,0.00,2,0
2026-06-12 16:57:28.312,0.00,0.00,0.00,0.00,2,0
2026-06-12 16:57:28.362,0.00,0.00,0.00,0.00,2,0
2026-06-12 16:57:28.414,0.00,0.00,0.00,0.00,2,0
2026-06-12 16:57:28.463,0.00,0.00,0.00,0.00,2,0
2026-06-12 16:57:28.513,0.00,0.00,0.00,0.00,2,0
2026-06-12 16:57:28.564,0.00,0.00,0.00,0.00,2,0
2026-06-12 16:57:28.616,0.00,0.00,0.00,0.00,2,0
2026-06-12 16:57:28.664,0.00,0.00,0.00,0.00,2,0
2026-06-12 16:57:28.714,0.00,0.00,0.00,0.00,2,0
2026-06-12 16:57:28.765,0.00,0.00,0.00,0.00,2,0
2026-06-12 16:57:28.815,0.00,0.00,0.00,0.00,2,0
2026-06-12 16:57:28.866,0.00,0.00,0.00,0.00,2,0
2026-06-12 16:57:28.916,0.00,0.00,0.00,0.00,2,0
2026-06-12 16:57:28.967,0.00,0.00,0.00,0.00,2,0
2026-06-12 16:57:29.017,0.00,0.00,0.00,0.00,2,0
2026-06-12 16:57:29.067,0.00,0.00,0.00,0.00,2,0
2026-06-12 16:57:29.118,0.00,0.00,0.00,0.00,2,0
2026-06-12 16:57:29.168,0.00,0.00,0.00,0.00,2,0
2026-06-12 16:57:29.219,0.00,0.00,0.00,0.00,2,0
2026-06-12 16:57:29.269,0.00,0.00,0.00,0.00,2,0
2026-06-12 16:57:29.319,0.00,0.00,0.00,0.00,2,0
2026-06-12 16:57:29.370,0.00,0.00,0.00,0.00,2,0
2026-06-12 16:57:29.421,0.00,0.00,0.00,0.00,2,0
2026-06-12 16:57:29.470,0.00,0.00,0.00,0.00,2,0
2026-06-12 16:57:29.521,0.00,0.00,0.00,0.00,2,0
2026-06-12 16:57:29.571,0.00,0.00,0.00,0.00,2,0
2026-06-12 16:57:29.622,0.00,0.00,0.00,0.00,2,0
2026-06-12 16:57:29.672,0.00,0.00,0.00,0.00,2,0
2026-06-12 16:57:29.722,0.00,0.00,0.00,0.00,2,0
2026-06-12 16:57:29.773,0.00,0.00,0.00,0.00,2,0
2026-06-12 16:57:29.823,0.00,0.00,0.00,0.00,2,0
2026-06-12 16:57:29.874,0.00,0.00,0.00,0.00,2,0
2026-06-12 16:57:29.924,0.00,0.00,0.00,0.00,2,0
2026-06-12 16:57:29.975,0.00,0.00,0.00,0.00,2,0
2026-06-12 16:57:30.025,0.00,0.00,0.00,0.00,2,0
2026-06-12 16:57:30.075,0.00,0.00,0.00,0.00,2,0
2026-06-12 16:57:30.126,0.00,0.00,0.00,0.00,2,0
2026-06-12 16:57:30.176,0.00,0.00,0.00,0.00,2,0
2026-06-12 16:57:30.226,0.00,0.00,0.00,0.00,2,0
2026-06-12 16:57:30.277,0.00,0.00,0.00,0.00,2,0
2026-06-12 16:57:30.327,0.00,0.00,0.00,0.00,2,0
2026-06-12 16:57:30.378,0.00,0.00,0.00,0.00,2,0
2026-06-12 16:57:30.428,0.00,0.00,0.00,0.00,2,0
2026-06-12 16:57:30.479,0.00,0.00,0.00,0.00,2,0
2026-06-12 16:57:30.529,0.00,0.00,0.00,0.00,2,0
2026-06-12 16:57:30.579,0.00,0.00,0.00,0.00,2,0
2026-06-12 16:57:30.630,0.00,0.00,0.00,0.00,2,0
2026-06-12 16:57:30.680,0.00,0.00,0.00,0.00,2,0
2026-06-12 16:57:30.731,0.00,0.00,0.00,0.00,2,0
2026-06-12 16:57:30.781,0.00,0.00,0.00,0.00,2,0
2026-06-12 16:57:30.831,0.00,0.00,0.00,0.00,2,0
2026-06-12 16:57:30.882,0.00,0.00,0.00,0.00,2,0
2026-06-12 16:57:30.932,0.00,0.00,0.00,0.00,2,0
2026-06-12 16:57:30.983,0.00,0.00,0.00,0.00,2,0
2026-06-12 16:57:31.033,0.00,0.00,0.00,0.00,2,0
2026-06-12 16:57:31.083,0.00,0.00,0.00,0.00,2,0
2026-06-12 16:57:31.134,0.00,0.00,0.00,0.00,2,0
2026-06-12 16:57:31.184,0.00,0.00,0.00,0.00,2,0
2026-06-12 16:57:31.235,0.00,0.00,0.00,0.00,2,0
2026-06-12 16:57:31.285,0.00,0.00,0.00,0.00,2,0
2026-06-12 16:57:31.335,0.00,0.00,0.00,0.00,2,0
2026-06-12 16:57:31.386,0.00,0.00,0.00,0.00,2,0
2026-06-12 16:57:31.436,0.00,0.00,0.00,0.00,2,0
2026-06-12 16:57:31.487,0.00,0.00,0.00,0.00,2,0
2026-06-12 16:57:31.537,0.00,0.00,0.00,0.00,2,0
2026-06-12 16:57:31.587,0.00,0.00,0.00,0.00,2,0
2026-06-12 16:57:31.638,0.00,0.00,0.00,0.00,2,0
2026-06-12 16:57:31.688,0.00,0.00,0.00,0.00,2,0
2026-06-12 16:57:31.739,0.00,0.00,0.00,0.00,2,0
2026-06-12 16:57:31.789,0.00,0.00,0.00,0.00,2,0
2026-06-12 16:57:31.839,0.00,0.00,0.00,0.00,2,0
2026-06-12 16:57:31.890,0.00,0.00,0.00,0.00,2,0
2026-06-12 16:57:31.940,0.00,0.00,0.00,0.00,2,0
2026-06-12 16:57:31.991,0.00,0.00,0.00,0.00,2,0
2026-06-12 16:57:32.041,0.00,0.00,0.00,0.00,2,0
2026-06-12 16:57:32.091,0.00,0.00,0.00,0.00,2,0
2026-06-12 16:57:32.142,0.00,0.00,0.00,0.00,2,0
2026-06-12 16:57:32.192,0.00,0.00,0.00,0.00,2,0
2026-06-12 16:57:32.243,0.00,0.00,0.00,0.00,2,0
2026-06-12 16:57:32.293,0.00,0.00,0.00,0.00,2,0
2026-06-12 16:57:32.343,0.00,0.00,0.00,0.00,2,0
2026-06-12 16:57:32.394,0.00,0.00,0.00,0.00,2,0
2026-06-12 16:57:32.444,0.00,0.00,0.00,0.00,2,0
2026-06-12 16:57:32.495,0.00,0.00,0.00,0.00,2,0
2026-06-12 16:57:32.545,0.00,0.00,0.00,0.00,2,0
2026-06-12 16:57:32.595,0.00,0.00,0.00,0.00,2,0
2026-06-12 16:57:32.646,0.00,0.00,0.00,0.00,2,0
2026-06-12 16:57:32.696,0.00,0.00,0.00,0.00,2,0
2026-06-12 16:57:32.747,0.00,0.00,0.00,0.00,2,0
2026-06-12 16:57:32.797,0.00,0.00,0.00,0.00,2,0
2026-06-12 16:57:32.847,0.00,0.00,0.00,0.00,2,0
2026-06-12 16:57:32.898,0.00,0.00,0.00,0.00,2,0
2026-06-12 16:57:32.948,0.00,0.00,0.00,0.00,2,0
2026-06-12 16:57:32.999,0.00,0.00,0.00,0.00,2,0
2026-06-12 16:57:33.049,0.00,0.00,0.00,0.00,2,0
2026-06-12 16:57:33.100,0.00,0.00,0.00,0.00,2,0
2026-06-12 16:57:33.151,0.00,0.00,0.00,0.00,2,0
2026-06-12 16:57:33.201,0.00,0.00,0.00,0.00,2,0
2026-06-12 16:57:33.251,0.00,0.00,0.00,0.00,2,0
2026-06-12 16:57:33.301,0.00,0.00,0.00,0.00,2,0
2026-06-12 16:57:33.351,0.00,0.00,0.00,0.00,2,0
2026-06-12 16:57:33.402,0.00,0.00,0.00,0.00,2,0
2026-06-12 16:57:33.452,0.00,0.00,0.00,0.00,2,0
2026-06-12 16:57:33.503,0.00,0.00,0.00,0.00,2,0
2026-06-12 16:57:33.553,0.00,0.00,0.00,0.00,2,0
2026-06-12 16:57:33.604,0.00,0.00,0.00,0.00,2,0
2026-06-12 16:57:33.654,0.00,0.00,0.00,0.00,2,0
2026-06-12 16:57:33.704,0.00,0.00,0.00,0.00,2,0
2026-06-12 16:57:33.755,0.00,0.00,0.00,0.00,2,0
2026-06-12 16:57:33.805,0.00,0.00,0.00,0.00,2,0
2026-06-12 16:57:33.856,0.00,0.00,0.00,0.00,2,0
2026-06-12 16:57:33.906,0.00,0.00,0.00,0.00,2,0
2026-06-12 16:57:33.956,0.00,0.00,0.00,0.00,2,0
2026-06-12 16:57:34.007,0.00,0.00,0.00,0.00,2,0
2026-06-12 16:57:34.057,0.00,0.00,0.00,0.00,2,0
2026-06-12 16:57:34.108,0.00,0.00,0.00,0.00,2,0
2026-06-12 16:57:34.158,0.00,0.00,0.00,0.00,2,0
2026-06-12 16:57:34.208,0.00,0.00,0.00,0.00,2,0
2026-06-12 16:57:34.259,0.00,0.00,0.00,0.00,2,0
2026-06-12 16:57:34.309,0.00,0.00,0.00,0.00,2,0
2026-06-12 16:57:34.360,0.00,0.00,0.00,0.00,2,0
2026-06-12 16:57:34.410,0.00,0.00,0.00,0.00,2,0
2026-06-12 16:57:34.461,0.00,0.00,0.00,0.00,2,0
2026-06-12 16:57:34.512,0.00,0.00,0.00,0.00,2,0
2026-06-12 16:57:34.561,0.00,0.00,0.00,0.00,2,0
2026-06-12 16:57:34.612,0.00,0.00,0.00,0.00,2,0
2026-06-12 16:57:34.662,0.00,0.00,0.00,0.00,2,0
2026-06-12 16:57:34.714,0.00,0.00,0.00,0.00,2,0
2026-06-12 16:57:34.763,0.00,0.00,0.00,0.00,2,0
2026-06-12 16:57:34.813,0.00,0.00,0.00,0.00,2,0
2026-06-12 16:57:34.864,0.00,0.00,0.00,0.00,2,0
2026-06-12 16:57:34.914,0.00,0.00,0.00,0.00,2,0
2026-06-12 16:57:34.964,0.00,0.00,0.00,0.00,2,0
2026-06-12 16:57:35.015,0.00,0.00,0.00,0.00,2,0
2026-06-12 16:57:35.065,0.00,0.00,0.00,0.00,2,0
2026-06-12 16:57:35.116,0.00,0.00,0.00,0.00,2,0
2026-06-12 16:57:35.166,0.00,0.00,0.00,0.00,2,0
2026-06-12 16:57:35.216,0.00,0.00,0.00,0.00,2,0
2026-06-12 16:57:35.267,0.00,0.00,0.00,0.00,2,0
2026-06-12 16:57:35.317,0.00,0.00,0.00,0.00,2,0
2026-06-12 16:57:35.368,0.00,0.00,0.00,0.00,2,0
2026-06-12 16:57:35.418,0.00,0.00,0.00,0.00,2,0
2026-06-12 16:57:35.468,0.00,0.00,0.00,0.00,2,0
2026-06-12 16:57:35.519,0.00,0.00,0.00,0.00,2,0
2026-06-12 16:57:35.569,0.00,0.00,0.00,0.00,2,0
2026-06-12 16:57:35.620,0.00,0.00,0.00,0.00,2,0
2026-06-12 16:57:35.671,0.00,0.00,0.00,0.00,2,0
2026-06-12 16:57:35.721,0.00,0.00,0.00,0.00,2,0
2026-06-12 16:57:35.772,0.00,0.00,0.00,0.00,2,0
2026-06-12 16:57:35.821,0.00,0.00,0.00,0.00,2,0
2026-06-12 16:57:35.872,0.00,0.00,0.00,0.00,2,0
2026-06-12 16:57:35.922,0.00,0.00,0.00,0.00,2,0
2026-06-12 16:57:35.972,0.00,0.00,0.00,0.00,2,0
2026-06-12 16:57:36.023,0.00,0.00,0.00,0.00,2,0
2026-06-12 16:57:36.073,0.00,0.00,0.00,0.00,2,0
2026-06-12 16:57:36.124,0.00,0.00,0.00,0.00,2,0
2026-06-12 16:57:36.174,0.00,0.00,0.00,0.00,2,0
2026-06-12 16:57:36.224,0.00,0.00,0.00,0.00,2,0
2026-06-12 16:57:36.275,0.00,0.00,0.00,0.00,2,0
2026-06-12 16:57:36.325,0.00,0.00,0.00,0.00,2,0
2026-06-12 16:57:36.376,0.00,0.00,0.00,0.00,2,0
2026-06-12 16:57:36.426,0.00,0.00,0.00,0.00,2,0
2026-06-12 16:57:36.476,0.00,0.00,0.00,0.00,2,0
2026-06-12 16:57:36.527,0.00,0.00,0.00,0.00,2,0
2026-06-12 16:57:36.577,0.00,0.00,0.00,0.00,2,0
2026-06-12 16:57:36.628,0.00,0.00,0.00,0.00,2,0
2026-06-12 16:57:36.678,0.00,0.00,0.00,0.00,2,0
2026-06-12 16:57:36.728,0.00,0.00,0.00,0.00,2,0
2026-06-12 16:57:36.779,0.00,0.00,0.00,0.00,2,0
2026-06-12 16:57:36.829,0.00,0.00,0.00,0.00,2,0
2026-06-12 16:57:36.880,0.00,0.00,0.00,0.00,2,0
2026-06-12 16:57:36.930,0.00,0.00,0.00,0.00,2,0
2026-06-12 16:57:36.980,0.00,0.00,0.00,0.00,2,0
2026-06-12 16:57:37.031,0.00,0.00,0.00,0.00,2,0
2026-06-12 16:57:37.081,0.00,0.00,0.00,0.00,2,0
2026-06-12 16:57:37.132,0.00,0.00,0.00,0.00,2,0
2026-06-12 16:57:37.182,0.00,0.00,0.00,0.00,2,0
2026-06-12 16:57:37.232,0.00,0.00,0.00,0.00,2,0
2026-06-12 16:57:37.283,0.00,0.00,0.00,0.00,2,0
2026-06-12 16:57:37.333,0.00,0.00,0.00,0.00,2,0
2026-06-12 16:57:37.384,0.00,0.00,0.00,0.00,2,0
2026-06-12 16:57:37.434,0.00,0.00,0.00,0.00,2,0
2026-06-12 16:57:37.484,0.00,0.00,0.00,0.00,2,0
2026-06-12 16:57:37.535,0.00,0.00,0.00,0.00,2,0
2026-06-12 16:57:37.585,0.00,0.00,0.00,0.00,2,0
2026-06-12 16:57:37.636,0.00,0.00,0.00,0.00,2,0
2026-06-12 16:57:37.686,0.00,0.00,0.00,0.00,2,0
2026-06-12 16:57:37.736,0.00,0.00,0.00,0.00,2,0
2026-06-12 16:57:37.788,0.00,0.00,0.00,0.00,2,0
2026-06-12 16:57:37.837,0.00,0.00,0.00,0.00,2,0
2026-06-12 16:57:37.888,0.00,0.00,0.00,0.00,2,0
2026-06-12 16:57:37.938,0.00,0.00,0.00,0.00,2,0
2026-06-12 16:57:37.989,0.00,0.00,0.00,0.00,2,0
2026-06-12 16:57:38.039,0.00,0.00,0.00,0.00,2,0
2026-06-12 16:57:38.089,0.00,0.00,0.00,0.00,2,0
2026-06-12 16:57:38.140,0.00,0.00,0.00,0.00,2,0
2026-06-12 16:57:38.190,0.00,0.00,0.00,0.00,2,0
2026-06-12 16:57:38.241,0.00,0.00,0.00,0.00,2,0
2026-06-12 16:57:38.291,0.00,0.00,0.00,0.00,2,0
2026-06-12 16:57:38.341,0.00,0.00,0.00,0.00,2,0
2026-06-12 16:57:38.392,0.00,0.00,0.00,0.00,2,0
2026-06-12 16:57:38.442,0.00,0.00,0.00,0.00,2,0
2026-06-12 16:57:38.493,0.00,0.00,0.00,0.00,2,0
2026-06-12 16:57:38.543,0.00,0.00,0.00,0.00,2,0
2026-06-12 16:57:38.593,0.00,0.00,0.00,0.00,2,0
2026-06-12 16:57:38.644,0.00,0.00,0.00,0.00,2,0
2026-06-12 16:57:38.694,0.00,0.00,0.00,0.00,2,0
2026-06-12 16:57:38.745,0.00,0.00,0.00,0.00,2,0
2026-06-12 16:57:38.795,0.00,0.00,0.00,0.00,2,0
2026-06-12 16:57:38.845,0.00,0.00,0.00,0.00,2,0
2026-06-12 16:57:38.896,0.00,0.00,0.00,0.00,2,0
2026-06-12 16:57:38.946,0.00,0.00,0.00,0.00,2,0
2026-06-12 16:57:38.997,0.00,0.00,0.00,0.00,2,0
2026-06-12 16:57:39.047,0.00,0.00,0.00,0.00,2,0
2026-06-12 16:57:39.097,0.00,0.00,0.00,0.00,2,0
2026-06-12 16:57:39.148,0.00,0.00,0.00,0.00,2,0
2026-06-12 16:57:39.198,0.00,0.00,0.00,0.00,2,0
2026-06-12 16:57:39.249,0.00,0.00,0.00,0.00,2,0
2026-06-12 16:57:39.299,0.00,0.00,0.00,0.00,2,0
2026-06-12 16:57:39.349,0.00,0.00,0.00,0.00,2,0
2026-06-12 16:57:39.400,0.00,0.00,0.00,0.00,2,0
2026-06-12 16:57:39.451,0.00,0.00,0.00,0.00,2,0
2026-06-12 16:57:39.501,0.00,0.00,0.00,0.00,2,0
2026-06-12 16:57:39.551,0.00,0.00,0.00,0.00,2,0
2026-06-12 16:57:39.601,0.00,0.00,0.00,0.00,2,0
2026-06-12 16:57:39.652,0.00,0.00,0.00,0.00,2,0
2026-06-12 16:57:39.702,0.00,0.00,0.00,0.00,2,0
2026-06-12 16:57:39.753,0.00,0.00,0.00,0.00,2,0
2026-06-12 16:57:39.803,0.00,0.00,0.00,0.00,2,0
2026-06-12 16:57:39.853,0.00,0.00,0.00,0.00,2,0
2026-06-12 16:57:39.904,0.00,0.00,0.00,0.00,2,0
2026-06-12 16:57:39.954,0.00,0.00,0.00,0.00,2,0
2026-06-12 16:57:40.005,0.00,0.00,0.00,0.00,2,0
2026-06-12 16:57:40.055,0.00,0.00,0.00,0.00,2,0
2026-06-12 16:57:40.105,0.00,0.00,0.00,0.00,2,0
2026-06-12 16:57:40.156,0.00,0.00,0.00,0.00,2,0
2026-06-12 16:57:40.206,0.00,0.00,0.00,0.00,2,0
2026-06-12 16:57:40.257,0.00,0.00,0.00,0.00,2,0
2026-06-12 16:57:40.307,0.00,0.00,0.00,0.00,2,0
2026-06-12 16:57:40.357,0.00,0.00,0.00,0.00,2,0
2026-06-12 16:57:40.408,0.00,0.00,0.00,0.00,2,0
2026-06-12 16:57:40.458,0.00,0.00,0.00,0.00,2,0
2026-06-12 16:57:40.509,0.00,0.00,0.00,0.00,2,0
2026-06-12 16:57:40.559,0.00,0.00,0.00,0.00,2,0
2026-06-12 16:57:40.609,0.00,0.00,0.00,0.00,2,0
2026-06-12 16:57:40.660,0.00,0.00,0.00,0.00,2,0
2026-06-12 16:57:40.711,0.00,0.00,0.00,0.00,2,0
2026-06-12 16:57:40.761,0.00,0.00,0.00,0.00,2,0
2026-06-12 16:57:40.811,0.00,0.00,0.00,0.00,2,0
2026-06-12 16:57:40.862,0.00,0.00,0.00,0.00,2,0
2026-06-12 16:57:40.912,0.00,0.00,0.00,0.00,2,0
2026-06-12 16:57:40.962,0.00,0.00,0.00,0.00,2,0
2026-06-12 16:57:41.013,0.00,0.00,0.00,0.00,2,0
2026-06-12 16:57:41.064,0.00,0.00,0.00,0.00,2,0
2026-06-12 16:57:41.114,0.00,0.00,0.00,0.00,2,0
2026-06-12 16:57:41.164,0.00,0.00,0.00,0.00,2,0
2026-06-12 16:57:41.214,0.00,0.00,0.00,0.00,2,0
2026-06-12 16:57:41.265,0.00,0.00,0.00,0.00,2,0
2026-06-12 16:57:41.315,0.00,0.00,0.00,0.00,2,0
2026-06-12 16:57:41.365,0.00,0.00,0.00,0.00,2,0
2026-06-12 16:57:41.416,0.00,0.00,0.00,0.00,2,0
2026-06-12 16:57:41.466,0.00,0.00,0.00,0.00,2,0
2026-06-12 16:57:41.517,0.00,0.00,0.00,0.00,2,0
2026-06-12 16:57:41.567,0.00,0.00,0.00,0.00,2,0
2026-06-12 16:57:41.617,0.00,0.00,0.00,0.00,2,0
2026-06-12 16:57:41.668,0.00,0.00,0.00,0.00,2,0
2026-06-12 16:57:41.718,0.00,0.00,0.00,0.00,2,0
2026-06-12 16:57:41.769,0.00,0.00,0.00,0.00,2,0
2026-06-12 16:57:41.819,0.00,0.00,0.00,0.00,2,0
2026-06-12 16:57:41.870,0.00,0.00,0.00,0.00,2,0
2026-06-12 16:57:41.920,0.00,0.00,0.00,0.00,2,0
2026-06-12 16:57:41.971,0.00,0.00,0.00,0.00,2,0
2026-06-12 16:57:42.021,0.00,0.00,0.00,0.00,2,0
2026-06-12 16:57:42.071,0.00,0.00,0.00,0.00,2,0
2026-06-12 16:57:42.121,0.00,0.00,0.00,0.00,2,0
2026-06-12 16:57:42.172,0.00,0.00,0.00,0.00,2,0
2026-06-12 16:57:42.222,0.00,0.00,0.00,0.00,2,0
2026-06-12 16:57:42.273,0.00,0.00,0.00,0.00,2,0
2026-06-12 16:57:42.323,0.00,0.00,0.00,0.00,2,0
2026-06-12 16:57:42.373,0.00,0.00,0.00,0.00,2,0
2026-06-12 16:57:42.424,0.00,0.00,0.00,0.00,2,0
2026-06-12 16:57:42.474,0.00,0.00,0.00,0.00,2,0
2026-06-12 16:57:42.525,0.00,0.00,0.00,0.00,2,0
2026-06-12 16:57:42.575,0.00,0.00,0.00,0.00,2,0
2026-06-12 16:57:42.625,0.00,0.00,0.00,0.00,2,0
2026-06-12 16:57:42.676,0.00,0.00,0.00,0.00,2,0
2026-06-12 16:57:42.726,0.00,0.00,0.00,0.00,2,0
2026-06-12 16:57:42.777,0.00,0.00,0.00,0.00,2,0
2026-06-12 16:57:42.827,0.00,0.00,0.00,0.00,2,0
2026-06-12 16:57:42.877,0.00,0.00,0.00,0.00,2,0
2026-06-12 16:57:42.928,0.00,0.00,0.00,0.00,2,0
2026-06-12 16:57:42.978,0.00,0.00,0.00,0.00,2,0
2026-06-12 16:57:43.029,0.00,0.00,0.00,0.00,2,0
2026-06-12 16:57:43.079,0.00,0.00,0.00,0.00,2,0
2026-06-12 16:57:43.129,0.00,0.00,0.00,0.00,2,0
2026-06-12 16:57:43.180,0.00,0.00,0.00,0.00,2,0
2026-06-12 16:57:43.230,0.00,0.00,0.00,0.00,2,0
2026-06-12 16:57:43.281,0.00,0.00,0.00,0.00,2,0
2026-06-12 16:57:43.331,0.00,0.00,0.00,0.00,2,0
2026-06-12 16:57:43.381,0.00,0.00,0.00,0.00,2,0
2026-06-12 16:57:43.432,0.00,0.00,0.00,0.00,2,0
2026-06-12 16:57:43.482,0.00,0.00,0.00,0.00,2,0
2026-06-12 16:57:43.533,0.00,0.00,0.00,0.00,2,0
2026-06-12 16:57:43.583,0.00,0.00,0.00,0.00,2,0
2026-06-12 16:57:43.634,0.00,0.00,0.00,0.00,2,0
2026-06-12 16:57:43.684,0.00,0.00,0.00,0.00,2,0
2026-06-12 16:57:43.734,0.00,0.00,0.00,0.00,2,0
2026-06-12 16:57:43.785,0.00,0.00,0.00,0.00,2,0
2026-06-12 16:57:43.835,0.00,0.00,0.00,0.00,2,0
2026-06-12 16:57:43.885,0.00,0.00,0.00,0.00,2,0
2026-06-12 16:57:43.936,0.00,0.00,0.00,0.00,2,0
2026-06-12 16:57:43.986,0.00,0.00,0.00,0.00,2,0
2026-06-12 16:57:44.037,0.00,0.00,0.00,0.00,2,0
2026-06-12 16:57:44.087,0.00,0.00,0.00,0.00,2,0
2026-06-12 16:57:44.138,0.00,0.00,0.00,0.00,2,0
2026-06-12 16:57:44.188,0.00,0.00,0.00,0.00,2,0
2026-06-12 16:57:44.238,0.00,0.00,0.00,0.00,2,0
2026-06-12 16:57:44.289,0.00,0.00,0.00,0.00,2,0
2026-06-12 16:57:44.339,0.00,0.00,0.00,0.00,2,0
2026-06-12 16:57:44.389,0.00,0.00,0.00,0.00,2,0
2026-06-12 16:57:44.440,0.00,0.00,0.00,0.00,2,0
2026-06-12 16:57:44.491,0.00,0.00,0.00,0.00,2,0
2026-06-12 16:57:44.541,0.00,0.00,0.00,0.00,2,0
2026-06-12 16:57:44.591,0.00,0.00,0.00,0.00,2,0
2026-06-12 16:57:44.642,0.00,0.00,0.00,0.00,2,0
2026-06-12 16:57:44.692,0.00,0.00,0.00,0.00,2,0
2026-06-12 16:57:44.742,0.00,0.00,0.00,0.00,2,0
2026-06-12 16:57:44.793,0.00,0.00,0.00,0.00,2,0
2026-06-12 16:57:44.843,0.00,0.00,0.00,0.00,2,0
2026-06-12 16:57:44.894,0.00,0.00,0.00,0.00,2,0
2026-06-12 16:57:44.944,0.00,0.00,0.00,0.00,2,0
2026-06-12 16:57:44.994,0.00,0.00,0.00,0.00,2,0
2026-06-12 16:57:45.045,0.00,0.00,0.00,0.00,2,0
2026-06-12 16:57:45.095,0.00,0.00,0.00,0.00,2,0
2026-06-12 16:57:45.146,0.00,0.00,0.00,0.00,2,0
2026-06-12 16:57:45.196,0.00,0.00,0.00,0.00,2,0
2026-06-12 16:57:45.247,0.00,0.00,0.00,0.00,2,0
2026-06-12 16:57:45.297,0.00,0.00,0.00,0.00,2,0
2026-06-12 16:57:45.347,0.00,0.00,0.00,0.00,2,0
2026-06-12 16:57:45.398,0.00,0.00,0.00,0.00,2,0
2026-06-12 16:57:45.448,0.00,0.00,0.00,0.00,2,0
2026-06-12 16:57:45.498,0.00,0.00,0.00,0.00,2,0
2026-06-12 16:57:45.549,0.00,0.00,0.00,0.00,2,0
2026-06-12 16:57:45.599,0.00,0.00,0.00,0.00,2,0
2026-06-12 16:57:45.650,0.00,0.00,0.00,0.00,2,0
2026-06-12 16:57:45.701,0.00,0.00,0.00,0.00,2,0
2026-06-12 16:57:45.751,0.00,0.00,0.00,0.00,2,0
2026-06-12 16:57:45.801,0.00,0.00,0.00,0.00,2,0
2026-06-12 16:57:45.851,0.00,0.00,0.00,0.00,2,0
2026-06-12 16:57:45.902,0.00,0.00,0.00,0.00,2,0
2026-06-12 16:57:45.952,0.00,0.00,0.00,0.00,2,0
2026-06-12 16:57:46.003,0.00,0.00,0.00,0.00,2,0
2026-06-12 16:57:46.053,0.00,0.00,0.00,0.00,2,0
2026-06-12 16:57:46.103,0.00,0.00,0.00,0.00,2,0
2026-06-12 16:57:46.154,0.00,0.00,0.00,0.00,2,0
2026-06-12 16:57:46.204,0.00,0.00,0.00,0.00,2,0
2026-06-12 16:57:46.254,0.00,0.00,0.00,0.00,2,0
2026-06-12 16:57:46.305,0.00,0.00,0.00,0.00,2,0
2026-06-12 16:57:46.355,0.00,0.00,0.00,0.00,2,0
2026-06-12 16:57:46.406,0.00,0.00,0.00,0.00,2,0
2026-06-12 16:57:46.456,0.00,0.00,0.00,0.00,2,0
2026-06-12 16:57:46.507,0.00,0.00,0.00,0.00,2,0
2026-06-12 16:57:46.557,0.00,0.00,0.00,0.00,2,0
2026-06-12 16:57:46.607,0.00,0.00,0.00,0.00,2,0
2026-06-12 16:57:46.658,0.00,0.00,0.00,0.00,2,0
2026-06-12 16:57:46.708,0.00,0.00,0.00,0.00,2,0
2026-06-12 16:57:46.758,0.00,0.00,0.00,0.00,2,0
2026-06-12 16:57:46.809,0.00,0.00,0.00,0.00,2,0
2026-06-12 16:57:46.859,0.00,0.00,0.00,0.00,2,0
2026-06-12 16:57:46.910,0.00,0.00,0.00,0.00,2,0
2026-06-12 16:57:46.961,0.00,0.00,0.00,0.00,2,0
2026-06-12 16:57:47.011,0.00,0.00,0.00,0.00,2,0
2026-06-12 16:57:47.061,0.00,0.00,0.00,0.00,2,0
2026-06-12 16:57:47.111,0.00,0.00,0.00,0.00,2,0
2026-06-12 16:57:47.162,0.00,0.00,0.00,0.00,2,0
2026-06-12 16:57:47.212,0.00,0.00,0.00,0.00,2,0
2026-06-12 16:57:47.263,0.00,0.00,0.00,0.00,2,0
2026-06-12 16:57:47.313,0.00,0.00,0.00,0.00,2,0
2026-06-12 16:57:47.363,0.00,0.00,0.00,0.00,2,0
2026-06-12 16:57:47.414,0.00,0.00,0.00,0.00,2,0
2026-06-12 16:57:47.464,0.00,0.00,0.00,0.00,2,0
2026-06-12 16:57:47.515,0.00,0.00,0.00,0.00,2,0
2026-06-12 16:57:47.565,0.00,0.00,0.00,0.00,2,0
2026-06-12 16:57:47.616,0.00,0.00,0.00,0.00,2,0
2026-06-12 16:57:47.666,0.00,0.00,0.00,0.00,2,0
2026-06-12 16:57:47.716,0.00,0.00,0.00,0.00,2,0
2026-06-12 16:57:47.767,0.00,0.00,0.00,0.00,2,0
2026-06-12 16:57:47.817,0.00,0.00,0.00,0.00,2,0
2026-06-12 16:57:47.867,0.00,0.00,0.00,0.00,2,0
2026-06-12 16:57:47.918,0.00,0.00,0.00,0.00,2,0
2026-06-12 16:57:47.968,0.00,0.00,0.00,0.00,2,0
2026-06-12 16:57:48.019,0.00,0.00,0.00,0.00,2,0
2026-06-12 16:57:48.069,0.00,0.00,0.00,0.00,2,0
2026-06-12 16:57:48.119,0.00,0.00,0.00,0.00,2,0
2026-06-12 16:57:48.170,0.00,0.00,0.00,0.00,2,0
2026-06-12 16:57:48.220,0.00,0.00,0.00,0.00,2,0
2026-06-12 16:57:48.271,0.00,0.00,0.00,0.00,2,0
2026-06-12 16:57:48.321,0.00,0.00,0.00,0.00,2,0
2026-06-12 16:57:48.371,0.00,0.00,0.00,0.00,2,0
2026-06-12 16:57:48.422,0.00,0.00,0.00,0.00,2,0
2026-06-12 16:57:48.472,0.00,0.00,0.00,0.00,2,0
2026-06-12 16:57:48.523,0.00,0.00,0.00,0.00,2,0
2026-06-12 16:57:48.573,0.00,0.00,0.00,0.00,2,0
2026-06-12 16:57:48.623,0.00,0.00,0.00,0.00,2,0
2026-06-12 16:57:48.674,0.00,0.00,0.00,0.00,2,0
2026-06-12 16:57:48.725,0.00,0.00,0.00,0.00,2,0
2026-06-12 16:57:48.775,0.00,0.00,0.00,0.00,2,0
2026-06-12 16:57:48.825,0.00,0.00,0.00,0.00,2,0
2026-06-12 16:57:48.875,0.00,0.00,0.00,0.00,2,0
2026-06-12 16:57:48.931,0.00,0.00,0.00,0.00,2,0
2026-06-12 16:57:48.979,0.00,0.00,0.00,0.00,2,0
2026-06-12 16:57:49.027,0.00,0.00,0.00,0.00,2,0
2026-06-12 16:57:49.077,0.00,0.00,0.00,0.00,2,0
2026-06-12 16:57:49.128,0.00,0.00,0.00,0.00,2,0
2026-06-12 16:57:49.178,0.00,0.00,0.00,0.00,2,0
2026-06-12 16:57:49.230,0.00,0.00,0.00,0.00,2,0
2026-06-12 16:57:49.279,0.00,0.00,0.00,0.00,2,0
2026-06-12 16:57:49.329,0.00,0.00,0.00,0.00,2,0
2026-06-12 16:57:49.379,0.00,0.00,0.00,0.00,2,0
2026-06-12 16:57:49.430,0.00,0.00,0.00,0.00,2,0
2026-06-12 16:57:49.481,0.00,0.00,0.00,0.00,2,0
2026-06-12 16:57:49.531,0.00,0.00,0.00,0.00,2,0
2026-06-12 16:57:49.581,0.00,0.00,0.00,0.00,2,0
2026-06-12 16:57:49.631,0.00,0.00,0.00,0.00,2,0
2026-06-12 16:57:49.682,0.00,0.00,0.00,0.00,2,0
2026-06-12 16:57:49.732,0.00,0.00,0.00,0.00,2,0
2026-06-12 16:57:49.783,0.00,0.00,0.00,0.00,2,0
2026-06-12 16:57:49.833,0.00,0.00,0.00,0.00,2,0
2026-06-12 16:57:49.883,0.00,0.00,0.00,0.00,2,0
2026-06-12 16:57:49.934,0.00,0.00,0.00,0.00,2,0
2026-06-12 16:57:49.984,0.00,0.00,0.00,0.00,2,0
2026-06-12 16:57:50.035,0.00,0.00,0.00,0.00,2,0
2026-06-12 16:57:50.085,0.00,0.00,0.00,0.00,2,0
2026-06-12 16:57:50.135,0.00,0.00,0.00,0.00,2,0
2026-06-12 16:57:50.186,0.00,0.00,0.00,0.00,2,0
2026-06-12 16:57:50.236,0.00,0.00,0.00,0.00,2,0
2026-06-12 16:57:50.287,0.00,0.00,0.00,0.00,2,0
2026-06-12 16:57:50.337,0.00,0.00,0.00,0.00,2,0
2026-06-12 16:57:50.387,0.00,0.00,0.00,0.00,2,0
2026-06-12 16:57:50.438,0.00,0.00,0.00,0.00,2,0
2026-06-12 16:57:50.488,0.00,0.00,0.00,0.00,2,0
2026-06-12 16:57:50.539,0.00,0.00,0.00,0.00,2,0
2026-06-12 16:57:50.589,0.00,0.00,0.00,0.00,2,0
2026-06-12 16:57:50.640,0.00,0.00,0.00,0.00,2,0
2026-06-12 16:57:50.691,0.00,0.00,0.00,0.00,2,0
2026-06-12 16:57:50.741,0.00,0.00,0.00,0.00,2,0
2026-06-12 16:57:50.791,0.00,0.00,0.00,0.00,2,0
2026-06-12 16:57:50.841,0.00,0.00,0.00,0.00,2,0
2026-06-12 16:57:50.891,0.00,0.00,0.00,0.00,2,0
2026-06-12 16:57:50.942,0.00,0.00,0.00,0.00,2,0
2026-06-12 16:57:50.992,0.00,0.00,0.00,0.00,2,0
2026-06-12 16:57:51.043,0.00,0.00,0.00,0.00,2,0
2026-06-12 16:57:51.093,0.00,0.00,0.00,0.00,2,0
2026-06-12 16:57:51.143,0.00,0.00,0.00,0.00,2,0
2026-06-12 16:57:51.194,0.00,0.00,0.00,0.00,2,0
2026-06-12 16:57:51.244,0.00,0.00,0.00,0.00,2,0
2026-06-12 16:57:51.295,0.00,0.00,0.00,0.00,2,0
2026-06-12 16:57:51.345,0.00,0.00,0.00,0.00,2,0
2026-06-12 16:57:51.395,0.00,0.00,0.00,0.00,2,0
2026-06-12 16:57:51.446,0.00,0.00,0.00,0.00,2,0
2026-06-12 16:57:51.496,0.00,0.00,0.00,0.00,2,0
2026-06-12 16:57:51.547,0.00,0.00,0.00,0.00,2,0
2026-06-12 16:57:51.597,0.00,0.00,0.00,0.00,2,0
2026-06-12 16:57:51.647,0.00,0.00,0.00,0.00,2,0
2026-06-12 16:57:51.698,0.00,0.00,0.00,0.00,2,0
2026-06-12 16:57:51.748,0.00,0.00,0.00,0.00,2,0
2026-06-12 16:57:51.799,0.00,0.00,0.00,0.00,2,0
2026-06-12 16:57:51.849,0.00,0.00,0.00,0.00,2,0
2026-06-12 16:57:51.904,0.00,0.00,0.00,0.00,2,0
2026-06-12 16:57:51.950,0.00,0.00,0.00,0.00,2,0
2026-06-12 16:57:52.000,0.00,0.00,0.00,0.00,2,0
2026-06-12 16:57:52.051,0.00,0.00,0.00,0.00,2,0
2026-06-12 16:57:52.101,0.00,0.00,0.00,0.00,2,0
2026-06-12 16:57:52.152,0.00,0.00,0.00,0.00,2,0
2026-06-12 16:57:52.202,0.00,0.00,0.00,0.00,2,0
2026-06-12 16:57:52.252,0.00,0.00,0.00,0.00,2,0
2026-06-12 16:57:52.303,0.00,0.00,0.00,0.00,2,0
2026-06-12 16:57:52.353,0.00,0.00,0.00,0.00,2,0
2026-06-12 16:57:52.404,0.00,0.00,0.00,0.00,2,0
2026-06-12 16:57:52.454,0.00,0.00,0.00,0.00,2,0
2026-06-12 16:57:52.504,0.00,0.00,0.00,0.00,2,0
2026-06-12 16:57:52.555,0.00,0.00,0.00,0.00,2,0
2026-06-12 16:57:52.605,0.00,0.00,0.00,0.00,2,0
2026-06-12 16:57:52.656,0.00,0.00,0.00,0.00,2,0
2026-06-12 16:57:52.706,0.00,0.00,0.00,0.00,2,0
2026-06-12 16:57:52.756,0.00,0.00,0.00,0.00,2,0
2026-06-12 16:57:52.807,0.00,0.00,0.00,0.00,2,0
2026-06-12 16:57:52.857,0.00,0.00,0.00,0.00,2,0
2026-06-12 16:57:52.907,0.00,0.00,0.00,0.00,2,0
2026-06-12 16:57:52.958,0.00,0.00,0.00,0.00,2,0
2026-06-12 16:57:53.008,0.00,0.00,0.00,0.00,2,0
2026-06-12 16:57:53.059,0.00,0.00,0.00,0.00,2,0
2026-06-12 16:57:53.109,0.00,0.00,0.00,0.00,2,0
2026-06-12 16:57:53.159,0.00,0.00,0.00,0.00,2,0
2026-06-12 16:57:53.211,0.00,0.00,0.00,0.00,2,0
2026-06-12 16:57:53.260,0.00,0.00,0.00,0.00,2,0
2026-06-12 16:57:53.311,0.00,0.00,0.00,0.00,2,0
2026-06-12 16:57:53.361,0.00,0.00,0.00,0.00,2,0
2026-06-12 16:57:53.413,0.00,0.00,0.00,0.00,2,0
2026-06-12 16:57:53.462,0.00,0.00,0.00,0.00,2,0
2026-06-12 16:57:53.513,0.00,0.00,0.00,0.00,2,0
2026-06-12 16:57:53.563,0.00,0.00,0.00,0.00,2,0
2026-06-12 16:57:53.613,0.00,0.00,0.00,0.00,2,0
2026-06-12 16:57:53.663,0.00,0.00,0.00,0.00,2,0
2026-06-12 16:57:53.714,0.00,0.00,0.00,0.00,2,0
2026-06-12 16:57:53.764,0.00,0.00,0.00,0.00,2,0
2026-06-12 16:57:53.815,0.00,0.00,0.00,0.00,2,0
2026-06-12 16:57:53.865,0.00,0.00,0.00,0.00,2,0
2026-06-12 16:57:53.916,0.00,0.00,0.00,0.00,2,0
2026-06-12 16:57:53.966,0.00,0.00,0.00,0.00,2,0
2026-06-12 16:57:54.016,0.00,0.00,0.00,0.00,2,0
2026-06-12 16:57:54.067,0.00,0.00,0.00,0.00,2,0
2026-06-12 16:57:54.117,0.00,0.00,0.00,0.00,2,0
2026-06-12 16:57:54.168,0.00,0.00,0.00,0.00,2,0
2026-06-12 16:57:54.218,0.00,0.00,0.00,0.00,2,0
2026-06-12 16:57:54.268,0.00,0.00,0.00,0.00,2,0
2026-06-12 16:57:54.319,0.00,0.00,0.00,0.00,2,0
2026-06-12 16:57:54.369,0.00,0.00,0.00,0.00,2,0
2026-06-12 16:57:54.420,0.00,0.00,0.00,0.00,2,0
2026-06-12 16:57:54.471,0.00,0.00,0.00,0.00,2,0
2026-06-12 16:57:54.520,0.00,0.00,0.00,0.00,2,0
2026-06-12 16:57:54.571,0.00,0.00,0.00,0.00,2,0
2026-06-12 16:57:54.621,0.00,0.00,0.00,0.00,2,0
2026-06-12 16:57:54.672,0.00,0.00,0.00,0.00,2,0
2026-06-12 16:57:54.722,0.00,0.00,0.00,0.00,2,0
2026-06-12 16:57:54.772,0.00,0.00,0.00,0.00,2,0
2026-06-12 16:57:54.823,0.00,0.00,0.00,0.00,2,0
2026-06-12 16:57:54.873,0.00,0.00,0.00,0.00,2,0
2026-06-12 16:57:54.924,0.00,0.00,0.00,0.00,2,0
2026-06-12 16:57:54.974,0.00,0.00,0.00,0.00,2,0
2026-06-12 16:57:55.024,0.00,0.00,0.00,0.00,2,0
2026-06-12 16:57:55.075,0.00,0.00,0.00,0.00,2,0
2026-06-12 16:57:55.125,0.00,0.00,0.00,0.00,2,0
2026-06-12 16:57:55.176,0.00,0.00,0.00,0.00,2,0
2026-06-12 16:57:55.226,0.00,0.00,0.00,0.00,2,0
2026-06-12 16:57:55.276,0.00,0.00,0.00,0.00,2,0
2026-06-12 16:57:55.327,0.00,0.00,0.00,0.00,2,0
2026-06-12 16:57:55.377,0.00,0.00,0.00,0.00,2,0
2026-06-12 16:57:55.428,0.00,0.00,0.00,0.00,2,0
2026-06-12 16:57:55.478,0.00,0.00,0.00,0.00,2,0
2026-06-12 16:57:55.528,0.00,0.00,0.00,0.00,2,0
2026-06-12 16:57:55.579,0.00,0.00,0.00,0.00,2,0
2026-06-12 16:57:55.629,0.00,0.00,0.00,0.00,2,0
2026-06-12 16:57:55.680,0.00,0.00,0.00,0.00,2,0
2026-06-12 16:57:55.731,0.00,0.00,0.00,0.00,2,0
2026-06-12 16:57:55.781,0.00,0.00,0.00,0.00,2,0
2026-06-12 16:57:55.831,0.00,0.00,0.00,0.00,2,0
2026-06-12 16:57:55.881,0.00,0.00,0.00,0.00,2,0
2026-06-12 16:57:55.932,0.00,0.00,0.00,0.00,2,0
2026-06-12 16:57:55.982,0.00,0.00,0.00,0.00,2,0
2026-06-12 16:57:56.033,0.00,0.00,0.00,0.00,2,0
2026-06-12 16:57:56.083,0.00,0.00,0.00,0.00,2,0
2026-06-12 16:57:56.134,0.00,0.00,0.00,0.00,2,0
2026-06-12 16:57:56.184,0.00,0.00,0.00,0.00,2,0
2026-06-12 16:57:56.234,0.00,0.00,0.00,0.00,2,0
2026-06-12 16:57:56.284,0.00,0.00,0.00,0.00,2,0
2026-06-12 16:57:56.335,0.00,0.00,0.00,0.00,2,0
2026-06-12 16:57:56.385,0.00,0.00,0.00,0.00,2,0
2026-06-12 16:57:56.436,0.00,0.00,0.00,0.00,2,0
2026-06-12 16:57:56.486,0.00,0.00,0.00,0.00,2,0
2026-06-12 16:57:56.536,0.00,0.00,0.00,0.00,2,0
2026-06-12 16:57:56.587,0.00,0.00,0.00,0.00,2,0
2026-06-12 16:57:56.637,0.00,0.00,0.00,0.00,2,0
2026-06-12 16:57:56.688,0.00,0.00,0.00,0.00,2,0
2026-06-12 16:57:56.738,0.00,0.00,0.00,0.00,2,0
2026-06-12 16:57:56.788,0.00,0.00,0.00,0.00,2,0
2026-06-12 16:57:56.839,0.00,0.00,0.00,0.00,2,0
2026-06-12 16:57:56.889,0.00,0.00,0.00,0.00,2,0
2026-06-12 16:57:56.940,0.00,0.00,0.00,0.00,2,0
2026-06-12 16:57:56.990,0.00,0.00,0.00,0.00,2,0
2026-06-12 16:57:57.041,0.00,0.00,0.00,0.00,2,0
2026-06-12 16:57:57.093,0.00,0.00,0.00,0.00,2,0
2026-06-12 16:57:57.141,0.00,0.00,0.00,0.00,2,0
2026-06-12 16:57:57.192,0.00,0.00,0.00,0.00,2,0
2026-06-12 16:57:57.242,0.00,0.00,0.00,0.00,2,0
2026-06-12 16:57:57.292,0.00,0.00,0.00,0.00,2,0
2026-06-12 16:57:57.343,0.00,0.00,0.00,0.00,2,0
2026-06-12 16:57:57.393,0.00,0.00,0.00,0.00,2,0
2026-06-12 16:57:57.444,0.00,0.00,0.00,0.00,2,0
2026-06-12 16:57:57.494,0.00,0.00,0.00,0.00,2,0
2026-06-12 16:57:57.544,0.00,0.00,0.00,0.00,2,0
2026-06-12 16:57:57.595,0.00,0.00,0.00,0.00,2,0
2026-06-12 16:57:57.645,0.00,0.00,0.00,0.00,2,0
2026-06-12 16:57:57.696,0.00,0.00,0.00,0.00,2,0
2026-06-12 16:57:57.746,0.00,0.00,0.00,0.00,2,0
2026-06-12 16:57:57.797,0.00,0.00,0.00,0.00,2,0
2026-06-12 16:57:57.847,0.00,0.00,0.00,0.00,2,0
2026-06-12 16:57:57.897,0.00,0.00,0.00,0.00,2,0
2026-06-12 16:57:57.949,0.00,0.00,0.00,0.00,2,0
2026-06-12 16:57:57.998,0.00,0.00,0.00,0.00,2,0
2026-06-12 16:57:58.048,0.00,0.00,0.00,0.00,2,0
2026-06-12 16:57:58.099,0.00,0.00,0.00,0.00,2,0
2026-06-12 16:57:58.149,0.00,0.00,0.00,0.00,2,0
2026-06-12 16:57:58.200,0.00,0.00,0.00,0.00,2,0
2026-06-12 16:57:58.250,0.00,0.00,0.00,0.00,2,0
2026-06-12 16:57:58.301,0.00,0.00,0.00,0.00,2,0
2026-06-12 16:57:58.351,0.00,0.00,0.00,0.00,2,0
2026-06-12 16:57:58.401,0.00,0.00,0.00,0.00,2,0
2026-06-12 16:57:58.452,0.00,0.00,0.00,0.00,2,0
2026-06-12 16:57:58.502,0.00,0.00,0.00,0.00,2,0
2026-06-12 16:57:58.552,0.00,0.00,0.00,0.00,2,0
2026-06-12 16:57:58.603,0.00,0.00,0.00,0.00,2,0
2026-06-12 16:57:58.653,0.00,0.00,0.00,0.00,2,0
2026-06-12 16:57:58.704,0.00,0.00,0.00,0.00,2,0
2026-06-12 16:57:58.754,0.00,0.00,0.00,0.00,2,0
2026-06-12 16:57:58.805,0.00,0.00,0.00,0.00,2,0
2026-06-12 16:57:58.855,0.00,0.00,0.00,0.00,2,0
2026-06-12 16:57:58.905,0.00,0.00,0.00,0.00,2,0
2026-06-12 16:57:58.956,0.00,0.00,0.00,0.00,2,0
2026-06-12 16:57:59.006,0.00,0.00,0.00,0.00,2,0
2026-06-12 16:57:59.057,0.00,0.00,0.00,0.00,2,0
2026-06-12 16:57:59.107,0.00,0.00,0.00,0.00,2,0
2026-06-12 16:57:59.157,0.00,0.00,0.00,0.00,2,0
2026-06-12 16:57:59.208,0.00,0.00,0.00,0.00,2,0
2026-06-12 16:57:59.258,0.00,0.00,0.00,0.00,2,0
2026-06-12 16:57:59.309,0.00,0.00,0.00,0.00,2,0
2026-06-12 16:57:59.359,0.00,0.00,0.00,0.00,2,0
2026-06-12 16:57:59.409,0.00,0.00,0.00,0.00,2,0
2026-06-12 16:57:59.461,0.00,0.00,0.00,0.00,2,0
2026-06-12 16:57:59.510,0.00,0.00,0.00,0.00,2,0
2026-06-12 16:57:59.561,0.00,0.00,0.00,0.00,2,0
2026-06-12 16:57:59.611,0.00,0.00,0.00,0.00,2,0
2026-06-12 16:57:59.661,0.00,0.00,0.00,0.00,2,0
2026-06-12 16:57:59.712,0.00,0.00,0.00,0.00,2,0
2026-06-12 16:57:59.762,0.00,0.00,0.00,0.00,2,0
2026-06-12 16:57:59.813,0.00,0.00,0.00,0.00,2,0
2026-06-12 16:57:59.863,0.00,0.00,0.00,0.00,2,0
2026-06-12 16:57:59.913,0.00,0.00,0.00,0.00,2,0
2026-06-12 16:57:59.964,0.00,0.00,0.00,0.00,2,0
2026-06-12 16:58:00.017,0.00,0.00,0.00,0.00,2,0
2026-06-12 16:58:00.065,0.00,0.00,0.00,0.00,2,0
2026-06-12 16:58:00.115,0.00,0.00,0.00,0.00,2,0
2026-06-12 16:58:00.165,0.00,0.00,0.00,0.00,2,0
2026-06-12 16:58:00.216,0.00,0.00,0.00,0.00,2,0
2026-06-12 16:58:00.268,0.00,0.00,0.00,0.00,2,0
2026-06-12 16:58:00.317,0.00,0.00,0.00,0.00,2,0
2026-06-12 16:58:00.367,0.00,0.00,0.00,0.00,2,0
2026-06-12 16:58:00.418,0.00,0.00,0.00,0.00,2,0
2026-06-12 16:58:00.468,0.00,0.00,0.00,0.00,2,0
2026-06-12 16:58:00.518,0.00,0.00,0.00,0.00,2,0
2026-06-12 16:58:00.569,0.00,0.00,0.00,0.00,2,0
2026-06-12 16:58:00.619,0.00,0.00,0.00,0.00,2,0
2026-06-12 16:58:00.670,0.00,0.00,0.00,0.00,2,0
2026-06-12 16:58:00.721,0.00,0.00,0.00,0.00,2,0
2026-06-12 16:58:00.771,0.00,0.00,0.00,0.00,2,0
2026-06-12 16:58:00.821,0.00,0.00,0.00,0.00,2,0
2026-06-12 16:58:00.871,0.00,0.00,0.00,0.00,2,0
2026-06-12 16:58:00.921,0.00,0.00,0.00,0.00,2,0
2026-06-12 16:58:00.972,0.00,0.00,0.00,0.00,2,0
2026-06-12 16:58:01.022,0.00,0.00,0.00,0.00,2,0
2026-06-12 16:58:01.073,0.00,0.00,0.00,0.00,2,0
2026-06-12 16:58:01.123,0.00,0.00,0.00,0.00,2,0
2026-06-12 16:58:01.173,0.00,0.00,0.00,0.00,2,0
2026-06-12 16:58:01.224,0.00,0.00,0.00,0.00,2,0
2026-06-12 16:58:01.275,0.00,0.00,0.00,0.00,2,0
2026-06-12 16:58:01.325,0.00,0.00,0.00,0.00,2,0
2026-06-12 16:58:01.375,0.00,0.00,0.00,0.00,2,0
2026-06-12 16:58:01.425,0.00,0.00,0.00,0.00,2,0
2026-06-12 16:58:01.476,0.00,0.00,0.00,0.00,2,0
2026-06-12 16:58:01.526,0.00,0.00,0.00,0.00,2,0
2026-06-12 16:58:01.577,0.00,0.00,0.00,0.00,2,0
2026-06-12 16:58:01.627,0.00,0.00,0.00,0.00,2,0
2026-06-12 16:58:01.677,0.00,0.00,0.00,0.00,2,0
2026-06-12 16:58:01.728,0.00,0.00,0.00,0.00,2,0
2026-06-12 16:58:01.778,0.00,0.00,0.00,0.00,2,0
2026-06-12 16:58:01.829,0.00,0.00,0.00,0.00,2,0
2026-06-12 16:58:01.879,0.00,0.00,0.00,0.00,2,0
2026-06-12 16:58:01.930,0.00,0.00,0.00,0.00,2,0
2026-06-12 16:58:01.980,0.00,0.00,0.00,0.00,2,0
2026-06-12 16:58:02.031,0.00,0.00,0.00,0.00,2,0
2026-06-12 16:58:02.081,0.00,0.00,0.00,0.00,2,0
2026-06-12 16:58:02.131,0.00,0.00,0.00,0.00,2,0
2026-06-12 16:58:02.182,0.00,0.00,0.00,0.00,2,0
2026-06-12 16:58:02.232,0.00,0.00,0.00,0.00,2,0
2026-06-12 16:58:02.282,0.00,0.00,0.00,0.00,2,0
2026-06-12 16:58:02.333,0.00,0.00,0.00,0.00,2,0
2026-06-12 16:58:02.383,0.00,0.00,0.00,0.00,2,0
2026-06-12 16:58:02.433,0.00,0.00,0.00,0.00,2,0
2026-06-12 16:58:02.485,0.00,0.00,0.00,0.00,2,0
2026-06-12 16:58:02.534,0.00,0.00,0.00,0.00,2,0
2026-06-12 16:58:02.585,0.00,0.00,0.00,0.00,2,0
2026-06-12 16:58:02.635,0.00,0.00,0.00,0.00,2,0
2026-06-12 16:58:02.685,0.00,0.00,0.00,0.00,2,0
2026-06-12 16:58:02.736,0.00,0.00,0.00,0.00,2,0
2026-06-12 16:58:02.786,0.00,0.00,0.00,0.00,2,0
2026-06-12 16:58:02.837,0.00,0.00,0.00,0.00,2,0
2026-06-12 16:58:02.887,0.00,0.00,0.00,0.00,2,0
2026-06-12 16:58:02.938,0.00,0.00,0.00,0.00,2,0
2026-06-12 16:58:02.988,0.00,0.00,0.00,0.00,2,0
2026-06-12 16:58:03.038,0.00,0.00,0.00,0.00,2,0
2026-06-12 16:58:03.089,0.00,0.00,0.00,0.00,2,0
2026-06-12 16:58:03.139,0.00,0.00,0.00,0.00,2,0
2026-06-12 16:58:03.190,0.00,0.00,0.00,0.00,2,0
2026-06-12 16:58:03.240,0.00,0.00,0.00,0.00,2,0
2026-06-12 16:58:03.290,0.00,0.00,0.00,0.00,2,0
2026-06-12 16:58:03.342,0.00,0.00,0.00,0.00,2,0
2026-06-12 16:58:03.391,0.00,0.00,0.00,0.00,2,0
2026-06-12 16:58:03.442,0.00,0.00,0.00,0.00,2,0
2026-06-12 16:58:03.492,0.00,0.00,0.00,0.00,2,0
2026-06-12 16:58:03.542,0.00,0.00,0.00,0.00,2,0
2026-06-12 16:58:03.593,0.00,0.00,0.00,0.00,2,0
2026-06-12 16:58:03.643,0.00,0.00,0.00,0.00,2,0
2026-06-12 16:58:03.693,0.00,0.00,0.00,0.00,2,0
2026-06-12 16:58:03.744,0.00,0.00,0.00,0.00,2,0
2026-06-12 16:58:03.794,0.00,0.00,0.00,0.00,2,0
2026-06-12 16:58:03.845,0.00,0.00,0.00,0.00,2,0
2026-06-12 16:58:03.895,0.00,0.00,0.00,0.00,2,0
2026-06-12 16:58:03.946,0.00,0.00,0.00,0.00,2,0
2026-06-12 16:58:03.996,0.00,0.00,0.00,0.00,2,0
2026-06-12 16:58:04.046,0.00,0.00,0.00,0.00,2,0
2026-06-12 16:58:04.097,0.00,0.00,0.00,0.00,2,0
2026-06-12 16:58:04.147,0.00,0.00,0.00,0.00,2,0
2026-06-12 16:58:04.198,0.00,0.00,0.00,0.00,2,0
2026-06-12 16:58:04.248,0.00,0.00,0.00,0.00,2,0
2026-06-12 16:58:04.298,0.00,0.00,0.00,0.00,2,0
2026-06-12 16:58:04.349,0.00,0.00,0.00,0.00,2,0
2026-06-12 16:58:04.399,0.00,0.00,0.00,0.00,2,0
2026-06-12 16:58:04.450,0.00,0.00,0.00,0.00,2,0
2026-06-12 16:58:04.500,0.00,0.00,0.00,0.00,2,0
2026-06-12 16:58:04.551,0.00,0.00,0.00,0.00,2,0
2026-06-12 16:58:04.601,0.00,0.00,0.00,0.00,2,0
2026-06-12 16:58:04.651,0.00,0.00,0.00,0.00,2,0
2026-06-12 16:58:04.702,0.00,0.00,0.00,0.00,2,0
2026-06-12 16:58:04.752,0.00,0.00,0.00,0.00,2,0
2026-06-12 16:58:04.802,0.00,0.00,0.00,0.00,2,0
2026-06-12 16:58:04.853,0.00,0.00,0.00,0.00,2,0
2026-06-12 16:58:04.903,0.00,0.00,0.00,0.00,2,0
2026-06-12 16:58:04.954,0.00,0.00,0.00,0.00,2,0
2026-06-12 16:58:05.004,0.00,0.00,0.00,0.00,2,0
2026-06-12 16:58:05.054,0.00,0.00,0.00,0.00,2,0
2026-06-12 16:58:05.105,0.00,0.00,0.00,0.00,2,0
2026-06-12 16:58:05.155,0.00,0.00,0.00,0.00,2,0
2026-06-12 16:58:05.206,0.00,0.00,0.00,0.00,2,0
2026-06-12 16:58:05.256,0.00,0.00,0.00,0.00,2,0
2026-06-12 16:58:05.306,0.00,0.00,0.00,0.00,2,0
2026-06-12 16:58:05.357,0.00,0.00,0.00,0.00,2,0
2026-06-12 16:58:05.407,0.00,0.00,0.00,0.00,2,0
2026-06-12 16:58:05.458,0.00,0.00,0.00,0.00,2,0
2026-06-12 16:58:05.508,0.00,0.00,0.00,0.00,2,0
2026-06-12 16:58:05.559,0.00,0.00,0.00,0.00,2,0
2026-06-12 16:58:05.609,0.00,0.00,0.00,0.00,2,0
2026-06-12 16:58:05.659,0.00,0.00,0.00,0.00,2,0
2026-06-12 16:58:05.710,0.00,0.00,0.00,0.00,2,0
2026-06-12 16:58:05.760,0.00,0.00,0.00,0.00,2,0
2026-06-12 16:58:05.812,0.00,0.00,0.00,0.00,2,0
2026-06-12 16:58:05.861,0.00,0.00,0.00,0.00,2,0
2026-06-12 16:58:05.911,0.00,0.00,0.00,0.00,2,0
2026-06-12 16:58:05.961,0.00,0.00,0.00,0.00,2,0
2026-06-12 16:58:06.013,0.00,0.00,0.00,0.00,2,0
2026-06-12 16:58:06.063,0.00,0.00,0.00,0.00,2,0
2026-06-12 16:58:06.113,0.00,0.00,0.00,0.00,2,0
2026-06-12 16:58:06.163,0.00,0.00,0.00,0.00,2,0
2026-06-12 16:58:06.214,0.00,0.00,0.00,0.00,2,0
2026-06-12 16:58:06.264,0.00,0.00,0.00,0.00,2,0
2026-06-12 16:58:06.314,0.00,0.00,0.00,0.00,2,0
2026-06-12 16:58:06.365,0.00,0.00,0.00,0.00,2,0
2026-06-12 16:58:06.415,0.00,0.00,0.00,0.00,2,0
2026-06-12 16:58:06.466,0.00,0.00,0.00,0.00,2,0
2026-06-12 16:58:06.516,0.00,0.00,0.00,0.00,2,0
2026-06-12 16:58:06.566,0.00,0.00,0.00,0.00,2,0
2026-06-12 16:58:06.617,0.00,0.00,0.00,0.00,2,0
2026-06-12 16:58:06.668,0.00,0.00,0.00,0.00,2,0
2026-06-12 16:58:06.718,0.00,0.00,0.00,0.00,2,0
2026-06-12 16:58:06.768,0.00,0.00,0.00,0.00,2,0
2026-06-12 16:58:06.818,0.00,0.00,0.00,0.00,2,0
2026-06-12 16:58:06.869,0.00,0.00,0.00,0.00,2,0
2026-06-12 16:58:06.919,0.00,0.00,0.00,0.00,2,0
2026-06-12 16:58:06.970,0.00,0.00,0.00,0.00,2,0
2026-06-12 16:58:07.020,0.00,0.00,0.00,0.00,2,0
2026-06-12 16:58:07.071,0.00,0.00,0.00,0.00,2,0
2026-06-12 16:58:07.122,0.00,0.00,0.00,0.00,2,0
2026-06-12 16:58:07.176,0.00,0.00,0.00,0.00,2,0
2026-06-12 16:58:07.222,0.00,0.00,0.00,0.00,2,0
2026-06-12 16:58:07.272,0.00,0.00,0.00,0.00,2,0
2026-06-12 16:58:07.322,0.00,0.00,0.00,0.00,2,0
2026-06-12 16:58:07.373,0.00,0.00,0.00,0.00,2,0
2026-06-12 16:58:07.423,0.00,0.00,0.00,0.00,2,0
2026-06-12 16:58:07.474,0.00,0.00,0.00,0.00,2,0
2026-06-12 16:58:07.524,0.00,0.00,0.00,0.00,2,0
2026-06-12 16:58:07.574,0.00,0.00,0.00,0.00,2,0
2026-06-12 16:58:07.625,0.00,0.00,0.00,0.00,2,0
2026-06-12 16:58:07.675,0.00,0.00,0.00,0.00,2,0
2026-06-12 16:58:07.726,0.00,0.00,0.00,0.00,2,0
2026-06-12 16:58:07.776,0.00,0.00,0.00,0.00,2,0
2026-06-12 16:58:07.826,0.00,0.00,0.00,0.00,2,0
2026-06-12 16:58:07.877,0.00,0.00,0.00,0.00,2,0
2026-06-12 16:58:07.927,0.00,0.00,0.00,0.00,2,0
2026-06-12 16:58:07.978,0.00,0.00,0.00,0.00,2,0
2026-06-12 16:58:08.028,0.00,0.00,0.00,0.00,2,0
2026-06-12 16:58:08.078,0.00,0.00,0.00,0.00,2,0
2026-06-12 16:58:08.129,0.00,0.00,0.00,0.00,2,0
2026-06-12 16:58:08.179,0.00,0.00,0.00,0.00,2,0
2026-06-12 16:58:08.232,0.00,0.00,0.00,0.00,2,0
2026-06-12 16:58:08.281,0.00,0.00,0.00,0.00,2,0
2026-06-12 16:58:08.331,0.00,0.00,0.00,0.00,2,0
2026-06-12 16:58:08.381,0.00,0.00,0.00,0.00,2,0
2026-06-12 16:58:08.432,0.00,0.00,0.00,0.00,2,0
2026-06-12 16:58:08.483,0.00,0.00,0.00,0.00,2,0
2026-06-12 16:58:08.532,0.00,0.00,0.00,0.00,2,0
2026-06-12 16:58:08.583,0.00,0.00,0.00,0.00,2,0
2026-06-12 16:58:08.634,0.00,0.00,0.00,0.00,2,0
2026-06-12 16:58:08.683,0.00,0.00,0.00,0.00,2,0
2026-06-12 16:58:08.734,0.00,0.00,0.00,0.00,2,0
2026-06-12 16:58:08.784,0.00,0.00,0.00,0.00,2,0
2026-06-12 16:58:08.834,0.00,0.00,0.00,0.00,2,0
2026-06-12 16:58:08.885,0.00,0.00,0.00,0.00,2,0
2026-06-12 16:58:08.935,0.00,0.00,0.00,0.00,2,0
2026-06-12 16:58:08.988,0.00,0.00,0.00,0.00,2,0
2026-06-12 16:58:09.036,0.00,0.00,0.00,0.00,2,0
2026-06-12 16:58:09.086,0.00,0.00,0.00,0.00,2,0
2026-06-12 16:58:09.137,0.00,0.00,0.00,0.00,2,0
2026-06-12 16:58:09.187,0.00,0.00,0.00,0.00,2,0
2026-06-12 16:58:09.238,0.00,0.00,0.00,0.00,2,0
2026-06-12 16:58:09.288,0.00,0.00,0.00,0.00,2,0
2026-06-12 16:58:09.339,0.00,0.00,0.00,0.00,2,0
2026-06-12 16:58:09.389,0.00,0.00,0.00,0.00,2,0
2026-06-12 16:58:09.439,0.00,0.00,0.00,0.00,2,0
2026-06-12 16:58:09.490,0.00,0.00,0.00,0.00,2,0
2026-06-12 16:58:09.541,0.00,0.00,0.00,0.00,2,0
2026-06-12 16:58:09.590,0.00,0.00,0.00,0.00,2,0
2026-06-12 16:58:09.641,0.00,0.00,0.00,0.00,2,0
2026-06-12 16:58:09.691,0.00,0.00,0.00,0.00,2,0
2026-06-12 16:58:09.742,0.00,0.00,0.00,0.00,2,0
2026-06-12 16:58:09.792,0.00,0.00,0.00,0.00,2,0
2026-06-12 16:58:09.843,0.00,0.00,0.00,0.00,2,0
2026-06-12 16:58:09.893,0.00,0.00,0.00,0.00,2,0
2026-06-12 16:58:09.943,0.00,0.00,0.00,0.00,2,0
2026-06-12 16:58:09.994,0.00,0.00,0.00,0.00,2,0
2026-06-12 16:58:10.044,0.00,0.00,0.00,0.00,2,0
2026-06-12 16:58:10.095,0.00,0.00,0.00,0.00,2,0
2026-06-12 16:58:10.145,0.00,0.00,0.00,0.00,2,0
2026-06-12 16:58:10.195,0.00,0.00,0.00,0.00,2,0
2026-06-12 16:58:10.246,0.00,0.00,0.00,0.00,2,0
2026-06-12 16:58:10.296,0.00,0.00,0.00,0.00,2,0
2026-06-12 16:58:10.346,0.00,0.00,0.00,0.00,2,0
2026-06-12 16:58:10.397,0.00,0.00,0.00,0.00,2,0
2026-06-12 16:58:10.447,0.00,0.00,0.00,0.00,2,0
2026-06-12 16:58:10.498,0.00,0.00,0.00,0.00,2,0
2026-06-12 16:58:10.548,0.00,0.00,0.00,0.00,2,0
2026-06-12 16:58:10.599,0.00,0.00,0.00,0.00,2,0
2026-06-12 16:58:10.649,0.00,0.00,0.00,0.00,2,0
2026-06-12 16:58:10.699,0.00,0.00,0.00,0.00,2,0
2026-06-12 16:58:10.750,0.00,0.00,0.00,0.00,2,0
2026-06-12 16:58:10.801,0.00,0.00,0.00,0.00,2,0
2026-06-12 16:58:10.851,0.00,0.00,0.00,0.00,2,0
2026-06-12 16:58:10.901,0.00,0.00,0.00,0.00,2,0
2026-06-12 16:58:10.951,0.00,0.00,0.00,0.00,2,0
2026-06-12 16:58:11.002,0.00,0.00,0.00,0.00,2,0
2026-06-12 16:58:11.052,0.00,0.00,0.00,0.00,2,0
2026-06-12 16:58:11.102,0.00,0.00,0.00,0.00,2,0
2026-06-12 16:58:11.153,0.00,0.00,0.00,0.00,2,0
2026-06-12 16:58:11.203,0.00,0.00,0.00,0.00,2,0
2026-06-12 16:58:11.254,0.00,0.00,0.00,0.00,2,0
2026-06-12 16:58:11.304,0.00,0.00,0.00,0.00,2,0
2026-06-12 16:58:11.354,0.00,0.00,0.00,0.00,2,0
2026-06-12 16:58:11.405,0.00,0.00,0.00,0.00,2,0
2026-06-12 16:58:11.455,0.00,0.00,0.00,0.00,2,0
2026-06-12 16:58:11.506,0.00,0.00,0.00,0.00,2,0
2026-06-12 16:58:11.556,0.00,0.00,0.00,0.00,2,0
2026-06-12 16:58:11.607,0.00,0.00,0.00,0.00,2,0
2026-06-12 16:58:11.657,0.00,0.00,0.00,0.00,2,0
2026-06-12 16:58:11.707,0.00,0.00,0.00,0.00,2,0
2026-06-12 16:58:11.758,0.00,0.00,0.00,0.00,2,0
2026-06-12 16:58:11.808,0.00,0.00,0.00,0.00,2,0
2026-06-12 16:58:11.859,0.00,0.00,0.00,0.00,2,0
2026-06-12 16:58:11.909,0.00,0.00,0.00,0.00,2,0
2026-06-12 16:58:11.959,0.00,0.00,0.00,0.00,2,0
2026-06-12 16:58:12.011,0.00,0.00,0.00,0.00,2,0
2026-06-12 16:58:12.061,0.00,0.00,0.00,0.00,2,0
2026-06-12 16:58:12.111,0.00,0.00,0.00,0.00,2,0
2026-06-12 16:58:12.161,0.00,0.00,0.00,0.00,2,0
2026-06-12 16:58:12.212,0.00,0.00,0.00,0.00,2,0
2026-06-12 16:58:12.262,0.00,0.00,0.00,0.00,2,0
2026-06-12 16:58:12.313,0.00,0.00,0.00,0.00,2,0
2026-06-12 16:58:12.363,0.00,0.00,0.00,0.00,2,0
2026-06-12 16:58:12.413,0.00,0.00,0.00,0.00,2,0
2026-06-12 16:58:12.463,0.00,0.00,0.00,0.00,2,0
2026-06-12 16:58:12.514,0.00,0.00,0.00,0.00,2,0
2026-06-12 16:58:12.564,0.00,0.00,0.00,0.00,2,0
2026-06-12 16:58:12.615,0.00,0.00,0.00,0.00,2,0
2026-06-12 16:58:12.665,0.00,0.00,0.00,0.00,2,0
2026-06-12 16:58:12.715,0.00,0.00,0.00,0.00,2,0
2026-06-12 16:58:12.766,0.00,0.00,0.00,0.00,2,0
2026-06-12 16:58:12.816,0.00,0.00,0.00,0.00,2,0
2026-06-12 16:58:12.867,0.00,0.00,0.00,0.00,2,0
2026-06-12 16:58:12.917,0.00,0.00,0.00,0.00,2,0
2026-06-12 16:58:12.968,0.00,0.00,0.00,0.00,2,0
2026-06-12 16:58:13.018,0.00,0.00,0.00,0.00,2,0
2026-06-12 16:58:13.068,0.00,0.00,0.00,0.00,2,0
2026-06-12 16:58:13.119,0.00,0.00,0.00,0.00,2,0
2026-06-12 16:58:13.169,0.00,0.00,0.00,0.00,2,0
2026-06-12 16:58:13.220,0.00,0.00,0.00,0.00,2,0
2026-06-12 16:58:13.271,0.00,0.00,0.00,0.00,2,0
2026-06-12 16:58:13.321,0.00,0.00,0.00,0.00,2,0
2026-06-12 16:58:13.371,0.00,0.00,0.00,0.00,2,0
2026-06-12 16:58:13.421,0.00,0.00,0.00,0.00,2,0
2026-06-12 16:58:13.471,0.00,0.00,0.00,0.00,2,0
2026-06-12 16:58:13.522,0.00,0.00,0.00,0.00,2,0
2026-06-12 16:58:13.572,0.00,0.00,0.00,0.00,2,0
2026-06-12 16:58:13.623,0.00,0.00,0.00,0.00,2,0
2026-06-12 16:58:13.673,0.00,0.00,0.00,0.00,2,0
2026-06-12 16:58:13.723,0.00,0.00,0.00,0.00,2,0
2026-06-12 16:58:13.774,0.00,0.00,0.00,0.00,2,0
2026-06-12 16:58:13.824,0.00,0.00,0.00,0.00,2,0
2026-06-12 16:58:13.875,0.00,0.00,0.00,0.00,2,0
2026-06-12 16:58:13.925,0.00,0.00,0.00,0.00,2,0
2026-06-12 16:58:13.975,0.00,0.00,0.00,0.00,2,0
2026-06-12 16:58:14.026,0.00,0.00,0.00,0.00,2,0
2026-06-12 16:58:14.076,0.00,0.00,0.00,0.00,2,0
2026-06-12 16:58:14.127,0.00,0.00,0.00,0.00,2,0
2026-06-12 16:58:14.177,0.00,0.00,0.00,0.00,2,0
2026-06-12 16:58:14.228,0.00,0.00,0.00,0.00,2,0
2026-06-12 16:58:14.278,0.00,0.00,0.00,0.00,2,0
2026-06-12 16:58:14.328,0.00,0.00,0.00,0.00,2,0
2026-06-12 16:58:14.379,0.00,0.00,0.00,0.00,2,0
2026-06-12 16:58:14.429,0.00,0.00,0.00,0.00,2,0
2026-06-12 16:58:14.479,0.00,0.00,0.00,0.00,2,0
2026-06-12 16:58:14.531,0.00,0.00,0.00,0.00,2,0
2026-06-12 16:58:14.581,0.00,0.00,0.00,0.00,2,0
2026-06-12 16:58:14.631,0.00,0.00,0.00,0.00,2,0
2026-06-12 16:58:14.681,0.00,0.00,0.00,0.00,2,0
2026-06-12 16:58:14.731,0.00,0.00,0.00,0.00,2,0
2026-06-12 16:58:14.782,0.00,0.00,0.00,0.00,2,0
2026-06-12 16:58:14.832,0.00,0.00,0.00,0.00,2,0
2026-06-12 16:58:14.883,0.00,0.00,0.00,0.00,2,0
2026-06-12 16:58:14.933,0.00,0.00,0.00,0.00,2,0
2026-06-12 16:58:14.983,0.00,0.00,0.00,0.00,2,0
2026-06-12 16:58:15.034,0.00,0.00,0.00,0.00,2,0
2026-06-12 16:58:15.084,0.00,0.00,0.00,0.00,2,0
2026-06-12 16:58:15.135,0.00,0.00,0.00,0.00,2,0
2026-06-12 16:58:15.186,0.00,0.00,0.00,0.00,2,0
2026-06-12 16:58:15.236,0.00,0.00,0.00,0.00,2,0
2026-06-12 16:58:15.286,0.00,0.00,0.00,0.00,2,0
2026-06-12 16:58:15.336,0.00,0.00,0.00,0.00,2,0
2026-06-12 16:58:15.387,0.00,0.00,0.00,0.00,2,0
2026-06-12 16:58:15.437,0.00,0.00,0.00,0.00,2,0
2026-06-12 16:58:15.488,0.00,0.00,0.00,0.00,2,0
2026-06-12 16:58:15.538,0.00,0.00,0.00,0.00,2,0
2026-06-12 16:58:15.588,0.00,0.00,0.00,0.00,2,0
2026-06-12 16:58:15.639,0.00,0.00,0.00,0.00,2,0
2026-06-12 16:58:15.689,0.00,0.00,0.00,0.00,2,0
2026-06-12 16:58:15.739,0.00,0.00,0.00,0.00,2,0
2026-06-12 16:58:15.791,0.00,0.00,0.00,0.00,2,0
2026-06-12 16:58:15.841,0.00,0.00,0.00,0.00,2,0
2026-06-12 16:58:15.891,0.00,0.00,0.00,0.00,2,0
2026-06-12 16:58:15.942,0.00,0.00,0.00,0.00,2,0
2026-06-12 16:58:15.991,0.00,0.00,0.00,0.00,2,0
2026-06-12 16:58:16.042,0.00,0.00,0.00,0.00,2,0
2026-06-12 16:58:16.092,0.00,0.00,0.00,0.00,2,0
2026-06-12 16:58:16.143,0.00,0.00,0.00,0.00,2,0
2026-06-12 16:58:16.193,0.00,0.00,0.00,0.00,2,0
2026-06-12 16:58:16.244,0.00,0.00,0.00,0.00,2,0
2026-06-12 16:58:16.294,0.00,0.00,0.00,0.00,2,0
2026-06-12 16:58:16.344,0.00,0.00,0.00,0.00,2,0
2026-06-12 16:58:16.395,0.00,0.00,0.00,0.00,2,0
2026-06-12 16:58:16.445,0.00,0.00,0.00,0.00,2,0
2026-06-12 16:58:16.496,0.00,0.00,0.00,0.00,2,0
2026-06-12 16:58:16.546,0.00,0.00,0.00,0.00,2,0
2026-06-12 16:58:16.596,0.00,0.00,0.00,0.00,2,0
2026-06-12 16:58:16.647,0.00,0.00,0.00,0.00,2,0
2026-06-12 16:58:16.697,0.00,0.00,0.00,0.00,2,0
2026-06-12 16:58:16.748,0.00,0.00,0.00,0.00,2,0
2026-06-12 16:58:16.798,0.00,0.00,0.00,0.00,2,0
2026-06-12 16:58:16.848,0.00,0.00,0.00,0.00,2,0
2026-06-12 16:58:16.899,0.00,0.00,0.00,0.00,2,0
2026-06-12 16:58:16.949,0.00,0.00,0.00,0.00,2,0
2026-06-12 16:58:17.001,0.00,0.00,0.00,0.00,2,0
2026-06-12 16:58:17.050,0.00,0.00,0.00,0.00,2,0
2026-06-12 16:58:17.101,0.00,0.00,0.00,0.00,2,0
2026-06-12 16:58:17.151,0.00,0.00,0.00,0.00,2,0
2026-06-12 16:58:17.201,0.00,0.00,0.00,0.00,2,0
2026-06-12 16:58:17.252,0.00,0.00,0.00,0.00,2,0
2026-06-12 16:58:17.302,0.00,0.00,0.00,0.00,2,0
2026-06-12 16:58:17.352,0.00,0.00,0.00,0.00,2,0
2026-06-12 16:58:17.403,0.00,0.00,0.00,0.00,2,0
2026-06-12 16:58:17.453,0.00,0.00,0.00,0.00,2,0
2026-06-12 16:58:17.504,0.00,0.00,0.00,0.00,2,0
2026-06-12 16:58:17.554,0.00,0.00,0.00,0.00,2,0
2026-06-12 16:58:17.604,0.00,0.00,0.00,0.00,2,0
2026-06-12 16:58:17.655,0.00,0.00,0.00,0.00,2,0
2026-06-12 16:58:17.705,0.00,0.00,0.00,0.00,2,0
2026-06-12 16:58:17.756,0.00,0.00,0.00,0.00,2,0
2026-06-12 16:58:17.806,0.00,0.00,0.00,0.00,2,0
2026-06-12 16:58:17.856,0.00,0.00,0.00,0.00,2,0
2026-06-12 16:58:17.907,0.00,0.00,0.00,0.00,2,0
2026-06-12 16:58:17.957,0.00,0.00,0.00,0.00,2,0
2026-06-12 16:58:18.008,0.00,0.00,0.00,0.00,2,0
2026-06-12 16:58:18.058,0.00,0.00,0.00,0.00,2,0
2026-06-12 16:58:18.108,0.00,0.00,0.00,0.00,2,0
2026-06-12 16:58:18.159,0.00,0.00,0.00,0.00,2,0
2026-06-12 16:58:18.209,0.00,0.00,0.00,0.00,2,0
2026-06-12 16:58:18.260,0.00,0.00,0.00,0.00,2,0
2026-06-12 16:58:18.311,0.00,0.00,0.00,0.00,2,0
2026-06-12 16:58:18.361,0.00,0.00,0.00,0.00,2,0
2026-06-12 16:58:18.412,0.00,0.00,0.00,0.00,2,0
2026-06-12 16:58:18.461,0.00,0.00,0.00,0.00,2,0
2026-06-12 16:58:18.513,0.00,0.00,0.00,0.00,2,0
2026-06-12 16:58:18.562,0.00,0.00,0.00,0.00,2,0
2026-06-12 16:58:18.613,0.00,0.00,0.00,0.00,2,0
2026-06-12 16:58:18.663,0.00,0.00,0.00,0.00,2,0
2026-06-12 16:58:18.713,0.00,0.00,0.00,0.00,2,0
2026-06-12 16:58:18.764,0.00,0.00,0.00,0.00,2,0
2026-06-12 16:58:18.814,0.00,0.00,0.00,0.00,2,0
2026-06-12 16:58:18.864,0.00,0.00,0.00,0.00,2,0
2026-06-12 16:58:18.915,0.00,0.00,0.00,0.00,2,0
2026-06-12 16:58:18.965,0.00,0.00,0.00,0.00,2,0
2026-06-12 16:58:19.016,0.00,0.00,0.00,0.00,2,0
2026-06-12 16:58:19.066,0.00,0.00,0.00,0.00,2,0
2026-06-12 16:58:19.117,0.00,0.00,0.00,0.00,2,0
2026-06-12 16:58:19.167,0.00,0.00,0.00,0.00,2,0
2026-06-12 16:58:19.217,0.00,0.00,0.00,0.00,2,0
2026-06-12 16:58:19.268,0.00,0.00,0.00,0.00,2,0
2026-06-12 16:58:19.318,0.00,0.00,0.00,0.00,2,0
2026-06-12 16:58:19.368,0.00,0.00,0.00,0.00,2,0
2026-06-12 16:58:19.419,0.00,0.00,0.00,0.00,2,0
2026-06-12 16:58:19.469,0.00,0.00,0.00,0.00,2,0
2026-06-12 16:58:19.520,0.00,0.00,0.00,0.00,2,0
2026-06-12 16:58:19.571,0.00,0.00,0.00,0.00,2,0
2026-06-12 16:58:19.621,0.00,0.00,0.00,0.00,2,0
2026-06-12 16:58:19.671,0.00,0.00,0.00,0.00,2,0
2026-06-12 16:58:19.721,0.00,0.00,0.00,0.00,2,0
2026-06-12 16:58:19.772,0.00,0.00,0.00,0.00,2,0
2026-06-12 16:58:19.822,0.00,0.00,0.00,0.00,2,0
2026-06-12 16:58:19.872,0.00,0.00,0.00,0.00,2,0
2026-06-12 16:58:19.923,0.00,0.00,0.00,0.00,2,0
2026-06-12 16:58:19.973,0.00,0.00,0.00,0.00,2,0
2026-06-12 16:58:20.024,0.00,0.00,0.00,0.00,2,0
2026-06-12 16:58:20.074,0.00,0.00,0.00,0.00,2,0
2026-06-12 16:58:20.125,0.00,0.00,0.00,0.00,2,0
2026-06-12 16:58:20.175,0.00,0.00,0.00,0.00,2,0
2026-06-12 16:58:20.226,0.00,0.00,0.00,0.00,2,0
2026-06-12 16:58:20.276,0.00,0.00,0.00,0.00,2,0
2026-06-12 16:58:20.326,0.00,0.00,0.00,0.00,2,0
2026-06-12 16:58:20.377,0.00,0.00,0.00,0.00,2,0
2026-06-12 16:58:20.427,0.00,0.00,0.00,0.00,2,0
2026-06-12 16:58:20.477,0.00,0.00,0.00,0.00,2,0
2026-06-12 16:58:20.528,0.00,0.00,0.00,0.00,2,0
2026-06-12 16:58:20.578,0.00,0.00,0.00,0.00,2,0
2026-06-12 16:58:20.628,0.00,0.00,0.00,0.00,2,0
2026-06-12 16:58:20.679,0.00,0.00,0.00,0.00,2,0
2026-06-12 16:58:20.731,0.00,0.00,0.00,0.00,2,0
2026-06-12 16:58:20.780,0.00,0.00,0.00,0.00,2,0
2026-06-12 16:58:20.831,0.00,0.00,0.00,0.00,2,0
2026-06-12 16:58:20.880,0.00,0.00,0.00,0.00,2,0
2026-06-12 16:58:20.931,0.00,0.00,0.00,0.00,2,0
2026-06-12 16:58:20.981,0.00,0.00,0.00,0.00,2,0
2026-06-12 16:58:21.032,0.00,0.00,0.00,0.00,2,0
2026-06-12 16:58:21.082,0.00,0.00,0.00,0.00,2,0
2026-06-12 16:58:21.132,0.00,0.00,0.00,0.00,2,0
2026-06-12 16:58:21.183,0.00,0.00,0.00,0.00,2,0
2026-06-12 16:58:21.233,0.00,0.00,0.00,0.00,2,0
2026-06-12 16:58:21.284,0.00,0.00,0.00,0.00,2,0
2026-06-12 16:58:21.334,0.00,0.00,0.00,0.00,2,0
2026-06-12 16:58:21.384,0.00,0.00,0.00,0.00,2,0
2026-06-12 16:58:21.435,0.00,0.00,0.00,0.00,2,0
2026-06-12 16:58:21.485,0.00,0.00,0.00,0.00,2,0
2026-06-12 16:58:21.536,0.00,0.00,0.00,0.00,2,0
2026-06-12 16:58:21.586,0.00,0.00,0.00,0.00,2,0
2026-06-12 16:58:21.636,0.00,0.00,0.00,0.00,2,0
2026-06-12 16:58:21.687,0.00,0.00,0.00,0.00,2,0
2026-06-12 16:58:21.737,0.00,0.00,0.00,0.00,2,0
2026-06-12 16:58:21.788,0.00,0.00,0.00,0.00,2,0
2026-06-12 16:58:21.838,0.00,0.00,0.00,0.00,2,0
2026-06-12 16:58:21.888,0.00,0.00,0.00,0.00,2,0
2026-06-12 16:58:21.939,0.00,0.00,0.00,0.00,2,0
2026-06-12 16:58:21.989,0.00,0.00,0.00,0.00,2,0
2026-06-12 16:58:22.040,0.00,0.00,0.00,0.00,2,0
2026-06-12 16:58:22.090,0.00,0.00,0.00,0.00,2,0
2026-06-12 16:58:22.141,0.00,0.00,0.00,0.00,2,0
2026-06-12 16:58:22.191,0.00,0.00,0.00,0.00,2,0
2026-06-12 16:58:22.241,0.00,0.00,0.00,0.00,2,0
2026-06-12 16:58:22.292,0.00,0.00,0.00,0.00,2,0
2026-06-12 16:58:22.342,0.00,0.00,0.00,0.00,2,0
2026-06-12 16:58:22.392,0.00,0.00,0.00,0.00,2,0
2026-06-12 16:58:22.443,0.00,0.00,0.00,0.00,2,0
2026-06-12 16:58:22.493,0.00,0.00,0.00,0.00,2,0
2026-06-12 16:58:22.544,0.00,0.00,0.00,0.00,2,0
2026-06-12 16:58:22.594,0.00,0.00,0.00,0.00,2,0
2026-06-12 16:58:22.644,0.00,0.00,0.00,0.00,2,0
2026-06-12 16:58:22.695,0.00,0.00,0.00,0.00,2,0
2026-06-12 16:58:22.745,0.00,0.00,0.00,0.00,2,0
2026-06-12 16:58:22.796,0.00,0.00,0.00,0.00,2,0
2026-06-12 16:58:22.846,0.00,0.00,0.00,0.00,2,0
2026-06-12 16:58:22.897,0.00,0.00,0.00,0.00,2,0
2026-06-12 16:58:22.947,0.00,0.00,0.00,0.00,2,0
2026-06-12 16:58:22.997,0.00,0.00,0.00,0.00,2,0
2026-06-12 16:58:23.048,0.00,0.00,0.00,0.00,2,0
2026-06-12 16:58:23.098,0.00,0.00,0.00,0.00,2,0
2026-06-12 16:58:23.149,0.00,0.00,0.00,0.00,2,0
2026-06-12 16:58:23.199,0.00,0.00,0.00,0.00,2,0
2026-06-12 16:58:23.249,0.00,0.00,0.00,0.00,2,0
2026-06-12 16:58:23.300,0.00,0.00,0.00,0.00,2,0
2026-06-12 16:58:23.351,0.00,0.00,0.00,0.00,2,0
2026-06-12 16:58:23.401,0.00,0.00,0.00,0.00,2,0
2026-06-12 16:58:23.451,0.00,0.00,0.00,0.00,2,0
2026-06-12 16:58:23.501,0.00,0.00,0.00,0.00,2,0
2026-06-12 16:58:23.552,0.00,0.00,0.00,0.00,2,0
2026-06-12 16:58:23.602,0.00,0.00,0.00,0.00,2,0
2026-06-12 16:58:23.652,0.00,0.00,0.00,0.00,2,0
2026-06-12 16:58:23.703,0.00,0.00,0.00,0.00,2,0
2026-06-12 16:58:23.753,0.00,0.00,0.00,0.00,2,0
2026-06-12 16:58:23.804,0.00,0.00,0.00,0.00,2,0
2026-06-12 16:58:23.854,0.00,0.00,0.00,0.00,2,0
2026-06-12 16:58:23.904,0.00,0.00,0.00,0.00,2,0
2026-06-12 16:58:23.955,0.00,0.00,0.00,0.00,2,0
2026-06-12 16:58:24.005,0.00,0.00,0.00,0.00,2,0
2026-06-12 16:58:24.056,0.00,0.00,0.00,0.00,2,0
2026-06-12 16:58:24.106,0.00,0.00,0.00,0.00,2,0
2026-06-12 16:58:24.157,0.00,0.00,0.00,0.00,2,0
2026-06-12 16:58:24.207,0.00,0.00,0.00,0.00,2,0
2026-06-12 16:58:24.257,0.00,0.00,0.00,0.00,2,0
2026-06-12 16:58:24.308,0.00,0.00,0.00,0.00,2,0
2026-06-12 16:58:24.358,0.00,0.00,0.00,0.00,2,0
2026-06-12 16:58:24.409,0.00,0.00,0.00,0.00,2,0
2026-06-12 16:58:24.459,0.00,0.00,0.00,0.00,2,0
2026-06-12 16:58:24.509,0.00,0.00,0.00,0.00,2,0
2026-06-12 16:58:24.560,0.00,0.00,0.00,0.00,2,0
2026-06-12 16:58:24.613,0.00,0.00,0.00,0.00,2,0
2026-06-12 16:58:24.661,0.00,0.00,0.00,0.00,2,0
2026-06-12 16:58:24.712,0.00,0.00,0.00,0.00,2,0
2026-06-12 16:58:24.761,0.00,0.00,0.00,0.00,2,0
2026-06-12 16:58:24.813,0.00,0.00,0.00,0.00,2,0
2026-06-12 16:58:24.862,0.00,0.00,0.00,0.00,2,0
2026-06-12 16:58:24.913,0.00,0.00,0.00,0.00,2,0
2026-06-12 16:58:24.963,0.00,0.00,0.00,0.00,2,0
2026-06-12 16:58:25.013,0.00,0.00,0.00,0.00,2,0
2026-06-12 16:58:25.064,0.00,0.00,0.00,0.00,2,0
2026-06-12 16:58:25.114,0.00,0.00,0.00,0.00,2,0
2026-06-12 16:58:25.165,0.00,0.00,0.00,0.00,2,0
2026-06-12 16:58:25.215,0.00,0.00,0.00,0.00,2,0
2026-06-12 16:58:25.265,0.00,0.00,0.00,0.00,2,0
2026-06-12 16:58:25.316,0.00,0.00,0.00,0.00,2,0
2026-06-12 16:58:25.366,0.00,0.00,0.00,0.00,2,0
2026-06-12 16:58:25.417,0.00,0.00,0.00,0.00,2,0
2026-06-12 16:58:25.467,0.00,0.00,0.00,0.00,2,0
2026-06-12 16:58:25.517,0.00,0.00,0.00,0.00,2,0
2026-06-12 16:58:25.568,0.00,0.00,0.00,0.00,2,0
2026-06-12 16:58:25.618,0.00,0.00,0.00,0.00,2,0
2026-06-12 16:58:25.669,0.00,0.00,0.00,0.00,2,0
2026-06-12 16:58:25.719,0.00,0.00,0.00,0.00,2,0
2026-06-12 16:58:25.769,0.00,0.00,0.00,0.00,2,0
2026-06-12 16:58:25.820,0.00,0.00,0.00,0.00,2,0
2026-06-12 16:58:25.871,0.00,0.00,0.00,0.00,2,0
2026-06-12 16:58:25.921,0.00,0.00,0.00,0.00,2,0
2026-06-12 16:58:25.971,0.00,0.00,0.00,0.00,2,0
2026-06-12 16:58:26.021,0.00,0.00,0.00,0.00,2,0
2026-06-12 16:58:26.072,0.00,0.00,0.00,0.00,2,0
2026-06-12 16:58:26.122,0.00,0.00,0.00,0.00,2,0
2026-06-12 16:58:26.173,0.00,0.00,0.00,0.00,2,0
2026-06-12 16:58:26.223,0.00,0.00,0.00,0.00,2,0
2026-06-12 16:58:26.273,0.00,0.00,0.00,0.00,2,0
2026-06-12 16:58:26.324,0.00,0.00,0.00,0.00,2,0
2026-06-12 16:58:26.374,0.00,0.00,0.00,0.00,2,0
2026-06-12 16:58:26.425,0.00,0.00,0.00,0.00,2,0
2026-06-12 16:58:26.475,0.00,0.00,0.00,0.00,2,0
2026-06-12 16:58:26.525,0.00,0.00,0.00,0.00,2,0
2026-06-12 16:58:26.576,0.00,0.00,0.00,0.00,2,0
2026-06-12 16:58:26.626,0.00,0.00,0.00,0.00,2,0
2026-06-12 16:58:26.677,0.00,0.00,0.00,0.00,2,0
2026-06-12 16:58:26.727,0.00,0.00,0.00,0.00,2,0
2026-06-12 16:58:26.777,0.00,0.00,0.00,0.00,2,0
2026-06-12 16:58:26.828,0.00,0.00,0.00,0.00,2,0
2026-06-12 16:58:26.878,0.00,0.00,0.00,0.00,2,0
2026-06-12 16:58:26.929,0.00,0.00,0.00,0.00,2,0
2026-06-12 16:58:26.979,0.00,0.00,0.00,0.00,2,0
2026-06-12 16:58:27.029,0.00,0.00,0.00,0.00,2,0
2026-06-12 16:58:27.080,0.00,0.00,0.00,0.00,2,0
2026-06-12 16:58:27.131,0.00,0.00,0.00,0.00,2,0
2026-06-12 16:58:27.182,0.00,0.00,0.00,0.00,2,0
2026-06-12 16:58:27.231,0.00,0.00,0.00,0.00,2,0
2026-06-12 16:58:27.282,0.00,0.00,0.00,0.00,2,0
2026-06-12 16:58:27.332,0.00,0.00,0.00,0.00,2,0
2026-06-12 16:58:27.382,0.00,0.00,0.00,0.00,2,0
2026-06-12 16:58:27.433,0.00,0.00,0.00,0.00,2,0
2026-06-12 16:58:27.483,0.00,0.00,0.00,0.00,2,0
2026-06-12 16:58:27.534,0.00,0.00,0.00,0.00,2,0
2026-06-12 16:58:27.584,0.00,0.00,0.00,0.00,2,0
2026-06-12 16:58:27.634,0.00,0.00,0.00,0.00,2,0
2026-06-12 16:58:27.685,0.00,0.00,0.00,0.00,2,0
2026-06-12 16:58:27.735,0.00,0.00,0.00,0.00,2,0
2026-06-12 16:58:27.785,0.00,0.00,0.00,0.00,2,0
2026-06-12 16:58:27.836,0.00,0.00,0.00,0.00,2,0
2026-06-12 16:58:27.886,0.00,0.00,0.00,0.00,2,0
2026-06-12 16:58:27.937,0.00,0.00,0.00,0.00,2,0
2026-06-12 16:58:27.987,0.00,0.00,0.00,0.00,2,0
2026-06-12 16:58:28.037,0.00,0.00,0.00,0.00,2,0
2026-06-12 16:58:28.088,0.00,0.00,0.00,0.00,2,0
2026-06-12 16:58:28.139,0.00,0.00,0.00,0.00,2,0
2026-06-12 16:58:28.189,0.00,0.00,0.00,0.00,2,0
2026-06-12 16:58:28.239,0.00,0.00,0.00,0.00,2,0
2026-06-12 16:58:28.290,0.00,0.00,0.00,0.00,2,0
2026-06-12 16:58:28.341,0.00,0.00,0.00,0.00,2,0
2026-06-12 16:58:28.391,0.00,0.00,0.00,0.00,2,0
2026-06-12 16:58:28.441,0.00,0.00,0.00,0.00,2,0
2026-06-12 16:58:28.491,0.00,0.00,0.00,0.00,2,0
2026-06-12 16:58:28.541,0.00,0.00,0.00,0.00,2,0
2026-06-12 16:58:28.592,0.00,0.00,0.00,0.00,2,0
2026-06-12 16:58:28.642,0.00,0.00,0.00,0.00,2,0
2026-06-12 16:58:28.693,0.00,0.00,0.00,0.00,2,0
2026-06-12 16:58:28.744,0.00,0.00,0.00,0.00,2,0
2026-06-12 16:58:28.794,0.00,0.00,0.00,0.00,2,0
2026-06-12 16:58:28.844,0.00,0.00,0.00,0.00,2,0
2026-06-12 16:58:28.894,0.00,0.00,0.00,0.00,2,0
2026-06-12 16:58:28.945,0.00,0.00,0.00,0.00,2,0
2026-06-12 16:58:28.995,0.00,0.00,0.00,0.00,2,0
2026-06-12 16:58:29.046,0.00,0.00,0.00,0.00,2,0
2026-06-12 16:58:29.096,0.00,0.00,0.00,0.00,2,0
2026-06-12 16:58:29.146,0.00,0.00,0.00,0.00,2,0
2026-06-12 16:58:29.197,0.00,0.00,0.00,0.00,2,0
2026-06-12 16:58:29.247,0.00,0.00,0.00,0.00,2,0
2026-06-12 16:58:29.297,0.00,0.00,0.00,0.00,2,0
2026-06-12 16:58:29.348,0.00,0.00,0.00,0.00,2,0
2026-06-12 16:58:29.398,0.00,0.00,0.00,0.00,2,0
2026-06-12 16:58:29.449,0.00,0.00,0.00,0.00,2,0
2026-06-12 16:58:29.500,0.00,0.00,0.00,0.00,2,0
2026-06-12 16:58:29.551,0.00,0.00,0.00,0.00,2,0
2026-06-12 16:58:29.601,0.00,0.00,0.00,0.00,2,0
2026-06-12 16:58:29.651,0.00,0.00,0.00,0.00,2,0
2026-06-12 16:58:29.701,0.00,0.00,0.00,0.00,2,0
2026-06-12 16:58:29.751,0.00,0.00,0.00,0.00,2,0
2026-06-12 16:58:29.802,0.00,0.00,0.00,0.00,2,0
2026-06-12 16:58:29.852,0.00,0.00,0.00,0.00,2,0
2026-06-12 16:58:29.902,0.00,0.00,0.00,0.00,2,0
2026-06-12 16:58:29.953,0.00,0.00,0.00,0.00,2,0
2026-06-12 16:58:30.003,0.00,0.00,0.00,0.00,2,0
2026-06-12 16:58:30.054,0.00,0.00,0.00,0.00,2,0
2026-06-12 16:58:30.104,0.00,0.00,0.00,0.00,2,0
2026-06-12 16:58:30.154,0.00,0.00,0.00,0.00,2,0
2026-06-12 16:58:30.205,0.00,0.00,0.00,0.00,2,0
2026-06-12 16:58:30.255,0.00,0.00,0.00,0.00,2,0
2026-06-12 16:58:30.306,0.00,0.00,0.00,0.00,2,0
2026-06-12 16:58:30.356,0.00,0.00,0.00,0.00,2,0
2026-06-12 16:58:30.406,0.00,0.00,0.00,0.00,2,0
2026-06-12 16:58:30.457,0.00,0.00,0.00,0.00,2,0
2026-06-12 16:58:30.507,0.00,0.00,0.00,0.00,2,0
2026-06-12 16:58:30.558,0.00,0.00,0.00,0.00,2,0
2026-06-12 16:58:30.608,0.00,0.00,0.00,0.00,2,0
2026-06-12 16:58:30.658,0.00,0.00,0.00,0.00,2,0
2026-06-12 16:58:30.709,0.00,0.00,0.00,0.00,2,0
2026-06-12 16:58:30.759,0.00,0.00,0.00,0.00,2,0
2026-06-12 16:58:30.811,0.00,0.00,0.00,0.00,2,0
2026-06-12 16:58:30.860,0.00,0.00,0.00,0.00,2,0
2026-06-12 16:58:30.911,0.00,0.00,0.00,0.00,2,0
2026-06-12 16:58:30.962,0.00,0.00,0.00,0.00,2,0
2026-06-12 16:58:31.012,0.00,0.00,0.00,0.00,2,0
2026-06-12 16:58:31.062,0.00,0.00,0.00,0.00,2,0
2026-06-12 16:58:31.112,0.00,0.00,0.00,0.00,2,0
2026-06-12 16:58:31.162,0.00,0.00,0.00,0.00,2,0
2026-06-12 16:58:31.216,0.00,0.00,0.00,0.00,2,0
2026-06-12 16:58:31.263,0.00,0.00,0.00,0.00,2,0
2026-06-12 16:58:31.314,0.00,0.00,0.00,0.00,2,0
2026-06-12 16:58:31.364,0.00,0.00,0.00,0.00,2,0
2026-06-12 16:58:31.414,0.00,0.00,0.00,0.00,2,0
2026-06-12 16:58:31.465,0.00,0.00,0.00,0.00,2,0
2026-06-12 16:58:31.515,0.00,0.00,0.00,0.00,2,0
2026-06-12 16:58:31.566,0.00,0.00,0.00,0.00,2,0
2026-06-12 16:58:31.616,0.00,0.00,0.00,0.00,2,0
2026-06-12 16:58:31.666,0.00,0.00,0.00,0.00,2,0
2026-06-12 16:58:31.717,0.00,0.00,0.00,0.00,2,0
2026-06-12 16:58:31.767,0.00,0.00,0.00,0.00,2,0
2026-06-12 16:58:31.818,0.00,0.00,0.00,0.00,2,0
2026-06-12 16:58:31.868,0.00,0.00,0.00,0.00,2,0
2026-06-12 16:58:31.921,0.00,0.00,0.00,0.00,2,0
2026-06-12 16:58:31.969,0.00,0.00,0.00,0.00,2,0
2026-06-12 16:58:32.019,0.00,0.00,0.00,0.00,2,0
2026-06-12 16:58:32.070,0.00,0.00,0.00,0.00,2,0
2026-06-12 16:58:32.121,0.00,0.00,0.00,0.00,2,0
2026-06-12 16:58:32.171,0.00,0.00,0.00,0.00,2,0
2026-06-12 16:58:32.221,0.00,0.00,0.00,0.00,2,0
2026-06-12 16:58:32.271,0.00,0.00,0.00,0.00,2,0
2026-06-12 16:58:32.322,0.00,0.00,0.00,0.00,2,0
2026-06-12 16:58:32.372,0.00,0.00,0.00,0.00,2,0
2026-06-12 16:58:32.422,0.00,0.00,0.00,0.00,2,0
2026-06-12 16:58:32.473,0.00,0.00,0.00,0.00,2,0
2026-06-12 16:58:32.523,0.00,0.00,0.00,0.00,2,0
2026-06-12 16:58:32.574,0.00,0.00,0.00,0.00,2,0
2026-06-12 16:58:32.624,0.00,0.00,0.00,0.00,2,0
2026-06-12 16:58:32.674,0.00,0.00,0.00,0.00,2,0
2026-06-12 16:58:32.725,0.00,0.00,0.00,0.00,2,0
2026-06-12 16:58:32.775,0.00,0.00,0.00,0.00,2,0
2026-06-12 16:58:32.826,0.00,0.00,0.00,0.00,2,0
2026-06-12 16:58:32.876,0.00,0.00,0.00,0.00,2,0
2026-06-12 16:58:32.926,0.00,0.00,0.00,0.00,2,0
2026-06-12 16:58:32.977,0.00,0.00,0.00,0.00,2,0
2026-06-12 16:58:33.027,0.00,0.00,0.00,0.00,2,0
2026-06-12 16:58:33.078,0.00,0.00,0.00,0.00,2,0
2026-06-12 16:58:33.129,0.00,0.00,0.00,0.00,2,0
2026-06-12 16:58:33.178,0.00,0.00,0.00,0.00,2,0
2026-06-12 16:58:33.229,0.00,0.00,0.00,0.00,2,0
2026-06-12 16:58:33.279,0.00,0.00,0.00,0.00,2,0
2026-06-12 16:58:33.330,0.00,0.00,0.00,0.00,2,0
2026-06-12 16:58:33.381,0.00,0.00,0.00,0.00,2,0
2026-06-12 16:58:33.431,0.00,0.00,0.00,0.00,2,0
2026-06-12 16:58:33.481,0.00,0.00,0.00,0.00,2,0
2026-06-12 16:58:33.531,0.00,0.00,0.00,0.00,2,0
2026-06-12 16:58:33.582,0.00,0.00,0.00,0.00,2,0
2026-06-12 16:58:33.632,0.00,0.00,0.00,0.00,2,0
2026-06-12 16:58:33.682,0.00,0.00,0.00,0.00,2,0
2026-06-12 16:58:33.733,0.00,0.00,0.00,0.00,2,0
2026-06-12 16:58:33.783,0.00,0.00,0.00,0.00,2,0
2026-06-12 16:58:33.834,0.00,0.00,0.00,0.00,2,0
2026-06-12 16:58:33.884,0.00,0.00,0.00,0.00,2,0
2026-06-12 16:58:33.934,0.00,0.00,0.00,0.00,2,0
2026-06-12 16:58:33.985,0.00,0.00,0.00,0.00,2,0
2026-06-12 16:58:34.035,0.00,0.00,0.00,0.00,2,0
2026-06-12 16:58:34.086,0.00,0.00,0.00,0.00,2,0
2026-06-12 16:58:34.136,0.00,0.00,0.00,0.00,2,0
2026-06-12 16:58:34.187,0.00,0.00,0.00,0.00,2,0
2026-06-12 16:58:34.237,0.00,0.00,0.00,0.00,2,0
2026-06-12 16:58:34.287,0.00,0.00,0.00,0.00,2,0
2026-06-12 16:58:34.338,0.00,0.00,0.00,0.00,2,0
2026-06-12 16:58:34.389,0.00,0.00,0.00,0.00,2,0
2026-06-12 16:58:34.439,0.00,0.00,0.00,0.00,2,0
2026-06-12 16:58:34.489,0.00,0.00,0.00,0.00,2,0
2026-06-12 16:58:34.539,0.00,0.00,0.00,0.00,2,0
2026-06-12 16:58:34.591,0.00,0.00,0.00,0.00,2,0
2026-06-12 16:58:34.641,0.00,0.00,0.00,0.00,2,0
2026-06-12 16:58:34.691,0.00,0.00,0.00,0.00,2,0
2026-06-12 16:58:34.741,0.00,0.00,0.00,0.00,2,0
2026-06-12 16:58:34.791,0.00,0.00,0.00,0.00,2,0
2026-06-12 16:58:34.842,0.00,0.00,0.00,0.00,2,0
2026-06-12 16:58:34.892,0.00,0.00,0.00,0.00,2,0
2026-06-12 16:58:34.942,0.00,0.00,0.00,0.00,2,0
2026-06-12 16:58:34.993,0.00,0.00,0.00,0.00,2,0
2026-06-12 16:58:35.043,0.00,0.00,0.00,0.00,2,0
2026-06-12 16:58:35.094,0.00,0.00,0.00,0.00,2,0
2026-06-12 16:58:35.144,0.00,0.00,0.00,0.00,2,0
2026-06-12 16:58:35.194,0.00,0.00,0.00,0.00,2,0
2026-06-12 16:58:35.245,0.00,0.00,0.00,0.00,2,0
2026-06-12 16:58:35.295,0.00,0.00,0.00,0.00,2,0
2026-06-12 16:58:35.346,0.00,0.00,0.00,0.00,2,0
2026-06-12 16:58:35.396,0.00,0.00,0.00,0.00,2,0
2026-06-12 16:58:35.446,0.00,0.00,0.00,0.00,2,0
2026-06-12 16:58:35.497,0.00,0.00,0.00,0.00,2,0
2026-06-12 16:58:35.547,0.00,0.00,0.00,0.00,2,0
2026-06-12 16:58:35.598,0.00,0.00,0.00,0.00,2,0
2026-06-12 16:58:35.648,0.00,0.00,0.00,0.00,2,0
2026-06-12 16:58:35.698,0.00,0.00,0.00,0.00,2,0
2026-06-12 16:58:35.749,0.00,0.00,0.00,0.00,2,0
2026-06-12 16:58:35.799,0.00,0.00,0.00,0.00,2,0
2026-06-12 16:58:35.850,0.00,0.00,0.00,0.00,2,0
2026-06-12 16:58:35.901,0.00,0.00,0.00,0.00,2,0
2026-06-12 16:58:35.951,0.00,0.00,0.00,0.00,2,0
2026-06-12 16:58:36.001,0.00,0.00,0.00,0.00,2,0
2026-06-12 16:58:36.053,0.00,0.00,0.00,0.00,2,0
2026-06-12 16:58:36.102,0.00,0.00,0.00,0.00,2,0
2026-06-12 16:58:36.152,0.00,0.00,0.00,0.00,2,0
2026-06-12 16:58:36.202,0.00,0.00,0.00,0.00,2,0
2026-06-12 16:58:36.253,0.00,0.00,0.00,0.00,2,0
2026-06-12 16:58:36.303,0.00,0.00,0.00,0.00,2,0
2026-06-12 16:58:36.354,0.00,0.00,0.00,0.00,2,0
2026-06-12 16:58:36.404,0.00,0.00,0.00,0.00,2,0
2026-06-12 16:58:36.454,0.00,0.00,0.00,0.00,2,0
2026-06-12 16:58:36.505,0.00,0.00,0.00,0.00,2,0
2026-06-12 16:58:36.555,0.00,0.00,0.00,0.00,2,0
2026-06-12 16:58:36.606,0.00,0.00,0.00,0.00,2,0
2026-06-12 16:58:36.657,0.00,0.00,0.00,0.00,2,0
2026-06-12 16:58:36.707,0.00,0.00,0.00,0.00,2,0
2026-06-12 16:58:36.757,0.00,0.00,0.00,0.00,2,0
2026-06-12 16:58:36.807,0.00,0.00,0.00,0.00,2,0
2026-06-12 16:58:36.858,0.00,0.00,0.00,0.00,2,0
2026-06-12 16:58:36.908,0.00,0.00,0.00,0.00,2,0
2026-06-12 16:58:36.959,0.00,0.00,0.00,0.00,2,0
2026-06-12 16:58:37.009,0.00,0.00,0.00,0.00,2,0
2026-06-12 16:58:37.059,0.00,0.00,0.00,0.00,2,0
2026-06-12 16:58:37.111,0.00,0.00,0.00,0.00,2,0
2026-06-12 16:58:37.162,0.00,0.00,0.00,0.00,2,0
2026-06-12 16:58:37.211,0.00,0.00,0.00,0.00,2,0
2026-06-12 16:58:37.261,0.00,0.00,0.00,0.00,2,0
2026-06-12 16:58:37.311,0.00,0.00,0.00,0.00,2,0
2026-06-12 16:58:37.362,0.00,0.00,0.00,0.00,2,0
2026-06-12 16:58:37.412,0.00,0.00,0.00,0.00,2,0
2026-06-12 16:58:37.462,0.00,0.00,0.00,0.00,2,0
2026-06-12 16:58:37.513,0.00,0.00,0.00,0.00,2,0
2026-06-12 16:58:37.563,0.00,0.00,0.00,0.00,2,0
2026-06-12 16:58:37.614,0.00,0.00,0.00,0.00,2,0
2026-06-12 16:58:37.664,0.00,0.00,0.00,0.00,2,0
2026-06-12 16:58:37.715,0.00,0.00,0.00,0.00,2,0
2026-06-12 16:58:37.765,0.00,0.00,0.00,0.00,2,0
2026-06-12 16:58:37.815,0.00,0.00,0.00,0.00,2,0
2026-06-12 16:58:37.866,0.00,0.00,0.00,0.00,2,0
2026-06-12 16:58:37.916,0.00,0.00,0.00,0.00,2,0
2026-06-12 16:58:37.967,0.00,0.00,0.00,0.00,2,0
2026-06-12 16:58:38.017,0.00,0.00,0.00,0.00,2,0
2026-06-12 16:58:38.068,0.00,0.00,0.00,0.00,2,0
2026-06-12 16:58:38.118,0.00,0.00,0.00,0.00,2,0
2026-06-12 16:58:38.168,0.00,0.00,0.00,0.00,2,0
2026-06-12 16:58:38.219,0.00,0.00,0.00,0.00,2,0
2026-06-12 16:58:38.269,0.00,0.00,0.00,0.00,2,0
2026-06-12 16:58:38.319,0.00,0.00,0.00,0.00,2,0
2026-06-12 16:58:38.370,0.00,0.00,0.00,0.00,2,0
2026-06-12 16:58:38.420,0.00,0.00,0.00,0.00,2,0
2026-06-12 16:58:38.470,0.00,0.00,0.00,0.00,2,0
2026-06-12 16:58:38.521,0.00,0.00,0.00,0.00,2,0
2026-06-12 16:58:38.571,0.00,0.00,0.00,0.00,2,0
2026-06-12 16:58:38.622,0.00,0.00,0.00,0.00,2,0
2026-06-12 16:58:38.672,0.00,0.00,0.00,0.00,2,0
2026-06-12 16:58:38.723,0.00,0.00,0.00,0.00,2,0
2026-06-12 16:58:38.773,0.00,0.00,0.00,0.00,2,0
2026-06-12 16:58:38.823,0.00,0.00,0.00,0.00,2,0
2026-06-12 16:58:38.874,0.00,0.00,0.00,0.00,2,0
2026-06-12 16:58:38.924,0.00,0.00,0.00,0.00,2,0
2026-06-12 16:58:38.975,0.00,0.00,0.00,0.00,2,0
2026-06-12 16:58:39.025,0.00,0.00,0.00,0.00,2,0
2026-06-12 16:58:39.076,0.00,0.00,0.00,0.00,2,0
2026-06-12 16:58:39.126,0.00,0.00,0.00,0.00,2,0
2026-06-12 16:58:39.177,0.00,0.00,0.00,0.00,2,0
2026-06-12 16:58:39.227,0.00,0.00,0.00,0.00,2,0
2026-06-12 16:58:39.277,0.00,0.00,0.00,0.00,2,0
2026-06-12 16:58:39.327,0.00,0.00,0.00,0.00,2,0
2026-06-12 16:58:39.378,0.00,0.00,0.00,0.00,2,0
2026-06-12 16:58:39.428,0.00,0.00,0.00,0.00,2,0
2026-06-12 16:58:39.479,0.00,0.00,0.00,0.00,2,0
2026-06-12 16:58:39.529,0.00,0.00,0.00,0.00,2,0
2026-06-12 16:58:39.579,0.00,0.00,0.00,0.00,2,0
2026-06-12 16:58:39.630,0.00,0.00,0.00,0.00,2,0
2026-06-12 16:58:39.680,0.00,0.00,0.00,0.00,2,0
2026-06-12 16:58:39.731,0.00,0.00,0.00,0.00,2,0
2026-06-12 16:58:39.781,0.00,0.00,0.00,0.00,2,0
2026-06-12 16:58:39.831,0.00,0.00,0.00,0.00,2,0
2026-06-12 16:58:39.882,0.00,0.00,0.00,0.00,2,0
2026-06-12 16:58:39.933,0.00,0.00,0.00,0.00,2,0
2026-06-12 16:58:39.983,0.00,0.00,0.00,0.00,2,0
2026-06-12 16:58:40.033,0.00,0.00,0.00,0.00,2,0
2026-06-12 16:58:40.083,0.00,0.00,0.00,0.00,2,0
2026-06-12 16:58:40.134,0.00,0.00,0.00,0.00,2,0
2026-06-12 16:58:40.184,0.00,0.00,0.00,0.00,2,0
2026-06-12 16:58:40.235,0.00,0.00,0.00,0.00,2,0
2026-06-12 16:58:40.285,0.00,0.00,0.00,0.00,2,0
2026-06-12 16:58:40.335,0.00,0.00,0.00,0.00,2,0
2026-06-12 16:58:40.386,0.00,0.00,0.00,0.00,2,0
2026-06-12 16:58:40.436,0.00,0.00,0.00,0.00,2,0
2026-06-12 16:58:40.487,0.00,0.00,0.00,0.00,2,0
2026-06-12 16:58:40.537,0.00,0.00,0.00,0.00,2,0
2026-06-12 16:58:40.587,0.00,0.00,0.00,0.00,2,0
2026-06-12 16:58:40.638,0.00,0.00,0.00,0.00,2,0
2026-06-12 16:58:40.688,0.00,0.00,0.00,0.00,2,0
2026-06-12 16:58:40.739,0.00,0.00,0.00,0.00,2,0
2026-06-12 16:58:40.789,0.00,0.00,0.00,0.00,2,0
2026-06-12 16:58:40.840,0.00,0.00,0.00,0.00,2,0
2026-06-12 16:58:40.891,0.00,0.00,0.00,0.00,2,0
2026-06-12 16:58:40.941,0.00,0.00,0.00,0.00,2,0
2026-06-12 16:58:40.991,0.00,0.00,0.00,0.00,2,0
2026-06-12 16:58:41.041,0.00,0.00,0.00,0.00,2,0
2026-06-12 16:58:41.091,0.00,0.00,0.00,0.00,2,0
2026-06-12 16:58:41.142,0.00,0.00,0.00,0.00,2,0
2026-06-12 16:58:41.192,0.00,0.00,0.00,0.00,2,0
2026-06-12 16:58:41.243,0.00,0.00,0.00,0.00,2,0
2026-06-12 16:58:41.293,0.00,0.00,0.00,0.00,2,0
2026-06-12 16:58:41.344,0.00,0.00,0.00,0.00,2,0
2026-06-12 16:58:41.394,0.00,0.00,0.00,0.00,2,0
2026-06-12 16:58:41.444,0.00,0.00,0.00,0.00,2,0
2026-06-12 16:58:41.495,0.00,0.00,0.00,0.00,2,0
2026-06-12 16:58:41.545,0.00,0.00,0.00,0.00,2,0
2026-06-12 16:58:41.595,0.00,0.00,0.00,0.00,2,0
2026-06-12 16:58:41.646,0.00,0.00,0.00,0.00,2,0
2026-06-12 16:58:41.696,0.00,0.00,0.00,0.00,2,0
2026-06-12 16:58:41.747,0.00,0.00,0.00,0.00,2,0
2026-06-12 16:58:41.797,0.00,0.00,0.00,0.00,2,0
2026-06-12 16:58:41.848,0.00,0.00,0.00,0.00,2,0
2026-06-12 16:58:41.898,0.00,0.00,0.00,0.00,2,0
2026-06-12 16:58:41.948,0.00,0.00,0.00,0.00,2,0
2026-06-12 16:58:41.999,0.00,0.00,0.00,0.00,2,0
2026-06-12 16:58:42.049,0.00,0.00,0.00,0.00,2,0
2026-06-12 16:58:42.099,0.00,0.00,0.00,0.00,2,0
2026-06-12 16:58:42.151,0.00,0.00,0.00,0.00,2,0
2026-06-12 16:58:42.201,0.00,0.00,0.00,0.00,2,0
2026-06-12 16:58:42.251,0.00,0.00,0.00,0.00,2,0
2026-06-12 16:58:42.301,0.00,0.00,0.00,0.00,2,0
2026-06-12 16:58:42.351,0.00,0.00,0.00,0.00,2,0
2026-06-12 16:58:42.402,0.00,0.00,0.00,0.00,2,0
2026-06-12 16:58:42.452,0.00,0.00,0.00,0.00,2,0
2026-06-12 16:58:42.503,0.00,0.00,0.00,0.00,2,0
2026-06-12 16:58:42.553,0.00,0.00,0.00,0.00,2,0
2026-06-12 16:58:42.603,0.00,0.00,0.00,0.00,2,0
2026-06-12 16:58:42.654,0.00,0.00,0.00,0.00,2,0
2026-06-12 16:58:42.704,0.00,0.00,0.00,0.00,2,0
2026-06-12 16:58:42.755,0.00,0.00,0.00,0.00,2,0
2026-06-12 16:58:42.805,0.00,0.00,0.00,0.00,2,0
2026-06-12 16:58:42.855,0.00,0.00,0.00,0.00,2,0
2026-06-12 16:58:42.906,0.00,0.00,0.00,0.00,2,0
2026-06-12 16:58:42.956,0.00,0.00,0.00,0.00,2,0
2026-06-12 16:58:43.007,0.00,0.00,0.00,0.00,2,0
2026-06-12 16:58:43.057,0.00,0.00,0.00,0.00,2,0
2026-06-12 16:58:43.107,0.00,0.00,0.00,0.00,2,0
2026-06-12 16:58:43.158,0.00,0.00,0.00,0.00,2,0
2026-06-12 16:58:43.208,0.00,0.00,0.00,0.00,2,0
2026-06-12 16:58:43.259,0.00,0.00,0.00,0.00,2,0
2026-06-12 16:58:43.309,0.00,0.00,0.00,0.00,2,0
2026-06-12 16:58:43.360,0.00,0.00,0.00,0.00,2,0
2026-06-12 16:58:43.411,0.00,0.00,0.00,0.00,2,0
2026-06-12 16:58:43.461,0.00,0.00,0.00,0.00,2,0
2026-06-12 16:58:43.512,0.00,0.00,0.00,0.00,2,0
2026-06-12 16:58:43.561,0.00,0.00,0.00,0.00,2,0
2026-06-12 16:58:43.612,0.00,0.00,0.00,0.00,2,0
2026-06-12 16:58:43.662,0.00,0.00,0.00,0.00,2,0
2026-06-12 16:58:43.713,0.00,0.00,0.00,0.00,2,0
2026-06-12 16:58:43.763,0.00,0.00,0.00,0.00,2,0
2026-06-12 16:58:43.813,0.00,0.00,0.00,0.00,2,0
2026-06-12 16:58:43.864,0.00,0.00,0.00,0.00,2,0
2026-06-12 16:58:43.914,0.00,0.00,0.00,0.00,2,0
2026-06-12 16:58:43.964,0.00,0.00,0.00,0.00,2,0
2026-06-12 16:58:44.015,0.00,0.00,0.00,0.00,2,0
2026-06-12 16:58:44.065,0.00,0.00,0.00,0.00,2,0
2026-06-12 16:58:44.116,0.00,0.00,0.00,0.00,2,0
2026-06-12 16:58:44.166,0.00,0.00,0.00,0.00,2,0
2026-06-12 16:58:44.216,0.00,0.00,0.00,0.00,2,0
2026-06-12 16:58:44.267,0.00,0.00,0.00,0.00,2,0
2026-06-12 16:58:44.317,0.00,0.00,0.00,0.00,2,0
2026-06-12 16:58:44.368,0.00,0.00,0.00,0.00,2,0
2026-06-12 16:58:44.418,0.00,0.00,0.00,0.00,2,0
2026-06-12 16:58:44.468,0.00,0.00,0.00,0.00,2,0
2026-06-12 16:58:44.519,0.00,0.00,0.00,0.00,2,0
2026-06-12 16:58:44.569,0.00,0.00,0.00,0.00,2,0
2026-06-12 16:58:44.620,0.00,0.00,0.00,0.00,2,0
2026-06-12 16:58:44.671,0.00,0.00,0.00,0.00,2,0
2026-06-12 16:58:44.721,0.00,0.00,0.00,0.00,2,0
2026-06-12 16:58:44.771,0.00,0.00,0.00,0.00,2,0
2026-06-12 16:58:44.821,0.00,0.00,0.00,0.00,2,0
2026-06-12 16:58:44.872,0.00,0.00,0.00,0.00,2,0
2026-06-12 16:58:44.922,0.00,0.00,0.00,0.00,2,0
2026-06-12 16:58:44.972,0.00,0.00,0.00,0.00,2,0
2026-06-12 16:58:45.023,0.00,0.00,0.00,0.00,2,0
2026-06-12 16:58:45.073,0.00,0.00,0.00,0.00,2,0
2026-06-12 16:58:45.124,0.00,0.00,0.00,0.00,2,0
2026-06-12 16:58:45.174,0.00,0.00,0.00,0.00,2,0
2026-06-12 16:58:45.224,0.00,0.00,0.00,0.00,2,0
2026-06-12 16:58:45.275,0.00,0.00,0.00,0.00,2,0
2026-06-12 16:58:45.325,0.00,0.00,0.00,0.00,2,0
2026-06-12 16:58:45.376,0.00,0.00,0.00,0.00,2,0
2026-06-12 16:58:45.426,0.00,0.00,0.00,0.00,2,0
2026-06-12 16:58:45.476,0.00,0.00,0.00,0.00,2,0
2026-06-12 16:58:45.527,0.00,0.00,0.00,0.00,2,0
2026-06-12 16:58:45.577,0.00,0.00,0.00,0.00,2,0
2026-06-12 16:58:45.628,0.00,0.00,0.00,0.00,2,0
2026-06-12 16:58:45.678,0.00,0.00,0.00,0.00,2,0
2026-06-12 16:58:45.728,0.00,0.00,0.00,0.00,2,0
2026-06-12 16:58:45.779,0.00,0.00,0.00,0.00,2,0
2026-06-12 16:58:45.829,0.00,0.00,0.00,0.00,2,0
2026-06-12 16:58:45.881,0.00,0.00,0.00,0.00,2,0
2026-06-12 16:58:45.931,0.00,0.00,0.00,0.00,2,0
2026-06-12 16:58:45.981,0.00,0.00,0.00,0.00,2,0
2026-06-12 16:58:46.031,0.00,0.00,0.00,0.00,2,0
2026-06-12 16:58:46.081,0.00,0.00,0.00,0.00,2,0
2026-06-12 16:58:46.132,0.00,0.00,0.00,0.00,2,0
2026-06-12 16:58:46.182,0.00,0.00,0.00,0.00,2,0
2026-06-12 16:58:46.232,0.00,0.00,0.00,0.00,2,0
2026-06-12 16:58:46.283,0.00,0.00,0.00,0.00,2,0
2026-06-12 16:58:46.333,0.00,0.00,0.00,0.00,2,0
2026-06-12 16:58:46.384,0.00,0.00,0.00,0.00,2,0
2026-06-12 16:58:46.434,0.00,0.00,0.00,0.00,2,0
2026-06-12 16:58:46.485,0.00,0.00,0.00,0.00,2,0
2026-06-12 16:58:46.535,0.00,0.00,0.00,0.00,2,0
2026-06-12 16:58:46.585,0.00,0.00,0.00,0.00,2,0
2026-06-12 16:58:46.636,0.00,0.00,0.00,0.00,2,0
2026-06-12 16:58:46.686,0.00,0.00,0.00,0.00,2,0
2026-06-12 16:58:46.737,0.00,0.00,0.00,0.00,2,0
2026-06-12 16:58:46.787,0.00,0.00,0.00,0.00,2,0
2026-06-12 16:58:46.838,0.00,0.00,0.00,0.00,2,0
2026-06-12 16:58:46.888,0.00,0.00,0.00,0.00,2,0
2026-06-12 16:58:46.938,0.00,0.00,0.00,0.00,2,0
2026-06-12 16:58:46.988,0.00,0.00,0.00,0.00,2,0
2026-06-12 16:58:47.039,0.00,0.00,0.00,0.00,2,0
2026-06-12 16:58:47.089,0.00,0.00,0.00,0.00,2,0
2026-06-12 16:58:47.140,0.00,0.00,0.00,0.00,2,0
2026-06-12 16:58:47.190,0.00,0.00,0.00,0.00,2,0
2026-06-12 16:58:47.241,0.00,0.00,0.00,0.00,2,0
2026-06-12 16:58:47.291,0.00,0.00,0.00,0.00,2,0
2026-06-12 16:58:47.341,0.00,0.00,0.00,0.00,2,0
2026-06-12 16:58:47.392,0.00,0.00,0.00,0.00,2,0
2026-06-12 16:58:47.442,0.00,0.00,0.00,0.00,2,0
2026-06-12 16:58:47.493,0.00,0.00,0.00,0.00,2,0
2026-06-12 16:58:47.543,0.00,0.00,0.00,0.00,2,0
2026-06-12 16:58:47.593,0.00,0.00,0.00,0.00,2,0
2026-06-12 16:58:47.644,0.00,0.00,0.00,0.00,2,0
2026-06-12 16:58:47.694,0.00,0.00,0.00,0.00,2,0
2026-06-12 16:58:47.745,0.00,0.00,0.00,0.00,2,0
2026-06-12 16:58:47.795,0.00,0.00,0.00,0.00,2,0
2026-06-12 16:58:47.845,0.00,0.00,0.00,0.00,2,0
2026-06-12 16:58:47.896,0.00,0.00,0.00,0.00,2,0
2026-06-12 16:58:47.946,0.00,0.00,0.00,0.00,2,0
2026-06-12 16:58:47.996,0.00,0.00,0.00,0.00,2,0
2026-06-12 16:58:48.047,0.00,0.00,0.00,0.00,2,0
2026-06-12 16:58:48.097,0.00,0.00,0.00,0.00,2,0
2026-06-12 16:58:48.148,0.00,0.00,0.00,0.00,2,0
2026-06-12 16:58:48.198,0.00,0.00,0.00,0.00,2,0
2026-06-12 16:58:48.248,0.00,0.00,0.00,0.00,2,0
2026-06-12 16:58:48.299,0.00,0.00,0.00,0.00,2,0
2026-06-12 16:58:48.349,0.00,0.00,0.00,0.00,2,0
2026-06-12 16:58:48.401,0.00,0.00,0.00,0.00,2,0
2026-06-12 16:58:48.451,0.00,0.00,0.00,0.00,2,0
2026-06-12 16:58:48.501,0.00,0.00,0.00,0.00,2,0
2026-06-12 16:58:48.551,0.00,0.00,0.00,0.00,2,0
2026-06-12 16:58:48.601,0.00,0.00,0.00,0.00,2,0
2026-06-12 16:58:48.652,0.00,0.00,0.00,0.00,2,0
2026-06-12 16:58:48.702,0.00,0.00,0.00,0.00,2,0
2026-06-12 16:58:48.752,0.00,0.00,0.00,0.00,2,0
2026-06-12 16:58:48.803,0.00,0.00,0.00,0.00,2,0
2026-06-12 16:58:48.853,0.00,0.00,0.00,0.00,2,0
2026-06-12 16:58:48.904,0.00,0.00,0.00,0.00,2,0
2026-06-12 16:58:48.954,0.00,0.00,0.00,0.00,2,0
2026-06-12 16:58:49.005,0.00,0.00,0.00,0.00,2,0
2026-06-12 16:58:49.055,0.00,0.00,0.00,0.00,2,0
2026-06-12 16:58:49.105,0.00,0.00,0.00,0.00,2,0
2026-06-12 16:58:49.156,0.00,0.00,0.00,0.00,2,0
2026-06-12 16:58:49.206,0.00,0.00,0.00,0.00,2,0
2026-06-12 16:58:49.257,0.00,0.00,0.00,0.00,2,0
2026-06-12 16:58:49.307,0.00,0.00,0.00,0.00,2,0
2026-06-12 16:58:49.357,0.00,0.00,0.00,0.00,2,0
2026-06-12 16:58:49.408,0.00,0.00,0.00,0.00,2,0
2026-06-12 16:58:49.458,0.00,0.00,0.00,0.00,2,0
2026-06-12 16:58:49.509,0.00,0.00,0.00,0.00,2,0
2026-06-12 16:58:49.559,0.00,0.00,0.00,0.00,2,0
2026-06-12 16:58:49.609,0.00,0.00,0.00,0.00,2,0
2026-06-12 16:58:49.661,0.00,0.00,0.00,0.00,2,0
2026-06-12 16:58:49.711,0.00,0.00,0.00,0.00,2,0
2026-06-12 16:58:49.761,0.00,0.00,0.00,0.00,2,0
2026-06-12 16:58:49.812,0.00,0.00,0.00,0.00,2,0
2026-06-12 16:58:49.861,0.00,0.00,0.00,0.00,2,0
2026-06-12 16:58:49.913,0.00,0.00,0.00,0.00,2,0
2026-06-12 16:58:49.963,0.00,0.00,0.00,0.00,2,0
2026-06-12 16:58:50.013,0.00,0.00,0.00,0.00,2,0
2026-06-12 16:58:50.063,0.00,0.00,0.00,0.00,2,0
2026-06-12 16:58:50.114,0.00,0.00,0.00,0.00,2,0
2026-06-12 16:58:50.164,0.00,0.00,0.00,0.00,2,0
2026-06-12 16:58:50.214,0.00,0.00,0.00,0.00,2,0
2026-06-12 16:58:50.265,0.00,0.00,0.00,0.00,2,0
2026-06-12 16:58:50.315,0.00,0.00,0.00,0.00,2,0
2026-06-12 16:58:50.365,0.00,0.00,0.00,0.00,2,0
2026-06-12 16:58:50.416,0.00,0.00,0.00,0.00,2,0
2026-06-12 16:58:50.466,0.00,0.00,0.00,0.00,2,0
2026-06-12 16:58:50.517,0.00,0.00,0.00,0.00,2,0
2026-06-12 16:58:50.567,0.00,0.00,0.00,0.00,2,0
2026-06-12 16:58:50.618,0.00,0.00,0.00,0.00,2,0
2026-06-12 16:58:50.668,0.00,0.00,0.00,0.00,2,0
2026-06-12 16:58:50.718,0.00,0.00,0.00,0.00,2,0
2026-06-12 16:58:50.769,0.00,0.00,0.00,0.00,2,0
2026-06-12 16:58:50.819,0.00,0.00,0.00,0.00,2,0
2026-06-12 16:58:50.869,0.00,0.00,0.00,0.00,2,0
2026-06-12 16:58:50.921,0.00,0.00,0.00,0.00,2,0
2026-06-12 16:58:50.971,0.00,0.00,0.00,0.00,2,0
2026-06-12 16:58:51.021,0.00,0.00,0.00,0.00,2,0
2026-06-12 16:58:51.071,0.00,0.00,0.00,0.00,2,0
2026-06-12 16:58:51.122,0.00,0.00,0.00,0.00,2,0
2026-06-12 16:58:51.172,0.00,0.00,0.00,0.00,2,0
2026-06-12 16:58:51.222,0.00,0.00,0.00,0.00,2,0
2026-06-12 16:58:51.273,0.00,0.00,0.00,0.00,2,0
2026-06-12 16:58:51.323,0.00,0.00,0.00,0.00,2,0
2026-06-12 16:58:51.373,0.00,0.00,0.00,0.00,2,0
2026-06-12 16:58:51.424,0.00,0.00,0.00,0.00,2,0
2026-06-12 16:58:51.474,0.00,0.00,0.00,0.00,2,0
2026-06-12 16:58:51.525,0.00,0.00,0.00,0.00,2,0
2026-06-12 16:58:51.575,0.00,0.00,0.00,0.00,2,0
2026-06-12 16:58:51.625,0.00,0.00,0.00,0.00,2,0
2026-06-12 16:58:51.676,0.00,0.00,0.00,0.00,2,0
2026-06-12 16:58:51.726,0.00,0.00,0.00,0.00,2,0
2026-06-12 16:58:51.777,0.00,0.00,0.00,0.00,2,0
2026-06-12 16:58:51.827,0.00,0.00,0.00,0.00,2,0
2026-06-12 16:58:51.877,0.00,0.00,0.00,0.00,2,0
2026-06-12 16:58:51.928,0.00,0.00,0.00,0.00,2,0
2026-06-12 16:58:51.979,0.00,0.00,0.00,0.00,2,0
2026-06-12 16:58:52.029,0.00,0.00,0.00,0.00,2,0
2026-06-12 16:58:52.079,0.00,0.00,0.00,0.00,2,0
2026-06-12 16:58:52.129,0.00,0.00,0.00,0.00,2,0
2026-06-12 16:58:52.180,0.00,0.00,0.00,0.00,2,0
2026-06-12 16:58:52.231,0.00,0.00,0.00,0.00,2,0
2026-06-12 16:58:52.281,0.00,0.00,0.00,0.00,2,0
2026-06-12 16:58:52.331,0.00,0.00,0.00,0.00,2,0
2026-06-12 16:58:52.381,0.00,0.00,0.00,0.00,2,0
2026-06-12 16:58:52.432,0.00,0.00,0.00,0.00,2,0
2026-06-12 16:58:52.483,0.00,0.00,0.00,0.00,2,0
2026-06-12 16:58:52.533,0.00,0.00,0.00,0.00,2,0
2026-06-12 16:58:52.583,0.00,0.00,0.00,0.00,2,0
2026-06-12 16:58:52.633,0.00,0.00,0.00,0.00,2,0
2026-06-12 16:58:52.684,0.00,0.00,0.00,0.00,2,0
2026-06-12 16:58:52.735,0.00,0.00,0.00,0.00,2,0
2026-06-12 16:58:52.785,0.00,0.00,0.00,0.00,2,0
2026-06-12 16:58:52.835,0.00,0.00,0.00,0.00,2,0
2026-06-12 16:58:52.885,0.00,0.00,0.00,0.00,2,0
2026-06-12 16:58:52.936,0.00,0.00,0.00,0.00,2,0
2026-06-12 16:58:52.986,0.00,0.00,0.00,0.00,2,0
2026-06-12 16:58:53.037,0.00,0.00,0.00,0.00,2,0
2026-06-12 16:58:53.087,0.00,0.00,0.00,0.00,2,0
2026-06-12 16:58:53.137,0.00,0.00,0.00,0.00,2,0
2026-06-12 16:58:53.188,0.00,0.00,0.00,0.00,2,0
2026-06-12 16:58:53.238,0.00,0.00,0.00,0.00,2,0
2026-06-12 16:58:53.289,0.00,0.00,0.00,0.00,2,0
2026-06-12 16:58:53.339,0.00,0.00,0.00,0.00,2,0
2026-06-12 16:58:53.389,0.00,0.00,0.00,0.00,2,0
2026-06-12 16:58:53.440,0.00,0.00,0.00,0.00,2,0
2026-06-12 16:58:53.491,0.00,0.00,0.00,0.00,2,0
2026-06-12 16:58:53.541,0.00,0.00,0.00,0.00,2,0
2026-06-12 16:58:53.591,0.00,0.00,0.00,0.00,2,0
2026-06-12 16:58:53.641,0.00,0.00,0.00,0.00,2,0
2026-06-12 16:58:53.692,0.00,0.00,0.00,0.00,2,0
2026-06-12 16:58:53.742,0.00,0.00,0.00,0.00,2,0
2026-06-12 16:58:53.793,0.00,0.00,0.00,0.00,2,0
2026-06-12 16:58:53.843,0.00,0.00,0.00,0.00,2,0
2026-06-12 16:58:53.893,0.00,0.00,0.00,0.00,2,0
2026-06-12 16:58:53.944,0.00,0.00,0.00,0.00,2,0
2026-06-12 16:58:53.994,0.00,0.00,0.00,0.00,2,0
2026-06-12 16:58:54.045,0.00,0.00,0.00,0.00,2,0
2026-06-12 16:58:54.095,0.00,0.00,0.00,0.00,2,0
2026-06-12 16:58:54.145,0.00,0.00,0.00,0.00,2,0
2026-06-12 16:58:54.196,0.00,0.00,0.00,0.00,2,0
2026-06-12 16:58:54.246,0.00,0.00,0.00,0.00,2,0
2026-06-12 16:58:54.297,0.00,0.00,0.00,0.00,2,0
2026-06-12 16:58:54.347,0.00,0.00,0.00,0.00,2,0
2026-06-12 16:58:54.397,0.00,0.00,0.00,0.00,2,0
2026-06-12 16:58:54.448,0.00,0.00,0.00,0.00,2,0
2026-06-12 16:58:54.498,0.00,0.00,0.00,0.00,2,0
2026-06-12 16:58:54.549,0.00,0.00,0.00,0.00,2,0
2026-06-12 16:58:54.599,0.00,0.00,0.00,0.00,2,0
2026-06-12 16:58:54.649,0.00,0.00,0.00,0.00,2,0
2026-06-12 16:58:54.701,0.00,0.00,0.00,0.00,2,0
2026-06-12 16:58:54.751,0.00,0.00,0.00,0.00,2,0
2026-06-12 16:58:54.801,0.00,0.00,0.00,0.00,2,0
2026-06-12 16:58:54.851,0.00,0.00,0.00,0.00,2,0
2026-06-12 16:58:54.901,0.00,0.00,0.00,0.00,2,0
2026-06-12 16:58:54.952,0.00,0.00,0.00,0.00,2,0
2026-06-12 16:58:55.002,0.00,0.00,0.00,0.00,2,0
2026-06-12 16:58:55.053,0.00,0.00,0.00,0.00,2,0
2026-06-12 16:58:55.103,0.00,0.00,0.00,0.00,2,0
2026-06-12 16:58:55.153,0.00,0.00,0.00,0.00,2,0
2026-06-12 16:58:55.204,0.00,0.00,0.00,0.00,2,0
2026-06-12 16:58:55.254,0.00,0.00,0.00,0.00,2,0
2026-06-12 16:58:55.305,0.00,0.00,0.00,0.00,2,0
2026-06-12 16:58:55.355,0.00,0.00,0.00,0.00,2,0
2026-06-12 16:58:55.405,0.00,0.00,0.00,0.00,2,0
2026-06-12 16:58:55.456,0.00,0.00,0.00,0.00,2,0
2026-06-12 16:58:55.506,0.00,0.00,0.00,0.00,2,0
2026-06-12 16:58:55.557,0.00,0.00,0.00,0.00,2,0
2026-06-12 16:58:55.607,0.00,0.00,0.00,0.00,2,0
2026-06-12 16:58:55.657,0.00,0.00,0.00,0.00,2,0
2026-06-12 16:58:55.708,0.00,0.00,0.00,0.00,2,0
2026-06-12 16:58:55.758,0.00,0.00,0.00,0.00,2,0
2026-06-12 16:58:55.809,0.00,0.00,0.00,0.00,2,0
2026-06-12 16:58:55.859,0.00,0.00,0.00,0.00,2,0
2026-06-12 16:58:55.909,0.00,0.00,0.00,0.00,2,0
2026-06-12 16:58:55.960,0.00,0.00,0.00,0.00,2,0
2026-06-12 16:58:56.011,0.00,0.00,0.00,0.00,2,0
2026-06-12 16:58:56.061,0.00,0.00,0.00,0.00,2,0
2026-06-12 16:58:56.111,0.00,0.00,0.00,0.00,2,0
2026-06-12 16:58:56.162,0.00,0.00,0.00,0.00,2,0
2026-06-12 16:58:56.212,0.00,0.00,0.00,0.00,2,0
2026-06-12 16:58:56.262,0.00,0.00,0.00,0.00,2,0
2026-06-12 16:58:56.313,0.00,0.00,0.00,0.00,2,0
2026-06-12 16:58:56.363,0.00,0.00,0.00,0.00,2,0
2026-06-12 16:58:56.413,0.00,0.00,0.00,0.00,2,0
2026-06-12 16:58:56.464,0.00,0.00,0.00,0.00,2,0
2026-06-12 16:58:56.514,0.00,0.00,0.00,0.00,2,0
2026-06-12 16:58:56.565,0.00,0.00,0.00,0.00,2,0
2026-06-12 16:58:56.615,0.00,0.00,0.00,0.00,2,0
2026-06-12 16:58:56.666,0.00,0.00,0.00,0.00,2,0
2026-06-12 16:58:56.716,0.00,0.00,0.00,0.00,2,0
2026-06-12 16:58:56.766,0.00,0.00,0.00,0.00,2,0
2026-06-12 16:58:56.817,0.00,0.00,0.00,0.00,2,0
2026-06-12 16:58:56.867,0.00,0.00,0.00,0.00,2,0
2026-06-12 16:58:56.917,0.00,0.00,0.00,0.00,2,0
2026-06-12 16:58:56.968,0.00,0.00,0.00,0.00,2,0
2026-06-12 16:58:57.018,0.00,0.00,0.00,0.00,2,0
2026-06-12 16:58:57.069,0.00,0.00,0.00,0.00,2,0
2026-06-12 16:58:57.119,0.00,0.00,0.00,0.00,2,0
2026-06-12 16:58:57.169,0.00,0.00,0.00,0.00,2,0
2026-06-12 16:58:57.220,0.00,0.00,0.00,0.00,2,0
2026-06-12 16:58:57.271,0.00,0.00,0.00,0.00,2,0
2026-06-12 16:58:57.321,0.00,0.00,0.00,0.00,2,0
2026-06-12 16:58:57.371,0.00,0.00,0.00,0.00,2,0
2026-06-12 16:58:57.422,0.00,0.00,0.00,0.00,2,0
2026-06-12 16:58:57.472,0.00,0.00,0.00,0.00,2,0
2026-06-12 16:58:57.522,0.00,0.00,0.00,0.00,2,0
2026-06-12 16:58:57.573,0.00,0.00,0.00,0.00,2,0
2026-06-12 16:58:57.623,0.00,0.00,0.00,0.00,2,0
2026-06-12 16:58:57.674,0.00,0.00,0.00,0.00,2,0
2026-06-12 16:58:57.724,0.00,0.00,0.00,0.00,2,0
2026-06-12 16:58:57.774,0.00,0.00,0.00,0.00,2,0
2026-06-12 16:58:57.825,0.00,0.00,0.00,0.00,2,0
2026-06-12 16:58:57.875,0.00,0.00,0.00,0.00,2,0
2026-06-12 16:58:57.926,0.00,0.00,0.00,0.00,2,0
2026-06-12 16:58:57.976,0.00,0.00,0.00,0.00,2,0
2026-06-12 16:58:58.026,0.00,0.00,0.00,0.00,2,0
2026-06-12 16:58:58.077,0.00,0.00,0.00,0.00,2,0
2026-06-12 16:58:58.127,0.00,0.00,0.00,0.00,2,0
2026-06-12 16:58:58.178,0.00,0.00,0.00,0.00,2,0
2026-06-12 16:58:58.228,0.00,0.00,0.00,0.00,2,0
2026-06-12 16:58:58.278,0.00,0.00,0.00,0.00,2,0
2026-06-12 16:58:58.329,0.00,0.00,0.00,0.00,2,0
2026-06-12 16:58:58.379,0.00,0.00,0.00,0.00,2,0
2026-06-12 16:58:58.430,0.00,0.00,0.00,0.00,2,0
2026-06-12 16:58:58.480,0.00,0.00,0.00,0.00,2,0
2026-06-12 16:58:58.531,0.00,0.00,0.00,0.00,2,0
2026-06-12 16:58:58.581,0.00,0.00,0.00,0.00,2,0
2026-06-12 16:58:58.632,0.00,0.00,0.00,0.00,2,0
2026-06-12 16:58:58.682,0.00,0.00,0.00,0.00,2,0
2026-06-12 16:58:58.732,0.00,0.00,0.00,0.00,2,0
2026-06-12 16:58:58.783,0.00,0.00,0.00,0.00,2,0
2026-06-12 16:58:58.833,0.00,0.00,0.00,0.00,2,0
2026-06-12 16:58:58.886,0.00,0.00,0.00,0.00,2,0
2026-06-12 16:58:58.934,0.00,0.00,0.00,0.00,2,0
2026-06-12 16:58:58.984,0.00,0.00,0.00,0.00,2,0
2026-06-12 16:58:59.035,0.00,0.00,0.00,0.00,2,0
2026-06-12 16:58:59.085,0.00,0.00,0.00,0.00,2,0
2026-06-12 16:58:59.135,0.00,0.00,0.00,0.00,2,0
2026-06-12 16:58:59.186,0.00,0.00,0.00,0.00,2,0
2026-06-12 16:58:59.237,0.00,0.00,0.00,0.00,2,0
2026-06-12 16:58:59.286,0.00,0.00,0.00,0.00,2,0
2026-06-12 16:58:59.337,0.00,0.00,0.00,0.00,2,0
2026-06-12 16:58:59.387,0.00,0.00,0.00,0.00,2,0
2026-06-12 16:58:59.438,0.00,0.00,0.00,0.00,2,0
2026-06-12 16:58:59.488,0.00,0.00,0.00,0.00,2,0
2026-06-12 16:58:59.538,0.00,0.00,0.00,0.00,2,0
2026-06-12 16:58:59.589,0.00,0.00,0.00,0.00,2,0
2026-06-12 16:58:59.640,0.00,0.00,0.00,0.00,2,0
2026-06-12 16:58:59.690,0.00,0.00,0.00,0.00,2,0
2026-06-12 16:58:59.742,0.00,0.00,0.00,0.00,2,0
2026-06-12 16:58:59.791,0.00,0.00,0.00,0.00,2,0
2026-06-12 16:58:59.842,0.00,0.00,0.00,0.00,2,0
2026-06-12 16:58:59.891,0.00,0.00,0.00,0.00,2,0
2026-06-12 16:58:59.942,0.00,0.00,0.00,0.00,2,0
2026-06-12 16:58:59.992,0.00,0.00,0.00,0.00,2,0
2026-06-12 16:59:00.043,0.00,0.00,0.00,0.00,2,0
2026-06-12 16:59:00.093,0.00,0.00,0.00,0.00,2,0
2026-06-12 16:59:00.143,0.00,0.00,0.00,0.00,2,0
2026-06-12 16:59:00.195,0.00,0.00,0.00,0.00,2,0
2026-06-12 16:59:00.244,0.00,0.00,0.00,0.00,2,0
2026-06-12 16:59:00.295,0.00,0.00,0.00,0.00,2,0
2026-06-12 16:59:00.345,0.00,0.00,0.00,0.00,2,0
2026-06-12 16:59:00.395,0.00,0.00,0.00,0.00,2,0
2026-06-12 16:59:00.448,0.00,0.00,0.00,0.00,2,0
2026-06-12 16:59:00.496,0.00,0.00,0.00,0.00,2,0
2026-06-12 16:59:00.546,0.00,0.00,0.00,0.00,2,0
2026-06-12 16:59:00.597,0.00,0.00,0.00,0.00,2,0
2026-06-12 16:59:00.647,0.00,0.00,0.00,0.00,2,0
2026-06-12 16:59:00.698,0.00,0.00,0.00,0.00,2,0
2026-06-12 16:59:00.748,0.00,0.00,0.00,0.00,2,0
2026-06-12 16:59:00.799,0.00,0.00,0.00,0.00,2,0
2026-06-12 16:59:00.849,0.00,0.00,0.00,0.00,2,0
2026-06-12 16:59:00.900,0.00,0.00,0.00,0.00,2,0
2026-06-12 16:59:00.950,0.00,0.00,0.00,0.00,2,0
2026-06-12 16:59:01.002,0.00,0.00,0.00,0.00,2,0
2026-06-12 16:59:01.051,0.00,0.00,0.00,0.00,2,0
2026-06-12 16:59:01.101,0.00,0.00,0.00,0.00,2,0
2026-06-12 16:59:01.151,0.00,0.00,0.00,0.00,2,0
2026-06-12 16:59:01.202,0.00,0.00,0.00,0.00,2,0
2026-06-12 16:59:01.252,0.00,0.00,0.00,0.00,2,0
2026-06-12 16:59:01.306,0.00,0.00,0.00,0.00,2,0
2026-06-12 16:59:01.353,0.00,0.00,0.00,0.00,2,0
2026-06-12 16:59:01.404,0.00,0.00,0.00,0.00,2,0
2026-06-12 16:59:01.454,0.00,0.00,0.00,0.00,2,0
2026-06-12 16:59:01.504,0.00,0.00,0.00,0.00,2,0
2026-06-12 16:59:01.555,0.00,0.00,0.00,0.00,2,0
2026-06-12 16:59:01.606,0.00,0.00,0.00,0.00,2,0
2026-06-12 16:59:01.655,0.00,0.00,0.00,0.00,2,0
2026-06-12 16:59:01.706,0.00,0.00,0.00,0.00,2,0
2026-06-12 16:59:01.756,0.00,0.00,0.00,0.00,2,0
2026-06-12 16:59:01.807,0.00,0.00,0.00,0.00,2,0
2026-06-12 16:59:01.857,0.00,0.00,0.00,0.00,2,0
2026-06-12 16:59:01.907,0.00,0.00,0.00,0.00,2,0
2026-06-12 16:59:01.958,0.00,0.00,0.00,0.00,2,0
2026-06-12 16:59:02.008,0.00,0.00,0.00,0.00,2,0
2026-06-12 16:59:02.059,0.00,0.00,0.00,0.00,2,0
2026-06-12 16:59:02.109,0.00,0.00,0.00,0.00,2,0
2026-06-12 16:59:02.159,0.00,0.00,0.00,0.00,2,0
2026-06-12 16:59:02.214,0.00,0.00,0.00,0.00,2,0
2026-06-12 16:59:02.261,0.00,0.00,0.00,0.00,2,0
2026-06-12 16:59:02.312,0.00,0.00,0.00,0.00,2,0
2026-06-12 16:59:02.362,0.00,0.00,0.00,0.00,2,0
2026-06-12 16:59:02.412,0.00,0.00,0.00,0.00,2,0
2026-06-12 16:59:02.465,0.00,0.00,0.00,0.00,2,0
2026-06-12 16:59:02.513,0.00,0.00,0.00,0.00,2,0
2026-06-12 16:59:02.562,0.00,0.00,0.00,0.00,2,0
2026-06-12 16:59:02.614,0.00,0.00,0.00,0.00,2,0
2026-06-12 16:59:02.663,0.00,0.00,0.00,0.00,2,0
2026-06-12 16:59:02.718,0.00,0.00,0.00,0.00,2,0
2026-06-12 16:59:02.765,0.00,0.00,0.00,0.00,2,0
2026-06-12 16:59:02.815,0.00,0.00,0.00,0.00,2,0
2026-06-12 16:59:02.866,0.00,0.00,0.00,0.00,2,0
2026-06-12 16:59:02.915,0.00,0.00,0.00,0.00,2,0
2026-06-12 16:59:02.967,0.00,0.00,0.00,0.00,2,0
2026-06-12 16:59:03.016,0.00,0.00,0.00,0.00,2,0
2026-06-12 16:59:03.068,0.00,0.00,0.00,0.00,2,0
2026-06-12 16:59:03.117,0.00,0.00,0.00,0.00,2,0
2026-06-12 16:59:03.167,0.00,0.00,0.00,0.00,2,0
2026-06-12 16:59:03.218,0.00,0.00,0.00,0.00,2,0
2026-06-12 16:59:03.268,0.00,0.00,0.00,0.00,2,0
2026-06-12 16:59:03.319,0.00,0.00,0.00,0.00,2,0
2026-06-12 16:59:03.369,0.00,0.00,0.00,0.00,2,0
2026-06-12 16:59:03.419,0.00,0.00,0.00,0.00,2,0
2026-06-12 16:59:03.471,0.00,0.00,0.00,0.00,2,0
2026-06-12 16:59:03.520,0.00,0.00,0.00,0.00,2,0
2026-06-12 16:59:03.572,0.00,0.00,0.00,0.00,2,0
2026-06-12 16:59:03.621,0.00,0.00,0.00,0.00,2,0
2026-06-12 16:59:03.671,0.00,0.00,0.00,0.00,2,0
2026-06-12 16:59:03.723,0.00,0.00,0.00,0.00,2,0
2026-06-12 16:59:03.772,0.00,0.00,0.00,0.00,2,0
2026-06-12 16:59:03.822,0.00,0.00,0.00,0.00,2,0
2026-06-12 16:59:03.873,0.00,0.00,0.00,0.00,2,0
2026-06-12 16:59:03.924,0.00,0.00,0.00,0.00,2,0
2026-06-12 16:59:03.974,0.00,0.00,0.00,0.00,2,0
2026-06-12 16:59:04.024,0.00,0.00,0.00,0.00,2,0
2026-06-12 16:59:04.075,0.00,0.00,0.00,0.00,2,0
2026-06-12 16:59:04.125,0.00,0.00,0.00,0.00,2,0
2026-06-12 16:59:04.176,0.00,0.00,0.00,0.00,2,0
2026-06-12 16:59:04.226,0.00,0.00,0.00,0.00,2,0
2026-06-12 16:59:04.276,0.00,0.00,0.00,0.00,2,0
2026-06-12 16:59:04.327,0.00,0.00,0.00,0.00,2,0
2026-06-12 16:59:04.377,0.00,0.00,0.00,0.00,2,0
2026-06-12 16:59:04.427,0.00,0.00,0.00,0.00,2,0
2026-06-12 16:59:04.478,0.00,0.00,0.00,0.00,2,0
2026-06-12 16:59:04.529,0.00,0.00,0.00,0.00,2,0
2026-06-12 16:59:04.579,0.00,0.00,0.00,0.00,2,0
2026-06-12 16:59:04.629,0.00,0.00,0.00,0.00,2,0
2026-06-12 16:59:04.679,0.00,0.00,0.00,0.00,2,0
2026-06-12 16:59:04.730,0.00,0.00,0.00,0.00,2,0
2026-06-12 16:59:04.781,0.00,0.00,0.00,0.00,2,0
2026-06-12 16:59:04.831,0.00,0.00,0.00,0.00,2,0
2026-06-12 16:59:04.881,0.00,0.00,0.00,0.00,2,0
2026-06-12 16:59:04.931,0.00,0.00,0.00,0.00,2,0
2026-06-12 16:59:04.982,0.00,0.00,0.00,0.00,2,0
2026-06-12 16:59:05.032,0.00,0.00,0.00,0.00,2,0
2026-06-12 16:59:05.083,0.00,0.00,0.00,0.00,2,0
2026-06-12 16:59:05.133,0.00,0.00,0.00,0.00,2,0
2026-06-12 16:59:05.183,0.00,0.00,0.00,0.00,2,0
2026-06-12 16:59:05.234,0.00,0.00,0.00,0.00,2,0
2026-06-12 16:59:05.284,0.00,0.00,0.00,0.00,2,0
2026-06-12 16:59:05.335,0.00,0.00,0.00,0.00,2,0
2026-06-12 16:59:05.385,0.00,0.00,0.00,0.00,2,0
2026-06-12 16:59:05.435,0.00,0.00,0.00,0.00,2,0
2026-06-12 16:59:05.486,0.00,0.00,0.00,0.00,2,0
2026-06-12 16:59:05.536,0.00,0.00,0.00,0.00,2,0
2026-06-12 16:59:05.587,0.00,0.00,0.00,0.00,2,0
2026-06-12 16:59:05.638,0.00,0.00,0.00,0.00,2,0
2026-06-12 16:59:05.687,0.00,0.00,0.00,0.00,2,0
2026-06-12 16:59:05.739,0.00,0.00,0.00,0.00,2,0
2026-06-12 16:59:05.788,0.00,0.00,0.00,0.00,2,0
2026-06-12 16:59:05.839,0.00,0.00,0.00,0.00,2,0
2026-06-12 16:59:05.891,0.00,0.00,0.00,0.00,2,0
2026-06-12 16:59:05.940,0.00,0.00,0.00,0.00,2,0
2026-06-12 16:59:05.992,0.00,0.00,0.00,0.00,2,0
2026-06-12 16:59:06.041,0.00,0.00,0.00,0.00,2,0
2026-06-12 16:59:06.091,0.00,0.00,0.00,0.00,2,0
2026-06-12 16:59:06.141,0.00,0.00,0.00,0.00,2,0
2026-06-12 16:59:06.191,0.00,0.00,0.00,0.00,2,0
2026-06-12 16:59:06.242,0.00,0.00,0.00,0.00,2,0
2026-06-12 16:59:06.293,0.00,0.00,0.00,0.00,2,0
2026-06-12 16:59:06.343,0.00,0.00,0.00,0.00,2,0
2026-06-12 16:59:06.393,0.00,0.00,0.00,0.00,2,0
2026-06-12 16:59:06.443,0.00,0.00,0.00,0.00,2,0
2026-06-12 16:59:06.494,0.00,0.00,0.00,0.00,2,0
2026-06-12 16:59:06.544,0.00,0.00,0.00,0.00,2,0
2026-06-12 16:59:06.595,0.00,0.00,0.00,0.00,2,0
2026-06-12 16:59:06.645,0.00,0.00,0.00,0.00,2,0
2026-06-12 16:59:06.696,0.00,0.00,0.00,0.00,2,0
2026-06-12 16:59:06.746,0.00,0.00,0.00,0.00,2,0
2026-06-12 16:59:06.796,0.00,0.00,0.00,0.00,2,0
2026-06-12 16:59:06.847,0.00,0.00,0.00,0.00,2,0
2026-06-12 16:59:06.897,0.00,0.00,0.00,0.00,2,0
2026-06-12 16:59:06.948,0.00,0.00,0.00,0.00,2,0
2026-06-12 16:59:06.998,0.00,0.00,0.00,0.00,2,0
2026-06-12 16:59:07.048,0.00,0.00,0.00,0.00,2,0
2026-06-12 16:59:07.099,0.00,0.00,0.00,0.00,2,0
2026-06-12 16:59:07.149,0.00,0.00,0.00,0.00,2,0
2026-06-12 16:59:07.199,0.00,0.00,0.00,0.00,2,0
2026-06-12 16:59:07.250,0.00,0.00,0.00,0.00,2,0
2026-06-12 16:59:07.301,0.00,0.00,0.00,0.00,2,0
2026-06-12 16:59:07.351,0.00,0.00,0.00,0.00,2,0
2026-06-12 16:59:07.402,0.00,0.00,0.00,0.00,2,0
2026-06-12 16:59:07.451,0.00,0.00,0.00,0.00,2,0
2026-06-12 16:59:07.502,0.00,0.00,0.00,0.00,2,0
2026-06-12 16:59:07.552,0.00,0.00,0.00,0.00,2,0
2026-06-12 16:59:07.603,0.00,0.00,0.00,0.00,2,0
2026-06-12 16:59:07.653,0.00,0.00,0.00,0.00,2,0
2026-06-12 16:59:07.703,0.00,0.00,0.00,0.00,2,0
2026-06-12 16:59:07.755,0.00,0.00,0.00,0.00,2,0
2026-06-12 16:59:07.804,0.00,0.00,0.00,0.00,2,0
2026-06-12 16:59:07.855,0.00,0.00,0.00,0.00,2,0
2026-06-12 16:59:07.905,0.00,0.00,0.00,0.00,2,0
2026-06-12 16:59:07.955,0.00,0.00,0.00,0.00,2,0
2026-06-12 16:59:08.007,0.00,0.00,0.00,0.00,2,0
2026-06-12 16:59:08.057,0.00,0.00,0.00,0.00,2,0
2026-06-12 16:59:08.107,0.00,0.00,0.00,0.00,2,0
2026-06-12 16:59:08.157,0.00,0.00,0.00,0.00,2,0
2026-06-12 16:59:08.208,0.00,0.00,0.00,0.00,2,0
2026-06-12 16:59:08.258,0.00,0.00,0.00,0.00,2,0
2026-06-12 16:59:08.308,0.00,0.00,0.00,0.00,2,0
2026-06-12 16:59:08.359,0.00,0.00,0.00,0.00,2,0
2026-06-12 16:59:08.409,0.00,0.00,0.00,0.00,2,0
2026-06-12 16:59:08.459,0.00,0.00,0.00,0.00,2,0
2026-06-12 16:59:08.513,0.00,0.00,0.00,0.00,2,0
2026-06-12 16:59:08.560,0.00,0.00,0.00,0.00,2,0
2026-06-12 16:59:08.612,0.00,0.00,0.00,0.00,2,0
2026-06-12 16:59:08.661,0.00,0.00,0.00,0.00,2,0
2026-06-12 16:59:08.713,0.00,0.00,0.00,0.00,2,0
2026-06-12 16:59:08.763,0.00,0.00,0.00,0.00,2,0
2026-06-12 16:59:08.813,0.00,0.00,0.00,0.00,2,0
2026-06-12 16:59:08.863,0.00,0.00,0.00,0.00,2,0
2026-06-12 16:59:08.913,0.00,0.00,0.00,0.00,2,0
2026-06-12 16:59:08.963,0.00,0.00,0.00,0.00,2,0
2026-06-12 16:59:09.015,0.00,0.00,0.00,0.00,2,0
2026-06-12 16:59:09.065,0.00,0.00,0.00,0.00,2,0
2026-06-12 16:59:09.115,0.00,0.00,0.00,0.00,2,0
2026-06-12 16:59:09.165,0.00,0.00,0.00,0.00,2,0
2026-06-12 16:59:09.215,0.00,0.00,0.00,0.00,2,0
2026-06-12 16:59:09.266,0.00,0.00,0.00,0.00,2,0
2026-06-12 16:59:09.316,0.00,0.00,0.00,0.00,2,0
2026-06-12 16:59:09.367,0.00,0.00,0.00,0.00,2,0
2026-06-12 16:59:09.417,0.00,0.00,0.00,0.00,2,0
2026-06-12 16:59:09.468,0.00,0.00,0.00,0.00,2,0
2026-06-12 16:59:09.518,0.00,0.00,0.00,0.00,2,0
2026-06-12 16:59:09.568,0.00,0.00,0.00,0.00,2,0
2026-06-12 16:59:09.619,0.00,0.00,0.00,0.00,2,0
2026-06-12 16:59:09.669,0.00,0.00,0.00,0.00,2,0
2026-06-12 16:59:09.720,0.00,0.00,0.00,0.00,2,0
2026-06-12 16:59:09.770,0.00,0.00,0.00,0.00,2,0
2026-06-12 16:59:09.821,0.00,0.00,0.00,0.00,2,0
2026-06-12 16:59:09.871,0.00,0.00,0.00,0.00,2,0
2026-06-12 16:59:09.921,0.00,0.00,0.00,0.00,2,0
2026-06-12 16:59:09.971,0.00,0.00,0.00,0.00,2,0
2026-06-12 16:59:10.022,0.00,0.00,0.00,0.00,2,0
2026-06-12 16:59:10.072,0.00,0.00,0.00,0.00,2,0
2026-06-12 16:59:10.123,0.00,0.00,0.00,0.00,2,0
2026-06-12 16:59:10.173,0.00,0.00,0.00,0.00,2,0
2026-06-12 16:59:10.224,0.00,0.00,0.00,0.00,2,0
2026-06-12 16:59:10.274,0.00,0.00,0.00,0.00,2,0
2026-06-12 16:59:10.324,0.00,0.00,0.00,0.00,2,0
2026-06-12 16:59:10.375,0.00,0.00,0.00,0.00,2,0
2026-06-12 16:59:10.426,0.00,0.00,0.00,0.00,2,0
2026-06-12 16:59:10.476,0.00,0.00,0.00,0.00,2,0
2026-06-12 16:59:10.526,0.00,0.00,0.00,0.00,2,0
2026-06-12 16:59:10.576,0.00,0.00,0.00,0.00,2,0
2026-06-12 16:59:10.627,0.00,0.00,0.00,0.00,2,0
2026-06-12 16:59:10.677,0.00,0.00,0.00,0.00,2,0
2026-06-12 16:59:10.727,0.00,0.00,0.00,0.00,2,0
2026-06-12 16:59:10.778,0.00,0.00,0.00,0.00,2,0
2026-06-12 16:59:10.828,0.00,0.00,0.00,0.00,2,0
2026-06-12 16:59:10.881,0.00,0.00,0.00,0.00,2,0
2026-06-12 16:59:10.929,0.00,0.00,0.00,0.00,2,0
2026-06-12 16:59:10.980,0.00,0.00,0.00,0.00,2,0
2026-06-12 16:59:11.031,0.00,0.00,0.00,0.00,2,0
2026-06-12 16:59:11.081,0.00,0.00,0.00,0.00,2,0
2026-06-12 16:59:11.132,0.00,0.00,0.00,0.00,2,0
2026-06-12 16:59:11.181,0.00,0.00,0.00,0.00,2,0
2026-06-12 16:59:11.231,0.00,0.00,0.00,0.00,2,0
2026-06-12 16:59:11.285,0.00,0.00,0.00,0.00,2,0
2026-06-12 16:59:11.333,0.00,0.00,0.00,0.00,2,0
2026-06-12 16:59:11.383,0.00,0.00,0.00,0.00,2,0
2026-06-12 16:59:11.433,0.00,0.00,0.00,0.00,2,0
2026-06-12 16:59:11.484,0.00,0.00,0.00,0.00,2,0
2026-06-12 16:59:11.534,0.00,0.00,0.00,0.00,2,0
2026-06-12 16:59:11.585,0.00,0.00,0.00,0.00,2,0
2026-06-12 16:59:11.635,0.00,0.00,0.00,0.00,2,0
2026-06-12 16:59:11.685,0.00,0.00,0.00,0.00,2,0
2026-06-12 16:59:11.736,0.00,0.00,0.00,0.00,2,0
2026-06-12 16:59:11.786,0.00,0.00,0.00,0.00,2,0
2026-06-12 16:59:11.836,0.00,0.00,0.00,0.00,2,0
2026-06-12 16:59:11.887,0.00,0.00,0.00,0.00,2,0
2026-06-12 16:59:11.937,0.00,0.00,0.00,0.00,2,0
2026-06-12 16:59:11.988,0.00,0.00,0.00,0.00,2,0
2026-06-12 16:59:12.038,0.00,0.00,0.00,0.00,2,0
2026-06-12 16:59:12.088,0.00,0.00,0.00,0.00,2,0
2026-06-12 16:59:12.139,0.00,0.00,0.00,0.00,2,0
2026-06-12 16:59:12.190,0.00,0.00,0.00,0.00,2,0
2026-06-12 16:59:12.240,0.00,0.00,0.00,0.00,2,0
2026-06-12 16:59:12.291,0.00,0.00,0.00,0.00,2,0
2026-06-12 16:59:12.341,0.00,0.00,0.00,0.00,2,0
2026-06-12 16:59:12.391,0.00,0.00,0.00,0.00,2,0
2026-06-12 16:59:12.441,0.00,0.00,0.00,0.00,2,0
2026-06-12 16:59:12.491,0.00,0.00,0.00,0.00,2,0
2026-06-12 16:59:12.542,0.00,0.00,0.00,0.00,2,0
2026-06-12 16:59:12.592,0.00,0.00,0.00,0.00,2,0
2026-06-12 16:59:12.643,0.00,0.00,0.00,0.00,2,0
2026-06-12 16:59:12.693,0.00,0.00,0.00,0.00,2,0
2026-06-12 16:59:12.744,0.00,0.00,0.00,0.00,2,0
2026-06-12 16:59:12.794,0.00,0.00,0.00,0.00,2,0
2026-06-12 16:59:12.844,0.00,0.00,0.00,0.00,2,0
2026-06-12 16:59:12.895,0.00,0.00,0.00,0.00,2,0
2026-06-12 16:59:12.945,0.00,0.00,0.00,0.00,2,0
2026-06-12 16:59:12.996,0.00,0.00,0.00,0.00,2,0
2026-06-12 16:59:13.046,0.00,0.00,0.00,0.00,2,0
2026-06-12 16:59:13.097,0.00,0.00,0.00,0.00,2,0
2026-06-12 16:59:13.147,0.00,0.00,0.00,0.00,2,0
2026-06-12 16:59:13.197,0.00,0.00,0.00,0.00,2,0
2026-06-12 16:59:13.248,0.00,0.00,0.00,0.00,2,0
2026-06-12 16:59:13.298,0.00,0.00,0.00,0.00,2,0
2026-06-12 16:59:13.349,0.00,0.00,0.00,0.00,2,0
2026-06-12 16:59:13.399,0.00,0.00,0.00,0.00,2,0
2026-06-12 16:59:13.449,0.00,0.00,0.00,0.00,2,0
2026-06-12 16:59:13.500,0.00,0.00,0.00,0.00,2,0
2026-06-12 16:59:13.555,0.00,0.00,0.00,0.00,2,0
2026-06-12 16:59:13.602,0.00,0.00,0.00,0.00,2,0
2026-06-12 16:59:13.651,0.00,0.00,0.00,0.00,2,0
2026-06-12 16:59:13.701,0.00,0.00,0.00,0.00,2,0
2026-06-12 16:59:13.752,0.00,0.00,0.00,0.00,2,0
2026-06-12 16:59:13.803,0.00,0.00,0.00,0.00,2,0
2026-06-12 16:59:13.852,0.00,0.00,0.00,0.00,2,0
2026-06-12 16:59:13.903,0.00,0.00,0.00,0.00,2,0
2026-06-12 16:59:13.955,0.00,0.00,0.00,0.00,2,0
2026-06-12 16:59:14.004,0.00,0.00,0.00,0.00,2,0
2026-06-12 16:59:14.054,0.00,0.00,0.00,0.00,2,0
2026-06-12 16:59:14.104,0.00,0.00,0.00,0.00,2,0
2026-06-12 16:59:14.155,0.00,0.00,0.00,0.00,2,0
2026-06-12 16:59:14.205,0.00,0.00,0.00,0.00,2,0
2026-06-12 16:59:14.256,0.00,0.00,0.00,0.00,2,0
2026-06-12 16:59:14.306,0.00,0.00,0.00,0.00,2,0
2026-06-12 16:59:14.357,0.00,0.00,0.00,0.00,2,0
2026-06-12 16:59:14.407,0.00,0.00,0.00,0.00,2,0
2026-06-12 16:59:14.457,0.00,0.00,0.00,0.00,2,0
2026-06-12 16:59:14.508,0.00,0.00,0.00,0.00,2,0
2026-06-12 16:59:14.558,0.00,0.00,0.00,0.00,2,0
2026-06-12 16:59:14.608,0.00,0.00,0.00,0.00,2,0
2026-06-12 16:59:14.659,0.00,0.00,0.00,0.00,2,0
2026-06-12 16:59:14.709,0.00,0.00,0.00,0.00,2,0
2026-06-12 16:59:14.760,0.00,0.00,0.00,0.00,2,0
2026-06-12 16:59:14.810,0.00,0.00,0.00,0.00,2,0
2026-06-12 16:59:14.862,0.00,0.00,0.00,0.00,2,0
2026-06-12 16:59:14.912,0.00,0.00,0.00,0.00,2,0
2026-06-12 16:59:14.961,0.00,0.00,0.00,0.00,2,0
2026-06-12 16:59:15.012,0.00,0.00,0.00,0.00,2,0
2026-06-12 16:59:15.062,0.00,0.00,0.00,0.00,2,0
2026-06-12 16:59:15.115,0.00,0.00,0.00,0.00,2,0
2026-06-12 16:59:15.163,0.00,0.00,0.00,0.00,2,0
2026-06-12 16:59:15.213,0.00,0.00,0.00,0.00,2,0
2026-06-12 16:59:15.264,0.00,0.00,0.00,0.00,2,0
2026-06-12 16:59:15.314,0.00,0.00,0.00,0.00,2,0
2026-06-12 16:59:15.364,0.00,0.00,0.00,0.00,2,0
2026-06-12 16:59:15.415,0.00,0.00,0.00,0.00,2,0
2026-06-12 16:59:15.465,0.00,0.00,0.00,0.00,2,0
2026-06-12 16:59:15.516,0.00,0.00,0.00,0.00,2,0
2026-06-12 16:59:15.566,0.00,0.00,0.00,0.00,2,0
2026-06-12 16:59:15.616,0.00,0.00,0.00,0.00,2,0
2026-06-12 16:59:15.667,0.00,0.00,0.00,0.00,2,0
2026-06-12 16:59:15.717,0.00,0.00,0.00,0.00,2,0
2026-06-12 16:59:15.768,0.00,0.00,0.00,0.00,2,0
2026-06-12 16:59:15.818,0.00,0.00,0.00,0.00,2,0
2026-06-12 16:59:15.868,0.00,0.00,0.00,0.00,2,0
2026-06-12 16:59:15.919,0.00,0.00,0.00,0.00,2,0
2026-06-12 16:59:15.969,0.00,0.00,0.00,0.00,2,0
2026-06-12 16:59:16.020,0.00,0.00,0.00,0.00,2,0
2026-06-12 16:59:16.071,0.00,0.00,0.00,0.00,2,0
2026-06-12 16:59:16.121,0.00,0.00,0.00,0.00,2,0
2026-06-12 16:59:16.171,0.00,0.00,0.00,0.00,2,0
2026-06-12 16:59:16.221,0.00,0.00,0.00,0.00,2,0
2026-06-12 16:59:16.272,0.00,0.00,0.00,0.00,2,0
2026-06-12 16:59:16.322,0.00,0.00,0.00,0.00,2,0
2026-06-12 16:59:16.372,0.00,0.00,0.00,0.00,2,0
2026-06-12 16:59:16.423,0.00,0.00,0.00,0.00,2,0
2026-06-12 16:59:16.473,0.00,0.00,0.00,0.00,2,0
2026-06-12 16:59:16.524,0.00,0.00,0.00,0.00,2,0
2026-06-12 16:59:16.574,0.00,0.00,0.00,0.00,2,0
2026-06-12 16:59:16.625,0.00,0.00,0.00,0.00,2,0
2026-06-12 16:59:16.675,0.00,0.00,0.00,0.00,2,0
2026-06-12 16:59:16.725,0.00,0.00,0.00,0.00,2,0
2026-06-12 16:59:16.776,0.00,0.00,0.00,0.00,2,0
2026-06-12 16:59:16.826,0.00,0.00,0.00,0.00,2,0
2026-06-12 16:59:16.877,0.00,0.00,0.00,0.00,2,0
2026-06-12 16:59:16.927,0.00,0.00,0.00,0.00,2,0
2026-06-12 16:59:16.977,0.00,0.00,0.00,0.00,2,0
2026-06-12 16:59:17.028,0.00,0.00,0.00,0.00,2,0
2026-06-12 16:59:17.078,0.00,0.00,0.00,0.00,2,0
2026-06-12 16:59:17.129,0.00,0.00,0.00,0.00,2,0
2026-06-12 16:59:17.179,0.00,0.00,0.00,0.00,2,0
2026-06-12 16:59:17.229,0.00,0.00,0.00,0.00,2,0
2026-06-12 16:59:17.282,0.00,0.00,0.00,0.00,2,0
2026-06-12 16:59:17.330,0.00,0.00,0.00,0.00,2,0
2026-06-12 16:59:17.381,0.00,0.00,0.00,0.00,2,0
2026-06-12 16:59:17.431,0.00,0.00,0.00,0.00,2,0
2026-06-12 16:59:17.481,0.00,0.00,0.00,0.00,2,0
2026-06-12 16:59:17.532,0.00,0.00,0.00,0.00,2,0
2026-06-12 16:59:17.582,0.00,0.00,0.00,0.00,2,0
2026-06-12 16:59:17.632,0.00,0.00,0.00,0.00,2,0
2026-06-12 16:59:17.683,0.00,0.00,0.00,0.00,2,0
2026-06-12 16:59:17.733,0.00,0.00,0.00,0.00,2,0
2026-06-12 16:59:17.784,0.00,0.00,0.00,0.00,2,0
2026-06-12 16:59:17.834,0.00,0.00,0.00,0.00,2,0
2026-06-12 16:59:17.884,0.00,0.00,0.00,0.00,2,0
2026-06-12 16:59:17.935,0.00,0.00,0.00,0.00,2,0
2026-06-12 16:59:17.985,0.00,0.00,0.00,0.00,2,0
2026-06-12 16:59:18.036,0.00,0.00,0.00,0.00,2,0
2026-06-12 16:59:18.086,0.00,0.00,0.00,0.00,2,0
2026-06-12 16:59:18.136,0.00,0.00,0.00,0.00,2,0
2026-06-12 16:59:18.188,0.00,0.00,0.00,0.00,2,0
2026-06-12 16:59:18.237,0.00,0.00,0.00,0.00,2,0
2026-06-12 16:59:18.288,0.00,0.00,0.00,0.00,2,0
2026-06-12 16:59:18.338,0.00,0.00,0.00,0.00,2,0
2026-06-12 16:59:18.388,0.00,0.00,0.00,0.00,2,0
2026-06-12 16:59:18.439,0.00,0.00,0.00,0.00,2,0
2026-06-12 16:59:18.489,0.00,0.00,0.00,0.00,2,0
2026-06-12 16:59:18.540,0.00,0.00,0.00,0.00,2,0
2026-06-12 16:59:18.591,0.00,0.00,0.00,0.00,2,0
2026-06-12 16:59:18.641,0.00,0.00,0.00,0.00,2,0
2026-06-12 16:59:18.691,0.00,0.00,0.00,0.00,2,0
2026-06-12 16:59:18.741,0.00,0.00,0.00,0.00,2,0
2026-06-12 16:59:18.792,0.00,0.00,0.00,0.00,2,0
2026-06-12 16:59:18.842,0.00,0.00,0.00,0.00,2,0
2026-06-12 16:59:18.893,0.00,0.00,0.00,0.00,2,0
2026-06-12 16:59:18.943,0.00,0.00,0.00,0.00,2,0
2026-06-12 16:59:18.993,0.00,0.00,0.00,0.00,2,0
2026-06-12 16:59:19.044,0.00,0.00,0.00,0.00,2,0
2026-06-12 16:59:19.094,0.00,0.00,0.00,0.00,2,0
2026-06-12 16:59:19.144,0.00,0.00,0.00,0.00,2,0
2026-06-12 16:59:19.195,0.00,0.00,0.00,0.00,2,0
2026-06-12 16:59:19.245,0.00,0.00,0.00,0.00,2,0
2026-06-12 16:59:19.296,0.00,0.00,0.00,0.00,2,0
2026-06-12 16:59:19.346,0.00,0.00,0.00,0.00,2,0
2026-06-12 16:59:19.396,0.00,0.00,0.00,0.00,2,0
2026-06-12 16:59:19.447,0.00,0.00,0.00,0.00,2,0
2026-06-12 16:59:19.497,0.00,0.00,0.00,0.00,2,0
2026-06-12 16:59:19.548,0.00,0.00,0.00,0.00,2,0
2026-06-12 16:59:19.598,0.00,0.00,0.00,0.00,2,0
2026-06-12 16:59:19.648,0.00,0.00,0.00,0.00,2,0
2026-06-12 16:59:19.699,0.00,0.00,0.00,0.00,2,0
2026-06-12 16:59:19.749,0.00,0.00,0.00,0.00,2,0
2026-06-12 16:59:19.800,0.00,0.00,0.00,0.00,2,0
2026-06-12 16:59:19.850,0.00,0.00,0.00,0.00,2,0
2026-06-12 16:59:19.900,0.00,0.00,0.00,0.00,2,0
2026-06-12 16:59:19.951,0.00,0.00,0.00,0.00,2,0
2026-06-12 16:59:20.001,0.00,0.00,0.00,0.00,2,0
2026-06-12 16:59:20.052,0.00,0.00,0.00,0.00,2,0
2026-06-12 16:59:20.102,0.00,0.00,0.00,0.00,2,0
2026-06-12 16:59:20.152,0.00,0.00,0.00,0.00,2,0
2026-06-12 16:59:20.203,0.00,0.00,0.00,0.00,2,0
2026-06-12 16:59:20.253,0.00,0.00,0.00,0.00,2,0
2026-06-12 16:59:20.304,0.00,0.00,0.00,0.00,2,0
2026-06-12 16:59:20.354,0.00,0.00,0.00,0.00,2,0
2026-06-12 16:59:20.404,0.00,0.00,0.00,0.00,2,0
2026-06-12 16:59:20.455,0.00,0.00,0.00,0.00,2,0
2026-06-12 16:59:20.505,0.00,0.00,0.00,0.00,2,0
2026-06-12 16:59:20.556,0.00,0.00,0.00,0.00,2,0
2026-06-12 16:59:20.606,0.00,0.00,0.00,0.00,2,0
2026-06-12 16:59:20.656,0.00,0.00,0.00,0.00,2,0
2026-06-12 16:59:20.707,0.00,0.00,0.00,0.00,2,0
2026-06-12 16:59:20.757,0.00,0.00,0.00,0.00,2,0
2026-06-12 16:59:20.808,0.00,0.00,0.00,0.00,2,0
2026-06-12 16:59:20.858,0.00,0.00,0.00,0.00,2,0
2026-06-12 16:59:20.909,0.00,0.00,0.00,0.00,2,0
2026-06-12 16:59:20.959,0.00,0.00,0.00,0.00,2,0
2026-06-12 16:59:21.010,0.00,0.00,0.00,0.00,2,0
2026-06-12 16:59:21.060,0.00,0.00,0.00,0.00,2,0
2026-06-12 16:59:21.110,0.00,0.00,0.00,0.00,2,0
2026-06-12 16:59:21.161,0.00,0.00,0.00,0.00,2,0
2026-06-12 16:59:21.212,0.00,0.00,0.00,0.00,2,0
2026-06-12 16:59:21.261,0.00,0.00,0.00,0.00,2,0
2026-06-12 16:59:21.312,0.00,0.00,0.00,0.00,2,0
2026-06-12 16:59:21.362,0.00,0.00,0.00,0.00,2,0
2026-06-12 16:59:21.413,0.00,0.00,0.00,0.00,2,0
2026-06-12 16:59:21.463,0.00,0.00,0.00,0.00,2,0
2026-06-12 16:59:21.513,0.00,0.00,0.00,0.00,2,0
2026-06-12 16:59:21.564,0.00,0.00,0.00,0.00,2,0
2026-06-12 16:59:21.614,0.00,0.00,0.00,0.00,2,0
2026-06-12 16:59:21.665,0.00,0.00,0.00,0.00,2,0
2026-06-12 16:59:21.715,0.00,0.00,0.00,0.00,2,0
2026-06-12 16:59:21.765,0.00,0.00,0.00,0.00,2,0
2026-06-12 16:59:21.816,0.00,0.00,0.00,0.00,2,0
2026-06-12 16:59:21.866,0.00,0.00,0.00,0.00,2,0
2026-06-12 16:59:21.917,0.00,0.00,0.00,0.00,2,0
2026-06-12 16:59:21.967,0.00,0.00,0.00,0.00,2,0
2026-06-12 16:59:22.017,0.00,0.00,0.00,0.00,2,0
2026-06-12 16:59:22.068,0.00,0.00,0.00,0.00,2,0
2026-06-12 16:59:22.118,0.00,0.00,0.00,0.00,2,0
2026-06-12 16:59:22.169,0.00,0.00,0.00,0.00,2,0
2026-06-12 16:59:22.219,0.00,0.00,0.00,0.00,2,0
2026-06-12 16:59:22.269,0.00,0.00,0.00,0.00,2,0
2026-06-12 16:59:22.321,0.00,0.00,0.00,0.00,2,0
2026-06-12 16:59:22.371,0.00,0.00,0.00,0.00,2,0
2026-06-12 16:59:22.421,0.00,0.00,0.00,0.00,2,0
2026-06-12 16:59:22.471,0.00,0.00,0.00,0.00,2,0
2026-06-12 16:59:22.521,0.00,0.00,0.00,0.00,2,0
2026-06-12 16:59:22.572,0.00,0.00,0.00,0.00,2,0
2026-06-12 16:59:22.622,0.00,0.00,0.00,0.00,2,0
2026-06-12 16:59:22.673,0.00,0.00,0.00,0.00,2,0
2026-06-12 16:59:22.723,0.00,0.00,0.00,0.00,2,0
2026-06-12 16:59:22.773,0.00,0.00,0.00,0.00,2,0
2026-06-12 16:59:22.824,0.00,0.00,0.00,0.00,2,0
2026-06-12 16:59:22.874,0.00,0.00,0.00,0.00,2,0
2026-06-12 16:59:22.925,0.00,0.00,0.00,0.00,2,0
2026-06-12 16:59:22.975,0.00,0.00,0.00,0.00,2,0
2026-06-12 16:59:23.025,0.00,0.00,0.00,0.00,2,0
2026-06-12 16:59:23.076,0.00,0.00,0.00,0.00,2,0
2026-06-12 16:59:23.126,0.00,0.00,0.00,0.00,2,0
2026-06-12 16:59:23.177,0.00,0.00,0.00,0.00,2,0
2026-06-12 16:59:23.227,0.00,0.00,0.00,0.00,2,0
2026-06-12 16:59:23.277,0.00,0.00,0.00,0.00,2,0
2026-06-12 16:59:23.328,0.00,0.00,0.00,0.00,2,0
2026-06-12 16:59:23.379,0.00,0.00,0.00,0.00,2,0
2026-06-12 16:59:23.429,0.00,0.00,0.00,0.00,2,0
2026-06-12 16:59:23.479,0.00,0.00,0.00,0.00,2,0
2026-06-12 16:59:23.529,0.00,0.00,0.00,0.00,2,0
2026-06-12 16:59:23.580,0.00,0.00,0.00,0.00,2,0
2026-06-12 16:59:23.631,0.00,0.00,0.00,0.00,2,0
2026-06-12 16:59:23.681,0.00,0.00,0.00,0.00,2,0
2026-06-12 16:59:23.731,0.00,0.00,0.00,0.00,2,0
2026-06-12 16:59:23.782,0.00,0.00,0.00,0.00,2,0
2026-06-12 16:59:23.832,0.00,0.00,0.00,0.00,2,0
2026-06-12 16:59:23.882,0.00,0.00,0.00,0.00,2,0
2026-06-12 16:59:23.933,0.00,0.00,0.00,0.00,2,0
2026-06-12 16:59:23.983,0.00,0.00,0.00,0.00,2,0
2026-06-12 16:59:24.033,0.00,0.00,0.00,0.00,2,0
2026-06-12 16:59:24.084,0.00,0.00,0.00,0.00,2,0
2026-06-12 16:59:24.134,0.00,0.00,0.00,0.00,2,0
2026-06-12 16:59:24.185,0.00,0.00,0.00,0.00,2,0
2026-06-12 16:59:24.235,0.00,0.00,0.00,0.00,2,0
2026-06-12 16:59:24.286,0.00,0.00,0.00,0.00,2,0
2026-06-12 16:59:24.336,0.00,0.00,0.00,0.00,2,0
2026-06-12 16:59:24.386,0.00,0.00,0.00,0.00,2,0
2026-06-12 16:59:24.437,0.00,0.00,0.00,0.00,2,0
2026-06-12 16:59:24.487,0.00,0.00,0.00,0.00,2,0
2026-06-12 16:59:24.537,0.00,0.00,0.00,0.00,2,0
2026-06-12 16:59:24.588,0.00,0.00,0.00,0.00,2,0
2026-06-12 16:59:24.638,0.00,0.00,0.00,0.00,2,0
2026-06-12 16:59:24.688,0.00,0.00,0.00,0.00,2,0
2026-06-12 16:59:24.739,0.00,0.00,0.00,0.00,2,0
2026-06-12 16:59:24.789,0.00,0.00,0.00,0.00,2,0
2026-06-12 16:59:24.841,0.00,0.00,0.00,0.00,2,0
2026-06-12 16:59:24.891,0.00,0.00,0.00,0.00,2,0
2026-06-12 16:59:24.941,0.00,0.00,0.00,0.00,2,0
2026-06-12 16:59:24.991,0.00,0.00,0.00,0.00,2,0
2026-06-12 16:59:25.041,0.00,0.00,0.00,0.00,2,0
2026-06-12 16:59:25.093,0.00,0.00,0.00,0.00,2,0
2026-06-12 16:59:25.142,0.00,0.00,0.00,0.00,2,0
2026-06-12 16:59:25.193,0.00,0.00,0.00,0.00,2,0
2026-06-12 16:59:25.243,0.00,0.00,0.00,0.00,2,0
2026-06-12 16:59:25.293,0.00,0.00,0.00,0.00,2,0
2026-06-12 16:59:25.344,0.00,0.00,0.00,0.00,2,0
2026-06-12 16:59:25.394,0.00,0.00,0.00,0.00,2,0
2026-06-12 16:59:25.445,0.00,0.00,0.00,0.00,2,0
2026-06-12 16:59:25.495,0.00,0.00,0.00,0.00,2,0
2026-06-12 16:59:25.545,0.00,0.00,0.00,0.00,2,0
2026-06-12 16:59:25.596,0.00,0.00,0.00,0.00,2,0
2026-06-12 16:59:25.646,0.00,0.00,0.00,0.00,2,0
2026-06-12 16:59:25.697,0.00,0.00,0.00,0.00,2,0
2026-06-12 16:59:25.747,0.00,0.00,0.00,0.00,2,0
2026-06-12 16:59:25.797,0.00,0.00,0.00,0.00,2,0
2026-06-12 16:59:25.848,0.00,0.00,0.00,0.00,2,0
2026-06-12 16:59:25.898,0.00,0.00,0.00,0.00,2,0
2026-06-12 16:59:25.949,0.00,0.00,0.00,0.00,2,0
2026-06-12 16:59:25.999,0.00,0.00,0.00,0.00,2,0
2026-06-12 16:59:26.049,0.00,0.00,0.00,0.00,2,0
2026-06-12 16:59:26.100,0.00,0.00,0.00,0.00,2,0
2026-06-12 16:59:26.151,0.00,0.00,0.00,0.00,2,0
2026-06-12 16:59:26.201,0.00,0.00,0.00,0.00,2,0
2026-06-12 16:59:26.251,0.00,0.00,0.00,0.00,2,0
2026-06-12 16:59:26.301,0.00,0.00,0.00,0.00,2,0
2026-06-12 16:59:26.352,0.00,0.00,0.00,0.00,2,0
2026-06-12 16:59:26.402,0.00,0.00,0.00,0.00,2,0
2026-06-12 16:59:26.453,0.00,0.00,0.00,0.00,2,0
2026-06-12 16:59:26.503,0.00,0.00,0.00,0.00,2,0
2026-06-12 16:59:26.553,0.00,0.00,0.00,0.00,2,0
2026-06-12 16:59:26.604,0.00,0.00,0.00,0.00,2,0
2026-06-12 16:59:26.654,0.00,0.00,0.00,0.00,2,0
2026-06-12 16:59:26.705,0.00,0.00,0.00,0.00,2,0
2026-06-12 16:59:26.755,0.00,0.00,0.00,0.00,2,0
2026-06-12 16:59:26.805,0.00,0.00,0.00,0.00,2,0
2026-06-12 16:59:26.856,0.00,0.00,0.00,0.00,2,0
2026-06-12 16:59:26.906,0.00,0.00,0.00,0.00,2,0
2026-06-12 16:59:26.957,0.00,0.00,0.00,0.00,2,0
2026-06-12 16:59:27.007,0.00,0.00,0.00,0.00,2,0
2026-06-12 16:59:27.058,0.00,0.00,0.00,0.00,2,0
2026-06-12 16:59:27.108,0.00,0.00,0.00,0.00,2,0
2026-06-12 16:59:27.158,0.00,0.00,0.00,0.00,2,0
2026-06-12 16:59:27.209,0.00,0.00,0.00,0.00,2,0
2026-06-12 16:59:27.259,0.00,0.00,0.00,0.00,2,0
2026-06-12 16:59:27.309,0.00,0.00,0.00,0.00,2,0
2026-06-12 16:59:27.362,0.00,0.00,0.00,0.00,2,0
2026-06-12 16:59:27.411,0.00,0.00,0.00,0.00,2,0
2026-06-12 16:59:27.461,0.00,0.00,0.00,0.00,2,0
2026-06-12 16:59:27.513,0.00,0.00,0.00,0.00,2,0
2026-06-12 16:59:27.561,0.00,0.00,0.00,0.00,2,0
2026-06-12 16:59:27.614,0.00,0.00,0.00,0.00,2,0
2026-06-12 16:59:27.662,0.00,0.00,0.00,0.00,2,0
2026-06-12 16:59:27.714,0.00,0.00,0.00,0.00,2,0
2026-06-12 16:59:27.763,0.00,0.00,0.00,0.00,2,0
2026-06-12 16:59:27.813,0.00,0.00,0.00,0.00,2,0
2026-06-12 16:59:27.864,0.00,0.00,0.00,0.00,2,0
2026-06-12 16:59:27.914,0.00,0.00,0.00,0.00,2,0
2026-06-12 16:59:27.965,0.00,0.00,0.00,0.00,2,0
2026-06-12 16:59:28.015,0.00,0.00,0.00,0.00,2,0
2026-06-12 16:59:28.065,0.00,0.00,0.00,0.00,2,0
2026-06-12 16:59:28.116,0.00,0.00,0.00,0.00,2,0
2026-06-12 16:59:28.166,0.00,0.00,0.00,0.00,2,0
2026-06-12 16:59:28.217,0.00,0.00,0.00,0.00,2,0
2026-06-12 16:59:28.267,0.00,0.00,0.00,0.00,2,0
2026-06-12 16:59:28.317,0.00,0.00,0.00,0.00,2,0
2026-06-12 16:59:28.368,0.00,0.00,0.00,0.00,2,0
2026-06-12 16:59:28.418,0.00,0.00,0.00,0.00,2,0
2026-06-12 16:59:28.469,0.00,0.00,0.00,0.00,2,0
2026-06-12 16:59:28.519,0.00,0.00,0.00,0.00,2,0
2026-06-12 16:59:28.569,0.00,0.00,0.00,0.00,2,0
2026-06-12 16:59:28.621,0.00,0.00,0.00,0.00,2,0
2026-06-12 16:59:28.671,0.00,0.00,0.00,0.00,2,0
2026-06-12 16:59:28.721,0.00,0.00,0.00,0.00,2,0
2026-06-12 16:59:28.771,0.00,0.00,0.00,0.00,2,0
2026-06-12 16:59:28.821,0.00,0.00,0.00,0.00,2,0
2026-06-12 16:59:28.872,0.00,0.00,0.00,0.00,2,0
2026-06-12 16:59:28.922,0.00,0.00,0.00,0.00,2,0
2026-06-12 16:59:28.973,0.00,0.00,0.00,0.00,2,0
2026-06-12 16:59:29.023,0.00,0.00,0.00,0.00,2,0
2026-06-12 16:59:29.074,0.00,0.00,0.00,0.00,2,0
2026-06-12 16:59:29.124,0.00,0.00,0.00,0.00,2,0
2026-06-12 16:59:29.174,0.00,0.00,0.00,0.00,2,0
2026-06-12 16:59:29.225,0.00,0.00,0.00,0.00,2,0
2026-06-12 16:59:29.275,0.00,0.00,0.00,0.00,2,0
2026-06-12 16:59:29.325,0.00,0.00,0.00,0.00,2,0
2026-06-12 16:59:29.376,0.00,0.00,0.00,0.00,2,0
2026-06-12 16:59:29.426,0.00,0.00,0.00,0.00,2,0
2026-06-12 16:59:29.477,0.00,0.00,0.00,0.00,2,0
2026-06-12 16:59:29.527,0.00,0.00,0.00,0.00,2,0
2026-06-12 16:59:29.577,0.00,0.00,0.00,0.00,2,0
2026-06-12 16:59:29.628,0.00,0.00,0.00,0.00,2,0
2026-06-12 16:59:29.678,0.00,0.00,0.00,0.00,2,0
2026-06-12 16:59:29.729,0.00,0.00,0.00,0.00,2,0
2026-06-12 16:59:29.779,0.00,0.00,0.00,0.00,2,0
2026-06-12 16:59:29.830,0.00,0.00,0.00,0.00,2,0
2026-06-12 16:59:29.880,0.00,0.00,0.00,0.00,2,0
2026-06-12 16:59:29.931,0.00,0.00,0.00,0.00,2,0
2026-06-12 16:59:29.981,0.00,0.00,0.00,0.00,2,0
2026-06-12 16:59:30.031,0.00,0.00,0.00,0.00,2,0
2026-06-12 16:59:30.081,0.00,0.00,0.00,0.00,2,0
2026-06-12 16:59:30.132,0.00,0.00,0.00,0.00,2,0
2026-06-12 16:59:30.183,0.00,0.00,0.00,0.00,2,0
2026-06-12 16:59:30.233,0.00,0.00,0.00,0.00,2,0
2026-06-12 16:59:30.283,0.00,0.00,0.00,0.00,2,0
2026-06-12 16:59:30.333,0.00,0.00,0.00,0.00,2,0
2026-06-12 16:59:30.384,0.00,0.00,0.00,0.00,2,0
2026-06-12 16:59:30.434,0.00,0.00,0.00,0.00,2,0
2026-06-12 16:59:30.485,0.00,0.00,0.00,0.00,2,0
2026-06-12 16:59:30.535,0.00,0.00,0.00,0.00,2,0
2026-06-12 16:59:30.586,0.00,0.00,0.00,0.00,2,0
2026-06-12 16:59:30.636,0.00,0.00,0.00,0.00,2,0
2026-06-12 16:59:30.686,0.00,0.00,0.00,0.00,2,0
2026-06-12 16:59:30.737,0.00,0.00,0.00,0.00,2,0
2026-06-12 16:59:30.787,0.00,0.00,0.00,0.00,2,0
2026-06-12 16:59:30.838,0.00,0.00,0.00,0.00,2,0
2026-06-12 16:59:30.888,0.00,0.00,0.00,0.00,2,0
2026-06-12 16:59:30.938,0.00,0.00,0.00,0.00,2,0
2026-06-12 16:59:30.989,0.00,0.00,0.00,0.00,2,0
2026-06-12 16:59:31.039,0.00,0.00,0.00,0.00,2,0
2026-06-12 16:59:31.090,0.00,0.00,0.00,0.00,2,0
2026-06-12 16:59:31.140,0.00,0.00,0.00,0.00,2,0
2026-06-12 16:59:31.191,0.00,0.00,0.00,0.00,2,0
2026-06-12 16:59:31.241,0.00,0.00,0.00,0.00,2,0
2026-06-12 16:59:31.291,0.00,0.00,0.00,0.00,2,0
2026-06-12 16:59:31.342,0.00,0.00,0.00,0.00,2,0
2026-06-12 16:59:31.392,0.00,0.00,0.00,0.00,2,0
2026-06-12 16:59:31.442,0.00,0.00,0.00,0.00,2,0
2026-06-12 16:59:31.493,0.00,0.00,0.00,0.00,2,0
2026-06-12 16:59:31.543,0.00,0.00,0.00,0.00,2,0
2026-06-12 16:59:31.594,0.00,0.00,0.00,0.00,2,0
2026-06-12 16:59:31.644,0.00,0.00,0.00,0.00,2,0
2026-06-12 16:59:31.694,0.00,0.00,0.00,0.00,2,0
2026-06-12 16:59:31.745,0.00,0.00,0.00,0.00,2,0
2026-06-12 16:59:31.796,0.00,0.00,0.00,0.00,2,0
2026-06-12 16:59:31.846,0.00,0.00,0.00,0.00,2,0
2026-06-12 16:59:31.896,0.00,0.00,0.00,0.00,2,0
2026-06-12 16:59:31.946,0.00,0.00,0.00,0.00,2,0
2026-06-12 16:59:31.998,0.00,0.00,0.00,0.00,2,0
2026-06-12 16:59:32.047,0.00,0.00,0.00,0.00,2,0
2026-06-12 16:59:32.098,0.00,0.00,0.00,0.00,2,0
2026-06-12 16:59:32.148,0.00,0.00,0.00,0.00,2,0
2026-06-12 16:59:32.199,0.00,0.00,0.00,0.00,2,0
2026-06-12 16:59:32.249,0.00,0.00,0.00,0.00,2,0
2026-06-12 16:59:32.299,0.00,0.00,0.00,0.00,2,0
2026-06-12 16:59:32.350,0.00,0.00,0.00,0.00,2,0
2026-06-12 16:59:32.400,0.00,0.00,0.00,0.00,2,0
2026-06-12 16:59:32.452,0.00,0.00,0.00,0.00,2,0
2026-06-12 16:59:32.501,0.00,0.00,0.00,0.00,2,0
2026-06-12 16:59:32.551,0.00,0.00,0.00,0.00,2,0
2026-06-12 16:59:32.602,0.00,0.00,0.00,0.00,2,0
2026-06-12 16:59:32.652,0.00,0.00,0.00,0.00,2,0
2026-06-12 16:59:32.702,0.00,0.00,0.00,0.00,2,0
2026-06-12 16:59:32.753,0.00,0.00,0.00,0.00,2,0
2026-06-12 16:59:32.805,0.00,0.00,0.00,0.00,2,0
2026-06-12 16:59:32.854,0.00,0.00,0.00,0.00,2,0
2026-06-12 16:59:32.904,0.00,0.00,0.00,0.00,2,0
2026-06-12 16:59:32.954,0.00,0.00,0.00,0.00,2,0
2026-06-12 16:59:33.005,0.00,0.00,0.00,0.00,2,0
2026-06-12 16:59:33.056,0.00,0.00,0.00,0.00,2,0
2026-06-12 16:59:33.106,0.00,0.00,0.00,0.00,2,0
2026-06-12 16:59:33.156,0.00,0.00,0.00,0.00,2,0
2026-06-12 16:59:33.209,0.00,0.00,0.00,0.00,2,0
2026-06-12 16:59:33.257,0.00,0.00,0.00,0.00,2,0
2026-06-12 16:59:33.307,0.00,0.00,0.00,0.00,2,0
2026-06-12 16:59:33.358,0.00,0.00,0.00,0.00,2,0
2026-06-12 16:59:33.408,0.00,0.00,0.00,0.00,2,0
2026-06-12 16:59:33.458,0.00,0.00,0.00,0.00,2,0
2026-06-12 16:59:33.509,0.00,0.00,0.00,0.00,2,0
2026-06-12 16:59:33.559,0.00,0.00,0.00,0.00,2,0
2026-06-12 16:59:33.610,0.00,0.00,0.00,0.00,2,0
2026-06-12 16:59:33.661,0.00,0.00,0.00,0.00,2,0
2026-06-12 16:59:33.712,0.00,0.00,0.00,0.00,2,0
2026-06-12 16:59:33.761,0.00,0.00,0.00,0.00,2,0
2026-06-12 16:59:33.811,0.00,0.00,0.00,0.00,2,0
2026-06-12 16:59:33.862,0.00,0.00,0.00,0.00,2,0
2026-06-12 16:59:33.914,0.00,0.00,0.00,0.00,2,0
2026-06-12 16:59:33.962,0.00,0.00,0.00,0.00,2,0
2026-06-12 16:59:34.013,0.00,0.00,0.00,0.00,2,0
2026-06-12 16:59:34.063,0.00,0.00,0.00,0.00,2,0
2026-06-12 16:59:34.114,0.00,0.00,0.00,0.00,2,0
2026-06-12 16:59:34.164,0.00,0.00,0.00,0.00,2,0
2026-06-12 16:59:34.214,0.00,0.00,0.00,0.00,2,0
2026-06-12 16:59:34.265,0.00,0.00,0.00,0.00,2,0
2026-06-12 16:59:34.315,0.00,0.00,0.00,0.00,2,0
2026-06-12 16:59:34.366,0.00,0.00,0.00,0.00,2,0
2026-06-12 16:59:34.416,0.00,0.00,0.00,0.00,2,0
2026-06-12 16:59:34.466,0.00,0.00,0.00,0.00,2,0
2026-06-12 16:59:34.517,0.00,0.00,0.00,0.00,2,0
2026-06-12 16:59:34.567,0.00,0.00,0.00,0.00,2,0
2026-06-12 16:59:34.618,0.00,0.00,0.00,0.00,2,0
2026-06-12 16:59:34.668,0.00,0.00,0.00,0.00,2,0
2026-06-12 16:59:34.718,0.00,0.00,0.00,0.00,2,0
2026-06-12 16:59:34.769,0.00,0.00,0.02,0.01,2,0
2026-06-12 16:59:34.819,0.00,0.00,0.02,0.01,2,0
2026-06-12 16:59:34.870,0.00,0.00,0.02,0.01,2,0
2026-06-12 16:59:34.920,0.00,0.00,0.02,0.01,2,0
2026-06-12 16:59:34.974,0.00,0.00,0.02,0.01,2,0
2026-06-12 16:59:35.021,0.00,0.00,0.02,0.01,2,0
2026-06-12 16:59:35.071,0.00,0.00,0.02,0.01,2,0
2026-06-12 16:59:35.122,0.00,0.00,0.02,0.01,2,0
2026-06-12 16:59:35.172,0.00,0.00,0.02,0.01,2,0
2026-06-12 16:59:35.222,0.00,0.00,0.02,0.01,2,0
2026-06-12 16:59:35.273,0.00,0.00,0.02,0.01,2,0
2026-06-12 16:59:35.323,0.00,0.00,0.02,0.01,2,0
2026-06-12 16:59:35.374,0.00,0.00,0.02,0.01,2,0
2026-06-12 16:59:35.424,0.00,0.00,0.02,0.01,2,0
2026-06-12 16:59:35.474,0.00,0.00,0.02,0.01,2,0
2026-06-12 16:59:35.525,0.00,0.00,0.02,0.01,2,0
2026-06-12 16:59:35.575,0.00,0.00,0.02,0.01,2,0
2026-06-12 16:59:35.626,0.00,0.00,0.02,0.01,2,0
2026-06-12 16:59:35.676,0.00,0.00,0.02,0.01,2,0
2026-06-12 16:59:35.726,0.00,0.00,0.02,0.01,2,0
2026-06-12 16:59:35.777,0.00,0.00,0.02,0.01,2,0
2026-06-12 16:59:35.827,0.00,0.00,0.02,0.01,2,0
2026-06-12 16:59:35.878,0.00,0.00,0.02,0.01,2,0
2026-06-12 16:59:35.928,0.00,0.00,0.02,0.01,2,0
2026-06-12 16:59:35.979,0.00,0.00,0.02,0.01,2,0
2026-06-12 16:59:36.029,0.00,0.00,0.02,0.01,2,0
2026-06-12 16:59:36.081,0.00,0.00,0.02,0.01,2,0
2026-06-12 16:59:36.131,0.00,0.00,0.02,0.01,2,0
2026-06-12 16:59:36.181,0.00,0.00,0.02,0.01,2,0
2026-06-12 16:59:36.232,0.00,0.00,0.02,0.01,2,0
2026-06-12 16:59:36.281,0.00,0.00,0.02,0.01,2,0
2026-06-12 16:59:36.331,0.00,0.00,0.02,0.01,2,0
2026-06-12 16:59:36.382,0.00,0.00,0.02,0.01,2,0
2026-06-12 16:59:36.433,0.00,0.00,0.02,0.01,2,0
2026-06-12 16:59:36.483,0.00,0.00,0.02,0.01,2,0
2026-06-12 16:59:36.534,0.00,0.00,0.02,0.01,2,0
2026-06-12 16:59:36.583,0.00,0.00,0.02,0.01,2,0
2026-06-12 16:59:36.634,0.00,0.00,0.02,0.01,2,0
2026-06-12 16:59:36.684,0.00,0.00,0.02,0.01,2,0
2026-06-12 16:59:36.735,0.00,0.00,0.02,0.01,2,0
2026-06-12 16:59:36.785,0.00,0.00,0.00,0.00,2,0
2026-06-12 16:59:36.835,0.00,0.00,0.00,0.00,2,0
2026-06-12 16:59:36.886,0.00,0.00,0.00,0.00,2,0
2026-06-12 16:59:36.936,0.00,0.00,0.00,0.00,2,0
2026-06-12 16:59:36.989,0.00,0.00,0.00,0.00,2,0
2026-06-12 16:59:37.037,0.00,0.00,0.00,0.00,2,0
2026-06-12 16:59:37.087,0.00,0.00,0.00,0.00,2,0
2026-06-12 16:59:37.138,0.00,0.00,0.00,0.00,2,0
2026-06-12 16:59:37.188,0.00,0.00,0.00,0.00,2,0
2026-06-12 16:59:37.239,0.00,0.00,0.00,0.00,2,0
2026-06-12 16:59:37.289,0.00,0.00,0.00,0.00,2,0
2026-06-12 16:59:37.339,0.00,0.00,0.00,0.00,2,0
2026-06-12 16:59:37.390,0.00,0.00,0.00,0.00,2,0
2026-06-12 16:59:37.441,0.00,0.00,0.00,0.00,2,0
2026-06-12 16:59:37.492,0.00,0.00,0.00,0.00,2,0
2026-06-12 16:59:37.541,0.00,0.00,0.00,0.00,2,0
2026-06-12 16:59:37.591,0.00,0.00,0.00,0.00,2,0
2026-06-12 16:59:37.642,0.00,0.00,0.00,0.00,2,0
2026-06-12 16:59:37.692,0.00,0.00,0.00,0.00,2,0
2026-06-12 16:59:37.743,0.00,0.00,0.00,0.00,2,0
2026-06-12 16:59:37.793,0.00,0.00,0.00,0.00,2,0
2026-06-12 16:59:37.843,0.00,0.00,0.00,0.00,2,0
2026-06-12 16:59:37.894,0.00,0.00,0.00,0.00,2,0
2026-06-12 16:59:37.945,0.00,0.00,0.00,0.00,2,0
2026-06-12 16:59:37.995,0.00,0.00,0.00,0.00,2,0
2026-06-12 16:59:38.046,0.00,0.00,0.00,0.00,2,0
2026-06-12 16:59:38.096,0.00,0.00,0.00,0.00,2,0
2026-06-12 16:59:38.146,0.00,0.00,0.00,0.00,2,0
2026-06-12 16:59:38.196,0.00,0.00,0.00,0.00,2,0
2026-06-12 16:59:38.247,0.00,0.00,0.00,0.00,2,0
2026-06-12 16:59:38.298,0.00,0.00,0.00,0.00,2,0
2026-06-12 16:59:38.347,0.00,0.00,0.00,0.00,2,0
2026-06-12 16:59:38.398,0.00,0.00,0.00,0.00,2,0
2026-06-12 16:59:38.448,0.00,0.00,0.00,0.00,2,0
2026-06-12 16:59:38.499,0.00,0.00,0.00,0.00,2,0
2026-06-12 16:59:38.551,0.00,0.00,0.00,0.00,2,0
2026-06-12 16:59:38.599,0.00,0.00,0.00,0.00,2,0
2026-06-12 16:59:38.651,0.00,0.00,0.00,0.00,2,0
2026-06-12 16:59:38.704,0.00,0.00,0.00,0.00,2,0
2026-06-12 16:59:38.751,0.00,0.00,0.00,0.00,2,0
2026-06-12 16:59:38.801,0.00,0.00,0.00,0.00,2,0
2026-06-12 16:59:38.851,0.00,0.00,0.00,0.00,2,0
2026-06-12 16:59:38.906,0.00,0.00,0.00,0.00,2,0
2026-06-12 16:59:38.952,0.00,0.00,0.00,0.00,2,0
2026-06-12 16:59:39.003,0.00,0.00,0.00,0.00,2,0
2026-06-12 16:59:39.053,0.00,0.00,0.00,0.00,2,0
2026-06-12 16:59:39.107,0.00,0.00,0.00,0.00,2,0
2026-06-12 16:59:39.154,0.00,0.00,0.00,0.00,2,0
2026-06-12 16:59:39.204,0.00,0.00,0.00,0.00,2,0
2026-06-12 16:59:39.255,0.00,0.00,0.00,0.00,2,0
2026-06-12 16:59:39.305,0.00,0.00,0.00,0.00,2,0
2026-06-12 16:59:39.355,0.00,0.00,0.00,0.00,2,0
2026-06-12 16:59:39.406,0.00,0.00,0.00,0.00,2,0
2026-06-12 16:59:39.456,0.00,0.00,0.00,0.00,2,0
2026-06-12 16:59:39.507,0.00,0.00,0.00,0.00,2,0
2026-06-12 16:59:39.557,0.00,0.00,0.00,0.00,2,0
2026-06-12 16:59:39.607,0.00,0.00,0.00,0.00,2,0
2026-06-12 16:59:39.658,0.00,0.00,0.00,0.00,2,0
2026-06-12 16:59:39.708,0.00,0.00,0.00,0.00,2,0
2026-06-12 16:59:39.759,0.00,0.00,0.00,0.00,2,0
2026-06-12 16:59:39.809,0.00,0.00,0.00,0.00,2,0
2026-06-12 16:59:39.859,0.00,0.00,0.00,0.00,2,0
2026-06-12 16:59:39.910,0.00,0.00,0.00,0.00,2,0
2026-06-12 16:59:39.961,0.00,0.00,0.00,0.00,2,0
2026-06-12 16:59:40.012,0.00,0.00,0.00,0.00,2,0
2026-06-12 16:59:40.061,0.00,0.00,0.00,0.00,2,0
2026-06-12 16:59:40.113,0.00,0.00,0.00,0.00,2,0
2026-06-12 16:59:40.162,0.00,0.00,0.00,0.00,2,0
2026-06-12 16:59:40.212,0.00,0.00,0.00,0.00,2,0
2026-06-12 16:59:40.263,0.00,0.00,0.00,0.00,2,0
2026-06-12 16:59:40.313,0.00,0.00,0.00,0.00,2,0
2026-06-12 16:59:40.363,0.00,0.00,0.00,0.00,2,0
2026-06-12 16:59:40.414,0.00,0.00,0.00,0.00,2,0
2026-06-12 16:59:40.464,0.00,0.00,0.00,0.00,2,0
2026-06-12 16:59:40.515,0.00,0.00,0.00,0.00,2,0
2026-06-12 16:59:40.565,0.00,0.00,0.00,0.00,2,0
2026-06-12 16:59:40.615,0.00,0.00,0.00,0.00,2,0
2026-06-12 16:59:40.666,0.00,0.00,0.00,0.00,2,0
2026-06-12 16:59:40.717,0.00,0.00,0.00,0.00,2,0
2026-06-12 16:59:40.767,0.00,0.00,0.00,0.00,2,0
2026-06-12 16:59:40.817,0.00,0.00,0.00,0.00,2,0
2026-06-12 16:59:40.868,0.00,0.00,0.00,0.00,2,0
2026-06-12 16:59:40.918,0.00,0.00,0.00,0.00,2,0
2026-06-12 16:59:40.968,0.00,0.00,0.00,0.00,2,0
2026-06-12 16:59:41.019,0.00,0.00,0.00,0.00,2,0
2026-06-12 16:59:41.069,0.00,0.00,0.00,0.00,2,0
2026-06-12 16:59:41.119,0.00,0.00,0.00,0.00,2,0
2026-06-12 16:59:41.170,0.00,0.00,0.00,0.00,2,0
2026-06-12 16:59:41.221,0.00,0.00,0.00,0.00,2,0
2026-06-12 16:59:41.271,0.00,0.00,0.00,0.00,2,0
2026-06-12 16:59:41.322,0.00,0.00,0.00,0.00,2,0
2026-06-12 16:59:41.372,0.00,0.00,0.00,0.00,2,0
2026-06-12 16:59:41.422,0.00,0.00,0.00,0.00,2,0
2026-06-12 16:59:41.472,0.00,0.00,0.00,0.00,2,0
2026-06-12 16:59:41.523,0.00,0.00,0.00,0.00,2,0
2026-06-12 16:59:41.573,0.00,0.00,0.00,0.00,2,0
2026-06-12 16:59:41.623,0.00,0.00,0.00,0.00,2,0
2026-06-12 16:59:41.674,0.00,0.00,0.00,0.00,2,0
2026-06-12 16:59:41.724,0.00,0.00,0.00,0.00,2,0
2026-06-12 16:59:41.775,0.00,0.00,0.00,0.00,2,0
2026-06-12 16:59:41.825,0.00,0.00,0.00,0.00,2,0
2026-06-12 16:59:41.875,0.00,0.00,0.00,0.00,2,0
2026-06-12 16:59:41.926,0.00,0.00,0.00,0.00,2,0
2026-06-12 16:59:41.976,0.00,0.00,0.00,0.00,2,0
2026-06-12 16:59:42.027,0.00,0.00,0.00,0.00,2,0
2026-06-12 16:59:42.077,0.00,0.00,0.00,0.00,2,0
2026-06-12 16:59:42.127,0.00,0.00,0.00,0.00,2,0
2026-06-12 16:59:42.178,0.00,0.00,0.00,0.00,2,0
2026-06-12 16:59:42.228,0.00,0.00,0.00,0.00,2,0
2026-06-12 16:59:42.279,0.00,0.00,0.00,0.00,2,0
2026-06-12 16:59:42.329,0.00,0.00,0.00,0.00,2,0
2026-06-12 16:59:42.379,0.00,0.00,0.00,0.00,2,0
2026-06-12 16:59:42.431,0.00,0.00,0.00,0.00,2,0
2026-06-12 16:59:42.481,0.00,0.00,0.00,0.00,2,0
2026-06-12 16:59:42.531,0.00,0.00,0.00,0.00,2,0
2026-06-12 16:59:42.581,0.00,0.00,0.00,0.00,2,0
2026-06-12 16:59:42.631,0.00,0.00,0.00,0.00,2,0
2026-06-12 16:59:42.682,0.00,0.00,0.00,0.00,2,0
2026-06-12 16:59:42.732,0.00,0.00,0.00,0.00,2,0
2026-06-12 16:59:42.783,0.00,0.00,0.00,0.00,2,0
2026-06-12 16:59:42.833,0.00,0.00,0.00,0.00,2,0
2026-06-12 16:59:42.883,0.00,0.00,0.00,0.00,2,0
2026-06-12 16:59:42.934,0.00,0.00,0.00,0.00,2,0
2026-06-12 16:59:42.984,0.00,0.00,0.00,0.00,2,0
2026-06-12 16:59:43.035,0.00,0.00,0.00,0.00,2,0
2026-06-12 16:59:43.085,0.00,0.00,0.00,0.00,2,0
2026-06-12 16:59:43.135,0.00,0.00,0.00,0.00,2,0
2026-06-12 16:59:43.186,0.00,0.00,0.00,0.00,2,0
2026-06-12 16:59:43.236,0.00,0.00,0.00,0.00,2,0
2026-06-12 16:59:43.287,0.00,0.00,0.00,0.00,2,0
2026-06-12 16:59:43.337,0.00,0.00,0.00,0.00,2,0
2026-06-12 16:59:43.387,0.00,0.00,0.00,0.00,2,0
2026-06-12 16:59:43.438,0.00,0.00,0.00,0.00,2,0
2026-06-12 16:59:43.488,0.00,0.00,0.00,0.00,2,0
2026-06-12 16:59:43.539,0.00,0.00,0.00,0.00,2,0
2026-06-12 16:59:43.589,0.00,0.00,0.00,0.00,2,0
2026-06-12 16:59:43.640,0.00,0.00,0.00,0.00,2,0
2026-06-12 16:59:43.690,0.00,0.00,0.00,0.00,2,0
2026-06-12 16:59:43.741,0.00,0.00,0.00,0.00,2,0
2026-06-12 16:59:43.791,0.00,0.00,0.00,0.00,2,0
2026-06-12 16:59:43.841,0.00,0.00,0.00,0.00,2,0
2026-06-12 16:59:43.892,0.00,0.00,0.00,0.00,2,0
2026-06-12 16:59:43.942,0.00,0.00,0.00,0.00,2,0
2026-06-12 16:59:43.992,0.00,0.00,0.00,0.00,2,0
2026-06-12 16:59:44.043,0.00,0.00,0.00,0.00,2,0
2026-06-12 16:59:44.093,0.00,0.00,0.00,0.00,2,0
2026-06-12 16:59:44.144,0.00,0.00,0.00,0.00,2,0
2026-06-12 16:59:44.194,0.00,0.00,0.00,0.00,2,0
2026-06-12 16:59:44.244,0.00,0.00,0.00,0.00,2,0
2026-06-12 16:59:44.295,0.00,0.00,0.00,0.00,2,0
2026-06-12 16:59:44.345,0.00,0.00,0.00,0.00,2,0
2026-06-12 16:59:44.395,0.00,0.00,0.00,0.00,2,0
2026-06-12 16:59:44.446,0.00,0.00,0.00,0.00,2,0
2026-06-12 16:59:44.496,0.00,0.00,0.00,0.00,2,0
2026-06-12 16:59:44.547,0.00,0.00,0.00,0.00,2,0
2026-06-12 16:59:44.597,0.00,0.00,0.00,0.00,2,0
2026-06-12 16:59:44.647,0.00,0.00,0.00,0.00,2,0
2026-06-12 16:59:44.698,0.00,0.00,0.00,0.00,2,0
2026-06-12 16:59:44.748,0.00,0.00,0.00,0.00,2,0
2026-06-12 16:59:44.799,0.00,0.00,0.00,0.00,2,0
2026-06-12 16:59:44.849,0.00,0.00,0.00,0.00,2,0
2026-06-12 16:59:44.899,0.00,0.00,0.00,0.00,2,0
2026-06-12 16:59:44.950,0.00,0.00,0.00,0.00,2,0
2026-06-12 16:59:45.000,0.00,0.00,0.00,0.00,2,0
2026-06-12 16:59:45.051,0.00,0.00,0.00,0.00,2,0
2026-06-12 16:59:45.101,0.00,0.00,0.00,0.00,2,0
2026-06-12 16:59:45.151,0.00,0.00,0.00,0.00,2,0
2026-06-12 16:59:45.202,0.00,0.00,0.00,0.00,2,0
2026-06-12 16:59:45.252,0.00,0.00,0.00,0.00,2,0
2026-06-12 16:59:45.303,0.00,0.00,0.00,0.00,2,0
2026-06-12 16:59:45.353,0.00,0.00,0.00,0.00,2,0
2026-06-12 16:59:45.403,0.00,0.00,0.00,0.00,2,0
2026-06-12 16:59:45.454,0.00,0.00,0.00,0.00,2,0
2026-06-12 16:59:45.504,0.00,0.00,0.00,0.00,2,0
2026-06-12 16:59:45.555,0.00,0.00,0.00,0.00,2,0
2026-06-12 16:59:45.605,0.00,0.00,0.00,0.00,2,0
2026-06-12 16:59:45.655,0.00,0.00,0.00,0.00,2,0
2026-06-12 16:59:45.706,0.00,0.00,0.00,0.00,2,0
2026-06-12 16:59:45.756,0.00,0.00,0.00,0.00,2,0
2026-06-12 16:59:45.807,0.00,0.00,0.00,0.00,2,0
2026-06-12 16:59:45.857,0.00,0.00,0.00,0.00,2,0
2026-06-12 16:59:45.907,0.00,0.00,0.00,0.00,2,0
2026-06-12 16:59:45.958,0.00,0.00,0.00,0.00,2,0
2026-06-12 16:59:46.008,0.00,0.00,0.00,0.00,2,0
2026-06-12 16:59:46.059,0.00,0.00,0.00,0.00,2,0
2026-06-12 16:59:46.109,0.00,0.00,0.00,0.00,2,0
2026-06-12 16:59:46.159,0.00,0.00,0.00,0.00,2,0
2026-06-12 16:59:46.211,0.00,0.00,0.00,0.00,2,0
2026-06-12 16:59:46.261,0.00,0.00,0.00,0.00,2,0
2026-06-12 16:59:46.311,0.00,0.00,0.00,0.00,2,0
2026-06-12 16:59:46.361,0.00,0.00,0.00,0.00,2,0
2026-06-12 16:59:46.413,0.00,0.00,0.00,0.00,2,0
2026-06-12 16:59:46.462,0.00,0.00,0.00,0.00,2,0
2026-06-12 16:59:46.513,0.00,0.00,0.00,0.00,2,0
2026-06-12 16:59:46.563,0.00,0.00,0.00,0.00,2,0
2026-06-12 16:59:46.614,0.00,0.00,0.00,0.00,2,0
2026-06-12 16:59:46.664,0.00,0.00,0.00,0.00,2,0
2026-06-12 16:59:46.714,0.00,0.00,0.00,0.00,2,0
2026-06-12 16:59:46.764,0.00,0.00,0.00,0.00,2,0
2026-06-12 16:59:46.815,0.00,0.00,0.00,0.00,2,0
2026-06-12 16:59:46.865,0.00,0.00,0.00,0.00,2,0
2026-06-12 16:59:46.916,0.00,0.00,0.00,0.00,2,0
2026-06-12 16:59:46.966,0.00,0.00,0.00,0.00,2,0
2026-06-12 16:59:47.016,0.00,0.00,0.00,0.00,2,0
2026-06-12 16:59:47.067,0.00,0.00,0.00,0.00,2,0
2026-06-12 16:59:47.117,0.00,0.00,0.00,0.00,2,0
2026-06-12 16:59:47.167,0.00,0.00,0.00,0.00,2,0
2026-06-12 16:59:47.218,0.00,0.00,0.00,0.00,2,0
2026-06-12 16:59:47.268,0.00,0.00,0.00,0.00,2,0
2026-06-12 16:59:47.319,0.00,0.00,0.00,0.00,2,0
2026-06-12 16:59:47.369,0.00,0.00,0.00,0.00,2,0
2026-06-12 16:59:47.420,0.00,0.00,0.00,0.00,2,0
2026-06-12 16:59:47.471,0.00,0.00,0.00,0.00,2,0
2026-06-12 16:59:47.521,0.00,0.00,0.00,0.00,2,0
2026-06-12 16:59:47.571,0.00,0.00,0.00,0.00,2,0
2026-06-12 16:59:47.621,0.00,0.00,0.00,0.00,2,0
2026-06-12 16:59:47.671,0.00,0.00,0.00,0.00,2,0
2026-06-12 16:59:47.722,0.00,0.00,0.00,0.00,2,0
2026-06-12 16:59:47.772,0.00,0.00,0.00,0.00,2,0
2026-06-12 16:59:47.823,0.00,0.00,0.00,0.00,2,0
2026-06-12 16:59:47.873,0.00,0.00,0.00,0.00,2,0
2026-06-12 16:59:47.923,0.00,0.00,0.00,0.00,2,0
2026-06-12 16:59:47.974,0.00,0.00,0.00,0.00,2,0
2026-06-12 16:59:48.024,0.00,0.00,0.00,0.00,2,0
2026-06-12 16:59:48.075,0.00,0.00,0.00,0.00,2,0
2026-06-12 16:59:48.125,0.00,0.00,0.00,0.00,2,0
2026-06-12 16:59:48.175,0.00,0.00,0.00,0.00,2,0
2026-06-12 16:59:48.226,0.00,0.00,0.00,0.00,2,0
2026-06-12 16:59:48.276,0.00,0.00,0.00,0.00,2,0
2026-06-12 16:59:48.327,0.00,0.00,0.00,0.00,2,0
2026-06-12 16:59:48.377,0.00,0.00,0.00,0.00,2,0
2026-06-12 16:59:48.428,0.00,0.00,0.00,0.00,2,0
2026-06-12 16:59:48.478,0.00,0.00,0.00,0.00,2,0
2026-06-12 16:59:48.528,0.00,0.00,0.00,0.00,2,0
2026-06-12 16:59:48.579,0.00,0.00,0.00,0.00,2,0
2026-06-12 16:59:48.629,0.00,0.00,0.00,0.00,2,0
2026-06-12 16:59:48.680,0.00,0.00,0.00,0.00,2,0
2026-06-12 16:59:48.730,0.00,0.00,0.00,0.00,2,0
2026-06-12 16:59:48.781,0.00,0.00,0.00,0.00,2,0
2026-06-12 16:59:48.831,0.00,0.00,0.00,0.00,2,0
2026-06-12 16:59:48.881,0.00,0.00,0.00,0.00,2,0
2026-06-12 16:59:48.932,0.00,0.00,0.00,0.00,2,0
2026-06-12 16:59:48.982,0.00,0.00,0.00,0.00,2,0
2026-06-12 16:59:49.032,0.00,0.00,0.00,0.00,2,0
2026-06-12 16:59:49.083,0.00,0.00,0.00,0.00,2,0
2026-06-12 16:59:49.133,0.00,0.00,0.00,0.00,2,0
2026-06-12 16:59:49.184,0.00,0.00,0.00,0.00,2,0
2026-06-12 16:59:49.234,0.00,0.00,0.00,0.00,2,0
2026-06-12 16:59:49.284,0.00,0.00,0.00,0.00,2,0
2026-06-12 16:59:49.335,0.00,0.00,0.00,0.00,2,0
2026-06-12 16:59:49.385,0.00,0.00,0.00,0.00,2,0
2026-06-12 16:59:49.436,0.00,0.00,0.00,0.00,2,0
2026-06-12 16:59:49.486,0.00,0.00,0.00,0.00,2,0
2026-06-12 16:59:49.536,0.00,0.00,0.00,0.00,2,0
2026-06-12 16:59:49.587,0.00,0.00,0.00,0.00,2,0
2026-06-12 16:59:49.637,0.00,0.00,0.00,0.00,2,0
2026-06-12 16:59:49.688,0.00,0.00,0.00,0.00,2,0
2026-06-12 16:59:49.738,0.00,0.00,0.00,0.00,2,0
2026-06-12 16:59:49.788,0.00,0.00,0.00,0.00,2,0
2026-06-12 16:59:49.839,0.00,0.00,0.00,0.00,2,0
2026-06-12 16:59:49.889,0.00,0.00,0.00,0.00,2,0
2026-06-12 16:59:49.940,0.00,0.00,0.00,0.00,2,0
2026-06-12 16:59:49.990,0.00,0.00,0.00,0.00,2,0
2026-06-12 16:59:50.041,0.00,0.00,0.00,0.00,2,0
2026-06-12 16:59:50.091,0.00,0.00,0.00,0.00,2,0
2026-06-12 16:59:50.142,0.00,0.00,0.00,0.00,2,0
2026-06-12 16:59:50.193,0.00,0.00,0.00,0.00,2,0
2026-06-12 16:59:50.242,0.00,0.00,0.00,0.00,2,0
2026-06-12 16:59:50.292,0.00,0.00,0.00,0.00,2,0
2026-06-12 16:59:50.343,0.00,0.00,0.00,0.00,2,0
2026-06-12 16:59:50.393,0.00,0.00,0.00,0.00,2,0
2026-06-12 16:59:50.444,0.00,0.00,0.00,0.00,2,0
2026-06-12 16:59:50.494,0.00,0.00,0.00,0.00,2,0
2026-06-12 16:59:50.544,0.00,0.00,0.00,0.00,2,0
2026-06-12 16:59:50.595,0.00,0.00,0.00,0.00,2,0
2026-06-12 16:59:50.645,0.00,0.00,0.00,0.00,2,0
2026-06-12 16:59:50.696,0.00,0.00,0.00,0.00,2,0
2026-06-12 16:59:50.746,0.00,0.00,0.00,0.00,2,0
2026-06-12 16:59:50.796,0.00,0.00,0.00,0.00,2,0
2026-06-12 16:59:50.847,0.00,0.00,0.00,0.00,2,0
2026-06-12 16:59:50.897,0.00,0.00,0.00,0.00,2,0
2026-06-12 16:59:50.947,0.00,0.00,0.00,0.00,2,0
2026-06-12 16:59:50.998,0.00,0.00,0.00,0.00,2,0
2026-06-12 16:59:51.048,0.00,0.00,0.00,0.00,2,0
2026-06-12 16:59:51.099,0.00,0.00,0.00,0.00,2,0
2026-06-12 16:59:51.149,0.00,0.00,0.00,0.00,2,0
2026-06-12 16:59:51.200,0.00,0.00,0.00,0.00,2,0
2026-06-12 16:59:51.250,0.00,0.00,0.00,0.00,2,0
2026-06-12 16:59:51.300,0.00,0.00,0.00,0.00,2,0
2026-06-12 16:59:51.351,0.00,0.00,0.00,0.00,2,0
2026-06-12 16:59:51.401,0.00,0.00,0.00,0.00,2,0
2026-06-12 16:59:51.454,0.00,0.00,0.00,0.00,2,0
2026-06-12 16:59:51.502,0.00,0.00,0.00,0.00,2,0
2026-06-12 16:59:51.552,0.00,0.00,0.00,0.00,2,0
2026-06-12 16:59:51.603,0.00,0.00,0.00,0.00,2,0
2026-06-12 16:59:51.653,0.00,0.00,0.00,0.00,2,0
2026-06-12 16:59:51.704,0.00,0.00,0.00,0.00,2,0
2026-06-12 16:59:51.754,0.00,0.00,0.00,0.00,2,0
2026-06-12 16:59:51.806,0.00,0.00,0.00,0.00,2,0
2026-06-12 16:59:51.855,0.00,0.00,0.00,0.00,2,0
2026-06-12 16:59:51.905,0.00,0.00,0.00,0.00,2,0
2026-06-12 16:59:51.956,0.00,0.00,0.00,0.00,2,0
2026-06-12 16:59:52.006,0.00,0.00,0.00,0.00,2,0
2026-06-12 16:59:52.056,0.00,0.00,0.00,0.00,2,0
2026-06-12 16:59:52.108,0.00,0.00,0.00,0.00,2,0
2026-06-12 16:59:52.157,0.00,0.00,0.00,0.00,2,0
2026-06-12 16:59:52.208,0.00,0.00,0.00,0.00,2,0
2026-06-12 16:59:52.258,0.00,0.00,0.00,0.00,2,0
2026-06-12 16:59:52.308,0.00,0.00,0.00,0.00,2,0
2026-06-12 16:59:52.359,0.00,0.00,0.00,0.00,2,0
2026-06-12 16:59:52.409,0.00,0.00,0.00,0.00,2,0
2026-06-12 16:59:52.460,0.00,0.00,0.00,0.00,2,0
2026-06-12 16:59:52.510,0.00,0.00,0.00,0.00,2,0
2026-06-12 16:59:52.561,0.00,0.00,0.00,0.00,2,0
2026-06-12 16:59:52.611,0.00,0.00,0.00,0.00,2,0
2026-06-12 16:59:52.661,0.00,0.00,0.00,0.00,2,0
2026-06-12 16:59:52.712,0.00,0.00,0.00,0.00,2,0
2026-06-12 16:59:52.762,0.00,0.00,0.00,0.00,2,0
2026-06-12 16:59:52.813,0.00,0.00,0.00,0.00,2,0
2026-06-12 16:59:52.863,0.00,0.00,0.00,0.00,2,0
2026-06-12 16:59:52.913,0.00,0.00,0.00,0.00,2,0
2026-06-12 16:59:52.964,0.00,0.00,0.00,0.00,2,0
2026-06-12 16:59:53.014,0.00,0.00,0.00,0.00,2,0
2026-06-12 16:59:53.064,0.00,0.00,0.00,0.00,2,0
2026-06-12 16:59:53.115,0.00,0.00,0.00,0.00,2,0
2026-06-12 16:59:53.165,0.00,0.00,0.00,0.00,2,0
2026-06-12 16:59:53.216,0.00,0.00,0.00,0.00,2,0
2026-06-12 16:59:53.266,0.00,0.00,0.00,0.00,2,0
2026-06-12 16:59:53.316,0.00,0.00,0.00,0.00,2,0
2026-06-12 16:59:53.367,0.00,0.00,0.00,0.00,2,0
2026-06-12 16:59:53.418,0.00,0.00,0.00,0.00,2,0
2026-06-12 16:59:53.468,0.00,0.00,0.00,0.00,2,0
2026-06-12 16:59:53.518,0.00,0.00,0.00,0.00,2,0
2026-06-12 16:59:53.568,0.00,0.00,0.00,0.00,2,0
2026-06-12 16:59:53.619,0.00,0.00,0.00,0.00,2,0
2026-06-12 16:59:53.669,0.00,0.00,0.00,0.00,2,0
2026-06-12 16:59:53.720,0.00,0.00,0.00,0.00,2,0
2026-06-12 16:59:53.770,0.00,0.00,0.00,0.00,2,0
2026-06-12 16:59:53.821,0.00,0.00,0.00,0.00,2,0
2026-06-12 16:59:53.871,0.00,0.00,0.00,0.00,2,0
2026-06-12 16:59:53.921,0.00,0.00,0.00,0.00,2,0
2026-06-12 16:59:53.972,0.00,0.00,0.00,0.00,2,0
2026-06-12 16:59:54.022,0.00,0.00,0.00,0.00,2,0
2026-06-12 16:59:54.072,0.00,0.00,0.00,0.00,2,0
2026-06-12 16:59:54.123,0.00,0.00,0.00,0.00,2,0
2026-06-12 16:59:54.174,0.00,0.00,0.00,0.00,2,0
2026-06-12 16:59:54.224,0.00,0.00,0.00,0.00,2,0
2026-06-12 16:59:54.274,0.00,0.00,0.00,0.00,2,0
2026-06-12 16:59:54.324,0.00,0.00,0.00,0.00,2,0
2026-06-12 16:59:54.375,0.00,0.00,0.00,0.00,2,0
2026-06-12 16:59:54.425,0.00,0.00,0.00,0.00,2,0
2026-06-12 16:59:54.476,0.00,0.00,0.00,0.00,2,0
2026-06-12 16:59:54.526,0.00,0.00,0.00,0.00,2,0
2026-06-12 16:59:54.576,0.00,0.00,0.00,0.00,2,0
2026-06-12 16:59:54.627,0.00,0.00,0.00,0.00,2,0
2026-06-12 16:59:54.677,0.00,0.00,0.00,0.00,2,0
2026-06-12 16:59:54.728,0.00,0.00,0.00,0.00,2,0
2026-06-12 16:59:54.778,0.00,0.00,0.00,0.00,2,0
2026-06-12 16:59:54.830,0.00,0.00,0.00,0.00,2,0
2026-06-12 16:59:54.879,0.00,0.00,0.00,0.00,2,0
2026-06-12 16:59:54.929,0.00,0.00,0.00,0.00,2,0
2026-06-12 16:59:54.980,0.00,0.00,0.00,0.00,2,0
2026-06-12 16:59:55.030,0.00,0.00,0.00,0.00,2,0
2026-06-12 16:59:55.080,0.00,0.00,0.00,0.00,2,0
2026-06-12 16:59:55.131,0.00,0.00,0.00,0.00,2,0
2026-06-12 16:59:55.182,0.00,0.00,0.00,0.00,2,0
2026-06-12 16:59:55.232,0.00,0.00,0.00,0.00,2,0
2026-06-12 16:59:55.282,0.00,0.00,0.00,0.00,2,0
2026-06-12 16:59:55.332,0.00,0.00,0.00,0.00,2,0
2026-06-12 16:59:55.383,0.00,0.00,0.00,0.00,2,0
2026-06-12 16:59:55.433,0.00,0.00,0.00,0.00,2,0
2026-06-12 16:59:55.484,0.00,0.00,0.00,0.00,2,0
2026-06-12 16:59:55.534,0.00,0.00,0.00,0.00,2,0
2026-06-12 16:59:55.584,0.00,0.00,0.00,0.00,2,0
2026-06-12 16:59:55.635,0.00,0.00,0.00,0.00,2,0
2026-06-12 16:59:55.685,0.00,0.00,0.00,0.00,2,0
2026-06-12 16:59:55.736,0.00,0.00,0.00,0.00,2,0
2026-06-12 16:59:55.786,0.00,0.00,0.00,0.00,2,0
2026-06-12 16:59:55.836,0.00,0.00,0.00,0.00,2,0
2026-06-12 16:59:55.887,0.00,0.00,0.00,0.00,2,0
2026-06-12 16:59:55.937,0.00,0.00,0.00,0.00,2,0
2026-06-12 16:59:55.988,0.00,0.00,0.00,0.00,2,0
2026-06-12 16:59:56.038,0.00,0.00,0.00,0.00,2,0
2026-06-12 16:59:56.089,0.00,0.00,0.00,0.00,2,0
2026-06-12 16:59:56.139,0.00,0.00,0.00,0.00,2,0
2026-06-12 16:59:56.189,0.00,0.00,0.00,0.00,2,0
2026-06-12 16:59:56.240,0.00,0.00,0.00,0.00,2,0
2026-06-12 16:59:56.291,0.00,0.00,0.00,0.00,2,0
2026-06-12 16:59:56.341,0.00,0.00,0.00,0.00,2,0
2026-06-12 16:59:56.391,0.00,0.00,0.00,0.00,2,0
2026-06-12 16:59:56.441,0.00,0.00,0.00,0.00,2,0
2026-06-12 16:59:56.492,0.00,0.00,0.00,0.00,2,0
2026-06-12 16:59:56.542,0.00,0.00,0.00,0.00,2,0
2026-06-12 16:59:56.593,0.00,0.00,0.00,0.00,2,0
2026-06-12 16:59:56.643,0.00,0.00,0.00,0.00,2,0
2026-06-12 16:59:56.693,0.00,0.00,0.00,0.00,2,0
2026-06-12 16:59:56.744,0.00,0.00,0.00,0.00,2,0
2026-06-12 16:59:56.794,0.00,0.00,0.00,0.00,2,0
2026-06-12 16:59:56.845,0.00,0.00,0.00,0.00,2,0
2026-06-12 16:59:56.895,0.00,0.00,0.00,0.00,2,0
2026-06-12 16:59:56.945,0.00,0.00,0.00,0.00,2,0
2026-06-12 16:59:56.996,0.00,0.00,0.00,0.00,2,0
2026-06-12 16:59:57.046,0.00,0.00,0.00,0.00,2,0
2026-06-12 16:59:57.097,0.00,0.00,0.00,0.00,2,0
2026-06-12 16:59:57.147,0.00,0.00,0.00,0.00,2,0
2026-06-12 16:59:57.197,0.00,0.00,0.00,0.00,2,0
2026-06-12 16:59:57.248,0.00,0.00,0.00,0.00,2,0
2026-06-12 16:59:57.298,0.00,0.00,0.00,0.00,2,0
2026-06-12 16:59:57.348,0.00,0.00,0.00,0.00,2,0
2026-06-12 16:59:57.399,0.00,0.00,0.00,0.00,2,0
2026-06-12 16:59:57.449,0.00,0.00,0.00,0.00,2,0
2026-06-12 16:59:57.500,0.00,0.00,0.00,0.00,2,0
2026-06-12 16:59:57.551,0.00,0.00,0.00,0.00,2,0
2026-06-12 16:59:57.601,0.00,0.00,0.00,0.00,2,0
2026-06-12 16:59:57.651,0.00,0.00,0.00,0.00,2,0
2026-06-12 16:59:57.701,0.00,0.00,0.00,0.00,2,0
2026-06-12 16:59:57.752,0.00,0.00,0.00,0.00,2,0
2026-06-12 16:59:57.802,0.00,0.00,0.00,0.00,2,0
2026-06-12 16:59:57.853,0.00,0.00,0.00,0.00,2,0
2026-06-12 16:59:57.903,0.00,0.00,0.00,0.00,2,0
2026-06-12 16:59:57.953,0.00,0.00,0.00,0.00,2,0
2026-06-12 16:59:58.004,0.00,0.00,0.00,0.00,2,0
2026-06-12 16:59:58.054,0.00,0.00,0.00,0.00,2,0
2026-06-12 16:59:58.104,0.00,0.00,0.00,0.00,2,0
2026-06-12 16:59:58.155,0.00,0.00,0.00,0.00,2,0
2026-06-12 16:59:58.205,0.00,0.00,0.00,0.00,2,0
2026-06-12 16:59:58.256,0.00,0.00,0.00,0.00,2,0
2026-06-12 16:59:58.306,0.00,0.00,0.00,0.00,2,0
2026-06-12 16:59:58.357,0.00,0.00,0.00,0.00,2,0
2026-06-12 16:59:58.407,0.00,0.00,0.00,0.00,2,0
2026-06-12 16:59:58.457,0.00,0.00,0.00,0.00,2,0
2026-06-12 16:59:58.508,0.00,0.00,0.00,0.00,2,0
2026-06-12 16:59:58.558,0.00,0.00,0.00,0.00,2,0
2026-06-12 16:59:58.609,0.00,0.00,0.00,0.00,2,0
2026-06-12 16:59:58.659,0.00,0.00,0.00,0.00,2,0
2026-06-12 16:59:58.709,0.00,0.00,0.00,0.00,2,0
2026-06-12 16:59:58.760,0.00,0.00,0.00,0.00,2,0
2026-06-12 16:59:58.810,0.00,0.00,0.00,0.00,2,0
2026-06-12 16:59:58.861,0.00,0.00,0.00,0.00,2,0
2026-06-12 16:59:58.911,0.00,0.00,0.00,0.00,2,0
2026-06-12 16:59:58.962,0.00,0.00,0.00,0.00,2,0
2026-06-12 16:59:59.013,0.00,0.00,0.00,0.00,2,0
2026-06-12 16:59:59.062,0.00,0.00,0.00,0.00,2,0
2026-06-12 16:59:59.113,0.00,0.00,0.00,0.00,2,0
2026-06-12 16:59:59.163,0.00,0.00,0.00,0.00,2,0
2026-06-12 16:59:59.213,0.00,0.00,0.00,0.00,2,0
2026-06-12 16:59:59.264,0.00,0.00,0.00,0.00,2,0
2026-06-12 16:59:59.314,0.00,0.00,0.00,0.00,2,0
2026-06-12 16:59:59.364,0.00,0.00,0.00,0.00,2,0
2026-06-12 16:59:59.415,0.00,0.00,0.00,0.00,2,0
2026-06-12 16:59:59.465,0.00,0.00,0.00,0.00,2,0
2026-06-12 16:59:59.516,0.00,0.00,0.00,0.00,2,0
2026-06-12 16:59:59.567,0.00,0.00,0.00,0.00,2,0
2026-06-12 16:59:59.617,0.00,0.00,0.00,0.00,2,0
2026-06-12 16:59:59.667,0.00,0.00,0.00,0.00,2,0
2026-06-12 16:59:59.718,0.00,0.00,0.00,0.00,2,0
2026-06-12 16:59:59.768,0.00,0.00,0.00,0.00,2,0
2026-06-12 16:59:59.819,0.00,0.00,0.00,0.00,2,0
2026-06-12 16:59:59.869,0.00,0.00,0.00,0.00,2,0
2026-06-12 16:59:59.919,0.00,0.00,0.00,0.00,2,0
2026-06-12 16:59:59.969,0.00,0.00,0.00,0.00,2,0
2026-06-12 17:00:00.021,0.00,0.00,0.00,0.00,2,0
2026-06-12 17:00:00.071,0.00,0.00,0.00,0.00,2,0
2026-06-12 17:00:00.121,0.00,0.00,0.00,0.00,2,0
2026-06-12 17:00:00.171,0.00,0.00,0.00,0.00,2,0
2026-06-12 17:00:00.221,0.00,0.00,0.00,0.00,2,0
2026-06-12 17:00:00.272,0.00,0.00,0.00,0.00,2,0
2026-06-12 17:00:00.322,0.00,0.00,0.00,0.00,2,0
2026-06-12 17:00:00.373,0.00,0.00,0.00,0.00,2,0
2026-06-12 17:00:00.423,0.00,0.00,0.00,0.00,2,0
