Timestamp,Speed_kmh,Accel_ms2,Raw_RPM,Filtered_RPM,Brake_State,Control_Mode
2026-06-13 14:22:10.628,0.00,0.00,0.00,0.00,0,0
2026-06-13 14:22:10.678,0.00,0.00,0.00,0.00,0,2
2026-06-13 14:22:10.729,0.00,0.00,0.00,0.00,2,0
2026-06-13 14:22:10.779,0.00,0.00,0.00,0.00,2,0
2026-06-13 14:22:10.830,0.00,0.00,0.00,0.00,2,0
2026-06-13 14:22:10.880,0.00,0.00,0.00,0.00,2,0
2026-06-13 14:22:10.930,0.00,0.00,0.00,0.00,2,0
2026-06-13 14:22:10.981,0.00,0.00,0.00,0.00,2,0
2026-06-13 14:22:11.031,0.00,0.00,0.00,0.00,2,0
2026-06-13 14:22:11.082,0.00,0.00,0.00,0.00,2,0
2026-06-13 14:22:11.132,0.00,0.00,0.00,0.00,2,0
2026-06-13 14:22:11.182,0.00,0.00,0.00,0.00,2,0
2026-06-13 14:22:11.233,0.00,0.00,0.00,0.00,2,0
2026-06-13 14:22:11.283,0.00,0.00,0.00,0.00,2,0
2026-06-13 14:22:11.334,0.00,0.00,0.00,0.00,2,0
2026-06-13 14:22:11.384,0.00,0.00,0.00,0.00,2,0
2026-06-13 14:22:11.434,0.00,0.00,0.00,0.00,2,0
2026-06-13 14:22:11.485,0.00,0.00,0.00,0.00,2,0
2026-06-13 14:22:11.535,0.00,0.00,0.00,0.00,2,0
2026-06-13 14:22:11.586,0.00,0.00,0.00,0.00,2,0
2026-06-13 14:22:11.636,0.00,0.00,0.00,0.00,2,0
2026-06-13 14:22:11.687,0.00,0.00,0.00,0.00,2,0
2026-06-13 14:22:11.738,0.00,0.00,0.00,0.00,2,0
2026-06-13 14:22:11.788,0.00,0.00,0.00,0.00,2,0
2026-06-13 14:22:11.838,0.00,0.00,0.00,0.00,2,0
2026-06-13 14:22:11.888,0.00,0.00,0.00,0.00,2,0
2026-06-13 14:22:11.939,0.00,0.00,0.00,0.00,2,0
2026-06-13 14:22:11.993,0.00,0.00,0.00,0.00,2,0
2026-06-13 14:22:12.040,0.00,0.00,0.00,0.00,2,0
2026-06-13 14:22:12.090,0.00,0.00,0.00,0.00,2,0
2026-06-13 14:22:12.140,0.00,0.00,0.00,0.00,2,0
2026-06-13 14:22:12.190,0.00,0.00,0.00,0.00,2,0
2026-06-13 14:22:12.241,0.00,0.00,0.00,0.00,2,0
2026-06-13 14:22:12.291,0.00,0.00,0.00,0.00,2,0
2026-06-13 14:22:12.342,0.00,0.00,0.00,0.00,2,0
2026-06-13 14:22:12.392,0.00,0.00,0.00,0.00,2,0
2026-06-13 14:22:12.442,0.00,0.00,0.00,0.00,2,0
2026-06-13 14:22:12.493,0.00,0.00,0.00,0.00,2,0
2026-06-13 14:22:12.543,0.00,0.00,0.00,0.00,2,0
2026-06-13 14:22:12.594,0.00,0.00,0.00,0.00,2,0
2026-06-13 14:22:12.644,0.00,0.00,0.00,0.00,2,0
2026-06-13 14:22:12.695,0.00,0.00,0.00,0.00,2,0
2026-06-13 14:22:12.745,0.00,0.00,0.00,0.00,2,0
2026-06-13 14:22:12.795,0.00,0.00,0.00,0.00,2,0
2026-06-13 14:22:12.846,0.00,0.00,0.00,0.00,2,0
2026-06-13 14:22:12.896,0.00,0.00,0.00,0.00,2,0
2026-06-13 14:22:12.947,0.00,0.00,0.00,0.00,2,0
2026-06-13 14:22:12.997,0.00,0.00,0.00,0.00,2,0
2026-06-13 14:22:13.047,0.00,0.00,0.00,0.00,2,0
2026-06-13 14:22:13.098,0.00,0.00,0.00,0.00,2,0
2026-06-13 14:22:13.148,0.00,0.00,0.00,0.00,2,0
2026-06-13 14:22:13.199,0.00,0.00,0.00,0.00,2,0
2026-06-13 14:22:13.249,0.00,0.00,0.00,0.00,2,0
2026-06-13 14:22:13.300,0.00,0.00,0.00,0.00,2,0
2026-06-13 14:22:13.350,0.00,0.00,0.00,0.00,2,0
2026-06-13 14:22:13.400,0.00,0.00,0.00,0.00,2,0
2026-06-13 14:22:13.451,0.00,0.00,0.00,0.00,2,0
2026-06-13 14:22:13.501,0.00,0.00,0.00,0.00,2,0
2026-06-13 14:22:13.551,0.00,0.00,0.00,0.00,2,0
2026-06-13 14:22:13.602,0.00,0.00,0.00,0.00,2,0
2026-06-13 14:22:13.652,0.00,0.00,0.00,0.00,2,0
2026-06-13 14:22:13.703,0.00,0.00,0.00,0.00,2,0
2026-06-13 14:22:13.753,0.00,0.00,0.00,0.00,2,0
2026-06-13 14:22:13.803,0.00,0.00,0.00,0.00,2,0
2026-06-13 14:22:13.854,0.00,0.00,0.00,0.00,2,0
2026-06-13 14:22:13.904,0.00,0.00,0.00,0.00,2,0
2026-06-13 14:22:13.955,0.00,0.00,0.00,0.00,2,0
2026-06-13 14:22:14.005,0.00,0.00,0.00,0.00,2,0
2026-06-13 14:22:14.055,0.00,0.00,0.00,0.00,2,0
2026-06-13 14:22:14.106,0.00,0.00,0.00,0.00,2,0
2026-06-13 14:22:14.156,0.00,0.00,0.00,0.00,2,0
2026-06-13 14:22:14.207,0.00,0.00,0.00,0.00,2,0
2026-06-13 14:22:14.257,0.00,0.00,0.00,0.00,2,0
2026-06-13 14:22:14.307,0.00,0.00,0.00,0.00,2,0
2026-06-13 14:22:14.358,0.00,0.00,0.00,0.00,2,0
2026-06-13 14:22:14.408,0.00,0.00,0.00,0.00,2,0
2026-06-13 14:22:14.459,0.00,0.00,0.00,0.00,2,0
2026-06-13 14:22:14.509,0.00,0.00,0.00,0.00,2,0
2026-06-13 14:22:14.560,0.00,0.00,0.00,0.00,2,0
2026-06-13 14:22:14.610,0.00,0.00,0.00,0.00,2,0
2026-06-13 14:22:14.660,0.00,0.00,0.00,0.00,2,0
2026-06-13 14:22:14.711,0.00,0.00,0.00,0.00,2,0
2026-06-13 14:22:14.761,0.00,0.00,0.00,0.00,2,0
2026-06-13 14:22:14.811,0.00,0.00,0.00,0.00,2,0
2026-06-13 14:22:14.862,0.00,0.00,0.00,0.00,2,0
2026-06-13 14:22:14.912,0.00,0.00,0.00,0.00,2,0
2026-06-13 14:22:14.963,0.00,0.00,0.00,0.00,2,0
2026-06-13 14:22:15.013,0.00,0.00,0.00,0.00,2,0
2026-06-13 14:22:15.063,0.00,0.00,0.00,0.00,2,0
2026-06-13 14:22:15.114,0.00,0.00,0.00,0.00,2,0
2026-06-13 14:22:15.164,0.00,0.00,0.00,0.00,2,0
2026-06-13 14:22:15.215,0.00,0.00,0.00,0.00,2,0
2026-06-13 14:22:15.265,0.00,0.00,0.00,0.00,2,0
2026-06-13 14:22:15.315,0.00,0.00,0.00,0.00,2,0
2026-06-13 14:22:15.366,0.00,0.00,0.00,0.00,2,0
2026-06-13 14:22:15.416,0.00,0.00,0.00,0.00,2,0
2026-06-13 14:22:15.467,0.00,0.00,0.00,0.00,2,0
2026-06-13 14:22:15.517,0.00,0.00,0.00,0.00,2,0
2026-06-13 14:22:15.568,0.00,0.00,0.00,0.00,2,0
2026-06-13 14:22:15.618,0.00,0.00,0.00,0.00,2,0
2026-06-13 14:22:15.668,0.00,0.00,0.00,0.00,2,0
2026-06-13 14:22:15.719,0.00,0.00,0.00,0.00,2,0
2026-06-13 14:22:15.769,0.00,0.00,0.00,0.00,2,0
2026-06-13 14:22:15.820,0.00,0.00,0.00,0.00,2,0
2026-06-13 14:22:15.870,0.00,0.00,0.00,0.00,2,0
2026-06-13 14:22:15.920,0.00,0.00,0.00,0.00,2,0
2026-06-13 14:22:15.971,0.00,0.00,0.00,0.00,2,0
2026-06-13 14:22:16.021,0.00,0.00,0.00,0.00,2,0
2026-06-13 14:22:16.072,0.00,0.00,0.00,0.00,2,0
2026-06-13 14:22:16.122,0.00,0.00,0.00,0.00,2,0
2026-06-13 14:22:16.172,0.00,0.00,0.00,0.00,2,0
2026-06-13 14:22:16.223,0.00,0.00,0.00,0.00,2,0
2026-06-13 14:22:16.273,0.00,0.00,0.00,0.00,2,0
2026-06-13 14:22:16.324,0.00,0.00,0.00,0.00,2,0
2026-06-13 14:22:16.374,0.00,0.00,0.00,0.00,2,0
2026-06-13 14:22:16.424,0.00,0.00,0.00,0.00,2,0
2026-06-13 14:22:16.475,0.00,0.00,0.00,0.00,2,0
2026-06-13 14:22:16.525,0.00,0.00,0.00,0.00,2,0
2026-06-13 14:22:16.576,0.00,0.00,0.00,0.00,2,0
2026-06-13 14:22:16.626,0.00,0.00,0.00,0.00,2,0
2026-06-13 14:22:16.676,0.00,0.00,0.00,0.00,2,0
2026-06-13 14:22:16.727,0.00,0.00,0.00,0.00,2,0
2026-06-13 14:22:16.777,0.00,0.00,0.00,0.00,2,0
2026-06-13 14:22:16.828,0.00,0.00,0.00,0.00,2,0
2026-06-13 14:22:16.878,0.00,0.00,0.00,0.00,2,0
2026-06-13 14:22:16.928,0.00,0.00,0.00,0.00,2,0
2026-06-13 14:22:16.979,0.00,0.00,0.00,0.00,2,0
2026-06-13 14:22:17.029,0.00,0.00,0.00,0.00,2,0
2026-06-13 14:22:17.080,0.00,0.00,0.00,0.00,2,0
2026-06-13 14:22:17.130,0.00,0.00,0.00,0.00,2,0
2026-06-13 14:22:17.181,0.00,0.00,0.00,0.00,2,0
2026-06-13 14:22:17.231,0.00,0.00,0.00,0.00,2,0
2026-06-13 14:22:17.281,0.00,0.00,0.00,0.00,2,0
2026-06-13 14:22:17.332,0.00,0.00,0.00,0.00,2,0
2026-06-13 14:22:17.382,0.00,0.00,0.00,0.00,2,0
2026-06-13 14:22:17.433,0.00,0.00,0.00,0.00,2,0
2026-06-13 14:22:17.483,0.00,0.00,0.00,0.00,2,0
2026-06-13 14:22:17.533,0.00,0.00,0.00,0.00,2,0
2026-06-13 14:22:17.584,0.00,0.00,0.00,0.00,2,0
2026-06-13 14:22:17.634,0.00,0.00,0.00,0.00,2,0
2026-06-13 14:22:17.685,0.00,0.00,0.00,0.00,2,0
2026-06-13 14:22:17.735,0.00,0.00,0.00,0.00,2,0
2026-06-13 14:22:17.785,0.00,0.00,0.00,0.00,2,0
2026-06-13 14:22:17.836,0.00,0.00,0.00,0.00,2,0
2026-06-13 14:22:17.886,0.00,0.00,0.00,0.00,2,0
2026-06-13 14:22:17.937,0.00,0.00,0.00,0.00,2,0
2026-06-13 14:22:17.987,0.00,0.00,0.00,0.00,2,0
2026-06-13 14:22:18.037,0.00,0.00,0.00,0.00,2,0
2026-06-13 14:22:18.088,0.00,0.00,0.00,0.00,2,0
2026-06-13 14:22:18.138,0.00,0.00,0.00,0.00,2,0
2026-06-13 14:22:18.189,0.00,0.00,0.00,0.00,2,0
2026-06-13 14:22:18.239,0.00,0.00,0.00,0.00,2,0
2026-06-13 14:22:18.290,0.00,0.00,0.00,0.00,2,0
2026-06-13 14:22:18.340,0.00,0.00,0.00,0.00,2,0
2026-06-13 14:22:18.390,0.00,0.00,0.00,0.00,2,0
2026-06-13 14:22:18.441,0.00,0.00,0.00,0.00,2,0
2026-06-13 14:22:18.491,0.00,0.00,0.00,0.00,2,0
2026-06-13 14:22:18.541,0.00,0.00,0.00,0.00,2,0
2026-06-13 14:22:18.592,0.00,0.00,0.00,0.00,2,0
2026-06-13 14:22:18.642,0.00,0.00,0.00,0.00,2,0
2026-06-13 14:22:18.693,0.00,0.00,0.00,0.00,2,0
2026-06-13 14:22:18.743,0.00,0.00,0.00,0.00,2,0
2026-06-13 14:22:18.793,0.00,0.00,0.00,0.00,2,0
2026-06-13 14:22:18.844,0.00,0.00,0.00,0.00,2,0
2026-06-13 14:22:18.894,0.00,0.00,0.00,0.00,2,0
2026-06-13 14:22:18.945,0.00,0.00,0.00,0.00,2,0
2026-06-13 14:22:18.995,0.00,0.00,0.00,0.00,2,0
2026-06-13 14:22:19.045,0.00,0.00,0.00,0.00,2,0
2026-06-13 14:22:19.096,0.00,0.00,0.00,0.00,2,0
2026-06-13 14:22:19.146,0.00,0.00,0.00,0.00,2,0
2026-06-13 14:22:19.197,0.00,0.00,0.00,0.00,2,0
2026-06-13 14:22:19.247,0.00,0.00,0.00,0.00,2,0
2026-06-13 14:22:19.297,0.00,0.00,0.00,0.00,2,0
2026-06-13 14:22:19.348,0.00,0.00,0.00,0.00,2,0
2026-06-13 14:22:19.398,0.00,0.00,0.00,0.00,2,0
2026-06-13 14:22:19.449,0.00,0.00,0.00,0.00,2,0
2026-06-13 14:22:19.499,0.00,0.00,0.00,0.00,2,0
2026-06-13 14:22:19.550,0.00,0.00,0.00,0.00,2,0
2026-06-13 14:22:19.600,0.00,0.00,0.00,0.00,2,0
2026-06-13 14:22:19.650,0.00,0.00,0.00,0.00,2,0
2026-06-13 14:22:19.701,0.00,0.00,0.00,0.00,2,0
2026-06-13 14:22:19.751,0.00,0.00,0.00,0.00,2,0
2026-06-13 14:22:19.801,0.00,0.00,0.00,0.00,2,0
2026-06-13 14:22:19.852,0.00,0.00,0.00,0.00,2,0
2026-06-13 14:22:19.902,0.00,0.00,0.00,0.00,2,0
2026-06-13 14:22:19.953,0.00,0.00,0.00,0.00,2,0
2026-06-13 14:22:20.003,0.00,0.00,0.00,0.00,2,0
2026-06-13 14:22:20.053,0.00,0.00,0.00,0.00,2,0
2026-06-13 14:22:20.104,0.00,0.00,0.00,0.00,2,0
2026-06-13 14:22:20.154,0.00,0.00,0.00,0.00,2,0
2026-06-13 14:22:20.205,0.00,0.00,0.00,0.00,2,0
2026-06-13 14:22:20.255,0.00,0.00,0.00,0.00,2,0
2026-06-13 14:22:20.306,0.00,0.00,0.00,0.00,2,0
2026-06-13 14:22:20.356,0.00,0.00,0.00,0.00,2,0
2026-06-13 14:22:20.406,0.00,0.00,0.00,0.00,2,0
2026-06-13 14:22:20.457,0.00,0.00,0.00,0.00,2,0
2026-06-13 14:22:20.507,0.00,0.00,0.00,0.00,2,0
2026-06-13 14:22:20.558,0.00,0.00,0.00,0.00,2,0
2026-06-13 14:22:20.608,0.00,0.00,0.00,0.00,2,0
2026-06-13 14:22:20.658,0.00,0.00,0.00,0.00,2,0
2026-06-13 14:22:20.709,0.00,0.00,0.00,0.00,2,0
2026-06-13 14:22:20.759,0.00,0.00,0.00,0.00,2,0
2026-06-13 14:22:20.810,0.00,0.00,0.00,0.00,2,0
2026-06-13 14:22:20.860,0.00,0.00,0.00,0.00,2,0
2026-06-13 14:22:20.910,0.00,0.00,0.00,0.00,2,0
2026-06-13 14:22:20.961,0.00,0.00,0.00,0.00,2,0
2026-06-13 14:22:21.011,0.00,0.00,0.00,0.00,2,0
2026-06-13 14:22:21.062,0.00,0.00,0.00,0.00,2,0
2026-06-13 14:22:21.112,0.00,0.00,0.00,0.00,2,0
2026-06-13 14:22:21.162,0.00,0.00,0.00,0.00,2,0
2026-06-13 14:22:21.213,0.00,0.00,0.00,0.00,2,0
2026-06-13 14:22:21.263,0.00,0.00,0.00,0.00,2,0
2026-06-13 14:22:21.314,0.00,0.00,0.00,0.00,2,0
2026-06-13 14:22:21.364,0.00,0.00,0.00,0.00,2,0
2026-06-13 14:22:21.414,0.00,0.00,0.00,0.00,2,0
2026-06-13 14:22:21.465,0.00,0.00,0.00,0.00,2,0
2026-06-13 14:22:21.515,0.00,0.00,0.00,0.00,2,0
2026-06-13 14:22:21.566,0.00,0.00,0.00,0.00,2,0
2026-06-13 14:22:21.616,0.00,0.00,0.00,0.00,2,0
2026-06-13 14:22:21.666,0.00,0.00,0.00,0.00,2,0
2026-06-13 14:22:21.717,0.00,0.00,0.00,0.00,2,0
2026-06-13 14:22:21.767,0.00,0.00,0.00,0.00,2,0
2026-06-13 14:22:21.818,0.00,0.00,0.00,0.00,2,0
2026-06-13 14:22:21.868,0.00,0.00,0.00,0.00,2,0
2026-06-13 14:22:21.918,0.00,0.00,0.00,0.00,2,0
2026-06-13 14:22:21.969,0.00,0.00,0.00,0.00,2,0
2026-06-13 14:22:22.020,0.00,0.00,0.00,0.00,2,0
2026-06-13 14:22:22.070,0.00,0.00,0.00,0.00,2,0
2026-06-13 14:22:22.120,0.00,0.00,0.00,0.00,2,0
2026-06-13 14:22:22.170,0.00,0.00,0.00,0.00,2,0
2026-06-13 14:22:22.221,0.00,0.00,0.00,0.00,2,0
2026-06-13 14:22:22.271,0.00,0.00,0.00,0.00,2,0
2026-06-13 14:22:22.322,0.00,0.00,0.00,0.00,2,0
2026-06-13 14:22:22.372,0.00,0.00,0.00,0.00,2,0
2026-06-13 14:22:22.423,0.00,0.00,0.00,0.00,2,0
2026-06-13 14:22:22.473,0.00,0.00,0.00,0.00,2,0
2026-06-13 14:22:22.523,0.00,0.00,0.00,0.00,2,0
2026-06-13 14:22:22.574,0.00,0.00,0.00,0.00,2,0
2026-06-13 14:22:22.624,0.00,0.00,0.00,0.00,2,0
2026-06-13 14:22:22.675,0.00,0.00,0.00,0.00,2,0
2026-06-13 14:22:22.725,0.00,0.00,0.00,0.00,2,0
2026-06-13 14:22:22.775,0.00,0.00,0.00,0.00,2,0
2026-06-13 14:22:22.826,0.00,0.00,0.00,0.00,2,0
2026-06-13 14:22:22.876,0.00,0.00,0.00,0.00,2,0
2026-06-13 14:22:22.927,0.00,0.00,0.00,0.00,2,0
2026-06-13 14:22:22.977,0.00,0.00,0.00,0.00,2,0
2026-06-13 14:22:23.027,0.00,0.00,0.00,0.00,2,0
2026-06-13 14:22:23.078,0.00,0.00,0.00,0.00,2,0
2026-06-13 14:22:23.128,0.00,0.00,0.00,0.00,2,0
2026-06-13 14:22:23.179,0.00,0.00,0.00,0.00,2,0
2026-06-13 14:22:23.229,0.00,0.00,0.00,0.00,2,0
2026-06-13 14:22:23.280,0.00,0.00,0.00,0.00,2,0
2026-06-13 14:22:23.330,0.00,0.00,0.00,0.00,2,0
2026-06-13 14:22:23.380,0.00,0.00,0.00,0.00,2,0
2026-06-13 14:22:23.431,0.00,0.00,0.00,0.00,2,0
2026-06-13 14:22:23.481,0.00,0.00,0.00,0.00,2,0
2026-06-13 14:22:23.531,0.00,0.00,0.00,0.00,2,0
2026-06-13 14:22:23.582,0.00,0.00,0.00,0.00,2,0
2026-06-13 14:22:23.632,0.00,0.00,0.00,0.00,2,0
2026-06-13 14:22:23.683,0.00,0.00,0.00,0.00,2,0
2026-06-13 14:22:23.733,0.00,0.00,0.00,0.00,2,0
2026-06-13 14:22:23.783,0.00,0.00,0.00,0.00,2,0
2026-06-13 14:22:23.834,0.00,0.00,0.00,0.00,2,0
2026-06-13 14:22:23.884,0.00,0.00,0.00,0.00,2,0
2026-06-13 14:22:23.935,0.00,0.00,0.00,0.00,2,0
2026-06-13 14:22:23.985,0.00,0.00,0.00,0.00,2,0
2026-06-13 14:22:24.035,0.00,0.00,0.00,0.00,2,0
2026-06-13 14:22:24.086,0.00,0.00,0.00,0.00,2,0
2026-06-13 14:22:24.136,0.00,0.00,0.00,0.00,2,0
2026-06-13 14:22:24.187,0.00,0.00,0.00,0.00,2,0
2026-06-13 14:22:24.237,0.00,0.00,0.00,0.00,2,0
2026-06-13 14:22:24.287,0.00,0.00,0.00,0.00,2,0
2026-06-13 14:22:24.338,0.00,0.00,0.00,0.00,2,0
2026-06-13 14:22:24.388,0.00,0.00,0.00,0.00,2,0
2026-06-13 14:22:24.439,0.00,0.00,0.00,0.00,2,0
2026-06-13 14:22:24.489,0.00,0.00,0.00,0.00,2,0
2026-06-13 14:22:24.540,0.00,0.00,0.00,0.00,2,0
2026-06-13 14:22:24.590,0.00,0.00,0.00,0.00,2,0
2026-06-13 14:22:24.640,0.00,0.00,0.00,0.00,2,0
2026-06-13 14:22:24.691,0.00,0.00,0.00,0.00,2,0
2026-06-13 14:22:24.741,0.00,0.00,0.00,0.00,2,0
2026-06-13 14:22:24.792,0.00,0.00,0.00,0.00,2,0
2026-06-13 14:22:24.842,0.00,0.00,0.00,0.00,2,0
2026-06-13 14:22:24.892,0.00,0.00,0.00,0.00,2,0
2026-06-13 14:22:24.943,0.00,0.00,0.00,0.00,2,0
2026-06-13 14:22:24.993,0.00,0.00,0.00,0.00,2,0
2026-06-13 14:22:25.044,0.00,0.00,0.00,0.00,2,0
2026-06-13 14:22:25.094,0.00,0.00,0.00,0.00,2,0
2026-06-13 14:22:25.144,0.00,0.00,0.00,0.00,2,0
2026-06-13 14:22:25.195,0.00,0.00,0.00,0.00,2,0
2026-06-13 14:22:25.245,0.00,0.00,0.00,0.00,2,0
2026-06-13 14:22:25.296,0.00,0.00,0.00,0.00,2,0
2026-06-13 14:22:25.346,0.00,0.00,0.00,0.00,2,0
2026-06-13 14:22:25.396,0.00,0.00,0.00,0.00,2,0
2026-06-13 14:22:25.447,0.00,0.00,0.00,0.00,2,0
2026-06-13 14:22:25.497,0.00,0.00,0.00,0.00,2,0
2026-06-13 14:22:25.548,0.00,0.00,0.00,0.00,2,0
2026-06-13 14:22:25.598,0.00,0.00,0.00,0.00,2,0
2026-06-13 14:22:25.648,0.00,0.00,0.00,0.00,2,0
2026-06-13 14:22:25.699,0.00,0.00,0.00,0.00,2,0
2026-06-13 14:22:25.749,0.00,0.00,0.00,0.00,2,0
2026-06-13 14:22:25.800,0.00,0.00,0.00,0.00,2,0
2026-06-13 14:22:25.850,0.00,0.00,0.00,0.00,2,0
2026-06-13 14:22:25.900,0.00,0.00,0.00,0.00,2,0
2026-06-13 14:22:25.951,0.00,0.00,0.00,0.00,2,0
2026-06-13 14:22:26.001,0.00,0.00,0.00,0.00,2,0
2026-06-13 14:22:26.052,0.00,0.00,0.00,0.00,2,0
2026-06-13 14:22:26.102,0.00,0.00,0.00,0.00,2,0
2026-06-13 14:22:26.152,0.00,0.00,0.00,0.00,2,0
2026-06-13 14:22:26.203,0.00,0.00,0.00,0.00,2,0
2026-06-13 14:22:26.253,0.00,0.00,0.00,0.00,2,0
2026-06-13 14:22:26.304,0.00,0.00,0.00,0.00,2,0
2026-06-13 14:22:26.354,0.00,0.00,0.00,0.00,2,0
2026-06-13 14:22:26.404,0.00,0.00,0.00,0.00,2,0
2026-06-13 14:22:26.455,0.00,0.00,0.00,0.00,2,0
2026-06-13 14:22:26.505,0.00,0.00,0.00,0.00,2,0
2026-06-13 14:22:26.556,0.00,0.00,0.00,0.00,2,0
2026-06-13 14:22:26.606,0.00,0.00,0.00,0.00,2,0
2026-06-13 14:22:26.656,0.00,0.00,0.00,0.00,2,0
2026-06-13 14:22:26.707,0.00,0.00,0.00,0.00,2,0
2026-06-13 14:22:26.757,0.00,0.00,0.00,0.00,2,0
2026-06-13 14:22:26.808,0.00,0.00,0.00,0.00,2,0
2026-06-13 14:22:26.858,0.00,0.00,0.00,0.00,2,0
2026-06-13 14:22:26.909,0.00,0.00,0.00,0.00,2,0
2026-06-13 14:22:26.959,0.00,0.00,0.00,0.00,2,0
2026-06-13 14:22:27.009,0.00,0.00,0.00,0.00,2,0
2026-06-13 14:22:27.060,0.00,0.00,0.00,0.00,2,0
2026-06-13 14:22:27.110,0.00,0.00,0.00,0.00,2,0
2026-06-13 14:22:27.161,0.00,0.00,0.00,0.00,2,0
2026-06-13 14:22:27.211,0.00,0.00,0.00,0.00,2,0
2026-06-13 14:22:27.261,0.00,0.00,0.00,0.00,2,0
2026-06-13 14:22:27.312,0.00,0.00,0.00,0.00,2,0
2026-06-13 14:22:27.362,0.00,0.00,0.00,0.00,2,0
2026-06-13 14:22:27.413,0.00,0.00,0.00,0.00,2,0
2026-06-13 14:22:27.463,0.00,0.00,0.00,0.00,2,0
2026-06-13 14:22:27.513,0.00,0.00,0.00,0.00,2,0
2026-06-13 14:22:27.564,0.00,0.00,0.00,0.00,2,0
2026-06-13 14:22:27.614,0.00,0.00,0.00,0.00,2,0
2026-06-13 14:22:27.665,0.00,0.00,0.00,0.00,2,0
2026-06-13 14:22:27.715,0.00,0.00,0.00,0.00,2,0
2026-06-13 14:22:27.765,0.00,0.00,0.00,0.00,2,0
2026-06-13 14:22:27.816,0.00,0.00,0.00,0.00,2,0
2026-06-13 14:22:27.866,0.00,0.00,0.00,0.00,2,0
2026-06-13 14:22:27.917,0.00,0.00,0.00,0.00,2,0
2026-06-13 14:22:27.967,0.00,0.00,0.00,0.00,2,0
2026-06-13 14:22:28.017,0.00,0.00,0.00,0.00,2,0
2026-06-13 14:22:28.068,0.00,0.00,0.00,0.00,2,0
2026-06-13 14:22:28.118,0.00,0.00,0.00,0.00,2,0
2026-06-13 14:22:28.169,0.00,0.00,0.00,0.00,2,0
2026-06-13 14:22:28.219,0.00,0.00,0.00,0.00,2,0
2026-06-13 14:22:28.270,0.00,0.00,0.00,0.00,2,0
2026-06-13 14:22:28.320,0.00,0.00,0.00,0.00,2,0
2026-06-13 14:22:28.370,0.00,0.00,0.00,0.00,2,0
2026-06-13 14:22:28.421,0.00,0.00,0.00,0.00,2,0
2026-06-13 14:22:28.471,0.00,0.00,0.00,0.00,2,0
2026-06-13 14:22:28.521,0.00,0.00,0.00,0.00,2,0
2026-06-13 14:22:28.572,0.00,0.00,0.00,0.00,2,0
2026-06-13 14:22:28.622,0.00,0.00,0.00,0.00,2,0
2026-06-13 14:22:28.673,0.00,0.00,0.00,0.00,2,0
2026-06-13 14:22:28.723,0.00,0.00,0.00,0.00,2,0
2026-06-13 14:22:28.773,0.00,0.00,0.00,0.00,2,0
2026-06-13 14:22:28.824,0.00,0.00,0.00,0.00,2,0
2026-06-13 14:22:28.874,0.00,0.00,0.00,0.00,2,0
2026-06-13 14:22:28.925,0.00,0.00,0.00,0.00,2,0
2026-06-13 14:22:28.975,0.00,0.00,0.00,0.00,2,0
2026-06-13 14:22:29.026,0.00,0.00,0.00,0.00,2,0
2026-06-13 14:22:29.076,0.00,0.00,0.00,0.00,2,0
2026-06-13 14:22:29.126,0.00,0.00,0.00,0.00,2,0
2026-06-13 14:22:29.177,0.00,0.00,0.00,0.00,2,0
2026-06-13 14:22:29.227,0.00,0.00,0.00,0.00,2,0
2026-06-13 14:22:29.278,0.00,0.00,0.00,0.00,2,0
2026-06-13 14:22:29.328,0.00,0.00,0.00,0.00,2,0
2026-06-13 14:22:29.378,0.00,0.00,0.00,0.00,2,0
2026-06-13 14:22:29.429,0.00,0.00,0.00,0.00,2,0
2026-06-13 14:22:29.479,0.00,0.00,0.00,0.00,2,0
2026-06-13 14:22:29.530,0.00,0.00,0.00,0.00,2,0
2026-06-13 14:22:29.580,0.00,0.00,0.00,0.00,2,0
2026-06-13 14:22:29.630,0.00,0.00,0.00,0.00,2,0
2026-06-13 14:22:29.681,0.00,0.00,0.00,0.00,2,0
2026-06-13 14:22:29.731,0.00,0.00,0.00,0.00,2,0
2026-06-13 14:22:29.782,0.00,0.00,0.00,0.00,2,0
2026-06-13 14:22:29.832,0.00,0.00,0.00,0.00,2,0
2026-06-13 14:22:29.882,0.00,0.00,0.00,0.00,2,0
2026-06-13 14:22:29.933,0.00,0.00,0.00,0.00,2,0
2026-06-13 14:22:29.983,0.00,0.00,0.00,0.00,2,0
2026-06-13 14:22:30.034,0.00,0.00,0.00,0.00,2,0
2026-06-13 14:22:30.084,0.00,0.00,0.00,0.00,2,0
2026-06-13 14:22:30.134,0.00,0.00,0.00,0.00,2,0
2026-06-13 14:22:30.185,0.00,0.00,0.00,0.00,2,0
2026-06-13 14:22:30.235,0.00,0.00,0.00,0.00,2,0
2026-06-13 14:22:30.286,0.00,0.00,0.00,0.00,2,0
2026-06-13 14:22:30.336,0.00,0.00,0.00,0.00,2,0
2026-06-13 14:22:30.386,0.00,0.00,0.00,0.00,2,0
2026-06-13 14:22:30.437,0.00,0.00,0.00,0.00,2,0
2026-06-13 14:22:30.487,0.00,0.00,0.00,0.00,2,0
2026-06-13 14:22:30.538,0.00,0.00,0.00,0.00,2,0
2026-06-13 14:22:30.588,0.00,0.00,0.00,0.00,2,0
2026-06-13 14:22:30.639,0.00,0.00,0.00,0.00,2,0
2026-06-13 14:22:30.689,0.00,0.00,0.00,0.00,2,0
2026-06-13 14:22:30.740,0.00,0.00,0.00,0.00,2,0
2026-06-13 14:22:30.790,0.00,0.00,0.00,0.00,2,0
2026-06-13 14:22:30.840,0.00,0.00,0.00,0.00,2,0
2026-06-13 14:22:30.890,0.00,0.00,0.00,0.00,2,0
2026-06-13 14:22:30.941,0.00,0.00,0.00,0.00,2,0
2026-06-13 14:22:30.991,0.00,0.00,0.00,0.00,2,0
2026-06-13 14:22:31.042,0.00,0.00,0.00,0.00,2,0
2026-06-13 14:22:31.092,0.00,0.00,0.00,0.00,2,0
2026-06-13 14:22:31.143,0.00,0.00,0.00,0.00,2,0
2026-06-13 14:22:31.193,0.00,0.00,0.00,0.00,2,0
2026-06-13 14:22:31.243,0.00,0.00,0.00,0.00,2,0
2026-06-13 14:22:31.294,0.00,0.00,0.00,0.00,2,0
2026-06-13 14:22:31.344,0.00,0.00,0.00,0.00,2,0
2026-06-13 14:22:31.395,0.00,0.00,0.00,0.00,2,0
2026-06-13 14:22:31.445,0.00,0.00,0.00,0.00,2,0
2026-06-13 14:22:31.495,0.00,0.00,0.00,0.00,2,0
2026-06-13 14:22:31.546,0.00,0.00,0.00,0.00,2,0
2026-06-13 14:22:31.596,0.00,0.00,0.00,0.00,2,0
2026-06-13 14:22:31.647,0.00,0.00,0.00,0.00,2,0
2026-06-13 14:22:31.697,0.00,0.00,0.00,0.00,2,0
2026-06-13 14:22:31.748,0.00,0.00,0.00,0.00,2,0
2026-06-13 14:22:31.798,0.00,0.00,0.00,0.00,2,0
2026-06-13 14:22:31.848,0.00,0.00,0.00,0.00,2,0
2026-06-13 14:22:31.899,0.00,0.00,0.00,0.00,2,0
2026-06-13 14:22:31.949,0.00,0.00,0.00,0.00,2,0
2026-06-13 14:22:32.000,0.00,0.00,0.00,0.00,2,0
2026-06-13 14:22:32.050,0.00,0.00,0.00,0.00,2,0
2026-06-13 14:22:32.100,0.00,0.00,0.00,0.00,2,0
2026-06-13 14:22:32.151,0.00,0.00,0.00,0.00,2,0
2026-06-13 14:22:32.201,0.00,0.00,0.00,0.00,2,0
2026-06-13 14:22:32.251,0.00,0.00,0.00,0.00,2,0
2026-06-13 14:22:32.302,0.00,0.00,0.00,0.00,2,0
2026-06-13 14:22:32.352,0.00,0.00,0.00,0.00,2,0
2026-06-13 14:22:32.403,0.00,0.00,0.00,0.00,2,0
2026-06-13 14:22:32.453,0.00,0.00,0.00,0.00,2,0
2026-06-13 14:22:32.503,0.00,0.00,0.00,0.00,2,0
2026-06-13 14:22:32.554,0.00,0.00,0.00,0.00,2,0
2026-06-13 14:22:32.604,0.00,0.00,0.00,0.00,2,0
2026-06-13 14:22:32.655,0.00,0.00,0.00,0.00,2,0
2026-06-13 14:22:32.705,0.00,0.00,0.00,0.00,2,0
2026-06-13 14:22:32.756,0.00,0.00,0.00,0.00,2,0
2026-06-13 14:22:32.806,0.00,0.00,0.00,0.00,2,0
2026-06-13 14:22:32.856,0.00,0.00,0.00,0.00,2,0
2026-06-13 14:22:32.907,0.00,0.00,0.00,0.00,2,0
2026-06-13 14:22:32.957,0.00,0.00,0.00,0.00,2,0
2026-06-13 14:22:33.008,0.00,0.00,0.00,0.00,2,0
2026-06-13 14:22:33.058,0.00,0.00,0.00,0.00,2,0
2026-06-13 14:22:33.108,0.00,0.00,0.00,0.00,2,0
2026-06-13 14:22:33.159,0.00,0.00,0.00,0.00,2,0
2026-06-13 14:22:33.209,0.00,0.00,0.00,0.00,2,0
2026-06-13 14:22:33.260,0.00,0.00,0.00,0.00,2,0
2026-06-13 14:22:33.310,0.00,0.00,0.00,0.00,2,0
2026-06-13 14:22:33.361,0.00,0.00,0.00,0.00,2,0
2026-06-13 14:22:33.411,0.00,0.00,0.00,0.00,2,0
2026-06-13 14:22:33.461,0.00,0.00,0.00,0.00,2,0
2026-06-13 14:22:33.512,0.00,0.00,0.00,0.00,2,0
2026-06-13 14:22:33.562,0.00,0.00,0.00,0.00,2,0
2026-06-13 14:22:33.612,0.00,0.00,0.00,0.00,2,0
2026-06-13 14:22:33.663,0.00,0.00,0.00,0.00,2,0
2026-06-13 14:22:33.713,0.00,0.00,0.00,0.00,2,0
2026-06-13 14:22:33.764,0.00,0.00,0.00,0.00,2,0
2026-06-13 14:22:33.814,0.00,0.00,0.00,0.00,2,0
2026-06-13 14:22:33.864,0.00,0.00,0.00,0.00,2,0
2026-06-13 14:22:33.915,0.00,0.00,0.00,0.00,2,0
2026-06-13 14:22:33.965,0.00,0.00,0.00,0.00,2,0
2026-06-13 14:22:34.016,0.00,0.00,0.00,0.00,2,0
2026-06-13 14:22:34.066,0.00,0.00,0.00,0.00,2,0
2026-06-13 14:22:34.116,0.00,0.00,0.00,0.00,2,0
2026-06-13 14:22:34.167,0.00,0.00,0.00,0.00,2,0
2026-06-13 14:22:34.217,0.00,0.00,0.00,0.00,2,0
2026-06-13 14:22:34.268,0.00,0.00,0.00,0.00,2,0
2026-06-13 14:22:34.318,0.00,0.00,0.00,0.00,2,0
2026-06-13 14:22:34.369,0.00,0.00,0.00,0.00,2,0
2026-06-13 14:22:34.419,0.00,0.00,0.00,0.00,2,0
2026-06-13 14:22:34.470,0.00,0.00,0.00,0.00,2,0
2026-06-13 14:22:34.520,0.00,0.00,0.00,0.00,2,0
2026-06-13 14:22:34.570,0.00,0.00,0.00,0.00,2,0
2026-06-13 14:22:34.621,0.00,0.00,0.00,0.00,2,0
2026-06-13 14:22:34.671,0.00,0.00,0.00,0.00,2,0
2026-06-13 14:22:34.721,0.00,0.00,0.00,0.00,2,0
2026-06-13 14:22:34.772,0.00,0.00,0.00,0.00,2,0
2026-06-13 14:22:34.822,0.00,0.00,0.00,0.00,2,0
2026-06-13 14:22:34.872,0.00,0.00,0.00,0.00,2,0
2026-06-13 14:22:34.923,0.00,0.00,0.00,0.00,2,0
2026-06-13 14:22:34.973,0.00,0.00,0.00,0.00,2,0
2026-06-13 14:22:35.024,0.00,0.00,0.00,0.00,2,0
2026-06-13 14:22:35.074,0.00,0.00,0.00,0.00,2,0
2026-06-13 14:22:35.125,0.00,0.00,0.00,0.00,2,0
2026-06-13 14:22:35.175,0.00,0.00,0.00,0.00,2,0
2026-06-13 14:22:35.225,0.00,0.00,0.00,0.00,2,0
2026-06-13 14:22:35.276,0.00,0.00,0.00,0.00,2,0
2026-06-13 14:22:35.326,0.00,0.00,0.00,0.00,2,0
2026-06-13 14:22:35.377,0.00,0.00,0.00,0.00,2,0
2026-06-13 14:22:35.427,0.00,0.00,0.00,0.00,2,0
2026-06-13 14:22:35.477,0.00,0.00,0.00,0.00,2,0
2026-06-13 14:22:35.528,0.00,0.00,0.00,0.00,2,0
2026-06-13 14:22:35.578,0.00,0.00,0.00,0.00,2,0
2026-06-13 14:22:35.629,0.00,0.00,0.00,0.00,2,0
2026-06-13 14:22:35.679,0.00,0.00,0.00,0.00,2,0
2026-06-13 14:22:35.730,0.00,0.00,0.00,0.00,2,0
2026-06-13 14:22:35.780,0.00,0.00,0.00,0.00,2,0
2026-06-13 14:22:35.830,0.00,0.00,0.00,0.00,2,0
2026-06-13 14:22:35.881,0.00,0.00,0.00,0.00,2,0
2026-06-13 14:22:35.931,0.00,0.00,0.00,0.00,2,0
2026-06-13 14:22:35.981,0.00,0.00,0.00,0.00,2,0
2026-06-13 14:22:36.032,0.00,0.00,0.00,0.00,2,0
2026-06-13 14:22:36.082,0.00,0.00,0.00,0.00,2,0
2026-06-13 14:22:36.133,0.00,0.00,0.00,0.00,2,0
2026-06-13 14:22:36.183,0.00,0.00,0.00,0.00,2,0
2026-06-13 14:22:36.233,0.00,0.00,0.00,0.00,2,0
2026-06-13 14:22:36.284,0.00,0.00,0.00,0.00,2,0
2026-06-13 14:22:36.334,0.00,0.00,0.00,0.00,2,0
2026-06-13 14:22:36.385,0.00,0.00,0.00,0.00,2,0
2026-06-13 14:22:36.435,0.00,0.00,0.00,0.00,2,0
2026-06-13 14:22:36.485,0.00,0.00,0.00,0.00,2,0
2026-06-13 14:22:36.536,0.00,0.00,0.00,0.00,2,0
2026-06-13 14:22:36.586,0.00,0.00,0.00,0.00,2,0
2026-06-13 14:22:36.637,0.00,0.00,0.00,0.00,2,0
2026-06-13 14:22:36.687,0.00,0.00,0.00,0.00,2,0
2026-06-13 14:22:36.737,0.00,0.00,0.00,0.00,2,0
2026-06-13 14:22:36.788,0.00,0.00,0.00,0.00,2,0
2026-06-13 14:22:36.840,0.00,0.00,0.00,0.00,2,0
2026-06-13 14:22:36.889,0.00,0.00,0.00,0.00,2,0
2026-06-13 14:22:36.939,0.00,0.00,0.00,0.00,2,0
2026-06-13 14:22:36.990,0.00,0.00,0.00,0.00,2,0
2026-06-13 14:22:37.040,0.00,0.00,0.00,0.00,2,0
2026-06-13 14:22:37.090,0.00,0.00,0.00,0.00,2,0
2026-06-13 14:22:37.141,0.00,0.00,0.00,0.00,2,0
2026-06-13 14:22:37.191,0.00,0.00,0.00,0.00,2,0
2026-06-13 14:22:37.241,0.00,0.00,0.00,0.00,2,0
2026-06-13 14:22:37.292,0.00,0.00,0.00,0.00,2,0
2026-06-13 14:22:37.342,0.00,0.00,0.00,0.00,2,0
2026-06-13 14:22:37.393,0.00,0.00,0.00,0.00,2,0
2026-06-13 14:22:37.443,0.00,0.00,0.00,0.00,2,0
2026-06-13 14:22:37.494,0.00,0.00,0.00,0.00,2,0
2026-06-13 14:22:37.544,0.00,0.00,0.00,0.00,2,0
2026-06-13 14:22:37.594,0.00,0.00,0.00,0.00,2,0
2026-06-13 14:22:37.645,0.00,0.00,0.00,0.00,2,0
2026-06-13 14:22:37.695,0.00,0.00,0.00,0.00,2,0
2026-06-13 14:22:37.746,0.00,0.00,0.00,0.00,2,0
2026-06-13 14:22:37.796,0.00,0.00,0.00,0.00,2,0
2026-06-13 14:22:37.846,0.00,0.00,0.00,0.00,2,0
2026-06-13 14:22:37.897,0.00,0.00,0.00,0.00,2,0
2026-06-13 14:22:37.947,0.00,0.00,0.00,0.00,2,0
2026-06-13 14:22:37.998,0.00,0.00,0.00,0.00,2,0
2026-06-13 14:22:38.048,0.00,0.00,0.00,0.00,2,0
2026-06-13 14:22:38.098,0.00,0.00,0.00,0.00,2,0
2026-06-13 14:22:38.149,0.00,0.00,0.00,0.00,2,0
2026-06-13 14:22:38.199,0.00,0.00,0.00,0.00,2,0
2026-06-13 14:22:38.250,0.00,0.00,0.00,0.00,2,0
2026-06-13 14:22:38.300,0.00,0.00,0.00,0.00,2,0
2026-06-13 14:22:38.350,0.00,0.00,0.00,0.00,2,0
2026-06-13 14:22:38.401,0.00,0.00,0.00,0.00,2,0
2026-06-13 14:22:38.451,0.00,0.00,0.00,0.00,2,0
2026-06-13 14:22:38.502,0.00,0.00,0.00,0.00,2,0
2026-06-13 14:22:38.552,0.00,0.00,0.00,0.00,2,0
2026-06-13 14:22:38.602,0.00,0.00,0.00,0.00,2,0
2026-06-13 14:22:38.653,0.00,0.00,0.00,0.00,2,0
2026-06-13 14:22:38.703,0.00,0.00,0.00,0.00,2,0
2026-06-13 14:22:38.754,0.00,0.00,0.00,0.00,2,0
2026-06-13 14:22:38.804,0.00,0.00,0.00,0.00,2,0
2026-06-13 14:22:38.854,0.00,0.00,0.00,0.00,2,0
2026-06-13 14:22:38.905,0.00,0.00,0.00,0.00,2,0
2026-06-13 14:22:38.955,0.00,0.00,0.00,0.00,2,0
2026-06-13 14:22:39.006,0.00,0.00,0.00,0.00,2,0
2026-06-13 14:22:39.056,0.00,0.00,0.00,0.00,2,0
2026-06-13 14:22:39.107,0.00,0.00,0.00,0.00,2,0
2026-06-13 14:22:39.157,0.00,0.00,0.00,0.00,2,0
2026-06-13 14:22:39.207,0.00,0.00,0.00,0.00,2,0
2026-06-13 14:22:39.258,0.00,0.00,0.00,0.00,2,0
2026-06-13 14:22:39.308,0.00,0.00,0.00,0.00,2,0
2026-06-13 14:22:39.359,0.00,0.00,0.00,0.00,2,0
2026-06-13 14:22:39.409,0.00,0.00,0.00,0.00,2,0
2026-06-13 14:22:39.460,0.00,0.00,0.00,0.00,2,0
2026-06-13 14:22:39.510,0.00,0.00,0.00,0.00,2,0
2026-06-13 14:22:39.560,0.00,0.00,0.00,0.00,2,0
2026-06-13 14:22:39.611,0.00,0.00,0.00,0.00,2,0
2026-06-13 14:22:39.661,0.00,0.00,0.00,0.00,2,0
2026-06-13 14:22:39.712,0.00,0.00,0.00,0.00,2,0
2026-06-13 14:22:39.762,0.00,0.00,0.00,0.00,2,0
2026-06-13 14:22:39.812,0.00,0.00,0.00,0.00,2,0
2026-06-13 14:22:39.863,0.00,0.00,0.00,0.00,2,0
2026-06-13 14:22:39.913,0.00,0.00,0.00,0.00,2,0
2026-06-13 14:22:39.963,0.00,0.00,0.00,0.00,2,0
2026-06-13 14:22:40.014,0.00,0.00,0.00,0.00,2,0
2026-06-13 14:22:40.064,0.00,0.00,0.00,0.00,2,0
2026-06-13 14:22:40.115,0.00,0.00,0.00,0.00,2,0
2026-06-13 14:22:40.165,0.00,0.00,0.00,0.00,2,0
2026-06-13 14:22:40.215,0.00,0.00,0.00,0.00,2,0
2026-06-13 14:22:40.266,0.00,0.00,0.00,0.00,2,0
2026-06-13 14:22:40.316,0.00,0.00,0.00,0.00,2,0
2026-06-13 14:22:40.367,0.00,0.00,0.00,0.00,2,0
2026-06-13 14:22:40.417,0.00,0.00,0.00,0.00,2,0
2026-06-13 14:22:40.467,0.00,0.00,0.00,0.00,2,0
2026-06-13 14:22:40.518,0.00,0.00,0.00,0.00,2,0
2026-06-13 14:22:40.568,0.00,0.00,0.00,0.00,2,0
2026-06-13 14:22:40.619,0.00,0.00,0.00,0.00,2,0
2026-06-13 14:22:40.669,0.00,0.00,0.00,0.00,2,0
2026-06-13 14:22:40.720,0.00,0.00,0.00,0.00,2,0
2026-06-13 14:22:40.770,0.00,0.00,0.00,0.00,2,0
2026-06-13 14:22:40.820,0.00,0.00,0.00,0.00,2,0
2026-06-13 14:22:40.871,0.00,0.00,0.00,0.00,2,0
2026-06-13 14:22:40.921,0.00,0.00,0.00,0.00,2,0
2026-06-13 14:22:40.972,0.00,0.00,0.00,0.00,2,0
2026-06-13 14:22:41.022,0.00,0.00,0.00,0.00,2,0
2026-06-13 14:22:41.072,0.00,0.00,0.00,0.00,2,0
2026-06-13 14:22:41.123,0.00,0.00,0.00,0.00,2,0
2026-06-13 14:22:41.173,0.00,0.00,0.00,0.00,2,0
2026-06-13 14:22:41.224,0.00,0.00,0.00,0.00,2,0
2026-06-13 14:22:41.274,0.00,0.00,0.00,0.00,2,0
2026-06-13 14:22:41.324,0.00,0.00,0.00,0.00,2,0
2026-06-13 14:22:41.375,0.00,0.00,0.00,0.00,2,0
2026-06-13 14:22:41.425,0.00,0.00,0.00,0.00,2,0
2026-06-13 14:22:41.476,0.00,0.00,0.00,0.00,2,0
2026-06-13 14:22:41.526,0.00,0.00,0.00,0.00,2,0
2026-06-13 14:22:41.576,0.00,0.00,0.00,0.00,2,0
2026-06-13 14:22:41.627,0.00,0.00,0.00,0.00,2,0
2026-06-13 14:22:41.677,0.00,0.00,0.00,0.00,2,0
2026-06-13 14:22:41.728,0.00,0.00,0.00,0.00,2,0
2026-06-13 14:22:41.778,0.00,0.00,0.00,0.00,2,0
2026-06-13 14:22:41.828,0.00,0.00,0.00,0.00,2,0
2026-06-13 14:22:41.879,0.00,0.00,0.00,0.00,2,0
2026-06-13 14:22:41.929,0.00,0.00,0.00,0.00,2,0
2026-06-13 14:22:41.980,0.00,0.00,0.00,0.00,2,0
2026-06-13 14:22:42.031,0.00,0.00,0.00,0.00,2,0
2026-06-13 14:22:42.080,0.00,0.00,0.00,0.00,2,0
2026-06-13 14:22:42.131,0.00,0.00,0.00,0.00,2,0
2026-06-13 14:22:42.181,0.00,0.00,0.00,0.00,2,0
2026-06-13 14:22:42.232,0.00,0.00,0.00,0.00,2,0
2026-06-13 14:22:42.282,0.00,0.00,0.00,0.00,2,0
2026-06-13 14:22:42.333,0.00,0.00,0.00,0.00,2,0
2026-06-13 14:22:42.383,0.00,0.00,0.00,0.00,2,0
2026-06-13 14:22:42.433,0.00,0.00,0.00,0.00,2,0
2026-06-13 14:22:42.484,0.00,0.00,0.00,0.00,2,0
2026-06-13 14:22:42.534,0.00,0.00,0.00,0.00,2,0
2026-06-13 14:22:42.584,0.00,0.00,0.00,0.00,2,0
2026-06-13 14:22:42.635,0.00,0.00,0.00,0.00,2,0
2026-06-13 14:22:42.685,0.00,0.00,0.00,0.00,2,0
2026-06-13 14:22:42.736,0.00,0.00,0.00,0.00,2,0
2026-06-13 14:22:42.786,0.00,0.00,0.00,0.00,2,0
2026-06-13 14:22:42.837,0.00,0.00,0.00,0.00,2,0
2026-06-13 14:22:42.887,0.00,0.00,0.00,0.00,2,0
2026-06-13 14:22:42.937,0.00,0.00,0.00,0.00,2,0
2026-06-13 14:22:42.988,0.00,0.00,0.00,0.00,2,0
2026-06-13 14:22:43.038,0.00,0.00,0.00,0.00,2,0
2026-06-13 14:22:43.088,0.00,0.00,0.00,0.00,2,0
2026-06-13 14:22:43.139,0.00,0.00,0.00,0.00,2,0
2026-06-13 14:22:43.190,0.00,0.00,0.00,0.00,2,0
2026-06-13 14:22:43.241,0.00,0.00,0.00,0.00,2,0
2026-06-13 14:22:43.290,0.00,0.00,0.00,0.00,2,0
2026-06-13 14:22:43.340,0.00,0.00,0.00,0.00,2,0
2026-06-13 14:22:43.391,0.00,0.00,0.00,0.00,2,0
2026-06-13 14:22:43.441,0.00,0.00,0.00,0.00,2,0
2026-06-13 14:22:43.492,0.00,0.00,0.00,0.00,2,0
2026-06-13 14:22:43.542,0.00,0.00,0.00,0.00,2,0
2026-06-13 14:22:43.593,0.00,0.00,0.00,0.00,2,0
2026-06-13 14:22:43.643,0.00,0.00,0.00,0.00,2,0
2026-06-13 14:22:43.693,0.00,0.00,0.00,0.00,2,0
2026-06-13 14:22:43.744,0.00,0.00,0.00,0.00,2,0
2026-06-13 14:22:43.794,0.00,0.00,0.00,0.00,2,0
2026-06-13 14:22:43.844,0.00,0.00,0.00,0.00,2,0
2026-06-13 14:22:43.895,0.00,0.00,0.00,0.00,2,0
2026-06-13 14:22:43.945,0.00,0.00,0.00,0.00,2,0
2026-06-13 14:22:43.996,0.00,0.00,0.00,0.00,2,0
2026-06-13 14:22:44.046,0.00,0.00,0.00,0.00,2,0
2026-06-13 14:22:44.097,0.00,0.00,0.00,0.00,2,0
2026-06-13 14:22:44.147,0.00,0.00,0.00,0.00,2,0
2026-06-13 14:22:44.197,0.00,0.00,0.00,0.00,2,0
2026-06-13 14:22:44.248,0.00,0.00,0.00,0.00,2,0
2026-06-13 14:22:44.298,0.00,0.00,0.00,0.00,2,0
2026-06-13 14:22:44.349,0.00,0.00,0.00,0.00,2,0
2026-06-13 14:22:44.399,0.00,0.00,0.00,0.00,2,0
2026-06-13 14:22:44.450,0.00,0.00,0.00,0.00,2,0
2026-06-13 14:22:44.500,0.00,0.00,0.00,0.00,2,0
2026-06-13 14:22:44.550,0.00,0.00,0.00,0.00,2,0
2026-06-13 14:22:44.601,0.00,0.00,0.00,0.00,2,0
2026-06-13 14:22:44.652,0.00,0.00,0.00,0.00,2,0
2026-06-13 14:22:44.702,0.00,0.00,0.00,0.00,2,0
2026-06-13 14:22:44.752,0.00,0.00,0.00,0.00,2,0
2026-06-13 14:22:44.802,0.00,0.00,0.00,0.00,2,0
2026-06-13 14:22:44.853,0.00,0.00,0.00,0.00,2,0
2026-06-13 14:22:44.903,0.00,0.00,0.00,0.00,2,0
2026-06-13 14:22:44.954,0.00,0.00,0.00,0.00,2,0
2026-06-13 14:22:45.004,0.00,0.00,0.00,0.00,2,0
2026-06-13 14:22:45.054,0.00,0.00,0.00,0.00,2,0
2026-06-13 14:22:45.105,0.00,0.00,0.00,0.00,2,0
2026-06-13 14:22:45.155,0.00,0.00,0.00,0.00,2,0
2026-06-13 14:22:45.205,0.00,0.00,0.00,0.00,2,0
2026-06-13 14:22:45.256,0.00,0.00,0.00,0.00,2,0
2026-06-13 14:22:45.306,0.00,0.00,0.00,0.00,2,0
2026-06-13 14:22:45.357,0.00,0.00,0.00,0.00,2,0
2026-06-13 14:22:45.407,0.00,0.00,0.00,0.00,2,0
2026-06-13 14:22:45.457,0.00,0.00,0.00,0.00,2,0
2026-06-13 14:22:45.508,0.00,0.00,0.00,0.00,2,0
2026-06-13 14:22:45.558,0.00,0.00,0.00,0.00,2,0
2026-06-13 14:22:45.609,0.00,0.00,0.00,0.00,2,0
2026-06-13 14:22:45.659,0.00,0.00,0.00,0.00,2,0
2026-06-13 14:22:45.710,0.00,0.00,0.00,0.00,2,0
2026-06-13 14:22:45.760,0.00,0.00,0.00,0.00,2,0
2026-06-13 14:22:45.810,0.00,0.00,0.00,0.00,2,0
2026-06-13 14:22:45.861,0.00,0.00,0.00,0.00,2,0
2026-06-13 14:22:45.911,0.00,0.00,0.00,0.00,2,0
2026-06-13 14:22:45.961,0.00,0.00,0.00,0.00,2,0
2026-06-13 14:22:46.012,0.00,0.00,0.00,0.00,2,0
2026-06-13 14:22:46.062,0.00,0.00,0.00,0.00,2,0
2026-06-13 14:22:46.113,0.00,0.00,0.00,0.00,2,0
2026-06-13 14:22:46.163,0.00,0.00,0.00,0.00,2,0
2026-06-13 14:22:46.213,0.00,0.00,0.00,0.00,2,0
2026-06-13 14:22:46.264,0.00,0.00,0.00,0.00,2,0
2026-06-13 14:22:46.314,0.00,0.00,0.00,0.00,2,0
2026-06-13 14:22:46.365,0.00,0.00,0.00,0.00,2,0
2026-06-13 14:22:46.415,0.00,0.00,0.00,0.00,2,0
2026-06-13 14:22:46.466,0.00,0.00,0.00,0.00,2,0
2026-06-13 14:22:46.516,0.00,0.00,0.00,0.00,2,0
2026-06-13 14:22:46.566,0.00,0.00,0.00,0.00,2,0
2026-06-13 14:22:46.617,0.00,0.00,0.00,0.00,2,0
2026-06-13 14:22:46.667,0.00,0.00,0.00,0.00,2,0
2026-06-13 14:22:46.718,0.00,0.00,0.00,0.00,2,0
2026-06-13 14:22:46.768,0.00,0.00,0.00,0.00,2,0
2026-06-13 14:22:46.818,0.00,0.00,0.00,0.00,2,0
2026-06-13 14:22:46.869,0.00,0.00,0.00,0.00,2,0
2026-06-13 14:22:46.919,0.00,0.00,0.00,0.00,2,0
2026-06-13 14:22:46.970,0.00,0.00,0.00,0.00,2,0
2026-06-13 14:22:47.020,0.00,0.00,0.00,0.00,2,0
2026-06-13 14:22:47.071,0.00,0.00,0.00,0.00,2,0
2026-06-13 14:22:47.121,0.00,0.00,0.00,0.00,2,0
2026-06-13 14:22:47.171,0.00,0.00,0.00,0.00,2,0
2026-06-13 14:22:47.222,0.00,0.00,0.00,0.00,2,0
2026-06-13 14:22:47.272,0.00,0.00,0.00,0.00,2,0
2026-06-13 14:22:47.323,0.00,0.00,0.00,0.00,2,0
2026-06-13 14:22:47.373,0.00,0.00,0.00,0.00,2,0
2026-06-13 14:22:47.423,0.00,0.00,0.00,0.00,2,0
2026-06-13 14:22:47.474,0.00,0.00,0.00,0.00,2,0
2026-06-13 14:22:47.524,0.00,0.00,0.00,0.00,2,0
2026-06-13 14:22:47.574,0.00,0.00,0.00,0.00,2,0
2026-06-13 14:22:47.625,0.00,0.00,0.00,0.00,2,0
2026-06-13 14:22:47.675,0.00,0.00,0.00,0.00,2,0
2026-06-13 14:22:47.726,0.00,0.00,0.00,0.00,2,0
2026-06-13 14:22:47.776,0.00,0.00,0.00,0.00,2,0
2026-06-13 14:22:47.826,0.00,0.00,0.00,0.00,2,0
2026-06-13 14:22:47.877,0.00,0.00,0.00,0.00,2,0
2026-06-13 14:22:47.927,0.00,0.00,0.00,0.00,2,0
2026-06-13 14:22:47.978,0.00,0.00,0.00,0.00,2,0
2026-06-13 14:22:48.028,0.00,0.00,0.00,0.00,2,0
2026-06-13 14:22:48.078,0.00,0.00,0.00,0.00,2,0
2026-06-13 14:22:48.129,0.00,0.00,0.00,0.00,2,0
2026-06-13 14:22:48.180,0.00,0.00,0.00,0.00,2,0
2026-06-13 14:22:48.230,0.00,0.00,0.00,0.00,2,0
2026-06-13 14:22:48.280,0.00,0.00,0.00,0.00,2,0
2026-06-13 14:22:48.331,0.00,0.00,0.00,0.00,2,0
2026-06-13 14:22:48.381,0.00,0.00,0.00,0.00,2,0
2026-06-13 14:22:48.431,0.00,0.00,0.00,0.00,2,0
2026-06-13 14:22:48.482,0.00,0.00,0.00,0.00,2,0
2026-06-13 14:22:48.532,0.00,0.00,0.00,0.00,2,0
2026-06-13 14:22:48.583,0.00,0.00,0.00,0.00,2,0
2026-06-13 14:22:48.633,0.00,0.00,0.00,0.00,2,0
2026-06-13 14:22:48.683,0.00,0.00,0.00,0.00,2,0
2026-06-13 14:22:48.734,0.00,0.00,0.00,0.00,2,0
2026-06-13 14:22:48.784,0.00,0.00,0.00,0.00,2,0
2026-06-13 14:22:48.835,0.00,0.00,0.00,0.00,2,0
2026-06-13 14:22:48.885,0.00,0.00,0.00,0.00,2,0
2026-06-13 14:22:48.935,0.00,0.00,0.00,0.00,2,0
2026-06-13 14:22:48.986,0.00,0.00,0.00,0.00,2,0
2026-06-13 14:22:49.036,0.00,0.00,0.00,0.00,2,0
2026-06-13 14:22:49.087,0.00,0.00,0.00,0.00,2,0
2026-06-13 14:22:49.137,0.00,0.00,0.00,0.00,2,0
2026-06-13 14:22:49.187,0.00,0.00,0.00,0.00,2,0
2026-06-13 14:22:49.238,0.00,0.00,0.00,0.00,2,0
2026-06-13 14:22:49.288,0.00,0.00,0.00,0.00,2,0
2026-06-13 14:22:49.339,0.00,0.00,0.00,0.00,2,0
2026-06-13 14:22:49.389,0.00,0.00,0.00,0.00,2,0
2026-06-13 14:22:49.440,0.00,0.00,0.00,0.00,2,0
2026-06-13 14:22:49.490,0.00,0.00,0.00,0.00,2,0
2026-06-13 14:22:49.540,0.00,0.00,0.00,0.00,2,0
2026-06-13 14:22:49.591,0.00,0.00,0.00,0.00,2,0
2026-06-13 14:22:49.641,0.00,0.00,0.00,0.00,2,0
2026-06-13 14:22:49.691,0.00,0.00,0.00,0.00,2,0
2026-06-13 14:22:49.742,0.00,0.00,0.00,0.00,2,0
2026-06-13 14:22:49.792,0.00,0.00,0.00,0.00,2,0
2026-06-13 14:22:49.843,0.00,0.00,0.00,0.00,2,0
2026-06-13 14:22:49.893,0.00,0.00,0.00,0.00,2,0
2026-06-13 14:22:49.944,0.00,0.00,0.00,0.00,2,0
2026-06-13 14:22:49.994,0.00,0.00,0.00,0.00,2,0
2026-06-13 14:22:50.044,0.00,0.00,0.00,0.00,2,0
2026-06-13 14:22:50.095,0.00,0.00,0.00,0.00,2,0
2026-06-13 14:22:50.145,0.00,0.00,0.00,0.00,2,0
2026-06-13 14:22:50.195,0.00,0.00,0.00,0.00,2,0
2026-06-13 14:22:50.246,0.00,0.00,0.00,0.00,2,0
2026-06-13 14:22:50.296,0.00,0.00,0.00,0.00,2,0
2026-06-13 14:22:50.347,0.00,0.00,0.00,0.00,2,0
2026-06-13 14:22:50.397,0.00,0.00,0.00,0.00,2,0
2026-06-13 14:22:50.447,0.00,0.00,0.00,0.00,2,0
2026-06-13 14:22:50.498,0.00,0.00,0.00,0.00,2,0
2026-06-13 14:22:50.548,0.00,0.00,0.00,0.00,2,0
2026-06-13 14:22:50.599,0.00,0.00,0.00,0.00,2,0
2026-06-13 14:22:50.649,0.00,0.00,0.00,0.00,2,0
2026-06-13 14:22:50.700,0.00,0.00,0.00,0.00,2,0
2026-06-13 14:22:50.750,0.00,0.00,0.00,0.00,2,0
2026-06-13 14:22:50.800,0.00,0.00,0.00,0.00,2,0
2026-06-13 14:22:50.851,0.00,0.00,0.00,0.00,2,0
2026-06-13 14:22:50.901,0.00,0.00,0.00,0.00,2,0
2026-06-13 14:22:50.952,0.00,0.00,0.00,0.00,2,0
2026-06-13 14:22:51.002,0.00,0.00,0.00,0.00,2,0
2026-06-13 14:22:51.052,0.00,0.00,0.00,0.00,2,0
2026-06-13 14:22:51.103,0.00,0.00,0.00,0.00,2,0
2026-06-13 14:22:51.153,0.00,0.00,0.00,0.00,2,0
2026-06-13 14:22:51.204,0.00,0.00,0.00,0.00,2,0
2026-06-13 14:22:51.254,0.00,0.00,0.00,0.00,2,0
2026-06-13 14:22:51.304,0.00,0.00,0.00,0.00,2,0
2026-06-13 14:22:51.355,0.00,0.00,0.00,0.00,2,0
2026-06-13 14:22:51.405,0.00,0.00,0.00,0.00,2,0
2026-06-13 14:22:51.456,0.00,0.00,0.00,0.00,2,0
2026-06-13 14:22:51.506,0.00,0.00,0.00,0.00,2,0
2026-06-13 14:22:51.556,0.00,0.00,0.00,0.00,2,0
2026-06-13 14:22:51.607,0.00,0.00,0.00,0.00,2,0
2026-06-13 14:22:51.657,0.00,0.00,0.00,0.00,2,0
2026-06-13 14:22:51.708,0.00,0.00,0.00,0.00,2,0
2026-06-13 14:22:51.758,0.00,0.00,0.00,0.00,2,0
2026-06-13 14:22:51.808,0.00,0.00,0.00,0.00,2,0
2026-06-13 14:22:51.859,0.00,0.00,0.00,0.00,2,0
2026-06-13 14:22:51.909,0.00,0.00,0.00,0.00,2,0
2026-06-13 14:22:51.960,0.00,0.00,0.00,0.00,2,0
2026-06-13 14:22:52.010,0.00,0.00,0.00,0.00,2,0
2026-06-13 14:22:52.060,0.00,0.00,0.00,0.00,2,0
2026-06-13 14:22:52.111,0.00,0.00,0.00,0.00,2,0
2026-06-13 14:22:52.161,0.00,0.00,0.00,0.00,2,0
2026-06-13 14:22:52.212,0.00,0.00,0.00,0.00,2,0
2026-06-13 14:22:52.262,0.00,0.00,0.00,0.00,2,0
2026-06-13 14:22:52.312,0.00,0.00,0.00,0.00,2,0
2026-06-13 14:22:52.363,0.00,0.00,0.00,0.00,2,0
2026-06-13 14:22:52.413,0.00,0.00,0.00,0.00,2,0
2026-06-13 14:22:52.464,0.00,0.00,0.00,0.00,2,0
2026-06-13 14:22:52.514,0.00,0.00,0.00,0.00,2,0
2026-06-13 14:22:52.565,0.00,0.00,0.00,0.00,2,0
2026-06-13 14:22:52.615,0.00,0.00,0.00,0.00,2,0
2026-06-13 14:22:52.665,0.00,0.00,0.00,0.00,2,0
2026-06-13 14:22:52.716,0.00,0.00,0.00,0.00,2,0
2026-06-13 14:22:52.766,0.00,0.00,0.00,0.00,2,0
2026-06-13 14:22:52.817,0.00,0.00,0.00,0.00,2,0
2026-06-13 14:22:52.867,0.00,0.00,0.00,0.00,2,0
2026-06-13 14:22:52.917,0.00,0.00,0.00,0.00,2,0
2026-06-13 14:22:52.968,0.00,0.00,0.00,0.00,2,0
2026-06-13 14:22:53.018,0.00,0.00,0.00,0.00,2,0
2026-06-13 14:22:53.069,0.00,0.00,0.00,0.00,2,0
2026-06-13 14:22:53.119,0.00,0.00,0.00,0.00,2,0
2026-06-13 14:22:53.170,0.00,0.00,0.00,0.00,2,0
2026-06-13 14:22:53.220,0.00,0.00,0.00,0.00,2,0
2026-06-13 14:22:53.270,0.00,0.00,0.00,0.00,2,0
2026-06-13 14:22:53.321,0.00,0.00,0.00,0.00,2,0
2026-06-13 14:22:53.371,0.00,0.00,0.00,0.00,2,0
2026-06-13 14:22:53.421,0.00,0.00,0.00,0.00,2,0
2026-06-13 14:22:53.472,0.00,0.00,0.00,0.00,2,0
2026-06-13 14:22:53.522,0.00,0.00,0.00,0.00,2,0
2026-06-13 14:22:53.573,0.00,0.00,0.00,0.00,2,0
2026-06-13 14:22:53.623,0.00,0.00,0.00,0.00,2,0
2026-06-13 14:22:53.673,0.00,0.00,0.00,0.00,2,0
2026-06-13 14:22:53.724,0.00,0.00,0.00,0.00,2,0
2026-06-13 14:22:53.774,0.00,0.00,0.00,0.00,2,0
2026-06-13 14:22:53.825,0.00,0.00,0.00,0.00,2,0
2026-06-13 14:22:53.875,0.00,0.00,0.00,0.00,2,0
2026-06-13 14:22:53.925,0.00,0.00,0.00,0.00,2,0
2026-06-13 14:22:53.976,0.00,0.00,0.00,0.00,2,0
2026-06-13 14:22:54.026,0.00,0.00,0.00,0.00,2,0
2026-06-13 14:22:54.077,0.00,0.00,0.00,0.00,2,0
2026-06-13 14:22:54.127,0.00,0.00,0.00,0.00,2,0
2026-06-13 14:22:54.177,0.00,0.00,0.00,0.00,2,0
2026-06-13 14:22:54.228,0.00,0.00,0.00,0.00,2,0
2026-06-13 14:22:54.278,0.00,0.00,0.00,0.00,2,0
2026-06-13 14:22:54.329,0.00,0.00,0.00,0.00,2,0
2026-06-13 14:22:54.379,0.00,0.00,0.00,0.00,2,0
2026-06-13 14:22:54.430,0.00,0.00,0.00,0.00,2,0
2026-06-13 14:22:54.480,0.00,0.00,0.00,0.00,2,0
2026-06-13 14:22:54.530,0.00,0.00,0.00,0.00,2,0
2026-06-13 14:22:54.581,0.00,0.00,0.00,0.00,2,0
2026-06-13 14:22:54.631,0.00,0.00,0.00,0.00,2,0
2026-06-13 14:22:54.682,0.00,0.00,0.00,0.00,2,0
2026-06-13 14:22:54.732,0.00,0.00,0.00,0.00,2,0
2026-06-13 14:22:54.782,0.00,0.00,0.00,0.00,2,0
2026-06-13 14:22:54.833,0.00,0.00,0.00,0.00,2,0
2026-06-13 14:22:54.883,0.00,0.00,0.00,0.00,2,0
2026-06-13 14:22:54.934,0.00,0.00,0.00,0.00,2,0
2026-06-13 14:22:54.984,0.00,0.00,0.00,0.00,2,0
2026-06-13 14:22:55.034,0.00,0.00,0.00,0.00,2,0
2026-06-13 14:22:55.085,0.00,0.00,0.00,0.00,2,0
2026-06-13 14:22:55.135,0.00,0.00,0.00,0.00,2,0
2026-06-13 14:22:55.186,0.00,0.00,0.00,0.00,2,0
2026-06-13 14:22:55.236,0.00,0.00,0.00,0.00,2,0
2026-06-13 14:22:55.286,0.00,0.00,0.00,0.00,2,0
2026-06-13 14:22:55.337,0.00,0.00,0.00,0.00,2,0
2026-06-13 14:22:55.387,0.00,0.00,0.00,0.00,2,0
2026-06-13 14:22:55.438,0.00,0.00,0.00,0.00,2,0
2026-06-13 14:22:55.488,0.00,0.00,0.00,0.00,2,0
2026-06-13 14:22:55.538,0.00,0.00,0.00,0.00,2,0
2026-06-13 14:22:55.589,0.00,0.00,0.00,0.00,2,0
2026-06-13 14:22:55.639,0.00,0.00,0.00,0.00,2,0
2026-06-13 14:22:55.690,0.00,0.00,0.00,0.00,2,0
2026-06-13 14:22:55.740,0.00,0.00,0.00,0.00,2,0
2026-06-13 14:22:55.791,0.00,0.00,0.00,0.00,2,0
2026-06-13 14:22:55.841,0.00,0.00,0.00,0.00,2,0
2026-06-13 14:22:55.891,0.00,0.00,0.00,0.00,2,0
2026-06-13 14:22:55.942,0.00,0.00,0.00,0.00,2,0
2026-06-13 14:22:55.992,0.00,0.00,0.00,0.00,2,0
2026-06-13 14:22:56.043,0.00,0.00,0.00,0.00,2,0
2026-06-13 14:22:56.093,0.00,0.00,0.00,0.00,2,0
2026-06-13 14:22:56.143,0.00,0.00,0.00,0.00,2,0
2026-06-13 14:22:56.194,0.00,0.00,0.00,0.00,2,0
2026-06-13 14:22:56.244,0.00,0.00,0.00,0.00,2,0
2026-06-13 14:22:56.295,0.00,0.00,0.00,0.00,2,0
2026-06-13 14:22:56.345,0.00,0.00,0.00,0.00,2,0
2026-06-13 14:22:56.395,0.00,0.00,0.00,0.00,2,0
2026-06-13 14:22:56.446,0.00,0.00,0.00,0.00,2,0
2026-06-13 14:22:56.496,0.00,0.00,0.00,0.00,2,0
2026-06-13 14:22:56.547,0.00,0.00,0.00,0.00,2,0
2026-06-13 14:22:56.597,0.00,0.00,0.00,0.00,2,0
2026-06-13 14:22:56.647,0.00,0.00,0.00,0.00,2,0
2026-06-13 14:22:56.698,0.00,0.00,0.00,0.00,2,0
2026-06-13 14:22:56.748,0.00,0.00,0.00,0.00,2,0
2026-06-13 14:22:56.799,0.00,0.00,0.00,0.00,2,0
2026-06-13 14:22:56.849,0.00,0.00,0.00,0.00,2,0
2026-06-13 14:22:56.900,0.00,0.00,0.00,0.00,2,0
2026-06-13 14:22:56.950,0.00,0.00,0.00,0.00,2,0
2026-06-13 14:22:57.000,0.00,0.00,0.00,0.00,2,0
2026-06-13 14:22:57.051,0.00,0.00,0.00,0.00,2,0
2026-06-13 14:22:57.101,0.00,0.00,0.00,0.00,2,0
2026-06-13 14:22:57.151,0.00,0.00,0.00,0.00,2,0
2026-06-13 14:22:57.202,0.00,0.00,0.00,0.00,2,0
2026-06-13 14:22:57.252,0.00,0.00,0.00,0.00,2,0
2026-06-13 14:22:57.303,0.00,0.00,0.00,0.00,2,0
2026-06-13 14:22:57.353,0.00,0.00,0.00,0.00,2,0
2026-06-13 14:22:57.403,0.00,0.00,0.00,0.00,2,0
2026-06-13 14:22:57.454,0.00,0.00,0.00,0.00,2,0
2026-06-13 14:22:57.504,0.00,0.00,0.00,0.00,2,0
2026-06-13 14:22:57.555,0.00,0.00,0.00,0.00,2,0
2026-06-13 14:22:57.606,0.00,0.00,0.00,0.00,2,0
2026-06-13 14:22:57.656,0.00,0.00,0.00,0.00,2,0
2026-06-13 14:22:57.706,0.00,0.00,0.00,0.00,2,0
2026-06-13 14:22:57.756,0.00,0.00,0.00,0.00,2,0
2026-06-13 14:22:57.807,0.00,0.00,0.00,0.00,2,0
2026-06-13 14:22:57.857,0.00,0.00,0.00,0.00,2,0
2026-06-13 14:22:57.908,0.00,0.00,0.00,0.00,2,0
2026-06-13 14:22:57.958,0.00,0.00,0.00,0.00,2,0
2026-06-13 14:22:58.008,0.00,0.00,0.00,0.00,2,0
2026-06-13 14:22:58.059,0.00,0.00,0.00,0.00,2,0
2026-06-13 14:22:58.109,0.00,0.00,0.00,0.00,2,0
2026-06-13 14:22:58.160,0.00,0.00,0.00,0.00,2,0
2026-06-13 14:22:58.210,0.00,0.00,0.00,0.00,2,0
2026-06-13 14:22:58.260,0.00,0.00,0.00,0.00,2,0
2026-06-13 14:22:58.311,0.00,0.00,0.00,0.00,2,0
2026-06-13 14:22:58.361,0.00,0.00,0.00,0.00,2,0
2026-06-13 14:22:58.412,0.00,0.00,0.00,0.00,2,0
2026-06-13 14:22:58.462,0.00,0.00,0.00,0.00,2,0
2026-06-13 14:22:58.512,0.00,0.00,0.00,0.00,2,0
2026-06-13 14:22:58.563,0.00,0.00,0.00,0.00,2,0
2026-06-13 14:22:58.613,0.00,0.00,0.00,0.00,2,0
2026-06-13 14:22:58.663,0.00,0.00,0.00,0.00,2,0
2026-06-13 14:22:58.714,0.00,0.00,0.00,0.00,2,0
2026-06-13 14:22:58.764,0.00,0.00,0.00,0.00,2,0
2026-06-13 14:22:58.815,0.00,0.00,0.00,0.00,2,0
2026-06-13 14:22:58.865,0.00,0.00,0.00,0.00,2,0
2026-06-13 14:22:58.915,0.00,0.00,0.00,0.00,2,0
2026-06-13 14:22:58.966,0.00,0.00,0.00,0.00,2,0
2026-06-13 14:22:59.016,0.00,0.00,0.00,0.00,2,0
2026-06-13 14:22:59.067,0.00,0.00,0.00,0.00,2,0
2026-06-13 14:22:59.117,0.00,0.00,0.00,0.00,2,0
2026-06-13 14:22:59.168,0.00,0.00,0.00,0.00,2,0
2026-06-13 14:22:59.218,0.00,0.00,0.00,0.00,2,0
2026-06-13 14:22:59.268,0.00,0.00,0.00,0.00,2,0
2026-06-13 14:22:59.319,0.00,0.00,0.00,0.00,2,0
2026-06-13 14:22:59.369,0.00,0.00,0.00,0.00,2,0
2026-06-13 14:22:59.421,0.00,0.00,0.00,0.00,2,0
2026-06-13 14:22:59.470,0.00,0.00,0.00,0.00,2,0
2026-06-13 14:22:59.520,0.00,0.00,0.00,0.00,2,0
2026-06-13 14:22:59.571,0.00,0.00,0.00,0.00,2,0
2026-06-13 14:22:59.621,0.00,0.00,0.00,0.00,2,0
2026-06-13 14:22:59.672,0.00,0.00,0.00,0.00,2,0
2026-06-13 14:22:59.722,0.00,0.00,0.00,0.00,2,0
2026-06-13 14:22:59.772,0.00,0.00,0.00,0.00,2,0
2026-06-13 14:22:59.823,0.00,0.00,0.00,0.00,2,0
2026-06-13 14:22:59.873,0.00,0.00,0.00,0.00,2,0
2026-06-13 14:22:59.924,0.00,0.00,0.00,0.00,2,0
2026-06-13 14:22:59.974,0.00,0.00,0.00,0.00,2,0
2026-06-13 14:23:00.024,0.00,0.00,0.00,0.00,2,0
2026-06-13 14:23:00.075,0.00,0.00,0.00,0.00,2,0
2026-06-13 14:23:00.125,0.00,0.00,0.00,0.00,2,0
2026-06-13 14:23:00.176,0.00,0.00,0.00,0.00,2,0
2026-06-13 14:23:00.226,0.00,0.00,0.00,0.00,2,0
2026-06-13 14:23:00.277,0.00,0.00,0.00,0.00,2,0
2026-06-13 14:23:00.327,0.00,0.00,0.00,0.00,2,0
2026-06-13 14:23:00.377,0.00,0.00,0.00,0.00,2,0
2026-06-13 14:23:00.428,0.00,0.00,0.00,0.00,2,0
2026-06-13 14:23:00.478,0.00,0.00,0.00,0.00,2,0
2026-06-13 14:23:00.528,0.00,0.00,0.00,0.00,2,0
2026-06-13 14:23:00.579,0.00,0.00,0.00,0.00,2,0
2026-06-13 14:23:00.629,0.00,0.00,0.00,0.00,2,0
2026-06-13 14:23:00.680,0.00,0.00,0.00,0.00,2,0
2026-06-13 14:23:00.730,0.00,0.00,0.00,0.00,2,0
2026-06-13 14:23:00.781,0.00,0.00,0.00,0.00,2,0
2026-06-13 14:23:00.831,0.00,0.00,0.00,0.00,2,0
2026-06-13 14:23:00.881,0.00,0.00,0.00,0.00,2,0
2026-06-13 14:23:00.932,0.00,0.00,0.00,0.00,2,0
2026-06-13 14:23:00.982,0.00,0.00,0.00,0.00,2,0
2026-06-13 14:23:01.032,0.00,0.00,0.00,0.00,2,0
2026-06-13 14:23:01.083,0.00,0.00,0.00,0.00,2,0
2026-06-13 14:23:01.133,0.00,0.00,0.00,0.00,2,0
2026-06-13 14:23:01.184,0.00,0.00,0.00,0.00,2,0
2026-06-13 14:23:01.234,0.00,0.00,0.00,0.00,2,0
2026-06-13 14:23:01.284,0.00,0.00,0.00,0.00,2,0
2026-06-13 14:23:01.335,0.00,0.00,0.00,0.00,2,0
2026-06-13 14:23:01.385,0.00,0.00,0.00,0.00,2,0
2026-06-13 14:23:01.436,0.00,0.00,0.00,0.00,2,0
2026-06-13 14:23:01.486,0.00,0.00,0.00,0.00,2,0
2026-06-13 14:23:01.537,0.00,0.00,0.00,0.00,2,0
2026-06-13 14:23:01.587,0.00,0.00,0.00,0.00,2,0
2026-06-13 14:23:01.637,0.00,0.00,0.00,0.00,2,0
2026-06-13 14:23:01.688,0.00,0.00,0.00,0.00,2,0
2026-06-13 14:23:01.738,0.00,0.00,0.00,0.00,2,0
2026-06-13 14:23:01.789,0.00,0.00,0.00,0.00,2,0
2026-06-13 14:23:01.839,0.00,0.00,0.00,0.00,2,0
2026-06-13 14:23:01.889,0.00,0.00,0.00,0.00,2,0
2026-06-13 14:23:01.940,0.00,0.00,0.00,0.00,2,0
2026-06-13 14:23:01.990,0.00,0.00,0.00,0.00,2,0
2026-06-13 14:23:02.041,0.00,0.00,0.00,0.00,2,0
2026-06-13 14:23:02.091,0.00,0.00,0.00,0.00,2,0
2026-06-13 14:23:02.141,0.00,0.00,0.00,0.00,2,0
2026-06-13 14:23:02.192,0.00,0.00,0.00,0.00,2,0
2026-06-13 14:23:02.242,0.00,0.00,0.00,0.00,2,0
2026-06-13 14:23:02.293,0.00,0.00,0.00,0.00,2,0
2026-06-13 14:23:02.343,0.00,0.00,0.00,0.00,2,0
2026-06-13 14:23:02.393,0.00,0.00,0.00,0.00,2,0
2026-06-13 14:23:02.444,0.00,0.00,0.00,0.00,2,0
2026-06-13 14:23:02.494,0.00,0.00,0.00,0.00,2,0
2026-06-13 14:23:02.545,0.00,0.00,0.00,0.00,2,0
2026-06-13 14:23:02.595,0.00,0.00,0.00,0.00,2,0
2026-06-13 14:23:02.645,0.00,0.00,0.00,0.00,2,0
2026-06-13 14:23:02.696,0.00,0.00,0.00,0.00,2,0
2026-06-13 14:23:02.746,0.00,0.00,0.00,0.00,2,0
2026-06-13 14:23:02.797,0.00,0.00,0.00,0.00,2,0
2026-06-13 14:23:02.847,0.00,0.00,0.00,0.00,2,0
2026-06-13 14:23:02.897,0.00,0.00,0.00,0.00,2,0
2026-06-13 14:23:02.948,0.00,0.00,0.00,0.00,2,0
2026-06-13 14:23:02.998,0.00,0.00,0.00,0.00,2,0
2026-06-13 14:23:03.049,0.00,0.00,0.00,0.00,2,0
2026-06-13 14:23:03.099,0.00,0.00,0.00,0.00,2,0
2026-06-13 14:23:03.150,0.00,0.00,0.00,0.00,2,0
2026-06-13 14:23:03.200,0.00,0.00,0.00,0.00,2,0
2026-06-13 14:23:03.250,0.00,0.00,0.00,0.00,2,0
2026-06-13 14:23:03.301,0.00,0.00,0.00,0.00,2,0
2026-06-13 14:23:03.351,0.00,0.00,0.00,0.00,2,0
2026-06-13 14:23:03.401,0.00,0.00,0.00,0.00,2,0
2026-06-13 14:23:03.452,0.00,0.00,0.00,0.00,2,0
2026-06-13 14:23:03.502,0.00,0.00,0.00,0.00,2,0
2026-06-13 14:23:03.553,0.00,0.00,0.00,0.00,2,0
2026-06-13 14:23:03.603,0.00,0.00,0.00,0.00,2,0
2026-06-13 14:23:03.654,0.00,0.00,0.00,0.00,2,0
2026-06-13 14:23:03.704,0.00,0.00,0.00,0.00,2,0
2026-06-13 14:23:03.754,0.00,0.00,0.00,0.00,2,0
2026-06-13 14:23:03.805,0.00,0.00,0.00,0.00,2,0
2026-06-13 14:23:03.855,0.00,0.00,0.00,0.00,2,0
2026-06-13 14:23:03.906,0.00,0.00,0.00,0.00,2,0
2026-06-13 14:23:03.956,0.00,0.00,0.00,0.00,2,0
2026-06-13 14:23:04.006,0.00,0.00,0.00,0.00,2,0
2026-06-13 14:23:04.057,0.00,0.00,0.00,0.00,2,0
2026-06-13 14:23:04.107,0.00,0.00,0.00,0.00,2,0
2026-06-13 14:23:04.158,0.00,0.00,0.00,0.00,2,0
2026-06-13 14:23:04.208,0.00,0.00,0.00,0.00,2,0
2026-06-13 14:23:04.258,0.00,0.00,0.00,0.00,2,0
2026-06-13 14:23:04.309,0.00,0.00,0.00,0.00,2,0
2026-06-13 14:23:04.359,0.00,0.00,0.00,0.00,2,0
2026-06-13 14:23:04.410,0.00,0.00,0.00,0.00,2,0
2026-06-13 14:23:04.460,0.00,0.00,0.00,0.00,2,0
2026-06-13 14:23:04.511,0.00,0.00,0.00,0.00,2,0
2026-06-13 14:23:04.561,0.00,0.00,0.00,0.00,2,0
2026-06-13 14:23:04.611,0.00,0.00,0.00,0.00,2,0
2026-06-13 14:23:04.662,0.00,0.00,0.00,0.00,2,0
2026-06-13 14:23:04.712,0.00,0.00,0.00,0.00,2,0
2026-06-13 14:23:04.763,0.00,0.00,0.00,0.00,2,0
2026-06-13 14:23:04.813,0.00,0.00,0.00,0.00,2,0
2026-06-13 14:23:04.863,0.00,0.00,0.00,0.00,2,0
2026-06-13 14:23:04.914,0.00,0.00,0.00,0.00,2,0
2026-06-13 14:23:04.964,0.00,0.00,0.00,0.00,2,0
2026-06-13 14:23:05.015,0.00,0.00,0.00,0.00,2,0
2026-06-13 14:23:05.065,0.00,0.00,0.00,0.00,2,0
2026-06-13 14:23:05.115,0.00,0.00,0.00,0.00,2,0
2026-06-13 14:23:05.166,0.00,0.00,0.00,0.00,2,0
2026-06-13 14:23:05.216,0.00,0.00,0.00,0.00,2,0
2026-06-13 14:23:05.267,0.00,0.00,0.00,0.00,2,0
2026-06-13 14:23:05.317,0.00,0.00,0.00,0.00,2,0
2026-06-13 14:23:05.367,0.00,0.00,0.00,0.00,2,0
2026-06-13 14:23:05.418,0.00,0.00,0.00,0.00,2,0
2026-06-13 14:23:05.468,0.00,0.00,0.00,0.00,2,0
2026-06-13 14:23:05.519,0.00,0.00,0.00,0.00,2,0
2026-06-13 14:23:05.569,0.00,0.00,0.00,0.00,2,0
2026-06-13 14:23:05.620,0.00,0.00,0.00,0.00,2,0
2026-06-13 14:23:05.670,0.00,0.00,0.00,0.00,2,0
2026-06-13 14:23:05.720,0.00,0.00,0.00,0.00,2,0
2026-06-13 14:23:05.771,0.00,0.00,0.00,0.00,2,0
2026-06-13 14:23:05.821,0.00,0.00,0.00,0.00,2,0
2026-06-13 14:23:05.871,0.00,0.00,0.00,0.00,2,0
2026-06-13 14:23:05.922,0.00,0.00,0.00,0.00,2,0
2026-06-13 14:23:05.972,0.00,0.00,0.00,0.00,2,0
2026-06-13 14:23:06.023,0.00,0.00,0.00,0.00,2,0
2026-06-13 14:23:06.073,0.00,0.00,0.00,0.00,2,0
2026-06-13 14:23:06.123,0.00,0.00,0.00,0.00,2,0
2026-06-13 14:23:06.174,0.00,0.00,0.00,0.00,2,0
2026-06-13 14:23:06.224,0.00,0.00,0.00,0.00,2,0
2026-06-13 14:23:06.275,0.00,0.00,0.00,0.00,2,0
2026-06-13 14:23:06.325,0.00,0.00,0.00,0.00,2,0
2026-06-13 14:23:06.375,0.00,0.00,0.00,0.00,2,0
2026-06-13 14:23:06.426,0.00,0.00,0.00,0.00,2,0
2026-06-13 14:23:06.476,0.00,0.00,0.00,0.00,2,0
2026-06-13 14:23:06.527,0.00,0.00,0.00,0.00,2,0
2026-06-13 14:23:06.577,0.00,0.00,0.00,0.00,2,0
2026-06-13 14:23:06.627,0.00,0.00,0.00,0.00,2,0
2026-06-13 14:23:06.678,0.00,0.00,0.00,0.00,2,0
2026-06-13 14:23:06.728,0.00,0.00,0.00,0.00,2,0
2026-06-13 14:23:06.779,0.00,0.00,0.00,0.00,2,0
2026-06-13 14:23:06.829,0.00,0.00,0.00,0.00,2,0
2026-06-13 14:23:06.880,0.00,0.00,0.00,0.00,2,0
2026-06-13 14:23:06.930,0.00,0.00,0.00,0.00,2,0
2026-06-13 14:23:06.981,0.00,0.00,0.00,0.00,2,0
2026-06-13 14:23:07.031,0.00,0.00,0.00,0.00,2,0
2026-06-13 14:23:07.081,0.00,0.00,0.00,0.00,2,0
2026-06-13 14:23:07.132,0.00,0.00,0.00,0.00,2,0
2026-06-13 14:23:07.182,0.00,0.00,0.00,0.00,2,0
2026-06-13 14:23:07.232,0.00,0.00,0.00,0.00,2,0
2026-06-13 14:23:07.283,0.00,0.00,0.00,0.00,2,0
2026-06-13 14:23:07.333,0.00,0.00,0.00,0.00,2,0
2026-06-13 14:23:07.383,0.00,0.00,0.00,0.00,2,0
2026-06-13 14:23:07.434,0.00,0.00,0.00,0.00,2,0
2026-06-13 14:23:07.484,0.00,0.00,0.00,0.00,2,0
2026-06-13 14:23:07.535,0.00,0.00,0.00,0.00,2,0
2026-06-13 14:23:07.585,0.00,0.00,0.00,0.00,2,0
2026-06-13 14:23:07.635,0.00,0.00,0.00,0.00,2,0
2026-06-13 14:23:07.686,0.00,0.00,0.00,0.00,2,0
2026-06-13 14:23:07.736,0.00,0.00,0.00,0.00,2,0
2026-06-13 14:23:07.786,0.00,0.00,0.00,0.00,2,0
2026-06-13 14:23:07.837,0.00,0.00,0.00,0.00,2,0
2026-06-13 14:23:07.888,0.00,0.00,0.00,0.00,2,0
2026-06-13 14:23:07.938,0.00,0.00,0.00,0.00,2,0
2026-06-13 14:23:07.988,0.00,0.00,0.00,0.00,2,0
2026-06-13 14:23:08.038,0.00,0.00,0.00,0.00,2,0
2026-06-13 14:23:08.088,0.00,0.00,0.00,0.00,2,0
2026-06-13 14:23:08.138,0.00,0.00,0.00,0.00,2,0
2026-06-13 14:23:08.188,0.00,0.00,0.00,0.00,2,0
2026-06-13 14:23:08.238,0.00,0.00,0.00,0.00,2,0
2026-06-13 14:23:08.288,0.00,0.00,0.00,0.00,2,0
2026-06-13 14:23:08.339,0.00,0.00,0.00,0.00,2,0
2026-06-13 14:23:08.389,0.00,0.00,0.00,0.00,2,0
2026-06-13 14:23:08.439,0.00,0.00,0.00,0.00,2,0
2026-06-13 14:23:08.489,0.00,0.00,0.00,0.00,2,0
2026-06-13 14:23:08.539,0.00,0.00,0.00,0.00,2,0
2026-06-13 14:23:08.589,0.00,0.00,0.00,0.00,2,0
2026-06-13 14:23:08.639,0.00,0.00,0.00,0.00,2,0
2026-06-13 14:23:08.689,0.00,0.00,0.00,0.00,2,0
2026-06-13 14:23:08.740,0.00,0.00,0.00,0.00,2,0
2026-06-13 14:23:08.790,0.00,0.00,0.00,0.00,2,0
2026-06-13 14:23:08.840,0.00,0.00,0.00,0.00,2,0
2026-06-13 14:23:08.890,0.00,0.00,0.00,0.00,2,0
2026-06-13 14:23:08.940,0.00,0.00,0.00,0.00,2,0
2026-06-13 14:23:08.990,0.00,0.00,0.00,0.00,2,0
2026-06-13 14:23:09.040,0.00,0.00,0.00,0.00,2,0
2026-06-13 14:23:09.090,0.00,0.00,0.00,0.00,2,0
2026-06-13 14:23:09.140,0.00,0.00,0.00,0.00,2,0
2026-06-13 14:23:09.190,0.00,0.00,0.00,0.00,2,0
2026-06-13 14:23:09.240,0.00,0.00,0.00,0.00,2,0
2026-06-13 14:23:09.290,0.00,0.00,0.00,0.00,2,0
2026-06-13 14:23:09.340,0.00,0.00,0.00,0.00,2,0
2026-06-13 14:23:09.390,0.00,0.00,0.00,0.00,2,0
2026-06-13 14:23:09.441,0.00,0.00,0.00,0.00,2,0
2026-06-13 14:23:09.491,0.00,0.00,0.00,0.00,2,0
2026-06-13 14:23:09.541,0.00,0.00,0.00,0.00,2,0
2026-06-13 14:23:09.591,0.00,0.00,0.00,0.00,2,0
2026-06-13 14:23:09.641,0.00,0.00,0.00,0.00,2,0
2026-06-13 14:23:09.691,0.00,0.00,0.00,0.00,2,0
2026-06-13 14:23:09.741,0.00,0.00,0.00,0.00,2,0
2026-06-13 14:23:09.791,0.00,0.00,0.00,0.00,2,0
2026-06-13 14:23:09.841,0.00,0.00,0.00,0.00,2,0
2026-06-13 14:23:09.891,0.00,0.00,0.00,0.00,2,0
2026-06-13 14:23:09.941,0.00,0.00,0.00,0.00,2,0
2026-06-13 14:23:09.992,0.00,0.00,0.00,0.00,2,0
2026-06-13 14:23:10.042,0.00,0.00,0.00,0.00,2,0
2026-06-13 14:23:10.092,0.00,0.00,0.00,0.00,2,0
2026-06-13 14:23:10.142,0.00,0.00,0.00,0.00,2,0
2026-06-13 14:23:10.192,0.00,0.00,0.00,0.00,2,0
2026-06-13 14:23:10.242,0.00,0.00,0.00,0.00,2,0
2026-06-13 14:23:10.292,0.00,0.00,0.00,0.00,2,0
2026-06-13 14:23:10.342,0.00,0.00,0.00,0.00,2,0
2026-06-13 14:23:10.392,0.00,0.00,0.00,0.00,2,0
2026-06-13 14:23:10.442,0.00,0.00,0.00,0.00,2,0
2026-06-13 14:23:10.493,0.00,0.00,0.00,0.00,2,0
2026-06-13 14:23:10.543,0.00,0.00,0.00,0.00,2,0
2026-06-13 14:23:10.593,0.00,0.00,0.00,0.00,2,0
2026-06-13 14:23:10.643,0.00,0.00,0.00,0.00,2,0
2026-06-13 14:23:10.693,0.00,0.00,0.00,0.00,2,0
2026-06-13 14:23:10.743,0.00,0.00,0.00,0.00,2,0
2026-06-13 14:23:10.793,0.00,0.00,0.00,0.00,2,0
2026-06-13 14:23:10.843,0.00,0.00,0.00,0.00,2,0
2026-06-13 14:23:10.893,0.00,0.00,0.00,0.00,2,0
2026-06-13 14:23:10.943,0.00,0.00,0.00,0.00,2,0
2026-06-13 14:23:10.994,0.00,0.00,0.00,0.00,2,0
2026-06-13 14:23:11.044,0.00,0.00,0.00,0.00,2,0
2026-06-13 14:23:11.094,0.00,0.00,0.00,0.00,2,0
2026-06-13 14:23:11.144,0.00,0.00,0.00,0.00,2,0
2026-06-13 14:23:11.194,0.00,0.00,0.00,0.00,2,0
2026-06-13 14:23:11.244,0.00,0.00,0.00,0.00,2,0
2026-06-13 14:23:11.294,0.00,0.00,0.00,0.00,2,0
2026-06-13 14:23:11.344,0.00,0.00,0.00,0.00,2,0
2026-06-13 14:23:11.394,0.00,0.00,0.00,0.00,2,0
2026-06-13 14:23:11.445,0.00,0.00,0.00,0.00,2,0
2026-06-13 14:23:11.495,0.00,0.00,0.00,0.00,2,0
2026-06-13 14:23:11.545,0.00,0.00,0.00,0.00,2,0
2026-06-13 14:23:11.595,0.00,0.00,0.00,0.00,2,0
2026-06-13 14:23:11.645,0.00,0.00,0.00,0.00,2,0
2026-06-13 14:23:11.695,0.00,0.00,0.00,0.00,2,0
2026-06-13 14:23:11.745,0.00,0.00,0.00,0.00,2,0
2026-06-13 14:23:11.795,0.00,0.00,0.00,0.00,2,0
2026-06-13 14:23:11.845,0.00,0.00,0.00,0.00,2,0
2026-06-13 14:23:11.896,0.00,0.00,0.00,0.00,2,0
2026-06-13 14:23:11.946,0.00,0.00,0.00,0.00,2,0
2026-06-13 14:23:11.996,0.00,0.00,0.00,0.00,2,0
2026-06-13 14:23:12.046,0.00,0.00,0.00,0.00,2,0
2026-06-13 14:23:12.096,0.00,0.00,0.00,0.00,2,0
2026-06-13 14:23:12.146,0.00,0.00,0.00,0.00,2,0
2026-06-13 14:23:12.196,0.00,0.00,0.00,0.00,2,0
2026-06-13 14:23:12.246,0.00,0.00,0.00,0.00,2,0
2026-06-13 14:23:12.296,0.00,0.00,0.00,0.00,2,0
2026-06-13 14:23:12.347,0.00,0.00,0.00,0.00,2,0
2026-06-13 14:23:12.397,0.00,0.00,0.00,0.00,2,0
2026-06-13 14:23:12.447,0.00,0.00,0.00,0.00,2,0
2026-06-13 14:23:12.497,0.00,0.00,0.00,0.00,2,0
2026-06-13 14:23:12.547,0.00,0.00,0.00,0.00,2,0
2026-06-13 14:23:12.597,0.00,0.00,0.00,0.00,2,0
2026-06-13 14:23:12.647,0.00,0.00,0.00,0.00,2,0
2026-06-13 14:23:12.698,0.00,0.00,0.00,0.00,2,0
2026-06-13 14:23:12.748,0.00,0.00,0.00,0.00,2,0
2026-06-13 14:23:12.798,0.00,0.00,0.00,0.00,2,0
2026-06-13 14:23:12.848,0.00,0.00,0.00,0.00,2,0
2026-06-13 14:23:12.898,0.00,0.00,0.00,0.00,2,0
2026-06-13 14:23:12.948,0.00,0.00,0.00,0.00,2,0
2026-06-13 14:23:12.998,0.00,0.00,0.00,0.00,2,0
2026-06-13 14:23:13.048,0.00,0.00,0.00,0.00,2,0
2026-06-13 14:23:13.099,0.00,0.00,0.00,0.00,2,0
2026-06-13 14:23:13.149,0.00,0.00,0.00,0.00,2,0
2026-06-13 14:23:13.199,0.00,0.00,0.00,0.00,2,0
2026-06-13 14:23:13.250,0.00,0.00,0.00,0.00,2,0
2026-06-13 14:23:13.299,0.00,0.00,0.00,0.00,2,0
2026-06-13 14:23:13.349,0.00,0.00,0.00,0.00,2,0
2026-06-13 14:23:13.399,0.00,0.00,0.00,0.00,2,0
2026-06-13 14:23:13.450,0.00,0.00,0.00,0.00,2,0
2026-06-13 14:23:13.500,0.00,0.00,0.00,0.00,2,0
2026-06-13 14:23:13.551,0.00,0.00,0.00,0.00,2,0
2026-06-13 14:23:13.600,0.00,0.00,0.00,0.00,2,0
2026-06-13 14:23:13.650,0.00,0.00,0.00,0.00,2,0
2026-06-13 14:23:13.700,0.00,0.00,0.00,0.00,2,0
2026-06-13 14:23:13.750,0.00,0.00,0.00,0.00,2,0
2026-06-13 14:23:13.800,0.00,0.00,0.00,0.00,2,0
2026-06-13 14:23:13.850,0.00,0.00,0.00,0.00,2,0
2026-06-13 14:23:13.901,0.00,0.00,0.00,0.00,2,0
2026-06-13 14:23:13.951,0.00,0.00,0.00,0.00,2,0
2026-06-13 14:23:14.001,0.00,0.00,0.00,0.00,2,0
2026-06-13 14:23:14.051,0.00,0.00,0.00,0.00,2,0
2026-06-13 14:23:14.101,0.00,0.00,0.00,0.00,2,0
2026-06-13 14:23:14.151,0.00,0.00,0.00,0.00,2,0
2026-06-13 14:23:14.202,0.00,0.00,0.00,0.00,2,0
2026-06-13 14:23:14.252,0.00,0.00,0.00,0.00,2,0
2026-06-13 14:23:14.302,0.00,0.00,0.00,0.00,2,0
2026-06-13 14:23:14.352,0.00,0.00,0.00,0.00,2,0
2026-06-13 14:23:14.402,0.00,0.00,0.00,0.00,2,0
2026-06-13 14:23:14.452,0.00,0.00,0.00,0.00,2,0
2026-06-13 14:23:14.502,0.00,0.00,0.00,0.00,2,0
2026-06-13 14:23:14.552,0.00,0.00,0.00,0.00,2,0
2026-06-13 14:23:14.603,0.00,0.00,0.00,0.00,2,0
2026-06-13 14:23:14.653,0.00,0.00,0.00,0.00,2,0
2026-06-13 14:23:14.703,0.00,0.00,0.00,0.00,2,0
2026-06-13 14:23:14.753,0.00,0.00,0.00,0.00,2,0
2026-06-13 14:23:14.805,0.00,0.00,0.00,0.00,2,0
2026-06-13 14:23:14.853,0.00,0.00,0.00,0.00,2,0
2026-06-13 14:23:14.903,0.00,0.00,0.00,0.00,2,0
2026-06-13 14:23:14.954,0.00,0.00,0.00,0.00,2,0
2026-06-13 14:23:15.004,0.00,0.00,0.00,0.00,2,0
2026-06-13 14:23:15.054,0.00,0.00,0.00,0.00,2,0
2026-06-13 14:23:15.104,0.00,0.00,0.00,0.00,2,0
2026-06-13 14:23:15.154,0.00,0.00,0.00,0.00,2,0
2026-06-13 14:23:15.204,0.00,0.00,0.00,0.00,2,0
2026-06-13 14:23:15.254,0.00,0.00,0.00,0.00,2,0
2026-06-13 14:23:15.304,0.00,0.00,0.00,0.00,2,0
2026-06-13 14:23:15.354,0.00,0.00,0.00,0.00,2,0
2026-06-13 14:23:15.405,0.00,0.00,0.00,0.00,2,0
2026-06-13 14:23:15.455,0.00,0.00,0.00,0.00,2,0
2026-06-13 14:23:15.505,0.00,0.00,0.00,0.00,2,0
2026-06-13 14:23:15.555,0.00,0.00,0.00,0.00,2,0
2026-06-13 14:23:15.605,0.00,0.00,0.00,0.00,2,0
2026-06-13 14:23:15.655,0.00,0.00,0.00,0.00,2,0
2026-06-13 14:23:15.705,0.00,0.00,0.00,0.00,2,0
2026-06-13 14:23:15.756,0.00,0.00,0.00,0.00,2,0
2026-06-13 14:23:15.806,0.00,0.00,0.00,0.00,2,0
2026-06-13 14:23:15.856,0.00,0.00,0.00,0.00,2,0
2026-06-13 14:23:15.906,0.00,0.00,0.00,0.00,2,0
2026-06-13 14:23:15.956,0.00,0.00,0.00,0.00,2,0
2026-06-13 14:23:16.006,0.00,0.00,0.00,0.00,2,0
2026-06-13 14:23:16.057,0.00,0.00,0.00,0.00,2,0
2026-06-13 14:23:16.107,0.00,0.00,0.00,0.00,2,0
2026-06-13 14:23:16.157,0.00,0.00,0.00,0.00,2,0
2026-06-13 14:23:16.207,0.00,0.00,0.00,0.00,2,0
2026-06-13 14:23:16.257,0.00,0.00,0.00,0.00,2,0
2026-06-13 14:23:16.307,0.00,0.00,0.00,0.00,2,0
2026-06-13 14:23:16.357,0.00,0.00,0.00,0.00,2,0
2026-06-13 14:23:16.408,0.00,0.00,0.00,0.00,2,0
2026-06-13 14:23:16.458,0.00,0.00,0.00,0.00,2,0
2026-06-13 14:23:16.508,0.00,0.00,0.00,0.00,2,0
2026-06-13 14:23:16.558,0.00,0.00,0.00,0.00,2,0
2026-06-13 14:23:16.608,0.00,0.00,0.00,0.00,2,0
2026-06-13 14:23:16.658,0.00,0.00,0.00,0.00,2,0
2026-06-13 14:23:16.709,0.00,0.00,0.00,0.00,2,0
2026-06-13 14:23:16.759,0.00,0.00,0.00,0.00,2,0
2026-06-13 14:23:16.809,0.00,0.00,0.00,0.00,2,0
2026-06-13 14:23:16.859,0.00,0.00,0.00,0.00,2,0
2026-06-13 14:23:16.909,0.00,0.00,0.00,0.00,2,0
2026-06-13 14:23:16.959,0.00,0.00,0.00,0.00,2,0
2026-06-13 14:23:17.010,0.00,0.00,0.00,0.00,2,0
2026-06-13 14:23:17.060,0.00,0.00,0.00,0.00,2,0
2026-06-13 14:23:17.110,0.00,0.00,0.00,0.00,2,0
2026-06-13 14:23:17.160,0.00,0.00,0.00,0.00,2,0
2026-06-13 14:23:17.210,0.00,0.00,0.00,0.00,2,0
2026-06-13 14:23:17.260,0.00,0.00,0.00,0.00,2,0
2026-06-13 14:23:17.310,0.00,0.00,0.00,0.00,2,0
2026-06-13 14:23:17.360,0.00,0.00,0.00,0.00,2,0
2026-06-13 14:23:17.411,0.00,0.00,0.00,0.00,2,0
2026-06-13 14:23:17.461,0.00,0.00,0.00,0.00,2,0
2026-06-13 14:23:17.511,0.00,0.00,0.00,0.00,2,0
2026-06-13 14:23:17.561,0.00,0.00,0.00,0.00,2,0
2026-06-13 14:23:17.611,0.00,0.00,0.00,0.00,2,0
2026-06-13 14:23:17.661,0.00,0.00,0.00,0.00,2,0
2026-06-13 14:23:17.712,0.00,0.00,0.00,0.00,2,0
2026-06-13 14:23:17.762,0.00,0.00,0.00,0.00,2,0
2026-06-13 14:23:17.812,0.00,0.00,0.00,0.00,2,0
2026-06-13 14:23:17.862,0.00,0.00,0.00,0.00,2,0
2026-06-13 14:23:17.912,0.00,0.00,0.00,0.00,2,0
2026-06-13 14:23:17.962,0.00,0.00,0.00,0.00,2,0
2026-06-13 14:23:18.012,0.00,0.00,0.00,0.00,2,0
2026-06-13 14:23:18.063,0.00,0.00,0.00,0.00,2,0
2026-06-13 14:23:18.113,0.00,0.00,0.00,0.00,2,0
2026-06-13 14:23:18.163,0.00,0.00,0.00,0.00,2,0
2026-06-13 14:23:18.213,0.00,0.00,0.00,0.00,2,0
2026-06-13 14:23:18.263,0.00,0.00,0.00,0.00,2,0
2026-06-13 14:23:18.313,0.00,0.00,0.00,0.00,2,0
2026-06-13 14:23:18.364,0.00,0.00,0.00,0.00,2,0
2026-06-13 14:23:18.415,0.00,0.00,0.00,0.00,2,0
2026-06-13 14:23:18.464,0.00,0.00,0.00,0.00,2,0
2026-06-13 14:23:18.514,0.00,0.00,0.00,0.00,2,0
2026-06-13 14:23:18.564,0.00,0.00,0.00,0.00,2,0
2026-06-13 14:23:18.615,0.00,0.00,0.00,0.00,2,0
2026-06-13 14:23:18.665,0.00,0.00,0.00,0.00,2,0
2026-06-13 14:23:18.715,0.00,0.00,0.00,0.00,2,0
2026-06-13 14:23:18.765,0.00,0.00,0.00,0.00,2,0
2026-06-13 14:23:18.815,0.00,0.00,0.00,0.00,2,0
2026-06-13 14:23:18.865,0.00,0.00,0.00,0.00,2,0
2026-06-13 14:23:18.915,0.00,0.00,0.00,0.00,2,0
2026-06-13 14:23:18.966,0.00,0.00,0.00,0.00,2,0
2026-06-13 14:23:19.016,0.00,0.00,0.00,0.00,2,0
2026-06-13 14:23:19.066,0.00,0.00,0.00,0.00,2,0
2026-06-13 14:23:19.116,0.00,0.00,0.00,0.00,2,0
2026-06-13 14:23:19.166,0.00,0.00,0.00,0.00,2,0
2026-06-13 14:23:19.217,0.00,0.00,0.00,0.00,2,0
2026-06-13 14:23:19.267,0.00,0.00,0.00,0.00,2,0
2026-06-13 14:23:19.317,0.00,0.00,0.00,0.00,2,0
2026-06-13 14:23:19.367,0.00,0.00,0.00,0.00,2,0
2026-06-13 14:23:19.417,0.00,0.00,0.00,0.00,2,0
2026-06-13 14:23:19.467,0.00,0.00,0.00,0.00,2,0
2026-06-13 14:23:19.517,0.00,0.00,0.00,0.00,2,0
2026-06-13 14:23:19.568,0.00,0.00,0.00,0.00,2,0
2026-06-13 14:23:19.618,0.00,0.00,0.00,0.00,2,0
2026-06-13 14:23:19.668,0.00,0.00,0.00,0.00,2,0
2026-06-13 14:23:19.718,0.00,0.00,0.00,0.00,2,0
2026-06-13 14:23:19.768,0.00,0.00,0.00,0.00,2,0
2026-06-13 14:23:19.819,0.00,0.00,0.00,0.00,2,0
2026-06-13 14:23:19.869,0.00,0.00,0.00,0.00,2,0
2026-06-13 14:23:19.919,0.00,0.00,0.00,0.00,2,0
2026-06-13 14:23:19.969,0.00,0.00,0.00,0.00,2,0
2026-06-13 14:23:20.019,0.00,0.00,0.00,0.00,2,0
2026-06-13 14:23:20.070,0.00,0.00,0.00,0.00,2,0
2026-06-13 14:23:20.120,0.00,0.00,0.00,0.00,2,0
2026-06-13 14:23:20.170,0.00,0.00,0.00,0.00,2,0
2026-06-13 14:23:20.220,0.00,0.00,0.00,0.00,2,0
2026-06-13 14:23:20.270,0.00,0.00,0.00,0.00,2,0
2026-06-13 14:23:20.320,0.00,0.00,0.00,0.00,2,0
2026-06-13 14:23:20.370,0.00,0.00,0.00,0.00,2,0
2026-06-13 14:23:20.420,0.00,0.00,0.00,0.00,2,0
2026-06-13 14:23:20.471,0.00,0.00,0.00,0.00,2,0
2026-06-13 14:23:20.521,0.00,0.00,0.00,0.00,2,0
2026-06-13 14:23:20.571,0.00,0.00,0.00,0.00,2,0
2026-06-13 14:23:20.621,0.00,0.00,0.00,0.00,2,0
2026-06-13 14:23:20.671,0.00,0.00,0.00,0.00,2,0
2026-06-13 14:23:20.722,0.00,0.00,0.00,0.00,2,0
2026-06-13 14:23:20.772,0.00,0.00,0.00,0.00,2,0
2026-06-13 14:23:20.822,0.00,0.00,0.00,0.00,2,0
2026-06-13 14:23:20.872,0.00,0.00,0.00,0.00,2,0
2026-06-13 14:23:20.922,0.00,0.00,0.00,0.00,2,0
2026-06-13 14:23:20.972,0.00,0.00,0.00,0.00,2,0
2026-06-13 14:23:21.023,0.00,0.00,0.00,0.00,2,0
2026-06-13 14:23:21.073,0.00,0.00,0.00,0.00,2,0
2026-06-13 14:23:21.123,0.00,0.00,0.00,0.00,2,0
2026-06-13 14:23:21.173,0.00,0.00,0.00,0.00,2,0
2026-06-13 14:23:21.223,0.00,0.00,0.00,0.00,2,0
2026-06-13 14:23:21.274,0.00,0.00,0.00,0.00,2,0
2026-06-13 14:23:21.324,0.00,0.00,0.00,0.00,2,0
2026-06-13 14:23:21.374,0.00,0.00,0.00,0.00,2,0
2026-06-13 14:23:21.424,0.00,0.00,0.00,0.00,2,0
2026-06-13 14:23:21.474,0.00,0.00,0.00,0.00,2,0
2026-06-13 14:23:21.524,0.00,0.00,0.00,0.00,2,0
2026-06-13 14:23:21.575,0.00,0.00,0.00,0.00,2,0
2026-06-13 14:23:21.625,0.00,0.00,0.00,0.00,2,0
2026-06-13 14:23:21.675,0.00,0.00,0.00,0.00,2,0
2026-06-13 14:23:21.725,0.00,0.00,0.00,0.00,2,0
2026-06-13 14:23:21.775,0.00,0.00,0.00,0.00,2,0
2026-06-13 14:23:21.826,0.00,0.00,0.00,0.00,2,0
2026-06-13 14:23:21.876,0.00,0.00,0.00,0.00,2,0
2026-06-13 14:23:21.926,0.00,0.00,0.00,0.00,2,0
2026-06-13 14:23:21.976,0.00,0.00,0.00,0.00,2,0
2026-06-13 14:23:22.026,0.00,0.00,0.00,0.00,2,0
2026-06-13 14:23:22.077,0.00,0.00,0.00,0.00,2,0
2026-06-13 14:23:22.127,0.00,0.00,0.00,0.00,2,0
2026-06-13 14:23:22.177,0.00,0.00,0.00,0.00,2,0
2026-06-13 14:23:22.227,0.00,0.00,0.00,0.00,2,0
2026-06-13 14:23:22.277,0.00,0.00,0.00,0.00,2,0
2026-06-13 14:23:22.327,0.00,0.00,0.00,0.00,2,0
2026-06-13 14:23:22.378,0.00,0.00,0.00,0.00,2,0
2026-06-13 14:23:22.428,0.00,0.00,0.00,0.00,2,0
2026-06-13 14:23:22.478,0.00,0.00,0.00,0.00,2,0
2026-06-13 14:23:22.528,0.00,0.00,0.00,0.00,2,0
2026-06-13 14:23:22.578,0.00,0.00,0.00,0.00,2,0
2026-06-13 14:23:22.629,0.00,0.00,0.00,0.00,2,0
2026-06-13 14:23:22.679,0.00,0.00,0.00,0.00,2,0
2026-06-13 14:23:22.729,0.00,0.00,0.00,0.00,2,0
2026-06-13 14:23:22.779,0.00,0.00,0.00,0.00,2,0
2026-06-13 14:23:22.830,0.00,0.00,0.00,0.00,2,0
2026-06-13 14:23:22.880,0.00,0.00,0.00,0.00,2,0
2026-06-13 14:23:22.930,0.00,0.00,0.00,0.00,2,0
2026-06-13 14:23:22.980,0.00,0.00,0.00,0.00,2,0
2026-06-13 14:23:23.030,0.00,0.00,0.00,0.00,2,0
2026-06-13 14:23:23.080,0.00,0.00,0.00,0.00,2,0
2026-06-13 14:23:23.130,0.00,0.00,0.00,0.00,2,0
2026-06-13 14:23:23.181,0.00,0.00,0.00,0.00,2,0
2026-06-13 14:23:23.231,0.00,0.00,0.00,0.00,2,0
2026-06-13 14:23:23.281,0.00,0.00,0.00,0.00,2,0
2026-06-13 14:23:23.331,0.00,0.00,0.00,0.00,2,0
2026-06-13 14:23:23.381,0.00,0.00,0.00,0.00,2,0
2026-06-13 14:23:23.432,0.00,0.00,0.00,0.00,2,0
2026-06-13 14:23:23.482,0.00,0.00,0.00,0.00,2,0
2026-06-13 14:23:23.532,0.00,0.00,0.00,0.00,2,0
2026-06-13 14:23:23.582,0.00,0.00,0.00,0.00,2,0
2026-06-13 14:23:23.632,0.00,0.00,0.00,0.00,2,0
2026-06-13 14:23:23.683,0.00,0.00,0.00,0.00,2,0
2026-06-13 14:23:23.733,0.00,0.00,0.00,0.00,2,0
2026-06-13 14:23:23.783,0.00,0.00,0.00,0.00,2,0
2026-06-13 14:23:23.833,0.00,0.00,0.00,0.00,2,0
2026-06-13 14:23:23.883,0.00,0.00,0.00,0.00,2,0
2026-06-13 14:23:23.934,0.00,0.00,0.00,0.00,2,0
2026-06-13 14:23:23.984,0.00,0.00,0.00,0.00,2,0
2026-06-13 14:23:24.034,0.00,0.00,0.00,0.00,2,0
2026-06-13 14:23:24.084,0.00,0.00,0.00,0.00,2,0
2026-06-13 14:23:24.134,0.00,0.00,0.00,0.00,2,0
2026-06-13 14:23:24.185,0.00,0.00,0.00,0.00,2,0
2026-06-13 14:23:24.235,0.00,0.00,0.00,0.00,2,0
2026-06-13 14:23:24.285,0.00,0.00,0.00,0.00,2,0
2026-06-13 14:23:24.335,0.00,0.00,0.00,0.00,2,0
2026-06-13 14:23:24.385,0.00,0.00,0.00,0.00,2,0
2026-06-13 14:23:24.436,0.00,0.00,0.00,0.00,2,0
2026-06-13 14:23:24.486,0.00,0.00,0.00,0.00,2,0
2026-06-13 14:23:24.536,0.00,0.00,0.00,0.00,2,0
2026-06-13 14:23:24.586,0.00,0.00,0.00,0.00,2,0
2026-06-13 14:23:24.636,0.00,0.00,0.00,0.00,2,0
2026-06-13 14:23:24.687,0.00,0.00,0.00,0.00,2,0
2026-06-13 14:23:24.737,0.00,0.00,0.00,0.00,2,0
2026-06-13 14:23:24.787,0.00,0.00,0.00,0.00,2,0
2026-06-13 14:23:24.837,0.00,0.00,0.00,0.00,2,0
2026-06-13 14:23:24.887,0.00,0.00,0.00,0.00,2,0
2026-06-13 14:23:24.938,0.00,0.00,0.00,0.00,2,0
2026-06-13 14:23:24.988,0.00,0.00,0.00,0.00,2,0
2026-06-13 14:23:25.038,0.00,0.00,0.00,0.00,2,0
2026-06-13 14:23:25.088,0.00,0.00,0.00,0.00,2,0
2026-06-13 14:23:25.138,0.00,0.00,0.00,0.00,2,0
2026-06-13 14:23:25.189,0.00,0.00,0.00,0.00,2,0
2026-06-13 14:23:25.239,0.00,0.00,0.00,0.00,2,0
2026-06-13 14:23:25.289,0.00,0.00,0.00,0.00,2,0
2026-06-13 14:23:25.339,0.00,0.00,0.00,0.00,2,0
2026-06-13 14:23:25.390,0.00,0.00,0.00,0.00,2,0
2026-06-13 14:23:25.440,0.00,0.00,0.00,0.00,2,0
2026-06-13 14:23:25.490,0.00,0.00,0.00,0.00,2,0
2026-06-13 14:23:25.540,0.00,0.00,0.00,0.00,2,0
2026-06-13 14:23:25.590,0.00,0.00,0.00,0.00,2,0
2026-06-13 14:23:25.640,0.00,0.00,0.00,0.00,2,0
2026-06-13 14:23:25.691,0.00,0.00,0.00,0.00,2,0
2026-06-13 14:23:25.741,0.00,0.00,0.00,0.00,2,0
2026-06-13 14:23:25.791,0.00,0.00,0.00,0.00,2,0
2026-06-13 14:23:25.841,0.00,0.00,0.00,0.00,2,0
2026-06-13 14:23:25.891,0.00,0.00,0.00,0.00,2,0
2026-06-13 14:23:25.942,0.00,0.00,0.00,0.00,2,0
2026-06-13 14:23:25.992,0.00,0.00,0.00,0.00,2,0
2026-06-13 14:23:26.042,0.00,0.00,0.00,0.00,2,0
2026-06-13 14:23:26.092,0.00,0.00,0.00,0.00,2,0
2026-06-13 14:23:26.142,0.00,0.00,0.00,0.00,2,0
2026-06-13 14:23:26.193,0.00,0.00,0.00,0.00,2,0
2026-06-13 14:23:26.243,0.00,0.00,0.00,0.00,2,0
2026-06-13 14:23:26.293,0.00,0.00,0.00,0.00,2,0
2026-06-13 14:23:26.343,0.00,0.00,0.00,0.00,2,0
2026-06-13 14:23:26.394,0.00,0.00,0.00,0.00,2,0
2026-06-13 14:23:26.444,0.00,0.00,0.00,0.00,2,0
2026-06-13 14:23:26.494,0.00,0.00,0.00,0.00,2,0
2026-06-13 14:23:26.544,0.00,0.00,0.00,0.00,2,0
2026-06-13 14:23:26.594,0.00,0.00,0.00,0.00,2,0
2026-06-13 14:23:26.645,0.00,0.00,0.00,0.00,2,0
2026-06-13 14:23:26.695,0.00,0.00,0.00,0.00,2,0
2026-06-13 14:23:26.745,0.00,0.00,0.00,0.00,2,0
2026-06-13 14:23:26.795,0.00,0.00,0.00,0.00,2,0
2026-06-13 14:23:26.845,0.00,0.00,0.00,0.00,2,0
2026-06-13 14:23:26.896,0.00,0.00,0.00,0.00,2,0
2026-06-13 14:23:26.946,0.00,0.00,0.00,0.00,2,0
2026-06-13 14:23:26.996,0.00,0.00,0.00,0.00,2,0
2026-06-13 14:23:27.046,0.00,0.00,0.00,0.00,2,0
2026-06-13 14:23:27.097,0.00,0.00,0.00,0.00,2,0
2026-06-13 14:23:27.147,0.00,0.00,0.00,0.00,2,0
2026-06-13 14:23:27.197,0.00,0.00,0.00,0.00,2,0
2026-06-13 14:23:27.248,0.00,0.00,0.00,0.00,2,0
2026-06-13 14:23:27.297,0.00,0.00,0.00,0.00,2,0
2026-06-13 14:23:27.348,0.00,0.00,0.00,0.00,2,0
2026-06-13 14:23:27.398,0.00,0.00,0.00,0.00,2,0
2026-06-13 14:23:27.448,0.00,0.00,0.00,0.00,2,0
2026-06-13 14:23:27.498,0.00,0.00,0.00,0.00,2,0
2026-06-13 14:23:27.549,0.00,0.00,0.00,0.00,2,0
2026-06-13 14:23:27.599,0.00,0.00,0.00,0.00,2,0
2026-06-13 14:23:27.649,0.00,0.00,0.00,0.00,2,0
2026-06-13 14:23:27.699,0.00,0.00,0.00,0.00,2,0
2026-06-13 14:23:27.750,0.00,0.00,0.00,0.00,2,0
2026-06-13 14:23:27.800,0.00,0.00,0.00,0.00,2,0
2026-06-13 14:23:27.850,0.00,0.00,0.00,0.00,2,0
2026-06-13 14:23:27.900,0.00,0.00,0.00,0.00,2,0
2026-06-13 14:23:27.950,0.00,0.00,0.00,0.00,2,0
2026-06-13 14:23:28.000,0.00,0.00,0.00,0.00,2,0
2026-06-13 14:23:28.051,0.00,0.00,0.00,0.00,2,0
2026-06-13 14:23:28.101,0.00,0.00,0.00,0.00,2,0
2026-06-13 14:23:28.151,0.00,0.00,0.00,0.00,2,0
2026-06-13 14:23:28.201,0.00,0.00,0.00,0.00,2,0
2026-06-13 14:23:28.251,0.00,0.00,0.00,0.00,2,0
2026-06-13 14:23:28.302,0.00,0.00,0.00,0.00,2,0
2026-06-13 14:23:28.352,0.00,0.00,0.00,0.00,2,0
2026-06-13 14:23:28.402,0.00,0.00,0.00,0.00,2,0
2026-06-13 14:23:28.452,0.00,0.00,0.00,0.00,2,0
2026-06-13 14:23:28.503,0.00,0.00,0.00,0.00,2,0
2026-06-13 14:23:28.553,0.00,0.00,0.00,0.00,2,0
2026-06-13 14:23:28.603,0.00,0.00,0.00,0.00,2,0
2026-06-13 14:23:28.653,0.00,0.00,0.00,0.00,2,0
2026-06-13 14:23:28.704,0.00,0.00,0.00,0.00,2,0
2026-06-13 14:23:28.754,0.00,0.00,0.00,0.00,2,0
2026-06-13 14:23:28.804,0.00,0.00,0.00,0.00,2,0
2026-06-13 14:23:28.854,0.00,0.00,0.00,0.00,2,0
2026-06-13 14:23:28.904,0.00,0.00,0.00,0.00,2,0
2026-06-13 14:23:28.955,0.00,0.00,0.00,0.00,2,0
2026-06-13 14:23:29.005,0.00,0.00,0.00,0.00,2,0
2026-06-13 14:23:29.055,0.00,0.00,0.00,0.00,2,0
2026-06-13 14:23:29.105,0.00,0.00,0.00,0.00,2,0
2026-06-13 14:23:29.156,0.00,0.00,0.00,0.00,2,0
2026-06-13 14:23:29.207,0.00,0.00,0.00,0.00,2,0
2026-06-13 14:23:29.256,0.00,0.00,0.00,0.00,2,0
2026-06-13 14:23:29.306,0.00,0.00,0.00,0.00,2,0
2026-06-13 14:23:29.357,0.00,0.00,0.00,0.00,2,0
2026-06-13 14:23:29.407,0.00,0.00,0.00,0.00,2,0
2026-06-13 14:23:29.458,0.00,0.00,0.00,0.00,2,0
2026-06-13 14:23:29.507,0.00,0.00,0.00,0.00,2,0
2026-06-13 14:23:29.557,0.00,0.00,0.00,0.00,2,0
2026-06-13 14:23:29.608,0.00,0.00,0.00,0.00,2,0
2026-06-13 14:23:29.658,0.00,0.00,0.00,0.00,2,0
2026-06-13 14:23:29.708,0.00,0.00,0.00,0.00,2,0
2026-06-13 14:23:29.758,0.00,0.00,0.00,0.00,2,0
2026-06-13 14:23:29.809,0.00,0.00,0.00,0.00,2,0
2026-06-13 14:23:29.859,0.00,0.00,0.00,0.00,2,0
2026-06-13 14:23:29.909,0.00,0.00,0.00,0.00,2,0
2026-06-13 14:23:29.959,0.00,0.00,0.00,0.00,2,0
2026-06-13 14:23:30.010,0.00,0.00,0.00,0.00,2,0
2026-06-13 14:23:30.060,0.00,0.00,0.00,0.00,2,0
2026-06-13 14:23:30.110,0.00,0.00,0.00,0.00,2,0
2026-06-13 14:23:30.160,0.00,0.00,0.00,0.00,2,0
2026-06-13 14:23:30.210,0.00,0.00,0.00,0.00,2,0
2026-06-13 14:23:30.261,0.00,0.00,0.00,0.00,2,0
2026-06-13 14:23:30.311,0.00,0.00,0.00,0.00,2,0
2026-06-13 14:23:30.361,0.00,0.00,0.00,0.00,2,0
2026-06-13 14:23:30.411,0.00,0.00,0.00,0.00,2,0
2026-06-13 14:23:30.461,0.00,0.00,0.00,0.00,2,0
2026-06-13 14:23:30.512,0.00,0.00,0.00,0.00,2,0
2026-06-13 14:23:30.564,0.00,0.00,0.00,0.00,2,0
2026-06-13 14:23:30.612,0.00,0.00,0.00,0.00,2,0
2026-06-13 14:23:30.662,0.00,0.00,0.00,0.00,2,0
2026-06-13 14:23:30.713,0.00,0.00,0.00,0.00,2,0
2026-06-13 14:23:30.763,0.00,0.00,0.00,0.00,2,0
2026-06-13 14:23:30.813,0.00,0.00,0.00,0.00,2,0
2026-06-13 14:23:30.863,0.00,0.00,0.00,0.00,2,0
2026-06-13 14:23:30.913,0.00,0.00,0.00,0.00,2,0
2026-06-13 14:23:30.964,0.00,0.00,0.00,0.00,2,0
2026-06-13 14:23:31.014,0.00,0.00,0.00,0.00,2,0
2026-06-13 14:23:31.064,0.00,0.00,0.00,0.00,2,0
2026-06-13 14:23:31.114,0.00,0.00,0.00,0.00,2,0
2026-06-13 14:23:31.165,0.00,0.00,0.00,0.00,2,0
2026-06-13 14:23:31.215,0.00,0.00,0.00,0.00,2,0
2026-06-13 14:23:31.265,0.00,0.00,0.00,0.00,2,0
2026-06-13 14:23:31.315,0.00,0.00,0.00,0.00,2,0
2026-06-13 14:23:31.366,0.00,0.00,0.00,0.00,2,0
2026-06-13 14:23:31.416,0.00,0.00,0.00,0.00,2,0
2026-06-13 14:23:31.466,0.00,0.00,0.00,0.00,2,0
2026-06-13 14:23:31.516,0.00,0.00,0.00,0.00,2,0
2026-06-13 14:23:31.567,0.00,0.00,0.00,0.00,2,0
2026-06-13 14:23:31.617,0.00,0.00,0.00,0.00,2,0
2026-06-13 14:23:31.667,0.00,0.00,0.00,0.00,2,0
2026-06-13 14:23:31.717,0.00,0.00,0.00,0.00,2,0
2026-06-13 14:23:31.767,0.00,0.00,0.00,0.00,2,0
2026-06-13 14:23:31.818,0.00,0.00,0.00,0.00,2,0
2026-06-13 14:23:31.868,0.00,0.00,0.00,0.00,2,0
2026-06-13 14:23:31.918,0.00,0.00,0.00,0.00,2,0
2026-06-13 14:23:31.968,0.00,0.00,0.00,0.00,2,0
2026-06-13 14:23:32.019,0.00,0.00,0.00,0.00,2,0
2026-06-13 14:23:32.069,0.00,0.00,0.00,0.00,2,0
2026-06-13 14:23:32.119,0.00,0.00,0.00,0.00,2,0
2026-06-13 14:23:32.170,0.00,0.00,0.00,0.00,2,0
2026-06-13 14:23:32.220,0.00,0.00,0.00,0.00,2,0
2026-06-13 14:23:32.270,0.00,0.00,0.00,0.00,2,0
2026-06-13 14:23:32.320,0.00,0.00,0.00,0.00,2,0
2026-06-13 14:23:32.370,0.00,0.00,0.00,0.00,2,0
2026-06-13 14:23:32.420,0.00,0.00,0.00,0.00,2,0
2026-06-13 14:23:32.471,0.00,0.00,0.00,0.00,2,0
2026-06-13 14:23:32.521,0.00,0.00,0.00,0.00,2,0
2026-06-13 14:23:32.571,0.00,0.00,0.00,0.00,2,0
2026-06-13 14:23:32.621,0.00,0.00,0.00,0.00,2,0
2026-06-13 14:23:32.672,0.00,0.00,0.00,0.00,2,0
2026-06-13 14:23:32.722,0.00,0.00,0.00,0.00,2,0
2026-06-13 14:23:32.772,0.00,0.00,0.00,0.00,2,0
2026-06-13 14:23:32.822,0.00,0.00,0.00,0.00,2,0
2026-06-13 14:23:32.873,0.00,0.00,0.00,0.00,2,0
2026-06-13 14:23:32.923,0.00,0.00,0.00,0.00,2,0
2026-06-13 14:23:32.973,0.00,0.00,0.00,0.00,2,0
2026-06-13 14:23:33.023,0.00,0.00,0.00,0.00,2,0
2026-06-13 14:23:33.074,0.00,0.00,0.00,0.00,2,0
2026-06-13 14:23:33.124,0.00,0.00,0.00,0.00,2,0
2026-06-13 14:23:33.174,0.00,0.00,0.00,0.00,2,0
2026-06-13 14:23:33.224,0.00,0.00,0.00,0.00,2,0
2026-06-13 14:23:33.275,0.00,0.00,0.00,0.00,2,0
2026-06-13 14:23:33.325,0.00,0.00,0.00,0.00,2,0
2026-06-13 14:23:33.375,0.00,0.00,0.00,0.00,2,0
2026-06-13 14:23:33.425,0.00,0.00,0.00,0.00,2,0
2026-06-13 14:23:33.476,0.00,0.00,0.00,0.00,2,0
2026-06-13 14:23:33.526,0.00,0.00,0.00,0.00,2,0
2026-06-13 14:23:33.576,0.00,0.00,0.00,0.00,2,0
2026-06-13 14:23:33.626,0.00,0.00,0.00,0.00,2,0
2026-06-13 14:23:33.677,0.00,0.00,0.00,0.00,2,0
2026-06-13 14:23:33.727,0.00,0.00,0.00,0.00,2,0
2026-06-13 14:23:33.777,0.00,0.00,0.00,0.00,2,0
2026-06-13 14:23:33.827,0.00,0.00,0.00,0.00,2,0
2026-06-13 14:23:33.877,0.00,0.00,0.00,0.00,2,0
2026-06-13 14:23:33.928,0.00,0.00,0.00,0.00,2,0
2026-06-13 14:23:33.978,0.00,0.00,0.00,0.00,2,0
2026-06-13 14:23:34.028,0.00,0.00,0.00,0.00,2,0
2026-06-13 14:23:34.078,0.00,0.00,0.00,0.00,2,0
2026-06-13 14:23:34.129,0.00,0.00,0.00,0.00,2,0
2026-06-13 14:23:34.179,0.00,0.00,0.00,0.00,2,0
2026-06-13 14:23:34.229,0.00,0.00,0.00,0.00,2,0
2026-06-13 14:23:34.280,0.00,0.00,0.00,0.00,2,0
2026-06-13 14:23:34.330,0.00,0.00,0.00,0.00,2,0
2026-06-13 14:23:34.380,0.00,0.00,0.00,0.00,2,0
2026-06-13 14:23:34.430,0.00,0.00,0.00,0.00,2,0
2026-06-13 14:23:34.481,0.00,0.00,0.00,0.00,2,0
2026-06-13 14:23:34.531,0.00,0.00,0.00,0.00,2,0
2026-06-13 14:23:34.581,0.00,0.00,0.00,0.00,2,0
2026-06-13 14:23:34.631,0.00,0.00,0.00,0.00,2,0
2026-06-13 14:23:34.681,0.00,0.00,0.00,0.00,2,0
2026-06-13 14:23:34.732,0.00,0.00,0.00,0.00,2,0
2026-06-13 14:23:34.782,0.00,0.00,0.00,0.00,2,0
2026-06-13 14:23:34.832,0.00,0.00,0.00,0.00,2,0
2026-06-13 14:23:34.882,0.00,0.00,0.00,0.00,2,0
2026-06-13 14:23:34.933,0.00,0.00,0.00,0.00,2,0
2026-06-13 14:23:34.983,0.00,0.00,0.00,0.00,2,0
2026-06-13 14:23:35.033,0.00,0.00,0.00,0.00,2,0
2026-06-13 14:23:35.084,0.00,0.00,0.00,0.00,2,0
2026-06-13 14:23:35.134,0.00,0.00,0.00,0.00,2,0
2026-06-13 14:23:35.184,0.00,0.00,0.00,0.00,2,0
2026-06-13 14:23:35.234,0.00,0.00,0.00,0.00,2,0
2026-06-13 14:23:35.284,0.00,0.00,0.00,0.00,2,0
2026-06-13 14:23:35.335,0.00,0.00,0.00,0.00,2,0
2026-06-13 14:23:35.385,0.00,0.00,0.00,0.00,2,0
2026-06-13 14:23:35.435,0.00,0.00,0.00,0.00,2,0
2026-06-13 14:23:35.486,0.00,0.00,0.00,0.00,2,0
2026-06-13 14:23:35.536,0.00,0.00,0.00,0.00,2,0
2026-06-13 14:23:35.586,0.00,0.00,0.00,0.00,2,0
2026-06-13 14:23:35.636,0.00,0.00,0.00,0.00,2,0
2026-06-13 14:23:35.687,0.00,0.00,0.00,0.00,2,0
2026-06-13 14:23:35.737,0.00,0.00,0.00,0.00,2,0
2026-06-13 14:23:35.787,0.00,0.00,0.00,0.00,2,0
2026-06-13 14:23:35.837,0.00,0.00,0.00,0.00,2,0
2026-06-13 14:23:35.888,0.00,0.00,0.00,0.00,2,0
2026-06-13 14:23:35.938,0.00,0.00,0.00,0.00,2,0
2026-06-13 14:23:35.988,0.00,0.00,0.00,0.00,2,0
2026-06-13 14:23:36.038,0.00,0.00,0.00,0.00,2,0
2026-06-13 14:23:36.089,0.00,0.00,0.00,0.00,2,0
2026-06-13 14:23:36.139,0.00,0.00,0.00,0.00,2,0
2026-06-13 14:23:36.189,0.00,0.00,0.00,0.00,2,0
2026-06-13 14:23:36.239,0.00,0.00,0.00,0.00,2,0
2026-06-13 14:23:36.290,0.00,0.00,0.00,0.00,2,0
2026-06-13 14:23:36.340,0.00,0.00,0.00,0.00,2,0
2026-06-13 14:23:36.390,0.00,0.00,0.00,0.00,2,0
2026-06-13 14:23:36.440,0.00,0.00,0.00,0.00,2,0
2026-06-13 14:23:36.491,0.00,0.00,0.00,0.00,2,0
2026-06-13 14:23:36.541,0.00,0.00,0.00,0.00,2,0
2026-06-13 14:23:36.591,0.00,0.00,0.00,0.00,2,0
2026-06-13 14:23:36.641,0.00,0.00,0.00,0.00,2,0
2026-06-13 14:23:36.692,0.00,0.00,0.00,0.00,2,0
2026-06-13 14:23:36.742,0.00,0.00,0.00,0.00,2,0
2026-06-13 14:23:36.792,0.00,0.00,0.00,0.00,2,0
2026-06-13 14:23:36.842,0.00,0.00,0.00,0.00,2,0
2026-06-13 14:23:36.893,0.00,0.00,0.00,0.00,2,0
2026-06-13 14:23:36.943,0.00,0.00,0.00,0.00,2,0
2026-06-13 14:23:36.993,0.00,0.00,0.00,0.00,2,0
2026-06-13 14:23:37.043,0.00,0.00,0.00,0.00,2,0
2026-06-13 14:23:37.094,0.00,0.00,0.00,0.00,2,0
2026-06-13 14:23:37.144,0.00,0.00,0.00,0.00,2,0
2026-06-13 14:23:37.194,0.00,0.00,0.00,0.00,2,0
2026-06-13 14:23:37.244,0.00,0.00,0.00,0.00,2,0
2026-06-13 14:23:37.295,0.00,0.00,0.00,0.00,2,0
2026-06-13 14:23:37.345,0.00,0.00,0.00,0.00,2,0
2026-06-13 14:23:37.395,0.00,0.00,0.00,0.00,2,0
2026-06-13 14:23:37.445,0.00,0.00,0.00,0.00,2,0
2026-06-13 14:23:37.496,0.00,0.00,0.00,0.00,2,0
2026-06-13 14:23:37.546,0.00,0.00,0.00,0.00,2,0
2026-06-13 14:23:37.596,0.00,0.00,0.00,0.00,2,0
2026-06-13 14:23:37.646,0.00,0.00,0.00,0.00,2,0
2026-06-13 14:23:37.697,0.00,0.00,0.00,0.00,2,0
2026-06-13 14:23:37.747,0.00,0.00,0.00,0.00,2,0
2026-06-13 14:23:37.797,0.00,0.00,0.00,0.00,2,0
2026-06-13 14:23:37.847,0.00,0.00,0.00,0.00,2,0
2026-06-13 14:23:37.898,0.00,0.00,0.00,0.00,2,0
2026-06-13 14:23:37.948,0.00,0.00,0.00,0.00,2,0
2026-06-13 14:23:37.998,0.00,0.00,0.00,0.00,2,0
2026-06-13 14:23:38.048,0.00,0.00,0.00,0.00,2,0
2026-06-13 14:23:38.099,0.00,0.00,0.00,0.00,2,0
2026-06-13 14:23:38.149,0.00,0.00,0.00,0.00,2,0
2026-06-13 14:23:38.200,0.00,0.00,0.00,0.00,2,0
2026-06-13 14:23:38.250,0.00,0.00,0.00,0.00,2,0
2026-06-13 14:23:38.300,0.00,0.00,0.00,0.00,2,0
2026-06-13 14:23:38.350,0.00,0.00,0.00,0.00,2,0
2026-06-13 14:23:38.400,0.00,0.00,0.00,0.00,2,0
2026-06-13 14:23:38.451,0.00,0.00,0.00,0.00,2,0
2026-06-13 14:23:38.501,0.00,0.00,0.00,0.00,2,0
2026-06-13 14:23:38.551,0.00,0.00,0.00,0.00,2,0
2026-06-13 14:23:38.601,0.00,0.00,0.00,0.00,2,0
2026-06-13 14:23:38.652,0.00,0.00,0.00,0.00,2,0
2026-06-13 14:23:38.702,0.00,0.00,0.00,0.00,2,0
2026-06-13 14:23:38.752,0.00,0.00,0.00,0.00,2,0
2026-06-13 14:23:38.802,0.00,0.00,0.00,0.00,2,0
2026-06-13 14:23:38.853,0.00,0.00,0.00,0.00,2,0
2026-06-13 14:23:38.903,0.00,0.00,0.00,0.00,2,0
2026-06-13 14:23:38.953,0.00,0.00,0.00,0.00,2,0
2026-06-13 14:23:39.003,0.00,0.00,0.00,0.00,2,0
2026-06-13 14:23:39.054,0.00,0.00,0.00,0.00,2,0
2026-06-13 14:23:39.104,0.00,0.00,0.00,0.00,2,0
2026-06-13 14:23:39.154,0.00,0.00,0.00,0.00,2,0
2026-06-13 14:23:39.205,0.00,0.00,0.00,0.00,2,0
2026-06-13 14:23:39.255,0.00,0.00,0.00,0.00,2,0
2026-06-13 14:23:39.305,0.00,0.00,0.00,0.00,2,0
2026-06-13 14:23:39.355,0.00,0.00,0.00,0.00,2,0
2026-06-13 14:23:39.406,0.00,0.00,0.00,0.00,2,0
2026-06-13 14:23:39.456,0.00,0.00,0.00,0.00,2,0
2026-06-13 14:23:39.506,0.00,0.00,0.00,0.00,2,0
2026-06-13 14:23:39.556,0.00,0.00,0.00,0.00,2,0
2026-06-13 14:23:39.607,0.00,0.00,0.00,0.00,2,0
2026-06-13 14:23:39.657,0.00,0.00,0.00,0.00,2,0
2026-06-13 14:23:39.707,0.00,0.00,0.00,0.00,2,0
2026-06-13 14:23:39.757,0.00,0.00,0.00,0.00,2,0
2026-06-13 14:23:39.808,0.00,0.00,0.00,0.00,2,0
2026-06-13 14:23:39.858,0.00,0.00,0.00,0.00,2,0
2026-06-13 14:23:39.908,0.00,0.00,0.00,0.00,2,0
2026-06-13 14:23:39.958,0.00,0.00,0.00,0.00,2,0
2026-06-13 14:23:40.009,0.00,0.00,0.00,0.00,2,0
2026-06-13 14:23:40.059,0.00,0.00,0.00,0.00,2,0
2026-06-13 14:23:40.110,0.00,0.00,0.00,0.00,2,0
2026-06-13 14:23:40.160,0.00,0.00,0.00,0.00,2,0
2026-06-13 14:23:40.210,0.00,0.00,0.00,0.00,2,0
2026-06-13 14:23:40.260,0.00,0.00,0.00,0.00,2,0
2026-06-13 14:23:40.310,0.00,0.00,0.00,0.00,2,0
2026-06-13 14:23:40.361,0.00,0.00,0.00,0.00,2,0
2026-06-13 14:23:40.411,0.00,0.00,0.00,0.00,2,0
2026-06-13 14:23:40.461,0.00,0.00,0.00,0.00,2,0
2026-06-13 14:23:40.511,0.00,0.00,0.00,0.00,2,0
2026-06-13 14:23:40.562,0.00,0.00,0.00,0.00,2,0
2026-06-13 14:23:40.612,0.00,0.00,0.00,0.00,2,0
2026-06-13 14:23:40.662,0.00,0.00,0.00,0.00,2,0
2026-06-13 14:23:40.713,0.00,0.00,0.00,0.00,2,0
2026-06-13 14:23:40.763,0.00,0.00,0.00,0.00,2,0
2026-06-13 14:23:40.813,0.00,0.00,0.00,0.00,2,0
2026-06-13 14:23:40.863,0.00,0.00,0.00,0.00,2,0
2026-06-13 14:23:40.914,0.00,0.00,0.00,0.00,2,0
2026-06-13 14:23:40.964,0.00,0.00,0.00,0.00,2,0
2026-06-13 14:23:41.014,0.00,0.00,0.00,0.00,2,0
2026-06-13 14:23:41.064,0.00,0.00,0.00,0.00,2,0
2026-06-13 14:23:41.115,0.00,0.00,0.00,0.00,2,0
2026-06-13 14:23:41.165,0.00,0.00,0.00,0.00,2,0
2026-06-13 14:23:41.215,0.00,0.00,0.00,0.00,2,0
2026-06-13 14:23:41.265,0.00,0.00,0.00,0.00,2,0
2026-06-13 14:23:41.316,0.00,0.00,0.00,0.00,2,0
2026-06-13 14:23:41.366,0.00,0.00,0.00,0.00,2,0
2026-06-13 14:23:41.416,0.00,0.00,0.00,0.00,2,0
2026-06-13 14:23:41.467,0.00,0.00,0.00,0.00,2,0
2026-06-13 14:23:41.517,0.00,0.00,0.00,0.00,2,0
2026-06-13 14:23:41.567,0.00,0.00,0.00,0.00,2,0
2026-06-13 14:23:41.617,0.00,0.00,0.00,0.00,2,0
2026-06-13 14:23:41.668,0.00,0.00,0.00,0.00,2,0
2026-06-13 14:23:41.718,0.00,0.00,0.00,0.00,2,0
2026-06-13 14:23:41.768,0.00,0.00,0.00,0.00,2,0
2026-06-13 14:23:41.819,0.00,0.00,0.00,0.00,2,0
2026-06-13 14:23:41.869,0.00,0.00,0.00,0.00,2,0
2026-06-13 14:23:41.919,0.00,0.00,0.00,0.00,2,0
2026-06-13 14:23:41.969,0.00,0.00,0.00,0.00,2,0
2026-06-13 14:23:42.020,0.00,0.00,0.00,0.00,2,0
2026-06-13 14:23:42.070,0.00,0.00,0.00,0.00,2,0
2026-06-13 14:23:42.120,0.00,0.00,0.00,0.00,2,0
2026-06-13 14:23:42.170,0.00,0.00,0.00,0.00,2,0
2026-06-13 14:23:42.221,0.00,0.00,0.00,0.00,2,0
2026-06-13 14:23:42.271,0.00,0.00,0.00,0.00,2,0
2026-06-13 14:23:42.321,0.00,0.00,0.00,0.00,2,0
2026-06-13 14:23:42.372,0.00,0.00,0.00,0.00,2,0
2026-06-13 14:23:42.422,0.00,0.00,0.00,0.00,2,0
2026-06-13 14:23:42.472,0.00,0.00,0.00,0.00,2,0
2026-06-13 14:23:42.522,0.00,0.00,0.00,0.00,2,0
2026-06-13 14:23:42.573,0.00,0.00,0.00,0.00,2,0
2026-06-13 14:23:42.623,0.00,0.00,0.00,0.00,2,0
2026-06-13 14:23:42.673,0.00,0.00,0.00,0.00,2,0
2026-06-13 14:23:42.723,0.00,0.00,0.00,0.00,2,0
2026-06-13 14:23:42.774,0.00,0.00,0.00,0.00,2,0
2026-06-13 14:23:42.824,0.00,0.00,0.00,0.00,2,0
2026-06-13 14:23:42.874,0.00,0.00,0.00,0.00,2,0
2026-06-13 14:23:42.925,0.00,0.00,0.00,0.00,2,0
2026-06-13 14:23:42.975,0.00,0.00,0.00,0.00,2,0
2026-06-13 14:23:43.025,0.00,0.00,0.00,0.00,2,0
2026-06-13 14:23:43.075,0.00,0.00,0.00,0.00,2,0
2026-06-13 14:23:43.126,0.00,0.00,0.00,0.00,2,0
2026-06-13 14:23:43.176,0.00,0.00,0.00,0.00,2,0
2026-06-13 14:23:43.226,0.00,0.00,0.00,0.00,2,0
2026-06-13 14:23:43.276,0.00,0.00,0.00,0.00,2,0
2026-06-13 14:23:43.327,0.00,0.00,0.00,0.00,2,0
2026-06-13 14:23:43.377,0.00,0.00,0.00,0.00,2,0
2026-06-13 14:23:43.427,0.00,0.00,0.00,0.00,2,0
2026-06-13 14:23:43.478,0.00,0.00,0.00,0.00,2,0
2026-06-13 14:23:43.528,0.00,0.00,0.00,0.00,2,0
2026-06-13 14:23:43.578,0.00,0.00,0.00,0.00,2,0
2026-06-13 14:23:43.628,0.00,0.00,0.00,0.00,2,0
2026-06-13 14:23:43.679,0.00,0.00,0.00,0.00,2,0
2026-06-13 14:23:43.729,0.00,0.00,0.00,0.00,2,0
2026-06-13 14:23:43.779,0.00,0.00,0.00,0.00,2,0
2026-06-13 14:23:43.830,0.00,0.00,0.00,0.00,2,0
2026-06-13 14:23:43.880,0.00,0.00,0.00,0.00,2,0
2026-06-13 14:23:43.930,0.00,0.00,0.00,0.00,2,0
2026-06-13 14:23:43.980,0.00,0.00,0.00,0.00,2,0
2026-06-13 14:23:44.031,0.00,0.00,0.00,0.00,2,0
2026-06-13 14:23:44.081,0.00,0.00,0.00,0.00,2,0
2026-06-13 14:23:44.131,0.00,0.00,0.00,0.00,2,0
2026-06-13 14:23:44.182,0.00,0.00,0.00,0.00,2,0
2026-06-13 14:23:44.232,0.00,0.00,0.00,0.00,2,0
2026-06-13 14:23:44.282,0.00,0.00,0.00,0.00,2,0
2026-06-13 14:23:44.332,0.00,0.00,0.00,0.00,2,0
2026-06-13 14:23:44.383,0.00,0.00,0.00,0.00,2,0
2026-06-13 14:23:44.433,0.00,0.00,0.00,0.00,2,0
2026-06-13 14:23:44.483,0.00,0.00,0.00,0.00,2,0
2026-06-13 14:23:44.533,0.00,0.00,0.00,0.00,2,0
2026-06-13 14:23:44.584,0.00,0.00,0.00,0.00,2,0
2026-06-13 14:23:44.634,0.00,0.00,0.00,0.00,2,0
2026-06-13 14:23:44.684,0.00,0.00,0.00,0.00,2,0
2026-06-13 14:23:44.735,0.00,0.00,0.00,0.00,2,0
2026-06-13 14:23:44.785,0.00,0.00,0.00,0.00,2,0
2026-06-13 14:23:44.835,0.00,0.00,0.00,0.00,2,0
2026-06-13 14:23:44.885,0.00,0.00,0.00,0.00,2,0
2026-06-13 14:23:44.936,0.00,0.00,0.00,0.00,2,0
2026-06-13 14:23:44.986,0.00,0.00,0.00,0.00,2,0
2026-06-13 14:23:45.036,0.00,0.00,0.00,0.00,2,0
2026-06-13 14:23:45.087,0.00,0.00,0.00,0.00,2,0
2026-06-13 14:23:45.137,0.00,0.00,0.00,0.00,2,0
2026-06-13 14:23:45.187,0.00,0.00,0.00,0.00,2,0
2026-06-13 14:23:45.237,0.00,0.00,0.00,0.00,2,0
2026-06-13 14:23:45.288,0.00,0.00,0.00,0.00,2,0
2026-06-13 14:23:45.338,0.00,0.00,0.00,0.00,2,0
2026-06-13 14:23:45.388,0.00,0.00,0.00,0.00,2,0
2026-06-13 14:23:45.439,0.00,0.00,0.00,0.00,2,0
2026-06-13 14:23:45.489,0.00,0.00,0.00,0.00,2,0
2026-06-13 14:23:45.539,0.00,0.00,0.00,0.00,2,0
2026-06-13 14:23:45.589,0.00,0.00,0.00,0.00,2,0
2026-06-13 14:23:45.640,0.00,0.00,0.00,0.00,2,0
2026-06-13 14:23:45.690,0.00,0.00,0.00,0.00,2,0
2026-06-13 14:23:45.740,0.00,0.00,0.00,0.00,2,0
2026-06-13 14:23:45.791,0.00,0.00,0.00,0.00,2,0
2026-06-13 14:23:45.841,0.00,0.00,0.00,0.00,2,0
2026-06-13 14:23:45.891,0.00,0.00,0.00,0.00,2,0
2026-06-13 14:23:45.941,0.00,0.00,0.00,0.00,2,0
2026-06-13 14:23:45.992,0.00,0.00,0.00,0.00,2,0
2026-06-13 14:23:46.042,0.00,0.00,0.00,0.00,2,0
2026-06-13 14:23:46.092,0.00,0.00,0.00,0.00,2,0
2026-06-13 14:23:46.143,0.00,0.00,0.00,0.00,2,0
2026-06-13 14:23:46.193,0.00,0.00,0.00,0.00,2,0
2026-06-13 14:23:46.243,0.00,0.00,0.00,0.00,2,0
2026-06-13 14:23:46.293,0.00,0.00,0.00,0.00,2,0
2026-06-13 14:23:46.344,0.00,0.00,0.00,0.00,2,0
2026-06-13 14:23:46.394,0.00,0.00,0.00,0.00,2,0
2026-06-13 14:23:46.444,0.00,0.00,0.00,0.00,2,0
2026-06-13 14:23:46.495,0.00,0.00,0.00,0.00,2,0
2026-06-13 14:23:46.545,0.00,0.00,0.00,0.00,2,0
2026-06-13 14:23:46.595,0.00,0.00,0.00,0.00,2,0
2026-06-13 14:23:46.645,0.00,0.00,0.00,0.00,2,0
2026-06-13 14:23:46.696,0.00,0.00,0.00,0.00,2,0
2026-06-13 14:23:46.746,0.00,0.00,0.00,0.00,2,0
2026-06-13 14:23:46.796,0.00,0.00,0.00,0.00,2,0
2026-06-13 14:23:46.847,0.00,0.00,0.00,0.00,2,0
2026-06-13 14:23:46.897,0.00,0.00,0.00,0.00,2,0
2026-06-13 14:23:46.947,0.00,0.00,0.00,0.00,2,0
2026-06-13 14:23:46.998,0.00,0.00,0.00,0.00,2,0
2026-06-13 14:23:47.048,0.00,0.00,0.00,0.00,2,0
2026-06-13 14:23:47.098,0.00,0.00,0.00,0.00,2,0
2026-06-13 14:23:47.148,0.00,0.00,0.00,0.00,2,0
2026-06-13 14:23:47.199,0.00,0.00,0.00,0.00,2,0
2026-06-13 14:23:47.249,0.00,0.00,0.00,0.00,2,0
2026-06-13 14:23:47.299,0.00,0.00,0.00,0.00,2,0
2026-06-13 14:23:47.350,0.00,0.00,0.00,0.00,2,0
2026-06-13 14:23:47.400,0.00,0.00,0.00,0.00,2,0
2026-06-13 14:23:47.450,0.00,0.00,0.00,0.00,2,0
2026-06-13 14:23:47.500,0.00,0.00,0.00,0.00,2,0
2026-06-13 14:23:47.551,0.00,0.00,0.00,0.00,2,0
2026-06-13 14:23:47.601,0.00,0.00,0.00,0.00,2,0
2026-06-13 14:23:47.651,0.00,0.00,0.00,0.00,2,0
2026-06-13 14:23:47.702,0.00,0.00,0.00,0.00,2,0
2026-06-13 14:23:47.752,0.00,0.00,0.00,0.00,2,0
2026-06-13 14:23:47.802,0.00,0.00,0.00,0.00,2,0
2026-06-13 14:23:47.853,0.00,0.00,0.00,0.00,2,0
2026-06-13 14:23:47.903,0.00,0.00,0.00,0.00,2,0
2026-06-13 14:23:47.953,0.00,0.00,0.00,0.00,2,0
2026-06-13 14:23:48.003,0.00,0.00,0.00,0.00,2,0
2026-06-13 14:23:48.054,0.00,0.00,0.00,0.00,2,0
2026-06-13 14:23:48.104,0.00,0.00,0.00,0.00,2,0
2026-06-13 14:23:48.154,0.00,0.00,0.00,0.00,2,0
2026-06-13 14:23:48.205,0.00,0.00,0.00,0.00,2,0
2026-06-13 14:23:48.255,0.00,0.00,0.00,0.00,2,0
2026-06-13 14:23:48.305,0.00,0.00,0.00,0.00,2,0
2026-06-13 14:23:48.355,0.00,0.00,0.00,0.00,2,0
2026-06-13 14:23:48.406,0.00,0.00,0.00,0.00,2,0
2026-06-13 14:23:48.456,0.00,0.00,0.00,0.00,2,0
2026-06-13 14:23:48.506,0.00,0.00,0.00,0.00,2,0
2026-06-13 14:23:48.556,0.00,0.00,0.00,0.00,2,0
2026-06-13 14:23:48.607,0.00,0.00,0.00,0.00,2,0
2026-06-13 14:23:48.657,0.00,0.00,0.00,0.00,2,0
2026-06-13 14:23:48.707,0.00,0.00,0.00,0.00,2,0
2026-06-13 14:23:48.758,0.00,0.00,0.00,0.00,2,0
2026-06-13 14:23:48.808,0.00,0.00,0.00,0.00,2,0
2026-06-13 14:23:48.858,0.00,0.00,0.00,0.00,2,0
2026-06-13 14:23:48.909,0.00,0.00,0.00,0.00,2,0
2026-06-13 14:23:48.959,0.00,0.00,0.00,0.00,2,0
2026-06-13 14:23:49.009,0.00,0.00,0.00,0.00,2,0
2026-06-13 14:23:49.059,0.00,0.00,0.00,0.00,2,0
2026-06-13 14:23:49.110,0.00,0.00,0.00,0.00,2,0
2026-06-13 14:23:49.160,0.00,0.00,0.00,0.00,2,0
2026-06-13 14:23:49.210,0.00,0.00,0.00,0.00,2,0
2026-06-13 14:23:49.261,0.00,0.00,0.00,0.00,2,0
2026-06-13 14:23:49.311,0.00,0.00,0.00,0.00,2,0
2026-06-13 14:23:49.361,0.00,0.00,0.00,0.00,2,0
2026-06-13 14:23:49.411,0.00,0.00,0.00,0.00,2,0
2026-06-13 14:23:49.462,0.00,0.00,0.00,0.00,2,0
2026-06-13 14:23:49.512,0.00,0.00,0.00,0.00,2,0
2026-06-13 14:23:49.562,0.00,0.00,0.00,0.00,2,0
2026-06-13 14:23:49.613,0.00,0.00,0.00,0.00,2,0
2026-06-13 14:23:49.663,0.00,0.00,0.00,0.00,2,0
2026-06-13 14:23:49.713,0.00,0.00,0.00,0.00,2,0
2026-06-13 14:23:49.764,0.00,0.00,0.00,0.00,2,0
2026-06-13 14:23:49.814,0.00,0.00,0.00,0.00,2,0
2026-06-13 14:23:49.864,0.00,0.00,0.00,0.00,2,0
2026-06-13 14:23:49.914,0.00,0.00,0.00,0.00,2,0
2026-06-13 14:23:49.965,0.00,0.00,0.00,0.00,2,0
2026-06-13 14:23:50.015,0.00,0.00,0.00,0.00,2,0
2026-06-13 14:23:50.065,0.00,0.00,0.00,0.00,2,0
2026-06-13 14:23:50.116,0.00,0.00,0.00,0.00,2,0
2026-06-13 14:23:50.166,0.00,0.00,0.00,0.00,2,0
2026-06-13 14:23:50.216,0.00,0.00,0.00,0.00,2,0
2026-06-13 14:23:50.266,0.00,0.00,0.00,0.00,2,0
2026-06-13 14:23:50.317,0.00,0.00,0.00,0.00,2,0
2026-06-13 14:23:50.367,0.00,0.00,0.00,0.00,2,0
2026-06-13 14:23:50.417,0.00,0.00,0.00,0.00,2,0
2026-06-13 14:23:50.468,0.00,0.00,0.00,0.00,2,0
2026-06-13 14:23:50.518,0.00,0.00,0.00,0.00,2,0
2026-06-13 14:23:50.568,0.00,0.00,0.00,0.00,2,0
2026-06-13 14:23:50.619,0.00,0.00,0.00,0.00,2,0
2026-06-13 14:23:50.669,0.00,0.00,0.00,0.00,2,0
2026-06-13 14:23:50.719,0.00,0.00,0.00,0.00,2,0
2026-06-13 14:23:50.770,0.00,0.00,0.00,0.00,2,0
2026-06-13 14:23:50.820,0.00,0.00,0.00,0.00,2,0
2026-06-13 14:23:50.878,0.00,0.00,0.00,0.00,2,0
2026-06-13 14:23:50.920,0.00,0.00,0.00,0.00,2,0
2026-06-13 14:23:50.971,0.00,0.00,0.00,0.00,2,0
2026-06-13 14:23:51.021,0.00,0.00,0.00,0.00,2,0
2026-06-13 14:23:51.071,0.00,0.00,0.00,0.00,2,0
2026-06-13 14:23:51.122,0.00,0.00,0.00,0.00,2,0
2026-06-13 14:23:51.172,0.00,0.00,0.00,0.00,2,0
2026-06-13 14:23:51.222,0.00,0.00,0.00,0.00,2,0
2026-06-13 14:23:51.273,0.00,0.00,0.00,0.00,2,0
2026-06-13 14:23:51.323,0.00,0.00,0.00,0.00,2,0
2026-06-13 14:23:51.373,0.00,0.00,0.00,0.00,2,0
2026-06-13 14:23:51.423,0.00,0.00,0.00,0.00,2,0
2026-06-13 14:23:51.474,0.00,0.00,0.00,0.00,2,0
2026-06-13 14:23:51.524,0.00,0.00,0.00,0.00,2,0
2026-06-13 14:23:51.574,0.00,0.00,0.00,0.00,2,0
2026-06-13 14:23:51.625,0.00,0.00,0.00,0.00,2,0
2026-06-13 14:23:51.675,0.00,0.00,0.00,0.00,2,0
2026-06-13 14:23:51.725,0.00,0.00,0.00,0.00,2,0
2026-06-13 14:23:51.776,0.00,0.00,0.00,0.00,2,0
2026-06-13 14:23:51.826,0.00,0.00,0.00,0.00,2,0
2026-06-13 14:23:51.876,0.00,0.00,0.00,0.00,2,0
2026-06-13 14:23:51.927,0.00,0.00,0.00,0.00,2,0
2026-06-13 14:23:51.977,0.00,0.00,0.00,0.00,2,0
2026-06-13 14:23:52.027,0.00,0.00,0.00,0.00,2,0
2026-06-13 14:23:52.077,0.00,0.00,0.00,0.00,2,0
2026-06-13 14:23:52.128,0.00,0.00,0.00,0.00,2,0
2026-06-13 14:23:52.178,0.00,0.00,0.00,0.00,2,0
2026-06-13 14:23:52.228,0.00,0.00,0.00,0.00,2,0
2026-06-13 14:23:52.279,0.00,0.00,0.00,0.00,2,0
2026-06-13 14:23:52.329,0.00,0.00,0.00,0.00,2,0
2026-06-13 14:23:52.379,0.00,0.00,0.00,0.00,2,0
2026-06-13 14:23:52.430,0.00,0.00,0.00,0.00,2,0
2026-06-13 14:23:52.480,0.00,0.00,0.00,0.00,2,0
2026-06-13 14:23:52.530,0.00,0.00,0.00,0.00,2,0
2026-06-13 14:23:52.581,0.00,0.00,0.00,0.00,2,0
2026-06-13 14:23:52.631,0.00,0.00,0.00,0.00,2,0
2026-06-13 14:23:52.681,0.00,0.00,0.00,0.00,2,0
2026-06-13 14:23:52.731,0.00,0.00,0.00,0.00,2,0
2026-06-13 14:23:52.781,0.00,0.00,0.00,0.00,2,0
2026-06-13 14:23:52.832,0.00,0.00,0.00,0.00,2,0
2026-06-13 14:23:52.882,0.00,0.00,0.00,0.00,2,0
2026-06-13 14:23:52.932,0.00,0.00,0.00,0.00,2,0
2026-06-13 14:23:52.983,0.00,0.00,0.00,0.00,2,0
2026-06-13 14:23:53.033,0.00,0.00,0.00,0.00,2,0
2026-06-13 14:23:53.083,0.00,0.00,0.00,0.00,2,0
2026-06-13 14:23:53.134,0.00,0.00,0.00,0.00,2,0
2026-06-13 14:23:53.184,0.00,0.00,0.00,0.00,2,0
2026-06-13 14:23:53.234,0.00,0.00,0.00,0.00,2,0
2026-06-13 14:23:53.285,0.00,0.00,0.00,0.00,2,0
2026-06-13 14:23:53.335,0.00,0.00,0.00,0.00,2,0
2026-06-13 14:23:53.385,0.00,0.00,0.00,0.00,2,0
2026-06-13 14:23:53.435,0.00,0.00,0.00,0.00,2,0
2026-06-13 14:23:53.486,0.00,0.00,0.00,0.00,2,0
2026-06-13 14:23:53.536,0.00,0.00,0.00,0.00,2,0
2026-06-13 14:23:53.586,0.00,0.00,0.00,0.00,2,0
2026-06-13 14:23:53.637,0.00,0.00,0.00,0.00,2,0
2026-06-13 14:23:53.687,0.00,0.00,0.00,0.00,2,0
2026-06-13 14:23:53.737,0.00,0.00,0.00,0.00,2,0
2026-06-13 14:23:53.788,0.00,0.00,0.00,0.00,2,0
2026-06-13 14:23:53.838,0.00,0.00,0.00,0.00,2,0
2026-06-13 14:23:53.888,0.00,0.00,0.00,0.00,2,0
2026-06-13 14:23:53.939,0.00,0.00,0.00,0.00,2,0
2026-06-13 14:23:53.989,0.00,0.00,0.00,0.00,2,0
2026-06-13 14:23:54.039,0.00,0.00,0.00,0.00,2,0
2026-06-13 14:23:54.090,0.00,0.00,0.00,0.00,2,0
2026-06-13 14:23:54.141,0.00,0.00,0.00,0.00,2,0
2026-06-13 14:23:54.190,0.00,0.00,0.00,0.00,2,0
2026-06-13 14:23:54.241,0.00,0.00,0.00,0.00,2,0
2026-06-13 14:23:54.291,0.00,0.00,0.00,0.00,2,0
2026-06-13 14:23:54.341,0.00,0.00,0.00,0.00,2,0
2026-06-13 14:23:54.391,0.00,0.00,0.00,0.00,2,0
2026-06-13 14:23:54.442,0.00,0.00,0.00,0.00,2,0
2026-06-13 14:23:54.492,0.00,0.00,0.00,0.00,2,0
2026-06-13 14:23:54.542,0.00,0.00,0.00,0.00,2,0
2026-06-13 14:23:54.593,0.00,0.00,0.00,0.00,2,0
2026-06-13 14:23:54.643,0.00,0.00,0.00,0.00,2,0
2026-06-13 14:23:54.693,0.00,0.00,0.00,0.00,2,0
2026-06-13 14:23:54.743,0.00,0.00,0.00,0.00,2,0
2026-06-13 14:23:54.794,0.00,0.00,0.00,0.00,2,0
2026-06-13 14:23:54.844,0.00,0.00,0.00,0.00,2,0
2026-06-13 14:23:54.894,0.00,0.00,0.00,0.00,2,0
2026-06-13 14:23:54.945,0.00,0.00,0.00,0.00,2,0
2026-06-13 14:23:54.995,0.00,0.00,0.00,0.00,2,0
2026-06-13 14:23:55.045,0.00,0.00,0.00,0.00,2,0
2026-06-13 14:23:55.096,0.00,0.00,0.00,0.00,2,0
2026-06-13 14:23:55.146,0.00,0.00,0.00,0.00,2,0
2026-06-13 14:23:55.196,0.00,0.00,0.00,0.00,2,0
2026-06-13 14:23:55.246,0.00,0.00,0.00,0.00,2,0
2026-06-13 14:23:55.297,0.00,0.00,0.00,0.00,2,0
2026-06-13 14:23:55.347,0.00,0.00,0.00,0.00,2,0
2026-06-13 14:23:55.397,0.00,0.00,0.00,0.00,2,0
2026-06-13 14:23:55.448,0.00,0.00,0.00,0.00,2,0
2026-06-13 14:23:55.498,0.00,0.00,0.00,0.00,2,0
2026-06-13 14:23:55.548,0.00,0.00,0.00,0.00,2,0
2026-06-13 14:23:55.599,0.00,0.00,0.00,0.00,2,0
2026-06-13 14:23:55.649,0.00,0.00,0.00,0.00,2,0
2026-06-13 14:23:55.700,0.00,0.00,0.00,0.00,2,0
2026-06-13 14:23:55.750,0.00,0.00,0.00,0.00,2,0
2026-06-13 14:23:55.800,0.00,0.00,0.00,0.00,2,0
2026-06-13 14:23:55.850,0.00,0.00,0.00,0.00,2,0
2026-06-13 14:23:55.900,0.00,0.00,0.00,0.00,2,0
2026-06-13 14:23:55.951,0.00,0.00,0.00,0.00,2,0
2026-06-13 14:23:56.001,0.00,0.00,0.00,0.00,2,0
2026-06-13 14:23:56.051,0.00,0.00,0.00,0.00,2,0
2026-06-13 14:23:56.102,0.00,0.00,0.00,0.00,2,0
2026-06-13 14:23:56.152,0.00,0.00,0.00,0.00,2,0
2026-06-13 14:23:56.202,0.00,0.00,0.00,0.00,2,0
2026-06-13 14:23:56.253,0.00,0.00,0.00,0.00,2,0
2026-06-13 14:23:56.303,0.00,0.00,0.00,0.00,2,0
2026-06-13 14:23:56.353,0.00,0.00,0.00,0.00,2,0
2026-06-13 14:23:56.404,0.00,0.00,0.00,0.00,2,0
2026-06-13 14:23:56.454,0.00,0.00,0.00,0.00,2,0
2026-06-13 14:23:56.504,0.00,0.00,0.00,0.00,2,0
2026-06-13 14:23:56.555,0.00,0.00,0.00,0.00,2,0
2026-06-13 14:23:56.605,0.00,0.00,0.00,0.00,2,0
2026-06-13 14:23:56.655,0.00,0.00,0.00,0.00,2,0
2026-06-13 14:23:56.705,0.00,0.00,0.00,0.00,2,0
2026-06-13 14:23:56.756,0.00,0.00,0.00,0.00,2,0
2026-06-13 14:23:56.806,0.00,0.00,0.00,0.00,2,0
2026-06-13 14:23:56.856,0.00,0.00,0.00,0.00,2,0
2026-06-13 14:23:56.907,0.00,0.00,0.00,0.00,2,0
2026-06-13 14:23:56.957,0.00,0.00,0.00,0.00,2,0
2026-06-13 14:23:57.007,0.00,0.00,0.00,0.00,2,0
2026-06-13 14:23:57.058,0.00,0.00,0.00,0.00,2,0
2026-06-13 14:23:57.108,0.00,0.00,0.00,0.00,2,0
2026-06-13 14:23:57.158,0.00,0.00,0.00,0.00,2,0
2026-06-13 14:23:57.209,0.00,0.00,0.00,0.00,2,0
2026-06-13 14:23:57.259,0.00,0.00,0.00,0.00,2,0
2026-06-13 14:23:57.309,0.00,0.00,0.00,0.00,2,0
2026-06-13 14:23:57.360,0.00,0.00,0.00,0.00,2,0
2026-06-13 14:23:57.410,0.00,0.00,0.00,0.00,2,0
2026-06-13 14:23:57.460,0.00,0.00,0.00,0.00,2,0
2026-06-13 14:23:57.510,0.00,0.00,0.00,0.00,2,0
2026-06-13 14:23:57.561,0.00,0.00,0.00,0.00,2,0
2026-06-13 14:23:57.611,0.00,0.00,0.00,0.00,2,0
2026-06-13 14:23:57.661,0.00,0.00,0.00,0.00,2,0
2026-06-13 14:23:57.712,0.00,0.00,0.00,0.00,2,0
2026-06-13 14:23:57.762,0.00,0.00,0.00,0.00,2,0
2026-06-13 14:23:57.812,0.00,0.00,0.00,0.00,2,0
2026-06-13 14:23:57.863,0.00,0.00,0.00,0.00,2,0
2026-06-13 14:23:57.913,0.00,0.00,0.00,0.00,2,0
2026-06-13 14:23:57.963,0.00,0.00,0.00,0.00,2,0
2026-06-13 14:23:58.014,0.00,0.00,0.00,0.00,2,0
2026-06-13 14:23:58.064,0.00,0.00,0.00,0.00,2,0
2026-06-13 14:23:58.114,0.00,0.00,0.00,0.00,2,0
2026-06-13 14:23:58.164,0.00,0.00,0.00,0.00,2,0
2026-06-13 14:23:58.215,0.00,0.00,0.00,0.00,2,0
2026-06-13 14:23:58.265,0.00,0.00,0.00,0.00,2,0
2026-06-13 14:23:58.315,0.00,0.00,0.00,0.00,2,0
2026-06-13 14:23:58.366,0.00,0.00,0.00,0.00,2,0
2026-06-13 14:23:58.416,0.00,0.00,0.00,0.00,2,0
2026-06-13 14:23:58.466,0.00,0.00,0.00,0.00,2,0
2026-06-13 14:23:58.517,0.00,0.00,0.00,0.00,2,0
2026-06-13 14:23:58.567,0.00,0.00,0.00,0.00,2,0
2026-06-13 14:23:58.617,0.00,0.00,0.00,0.00,2,0
2026-06-13 14:23:58.668,0.00,0.00,0.00,0.00,2,0
2026-06-13 14:23:58.718,0.00,0.00,0.00,0.00,2,0
2026-06-13 14:23:58.768,0.00,0.00,0.00,0.00,2,0
2026-06-13 14:23:58.819,0.00,0.00,0.00,0.00,2,0
2026-06-13 14:23:58.869,0.00,0.00,0.00,0.00,2,0
2026-06-13 14:23:58.919,0.00,0.00,0.00,0.00,2,0
2026-06-13 14:23:58.970,0.00,0.00,0.00,0.00,2,0
2026-06-13 14:23:59.020,0.00,0.00,0.00,0.00,2,0
2026-06-13 14:23:59.070,0.00,0.00,0.00,0.00,2,0
2026-06-13 14:23:59.120,0.00,0.00,0.00,0.00,2,0
2026-06-13 14:23:59.171,0.00,0.00,0.00,0.00,2,0
2026-06-13 14:23:59.221,0.00,0.00,0.00,0.00,2,0
2026-06-13 14:23:59.271,0.00,0.00,0.00,0.00,2,0
2026-06-13 14:23:59.322,0.00,0.00,0.00,0.00,2,0
2026-06-13 14:23:59.372,0.00,0.00,0.00,0.00,2,0
2026-06-13 14:23:59.422,0.00,0.00,0.00,0.00,2,0
2026-06-13 14:23:59.473,0.00,0.00,0.00,0.00,2,0
2026-06-13 14:23:59.523,0.00,0.00,0.00,0.00,2,0
2026-06-13 14:23:59.573,0.00,0.00,0.00,0.00,2,0
2026-06-13 14:23:59.624,0.00,0.00,0.00,0.00,2,0
2026-06-13 14:23:59.674,0.00,0.00,0.00,0.00,2,0
2026-06-13 14:23:59.724,0.00,0.00,0.00,0.00,2,0
2026-06-13 14:23:59.775,0.00,0.00,0.00,0.00,2,0
2026-06-13 14:23:59.825,0.00,0.00,0.00,0.00,2,0
2026-06-13 14:23:59.880,0.00,0.00,0.00,0.00,2,0
2026-06-13 14:23:59.926,0.00,0.00,0.00,0.00,2,0
2026-06-13 14:23:59.976,0.00,0.00,0.00,0.00,2,0
2026-06-13 14:24:00.026,0.00,0.00,0.00,0.00,2,0
2026-06-13 14:24:00.076,0.00,0.00,0.00,0.00,2,0
2026-06-13 14:24:00.127,0.00,0.00,0.00,0.00,2,0
2026-06-13 14:24:00.177,0.00,0.00,0.00,0.00,2,0
2026-06-13 14:24:00.227,0.00,0.00,0.00,0.00,2,0
2026-06-13 14:24:00.278,0.00,0.00,0.00,0.00,2,0
2026-06-13 14:24:00.328,0.00,0.00,0.00,0.00,2,0
2026-06-13 14:24:00.378,0.00,0.00,0.00,0.00,2,0
2026-06-13 14:24:00.429,0.00,0.00,0.00,0.00,2,0
2026-06-13 14:24:00.479,0.00,0.00,0.00,0.00,2,0
2026-06-13 14:24:00.529,0.00,0.00,0.00,0.00,2,0
2026-06-13 14:24:00.580,0.00,0.00,0.00,0.00,2,0
2026-06-13 14:24:00.630,0.00,0.00,0.00,0.00,2,0
2026-06-13 14:24:00.681,0.00,0.00,0.00,0.00,2,0
2026-06-13 14:24:00.731,0.00,0.00,0.00,0.00,2,0
2026-06-13 14:24:00.781,0.00,0.00,0.00,0.00,2,0
2026-06-13 14:24:00.831,0.00,0.00,0.00,0.00,2,0
2026-06-13 14:24:00.882,0.00,0.00,0.00,0.00,2,0
2026-06-13 14:24:00.932,0.00,0.00,0.00,0.00,2,0
2026-06-13 14:24:00.982,0.00,0.00,0.00,0.00,2,0
2026-06-13 14:24:01.033,0.00,0.00,0.00,0.00,2,0
2026-06-13 14:24:01.083,0.00,0.00,0.00,0.00,2,0
2026-06-13 14:24:01.133,0.00,0.00,0.00,0.00,2,0
2026-06-13 14:24:01.184,0.00,0.00,0.00,0.00,2,0
2026-06-13 14:24:01.234,0.00,0.00,0.00,0.00,2,0
2026-06-13 14:24:01.284,0.00,0.00,0.00,0.00,2,0
2026-06-13 14:24:01.334,0.00,0.00,0.00,0.00,2,0
2026-06-13 14:24:01.385,0.00,0.00,0.00,0.00,2,0
2026-06-13 14:24:01.435,0.00,0.00,0.00,0.00,2,0
2026-06-13 14:24:01.485,0.00,0.00,0.00,0.00,2,0
2026-06-13 14:24:01.536,0.00,0.00,0.00,0.00,2,0
2026-06-13 14:24:01.586,0.00,0.00,0.00,0.00,2,0
2026-06-13 14:24:01.636,0.00,0.00,0.00,0.00,2,0
2026-06-13 14:24:01.687,0.00,0.00,0.00,0.00,2,0
2026-06-13 14:24:01.737,0.00,0.00,0.00,0.00,2,0
2026-06-13 14:24:01.787,0.00,0.00,0.00,0.00,2,0
2026-06-13 14:24:01.838,0.00,0.00,0.00,0.00,2,0
2026-06-13 14:24:01.888,0.00,0.00,0.00,0.00,2,0
2026-06-13 14:24:01.938,0.00,0.00,0.00,0.00,2,0
2026-06-13 14:24:01.989,0.00,0.00,0.00,0.00,2,0
2026-06-13 14:24:02.039,0.00,0.00,0.00,0.00,2,0
2026-06-13 14:24:02.090,0.00,0.00,0.00,0.00,2,0
2026-06-13 14:24:02.140,0.00,0.00,0.00,0.00,2,0
2026-06-13 14:24:02.190,0.00,0.00,0.00,0.00,2,0
2026-06-13 14:24:02.240,0.00,0.00,0.00,0.00,2,0
2026-06-13 14:24:02.291,0.00,0.00,0.00,0.00,2,0
2026-06-13 14:24:02.341,0.00,0.00,0.00,0.00,2,0
2026-06-13 14:24:02.391,0.00,0.00,0.00,0.00,2,0
2026-06-13 14:24:02.442,0.00,0.00,0.00,0.00,2,0
2026-06-13 14:24:02.492,0.00,0.00,0.00,0.00,2,0
2026-06-13 14:24:02.542,0.00,0.00,0.00,0.00,2,0
2026-06-13 14:24:02.592,0.00,0.00,0.00,0.00,2,0
2026-06-13 14:24:02.643,0.00,0.00,0.00,0.00,2,0
2026-06-13 14:24:02.693,0.00,0.00,0.00,0.00,2,0
2026-06-13 14:24:02.743,0.00,0.00,0.00,0.00,2,0
2026-06-13 14:24:02.794,0.00,0.00,0.00,0.00,2,0
2026-06-13 14:24:02.844,0.00,0.00,0.00,0.00,2,0
2026-06-13 14:24:02.894,0.00,0.00,0.00,0.00,2,0
2026-06-13 14:24:02.945,0.00,0.00,0.00,0.00,2,0
2026-06-13 14:24:02.995,0.00,0.00,0.00,0.00,2,0
2026-06-13 14:24:03.045,0.00,0.00,0.00,0.00,2,0
2026-06-13 14:24:03.096,0.00,0.00,0.00,0.00,2,0
2026-06-13 14:24:03.146,0.00,0.00,0.00,0.00,2,0
2026-06-13 14:24:03.196,0.00,0.00,0.00,0.00,2,0
2026-06-13 14:24:03.247,0.00,0.00,0.00,0.00,2,0
2026-06-13 14:24:03.297,0.00,0.00,0.00,0.00,2,0
2026-06-13 14:24:03.347,0.00,0.00,0.00,0.00,2,0
2026-06-13 14:24:03.398,0.00,0.00,0.00,0.00,2,0
2026-06-13 14:24:03.448,0.00,0.00,0.00,0.00,2,0
2026-06-13 14:24:03.498,0.00,0.00,0.00,0.00,2,0
2026-06-13 14:24:03.549,0.00,0.00,0.00,0.00,2,0
2026-06-13 14:24:03.599,0.00,0.00,0.00,0.00,2,0
2026-06-13 14:24:03.650,0.00,0.00,0.00,0.00,2,0
2026-06-13 14:24:03.700,0.00,0.00,0.00,0.00,2,0
2026-06-13 14:24:03.750,0.00,0.00,0.00,0.00,2,0
2026-06-13 14:24:03.800,0.00,0.00,0.00,0.00,2,0
2026-06-13 14:24:03.851,0.00,0.00,0.00,0.00,2,0
2026-06-13 14:24:03.901,0.00,0.00,0.00,0.00,2,0
2026-06-13 14:24:03.951,0.00,0.00,0.00,0.00,2,0
2026-06-13 14:24:04.002,0.00,0.00,0.00,0.00,2,0
2026-06-13 14:24:04.052,0.00,0.00,0.00,0.00,2,0
2026-06-13 14:24:04.102,0.00,0.00,0.00,0.00,2,0
2026-06-13 14:24:04.152,0.00,0.00,0.00,0.00,2,0
2026-06-13 14:24:04.203,0.00,0.00,0.00,0.00,2,0
2026-06-13 14:24:04.253,0.00,0.00,0.00,0.00,2,0
2026-06-13 14:24:04.303,0.00,0.00,0.00,0.00,2,0
2026-06-13 14:24:04.354,0.00,0.00,0.00,0.00,2,0
2026-06-13 14:24:04.404,0.00,0.00,0.00,0.00,2,0
2026-06-13 14:24:04.454,0.00,0.00,0.00,0.00,2,0
2026-06-13 14:24:04.505,0.00,0.00,0.00,0.00,2,0
2026-06-13 14:24:04.555,0.00,0.00,0.00,0.00,2,0
2026-06-13 14:24:04.605,0.00,0.00,0.00,0.00,2,0
2026-06-13 14:24:04.656,0.00,0.00,0.00,0.00,2,0
2026-06-13 14:24:04.706,0.00,0.00,0.00,0.00,2,0
2026-06-13 14:24:04.756,0.00,0.00,0.00,0.00,2,0
2026-06-13 14:24:04.807,0.00,0.00,0.00,0.00,2,0
2026-06-13 14:24:04.857,0.00,0.00,0.00,0.00,2,0
2026-06-13 14:24:04.907,0.00,0.00,0.00,0.00,2,0
2026-06-13 14:24:04.958,0.00,0.00,0.00,0.00,2,0
2026-06-13 14:24:05.008,0.00,0.00,0.00,0.00,2,0
2026-06-13 14:24:05.058,0.00,0.00,0.00,0.00,2,0
2026-06-13 14:24:05.109,0.00,0.00,0.00,0.00,2,0
2026-06-13 14:24:05.159,0.00,0.00,0.00,0.00,2,0
2026-06-13 14:24:05.209,0.00,0.00,0.00,0.00,2,0
2026-06-13 14:24:05.260,0.00,0.00,0.00,0.00,2,0
2026-06-13 14:24:05.310,0.00,0.00,0.00,0.00,2,0
2026-06-13 14:24:05.360,0.00,0.00,0.00,0.00,2,0
2026-06-13 14:24:05.411,0.00,0.00,0.00,0.00,2,0
2026-06-13 14:24:05.461,0.00,0.00,0.00,0.00,2,0
2026-06-13 14:24:05.511,0.00,0.00,0.00,0.00,2,0
2026-06-13 14:24:05.562,0.00,0.00,0.00,0.00,2,0
2026-06-13 14:24:05.612,0.00,0.00,0.00,0.00,2,0
2026-06-13 14:24:05.662,0.00,0.00,0.00,0.00,2,0
2026-06-13 14:24:05.713,0.00,0.00,0.00,0.00,2,0
2026-06-13 14:24:05.763,0.00,0.00,0.00,0.00,2,0
2026-06-13 14:24:05.813,0.00,0.00,0.00,0.00,2,0
2026-06-13 14:24:05.864,0.00,0.00,0.00,0.00,2,0
2026-06-13 14:24:05.914,0.00,0.00,0.00,0.00,2,0
2026-06-13 14:24:05.964,0.00,0.00,0.00,0.00,2,0
2026-06-13 14:24:06.015,0.00,0.00,0.00,0.00,2,0
2026-06-13 14:24:06.065,0.00,0.00,0.00,0.00,2,0
2026-06-13 14:24:06.115,0.00,0.00,0.00,0.00,2,0
2026-06-13 14:24:06.166,0.00,0.00,0.00,0.00,2,0
2026-06-13 14:24:06.216,0.00,0.00,0.00,0.00,2,0
2026-06-13 14:24:06.266,0.00,0.00,0.00,0.00,2,0
2026-06-13 14:24:06.316,0.00,0.00,0.00,0.00,2,0
2026-06-13 14:24:06.367,0.00,0.00,0.00,0.00,2,0
2026-06-13 14:24:06.417,0.00,0.00,0.00,0.00,2,0
2026-06-13 14:24:06.467,0.00,0.00,0.00,0.00,2,0
2026-06-13 14:24:06.518,0.00,0.00,0.00,0.00,2,0
2026-06-13 14:24:06.568,0.00,0.00,0.00,0.00,2,0
2026-06-13 14:24:06.618,0.00,0.00,0.00,0.00,2,0
2026-06-13 14:24:06.669,0.00,0.00,0.00,0.00,2,0
2026-06-13 14:24:06.719,0.00,0.00,0.00,0.00,2,0
2026-06-13 14:24:06.770,0.00,0.00,0.00,0.00,2,0
2026-06-13 14:24:06.820,0.00,0.00,0.00,0.00,2,0
2026-06-13 14:24:06.870,0.00,0.00,0.00,0.00,2,0
2026-06-13 14:24:06.920,0.00,0.00,0.00,0.00,2,0
2026-06-13 14:24:06.971,0.00,0.00,0.00,0.00,2,0
2026-06-13 14:24:07.021,0.00,0.00,0.00,0.00,2,0
2026-06-13 14:24:07.071,0.00,0.00,0.00,0.00,2,0
2026-06-13 14:24:07.122,0.00,0.00,0.00,0.00,2,0
2026-06-13 14:24:07.172,0.00,0.00,0.00,0.00,2,0
2026-06-13 14:24:07.222,0.00,0.00,0.00,0.00,2,0
2026-06-13 14:24:07.273,0.00,0.00,0.00,0.00,2,0
2026-06-13 14:24:07.323,0.00,0.00,0.00,0.00,2,0
2026-06-13 14:24:07.373,0.00,0.00,0.00,0.00,2,0
2026-06-13 14:24:07.424,0.00,0.00,0.00,0.00,2,0
2026-06-13 14:24:07.474,0.00,0.00,0.00,0.00,2,0
2026-06-13 14:24:07.524,0.00,0.00,0.00,0.00,2,0
2026-06-13 14:24:07.575,0.00,0.00,0.00,0.00,2,0
2026-06-13 14:24:07.625,0.00,0.00,0.00,0.00,2,0
2026-06-13 14:24:07.675,0.00,0.00,0.00,0.00,2,0
2026-06-13 14:24:07.726,0.00,0.00,0.00,0.00,2,0
2026-06-13 14:24:07.776,0.00,0.00,0.00,0.00,2,0
2026-06-13 14:24:07.826,0.00,0.00,0.00,0.00,2,0
2026-06-13 14:24:07.877,0.00,0.00,0.00,0.00,2,0
2026-06-13 14:24:07.927,0.00,0.00,0.00,0.00,2,0
2026-06-13 14:24:07.977,0.00,0.00,0.00,0.00,2,0
2026-06-13 14:24:08.028,0.00,0.00,0.00,0.00,2,0
2026-06-13 14:24:08.078,0.00,0.00,0.00,0.00,2,0
2026-06-13 14:24:08.128,0.00,0.00,0.00,0.00,2,0
2026-06-13 14:24:08.179,0.00,0.00,0.00,0.00,2,0
2026-06-13 14:24:08.229,0.00,0.00,0.00,0.00,2,0
2026-06-13 14:24:08.280,0.00,0.00,0.00,0.00,2,0
2026-06-13 14:24:08.330,0.00,0.00,0.00,0.00,2,0
2026-06-13 14:24:08.380,0.00,0.00,0.00,0.00,2,0
2026-06-13 14:24:08.430,0.00,0.00,0.00,0.00,2,0
2026-06-13 14:24:08.481,0.00,0.00,0.00,0.00,2,0
2026-06-13 14:24:08.531,0.00,0.00,0.00,0.00,2,0
2026-06-13 14:24:08.581,0.00,0.00,0.00,0.00,2,0
2026-06-13 14:24:08.632,0.00,0.00,0.00,0.00,2,0
2026-06-13 14:24:08.682,0.00,0.00,0.00,0.00,2,0
2026-06-13 14:24:08.732,0.00,0.00,0.00,0.00,2,0
2026-06-13 14:24:08.783,0.00,0.00,0.00,0.00,2,0
2026-06-13 14:24:08.833,0.00,0.00,0.00,0.00,2,0
2026-06-13 14:24:08.883,0.00,0.00,0.00,0.00,2,0
2026-06-13 14:24:08.934,0.00,0.00,0.00,0.00,2,0
2026-06-13 14:24:08.984,0.00,0.00,0.00,0.00,2,0
2026-06-13 14:24:09.034,0.00,0.00,0.00,0.00,2,0
2026-06-13 14:24:09.085,0.00,0.00,0.00,0.00,2,0
2026-06-13 14:24:09.135,0.00,0.00,0.00,0.00,2,0
2026-06-13 14:24:09.185,0.00,0.00,0.00,0.00,2,0
2026-06-13 14:24:09.236,0.00,0.00,0.00,0.00,2,0
2026-06-13 14:24:09.286,0.00,0.00,0.00,0.00,2,0
2026-06-13 14:24:09.336,0.00,0.00,0.00,0.00,2,0
2026-06-13 14:24:09.387,0.00,0.00,0.00,0.00,2,0
2026-06-13 14:24:09.437,0.00,0.00,0.00,0.00,2,0
2026-06-13 14:24:09.487,0.00,0.00,0.00,0.00,2,0
2026-06-13 14:24:09.538,0.00,0.00,0.00,0.00,2,0
2026-06-13 14:24:09.588,0.00,0.00,0.00,0.00,2,0
2026-06-13 14:24:09.638,0.00,0.00,0.00,0.00,2,0
2026-06-13 14:24:09.689,0.00,0.00,0.00,0.00,2,0
2026-06-13 14:24:09.739,0.00,0.00,0.00,0.00,2,0
2026-06-13 14:24:09.790,0.00,0.00,0.00,0.00,2,0
2026-06-13 14:24:09.840,0.00,0.00,0.00,0.00,2,0
2026-06-13 14:24:09.890,0.00,0.00,0.00,0.00,2,0
2026-06-13 14:24:09.940,0.00,0.00,0.00,0.00,2,0
2026-06-13 14:24:09.991,0.00,0.00,0.00,0.00,2,0
2026-06-13 14:24:10.041,0.00,0.00,0.00,0.00,2,0
2026-06-13 14:24:10.091,0.00,0.00,0.00,0.00,2,0
2026-06-13 14:24:10.142,0.00,0.00,0.00,0.00,2,0
2026-06-13 14:24:10.192,0.00,0.00,0.00,0.00,2,0
2026-06-13 14:24:10.242,0.00,0.00,0.00,0.00,2,0
2026-06-13 14:24:10.293,0.00,0.00,0.00,0.00,2,0
2026-06-13 14:24:10.343,0.00,0.00,0.00,0.00,2,0
2026-06-13 14:24:10.393,0.00,0.00,0.00,0.00,2,0
2026-06-13 14:24:10.444,0.00,0.00,0.00,0.00,2,0
2026-06-13 14:24:10.494,0.00,0.00,0.00,0.00,2,0
2026-06-13 14:24:10.544,0.00,0.00,0.00,0.00,2,0
2026-06-13 14:24:10.595,0.00,0.00,0.00,0.00,2,0
2026-06-13 14:24:10.645,0.00,0.00,0.00,0.00,2,0
2026-06-13 14:24:10.695,0.00,0.00,0.00,0.00,2,0
2026-06-13 14:24:10.746,0.00,0.00,0.00,0.00,2,0
2026-06-13 14:24:10.796,0.00,0.00,0.00,0.00,2,0
2026-06-13 14:24:10.846,0.00,0.00,0.00,0.00,2,0
2026-06-13 14:24:10.897,0.00,0.00,0.00,0.00,2,0
2026-06-13 14:24:10.947,0.00,0.00,0.00,0.00,2,0
