Timestamp,Speed_kmh,Accel_ms2,Raw_RPM,Filtered_RPM,Brake_State,Control_Mode
2026-06-13 14:13:03.404,0.00,0.00,0.00,0.00,0,0
2026-06-13 14:13:03.455,0.00,0.00,0.00,0.00,0,2
2026-06-13 14:13:03.505,0.00,0.00,0.00,0.00,2,0
2026-06-13 14:13:03.555,0.00,0.00,0.00,0.00,2,0
2026-06-13 14:13:03.606,0.00,0.00,0.00,0.00,2,0
2026-06-13 14:13:03.656,0.00,0.00,0.00,0.00,2,0
2026-06-13 14:13:03.706,0.00,0.00,0.00,0.00,2,0
2026-06-13 14:13:03.757,0.00,0.00,0.00,0.00,2,0
2026-06-13 14:13:03.807,0.00,0.00,0.00,0.00,2,0
2026-06-13 14:13:03.858,0.00,0.00,0.00,0.00,2,0
2026-06-13 14:13:03.908,0.00,0.00,0.00,0.00,2,0
2026-06-13 14:13:03.958,0.00,0.00,0.00,0.00,2,0
2026-06-13 14:13:04.009,0.00,0.00,0.00,0.00,2,0
2026-06-13 14:13:04.059,0.00,0.00,0.00,0.00,2,0
2026-06-13 14:13:04.110,0.00,0.00,0.00,0.00,2,0
2026-06-13 14:13:04.160,0.00,0.00,0.00,0.00,2,0
2026-06-13 14:13:04.210,0.00,0.00,0.00,0.00,2,0
2026-06-13 14:13:04.261,0.00,0.00,0.00,0.00,2,0
2026-06-13 14:13:04.311,0.00,0.00,0.00,0.00,2,0
2026-06-13 14:13:04.361,0.00,0.00,0.00,0.00,2,0
2026-06-13 14:13:04.412,0.00,0.00,0.00,0.00,2,0
2026-06-13 14:13:04.462,0.00,0.00,0.00,0.00,2,0
2026-06-13 14:13:04.513,0.00,0.00,0.00,0.00,2,0
2026-06-13 14:13:04.563,0.00,0.00,0.00,0.00,2,0
2026-06-13 14:13:04.613,0.00,0.00,0.00,0.00,2,0
2026-06-13 14:13:04.664,0.00,0.00,0.00,0.00,2,0
2026-06-13 14:13:04.714,0.00,0.00,0.00,0.00,2,0
2026-06-13 14:13:04.765,0.00,0.00,0.00,0.00,2,0
2026-06-13 14:13:04.815,0.00,0.00,0.00,0.00,2,0
2026-06-13 14:13:04.865,0.00,0.00,0.00,0.00,2,0
2026-06-13 14:13:04.916,0.00,0.00,0.00,0.00,2,0
2026-06-13 14:13:04.966,0.00,0.00,0.00,0.00,2,0
2026-06-13 14:13:05.016,0.00,0.00,0.00,0.00,2,0
2026-06-13 14:13:05.067,0.00,0.00,0.00,0.00,2,0
2026-06-13 14:13:05.117,0.00,0.00,0.00,0.00,2,0
2026-06-13 14:13:05.168,0.00,0.00,0.00,0.00,2,0
2026-06-13 14:13:05.218,0.00,0.00,0.00,0.00,2,0
2026-06-13 14:13:05.268,0.00,0.00,0.00,0.00,2,0
2026-06-13 14:13:05.319,0.00,0.00,0.00,0.00,2,0
2026-06-13 14:13:05.369,0.00,0.00,0.00,0.00,2,0
2026-06-13 14:13:05.420,0.00,0.00,0.00,0.00,2,0
2026-06-13 14:13:05.470,0.00,0.00,0.00,0.00,2,0
2026-06-13 14:13:05.520,0.00,0.00,0.00,0.00,2,0
2026-06-13 14:13:05.571,0.00,0.00,0.00,0.00,2,0
2026-06-13 14:13:05.621,0.00,0.00,0.00,0.00,2,0
2026-06-13 14:13:05.671,0.00,0.00,0.00,0.00,2,0
2026-06-13 14:13:05.722,0.00,0.00,0.00,0.00,2,0
2026-06-13 14:13:05.772,0.00,0.00,0.00,0.00,2,0
2026-06-13 14:13:05.823,0.00,0.00,0.00,0.00,2,0
2026-06-13 14:13:05.873,0.00,0.00,0.00,0.00,2,0
2026-06-13 14:13:05.923,0.00,0.00,0.00,0.00,2,0
2026-06-13 14:13:05.974,0.00,0.00,0.00,0.00,2,0
2026-06-13 14:13:06.024,0.00,0.00,0.00,0.00,2,0
2026-06-13 14:13:06.075,0.00,0.00,0.00,0.00,2,0
2026-06-13 14:13:06.125,0.00,0.00,0.00,0.00,2,0
2026-06-13 14:13:06.175,0.00,0.00,0.00,0.00,2,0
2026-06-13 14:13:06.226,0.00,0.00,0.00,0.00,2,0
2026-06-13 14:13:06.276,0.00,0.00,0.00,0.00,2,0
2026-06-13 14:13:06.326,0.00,0.00,0.00,0.00,2,0
2026-06-13 14:13:06.377,0.00,0.00,0.00,0.00,2,0
2026-06-13 14:13:06.427,0.00,0.00,0.00,0.00,2,0
2026-06-13 14:13:06.478,0.00,0.00,0.00,0.00,2,0
2026-06-13 14:13:06.528,0.00,0.00,0.00,0.00,2,0
2026-06-13 14:13:06.578,0.00,0.00,0.00,0.00,2,0
2026-06-13 14:13:06.629,0.00,0.00,0.00,0.00,2,0
2026-06-13 14:13:06.679,0.00,0.00,0.00,0.00,2,0
2026-06-13 14:13:06.729,0.00,0.00,0.00,0.00,2,0
2026-06-13 14:13:06.780,0.00,0.00,0.00,0.00,2,0
2026-06-13 14:13:06.830,0.00,0.00,0.00,0.00,2,0
2026-06-13 14:13:06.881,0.00,0.00,0.00,0.00,2,0
2026-06-13 14:13:06.931,0.00,0.00,0.00,0.00,2,0
2026-06-13 14:13:06.981,0.00,0.00,0.00,0.00,2,0
2026-06-13 14:13:07.032,0.00,0.00,0.00,0.00,2,0
2026-06-13 14:13:07.082,0.00,0.00,0.00,0.00,2,0
2026-06-13 14:13:07.133,0.00,0.00,0.00,0.00,2,0
2026-06-13 14:13:07.183,0.00,0.00,0.00,0.00,2,0
2026-06-13 14:13:07.233,0.00,0.00,0.00,0.00,2,0
2026-06-13 14:13:07.284,0.00,0.00,0.00,0.00,2,0
2026-06-13 14:13:07.334,0.00,0.00,0.00,0.00,2,0
2026-06-13 14:13:07.384,0.00,0.00,0.00,0.00,2,0
2026-06-13 14:13:07.435,0.00,0.00,0.00,0.00,2,0
2026-06-13 14:13:07.485,0.00,0.00,0.00,0.00,2,0
2026-06-13 14:13:07.536,0.00,0.00,0.00,0.00,2,0
2026-06-13 14:13:07.586,0.00,0.00,0.00,0.00,2,0
2026-06-13 14:13:07.636,0.00,0.00,0.00,0.00,2,0
2026-06-13 14:13:07.687,0.00,0.00,0.00,0.00,2,0
2026-06-13 14:13:07.737,0.00,0.00,0.00,0.00,2,0
2026-06-13 14:13:07.788,0.00,0.00,0.00,0.00,2,0
2026-06-13 14:13:07.838,0.00,0.00,0.00,0.00,2,0
2026-06-13 14:13:07.888,0.00,0.00,0.00,0.00,2,0
2026-06-13 14:13:07.939,0.00,0.00,0.00,0.00,2,0
2026-06-13 14:13:07.989,0.00,0.00,0.00,0.00,2,0
2026-06-13 14:13:08.039,0.00,0.00,0.00,0.00,2,0
2026-06-13 14:13:08.090,0.00,0.00,0.00,0.00,2,0
2026-06-13 14:13:08.140,0.00,0.00,0.00,0.00,2,0
2026-06-13 14:13:08.191,0.00,0.00,0.00,0.00,2,0
2026-06-13 14:13:08.241,0.00,0.00,0.00,0.00,2,0
2026-06-13 14:13:08.291,0.00,0.00,0.00,0.00,2,0
2026-06-13 14:13:08.342,0.00,0.00,0.00,0.00,2,0
2026-06-13 14:13:08.392,0.00,0.00,0.00,0.00,2,0
2026-06-13 14:13:08.442,0.00,0.00,0.00,0.00,2,0
2026-06-13 14:13:08.493,0.00,0.00,0.00,0.00,2,0
2026-06-13 14:13:08.543,0.00,0.00,0.00,0.00,2,0
2026-06-13 14:13:08.594,0.00,0.00,0.00,0.00,2,0
2026-06-13 14:13:08.644,0.00,0.00,0.00,0.00,2,0
2026-06-13 14:13:08.694,0.00,0.00,0.00,0.00,2,0
2026-06-13 14:13:08.745,0.00,0.00,0.00,0.00,2,0
2026-06-13 14:13:08.795,0.00,0.00,0.00,0.00,2,0
2026-06-13 14:13:08.846,0.00,0.00,0.00,0.00,2,0
2026-06-13 14:13:08.896,0.00,0.00,0.00,0.00,2,0
2026-06-13 14:13:08.946,0.00,0.00,0.00,0.00,2,0
2026-06-13 14:13:08.997,0.00,0.00,0.00,0.00,2,0
2026-06-13 14:13:09.047,0.00,0.00,0.00,0.00,2,0
2026-06-13 14:13:09.097,0.00,0.00,0.00,0.00,2,0
2026-06-13 14:13:09.148,0.00,0.00,0.00,0.00,2,0
2026-06-13 14:13:09.198,0.00,0.00,0.00,0.00,2,0
2026-06-13 14:13:09.249,0.00,0.00,0.00,0.00,2,0
2026-06-13 14:13:09.299,0.00,0.00,0.00,0.00,2,0
2026-06-13 14:13:09.349,0.00,0.00,0.00,0.00,2,0
2026-06-13 14:13:09.400,0.00,0.00,0.00,0.00,2,0
2026-06-13 14:13:09.450,0.00,0.00,0.00,0.00,2,0
2026-06-13 14:13:09.501,0.00,0.00,0.00,0.00,2,0
2026-06-13 14:13:09.551,0.00,0.00,0.00,0.00,2,0
2026-06-13 14:13:09.601,0.00,0.00,0.00,0.00,2,0
2026-06-13 14:13:09.652,0.00,0.00,0.00,0.00,2,0
2026-06-13 14:13:09.702,0.00,0.00,0.00,0.00,2,0
2026-06-13 14:13:09.752,0.00,0.00,0.00,0.00,2,0
2026-06-13 14:13:09.803,0.00,0.00,0.00,0.00,2,0
2026-06-13 14:13:09.853,0.00,0.00,0.00,0.00,2,0
2026-06-13 14:13:09.904,0.00,0.00,0.00,0.00,2,0
2026-06-13 14:13:09.954,0.00,0.00,0.00,0.00,2,0
2026-06-13 14:13:10.004,0.00,0.00,0.00,0.00,2,0
2026-06-13 14:13:10.055,0.00,0.00,0.00,0.00,2,0
2026-06-13 14:13:10.105,0.00,0.00,0.00,0.00,2,0
2026-06-13 14:13:10.156,0.00,0.00,0.00,0.00,2,0
2026-06-13 14:13:10.206,0.00,0.00,0.00,0.00,2,0
2026-06-13 14:13:10.256,0.00,0.00,0.00,0.00,2,0
2026-06-13 14:13:10.307,0.00,0.00,0.00,0.00,2,0
2026-06-13 14:13:10.357,0.00,0.00,0.00,0.00,2,0
2026-06-13 14:13:10.407,0.00,0.00,0.00,0.00,2,0
2026-06-13 14:13:10.458,0.00,0.00,0.00,0.00,2,0
2026-06-13 14:13:10.508,0.00,0.00,0.00,0.00,2,0
2026-06-13 14:13:10.559,0.00,0.00,0.00,0.00,2,0
2026-06-13 14:13:10.609,0.00,0.00,0.00,0.00,2,0
2026-06-13 14:13:10.659,0.00,0.00,0.00,0.00,2,0
2026-06-13 14:13:10.710,0.00,0.00,0.00,0.00,2,0
2026-06-13 14:13:10.760,0.00,0.00,0.00,0.00,2,0
2026-06-13 14:13:10.810,0.00,0.00,0.00,0.00,2,0
2026-06-13 14:13:10.861,0.00,0.00,0.00,0.00,2,0
2026-06-13 14:13:10.911,0.00,0.00,0.00,0.00,2,0
2026-06-13 14:13:10.962,0.00,0.00,0.00,0.00,2,0
2026-06-13 14:13:11.012,0.00,0.00,0.00,0.00,2,0
2026-06-13 14:13:11.062,0.00,0.00,0.00,0.00,2,0
2026-06-13 14:13:11.113,0.00,0.00,0.00,0.00,2,0
2026-06-13 14:13:11.163,0.00,0.00,0.00,0.00,2,0
2026-06-13 14:13:11.214,0.00,0.00,0.00,0.00,2,0
2026-06-13 14:13:11.264,0.00,0.00,0.00,0.00,2,0
2026-06-13 14:13:11.314,0.00,0.00,0.00,0.00,2,0
2026-06-13 14:13:11.365,0.00,0.00,0.00,0.00,2,0
2026-06-13 14:13:11.415,0.00,0.00,0.00,0.00,2,0
2026-06-13 14:13:11.465,0.00,0.00,0.00,0.00,2,0
2026-06-13 14:13:11.516,0.00,0.00,0.00,0.00,2,0
2026-06-13 14:13:11.566,0.00,0.00,0.00,0.00,2,0
2026-06-13 14:13:11.617,0.00,0.00,0.00,0.00,2,0
2026-06-13 14:13:11.667,0.00,0.00,0.00,0.00,2,0
2026-06-13 14:13:11.717,0.00,0.00,0.00,0.00,2,0
2026-06-13 14:13:11.768,0.00,0.00,0.00,0.00,2,0
2026-06-13 14:13:11.818,0.00,0.00,0.00,0.00,2,0
2026-06-13 14:13:11.869,0.00,0.00,0.00,0.00,2,0
2026-06-13 14:13:11.919,0.00,0.00,0.00,0.00,2,0
2026-06-13 14:13:11.969,0.00,0.00,0.00,0.00,2,0
2026-06-13 14:13:12.020,0.00,0.00,0.00,0.00,2,0
2026-06-13 14:13:12.070,0.00,0.00,0.00,0.00,2,0
2026-06-13 14:13:12.120,0.00,0.00,0.00,0.00,2,0
2026-06-13 14:13:12.171,0.00,0.00,0.00,0.00,2,0
2026-06-13 14:13:12.221,0.00,0.00,0.00,0.00,2,0
2026-06-13 14:13:12.272,0.00,0.00,0.00,0.00,2,0
2026-06-13 14:13:12.322,0.00,0.00,0.00,0.00,2,0
2026-06-13 14:13:12.372,0.00,0.00,0.00,0.00,2,0
2026-06-13 14:13:12.423,0.00,0.00,0.00,0.00,2,0
2026-06-13 14:13:12.473,0.00,0.00,0.00,0.00,2,0
2026-06-13 14:13:12.523,0.00,0.00,0.00,0.00,2,0
2026-06-13 14:13:12.574,0.00,0.00,0.00,0.00,2,0
2026-06-13 14:13:12.624,0.00,0.00,0.00,0.00,2,0
2026-06-13 14:13:12.675,0.00,0.00,0.00,0.00,2,0
2026-06-13 14:13:12.725,0.00,0.00,0.00,0.00,2,0
2026-06-13 14:13:12.775,0.00,0.00,0.00,0.00,2,0
2026-06-13 14:13:12.826,0.00,0.00,0.00,0.00,2,0
2026-06-13 14:13:12.876,0.00,0.00,0.00,0.00,2,0
2026-06-13 14:13:12.927,0.00,0.00,0.00,0.00,2,0
2026-06-13 14:13:12.977,0.00,0.00,0.00,0.00,2,0
2026-06-13 14:13:13.027,0.00,0.00,0.00,0.00,2,0
2026-06-13 14:13:13.078,0.00,0.00,0.00,0.00,2,0
2026-06-13 14:13:13.128,0.00,0.00,0.00,0.00,2,0
2026-06-13 14:13:13.178,0.00,0.00,0.00,0.00,2,0
2026-06-13 14:13:13.229,0.00,0.00,0.00,0.00,2,0
2026-06-13 14:13:13.279,0.00,0.00,0.00,0.00,2,0
2026-06-13 14:13:13.330,0.00,0.00,0.00,0.00,2,0
2026-06-13 14:13:13.380,0.00,0.00,0.00,0.00,2,0
2026-06-13 14:13:13.430,0.00,0.00,0.00,0.00,2,0
2026-06-13 14:13:13.481,0.00,0.00,0.00,0.00,2,0
2026-06-13 14:13:13.531,0.00,0.00,0.00,0.00,2,0
2026-06-13 14:13:13.581,0.00,0.00,0.00,0.00,2,0
2026-06-13 14:13:13.632,0.00,0.00,0.00,0.00,2,0
2026-06-13 14:13:13.682,0.00,0.00,0.00,0.00,2,0
2026-06-13 14:13:13.733,0.00,0.00,0.00,0.00,2,0
2026-06-13 14:13:13.783,0.00,0.00,0.00,0.00,2,0
2026-06-13 14:13:13.833,0.00,0.00,0.00,0.00,2,0
2026-06-13 14:13:13.884,0.00,0.00,0.00,0.00,2,0
2026-06-13 14:13:13.934,0.00,0.00,0.00,0.00,2,0
2026-06-13 14:13:13.985,0.00,0.00,0.00,0.00,2,0
2026-06-13 14:13:14.035,0.00,0.00,0.00,0.00,2,0
2026-06-13 14:13:14.085,0.00,0.00,0.00,0.00,2,0
2026-06-13 14:13:14.136,0.00,0.00,0.00,0.00,2,0
2026-06-13 14:13:14.186,0.00,0.00,0.00,0.00,2,0
2026-06-13 14:13:14.236,0.00,0.00,0.00,0.00,2,0
2026-06-13 14:13:14.287,0.00,0.00,0.00,0.00,2,0
2026-06-13 14:13:14.337,0.00,0.00,0.00,0.00,2,0
2026-06-13 14:13:14.388,0.00,0.00,0.00,0.00,2,0
2026-06-13 14:13:14.438,0.00,0.00,0.00,0.00,2,0
2026-06-13 14:13:14.488,0.00,0.00,0.00,0.00,2,0
2026-06-13 14:13:14.539,0.00,0.00,0.00,0.00,2,0
2026-06-13 14:13:14.589,0.00,0.00,0.00,0.00,2,0
2026-06-13 14:13:14.640,0.00,0.00,0.00,0.00,2,0
2026-06-13 14:13:14.690,0.00,0.00,0.00,0.00,2,0
2026-06-13 14:13:14.740,0.00,0.00,0.00,0.00,2,0
2026-06-13 14:13:14.791,0.00,0.00,0.00,0.00,2,0
2026-06-13 14:13:14.841,0.00,0.00,0.00,0.00,2,0
2026-06-13 14:13:14.891,0.00,0.00,0.00,0.00,2,0
2026-06-13 14:13:14.942,0.00,0.00,0.00,0.00,2,0
2026-06-13 14:13:14.992,0.00,0.00,0.00,0.00,2,0
2026-06-13 14:13:15.043,0.00,0.00,0.00,0.00,2,0
2026-06-13 14:13:15.093,0.00,0.00,0.00,0.00,2,0
2026-06-13 14:13:15.143,0.00,0.00,0.00,0.00,2,0
2026-06-13 14:13:15.194,0.00,0.00,0.00,0.00,2,0
2026-06-13 14:13:15.244,0.00,0.00,0.00,0.00,2,0
2026-06-13 14:13:15.294,0.00,0.00,0.00,0.00,2,0
2026-06-13 14:13:15.345,0.00,0.00,0.00,0.00,2,0
2026-06-13 14:13:15.395,0.00,0.00,0.00,0.00,2,0
2026-06-13 14:13:15.446,0.00,0.00,0.00,0.00,2,0
2026-06-13 14:13:15.496,0.00,0.00,0.00,0.00,2,0
2026-06-13 14:13:15.546,0.00,0.00,0.00,0.00,2,0
2026-06-13 14:13:15.597,0.00,0.00,0.00,0.00,2,0
2026-06-13 14:13:15.647,0.00,0.00,0.00,0.00,2,0
2026-06-13 14:13:15.698,0.00,0.00,0.00,0.00,2,0
2026-06-13 14:13:15.748,0.00,0.00,0.00,0.00,2,0
2026-06-13 14:13:15.798,0.00,0.00,0.00,0.00,2,0
2026-06-13 14:13:15.849,0.00,0.00,0.00,0.00,2,0
2026-06-13 14:13:15.899,0.00,0.00,0.00,0.00,2,0
2026-06-13 14:13:15.949,0.00,0.00,0.00,0.00,2,0
2026-06-13 14:13:16.000,0.00,0.00,0.00,0.00,2,0
2026-06-13 14:13:16.050,0.00,0.00,0.00,0.00,2,0
2026-06-13 14:13:16.101,0.00,0.00,0.00,0.00,2,0
2026-06-13 14:13:16.151,0.00,0.00,0.00,0.00,2,0
2026-06-13 14:13:16.201,0.00,0.00,0.00,0.00,2,0
2026-06-13 14:13:16.252,0.00,0.00,0.00,0.00,2,0
2026-06-13 14:13:16.302,0.00,0.00,0.00,0.00,2,0
2026-06-13 14:13:16.352,0.00,0.00,0.00,0.00,2,0
2026-06-13 14:13:16.403,0.00,0.00,0.00,0.00,2,0
2026-06-13 14:13:16.453,0.00,0.00,0.00,0.00,2,0
2026-06-13 14:13:16.504,0.00,0.00,0.00,0.00,2,0
2026-06-13 14:13:16.554,0.00,0.00,0.00,0.00,2,0
2026-06-13 14:13:16.604,0.00,0.00,0.00,0.00,2,0
2026-06-13 14:13:16.655,0.00,0.00,0.00,0.00,2,0
2026-06-13 14:13:16.705,0.00,0.00,0.00,0.00,2,0
2026-06-13 14:13:16.756,0.00,0.00,0.00,0.00,2,0
2026-06-13 14:13:16.806,0.00,0.00,0.00,0.00,2,0
2026-06-13 14:13:16.856,0.00,0.00,0.00,0.00,2,0
2026-06-13 14:13:16.907,0.00,0.00,0.00,0.00,2,0
2026-06-13 14:13:16.957,0.00,0.00,0.00,0.00,2,0
2026-06-13 14:13:17.007,0.00,0.00,0.00,0.00,2,0
2026-06-13 14:13:17.058,0.00,0.00,0.00,0.00,2,0
2026-06-13 14:13:17.108,0.00,0.00,0.00,0.00,2,0
2026-06-13 14:13:17.159,0.00,0.00,0.00,0.00,2,0
2026-06-13 14:13:17.209,0.00,0.00,0.00,0.00,2,0
2026-06-13 14:13:17.259,0.00,0.00,0.00,0.00,2,0
2026-06-13 14:13:17.310,0.00,0.00,0.00,0.00,2,0
2026-06-13 14:13:17.360,0.00,0.00,0.00,0.00,2,0
2026-06-13 14:13:17.410,0.00,0.00,0.00,0.00,2,0
2026-06-13 14:13:17.461,0.00,0.00,0.00,0.00,2,0
2026-06-13 14:13:17.511,0.00,0.00,0.00,0.00,2,0
2026-06-13 14:13:17.562,0.00,0.00,0.00,0.00,2,0
2026-06-13 14:13:17.612,0.00,0.00,0.00,0.00,2,0
2026-06-13 14:13:17.662,0.00,0.00,0.00,0.00,2,0
2026-06-13 14:13:17.713,0.00,0.00,0.00,0.00,2,0
2026-06-13 14:13:17.763,0.00,0.00,0.00,0.00,2,0
2026-06-13 14:13:17.814,0.00,0.00,0.00,0.00,2,0
2026-06-13 14:13:17.864,0.00,0.00,0.00,0.00,2,0
2026-06-13 14:13:17.914,0.00,0.00,0.00,0.00,2,0
2026-06-13 14:13:17.965,0.00,0.00,0.00,0.00,2,0
2026-06-13 14:13:18.015,0.00,0.00,0.00,0.00,2,0
2026-06-13 14:13:18.065,0.00,0.00,0.00,0.00,2,0
2026-06-13 14:13:18.116,0.00,0.00,0.00,0.00,2,0
2026-06-13 14:13:18.166,0.00,0.00,0.00,0.00,2,0
2026-06-13 14:13:18.217,0.00,0.00,0.00,0.00,2,0
2026-06-13 14:13:18.267,0.00,0.00,0.00,0.00,2,0
2026-06-13 14:13:18.317,0.00,0.00,0.00,0.00,2,0
2026-06-13 14:13:18.368,0.00,0.00,0.00,0.00,2,0
2026-06-13 14:13:18.418,0.00,0.00,0.00,0.00,2,0
2026-06-13 14:13:18.468,0.00,0.00,0.00,0.00,2,0
2026-06-13 14:13:18.519,0.00,0.00,0.00,0.00,2,0
2026-06-13 14:13:18.569,0.00,0.00,0.00,0.00,2,0
2026-06-13 14:13:18.620,0.00,0.00,0.00,0.00,2,0
2026-06-13 14:13:18.670,0.00,0.00,0.00,0.00,2,0
2026-06-13 14:13:18.720,0.00,0.00,0.00,0.00,2,0
2026-06-13 14:13:18.771,0.00,0.00,0.00,0.00,2,0
2026-06-13 14:13:18.821,0.00,0.00,0.00,0.00,2,0
2026-06-13 14:13:18.872,0.00,0.00,0.00,0.00,2,0
2026-06-13 14:13:18.922,0.00,0.00,0.00,0.00,2,0
2026-06-13 14:13:18.972,0.00,0.00,0.00,0.00,2,0
2026-06-13 14:13:19.023,0.00,0.00,0.00,0.00,2,0
2026-06-13 14:13:19.073,0.00,0.00,0.00,0.00,2,0
2026-06-13 14:13:19.123,0.00,0.00,0.00,0.00,2,0
2026-06-13 14:13:19.174,0.00,0.00,0.00,0.00,2,0
2026-06-13 14:13:19.224,0.00,0.00,0.00,0.00,2,0
2026-06-13 14:13:19.275,0.00,0.00,0.00,0.00,2,0
2026-06-13 14:13:19.325,0.00,0.00,0.00,0.00,2,0
2026-06-13 14:13:19.375,0.00,0.00,0.00,0.00,2,0
2026-06-13 14:13:19.426,0.00,0.00,0.00,0.00,2,0
2026-06-13 14:13:19.476,0.00,0.00,0.00,0.00,2,0
2026-06-13 14:13:19.526,0.00,0.00,0.00,0.00,2,0
2026-06-13 14:13:19.577,0.00,0.00,0.00,0.00,2,0
2026-06-13 14:13:19.627,0.00,0.00,0.00,0.00,2,0
2026-06-13 14:13:19.678,0.00,0.00,0.00,0.00,2,0
2026-06-13 14:13:19.728,0.00,0.00,0.00,0.00,2,0
2026-06-13 14:13:19.778,0.00,0.00,0.00,0.00,2,0
2026-06-13 14:13:19.829,0.00,0.00,0.00,0.00,2,0
2026-06-13 14:13:19.879,0.00,0.00,0.00,0.00,2,0
2026-06-13 14:13:19.930,0.00,0.00,0.00,0.00,2,0
2026-06-13 14:13:19.980,0.00,0.00,0.00,0.00,2,0
2026-06-13 14:13:20.030,0.00,0.00,0.00,0.00,2,0
2026-06-13 14:13:20.081,0.00,0.00,0.00,0.00,2,0
2026-06-13 14:13:20.131,0.00,0.00,0.00,0.00,2,0
2026-06-13 14:13:20.181,0.00,0.00,0.00,0.00,2,0
2026-06-13 14:13:20.232,0.00,0.00,0.00,0.00,2,0
2026-06-13 14:13:20.282,0.00,0.00,0.00,0.00,2,0
2026-06-13 14:13:20.333,0.00,0.00,0.00,0.00,2,0
2026-06-13 14:13:20.383,0.00,0.00,0.00,0.00,2,0
2026-06-13 14:13:20.433,0.00,0.00,0.00,0.00,2,0
2026-06-13 14:13:20.484,0.00,0.00,0.00,0.00,2,0
2026-06-13 14:13:20.534,0.00,0.00,0.00,0.00,2,0
2026-06-13 14:13:20.584,0.00,0.00,0.00,0.00,2,0
2026-06-13 14:13:20.635,0.00,0.00,0.00,0.00,2,0
2026-06-13 14:13:20.685,0.00,0.00,0.00,0.00,2,0
2026-06-13 14:13:20.736,0.00,0.00,0.00,0.00,2,0
2026-06-13 14:13:20.786,0.00,0.00,0.00,0.00,2,0
2026-06-13 14:13:20.836,0.00,0.00,0.00,0.00,2,0
2026-06-13 14:13:20.887,0.00,0.00,0.00,0.00,2,0
2026-06-13 14:13:20.937,0.00,0.00,0.00,0.00,2,0
2026-06-13 14:13:20.988,0.00,0.00,0.00,0.00,2,0
2026-06-13 14:13:21.038,0.00,0.00,0.00,0.00,2,0
2026-06-13 14:13:21.088,0.00,0.00,0.00,0.00,2,0
2026-06-13 14:13:21.139,0.00,0.00,0.00,0.00,2,0
2026-06-13 14:13:21.189,0.00,0.00,0.00,0.00,2,0
2026-06-13 14:13:21.239,0.00,0.00,0.00,0.00,2,0
2026-06-13 14:13:21.290,0.00,0.00,0.00,0.00,2,0
2026-06-13 14:13:21.340,0.00,0.00,0.00,0.00,2,0
2026-06-13 14:13:21.391,0.00,0.00,0.00,0.00,2,0
2026-06-13 14:13:21.441,0.00,0.00,0.00,0.00,2,0
2026-06-13 14:13:21.491,0.00,0.00,0.00,0.00,2,0
2026-06-13 14:13:21.542,0.00,0.00,0.00,0.00,2,0
2026-06-13 14:13:21.592,0.00,0.00,0.00,0.00,2,0
2026-06-13 14:13:21.642,0.00,0.00,0.00,0.00,2,0
2026-06-13 14:13:21.693,0.00,0.00,0.00,0.00,2,0
2026-06-13 14:13:21.743,0.00,0.00,0.00,0.00,2,0
2026-06-13 14:13:21.794,0.00,0.00,0.00,0.00,2,0
2026-06-13 14:13:21.844,0.00,0.00,0.00,0.00,2,0
2026-06-13 14:13:21.894,0.00,0.00,0.00,0.00,2,0
2026-06-13 14:13:21.945,0.00,0.00,0.00,0.00,2,0
2026-06-13 14:13:21.995,0.00,0.00,0.00,0.00,2,0
2026-06-13 14:13:22.046,0.00,0.00,0.00,0.00,2,0
2026-06-13 14:13:22.096,0.00,0.00,0.00,0.00,2,0
2026-06-13 14:13:22.146,0.00,0.00,0.00,0.00,2,0
2026-06-13 14:13:22.197,0.00,0.00,0.00,0.00,2,0
2026-06-13 14:13:22.247,0.00,0.00,0.00,0.00,2,0
2026-06-13 14:13:22.297,0.00,0.00,0.00,0.00,2,0
2026-06-13 14:13:22.348,0.00,0.00,0.00,0.00,2,0
2026-06-13 14:13:22.398,0.00,0.00,0.00,0.00,2,0
2026-06-13 14:13:22.449,0.00,0.00,0.00,0.00,2,0
2026-06-13 14:13:22.499,0.00,0.00,0.00,0.00,2,0
2026-06-13 14:13:22.549,0.00,0.00,0.00,0.00,2,0
2026-06-13 14:13:22.600,0.00,0.00,0.00,0.00,2,0
2026-06-13 14:13:22.650,0.00,0.00,0.00,0.00,2,0
2026-06-13 14:13:22.700,0.00,0.00,0.00,0.00,2,0
2026-06-13 14:13:22.751,0.00,0.00,0.00,0.00,2,0
2026-06-13 14:13:22.801,0.00,0.00,0.00,0.00,2,0
2026-06-13 14:13:22.852,0.00,0.00,0.00,0.00,2,0
2026-06-13 14:13:22.902,0.00,0.00,0.00,0.00,2,0
2026-06-13 14:13:22.952,0.00,0.00,0.00,0.00,2,0
2026-06-13 14:13:23.003,0.00,0.00,0.00,0.00,2,0
2026-06-13 14:13:23.053,0.00,0.00,0.00,0.00,2,0
2026-06-13 14:13:23.104,0.00,0.00,0.00,0.00,2,0
2026-06-13 14:13:23.154,0.00,0.00,0.00,0.00,2,0
2026-06-13 14:13:23.204,0.00,0.00,0.00,0.00,2,0
2026-06-13 14:13:23.255,0.00,0.00,0.00,0.00,2,0
2026-06-13 14:13:23.305,0.00,0.00,0.00,0.00,2,0
2026-06-13 14:13:23.356,0.00,0.00,0.00,0.00,2,0
2026-06-13 14:13:23.406,0.00,0.00,0.00,0.00,2,0
2026-06-13 14:13:23.456,0.00,0.00,0.00,0.00,2,0
2026-06-13 14:13:23.507,0.00,0.00,0.00,0.00,2,0
2026-06-13 14:13:23.557,0.00,0.00,0.00,0.00,2,0
2026-06-13 14:13:23.607,0.00,0.00,0.00,0.00,2,0
2026-06-13 14:13:23.658,0.00,0.00,0.00,0.00,2,0
2026-06-13 14:13:23.708,0.00,0.00,0.00,0.00,2,0
2026-06-13 14:13:23.758,0.00,0.00,0.00,0.00,2,0
2026-06-13 14:13:23.809,0.00,0.00,0.00,0.00,2,0
2026-06-13 14:13:23.859,0.00,0.00,0.00,0.00,2,0
2026-06-13 14:13:23.910,0.00,0.00,0.00,0.00,2,0
2026-06-13 14:13:23.960,0.00,0.00,0.00,0.00,2,0
2026-06-13 14:13:24.010,0.00,0.00,0.00,0.00,2,0
2026-06-13 14:13:24.061,0.00,0.00,0.00,0.00,2,0
2026-06-13 14:13:24.111,0.00,0.00,0.00,0.00,2,0
2026-06-13 14:13:24.162,0.00,0.00,0.00,0.00,2,0
2026-06-13 14:13:24.212,0.00,0.00,0.00,0.00,2,0
2026-06-13 14:13:24.262,0.00,0.00,0.00,0.00,2,0
2026-06-13 14:13:24.313,0.00,0.00,0.00,0.00,2,0
2026-06-13 14:13:24.363,0.00,0.00,0.00,0.00,2,0
2026-06-13 14:13:24.413,0.00,0.00,0.00,0.00,2,0
2026-06-13 14:13:24.464,0.00,0.00,0.00,0.00,2,0
2026-06-13 14:13:24.514,0.00,0.00,0.00,0.00,2,0
2026-06-13 14:13:24.565,0.00,0.00,0.00,0.00,2,0
2026-06-13 14:13:24.615,0.00,0.00,0.00,0.00,2,0
2026-06-13 14:13:24.665,0.00,0.00,0.00,0.00,2,0
2026-06-13 14:13:24.716,0.00,0.00,0.00,0.00,2,0
2026-06-13 14:13:24.766,0.00,0.00,0.00,0.00,2,0
2026-06-13 14:13:24.816,0.00,0.00,0.00,0.00,2,0
2026-06-13 14:13:24.867,0.00,0.00,0.00,0.00,2,0
2026-06-13 14:13:24.917,0.00,0.00,0.00,0.00,2,0
2026-06-13 14:13:24.968,0.00,0.00,0.00,0.00,2,0
2026-06-13 14:13:25.018,0.00,0.00,0.00,0.00,2,0
2026-06-13 14:13:25.068,0.00,0.00,0.00,0.00,2,0
2026-06-13 14:13:25.119,0.00,0.00,0.00,0.00,2,0
2026-06-13 14:13:25.169,0.00,0.00,0.00,0.00,2,0
2026-06-13 14:13:25.220,0.00,0.00,0.00,0.00,2,0
2026-06-13 14:13:25.270,0.00,0.00,0.00,0.00,2,0
2026-06-13 14:13:25.320,0.00,0.00,0.00,0.00,2,0
2026-06-13 14:13:25.371,0.00,0.00,0.00,0.00,2,0
2026-06-13 14:13:25.421,0.00,0.00,0.00,0.00,2,0
2026-06-13 14:13:25.471,0.00,0.00,0.00,0.00,2,0
2026-06-13 14:13:25.522,0.00,0.00,0.00,0.00,2,0
2026-06-13 14:13:25.572,0.00,0.00,0.00,0.00,2,0
2026-06-13 14:13:25.623,0.00,0.00,0.00,0.00,2,0
2026-06-13 14:13:25.673,0.00,0.00,0.00,0.00,2,0
2026-06-13 14:13:25.723,0.00,0.00,0.00,0.00,2,0
2026-06-13 14:13:25.774,0.00,0.00,0.00,0.00,2,0
2026-06-13 14:13:25.824,0.00,0.00,0.00,0.00,2,0
2026-06-13 14:13:25.874,0.00,0.00,0.00,0.00,2,0
2026-06-13 14:13:25.925,0.00,0.00,0.00,0.00,2,0
2026-06-13 14:13:25.975,0.00,0.00,0.00,0.00,2,0
2026-06-13 14:13:26.026,0.00,0.00,0.00,0.00,2,0
2026-06-13 14:13:26.076,0.00,0.00,0.00,0.00,2,0
2026-06-13 14:13:26.126,0.00,0.00,0.00,0.00,2,0
2026-06-13 14:13:26.177,0.00,0.00,0.00,0.00,2,0
2026-06-13 14:13:26.227,0.00,0.00,0.00,0.00,2,0
2026-06-13 14:13:26.278,0.00,0.00,0.00,0.00,2,0
2026-06-13 14:13:26.328,0.00,0.00,0.00,0.00,2,0
2026-06-13 14:13:26.378,0.00,0.00,0.00,0.00,2,0
2026-06-13 14:13:26.429,0.00,0.00,0.00,0.00,2,0
2026-06-13 14:13:26.479,0.00,0.00,0.00,0.00,2,0
2026-06-13 14:13:26.529,0.00,0.00,0.00,0.00,2,0
2026-06-13 14:13:26.580,0.00,0.00,0.00,0.00,2,0
2026-06-13 14:13:26.630,0.00,0.00,0.00,0.00,2,0
2026-06-13 14:13:26.681,0.00,0.00,0.00,0.00,2,0
2026-06-13 14:13:26.731,0.00,0.00,0.00,0.00,2,0
2026-06-13 14:13:26.781,0.00,0.00,0.00,0.00,2,0
2026-06-13 14:13:26.832,0.00,0.00,0.00,0.00,2,0
2026-06-13 14:13:26.882,0.00,0.00,0.00,0.00,2,0
2026-06-13 14:13:26.932,0.00,0.00,0.00,0.00,2,0
2026-06-13 14:13:26.983,0.00,0.00,0.00,0.00,2,0
2026-06-13 14:13:27.033,0.00,0.00,0.00,0.00,2,0
2026-06-13 14:13:27.084,0.00,0.00,0.00,0.00,2,0
2026-06-13 14:13:27.134,0.00,0.00,0.00,0.00,2,0
2026-06-13 14:13:27.184,0.00,0.00,0.00,0.00,2,0
2026-06-13 14:13:27.235,0.00,0.00,0.00,0.00,2,0
2026-06-13 14:13:27.285,0.00,0.00,0.00,0.00,2,0
2026-06-13 14:13:27.335,0.00,0.00,0.00,0.00,2,0
2026-06-13 14:13:27.386,0.00,0.00,0.00,0.00,2,0
2026-06-13 14:13:27.436,0.00,0.00,0.00,0.00,2,0
2026-06-13 14:13:27.487,0.00,0.00,0.00,0.00,2,0
2026-06-13 14:13:27.537,0.00,0.00,0.00,0.00,2,0
2026-06-13 14:13:27.587,0.00,0.00,0.00,0.00,2,0
2026-06-13 14:13:27.638,0.00,0.00,0.00,0.00,2,0
2026-06-13 14:13:27.688,0.00,0.00,0.00,0.00,2,0
2026-06-13 14:13:27.739,0.00,0.00,0.00,0.00,2,0
2026-06-13 14:13:27.789,0.00,0.00,0.00,0.00,2,0
2026-06-13 14:13:27.839,0.00,0.00,0.00,0.00,2,0
2026-06-13 14:13:27.890,0.00,0.00,0.00,0.00,2,0
2026-06-13 14:13:27.940,0.00,0.00,0.00,0.00,2,0
2026-06-13 14:13:27.990,0.00,0.00,0.00,0.00,2,0
2026-06-13 14:13:28.041,0.00,0.00,0.00,0.00,2,0
2026-06-13 14:13:28.091,0.00,0.00,0.00,0.00,2,0
2026-06-13 14:13:28.142,0.00,0.00,0.00,0.00,2,0
2026-06-13 14:13:28.192,0.00,0.00,0.00,0.00,2,0
2026-06-13 14:13:28.242,0.00,0.00,0.00,0.00,2,0
2026-06-13 14:13:28.293,0.00,0.00,0.00,0.00,2,0
2026-06-13 14:13:28.343,0.00,0.00,0.00,0.00,2,0
2026-06-13 14:13:28.394,0.00,0.00,0.00,0.00,2,0
2026-06-13 14:13:28.444,0.00,0.00,0.00,0.00,2,0
2026-06-13 14:13:28.494,0.00,0.00,0.00,0.00,2,0
2026-06-13 14:13:28.545,0.00,0.00,0.00,0.00,2,0
2026-06-13 14:13:28.595,0.00,0.00,0.00,0.00,2,0
2026-06-13 14:13:28.645,0.00,0.00,0.00,0.00,2,0
2026-06-13 14:13:28.696,0.00,0.00,0.00,0.00,2,0
2026-06-13 14:13:28.746,0.00,0.00,0.00,0.00,2,0
2026-06-13 14:13:28.797,0.00,0.00,0.00,0.00,2,0
2026-06-13 14:13:28.847,0.00,0.00,0.00,0.00,2,0
2026-06-13 14:13:28.897,0.00,0.00,0.00,0.00,2,0
2026-06-13 14:13:28.948,0.00,0.00,0.00,0.00,2,0
2026-06-13 14:13:28.998,0.00,0.00,0.00,0.00,2,0
2026-06-13 14:13:29.048,0.00,0.00,0.00,0.00,2,0
2026-06-13 14:13:29.099,0.00,0.00,0.00,0.00,2,0
2026-06-13 14:13:29.149,0.00,0.00,0.00,0.00,2,0
2026-06-13 14:13:29.200,0.00,0.00,0.00,0.00,2,0
2026-06-13 14:13:29.250,0.00,0.00,0.00,0.00,2,0
2026-06-13 14:13:29.300,0.00,0.00,0.00,0.00,2,0
2026-06-13 14:13:29.351,0.00,0.00,0.00,0.00,2,0
2026-06-13 14:13:29.401,0.00,0.00,0.00,0.00,2,0
2026-06-13 14:13:29.451,0.00,0.00,0.00,0.00,2,0
2026-06-13 14:13:29.502,0.00,0.00,0.00,0.00,2,0
2026-06-13 14:13:29.552,0.00,0.00,0.00,0.00,2,0
2026-06-13 14:13:29.603,0.00,0.00,0.00,0.00,2,0
2026-06-13 14:13:29.653,0.00,0.00,0.00,0.00,2,0
2026-06-13 14:13:29.703,0.00,0.00,0.00,0.00,2,0
2026-06-13 14:13:29.754,0.00,0.00,0.00,0.00,2,0
2026-06-13 14:13:29.804,0.00,0.00,0.00,0.00,2,0
2026-06-13 14:13:29.854,0.00,0.00,0.00,0.00,2,0
2026-06-13 14:13:29.905,0.00,0.00,0.00,0.00,2,0
2026-06-13 14:13:29.955,0.00,0.00,0.00,0.00,2,0
2026-06-13 14:13:30.006,0.00,0.00,0.00,0.00,2,0
2026-06-13 14:13:30.056,0.00,0.00,0.00,0.00,2,0
2026-06-13 14:13:30.106,0.00,0.00,0.00,0.00,2,0
2026-06-13 14:13:30.156,0.00,0.00,0.00,0.00,2,0
2026-06-13 14:13:30.206,0.00,0.00,0.00,0.00,2,0
2026-06-13 14:13:30.257,0.00,0.00,0.00,0.00,2,0
2026-06-13 14:13:30.307,0.00,0.00,0.00,0.00,2,0
2026-06-13 14:13:30.357,0.00,0.00,0.00,0.00,2,0
2026-06-13 14:13:30.407,0.00,0.00,0.00,0.00,2,0
2026-06-13 14:13:30.457,0.00,0.00,0.00,0.00,2,0
2026-06-13 14:13:30.508,0.00,0.00,0.00,0.00,2,0
2026-06-13 14:13:30.558,0.00,0.00,0.00,0.00,2,0
2026-06-13 14:13:30.608,0.00,0.00,0.00,0.00,2,0
2026-06-13 14:13:30.658,0.00,0.00,0.00,0.00,2,0
2026-06-13 14:13:30.708,0.00,0.00,0.00,0.00,2,0
2026-06-13 14:13:30.758,0.00,0.00,0.00,0.00,2,0
2026-06-13 14:13:30.809,0.00,0.00,0.00,0.00,2,0
2026-06-13 14:13:30.859,0.00,0.00,0.00,0.00,2,0
2026-06-13 14:13:30.909,0.00,0.00,0.00,0.00,2,0
2026-06-13 14:13:30.959,0.00,0.00,0.00,0.00,2,0
2026-06-13 14:13:31.009,0.00,0.00,0.00,0.00,2,0
2026-06-13 14:13:31.060,0.00,0.00,0.00,0.00,2,0
2026-06-13 14:13:31.110,0.00,0.00,0.00,0.00,2,0
2026-06-13 14:13:31.160,0.00,0.00,0.00,0.00,2,0
2026-06-13 14:13:31.210,0.00,0.00,0.00,0.00,2,0
2026-06-13 14:13:31.261,0.00,0.00,0.00,0.00,2,0
2026-06-13 14:13:31.311,0.00,0.00,0.00,0.00,2,0
2026-06-13 14:13:31.361,0.00,0.00,0.00,0.00,2,0
2026-06-13 14:13:31.411,0.00,0.00,0.00,0.00,2,0
2026-06-13 14:13:31.461,0.00,0.00,0.00,0.00,2,0
2026-06-13 14:13:31.511,0.00,0.00,0.00,0.00,2,0
2026-06-13 14:13:31.562,0.00,0.00,0.00,0.00,2,0
2026-06-13 14:13:31.612,0.00,0.00,0.00,0.00,2,0
2026-06-13 14:13:31.662,0.00,0.00,0.00,0.00,2,0
2026-06-13 14:13:31.712,0.00,0.00,0.00,0.00,2,0
2026-06-13 14:13:31.763,0.00,0.00,0.00,0.00,2,0
2026-06-13 14:13:31.813,0.00,0.00,0.00,0.00,2,0
2026-06-13 14:13:31.863,0.00,0.00,0.00,0.00,2,0
2026-06-13 14:13:31.913,0.00,0.00,0.00,0.00,2,0
2026-06-13 14:13:31.963,0.00,0.00,0.00,0.00,2,0
2026-06-13 14:13:32.014,0.00,0.00,0.00,0.00,2,0
2026-06-13 14:13:32.064,0.00,0.00,0.00,0.00,2,0
2026-06-13 14:13:32.114,0.00,0.00,0.00,0.00,2,0
2026-06-13 14:13:32.164,0.00,0.00,0.00,0.00,2,0
2026-06-13 14:13:32.214,0.00,0.00,0.00,0.00,2,0
2026-06-13 14:13:32.265,0.00,0.00,0.00,0.00,2,0
2026-06-13 14:13:32.315,0.00,0.00,0.00,0.00,2,0
2026-06-13 14:13:32.365,0.00,0.00,0.00,0.00,2,0
2026-06-13 14:13:32.415,0.00,0.00,0.00,0.00,2,0
2026-06-13 14:13:32.465,0.00,0.00,0.00,0.00,2,0
2026-06-13 14:13:32.516,0.00,0.00,0.00,0.00,2,0
2026-06-13 14:13:32.566,0.00,0.00,0.00,0.00,2,0
2026-06-13 14:13:32.616,0.00,0.00,0.00,0.00,2,0
2026-06-13 14:13:32.666,0.00,0.00,0.00,0.00,2,0
2026-06-13 14:13:32.717,0.00,0.00,0.00,0.00,2,0
2026-06-13 14:13:32.767,0.00,0.00,0.00,0.00,2,0
2026-06-13 14:13:32.817,0.00,0.00,0.00,0.00,2,0
2026-06-13 14:13:32.867,0.00,0.00,0.00,0.00,2,0
2026-06-13 14:13:32.917,0.00,0.00,0.00,0.00,2,0
2026-06-13 14:13:32.968,0.00,0.00,0.00,0.00,2,0
2026-06-13 14:13:33.018,0.00,0.00,0.00,0.00,2,0
2026-06-13 14:13:33.068,0.00,0.00,0.00,0.00,2,0
2026-06-13 14:13:33.118,0.00,0.00,0.00,0.00,2,0
2026-06-13 14:13:33.169,0.00,0.00,0.00,0.00,2,0
2026-06-13 14:13:33.219,0.00,0.00,0.00,0.00,2,0
2026-06-13 14:13:33.269,0.00,0.00,0.00,0.00,2,0
2026-06-13 14:13:33.319,0.00,0.00,0.00,0.00,2,0
2026-06-13 14:13:33.370,0.00,0.00,0.00,0.00,2,0
2026-06-13 14:13:33.420,0.00,0.00,0.00,0.00,2,0
2026-06-13 14:13:33.470,0.00,0.00,0.00,0.00,2,0
2026-06-13 14:13:33.520,0.00,0.00,0.00,0.00,2,0
2026-06-13 14:13:33.570,0.00,0.00,0.00,0.00,2,0
2026-06-13 14:13:33.621,0.00,0.00,0.00,0.00,2,0
2026-06-13 14:13:33.671,0.00,0.00,0.00,0.00,2,0
2026-06-13 14:13:33.721,0.00,0.00,0.00,0.00,2,0
2026-06-13 14:13:33.771,0.00,0.00,0.00,0.00,2,0
2026-06-13 14:13:33.822,0.00,0.00,0.00,0.00,2,0
2026-06-13 14:13:33.872,0.00,0.00,0.00,0.00,2,0
2026-06-13 14:13:33.922,0.00,0.00,0.00,0.00,2,0
2026-06-13 14:13:33.972,0.00,0.00,0.00,0.00,2,0
2026-06-13 14:13:34.022,0.00,0.00,0.00,0.00,2,0
2026-06-13 14:13:34.073,0.00,0.00,0.00,0.00,2,0
2026-06-13 14:13:34.123,0.00,0.00,0.00,0.00,2,0
2026-06-13 14:13:34.173,0.00,0.00,0.00,0.00,2,0
2026-06-13 14:13:34.223,0.00,0.00,0.00,0.00,2,0
2026-06-13 14:13:34.274,0.00,0.00,0.00,0.00,2,0
2026-06-13 14:13:34.324,0.00,0.00,0.00,0.00,2,0
2026-06-13 14:13:34.374,0.00,0.00,0.00,0.00,2,0
2026-06-13 14:13:34.424,0.00,0.00,0.00,0.00,2,0
2026-06-13 14:13:34.475,0.00,0.00,0.00,0.00,2,0
2026-06-13 14:13:34.525,0.00,0.00,0.00,0.00,2,0
2026-06-13 14:13:34.575,0.00,0.00,0.00,0.00,2,0
2026-06-13 14:13:34.625,0.00,0.00,0.00,0.00,2,0
2026-06-13 14:13:34.675,0.00,0.00,0.00,0.00,2,0
2026-06-13 14:13:34.726,0.00,0.00,0.00,0.00,2,0
2026-06-13 14:13:34.776,0.00,0.00,0.00,0.00,2,0
2026-06-13 14:13:34.826,0.00,0.00,0.00,0.00,2,0
2026-06-13 14:13:34.876,0.00,0.00,0.00,0.00,2,0
2026-06-13 14:13:34.927,0.00,0.00,0.00,0.00,2,0
2026-06-13 14:13:34.977,0.00,0.00,0.00,0.00,2,0
2026-06-13 14:13:35.027,0.00,0.00,0.00,0.00,2,0
2026-06-13 14:13:35.077,0.00,0.00,0.00,0.00,2,0
2026-06-13 14:13:35.128,0.00,0.00,0.00,0.00,2,0
2026-06-13 14:13:35.178,0.00,0.00,0.00,0.00,2,0
2026-06-13 14:13:35.228,0.00,0.00,0.00,0.00,2,0
2026-06-13 14:13:35.278,0.00,0.00,0.00,0.00,2,0
2026-06-13 14:13:35.329,0.00,0.00,0.00,0.00,2,0
2026-06-13 14:13:35.379,0.00,0.00,0.00,0.00,2,0
2026-06-13 14:13:35.429,0.00,0.00,0.00,0.00,2,0
2026-06-13 14:13:35.479,0.00,0.00,0.00,0.00,2,0
2026-06-13 14:13:35.530,0.00,0.00,0.00,0.00,2,0
2026-06-13 14:13:35.580,0.00,0.00,0.00,0.00,2,0
2026-06-13 14:13:35.630,0.00,0.00,0.00,0.00,2,0
2026-06-13 14:13:35.680,0.00,0.00,0.00,0.00,2,0
2026-06-13 14:13:35.731,0.00,0.00,0.00,0.00,2,0
2026-06-13 14:13:35.781,0.00,0.00,0.00,0.00,2,0
2026-06-13 14:13:35.831,0.00,0.00,0.00,0.00,2,0
2026-06-13 14:13:35.881,0.00,0.00,0.00,0.00,2,0
2026-06-13 14:13:35.931,0.00,0.00,0.00,0.00,2,0
2026-06-13 14:13:35.982,0.00,0.00,0.00,0.00,2,0
2026-06-13 14:13:36.032,0.00,0.00,0.00,0.00,2,0
2026-06-13 14:13:36.082,0.00,0.00,0.00,0.00,2,0
2026-06-13 14:13:36.132,0.00,0.00,0.00,0.00,2,0
2026-06-13 14:13:36.183,0.00,0.00,0.00,0.00,2,0
2026-06-13 14:13:36.233,0.00,0.00,0.00,0.00,2,0
2026-06-13 14:13:36.283,0.00,0.00,0.00,0.00,2,0
2026-06-13 14:13:36.334,0.00,0.00,0.00,0.00,2,0
2026-06-13 14:13:36.384,0.00,0.00,0.00,0.00,2,0
2026-06-13 14:13:36.434,0.00,0.00,0.00,0.00,2,0
2026-06-13 14:13:36.484,0.00,0.00,0.00,0.00,2,0
2026-06-13 14:13:36.535,0.00,0.00,0.00,0.00,2,0
2026-06-13 14:13:36.585,0.00,0.00,0.00,0.00,2,0
2026-06-13 14:13:36.635,0.00,0.00,0.00,0.00,2,0
2026-06-13 14:13:36.685,0.00,0.00,0.00,0.00,2,0
2026-06-13 14:13:36.736,0.00,0.00,0.00,0.00,2,0
2026-06-13 14:13:36.786,0.00,0.00,0.00,0.00,2,0
2026-06-13 14:13:36.836,0.00,0.00,0.00,0.00,2,0
2026-06-13 14:13:36.886,0.00,0.00,0.00,0.00,2,0
2026-06-13 14:13:36.936,0.00,0.00,0.00,0.00,2,0
2026-06-13 14:13:36.987,0.00,0.00,0.00,0.00,2,0
2026-06-13 14:13:37.037,0.00,0.00,0.00,0.00,2,0
2026-06-13 14:13:37.087,0.00,0.00,0.00,0.00,2,0
2026-06-13 14:13:37.138,0.00,0.00,0.00,0.00,2,0
2026-06-13 14:13:37.188,0.00,0.00,0.00,0.00,2,0
2026-06-13 14:13:37.238,0.00,0.00,0.00,0.00,2,0
2026-06-13 14:13:37.288,0.00,0.00,0.00,0.00,2,0
2026-06-13 14:13:37.339,0.00,0.00,0.00,0.00,2,0
2026-06-13 14:13:37.389,0.00,0.00,0.00,0.00,2,0
2026-06-13 14:13:37.439,0.00,0.00,0.00,0.00,2,0
2026-06-13 14:13:37.489,0.00,0.00,0.00,0.00,2,0
2026-06-13 14:13:37.540,0.00,0.00,0.00,0.00,2,0
2026-06-13 14:13:37.590,0.00,0.00,0.00,0.00,2,0
2026-06-13 14:13:37.640,0.00,0.00,0.00,0.00,2,0
2026-06-13 14:13:37.690,0.00,0.00,0.00,0.00,2,0
2026-06-13 14:13:37.741,0.00,0.00,0.00,0.00,2,0
2026-06-13 14:13:37.791,0.00,0.00,0.00,0.00,2,0
2026-06-13 14:13:37.841,0.00,0.00,0.00,0.00,2,0
2026-06-13 14:13:37.891,0.00,0.00,0.00,0.00,2,0
2026-06-13 14:13:37.942,0.00,0.00,0.00,0.00,2,0
2026-06-13 14:13:37.992,0.00,0.00,0.00,0.00,2,0
2026-06-13 14:13:38.042,0.00,0.00,0.00,0.00,2,0
2026-06-13 14:13:38.093,0.00,0.00,0.00,0.00,2,0
2026-06-13 14:13:38.143,0.00,0.00,0.00,0.00,2,0
2026-06-13 14:13:38.193,0.00,0.00,0.00,0.00,2,0
2026-06-13 14:13:38.243,0.00,0.00,0.00,0.00,2,0
2026-06-13 14:13:38.294,0.00,0.00,0.00,0.00,2,0
2026-06-13 14:13:38.344,0.00,0.00,0.00,0.00,2,0
2026-06-13 14:13:38.394,0.00,0.00,0.00,0.00,2,0
2026-06-13 14:13:38.444,0.00,0.00,0.00,0.00,2,0
2026-06-13 14:13:38.495,0.00,0.00,0.00,0.00,2,0
2026-06-13 14:13:38.545,0.00,0.00,0.00,0.00,2,0
2026-06-13 14:13:38.595,0.00,0.00,0.00,0.00,2,0
2026-06-13 14:13:38.645,0.00,0.00,0.00,0.00,2,0
2026-06-13 14:13:38.696,0.00,0.00,0.00,0.00,2,0
2026-06-13 14:13:38.746,0.00,0.00,0.00,0.00,2,0
2026-06-13 14:13:38.796,0.00,0.00,0.00,0.00,2,0
2026-06-13 14:13:38.846,0.00,0.00,0.00,0.00,2,0
2026-06-13 14:13:38.897,0.00,0.00,0.00,0.00,2,0
2026-06-13 14:13:38.947,0.00,0.00,0.00,0.00,2,0
2026-06-13 14:13:38.997,0.00,0.00,0.00,0.00,2,0
2026-06-13 14:13:39.048,0.00,0.00,0.00,0.00,2,0
2026-06-13 14:13:39.098,0.00,0.00,0.00,0.00,2,0
2026-06-13 14:13:39.148,0.00,0.00,0.00,0.00,2,0
2026-06-13 14:13:39.198,0.00,0.00,0.00,0.00,2,0
2026-06-13 14:13:39.249,0.00,0.00,0.00,0.00,2,0
2026-06-13 14:13:39.299,0.00,0.00,0.00,0.00,2,0
2026-06-13 14:13:39.349,0.00,0.00,0.00,0.00,2,0
2026-06-13 14:13:39.399,0.00,0.00,0.00,0.00,2,0
2026-06-13 14:13:39.450,0.00,0.00,0.00,0.00,2,0
2026-06-13 14:13:39.500,0.00,0.00,0.00,0.00,2,0
2026-06-13 14:13:39.550,0.00,0.00,0.00,0.00,2,0
2026-06-13 14:13:39.601,0.00,0.00,0.00,0.00,2,0
2026-06-13 14:13:39.651,0.00,0.00,0.00,0.00,2,0
2026-06-13 14:13:39.701,0.00,0.00,0.00,0.00,2,0
2026-06-13 14:13:39.751,0.00,0.00,0.00,0.00,2,0
2026-06-13 14:13:39.802,0.00,0.00,0.00,0.00,2,0
2026-06-13 14:13:39.852,0.00,0.00,0.00,0.00,2,0
2026-06-13 14:13:39.902,0.00,0.00,0.00,0.00,2,0
2026-06-13 14:13:39.953,0.00,0.00,0.00,0.00,2,0
2026-06-13 14:13:40.003,0.00,0.00,0.00,0.00,2,0
2026-06-13 14:13:40.053,0.00,0.00,0.00,0.00,2,0
2026-06-13 14:13:40.103,0.00,0.00,0.00,0.00,2,0
2026-06-13 14:13:40.154,0.00,0.00,0.00,0.00,2,0
2026-06-13 14:13:40.204,0.00,0.00,0.00,0.00,2,0
2026-06-13 14:13:40.254,0.00,0.00,0.00,0.00,2,0
2026-06-13 14:13:40.304,0.00,0.00,0.00,0.00,2,0
2026-06-13 14:13:40.355,0.00,0.00,0.00,0.00,2,0
2026-06-13 14:13:40.405,0.00,0.00,0.00,0.00,2,0
2026-06-13 14:13:40.455,0.00,0.00,0.00,0.00,2,0
2026-06-13 14:13:40.506,0.00,0.00,0.00,0.00,2,0
2026-06-13 14:13:40.557,0.00,0.00,0.00,0.00,2,0
2026-06-13 14:13:40.606,0.00,0.00,0.00,0.00,2,0
2026-06-13 14:13:40.656,0.00,0.00,0.00,0.00,2,0
2026-06-13 14:13:40.707,0.00,0.00,0.00,0.00,2,0
2026-06-13 14:13:40.757,0.00,0.00,0.00,0.00,2,0
2026-06-13 14:13:40.807,0.00,0.00,0.00,0.00,2,0
2026-06-13 14:13:40.858,0.00,0.00,0.00,0.00,2,0
2026-06-13 14:13:40.908,0.00,0.00,0.00,0.00,2,0
2026-06-13 14:13:40.958,0.00,0.00,0.00,0.00,2,0
2026-06-13 14:13:41.008,0.00,0.00,0.00,0.00,2,0
2026-06-13 14:13:41.059,0.00,0.00,0.00,0.00,2,0
2026-06-13 14:13:41.109,0.00,0.00,0.00,0.00,2,0
2026-06-13 14:13:41.159,0.00,0.00,0.00,0.00,2,0
2026-06-13 14:13:41.210,0.00,0.00,0.00,0.00,2,0
2026-06-13 14:13:41.260,0.00,0.00,0.00,0.00,2,0
2026-06-13 14:13:41.310,0.00,0.00,0.00,0.00,2,0
2026-06-13 14:13:41.360,0.00,0.00,0.00,0.00,2,0
2026-06-13 14:13:41.411,0.00,0.00,0.00,0.00,2,0
2026-06-13 14:13:41.461,0.00,0.00,0.00,0.00,2,0
2026-06-13 14:13:41.511,0.00,0.00,0.00,0.00,2,0
2026-06-13 14:13:41.562,0.00,0.00,0.00,0.00,2,0
2026-06-13 14:13:41.612,0.00,0.00,0.00,0.00,2,0
2026-06-13 14:13:41.662,0.00,0.00,0.00,0.00,2,0
2026-06-13 14:13:41.712,0.00,0.00,0.00,0.00,2,0
2026-06-13 14:13:41.763,0.00,0.00,0.00,0.00,2,0
2026-06-13 14:13:41.813,0.00,0.00,0.00,0.00,2,0
2026-06-13 14:13:41.863,0.00,0.00,0.00,0.00,2,0
2026-06-13 14:13:41.914,0.00,0.00,0.00,0.00,2,0
2026-06-13 14:13:41.964,0.00,0.00,0.00,0.00,2,0
2026-06-13 14:13:42.014,0.00,0.00,0.00,0.00,2,0
2026-06-13 14:13:42.064,0.00,0.00,0.00,0.00,2,0
2026-06-13 14:13:42.115,0.00,0.00,0.00,0.00,2,0
2026-06-13 14:13:42.165,0.00,0.00,0.00,0.00,2,0
2026-06-13 14:13:42.215,0.00,0.00,0.00,0.00,2,0
2026-06-13 14:13:42.266,0.00,0.00,0.00,0.00,2,0
2026-06-13 14:13:42.316,0.00,0.00,0.00,0.00,2,0
2026-06-13 14:13:42.366,0.00,0.00,0.00,0.00,2,0
2026-06-13 14:13:42.416,0.00,0.00,0.00,0.00,2,0
2026-06-13 14:13:42.467,0.00,0.00,0.00,0.00,2,0
2026-06-13 14:13:42.517,0.00,0.00,0.00,0.00,2,0
2026-06-13 14:13:42.567,0.00,0.00,0.00,0.00,2,0
2026-06-13 14:13:42.618,0.00,0.00,0.00,0.00,2,0
2026-06-13 14:13:42.668,0.00,0.00,0.00,0.00,2,0
2026-06-13 14:13:42.718,0.00,0.00,0.00,0.00,2,0
2026-06-13 14:13:42.768,0.00,0.00,0.00,0.00,2,0
2026-06-13 14:13:42.819,0.00,0.00,0.00,0.00,2,0
2026-06-13 14:13:42.869,0.00,0.00,0.00,0.00,2,0
2026-06-13 14:13:42.919,0.00,0.00,0.00,0.00,2,0
2026-06-13 14:13:42.970,0.00,0.00,0.00,0.00,2,0
2026-06-13 14:13:43.020,0.00,0.00,0.00,0.00,2,0
2026-06-13 14:13:43.070,0.00,0.00,0.00,0.00,2,0
2026-06-13 14:13:43.120,0.00,0.00,0.00,0.00,2,0
2026-06-13 14:13:43.171,0.00,0.00,0.00,0.00,2,0
2026-06-13 14:13:43.221,0.00,0.00,0.00,0.00,2,0
2026-06-13 14:13:43.271,0.00,0.00,0.00,0.00,2,0
2026-06-13 14:13:43.322,0.00,0.00,0.00,0.00,2,0
2026-06-13 14:13:43.372,0.00,0.00,0.00,0.00,2,0
2026-06-13 14:13:43.422,0.00,0.00,0.00,0.00,2,0
2026-06-13 14:13:43.473,0.00,0.00,0.00,0.00,2,0
2026-06-13 14:13:43.523,0.00,0.00,0.00,0.00,2,0
2026-06-13 14:13:43.573,0.00,0.00,0.00,0.00,2,0
2026-06-13 14:13:43.623,0.00,0.00,0.00,0.00,2,0
2026-06-13 14:13:43.674,0.00,0.00,0.00,0.00,2,0
2026-06-13 14:13:43.724,0.00,0.00,0.00,0.00,2,0
2026-06-13 14:13:43.774,0.00,0.00,0.00,0.00,2,0
2026-06-13 14:13:43.825,0.00,0.00,0.00,0.00,2,0
2026-06-13 14:13:43.875,0.00,0.00,0.00,0.00,2,0
2026-06-13 14:13:43.925,0.00,0.00,0.00,0.00,2,0
2026-06-13 14:13:43.976,0.00,0.00,0.00,0.00,2,0
2026-06-13 14:13:44.026,0.00,0.00,0.00,0.00,2,0
2026-06-13 14:13:44.076,0.00,0.00,0.00,0.00,2,0
2026-06-13 14:13:44.126,0.00,0.00,0.00,0.00,2,0
2026-06-13 14:13:44.177,0.00,0.00,0.00,0.00,2,0
2026-06-13 14:13:44.227,0.00,0.00,0.00,0.00,2,0
2026-06-13 14:13:44.277,0.00,0.00,0.00,0.00,2,0
2026-06-13 14:13:44.328,0.00,0.00,0.00,0.00,2,0
2026-06-13 14:13:44.378,0.00,0.00,0.00,0.00,2,0
2026-06-13 14:13:44.428,0.00,0.00,0.00,0.00,2,0
2026-06-13 14:13:44.479,0.00,0.00,0.00,0.00,2,0
2026-06-13 14:13:44.529,0.00,0.00,0.00,0.00,2,0
2026-06-13 14:13:44.579,0.00,0.00,0.00,0.00,2,0
2026-06-13 14:13:44.629,0.00,0.00,0.00,0.00,2,0
2026-06-13 14:13:44.680,0.00,0.00,0.00,0.00,2,0
2026-06-13 14:13:44.730,0.00,0.00,0.00,0.00,2,0
2026-06-13 14:13:44.780,0.00,0.00,0.00,0.00,2,0
2026-06-13 14:13:44.831,0.00,0.00,0.00,0.00,2,0
2026-06-13 14:13:44.881,0.00,0.00,0.00,0.00,2,0
2026-06-13 14:13:44.931,0.00,0.00,0.00,0.00,2,0
2026-06-13 14:13:44.982,0.00,0.00,0.00,0.00,2,0
2026-06-13 14:13:45.032,0.00,0.00,0.00,0.00,2,0
2026-06-13 14:13:45.082,0.00,0.00,0.00,0.00,2,0
2026-06-13 14:13:45.132,0.00,0.00,0.00,0.00,2,0
2026-06-13 14:13:45.183,0.00,0.00,0.00,0.00,2,0
2026-06-13 14:13:45.233,0.00,0.00,0.00,0.00,2,0
2026-06-13 14:13:45.283,0.00,0.00,0.00,0.00,2,0
2026-06-13 14:13:45.334,0.00,0.00,0.00,0.00,2,0
2026-06-13 14:13:45.384,0.00,0.00,0.00,0.00,2,0
2026-06-13 14:13:45.434,0.00,0.00,0.00,0.00,2,0
2026-06-13 14:13:45.485,0.00,0.00,0.00,0.00,2,0
2026-06-13 14:13:45.535,0.00,0.00,0.00,0.00,2,0
2026-06-13 14:13:45.585,0.00,0.00,0.00,0.00,2,0
2026-06-13 14:13:45.635,0.00,0.00,0.00,0.00,2,0
2026-06-13 14:13:45.686,0.00,0.00,0.00,0.00,2,0
2026-06-13 14:13:45.736,0.00,0.00,0.00,0.00,2,0
2026-06-13 14:13:45.786,0.00,0.00,0.00,0.00,2,0
2026-06-13 14:13:45.837,0.00,0.00,0.00,0.00,2,0
2026-06-13 14:13:45.887,0.00,0.00,0.00,0.00,2,0
2026-06-13 14:13:45.938,0.00,0.00,0.00,0.00,2,0
2026-06-13 14:13:45.988,0.00,0.00,0.00,0.00,2,0
2026-06-13 14:13:46.038,0.00,0.00,0.00,0.00,2,0
2026-06-13 14:13:46.088,0.00,0.00,0.00,0.00,2,0
2026-06-13 14:13:46.139,0.00,0.00,0.00,0.00,2,0
2026-06-13 14:13:46.189,0.00,0.00,0.00,0.00,2,0
2026-06-13 14:13:46.239,0.00,0.00,0.00,0.00,2,0
2026-06-13 14:13:46.289,0.00,0.00,0.00,0.00,2,0
2026-06-13 14:13:46.340,0.00,0.00,0.00,0.00,2,0
2026-06-13 14:13:46.390,0.00,0.00,0.00,0.00,2,0
2026-06-13 14:13:46.440,0.00,0.00,0.00,0.00,2,0
2026-06-13 14:13:46.491,0.00,0.00,0.00,0.00,2,0
2026-06-13 14:13:46.541,0.00,0.00,0.00,0.00,2,0
2026-06-13 14:13:46.591,0.00,0.00,0.00,0.00,2,0
2026-06-13 14:13:46.642,0.00,0.00,0.00,0.00,2,0
2026-06-13 14:13:46.692,0.00,0.00,0.00,0.00,2,0
2026-06-13 14:13:46.742,0.00,0.00,0.00,0.00,2,0
2026-06-13 14:13:46.793,0.00,0.00,0.00,0.00,2,0
2026-06-13 14:13:46.843,0.00,0.00,0.00,0.00,2,0
2026-06-13 14:13:46.893,0.00,0.00,0.00,0.00,2,0
2026-06-13 14:13:46.944,0.00,0.00,0.00,0.00,2,0
2026-06-13 14:13:46.994,0.00,0.00,0.00,0.00,2,0
2026-06-13 14:13:47.044,0.00,0.00,0.00,0.00,2,0
2026-06-13 14:13:47.094,0.00,0.00,0.00,0.00,2,0
2026-06-13 14:13:47.145,0.00,0.00,0.00,0.00,2,0
2026-06-13 14:13:47.195,0.00,0.00,0.00,0.00,2,0
2026-06-13 14:13:47.245,0.00,0.00,0.00,0.00,2,0
2026-06-13 14:13:47.296,0.00,0.00,0.00,0.00,2,0
2026-06-13 14:13:47.346,0.00,0.00,0.00,0.00,2,0
2026-06-13 14:13:47.396,0.00,0.00,0.00,0.00,2,0
2026-06-13 14:13:47.447,0.00,0.00,0.00,0.00,2,0
2026-06-13 14:13:47.497,0.00,0.00,0.00,0.00,2,0
2026-06-13 14:13:47.547,0.00,0.00,0.00,0.00,2,0
2026-06-13 14:13:47.598,0.00,0.00,0.00,0.00,2,0
2026-06-13 14:13:47.648,0.00,0.00,0.00,0.00,2,0
2026-06-13 14:13:47.698,0.00,0.00,0.00,0.00,2,0
2026-06-13 14:13:47.749,0.00,0.00,0.00,0.00,2,0
2026-06-13 14:13:47.799,0.00,0.00,0.00,0.00,2,0
2026-06-13 14:13:47.849,0.00,0.00,0.00,0.00,2,0
2026-06-13 14:13:47.900,0.00,0.00,0.00,0.00,2,0
2026-06-13 14:13:47.950,0.00,0.00,0.00,0.00,2,0
2026-06-13 14:13:48.000,0.00,0.00,0.00,0.00,2,0
2026-06-13 14:13:48.050,0.00,0.00,0.00,0.00,2,0
2026-06-13 14:13:48.101,0.00,0.00,0.00,0.00,2,0
2026-06-13 14:13:48.151,0.00,0.00,0.00,0.00,2,0
2026-06-13 14:13:48.201,0.00,0.00,0.00,0.00,2,0
2026-06-13 14:13:48.252,0.00,0.00,0.00,0.00,2,0
2026-06-13 14:13:48.302,0.00,0.00,0.00,0.00,2,0
2026-06-13 14:13:48.352,0.00,0.00,0.00,0.00,2,0
2026-06-13 14:13:48.403,0.00,0.00,0.00,0.00,2,0
2026-06-13 14:13:48.453,0.00,0.00,0.00,0.00,2,0
2026-06-13 14:13:48.503,0.00,0.00,0.00,0.00,2,0
2026-06-13 14:13:48.554,0.00,0.00,0.00,0.00,2,0
2026-06-13 14:13:48.604,0.00,0.00,0.00,0.00,2,0
2026-06-13 14:13:48.654,0.00,0.00,0.00,0.00,2,0
2026-06-13 14:13:48.705,0.00,0.00,0.00,0.00,2,0
2026-06-13 14:13:48.755,0.00,0.00,0.00,0.00,2,0
2026-06-13 14:13:48.805,0.00,0.00,0.00,0.00,2,0
2026-06-13 14:13:48.856,0.00,0.00,0.00,0.00,2,0
2026-06-13 14:13:48.906,0.00,0.00,0.00,0.00,2,0
2026-06-13 14:13:48.956,0.00,0.00,0.00,0.00,2,0
2026-06-13 14:13:49.007,0.00,0.00,0.00,0.00,2,0
2026-06-13 14:13:49.057,0.00,0.00,0.00,0.00,2,0
2026-06-13 14:13:49.107,0.00,0.00,0.00,0.00,2,0
2026-06-13 14:13:49.157,0.00,0.00,0.00,0.00,2,0
2026-06-13 14:13:49.208,0.00,0.00,0.00,0.00,2,0
2026-06-13 14:13:49.258,0.00,0.00,0.00,0.00,2,0
2026-06-13 14:13:49.308,0.00,0.00,0.00,0.00,2,0
2026-06-13 14:13:49.359,0.00,0.00,0.00,0.00,2,0
2026-06-13 14:13:49.409,0.00,0.00,0.00,0.00,2,0
2026-06-13 14:13:49.459,0.00,0.00,0.00,0.00,2,0
2026-06-13 14:13:49.510,0.00,0.00,0.00,0.00,2,0
2026-06-13 14:13:49.560,0.00,0.00,0.00,0.00,2,0
2026-06-13 14:13:49.610,0.00,0.00,0.00,0.00,2,0
2026-06-13 14:13:49.661,0.00,0.00,0.00,0.00,2,0
2026-06-13 14:13:49.711,0.00,0.00,0.00,0.00,2,0
2026-06-13 14:13:49.762,0.00,0.00,0.00,0.00,2,0
2026-06-13 14:13:49.812,0.00,0.00,0.00,0.00,2,0
2026-06-13 14:13:49.862,0.00,0.00,0.00,0.00,2,0
2026-06-13 14:13:49.912,0.00,0.00,0.00,0.00,2,0
2026-06-13 14:13:49.963,0.00,0.00,0.00,0.00,2,0
2026-06-13 14:13:50.015,0.00,0.00,0.00,0.00,2,0
2026-06-13 14:13:50.063,0.00,0.00,0.00,0.00,2,0
2026-06-13 14:13:50.114,0.00,0.00,0.00,0.00,2,0
2026-06-13 14:13:50.164,0.00,0.00,0.00,0.00,2,0
2026-06-13 14:13:50.214,0.00,0.00,0.00,0.00,2,0
2026-06-13 14:13:50.265,0.00,0.00,0.00,0.00,2,0
2026-06-13 14:13:50.315,0.00,0.00,0.00,0.00,2,0
2026-06-13 14:13:50.365,0.00,0.00,0.00,0.00,2,0
2026-06-13 14:13:50.416,0.00,0.00,0.00,0.00,2,0
2026-06-13 14:13:50.466,0.00,0.00,0.00,0.00,2,0
2026-06-13 14:13:50.516,0.00,0.00,0.00,0.00,2,0
2026-06-13 14:13:50.566,0.00,0.00,0.00,0.00,2,0
2026-06-13 14:13:50.617,0.00,0.00,0.00,0.00,2,0
2026-06-13 14:13:50.668,0.00,0.00,0.00,0.00,2,0
2026-06-13 14:13:50.717,0.00,0.00,0.00,0.00,2,0
2026-06-13 14:13:50.768,0.00,0.00,0.00,0.00,2,0
2026-06-13 14:13:50.818,0.00,0.00,0.00,0.00,2,0
2026-06-13 14:13:50.868,0.00,0.00,0.00,0.00,2,0
2026-06-13 14:13:50.919,0.00,0.00,0.00,0.00,2,0
2026-06-13 14:13:50.969,0.00,0.00,0.00,0.00,2,0
2026-06-13 14:13:51.019,0.00,0.00,0.00,0.00,2,0
2026-06-13 14:13:51.070,0.00,0.00,0.00,0.00,2,0
2026-06-13 14:13:51.120,0.00,0.00,0.00,0.00,2,0
2026-06-13 14:13:51.171,0.00,0.00,0.00,0.00,2,0
2026-06-13 14:13:51.221,0.00,0.00,0.00,0.00,2,0
2026-06-13 14:13:51.271,0.00,0.00,0.00,0.00,2,0
2026-06-13 14:13:51.321,0.00,0.00,0.00,0.00,2,0
2026-06-13 14:13:51.372,0.00,0.00,0.00,0.00,2,0
2026-06-13 14:13:51.422,0.00,0.00,0.00,0.00,2,0
2026-06-13 14:13:51.472,0.00,0.00,0.00,0.00,2,0
2026-06-13 14:13:51.523,0.00,0.00,0.00,0.00,2,0
2026-06-13 14:13:51.573,0.00,0.00,0.00,0.00,2,0
2026-06-13 14:13:51.623,0.00,0.00,0.00,0.00,2,0
2026-06-13 14:13:51.674,0.00,0.00,0.00,0.00,2,0
2026-06-13 14:13:51.724,0.00,0.00,0.00,0.00,2,0
2026-06-13 14:13:51.774,0.00,0.00,0.00,0.00,2,0
2026-06-13 14:13:51.825,0.00,0.00,0.00,0.00,2,0
2026-06-13 14:13:51.875,0.00,0.00,0.00,0.00,2,0
2026-06-13 14:13:51.926,0.00,0.00,0.00,0.00,2,0
2026-06-13 14:13:51.976,0.00,0.00,0.00,0.00,2,0
2026-06-13 14:13:52.026,0.00,0.00,0.00,0.00,2,0
2026-06-13 14:13:52.076,0.00,0.00,0.00,0.00,2,0
2026-06-13 14:13:52.127,0.00,0.00,0.00,0.00,2,0
2026-06-13 14:13:52.177,0.00,0.00,0.00,0.00,2,0
2026-06-13 14:13:52.228,0.00,0.00,0.00,0.00,2,0
2026-06-13 14:13:52.278,0.00,0.00,0.00,0.00,2,0
2026-06-13 14:13:52.331,0.00,0.00,0.00,0.00,2,0
2026-06-13 14:13:52.379,0.00,0.00,0.00,0.00,2,0
2026-06-13 14:13:52.429,0.00,0.00,0.00,0.00,2,0
2026-06-13 14:13:52.479,0.00,0.00,0.00,0.00,2,0
2026-06-13 14:13:52.529,0.00,0.00,0.00,0.00,2,0
2026-06-13 14:13:52.580,0.00,0.00,0.00,0.00,2,0
2026-06-13 14:13:52.630,0.00,0.00,0.00,0.00,2,0
2026-06-13 14:13:52.680,0.00,0.00,0.00,0.00,2,0
2026-06-13 14:13:52.731,0.00,0.00,0.00,0.00,2,0
2026-06-13 14:13:52.781,0.00,0.00,0.00,0.00,2,0
2026-06-13 14:13:52.831,0.00,0.00,0.00,0.00,2,0
2026-06-13 14:13:52.882,0.00,0.00,0.00,0.00,2,0
2026-06-13 14:13:52.932,0.00,0.00,0.00,0.00,2,0
2026-06-13 14:13:52.982,0.00,0.00,0.00,0.00,2,0
2026-06-13 14:13:53.033,0.00,0.00,0.00,0.00,2,0
2026-06-13 14:13:53.083,0.00,0.00,0.00,0.00,2,0
2026-06-13 14:13:53.133,0.00,0.00,0.00,0.00,2,0
2026-06-13 14:13:53.184,0.00,0.00,0.00,0.00,2,0
2026-06-13 14:13:53.234,0.00,0.00,0.00,0.00,2,0
2026-06-13 14:13:53.284,0.00,0.00,0.00,0.00,2,0
2026-06-13 14:13:53.335,0.00,0.00,0.00,0.00,2,0
2026-06-13 14:13:53.385,0.00,0.00,0.00,0.00,2,0
2026-06-13 14:13:53.435,0.00,0.00,0.00,0.00,2,0
2026-06-13 14:13:53.485,0.00,0.00,0.00,0.00,2,0
2026-06-13 14:13:53.536,0.00,0.00,0.00,0.00,2,0
2026-06-13 14:13:53.586,0.00,0.00,0.00,0.00,2,0
2026-06-13 14:13:53.637,0.00,0.00,0.00,0.00,2,0
2026-06-13 14:13:53.687,0.00,0.00,0.00,0.00,2,0
2026-06-13 14:13:53.738,0.00,0.00,0.00,0.00,2,0
2026-06-13 14:13:53.788,0.00,0.00,0.00,0.00,2,0
2026-06-13 14:13:53.838,0.00,0.00,0.00,0.00,2,0
2026-06-13 14:13:53.888,0.00,0.00,0.00,0.00,2,0
2026-06-13 14:13:53.939,0.00,0.00,0.00,0.00,2,0
2026-06-13 14:13:53.989,0.00,0.00,0.00,0.00,2,0
2026-06-13 14:13:54.039,0.00,0.00,0.00,0.00,2,0
2026-06-13 14:13:54.090,0.00,0.00,0.00,0.00,2,0
2026-06-13 14:13:54.140,0.00,0.00,0.00,0.00,2,0
2026-06-13 14:13:54.190,0.00,0.00,0.00,0.00,2,0
2026-06-13 14:13:54.241,0.00,0.00,0.00,0.00,2,0
2026-06-13 14:13:54.291,0.00,0.00,0.00,0.00,2,0
2026-06-13 14:13:54.341,0.00,0.00,0.00,0.00,2,0
2026-06-13 14:13:54.392,0.00,0.00,0.00,0.00,2,0
2026-06-13 14:13:54.442,0.00,0.00,0.00,0.00,2,0
2026-06-13 14:13:54.492,0.00,0.00,0.00,0.00,2,0
2026-06-13 14:13:54.543,0.00,0.00,0.00,0.00,2,0
2026-06-13 14:13:54.593,0.00,0.00,0.00,0.00,2,0
2026-06-13 14:13:54.643,0.00,0.00,0.00,0.00,2,0
2026-06-13 14:13:54.694,0.00,0.00,0.00,0.00,2,0
2026-06-13 14:13:54.744,0.00,0.00,0.00,0.00,2,0
2026-06-13 14:13:54.794,0.00,0.00,0.00,0.00,2,0
2026-06-13 14:13:54.844,0.00,0.00,0.00,0.00,2,0
2026-06-13 14:13:54.895,0.00,0.00,0.00,0.00,2,0
2026-06-13 14:13:54.945,0.00,0.00,0.00,0.00,2,0
2026-06-13 14:13:54.996,0.00,0.00,0.00,0.00,2,0
2026-06-13 14:13:55.046,0.00,0.00,0.00,0.00,2,0
2026-06-13 14:13:55.096,0.00,0.00,0.00,0.00,2,0
2026-06-13 14:13:55.147,0.00,0.00,0.00,0.00,2,0
2026-06-13 14:13:55.197,0.00,0.00,0.00,0.00,2,0
2026-06-13 14:13:55.247,0.00,0.00,0.00,0.00,2,0
2026-06-13 14:13:55.298,0.00,0.00,0.00,0.00,2,0
2026-06-13 14:13:55.348,0.00,0.00,0.00,0.00,2,0
2026-06-13 14:13:55.398,0.00,0.00,0.00,0.00,2,0
2026-06-13 14:13:55.449,0.00,0.00,0.00,0.00,2,0
2026-06-13 14:13:55.499,0.00,0.00,0.00,0.00,2,0
2026-06-13 14:13:55.549,0.00,0.00,0.00,0.00,2,0
2026-06-13 14:13:55.600,0.00,0.00,0.00,0.00,2,0
2026-06-13 14:13:55.650,0.00,0.00,0.00,0.00,2,0
2026-06-13 14:13:55.700,0.00,0.00,0.00,0.00,2,0
2026-06-13 14:13:55.751,0.00,0.00,0.00,0.00,2,0
2026-06-13 14:13:55.801,0.00,0.00,0.00,0.00,2,0
2026-06-13 14:13:55.851,0.00,0.00,0.00,0.00,2,0
2026-06-13 14:13:55.902,0.00,0.00,0.00,0.00,2,0
2026-06-13 14:13:55.952,0.00,0.00,0.00,0.00,2,0
2026-06-13 14:13:56.002,0.00,0.00,0.00,0.00,2,0
2026-06-13 14:13:56.053,0.00,0.00,0.00,0.00,2,0
2026-06-13 14:13:56.103,0.00,0.00,0.00,0.00,2,0
2026-06-13 14:13:56.153,0.00,0.00,0.00,0.00,2,0
2026-06-13 14:13:56.204,0.00,0.00,0.00,0.00,2,0
2026-06-13 14:13:56.254,0.00,0.00,0.00,0.00,2,0
2026-06-13 14:13:56.304,0.00,0.00,0.00,0.00,2,0
2026-06-13 14:13:56.355,0.00,0.00,0.00,0.00,2,0
2026-06-13 14:13:56.405,0.00,0.00,0.00,0.00,2,0
2026-06-13 14:13:56.455,0.00,0.00,0.00,0.00,2,0
2026-06-13 14:13:56.506,0.00,0.00,0.00,0.00,2,0
2026-06-13 14:13:56.556,0.00,0.00,0.00,0.00,2,0
2026-06-13 14:13:56.606,0.00,0.00,0.00,0.00,2,0
2026-06-13 14:13:56.657,0.00,0.00,0.00,0.00,2,0
2026-06-13 14:13:56.707,0.00,0.00,0.00,0.00,2,0
2026-06-13 14:13:56.757,0.00,0.00,0.00,0.00,2,0
2026-06-13 14:13:56.808,0.00,0.00,0.00,0.00,2,0
2026-06-13 14:13:56.859,0.00,0.00,0.00,0.00,2,0
2026-06-13 14:13:56.908,0.00,0.00,0.00,0.00,2,0
2026-06-13 14:13:56.959,0.00,0.00,0.00,0.00,2,0
2026-06-13 14:13:57.009,0.00,0.00,0.00,0.00,2,0
2026-06-13 14:13:57.059,0.00,0.00,0.00,0.00,2,0
2026-06-13 14:13:57.110,0.00,0.00,0.00,0.00,2,0
2026-06-13 14:13:57.160,0.00,0.00,0.00,0.00,2,0
2026-06-13 14:13:57.210,0.00,0.00,0.00,0.00,2,0
2026-06-13 14:13:57.261,0.00,0.00,0.00,0.00,2,0
2026-06-13 14:13:57.311,0.00,0.00,0.00,0.00,2,0
2026-06-13 14:13:57.361,0.00,0.00,0.00,0.00,2,0
2026-06-13 14:13:57.412,0.00,0.00,0.00,0.00,2,0
2026-06-13 14:13:57.462,0.00,0.00,0.00,0.00,2,0
2026-06-13 14:13:57.513,0.00,0.00,0.00,0.00,2,0
2026-06-13 14:13:57.563,0.00,0.00,0.00,0.00,2,0
2026-06-13 14:13:57.613,0.00,0.00,0.00,0.00,2,0
2026-06-13 14:13:57.663,0.00,0.00,0.00,0.00,2,0
2026-06-13 14:13:57.714,0.00,0.00,0.00,0.00,2,0
2026-06-13 14:13:57.764,0.00,0.00,0.00,0.00,2,0
2026-06-13 14:13:57.815,0.00,0.00,0.00,0.00,2,0
2026-06-13 14:13:57.865,0.00,0.00,0.00,0.00,2,0
2026-06-13 14:13:57.915,0.00,0.00,0.00,0.00,2,0
2026-06-13 14:13:57.966,0.00,0.00,0.00,0.00,2,0
2026-06-13 14:13:58.016,0.00,0.00,0.00,0.00,2,0
2026-06-13 14:13:58.066,0.00,0.00,0.00,0.00,2,0
2026-06-13 14:13:58.117,0.00,0.00,0.00,0.00,2,0
2026-06-13 14:13:58.167,0.00,0.00,0.00,0.00,2,0
2026-06-13 14:13:58.217,0.00,0.00,0.00,0.00,2,0
2026-06-13 14:13:58.268,0.00,0.00,0.00,0.00,2,0
2026-06-13 14:13:58.318,0.00,0.00,0.00,0.00,2,0
2026-06-13 14:13:58.368,0.00,0.00,0.00,0.00,2,0
2026-06-13 14:13:58.419,0.00,0.00,0.00,0.00,2,0
2026-06-13 14:13:58.469,0.00,0.00,0.00,0.00,2,0
2026-06-13 14:13:58.519,0.00,0.00,0.00,0.00,2,0
2026-06-13 14:13:58.570,0.00,0.00,0.00,0.00,2,0
2026-06-13 14:13:58.620,0.00,0.00,0.00,0.00,2,0
2026-06-13 14:13:58.670,0.00,0.00,0.00,0.00,2,0
2026-06-13 14:13:58.721,0.00,0.00,0.00,0.00,2,0
2026-06-13 14:13:58.771,0.00,0.00,0.00,0.00,2,0
2026-06-13 14:13:58.821,0.00,0.00,0.00,0.00,2,0
2026-06-13 14:13:58.872,0.00,0.00,0.00,0.00,2,0
2026-06-13 14:13:58.922,0.00,0.00,0.00,0.00,2,0
2026-06-13 14:13:58.972,0.00,0.00,0.00,0.00,2,0
2026-06-13 14:13:59.023,0.00,0.00,0.00,0.00,2,0
2026-06-13 14:13:59.073,0.00,0.00,0.00,0.00,2,0
2026-06-13 14:13:59.123,0.00,0.00,0.00,0.00,2,0
2026-06-13 14:13:59.174,0.00,0.00,0.00,0.00,2,0
2026-06-13 14:13:59.224,0.00,0.00,0.00,0.00,2,0
2026-06-13 14:13:59.275,0.00,0.00,0.00,0.00,2,0
2026-06-13 14:13:59.325,0.00,0.00,0.00,0.00,2,0
2026-06-13 14:13:59.375,0.00,0.00,0.00,0.00,2,0
2026-06-13 14:13:59.426,0.00,0.00,0.00,0.00,2,0
2026-06-13 14:13:59.476,0.00,0.00,0.00,0.00,2,0
2026-06-13 14:13:59.526,0.00,0.00,0.00,0.00,2,0
2026-06-13 14:13:59.577,0.00,0.00,0.00,0.00,2,0
2026-06-13 14:13:59.627,0.00,0.00,0.00,0.00,2,0
2026-06-13 14:13:59.677,0.00,0.00,0.00,0.00,2,0
2026-06-13 14:13:59.728,0.00,0.00,0.00,0.00,2,0
2026-06-13 14:13:59.778,0.00,0.00,0.00,0.00,2,0
2026-06-13 14:13:59.828,0.00,0.00,0.00,0.00,2,0
2026-06-13 14:13:59.879,0.00,0.00,0.00,0.00,2,0
2026-06-13 14:13:59.929,0.00,0.00,0.00,0.00,2,0
2026-06-13 14:13:59.979,0.00,0.00,0.00,0.00,2,0
2026-06-13 14:14:00.030,0.00,0.00,0.00,0.00,2,0
2026-06-13 14:14:00.080,0.00,0.00,0.00,0.00,2,0
2026-06-13 14:14:00.130,0.00,0.00,0.00,0.00,2,0
2026-06-13 14:14:00.181,0.00,0.00,0.00,0.00,2,0
2026-06-13 14:14:00.231,0.00,0.00,0.00,0.00,2,0
2026-06-13 14:14:00.281,0.00,0.00,0.00,0.00,2,0
2026-06-13 14:14:00.332,0.00,0.00,0.00,0.00,2,0
2026-06-13 14:14:00.382,0.00,0.00,0.00,0.00,2,0
2026-06-13 14:14:00.432,0.00,0.00,0.00,0.00,2,0
2026-06-13 14:14:00.483,0.00,0.00,0.00,0.00,2,0
2026-06-13 14:14:00.533,0.00,0.00,0.00,0.00,2,0
2026-06-13 14:14:00.584,0.00,0.00,0.00,0.00,2,0
2026-06-13 14:14:00.634,0.00,0.00,0.00,0.00,2,0
2026-06-13 14:14:00.684,0.00,0.00,0.00,0.00,2,0
2026-06-13 14:14:00.735,0.00,0.00,0.00,0.00,2,0
2026-06-13 14:14:00.785,0.00,0.00,0.00,0.00,2,0
2026-06-13 14:14:00.835,0.00,0.00,0.00,0.00,2,0
2026-06-13 14:14:00.886,0.00,0.00,0.00,0.00,2,0
2026-06-13 14:14:00.936,0.00,0.00,0.00,0.00,2,0
2026-06-13 14:14:00.986,0.00,0.00,0.00,0.00,2,0
2026-06-13 14:14:01.037,0.00,0.00,0.00,0.00,2,0
2026-06-13 14:14:01.087,0.00,0.00,0.00,0.00,2,0
2026-06-13 14:14:01.137,0.00,0.00,0.00,0.00,2,0
2026-06-13 14:14:01.188,0.00,0.00,0.00,0.00,2,0
2026-06-13 14:14:01.238,0.00,0.00,0.00,0.00,2,0
2026-06-13 14:14:01.288,0.00,0.00,0.00,0.00,2,0
2026-06-13 14:14:01.339,0.00,0.00,0.00,0.00,2,0
2026-06-13 14:14:01.389,0.00,0.00,0.00,0.00,2,0
2026-06-13 14:14:01.440,0.00,0.00,0.00,0.00,2,0
2026-06-13 14:14:01.490,0.00,0.00,0.00,0.00,2,0
2026-06-13 14:14:01.540,0.00,0.00,0.00,0.00,2,0
2026-06-13 14:14:01.591,0.00,0.00,0.00,0.00,2,0
2026-06-13 14:14:01.641,0.00,0.00,0.00,0.00,2,0
2026-06-13 14:14:01.691,0.00,0.00,0.00,0.00,2,0
2026-06-13 14:14:01.742,0.00,0.00,0.00,0.00,2,0
2026-06-13 14:14:01.792,0.00,0.00,0.00,0.00,2,0
2026-06-13 14:14:01.842,0.00,0.00,0.00,0.00,2,0
2026-06-13 14:14:01.893,0.00,0.00,0.00,0.00,2,0
2026-06-13 14:14:01.943,0.00,0.00,0.00,0.00,2,0
2026-06-13 14:14:01.993,0.00,0.00,0.00,0.00,2,0
2026-06-13 14:14:02.044,0.00,0.00,0.00,0.00,2,0
2026-06-13 14:14:02.094,0.00,0.00,0.00,0.00,2,0
2026-06-13 14:14:02.145,0.00,0.00,0.00,0.00,2,0
2026-06-13 14:14:02.195,0.00,0.00,0.00,0.00,2,0
2026-06-13 14:14:02.245,0.00,0.00,0.00,0.00,2,0
2026-06-13 14:14:02.295,0.00,0.00,0.00,0.00,2,0
2026-06-13 14:14:02.346,0.00,0.00,0.00,0.00,2,0
2026-06-13 14:14:02.396,0.00,0.00,0.00,0.00,2,0
2026-06-13 14:14:02.447,0.00,0.00,0.00,0.00,2,0
2026-06-13 14:14:02.497,0.00,0.00,0.00,0.00,2,0
2026-06-13 14:14:02.547,0.00,0.00,0.00,0.00,2,0
2026-06-13 14:14:02.598,0.00,0.00,0.00,0.00,2,0
2026-06-13 14:14:02.648,0.00,0.00,0.00,0.00,2,0
2026-06-13 14:14:02.698,0.00,0.00,0.00,0.00,2,0
2026-06-13 14:14:02.749,0.00,0.00,0.00,0.00,2,0
2026-06-13 14:14:02.799,0.00,0.00,0.00,0.00,2,0
2026-06-13 14:14:02.849,0.00,0.00,0.00,0.00,2,0
2026-06-13 14:14:02.900,0.00,0.00,0.00,0.00,2,0
2026-06-13 14:14:02.950,0.00,0.00,0.00,0.00,2,0
2026-06-13 14:14:03.000,0.00,0.00,0.00,0.00,2,0
2026-06-13 14:14:03.051,0.00,0.00,0.00,0.00,2,0
2026-06-13 14:14:03.101,0.00,0.00,0.00,0.00,2,0
2026-06-13 14:14:03.152,0.00,0.00,0.00,0.00,2,0
2026-06-13 14:14:03.202,0.00,0.00,0.00,0.00,2,0
2026-06-13 14:14:03.252,0.00,0.00,0.00,0.00,2,0
2026-06-13 14:14:03.303,0.00,0.00,0.00,0.00,2,0
2026-06-13 14:14:03.353,0.00,0.00,0.00,0.00,2,0
2026-06-13 14:14:03.403,0.00,0.00,0.00,0.00,2,0
2026-06-13 14:14:03.454,0.00,0.00,0.00,0.00,2,0
2026-06-13 14:14:03.504,0.00,0.00,0.00,0.00,2,0
2026-06-13 14:14:03.554,0.00,0.00,0.00,0.00,2,0
2026-06-13 14:14:03.605,0.00,0.00,0.00,0.00,2,0
2026-06-13 14:14:03.655,0.00,0.00,0.00,0.00,2,0
2026-06-13 14:14:03.706,0.00,0.00,0.00,0.00,2,0
2026-06-13 14:14:03.756,0.00,0.00,0.00,0.00,2,0
2026-06-13 14:14:03.806,0.00,0.00,0.00,0.00,2,0
2026-06-13 14:14:03.857,0.00,0.00,0.00,0.00,2,0
2026-06-13 14:14:03.907,0.00,0.00,0.00,0.00,2,0
2026-06-13 14:14:03.957,0.00,0.00,0.00,0.00,2,0
2026-06-13 14:14:04.008,0.00,0.00,0.00,0.00,2,0
2026-06-13 14:14:04.058,0.00,0.00,0.00,0.00,2,0
2026-06-13 14:14:04.108,0.00,0.00,0.00,0.00,2,0
2026-06-13 14:14:04.158,0.00,0.00,0.00,0.00,2,0
2026-06-13 14:14:04.209,0.00,0.00,0.00,0.00,2,0
2026-06-13 14:14:04.259,0.00,0.00,0.00,0.00,2,0
2026-06-13 14:14:04.310,0.00,0.00,0.00,0.00,2,0
2026-06-13 14:14:04.360,0.00,0.00,0.00,0.00,2,0
2026-06-13 14:14:04.410,0.00,0.00,0.00,0.00,2,0
2026-06-13 14:14:04.461,0.00,0.00,0.00,0.00,2,0
2026-06-13 14:14:04.511,0.00,0.00,0.00,0.00,2,0
2026-06-13 14:14:04.561,0.00,0.00,0.00,0.00,2,0
2026-06-13 14:14:04.612,0.00,0.00,0.00,0.00,2,0
2026-06-13 14:14:04.662,0.00,0.00,0.00,0.00,2,0
2026-06-13 14:14:04.712,0.00,0.00,0.00,0.00,2,0
2026-06-13 14:14:04.763,0.00,0.00,0.00,0.00,2,0
2026-06-13 14:14:04.814,0.00,0.00,0.00,0.00,2,0
2026-06-13 14:14:04.863,0.00,0.00,0.00,0.00,2,0
2026-06-13 14:14:04.914,0.00,0.00,0.00,0.00,2,0
2026-06-13 14:14:04.964,0.00,0.00,0.00,0.00,2,0
2026-06-13 14:14:05.015,0.00,0.00,0.00,0.00,2,0
2026-06-13 14:14:05.065,0.00,0.00,0.00,0.00,2,0
2026-06-13 14:14:05.115,0.00,0.00,0.00,0.00,2,0
2026-06-13 14:14:05.166,0.00,0.00,0.00,0.00,2,0
2026-06-13 14:14:05.216,0.00,0.00,0.00,0.00,2,0
2026-06-13 14:14:05.266,0.00,0.00,0.00,0.00,2,0
2026-06-13 14:14:05.317,0.00,0.00,0.00,0.00,2,0
2026-06-13 14:14:05.367,0.00,0.00,0.00,0.00,2,0
2026-06-13 14:14:05.418,0.00,0.00,0.00,0.00,2,0
2026-06-13 14:14:05.468,0.00,0.00,0.00,0.00,2,0
2026-06-13 14:14:05.518,0.00,0.00,0.00,0.00,2,0
2026-06-13 14:14:05.569,0.00,0.00,0.00,0.00,2,0
2026-06-13 14:14:05.619,0.00,0.00,0.00,0.00,2,0
2026-06-13 14:14:05.669,0.00,0.00,0.00,0.00,2,0
2026-06-13 14:14:05.719,0.00,0.00,0.00,0.00,2,0
2026-06-13 14:14:05.770,0.00,0.00,0.00,0.00,2,0
2026-06-13 14:14:05.820,0.00,0.00,0.00,0.00,2,0
2026-06-13 14:14:05.871,0.00,0.00,0.00,0.00,2,0
2026-06-13 14:14:05.921,0.00,0.00,0.00,0.00,2,0
2026-06-13 14:14:05.971,0.00,0.00,0.00,0.00,2,0
2026-06-13 14:14:06.022,0.00,0.00,0.00,0.00,2,0
2026-06-13 14:14:06.072,0.00,0.00,0.00,0.00,2,0
2026-06-13 14:14:06.122,0.00,0.00,0.00,0.00,2,0
2026-06-13 14:14:06.173,0.00,0.00,0.00,0.00,2,0
2026-06-13 14:14:06.223,0.00,0.00,0.00,0.00,2,0
2026-06-13 14:14:06.273,0.00,0.00,0.00,0.00,2,0
2026-06-13 14:14:06.324,0.00,0.00,0.00,0.00,2,0
2026-06-13 14:14:06.374,0.00,0.00,0.00,0.00,2,0
2026-06-13 14:14:06.425,0.00,0.00,0.00,0.00,2,0
2026-06-13 14:14:06.475,0.00,0.00,0.00,0.00,2,0
2026-06-13 14:14:06.525,0.00,0.00,0.00,0.00,2,0
2026-06-13 14:14:06.576,0.00,0.00,0.00,0.00,2,0
2026-06-13 14:14:06.626,0.00,0.00,0.00,0.00,2,0
2026-06-13 14:14:06.676,0.00,0.00,0.00,0.00,2,0
2026-06-13 14:14:06.727,0.00,0.00,0.00,0.00,2,0
2026-06-13 14:14:06.777,0.00,0.00,0.00,0.00,2,0
2026-06-13 14:14:06.827,0.00,0.00,0.00,0.00,2,0
2026-06-13 14:14:06.878,0.00,0.00,0.00,0.00,2,0
2026-06-13 14:14:06.928,0.00,0.00,0.00,0.00,2,0
2026-06-13 14:14:06.978,0.00,0.00,0.00,0.00,2,0
2026-06-13 14:14:07.029,0.00,0.00,0.00,0.00,2,0
2026-06-13 14:14:07.079,0.00,0.00,0.00,0.00,2,0
2026-06-13 14:14:07.130,0.00,0.00,0.00,0.00,2,0
2026-06-13 14:14:07.180,0.00,0.00,0.00,0.00,2,0
2026-06-13 14:14:07.231,0.00,0.00,0.00,0.00,2,0
2026-06-13 14:14:07.281,0.00,0.00,0.00,0.00,2,0
2026-06-13 14:14:07.331,0.00,0.00,0.00,0.00,2,0
2026-06-13 14:14:07.381,0.00,0.00,0.00,0.00,2,0
2026-06-13 14:14:07.432,0.00,0.00,0.00,0.00,2,0
2026-06-13 14:14:07.482,0.00,0.00,0.00,0.00,2,0
2026-06-13 14:14:07.532,0.00,0.00,0.00,0.00,2,0
2026-06-13 14:14:07.583,0.00,0.00,0.00,0.00,2,0
2026-06-13 14:14:07.633,0.00,0.00,0.00,0.00,2,0
2026-06-13 14:14:07.683,0.00,0.00,0.00,0.00,2,0
2026-06-13 14:14:07.734,0.00,0.00,0.00,0.00,2,0
2026-06-13 14:14:07.784,0.00,0.00,0.00,0.00,2,0
2026-06-13 14:14:07.834,0.00,0.00,0.00,0.00,2,0
2026-06-13 14:14:07.885,0.00,0.00,0.00,0.00,2,0
2026-06-13 14:14:07.935,0.00,0.00,0.00,0.00,2,0
2026-06-13 14:14:07.985,0.00,0.00,0.00,0.00,2,0
2026-06-13 14:14:08.036,0.00,0.00,0.00,0.00,2,0
2026-06-13 14:14:08.086,0.00,0.00,0.00,0.00,2,0
2026-06-13 14:14:08.137,0.00,0.00,0.00,0.00,2,0
2026-06-13 14:14:08.187,0.00,0.00,0.00,0.00,2,0
2026-06-13 14:14:08.238,0.00,0.00,0.00,0.00,2,0
2026-06-13 14:14:08.288,0.00,0.00,0.00,0.00,2,0
2026-06-13 14:14:08.338,0.00,0.00,0.00,0.00,2,0
2026-06-13 14:14:08.388,0.00,0.00,0.00,0.00,2,0
2026-06-13 14:14:08.439,0.00,0.00,0.00,0.00,2,0
2026-06-13 14:14:08.489,0.00,0.00,0.00,0.00,2,0
2026-06-13 14:14:08.539,0.00,0.00,0.00,0.00,2,0
2026-06-13 14:14:08.590,0.00,0.00,0.00,0.00,2,0
2026-06-13 14:14:08.640,0.00,0.00,0.00,0.00,2,0
2026-06-13 14:14:08.691,0.00,0.00,0.00,0.00,2,0
2026-06-13 14:14:08.741,0.00,0.00,0.00,0.00,2,0
2026-06-13 14:14:08.791,0.00,0.00,0.00,0.00,2,0
2026-06-13 14:14:08.842,0.00,0.00,0.00,0.00,2,0
2026-06-13 14:14:08.892,0.00,0.00,0.00,0.00,2,0
2026-06-13 14:14:08.942,0.00,0.00,0.00,0.00,2,0
2026-06-13 14:14:08.993,0.00,0.00,0.00,0.00,2,0
2026-06-13 14:14:09.043,0.00,0.00,0.00,0.00,2,0
2026-06-13 14:14:09.094,0.00,0.00,0.00,0.00,2,0
2026-06-13 14:14:09.144,0.00,0.00,0.00,0.00,2,0
2026-06-13 14:14:09.194,0.00,0.00,0.00,0.00,2,0
2026-06-13 14:14:09.245,0.00,0.00,0.00,0.00,2,0
2026-06-13 14:14:09.295,0.00,0.00,0.00,0.00,2,0
2026-06-13 14:14:09.345,0.00,0.00,0.00,0.00,2,0
2026-06-13 14:14:09.396,0.00,0.00,0.00,0.00,2,0
2026-06-13 14:14:09.446,0.00,0.00,0.00,0.00,2,0
2026-06-13 14:14:09.497,0.00,0.00,0.00,0.00,2,0
2026-06-13 14:14:09.547,0.00,0.00,0.00,0.00,2,0
2026-06-13 14:14:09.597,0.00,0.00,0.00,0.00,2,0
2026-06-13 14:14:09.648,0.00,0.00,0.00,0.00,2,0
2026-06-13 14:14:09.698,0.00,0.00,0.00,0.00,2,0
2026-06-13 14:14:09.748,0.00,0.00,0.00,0.00,2,0
2026-06-13 14:14:09.798,0.00,0.00,0.00,0.00,2,0
2026-06-13 14:14:09.849,0.00,0.00,0.00,0.00,2,0
2026-06-13 14:14:09.899,0.00,0.00,0.00,0.00,2,0
2026-06-13 14:14:09.950,0.00,0.00,0.00,0.00,2,0
2026-06-13 14:14:10.000,0.00,0.00,0.00,0.00,2,0
2026-06-13 14:14:10.050,0.00,0.00,0.00,0.00,2,0
2026-06-13 14:14:10.101,0.00,0.00,0.00,0.00,2,0
2026-06-13 14:14:10.151,0.00,0.00,0.00,0.00,2,0
2026-06-13 14:14:10.201,0.00,0.00,0.00,0.00,2,0
2026-06-13 14:14:10.259,0.00,0.00,0.00,0.00,2,0
2026-06-13 14:14:10.302,0.00,0.00,0.00,0.00,2,0
2026-06-13 14:14:10.352,0.00,0.00,0.00,0.00,2,0
2026-06-13 14:14:10.403,0.00,0.00,0.00,0.00,2,0
2026-06-13 14:14:10.453,0.00,0.00,0.00,0.00,2,0
2026-06-13 14:14:10.504,0.00,0.00,0.00,0.00,2,0
2026-06-13 14:14:10.554,0.00,0.00,0.00,0.00,2,0
2026-06-13 14:14:10.606,0.00,0.00,0.00,0.00,2,0
2026-06-13 14:14:10.655,0.00,0.00,0.00,0.00,2,0
2026-06-13 14:14:10.705,0.00,0.00,0.00,0.00,2,0
2026-06-13 14:14:10.755,0.00,0.00,0.00,0.00,2,0
2026-06-13 14:14:10.806,0.00,0.00,0.00,0.00,2,0
2026-06-13 14:14:10.856,0.00,0.00,0.00,0.00,2,0
2026-06-13 14:14:10.906,0.00,0.00,0.00,0.00,2,0
2026-06-13 14:14:10.957,0.00,0.00,0.00,0.00,2,0
2026-06-13 14:14:11.007,0.00,0.00,0.00,0.00,2,0
2026-06-13 14:14:11.057,0.00,0.00,0.00,0.00,2,0
2026-06-13 14:14:11.108,0.00,0.00,0.00,0.00,2,0
2026-06-13 14:14:11.158,0.00,0.00,0.00,0.00,2,0
2026-06-13 14:14:11.209,0.00,0.00,0.00,0.00,2,0
2026-06-13 14:14:11.259,0.00,0.00,0.00,0.00,2,0
2026-06-13 14:14:11.310,0.00,0.00,0.00,0.00,2,0
2026-06-13 14:14:11.360,0.00,0.00,0.00,0.00,2,0
2026-06-13 14:14:11.411,0.00,0.00,0.00,0.00,2,0
2026-06-13 14:14:11.460,0.00,0.00,0.00,0.00,2,0
2026-06-13 14:14:11.511,0.00,0.00,0.00,0.00,2,0
2026-06-13 14:14:11.561,0.00,0.00,0.00,0.00,2,0
2026-06-13 14:14:11.611,0.00,0.00,0.00,0.00,2,0
2026-06-13 14:14:11.662,0.00,0.00,0.00,0.00,2,0
2026-06-13 14:14:11.712,0.00,0.00,0.00,0.00,2,0
2026-06-13 14:14:11.763,0.00,0.00,0.00,0.00,2,0
2026-06-13 14:14:11.813,0.00,0.00,0.00,0.00,2,0
2026-06-13 14:14:11.863,0.00,0.00,0.00,0.00,2,0
2026-06-13 14:14:11.914,0.00,0.00,0.00,0.00,2,0
2026-06-13 14:14:11.964,0.00,0.00,0.00,0.00,2,0
2026-06-13 14:14:12.014,0.00,0.00,0.00,0.00,2,0
2026-06-13 14:14:12.065,0.00,0.00,0.00,0.00,2,0
2026-06-13 14:14:12.115,0.00,0.00,0.00,0.00,2,0
2026-06-13 14:14:12.165,0.00,0.00,0.00,0.00,2,0
2026-06-13 14:14:12.216,0.00,0.00,0.00,0.00,2,0
2026-06-13 14:14:12.266,0.00,0.00,0.00,0.00,2,0
2026-06-13 14:14:12.316,0.00,0.00,0.00,0.00,2,0
2026-06-13 14:14:12.367,0.00,0.00,0.00,0.00,2,0
2026-06-13 14:14:12.417,0.00,0.00,0.00,0.00,2,0
2026-06-13 14:14:12.468,0.00,0.00,0.00,0.00,2,0
2026-06-13 14:14:12.518,0.00,0.00,0.00,0.00,2,0
2026-06-13 14:14:12.568,0.00,0.00,0.00,0.00,2,0
2026-06-13 14:14:12.619,0.00,0.00,0.00,0.00,2,0
2026-06-13 14:14:12.669,0.00,0.00,0.00,0.00,2,0
2026-06-13 14:14:12.719,0.00,0.00,0.00,0.00,2,0
2026-06-13 14:14:12.770,0.00,0.00,0.00,0.00,2,0
2026-06-13 14:14:12.820,0.00,0.00,0.00,0.00,2,0
2026-06-13 14:14:12.870,0.00,0.00,0.00,0.00,2,0
2026-06-13 14:14:12.921,0.00,0.00,0.00,0.00,2,0
2026-06-13 14:14:12.971,0.00,0.00,0.00,0.00,2,0
2026-06-13 14:14:13.021,0.00,0.00,0.00,0.00,2,0
2026-06-13 14:14:13.072,0.00,0.00,0.00,0.00,2,0
2026-06-13 14:14:13.122,0.00,0.00,0.00,0.00,2,0
2026-06-13 14:14:13.173,0.00,0.00,0.00,0.00,2,0
2026-06-13 14:14:13.223,0.00,0.00,0.00,0.00,2,0
2026-06-13 14:14:13.273,0.00,0.00,0.00,0.00,2,0
2026-06-13 14:14:13.324,0.00,0.00,0.00,0.00,2,0
2026-06-13 14:14:13.374,0.00,0.00,0.00,0.00,2,0
2026-06-13 14:14:13.424,0.00,0.00,0.00,0.00,2,0
2026-06-13 14:14:13.475,0.00,0.00,0.00,0.00,2,0
2026-06-13 14:14:13.525,0.00,0.00,0.00,0.00,2,0
2026-06-13 14:14:13.575,0.00,0.00,0.00,0.00,2,0
2026-06-13 14:14:13.626,0.00,0.00,0.00,0.00,2,0
2026-06-13 14:14:13.676,0.00,0.00,0.00,0.00,2,0
2026-06-13 14:14:13.727,0.00,0.00,0.00,0.00,2,0
2026-06-13 14:14:13.777,0.00,0.00,0.00,0.00,2,0
2026-06-13 14:14:13.827,0.00,0.00,0.00,0.00,2,0
2026-06-13 14:14:13.878,0.00,0.00,0.00,0.00,2,0
2026-06-13 14:14:13.928,0.00,0.00,0.00,0.00,2,0
2026-06-13 14:14:13.978,0.00,0.00,0.00,0.00,2,0
2026-06-13 14:14:14.029,0.00,0.00,0.00,0.00,2,0
2026-06-13 14:14:14.079,0.00,0.00,0.00,0.00,2,0
2026-06-13 14:14:14.130,0.00,0.00,0.00,0.00,2,0
2026-06-13 14:14:14.180,0.00,0.00,0.00,0.00,2,0
2026-06-13 14:14:14.230,0.00,0.00,0.00,0.00,2,0
2026-06-13 14:14:14.281,0.00,0.00,0.00,0.00,2,0
2026-06-13 14:14:14.331,0.00,0.00,0.00,0.00,2,0
2026-06-13 14:14:14.381,0.00,0.00,0.00,0.00,2,0
2026-06-13 14:14:14.432,0.00,0.00,0.00,0.00,2,0
2026-06-13 14:14:14.482,0.00,0.00,0.00,0.00,2,0
2026-06-13 14:14:14.532,0.00,0.00,0.00,0.00,2,0
2026-06-13 14:14:14.583,0.00,0.00,0.00,0.00,2,0
2026-06-13 14:14:14.633,0.00,0.00,0.00,0.00,2,0
2026-06-13 14:14:14.684,0.00,0.00,0.00,0.00,2,0
2026-06-13 14:14:14.734,0.00,0.00,0.00,0.00,2,0
2026-06-13 14:14:14.784,0.00,0.00,0.00,0.00,2,0
2026-06-13 14:14:14.835,0.00,0.00,0.00,0.00,2,0
2026-06-13 14:14:14.885,0.00,0.00,0.00,0.00,2,0
2026-06-13 14:14:14.935,0.00,0.00,0.00,0.00,2,0
2026-06-13 14:14:14.986,0.00,0.00,0.00,0.00,2,0
2026-06-13 14:14:15.036,0.00,0.00,0.00,0.00,2,0
2026-06-13 14:14:15.086,0.00,0.00,0.00,0.00,2,0
2026-06-13 14:14:15.137,0.00,0.00,0.00,0.00,2,0
2026-06-13 14:14:15.188,0.00,0.00,0.00,0.00,2,0
2026-06-13 14:14:15.238,0.00,0.00,0.00,0.00,2,0
2026-06-13 14:14:15.288,0.00,0.00,0.00,0.00,2,0
2026-06-13 14:14:15.338,0.00,0.00,0.00,0.00,2,0
2026-06-13 14:14:15.389,0.00,0.00,0.00,0.00,2,0
2026-06-13 14:14:15.439,0.00,0.00,0.00,0.00,2,0
2026-06-13 14:14:15.489,0.00,0.00,0.00,0.00,2,0
2026-06-13 14:14:15.540,0.00,0.00,0.00,0.00,2,0
2026-06-13 14:14:15.590,0.00,0.00,0.00,0.00,2,0
2026-06-13 14:14:15.640,0.00,0.00,0.00,0.00,2,0
2026-06-13 14:14:15.691,0.00,0.00,0.00,0.00,2,0
2026-06-13 14:14:15.741,0.00,0.00,0.00,0.00,2,0
2026-06-13 14:14:15.792,0.00,0.00,0.00,0.00,2,0
2026-06-13 14:14:15.842,0.00,0.00,0.00,0.00,2,0
2026-06-13 14:14:15.892,0.00,0.00,0.00,0.00,2,0
2026-06-13 14:14:15.943,0.00,0.00,0.00,0.00,2,0
2026-06-13 14:14:15.993,0.00,0.00,0.00,0.00,2,0
2026-06-13 14:14:16.043,0.00,0.00,0.00,0.00,2,0
2026-06-13 14:14:16.094,0.00,0.00,0.00,0.00,2,0
2026-06-13 14:14:16.144,0.00,0.00,0.00,0.00,2,0
2026-06-13 14:14:16.194,0.00,0.00,0.00,0.00,2,0
2026-06-13 14:14:16.245,0.00,0.00,0.00,0.00,2,0
2026-06-13 14:14:16.295,0.00,0.00,0.00,0.00,2,0
2026-06-13 14:14:16.346,0.00,0.00,0.00,0.00,2,0
2026-06-13 14:14:16.396,0.00,0.00,0.00,0.00,2,0
2026-06-13 14:14:16.446,0.00,0.00,0.00,0.00,2,0
2026-06-13 14:14:16.497,0.00,0.00,0.00,0.00,2,0
2026-06-13 14:14:16.547,0.00,0.00,0.00,0.00,2,0
2026-06-13 14:14:16.599,0.00,0.00,0.00,0.00,2,0
2026-06-13 14:14:16.648,0.00,0.00,0.00,0.00,2,0
2026-06-13 14:14:16.699,0.00,0.00,0.00,0.00,2,0
2026-06-13 14:14:16.749,0.00,0.00,0.00,0.00,2,0
2026-06-13 14:14:16.799,0.00,0.00,0.00,0.00,2,0
2026-06-13 14:14:16.850,0.00,0.00,0.00,0.00,2,0
2026-06-13 14:14:16.900,0.00,0.00,0.00,0.00,2,0
2026-06-13 14:14:16.950,0.00,0.00,0.00,0.00,2,0
2026-06-13 14:14:17.000,0.00,0.00,0.00,0.00,2,0
2026-06-13 14:14:17.051,0.00,0.00,0.00,0.00,2,0
2026-06-13 14:14:17.101,0.00,0.00,0.00,0.00,2,0
2026-06-13 14:14:17.151,0.00,0.00,0.00,0.00,2,0
2026-06-13 14:14:17.202,0.00,0.00,0.00,0.00,2,0
2026-06-13 14:14:17.252,0.00,0.00,0.00,0.00,2,0
2026-06-13 14:14:17.303,0.00,0.00,0.00,0.00,2,0
2026-06-13 14:14:17.353,0.00,0.00,0.00,0.00,2,0
2026-06-13 14:14:17.403,0.00,0.00,0.00,0.00,2,0
2026-06-13 14:14:17.454,0.00,0.00,0.00,0.00,2,0
2026-06-13 14:14:17.504,0.00,0.00,0.00,0.00,2,0
2026-06-13 14:14:17.554,0.00,0.00,0.00,0.00,2,0
2026-06-13 14:14:17.605,0.00,0.00,0.00,0.00,2,0
2026-06-13 14:14:17.655,0.00,0.00,0.00,0.00,2,0
2026-06-13 14:14:17.705,0.00,0.00,0.00,0.00,2,0
2026-06-13 14:14:17.756,0.00,0.00,0.00,0.00,2,0
2026-06-13 14:14:17.806,0.00,0.00,0.00,0.00,2,0
2026-06-13 14:14:17.857,0.00,0.00,0.00,0.00,2,0
2026-06-13 14:14:17.907,0.00,0.00,0.00,0.00,2,0
2026-06-13 14:14:17.958,0.00,0.00,0.00,0.00,2,0
2026-06-13 14:14:18.008,0.00,0.00,0.00,0.00,2,0
2026-06-13 14:14:18.058,0.00,0.00,0.00,0.00,2,0
2026-06-13 14:14:18.108,0.00,0.00,0.00,0.00,2,0
2026-06-13 14:14:18.159,0.00,0.00,0.00,0.00,2,0
2026-06-13 14:14:18.209,0.00,0.00,0.00,0.00,2,0
2026-06-13 14:14:18.259,0.00,0.00,0.00,0.00,2,0
2026-06-13 14:14:18.310,0.00,0.00,0.00,0.00,2,0
2026-06-13 14:14:18.360,0.00,0.00,0.00,0.00,2,0
2026-06-13 14:14:18.410,0.00,0.00,0.00,0.00,2,0
2026-06-13 14:14:18.461,0.00,0.00,0.00,0.00,2,0
2026-06-13 14:14:18.511,0.00,0.00,0.00,0.00,2,0
2026-06-13 14:14:18.562,0.00,0.00,0.00,0.00,2,0
2026-06-13 14:14:18.612,0.00,0.00,0.00,0.00,2,0
2026-06-13 14:14:18.665,0.00,0.00,0.00,0.00,2,0
2026-06-13 14:14:18.713,0.00,0.00,0.00,0.00,2,0
2026-06-13 14:14:18.763,0.00,0.00,0.00,0.00,2,0
2026-06-13 14:14:18.813,0.00,0.00,0.00,0.00,2,0
2026-06-13 14:14:18.864,0.00,0.00,0.00,0.00,2,0
2026-06-13 14:14:18.914,0.00,0.00,0.00,0.00,2,0
2026-06-13 14:14:18.965,0.00,0.00,0.00,0.00,2,0
2026-06-13 14:14:19.015,0.00,0.00,0.00,0.00,2,0
2026-06-13 14:14:19.065,0.00,0.00,0.00,0.00,2,0
2026-06-13 14:14:19.116,0.00,0.00,0.00,0.00,2,0
2026-06-13 14:14:19.166,0.00,0.00,0.00,0.00,2,0
2026-06-13 14:14:19.216,0.00,0.00,0.00,0.00,2,0
2026-06-13 14:14:19.267,0.00,0.00,0.00,0.00,2,0
2026-06-13 14:14:19.318,0.00,0.00,0.00,0.00,2,0
2026-06-13 14:14:19.368,0.00,0.00,0.00,0.00,2,0
2026-06-13 14:14:19.418,0.00,0.00,0.00,0.00,2,0
2026-06-13 14:14:19.468,0.00,0.00,0.00,0.00,2,0
2026-06-13 14:14:19.518,0.00,0.00,0.00,0.00,2,0
2026-06-13 14:14:19.569,0.00,0.00,0.00,0.00,2,0
2026-06-13 14:14:19.619,0.00,0.00,0.00,0.00,2,0
2026-06-13 14:14:19.670,0.00,0.00,0.00,0.00,2,0
2026-06-13 14:14:19.720,0.00,0.00,0.00,0.00,2,0
2026-06-13 14:14:19.770,0.00,0.00,0.00,0.00,2,0
2026-06-13 14:14:19.821,0.00,0.00,0.00,0.00,2,0
2026-06-13 14:14:19.871,0.00,0.00,0.00,0.00,2,0
2026-06-13 14:14:19.921,0.00,0.00,0.00,0.00,2,0
2026-06-13 14:14:19.972,0.00,0.00,0.00,0.00,2,0
2026-06-13 14:14:20.022,0.00,0.00,0.00,0.00,2,0
2026-06-13 14:14:20.073,0.00,0.00,0.00,0.00,2,0
2026-06-13 14:14:20.123,0.00,0.00,0.00,0.00,2,0
2026-06-13 14:14:20.173,0.00,0.00,0.00,0.00,2,0
2026-06-13 14:14:20.224,0.00,0.00,0.00,0.00,2,0
2026-06-13 14:14:20.274,0.00,0.00,0.00,0.00,2,0
2026-06-13 14:14:20.324,0.00,0.00,0.00,0.00,2,0
2026-06-13 14:14:20.375,0.00,0.00,0.00,0.00,2,0
2026-06-13 14:14:20.425,0.00,0.00,0.00,0.00,2,0
2026-06-13 14:14:20.475,0.00,0.00,0.00,0.00,2,0
2026-06-13 14:14:20.526,0.00,0.00,0.00,0.00,2,0
2026-06-13 14:14:20.576,0.00,0.00,0.00,0.00,2,0
2026-06-13 14:14:20.626,0.00,0.00,0.00,0.00,2,0
2026-06-13 14:14:20.677,0.00,0.00,0.00,0.00,2,0
2026-06-13 14:14:20.727,0.00,0.00,0.00,0.00,2,0
2026-06-13 14:14:20.778,0.00,0.00,0.00,0.00,2,0
2026-06-13 14:14:20.828,0.00,0.00,0.00,0.00,2,0
2026-06-13 14:14:20.878,0.00,0.00,0.00,0.00,2,0
2026-06-13 14:14:20.929,0.00,0.00,0.00,0.00,2,0
2026-06-13 14:14:20.979,0.00,0.00,0.00,0.00,2,0
2026-06-13 14:14:21.029,0.00,0.00,0.00,0.00,2,0
2026-06-13 14:14:21.080,0.00,0.00,0.00,0.00,2,0
2026-06-13 14:14:21.130,0.00,0.00,0.00,0.00,2,0
2026-06-13 14:14:21.181,0.00,0.00,0.00,0.00,2,0
2026-06-13 14:14:21.231,0.00,0.00,0.00,0.00,2,0
2026-06-13 14:14:21.281,0.00,0.00,0.00,0.00,2,0
2026-06-13 14:14:21.332,0.00,0.00,0.00,0.00,2,0
2026-06-13 14:14:21.382,0.00,0.00,0.00,0.00,2,0
2026-06-13 14:14:21.432,0.00,0.00,0.00,0.00,2,0
2026-06-13 14:14:21.483,0.00,0.00,0.00,0.00,2,0
2026-06-13 14:14:21.533,0.00,0.00,0.00,0.00,2,0
2026-06-13 14:14:21.584,0.00,0.00,0.00,0.00,2,0
2026-06-13 14:14:21.634,0.00,0.00,0.00,0.00,2,0
2026-06-13 14:14:21.689,0.00,0.00,0.00,0.00,2,0
2026-06-13 14:14:21.735,0.00,0.00,0.00,0.00,2,0
2026-06-13 14:14:21.785,0.00,0.00,0.00,0.00,2,0
2026-06-13 14:14:21.836,0.00,0.00,0.00,0.00,2,0
2026-06-13 14:14:21.886,0.00,0.00,0.00,0.00,2,0
2026-06-13 14:14:21.936,0.00,0.00,0.00,0.00,2,0
2026-06-13 14:14:21.987,0.00,0.00,0.00,0.00,2,0
2026-06-13 14:14:22.037,0.00,0.00,0.00,0.00,2,0
2026-06-13 14:14:22.087,0.00,0.00,0.00,0.00,2,0
2026-06-13 14:14:22.138,0.00,0.00,0.00,0.00,2,0
2026-06-13 14:14:22.188,0.00,0.00,0.00,0.00,2,0
2026-06-13 14:14:22.238,0.00,0.00,0.00,0.00,2,0
2026-06-13 14:14:22.289,0.00,0.00,0.00,0.00,2,0
2026-06-13 14:14:22.339,0.00,0.00,0.00,0.00,2,0
2026-06-13 14:14:22.389,0.00,0.00,0.00,0.00,2,0
2026-06-13 14:14:22.440,0.00,0.00,0.00,0.00,2,0
2026-06-13 14:14:22.490,0.00,0.00,0.00,0.00,2,0
2026-06-13 14:14:22.540,0.00,0.00,0.00,0.00,2,0
2026-06-13 14:14:22.591,0.00,0.00,0.00,0.00,2,0
2026-06-13 14:14:22.641,0.00,0.00,0.00,0.00,2,0
2026-06-13 14:14:22.692,0.00,0.00,0.00,0.00,2,0
2026-06-13 14:14:22.742,0.00,0.00,0.00,0.00,2,0
2026-06-13 14:14:22.792,0.00,0.00,0.00,0.00,2,0
2026-06-13 14:14:22.843,0.00,0.00,0.00,0.00,2,0
2026-06-13 14:14:22.893,0.00,0.00,0.00,0.00,2,0
2026-06-13 14:14:22.944,0.00,0.00,0.00,0.00,2,0
2026-06-13 14:14:22.994,0.00,0.00,0.00,0.00,2,0
2026-06-13 14:14:23.044,0.00,0.00,0.00,0.00,2,0
2026-06-13 14:14:23.095,0.00,0.00,0.00,0.00,2,0
2026-06-13 14:14:23.145,0.00,0.00,0.00,0.00,2,0
2026-06-13 14:14:23.195,0.00,0.00,0.00,0.00,2,0
2026-06-13 14:14:23.246,0.00,0.00,0.00,0.00,2,0
2026-06-13 14:14:23.296,0.00,0.00,0.00,0.00,2,0
2026-06-13 14:14:23.346,0.00,0.00,0.00,0.00,2,0
2026-06-13 14:14:23.397,0.00,0.00,0.00,0.00,2,0
2026-06-13 14:14:23.447,0.00,0.00,0.00,0.00,2,0
2026-06-13 14:14:23.498,0.00,0.00,0.00,0.00,2,0
2026-06-13 14:14:23.548,0.00,0.00,0.00,0.00,2,0
2026-06-13 14:14:23.598,0.00,0.00,0.00,0.00,2,0
2026-06-13 14:14:23.650,0.00,0.00,0.00,0.00,2,0
2026-06-13 14:14:23.699,0.00,0.00,0.00,0.00,2,0
2026-06-13 14:14:23.749,0.00,0.00,0.00,0.00,2,0
2026-06-13 14:14:23.800,0.00,0.00,0.00,0.00,2,0
2026-06-13 14:14:23.850,0.00,0.00,0.00,0.00,2,0
2026-06-13 14:14:23.901,0.00,0.00,0.00,0.00,2,0
2026-06-13 14:14:23.954,0.00,0.00,0.00,0.00,2,0
2026-06-13 14:14:24.001,0.00,0.00,0.00,0.00,2,0
2026-06-13 14:14:24.052,0.00,0.00,0.00,0.00,2,0
2026-06-13 14:14:24.102,0.00,0.00,0.00,0.00,2,0
2026-06-13 14:14:24.152,0.00,0.00,0.00,0.00,2,0
2026-06-13 14:14:24.203,0.00,0.00,0.00,0.00,2,0
2026-06-13 14:14:24.253,0.00,0.00,0.00,0.00,2,0
2026-06-13 14:14:24.303,0.00,0.00,0.00,0.00,2,0
2026-06-13 14:14:24.354,0.00,0.00,0.00,0.00,2,0
2026-06-13 14:14:24.404,0.00,0.00,0.00,0.00,2,0
2026-06-13 14:14:24.455,0.00,0.00,0.00,0.00,2,0
2026-06-13 14:14:24.505,0.00,0.00,0.00,0.00,2,0
2026-06-13 14:14:24.555,0.00,0.00,0.00,0.00,2,0
2026-06-13 14:14:24.606,0.00,0.00,0.00,0.00,2,0
2026-06-13 14:14:24.657,0.00,0.00,0.00,0.00,2,0
2026-06-13 14:14:24.706,0.00,0.00,0.00,0.00,2,0
2026-06-13 14:14:24.758,0.00,0.00,0.00,0.00,2,0
2026-06-13 14:14:24.808,0.00,0.00,0.00,0.00,2,0
2026-06-13 14:14:24.858,0.00,0.00,0.00,0.00,2,0
2026-06-13 14:14:24.908,0.00,0.00,0.00,0.00,2,0
2026-06-13 14:14:24.958,0.00,0.00,0.00,0.00,2,0
2026-06-13 14:14:25.008,0.00,0.00,0.00,0.00,2,0
2026-06-13 14:14:25.059,0.00,0.00,0.00,0.00,2,0
2026-06-13 14:14:25.109,0.00,0.00,0.00,0.00,2,0
2026-06-13 14:14:25.160,0.00,0.00,0.00,0.00,2,0
2026-06-13 14:14:25.210,0.00,0.00,0.00,0.00,2,0
2026-06-13 14:14:25.260,0.00,0.00,0.00,0.00,2,0
2026-06-13 14:14:25.311,0.00,0.00,0.00,0.00,2,0
2026-06-13 14:14:25.361,0.00,0.00,0.00,0.00,2,0
2026-06-13 14:14:25.412,0.00,0.00,0.00,0.00,2,0
2026-06-13 14:14:25.462,0.00,0.00,0.00,0.00,2,0
2026-06-13 14:14:25.512,0.00,0.00,0.00,0.00,2,0
2026-06-13 14:14:25.563,0.00,0.00,0.00,0.00,2,0
2026-06-13 14:14:25.614,0.00,0.00,0.00,0.00,2,0
2026-06-13 14:14:25.663,0.00,0.00,0.00,0.00,2,0
2026-06-13 14:14:25.714,0.00,0.00,0.00,0.00,2,0
2026-06-13 14:14:25.764,0.00,0.00,0.00,0.00,2,0
2026-06-13 14:14:25.814,0.00,0.00,0.00,0.00,2,0
2026-06-13 14:14:25.865,0.00,0.00,0.00,0.00,2,0
2026-06-13 14:14:25.915,0.00,0.00,0.00,0.00,2,0
2026-06-13 14:14:25.966,0.00,0.00,0.00,0.00,2,0
2026-06-13 14:14:26.016,0.00,0.00,0.00,0.00,2,0
2026-06-13 14:14:26.066,0.00,0.00,0.00,0.00,2,0
2026-06-13 14:14:26.117,0.00,0.00,0.00,0.00,2,0
2026-06-13 14:14:26.167,0.00,0.00,0.00,0.00,2,0
2026-06-13 14:14:26.218,0.00,0.00,0.00,0.00,2,0
2026-06-13 14:14:26.268,0.00,0.00,0.00,0.00,2,0
2026-06-13 14:14:26.318,0.00,0.00,0.00,0.00,2,0
2026-06-13 14:14:26.368,0.00,0.00,0.00,0.00,2,0
2026-06-13 14:14:26.419,0.00,0.00,0.00,0.00,2,0
2026-06-13 14:14:26.469,0.00,0.00,0.00,0.00,2,0
2026-06-13 14:14:26.520,0.00,0.00,0.00,0.00,2,0
2026-06-13 14:14:26.570,0.00,0.00,0.00,0.00,2,0
2026-06-13 14:14:26.620,0.00,0.00,0.00,0.00,2,0
2026-06-13 14:14:26.671,0.00,0.00,0.00,0.00,2,0
2026-06-13 14:14:26.721,0.00,0.00,0.00,0.00,2,0
2026-06-13 14:14:26.771,0.00,0.00,0.00,0.00,2,0
2026-06-13 14:14:26.822,0.00,0.00,0.00,0.00,2,0
2026-06-13 14:14:26.873,0.00,0.00,0.00,0.00,2,0
2026-06-13 14:14:26.923,0.00,0.00,0.00,0.00,2,0
2026-06-13 14:14:26.973,0.00,0.00,0.00,0.00,2,0
2026-06-13 14:14:27.023,0.00,0.00,0.00,0.00,2,0
2026-06-13 14:14:27.074,0.00,0.00,0.00,0.00,2,0
2026-06-13 14:14:27.124,0.00,0.00,0.00,0.00,2,0
2026-06-13 14:14:27.174,0.00,0.00,0.00,0.00,2,0
2026-06-13 14:14:27.225,0.00,0.00,0.00,0.00,2,0
2026-06-13 14:14:27.275,0.00,0.00,0.00,0.00,2,0
2026-06-13 14:14:27.325,0.00,0.00,0.00,0.00,2,0
2026-06-13 14:14:27.376,0.00,0.00,0.00,0.00,2,0
2026-06-13 14:14:27.426,0.00,0.00,0.00,0.00,2,0
2026-06-13 14:14:27.477,0.00,0.00,0.00,0.00,2,0
2026-06-13 14:14:27.527,0.00,0.00,0.00,0.00,2,0
2026-06-13 14:14:27.578,0.00,0.00,0.00,0.00,2,0
2026-06-13 14:14:27.628,0.00,0.00,0.00,0.00,2,0
2026-06-13 14:14:27.678,0.00,0.00,0.00,0.00,2,0
2026-06-13 14:14:27.729,0.00,0.00,0.00,0.00,2,0
2026-06-13 14:14:27.779,0.00,0.00,0.00,0.00,2,0
2026-06-13 14:14:27.829,0.00,0.00,0.00,0.00,2,0
2026-06-13 14:14:27.880,0.00,0.00,0.00,0.00,2,0
2026-06-13 14:14:27.930,0.00,0.00,0.00,0.00,2,0
2026-06-13 14:14:27.980,0.00,0.00,0.00,0.00,2,0
2026-06-13 14:14:28.032,0.00,0.00,0.00,0.00,2,0
2026-06-13 14:14:28.081,0.00,0.00,0.00,0.00,2,0
2026-06-13 14:14:28.131,0.00,0.00,0.00,0.00,2,0
2026-06-13 14:14:28.182,0.00,0.00,0.00,0.00,2,0
2026-06-13 14:14:28.232,0.00,0.00,0.00,0.00,2,0
2026-06-13 14:14:28.285,0.00,0.00,0.00,0.00,2,0
2026-06-13 14:14:28.333,0.00,0.00,0.00,0.00,2,0
2026-06-13 14:14:28.383,0.00,0.00,0.00,0.00,2,0
2026-06-13 14:14:28.434,0.00,0.00,0.00,0.00,2,0
2026-06-13 14:14:28.484,0.00,0.00,0.00,0.00,2,0
2026-06-13 14:14:28.534,0.00,0.00,0.00,0.00,2,0
2026-06-13 14:14:28.585,0.00,0.00,0.00,0.00,2,0
2026-06-13 14:14:28.635,0.00,0.00,0.00,0.00,2,0
2026-06-13 14:14:28.686,0.00,0.00,0.00,0.00,2,0
2026-06-13 14:14:28.736,0.00,0.00,0.00,0.00,2,0
2026-06-13 14:14:28.786,0.00,0.00,0.00,0.00,2,0
2026-06-13 14:14:28.837,0.00,0.00,0.00,0.00,2,0
2026-06-13 14:14:28.887,0.00,0.00,0.00,0.00,2,0
2026-06-13 14:14:28.937,0.00,0.00,0.00,0.00,2,0
2026-06-13 14:14:28.988,0.00,0.00,0.00,0.00,2,0
2026-06-13 14:14:29.038,0.00,0.00,0.00,0.00,2,0
2026-06-13 14:14:29.088,0.00,0.00,0.00,0.00,2,0
2026-06-13 14:14:29.139,0.00,0.00,0.00,0.00,2,0
2026-06-13 14:14:29.189,0.00,0.00,0.00,0.00,2,0
2026-06-13 14:14:29.239,0.00,0.00,0.00,0.00,2,0
2026-06-13 14:14:29.290,0.00,0.00,0.00,0.00,2,0
2026-06-13 14:14:29.340,0.00,0.00,0.00,0.00,2,0
2026-06-13 14:14:29.391,0.00,0.00,0.00,0.00,2,0
2026-06-13 14:14:29.441,0.00,0.00,0.00,0.00,2,0
2026-06-13 14:14:29.491,0.00,0.00,0.00,0.00,2,0
2026-06-13 14:14:29.542,0.00,0.00,0.00,0.00,2,0
2026-06-13 14:14:29.594,0.00,0.00,0.00,0.00,2,0
2026-06-13 14:14:29.642,0.00,0.00,0.00,0.00,2,0
2026-06-13 14:14:29.693,0.00,0.00,0.00,0.00,2,0
2026-06-13 14:14:29.743,0.00,0.00,0.00,0.00,2,0
2026-06-13 14:14:29.794,0.00,0.00,0.00,0.00,2,0
2026-06-13 14:14:29.844,0.00,0.00,0.00,0.00,2,0
2026-06-13 14:14:29.894,0.00,0.00,0.00,0.00,2,0
2026-06-13 14:14:29.945,0.00,0.00,0.00,0.00,2,0
2026-06-13 14:14:29.995,0.00,0.00,0.00,0.00,2,0
2026-06-13 14:14:30.045,0.00,0.00,0.00,0.00,2,0
2026-06-13 14:14:30.096,0.00,0.00,0.00,0.00,2,0
2026-06-13 14:14:30.146,0.00,0.00,0.00,0.00,2,0
2026-06-13 14:14:30.197,0.00,0.00,0.00,0.00,2,0
2026-06-13 14:14:30.247,0.00,0.00,0.00,0.00,2,0
2026-06-13 14:14:30.297,0.00,0.00,0.00,0.00,2,0
2026-06-13 14:14:30.350,0.00,0.00,0.00,0.00,2,0
2026-06-13 14:14:30.398,0.00,0.00,0.00,0.00,2,0
2026-06-13 14:14:30.448,0.00,0.00,0.00,0.00,2,0
2026-06-13 14:14:30.499,0.00,0.00,0.00,0.00,2,0
2026-06-13 14:14:30.549,0.00,0.00,0.00,0.00,2,0
2026-06-13 14:14:30.599,0.00,0.00,0.00,0.00,2,0
2026-06-13 14:14:30.650,0.00,0.00,0.00,0.00,2,0
2026-06-13 14:14:30.700,0.00,0.00,0.00,0.00,2,0
2026-06-13 14:14:30.750,0.00,0.00,0.00,0.00,2,0
2026-06-13 14:14:30.801,0.00,0.00,0.00,0.00,2,0
2026-06-13 14:14:30.851,0.00,0.00,0.00,0.00,2,0
2026-06-13 14:14:30.902,0.00,0.00,0.00,0.00,2,0
2026-06-13 14:14:30.952,0.00,0.00,0.00,0.00,2,0
2026-06-13 14:14:31.002,0.00,0.00,0.00,0.00,2,0
2026-06-13 14:14:31.053,0.00,0.00,0.00,0.00,2,0
2026-06-13 14:14:31.103,0.00,0.00,0.00,0.00,2,0
2026-06-13 14:14:31.154,0.00,0.00,0.00,0.00,2,0
2026-06-13 14:14:31.204,0.00,0.00,0.00,0.00,2,0
2026-06-13 14:14:31.254,0.00,0.00,0.00,0.00,2,0
2026-06-13 14:14:31.305,0.00,0.00,0.00,0.00,2,0
2026-06-13 14:14:31.355,0.00,0.00,0.00,0.00,2,0
2026-06-13 14:14:31.405,0.00,0.00,0.00,0.00,2,0
2026-06-13 14:14:31.456,0.00,0.00,0.00,0.00,2,0
2026-06-13 14:14:31.506,0.00,0.00,0.00,0.00,2,0
2026-06-13 14:14:31.557,0.00,0.00,0.00,0.00,2,0
2026-06-13 14:14:31.607,0.00,0.00,0.00,0.00,2,0
2026-06-13 14:14:31.657,0.00,0.00,0.00,0.00,2,0
2026-06-13 14:14:31.708,0.00,0.00,0.00,0.00,2,0
2026-06-13 14:14:31.758,0.00,0.00,0.00,0.00,2,0
2026-06-13 14:14:31.808,0.00,0.00,0.00,0.00,2,0
2026-06-13 14:14:31.859,0.00,0.00,0.00,0.00,2,0
2026-06-13 14:14:31.909,0.00,0.00,0.00,0.00,2,0
2026-06-13 14:14:31.959,0.00,0.00,0.00,0.00,2,0
2026-06-13 14:14:32.010,0.00,0.00,0.00,0.00,2,0
2026-06-13 14:14:32.060,0.00,0.00,0.00,0.00,2,0
2026-06-13 14:14:32.111,0.00,0.00,0.00,0.00,2,0
2026-06-13 14:14:32.161,0.00,0.00,0.00,0.00,2,0
2026-06-13 14:14:32.211,0.00,0.00,0.00,0.00,2,0
2026-06-13 14:14:32.262,0.00,0.00,0.00,0.00,2,0
2026-06-13 14:14:32.312,0.00,0.00,0.00,0.00,2,0
2026-06-13 14:14:32.362,0.00,0.00,0.00,0.00,2,0
2026-06-13 14:14:32.413,0.00,0.00,0.00,0.00,2,0
2026-06-13 14:14:32.463,0.00,0.00,0.00,0.00,2,0
2026-06-13 14:14:32.513,0.00,0.00,0.00,0.00,2,0
2026-06-13 14:14:32.564,0.00,0.00,0.00,0.00,2,0
2026-06-13 14:14:32.614,0.00,0.00,0.00,0.00,2,0
2026-06-13 14:14:32.665,0.00,0.00,0.00,0.00,2,0
2026-06-13 14:14:32.715,0.00,0.00,0.00,0.00,2,0
2026-06-13 14:14:32.765,0.00,0.00,0.00,0.00,2,0
2026-06-13 14:14:32.816,0.00,0.00,0.00,0.00,2,0
2026-06-13 14:14:32.866,0.00,0.00,0.00,0.00,2,0
2026-06-13 14:14:32.916,0.00,0.00,0.00,0.00,2,0
2026-06-13 14:14:32.967,0.00,0.00,0.00,0.00,2,0
2026-06-13 14:14:33.017,0.00,0.00,0.00,0.00,2,0
2026-06-13 14:14:33.068,0.00,0.00,0.00,0.00,2,0
2026-06-13 14:14:33.118,0.00,0.00,0.00,0.00,2,0
2026-06-13 14:14:33.168,0.00,0.00,0.00,0.00,2,0
2026-06-13 14:14:33.219,0.00,0.00,0.00,0.00,2,0
2026-06-13 14:14:33.269,0.00,0.00,0.00,0.00,2,0
2026-06-13 14:14:33.319,0.00,0.00,0.00,0.00,2,0
2026-06-13 14:14:33.370,0.00,0.00,0.00,0.00,2,0
2026-06-13 14:14:33.420,0.00,0.00,0.00,0.00,2,0
2026-06-13 14:14:33.471,0.00,0.00,0.00,0.00,2,0
2026-06-13 14:14:33.521,0.00,0.00,0.00,0.00,2,0
2026-06-13 14:14:33.571,0.00,0.00,0.00,0.00,2,0
2026-06-13 14:14:33.622,0.00,0.00,0.00,0.00,2,0
2026-06-13 14:14:33.672,0.00,0.00,0.00,0.00,2,0
2026-06-13 14:14:33.722,0.00,0.00,0.00,0.00,2,0
2026-06-13 14:14:33.773,0.00,0.00,0.00,0.00,2,0
2026-06-13 14:14:33.823,0.00,0.00,0.00,0.00,2,0
2026-06-13 14:14:33.873,0.00,0.00,0.00,0.00,2,0
2026-06-13 14:14:33.924,0.00,0.00,0.00,0.00,2,0
2026-06-13 14:14:33.974,0.00,0.00,0.00,0.00,2,0
2026-06-13 14:14:34.025,0.00,0.00,0.00,0.00,2,0
2026-06-13 14:14:34.075,0.00,0.00,0.00,0.00,2,0
2026-06-13 14:14:34.125,0.00,0.00,0.00,0.00,2,0
2026-06-13 14:14:34.176,0.00,0.00,0.00,0.00,2,0
2026-06-13 14:14:34.226,0.00,0.00,0.00,0.00,2,0
2026-06-13 14:14:34.276,0.00,0.00,0.00,0.00,2,0
2026-06-13 14:14:34.327,0.00,0.00,0.00,0.00,2,0
2026-06-13 14:14:34.377,0.00,0.00,0.00,0.00,2,0
2026-06-13 14:14:34.428,0.00,0.00,0.00,0.00,2,0
2026-06-13 14:14:34.478,0.00,0.00,0.00,0.00,2,0
2026-06-13 14:14:34.528,0.00,0.00,0.00,0.00,2,0
2026-06-13 14:14:34.579,0.00,0.00,0.00,0.00,2,0
2026-06-13 14:14:34.629,0.00,0.00,0.00,0.00,2,0
2026-06-13 14:14:34.679,0.00,0.00,0.00,0.00,2,0
2026-06-13 14:14:34.730,0.00,0.00,0.00,0.00,2,0
2026-06-13 14:14:34.780,0.00,0.00,0.00,0.00,2,0
2026-06-13 14:14:34.831,0.00,0.00,0.00,0.00,2,0
2026-06-13 14:14:34.881,0.00,0.00,0.00,0.00,2,0
2026-06-13 14:14:34.931,0.00,0.00,0.00,0.00,2,0
2026-06-13 14:14:34.982,0.00,0.00,0.00,0.00,2,0
2026-06-13 14:14:35.032,0.00,0.00,0.00,0.00,2,0
2026-06-13 14:14:35.083,0.00,0.00,0.00,0.00,2,0
2026-06-13 14:14:35.133,0.00,0.00,0.00,0.00,2,0
2026-06-13 14:14:35.184,0.00,0.00,0.00,0.00,2,0
2026-06-13 14:14:35.234,0.00,0.00,0.00,0.00,2,0
2026-06-13 14:14:35.284,0.00,0.00,0.00,0.00,2,0
2026-06-13 14:14:35.335,0.00,0.00,0.00,0.00,2,0
2026-06-13 14:14:35.385,0.00,0.00,0.00,0.00,2,0
2026-06-13 14:14:35.436,0.00,0.00,0.00,0.00,2,0
2026-06-13 14:14:35.486,0.00,0.00,0.00,0.00,2,0
2026-06-13 14:14:35.537,0.00,0.00,0.00,0.00,2,0
2026-06-13 14:14:35.587,0.00,0.00,0.00,0.00,2,0
2026-06-13 14:14:35.638,0.00,0.00,0.00,0.00,2,0
2026-06-13 14:14:35.688,0.00,0.00,0.00,0.00,2,0
2026-06-13 14:14:35.739,0.00,0.00,0.00,0.00,2,0
2026-06-13 14:14:35.789,0.00,0.00,0.00,0.00,2,0
2026-06-13 14:14:35.839,0.00,0.00,0.00,0.00,2,0
2026-06-13 14:14:35.890,0.00,0.00,0.00,0.00,2,0
2026-06-13 14:14:35.940,0.00,0.00,0.00,0.00,2,0
2026-06-13 14:14:35.991,0.00,0.00,0.00,0.00,2,0
2026-06-13 14:14:36.041,0.00,0.00,0.00,0.00,2,0
2026-06-13 14:14:36.092,0.00,0.00,0.00,0.00,2,0
2026-06-13 14:14:36.142,0.00,0.00,0.00,0.00,2,0
2026-06-13 14:14:36.193,0.00,0.00,0.00,0.00,2,0
2026-06-13 14:14:36.243,0.00,0.00,0.00,0.00,2,0
2026-06-13 14:14:36.294,0.00,0.00,0.00,0.00,2,0
2026-06-13 14:14:36.344,0.00,0.00,0.00,0.00,2,0
2026-06-13 14:14:36.395,0.00,0.00,0.00,0.00,2,0
2026-06-13 14:14:36.445,0.00,0.00,0.00,0.00,2,0
2026-06-13 14:14:36.495,0.00,0.00,0.00,0.00,2,0
2026-06-13 14:14:36.546,0.00,0.00,0.00,0.00,2,0
2026-06-13 14:14:36.596,0.00,0.00,0.00,0.00,2,0
2026-06-13 14:14:36.647,0.00,0.00,0.00,0.00,2,0
2026-06-13 14:14:36.697,0.00,0.00,0.00,0.00,2,0
2026-06-13 14:14:36.748,0.00,0.00,0.00,0.00,2,0
2026-06-13 14:14:36.798,0.00,0.00,0.00,0.00,2,0
2026-06-13 14:14:36.849,0.00,0.00,0.00,0.00,2,0
2026-06-13 14:14:36.899,0.00,0.00,0.00,0.00,2,0
2026-06-13 14:14:36.949,0.00,0.00,0.00,0.00,2,0
2026-06-13 14:14:37.000,0.00,0.00,0.00,0.00,2,0
2026-06-13 14:14:37.051,0.00,0.00,0.00,0.00,2,0
2026-06-13 14:14:37.101,0.00,0.00,0.00,0.00,2,0
2026-06-13 14:14:37.151,0.00,0.00,0.00,0.00,2,0
2026-06-13 14:14:37.202,0.00,0.00,0.00,0.00,2,0
2026-06-13 14:14:37.252,0.00,0.00,0.00,0.00,2,0
2026-06-13 14:14:37.303,0.00,0.00,0.00,0.00,2,0
2026-06-13 14:14:37.353,0.00,0.00,0.00,0.00,2,0
2026-06-13 14:14:37.404,0.00,0.00,0.00,0.00,2,0
2026-06-13 14:14:37.454,0.00,0.00,0.00,0.00,2,0
2026-06-13 14:14:37.504,0.00,0.00,0.00,0.00,2,0
2026-06-13 14:14:37.555,0.00,0.00,0.00,0.00,2,0
2026-06-13 14:14:37.605,0.00,0.00,0.00,0.00,2,0
2026-06-13 14:14:37.656,0.00,0.00,0.00,0.00,2,0
2026-06-13 14:14:37.706,0.00,0.00,0.00,0.00,2,0
2026-06-13 14:14:37.757,0.00,0.00,0.00,0.00,2,0
2026-06-13 14:14:37.807,0.00,0.00,0.00,0.00,2,0
2026-06-13 14:14:37.858,0.00,0.00,0.00,0.00,2,0
2026-06-13 14:14:37.908,0.00,0.00,0.00,0.00,2,0
2026-06-13 14:14:37.958,0.00,0.00,0.00,0.00,2,0
2026-06-13 14:14:38.009,0.00,0.00,0.00,0.00,2,0
2026-06-13 14:14:38.059,0.00,0.00,0.00,0.00,2,0
2026-06-13 14:14:38.110,0.00,0.00,0.00,0.00,2,0
2026-06-13 14:14:38.160,0.00,0.00,0.00,0.00,2,0
2026-06-13 14:14:38.211,0.00,0.00,0.00,0.00,2,0
2026-06-13 14:14:38.261,0.00,0.00,0.00,0.00,2,0
2026-06-13 14:14:38.312,0.00,0.00,0.00,0.00,2,0
2026-06-13 14:14:38.362,0.00,0.00,0.00,0.00,2,0
2026-06-13 14:14:38.412,0.00,0.00,0.00,0.00,2,0
2026-06-13 14:14:38.463,0.00,0.00,0.00,0.00,2,0
2026-06-13 14:14:38.513,0.00,0.00,0.00,0.00,2,0
2026-06-13 14:14:38.564,0.00,0.00,0.00,0.00,2,0
2026-06-13 14:14:38.614,0.00,0.00,0.00,0.00,2,0
2026-06-13 14:14:38.665,0.00,0.00,0.00,0.00,2,0
2026-06-13 14:14:38.715,0.00,0.00,0.00,0.00,2,0
2026-06-13 14:14:38.766,0.00,0.00,0.00,0.00,2,0
2026-06-13 14:14:38.816,0.00,0.00,0.00,0.00,2,0
2026-06-13 14:14:38.867,0.00,0.00,0.00,0.00,2,0
2026-06-13 14:14:38.917,0.00,0.00,0.00,0.00,2,0
2026-06-13 14:14:38.967,0.00,0.00,0.00,0.00,2,0
2026-06-13 14:14:39.018,0.00,0.00,0.00,0.00,2,0
2026-06-13 14:14:39.068,0.00,0.00,0.00,0.00,2,0
2026-06-13 14:14:39.119,0.00,0.00,0.00,0.00,2,0
2026-06-13 14:14:39.169,0.00,0.00,0.00,0.00,2,0
2026-06-13 14:14:39.220,0.00,0.00,0.00,0.00,2,0
2026-06-13 14:14:39.270,0.00,0.00,0.00,0.00,2,0
2026-06-13 14:14:39.321,0.00,0.00,0.00,0.00,2,0
2026-06-13 14:14:39.371,0.00,0.00,0.00,0.00,2,0
2026-06-13 14:14:39.421,0.00,0.00,0.00,0.00,2,0
2026-06-13 14:14:39.472,0.00,0.00,0.00,0.00,2,0
2026-06-13 14:14:39.522,0.00,0.00,0.00,0.00,2,0
2026-06-13 14:14:39.573,0.00,0.00,0.00,0.00,2,0
2026-06-13 14:14:39.623,0.00,0.00,0.00,0.00,2,0
2026-06-13 14:14:39.674,0.00,0.00,0.00,0.00,2,0
2026-06-13 14:14:39.724,0.00,0.00,0.00,0.00,2,0
2026-06-13 14:14:39.775,0.00,0.00,0.00,0.00,2,0
2026-06-13 14:14:39.825,0.00,0.00,0.00,0.00,2,0
2026-06-13 14:14:39.875,0.00,0.00,0.00,0.00,2,0
2026-06-13 14:14:39.926,0.00,0.00,0.00,0.00,2,0
2026-06-13 14:14:39.976,0.00,0.00,0.00,0.00,2,0
2026-06-13 14:14:40.027,0.00,0.00,0.00,0.00,2,0
2026-06-13 14:14:40.077,0.00,0.00,0.00,0.00,2,0
2026-06-13 14:14:40.128,0.00,0.00,0.00,0.00,2,0
2026-06-13 14:14:40.178,0.00,0.00,0.00,0.00,2,0
2026-06-13 14:14:40.229,0.00,0.00,0.00,0.00,2,0
2026-06-13 14:14:40.279,0.00,0.00,0.00,0.00,2,0
2026-06-13 14:14:40.329,0.00,0.00,0.00,0.00,2,0
2026-06-13 14:14:40.380,0.00,0.00,0.00,0.00,2,0
2026-06-13 14:14:40.430,0.00,0.00,0.00,0.00,2,0
2026-06-13 14:14:40.481,0.00,0.00,0.00,0.00,2,0
2026-06-13 14:14:40.531,0.00,0.00,0.00,0.00,2,0
2026-06-13 14:14:40.582,0.00,0.00,0.00,0.00,2,0
2026-06-13 14:14:40.632,0.00,0.00,0.00,0.00,2,0
2026-06-13 14:14:40.683,0.00,0.00,0.00,0.00,2,0
2026-06-13 14:14:40.733,0.00,0.00,0.00,0.00,2,0
2026-06-13 14:14:40.783,0.00,0.00,0.00,0.00,2,0
2026-06-13 14:14:40.834,0.00,0.00,0.00,0.00,2,0
2026-06-13 14:14:40.884,0.00,0.00,0.00,0.00,2,0
2026-06-13 14:14:40.935,0.00,0.00,0.00,0.00,2,0
2026-06-13 14:14:40.985,0.00,0.00,0.00,0.00,2,0
2026-06-13 14:14:41.036,0.00,0.00,0.00,0.00,2,0
2026-06-13 14:14:41.086,0.00,0.00,0.00,0.00,2,0
2026-06-13 14:14:41.137,0.00,0.00,0.00,0.00,2,0
2026-06-13 14:14:41.187,0.00,0.00,0.00,0.00,2,0
2026-06-13 14:14:41.237,0.00,0.00,0.00,0.00,2,0
2026-06-13 14:14:41.288,0.00,0.00,0.00,0.00,2,0
2026-06-13 14:14:41.338,0.00,0.00,0.00,0.00,2,0
2026-06-13 14:14:41.389,0.00,0.00,0.00,0.00,2,0
2026-06-13 14:14:41.439,0.00,0.00,0.00,0.00,2,0
2026-06-13 14:14:41.490,0.00,0.00,0.00,0.00,2,0
2026-06-13 14:14:41.540,0.00,0.00,0.00,0.00,2,0
2026-06-13 14:14:41.591,0.00,0.00,0.00,0.00,2,0
2026-06-13 14:14:41.641,0.00,0.00,0.00,0.00,2,0
2026-06-13 14:14:41.691,0.00,0.00,0.00,0.00,2,0
2026-06-13 14:14:41.742,0.00,0.00,0.00,0.00,2,0
2026-06-13 14:14:41.792,0.00,0.00,0.00,0.00,2,0
2026-06-13 14:14:41.843,0.00,0.00,0.00,0.00,2,0
2026-06-13 14:14:41.893,0.00,0.00,0.00,0.00,2,0
2026-06-13 14:14:41.944,0.00,0.00,0.00,0.00,2,0
2026-06-13 14:14:41.994,0.00,0.00,0.00,0.00,2,0
2026-06-13 14:14:42.044,0.00,0.00,0.00,0.00,2,0
2026-06-13 14:14:42.095,0.00,0.00,0.00,0.00,2,0
2026-06-13 14:14:42.145,0.00,0.00,0.00,0.00,2,0
2026-06-13 14:14:42.196,0.00,0.00,0.00,0.00,2,0
2026-06-13 14:14:42.246,0.00,0.00,0.00,0.00,2,0
2026-06-13 14:14:42.297,0.00,0.00,0.00,0.00,2,0
2026-06-13 14:14:42.347,0.00,0.00,0.00,0.00,2,0
2026-06-13 14:14:42.398,0.00,0.00,0.00,0.00,2,0
2026-06-13 14:14:42.448,0.00,0.00,0.00,0.00,2,0
2026-06-13 14:14:42.498,0.00,0.00,0.00,0.00,2,0
2026-06-13 14:14:42.549,0.00,0.00,0.00,0.00,2,0
2026-06-13 14:14:42.599,0.00,0.00,0.00,0.00,2,0
2026-06-13 14:14:42.650,0.00,0.00,0.00,0.00,2,0
2026-06-13 14:14:42.700,0.00,0.00,0.00,0.00,2,0
2026-06-13 14:14:42.751,0.00,0.00,0.00,0.00,2,0
2026-06-13 14:14:42.801,0.00,0.00,0.00,0.00,2,0
2026-06-13 14:14:42.852,0.00,0.00,0.00,0.00,2,0
2026-06-13 14:14:42.902,0.00,0.00,0.00,0.00,2,0
2026-06-13 14:14:42.952,0.00,0.00,0.00,0.00,2,0
2026-06-13 14:14:43.003,0.00,0.00,0.00,0.00,2,0
2026-06-13 14:14:43.053,0.00,0.00,0.00,0.00,2,0
2026-06-13 14:14:43.104,0.00,0.00,0.00,0.00,2,0
2026-06-13 14:14:43.154,0.00,0.00,0.00,0.00,2,0
2026-06-13 14:14:43.205,0.00,0.00,0.00,0.00,2,0
2026-06-13 14:14:43.255,0.00,0.00,0.00,0.00,2,0
2026-06-13 14:14:43.305,0.00,0.00,0.00,0.00,2,0
2026-06-13 14:14:43.356,0.00,0.00,0.00,0.00,2,0
2026-06-13 14:14:43.406,0.00,0.00,0.00,0.00,2,0
2026-06-13 14:14:43.457,0.00,0.00,0.00,0.00,2,0
2026-06-13 14:14:43.507,0.00,0.00,0.00,0.00,2,0
2026-06-13 14:14:43.558,0.00,0.00,0.00,0.00,2,0
2026-06-13 14:14:43.608,0.00,0.00,0.00,0.00,2,0
2026-06-13 14:14:43.659,0.00,0.00,0.00,0.00,2,0
2026-06-13 14:14:43.709,0.00,0.00,0.00,0.00,2,0
2026-06-13 14:14:43.759,0.00,0.00,0.00,0.00,2,0
2026-06-13 14:14:43.810,0.00,0.00,0.00,0.00,2,0
2026-06-13 14:14:43.860,0.00,0.00,0.00,0.00,2,0
2026-06-13 14:14:43.911,0.00,0.00,0.00,0.00,2,0
2026-06-13 14:14:43.961,0.00,0.00,0.00,0.00,2,0
2026-06-13 14:14:44.012,0.00,0.00,0.00,0.00,2,0
2026-06-13 14:14:44.062,0.00,0.00,0.00,0.00,2,0
2026-06-13 14:14:44.112,0.00,0.00,0.00,0.00,2,0
2026-06-13 14:14:44.163,0.00,0.00,0.00,0.00,2,0
2026-06-13 14:14:44.213,0.00,0.00,0.00,0.00,2,0
2026-06-13 14:14:44.264,0.00,0.00,0.00,0.00,2,0
2026-06-13 14:14:44.314,0.00,0.00,0.00,0.00,2,0
2026-06-13 14:14:44.365,0.00,0.00,0.00,0.00,2,0
2026-06-13 14:14:44.415,0.00,0.00,0.00,0.00,2,0
2026-06-13 14:14:44.466,0.00,0.00,0.00,0.00,2,0
2026-06-13 14:14:44.516,0.00,0.00,0.00,0.00,2,0
2026-06-13 14:14:44.566,0.00,0.00,0.00,0.00,2,0
2026-06-13 14:14:44.617,0.00,0.00,0.00,0.00,2,0
2026-06-13 14:14:44.667,0.00,0.00,0.00,0.00,2,0
2026-06-13 14:14:44.718,0.00,0.00,0.00,0.00,2,0
2026-06-13 14:14:44.768,0.00,0.00,0.00,0.00,2,0
2026-06-13 14:14:44.819,0.00,0.00,0.00,0.00,2,0
2026-06-13 14:14:44.869,0.00,0.00,0.00,0.00,2,0
2026-06-13 14:14:44.919,0.00,0.00,0.00,0.00,2,0
2026-06-13 14:14:44.970,0.00,0.00,0.00,0.00,2,0
2026-06-13 14:14:45.020,0.00,0.00,0.00,0.00,2,0
2026-06-13 14:14:45.071,0.00,0.00,0.00,0.00,2,0
2026-06-13 14:14:45.121,0.00,0.00,0.00,0.00,2,0
2026-06-13 14:14:45.172,0.00,0.00,0.00,0.00,2,0
2026-06-13 14:14:45.222,0.00,0.00,0.00,0.00,2,0
2026-06-13 14:14:45.273,0.00,0.00,0.00,0.00,2,0
2026-06-13 14:14:45.323,0.00,0.00,0.00,0.00,2,0
2026-06-13 14:14:45.373,0.00,0.00,0.00,0.00,2,0
2026-06-13 14:14:45.424,0.00,0.00,0.00,0.00,2,0
2026-06-13 14:14:45.474,0.00,0.00,0.00,0.00,2,0
2026-06-13 14:14:45.525,0.00,0.00,0.00,0.00,2,0
2026-06-13 14:14:45.575,0.00,0.00,0.00,0.00,2,0
2026-06-13 14:14:45.626,0.00,0.00,0.00,0.00,2,0
2026-06-13 14:14:45.676,0.00,0.00,0.00,0.00,2,0
2026-06-13 14:14:45.726,0.00,0.00,0.00,0.00,2,0
2026-06-13 14:14:45.777,0.00,0.00,0.00,0.00,2,0
2026-06-13 14:14:45.827,0.00,0.00,0.00,0.00,2,0
2026-06-13 14:14:45.878,0.00,0.00,0.00,0.00,2,0
2026-06-13 14:14:45.928,0.00,0.00,0.00,0.00,2,0
2026-06-13 14:14:45.979,0.00,0.00,0.00,0.00,2,0
2026-06-13 14:14:46.029,0.00,0.00,0.00,0.00,2,0
2026-06-13 14:14:46.079,0.00,0.00,0.00,0.00,2,0
2026-06-13 14:14:46.130,0.00,0.00,0.00,0.00,2,0
2026-06-13 14:14:46.180,0.00,0.00,0.00,0.00,2,0
2026-06-13 14:14:46.231,0.00,0.00,0.00,0.00,2,0
2026-06-13 14:14:46.281,0.00,0.00,0.00,0.00,2,0
2026-06-13 14:14:46.332,0.00,0.00,0.00,0.00,2,0
2026-06-13 14:14:46.382,0.00,0.00,0.00,0.00,2,0
2026-06-13 14:14:46.433,0.00,0.00,0.00,0.00,2,0
2026-06-13 14:14:46.483,0.00,0.00,0.00,0.00,2,0
2026-06-13 14:14:46.533,0.00,0.00,0.00,0.00,2,0
2026-06-13 14:14:46.584,0.00,0.00,0.00,0.00,2,0
2026-06-13 14:14:46.634,0.00,0.00,0.00,0.00,2,0
2026-06-13 14:14:46.685,0.00,0.00,0.00,0.00,2,0
2026-06-13 14:14:46.735,0.00,0.00,0.00,0.00,2,0
2026-06-13 14:14:46.786,0.00,0.00,0.00,0.00,2,0
2026-06-13 14:14:46.836,0.00,0.00,0.00,0.00,2,0
2026-06-13 14:14:46.886,0.00,0.00,0.00,0.00,2,0
2026-06-13 14:14:46.937,0.00,0.00,0.00,0.00,2,0
2026-06-13 14:14:46.987,0.00,0.00,0.00,0.00,2,0
2026-06-13 14:14:47.038,0.00,0.00,0.00,0.00,2,0
2026-06-13 14:14:47.088,0.00,0.00,0.00,0.00,2,0
2026-06-13 14:14:47.139,0.00,0.00,0.00,0.00,2,0
2026-06-13 14:14:47.189,0.00,0.00,0.00,0.00,2,0
2026-06-13 14:14:47.239,0.00,0.00,0.00,0.00,2,0
2026-06-13 14:14:47.290,0.00,0.00,0.00,0.00,2,0
2026-06-13 14:14:47.340,0.00,0.00,0.00,0.00,2,0
2026-06-13 14:14:47.391,0.00,0.00,0.00,0.00,2,0
2026-06-13 14:14:47.441,0.00,0.00,0.00,0.00,2,0
2026-06-13 14:14:47.492,0.00,0.00,0.00,0.00,2,0
2026-06-13 14:14:47.542,0.00,0.00,0.00,0.00,2,0
2026-06-13 14:14:47.592,0.00,0.00,0.00,0.00,2,0
2026-06-13 14:14:47.643,0.00,0.00,0.00,0.00,2,0
2026-06-13 14:14:47.693,0.00,0.00,0.00,0.00,2,0
2026-06-13 14:14:47.744,0.00,0.00,0.00,0.00,2,0
2026-06-13 14:14:47.794,0.00,0.00,0.00,0.00,2,0
2026-06-13 14:14:47.845,0.00,0.00,0.00,0.00,2,0
2026-06-13 14:14:47.895,0.00,0.00,0.00,0.00,2,0
2026-06-13 14:14:47.946,0.00,0.00,0.00,0.00,2,0
2026-06-13 14:14:47.996,0.00,0.00,0.00,0.00,2,0
2026-06-13 14:14:48.046,0.00,0.00,0.00,0.00,2,0
2026-06-13 14:14:48.097,0.00,0.00,0.00,0.00,2,0
2026-06-13 14:14:48.147,0.00,0.00,0.00,0.00,2,0
2026-06-13 14:14:48.198,0.00,0.00,0.00,0.00,2,0
2026-06-13 14:14:48.248,0.00,0.00,0.00,0.00,2,0
2026-06-13 14:14:48.298,0.00,0.00,0.00,0.00,2,0
2026-06-13 14:14:48.349,0.00,0.00,0.00,0.00,2,0
2026-06-13 14:14:48.399,0.00,0.00,0.00,0.00,2,0
2026-06-13 14:14:48.450,0.00,0.00,0.00,0.00,2,0
2026-06-13 14:14:48.500,0.00,0.00,0.00,0.00,2,0
2026-06-13 14:14:48.551,0.00,0.00,0.00,0.00,2,0
2026-06-13 14:14:48.601,0.00,0.00,0.00,0.00,2,0
2026-06-13 14:14:48.652,0.00,0.00,0.00,0.00,2,0
2026-06-13 14:14:48.702,0.00,0.00,0.00,0.00,2,0
2026-06-13 14:14:48.752,0.00,0.00,0.00,0.00,2,0
2026-06-13 14:14:48.803,0.00,0.00,0.00,0.00,2,0
2026-06-13 14:14:48.853,0.00,0.00,0.00,0.00,2,0
2026-06-13 14:14:48.904,0.00,0.00,0.00,0.00,2,0
2026-06-13 14:14:48.954,0.00,0.00,0.00,0.00,2,0
2026-06-13 14:14:49.005,0.00,0.00,0.00,0.00,2,0
2026-06-13 14:14:49.055,0.00,0.00,0.00,0.00,2,0
2026-06-13 14:14:49.105,0.00,0.00,0.00,0.00,2,0
2026-06-13 14:14:49.156,0.00,0.00,0.00,0.00,2,0
2026-06-13 14:14:49.206,0.00,0.00,0.00,0.00,2,0
2026-06-13 14:14:49.257,0.00,0.00,0.00,0.00,2,0
2026-06-13 14:14:49.307,0.00,0.00,0.00,0.00,2,0
2026-06-13 14:14:49.358,0.00,0.00,0.00,0.00,2,0
2026-06-13 14:14:49.408,0.00,0.00,0.00,0.00,2,0
2026-06-13 14:14:49.458,0.00,0.00,0.00,0.00,2,0
2026-06-13 14:14:49.509,0.00,0.00,0.00,0.00,2,0
2026-06-13 14:14:49.559,0.00,0.00,0.00,0.00,2,0
2026-06-13 14:14:49.610,0.00,0.00,0.00,0.00,2,0
2026-06-13 14:14:49.660,0.00,0.00,0.00,0.00,2,0
2026-06-13 14:14:49.711,0.00,0.00,0.00,0.00,2,0
2026-06-13 14:14:49.761,0.00,0.00,0.00,0.00,2,0
2026-06-13 14:14:49.811,0.00,0.00,0.00,0.00,2,0
2026-06-13 14:14:49.862,0.00,0.00,0.00,0.00,2,0
2026-06-13 14:14:49.912,0.00,0.00,0.00,0.00,2,0
2026-06-13 14:14:49.963,0.00,0.00,0.00,0.00,2,0
2026-06-13 14:14:50.013,0.00,0.00,0.00,0.00,2,0
2026-06-13 14:14:50.064,0.00,0.00,0.00,0.00,2,0
2026-06-13 14:14:50.114,0.00,0.00,0.00,0.00,2,0
2026-06-13 14:14:50.164,0.00,0.00,0.00,0.00,2,0
2026-06-13 14:14:50.215,0.00,0.00,0.00,0.00,2,0
2026-06-13 14:14:50.265,0.00,0.00,0.00,0.00,2,0
2026-06-13 14:14:50.316,0.00,0.00,0.00,0.00,2,0
2026-06-13 14:14:50.366,0.00,0.00,0.00,0.00,2,0
2026-06-13 14:14:50.417,0.00,0.00,0.00,0.00,2,0
2026-06-13 14:14:50.467,0.00,0.00,0.00,0.00,2,0
2026-06-13 14:14:50.517,0.00,0.00,0.00,0.00,2,0
2026-06-13 14:14:50.568,0.00,0.00,0.00,0.00,2,0
2026-06-13 14:14:50.618,0.00,0.00,0.00,0.00,2,0
2026-06-13 14:14:50.669,0.00,0.00,0.00,0.00,2,0
2026-06-13 14:14:50.719,0.00,0.00,0.00,0.00,2,0
2026-06-13 14:14:50.770,0.00,0.00,0.00,0.00,2,0
2026-06-13 14:14:50.820,0.00,0.00,0.00,0.00,2,0
2026-06-13 14:14:50.870,0.00,0.00,0.00,0.00,2,0
2026-06-13 14:14:50.921,0.00,0.00,0.00,0.00,2,0
2026-06-13 14:14:50.972,0.00,0.00,0.00,0.00,2,0
2026-06-13 14:14:51.022,0.00,0.00,0.00,0.00,2,0
2026-06-13 14:14:51.072,0.00,0.00,0.00,0.00,2,0
2026-06-13 14:14:51.123,0.00,0.00,0.00,0.00,2,0
2026-06-13 14:14:51.173,0.00,0.00,0.00,0.00,2,0
2026-06-13 14:14:51.224,0.00,0.00,0.00,0.00,2,0
2026-06-13 14:14:51.274,0.00,0.00,0.00,0.00,2,0
2026-06-13 14:14:51.324,0.00,0.00,0.00,0.00,2,0
2026-06-13 14:14:51.375,0.00,0.00,0.00,0.00,2,0
2026-06-13 14:14:51.425,0.00,0.00,0.00,0.00,2,0
2026-06-13 14:14:51.476,0.00,0.00,0.00,0.00,2,0
2026-06-13 14:14:51.526,0.00,0.00,0.00,0.00,2,0
2026-06-13 14:14:51.577,0.00,0.00,0.00,0.00,2,0
2026-06-13 14:14:51.627,0.00,0.00,0.00,0.00,2,0
2026-06-13 14:14:51.678,0.00,0.00,0.00,0.00,2,0
2026-06-13 14:14:51.728,0.00,0.00,0.00,0.00,2,0
2026-06-13 14:14:51.778,0.00,0.00,0.00,0.00,2,0
2026-06-13 14:14:51.829,0.00,0.00,0.00,0.00,2,0
2026-06-13 14:14:51.879,0.00,0.00,0.00,0.00,2,0
2026-06-13 14:14:51.929,0.00,0.00,0.00,0.00,2,0
2026-06-13 14:14:51.980,0.00,0.00,0.00,0.00,2,0
2026-06-13 14:14:52.030,0.00,0.00,0.00,0.00,2,0
2026-06-13 14:14:52.081,0.00,0.00,0.00,0.00,2,0
2026-06-13 14:14:52.131,0.00,0.00,0.00,0.00,2,0
2026-06-13 14:14:52.181,0.00,0.00,0.00,0.00,2,0
2026-06-13 14:14:52.232,0.00,0.00,0.00,0.00,2,0
2026-06-13 14:14:52.282,0.00,0.00,0.00,0.00,2,0
2026-06-13 14:14:52.333,0.00,0.00,0.00,0.00,2,0
2026-06-13 14:14:52.383,0.00,0.00,0.00,0.00,2,0
2026-06-13 14:14:52.434,0.00,0.00,0.00,0.00,2,0
2026-06-13 14:14:52.484,0.00,0.00,0.00,0.00,2,0
2026-06-13 14:14:52.534,0.00,0.00,0.00,0.00,2,0
2026-06-13 14:14:52.585,0.00,0.00,0.00,0.00,2,0
2026-06-13 14:14:52.635,0.00,0.00,0.00,0.00,2,0
2026-06-13 14:14:52.686,0.00,0.00,0.00,0.00,2,0
2026-06-13 14:14:52.736,0.00,0.00,0.00,0.00,2,0
2026-06-13 14:14:52.787,0.00,0.00,0.00,0.00,2,0
2026-06-13 14:14:52.837,0.00,0.00,0.00,0.00,2,0
2026-06-13 14:14:52.887,0.00,0.00,0.00,0.00,2,0
2026-06-13 14:14:52.938,0.00,0.00,0.00,0.00,2,0
2026-06-13 14:14:52.988,0.00,0.00,0.00,0.00,2,0
2026-06-13 14:14:53.039,0.00,0.00,0.00,0.00,2,0
2026-06-13 14:14:53.089,0.00,0.00,0.00,0.00,2,0
2026-06-13 14:14:53.140,0.00,0.00,0.00,0.00,2,0
2026-06-13 14:14:53.190,0.00,0.00,0.00,0.00,2,0
2026-06-13 14:14:53.240,0.00,0.00,0.00,0.00,2,0
2026-06-13 14:14:53.291,0.00,0.00,0.00,0.00,2,0
2026-06-13 14:14:53.341,0.00,0.00,0.00,0.00,2,0
2026-06-13 14:14:53.392,0.00,0.00,0.00,0.00,2,0
2026-06-13 14:14:53.442,0.00,0.00,0.00,0.00,2,0
2026-06-13 14:14:53.493,0.00,0.00,0.00,0.00,2,0
2026-06-13 14:14:53.543,0.00,0.00,0.00,0.00,2,0
2026-06-13 14:14:53.593,0.00,0.00,0.00,0.00,2,0
2026-06-13 14:14:53.644,0.00,0.00,0.00,0.00,2,0
2026-06-13 14:14:53.694,0.00,0.00,0.00,0.00,2,0
2026-06-13 14:14:53.745,0.00,0.00,0.00,0.00,2,0
2026-06-13 14:14:53.795,0.00,0.00,0.00,0.00,2,0
2026-06-13 14:14:53.845,0.00,0.00,0.00,0.00,2,0
2026-06-13 14:14:53.896,0.00,0.00,0.00,0.00,2,0
2026-06-13 14:14:53.946,0.00,0.00,0.00,0.00,2,0
2026-06-13 14:14:53.997,0.00,0.00,0.00,0.00,2,0
2026-06-13 14:14:54.047,0.00,0.00,0.00,0.00,2,0
2026-06-13 14:14:54.098,0.00,0.00,0.00,0.00,2,0
2026-06-13 14:14:54.148,0.00,0.00,0.00,0.00,2,0
2026-06-13 14:14:54.198,0.00,0.00,0.00,0.00,2,0
2026-06-13 14:14:54.249,0.00,0.00,0.00,0.00,2,0
2026-06-13 14:14:54.299,0.00,0.00,0.00,0.00,2,0
2026-06-13 14:14:54.350,0.00,0.00,0.00,0.00,2,0
2026-06-13 14:14:54.400,0.00,0.00,0.00,0.00,2,0
2026-06-13 14:14:54.451,0.00,0.00,0.00,0.00,2,0
2026-06-13 14:14:54.501,0.00,0.00,0.00,0.00,2,0
2026-06-13 14:14:54.551,0.00,0.00,0.00,0.00,2,0
2026-06-13 14:14:54.602,0.00,0.00,0.00,0.00,2,0
2026-06-13 14:14:54.652,0.00,0.00,0.00,0.00,2,0
2026-06-13 14:14:54.703,0.00,0.00,0.00,0.00,2,0
2026-06-13 14:14:54.754,0.00,0.00,0.00,0.00,2,0
2026-06-13 14:14:54.804,0.00,0.00,0.00,0.00,2,0
2026-06-13 14:14:54.854,0.00,0.00,0.00,0.00,2,0
2026-06-13 14:14:54.905,0.00,0.00,0.00,0.00,2,0
2026-06-13 14:14:54.955,0.00,0.00,0.00,0.00,2,0
2026-06-13 14:14:55.005,0.00,0.00,0.00,0.00,2,0
2026-06-13 14:14:55.056,0.00,0.00,0.00,0.00,2,0
2026-06-13 14:14:55.106,0.00,0.00,0.00,0.00,2,0
2026-06-13 14:14:55.157,0.00,0.00,0.00,0.00,2,0
2026-06-13 14:14:55.207,0.00,0.00,0.00,0.00,2,0
2026-06-13 14:14:55.257,0.00,0.00,0.00,0.00,2,0
2026-06-13 14:14:55.308,0.00,0.00,0.00,0.00,2,0
2026-06-13 14:14:55.358,0.00,0.00,0.00,0.00,2,0
2026-06-13 14:14:55.409,0.00,0.00,0.00,0.00,2,0
2026-06-13 14:14:55.459,0.00,0.00,0.00,0.00,2,0
2026-06-13 14:14:55.510,0.00,0.00,0.00,0.00,2,0
2026-06-13 14:14:55.560,0.00,0.00,0.00,0.00,2,0
2026-06-13 14:14:55.610,0.00,0.00,0.00,0.00,2,0
2026-06-13 14:14:55.661,0.00,0.00,0.00,0.00,2,0
2026-06-13 14:14:55.711,0.00,0.00,0.00,0.00,2,0
2026-06-13 14:14:55.762,0.00,0.00,0.00,0.00,2,0
2026-06-13 14:14:55.812,0.00,0.00,0.00,0.00,2,0
2026-06-13 14:14:55.862,0.00,0.00,0.00,0.00,2,0
2026-06-13 14:14:55.913,0.00,0.00,0.00,0.00,2,0
2026-06-13 14:14:55.963,0.00,0.00,0.00,0.00,2,0
2026-06-13 14:14:56.014,0.00,0.00,0.00,0.00,2,0
2026-06-13 14:14:56.064,0.00,0.00,0.00,0.00,2,0
2026-06-13 14:14:56.115,0.00,0.00,0.00,0.00,2,0
2026-06-13 14:14:56.165,0.00,0.00,0.00,0.00,2,0
2026-06-13 14:14:56.215,0.00,0.00,0.00,0.00,2,0
2026-06-13 14:14:56.266,0.00,0.00,0.00,0.00,2,0
2026-06-13 14:14:56.316,0.00,0.00,0.00,0.00,2,0
2026-06-13 14:14:56.367,0.00,0.00,0.00,0.00,2,0
2026-06-13 14:14:56.418,0.00,0.00,0.00,0.00,2,0
2026-06-13 14:14:56.467,0.00,0.00,0.00,0.00,2,0
2026-06-13 14:14:56.518,0.00,0.00,0.00,0.00,2,0
2026-06-13 14:14:56.568,0.00,0.00,0.00,0.00,2,0
2026-06-13 14:14:56.619,0.00,0.00,0.00,0.00,2,0
2026-06-13 14:14:56.669,0.00,0.00,0.00,0.00,2,0
2026-06-13 14:14:56.720,0.00,0.00,0.00,0.00,2,0
2026-06-13 14:14:56.770,0.00,0.00,0.00,0.00,2,0
2026-06-13 14:14:56.820,0.00,0.00,0.00,0.00,2,0
2026-06-13 14:14:56.871,0.00,0.00,0.00,0.00,2,0
2026-06-13 14:14:56.921,0.00,0.00,0.00,0.00,2,0
2026-06-13 14:14:56.973,0.00,0.00,0.00,0.00,2,0
2026-06-13 14:14:57.022,0.00,0.00,0.00,0.00,2,0
2026-06-13 14:14:57.073,0.00,0.00,0.00,0.00,2,0
2026-06-13 14:14:57.123,0.00,0.00,0.00,0.00,2,0
2026-06-13 14:14:57.173,0.00,0.00,0.00,0.00,2,0
2026-06-13 14:14:57.224,0.00,0.00,0.00,0.00,2,0
2026-06-13 14:14:57.274,0.00,0.00,0.00,0.00,2,0
2026-06-13 14:14:57.325,0.00,0.00,0.00,0.00,2,0
2026-06-13 14:14:57.375,0.00,0.00,0.00,0.00,2,0
2026-06-13 14:14:57.425,0.00,0.00,0.00,0.00,2,0
2026-06-13 14:14:57.476,0.00,0.00,0.00,0.00,2,0
2026-06-13 14:14:57.526,0.00,0.00,0.00,0.00,2,0
2026-06-13 14:14:57.577,0.00,0.00,0.00,0.00,2,0
2026-06-13 14:14:57.627,0.00,0.00,0.00,0.00,2,0
2026-06-13 14:14:57.678,0.00,0.00,0.00,0.00,2,0
2026-06-13 14:14:57.728,0.00,0.00,0.00,0.00,2,0
2026-06-13 14:14:57.778,0.00,0.00,0.00,0.00,2,0
2026-06-13 14:14:57.829,0.00,0.00,0.00,0.00,2,0
2026-06-13 14:14:57.879,0.00,0.00,0.00,0.00,2,0
2026-06-13 14:14:57.930,0.00,0.00,0.00,0.00,2,0
2026-06-13 14:14:57.980,0.00,0.00,0.00,0.00,2,0
2026-06-13 14:14:58.030,0.00,0.00,0.00,0.00,2,0
2026-06-13 14:14:58.081,0.00,0.00,0.00,0.00,2,0
2026-06-13 14:14:58.131,0.00,0.00,0.00,0.00,2,0
2026-06-13 14:14:58.182,0.00,0.00,0.00,0.00,2,0
2026-06-13 14:14:58.232,0.00,0.00,0.00,0.00,2,0
2026-06-13 14:14:58.282,0.00,0.00,0.00,0.00,2,0
2026-06-13 14:14:58.333,0.00,0.00,0.00,0.00,2,0
2026-06-13 14:14:58.383,0.00,0.00,0.00,0.00,2,0
2026-06-13 14:14:58.434,0.00,0.00,0.00,0.00,2,0
2026-06-13 14:14:58.484,0.00,0.00,0.00,0.00,2,0
2026-06-13 14:14:58.535,0.00,0.00,0.00,0.00,2,0
2026-06-13 14:14:58.585,0.00,0.00,0.00,0.00,2,0
2026-06-13 14:14:58.635,0.00,0.00,0.00,0.00,2,0
2026-06-13 14:14:58.686,0.00,0.00,0.00,0.00,2,0
2026-06-13 14:14:58.736,0.00,0.00,0.00,0.00,2,0
2026-06-13 14:14:58.787,0.00,0.00,0.00,0.00,2,0
2026-06-13 14:14:58.837,0.00,0.00,0.00,0.00,2,0
2026-06-13 14:14:58.887,0.00,0.00,0.00,0.00,2,0
2026-06-13 14:14:58.938,0.00,0.00,0.00,0.00,2,0
2026-06-13 14:14:58.988,0.00,0.00,0.00,0.00,2,0
2026-06-13 14:14:59.039,0.00,0.00,0.00,0.00,2,0
2026-06-13 14:14:59.089,0.00,0.00,0.00,0.00,2,0
2026-06-13 14:14:59.139,0.00,0.00,0.00,0.00,2,0
2026-06-13 14:14:59.190,0.00,0.00,0.00,0.00,2,0
2026-06-13 14:14:59.240,0.00,0.00,0.00,0.00,2,0
2026-06-13 14:14:59.291,0.00,0.00,0.00,0.00,2,0
2026-06-13 14:14:59.341,0.00,0.00,0.00,0.00,2,0
2026-06-13 14:14:59.392,0.00,0.00,0.00,0.00,2,0
2026-06-13 14:14:59.442,0.00,0.00,0.00,0.00,2,0
2026-06-13 14:14:59.493,0.00,0.00,0.00,0.00,2,0
2026-06-13 14:14:59.543,0.00,0.00,0.00,0.00,2,0
2026-06-13 14:14:59.593,0.00,0.00,0.00,0.00,2,0
2026-06-13 14:14:59.644,0.00,0.00,0.00,0.00,2,0
2026-06-13 14:14:59.694,0.00,0.00,0.00,0.00,2,0
2026-06-13 14:14:59.745,0.00,0.00,0.00,0.00,2,0
2026-06-13 14:14:59.795,0.00,0.00,0.00,0.00,2,0
2026-06-13 14:14:59.845,0.00,0.00,0.00,0.00,2,0
2026-06-13 14:14:59.896,0.00,0.00,0.00,0.00,2,0
2026-06-13 14:14:59.946,0.00,0.00,0.00,0.00,2,0
2026-06-13 14:14:59.997,0.00,0.00,0.00,0.00,2,0
2026-06-13 14:15:00.047,0.00,0.00,0.00,0.00,2,0
2026-06-13 14:15:00.098,0.00,0.00,0.00,0.00,2,0
2026-06-13 14:15:00.148,0.00,0.00,0.00,0.00,2,0
2026-06-13 14:15:00.198,0.00,0.00,0.00,0.00,2,0
2026-06-13 14:15:00.249,0.00,0.00,0.00,0.00,2,0
2026-06-13 14:15:00.299,0.00,0.00,0.00,0.00,2,0
2026-06-13 14:15:00.350,0.00,0.00,0.00,0.00,2,0
2026-06-13 14:15:00.400,0.00,0.00,0.00,0.00,2,0
2026-06-13 14:15:00.450,0.00,0.00,0.00,0.00,2,0
2026-06-13 14:15:00.501,0.00,0.00,0.00,0.00,2,0
2026-06-13 14:15:00.551,0.00,0.00,0.00,0.00,2,0
2026-06-13 14:15:00.602,0.00,0.00,0.00,0.00,2,0
2026-06-13 14:15:00.652,0.00,0.00,0.00,0.00,2,0
2026-06-13 14:15:00.702,0.00,0.00,0.00,0.00,2,0
2026-06-13 14:15:00.753,0.00,0.00,0.00,0.00,2,0
2026-06-13 14:15:00.803,0.00,0.00,0.00,0.00,2,0
2026-06-13 14:15:00.854,0.00,0.00,0.00,0.00,2,0
2026-06-13 14:15:00.904,0.00,0.00,0.00,0.00,2,0
2026-06-13 14:15:00.955,0.00,0.00,0.00,0.00,2,0
2026-06-13 14:15:01.005,0.00,0.00,0.00,0.00,2,0
2026-06-13 14:15:01.055,0.00,0.00,0.00,0.00,2,0
2026-06-13 14:15:01.106,0.00,0.00,0.00,0.00,2,0
2026-06-13 14:15:01.156,0.00,0.00,0.00,0.00,2,0
2026-06-13 14:15:01.207,0.00,0.00,0.00,0.00,2,0
2026-06-13 14:15:01.257,0.00,0.00,0.00,0.00,2,0
2026-06-13 14:15:01.307,0.00,0.00,0.00,0.00,2,0
2026-06-13 14:15:01.358,0.00,0.00,0.00,0.00,2,0
2026-06-13 14:15:01.408,0.00,0.00,0.00,0.00,2,0
2026-06-13 14:15:01.459,0.00,0.00,0.00,0.00,2,0
2026-06-13 14:15:01.509,0.00,0.00,0.00,0.00,2,0
2026-06-13 14:15:01.559,0.00,0.00,0.00,0.00,2,0
2026-06-13 14:15:01.610,0.00,0.00,0.00,0.00,2,0
2026-06-13 14:15:01.660,0.00,0.00,0.00,0.00,2,0
2026-06-13 14:15:01.711,0.00,0.00,0.00,0.00,2,0
2026-06-13 14:15:01.761,0.00,0.00,0.00,0.00,2,0
2026-06-13 14:15:01.812,0.00,0.00,0.00,0.00,2,0
2026-06-13 14:15:01.862,0.00,0.00,0.00,0.00,2,0
2026-06-13 14:15:01.912,0.00,0.00,0.00,0.00,2,0
2026-06-13 14:15:01.963,0.00,0.00,0.00,0.00,2,0
2026-06-13 14:15:02.013,0.00,0.00,0.00,0.00,2,0
2026-06-13 14:15:02.064,0.00,0.00,0.00,0.00,2,0
2026-06-13 14:15:02.114,0.00,0.00,0.00,0.00,2,0
2026-06-13 14:15:02.164,0.00,0.00,0.00,0.00,2,0
2026-06-13 14:15:02.215,0.00,0.00,0.00,0.00,2,0
2026-06-13 14:15:02.265,0.00,0.00,0.00,0.00,2,0
2026-06-13 14:15:02.316,0.00,0.00,0.00,0.00,2,0
2026-06-13 14:15:02.366,0.00,0.00,0.00,0.00,2,0
2026-06-13 14:15:02.416,0.00,0.00,0.00,0.00,2,0
2026-06-13 14:15:02.467,0.00,0.00,0.00,0.00,2,0
2026-06-13 14:15:02.517,0.00,0.00,0.00,0.00,2,0
2026-06-13 14:15:02.568,0.00,0.00,0.00,0.00,2,0
2026-06-13 14:15:02.618,0.00,0.00,0.00,0.00,2,0
2026-06-13 14:15:02.669,0.00,0.00,0.00,0.00,2,0
2026-06-13 14:15:02.719,0.00,0.00,0.00,0.00,2,0
2026-06-13 14:15:02.769,0.00,0.00,0.00,0.00,2,0
2026-06-13 14:15:02.820,0.00,0.00,0.00,0.00,2,0
2026-06-13 14:15:02.870,0.00,0.00,0.00,0.00,2,0
2026-06-13 14:15:02.921,0.00,0.00,0.00,0.00,2,0
2026-06-13 14:15:02.971,0.00,0.00,0.00,0.00,2,0
2026-06-13 14:15:03.021,0.00,0.00,0.00,0.00,2,0
2026-06-13 14:15:03.072,0.00,0.00,0.00,0.00,2,0
2026-06-13 14:15:03.122,0.00,0.00,0.00,0.00,2,0
2026-06-13 14:15:03.173,0.00,0.00,0.00,0.00,2,0
2026-06-13 14:15:03.223,0.00,0.00,0.00,0.00,2,0
2026-06-13 14:15:03.274,0.00,0.00,0.00,0.00,2,0
2026-06-13 14:15:03.324,0.00,0.00,0.00,0.00,2,0
2026-06-13 14:15:03.374,0.00,0.00,0.00,0.00,2,0
2026-06-13 14:15:03.425,0.00,0.00,0.00,0.00,2,0
2026-06-13 14:15:03.475,0.00,0.00,0.00,0.00,2,0
2026-06-13 14:15:03.526,0.00,0.00,0.00,0.00,2,0
2026-06-13 14:15:03.576,0.00,0.00,0.00,0.00,2,0
2026-06-13 14:15:03.626,0.00,0.00,0.00,0.00,2,0
2026-06-13 14:15:03.677,0.00,0.00,0.00,0.00,2,0
2026-06-13 14:15:03.727,0.00,0.00,0.00,0.00,2,0
2026-06-13 14:15:03.778,0.00,0.00,0.00,0.00,2,0
2026-06-13 14:15:03.828,0.00,0.00,0.00,0.00,2,0
2026-06-13 14:15:03.878,0.00,0.00,0.00,0.00,2,0
2026-06-13 14:15:03.929,0.00,0.00,0.00,0.00,2,0
2026-06-13 14:15:03.979,0.00,0.00,0.00,0.00,2,0
2026-06-13 14:15:04.030,0.00,0.00,0.00,0.00,2,0
2026-06-13 14:15:04.080,0.00,0.00,0.00,0.00,2,0
2026-06-13 14:15:04.130,0.00,0.00,0.00,0.00,2,0
2026-06-13 14:15:04.181,0.00,0.00,0.00,0.00,2,0
2026-06-13 14:15:04.231,0.00,0.00,0.00,0.00,2,0
2026-06-13 14:15:04.282,0.00,0.00,0.00,0.00,2,0
2026-06-13 14:15:04.332,0.00,0.00,0.00,0.00,2,0
2026-06-13 14:15:04.383,0.00,0.00,0.00,0.00,2,0
2026-06-13 14:15:04.433,0.00,0.00,0.00,0.00,2,0
2026-06-13 14:15:04.483,0.00,0.00,0.00,0.00,2,0
2026-06-13 14:15:04.534,0.00,0.00,0.00,0.00,2,0
2026-06-13 14:15:04.584,0.00,0.00,0.00,0.00,2,0
2026-06-13 14:15:04.635,0.00,0.00,0.00,0.00,2,0
2026-06-13 14:15:04.685,0.00,0.00,0.00,0.00,2,0
2026-06-13 14:15:04.735,0.00,0.00,0.00,0.00,2,0
2026-06-13 14:15:04.786,0.00,0.00,0.00,0.00,2,0
2026-06-13 14:15:04.836,0.00,0.00,0.00,0.00,2,0
2026-06-13 14:15:04.887,0.00,0.00,0.00,0.00,2,0
2026-06-13 14:15:04.937,0.00,0.00,0.00,0.00,2,0
2026-06-13 14:15:04.987,0.00,0.00,0.00,0.00,2,0
2026-06-13 14:15:05.038,0.00,0.00,0.00,0.00,2,0
2026-06-13 14:15:05.088,0.00,0.00,0.00,0.00,2,0
2026-06-13 14:15:05.139,0.00,0.00,0.00,0.00,2,0
2026-06-13 14:15:05.189,0.00,0.00,0.00,0.00,2,0
2026-06-13 14:15:05.240,0.00,0.00,0.00,0.00,2,0
2026-06-13 14:15:05.290,0.00,0.00,0.00,0.00,2,0
2026-06-13 14:15:05.340,0.00,0.00,0.00,0.00,2,0
2026-06-13 14:15:05.391,0.00,0.00,0.00,0.00,2,0
2026-06-13 14:15:05.441,0.00,0.00,0.00,0.00,2,0
2026-06-13 14:15:05.492,0.00,0.00,0.00,0.00,2,0
2026-06-13 14:15:05.542,0.00,0.00,0.00,0.00,2,0
2026-06-13 14:15:05.592,0.00,0.00,0.00,0.00,2,0
2026-06-13 14:15:05.643,0.00,0.00,0.00,0.00,2,0
2026-06-13 14:15:05.693,0.00,0.00,0.00,0.00,2,0
2026-06-13 14:15:05.744,0.00,0.00,0.00,0.00,2,0
2026-06-13 14:15:05.794,0.00,0.00,0.00,0.00,2,0
2026-06-13 14:15:05.844,0.00,0.00,0.00,0.00,2,0
2026-06-13 14:15:05.895,0.00,0.00,0.00,0.00,2,0
2026-06-13 14:15:05.945,0.00,0.00,0.00,0.00,2,0
2026-06-13 14:15:05.996,0.00,0.00,0.00,0.00,2,0
2026-06-13 14:15:06.046,0.00,0.00,0.00,0.00,2,0
2026-06-13 14:15:06.097,0.00,0.00,0.00,0.00,2,0
2026-06-13 14:15:06.147,0.00,0.00,0.00,0.00,2,0
2026-06-13 14:15:06.197,0.00,0.00,0.00,0.00,2,0
2026-06-13 14:15:06.248,0.00,0.00,0.00,0.00,2,0
2026-06-13 14:15:06.298,0.00,0.00,0.00,0.00,2,0
2026-06-13 14:15:06.349,0.00,0.00,0.00,0.00,2,0
2026-06-13 14:15:06.399,0.00,0.00,0.00,0.00,2,0
2026-06-13 14:15:06.449,0.00,0.00,0.00,0.00,2,0
2026-06-13 14:15:06.500,0.00,0.00,0.00,0.00,2,0
2026-06-13 14:15:06.550,0.00,0.00,0.00,0.00,2,0
2026-06-13 14:15:06.601,0.00,0.00,0.00,0.00,2,0
2026-06-13 14:15:06.651,0.00,0.00,0.00,0.00,2,0
2026-06-13 14:15:06.701,0.00,0.00,0.00,0.00,2,0
2026-06-13 14:15:06.752,0.00,0.00,0.00,0.00,2,0
2026-06-13 14:15:06.802,0.00,0.00,0.00,0.00,2,0
2026-06-13 14:15:06.853,0.00,0.00,0.00,0.00,2,0
2026-06-13 14:15:06.903,0.00,0.00,0.00,0.00,2,0
2026-06-13 14:15:06.954,0.00,0.00,0.00,0.00,2,0
2026-06-13 14:15:07.004,0.00,0.00,0.00,0.00,2,0
2026-06-13 14:15:07.054,0.00,0.00,0.00,0.00,2,0
2026-06-13 14:15:07.105,0.00,0.00,0.00,0.00,2,0
2026-06-13 14:15:07.155,0.00,0.00,0.00,0.00,2,0
2026-06-13 14:15:07.206,0.00,0.00,0.00,0.00,2,0
2026-06-13 14:15:07.256,0.00,0.00,0.00,0.00,2,0
2026-06-13 14:15:07.306,0.00,0.00,0.00,0.00,2,0
2026-06-13 14:15:07.357,0.00,0.00,0.00,0.00,2,0
2026-06-13 14:15:07.407,0.00,0.00,0.00,0.00,2,0
2026-06-13 14:15:07.458,0.00,0.00,0.00,0.00,2,0
2026-06-13 14:15:07.508,0.00,0.00,0.00,0.00,2,0
2026-06-13 14:15:07.558,0.00,0.00,0.00,0.00,2,0
2026-06-13 14:15:07.609,0.00,0.00,0.00,0.00,2,0
2026-06-13 14:15:07.659,0.00,0.00,0.00,0.00,2,0
2026-06-13 14:15:07.710,0.00,0.00,0.00,0.00,2,0
2026-06-13 14:15:07.760,0.00,0.00,0.00,0.00,2,0
2026-06-13 14:15:07.810,0.00,0.00,0.00,0.00,2,0
2026-06-13 14:15:07.861,0.00,0.00,0.00,0.00,2,0
2026-06-13 14:15:07.911,0.00,0.00,0.00,0.00,2,0
2026-06-13 14:15:07.962,0.00,0.00,0.00,0.00,2,0
2026-06-13 14:15:08.012,0.00,0.00,0.00,0.00,2,0
2026-06-13 14:15:08.063,0.00,0.00,0.00,0.00,2,0
2026-06-13 14:15:08.114,0.00,0.00,0.00,0.00,2,0
2026-06-13 14:15:08.163,0.00,0.00,0.00,0.00,2,0
2026-06-13 14:15:08.214,0.00,0.00,0.00,0.00,2,0
2026-06-13 14:15:08.264,0.00,0.00,0.00,0.00,2,0
2026-06-13 14:15:08.315,0.00,0.00,0.00,0.00,2,0
2026-06-13 14:15:08.365,0.00,0.00,0.00,0.00,2,0
2026-06-13 14:15:08.416,0.00,0.00,0.00,0.00,2,0
2026-06-13 14:15:08.466,0.00,0.00,0.00,0.00,2,0
2026-06-13 14:15:08.516,0.00,0.00,0.00,0.00,2,0
2026-06-13 14:15:08.567,0.00,0.00,0.00,0.00,2,0
2026-06-13 14:15:08.617,0.00,0.00,0.00,0.00,2,0
2026-06-13 14:15:08.668,0.00,0.00,0.00,0.00,2,0
2026-06-13 14:15:08.719,0.00,0.00,0.00,0.00,2,0
2026-06-13 14:15:08.768,0.00,0.00,0.00,0.00,2,0
2026-06-13 14:15:08.819,0.00,0.00,0.00,0.00,2,0
2026-06-13 14:15:08.869,0.00,0.00,0.00,0.00,2,0
2026-06-13 14:15:08.919,0.00,0.00,0.00,0.00,2,0
2026-06-13 14:15:08.970,0.00,0.00,0.00,0.00,2,0
2026-06-13 14:15:09.020,0.00,0.00,0.00,0.00,2,0
2026-06-13 14:15:09.071,0.00,0.00,0.00,0.00,2,0
2026-06-13 14:15:09.121,0.00,0.00,0.00,0.00,2,0
2026-06-13 14:15:09.172,0.00,0.00,0.00,0.00,2,0
2026-06-13 14:15:09.222,0.00,0.00,0.00,0.00,2,0
2026-06-13 14:15:09.272,0.00,0.00,0.00,0.00,2,0
2026-06-13 14:15:09.323,0.00,0.00,0.00,0.00,2,0
2026-06-13 14:15:09.373,0.00,0.00,0.00,0.00,2,0
2026-06-13 14:15:09.424,0.00,0.00,0.00,0.00,2,0
2026-06-13 14:15:09.474,0.00,0.00,0.00,0.00,2,0
2026-06-13 14:15:09.524,0.00,0.00,0.00,0.00,2,0
2026-06-13 14:15:09.575,0.00,0.00,0.00,0.00,2,0
2026-06-13 14:15:09.625,0.00,0.00,0.00,0.00,2,0
2026-06-13 14:15:09.676,0.00,0.00,0.00,0.00,2,0
2026-06-13 14:15:09.726,0.00,0.00,0.00,0.00,2,0
2026-06-13 14:15:09.777,0.00,0.00,0.00,0.00,2,0
2026-06-13 14:15:09.828,0.00,0.00,0.00,0.00,2,0
2026-06-13 14:15:09.878,0.00,0.00,0.00,0.00,2,0
2026-06-13 14:15:09.928,0.00,0.00,0.00,0.00,2,0
2026-06-13 14:15:09.978,0.00,0.00,0.00,0.00,2,0
2026-06-13 14:15:10.029,0.00,0.00,0.00,0.00,2,0
2026-06-13 14:15:10.079,0.00,0.00,0.00,0.00,2,0
2026-06-13 14:15:10.129,0.00,0.00,0.00,0.00,2,0
2026-06-13 14:15:10.180,0.00,0.00,0.00,0.00,2,0
2026-06-13 14:15:10.230,0.00,0.00,0.00,0.00,2,0
2026-06-13 14:15:10.281,0.00,0.00,0.00,0.00,2,0
2026-06-13 14:15:10.331,0.00,0.00,0.00,0.00,2,0
2026-06-13 14:15:10.381,0.00,0.00,0.00,0.00,2,0
2026-06-13 14:15:10.432,0.00,0.00,0.00,0.00,2,0
2026-06-13 14:15:10.482,0.00,0.00,0.00,0.00,2,0
2026-06-13 14:15:10.533,0.00,0.00,0.00,0.00,2,0
2026-06-13 14:15:10.583,0.00,0.00,0.00,0.00,2,0
2026-06-13 14:15:10.633,0.00,0.00,0.00,0.00,2,0
2026-06-13 14:15:10.684,0.00,0.00,0.00,0.00,2,0
2026-06-13 14:15:10.734,0.00,0.00,0.00,0.00,2,0
2026-06-13 14:15:10.785,0.00,0.00,0.00,0.00,2,0
2026-06-13 14:15:10.835,0.00,0.00,0.00,0.00,2,0
2026-06-13 14:15:10.885,0.00,0.00,0.00,0.00,2,0
2026-06-13 14:15:10.936,0.00,0.00,0.00,0.00,2,0
2026-06-13 14:15:10.986,0.00,0.00,0.00,0.00,2,0
2026-06-13 14:15:11.037,0.00,0.00,0.00,0.00,2,0
2026-06-13 14:15:11.087,0.00,0.00,0.00,0.00,2,0
2026-06-13 14:15:11.138,0.00,0.00,0.00,0.00,2,0
2026-06-13 14:15:11.188,0.00,0.00,0.00,0.00,2,0
2026-06-13 14:15:11.238,0.00,0.00,0.00,0.00,2,0
2026-06-13 14:15:11.289,0.00,0.00,0.00,0.00,2,0
2026-06-13 14:15:11.339,0.00,0.00,0.00,0.00,2,0
2026-06-13 14:15:11.389,0.00,0.00,0.00,0.00,2,0
2026-06-13 14:15:11.440,0.00,0.00,0.00,0.00,2,0
2026-06-13 14:15:11.490,0.00,0.00,0.00,0.00,2,0
2026-06-13 14:15:11.541,0.00,0.00,0.00,0.00,2,0
2026-06-13 14:15:11.591,0.00,0.00,0.00,0.00,2,0
2026-06-13 14:15:11.642,0.00,0.00,0.00,0.00,2,0
2026-06-13 14:15:11.692,0.00,0.00,0.00,0.00,2,0
2026-06-13 14:15:11.742,0.00,0.00,0.00,0.00,2,0
2026-06-13 14:15:11.793,0.00,0.00,0.00,0.00,2,0
2026-06-13 14:15:11.843,0.00,0.00,0.00,0.00,2,0
2026-06-13 14:15:11.893,0.00,0.00,0.00,0.00,2,0
2026-06-13 14:15:11.944,0.00,0.00,0.00,0.00,2,0
2026-06-13 14:15:11.994,0.00,0.00,0.00,0.00,2,0
2026-06-13 14:15:12.045,0.00,0.00,0.00,0.00,2,0
2026-06-13 14:15:12.095,0.00,0.00,0.00,0.00,2,0
2026-06-13 14:15:12.145,0.00,0.00,0.00,0.00,2,0
2026-06-13 14:15:12.196,0.00,0.00,0.00,0.00,2,0
2026-06-13 14:15:12.246,0.00,0.00,0.00,0.00,2,0
2026-06-13 14:15:12.297,0.00,0.00,0.00,0.00,2,0
2026-06-13 14:15:12.347,0.00,0.00,0.00,0.00,2,0
2026-06-13 14:15:12.398,0.00,0.00,0.00,0.00,2,0
2026-06-13 14:15:12.448,0.00,0.00,0.00,0.00,2,0
2026-06-13 14:15:12.498,0.00,0.00,0.00,0.00,2,0
2026-06-13 14:15:12.549,0.00,0.00,0.00,0.00,2,0
2026-06-13 14:15:12.599,0.00,0.00,0.00,0.00,2,0
2026-06-13 14:15:12.650,0.00,0.00,0.00,0.00,2,0
2026-06-13 14:15:12.700,0.00,0.00,0.00,0.00,2,0
2026-06-13 14:15:12.750,0.00,0.00,0.00,0.00,2,0
2026-06-13 14:15:12.801,0.00,0.00,0.00,0.00,2,0
2026-06-13 14:15:12.851,0.00,0.00,0.00,0.00,2,0
2026-06-13 14:15:12.902,0.00,0.00,0.00,0.00,2,0
2026-06-13 14:15:12.952,0.00,0.00,0.00,0.00,2,0
2026-06-13 14:15:13.002,0.00,0.00,0.00,0.00,2,0
2026-06-13 14:15:13.053,0.00,0.00,0.00,0.00,2,0
2026-06-13 14:15:13.103,0.00,0.00,0.00,0.00,2,0
2026-06-13 14:15:13.154,0.00,0.00,0.00,0.00,2,0
2026-06-13 14:15:13.208,0.00,0.00,0.00,0.00,2,0
2026-06-13 14:15:13.254,0.00,0.00,0.00,0.00,2,0
2026-06-13 14:15:13.305,0.00,0.00,0.00,0.00,2,0
2026-06-13 14:15:13.355,0.00,0.00,0.00,0.00,2,0
2026-06-13 14:15:13.406,0.00,0.00,0.00,0.00,2,0
2026-06-13 14:15:13.456,0.00,0.00,0.00,0.00,2,0
2026-06-13 14:15:13.507,0.00,0.00,0.00,0.00,2,0
2026-06-13 14:15:13.557,0.00,0.00,0.00,0.00,2,0
2026-06-13 14:15:13.607,0.00,0.00,0.00,0.00,2,0
2026-06-13 14:15:13.658,0.00,0.00,0.00,0.00,2,0
2026-06-13 14:15:13.708,0.00,0.00,0.00,0.00,2,0
2026-06-13 14:15:13.759,0.00,0.00,0.00,0.00,2,0
2026-06-13 14:15:13.809,0.00,0.00,0.00,0.00,2,0
2026-06-13 14:15:13.860,0.00,0.00,0.00,0.00,2,0
2026-06-13 14:15:13.910,0.00,0.00,0.00,0.00,2,0
2026-06-13 14:15:13.960,0.00,0.00,0.00,0.00,2,0
2026-06-13 14:15:14.010,0.00,0.00,0.00,0.00,2,0
2026-06-13 14:15:14.061,0.00,0.00,0.00,0.00,2,0
2026-06-13 14:15:14.111,0.00,0.00,0.00,0.00,2,0
2026-06-13 14:15:14.162,0.00,0.00,0.00,0.00,2,0
2026-06-13 14:15:14.212,0.00,0.00,0.00,0.00,2,0
2026-06-13 14:15:14.263,0.00,0.00,0.00,0.00,2,0
2026-06-13 14:15:14.313,0.00,0.00,0.00,0.00,2,0
2026-06-13 14:15:14.363,0.00,0.00,0.00,0.00,2,0
2026-06-13 14:15:14.414,0.00,0.00,0.00,0.00,2,0
2026-06-13 14:15:14.464,0.00,0.00,0.00,0.00,2,0
2026-06-13 14:15:14.515,0.00,0.00,0.00,0.00,2,0
2026-06-13 14:15:14.565,0.00,0.00,0.00,0.00,2,0
2026-06-13 14:15:14.615,0.00,0.00,0.00,0.00,2,0
2026-06-13 14:15:14.666,0.00,0.00,0.00,0.00,2,0
2026-06-13 14:15:14.716,0.00,0.00,0.00,0.00,2,0
2026-06-13 14:15:14.767,0.00,0.00,0.00,0.00,2,0
2026-06-13 14:15:14.818,0.00,0.00,0.00,0.00,2,0
2026-06-13 14:15:14.868,0.00,0.00,0.00,0.00,2,0
2026-06-13 14:15:14.918,0.00,0.00,0.00,0.00,2,0
2026-06-13 14:15:14.970,0.00,0.00,0.00,0.00,2,0
2026-06-13 14:15:15.019,0.00,0.00,0.00,0.00,2,0
2026-06-13 14:15:15.069,0.00,0.00,0.00,0.00,2,0
2026-06-13 14:15:15.119,0.00,0.00,0.00,0.00,2,0
2026-06-13 14:15:15.170,0.00,0.00,0.00,0.00,2,0
2026-06-13 14:15:15.220,0.00,0.00,0.00,0.00,2,0
2026-06-13 14:15:15.271,0.00,0.00,0.00,0.00,2,0
2026-06-13 14:15:15.321,0.00,0.00,0.00,0.00,2,0
2026-06-13 14:15:15.371,0.00,0.00,0.00,0.00,2,0
2026-06-13 14:15:15.423,0.00,0.00,0.00,0.00,2,0
2026-06-13 14:15:15.472,0.00,0.00,0.00,0.00,2,0
2026-06-13 14:15:15.523,0.00,0.00,0.00,0.00,2,0
2026-06-13 14:15:15.573,0.00,0.00,0.00,0.00,2,0
2026-06-13 14:15:15.623,0.00,0.00,0.00,0.00,2,0
2026-06-13 14:15:15.674,0.00,0.00,0.00,0.00,2,0
2026-06-13 14:15:15.724,0.00,0.00,0.00,0.00,2,0
2026-06-13 14:15:15.775,0.00,0.00,0.00,0.00,2,0
2026-06-13 14:15:15.826,0.00,0.00,0.00,0.00,2,0
2026-06-13 14:15:15.875,0.00,0.00,0.00,0.00,2,0
2026-06-13 14:15:15.926,0.00,0.00,0.00,0.00,2,0
2026-06-13 14:15:15.976,0.00,0.00,0.00,0.00,2,0
2026-06-13 14:15:16.027,0.00,0.00,0.00,0.00,2,0
2026-06-13 14:15:16.077,0.00,0.00,0.00,0.00,2,0
2026-06-13 14:15:16.127,0.00,0.00,0.00,0.00,2,0
2026-06-13 14:15:16.178,0.00,0.00,0.00,0.00,2,0
2026-06-13 14:15:16.228,0.00,0.00,0.00,0.00,2,0
2026-06-13 14:15:16.279,0.00,0.00,0.00,0.00,2,0
2026-06-13 14:15:16.329,0.00,0.00,0.00,0.00,2,0
2026-06-13 14:15:16.379,0.00,0.00,0.00,0.00,2,0
2026-06-13 14:15:16.430,0.00,0.00,0.00,0.00,2,0
2026-06-13 14:15:16.480,0.00,0.00,0.00,0.00,2,0
2026-06-13 14:15:16.531,0.00,0.00,0.00,0.00,2,0
2026-06-13 14:15:16.581,0.00,0.00,0.00,0.00,2,0
2026-06-13 14:15:16.631,0.00,0.00,0.00,0.00,2,0
2026-06-13 14:15:16.682,0.00,0.00,0.00,0.00,2,0
2026-06-13 14:15:16.732,0.00,0.00,0.00,0.00,2,0
2026-06-13 14:15:16.783,0.00,0.00,0.00,0.00,2,0
2026-06-13 14:15:16.833,0.00,0.00,0.00,0.00,2,0
2026-06-13 14:15:16.883,0.00,0.00,0.00,0.00,2,0
2026-06-13 14:15:16.934,0.00,0.00,0.00,0.00,2,0
2026-06-13 14:15:16.984,0.00,0.00,0.00,0.00,2,0
2026-06-13 14:15:17.035,0.00,0.00,0.00,0.00,2,0
2026-06-13 14:15:17.085,0.00,0.00,0.00,0.00,2,0
2026-06-13 14:15:17.135,0.00,0.00,0.00,0.00,2,0
2026-06-13 14:15:17.186,0.00,0.00,0.00,0.00,2,0
2026-06-13 14:15:17.236,0.00,0.00,0.00,0.00,2,0
2026-06-13 14:15:17.287,0.00,0.00,0.00,0.00,2,0
2026-06-13 14:15:17.337,0.00,0.00,0.00,0.00,2,0
2026-06-13 14:15:17.387,0.00,0.00,0.00,0.00,2,0
2026-06-13 14:15:17.438,0.00,0.00,0.00,0.00,2,0
2026-06-13 14:15:17.488,0.00,0.00,0.00,0.00,2,0
2026-06-13 14:15:17.539,0.00,0.00,0.00,0.00,2,0
2026-06-13 14:15:17.589,0.00,0.00,0.00,0.00,2,0
2026-06-13 14:15:17.639,0.00,0.00,0.00,0.00,2,0
2026-06-13 14:15:17.690,0.00,0.00,0.00,0.00,2,0
2026-06-13 14:15:17.740,0.00,0.00,0.00,0.00,2,0
2026-06-13 14:15:17.791,0.00,0.00,0.00,0.00,2,0
2026-06-13 14:15:17.841,0.00,0.00,0.00,0.00,2,0
2026-06-13 14:15:17.891,0.00,0.00,0.00,0.00,2,0
2026-06-13 14:15:17.942,0.00,0.00,0.00,0.00,2,0
2026-06-13 14:15:17.992,0.00,0.00,0.00,0.00,2,0
2026-06-13 14:15:18.043,0.00,0.00,0.00,0.00,2,0
2026-06-13 14:15:18.093,0.00,0.00,0.00,0.00,2,0
2026-06-13 14:15:18.143,0.00,0.00,0.00,0.00,2,0
2026-06-13 14:15:18.194,0.00,0.00,0.00,0.00,2,0
2026-06-13 14:15:18.244,0.00,0.00,0.00,0.00,2,0
2026-06-13 14:15:18.295,0.00,0.00,0.00,0.00,2,0
2026-06-13 14:15:18.345,0.00,0.00,0.00,0.00,2,0
2026-06-13 14:15:18.395,0.00,0.00,0.00,0.00,2,0
2026-06-13 14:15:18.446,0.00,0.00,0.00,0.00,2,0
2026-06-13 14:15:18.496,0.00,0.00,0.00,0.00,2,0
2026-06-13 14:15:18.547,0.00,0.00,0.00,0.00,2,0
2026-06-13 14:15:18.597,0.00,0.00,0.00,0.00,2,0
2026-06-13 14:15:18.647,0.00,0.00,0.00,0.00,2,0
2026-06-13 14:15:18.698,0.00,0.00,0.00,0.00,2,0
2026-06-13 14:15:18.748,0.00,0.00,0.00,0.00,2,0
2026-06-13 14:15:18.799,0.00,0.00,0.00,0.00,2,0
2026-06-13 14:15:18.849,0.00,0.00,0.00,0.00,2,0
2026-06-13 14:15:18.899,0.00,0.00,0.00,0.00,2,0
2026-06-13 14:15:18.950,0.00,0.00,0.00,0.00,2,0
2026-06-13 14:15:19.000,0.00,0.00,0.00,0.00,2,0
2026-06-13 14:15:19.051,0.00,0.00,0.00,0.00,2,0
2026-06-13 14:15:19.101,0.00,0.00,0.00,0.00,2,0
2026-06-13 14:15:19.151,0.00,0.00,0.00,0.00,2,0
2026-06-13 14:15:19.202,0.00,0.00,0.00,0.00,2,0
2026-06-13 14:15:19.252,0.00,0.00,0.00,0.00,2,0
2026-06-13 14:15:19.303,0.00,0.00,0.00,0.00,2,0
2026-06-13 14:15:19.353,0.00,0.00,0.00,0.00,2,0
2026-06-13 14:15:19.403,0.00,0.00,0.00,0.00,2,0
2026-06-13 14:15:19.454,0.00,0.00,0.00,0.00,2,0
2026-06-13 14:15:19.504,0.00,0.00,0.00,0.00,2,0
2026-06-13 14:15:19.555,0.00,0.00,0.00,0.00,2,0
2026-06-13 14:15:19.605,0.00,0.00,0.00,0.00,2,0
2026-06-13 14:15:19.655,0.00,0.00,0.00,0.00,2,0
2026-06-13 14:15:19.706,0.00,0.00,0.00,0.00,2,0
2026-06-13 14:15:19.756,0.00,0.00,0.00,0.00,2,0
2026-06-13 14:15:19.807,0.00,0.00,0.00,0.00,2,0
2026-06-13 14:15:19.857,0.00,0.00,0.00,0.00,2,0
2026-06-13 14:15:19.907,0.00,0.00,0.00,0.00,2,0
2026-06-13 14:15:19.958,0.00,0.00,0.00,0.00,2,0
2026-06-13 14:15:20.008,0.00,0.00,0.00,0.00,2,0
2026-06-13 14:15:20.059,0.00,0.00,0.00,0.00,2,0
2026-06-13 14:15:20.109,0.00,0.00,0.00,0.00,2,0
2026-06-13 14:15:20.159,0.00,0.00,0.00,0.00,2,0
2026-06-13 14:15:20.210,0.00,0.00,0.00,0.00,2,0
2026-06-13 14:15:20.260,0.00,0.00,0.00,0.00,2,0
2026-06-13 14:15:20.311,0.00,0.00,0.00,0.00,2,0
2026-06-13 14:15:20.361,0.00,0.00,0.00,0.00,2,0
2026-06-13 14:15:20.411,0.00,0.00,0.00,0.00,2,0
2026-06-13 14:15:20.462,0.00,0.00,0.00,0.00,2,0
2026-06-13 14:15:20.512,0.00,0.00,0.00,0.00,2,0
2026-06-13 14:15:20.563,0.00,0.00,0.00,0.00,2,0
2026-06-13 14:15:20.613,0.00,0.00,0.00,0.00,2,0
2026-06-13 14:15:20.663,0.00,0.00,0.00,0.00,2,0
2026-06-13 14:15:20.714,0.00,0.00,0.00,0.00,2,0
2026-06-13 14:15:20.764,0.00,0.00,0.00,0.00,2,0
2026-06-13 14:15:20.815,0.00,0.00,0.00,0.00,2,0
2026-06-13 14:15:20.865,0.00,0.00,0.00,0.00,2,0
2026-06-13 14:15:20.915,0.00,0.00,0.00,0.00,2,0
2026-06-13 14:15:20.966,0.00,0.00,0.00,0.00,2,0
2026-06-13 14:15:21.016,0.00,0.00,0.00,0.00,2,0
2026-06-13 14:15:21.067,0.00,0.00,0.00,0.00,2,0
2026-06-13 14:15:21.117,0.00,0.00,0.00,0.00,2,0
2026-06-13 14:15:21.167,0.00,0.00,0.00,0.00,2,0
2026-06-13 14:15:21.218,0.00,0.00,0.00,0.00,2,0
2026-06-13 14:15:21.268,0.00,0.00,0.00,0.00,2,0
2026-06-13 14:15:21.319,0.00,0.00,0.00,0.00,2,0
2026-06-13 14:15:21.369,0.00,0.00,0.00,0.00,2,0
2026-06-13 14:15:21.419,0.00,0.00,0.00,0.00,2,0
2026-06-13 14:15:21.470,0.00,0.00,0.00,0.00,2,0
2026-06-13 14:15:21.520,0.00,0.00,0.00,0.00,2,0
2026-06-13 14:15:21.571,0.00,0.00,0.00,0.00,2,0
2026-06-13 14:15:21.621,0.00,0.00,0.00,0.00,2,0
2026-06-13 14:15:21.671,0.00,0.00,0.00,0.00,2,0
2026-06-13 14:15:21.722,0.00,0.00,0.00,0.00,2,0
2026-06-13 14:15:21.772,0.00,0.00,0.00,0.00,2,0
2026-06-13 14:15:21.823,0.00,0.00,0.00,0.00,2,0
2026-06-13 14:15:21.873,0.00,0.00,0.00,0.00,2,0
2026-06-13 14:15:21.923,0.00,0.00,0.00,0.00,2,0
2026-06-13 14:15:21.974,0.00,0.00,0.00,0.00,2,0
2026-06-13 14:15:22.024,0.00,0.00,0.00,0.00,2,0
2026-06-13 14:15:22.075,0.00,0.00,0.00,0.00,2,0
2026-06-13 14:15:22.125,0.00,0.00,0.00,0.00,2,0
2026-06-13 14:15:22.175,0.00,0.00,0.00,0.00,2,0
2026-06-13 14:15:22.226,0.00,0.00,0.00,0.00,2,0
2026-06-13 14:15:22.276,0.00,0.00,0.00,0.00,2,0
2026-06-13 14:15:22.327,0.00,0.00,0.00,0.00,2,0
2026-06-13 14:15:22.377,0.00,0.00,0.00,0.00,2,0
2026-06-13 14:15:22.427,0.00,0.00,0.00,0.00,2,0
2026-06-13 14:15:22.478,0.00,0.00,0.00,0.00,2,0
2026-06-13 14:15:22.528,0.00,0.00,0.00,0.00,2,0
2026-06-13 14:15:22.579,0.00,0.00,0.00,0.00,2,0
2026-06-13 14:15:22.629,0.00,0.00,0.00,0.00,2,0
2026-06-13 14:15:22.679,0.00,0.00,0.00,0.00,2,0
2026-06-13 14:15:22.730,0.00,0.00,0.00,0.00,2,0
2026-06-13 14:15:22.780,0.00,0.00,0.00,0.00,2,0
2026-06-13 14:15:22.831,0.00,0.00,0.00,0.00,2,0
2026-06-13 14:15:22.881,0.00,0.00,0.00,0.00,2,0
2026-06-13 14:15:22.931,0.00,0.00,0.00,0.00,2,0
2026-06-13 14:15:22.982,0.00,0.00,0.00,0.00,2,0
2026-06-13 14:15:23.032,0.00,0.00,0.00,0.00,2,0
2026-06-13 14:15:23.083,0.00,0.00,0.00,0.00,2,0
2026-06-13 14:15:23.133,0.00,0.00,0.00,0.00,2,0
2026-06-13 14:15:23.183,0.00,0.00,0.00,0.00,2,0
2026-06-13 14:15:23.234,0.00,0.00,0.00,0.00,2,0
2026-06-13 14:15:23.284,0.00,0.00,0.00,0.00,2,0
2026-06-13 14:15:23.335,0.00,0.00,0.00,0.00,2,0
2026-06-13 14:15:23.385,0.00,0.00,0.00,0.00,2,0
2026-06-13 14:15:23.435,0.00,0.00,0.00,0.00,2,0
2026-06-13 14:15:23.486,0.00,0.00,0.00,0.00,2,0
2026-06-13 14:15:23.536,0.00,0.00,0.00,0.00,2,0
2026-06-13 14:15:23.587,0.00,0.00,0.00,0.00,2,0
2026-06-13 14:15:23.637,0.00,0.00,0.00,0.00,2,0
2026-06-13 14:15:23.687,0.00,0.00,0.00,0.00,2,0
2026-06-13 14:15:23.738,0.00,0.00,0.00,0.00,2,0
2026-06-13 14:15:23.788,0.00,0.00,0.00,0.00,2,0
2026-06-13 14:15:23.838,0.00,0.00,0.00,0.00,2,0
2026-06-13 14:15:23.889,0.00,0.00,0.00,0.00,2,0
2026-06-13 14:15:23.939,0.00,0.00,0.00,0.00,2,0
2026-06-13 14:15:23.990,0.00,0.00,0.00,0.00,2,0
2026-06-13 14:15:24.040,0.00,0.00,0.00,0.00,2,0
2026-06-13 14:15:24.090,0.00,0.00,0.00,0.00,2,0
2026-06-13 14:15:24.141,0.00,0.00,0.00,0.00,2,0
2026-06-13 14:15:24.191,0.00,0.00,0.00,0.00,2,0
2026-06-13 14:15:24.242,0.00,0.00,0.00,0.00,2,0
2026-06-13 14:15:24.292,0.00,0.00,0.00,0.00,2,0
2026-06-13 14:15:24.342,0.00,0.00,0.00,0.00,2,0
2026-06-13 14:15:24.393,0.00,0.00,0.00,0.00,2,0
2026-06-13 14:15:24.443,0.00,0.00,0.00,0.00,2,0
2026-06-13 14:15:24.494,0.00,0.00,0.00,0.00,2,0
2026-06-13 14:15:24.544,0.00,0.00,0.00,0.00,2,0
2026-06-13 14:15:24.595,0.00,0.00,0.00,0.00,2,0
2026-06-13 14:15:24.645,0.00,0.00,0.00,0.00,2,0
2026-06-13 14:15:24.695,0.00,0.00,0.00,0.00,2,0
2026-06-13 14:15:24.746,0.00,0.00,0.00,0.00,2,0
2026-06-13 14:15:24.796,0.00,0.00,0.00,0.00,2,0
2026-06-13 14:15:24.847,0.00,0.00,0.00,0.00,2,0
2026-06-13 14:15:24.897,0.00,0.00,0.00,0.00,2,0
2026-06-13 14:15:24.948,0.00,0.00,0.00,0.00,2,0
2026-06-13 14:15:24.998,0.00,0.00,0.00,0.00,2,0
2026-06-13 14:15:25.048,0.00,0.00,0.00,0.00,2,0
2026-06-13 14:15:25.099,0.00,0.00,0.00,0.00,2,0
2026-06-13 14:15:25.149,0.00,0.00,0.00,0.00,2,0
2026-06-13 14:15:25.199,0.00,0.00,0.00,0.00,2,0
2026-06-13 14:15:25.250,0.00,0.00,0.00,0.00,2,0
2026-06-13 14:15:25.300,0.00,0.00,0.00,0.00,2,0
2026-06-13 14:15:25.351,0.00,0.00,0.00,0.00,2,0
2026-06-13 14:15:25.401,0.00,0.00,0.00,0.00,2,0
2026-06-13 14:15:25.451,0.00,0.00,0.00,0.00,2,0
2026-06-13 14:15:25.502,0.00,0.00,0.00,0.00,2,0
2026-06-13 14:15:25.552,0.00,0.00,0.00,0.00,2,0
2026-06-13 14:15:25.603,0.00,0.00,0.00,0.00,2,0
2026-06-13 14:15:25.653,0.00,0.00,0.00,0.00,2,0
2026-06-13 14:15:25.703,0.00,0.00,0.00,0.00,2,0
2026-06-13 14:15:25.754,0.00,0.00,0.00,0.00,2,0
2026-06-13 14:15:25.804,0.00,0.00,0.00,0.00,2,0
2026-06-13 14:15:25.855,0.00,0.00,0.00,0.00,2,0
2026-06-13 14:15:25.905,0.00,0.00,0.00,0.00,2,0
2026-06-13 14:15:25.955,0.00,0.00,0.00,0.00,2,0
2026-06-13 14:15:26.006,0.00,0.00,0.00,0.00,2,0
2026-06-13 14:15:26.056,0.00,0.00,0.00,0.00,2,0
2026-06-13 14:15:26.107,0.00,0.00,0.00,0.00,2,0
2026-06-13 14:15:26.157,0.00,0.00,0.00,0.00,2,0
2026-06-13 14:15:26.207,0.00,0.00,0.00,0.00,2,0
2026-06-13 14:15:26.258,0.00,0.00,0.00,0.00,2,0
2026-06-13 14:15:26.308,0.00,0.00,0.00,0.00,2,0
2026-06-13 14:15:26.359,0.00,0.00,0.00,0.00,2,0
2026-06-13 14:15:26.409,0.00,0.00,0.00,0.00,2,0
2026-06-13 14:15:26.459,0.00,0.00,0.00,0.00,2,0
2026-06-13 14:15:26.510,0.00,0.00,0.00,0.00,2,0
2026-06-13 14:15:26.560,0.00,0.00,0.00,0.00,2,0
2026-06-13 14:15:26.610,0.00,0.00,0.00,0.00,2,0
2026-06-13 14:15:26.661,0.00,0.00,0.00,0.00,2,0
2026-06-13 14:15:26.711,0.00,0.00,0.00,0.00,2,0
2026-06-13 14:15:26.762,0.00,0.00,0.00,0.00,2,0
2026-06-13 14:15:26.812,0.00,0.00,0.00,0.00,2,0
2026-06-13 14:15:26.862,0.00,0.00,0.00,0.00,2,0
2026-06-13 14:15:26.913,0.00,0.00,0.00,0.00,2,0
2026-06-13 14:15:26.963,0.00,0.00,0.00,0.00,2,0
2026-06-13 14:15:27.014,0.00,0.00,0.00,0.00,2,0
2026-06-13 14:15:27.064,0.00,0.00,0.00,0.00,2,0
2026-06-13 14:15:27.114,0.00,0.00,0.00,0.00,2,0
2026-06-13 14:15:27.165,0.00,0.00,0.00,0.00,2,0
2026-06-13 14:15:27.215,0.00,0.00,0.00,0.00,2,0
2026-06-13 14:15:27.266,0.00,0.00,0.00,0.00,2,0
2026-06-13 14:15:27.316,0.00,0.00,0.00,0.00,2,0
2026-06-13 14:15:27.367,0.00,0.00,0.00,0.00,2,0
2026-06-13 14:15:27.417,0.00,0.00,0.00,0.00,2,0
2026-06-13 14:15:27.467,0.00,0.00,0.00,0.00,2,0
2026-06-13 14:15:27.518,0.00,0.00,0.00,0.00,2,0
2026-06-13 14:15:27.568,0.00,0.00,0.00,0.00,2,0
2026-06-13 14:15:27.618,0.00,0.00,0.00,0.00,2,0
2026-06-13 14:15:27.669,0.00,0.00,0.00,0.00,2,0
2026-06-13 14:15:27.719,0.00,0.00,0.00,0.00,2,0
2026-06-13 14:15:27.770,0.00,0.00,0.00,0.00,2,0
2026-06-13 14:15:27.820,0.00,0.00,0.00,0.00,2,0
2026-06-13 14:15:27.870,0.00,0.00,0.00,0.00,2,0
2026-06-13 14:15:27.921,0.00,0.00,0.00,0.00,2,0
2026-06-13 14:15:27.971,0.00,0.00,0.00,0.00,2,0
2026-06-13 14:15:28.022,0.00,0.00,0.00,0.00,2,0
2026-06-13 14:15:28.072,0.00,0.00,0.00,0.00,2,0
2026-06-13 14:15:28.122,0.00,0.00,0.00,0.00,2,0
2026-06-13 14:15:28.173,0.00,0.00,0.00,0.00,2,0
2026-06-13 14:15:28.223,0.00,0.00,0.00,0.00,2,0
2026-06-13 14:15:28.274,0.00,0.00,0.00,0.00,2,0
2026-06-13 14:15:28.324,0.00,0.00,0.00,0.00,2,0
2026-06-13 14:15:28.374,0.00,0.00,0.00,0.00,2,0
2026-06-13 14:15:28.425,0.00,0.00,0.00,0.00,2,0
2026-06-13 14:15:28.475,0.00,0.00,0.00,0.00,2,0
2026-06-13 14:15:28.526,0.00,0.00,0.00,0.00,2,0
2026-06-13 14:15:28.576,0.00,0.00,0.00,0.00,2,0
2026-06-13 14:15:28.626,0.00,0.00,0.00,0.00,2,0
2026-06-13 14:15:28.677,0.00,0.00,0.00,0.00,2,0
2026-06-13 14:15:28.727,0.00,0.00,0.00,0.00,2,0
2026-06-13 14:15:28.777,0.00,0.00,0.00,0.00,2,0
2026-06-13 14:15:28.828,0.00,0.00,0.00,0.00,2,0
2026-06-13 14:15:28.878,0.00,0.00,0.00,0.00,2,0
2026-06-13 14:15:28.929,0.00,0.00,0.00,0.00,2,0
2026-06-13 14:15:28.979,0.00,0.00,0.00,0.00,2,0
2026-06-13 14:15:29.029,0.00,0.00,0.00,0.00,2,0
2026-06-13 14:15:29.080,0.00,0.00,0.00,0.00,2,0
2026-06-13 14:15:29.130,0.00,0.00,0.00,0.00,2,0
2026-06-13 14:15:29.181,0.00,0.00,0.00,0.00,2,0
2026-06-13 14:15:29.231,0.00,0.00,0.00,0.00,2,0
2026-06-13 14:15:29.281,0.00,0.00,0.00,0.00,2,0
2026-06-13 14:15:29.332,0.00,0.00,0.00,0.00,2,0
2026-06-13 14:15:29.382,0.00,0.00,0.00,0.00,2,0
2026-06-13 14:15:29.433,0.00,0.00,0.00,0.00,2,0
2026-06-13 14:15:29.483,0.00,0.00,0.00,0.00,2,0
2026-06-13 14:15:29.533,0.00,0.00,0.00,0.00,2,0
2026-06-13 14:15:29.584,0.00,0.00,0.00,0.00,2,0
2026-06-13 14:15:29.634,0.00,0.00,0.00,0.00,2,0
2026-06-13 14:15:29.685,0.00,0.00,0.00,0.00,2,0
2026-06-13 14:15:29.735,0.00,0.00,0.00,0.00,2,0
2026-06-13 14:15:29.785,0.00,0.00,0.00,0.00,2,0
2026-06-13 14:15:29.836,0.00,0.00,0.00,0.00,2,0
2026-06-13 14:15:29.886,0.00,0.00,0.00,0.00,2,0
2026-06-13 14:15:29.937,0.00,0.00,0.00,0.00,2,0
2026-06-13 14:15:29.987,0.00,0.00,0.00,0.00,2,0
2026-06-13 14:15:30.038,0.00,0.00,0.00,0.00,2,0
2026-06-13 14:15:30.088,0.00,0.00,0.00,0.00,2,0
2026-06-13 14:15:30.138,0.00,0.00,0.00,0.00,2,0
2026-06-13 14:15:30.189,0.00,0.00,0.00,0.00,2,0
2026-06-13 14:15:30.239,0.00,0.00,0.00,0.00,2,0
2026-06-13 14:15:30.290,0.00,0.00,0.00,0.00,2,0
2026-06-13 14:15:30.340,0.00,0.00,0.00,0.00,2,0
2026-06-13 14:15:30.390,0.00,0.00,0.00,0.00,2,0
2026-06-13 14:15:30.441,0.00,0.00,0.00,0.00,2,0
2026-06-13 14:15:30.491,0.00,0.00,0.00,0.00,2,0
2026-06-13 14:15:30.541,0.00,0.00,0.00,0.00,2,0
2026-06-13 14:15:30.592,0.00,0.00,0.00,0.00,2,0
2026-06-13 14:15:30.642,0.00,0.00,0.00,0.00,2,0
2026-06-13 14:15:30.693,0.00,0.00,0.00,0.00,2,0
2026-06-13 14:15:30.743,0.00,0.00,0.00,0.00,2,0
2026-06-13 14:15:30.794,0.00,0.00,0.00,0.00,2,0
2026-06-13 14:15:30.844,0.00,0.00,0.00,0.00,2,0
2026-06-13 14:15:30.894,0.00,0.00,0.00,0.00,2,0
2026-06-13 14:15:30.945,0.00,0.00,0.00,0.00,2,0
2026-06-13 14:15:30.995,0.00,0.00,0.00,0.00,2,0
2026-06-13 14:15:31.045,0.00,0.00,0.00,0.00,2,0
2026-06-13 14:15:31.096,0.00,0.00,0.00,0.00,2,0
2026-06-13 14:15:31.146,0.00,0.00,0.00,0.00,2,0
2026-06-13 14:15:31.197,0.00,0.00,0.00,0.00,2,0
2026-06-13 14:15:31.247,0.00,0.00,0.00,0.00,2,0
2026-06-13 14:15:31.299,0.00,0.00,0.00,0.00,2,0
2026-06-13 14:15:31.348,0.00,0.00,0.00,0.00,2,0
2026-06-13 14:15:31.398,0.00,0.00,0.00,0.00,2,0
2026-06-13 14:15:31.448,0.00,0.00,0.00,0.00,2,0
2026-06-13 14:15:31.500,0.00,0.00,0.00,0.00,2,0
2026-06-13 14:15:31.549,0.00,0.00,0.00,0.00,2,0
2026-06-13 14:15:31.600,0.00,0.00,0.00,0.00,2,0
2026-06-13 14:15:31.650,0.00,0.00,0.00,0.00,2,0
2026-06-13 14:15:31.700,0.00,0.00,0.00,0.00,2,0
2026-06-13 14:15:31.751,0.00,0.00,0.00,0.00,2,0
2026-06-13 14:15:31.801,0.00,0.00,0.00,0.00,2,0
2026-06-13 14:15:31.852,0.00,0.00,0.00,0.00,2,0
2026-06-13 14:15:31.902,0.00,0.00,0.00,0.00,2,0
2026-06-13 14:15:31.953,0.00,0.00,0.00,0.00,2,0
2026-06-13 14:15:32.003,0.00,0.00,0.00,0.00,2,0
2026-06-13 14:15:32.053,0.00,0.00,0.00,0.00,2,0
2026-06-13 14:15:32.104,0.00,0.00,0.00,0.00,2,0
2026-06-13 14:15:32.154,0.00,0.00,0.00,0.00,2,0
2026-06-13 14:15:32.204,0.00,0.00,0.00,0.00,2,0
2026-06-13 14:15:32.255,0.00,0.00,0.00,0.00,2,0
2026-06-13 14:15:32.305,0.00,0.00,0.00,0.00,2,0
2026-06-13 14:15:32.356,0.00,0.00,0.00,0.00,2,0
2026-06-13 14:15:32.406,0.00,0.00,0.00,0.00,2,0
2026-06-13 14:15:32.456,0.00,0.00,0.00,0.00,2,0
2026-06-13 14:15:32.507,0.00,0.00,0.00,0.00,2,0
2026-06-13 14:15:32.557,0.00,0.00,0.00,0.00,2,0
2026-06-13 14:15:32.607,0.00,0.00,0.00,0.00,2,0
2026-06-13 14:15:32.658,0.00,0.00,0.00,0.00,2,0
2026-06-13 14:15:32.708,0.00,0.00,0.00,0.00,2,0
2026-06-13 14:15:32.759,0.00,0.00,0.00,0.00,2,0
2026-06-13 14:15:32.809,0.00,0.00,0.00,0.00,2,0
2026-06-13 14:15:32.859,0.00,0.00,0.00,0.00,2,0
2026-06-13 14:15:32.910,0.00,0.00,0.00,0.00,2,0
2026-06-13 14:15:32.960,0.00,0.00,0.00,0.00,2,0
2026-06-13 14:15:33.011,0.00,0.00,0.00,0.00,2,0
2026-06-13 14:15:33.061,0.00,0.00,0.00,0.00,2,0
2026-06-13 14:15:33.111,0.00,0.00,0.00,0.00,2,0
2026-06-13 14:15:33.162,0.00,0.00,0.00,0.00,2,0
2026-06-13 14:15:33.212,0.00,0.00,0.00,0.00,2,0
2026-06-13 14:15:33.263,0.00,0.00,0.00,0.00,2,0
2026-06-13 14:15:33.313,0.00,0.00,0.00,0.00,2,0
2026-06-13 14:15:33.363,0.00,0.00,0.00,0.00,2,0
2026-06-13 14:15:33.414,0.00,0.00,0.00,0.00,2,0
2026-06-13 14:15:33.464,0.00,0.00,0.00,0.00,2,0
2026-06-13 14:15:33.515,0.00,0.00,0.00,0.00,2,0
2026-06-13 14:15:33.565,0.00,0.00,0.00,0.00,2,0
2026-06-13 14:15:33.615,0.00,0.00,0.00,0.00,2,0
2026-06-13 14:15:33.666,0.00,0.00,0.00,0.00,2,0
2026-06-13 14:15:33.716,0.00,0.00,0.00,0.00,2,0
2026-06-13 14:15:33.767,0.00,0.00,0.00,0.00,2,0
2026-06-13 14:15:33.817,0.00,0.00,0.00,0.00,2,0
2026-06-13 14:15:33.867,0.00,0.00,0.00,0.00,2,0
2026-06-13 14:15:33.918,0.00,0.00,0.00,0.00,2,0
2026-06-13 14:15:33.968,0.00,0.00,0.00,0.00,2,0
2026-06-13 14:15:34.019,0.00,0.00,0.00,0.00,2,0
2026-06-13 14:15:34.069,0.00,0.00,0.00,0.00,2,0
2026-06-13 14:15:34.119,0.00,0.00,0.00,0.00,2,0
2026-06-13 14:15:34.170,0.00,0.00,0.00,0.00,2,0
2026-06-13 14:15:34.220,0.00,0.00,0.00,0.00,2,0
2026-06-13 14:15:34.271,0.00,0.00,0.00,0.00,2,0
2026-06-13 14:15:34.321,0.00,0.00,0.00,0.00,2,0
2026-06-13 14:15:34.371,0.00,0.00,0.00,0.00,2,0
2026-06-13 14:15:34.422,0.00,0.00,0.00,0.00,2,0
2026-06-13 14:15:34.472,0.00,0.00,0.00,0.00,2,0
2026-06-13 14:15:34.522,0.00,0.00,0.00,0.00,2,0
2026-06-13 14:15:34.573,0.00,0.00,0.00,0.00,2,0
2026-06-13 14:15:34.623,0.00,0.00,0.00,0.00,2,0
2026-06-13 14:15:34.674,0.00,0.00,0.00,0.00,2,0
2026-06-13 14:15:34.724,0.00,0.00,0.00,0.00,2,0
2026-06-13 14:15:34.775,0.00,0.00,0.00,0.00,2,0
2026-06-13 14:15:34.825,0.00,0.00,0.00,0.00,2,0
2026-06-13 14:15:34.875,0.00,0.00,0.00,0.00,2,0
2026-06-13 14:15:34.926,0.00,0.00,0.00,0.00,2,0
2026-06-13 14:15:34.976,0.00,0.00,0.00,0.00,2,0
2026-06-13 14:15:35.027,0.00,0.00,0.00,0.00,2,0
2026-06-13 14:15:35.077,0.00,0.00,0.00,0.00,2,0
2026-06-13 14:15:35.127,0.00,0.00,0.00,0.00,2,0
2026-06-13 14:15:35.178,0.00,0.00,0.00,0.00,2,0
2026-06-13 14:15:35.228,0.00,0.00,0.00,0.00,2,0
2026-06-13 14:15:35.278,0.00,0.00,0.00,0.00,2,0
2026-06-13 14:15:35.329,0.00,0.00,0.00,0.00,2,0
2026-06-13 14:15:35.379,0.00,0.00,0.00,0.00,2,0
2026-06-13 14:15:35.430,0.00,0.00,0.00,0.00,2,0
2026-06-13 14:15:35.480,0.00,0.00,0.00,0.00,2,0
2026-06-13 14:15:35.530,0.00,0.00,0.00,0.00,2,0
2026-06-13 14:15:35.581,0.00,0.00,0.00,0.00,2,0
2026-06-13 14:15:35.631,0.00,0.00,0.00,0.00,2,0
2026-06-13 14:15:35.682,0.00,0.00,0.00,0.00,2,0
2026-06-13 14:15:35.732,0.00,0.00,0.00,0.00,2,0
2026-06-13 14:15:35.782,0.00,0.00,0.00,0.00,2,0
2026-06-13 14:15:35.833,0.00,0.00,0.00,0.00,2,0
2026-06-13 14:15:35.883,0.00,0.00,0.00,0.00,2,0
2026-06-13 14:15:35.933,0.00,0.00,0.00,0.00,2,0
2026-06-13 14:15:35.984,0.00,0.00,0.00,0.00,2,0
2026-06-13 14:15:36.034,0.00,0.00,0.00,0.00,2,0
2026-06-13 14:15:36.085,0.00,0.00,0.00,0.00,2,0
2026-06-13 14:15:36.135,0.00,0.00,0.00,0.00,2,0
2026-06-13 14:15:36.185,0.00,0.00,0.00,0.00,2,0
2026-06-13 14:15:36.236,0.00,0.00,0.00,0.00,2,0
2026-06-13 14:15:36.286,0.00,0.00,0.00,0.00,2,0
2026-06-13 14:15:36.337,0.00,0.00,0.00,0.00,2,0
2026-06-13 14:15:36.387,0.00,0.00,0.00,0.00,2,0
2026-06-13 14:15:36.437,0.00,0.00,0.00,0.00,2,0
2026-06-13 14:15:36.488,0.00,0.00,0.00,0.00,2,0
2026-06-13 14:15:36.538,0.00,0.00,0.00,0.00,2,0
2026-06-13 14:15:36.589,0.00,0.00,0.00,0.00,2,0
2026-06-13 14:15:36.639,0.00,0.00,0.00,0.00,2,0
2026-06-13 14:15:36.689,0.00,0.00,0.00,0.00,2,0
2026-06-13 14:15:36.740,0.00,0.00,0.00,0.00,2,0
2026-06-13 14:15:36.790,0.00,0.00,0.00,0.00,2,0
2026-06-13 14:15:36.841,0.00,0.00,0.00,0.00,2,0
2026-06-13 14:15:36.891,0.00,0.00,0.00,0.00,2,0
2026-06-13 14:15:36.941,0.00,0.00,0.00,0.00,2,0
2026-06-13 14:15:36.992,0.00,0.00,0.00,0.00,2,0
2026-06-13 14:15:37.042,0.00,0.00,0.00,0.00,2,0
2026-06-13 14:15:37.092,0.00,0.00,0.00,0.00,2,0
2026-06-13 14:15:37.143,0.00,0.00,0.00,0.00,2,0
2026-06-13 14:15:37.193,0.00,0.00,0.00,0.00,2,0
2026-06-13 14:15:37.244,0.00,0.00,0.00,0.00,2,0
2026-06-13 14:15:37.294,0.00,0.00,0.00,0.00,2,0
2026-06-13 14:15:37.344,0.00,0.00,0.00,0.00,2,0
2026-06-13 14:15:37.395,0.00,0.00,0.00,0.00,2,0
2026-06-13 14:15:37.445,0.00,0.00,0.00,0.00,2,0
2026-06-13 14:15:37.496,0.00,0.00,0.00,0.00,2,0
2026-06-13 14:15:37.546,0.00,0.00,0.00,0.00,2,0
2026-06-13 14:15:37.596,0.00,0.00,0.00,0.00,2,0
2026-06-13 14:15:37.647,0.00,0.00,0.00,0.00,2,0
2026-06-13 14:15:37.697,0.00,0.00,0.00,0.00,2,0
2026-06-13 14:15:37.748,0.00,0.00,0.00,0.00,2,0
2026-06-13 14:15:37.798,0.00,0.00,0.00,0.00,2,0
2026-06-13 14:15:37.848,0.00,0.00,0.00,0.00,2,0
2026-06-13 14:15:37.899,0.00,0.00,0.00,0.00,2,0
2026-06-13 14:15:37.949,0.00,0.00,0.00,0.00,2,0
2026-06-13 14:15:38.000,0.00,0.00,0.00,0.00,2,0
2026-06-13 14:15:38.050,0.00,0.00,0.00,0.00,2,0
2026-06-13 14:15:38.100,0.00,0.00,0.00,0.00,2,0
2026-06-13 14:15:38.151,0.00,0.00,0.00,0.00,2,0
2026-06-13 14:15:38.201,0.00,0.00,0.00,0.00,2,0
2026-06-13 14:15:38.252,0.00,0.00,0.00,0.00,2,0
2026-06-13 14:15:38.302,0.00,0.00,0.00,0.00,2,0
2026-06-13 14:15:38.352,0.00,0.00,0.00,0.00,2,0
2026-06-13 14:15:38.403,0.00,0.00,0.00,0.00,2,0
2026-06-13 14:15:38.453,0.00,0.00,0.00,0.00,2,0
2026-06-13 14:15:38.503,0.00,0.00,0.00,0.00,2,0
2026-06-13 14:15:38.554,0.00,0.00,0.00,0.00,2,0
2026-06-13 14:15:38.604,0.00,0.00,0.00,0.00,2,0
2026-06-13 14:15:38.655,0.00,0.00,0.00,0.00,2,0
2026-06-13 14:15:38.705,0.00,0.00,0.00,0.00,2,0
2026-06-13 14:15:38.755,0.00,0.00,0.00,0.00,2,0
2026-06-13 14:15:38.806,0.00,0.00,0.00,0.00,2,0
2026-06-13 14:15:38.856,0.00,0.00,0.00,0.00,2,0
2026-06-13 14:15:38.907,0.00,0.00,0.00,0.00,2,0
2026-06-13 14:15:38.957,0.00,0.00,0.00,0.00,2,0
2026-06-13 14:15:39.007,0.00,0.00,0.00,0.00,2,0
2026-06-13 14:15:39.058,0.00,0.00,0.00,0.00,2,0
2026-06-13 14:15:39.108,0.00,0.00,0.00,0.00,2,0
2026-06-13 14:15:39.159,0.00,0.00,0.00,0.00,2,0
2026-06-13 14:15:39.209,0.00,0.00,0.00,0.00,2,0
2026-06-13 14:15:39.259,0.00,0.00,0.00,0.00,2,0
2026-06-13 14:15:39.310,0.00,0.00,0.00,0.00,2,0
2026-06-13 14:15:39.360,0.00,0.00,0.00,0.00,2,0
2026-06-13 14:15:39.411,0.00,0.00,0.00,0.00,2,0
2026-06-13 14:15:39.461,0.00,0.00,0.00,0.00,2,0
2026-06-13 14:15:39.511,0.00,0.00,0.00,0.00,2,0
2026-06-13 14:15:39.562,0.00,0.00,0.00,0.00,2,0
2026-06-13 14:15:39.612,0.00,0.00,0.00,0.00,2,0
2026-06-13 14:15:39.663,0.00,0.00,0.00,0.00,2,0
2026-06-13 14:15:39.713,0.00,0.00,0.00,0.00,2,0
2026-06-13 14:15:39.763,0.00,0.00,0.00,0.00,2,0
2026-06-13 14:15:39.814,0.00,0.00,0.00,0.00,2,0
2026-06-13 14:15:39.864,0.00,0.00,0.00,0.00,2,0
2026-06-13 14:15:39.914,0.00,0.00,0.00,0.00,2,0
2026-06-13 14:15:39.965,0.00,0.00,0.00,0.00,2,0
2026-06-13 14:15:40.015,0.00,0.00,0.00,0.00,2,0
2026-06-13 14:15:40.066,0.00,0.00,0.00,0.00,2,0
2026-06-13 14:15:40.116,0.00,0.00,0.00,0.00,2,0
2026-06-13 14:15:40.166,0.00,0.00,0.00,0.00,2,0
2026-06-13 14:15:40.217,0.00,0.00,0.00,0.00,2,0
2026-06-13 14:15:40.267,0.00,0.00,0.00,0.00,2,0
2026-06-13 14:15:40.318,0.00,0.00,0.00,0.00,2,0
2026-06-13 14:15:40.368,0.00,0.00,0.00,0.00,2,0
2026-06-13 14:15:40.418,0.00,0.00,0.00,0.00,2,0
2026-06-13 14:15:40.469,0.00,0.00,0.00,0.00,2,0
2026-06-13 14:15:40.519,0.00,0.00,0.00,0.00,2,0
2026-06-13 14:15:40.570,0.00,0.00,0.00,0.00,2,0
2026-06-13 14:15:40.620,0.00,0.00,0.00,0.00,2,0
2026-06-13 14:15:40.670,0.00,0.00,0.00,0.00,2,0
2026-06-13 14:15:40.721,0.00,0.00,0.00,0.00,2,0
2026-06-13 14:15:40.771,0.00,0.00,0.00,0.00,2,0
2026-06-13 14:15:40.822,0.00,0.00,0.00,0.00,2,0
2026-06-13 14:15:40.872,0.00,0.00,0.00,0.00,2,0
2026-06-13 14:15:40.922,0.00,0.00,0.00,0.00,2,0
2026-06-13 14:15:40.973,0.00,0.00,0.00,0.00,2,0
2026-06-13 14:15:41.023,0.00,0.00,0.00,0.00,2,0
2026-06-13 14:15:41.073,0.00,0.00,0.00,0.00,2,0
2026-06-13 14:15:41.124,0.00,0.00,0.00,0.00,2,0
2026-06-13 14:15:41.174,0.00,0.00,0.00,0.00,2,0
2026-06-13 14:15:41.225,0.00,0.00,0.00,0.00,2,0
2026-06-13 14:15:41.275,0.00,0.00,0.00,0.00,2,0
2026-06-13 14:15:41.325,0.00,0.00,0.00,0.00,2,0
2026-06-13 14:15:41.376,0.00,0.00,0.00,0.00,2,0
2026-06-13 14:15:41.426,0.00,0.00,0.00,0.00,2,0
2026-06-13 14:15:41.477,0.00,0.00,0.00,0.00,2,0
2026-06-13 14:15:41.527,0.00,0.00,0.00,0.00,2,0
2026-06-13 14:15:41.577,0.00,0.00,0.00,0.00,2,0
2026-06-13 14:15:41.628,0.00,0.00,0.00,0.00,2,0
2026-06-13 14:15:41.678,0.00,0.00,0.00,0.00,2,0
2026-06-13 14:15:41.729,0.00,0.00,0.00,0.00,2,0
2026-06-13 14:15:41.779,0.00,0.00,0.00,0.00,2,0
2026-06-13 14:15:41.829,0.00,0.00,0.00,0.00,2,0
2026-06-13 14:15:41.880,0.00,0.00,0.00,0.00,2,0
2026-06-13 14:15:41.930,0.00,0.00,0.00,0.00,2,0
2026-06-13 14:15:41.981,0.00,0.00,0.00,0.00,2,0
2026-06-13 14:15:42.031,0.00,0.00,0.00,0.00,2,0
2026-06-13 14:15:42.081,0.00,0.00,0.00,0.00,2,0
2026-06-13 14:15:42.132,0.00,0.00,0.00,0.00,2,0
2026-06-13 14:15:42.182,0.00,0.00,0.00,0.00,2,0
2026-06-13 14:15:42.232,0.00,0.00,0.00,0.00,2,0
2026-06-13 14:15:42.283,0.00,0.00,0.00,0.00,2,0
2026-06-13 14:15:42.333,0.00,0.00,0.00,0.00,2,0
2026-06-13 14:15:42.384,0.00,0.00,0.00,0.00,2,0
2026-06-13 14:15:42.434,0.00,0.00,0.00,0.00,2,0
2026-06-13 14:15:42.484,0.00,0.00,0.00,0.00,2,0
2026-06-13 14:15:42.535,0.00,0.00,0.00,0.00,2,0
2026-06-13 14:15:42.585,0.00,0.00,0.00,0.00,2,0
2026-06-13 14:15:42.636,0.00,0.00,0.00,0.00,2,0
2026-06-13 14:15:42.686,0.00,0.00,0.00,0.00,2,0
2026-06-13 14:15:42.736,0.00,0.00,0.00,0.00,2,0
2026-06-13 14:15:42.787,0.00,0.00,0.00,0.00,2,0
2026-06-13 14:15:42.837,0.00,0.00,0.00,0.00,2,0
2026-06-13 14:15:42.888,0.00,0.00,0.00,0.00,2,0
2026-06-13 14:15:42.938,0.00,0.00,0.00,0.00,2,0
2026-06-13 14:15:42.988,0.00,0.00,0.00,0.00,2,0
2026-06-13 14:15:43.039,0.00,0.00,0.00,0.00,2,0
2026-06-13 14:15:43.089,0.00,0.00,0.00,0.00,2,0
2026-06-13 14:15:43.139,0.00,0.00,0.00,0.00,2,0
2026-06-13 14:15:43.190,0.00,0.00,0.00,0.00,2,0
2026-06-13 14:15:43.240,0.00,0.00,0.00,0.00,2,0
2026-06-13 14:15:43.291,0.00,0.00,0.00,0.00,2,0
2026-06-13 14:15:43.341,0.00,0.00,0.00,0.00,2,0
2026-06-13 14:15:43.391,0.00,0.00,0.00,0.00,2,0
2026-06-13 14:15:43.442,0.00,0.00,0.00,0.00,2,0
2026-06-13 14:15:43.492,0.00,0.00,0.00,0.00,2,0
2026-06-13 14:15:43.543,0.00,0.00,0.00,0.00,2,0
2026-06-13 14:15:43.593,0.00,0.00,0.00,0.00,2,0
2026-06-13 14:15:43.643,0.00,0.00,0.00,0.00,2,0
2026-06-13 14:15:43.694,0.00,0.00,0.00,0.00,2,0
2026-06-13 14:15:43.744,0.00,0.00,0.00,0.00,2,0
2026-06-13 14:15:43.795,0.00,0.00,0.00,0.00,2,0
2026-06-13 14:15:43.845,0.00,0.00,0.00,0.00,2,0
2026-06-13 14:15:43.895,0.00,0.00,0.00,0.00,2,0
2026-06-13 14:15:43.946,0.00,0.00,0.00,0.00,2,0
2026-06-13 14:15:43.996,0.00,0.00,0.00,0.00,2,0
2026-06-13 14:15:44.047,0.00,0.00,0.00,0.00,2,0
2026-06-13 14:15:44.097,0.00,0.00,0.00,0.00,2,0
2026-06-13 14:15:44.147,0.00,0.00,0.00,0.00,2,0
2026-06-13 14:15:44.198,0.00,0.00,0.00,0.00,2,0
2026-06-13 14:15:44.248,0.00,0.00,0.00,0.00,2,0
2026-06-13 14:15:44.299,0.00,0.00,0.00,0.00,2,0
2026-06-13 14:15:44.349,0.00,0.00,0.00,0.00,2,0
2026-06-13 14:15:44.399,0.00,0.00,0.00,0.00,2,0
2026-06-13 14:15:44.450,0.00,0.00,0.00,0.00,2,0
2026-06-13 14:15:44.500,0.00,0.00,0.00,0.00,2,0
2026-06-13 14:15:44.550,0.00,0.00,0.00,0.00,2,0
2026-06-13 14:15:44.601,0.00,0.00,0.00,0.00,2,0
2026-06-13 14:15:44.651,0.00,0.00,0.00,0.00,2,0
2026-06-13 14:15:44.702,0.00,0.00,0.00,0.00,2,0
2026-06-13 14:15:44.752,0.00,0.00,0.00,0.00,2,0
2026-06-13 14:15:44.802,0.00,0.00,0.00,0.00,2,0
2026-06-13 14:15:44.853,0.00,0.00,0.00,0.00,2,0
2026-06-13 14:15:44.903,0.00,0.00,0.00,0.00,2,0
2026-06-13 14:15:44.954,0.00,0.00,0.00,0.00,2,0
2026-06-13 14:15:45.004,0.00,0.00,0.00,0.00,2,0
2026-06-13 14:15:45.054,0.00,0.00,0.00,0.00,2,0
2026-06-13 14:15:45.105,0.00,0.00,0.00,0.00,2,0
2026-06-13 14:15:45.155,0.00,0.00,0.00,0.00,2,0
2026-06-13 14:15:45.206,0.00,0.00,0.00,0.00,2,0
2026-06-13 14:15:45.256,0.00,0.00,0.00,0.00,2,0
2026-06-13 14:15:45.306,0.00,0.00,0.00,0.00,2,0
2026-06-13 14:15:45.357,0.00,0.00,0.00,0.00,2,0
2026-06-13 14:15:45.407,0.00,0.00,0.00,0.00,2,0
2026-06-13 14:15:45.457,0.00,0.00,0.00,0.00,2,0
2026-06-13 14:15:45.508,0.00,0.00,0.00,0.00,2,0
2026-06-13 14:15:45.558,0.00,0.00,0.00,0.00,2,0
2026-06-13 14:15:45.609,0.00,0.00,0.00,0.00,2,0
2026-06-13 14:15:45.659,0.00,0.00,0.00,0.00,2,0
2026-06-13 14:15:45.709,0.00,0.00,0.00,0.00,2,0
2026-06-13 14:15:45.760,0.00,0.00,0.00,0.00,2,0
2026-06-13 14:15:45.810,0.00,0.00,0.00,0.00,2,0
2026-06-13 14:15:45.861,0.00,0.00,0.00,0.00,2,0
2026-06-13 14:15:45.911,0.00,0.00,0.00,0.00,2,0
2026-06-13 14:15:45.961,0.00,0.00,0.00,0.00,2,0
2026-06-13 14:15:46.012,0.00,0.00,0.00,0.00,2,0
2026-06-13 14:15:46.062,0.00,0.00,0.00,0.00,2,0
2026-06-13 14:15:46.113,0.00,0.00,0.00,0.00,2,0
2026-06-13 14:15:46.163,0.00,0.00,0.00,0.00,2,0
2026-06-13 14:15:46.213,0.00,0.00,0.00,0.00,2,0
2026-06-13 14:15:46.264,0.00,0.00,0.00,0.00,2,0
2026-06-13 14:15:46.314,0.00,0.00,0.00,0.00,2,0
2026-06-13 14:15:46.365,0.00,0.00,0.00,0.00,2,0
2026-06-13 14:15:46.415,0.00,0.00,0.00,0.00,2,0
2026-06-13 14:15:46.465,0.00,0.00,0.00,0.00,2,0
2026-06-13 14:15:46.516,0.00,0.00,0.00,0.00,2,0
2026-06-13 14:15:46.566,0.00,0.00,0.00,0.00,2,0
2026-06-13 14:15:46.617,0.00,0.00,0.00,0.00,2,0
2026-06-13 14:15:46.667,0.00,0.00,0.00,0.00,2,0
2026-06-13 14:15:46.717,0.00,0.00,0.00,0.00,2,0
2026-06-13 14:15:46.768,0.00,0.00,0.00,0.00,2,0
2026-06-13 14:15:46.818,0.00,0.00,0.00,0.00,2,0
2026-06-13 14:15:46.868,0.00,0.00,0.00,0.00,2,0
2026-06-13 14:15:46.919,0.00,0.00,0.00,0.00,2,0
2026-06-13 14:15:46.969,0.00,0.00,0.00,0.00,2,0
2026-06-13 14:15:47.020,0.00,0.00,0.00,0.00,2,0
2026-06-13 14:15:47.070,0.00,0.00,0.00,0.00,2,0
2026-06-13 14:15:47.120,0.00,0.00,0.00,0.00,2,0
2026-06-13 14:15:47.171,0.00,0.00,0.00,0.00,2,0
2026-06-13 14:15:47.221,0.00,0.00,0.00,0.00,2,0
2026-06-13 14:15:47.272,0.00,0.00,0.00,0.00,2,0
2026-06-13 14:15:47.322,0.00,0.00,0.00,0.00,2,0
2026-06-13 14:15:47.372,0.00,0.00,0.00,0.00,2,0
2026-06-13 14:15:47.423,0.00,0.00,0.00,0.00,2,0
2026-06-13 14:15:47.473,0.00,0.00,0.00,0.00,2,0
2026-06-13 14:15:47.524,0.00,0.00,0.00,0.00,2,0
2026-06-13 14:15:47.579,0.00,0.00,0.00,0.00,2,0
2026-06-13 14:15:47.624,0.00,0.00,0.00,0.00,2,0
2026-06-13 14:15:47.675,0.00,0.00,0.00,0.00,2,0
2026-06-13 14:15:47.725,0.00,0.00,0.00,0.00,2,0
2026-06-13 14:15:47.776,0.00,0.00,0.00,0.00,2,0
2026-06-13 14:15:47.826,0.00,0.00,0.00,0.00,2,0
2026-06-13 14:15:47.876,0.00,0.00,0.00,0.00,2,0
2026-06-13 14:15:47.927,0.00,0.00,0.00,0.00,2,0
2026-06-13 14:15:47.977,0.00,0.00,0.00,0.00,2,0
2026-06-13 14:15:48.028,0.00,0.00,0.00,0.00,2,0
2026-06-13 14:15:48.079,0.00,0.00,0.00,0.00,2,0
2026-06-13 14:15:48.128,0.00,0.00,0.00,0.00,2,0
2026-06-13 14:15:48.179,0.00,0.00,0.00,0.00,2,0
2026-06-13 14:15:48.229,0.00,0.00,0.00,0.00,2,0
2026-06-13 14:15:48.280,0.00,0.00,0.00,0.00,2,0
2026-06-13 14:15:48.330,0.00,0.00,0.00,0.00,2,0
2026-06-13 14:15:48.380,0.00,0.00,0.00,0.00,2,0
2026-06-13 14:15:48.431,0.00,0.00,0.00,0.00,2,0
2026-06-13 14:15:48.481,0.00,0.00,0.00,0.00,2,0
2026-06-13 14:15:48.531,0.00,0.00,0.00,0.00,2,0
2026-06-13 14:15:48.582,0.00,0.00,0.00,0.00,2,0
2026-06-13 14:15:48.632,0.00,0.00,0.00,0.00,2,0
2026-06-13 14:15:48.683,0.00,0.00,0.00,0.00,2,0
2026-06-13 14:15:48.733,0.00,0.00,0.00,0.00,2,0
2026-06-13 14:15:48.783,0.00,0.00,0.00,0.00,2,0
2026-06-13 14:15:48.834,0.00,0.00,0.00,0.00,2,0
2026-06-13 14:15:48.884,0.00,0.00,0.00,0.00,2,0
2026-06-13 14:15:48.934,0.00,0.00,0.00,0.00,2,0
2026-06-13 14:15:48.985,0.00,0.00,0.00,0.00,2,0
2026-06-13 14:15:49.035,0.00,0.00,0.00,0.00,2,0
2026-06-13 14:15:49.086,0.00,0.00,0.00,0.00,2,0
2026-06-13 14:15:49.136,0.00,0.00,0.00,0.00,2,0
2026-06-13 14:15:49.186,0.00,0.00,0.00,0.00,2,0
2026-06-13 14:15:49.237,0.00,0.00,0.00,0.00,2,0
2026-06-13 14:15:49.287,0.00,0.00,0.00,0.00,2,0
2026-06-13 14:15:49.338,0.00,0.00,0.00,0.00,2,0
2026-06-13 14:15:49.388,0.00,0.00,0.00,0.00,2,0
2026-06-13 14:15:49.438,0.00,0.00,0.00,0.00,2,0
2026-06-13 14:15:49.489,0.00,0.00,0.00,0.00,2,0
2026-06-13 14:15:49.539,0.00,0.00,0.00,0.00,2,0
2026-06-13 14:15:49.590,0.00,0.00,0.00,0.00,2,0
2026-06-13 14:15:49.640,0.00,0.00,0.00,0.00,2,0
2026-06-13 14:15:49.690,0.00,0.00,0.00,0.00,2,0
2026-06-13 14:15:49.741,0.00,0.00,0.00,0.00,2,0
2026-06-13 14:15:49.791,0.00,0.00,0.00,0.00,2,0
2026-06-13 14:15:49.842,0.00,0.00,0.00,0.00,2,0
2026-06-13 14:15:49.892,0.00,0.00,0.00,0.00,2,0
2026-06-13 14:15:49.942,0.00,0.00,0.00,0.00,2,0
2026-06-13 14:15:49.993,0.00,0.00,0.00,0.00,2,0
2026-06-13 14:15:50.043,0.00,0.00,0.00,0.00,2,0
2026-06-13 14:15:50.094,0.00,0.00,0.00,0.00,2,0
2026-06-13 14:15:50.144,0.00,0.00,0.00,0.00,2,0
2026-06-13 14:15:50.194,0.00,0.00,0.00,0.00,2,0
2026-06-13 14:15:50.245,0.00,0.00,0.00,0.00,2,0
2026-06-13 14:15:50.295,0.00,0.00,0.00,0.00,2,0
2026-06-13 14:15:50.345,0.00,0.00,0.00,0.00,2,0
2026-06-13 14:15:50.396,0.00,0.00,0.00,0.00,2,0
2026-06-13 14:15:50.446,0.00,0.00,0.00,0.00,2,0
2026-06-13 14:15:50.497,0.00,0.00,0.00,0.00,2,0
2026-06-13 14:15:50.547,0.00,0.00,0.00,0.00,2,0
2026-06-13 14:15:50.598,0.00,0.00,0.00,0.00,2,0
2026-06-13 14:15:50.648,0.00,0.00,0.00,0.00,2,0
2026-06-13 14:15:50.698,0.00,0.00,0.00,0.00,2,0
2026-06-13 14:15:50.749,0.00,0.00,0.00,0.00,2,0
2026-06-13 14:15:50.799,0.00,0.00,0.00,0.00,2,0
2026-06-13 14:15:50.849,0.00,0.00,0.00,0.00,2,0
2026-06-13 14:15:50.900,0.00,0.00,0.00,0.00,2,0
2026-06-13 14:15:50.950,0.00,0.00,0.00,0.00,2,0
2026-06-13 14:15:51.000,0.00,0.00,0.00,0.00,2,0
2026-06-13 14:15:51.051,0.00,0.00,0.00,0.00,2,0
2026-06-13 14:15:51.101,0.00,0.00,0.00,0.00,2,0
2026-06-13 14:15:51.152,0.00,0.00,0.00,0.00,2,0
2026-06-13 14:15:51.202,0.00,0.00,0.00,0.00,2,0
2026-06-13 14:15:51.252,0.00,0.00,0.00,0.00,2,0
2026-06-13 14:15:51.303,0.00,0.00,0.00,0.00,2,0
2026-06-13 14:15:51.353,0.00,0.00,0.00,0.00,2,0
2026-06-13 14:15:51.403,0.00,0.00,0.00,0.00,2,0
2026-06-13 14:15:51.454,0.00,0.00,0.00,0.00,2,0
2026-06-13 14:15:51.504,0.00,0.00,0.00,0.00,2,0
2026-06-13 14:15:51.555,0.00,0.00,0.00,0.00,2,0
2026-06-13 14:15:51.605,0.00,0.00,0.00,0.00,2,0
2026-06-13 14:15:51.655,0.00,0.00,0.00,0.00,2,0
2026-06-13 14:15:51.706,0.00,0.00,0.00,0.00,2,0
2026-06-13 14:15:51.756,0.00,0.00,0.00,0.00,2,0
2026-06-13 14:15:51.807,0.00,0.00,0.00,0.00,2,0
2026-06-13 14:15:51.857,0.00,0.00,0.00,0.00,2,0
2026-06-13 14:15:51.907,0.00,0.00,0.00,0.00,2,0
2026-06-13 14:15:51.958,0.00,0.00,0.00,0.00,2,0
2026-06-13 14:15:52.008,0.00,0.00,0.00,0.00,2,0
2026-06-13 14:15:52.059,0.00,0.00,0.00,0.00,2,0
2026-06-13 14:15:52.109,0.00,0.00,0.00,0.00,2,0
2026-06-13 14:15:52.159,0.00,0.00,0.00,0.00,2,0
2026-06-13 14:15:52.210,0.00,0.00,0.00,0.00,2,0
2026-06-13 14:15:52.260,0.00,0.00,0.00,0.00,2,0
2026-06-13 14:15:52.310,0.00,0.00,0.00,0.00,2,0
2026-06-13 14:15:52.361,0.00,0.00,0.00,0.00,2,0
2026-06-13 14:15:52.411,0.00,0.00,0.00,0.00,2,0
2026-06-13 14:15:52.462,0.00,0.00,0.00,0.00,2,0
2026-06-13 14:15:52.512,0.00,0.00,0.00,0.00,2,0
2026-06-13 14:15:52.562,0.00,0.00,0.00,0.00,2,0
2026-06-13 14:15:52.613,0.00,0.00,0.00,0.00,2,0
2026-06-13 14:15:52.663,0.00,0.00,0.00,0.00,2,0
2026-06-13 14:15:52.714,0.00,0.00,0.00,0.00,2,0
2026-06-13 14:15:52.764,0.00,0.00,0.00,0.00,2,0
2026-06-13 14:15:52.814,0.00,0.00,0.00,0.00,2,0
2026-06-13 14:15:52.865,0.00,0.00,0.00,0.00,2,0
2026-06-13 14:15:52.915,0.00,0.00,0.00,0.00,2,0
2026-06-13 14:15:52.966,0.00,0.00,0.00,0.00,2,0
2026-06-13 14:15:53.016,0.00,0.00,0.00,0.00,2,0
2026-06-13 14:15:53.066,0.00,0.00,0.00,0.00,2,0
2026-06-13 14:15:53.117,0.00,0.00,0.00,0.00,2,0
2026-06-13 14:15:53.167,0.00,0.00,0.00,0.00,2,0
2026-06-13 14:15:53.217,0.00,0.00,0.00,0.00,2,0
2026-06-13 14:15:53.268,0.00,0.00,0.00,0.00,2,0
2026-06-13 14:15:53.318,0.00,0.00,0.00,0.00,2,0
2026-06-13 14:15:53.369,0.00,0.00,0.00,0.00,2,0
2026-06-13 14:15:53.419,0.00,0.00,0.00,0.00,2,0
2026-06-13 14:15:53.469,0.00,0.00,0.00,0.00,2,0
2026-06-13 14:15:53.520,0.00,0.00,0.00,0.00,2,0
2026-06-13 14:15:53.570,0.00,0.00,0.00,0.00,2,0
2026-06-13 14:15:53.621,0.00,0.00,0.00,0.00,2,0
2026-06-13 14:15:53.671,0.00,0.00,0.00,0.00,2,0
2026-06-13 14:15:53.721,0.00,0.00,0.00,0.00,2,0
2026-06-13 14:15:53.772,0.00,0.00,0.00,0.00,2,0
2026-06-13 14:15:53.822,0.00,0.00,0.00,0.00,2,0
2026-06-13 14:15:53.873,0.00,0.00,0.00,0.00,2,0
2026-06-13 14:15:53.923,0.00,0.00,0.00,0.00,2,0
2026-06-13 14:15:53.973,0.00,0.00,0.00,0.00,2,0
2026-06-13 14:15:54.024,0.00,0.00,0.00,0.00,2,0
2026-06-13 14:15:54.074,0.00,0.00,0.00,0.00,2,0
2026-06-13 14:15:54.124,0.00,0.00,0.00,0.00,2,0
2026-06-13 14:15:54.175,0.00,0.00,0.00,0.00,2,0
2026-06-13 14:15:54.225,0.00,0.00,0.00,0.00,2,0
2026-06-13 14:15:54.276,0.00,0.00,0.00,0.00,2,0
2026-06-13 14:15:54.326,0.00,0.00,0.00,0.00,2,0
2026-06-13 14:15:54.376,0.00,0.00,0.00,0.00,2,0
2026-06-13 14:15:54.427,0.00,0.00,0.00,0.00,2,0
2026-06-13 14:15:54.477,0.00,0.00,0.00,0.00,2,0
2026-06-13 14:15:54.528,0.00,0.00,0.00,0.00,2,0
2026-06-13 14:15:54.578,0.00,0.00,0.00,0.00,2,0
2026-06-13 14:15:54.628,0.00,0.00,0.00,0.00,2,0
2026-06-13 14:15:54.679,0.00,0.00,0.00,0.00,2,0
2026-06-13 14:15:54.729,0.00,0.00,0.00,0.00,2,0
2026-06-13 14:15:54.779,0.00,0.00,0.00,0.00,2,0
2026-06-13 14:15:54.830,0.00,0.00,0.00,0.00,2,0
2026-06-13 14:15:54.880,0.00,0.00,0.00,0.00,2,0
2026-06-13 14:15:54.931,0.00,0.00,0.00,0.00,2,0
2026-06-13 14:15:54.981,0.00,0.00,0.00,0.00,2,0
2026-06-13 14:15:55.031,0.00,0.00,0.00,0.00,2,0
2026-06-13 14:15:55.082,0.00,0.00,0.00,0.00,2,0
2026-06-13 14:15:55.132,0.00,0.00,0.00,0.00,2,0
2026-06-13 14:15:55.183,0.00,0.00,0.00,0.00,2,0
2026-06-13 14:15:55.233,0.00,0.00,0.00,0.00,2,0
2026-06-13 14:15:55.283,0.00,0.00,0.00,0.00,2,0
2026-06-13 14:15:55.334,0.00,0.00,0.00,0.00,2,0
2026-06-13 14:15:55.384,0.00,0.00,0.00,0.00,2,0
2026-06-13 14:15:55.435,0.00,0.00,0.00,0.00,2,0
2026-06-13 14:15:55.485,0.00,0.00,0.00,0.00,2,0
2026-06-13 14:15:55.535,0.00,0.00,0.00,0.00,2,0
2026-06-13 14:15:55.586,0.00,0.00,0.00,0.00,2,0
2026-06-13 14:15:55.636,0.00,0.00,0.00,0.00,2,0
2026-06-13 14:15:55.686,0.00,0.00,0.00,0.00,2,0
2026-06-13 14:15:55.737,0.00,0.00,0.00,0.00,2,0
2026-06-13 14:15:55.787,0.00,0.00,0.00,0.00,2,0
2026-06-13 14:15:55.838,0.00,0.00,0.00,0.00,2,0
2026-06-13 14:15:55.888,0.00,0.00,0.00,0.00,2,0
2026-06-13 14:15:55.938,0.00,0.00,0.00,0.00,2,0
2026-06-13 14:15:55.989,0.00,0.00,0.00,0.00,2,0
2026-06-13 14:15:56.039,0.00,0.00,0.00,0.00,2,0
2026-06-13 14:15:56.090,0.00,0.00,0.00,0.00,2,0
2026-06-13 14:15:56.140,0.00,0.00,0.00,0.00,2,0
2026-06-13 14:15:56.190,0.00,0.00,0.00,0.00,2,0
2026-06-13 14:15:56.241,0.00,0.00,0.00,0.00,2,0
2026-06-13 14:15:56.291,0.00,0.00,0.00,0.00,2,0
2026-06-13 14:15:56.342,0.00,0.00,0.00,0.00,2,0
2026-06-13 14:15:56.392,0.00,0.00,0.00,0.00,2,0
2026-06-13 14:15:56.442,0.00,0.00,0.00,0.00,2,0
2026-06-13 14:15:56.493,0.00,0.00,0.00,0.00,2,0
2026-06-13 14:15:56.543,0.00,0.00,0.00,0.00,2,0
2026-06-13 14:15:56.593,0.00,0.00,0.00,0.00,2,0
2026-06-13 14:15:56.644,0.00,0.00,0.00,0.00,2,0
2026-06-13 14:15:56.694,0.00,0.00,0.00,0.00,2,0
2026-06-13 14:15:56.745,0.00,0.00,0.00,0.00,2,0
2026-06-13 14:15:56.795,0.00,0.00,0.00,0.00,2,0
2026-06-13 14:15:56.845,0.00,0.00,0.00,0.00,2,0
2026-06-13 14:15:56.896,0.00,0.00,0.00,0.00,2,0
2026-06-13 14:15:56.946,0.00,0.00,0.00,0.00,2,0
2026-06-13 14:15:56.997,0.00,0.00,0.00,0.00,2,0
2026-06-13 14:15:57.047,0.00,0.00,0.00,0.00,2,0
2026-06-13 14:15:57.097,0.00,0.00,0.00,0.00,2,0
2026-06-13 14:15:57.148,0.00,0.00,0.00,0.00,2,0
2026-06-13 14:15:57.198,0.00,0.00,0.00,0.00,2,0
2026-06-13 14:15:57.248,0.00,0.00,0.00,0.00,2,0
2026-06-13 14:15:57.299,0.00,0.00,0.00,0.00,2,0
2026-06-13 14:15:57.349,0.00,0.00,0.00,0.00,2,0
2026-06-13 14:15:57.400,0.00,0.00,0.00,0.00,2,0
2026-06-13 14:15:57.450,0.00,0.00,0.00,0.00,2,0
2026-06-13 14:15:57.500,0.00,0.00,0.00,0.00,2,0
2026-06-13 14:15:57.551,0.00,0.00,0.00,0.00,2,0
2026-06-13 14:15:57.601,0.00,0.00,0.00,0.00,2,0
2026-06-13 14:15:57.652,0.00,0.00,0.00,0.00,2,0
2026-06-13 14:15:57.702,0.00,0.00,0.00,0.00,2,0
2026-06-13 14:15:57.752,0.00,0.00,0.00,0.00,2,0
2026-06-13 14:15:57.803,0.00,0.00,0.00,0.00,2,0
2026-06-13 14:15:57.853,0.00,0.00,0.00,0.00,2,0
2026-06-13 14:15:57.904,0.00,0.00,0.00,0.00,2,0
2026-06-13 14:15:57.954,0.00,0.00,0.00,0.00,2,0
2026-06-13 14:15:58.004,0.00,0.00,0.00,0.00,2,0
2026-06-13 14:15:58.055,0.00,0.00,0.00,0.00,2,0
2026-06-13 14:15:58.105,0.00,0.00,0.00,0.00,2,0
2026-06-13 14:15:58.156,0.00,0.00,0.00,0.00,2,0
2026-06-13 14:15:58.206,0.00,0.00,0.00,0.00,2,0
2026-06-13 14:15:58.256,0.00,0.00,0.00,0.00,2,0
2026-06-13 14:15:58.307,0.00,0.00,0.00,0.00,2,0
2026-06-13 14:15:58.357,0.00,0.00,0.00,0.00,2,0
2026-06-13 14:15:58.407,0.00,0.00,0.00,0.00,2,0
2026-06-13 14:15:58.458,0.00,0.00,0.00,0.00,2,0
2026-06-13 14:15:58.508,0.00,0.00,0.00,0.00,2,0
2026-06-13 14:15:58.559,0.00,0.00,0.00,0.00,2,0
2026-06-13 14:15:58.609,0.00,0.00,0.00,0.00,2,0
2026-06-13 14:15:58.659,0.00,0.00,0.00,0.00,2,0
2026-06-13 14:15:58.710,0.00,0.00,0.00,0.00,2,0
2026-06-13 14:15:58.760,0.00,0.00,0.00,0.00,2,0
2026-06-13 14:15:58.811,0.00,0.00,0.00,0.00,2,0
2026-06-13 14:15:58.861,0.00,0.00,0.00,0.00,2,0
2026-06-13 14:15:58.911,0.00,0.00,0.00,0.00,2,0
2026-06-13 14:15:58.962,0.00,0.00,0.00,0.00,2,0
2026-06-13 14:15:59.012,0.00,0.00,0.00,0.00,2,0
2026-06-13 14:15:59.062,0.00,0.00,0.00,0.00,2,0
2026-06-13 14:15:59.113,0.00,0.00,0.00,0.00,2,0
2026-06-13 14:15:59.163,0.00,0.00,0.00,0.00,2,0
2026-06-13 14:15:59.214,0.00,0.00,0.00,0.00,2,0
2026-06-13 14:15:59.264,0.00,0.00,0.00,0.00,2,0
2026-06-13 14:15:59.314,0.00,0.00,0.00,0.00,2,0
2026-06-13 14:15:59.365,0.00,0.00,0.00,0.00,2,0
2026-06-13 14:15:59.415,0.00,0.00,0.00,0.00,2,0
2026-06-13 14:15:59.466,0.00,0.00,0.00,0.00,2,0
2026-06-13 14:15:59.516,0.00,0.00,0.00,0.00,2,0
2026-06-13 14:15:59.566,0.00,0.00,0.00,0.00,2,0
2026-06-13 14:15:59.617,0.00,0.00,0.00,0.00,2,0
2026-06-13 14:15:59.667,0.00,0.00,0.00,0.00,2,0
2026-06-13 14:15:59.718,0.00,0.00,0.00,0.00,2,0
2026-06-13 14:15:59.768,0.00,0.00,0.00,0.00,2,0
2026-06-13 14:15:59.818,0.00,0.00,0.00,0.00,2,0
2026-06-13 14:15:59.869,0.00,0.00,0.00,0.00,2,0
2026-06-13 14:15:59.919,0.00,0.00,0.00,0.00,2,0
2026-06-13 14:15:59.970,0.00,0.00,0.00,0.00,2,0
2026-06-13 14:16:00.020,0.00,0.00,0.00,0.00,2,0
2026-06-13 14:16:00.070,0.00,0.00,0.00,0.00,2,0
2026-06-13 14:16:00.121,0.00,0.00,0.00,0.00,2,0
2026-06-13 14:16:00.171,0.00,0.00,0.00,0.00,2,0
2026-06-13 14:16:00.221,0.00,0.00,0.00,0.00,2,0
2026-06-13 14:16:00.272,0.00,0.00,0.00,0.00,2,0
2026-06-13 14:16:00.322,0.00,0.00,0.00,0.00,2,0
2026-06-13 14:16:00.373,0.00,0.00,0.00,0.00,2,0
2026-06-13 14:16:00.423,0.00,0.00,0.00,0.00,2,0
2026-06-13 14:16:00.473,0.00,0.00,0.00,0.00,2,0
2026-06-13 14:16:00.524,0.00,0.00,0.00,0.00,2,0
2026-06-13 14:16:00.574,0.00,0.00,0.00,0.00,2,0
2026-06-13 14:16:00.625,0.00,0.00,0.00,0.00,2,0
2026-06-13 14:16:00.675,0.00,0.00,0.00,0.00,2,0
2026-06-13 14:16:00.725,0.00,0.00,0.00,0.00,2,0
2026-06-13 14:16:00.776,0.00,0.00,0.00,0.00,2,0
2026-06-13 14:16:00.826,0.00,0.00,0.00,0.00,2,0
2026-06-13 14:16:00.877,0.00,0.00,0.00,0.00,2,0
2026-06-13 14:16:00.927,0.00,0.00,0.00,0.00,2,0
2026-06-13 14:16:00.978,0.00,0.00,0.00,0.00,2,0
2026-06-13 14:16:01.028,0.00,0.00,0.00,0.00,2,0
2026-06-13 14:16:01.078,0.00,0.00,0.00,0.00,2,0
2026-06-13 14:16:01.128,0.00,0.00,0.00,0.00,2,0
2026-06-13 14:16:01.179,0.00,0.00,0.00,0.00,2,0
2026-06-13 14:16:01.229,0.00,0.00,0.00,0.00,2,0
2026-06-13 14:16:01.280,0.00,0.00,0.00,0.00,2,0
2026-06-13 14:16:01.330,0.00,0.00,0.00,0.00,2,0
2026-06-13 14:16:01.380,0.00,0.00,0.00,0.00,2,0
2026-06-13 14:16:01.431,0.00,0.00,0.00,0.00,2,0
2026-06-13 14:16:01.481,0.00,0.00,0.00,0.00,2,0
2026-06-13 14:16:01.531,0.00,0.00,0.00,0.00,2,0
2026-06-13 14:16:01.582,0.00,0.00,0.00,0.00,2,0
2026-06-13 14:16:01.632,0.00,0.00,0.00,0.00,2,0
2026-06-13 14:16:01.683,0.00,0.00,0.00,0.00,2,0
2026-06-13 14:16:01.733,0.00,0.00,0.00,0.00,2,0
2026-06-13 14:16:01.783,0.00,0.00,0.00,0.00,2,0
2026-06-13 14:16:01.834,0.00,0.00,0.00,0.00,2,0
2026-06-13 14:16:01.884,0.00,0.00,0.00,0.00,2,0
2026-06-13 14:16:01.935,0.00,0.00,0.00,0.00,2,0
2026-06-13 14:16:01.985,0.00,0.00,0.00,0.00,2,0
2026-06-13 14:16:02.035,0.00,0.00,0.00,0.00,2,0
2026-06-13 14:16:02.086,0.00,0.00,0.00,0.00,2,0
2026-06-13 14:16:02.136,0.00,0.00,0.00,0.00,2,0
2026-06-13 14:16:02.187,0.00,0.00,0.00,0.00,2,0
2026-06-13 14:16:02.237,0.00,0.00,0.00,0.00,2,0
2026-06-13 14:16:02.287,0.00,0.00,0.00,0.00,2,0
2026-06-13 14:16:02.338,0.00,0.00,0.00,0.00,2,0
2026-06-13 14:16:02.388,0.00,0.00,0.00,0.00,2,0
2026-06-13 14:16:02.438,0.00,0.00,0.00,0.00,2,0
2026-06-13 14:16:02.489,0.00,0.00,0.00,0.00,2,0
2026-06-13 14:16:02.539,0.00,0.00,0.00,0.00,2,0
2026-06-13 14:16:02.590,0.00,0.00,0.00,0.00,2,0
2026-06-13 14:16:02.640,0.00,0.00,0.00,0.00,2,0
2026-06-13 14:16:02.690,0.00,0.00,0.00,0.00,2,0
2026-06-13 14:16:02.741,0.00,0.00,0.00,0.00,2,0
2026-06-13 14:16:02.791,0.00,0.00,0.00,0.00,2,0
2026-06-13 14:16:02.842,0.00,0.00,0.00,0.00,2,0
2026-06-13 14:16:02.892,0.00,0.00,0.00,0.00,2,0
2026-06-13 14:16:02.942,0.00,0.00,0.00,0.00,2,0
2026-06-13 14:16:02.993,0.00,0.00,0.00,0.00,2,0
2026-06-13 14:16:03.043,0.00,0.00,0.00,0.00,2,0
2026-06-13 14:16:03.093,0.00,0.00,0.00,0.00,2,0
2026-06-13 14:16:03.144,0.00,0.00,0.00,0.00,2,0
2026-06-13 14:16:03.194,0.00,0.00,0.00,0.00,2,0
2026-06-13 14:16:03.245,0.00,0.00,0.00,0.00,2,0
2026-06-13 14:16:03.295,0.00,0.00,0.00,0.00,2,0
2026-06-13 14:16:03.345,0.00,0.00,0.00,0.00,2,0
2026-06-13 14:16:03.396,0.00,0.00,0.00,0.00,2,0
2026-06-13 14:16:03.446,0.00,0.00,0.00,0.00,2,0
2026-06-13 14:16:03.497,0.00,0.00,0.00,0.00,2,0
2026-06-13 14:16:03.547,0.00,0.00,0.00,0.00,2,0
2026-06-13 14:16:03.597,0.00,0.00,0.00,0.00,2,0
2026-06-13 14:16:03.648,0.00,0.00,0.00,0.00,2,0
2026-06-13 14:16:03.698,0.00,0.00,0.00,0.00,2,0
2026-06-13 14:16:03.749,0.00,0.00,0.00,0.00,2,0
2026-06-13 14:16:03.799,0.00,0.00,0.00,0.00,2,0
2026-06-13 14:16:03.849,0.00,0.00,0.00,0.00,2,0
2026-06-13 14:16:03.900,0.00,0.00,0.00,0.00,2,0
2026-06-13 14:16:03.950,0.00,0.00,0.00,0.00,2,0
2026-06-13 14:16:04.000,0.00,0.00,0.00,0.00,2,0
2026-06-13 14:16:04.051,0.00,0.00,0.00,0.00,2,0
2026-06-13 14:16:04.101,0.00,0.00,0.00,0.00,2,0
2026-06-13 14:16:04.152,0.00,0.00,0.00,0.00,2,0
2026-06-13 14:16:04.202,0.00,0.00,0.00,0.00,2,0
2026-06-13 14:16:04.252,0.00,0.00,0.00,0.00,2,0
2026-06-13 14:16:04.303,0.00,0.00,0.00,0.00,2,0
2026-06-13 14:16:04.353,0.00,0.00,0.00,0.00,2,0
2026-06-13 14:16:04.404,0.00,0.00,0.00,0.00,2,0
2026-06-13 14:16:04.454,0.00,0.00,0.00,0.00,2,0
2026-06-13 14:16:04.504,0.00,0.00,0.00,0.00,2,0
2026-06-13 14:16:04.555,0.00,0.00,0.00,0.00,2,0
2026-06-13 14:16:04.605,0.00,0.00,0.00,0.00,2,0
2026-06-13 14:16:04.656,0.00,0.00,0.00,0.00,2,0
2026-06-13 14:16:04.706,0.00,0.00,0.00,0.00,2,0
2026-06-13 14:16:04.756,0.00,0.00,0.00,0.00,2,0
2026-06-13 14:16:04.807,0.00,0.00,0.00,0.00,2,0
2026-06-13 14:16:04.857,0.00,0.00,0.00,0.00,2,0
2026-06-13 14:16:04.907,0.00,0.00,0.00,0.00,2,0
2026-06-13 14:16:04.958,0.00,0.00,0.00,0.00,2,0
2026-06-13 14:16:05.008,0.00,0.00,0.00,0.00,2,0
2026-06-13 14:16:05.059,0.00,0.00,0.00,0.00,2,0
2026-06-13 14:16:05.109,0.00,0.00,0.00,0.00,2,0
2026-06-13 14:16:05.159,0.00,0.00,0.00,0.00,2,0
2026-06-13 14:16:05.210,0.00,0.00,0.00,0.00,2,0
2026-06-13 14:16:05.260,0.00,0.00,0.00,0.00,2,0
2026-06-13 14:16:05.310,0.00,0.00,0.00,0.00,2,0
2026-06-13 14:16:05.361,0.00,0.00,0.00,0.00,2,0
2026-06-13 14:16:05.411,0.00,0.00,0.00,0.00,2,0
2026-06-13 14:16:05.462,0.00,0.00,0.00,0.00,2,0
2026-06-13 14:16:05.512,0.00,0.00,0.00,0.00,2,0
2026-06-13 14:16:05.562,0.00,0.00,0.00,0.00,2,0
2026-06-13 14:16:05.613,0.00,0.00,0.00,0.00,2,0
2026-06-13 14:16:05.663,0.00,0.00,0.00,0.00,2,0
2026-06-13 14:16:05.714,0.00,0.00,0.00,0.00,2,0
2026-06-13 14:16:05.764,0.00,0.00,0.00,0.00,2,0
2026-06-13 14:16:05.814,0.00,0.00,0.00,0.00,2,0
2026-06-13 14:16:05.865,0.00,0.00,0.00,0.00,2,0
2026-06-13 14:16:05.915,0.00,0.00,0.00,0.00,2,0
2026-06-13 14:16:05.966,0.00,0.00,0.00,0.00,2,0
2026-06-13 14:16:06.016,0.00,0.00,0.00,0.00,2,0
2026-06-13 14:16:06.066,0.00,0.00,0.00,0.00,2,0
2026-06-13 14:16:06.117,0.00,0.00,0.00,0.00,2,0
2026-06-13 14:16:06.167,0.00,0.00,0.00,0.00,2,0
2026-06-13 14:16:06.217,0.00,0.00,0.00,0.00,2,0
2026-06-13 14:16:06.268,0.00,0.00,0.00,0.00,2,0
2026-06-13 14:16:06.318,0.00,0.00,0.00,0.00,2,0
2026-06-13 14:16:06.369,0.00,0.00,0.00,0.00,2,0
2026-06-13 14:16:06.419,0.00,0.00,0.00,0.00,2,0
2026-06-13 14:16:06.469,0.00,0.00,0.00,0.00,2,0
2026-06-13 14:16:06.520,0.00,0.00,0.00,0.00,2,0
2026-06-13 14:16:06.570,0.00,0.00,0.00,0.00,2,0
2026-06-13 14:16:06.621,0.00,0.00,0.00,0.00,2,0
2026-06-13 14:16:06.671,0.00,0.00,0.00,0.00,2,0
2026-06-13 14:16:06.721,0.00,0.00,0.00,0.00,2,0
2026-06-13 14:16:06.772,0.00,0.00,0.00,0.00,2,0
2026-06-13 14:16:06.822,0.00,0.00,0.00,0.00,2,0
2026-06-13 14:16:06.873,0.00,0.00,0.00,0.00,2,0
2026-06-13 14:16:06.923,0.00,0.00,0.00,0.00,2,0
2026-06-13 14:16:06.973,0.00,0.00,0.00,0.00,2,0
2026-06-13 14:16:07.024,0.00,0.00,0.00,0.00,2,0
2026-06-13 14:16:07.074,0.00,0.00,0.00,0.00,2,0
2026-06-13 14:16:07.124,0.00,0.00,0.00,0.00,2,0
2026-06-13 14:16:07.175,0.00,0.00,0.00,0.00,2,0
2026-06-13 14:16:07.225,0.00,0.00,0.00,0.00,2,0
2026-06-13 14:16:07.276,0.00,0.00,0.00,0.00,2,0
2026-06-13 14:16:07.326,0.00,0.00,0.00,0.00,2,0
2026-06-13 14:16:07.376,0.00,0.00,0.00,0.00,2,0
2026-06-13 14:16:07.427,0.00,0.00,0.00,0.00,2,0
2026-06-13 14:16:07.477,0.00,0.00,0.00,0.00,2,0
2026-06-13 14:16:07.528,0.00,0.00,0.00,0.00,2,0
2026-06-13 14:16:07.578,0.00,0.00,0.00,0.00,2,0
2026-06-13 14:16:07.628,0.00,0.00,0.00,0.00,2,0
2026-06-13 14:16:07.679,0.00,0.00,0.00,0.00,2,0
2026-06-13 14:16:07.729,0.00,0.00,0.00,0.00,2,0
2026-06-13 14:16:07.779,0.00,0.00,0.00,0.00,2,0
2026-06-13 14:16:07.830,0.00,0.00,0.00,0.00,2,0
2026-06-13 14:16:07.880,0.00,0.00,0.00,0.00,2,0
2026-06-13 14:16:07.931,0.00,0.00,0.00,0.00,2,0
2026-06-13 14:16:07.981,0.00,0.00,0.00,0.00,2,0
2026-06-13 14:16:08.031,0.00,0.00,0.00,0.00,2,0
2026-06-13 14:16:08.082,0.00,0.00,0.00,0.00,2,0
2026-06-13 14:16:08.135,0.00,0.00,0.00,0.00,2,0
2026-06-13 14:16:08.183,0.00,0.00,0.00,0.00,2,0
2026-06-13 14:16:08.233,0.00,0.00,0.00,0.00,2,0
2026-06-13 14:16:08.283,0.00,0.00,0.00,0.00,2,0
2026-06-13 14:16:08.334,0.00,0.00,0.00,0.00,2,0
2026-06-13 14:16:08.384,0.00,0.00,0.00,0.00,2,0
2026-06-13 14:16:08.434,0.00,0.00,0.00,0.00,2,0
2026-06-13 14:16:08.485,0.00,0.00,0.00,0.00,2,0
2026-06-13 14:16:08.535,0.00,0.00,0.00,0.00,2,0
2026-06-13 14:16:08.586,0.00,0.00,0.00,0.00,2,0
2026-06-13 14:16:08.636,0.00,0.00,0.00,0.00,2,0
2026-06-13 14:16:08.686,0.00,0.00,0.00,0.00,2,0
2026-06-13 14:16:08.737,0.00,0.00,0.00,0.00,2,0
2026-06-13 14:16:08.787,0.00,0.00,0.00,0.00,2,0
2026-06-13 14:16:08.838,0.00,0.00,0.00,0.00,2,0
2026-06-13 14:16:08.888,0.00,0.00,0.00,0.00,2,0
2026-06-13 14:16:08.938,0.00,0.00,0.00,0.00,2,0
2026-06-13 14:16:08.989,0.00,0.00,0.00,0.00,2,0
2026-06-13 14:16:09.039,0.00,0.00,0.00,0.00,2,0
2026-06-13 14:16:09.089,0.00,0.00,0.00,0.00,2,0
2026-06-13 14:16:09.140,0.00,0.00,0.00,0.00,2,0
2026-06-13 14:16:09.190,0.00,0.00,0.00,0.00,2,0
2026-06-13 14:16:09.241,0.00,0.00,0.00,0.00,2,0
2026-06-13 14:16:09.291,0.00,0.00,0.00,0.00,2,0
2026-06-13 14:16:09.341,0.00,0.00,0.00,0.00,2,0
2026-06-13 14:16:09.392,0.00,0.00,0.00,0.00,2,0
2026-06-13 14:16:09.442,0.00,0.00,0.00,0.00,2,0
2026-06-13 14:16:09.493,0.00,0.00,0.00,0.00,2,0
2026-06-13 14:16:09.543,0.00,0.00,0.00,0.00,2,0
2026-06-13 14:16:09.593,0.00,0.00,0.00,0.00,2,0
2026-06-13 14:16:09.644,0.00,0.00,0.00,0.00,2,0
2026-06-13 14:16:09.694,0.00,0.00,0.00,0.00,2,0
2026-06-13 14:16:09.745,0.00,0.00,0.00,0.00,2,0
2026-06-13 14:16:09.795,0.00,0.00,0.00,0.00,2,0
2026-06-13 14:16:09.845,0.00,0.00,0.00,0.00,2,0
2026-06-13 14:16:09.896,0.00,0.00,0.00,0.00,2,0
2026-06-13 14:16:09.946,0.00,0.00,0.00,0.00,2,0
2026-06-13 14:16:09.996,0.00,0.00,0.00,0.00,2,0
2026-06-13 14:16:10.047,0.00,0.00,0.00,0.00,2,0
2026-06-13 14:16:10.097,0.00,0.00,0.00,0.00,2,0
2026-06-13 14:16:10.148,0.00,0.00,0.00,0.00,2,0
2026-06-13 14:16:10.198,0.00,0.00,0.00,0.00,2,0
2026-06-13 14:16:10.248,0.00,0.00,0.00,0.00,2,0
2026-06-13 14:16:10.299,0.00,0.00,0.00,0.00,2,0
2026-06-13 14:16:10.349,0.00,0.00,0.00,0.00,2,0
2026-06-13 14:16:10.400,0.00,0.00,0.00,0.00,2,0
2026-06-13 14:16:10.450,0.00,0.00,0.00,0.00,2,0
2026-06-13 14:16:10.500,0.00,0.00,0.00,0.00,2,0
2026-06-13 14:16:10.551,0.00,0.00,0.00,0.00,2,0
2026-06-13 14:16:10.601,0.00,0.00,0.00,0.00,2,0
2026-06-13 14:16:10.651,0.00,0.00,0.00,0.00,2,0
2026-06-13 14:16:10.702,0.00,0.00,0.00,0.00,2,0
2026-06-13 14:16:10.752,0.00,0.00,0.00,0.00,2,0
2026-06-13 14:16:10.803,0.00,0.00,0.00,0.00,2,0
2026-06-13 14:16:10.853,0.00,0.00,0.00,0.00,2,0
2026-06-13 14:16:10.903,0.00,0.00,0.00,0.00,2,0
2026-06-13 14:16:10.954,0.00,0.00,0.00,0.00,2,0
2026-06-13 14:16:11.004,0.00,0.00,0.00,0.00,2,0
2026-06-13 14:16:11.055,0.00,0.00,0.00,0.00,2,0
2026-06-13 14:16:11.105,0.00,0.00,0.00,0.00,2,0
2026-06-13 14:16:11.155,0.00,0.00,0.00,0.00,2,0
2026-06-13 14:16:11.206,0.00,0.00,0.00,0.00,2,0
2026-06-13 14:16:11.256,0.00,0.00,0.00,0.00,2,0
2026-06-13 14:16:11.306,0.00,0.00,0.00,0.00,2,0
2026-06-13 14:16:11.357,0.00,0.00,0.00,0.00,2,0
2026-06-13 14:16:11.407,0.00,0.00,0.00,0.00,2,0
2026-06-13 14:16:11.458,0.00,0.00,0.00,0.00,2,0
2026-06-13 14:16:11.508,0.00,0.00,0.00,0.00,2,0
2026-06-13 14:16:11.558,0.00,0.00,0.00,0.00,2,0
2026-06-13 14:16:11.609,0.00,0.00,0.00,0.00,2,0
2026-06-13 14:16:11.659,0.00,0.00,0.00,0.00,2,0
2026-06-13 14:16:11.710,0.00,0.00,0.00,0.00,2,0
2026-06-13 14:16:11.760,0.00,0.00,0.00,0.00,2,0
2026-06-13 14:16:11.810,0.00,0.00,0.00,0.00,2,0
2026-06-13 14:16:11.861,0.00,0.00,0.00,0.00,2,0
2026-06-13 14:16:11.911,0.00,0.00,0.00,0.00,2,0
2026-06-13 14:16:11.961,0.00,0.00,0.00,0.00,2,0
2026-06-13 14:16:12.012,0.00,0.00,0.00,0.00,2,0
2026-06-13 14:16:12.062,0.00,0.00,0.00,0.00,2,0
2026-06-13 14:16:12.113,0.00,0.00,0.00,0.00,2,0
2026-06-13 14:16:12.163,0.00,0.00,0.00,0.00,2,0
2026-06-13 14:16:12.213,0.00,0.00,0.00,0.00,2,0
2026-06-13 14:16:12.264,0.00,0.00,0.00,0.00,2,0
2026-06-13 14:16:12.314,0.00,0.00,0.00,0.00,2,0
2026-06-13 14:16:12.365,0.00,0.00,0.00,0.00,2,0
2026-06-13 14:16:12.415,0.00,0.00,0.00,0.00,2,0
2026-06-13 14:16:12.465,0.00,0.00,0.00,0.00,2,0
2026-06-13 14:16:12.516,0.00,0.00,0.00,0.00,2,0
2026-06-13 14:16:12.566,0.00,0.00,0.00,0.00,2,0
2026-06-13 14:16:12.617,0.00,0.00,0.00,0.00,2,0
2026-06-13 14:16:12.667,0.00,0.00,0.00,0.00,2,0
2026-06-13 14:16:12.717,0.00,0.00,0.00,0.00,2,0
2026-06-13 14:16:12.768,0.00,0.00,0.00,0.00,2,0
2026-06-13 14:16:12.818,0.00,0.00,0.00,0.00,2,0
2026-06-13 14:16:12.868,0.00,0.00,0.00,0.00,2,0
2026-06-13 14:16:12.919,0.00,0.00,0.00,0.00,2,0
2026-06-13 14:16:12.969,0.00,0.00,0.00,0.00,2,0
2026-06-13 14:16:13.020,0.00,0.00,0.00,0.00,2,0
2026-06-13 14:16:13.070,0.00,0.00,0.00,0.00,2,0
2026-06-13 14:16:13.120,0.00,0.00,0.00,0.00,2,0
2026-06-13 14:16:13.171,0.00,0.00,0.00,0.00,2,0
2026-06-13 14:16:13.221,0.00,0.00,0.00,0.00,2,0
2026-06-13 14:16:13.272,0.00,0.00,0.00,0.00,2,0
2026-06-13 14:16:13.322,0.00,0.00,0.00,0.00,2,0
2026-06-13 14:16:13.372,0.00,0.00,0.00,0.00,2,0
2026-06-13 14:16:13.423,0.00,0.00,0.00,0.00,2,0
2026-06-13 14:16:13.473,0.00,0.00,0.00,0.00,2,0
2026-06-13 14:16:13.523,0.00,0.00,0.00,0.00,2,0
2026-06-13 14:16:13.574,0.00,0.00,0.00,0.00,2,0
2026-06-13 14:16:13.624,0.00,0.00,0.00,0.00,2,0
2026-06-13 14:16:13.675,0.00,0.00,0.00,0.00,2,0
2026-06-13 14:16:13.725,0.00,0.00,0.00,0.00,2,0
2026-06-13 14:16:13.775,0.00,0.00,0.00,0.00,2,0
2026-06-13 14:16:13.826,0.00,0.00,0.00,0.00,2,0
2026-06-13 14:16:13.876,0.00,0.00,0.00,0.00,2,0
2026-06-13 14:16:13.927,0.00,0.00,0.00,0.00,2,0
2026-06-13 14:16:13.977,0.00,0.00,0.00,0.00,2,0
2026-06-13 14:16:14.027,0.00,0.00,0.00,0.00,2,0
2026-06-13 14:16:14.078,0.00,0.00,0.00,0.00,2,0
2026-06-13 14:16:14.128,0.00,0.00,0.00,0.00,2,0
2026-06-13 14:16:14.178,0.00,0.00,0.00,0.00,2,0
2026-06-13 14:16:14.229,0.00,0.00,0.00,0.00,2,0
2026-06-13 14:16:14.279,0.00,0.00,0.00,0.00,2,0
2026-06-13 14:16:14.330,0.00,0.00,0.00,0.00,2,0
2026-06-13 14:16:14.380,0.00,0.00,0.00,0.00,2,0
2026-06-13 14:16:14.430,0.00,0.00,0.00,0.00,2,0
2026-06-13 14:16:14.481,0.00,0.00,0.00,0.00,2,0
2026-06-13 14:16:14.531,0.00,0.00,0.00,0.00,2,0
2026-06-13 14:16:14.582,0.00,0.00,0.00,0.00,2,0
2026-06-13 14:16:14.632,0.00,0.00,0.00,0.00,2,0
2026-06-13 14:16:14.682,0.00,0.00,0.00,0.00,2,0
2026-06-13 14:16:14.733,0.00,0.00,0.00,0.00,2,0
2026-06-13 14:16:14.783,0.00,0.00,0.00,0.00,2,0
2026-06-13 14:16:14.833,0.00,0.00,0.00,0.00,2,0
2026-06-13 14:16:14.884,0.00,0.00,0.00,0.00,2,0
2026-06-13 14:16:14.934,0.00,0.00,0.00,0.00,2,0
2026-06-13 14:16:14.985,0.00,0.00,0.00,0.00,2,0
2026-06-13 14:16:15.035,0.00,0.00,0.00,0.00,2,0
2026-06-13 14:16:15.086,0.00,0.00,0.00,0.00,2,0
2026-06-13 14:16:15.136,0.00,0.00,0.00,0.00,2,0
2026-06-13 14:16:15.186,0.00,0.00,0.00,0.00,2,0
2026-06-13 14:16:15.237,0.00,0.00,0.00,0.00,2,0
2026-06-13 14:16:15.288,0.00,0.00,0.00,0.00,2,0
2026-06-13 14:16:15.338,0.00,0.00,0.00,0.00,2,0
2026-06-13 14:16:15.388,0.00,0.00,0.00,0.00,2,0
2026-06-13 14:16:15.438,0.00,0.00,0.00,0.00,2,0
2026-06-13 14:16:15.489,0.00,0.00,0.00,0.00,2,0
2026-06-13 14:16:15.539,0.00,0.00,0.00,0.00,2,0
2026-06-13 14:16:15.589,0.00,0.00,0.00,0.00,2,0
2026-06-13 14:16:15.640,0.00,0.00,0.00,0.00,2,0
2026-06-13 14:16:15.690,0.00,0.00,0.00,0.00,2,0
2026-06-13 14:16:15.740,0.00,0.00,0.00,0.00,2,0
2026-06-13 14:16:15.791,0.00,0.00,0.00,0.00,2,0
2026-06-13 14:16:15.841,0.00,0.00,0.00,0.00,2,0
2026-06-13 14:16:15.892,0.00,0.00,0.00,0.00,2,0
2026-06-13 14:16:15.942,0.00,0.00,0.00,0.00,2,0
2026-06-13 14:16:15.992,0.00,0.00,0.00,0.00,2,0
2026-06-13 14:16:16.043,0.00,0.00,0.00,0.00,2,0
2026-06-13 14:16:16.093,0.00,0.00,0.00,0.00,2,0
2026-06-13 14:16:16.144,0.00,0.00,0.00,0.00,2,0
2026-06-13 14:16:16.194,0.00,0.00,0.00,0.00,2,0
2026-06-13 14:16:16.244,0.00,0.00,0.00,0.00,2,0
2026-06-13 14:16:16.295,0.00,0.00,0.00,0.00,2,0
2026-06-13 14:16:16.345,0.00,0.00,0.00,0.00,2,0
2026-06-13 14:16:16.396,0.00,0.00,0.00,0.00,2,0
2026-06-13 14:16:16.446,0.00,0.00,0.00,0.00,2,0
2026-06-13 14:16:16.496,0.00,0.00,0.00,0.00,2,0
2026-06-13 14:16:16.547,0.00,0.00,0.00,0.00,2,0
2026-06-13 14:16:16.597,0.00,0.00,0.00,0.00,2,0
2026-06-13 14:16:16.647,0.00,0.00,0.00,0.00,2,0
2026-06-13 14:16:16.698,0.00,0.00,0.00,0.00,2,0
2026-06-13 14:16:16.748,0.00,0.00,0.00,0.00,2,0
2026-06-13 14:16:16.799,0.00,0.00,0.00,0.00,2,0
2026-06-13 14:16:16.849,0.00,0.00,0.00,0.00,2,0
2026-06-13 14:16:16.899,0.00,0.00,0.00,0.00,2,0
2026-06-13 14:16:16.950,0.00,0.00,0.00,0.00,2,0
2026-06-13 14:16:17.000,0.00,0.00,0.00,0.00,2,0
2026-06-13 14:16:17.050,0.00,0.00,0.00,0.00,2,0
2026-06-13 14:16:17.101,0.00,0.00,0.00,0.00,2,0
2026-06-13 14:16:17.151,0.00,0.00,0.00,0.00,2,0
2026-06-13 14:16:17.202,0.00,0.00,0.00,0.00,2,0
2026-06-13 14:16:17.252,0.00,0.00,0.00,0.00,2,0
2026-06-13 14:16:17.302,0.00,0.00,0.00,0.00,2,0
2026-06-13 14:16:17.353,0.00,0.00,0.00,0.00,2,0
2026-06-13 14:16:17.403,0.00,0.00,0.00,0.00,2,0
2026-06-13 14:16:17.454,0.00,0.00,0.00,0.00,2,0
2026-06-13 14:16:17.504,0.00,0.00,0.00,0.00,2,0
2026-06-13 14:16:17.554,0.00,0.00,0.00,0.00,2,0
2026-06-13 14:16:17.605,0.00,0.00,0.00,0.00,2,0
2026-06-13 14:16:17.655,0.00,0.00,0.00,0.00,2,0
2026-06-13 14:16:17.706,0.00,0.00,0.00,0.00,2,0
2026-06-13 14:16:17.756,0.00,0.00,0.00,0.00,2,0
2026-06-13 14:16:17.806,0.00,0.00,0.00,0.00,2,0
2026-06-13 14:16:17.857,0.00,0.00,0.00,0.00,2,0
2026-06-13 14:16:17.907,0.00,0.00,0.00,0.00,2,0
2026-06-13 14:16:17.957,0.00,0.00,0.00,0.00,2,0
2026-06-13 14:16:18.008,0.00,0.00,0.00,0.00,2,0
2026-06-13 14:16:18.058,0.00,0.00,0.00,0.00,2,0
2026-06-13 14:16:18.109,0.00,0.00,0.00,0.00,2,0
2026-06-13 14:16:18.159,0.00,0.00,0.00,0.00,2,0
2026-06-13 14:16:18.209,0.00,0.00,0.00,0.00,2,0
2026-06-13 14:16:18.260,0.00,0.00,0.00,0.00,2,0
2026-06-13 14:16:18.310,0.00,0.00,0.00,0.00,2,0
2026-06-13 14:16:18.360,0.00,0.00,0.00,0.00,2,0
2026-06-13 14:16:18.411,0.00,0.00,0.00,0.00,2,0
2026-06-13 14:16:18.461,0.00,0.00,0.00,0.00,2,0
2026-06-13 14:16:18.512,0.00,0.00,0.00,0.00,2,0
2026-06-13 14:16:18.562,0.00,0.00,0.00,0.00,2,0
2026-06-13 14:16:18.612,0.00,0.00,0.00,0.00,2,0
2026-06-13 14:16:18.663,0.00,0.00,0.00,0.00,2,0
2026-06-13 14:16:18.713,0.00,0.00,0.00,0.00,2,0
2026-06-13 14:16:18.764,0.00,0.00,0.00,0.00,2,0
2026-06-13 14:16:18.814,0.00,0.00,0.00,0.00,2,0
2026-06-13 14:16:18.864,0.00,0.00,0.00,0.00,2,0
2026-06-13 14:16:18.915,0.00,0.00,0.00,0.00,2,0
2026-06-13 14:16:18.965,0.00,0.00,0.00,0.00,2,0
2026-06-13 14:16:19.015,0.00,0.00,0.00,0.00,2,0
2026-06-13 14:16:19.066,0.00,0.00,0.00,0.00,2,0
2026-06-13 14:16:19.116,0.00,0.00,0.00,0.00,2,0
2026-06-13 14:16:19.167,0.00,0.00,0.00,0.00,2,0
2026-06-13 14:16:19.217,0.00,0.00,0.00,0.00,2,0
2026-06-13 14:16:19.267,0.00,0.00,0.00,0.00,2,0
2026-06-13 14:16:19.318,0.00,0.00,0.00,0.00,2,0
2026-06-13 14:16:19.368,0.00,0.00,0.00,0.00,2,0
2026-06-13 14:16:19.419,0.00,0.00,0.00,0.00,2,0
2026-06-13 14:16:19.469,0.00,0.00,0.00,0.00,2,0
2026-06-13 14:16:19.519,0.00,0.00,0.00,0.00,2,0
2026-06-13 14:16:19.570,0.00,0.00,0.00,0.00,2,0
2026-06-13 14:16:19.620,0.00,0.00,0.00,0.00,2,0
2026-06-13 14:16:19.670,0.00,0.00,0.00,0.00,2,0
2026-06-13 14:16:19.721,0.00,0.00,0.00,0.00,2,0
2026-06-13 14:16:19.771,0.00,0.00,0.00,0.00,2,0
2026-06-13 14:16:19.822,0.00,0.00,0.00,0.00,2,0
2026-06-13 14:16:19.872,0.00,0.00,0.00,0.00,2,0
2026-06-13 14:16:19.922,0.00,0.00,0.00,0.00,2,0
2026-06-13 14:16:19.973,0.00,0.00,0.00,0.00,2,0
2026-06-13 14:16:20.023,0.00,0.00,0.00,0.00,2,0
2026-06-13 14:16:20.074,0.00,0.00,0.00,0.00,2,0
2026-06-13 14:16:20.124,0.00,0.00,0.00,0.00,2,0
2026-06-13 14:16:20.174,0.00,0.00,0.00,0.00,2,0
2026-06-13 14:16:20.225,0.00,0.00,0.00,0.00,2,0
2026-06-13 14:16:20.275,0.00,0.00,0.00,0.00,2,0
2026-06-13 14:16:20.325,0.00,0.00,0.00,0.00,2,0
2026-06-13 14:16:20.376,0.00,0.00,0.00,0.00,2,0
2026-06-13 14:16:20.426,0.00,0.00,0.00,0.00,2,0
2026-06-13 14:16:20.477,0.00,0.00,0.00,0.00,2,0
2026-06-13 14:16:20.527,0.00,0.00,0.00,0.00,2,0
2026-06-13 14:16:20.577,0.00,0.00,0.00,0.00,2,0
2026-06-13 14:16:20.628,0.00,0.00,0.00,0.00,2,0
2026-06-13 14:16:20.678,0.00,0.00,0.00,0.00,2,0
2026-06-13 14:16:20.729,0.00,0.00,0.00,0.00,2,0
2026-06-13 14:16:20.779,0.00,0.00,0.00,0.00,2,0
2026-06-13 14:16:20.829,0.00,0.00,0.00,0.00,2,0
2026-06-13 14:16:20.880,0.00,0.00,0.00,0.00,2,0
2026-06-13 14:16:20.930,0.00,0.00,0.00,0.00,2,0
2026-06-13 14:16:20.981,0.00,0.00,0.00,0.00,2,0
2026-06-13 14:16:21.031,0.00,0.00,0.00,0.00,2,0
2026-06-13 14:16:21.081,0.00,0.00,0.00,0.00,2,0
2026-06-13 14:16:21.132,0.00,0.00,0.00,0.00,2,0
2026-06-13 14:16:21.182,0.00,0.00,0.00,0.00,2,0
2026-06-13 14:16:21.232,0.00,0.00,0.00,0.00,2,0
2026-06-13 14:16:21.283,0.00,0.00,0.00,0.00,2,0
2026-06-13 14:16:21.333,0.00,0.00,0.00,0.00,2,0
2026-06-13 14:16:21.384,0.00,0.00,0.00,0.00,2,0
2026-06-13 14:16:21.434,0.00,0.00,0.00,0.00,2,0
2026-06-13 14:16:21.484,0.00,0.00,0.00,0.00,2,0
2026-06-13 14:16:21.535,0.00,0.00,0.00,0.00,2,0
2026-06-13 14:16:21.585,0.00,0.00,0.00,0.00,2,0
2026-06-13 14:16:21.636,0.00,0.00,0.00,0.00,2,0
2026-06-13 14:16:21.686,0.00,0.00,0.00,0.00,2,0
2026-06-13 14:16:21.736,0.00,0.00,0.00,0.00,2,0
2026-06-13 14:16:21.787,0.00,0.00,0.00,0.00,2,0
2026-06-13 14:16:21.837,0.00,0.00,0.00,0.00,2,0
2026-06-13 14:16:21.887,0.00,0.00,0.00,0.00,2,0
2026-06-13 14:16:21.938,0.00,0.00,0.00,0.00,2,0
2026-06-13 14:16:21.988,0.00,0.00,0.00,0.00,2,0
2026-06-13 14:16:22.039,0.00,0.00,0.00,0.00,2,0
2026-06-13 14:16:22.089,0.00,0.00,0.00,0.00,2,0
2026-06-13 14:16:22.139,0.00,0.00,0.00,0.00,2,0
2026-06-13 14:16:22.190,0.00,0.00,0.00,0.00,2,0
2026-06-13 14:16:22.240,0.00,0.00,0.00,0.00,2,0
2026-06-13 14:16:22.291,0.00,0.00,0.00,0.00,2,0
2026-06-13 14:16:22.341,0.00,0.00,0.00,0.00,2,0
2026-06-13 14:16:22.391,0.00,0.00,0.00,0.00,2,0
2026-06-13 14:16:22.442,0.00,0.00,0.00,0.00,2,0
2026-06-13 14:16:22.492,0.00,0.00,0.00,0.00,2,0
2026-06-13 14:16:22.542,0.00,0.00,0.00,0.00,2,0
2026-06-13 14:16:22.593,0.00,0.00,0.00,0.00,2,0
2026-06-13 14:16:22.643,0.00,0.00,0.00,0.00,2,0
2026-06-13 14:16:22.694,0.00,0.00,0.00,0.00,2,0
2026-06-13 14:16:22.744,0.00,0.00,0.00,0.00,2,0
2026-06-13 14:16:22.794,0.00,0.00,0.00,0.00,2,0
2026-06-13 14:16:22.845,0.00,0.00,0.00,0.00,2,0
2026-06-13 14:16:22.895,0.00,0.00,0.00,0.00,2,0
2026-06-13 14:16:22.946,0.00,0.00,0.00,0.00,2,0
2026-06-13 14:16:22.996,0.00,0.00,0.00,0.00,2,0
2026-06-13 14:16:23.046,0.00,0.00,0.00,0.00,2,0
2026-06-13 14:16:23.097,0.00,0.00,0.00,0.00,2,0
2026-06-13 14:16:23.147,0.00,0.00,0.00,0.00,2,0
2026-06-13 14:16:23.197,0.00,0.00,0.00,0.00,2,0
2026-06-13 14:16:23.248,0.00,0.00,0.00,0.00,2,0
2026-06-13 14:16:23.298,0.00,0.00,0.00,0.00,2,0
2026-06-13 14:16:23.349,0.00,0.00,0.00,0.00,2,0
2026-06-13 14:16:23.399,0.00,0.00,0.00,0.00,2,0
2026-06-13 14:16:23.449,0.00,0.00,0.00,0.00,2,0
2026-06-13 14:16:23.500,0.00,0.00,0.00,0.00,2,0
2026-06-13 14:16:23.550,0.00,0.00,0.00,0.00,2,0
2026-06-13 14:16:23.601,0.00,0.00,0.00,0.00,2,0
2026-06-13 14:16:23.651,0.00,0.00,0.00,0.00,2,0
2026-06-13 14:16:23.701,0.00,0.00,0.00,0.00,2,0
2026-06-13 14:16:23.752,0.00,0.00,0.00,0.00,2,0
2026-06-13 14:16:23.802,0.00,0.00,0.00,0.00,2,0
2026-06-13 14:16:23.852,0.00,0.00,0.00,0.00,2,0
2026-06-13 14:16:23.903,0.00,0.00,0.00,0.00,2,0
2026-06-13 14:16:23.953,0.00,0.00,0.00,0.00,2,0
2026-06-13 14:16:24.004,0.00,0.00,0.00,0.00,2,0
2026-06-13 14:16:24.054,0.00,0.00,0.00,0.00,2,0
2026-06-13 14:16:24.104,0.00,0.00,0.00,0.00,2,0
2026-06-13 14:16:24.155,0.00,0.00,0.00,0.00,2,0
2026-06-13 14:16:24.205,0.00,0.00,0.00,0.00,2,0
2026-06-13 14:16:24.256,0.00,0.00,0.00,0.00,2,0
2026-06-13 14:16:24.306,0.00,0.00,0.00,0.00,2,0
2026-06-13 14:16:24.356,0.00,0.00,0.00,0.00,2,0
2026-06-13 14:16:24.407,0.00,0.00,0.00,0.00,2,0
2026-06-13 14:16:24.457,0.00,0.00,0.00,0.00,2,0
2026-06-13 14:16:24.507,0.00,0.00,0.00,0.00,2,0
2026-06-13 14:16:24.558,0.00,0.00,0.00,0.00,2,0
2026-06-13 14:16:24.608,0.00,0.00,0.00,0.00,2,0
2026-06-13 14:16:24.659,0.00,0.00,0.00,0.00,2,0
2026-06-13 14:16:24.709,0.00,0.00,0.00,0.00,2,0
2026-06-13 14:16:24.759,0.00,0.00,0.00,0.00,2,0
2026-06-13 14:16:24.810,0.00,0.00,0.00,0.00,2,0
2026-06-13 14:16:24.860,0.00,0.00,0.00,0.00,2,0
2026-06-13 14:16:24.911,0.00,0.00,0.00,0.00,2,0
2026-06-13 14:16:24.961,0.00,0.00,0.00,0.00,2,0
2026-06-13 14:16:25.011,0.00,0.00,0.00,0.00,2,0
2026-06-13 14:16:25.062,0.00,0.00,0.00,0.00,2,0
2026-06-13 14:16:25.112,0.00,0.00,0.00,0.00,2,0
2026-06-13 14:16:25.162,0.00,0.00,0.00,0.00,2,0
2026-06-13 14:16:25.213,0.00,0.00,0.00,0.00,2,0
2026-06-13 14:16:25.263,0.00,0.00,0.00,0.00,2,0
2026-06-13 14:16:25.314,0.00,0.00,0.00,0.00,2,0
2026-06-13 14:16:25.364,0.00,0.00,0.00,0.00,2,0
2026-06-13 14:16:25.414,0.00,0.00,0.00,0.00,2,0
2026-06-13 14:16:25.465,0.00,0.00,0.00,0.00,2,0
2026-06-13 14:16:25.515,0.00,0.00,0.00,0.00,2,0
2026-06-13 14:16:25.566,0.00,0.00,0.00,0.00,2,0
2026-06-13 14:16:25.616,0.00,0.00,0.00,0.00,2,0
2026-06-13 14:16:25.666,0.00,0.00,0.00,0.00,2,0
2026-06-13 14:16:25.717,0.00,0.00,0.00,0.00,2,0
2026-06-13 14:16:25.767,0.00,0.00,0.00,0.00,2,0
2026-06-13 14:16:25.817,0.00,0.00,0.00,0.00,2,0
2026-06-13 14:16:25.868,0.00,0.00,0.00,0.00,2,0
2026-06-13 14:16:25.918,0.00,0.00,0.00,0.00,2,0
2026-06-13 14:16:25.969,0.00,0.00,0.00,0.00,2,0
2026-06-13 14:16:26.019,0.00,0.00,0.00,0.00,2,0
2026-06-13 14:16:26.069,0.00,0.00,0.00,0.00,2,0
2026-06-13 14:16:26.120,0.00,0.00,0.00,0.00,2,0
2026-06-13 14:16:26.170,0.00,0.00,0.00,0.00,2,0
2026-06-13 14:16:26.221,0.00,0.00,0.00,0.00,2,0
2026-06-13 14:16:26.271,0.00,0.00,0.00,0.00,2,0
2026-06-13 14:16:26.321,0.00,0.00,0.00,0.00,2,0
2026-06-13 14:16:26.372,0.00,0.00,0.00,0.00,2,0
2026-06-13 14:16:26.422,0.00,0.00,0.00,0.00,2,0
2026-06-13 14:16:26.473,0.00,0.00,0.00,0.00,2,0
2026-06-13 14:16:26.523,0.00,0.00,0.00,0.00,2,0
2026-06-13 14:16:26.573,0.00,0.00,0.00,0.00,2,0
2026-06-13 14:16:26.624,0.00,0.00,0.00,0.00,2,0
2026-06-13 14:16:26.674,0.00,0.00,0.00,0.00,2,0
2026-06-13 14:16:26.724,0.00,0.00,0.00,0.00,2,0
2026-06-13 14:16:26.775,0.00,0.00,0.00,0.00,2,0
2026-06-13 14:16:26.825,0.00,0.00,0.00,0.00,2,0
2026-06-13 14:16:26.876,0.00,0.00,0.00,0.00,2,0
2026-06-13 14:16:26.926,0.00,0.00,0.00,0.00,2,0
2026-06-13 14:16:26.976,0.00,0.00,0.00,0.00,2,0
2026-06-13 14:16:27.027,0.00,0.00,0.00,0.00,2,0
2026-06-13 14:16:27.077,0.00,0.00,0.00,0.00,2,0
2026-06-13 14:16:27.127,0.00,0.00,0.00,0.00,2,0
2026-06-13 14:16:27.178,0.00,0.00,0.00,0.00,2,0
2026-06-13 14:16:27.228,0.00,0.00,0.00,0.00,2,0
2026-06-13 14:16:27.279,0.00,0.00,0.00,0.00,2,0
2026-06-13 14:16:27.329,0.00,0.00,0.00,0.00,2,0
2026-06-13 14:16:27.379,0.00,0.00,0.00,0.00,2,0
2026-06-13 14:16:27.430,0.00,0.00,0.00,0.00,2,0
2026-06-13 14:16:27.480,0.00,0.00,0.00,0.00,2,0
2026-06-13 14:16:27.531,0.00,0.00,0.00,0.00,2,0
2026-06-13 14:16:27.581,0.00,0.00,0.00,0.00,2,0
2026-06-13 14:16:27.631,0.00,0.00,0.00,0.00,2,0
2026-06-13 14:16:27.682,0.00,0.00,0.00,0.00,2,0
2026-06-13 14:16:27.732,0.00,0.00,0.00,0.00,2,0
2026-06-13 14:16:27.782,0.00,0.00,0.00,0.00,2,0
2026-06-13 14:16:27.833,0.00,0.00,0.00,0.00,2,0
2026-06-13 14:16:27.883,0.00,0.00,0.00,0.00,2,0
2026-06-13 14:16:27.934,0.00,0.00,0.00,0.00,2,0
2026-06-13 14:16:27.984,0.00,0.00,0.00,0.00,2,0
2026-06-13 14:16:28.034,0.00,0.00,0.00,0.00,2,0
2026-06-13 14:16:28.085,0.00,0.00,0.00,0.00,2,0
2026-06-13 14:16:28.135,0.00,0.00,0.00,0.00,2,0
2026-06-13 14:16:28.186,0.00,0.00,0.00,0.00,2,0
2026-06-13 14:16:28.236,0.00,0.00,0.00,0.00,2,0
2026-06-13 14:16:28.286,0.00,0.00,0.00,0.00,2,0
2026-06-13 14:16:28.337,0.00,0.00,0.00,0.00,2,0
2026-06-13 14:16:28.387,0.00,0.00,0.00,0.00,2,0
2026-06-13 14:16:28.437,0.00,0.00,0.00,0.00,2,0
2026-06-13 14:16:28.488,0.00,0.00,0.00,0.00,2,0
2026-06-13 14:16:28.538,0.00,0.00,0.00,0.00,2,0
2026-06-13 14:16:28.589,0.00,0.00,0.00,0.00,2,0
2026-06-13 14:16:28.639,0.00,0.00,0.00,0.00,2,0
2026-06-13 14:16:28.689,0.00,0.00,0.00,0.00,2,0
2026-06-13 14:16:28.740,0.00,0.00,0.00,0.00,2,0
2026-06-13 14:16:28.790,0.00,0.00,0.00,0.00,2,0
2026-06-13 14:16:28.841,0.00,0.00,0.00,0.00,2,0
2026-06-13 14:16:28.891,0.00,0.00,0.00,0.00,2,0
2026-06-13 14:16:28.941,0.00,0.00,0.00,0.00,2,0
2026-06-13 14:16:28.992,0.00,0.00,0.00,0.00,2,0
2026-06-13 14:16:29.042,0.00,0.00,0.00,0.00,2,0
2026-06-13 14:16:29.092,0.00,0.00,0.00,0.00,2,0
2026-06-13 14:16:29.143,0.00,0.00,0.00,0.00,2,0
2026-06-13 14:16:29.193,0.00,0.00,0.00,0.00,2,0
2026-06-13 14:16:29.244,0.00,0.00,0.00,0.00,2,0
2026-06-13 14:16:29.294,0.00,0.00,0.00,0.00,2,0
2026-06-13 14:16:29.344,0.00,0.00,0.00,0.00,2,0
2026-06-13 14:16:29.395,0.00,0.00,0.00,0.00,2,0
2026-06-13 14:16:29.445,0.00,0.00,0.00,0.00,2,0
2026-06-13 14:16:29.496,0.00,0.00,0.00,0.00,2,0
2026-06-13 14:16:29.546,0.00,0.00,0.00,0.00,2,0
2026-06-13 14:16:29.596,0.00,0.00,0.00,0.00,2,0
2026-06-13 14:16:29.647,0.00,0.00,0.00,0.00,2,0
2026-06-13 14:16:29.697,0.00,0.00,0.00,0.00,2,0
2026-06-13 14:16:29.747,0.00,0.00,0.00,0.00,2,0
2026-06-13 14:16:29.798,0.00,0.00,0.00,0.00,2,0
2026-06-13 14:16:29.848,0.00,0.00,0.00,0.00,2,0
2026-06-13 14:16:29.899,0.00,0.00,0.00,0.00,2,0
2026-06-13 14:16:29.949,0.00,0.00,0.00,0.00,2,0
2026-06-13 14:16:29.999,0.00,0.00,0.00,0.00,2,0
2026-06-13 14:16:30.050,0.00,0.00,0.00,0.00,2,0
2026-06-13 14:16:30.100,0.00,0.00,0.00,0.00,2,0
2026-06-13 14:16:30.151,0.00,0.00,0.00,0.00,2,0
2026-06-13 14:16:30.201,0.00,0.00,0.00,0.00,2,0
2026-06-13 14:16:30.251,0.00,0.00,0.00,0.00,2,0
2026-06-13 14:16:30.302,0.00,0.00,0.00,0.00,2,0
2026-06-13 14:16:30.352,0.00,0.00,0.00,0.00,2,0
2026-06-13 14:16:30.403,0.00,0.00,0.00,0.00,2,0
2026-06-13 14:16:30.453,0.00,0.00,0.00,0.00,2,0
2026-06-13 14:16:30.503,0.00,0.00,0.00,0.00,2,0
2026-06-13 14:16:30.554,0.00,0.00,0.00,0.00,2,0
2026-06-13 14:16:30.604,0.00,0.00,0.00,0.00,2,0
2026-06-13 14:16:30.654,0.00,0.00,0.00,0.00,2,0
2026-06-13 14:16:30.705,0.00,0.00,0.00,0.00,2,0
2026-06-13 14:16:30.755,0.00,0.00,0.00,0.00,2,0
2026-06-13 14:16:30.806,0.00,0.00,0.00,0.00,2,0
2026-06-13 14:16:30.856,0.00,0.00,0.00,0.00,2,0
2026-06-13 14:16:30.906,0.00,0.00,0.00,0.00,2,0
2026-06-13 14:16:30.957,0.00,0.00,0.00,0.00,2,0
2026-06-13 14:16:31.007,0.00,0.00,0.00,0.00,2,0
2026-06-13 14:16:31.057,0.00,0.00,0.00,0.00,2,0
2026-06-13 14:16:31.108,0.00,0.00,0.00,0.00,2,0
2026-06-13 14:16:31.158,0.00,0.00,0.00,0.00,2,0
2026-06-13 14:16:31.209,0.00,0.00,0.00,0.00,2,0
2026-06-13 14:16:31.259,0.00,0.00,0.00,0.00,2,0
2026-06-13 14:16:31.309,0.00,0.00,0.00,0.00,2,0
2026-06-13 14:16:31.360,0.00,0.00,0.00,0.00,2,0
2026-06-13 14:16:31.410,0.00,0.00,0.00,0.00,2,0
2026-06-13 14:16:31.461,0.00,0.00,0.00,0.00,2,0
2026-06-13 14:16:31.511,0.00,0.00,0.00,0.00,2,0
2026-06-13 14:16:31.561,0.00,0.00,0.00,0.00,2,0
2026-06-13 14:16:31.612,0.00,0.00,0.00,0.00,2,0
2026-06-13 14:16:31.662,0.00,0.00,0.00,0.00,2,0
2026-06-13 14:16:31.712,0.00,0.00,0.00,0.00,2,0
2026-06-13 14:16:31.763,0.00,0.00,0.00,0.00,2,0
2026-06-13 14:16:31.813,0.00,0.00,0.00,0.00,2,0
2026-06-13 14:16:31.864,0.00,0.00,0.00,0.00,2,0
2026-06-13 14:16:31.914,0.00,0.00,0.00,0.00,2,0
2026-06-13 14:16:31.964,0.00,0.00,0.00,0.00,2,0
2026-06-13 14:16:32.015,0.00,0.00,0.00,0.00,2,0
2026-06-13 14:16:32.065,0.00,0.00,0.00,0.00,2,0
2026-06-13 14:16:32.116,0.00,0.00,0.00,0.00,2,0
2026-06-13 14:16:32.166,0.00,0.00,0.00,0.00,2,0
2026-06-13 14:16:32.216,0.00,0.00,0.00,0.00,2,0
2026-06-13 14:16:32.267,0.00,0.00,0.00,0.00,2,0
2026-06-13 14:16:32.317,0.00,0.00,0.00,0.00,2,0
2026-06-13 14:16:32.367,0.00,0.00,0.00,0.00,2,0
2026-06-13 14:16:32.418,0.00,0.00,0.00,0.00,2,0
2026-06-13 14:16:32.468,0.00,0.00,0.00,0.00,2,0
2026-06-13 14:16:32.519,0.00,0.00,0.00,0.00,2,0
2026-06-13 14:16:32.569,0.00,0.00,0.00,0.00,2,0
2026-06-13 14:16:32.619,0.00,0.00,0.00,0.00,2,0
2026-06-13 14:16:32.670,0.00,0.00,0.00,0.00,2,0
2026-06-13 14:16:32.720,0.00,0.00,0.00,0.00,2,0
2026-06-13 14:16:32.771,0.00,0.00,0.00,0.00,2,0
2026-06-13 14:16:32.821,0.00,0.00,0.00,0.00,2,0
2026-06-13 14:16:32.871,0.00,0.00,0.00,0.00,2,0
2026-06-13 14:16:32.922,0.00,0.00,0.00,0.00,2,0
2026-06-13 14:16:32.972,0.00,0.00,0.00,0.00,2,0
2026-06-13 14:16:33.022,0.00,0.00,0.00,0.00,2,0
2026-06-13 14:16:33.073,0.00,0.00,0.00,0.00,2,0
2026-06-13 14:16:33.123,0.00,0.00,0.00,0.00,2,0
2026-06-13 14:16:33.174,0.00,0.00,0.00,0.00,2,0
2026-06-13 14:16:33.224,0.00,0.00,0.00,0.00,2,0
2026-06-13 14:16:33.274,0.00,0.00,0.00,0.00,2,0
2026-06-13 14:16:33.325,0.00,0.00,0.00,0.00,2,0
2026-06-13 14:16:33.375,0.00,0.00,0.00,0.00,2,0
2026-06-13 14:16:33.426,0.00,0.00,0.00,0.00,2,0
2026-06-13 14:16:33.476,0.00,0.00,0.00,0.00,2,0
2026-06-13 14:16:33.526,0.00,0.00,0.00,0.00,2,0
2026-06-13 14:16:33.577,0.00,0.00,0.00,0.00,2,0
2026-06-13 14:16:33.627,0.00,0.00,0.00,0.00,2,0
2026-06-13 14:16:33.677,0.00,0.00,0.00,0.00,2,0
2026-06-13 14:16:33.728,0.00,0.00,0.00,0.00,2,0
2026-06-13 14:16:33.778,0.00,0.00,0.00,0.00,2,0
2026-06-13 14:16:33.829,0.00,0.00,0.00,0.00,2,0
2026-06-13 14:16:33.879,0.00,0.00,0.00,0.00,2,0
2026-06-13 14:16:33.929,0.00,0.00,0.00,0.00,2,0
2026-06-13 14:16:33.980,0.00,0.00,0.00,0.00,2,0
2026-06-13 14:16:34.030,0.00,0.00,0.00,0.00,2,0
2026-06-13 14:16:34.081,0.00,0.00,0.00,0.00,2,0
2026-06-13 14:16:34.131,0.00,0.00,0.00,0.00,2,0
2026-06-13 14:16:34.181,0.00,0.00,0.00,0.00,2,0
2026-06-13 14:16:34.232,0.00,0.00,0.00,0.00,2,0
2026-06-13 14:16:34.282,0.00,0.00,0.00,0.00,2,0
2026-06-13 14:16:34.332,0.00,0.00,0.00,0.00,2,0
2026-06-13 14:16:34.383,0.00,0.00,0.00,0.00,2,0
2026-06-13 14:16:34.433,0.00,0.00,0.00,0.00,2,0
2026-06-13 14:16:34.484,0.00,0.00,0.00,0.00,2,0
2026-06-13 14:16:34.534,0.00,0.00,0.00,0.00,2,0
2026-06-13 14:16:34.584,0.00,0.00,0.00,0.00,2,0
2026-06-13 14:16:34.635,0.00,0.00,0.00,0.00,2,0
2026-06-13 14:16:34.685,0.00,0.00,0.00,0.00,2,0
2026-06-13 14:16:34.736,0.00,0.00,0.00,0.00,2,0
2026-06-13 14:16:34.786,0.00,0.00,0.00,0.00,2,0
2026-06-13 14:16:34.836,0.00,0.00,0.00,0.00,2,0
2026-06-13 14:16:34.887,0.00,0.00,0.00,0.00,2,0
2026-06-13 14:16:34.937,0.00,0.00,0.00,0.00,2,0
2026-06-13 14:16:34.987,0.00,0.00,0.00,0.00,2,0
2026-06-13 14:16:35.038,0.00,0.00,0.00,0.00,2,0
2026-06-13 14:16:35.088,0.00,0.00,0.00,0.00,2,0
2026-06-13 14:16:35.139,0.00,0.00,0.00,0.00,2,0
2026-06-13 14:16:35.189,0.00,0.00,0.00,0.00,2,0
2026-06-13 14:16:35.239,0.00,0.00,0.00,0.00,2,0
2026-06-13 14:16:35.290,0.00,0.00,0.00,0.00,2,0
2026-06-13 14:16:35.340,0.00,0.00,0.00,0.00,2,0
2026-06-13 14:16:35.391,0.00,0.00,0.00,0.00,2,0
2026-06-13 14:16:35.441,0.00,0.00,0.00,0.00,2,0
2026-06-13 14:16:35.491,0.00,0.00,0.00,0.00,2,0
2026-06-13 14:16:35.542,0.00,0.00,0.00,0.00,2,0
2026-06-13 14:16:35.592,0.00,0.00,0.00,0.00,2,0
2026-06-13 14:16:35.642,0.00,0.00,0.00,0.00,2,0
2026-06-13 14:16:35.693,0.00,0.00,0.00,0.00,2,0
2026-06-13 14:16:35.743,0.00,0.00,0.00,0.00,2,0
2026-06-13 14:16:35.794,0.00,0.00,0.00,0.00,2,0
2026-06-13 14:16:35.844,0.00,0.00,0.00,0.00,2,0
2026-06-13 14:16:35.894,0.00,0.00,0.00,0.00,2,0
2026-06-13 14:16:35.945,0.00,0.00,0.00,0.00,2,0
2026-06-13 14:16:35.995,0.00,0.00,0.00,0.00,2,0
2026-06-13 14:16:36.046,0.00,0.00,0.00,0.00,2,0
2026-06-13 14:16:36.096,0.00,0.00,0.00,0.00,2,0
2026-06-13 14:16:36.146,0.00,0.00,0.00,0.00,2,0
2026-06-13 14:16:36.197,0.00,0.00,0.00,0.00,2,0
2026-06-13 14:16:36.247,0.00,0.00,0.00,0.00,2,0
2026-06-13 14:16:36.297,0.00,0.00,0.00,0.00,2,0
2026-06-13 14:16:36.348,0.00,0.00,0.00,0.00,2,0
2026-06-13 14:16:36.398,0.00,0.00,0.00,0.00,2,0
2026-06-13 14:16:36.449,0.00,0.00,0.00,0.00,2,0
2026-06-13 14:16:36.499,0.00,0.00,0.00,0.00,2,0
2026-06-13 14:16:36.549,0.00,0.00,0.00,0.00,2,0
2026-06-13 14:16:36.600,0.00,0.00,0.00,0.00,2,0
2026-06-13 14:16:36.650,0.00,0.00,0.00,0.00,2,0
2026-06-13 14:16:36.701,0.00,0.00,0.00,0.00,2,0
2026-06-13 14:16:36.751,0.00,0.00,0.00,0.00,2,0
2026-06-13 14:16:36.801,0.00,0.00,0.00,0.00,2,0
2026-06-13 14:16:36.852,0.00,0.00,0.00,0.00,2,0
2026-06-13 14:16:36.902,0.00,0.00,0.00,0.00,2,0
2026-06-13 14:16:36.952,0.00,0.00,0.00,0.00,2,0
2026-06-13 14:16:37.003,0.00,0.00,0.00,0.00,2,0
2026-06-13 14:16:37.053,0.00,0.00,0.00,0.00,2,0
2026-06-13 14:16:37.104,0.00,0.00,0.00,0.00,2,0
2026-06-13 14:16:37.154,0.00,0.00,0.00,0.00,2,0
2026-06-13 14:16:37.204,0.00,0.00,0.00,0.00,2,0
2026-06-13 14:16:37.255,0.00,0.00,0.00,0.00,2,0
2026-06-13 14:16:37.305,0.00,0.00,0.00,0.00,2,0
2026-06-13 14:16:37.356,0.00,0.00,0.00,0.00,2,0
2026-06-13 14:16:37.406,0.00,0.00,0.00,0.00,2,0
2026-06-13 14:16:37.456,0.00,0.00,0.00,0.00,2,0
2026-06-13 14:16:37.507,0.00,0.00,0.00,0.00,2,0
2026-06-13 14:16:37.557,0.00,0.00,0.00,0.00,2,0
2026-06-13 14:16:37.607,0.00,0.00,0.00,0.00,2,0
2026-06-13 14:16:37.658,0.00,0.00,0.00,0.00,2,0
2026-06-13 14:16:37.708,0.00,0.00,0.00,0.00,2,0
2026-06-13 14:16:37.759,0.00,0.00,0.00,0.00,2,0
2026-06-13 14:16:37.809,0.00,0.00,0.00,0.00,2,0
2026-06-13 14:16:37.859,0.00,0.00,0.00,0.00,2,0
2026-06-13 14:16:37.910,0.00,0.00,0.00,0.00,2,0
2026-06-13 14:16:37.960,0.00,0.00,0.00,0.00,2,0
2026-06-13 14:16:38.011,0.00,0.00,0.00,0.00,2,0
2026-06-13 14:16:38.061,0.00,0.00,0.00,0.00,2,0
2026-06-13 14:16:38.111,0.00,0.00,0.00,0.00,2,0
2026-06-13 14:16:38.162,0.00,0.00,0.00,0.00,2,0
2026-06-13 14:16:38.212,0.00,0.00,0.00,0.00,2,0
2026-06-13 14:16:38.262,0.00,0.00,0.00,0.00,2,0
2026-06-13 14:16:38.313,0.00,0.00,0.00,0.00,2,0
2026-06-13 14:16:38.363,0.00,0.00,0.00,0.00,2,0
2026-06-13 14:16:38.414,0.00,0.00,0.00,0.00,2,0
2026-06-13 14:16:38.464,0.00,0.00,0.00,0.00,2,0
2026-06-13 14:16:38.514,0.00,0.00,0.00,0.00,2,0
2026-06-13 14:16:38.565,0.00,0.00,0.00,0.00,2,0
2026-06-13 14:16:38.615,0.00,0.00,0.00,0.00,2,0
2026-06-13 14:16:38.666,0.00,0.00,0.00,0.00,2,0
2026-06-13 14:16:38.716,0.00,0.00,0.00,0.00,2,0
2026-06-13 14:16:38.766,0.00,0.00,0.00,0.00,2,0
2026-06-13 14:16:38.817,0.00,0.00,0.00,0.00,2,0
2026-06-13 14:16:38.867,0.00,0.00,0.00,0.00,2,0
2026-06-13 14:16:38.917,0.00,0.00,0.00,0.00,2,0
2026-06-13 14:16:38.968,0.00,0.00,0.00,0.00,2,0
2026-06-13 14:16:39.018,0.00,0.00,0.00,0.00,2,0
2026-06-13 14:16:39.069,0.00,0.00,0.00,0.00,2,0
2026-06-13 14:16:39.119,0.00,0.00,0.00,0.00,2,0
2026-06-13 14:16:39.169,0.00,0.00,0.00,0.00,2,0
2026-06-13 14:16:39.220,0.00,0.00,0.00,0.00,2,0
2026-06-13 14:16:39.270,0.00,0.00,0.00,0.00,2,0
2026-06-13 14:16:39.320,0.00,0.00,0.00,0.00,2,0
2026-06-13 14:16:39.371,0.00,0.00,0.00,0.00,2,0
2026-06-13 14:16:39.421,0.00,0.00,0.00,0.00,2,0
2026-06-13 14:16:39.472,0.00,0.00,0.00,0.00,2,0
2026-06-13 14:16:39.522,0.00,0.00,0.00,0.00,2,0
2026-06-13 14:16:39.572,0.00,0.00,0.00,0.00,2,0
2026-06-13 14:16:39.623,0.00,0.00,0.00,0.00,2,0
2026-06-13 14:16:39.673,0.00,0.00,0.00,0.00,2,0
2026-06-13 14:16:39.724,0.00,0.00,0.00,0.00,2,0
2026-06-13 14:16:39.774,0.00,0.00,0.00,0.00,2,0
2026-06-13 14:16:39.824,0.00,0.00,0.00,0.00,2,0
2026-06-13 14:16:39.875,0.00,0.00,0.00,0.00,2,0
2026-06-13 14:16:39.925,0.00,0.00,0.00,0.00,2,0
2026-06-13 14:16:39.975,0.00,0.00,0.00,0.00,2,0
2026-06-13 14:16:40.026,0.00,0.00,0.00,0.00,2,0
2026-06-13 14:16:40.076,0.00,0.00,0.00,0.00,2,0
2026-06-13 14:16:40.127,0.00,0.00,0.00,0.00,2,0
2026-06-13 14:16:40.177,0.00,0.00,0.00,0.00,2,0
2026-06-13 14:16:40.227,0.00,0.00,0.00,0.00,2,0
2026-06-13 14:16:40.278,0.00,0.00,0.00,0.00,2,0
2026-06-13 14:16:40.328,0.00,0.00,0.00,0.00,2,0
2026-06-13 14:16:40.379,0.00,0.00,0.00,0.00,2,0
2026-06-13 14:16:40.429,0.00,0.00,0.00,0.00,2,0
2026-06-13 14:16:40.479,0.00,0.00,0.00,0.00,2,0
2026-06-13 14:16:40.530,0.00,0.00,0.00,0.00,2,0
2026-06-13 14:16:40.580,0.00,0.00,0.00,0.00,2,0
2026-06-13 14:16:40.630,0.00,0.00,0.00,0.00,2,0
2026-06-13 14:16:40.681,0.00,0.00,0.00,0.00,2,0
2026-06-13 14:16:40.731,0.00,0.00,0.00,0.00,2,0
2026-06-13 14:16:40.782,0.00,0.00,0.00,0.00,2,0
2026-06-13 14:16:40.832,0.00,0.00,0.00,0.00,2,0
2026-06-13 14:16:40.882,0.00,0.00,0.00,0.00,2,0
2026-06-13 14:16:40.933,0.00,0.00,0.00,0.00,2,0
2026-06-13 14:16:40.983,0.00,0.00,0.00,0.00,2,0
2026-06-13 14:16:41.034,0.00,0.00,0.00,0.00,2,0
2026-06-13 14:16:41.084,0.00,0.00,0.00,0.00,2,0
2026-06-13 14:16:41.134,0.00,0.00,0.00,0.00,2,0
2026-06-13 14:16:41.185,0.00,0.00,0.00,0.00,2,0
2026-06-13 14:16:41.235,0.00,0.00,0.00,0.00,2,0
2026-06-13 14:16:41.285,0.00,0.00,0.00,0.00,2,0
2026-06-13 14:16:41.336,0.00,0.00,0.00,0.00,2,0
2026-06-13 14:16:41.386,0.00,0.00,0.00,0.00,2,0
2026-06-13 14:16:41.437,0.00,0.00,0.00,0.00,2,0
2026-06-13 14:16:41.487,0.00,0.00,0.00,0.00,2,0
2026-06-13 14:16:41.537,0.00,0.00,0.00,0.00,2,0
2026-06-13 14:16:41.588,0.00,0.00,0.00,0.00,2,0
2026-06-13 14:16:41.638,0.00,0.00,0.00,0.00,2,0
2026-06-13 14:16:41.689,0.00,0.00,0.00,0.00,2,0
2026-06-13 14:16:41.739,0.00,0.00,0.00,0.00,2,0
2026-06-13 14:16:41.789,0.00,0.00,0.00,0.00,2,0
2026-06-13 14:16:41.840,0.00,0.00,0.00,0.00,2,0
2026-06-13 14:16:41.890,0.00,0.00,0.00,0.00,2,0
2026-06-13 14:16:41.940,0.00,0.00,0.00,0.00,2,0
2026-06-13 14:16:41.991,0.00,0.00,0.00,0.00,2,0
2026-06-13 14:16:42.041,0.00,0.00,0.00,0.00,2,0
2026-06-13 14:16:42.092,0.00,0.00,0.00,0.00,2,0
2026-06-13 14:16:42.142,0.00,0.00,0.00,0.00,2,0
2026-06-13 14:16:42.192,0.00,0.00,0.00,0.00,2,0
2026-06-13 14:16:42.243,0.00,0.00,0.00,0.00,2,0
2026-06-13 14:16:42.293,0.00,0.00,0.00,0.00,2,0
2026-06-13 14:16:42.344,0.00,0.00,0.00,0.00,2,0
2026-06-13 14:16:42.394,0.00,0.00,0.00,0.00,2,0
2026-06-13 14:16:42.444,0.00,0.00,0.00,0.00,2,0
2026-06-13 14:16:42.495,0.00,0.00,0.00,0.00,2,0
2026-06-13 14:16:42.545,0.00,0.00,0.00,0.00,2,0
2026-06-13 14:16:42.596,0.00,0.00,0.00,0.00,2,0
2026-06-13 14:16:42.646,0.00,0.00,0.00,0.00,2,0
2026-06-13 14:16:42.696,0.00,0.00,0.00,0.00,2,0
2026-06-13 14:16:42.747,0.00,0.00,0.00,0.00,2,0
2026-06-13 14:16:42.797,0.00,0.00,0.00,0.00,2,0
2026-06-13 14:16:42.848,0.00,0.00,0.00,0.00,2,0
2026-06-13 14:16:42.898,0.00,0.00,0.00,0.00,2,0
2026-06-13 14:16:42.948,0.00,0.00,0.00,0.00,2,0
2026-06-13 14:16:42.999,0.00,0.00,0.00,0.00,2,0
2026-06-13 14:16:43.049,0.00,0.00,0.00,0.00,2,0
2026-06-13 14:16:43.100,0.00,0.00,0.00,0.00,2,0
2026-06-13 14:16:43.151,0.00,0.00,0.00,0.00,2,0
2026-06-13 14:16:43.201,0.00,0.00,0.00,0.00,2,0
2026-06-13 14:16:43.252,0.00,0.00,0.00,0.00,2,0
2026-06-13 14:16:43.302,0.00,0.00,0.00,0.00,2,0
2026-06-13 14:16:43.353,0.00,0.00,0.00,0.00,2,0
2026-06-13 14:16:43.404,0.00,0.00,0.00,0.00,2,0
2026-06-13 14:16:43.454,0.00,0.00,0.00,0.00,2,0
2026-06-13 14:16:43.505,0.00,0.00,0.00,0.00,2,0
2026-06-13 14:16:43.555,0.00,0.00,0.00,0.00,2,0
2026-06-13 14:16:43.606,0.00,0.00,0.00,0.00,2,0
2026-06-13 14:16:43.657,0.00,0.00,0.00,0.00,2,0
2026-06-13 14:16:43.707,0.00,0.00,0.00,0.00,2,0
2026-06-13 14:16:43.758,0.00,0.00,0.00,0.00,2,0
2026-06-13 14:16:43.808,0.00,0.00,0.00,0.00,2,0
2026-06-13 14:16:43.859,0.00,0.00,0.00,0.00,2,0
2026-06-13 14:16:43.910,0.00,0.00,0.00,0.00,2,0
2026-06-13 14:16:43.960,0.00,0.00,0.00,0.00,2,0
2026-06-13 14:16:44.011,0.00,0.00,0.00,0.00,2,0
2026-06-13 14:16:44.061,0.00,0.00,0.00,0.00,2,0
2026-06-13 14:16:44.112,0.00,0.00,0.00,0.00,2,0
2026-06-13 14:16:44.163,0.00,0.00,0.00,0.00,2,0
2026-06-13 14:16:44.213,0.00,0.00,0.00,0.00,2,0
2026-06-13 14:16:44.264,0.00,0.00,0.00,0.00,2,0
2026-06-13 14:16:44.314,0.00,0.00,0.00,0.00,2,0
2026-06-13 14:16:44.365,0.00,0.00,0.00,0.00,2,0
2026-06-13 14:16:44.415,0.00,0.00,0.00,0.00,2,0
2026-06-13 14:16:44.466,0.00,0.00,0.00,0.00,2,0
2026-06-13 14:16:44.517,0.00,0.00,0.00,0.00,2,0
2026-06-13 14:16:44.567,0.00,0.00,0.00,0.00,2,0
2026-06-13 14:16:44.618,0.00,0.00,0.00,0.00,2,0
2026-06-13 14:16:44.668,0.00,0.00,0.00,0.00,2,0
2026-06-13 14:16:44.719,0.00,0.00,0.00,0.00,2,0
2026-06-13 14:16:44.770,0.00,0.00,0.00,0.00,2,0
2026-06-13 14:16:44.820,0.00,0.00,0.00,0.00,2,0
2026-06-13 14:16:44.871,0.00,0.00,0.00,0.00,2,0
2026-06-13 14:16:44.921,0.00,0.00,0.00,0.00,2,0
2026-06-13 14:16:44.972,0.00,0.00,0.00,0.00,2,0
2026-06-13 14:16:45.023,0.00,0.00,0.00,0.00,2,0
2026-06-13 14:16:45.073,0.00,0.00,0.00,0.00,2,0
2026-06-13 14:16:45.124,0.00,0.00,0.00,0.00,2,0
2026-06-13 14:16:45.174,0.00,0.00,0.00,0.00,2,0
2026-06-13 14:16:45.225,0.00,0.00,0.00,0.00,2,0
2026-06-13 14:16:45.275,0.00,0.00,0.00,0.00,2,0
2026-06-13 14:16:45.326,0.00,0.00,0.00,0.00,2,0
2026-06-13 14:16:45.377,0.00,0.00,0.00,0.00,2,0
2026-06-13 14:16:45.427,0.00,0.00,0.00,0.00,2,0
2026-06-13 14:16:45.478,0.00,0.00,0.00,0.00,2,0
2026-06-13 14:16:45.528,0.00,0.00,0.00,0.00,2,0
2026-06-13 14:16:45.579,0.00,0.00,0.00,0.00,2,0
2026-06-13 14:16:45.630,0.00,0.00,0.00,0.00,2,0
2026-06-13 14:16:45.680,0.00,0.00,0.00,0.00,2,0
2026-06-13 14:16:45.731,0.00,0.00,0.00,0.00,2,0
2026-06-13 14:16:45.781,0.00,0.00,0.00,0.00,2,0
2026-06-13 14:16:45.832,0.00,0.00,0.00,0.00,2,0
2026-06-13 14:16:45.883,0.00,0.00,0.00,0.00,2,0
2026-06-13 14:16:45.933,0.00,0.00,0.00,0.00,2,0
2026-06-13 14:16:45.984,0.00,0.00,0.00,0.00,2,0
2026-06-13 14:16:46.034,0.00,0.00,0.00,0.00,2,0
2026-06-13 14:16:46.085,0.00,0.00,0.00,0.00,2,0
2026-06-13 14:16:46.135,0.00,0.00,0.00,0.00,2,0
2026-06-13 14:16:46.186,0.00,0.00,0.00,0.00,2,0
2026-06-13 14:16:46.237,0.00,0.00,0.00,0.00,2,0
2026-06-13 14:16:46.287,0.00,0.00,0.00,0.00,2,0
2026-06-13 14:16:46.338,0.00,0.00,0.00,0.00,2,0
2026-06-13 14:16:46.388,0.00,0.00,0.00,0.00,2,0
2026-06-13 14:16:46.439,0.00,0.00,0.00,0.00,2,0
2026-06-13 14:16:46.489,0.00,0.00,0.00,0.00,2,0
2026-06-13 14:16:46.540,0.00,0.00,0.00,0.00,2,0
2026-06-13 14:16:46.591,0.00,0.00,0.00,0.00,2,0
2026-06-13 14:16:46.641,0.00,0.00,0.00,0.00,2,0
2026-06-13 14:16:46.692,0.00,0.00,0.00,0.00,2,0
2026-06-13 14:16:46.742,0.00,0.00,0.00,0.00,2,0
2026-06-13 14:16:46.793,0.00,0.00,0.00,0.00,2,0
2026-06-13 14:16:46.843,0.00,0.00,0.00,0.00,2,0
2026-06-13 14:16:46.894,0.00,0.00,0.00,0.00,2,0
2026-06-13 14:16:46.945,0.00,0.00,0.00,0.00,2,0
2026-06-13 14:16:46.995,0.00,0.00,0.00,0.00,2,0
2026-06-13 14:16:47.046,0.00,0.00,0.00,0.00,2,0
2026-06-13 14:16:47.096,0.00,0.00,0.00,0.00,2,0
2026-06-13 14:16:47.147,0.00,0.00,0.00,0.00,2,0
2026-06-13 14:16:47.198,0.00,0.00,0.00,0.00,2,0
2026-06-13 14:16:47.248,0.00,0.00,0.00,0.00,2,0
2026-06-13 14:16:47.299,0.00,0.00,0.00,0.00,2,0
2026-06-13 14:16:47.349,0.00,0.00,0.00,0.00,2,0
2026-06-13 14:16:47.400,0.00,0.00,0.00,0.00,2,0
2026-06-13 14:16:47.450,0.00,0.00,0.00,0.00,2,0
2026-06-13 14:16:47.501,0.00,0.00,0.00,0.00,2,0
2026-06-13 14:16:47.552,0.00,0.00,0.00,0.00,2,0
2026-06-13 14:16:47.602,0.00,0.00,0.00,0.00,2,0
2026-06-13 14:16:47.653,0.00,0.00,0.00,0.00,2,0
2026-06-13 14:16:47.703,0.00,0.00,0.00,0.00,2,0
2026-06-13 14:16:47.754,0.00,0.00,0.00,0.00,2,0
2026-06-13 14:16:47.804,0.00,0.00,0.00,0.00,2,0
2026-06-13 14:16:47.855,0.00,0.00,0.00,0.00,2,0
2026-06-13 14:16:47.906,0.00,0.00,0.00,0.00,2,0
2026-06-13 14:16:47.956,0.00,0.00,0.00,0.00,2,0
2026-06-13 14:16:48.007,0.00,0.00,0.00,0.00,2,0
2026-06-13 14:16:48.057,0.00,0.00,0.00,0.00,2,0
2026-06-13 14:16:48.108,0.00,0.00,0.00,0.00,2,0
2026-06-13 14:16:48.158,0.00,0.00,0.00,0.00,2,0
2026-06-13 14:16:48.209,0.00,0.00,0.00,0.00,2,0
2026-06-13 14:16:48.260,0.00,0.00,0.00,0.00,2,0
2026-06-13 14:16:48.310,0.00,0.00,0.00,0.00,2,0
2026-06-13 14:16:48.361,0.00,0.00,0.00,0.00,2,0
2026-06-13 14:16:48.411,0.00,0.00,0.00,0.00,2,0
2026-06-13 14:16:48.462,0.00,0.00,0.00,0.00,2,0
2026-06-13 14:16:48.512,0.00,0.00,0.00,0.00,2,0
2026-06-13 14:16:48.563,0.00,0.00,0.00,0.00,2,0
2026-06-13 14:16:48.614,0.00,0.00,0.00,0.00,2,0
2026-06-13 14:16:48.664,0.00,0.00,0.00,0.00,2,0
2026-06-13 14:16:48.715,0.00,0.00,0.00,0.00,2,0
2026-06-13 14:16:48.765,0.00,0.00,0.00,0.00,2,0
2026-06-13 14:16:48.816,0.00,0.00,0.00,0.00,2,0
2026-06-13 14:16:48.866,0.00,0.00,0.00,0.00,2,0
2026-06-13 14:16:48.917,0.00,0.00,0.00,0.00,2,0
2026-06-13 14:16:48.967,0.00,0.00,0.00,0.00,2,0
2026-06-13 14:16:49.018,0.00,0.00,0.00,0.00,2,0
2026-06-13 14:16:49.069,0.00,0.00,0.00,0.00,2,0
2026-06-13 14:16:49.119,0.00,0.00,0.00,0.00,2,0
2026-06-13 14:16:49.170,0.00,0.00,0.00,0.00,2,0
2026-06-13 14:16:49.220,0.00,0.00,0.00,0.00,2,0
2026-06-13 14:16:49.271,0.00,0.00,0.00,0.00,2,0
2026-06-13 14:16:49.321,0.00,0.00,0.00,0.00,2,0
2026-06-13 14:16:49.372,0.00,0.00,0.00,0.00,2,0
2026-06-13 14:16:49.423,0.00,0.00,0.00,0.00,2,0
2026-06-13 14:16:49.473,0.00,0.00,0.00,0.00,2,0
2026-06-13 14:16:49.524,0.00,0.00,0.00,0.00,2,0
2026-06-13 14:16:49.574,0.00,0.00,0.00,0.00,2,0
2026-06-13 14:16:49.625,0.00,0.00,0.00,0.00,2,0
2026-06-13 14:16:49.675,0.00,0.00,0.00,0.00,2,0
2026-06-13 14:16:49.726,0.00,0.00,0.00,0.00,2,0
2026-06-13 14:16:49.776,0.00,0.00,0.00,0.00,2,0
2026-06-13 14:16:49.827,0.00,0.00,0.00,0.00,2,0
2026-06-13 14:16:49.878,0.00,0.00,0.00,0.00,2,0
2026-06-13 14:16:49.928,0.00,0.00,0.00,0.00,2,0
2026-06-13 14:16:49.979,0.00,0.00,0.00,0.00,2,0
2026-06-13 14:16:50.029,0.00,0.00,0.00,0.00,2,0
2026-06-13 14:16:50.080,0.00,0.00,0.00,0.00,2,0
2026-06-13 14:16:50.130,0.00,0.00,0.00,0.00,2,0
2026-06-13 14:16:50.181,0.00,0.00,0.00,0.00,2,0
2026-06-13 14:16:50.232,0.00,0.00,0.00,0.00,2,0
2026-06-13 14:16:50.282,0.00,0.00,0.00,0.00,2,0
2026-06-13 14:16:50.333,0.00,0.00,0.00,0.00,2,0
2026-06-13 14:16:50.383,0.00,0.00,0.00,0.00,2,0
2026-06-13 14:16:50.434,0.00,0.00,0.00,0.00,2,0
2026-06-13 14:16:50.484,0.00,0.00,0.00,0.00,2,0
2026-06-13 14:16:50.535,0.00,0.00,0.00,0.00,2,0
2026-06-13 14:16:50.585,0.00,0.00,0.00,0.00,2,0
2026-06-13 14:16:50.636,0.00,0.00,0.00,0.00,2,0
2026-06-13 14:16:50.687,0.00,0.00,0.00,0.00,2,0
2026-06-13 14:16:50.737,0.00,0.00,0.00,0.00,2,0
2026-06-13 14:16:50.788,0.00,0.00,0.00,0.00,2,0
2026-06-13 14:16:50.838,0.00,0.00,0.00,0.00,2,0
2026-06-13 14:16:50.889,0.00,0.00,0.00,0.00,2,0
2026-06-13 14:16:50.939,0.00,0.00,0.00,0.00,2,0
2026-06-13 14:16:50.990,0.00,0.00,0.00,0.00,2,0
2026-06-13 14:16:51.040,0.00,0.00,0.00,0.00,2,0
2026-06-13 14:16:51.091,0.00,0.00,0.00,0.00,2,0
2026-06-13 14:16:51.142,0.00,0.00,0.00,0.00,2,0
2026-06-13 14:16:51.192,0.00,0.00,0.00,0.00,2,0
2026-06-13 14:16:51.243,0.00,0.00,0.00,0.00,2,0
2026-06-13 14:16:51.293,0.00,0.00,0.00,0.00,2,0
2026-06-13 14:16:51.344,0.00,0.00,0.00,0.00,2,0
2026-06-13 14:16:51.394,0.00,0.00,0.00,0.00,2,0
2026-06-13 14:16:51.445,0.00,0.00,0.00,0.00,2,0
2026-06-13 14:16:51.495,0.00,0.00,0.00,0.00,2,0
2026-06-13 14:16:51.546,0.00,0.00,0.00,0.00,2,0
2026-06-13 14:16:51.597,0.00,0.00,0.00,0.00,2,0
2026-06-13 14:16:51.647,0.00,0.00,0.00,0.00,2,0
2026-06-13 14:16:51.698,0.00,0.00,0.00,0.00,2,0
2026-06-13 14:16:51.748,0.00,0.00,0.00,0.00,2,0
2026-06-13 14:16:51.799,0.00,0.00,0.00,0.00,2,0
2026-06-13 14:16:51.849,0.00,0.00,0.00,0.00,2,0
2026-06-13 14:16:51.900,0.00,0.00,0.00,0.00,2,0
2026-06-13 14:16:51.950,0.00,0.00,0.00,0.00,2,0
2026-06-13 14:16:52.001,0.00,0.00,0.00,0.00,2,0
2026-06-13 14:16:52.052,0.00,0.00,0.00,0.00,2,0
2026-06-13 14:16:52.102,0.00,0.00,0.00,0.00,2,0
2026-06-13 14:16:52.153,0.00,0.00,0.00,0.00,2,0
2026-06-13 14:16:52.203,0.00,0.00,0.00,0.00,2,0
2026-06-13 14:16:52.254,0.00,0.00,0.00,0.00,2,0
2026-06-13 14:16:52.304,0.00,0.00,0.00,0.00,2,0
2026-06-13 14:16:52.355,0.00,0.00,0.00,0.00,2,0
2026-06-13 14:16:52.405,0.00,0.00,0.00,0.00,2,0
2026-06-13 14:16:52.456,0.00,0.00,0.00,0.00,2,0
2026-06-13 14:16:52.506,0.00,0.00,0.00,0.00,2,0
2026-06-13 14:16:52.557,0.00,0.00,0.00,0.00,2,0
2026-06-13 14:16:52.608,0.00,0.00,0.00,0.00,2,0
2026-06-13 14:16:52.658,0.00,0.00,0.00,0.00,2,0
2026-06-13 14:16:52.709,0.00,0.00,0.00,0.00,2,0
2026-06-13 14:16:52.759,0.00,0.00,0.00,0.00,2,0
2026-06-13 14:16:52.810,0.00,0.00,0.00,0.00,2,0
2026-06-13 14:16:52.860,0.00,0.00,0.00,0.00,2,0
2026-06-13 14:16:52.911,0.00,0.00,0.00,0.00,2,0
2026-06-13 14:16:52.961,0.00,0.00,0.00,0.00,2,0
2026-06-13 14:16:53.012,0.00,0.00,0.00,0.00,2,0
2026-06-13 14:16:53.063,0.00,0.00,0.00,0.00,2,0
2026-06-13 14:16:53.113,0.00,0.00,0.00,0.00,2,0
2026-06-13 14:16:53.164,0.00,0.00,0.00,0.00,2,0
2026-06-13 14:16:53.214,0.00,0.00,0.00,0.00,2,0
2026-06-13 14:16:53.265,0.00,0.00,0.00,0.00,2,0
2026-06-13 14:16:53.315,0.00,0.00,0.00,0.00,2,0
2026-06-13 14:16:53.366,0.00,0.00,0.00,0.00,2,0
2026-06-13 14:16:53.416,0.00,0.00,0.00,0.00,2,0
2026-06-13 14:16:53.467,0.00,0.00,0.00,0.00,2,0
2026-06-13 14:16:53.517,0.00,0.00,0.00,0.00,2,0
2026-06-13 14:16:53.568,0.00,0.00,0.00,0.00,2,0
2026-06-13 14:16:53.618,0.00,0.00,0.00,0.00,2,0
2026-06-13 14:16:53.669,0.00,0.00,0.00,0.00,2,0
2026-06-13 14:16:53.720,0.00,0.00,0.00,0.00,2,0
2026-06-13 14:16:53.770,0.00,0.00,0.00,0.00,2,0
2026-06-13 14:16:53.821,0.00,0.00,0.00,0.00,2,0
2026-06-13 14:16:53.871,0.00,0.00,0.00,0.00,2,0
2026-06-13 14:16:53.922,0.00,0.00,0.00,0.00,2,0
2026-06-13 14:16:53.972,0.00,0.00,0.00,0.00,2,0
2026-06-13 14:16:54.023,0.00,0.00,0.00,0.00,2,0
2026-06-13 14:16:54.073,0.00,0.00,0.00,0.00,2,0
2026-06-13 14:16:54.124,0.00,0.00,0.00,0.00,2,0
2026-06-13 14:16:54.174,0.00,0.00,0.00,0.00,2,0
2026-06-13 14:16:54.225,0.00,0.00,0.00,0.00,2,0
2026-06-13 14:16:54.276,0.00,0.00,0.00,0.00,2,0
2026-06-13 14:16:54.326,0.00,0.00,0.00,0.00,2,0
2026-06-13 14:16:54.377,0.00,0.00,0.00,0.00,2,0
2026-06-13 14:16:54.427,0.00,0.00,0.00,0.00,2,0
2026-06-13 14:16:54.478,0.00,0.00,0.00,0.00,2,0
2026-06-13 14:16:54.528,0.00,0.00,0.00,0.00,2,0
2026-06-13 14:16:54.579,0.00,0.00,0.00,0.00,2,0
2026-06-13 14:16:54.629,0.00,0.00,0.00,0.00,2,0
2026-06-13 14:16:54.680,0.00,0.00,0.00,0.00,2,0
2026-06-13 14:16:54.730,0.00,0.00,0.00,0.00,2,0
2026-06-13 14:16:54.781,0.00,0.00,0.00,0.00,2,0
2026-06-13 14:16:54.831,0.00,0.00,0.00,0.00,2,0
2026-06-13 14:16:54.882,0.00,0.00,0.00,0.00,2,0
2026-06-13 14:16:54.933,0.00,0.00,0.00,0.00,2,0
2026-06-13 14:16:54.983,0.00,0.00,0.00,0.00,2,0
2026-06-13 14:16:55.034,0.00,0.00,0.00,0.00,2,0
2026-06-13 14:16:55.084,0.00,0.00,0.00,0.00,2,0
2026-06-13 14:16:55.135,0.00,0.00,0.00,0.00,2,0
2026-06-13 14:16:55.185,0.00,0.00,0.00,0.00,2,0
2026-06-13 14:16:55.236,0.00,0.00,0.00,0.00,2,0
2026-06-13 14:16:55.286,0.00,0.00,0.00,0.00,2,0
2026-06-13 14:16:55.337,0.00,0.00,0.00,0.00,2,0
2026-06-13 14:16:55.387,0.00,0.00,0.00,0.00,2,0
2026-06-13 14:16:55.438,0.00,0.00,0.00,0.00,2,0
2026-06-13 14:16:55.488,0.00,0.00,0.00,0.00,2,0
2026-06-13 14:16:55.539,0.00,0.00,0.00,0.00,2,0
2026-06-13 14:16:55.590,0.00,0.00,0.00,0.00,2,0
2026-06-13 14:16:55.640,0.00,0.00,0.00,0.00,2,0
2026-06-13 14:16:55.691,0.00,0.00,0.00,0.00,2,0
2026-06-13 14:16:55.741,0.00,0.00,0.00,0.00,2,0
2026-06-13 14:16:55.792,0.00,0.00,0.00,0.00,2,0
2026-06-13 14:16:55.842,0.00,0.00,0.00,0.00,2,0
2026-06-13 14:16:55.893,0.00,0.00,0.00,0.00,2,0
2026-06-13 14:16:55.943,0.00,0.00,0.00,0.00,2,0
2026-06-13 14:16:55.994,0.00,0.00,0.00,0.00,2,0
2026-06-13 14:16:56.044,0.00,0.00,0.00,0.00,2,0
2026-06-13 14:16:56.095,0.00,0.00,0.00,0.00,2,0
2026-06-13 14:16:56.145,0.00,0.00,0.00,0.00,2,0
2026-06-13 14:16:56.196,0.00,0.00,0.00,0.00,2,0
2026-06-13 14:16:56.246,0.00,0.00,0.00,0.00,2,0
2026-06-13 14:16:56.297,0.00,0.00,0.00,0.00,2,0
2026-06-13 14:16:56.348,0.00,0.00,0.00,0.00,2,0
2026-06-13 14:16:56.398,0.00,0.00,0.00,0.00,2,0
2026-06-13 14:16:56.449,0.00,0.00,0.00,0.00,2,0
2026-06-13 14:16:56.499,0.00,0.00,0.00,0.00,2,0
2026-06-13 14:16:56.550,0.00,0.00,0.00,0.00,2,0
2026-06-13 14:16:56.600,0.00,0.00,0.00,0.00,2,0
2026-06-13 14:16:56.651,0.00,0.00,0.00,0.00,2,0
2026-06-13 14:16:56.701,0.00,0.00,0.00,0.00,2,0
2026-06-13 14:16:56.752,0.00,0.00,0.00,0.00,2,0
2026-06-13 14:16:56.802,0.00,0.00,0.00,0.00,2,0
2026-06-13 14:16:56.853,0.00,0.00,0.00,0.00,2,0
2026-06-13 14:16:56.903,0.00,0.00,0.00,0.00,2,0
2026-06-13 14:16:56.954,0.00,0.00,0.00,0.00,2,0
2026-06-13 14:16:57.004,0.00,0.00,0.00,0.00,2,0
2026-06-13 14:16:57.055,0.00,0.00,0.00,0.00,2,0
2026-06-13 14:16:57.106,0.00,0.00,0.00,0.00,2,0
2026-06-13 14:16:57.156,0.00,0.00,0.00,0.00,2,0
2026-06-13 14:16:57.207,0.00,0.00,0.00,0.00,2,0
2026-06-13 14:16:57.257,0.00,0.00,0.00,0.00,2,0
2026-06-13 14:16:57.308,0.00,0.00,0.00,0.00,2,0
2026-06-13 14:16:57.358,0.00,0.00,0.00,0.00,2,0
2026-06-13 14:16:57.409,0.00,0.00,0.00,0.00,2,0
2026-06-13 14:16:57.459,0.00,0.00,0.00,0.00,2,0
2026-06-13 14:16:57.510,0.00,0.00,0.00,0.00,2,0
2026-06-13 14:16:57.560,0.00,0.00,0.00,0.00,2,0
2026-06-13 14:16:57.611,0.00,0.00,0.00,0.00,2,0
2026-06-13 14:16:57.661,0.00,0.00,0.00,0.00,2,0
2026-06-13 14:16:57.712,0.00,0.00,0.00,0.00,2,0
2026-06-13 14:16:57.762,0.00,0.00,0.00,0.00,2,0
2026-06-13 14:16:57.813,0.00,0.00,0.00,0.00,2,0
2026-06-13 14:16:57.863,0.00,0.00,0.00,0.00,2,0
2026-06-13 14:16:57.914,0.00,0.00,0.00,0.00,2,0
2026-06-13 14:16:57.965,0.00,0.00,0.00,0.00,2,0
2026-06-13 14:16:58.015,0.00,0.00,0.00,0.00,2,0
2026-06-13 14:16:58.066,0.00,0.00,0.00,0.00,2,0
2026-06-13 14:16:58.116,0.00,0.00,0.00,0.00,2,0
2026-06-13 14:16:58.167,0.00,0.00,0.00,0.00,2,0
2026-06-13 14:16:58.217,0.00,0.00,0.00,0.00,2,0
2026-06-13 14:16:58.268,0.00,0.00,0.00,0.00,2,0
2026-06-13 14:16:58.318,0.00,0.00,0.00,0.00,2,0
2026-06-13 14:16:58.369,0.00,0.00,0.00,0.00,2,0
2026-06-13 14:16:58.419,0.00,0.00,0.00,0.00,2,0
2026-06-13 14:16:58.470,0.00,0.00,0.00,0.00,2,0
2026-06-13 14:16:58.520,0.00,0.00,0.00,0.00,2,0
2026-06-13 14:16:58.571,0.00,0.00,0.00,0.00,2,0
2026-06-13 14:16:58.621,0.00,0.00,0.00,0.00,2,0
2026-06-13 14:16:58.672,0.00,0.00,0.00,0.00,2,0
2026-06-13 14:16:58.722,0.00,0.00,0.00,0.00,2,0
2026-06-13 14:16:58.773,0.00,0.00,0.00,0.00,2,0
2026-06-13 14:16:58.823,0.00,0.00,0.00,0.00,2,0
2026-06-13 14:16:58.874,0.00,0.00,0.00,0.00,2,0
2026-06-13 14:16:58.924,0.00,0.00,0.00,0.00,2,0
2026-06-13 14:16:58.975,0.00,0.00,0.00,0.00,2,0
2026-06-13 14:16:59.025,0.00,0.00,0.00,0.00,2,0
2026-06-13 14:16:59.076,0.00,0.00,0.00,0.00,2,0
2026-06-13 14:16:59.127,0.00,0.00,0.00,0.00,2,0
2026-06-13 14:16:59.177,0.00,0.00,0.00,0.00,2,0
2026-06-13 14:16:59.228,0.00,0.00,0.00,0.00,2,0
2026-06-13 14:16:59.278,0.00,0.00,0.00,0.00,2,0
2026-06-13 14:16:59.329,0.00,0.00,0.00,0.00,2,0
2026-06-13 14:16:59.379,0.00,0.00,0.00,0.00,2,0
2026-06-13 14:16:59.430,0.00,0.00,0.00,0.00,2,0
2026-06-13 14:16:59.480,0.00,0.00,0.00,0.00,2,0
2026-06-13 14:16:59.531,0.00,0.00,0.00,0.00,2,0
2026-06-13 14:16:59.581,0.00,0.00,0.00,0.00,2,0
2026-06-13 14:16:59.632,0.00,0.00,0.00,0.00,2,0
2026-06-13 14:16:59.682,0.00,0.00,0.00,0.00,2,0
2026-06-13 14:16:59.733,0.00,0.00,0.00,0.00,2,0
2026-06-13 14:16:59.783,0.00,0.00,0.00,0.00,2,0
2026-06-13 14:16:59.834,0.00,0.00,0.00,0.00,2,0
2026-06-13 14:16:59.884,0.00,0.00,0.00,0.00,2,0
2026-06-13 14:16:59.935,0.00,0.00,0.00,0.00,2,0
2026-06-13 14:16:59.985,0.00,0.00,0.00,0.00,2,0
2026-06-13 14:17:00.036,0.00,0.00,0.00,0.00,2,0
2026-06-13 14:17:00.086,0.00,0.00,0.00,0.00,2,0
2026-06-13 14:17:00.137,0.00,0.00,0.00,0.00,2,0
2026-06-13 14:17:00.187,0.00,0.00,0.00,0.00,2,0
2026-06-13 14:17:00.238,0.00,0.00,0.00,0.00,2,0
2026-06-13 14:17:00.289,0.00,0.00,0.00,0.00,2,0
2026-06-13 14:17:00.339,0.00,0.00,0.00,0.00,2,0
2026-06-13 14:17:00.390,0.00,0.00,0.00,0.00,2,0
2026-06-13 14:17:00.440,0.00,0.00,0.00,0.00,2,0
2026-06-13 14:17:00.491,0.00,0.00,0.00,0.00,2,0
2026-06-13 14:17:00.541,0.00,0.00,0.00,0.00,2,0
2026-06-13 14:17:00.592,0.00,0.00,0.00,0.00,2,0
2026-06-13 14:17:00.642,0.00,0.00,0.00,0.00,2,0
2026-06-13 14:17:00.693,0.00,0.00,0.00,0.00,2,0
2026-06-13 14:17:00.743,0.00,0.00,0.00,0.00,2,0
2026-06-13 14:17:00.794,0.00,0.00,0.00,0.00,2,0
2026-06-13 14:17:00.844,0.00,0.00,0.00,0.00,2,0
2026-06-13 14:17:00.895,0.00,0.00,0.00,0.00,2,0
2026-06-13 14:17:00.945,0.00,0.00,0.00,0.00,2,0
2026-06-13 14:17:00.996,0.00,0.00,0.00,0.00,2,0
2026-06-13 14:17:01.046,0.00,0.00,0.00,0.00,2,0
2026-06-13 14:17:01.097,0.00,0.00,0.00,0.00,2,0
2026-06-13 14:17:01.147,0.00,0.00,0.00,0.00,2,0
2026-06-13 14:17:01.198,0.00,0.00,0.00,0.00,2,0
2026-06-13 14:17:01.248,0.00,0.00,0.00,0.00,2,0
2026-06-13 14:17:01.299,0.00,0.00,0.00,0.00,2,0
2026-06-13 14:17:01.349,0.00,0.00,0.00,0.00,2,0
2026-06-13 14:17:01.400,0.00,0.00,0.00,0.00,2,0
2026-06-13 14:17:01.450,0.00,0.00,0.00,0.00,2,0
2026-06-13 14:17:01.501,0.00,0.00,0.00,0.00,2,0
2026-06-13 14:17:01.551,0.00,0.00,0.00,0.00,2,0
2026-06-13 14:17:01.602,0.00,0.00,0.00,0.00,2,0
2026-06-13 14:17:01.652,0.00,0.00,0.00,0.00,2,0
2026-06-13 14:17:01.703,0.00,0.00,0.00,0.00,2,0
2026-06-13 14:17:01.753,0.00,0.00,0.00,0.00,2,0
2026-06-13 14:17:01.804,0.00,0.00,0.00,0.00,2,0
2026-06-13 14:17:01.854,0.00,0.00,0.00,0.00,2,0
2026-06-13 14:17:01.905,0.00,0.00,0.00,0.00,2,0
2026-06-13 14:17:01.955,0.00,0.00,0.00,0.00,2,0
2026-06-13 14:17:02.006,0.00,0.00,0.00,0.00,2,0
2026-06-13 14:17:02.057,0.00,0.00,0.00,0.00,2,0
2026-06-13 14:17:02.107,0.00,0.00,0.00,0.00,2,0
2026-06-13 14:17:02.158,0.00,0.00,0.00,0.00,2,0
2026-06-13 14:17:02.208,0.00,0.00,0.00,0.00,2,0
2026-06-13 14:17:02.259,0.00,0.00,0.00,0.00,2,0
2026-06-13 14:17:02.309,0.00,0.00,0.00,0.00,2,0
2026-06-13 14:17:02.360,0.00,0.00,0.00,0.00,2,0
2026-06-13 14:17:02.410,0.00,0.00,0.00,0.00,2,0
2026-06-13 14:17:02.461,0.00,0.00,0.00,0.00,2,0
2026-06-13 14:17:02.511,0.00,0.00,0.00,0.00,2,0
2026-06-13 14:17:02.562,0.00,0.00,0.00,0.00,2,0
2026-06-13 14:17:02.612,0.00,0.00,0.00,0.00,2,0
2026-06-13 14:17:02.663,0.00,0.00,0.00,0.00,2,0
2026-06-13 14:17:02.713,0.00,0.00,0.00,0.00,2,0
2026-06-13 14:17:02.764,0.00,0.00,0.00,0.00,2,0
2026-06-13 14:17:02.814,0.00,0.00,0.00,0.00,2,0
2026-06-13 14:17:02.865,0.00,0.00,0.00,0.00,2,0
2026-06-13 14:17:02.915,0.00,0.00,0.00,0.00,2,0
2026-06-13 14:17:02.966,0.00,0.00,0.00,0.00,2,0
2026-06-13 14:17:03.016,0.00,0.00,0.00,0.00,2,0
2026-06-13 14:17:03.067,0.00,0.00,0.00,0.00,2,0
2026-06-13 14:17:03.117,0.00,0.00,0.00,0.00,2,0
2026-06-13 14:17:03.168,0.00,0.00,0.00,0.00,2,0
2026-06-13 14:17:03.218,0.00,0.00,0.00,0.00,2,0
2026-06-13 14:17:03.269,0.00,0.00,0.00,0.00,2,0
2026-06-13 14:17:03.319,0.00,0.00,0.00,0.00,2,0
2026-06-13 14:17:03.370,0.00,0.00,0.00,0.00,2,0
2026-06-13 14:17:03.420,0.00,0.00,0.00,0.00,2,0
2026-06-13 14:17:03.471,0.00,0.00,0.00,0.00,2,0
2026-06-13 14:17:03.521,0.00,0.00,0.00,0.00,2,0
2026-06-13 14:17:03.572,0.00,0.00,0.00,0.00,2,0
2026-06-13 14:17:03.622,0.00,0.00,0.00,0.00,2,0
2026-06-13 14:17:03.673,0.00,0.00,0.00,0.00,2,0
2026-06-13 14:17:03.723,0.00,0.00,0.00,0.00,2,0
2026-06-13 14:17:03.774,0.00,0.00,0.00,0.00,2,0
2026-06-13 14:17:03.824,0.00,0.00,0.00,0.00,2,0
2026-06-13 14:17:03.875,0.00,0.00,0.00,0.00,2,0
2026-06-13 14:17:03.925,0.00,0.00,0.00,0.00,2,0
2026-06-13 14:17:03.976,0.00,0.00,0.00,0.00,2,0
2026-06-13 14:17:04.026,0.00,0.00,0.00,0.00,2,0
2026-06-13 14:17:04.077,0.00,0.00,0.00,0.00,2,0
2026-06-13 14:17:04.127,0.00,0.00,0.00,0.00,2,0
2026-06-13 14:17:04.178,0.00,0.00,0.00,0.00,2,0
2026-06-13 14:17:04.228,0.00,0.00,0.00,0.00,2,0
2026-06-13 14:17:04.279,0.00,0.00,0.00,0.00,2,0
2026-06-13 14:17:04.329,0.00,0.00,0.00,0.00,2,0
2026-06-13 14:17:04.380,0.00,0.00,0.00,0.00,2,0
2026-06-13 14:17:04.430,0.00,0.00,0.00,0.00,2,0
2026-06-13 14:17:04.481,0.00,0.00,0.00,0.00,2,0
2026-06-13 14:17:04.531,0.00,0.00,0.00,0.00,2,0
2026-06-13 14:17:04.582,0.00,0.00,0.00,0.00,2,0
2026-06-13 14:17:04.632,0.00,0.00,0.00,0.00,2,0
2026-06-13 14:17:04.683,0.00,0.00,0.00,0.00,2,0
2026-06-13 14:17:04.733,0.00,0.00,0.00,0.00,2,0
2026-06-13 14:17:04.784,0.00,0.00,0.00,0.00,2,0
2026-06-13 14:17:04.834,0.00,0.00,0.00,0.00,2,0
2026-06-13 14:17:04.885,0.00,0.00,0.00,0.00,2,0
2026-06-13 14:17:04.935,0.00,0.00,0.00,0.00,2,0
2026-06-13 14:17:04.986,0.00,0.00,0.00,0.00,2,0
2026-06-13 14:17:05.036,0.00,0.00,0.00,0.00,2,0
2026-06-13 14:17:05.087,0.00,0.00,0.00,0.00,2,0
2026-06-13 14:17:05.137,0.00,0.00,0.00,0.00,2,0
2026-06-13 14:17:05.188,0.00,0.00,0.00,0.00,2,0
2026-06-13 14:17:05.238,0.00,0.00,0.00,0.00,2,0
2026-06-13 14:17:05.289,0.00,0.00,0.00,0.00,2,0
2026-06-13 14:17:05.339,0.00,0.00,0.00,0.00,2,0
2026-06-13 14:17:05.390,0.00,0.00,0.00,0.00,2,0
2026-06-13 14:17:05.440,0.00,0.00,0.00,0.00,2,0
2026-06-13 14:17:05.491,0.00,0.00,0.00,0.00,2,0
2026-06-13 14:17:05.541,0.00,0.00,0.00,0.00,2,0
2026-06-13 14:17:05.592,0.00,0.00,0.00,0.00,2,0
2026-06-13 14:17:05.642,0.00,0.00,0.00,0.00,2,0
2026-06-13 14:17:05.693,0.00,0.00,0.00,0.00,2,0
2026-06-13 14:17:05.743,0.00,0.00,0.00,0.00,2,0
2026-06-13 14:17:05.794,0.00,0.00,0.00,0.00,2,0
2026-06-13 14:17:05.844,0.00,0.00,0.00,0.00,2,0
2026-06-13 14:17:05.895,0.00,0.00,0.00,0.00,2,0
2026-06-13 14:17:05.945,0.00,0.00,0.00,0.00,2,0
2026-06-13 14:17:05.996,0.00,0.00,0.00,0.00,2,0
2026-06-13 14:17:06.046,0.00,0.00,0.00,0.00,2,0
2026-06-13 14:17:06.097,0.00,0.00,0.00,0.00,2,0
2026-06-13 14:17:06.147,0.00,0.00,0.00,0.00,2,0
2026-06-13 14:17:06.198,0.00,0.00,0.00,0.00,2,0
2026-06-13 14:17:06.248,0.00,0.00,0.00,0.00,2,0
2026-06-13 14:17:06.299,0.00,0.00,0.00,0.00,2,0
2026-06-13 14:17:06.349,0.00,0.00,0.00,0.00,2,0
2026-06-13 14:17:06.400,0.00,0.00,0.00,0.00,2,0
2026-06-13 14:17:06.450,0.00,0.00,0.00,0.00,2,0
2026-06-13 14:17:06.501,0.00,0.00,0.00,0.00,2,0
2026-06-13 14:17:06.551,0.00,0.00,0.00,0.00,2,0
2026-06-13 14:17:06.602,0.00,0.00,0.00,0.00,2,0
2026-06-13 14:17:06.652,0.00,0.00,0.00,0.00,2,0
2026-06-13 14:17:06.703,0.00,0.00,0.00,0.00,2,0
2026-06-13 14:17:06.753,0.00,0.00,0.00,0.00,2,0
2026-06-13 14:17:06.804,0.00,0.00,0.00,0.00,2,0
2026-06-13 14:17:06.854,0.00,0.00,0.00,0.00,2,0
2026-06-13 14:17:06.905,0.00,0.00,0.00,0.00,2,0
2026-06-13 14:17:06.955,0.00,0.00,0.00,0.00,2,0
2026-06-13 14:17:07.006,0.00,0.00,0.00,0.00,2,0
2026-06-13 14:17:07.056,0.00,0.00,0.00,0.00,2,0
2026-06-13 14:17:07.107,0.00,0.00,0.00,0.00,2,0
2026-06-13 14:17:07.157,0.00,0.00,0.00,0.00,2,0
2026-06-13 14:17:07.208,0.00,0.00,0.00,0.00,2,0
2026-06-13 14:17:07.258,0.00,0.00,0.00,0.00,2,0
2026-06-13 14:17:07.309,0.00,0.00,0.00,0.00,2,0
2026-06-13 14:17:07.359,0.00,0.00,0.00,0.00,2,0
2026-06-13 14:17:07.410,0.00,0.00,0.00,0.00,2,0
2026-06-13 14:17:07.460,0.00,0.00,0.00,0.00,2,0
2026-06-13 14:17:07.511,0.00,0.00,0.00,0.00,2,0
2026-06-13 14:17:07.561,0.00,0.00,0.00,0.00,2,0
2026-06-13 14:17:07.612,0.00,0.00,0.00,0.00,2,0
2026-06-13 14:17:07.662,0.00,0.00,0.00,0.00,2,0
2026-06-13 14:17:07.713,0.00,0.00,0.00,0.00,2,0
2026-06-13 14:17:07.763,0.00,0.00,0.00,0.00,2,0
2026-06-13 14:17:07.814,0.00,0.00,0.00,0.00,2,0
2026-06-13 14:17:07.864,0.00,0.00,0.00,0.00,2,0
2026-06-13 14:17:07.915,0.00,0.00,0.00,0.00,2,0
2026-06-13 14:17:07.965,0.00,0.00,0.00,0.00,2,0
2026-06-13 14:17:08.016,0.00,0.00,0.00,0.00,2,0
2026-06-13 14:17:08.066,0.00,0.00,0.00,0.00,2,0
2026-06-13 14:17:08.117,0.00,0.00,0.00,0.00,2,0
2026-06-13 14:17:08.167,0.00,0.00,0.00,0.00,2,0
2026-06-13 14:17:08.218,0.00,0.00,0.00,0.00,2,0
2026-06-13 14:17:08.268,0.00,0.00,0.00,0.00,2,0
2026-06-13 14:17:08.319,0.00,0.00,0.00,0.00,2,0
2026-06-13 14:17:08.369,0.00,0.00,0.00,0.00,2,0
2026-06-13 14:17:08.420,0.00,0.00,0.00,0.00,2,0
2026-06-13 14:17:08.470,0.00,0.00,0.00,0.00,2,0
2026-06-13 14:17:08.521,0.00,0.00,0.00,0.00,2,0
2026-06-13 14:17:08.571,0.00,0.00,0.00,0.00,2,0
2026-06-13 14:17:08.622,0.00,0.00,0.00,0.00,2,0
2026-06-13 14:17:08.672,0.00,0.00,0.00,0.00,2,0
2026-06-13 14:17:08.723,0.00,0.00,0.00,0.00,2,0
2026-06-13 14:17:08.773,0.00,0.00,0.00,0.00,2,0
2026-06-13 14:17:08.824,0.00,0.00,0.00,0.00,2,0
2026-06-13 14:17:08.874,0.00,0.00,0.00,0.00,2,0
2026-06-13 14:17:08.925,0.00,0.00,0.00,0.00,2,0
2026-06-13 14:17:08.975,0.00,0.00,0.00,0.00,2,0
2026-06-13 14:17:09.026,0.00,0.00,0.00,0.00,2,0
2026-06-13 14:17:09.076,0.00,0.00,0.00,0.00,2,0
2026-06-13 14:17:09.127,0.00,0.00,0.00,0.00,2,0
2026-06-13 14:17:09.177,0.00,0.00,0.00,0.00,2,0
2026-06-13 14:17:09.228,0.00,0.00,0.00,0.00,2,0
2026-06-13 14:17:09.278,0.00,0.00,0.00,0.00,2,0
2026-06-13 14:17:09.329,0.00,0.00,0.00,0.00,2,0
2026-06-13 14:17:09.379,0.00,0.00,0.00,0.00,2,0
2026-06-13 14:17:09.430,0.00,0.00,0.00,0.00,2,0
2026-06-13 14:17:09.480,0.00,0.00,0.00,0.00,2,0
2026-06-13 14:17:09.531,0.00,0.00,0.00,0.00,2,0
2026-06-13 14:17:09.581,0.00,0.00,0.00,0.00,2,0
2026-06-13 14:17:09.631,0.00,0.00,0.00,0.00,2,0
2026-06-13 14:17:09.682,0.00,0.00,0.00,0.00,2,0
2026-06-13 14:17:09.732,0.00,0.00,0.00,0.00,2,0
2026-06-13 14:17:09.783,0.00,0.00,0.00,0.00,2,0
2026-06-13 14:17:09.833,0.00,0.00,0.00,0.00,2,0
2026-06-13 14:17:09.884,0.00,0.00,0.00,0.00,2,0
2026-06-13 14:17:09.934,0.00,0.00,0.00,0.00,2,0
2026-06-13 14:17:09.985,0.00,0.00,0.00,0.00,2,0
2026-06-13 14:17:10.035,0.00,0.00,0.00,0.00,2,0
2026-06-13 14:17:10.086,0.00,0.00,0.00,0.00,2,0
2026-06-13 14:17:10.136,0.00,0.00,0.00,0.00,2,0
2026-06-13 14:17:10.187,0.00,0.00,0.00,0.00,2,0
2026-06-13 14:17:10.237,0.00,0.00,0.00,0.00,2,0
2026-06-13 14:17:10.288,0.00,0.00,0.00,0.00,2,0
2026-06-13 14:17:10.338,0.00,0.00,0.00,0.00,2,0
2026-06-13 14:17:10.389,0.00,0.00,0.00,0.00,2,0
2026-06-13 14:17:10.439,0.00,0.00,0.00,0.00,2,0
2026-06-13 14:17:10.490,0.00,0.00,0.00,0.00,2,0
2026-06-13 14:17:10.540,0.00,0.00,0.00,0.00,2,0
2026-06-13 14:17:10.591,0.00,0.00,0.00,0.00,2,0
2026-06-13 14:17:10.641,0.00,0.00,0.00,0.00,2,0
2026-06-13 14:17:10.692,0.00,0.00,0.00,0.00,2,0
2026-06-13 14:17:10.742,0.00,0.00,0.00,0.00,2,0
2026-06-13 14:17:10.793,0.00,0.00,0.00,0.00,2,0
2026-06-13 14:17:10.843,0.00,0.00,0.00,0.00,2,0
2026-06-13 14:17:10.894,0.00,0.00,0.00,0.00,2,0
2026-06-13 14:17:10.944,0.00,0.00,0.00,0.00,2,0
2026-06-13 14:17:10.995,0.00,0.00,0.00,0.00,2,0
2026-06-13 14:17:11.045,0.00,0.00,0.00,0.00,2,0
2026-06-13 14:17:11.096,0.00,0.00,0.00,0.00,2,0
2026-06-13 14:17:11.146,0.00,0.00,0.00,0.00,2,0
2026-06-13 14:17:11.197,0.00,0.00,0.00,0.00,2,0
2026-06-13 14:17:11.247,0.00,0.00,0.00,0.00,2,0
2026-06-13 14:17:11.298,0.00,0.00,0.00,0.00,2,0
2026-06-13 14:17:11.348,0.00,0.00,0.00,0.00,2,0
2026-06-13 14:17:11.399,0.00,0.00,0.00,0.00,2,0
2026-06-13 14:17:11.449,0.00,0.00,0.00,0.00,2,0
2026-06-13 14:17:11.499,0.00,0.00,0.00,0.00,2,0
2026-06-13 14:17:11.550,0.00,0.00,0.00,0.00,2,0
2026-06-13 14:17:11.601,0.00,0.00,0.00,0.00,2,0
2026-06-13 14:17:11.651,0.00,0.00,0.00,0.00,2,0
2026-06-13 14:17:11.701,0.00,0.00,0.00,0.00,2,0
2026-06-13 14:17:11.752,0.00,0.00,0.00,0.00,2,0
2026-06-13 14:17:11.802,0.00,0.00,0.00,0.00,2,0
2026-06-13 14:17:11.853,0.00,0.00,0.00,0.00,2,0
2026-06-13 14:17:11.903,0.00,0.00,0.00,0.00,2,0
2026-06-13 14:17:11.954,0.00,0.00,0.00,0.00,2,0
2026-06-13 14:17:12.004,0.00,0.00,0.00,0.00,2,0
2026-06-13 14:17:12.055,0.00,0.00,0.00,0.00,2,0
2026-06-13 14:17:12.105,0.00,0.00,0.00,0.00,2,0
2026-06-13 14:17:12.156,0.00,0.00,0.00,0.00,2,0
2026-06-13 14:17:12.206,0.00,0.00,0.00,0.00,2,0
2026-06-13 14:17:12.257,0.00,0.00,0.00,0.00,2,0
2026-06-13 14:17:12.307,0.00,0.00,0.00,0.00,2,0
2026-06-13 14:17:12.358,0.00,0.00,0.00,0.00,2,0
2026-06-13 14:17:12.408,0.00,0.00,0.00,0.00,2,0
2026-06-13 14:17:12.459,0.00,0.00,0.00,0.00,2,0
2026-06-13 14:17:12.509,0.00,0.00,0.00,0.00,2,0
2026-06-13 14:17:12.560,0.00,0.00,0.00,0.00,2,0
2026-06-13 14:17:12.610,0.00,0.00,0.00,0.00,2,0
2026-06-13 14:17:12.661,0.00,0.00,0.00,0.00,2,0
2026-06-13 14:17:12.711,0.00,0.00,0.00,0.00,2,0
2026-06-13 14:17:12.762,0.00,0.00,0.00,0.00,2,0
2026-06-13 14:17:12.812,0.00,0.00,0.00,0.00,2,0
2026-06-13 14:17:12.863,0.00,0.00,0.00,0.00,2,0
2026-06-13 14:17:12.913,0.00,0.00,0.00,0.00,2,0
2026-06-13 14:17:12.963,0.00,0.00,0.00,0.00,2,0
2026-06-13 14:17:13.014,0.00,0.00,0.00,0.00,2,0
2026-06-13 14:17:13.064,0.00,0.00,0.00,0.00,2,0
2026-06-13 14:17:13.115,0.00,0.00,0.00,0.00,2,0
2026-06-13 14:17:13.165,0.00,0.00,0.00,0.00,2,0
2026-06-13 14:17:13.216,0.00,0.00,0.00,0.00,2,0
2026-06-13 14:17:13.266,0.00,0.00,0.00,0.00,2,0
2026-06-13 14:17:13.317,0.00,0.00,0.00,0.00,2,0
2026-06-13 14:17:13.367,0.00,0.00,0.00,0.00,2,0
2026-06-13 14:17:13.418,0.00,0.00,0.00,0.00,2,0
2026-06-13 14:17:13.468,0.00,0.00,0.00,0.00,2,0
2026-06-13 14:17:13.519,0.00,0.00,0.00,0.00,2,0
2026-06-13 14:17:13.569,0.00,0.00,0.00,0.00,2,0
2026-06-13 14:17:13.620,0.00,0.00,0.00,0.00,2,0
2026-06-13 14:17:13.670,0.00,0.00,0.00,0.00,2,0
2026-06-13 14:17:13.721,0.00,0.00,0.00,0.00,2,0
2026-06-13 14:17:13.771,0.00,0.00,0.00,0.00,2,0
2026-06-13 14:17:13.822,0.00,0.00,0.00,0.00,2,0
2026-06-13 14:17:13.872,0.00,0.00,0.00,0.00,2,0
2026-06-13 14:17:13.923,0.00,0.00,0.00,0.00,2,0
2026-06-13 14:17:13.973,0.00,0.00,0.00,0.00,2,0
2026-06-13 14:17:14.024,0.00,0.00,0.00,0.00,2,0
2026-06-13 14:17:14.074,0.00,0.00,0.00,0.00,2,0
2026-06-13 14:17:14.124,0.00,0.00,0.00,0.00,2,0
2026-06-13 14:17:14.175,0.00,0.00,0.00,0.00,2,0
2026-06-13 14:17:14.225,0.00,0.00,0.00,0.00,2,0
2026-06-13 14:17:14.276,0.00,0.00,0.00,0.00,2,0
2026-06-13 14:17:14.326,0.00,0.00,0.00,0.00,2,0
2026-06-13 14:17:14.377,0.00,0.00,0.00,0.00,2,0
2026-06-13 14:17:14.427,0.00,0.00,0.00,0.00,2,0
2026-06-13 14:17:14.478,0.00,0.00,0.00,0.00,2,0
2026-06-13 14:17:14.528,0.00,0.00,0.00,0.00,2,0
2026-06-13 14:17:14.579,0.00,0.00,0.00,0.00,2,0
2026-06-13 14:17:14.629,0.00,0.00,0.00,0.00,2,0
2026-06-13 14:17:14.680,0.00,0.00,0.00,0.00,2,0
2026-06-13 14:17:14.730,0.00,0.00,0.00,0.00,2,0
2026-06-13 14:17:14.781,0.00,0.00,0.00,0.00,2,0
2026-06-13 14:17:14.831,0.00,0.00,0.00,0.00,2,0
2026-06-13 14:17:14.882,0.00,0.00,0.00,0.00,2,0
2026-06-13 14:17:14.932,0.00,0.00,0.00,0.00,2,0
2026-06-13 14:17:14.983,0.00,0.00,0.00,0.00,2,0
2026-06-13 14:17:15.033,0.00,0.00,0.00,0.00,2,0
2026-06-13 14:17:15.084,0.00,0.00,0.00,0.00,2,0
2026-06-13 14:17:15.134,0.00,0.00,0.00,0.00,2,0
2026-06-13 14:17:15.185,0.00,0.00,0.00,0.00,2,0
2026-06-13 14:17:15.235,0.00,0.00,0.00,0.00,2,0
2026-06-13 14:17:15.285,0.00,0.00,0.00,0.00,2,0
2026-06-13 14:17:15.336,0.00,0.00,0.00,0.00,2,0
2026-06-13 14:17:15.386,0.00,0.00,0.00,0.00,2,0
2026-06-13 14:17:15.437,0.00,0.00,0.00,0.00,2,0
2026-06-13 14:17:15.487,0.00,0.00,0.00,0.00,2,0
2026-06-13 14:17:15.538,0.00,0.00,0.00,0.00,2,0
2026-06-13 14:17:15.588,0.00,0.00,0.00,0.00,2,0
2026-06-13 14:17:15.639,0.00,0.00,0.00,0.00,2,0
2026-06-13 14:17:15.689,0.00,0.00,0.00,0.00,2,0
2026-06-13 14:17:15.740,0.00,0.00,0.00,0.00,2,0
2026-06-13 14:17:15.790,0.00,0.00,0.00,0.00,2,0
2026-06-13 14:17:15.841,0.00,0.00,0.00,0.00,2,0
2026-06-13 14:17:15.891,0.00,0.00,0.00,0.00,2,0
2026-06-13 14:17:15.942,0.00,0.00,0.00,0.00,2,0
2026-06-13 14:17:15.992,0.00,0.00,0.00,0.00,2,0
2026-06-13 14:17:16.043,0.00,0.00,0.00,0.00,2,0
2026-06-13 14:17:16.093,0.00,0.00,0.00,0.00,2,0
2026-06-13 14:17:16.144,0.00,0.00,0.00,0.00,2,0
2026-06-13 14:17:16.194,0.00,0.00,0.00,0.00,2,0
2026-06-13 14:17:16.244,0.00,0.00,0.00,0.00,2,0
2026-06-13 14:17:16.295,0.00,0.00,0.00,0.00,2,0
2026-06-13 14:17:16.345,0.00,0.00,0.00,0.00,2,0
2026-06-13 14:17:16.396,0.00,0.00,0.00,0.00,2,0
2026-06-13 14:17:16.446,0.00,0.00,0.00,0.00,2,0
2026-06-13 14:17:16.497,0.00,0.00,0.00,0.00,2,0
2026-06-13 14:17:16.547,0.00,0.00,0.00,0.00,2,0
2026-06-13 14:17:16.598,0.00,0.00,0.00,0.00,2,0
2026-06-13 14:17:16.648,0.00,0.00,0.00,0.00,2,0
2026-06-13 14:17:16.699,0.00,0.00,0.00,0.00,2,0
2026-06-13 14:17:16.749,0.00,0.00,0.00,0.00,2,0
2026-06-13 14:17:16.800,0.00,0.00,0.00,0.00,2,0
2026-06-13 14:17:16.850,0.00,0.00,0.00,0.00,2,0
2026-06-13 14:17:16.901,0.00,0.00,0.00,0.00,2,0
2026-06-13 14:17:16.951,0.00,0.00,0.00,0.00,2,0
2026-06-13 14:17:17.002,0.00,0.00,0.00,0.00,2,0
2026-06-13 14:17:17.052,0.00,0.00,0.00,0.00,2,0
2026-06-13 14:17:17.103,0.00,0.00,0.00,0.00,2,0
2026-06-13 14:17:17.153,0.00,0.00,0.00,0.00,2,0
2026-06-13 14:17:17.203,0.00,0.00,0.00,0.00,2,0
2026-06-13 14:17:17.254,0.00,0.00,0.00,0.00,2,0
2026-06-13 14:17:17.304,0.00,0.00,0.00,0.00,2,0
2026-06-13 14:17:17.355,0.00,0.00,0.00,0.00,2,0
2026-06-13 14:17:17.405,0.00,0.00,0.00,0.00,2,0
2026-06-13 14:17:17.456,0.00,0.00,0.00,0.00,2,0
2026-06-13 14:17:17.506,0.00,0.00,0.00,0.00,2,0
2026-06-13 14:17:17.557,0.00,0.00,0.00,0.00,2,0
2026-06-13 14:17:17.607,0.00,0.00,0.00,0.00,2,0
2026-06-13 14:17:17.658,0.00,0.00,0.00,0.00,2,0
2026-06-13 14:17:17.708,0.00,0.00,0.00,0.00,2,0
2026-06-13 14:17:17.759,0.00,0.00,0.00,0.00,2,0
2026-06-13 14:17:17.809,0.00,0.00,0.00,0.00,2,0
2026-06-13 14:17:17.860,0.00,0.00,0.00,0.00,2,0
2026-06-13 14:17:17.910,0.00,0.00,0.00,0.00,2,0
2026-06-13 14:17:17.961,0.00,0.00,0.00,0.00,2,0
2026-06-13 14:17:18.011,0.00,0.00,0.00,0.00,2,0
2026-06-13 14:17:18.061,0.00,0.00,0.00,0.00,2,0
2026-06-13 14:17:18.112,0.00,0.00,0.00,0.00,2,0
2026-06-13 14:17:18.162,0.00,0.00,0.00,0.00,2,0
2026-06-13 14:17:18.213,0.00,0.00,0.00,0.00,2,0
2026-06-13 14:17:18.263,0.00,0.00,0.00,0.00,2,0
2026-06-13 14:17:18.314,0.00,0.00,0.00,0.00,2,0
2026-06-13 14:17:18.364,0.00,0.00,0.00,0.00,2,0
2026-06-13 14:17:18.415,0.00,0.00,0.00,0.00,2,0
2026-06-13 14:17:18.465,0.00,0.00,0.00,0.00,2,0
2026-06-13 14:17:18.516,0.00,0.00,0.00,0.00,2,0
2026-06-13 14:17:18.566,0.00,0.00,0.00,0.00,2,0
2026-06-13 14:17:18.617,0.00,0.00,0.00,0.00,2,0
2026-06-13 14:17:18.667,0.00,0.00,0.00,0.00,2,0
2026-06-13 14:17:18.718,0.00,0.00,0.00,0.00,2,0
2026-06-13 14:17:18.768,0.00,0.00,0.00,0.00,2,0
2026-06-13 14:17:18.819,0.00,0.00,0.00,0.00,2,0
2026-06-13 14:17:18.869,0.00,0.00,0.00,0.00,2,0
2026-06-13 14:17:18.919,0.00,0.00,0.00,0.00,2,0
2026-06-13 14:17:18.970,0.00,0.00,0.00,0.00,2,0
2026-06-13 14:17:19.020,0.00,0.00,0.00,0.00,2,0
2026-06-13 14:17:19.071,0.00,0.00,0.00,0.00,2,0
2026-06-13 14:17:19.121,0.00,0.00,0.00,0.00,2,0
2026-06-13 14:17:19.172,0.00,0.00,0.00,0.00,2,0
2026-06-13 14:17:19.222,0.00,0.00,0.00,0.00,2,0
2026-06-13 14:17:19.273,0.00,0.00,0.00,0.00,2,0
2026-06-13 14:17:19.323,0.00,0.00,0.00,0.00,2,0
2026-06-13 14:17:19.374,0.00,0.00,0.00,0.00,2,0
2026-06-13 14:17:19.424,0.00,0.00,0.00,0.00,2,0
2026-06-13 14:17:19.475,0.00,0.00,0.00,0.00,2,0
2026-06-13 14:17:19.525,0.00,0.00,0.00,0.00,2,0
2026-06-13 14:17:19.576,0.00,0.00,0.00,0.00,2,0
2026-06-13 14:17:19.626,0.00,0.00,0.00,0.00,2,0
2026-06-13 14:17:19.676,0.00,0.00,0.00,0.00,2,0
2026-06-13 14:17:19.727,0.00,0.00,0.00,0.00,2,0
2026-06-13 14:17:19.777,0.00,0.00,0.00,0.00,2,0
2026-06-13 14:17:19.828,0.00,0.00,0.00,0.00,2,0
2026-06-13 14:17:19.878,0.00,0.00,0.00,0.00,2,0
2026-06-13 14:17:19.929,0.00,0.00,0.00,0.00,2,0
2026-06-13 14:17:19.979,0.00,0.00,0.00,0.00,2,0
2026-06-13 14:17:20.030,0.00,0.00,0.00,0.00,2,0
2026-06-13 14:17:20.080,0.00,0.00,0.00,0.00,2,0
2026-06-13 14:17:20.131,0.00,0.00,0.00,0.00,2,0
2026-06-13 14:17:20.181,0.00,0.00,0.00,0.00,2,0
2026-06-13 14:17:20.232,0.00,0.00,0.00,0.00,2,0
2026-06-13 14:17:20.282,0.00,0.00,0.00,0.00,2,0
2026-06-13 14:17:20.332,0.00,0.00,0.00,0.00,2,0
2026-06-13 14:17:20.383,0.00,0.00,0.00,0.00,2,0
2026-06-13 14:17:20.433,0.00,0.00,0.00,0.00,2,0
2026-06-13 14:17:20.484,0.00,0.00,0.00,0.00,2,0
2026-06-13 14:17:20.534,0.00,0.00,0.00,0.00,2,0
2026-06-13 14:17:20.585,0.00,0.00,0.00,0.00,2,0
2026-06-13 14:17:20.635,0.00,0.00,0.00,0.00,2,0
2026-06-13 14:17:20.686,0.00,0.00,0.00,0.00,2,0
2026-06-13 14:17:20.736,0.00,0.00,0.00,0.00,2,0
2026-06-13 14:17:20.787,0.00,0.00,0.00,0.00,2,0
2026-06-13 14:17:20.837,0.00,0.00,0.00,0.00,2,0
2026-06-13 14:17:20.888,0.00,0.00,0.00,0.00,2,0
2026-06-13 14:17:20.938,0.00,0.00,0.00,0.00,2,0
2026-06-13 14:17:20.989,0.00,0.00,0.00,0.00,2,0
2026-06-13 14:17:21.039,0.00,0.00,0.00,0.00,2,0
2026-06-13 14:17:21.089,0.00,0.00,0.00,0.00,2,0
2026-06-13 14:17:21.140,0.00,0.00,0.00,0.00,2,0
2026-06-13 14:17:21.190,0.00,0.00,0.00,0.00,2,0
2026-06-13 14:17:21.241,0.00,0.00,0.00,0.00,2,0
2026-06-13 14:17:21.291,0.00,0.00,0.00,0.00,2,0
2026-06-13 14:17:21.342,0.00,0.00,0.00,0.00,2,0
2026-06-13 14:17:21.392,0.00,0.00,0.00,0.00,2,0
2026-06-13 14:17:21.443,0.00,0.00,0.00,0.00,2,0
2026-06-13 14:17:21.493,0.00,0.00,0.00,0.00,2,0
2026-06-13 14:17:21.544,0.00,0.00,0.00,0.00,2,0
2026-06-13 14:17:21.594,0.00,0.00,0.00,0.00,2,0
2026-06-13 14:17:21.645,0.00,0.00,0.00,0.00,2,0
2026-06-13 14:17:21.695,0.00,0.00,0.00,0.00,2,0
2026-06-13 14:17:21.745,0.00,0.00,0.00,0.00,2,0
2026-06-13 14:17:21.796,0.00,0.00,0.00,0.00,2,0
2026-06-13 14:17:21.846,0.00,0.00,0.00,0.00,2,0
2026-06-13 14:17:21.897,0.00,0.00,0.00,0.00,2,0
2026-06-13 14:17:21.947,0.00,0.00,0.00,0.00,2,0
2026-06-13 14:17:21.998,0.00,0.00,0.00,0.00,2,0
2026-06-13 14:17:22.048,0.00,0.00,0.00,0.00,2,0
2026-06-13 14:17:22.099,0.00,0.00,0.00,0.00,2,0
2026-06-13 14:17:22.149,0.00,0.00,0.00,0.00,2,0
2026-06-13 14:17:22.200,0.00,0.00,0.00,0.00,2,0
2026-06-13 14:17:22.250,0.00,0.00,0.00,0.00,2,0
2026-06-13 14:17:22.301,0.00,0.00,0.00,0.00,2,0
2026-06-13 14:17:22.351,0.00,0.00,0.00,0.00,2,0
2026-06-13 14:17:22.402,0.00,0.00,0.00,0.00,2,0
2026-06-13 14:17:22.452,0.00,0.00,0.00,0.00,2,0
2026-06-13 14:17:22.502,0.00,0.00,0.00,0.00,2,0
2026-06-13 14:17:22.553,0.00,0.00,0.00,0.00,2,0
2026-06-13 14:17:22.603,0.00,0.00,0.00,0.00,2,0
2026-06-13 14:17:22.654,0.00,0.00,0.00,0.00,2,0
2026-06-13 14:17:22.704,0.00,0.00,0.00,0.00,2,0
2026-06-13 14:17:22.755,0.00,0.00,0.00,0.00,2,0
2026-06-13 14:17:22.805,0.00,0.00,0.00,0.00,2,0
2026-06-13 14:17:22.856,0.00,0.00,0.00,0.00,2,0
2026-06-13 14:17:22.906,0.00,0.00,0.00,0.00,2,0
2026-06-13 14:17:22.957,0.00,0.00,0.00,0.00,2,0
2026-06-13 14:17:23.007,0.00,0.00,0.00,0.00,2,0
2026-06-13 14:17:23.057,0.00,0.00,0.00,0.00,2,0
2026-06-13 14:17:23.108,0.00,0.00,0.00,0.00,2,0
2026-06-13 14:17:23.158,0.00,0.00,0.00,0.00,2,0
2026-06-13 14:17:23.209,0.00,0.00,0.00,0.00,2,0
2026-06-13 14:17:23.259,0.00,0.00,0.00,0.00,2,0
2026-06-13 14:17:23.310,0.00,0.00,0.00,0.00,2,0
2026-06-13 14:17:23.360,0.00,0.00,0.00,0.00,2,0
2026-06-13 14:17:23.411,0.00,0.00,0.00,0.00,2,0
2026-06-13 14:17:23.461,0.00,0.00,0.00,0.00,2,0
2026-06-13 14:17:23.512,0.00,0.00,0.00,0.00,2,0
2026-06-13 14:17:23.562,0.00,0.00,0.00,0.00,2,0
2026-06-13 14:17:23.613,0.00,0.00,0.00,0.00,2,0
2026-06-13 14:17:23.663,0.00,0.00,0.00,0.00,2,0
2026-06-13 14:17:23.713,0.00,0.00,0.00,0.00,2,0
2026-06-13 14:17:23.764,0.00,0.00,0.00,0.00,2,0
2026-06-13 14:17:23.814,0.00,0.00,0.00,0.00,2,0
2026-06-13 14:17:23.865,0.00,0.00,0.00,0.00,2,0
2026-06-13 14:17:23.915,0.00,0.00,0.00,0.00,2,0
2026-06-13 14:17:23.966,0.00,0.00,0.00,0.00,2,0
2026-06-13 14:17:24.016,0.00,0.00,0.00,0.00,2,0
2026-06-13 14:17:24.067,0.00,0.00,0.00,0.00,2,0
2026-06-13 14:17:24.117,0.00,0.00,0.00,0.00,2,0
2026-06-13 14:17:24.168,0.00,0.00,0.00,0.00,2,0
2026-06-13 14:17:24.218,0.00,0.00,0.00,0.00,2,0
2026-06-13 14:17:24.269,0.00,0.00,0.00,0.00,2,0
2026-06-13 14:17:24.319,0.00,0.00,0.00,0.00,2,0
2026-06-13 14:17:24.369,0.00,0.00,0.00,0.00,2,0
2026-06-13 14:17:24.420,0.00,0.00,0.00,0.00,2,0
2026-06-13 14:17:24.470,0.00,0.00,0.00,0.00,2,0
2026-06-13 14:17:24.521,0.00,0.00,0.00,0.00,2,0
2026-06-13 14:17:24.571,0.00,0.00,0.00,0.00,2,0
2026-06-13 14:17:24.622,0.00,0.00,0.00,0.00,2,0
2026-06-13 14:17:24.672,0.00,0.00,0.00,0.00,2,0
2026-06-13 14:17:24.723,0.00,0.00,0.00,0.00,2,0
2026-06-13 14:17:24.773,0.00,0.00,0.00,0.00,2,0
2026-06-13 14:17:24.824,0.00,0.00,0.00,0.00,2,0
2026-06-13 14:17:24.874,0.00,0.00,0.00,0.00,2,0
2026-06-13 14:17:24.924,0.00,0.00,0.00,0.00,2,0
2026-06-13 14:17:24.975,0.00,0.00,0.00,0.00,2,0
2026-06-13 14:17:25.025,0.00,0.00,0.00,0.00,2,0
2026-06-13 14:17:25.076,0.00,0.00,0.00,0.00,2,0
2026-06-13 14:17:25.126,0.00,0.00,0.00,0.00,2,0
2026-06-13 14:17:25.177,0.00,0.00,0.00,0.00,2,0
2026-06-13 14:17:25.227,0.00,0.00,0.00,0.00,2,0
2026-06-13 14:17:25.278,0.00,0.00,0.00,0.00,2,0
2026-06-13 14:17:25.328,0.00,0.00,0.00,0.00,2,0
2026-06-13 14:17:25.379,0.00,0.00,0.00,0.00,2,0
2026-06-13 14:17:25.429,0.00,0.00,0.00,0.00,2,0
2026-06-13 14:17:25.480,0.00,0.00,0.00,0.00,2,0
2026-06-13 14:17:25.530,0.00,0.00,0.00,0.00,2,0
2026-06-13 14:17:25.580,0.00,0.00,0.00,0.00,2,0
2026-06-13 14:17:25.631,0.00,0.00,0.00,0.00,2,0
2026-06-13 14:17:25.681,0.00,0.00,0.00,0.00,2,0
2026-06-13 14:17:25.732,0.00,0.00,0.00,0.00,2,0
2026-06-13 14:17:25.782,0.00,0.00,0.00,0.00,2,0
2026-06-13 14:17:25.833,0.00,0.00,0.00,0.00,2,0
2026-06-13 14:17:25.883,0.00,0.00,0.00,0.00,2,0
2026-06-13 14:17:25.934,0.00,0.00,0.00,0.00,2,0
2026-06-13 14:17:25.984,0.00,0.00,0.00,0.00,2,0
2026-06-13 14:17:26.034,0.00,0.00,0.00,0.00,2,0
2026-06-13 14:17:26.085,0.00,0.00,0.00,0.00,2,0
2026-06-13 14:17:26.135,0.00,0.00,0.00,0.00,2,0
2026-06-13 14:17:26.186,0.00,0.00,0.00,0.00,2,0
2026-06-13 14:17:26.236,0.00,0.00,0.00,0.00,2,0
2026-06-13 14:17:26.287,0.00,0.00,0.00,0.00,2,0
2026-06-13 14:17:26.337,0.00,0.00,0.00,0.00,2,0
2026-06-13 14:17:26.388,0.00,0.00,0.00,0.00,2,0
2026-06-13 14:17:26.438,0.00,0.00,0.00,0.00,2,0
2026-06-13 14:17:26.489,0.00,0.00,0.00,0.00,2,0
2026-06-13 14:17:26.539,0.00,0.00,0.00,0.00,2,0
2026-06-13 14:17:26.590,0.00,0.00,0.00,0.00,2,0
2026-06-13 14:17:26.640,0.00,0.00,0.00,0.00,2,0
2026-06-13 14:17:26.690,0.00,0.00,0.00,0.00,2,0
2026-06-13 14:17:26.741,0.00,0.00,0.00,0.00,2,0
2026-06-13 14:17:26.791,0.00,0.00,0.00,0.00,2,0
2026-06-13 14:17:26.842,0.00,0.00,0.00,0.00,2,0
2026-06-13 14:17:26.892,0.00,0.00,0.00,0.00,2,0
2026-06-13 14:17:26.943,0.00,0.00,0.00,0.00,2,0
2026-06-13 14:17:26.993,0.00,0.00,0.00,0.00,2,0
2026-06-13 14:17:27.044,0.00,0.00,0.00,0.00,2,0
2026-06-13 14:17:27.094,0.00,0.00,0.00,0.00,2,0
2026-06-13 14:17:27.144,0.00,0.00,0.00,0.00,2,0
2026-06-13 14:17:27.195,0.00,0.00,0.00,0.00,2,0
2026-06-13 14:17:27.245,0.00,0.00,0.00,0.00,2,0
2026-06-13 14:17:27.296,0.00,0.00,0.00,0.00,2,0
2026-06-13 14:17:27.346,0.00,0.00,0.00,0.00,2,0
2026-06-13 14:17:27.397,0.00,0.00,0.00,0.00,2,0
2026-06-13 14:17:27.447,0.00,0.00,0.00,0.00,2,0
2026-06-13 14:17:27.498,0.00,0.00,0.00,0.00,2,0
2026-06-13 14:17:27.548,0.00,0.00,0.00,0.00,2,0
2026-06-13 14:17:27.599,0.00,0.00,0.00,0.00,2,0
2026-06-13 14:17:27.649,0.00,0.00,0.00,0.00,2,0
2026-06-13 14:17:27.699,0.00,0.00,0.00,0.00,2,0
2026-06-13 14:17:27.750,0.00,0.00,0.00,0.00,2,0
2026-06-13 14:17:27.800,0.00,0.00,0.00,0.00,2,0
2026-06-13 14:17:27.851,0.00,0.00,0.00,0.00,2,0
2026-06-13 14:17:27.901,0.00,0.00,0.00,0.00,2,0
2026-06-13 14:17:27.952,0.00,0.00,0.00,0.00,2,0
2026-06-13 14:17:28.002,0.00,0.00,0.00,0.00,2,0
2026-06-13 14:17:28.053,0.00,0.00,0.00,0.00,2,0
2026-06-13 14:17:28.103,0.00,0.00,0.00,0.00,2,0
2026-06-13 14:17:28.154,0.00,0.00,0.00,0.00,2,0
2026-06-13 14:17:28.204,0.00,0.00,0.00,0.00,2,0
2026-06-13 14:17:28.254,0.00,0.00,0.00,0.00,2,0
2026-06-13 14:17:28.305,0.00,0.00,0.00,0.00,2,0
2026-06-13 14:17:28.355,0.00,0.00,0.00,0.00,2,0
2026-06-13 14:17:28.406,0.00,0.00,0.00,0.00,2,0
2026-06-13 14:17:28.456,0.00,0.00,0.00,0.00,2,0
2026-06-13 14:17:28.507,0.00,0.00,0.00,0.00,2,0
2026-06-13 14:17:28.557,0.00,0.00,0.00,0.00,2,0
2026-06-13 14:17:28.608,0.00,0.00,0.00,0.00,2,0
2026-06-13 14:17:28.658,0.00,0.00,0.00,0.00,2,0
2026-06-13 14:17:28.709,0.00,0.00,0.00,0.00,2,0
2026-06-13 14:17:28.759,0.00,0.00,0.00,0.00,2,0
2026-06-13 14:17:28.809,0.00,0.00,0.00,0.00,2,0
2026-06-13 14:17:28.860,0.00,0.00,0.00,0.00,2,0
2026-06-13 14:17:28.910,0.00,0.00,0.00,0.00,2,0
2026-06-13 14:17:28.961,0.00,0.00,0.00,0.00,2,0
2026-06-13 14:17:29.011,0.00,0.00,0.00,0.00,2,0
2026-06-13 14:17:29.062,0.00,0.00,0.00,0.00,2,0
2026-06-13 14:17:29.112,0.00,0.00,0.00,0.00,2,0
2026-06-13 14:17:29.163,0.00,0.00,0.00,0.00,2,0
2026-06-13 14:17:29.213,0.00,0.00,0.00,0.00,2,0
2026-06-13 14:17:29.263,0.00,0.00,0.00,0.00,2,0
2026-06-13 14:17:29.314,0.00,0.00,0.00,0.00,2,0
2026-06-13 14:17:29.364,0.00,0.00,0.00,0.00,2,0
2026-06-13 14:17:29.415,0.00,0.00,0.00,0.00,2,0
2026-06-13 14:17:29.465,0.00,0.00,0.00,0.00,2,0
2026-06-13 14:17:29.516,0.00,0.00,0.00,0.00,2,0
2026-06-13 14:17:29.566,0.00,0.00,0.00,0.00,2,0
2026-06-13 14:17:29.617,0.00,0.00,0.00,0.00,2,0
2026-06-13 14:17:29.667,0.00,0.00,0.00,0.00,2,0
2026-06-13 14:17:29.718,0.00,0.00,0.00,0.00,2,0
2026-06-13 14:17:29.768,0.00,0.00,0.00,0.00,2,0
2026-06-13 14:17:29.818,0.00,0.00,0.00,0.00,2,0
2026-06-13 14:17:29.869,0.00,0.00,0.00,0.00,2,0
2026-06-13 14:17:29.919,0.00,0.00,0.00,0.00,2,0
2026-06-13 14:17:29.970,0.00,0.00,0.00,0.00,2,0
2026-06-13 14:17:30.020,0.00,0.00,0.00,0.00,2,0
2026-06-13 14:17:30.071,0.00,0.00,0.00,0.00,2,0
2026-06-13 14:17:30.121,0.00,0.00,0.00,0.00,2,0
2026-06-13 14:17:30.172,0.00,0.00,0.00,0.00,2,0
2026-06-13 14:17:30.222,0.00,0.00,0.00,0.00,2,0
2026-06-13 14:17:30.273,0.00,0.00,0.00,0.00,2,0
2026-06-13 14:17:30.323,0.00,0.00,0.00,0.00,2,0
2026-06-13 14:17:30.373,0.00,0.00,0.00,0.00,2,0
2026-06-13 14:17:30.424,0.00,0.00,0.00,0.00,2,0
2026-06-13 14:17:30.474,0.00,0.00,0.00,0.00,2,0
2026-06-13 14:17:30.525,0.00,0.00,0.00,0.00,2,0
2026-06-13 14:17:30.575,0.00,0.00,0.00,0.00,2,0
2026-06-13 14:17:30.626,0.00,0.00,0.00,0.00,2,0
2026-06-13 14:17:30.676,0.00,0.00,0.00,0.00,2,0
2026-06-13 14:17:30.727,0.00,0.00,0.00,0.00,2,0
2026-06-13 14:17:30.777,0.00,0.00,0.00,0.00,2,0
2026-06-13 14:17:30.827,0.00,0.00,0.00,0.00,2,0
2026-06-13 14:17:30.878,0.00,0.00,0.00,0.00,2,0
2026-06-13 14:17:30.928,0.00,0.00,0.00,0.00,2,0
2026-06-13 14:17:30.979,0.00,0.00,0.00,0.00,2,0
2026-06-13 14:17:31.029,0.00,0.00,0.00,0.00,2,0
2026-06-13 14:17:31.080,0.00,0.00,0.00,0.00,2,0
2026-06-13 14:17:31.130,0.00,0.00,0.00,0.00,2,0
2026-06-13 14:17:31.181,0.00,0.00,0.00,0.00,2,0
2026-06-13 14:17:31.231,0.00,0.00,0.00,0.00,2,0
2026-06-13 14:17:31.281,0.00,0.00,0.00,0.00,2,0
2026-06-13 14:17:31.332,0.00,0.00,0.00,0.00,2,0
2026-06-13 14:17:31.382,0.00,0.00,0.00,0.00,2,0
2026-06-13 14:17:31.433,0.00,0.00,0.00,0.00,2,0
2026-06-13 14:17:31.483,0.00,0.00,0.00,0.00,2,0
2026-06-13 14:17:31.534,0.00,0.00,0.00,0.00,2,0
2026-06-13 14:17:31.584,0.00,0.00,0.00,0.00,2,0
2026-06-13 14:17:31.635,0.00,0.00,0.00,0.00,2,0
2026-06-13 14:17:31.685,0.00,0.00,0.00,0.00,2,0
2026-06-13 14:17:31.735,0.00,0.00,0.00,0.00,2,0
2026-06-13 14:17:31.786,0.00,0.00,0.00,0.00,2,0
2026-06-13 14:17:31.836,0.00,0.00,0.00,0.00,2,0
2026-06-13 14:17:31.887,0.00,0.00,0.00,0.00,2,0
2026-06-13 14:17:31.937,0.00,0.00,0.00,0.00,2,0
2026-06-13 14:17:31.988,0.00,0.00,0.00,0.00,2,0
2026-06-13 14:17:32.038,0.00,0.00,0.00,0.00,2,0
2026-06-13 14:17:32.089,0.00,0.00,0.00,0.00,2,0
2026-06-13 14:17:32.139,0.00,0.00,0.00,0.00,2,0
2026-06-13 14:17:32.190,0.00,0.00,0.00,0.00,2,0
2026-06-13 14:17:32.240,0.00,0.00,0.00,0.00,2,0
2026-06-13 14:17:32.290,0.00,0.00,0.00,0.00,2,0
2026-06-13 14:17:32.341,0.00,0.00,0.00,0.00,2,0
2026-06-13 14:17:32.391,0.00,0.00,0.00,0.00,2,0
2026-06-13 14:17:32.442,0.00,0.00,0.00,0.00,2,0
2026-06-13 14:17:32.492,0.00,0.00,0.00,0.00,2,0
2026-06-13 14:17:32.543,0.00,0.00,0.00,0.00,2,0
2026-06-13 14:17:32.593,0.00,0.00,0.00,0.00,2,0
2026-06-13 14:17:32.644,0.00,0.00,0.00,0.00,2,0
2026-06-13 14:17:32.694,0.00,0.00,0.00,0.00,2,0
2026-06-13 14:17:32.744,0.00,0.00,0.00,0.00,2,0
2026-06-13 14:17:32.795,0.00,0.00,0.00,0.00,2,0
2026-06-13 14:17:32.845,0.00,0.00,0.00,0.00,2,0
2026-06-13 14:17:32.896,0.00,0.00,0.00,0.00,2,0
2026-06-13 14:17:32.946,0.00,0.00,0.00,0.00,2,0
2026-06-13 14:17:32.997,0.00,0.00,0.00,0.00,2,0
2026-06-13 14:17:33.047,0.00,0.00,0.00,0.00,2,0
2026-06-13 14:17:33.098,0.00,0.00,0.00,0.00,2,0
2026-06-13 14:17:33.148,0.00,0.00,0.00,0.00,2,0
2026-06-13 14:17:33.198,0.00,0.00,0.00,0.00,2,0
2026-06-13 14:17:33.249,0.00,0.00,0.00,0.00,2,0
2026-06-13 14:17:33.299,0.00,0.00,0.00,0.00,2,0
2026-06-13 14:17:33.350,0.00,0.00,0.00,0.00,2,0
2026-06-13 14:17:33.400,0.00,0.00,0.00,0.00,2,0
2026-06-13 14:17:33.451,0.00,0.00,0.00,0.00,2,0
2026-06-13 14:17:33.501,0.00,0.00,0.00,0.00,2,0
2026-06-13 14:17:33.552,0.00,0.00,0.00,0.00,2,0
2026-06-13 14:17:33.602,0.00,0.00,0.00,0.00,2,0
2026-06-13 14:17:33.652,0.00,0.00,0.00,0.00,2,0
2026-06-13 14:17:33.703,0.00,0.00,0.00,0.00,2,0
2026-06-13 14:17:33.753,0.00,0.00,0.00,0.00,2,0
2026-06-13 14:17:33.804,0.00,0.00,0.00,0.00,2,0
2026-06-13 14:17:33.854,0.00,0.00,0.00,0.00,2,0
2026-06-13 14:17:33.905,0.00,0.00,0.00,0.00,2,0
2026-06-13 14:17:33.955,0.00,0.00,0.00,0.00,2,0
2026-06-13 14:17:34.006,0.00,0.00,0.00,0.00,2,0
2026-06-13 14:17:34.056,0.00,0.00,0.00,0.00,2,0
2026-06-13 14:17:34.106,0.00,0.00,0.00,0.00,2,0
2026-06-13 14:17:34.157,0.00,0.00,0.00,0.00,2,0
2026-06-13 14:17:34.207,0.00,0.00,0.00,0.00,2,0
2026-06-13 14:17:34.258,0.00,0.00,0.00,0.00,2,0
2026-06-13 14:17:34.308,0.00,0.00,0.00,0.00,2,0
2026-06-13 14:17:34.359,0.00,0.00,0.00,0.00,2,0
2026-06-13 14:17:34.409,0.00,0.00,0.00,0.00,2,0
2026-06-13 14:17:34.460,0.00,0.00,0.00,0.00,2,0
2026-06-13 14:17:34.510,0.00,0.00,0.00,0.00,2,0
2026-06-13 14:17:34.560,0.00,0.00,0.00,0.00,2,0
2026-06-13 14:17:34.611,0.00,0.00,0.00,0.00,2,0
2026-06-13 14:17:34.661,0.00,0.00,0.00,0.00,2,0
2026-06-13 14:17:34.712,0.00,0.00,0.00,0.00,2,0
2026-06-13 14:17:34.762,0.00,0.00,0.00,0.00,2,0
2026-06-13 14:17:34.813,0.00,0.00,0.00,0.00,2,0
2026-06-13 14:17:34.863,0.00,0.00,0.00,0.00,2,0
2026-06-13 14:17:34.914,0.00,0.00,0.00,0.00,2,0
2026-06-13 14:17:34.964,0.00,0.00,0.00,0.00,2,0
2026-06-13 14:17:35.014,0.00,0.00,0.00,0.00,2,0
2026-06-13 14:17:35.065,0.00,0.00,0.00,0.00,2,0
2026-06-13 14:17:35.115,0.00,0.00,0.00,0.00,2,0
2026-06-13 14:17:35.166,0.00,0.00,0.00,0.00,2,0
2026-06-13 14:17:35.216,0.00,0.00,0.00,0.00,2,0
2026-06-13 14:17:35.267,0.00,0.00,0.00,0.00,2,0
2026-06-13 14:17:35.317,0.00,0.00,0.00,0.00,2,0
2026-06-13 14:17:35.368,0.00,0.00,0.00,0.00,2,0
2026-06-13 14:17:35.418,0.00,0.00,0.00,0.00,2,0
2026-06-13 14:17:35.468,0.00,0.00,0.00,0.00,2,0
2026-06-13 14:17:35.519,0.00,0.00,0.00,0.00,2,0
2026-06-13 14:17:35.569,0.00,0.00,0.00,0.00,2,0
2026-06-13 14:17:35.620,0.00,0.00,0.00,0.00,2,0
2026-06-13 14:17:35.670,0.00,0.00,0.00,0.00,2,0
2026-06-13 14:17:35.721,0.00,0.00,0.00,0.00,2,0
2026-06-13 14:17:35.771,0.00,0.00,0.00,0.00,2,0
2026-06-13 14:17:35.822,0.00,0.00,0.00,0.00,2,0
2026-06-13 14:17:35.872,0.00,0.00,0.00,0.00,2,0
2026-06-13 14:17:35.922,0.00,0.00,0.00,0.00,2,0
2026-06-13 14:17:35.973,0.00,0.00,0.00,0.00,2,0
2026-06-13 14:17:36.023,0.00,0.00,0.00,0.00,2,0
2026-06-13 14:17:36.074,0.00,0.00,0.00,0.00,2,0
2026-06-13 14:17:36.124,0.00,0.00,0.00,0.00,2,0
2026-06-13 14:17:36.175,0.00,0.00,0.00,0.00,2,0
2026-06-13 14:17:36.225,0.00,0.00,0.00,0.00,2,0
2026-06-13 14:17:36.276,0.00,0.00,0.00,0.00,2,0
2026-06-13 14:17:36.326,0.00,0.00,0.00,0.00,2,0
2026-06-13 14:17:36.376,0.00,0.00,0.00,0.00,2,0
2026-06-13 14:17:36.427,0.00,0.00,0.00,0.00,2,0
2026-06-13 14:17:36.477,0.00,0.00,0.00,0.00,2,0
2026-06-13 14:17:36.528,0.00,0.00,0.00,0.00,2,0
2026-06-13 14:17:36.578,0.00,0.00,0.00,0.00,2,0
2026-06-13 14:17:36.629,0.00,0.00,0.00,0.00,2,0
2026-06-13 14:17:36.679,0.00,0.00,0.00,0.00,2,0
2026-06-13 14:17:36.729,0.00,0.00,0.00,0.00,2,0
2026-06-13 14:17:36.780,0.00,0.00,0.00,0.00,2,0
2026-06-13 14:17:36.830,0.00,0.00,0.00,0.00,2,0
2026-06-13 14:17:36.881,0.00,0.00,0.00,0.00,2,0
2026-06-13 14:17:36.931,0.00,0.00,0.00,0.00,2,0
2026-06-13 14:17:36.982,0.00,0.00,0.00,0.00,2,0
2026-06-13 14:17:37.032,0.00,0.00,0.00,0.00,2,0
2026-06-13 14:17:37.083,0.00,0.00,0.00,0.00,2,0
2026-06-13 14:17:37.133,0.00,0.00,0.00,0.00,2,0
2026-06-13 14:17:37.183,0.00,0.00,0.00,0.00,2,0
2026-06-13 14:17:37.234,0.00,0.00,0.00,0.00,2,0
2026-06-13 14:17:37.284,0.00,0.00,0.00,0.00,2,0
2026-06-13 14:17:37.335,0.00,0.00,0.00,0.00,2,0
2026-06-13 14:17:37.385,0.00,0.00,0.00,0.00,2,0
2026-06-13 14:17:37.436,0.00,0.00,0.00,0.00,2,0
2026-06-13 14:17:37.486,0.00,0.00,0.00,0.00,2,0
2026-06-13 14:17:37.537,0.00,0.00,0.00,0.00,2,0
2026-06-13 14:17:37.587,0.00,0.00,0.00,0.00,2,0
2026-06-13 14:17:37.637,0.00,0.00,0.00,0.00,2,0
2026-06-13 14:17:37.688,0.00,0.00,0.00,0.00,2,0
2026-06-13 14:17:37.738,0.00,0.00,0.00,0.00,2,0
2026-06-13 14:17:37.789,0.00,0.00,0.00,0.00,2,0
2026-06-13 14:17:37.839,0.00,0.00,0.00,0.00,2,0
2026-06-13 14:17:37.890,0.00,0.00,0.00,0.00,2,0
2026-06-13 14:17:37.940,0.00,0.00,0.00,0.00,2,0
2026-06-13 14:17:37.990,0.00,0.00,0.00,0.00,2,0
2026-06-13 14:17:38.041,0.00,0.00,0.00,0.00,2,0
2026-06-13 14:17:38.091,0.00,0.00,0.00,0.00,2,0
2026-06-13 14:17:38.142,0.00,0.00,0.00,0.00,2,0
2026-06-13 14:17:38.192,0.00,0.00,0.00,0.00,2,0
2026-06-13 14:17:38.243,0.00,0.00,0.00,0.00,2,0
2026-06-13 14:17:38.293,0.00,0.00,0.00,0.00,2,0
2026-06-13 14:17:38.344,0.00,0.00,0.00,0.00,2,0
2026-06-13 14:17:38.394,0.00,0.00,0.00,0.00,2,0
2026-06-13 14:17:38.444,0.00,0.00,0.00,0.00,2,0
2026-06-13 14:17:38.495,0.00,0.00,0.00,0.00,2,0
2026-06-13 14:17:38.545,0.00,0.00,0.00,0.00,2,0
2026-06-13 14:17:38.596,0.00,0.00,0.00,0.00,2,0
2026-06-13 14:17:38.646,0.00,0.00,0.00,0.00,2,0
2026-06-13 14:17:38.697,0.00,0.00,0.00,0.00,2,0
2026-06-13 14:17:38.747,0.00,0.00,0.00,0.00,2,0
2026-06-13 14:17:38.798,0.00,0.00,0.00,0.00,2,0
2026-06-13 14:17:38.848,0.00,0.00,0.00,0.00,2,0
2026-06-13 14:17:38.898,0.00,0.00,0.00,0.00,2,0
2026-06-13 14:17:38.949,0.00,0.00,0.00,0.00,2,0
2026-06-13 14:17:38.999,0.00,0.00,0.00,0.00,2,0
2026-06-13 14:17:39.050,0.00,0.00,0.00,0.00,2,0
2026-06-13 14:17:39.100,0.00,0.00,0.00,0.00,2,0
2026-06-13 14:17:39.151,0.00,0.00,0.00,0.00,2,0
2026-06-13 14:17:39.201,0.00,0.00,0.00,0.00,2,0
2026-06-13 14:17:39.251,0.00,0.00,0.00,0.00,2,0
2026-06-13 14:17:39.302,0.00,0.00,0.00,0.00,2,0
2026-06-13 14:17:39.352,0.00,0.00,0.00,0.00,2,0
2026-06-13 14:17:39.403,0.00,0.00,0.00,0.00,2,0
2026-06-13 14:17:39.453,0.00,0.00,0.00,0.00,2,0
2026-06-13 14:17:39.504,0.00,0.00,0.00,0.00,2,0
2026-06-13 14:17:39.554,0.00,0.00,0.00,0.00,2,0
2026-06-13 14:17:39.605,0.00,0.00,0.00,0.00,2,0
2026-06-13 14:17:39.655,0.00,0.00,0.00,0.00,2,0
2026-06-13 14:17:39.705,0.00,0.00,0.00,0.00,2,0
2026-06-13 14:17:39.756,0.00,0.00,0.00,0.00,2,0
2026-06-13 14:17:39.806,0.00,0.00,0.00,0.00,2,0
2026-06-13 14:17:39.857,0.00,0.00,0.00,0.00,2,0
2026-06-13 14:17:39.907,0.00,0.00,0.00,0.00,2,0
2026-06-13 14:17:39.958,0.00,0.00,0.00,0.00,2,0
2026-06-13 14:17:40.008,0.00,0.00,0.00,0.00,2,0
2026-06-13 14:17:40.059,0.00,0.00,0.00,0.00,2,0
2026-06-13 14:17:40.109,0.00,0.00,0.00,0.00,2,0
2026-06-13 14:17:40.159,0.00,0.00,0.00,0.00,2,0
2026-06-13 14:17:40.210,0.00,0.00,0.00,0.00,2,0
2026-06-13 14:17:40.260,0.00,0.00,0.00,0.00,2,0
2026-06-13 14:17:40.311,0.00,0.00,0.00,0.00,2,0
2026-06-13 14:17:40.361,0.00,0.00,0.00,0.00,2,0
2026-06-13 14:17:40.412,0.00,0.00,0.00,0.00,2,0
2026-06-13 14:17:40.462,0.00,0.00,0.00,0.00,2,0
2026-06-13 14:17:40.512,0.00,0.00,0.00,0.00,2,0
2026-06-13 14:17:40.563,0.00,0.00,0.00,0.00,2,0
2026-06-13 14:17:40.613,0.00,0.00,0.00,0.00,2,0
2026-06-13 14:17:40.664,0.00,0.00,0.00,0.00,2,0
2026-06-13 14:17:40.714,0.00,0.00,0.00,0.00,2,0
2026-06-13 14:17:40.765,0.00,0.00,0.00,0.00,2,0
2026-06-13 14:17:40.815,0.00,0.00,0.00,0.00,2,0
2026-06-13 14:17:40.865,0.00,0.00,0.00,0.00,2,0
2026-06-13 14:17:40.916,0.00,0.00,0.00,0.00,2,0
2026-06-13 14:17:40.966,0.00,0.00,0.00,0.00,2,0
2026-06-13 14:17:41.017,0.00,0.00,0.00,0.00,2,0
2026-06-13 14:17:41.067,0.00,0.00,0.00,0.00,2,0
2026-06-13 14:17:41.118,0.00,0.00,0.00,0.00,2,0
2026-06-13 14:17:41.168,0.00,0.00,0.00,0.00,2,0
2026-06-13 14:17:41.219,0.00,0.00,0.00,0.00,2,0
2026-06-13 14:17:41.269,0.00,0.00,0.00,0.00,2,0
2026-06-13 14:17:41.319,0.00,0.00,0.00,0.00,2,0
2026-06-13 14:17:41.370,0.00,0.00,0.00,0.00,2,0
2026-06-13 14:17:41.420,0.00,0.00,0.00,0.00,2,0
2026-06-13 14:17:41.471,0.00,0.00,0.00,0.00,2,0
2026-06-13 14:17:41.521,0.00,0.00,0.00,0.00,2,0
2026-06-13 14:17:41.572,0.00,0.00,0.00,0.00,2,0
2026-06-13 14:17:41.622,0.00,0.00,0.00,0.00,2,0
2026-06-13 14:17:41.672,0.00,0.00,0.00,0.00,2,0
2026-06-13 14:17:41.723,0.00,0.00,0.00,0.00,2,0
2026-06-13 14:17:41.773,0.00,0.00,0.00,0.00,2,0
2026-06-13 14:17:41.824,0.00,0.00,0.00,0.00,2,0
2026-06-13 14:17:41.874,0.00,0.00,0.00,0.00,2,0
2026-06-13 14:17:41.925,0.00,0.00,0.00,0.00,2,0
2026-06-13 14:17:41.975,0.00,0.00,0.00,0.00,2,0
2026-06-13 14:17:42.026,0.00,0.00,0.00,0.00,2,0
2026-06-13 14:17:42.076,0.00,0.00,0.00,0.00,2,0
2026-06-13 14:17:42.126,0.00,0.00,0.00,0.00,2,0
2026-06-13 14:17:42.177,0.00,0.00,0.00,0.00,2,0
2026-06-13 14:17:42.227,0.00,0.00,0.00,0.00,2,0
2026-06-13 14:17:42.278,0.00,0.00,0.00,0.00,2,0
2026-06-13 14:17:42.328,0.00,0.00,0.00,0.00,2,0
2026-06-13 14:17:42.379,0.00,0.00,0.00,0.00,2,0
2026-06-13 14:17:42.429,0.00,0.00,0.00,0.00,2,0
2026-06-13 14:17:42.479,0.00,0.00,0.00,0.00,2,0
2026-06-13 14:17:42.530,0.00,0.00,0.00,0.00,2,0
2026-06-13 14:17:42.580,0.00,0.00,0.00,0.00,2,0
2026-06-13 14:17:42.631,0.00,0.00,0.00,0.00,2,0
2026-06-13 14:17:42.681,0.00,0.00,0.00,0.00,2,0
2026-06-13 14:17:42.732,0.00,0.00,0.00,0.00,2,0
2026-06-13 14:17:42.782,0.00,0.00,0.00,0.00,2,0
2026-06-13 14:17:42.833,0.00,0.00,0.00,0.00,2,0
2026-06-13 14:17:42.883,0.00,0.00,0.00,0.00,2,0
2026-06-13 14:17:42.933,0.00,0.00,0.00,0.00,2,0
2026-06-13 14:17:42.984,0.00,0.00,0.00,0.00,2,0
2026-06-13 14:17:43.034,0.00,0.00,0.00,0.00,2,0
2026-06-13 14:17:43.085,0.00,0.00,0.00,0.00,2,0
2026-06-13 14:17:43.135,0.00,0.00,0.00,0.00,2,0
2026-06-13 14:17:43.186,0.00,0.00,0.00,0.00,2,0
2026-06-13 14:17:43.236,0.00,0.00,0.00,0.00,2,0
2026-06-13 14:17:43.286,0.00,0.00,0.00,0.00,2,0
2026-06-13 14:17:43.337,0.00,0.00,0.00,0.00,2,0
2026-06-13 14:17:43.387,0.00,0.00,0.00,0.00,2,0
2026-06-13 14:17:43.438,0.00,0.00,0.00,0.00,2,0
2026-06-13 14:17:43.488,0.00,0.00,0.00,0.00,2,0
2026-06-13 14:17:43.539,0.00,0.00,0.00,0.00,2,0
2026-06-13 14:17:43.589,0.00,0.00,0.00,0.00,2,0
2026-06-13 14:17:43.639,0.00,0.00,0.00,0.00,2,0
2026-06-13 14:17:43.690,0.00,0.00,0.00,0.00,2,0
2026-06-13 14:17:43.740,0.00,0.00,0.00,0.00,2,0
2026-06-13 14:17:43.791,0.00,0.00,0.00,0.00,2,0
2026-06-13 14:17:43.841,0.00,0.00,0.00,0.00,2,0
2026-06-13 14:17:43.892,0.00,0.00,0.00,0.00,2,0
2026-06-13 14:17:43.942,0.00,0.00,0.00,0.00,2,0
2026-06-13 14:17:43.992,0.00,0.00,0.00,0.00,2,0
2026-06-13 14:17:44.043,0.00,0.00,0.00,0.00,2,0
2026-06-13 14:17:44.093,0.00,0.00,0.00,0.00,2,0
2026-06-13 14:17:44.144,0.00,0.00,0.00,0.00,2,0
