Timestamp,Speed_kmh,Accel_ms2,Raw_RPM,Filtered_RPM,Brake_State,Control_Mode
2026-06-13 14:24:47.084,0.00,0.00,0.00,0.00,0,0
2026-06-13 14:24:47.133,0.00,0.00,0.00,0.00,0,2
2026-06-13 14:24:47.184,0.00,0.00,0.00,0.00,2,0
2026-06-13 14:24:47.234,0.00,0.00,0.00,0.00,2,0
2026-06-13 14:24:47.285,0.00,0.00,0.00,0.00,2,0
2026-06-13 14:24:47.335,0.00,0.00,0.00,0.00,2,0
2026-06-13 14:24:47.385,0.00,0.00,0.00,0.00,2,0
2026-06-13 14:24:47.436,0.00,0.00,0.00,0.00,2,0
2026-06-13 14:24:47.486,0.00,0.00,0.00,0.00,2,0
2026-06-13 14:24:47.536,0.00,0.00,0.00,0.00,2,0
2026-06-13 14:24:47.587,0.00,0.00,0.00,0.00,2,0
2026-06-13 14:24:47.637,0.00,0.00,0.00,0.00,2,0
2026-06-13 14:24:47.687,0.00,0.00,0.00,0.00,2,0
2026-06-13 14:24:47.738,0.00,0.00,0.00,0.00,2,0
2026-06-13 14:24:47.788,0.00,0.00,0.00,0.00,2,0
2026-06-13 14:24:47.839,0.00,0.00,0.00,0.00,2,0
2026-06-13 14:24:47.889,0.00,0.00,0.00,0.00,2,0
2026-06-13 14:24:47.939,0.00,0.00,0.00,0.00,2,0
2026-06-13 14:24:47.990,0.00,0.00,0.00,0.00,2,0
2026-06-13 14:24:48.040,0.00,0.00,0.00,0.00,2,0
2026-06-13 14:24:48.090,0.00,0.00,0.00,0.00,2,0
2026-06-13 14:24:48.141,0.00,0.00,0.00,0.00,2,0
2026-06-13 14:24:48.191,0.00,0.00,0.00,0.00,2,0
2026-06-13 14:24:48.241,0.00,0.00,0.00,0.00,2,0
2026-06-13 14:24:48.292,0.00,0.00,0.00,0.00,2,0
2026-06-13 14:24:48.342,0.00,0.00,0.00,0.00,2,0
2026-06-13 14:24:48.392,0.00,0.00,0.00,0.00,2,0
2026-06-13 14:24:48.443,0.00,0.00,0.00,0.00,2,0
2026-06-13 14:24:48.493,0.00,0.00,0.00,0.00,2,0
2026-06-13 14:24:48.544,0.00,0.00,0.00,0.00,2,0
2026-06-13 14:24:48.594,0.00,0.00,0.00,0.00,2,0
2026-06-13 14:24:48.644,0.00,0.00,0.00,0.00,2,0
2026-06-13 14:24:48.695,0.00,0.00,0.00,0.00,2,0
2026-06-13 14:24:48.745,0.00,0.00,0.00,0.00,2,0
2026-06-13 14:24:48.795,0.00,0.00,0.00,0.00,2,0
2026-06-13 14:24:48.846,0.00,0.00,0.00,0.00,2,0
2026-06-13 14:24:48.896,0.00,0.00,0.00,0.00,2,0
2026-06-13 14:24:48.946,0.00,0.00,0.00,0.00,2,0
2026-06-13 14:24:48.997,0.00,0.00,0.00,0.00,2,0
2026-06-13 14:24:49.047,0.00,0.00,0.00,0.00,2,0
2026-06-13 14:24:49.097,0.00,0.00,0.00,0.00,2,0
2026-06-13 14:24:49.148,0.00,0.00,0.00,0.00,2,0
2026-06-13 14:24:49.198,0.00,0.00,0.00,0.00,2,0
2026-06-13 14:24:49.249,0.00,0.00,0.00,0.00,2,0
2026-06-13 14:24:49.299,0.00,0.00,0.00,0.00,2,0
2026-06-13 14:24:49.349,0.00,0.00,0.00,0.00,2,0
2026-06-13 14:24:49.400,0.00,0.00,0.00,0.00,2,0
2026-06-13 14:24:49.450,0.00,0.00,0.00,0.00,2,0
2026-06-13 14:24:49.500,0.00,0.00,0.00,0.00,2,0
2026-06-13 14:24:49.551,0.00,0.00,0.00,0.00,2,0
2026-06-13 14:24:49.601,0.00,0.00,0.00,0.00,2,0
2026-06-13 14:24:49.652,0.00,0.00,0.00,0.00,2,0
2026-06-13 14:24:49.702,0.00,0.00,0.00,0.00,2,0
2026-06-13 14:24:49.752,0.00,0.00,0.00,0.00,2,0
2026-06-13 14:24:49.803,0.00,0.00,0.00,0.00,2,0
2026-06-13 14:24:49.853,0.00,0.00,0.00,0.00,2,0
2026-06-13 14:24:49.903,0.00,0.00,0.00,0.00,2,0
2026-06-13 14:24:49.954,0.00,0.00,0.00,0.00,2,0
2026-06-13 14:24:50.004,0.00,0.00,0.00,0.00,2,0
2026-06-13 14:24:50.054,0.00,0.00,0.00,0.00,2,0
2026-06-13 14:24:50.105,0.00,0.00,0.00,0.00,2,0
2026-06-13 14:24:50.155,0.00,0.00,0.00,0.00,2,0
2026-06-13 14:24:50.205,0.00,0.00,0.00,0.00,2,0
2026-06-13 14:24:50.256,0.00,0.00,0.00,0.00,2,0
2026-06-13 14:24:50.306,0.00,0.00,0.00,0.00,2,0
2026-06-13 14:24:50.357,0.00,0.00,0.00,0.00,2,0
2026-06-13 14:24:50.407,0.00,0.00,0.00,0.00,2,0
2026-06-13 14:24:50.457,0.00,0.00,0.00,0.00,2,0
2026-06-13 14:24:50.508,0.00,0.00,0.00,0.00,2,0
2026-06-13 14:24:50.558,0.00,0.00,0.00,0.00,2,0
2026-06-13 14:24:50.608,0.00,0.00,0.00,0.00,2,0
2026-06-13 14:24:50.659,0.00,0.00,0.00,0.00,2,0
2026-06-13 14:24:50.709,0.00,0.00,0.00,0.00,2,0
2026-06-13 14:24:50.759,0.00,0.00,0.00,0.00,2,0
2026-06-13 14:24:50.810,0.00,0.00,0.00,0.00,2,0
2026-06-13 14:24:50.860,0.00,0.00,0.00,0.00,2,0
2026-06-13 14:24:50.911,0.00,0.00,0.00,0.00,2,0
2026-06-13 14:24:50.961,0.00,0.00,0.00,0.00,2,0
2026-06-13 14:24:51.011,0.00,0.00,0.00,0.00,2,0
2026-06-13 14:24:51.062,0.00,0.00,0.00,0.00,2,0
2026-06-13 14:24:51.112,0.00,0.00,0.00,0.00,2,0
2026-06-13 14:24:51.162,0.00,0.00,0.00,0.00,2,0
2026-06-13 14:24:51.213,0.00,0.00,0.00,0.00,2,0
2026-06-13 14:24:51.263,0.00,0.00,0.00,0.00,2,0
2026-06-13 14:24:51.313,0.00,0.00,0.00,0.00,2,0
2026-06-13 14:24:51.364,0.00,0.00,0.00,0.00,2,0
2026-06-13 14:24:51.414,0.00,0.00,0.00,0.00,2,0
2026-06-13 14:24:51.465,0.00,0.00,0.00,0.00,2,0
2026-06-13 14:24:51.515,0.00,0.00,0.00,0.00,2,0
2026-06-13 14:24:51.565,0.00,0.00,0.00,0.00,2,0
2026-06-13 14:24:51.616,0.00,0.00,0.00,0.00,2,0
2026-06-13 14:24:51.666,0.00,0.00,0.00,0.00,2,0
2026-06-13 14:24:51.716,0.00,0.00,0.00,0.00,2,0
2026-06-13 14:24:51.767,0.00,0.00,0.00,0.00,2,0
2026-06-13 14:24:51.817,0.00,0.00,0.00,0.00,2,0
2026-06-13 14:24:51.868,0.00,0.00,0.00,0.00,2,0
2026-06-13 14:24:51.918,0.00,0.00,0.00,0.00,2,0
2026-06-13 14:24:51.968,0.00,0.00,0.00,0.00,2,0
2026-06-13 14:24:52.019,0.00,0.00,0.00,0.00,2,0
2026-06-13 14:24:52.069,0.00,0.00,0.00,0.00,2,0
2026-06-13 14:24:52.119,0.00,0.00,0.00,0.00,2,0
2026-06-13 14:24:52.170,0.00,0.00,0.00,0.00,2,0
2026-06-13 14:24:52.220,0.00,0.00,0.00,0.00,2,0
2026-06-13 14:24:52.270,0.00,0.00,0.00,0.00,2,0
2026-06-13 14:24:52.321,0.00,0.00,0.00,0.00,2,0
2026-06-13 14:24:52.371,0.00,0.00,0.00,0.00,2,0
2026-06-13 14:24:52.422,0.00,0.00,0.00,0.00,2,0
2026-06-13 14:24:52.472,0.00,0.00,0.00,0.00,2,0
2026-06-13 14:24:52.522,0.00,0.00,0.00,0.00,2,0
2026-06-13 14:24:52.573,0.00,0.00,0.00,0.00,2,0
2026-06-13 14:24:52.623,0.00,0.00,0.00,0.00,2,0
2026-06-13 14:24:52.673,0.00,0.00,0.00,0.00,2,0
2026-06-13 14:24:52.724,0.00,0.00,0.00,0.00,2,0
2026-06-13 14:24:52.774,0.00,0.00,0.00,0.00,2,0
2026-06-13 14:24:52.824,0.00,0.00,0.00,0.00,2,0
2026-06-13 14:24:52.875,0.00,0.00,0.00,0.00,2,0
2026-06-13 14:24:52.925,0.00,0.00,0.00,0.00,2,0
2026-06-13 14:24:52.975,0.00,0.00,0.00,0.00,2,0
2026-06-13 14:24:53.026,0.00,0.00,0.00,0.00,2,0
2026-06-13 14:24:53.076,0.00,0.00,0.00,0.00,2,0
2026-06-13 14:24:53.127,0.00,0.00,0.00,0.00,2,0
2026-06-13 14:24:53.177,0.00,0.00,0.00,0.00,2,0
2026-06-13 14:24:53.227,0.00,0.00,0.00,0.00,2,0
2026-06-13 14:24:53.278,0.00,0.00,0.00,0.00,2,0
2026-06-13 14:24:53.328,0.00,0.00,0.00,0.00,2,0
2026-06-13 14:24:53.378,0.00,0.00,0.00,0.00,2,0
2026-06-13 14:24:53.429,0.00,0.00,0.00,0.00,2,0
2026-06-13 14:24:53.479,0.00,0.00,0.00,0.00,2,0
2026-06-13 14:24:53.529,0.00,0.00,0.00,0.00,2,0
2026-06-13 14:24:53.580,0.00,0.00,0.00,0.00,2,0
2026-06-13 14:24:53.630,0.00,0.00,0.00,0.00,2,0
2026-06-13 14:24:53.681,0.00,0.00,0.00,0.00,2,0
2026-06-13 14:24:53.731,0.00,0.00,0.00,0.00,2,0
2026-06-13 14:24:53.781,0.00,0.00,0.00,0.00,2,0
2026-06-13 14:24:53.832,0.00,0.00,0.00,0.00,2,0
2026-06-13 14:24:53.882,0.00,0.00,0.00,0.00,2,0
2026-06-13 14:24:53.932,0.00,0.00,0.00,0.00,2,0
2026-06-13 14:24:53.983,0.00,0.00,0.00,0.00,2,0
2026-06-13 14:24:54.033,0.00,0.00,0.00,0.00,2,0
2026-06-13 14:24:54.083,0.00,0.00,0.00,0.00,2,0
2026-06-13 14:24:54.134,0.00,0.00,0.00,0.00,2,0
2026-06-13 14:24:54.184,0.00,0.00,0.00,0.00,2,0
2026-06-13 14:24:54.234,0.00,0.00,0.00,0.00,2,0
2026-06-13 14:24:54.285,0.00,0.00,0.00,0.00,2,0
2026-06-13 14:24:54.335,0.00,0.00,0.00,0.00,2,0
2026-06-13 14:24:54.386,0.00,0.00,0.00,0.00,2,0
2026-06-13 14:24:54.436,0.00,0.00,0.00,0.00,2,0
2026-06-13 14:24:54.486,0.00,0.00,0.00,0.00,2,0
2026-06-13 14:24:54.537,0.00,0.00,0.00,0.00,2,0
2026-06-13 14:24:54.587,0.00,0.00,0.00,0.00,2,0
2026-06-13 14:24:54.637,0.00,0.00,0.00,0.00,2,0
2026-06-13 14:24:54.688,0.00,0.00,0.00,0.00,2,0
2026-06-13 14:24:54.738,0.00,0.00,0.00,0.00,2,0
2026-06-13 14:24:54.788,0.00,0.00,0.00,0.00,2,0
2026-06-13 14:24:54.839,0.00,0.00,0.00,0.00,2,0
2026-06-13 14:24:54.889,0.00,0.00,0.00,0.00,2,0
2026-06-13 14:24:54.940,0.00,0.00,0.00,0.00,2,0
2026-06-13 14:24:54.990,0.00,0.00,0.00,0.00,2,0
2026-06-13 14:24:55.040,0.00,0.00,0.00,0.00,2,0
2026-06-13 14:24:55.091,0.00,0.00,0.00,0.00,2,0
2026-06-13 14:24:55.141,0.00,0.00,0.00,0.00,2,0
2026-06-13 14:24:55.191,0.00,0.00,0.00,0.00,2,0
2026-06-13 14:24:55.242,0.00,0.00,0.00,0.00,2,0
2026-06-13 14:24:55.292,0.00,0.00,0.00,0.00,2,0
2026-06-13 14:24:55.343,0.00,0.00,0.00,0.00,2,0
2026-06-13 14:24:55.393,0.00,0.00,0.00,0.00,2,0
2026-06-13 14:24:55.443,0.00,0.00,0.00,0.00,2,0
2026-06-13 14:24:55.494,0.00,0.00,0.00,0.00,2,0
2026-06-13 14:24:55.544,0.00,0.00,0.00,0.00,2,0
2026-06-13 14:24:55.594,0.00,0.00,0.00,0.00,2,0
2026-06-13 14:24:55.645,0.00,0.00,0.00,0.00,2,0
2026-06-13 14:24:55.695,0.00,0.00,0.00,0.00,2,0
2026-06-13 14:24:55.745,0.00,0.00,0.00,0.00,2,0
2026-06-13 14:24:55.796,0.00,0.00,0.00,0.00,2,0
2026-06-13 14:24:55.846,0.00,0.00,0.00,0.00,2,0
2026-06-13 14:24:55.897,0.00,0.00,0.00,0.00,2,0
2026-06-13 14:24:55.947,0.00,0.00,0.00,0.00,2,0
2026-06-13 14:24:55.997,0.00,0.00,0.00,0.00,2,0
2026-06-13 14:24:56.048,0.00,0.00,0.00,0.00,2,0
2026-06-13 14:24:56.098,0.00,0.00,0.00,0.00,2,0
2026-06-13 14:24:56.148,0.00,0.00,0.00,0.00,2,0
2026-06-13 14:24:56.199,0.00,0.00,0.00,0.00,2,0
2026-06-13 14:24:56.249,0.00,0.00,0.00,0.00,2,0
2026-06-13 14:24:56.299,0.00,0.00,0.00,0.00,2,0
2026-06-13 14:24:56.350,0.00,0.00,0.00,0.00,2,0
2026-06-13 14:24:56.400,0.00,0.00,0.00,0.00,2,0
2026-06-13 14:24:56.451,0.00,0.00,0.00,0.00,2,0
2026-06-13 14:24:56.501,0.00,0.00,0.00,0.00,2,0
2026-06-13 14:24:56.551,0.00,0.00,0.00,0.00,2,0
2026-06-13 14:24:56.602,0.00,0.00,0.00,0.00,2,0
2026-06-13 14:24:56.652,0.00,0.00,0.00,0.00,2,0
2026-06-13 14:24:56.702,0.00,0.00,0.00,0.00,2,0
2026-06-13 14:24:56.753,0.00,0.00,0.00,0.00,2,0
2026-06-13 14:24:56.803,0.00,0.00,0.00,0.00,2,0
2026-06-13 14:24:56.853,0.00,0.00,0.00,0.00,2,0
2026-06-13 14:24:56.904,0.00,0.00,0.00,0.00,2,0
2026-06-13 14:24:56.954,0.00,0.00,0.00,0.00,2,0
2026-06-13 14:24:57.005,0.00,0.00,0.00,0.00,2,0
2026-06-13 14:24:57.055,0.00,0.00,0.00,0.00,2,0
2026-06-13 14:24:57.105,0.00,0.00,0.00,0.00,2,0
2026-06-13 14:24:57.156,0.00,0.00,0.00,0.00,2,0
2026-06-13 14:24:57.206,0.00,0.00,0.00,0.00,2,0
2026-06-13 14:24:57.256,0.00,0.00,0.00,0.00,2,0
2026-06-13 14:24:57.307,0.00,0.00,0.00,0.00,2,0
2026-06-13 14:24:57.357,0.00,0.00,0.00,0.00,2,0
2026-06-13 14:24:57.408,0.00,0.00,0.00,0.00,2,0
2026-06-13 14:24:57.458,0.00,0.00,0.00,0.00,2,0
2026-06-13 14:24:57.508,0.00,0.00,0.00,0.00,2,0
2026-06-13 14:24:57.559,0.00,0.00,0.00,0.00,2,0
2026-06-13 14:24:57.609,0.00,0.00,0.00,0.00,2,0
2026-06-13 14:24:57.659,0.00,0.00,0.00,0.00,2,0
2026-06-13 14:24:57.710,0.00,0.00,0.00,0.00,2,0
2026-06-13 14:24:57.760,0.00,0.00,0.00,0.00,2,0
2026-06-13 14:24:57.810,0.00,0.00,0.00,0.00,2,0
2026-06-13 14:24:57.861,0.00,0.00,0.00,0.00,2,0
2026-06-13 14:24:57.911,0.00,0.00,0.00,0.00,2,0
2026-06-13 14:24:57.961,0.00,0.00,0.00,0.00,2,0
2026-06-13 14:24:58.012,0.00,0.00,0.00,0.00,2,0
2026-06-13 14:24:58.062,0.00,0.00,0.00,0.00,2,0
2026-06-13 14:24:58.113,0.00,0.00,0.00,0.00,2,0
2026-06-13 14:24:58.163,0.00,0.00,0.00,0.00,2,0
2026-06-13 14:24:58.213,0.00,0.00,0.00,0.00,2,0
2026-06-13 14:24:58.264,0.00,0.00,0.00,0.00,2,0
2026-06-13 14:24:58.314,0.00,0.00,0.00,0.00,2,0
2026-06-13 14:24:58.364,0.00,0.00,0.00,0.00,2,0
2026-06-13 14:24:58.415,0.00,0.00,0.00,0.00,2,0
2026-06-13 14:24:58.465,0.00,0.00,0.00,0.00,2,0
2026-06-13 14:24:58.515,0.00,0.00,0.00,0.00,2,0
2026-06-13 14:24:58.566,0.00,0.00,0.00,0.00,2,0
2026-06-13 14:24:58.616,0.00,0.00,0.00,0.00,2,0
2026-06-13 14:24:58.667,0.00,0.00,0.00,0.00,2,0
2026-06-13 14:24:58.717,0.00,0.00,0.00,0.00,2,0
2026-06-13 14:24:58.767,0.00,0.00,0.00,0.00,2,0
2026-06-13 14:24:58.818,0.00,0.00,0.00,0.00,2,0
2026-06-13 14:24:58.868,0.00,0.00,0.00,0.00,2,0
2026-06-13 14:24:58.918,0.00,0.00,0.00,0.00,2,0
2026-06-13 14:24:58.969,0.00,0.00,0.00,0.00,2,0
2026-06-13 14:24:59.019,0.00,0.00,0.00,0.00,2,0
2026-06-13 14:24:59.069,0.00,0.00,0.00,0.00,2,0
2026-06-13 14:24:59.120,0.00,0.00,0.00,0.00,2,0
2026-06-13 14:24:59.170,0.00,0.00,0.00,0.00,2,0
2026-06-13 14:24:59.221,0.00,0.00,0.00,0.00,2,0
2026-06-13 14:24:59.271,0.00,0.00,0.00,0.00,2,0
2026-06-13 14:24:59.321,0.00,0.00,0.00,0.00,2,0
2026-06-13 14:24:59.372,0.00,0.00,0.00,0.00,2,0
2026-06-13 14:24:59.422,0.00,0.00,0.00,0.00,2,0
2026-06-13 14:24:59.472,0.00,0.00,0.00,0.00,2,0
2026-06-13 14:24:59.523,0.00,0.00,0.00,0.00,2,0
2026-06-13 14:24:59.573,0.00,0.00,0.00,0.00,2,0
2026-06-13 14:24:59.623,0.00,0.00,0.00,0.00,2,0
2026-06-13 14:24:59.674,0.00,0.00,0.00,0.00,2,0
2026-06-13 14:24:59.724,0.00,0.00,0.00,0.00,2,0
2026-06-13 14:24:59.775,0.00,0.00,0.00,0.00,2,0
2026-06-13 14:24:59.825,0.00,0.00,0.00,0.00,2,0
2026-06-13 14:24:59.875,0.00,0.00,0.00,0.00,2,0
2026-06-13 14:24:59.926,0.00,0.00,0.00,0.00,2,0
2026-06-13 14:24:59.976,0.00,0.00,0.00,0.00,2,0
2026-06-13 14:25:00.026,0.00,0.00,0.00,0.00,2,0
2026-06-13 14:25:00.077,0.00,0.00,0.00,0.00,2,0
2026-06-13 14:25:00.127,0.00,0.00,0.00,0.00,2,0
2026-06-13 14:25:00.177,0.00,0.00,0.00,0.00,2,0
2026-06-13 14:25:00.228,0.00,0.00,0.00,0.00,2,0
2026-06-13 14:25:00.278,0.00,0.00,0.00,0.00,2,0
2026-06-13 14:25:00.329,0.00,0.00,0.00,0.00,2,0
2026-06-13 14:25:00.379,0.00,0.00,0.00,0.00,2,0
2026-06-13 14:25:00.429,0.00,0.00,0.00,0.00,2,0
2026-06-13 14:25:00.480,0.00,0.00,0.00,0.00,2,0
2026-06-13 14:25:00.530,0.00,0.00,0.00,0.00,2,0
2026-06-13 14:25:00.580,0.00,0.00,0.00,0.00,2,0
2026-06-13 14:25:00.631,0.00,0.00,0.00,0.00,2,0
2026-06-13 14:25:00.681,0.00,0.00,0.00,0.00,2,0
2026-06-13 14:25:00.732,0.00,0.00,0.00,0.00,2,0
2026-06-13 14:25:00.782,0.00,0.00,0.00,0.00,2,0
2026-06-13 14:25:00.832,0.00,0.00,0.00,0.00,2,0
2026-06-13 14:25:00.883,0.00,0.00,0.00,0.00,2,0
2026-06-13 14:25:00.933,0.00,0.00,0.00,0.00,2,0
2026-06-13 14:25:00.983,0.00,0.00,0.00,0.00,2,0
2026-06-13 14:25:01.034,0.00,0.00,0.00,0.00,2,0
2026-06-13 14:25:01.084,0.00,0.00,0.00,0.00,2,0
2026-06-13 14:25:01.134,0.00,0.00,0.00,0.00,2,0
2026-06-13 14:25:01.185,0.00,0.00,0.00,0.00,2,0
2026-06-13 14:25:01.235,0.00,0.00,0.00,0.00,2,0
2026-06-13 14:25:01.286,0.00,0.00,0.00,0.00,2,0
2026-06-13 14:25:01.336,0.00,0.00,0.00,0.00,2,0
2026-06-13 14:25:01.386,0.00,0.00,0.00,0.00,2,0
2026-06-13 14:25:01.437,0.00,0.00,0.00,0.00,2,0
2026-06-13 14:25:01.487,0.00,0.00,0.00,0.00,2,0
2026-06-13 14:25:01.537,0.00,0.00,0.00,0.00,2,0
2026-06-13 14:25:01.588,0.00,0.00,0.00,0.00,2,0
2026-06-13 14:25:01.638,0.00,0.00,0.00,0.00,2,0
2026-06-13 14:25:01.688,0.00,0.00,0.00,0.00,2,0
2026-06-13 14:25:01.739,0.00,0.00,0.00,0.00,2,0
2026-06-13 14:25:01.789,0.00,0.00,0.00,0.00,2,0
2026-06-13 14:25:01.840,0.00,0.00,0.00,0.00,2,0
2026-06-13 14:25:01.890,0.00,0.00,0.00,0.00,2,0
2026-06-13 14:25:01.940,0.00,0.00,0.00,0.00,2,0
2026-06-13 14:25:01.991,0.00,0.00,0.00,0.00,2,0
2026-06-13 14:25:02.041,0.00,0.00,0.00,0.00,2,0
2026-06-13 14:25:02.091,0.00,0.00,0.00,0.00,2,0
2026-06-13 14:25:02.142,0.00,0.00,0.00,0.00,2,0
2026-06-13 14:25:02.192,0.00,0.00,0.00,0.00,2,0
2026-06-13 14:25:02.242,0.00,0.00,0.00,0.00,2,0
2026-06-13 14:25:02.293,0.00,0.00,0.00,0.00,2,0
2026-06-13 14:25:02.343,0.00,0.00,0.00,0.00,2,0
2026-06-13 14:25:02.394,0.00,0.00,0.00,0.00,2,0
2026-06-13 14:25:02.444,0.00,0.00,0.00,0.00,2,0
2026-06-13 14:25:02.494,0.00,0.00,0.00,0.00,2,0
2026-06-13 14:25:02.545,0.00,0.00,0.00,0.00,2,0
2026-06-13 14:25:02.595,0.00,0.00,0.00,0.00,2,0
2026-06-13 14:25:02.645,0.00,0.00,0.00,0.00,2,0
2026-06-13 14:25:02.696,0.00,0.00,0.00,0.00,2,0
2026-06-13 14:25:02.746,0.00,0.00,0.00,0.00,2,0
2026-06-13 14:25:02.796,0.00,0.00,0.00,0.00,2,0
2026-06-13 14:25:02.847,0.00,0.00,0.00,0.00,2,0
2026-06-13 14:25:02.897,0.00,0.00,0.00,0.00,2,0
2026-06-13 14:25:02.948,0.00,0.00,0.00,0.00,2,0
2026-06-13 14:25:02.998,0.00,0.00,0.00,0.00,2,0
2026-06-13 14:25:03.048,0.00,0.00,0.00,0.00,2,0
2026-06-13 14:25:03.099,0.00,0.00,0.00,0.00,2,0
2026-06-13 14:25:03.149,0.00,0.00,0.00,0.00,2,0
2026-06-13 14:25:03.199,0.00,0.00,0.00,0.00,2,0
2026-06-13 14:25:03.250,0.00,0.00,0.00,0.00,2,0
2026-06-13 14:25:03.300,0.00,0.00,0.00,0.00,2,0
2026-06-13 14:25:03.351,0.00,0.00,0.00,0.00,2,0
2026-06-13 14:25:03.401,0.00,0.00,0.00,0.00,2,0
2026-06-13 14:25:03.451,0.00,0.00,0.00,0.00,2,0
2026-06-13 14:25:03.502,0.00,0.00,0.00,0.00,2,0
2026-06-13 14:25:03.552,0.00,0.00,0.00,0.00,2,0
2026-06-13 14:25:03.602,0.00,0.00,0.00,0.00,2,0
2026-06-13 14:25:03.653,0.00,0.00,0.00,0.00,2,0
2026-06-13 14:25:03.703,0.00,0.00,0.00,0.00,2,0
2026-06-13 14:25:03.753,0.00,0.00,0.00,0.00,2,0
2026-06-13 14:25:03.804,0.00,0.00,0.00,0.00,2,0
2026-06-13 14:25:03.854,0.00,0.00,0.00,0.00,2,0
2026-06-13 14:25:03.905,0.00,0.00,0.00,0.00,2,0
2026-06-13 14:25:03.955,0.00,0.00,0.00,0.00,2,0
2026-06-13 14:25:04.005,0.00,0.00,0.00,0.00,2,0
2026-06-13 14:25:04.056,0.00,0.00,0.00,0.00,2,0
2026-06-13 14:25:04.106,0.00,0.00,0.00,0.00,2,0
2026-06-13 14:25:04.156,0.00,0.00,0.00,0.00,2,0
2026-06-13 14:25:04.207,0.00,0.00,0.00,0.00,2,0
2026-06-13 14:25:04.257,0.00,0.00,0.00,0.00,2,0
2026-06-13 14:25:04.307,0.00,0.00,0.00,0.00,2,0
2026-06-13 14:25:04.358,0.00,0.00,0.00,0.00,2,0
2026-06-13 14:25:04.408,0.00,0.00,0.00,0.00,2,0
2026-06-13 14:25:04.459,0.00,0.00,0.00,0.00,2,0
2026-06-13 14:25:04.509,0.00,0.00,0.00,0.00,2,0
2026-06-13 14:25:04.559,0.00,0.00,0.00,0.00,2,0
2026-06-13 14:25:04.610,0.00,0.00,0.00,0.00,2,0
2026-06-13 14:25:04.660,0.00,0.00,0.00,0.00,2,0
2026-06-13 14:25:04.710,0.00,0.00,0.00,0.00,2,0
2026-06-13 14:25:04.761,0.00,0.00,0.00,0.00,2,0
2026-06-13 14:25:04.811,0.00,0.00,0.00,0.00,2,0
2026-06-13 14:25:04.862,0.00,0.00,0.00,0.00,2,0
2026-06-13 14:25:04.912,0.00,0.00,0.00,0.00,2,0
2026-06-13 14:25:04.962,0.00,0.00,0.00,0.00,2,0
2026-06-13 14:25:05.013,0.00,0.00,0.00,0.00,2,0
2026-06-13 14:25:05.063,0.00,0.00,0.00,0.00,2,0
2026-06-13 14:25:05.113,0.00,0.00,0.00,0.00,2,0
2026-06-13 14:25:05.164,0.00,0.00,0.00,0.00,2,0
2026-06-13 14:25:05.214,0.00,0.00,0.00,0.00,2,0
2026-06-13 14:25:05.264,0.00,0.00,0.00,0.00,2,0
2026-06-13 14:25:05.315,0.00,0.00,0.00,0.00,2,0
2026-06-13 14:25:05.365,0.00,0.00,0.00,0.00,2,0
2026-06-13 14:25:05.416,0.00,0.00,0.00,0.00,2,0
2026-06-13 14:25:05.466,0.00,0.00,0.00,0.00,2,0
2026-06-13 14:25:05.516,0.00,0.00,0.00,0.00,2,0
2026-06-13 14:25:05.567,0.00,0.00,0.00,0.00,2,0
2026-06-13 14:25:05.617,0.00,0.00,0.00,0.00,2,0
2026-06-13 14:25:05.667,0.00,0.00,0.00,0.00,2,0
2026-06-13 14:25:05.718,0.00,0.00,0.00,0.00,2,0
2026-06-13 14:25:05.768,0.00,0.00,0.00,0.00,2,0
2026-06-13 14:25:05.818,0.00,0.00,0.00,0.00,2,0
2026-06-13 14:25:05.869,0.00,0.00,0.00,0.00,2,0
2026-06-13 14:25:05.919,0.00,0.00,0.00,0.00,2,0
2026-06-13 14:25:05.970,0.00,0.00,0.00,0.00,2,0
2026-06-13 14:25:06.020,0.00,0.00,0.00,0.00,2,0
2026-06-13 14:25:06.070,0.00,0.00,0.00,0.00,2,0
2026-06-13 14:25:06.121,0.00,0.00,0.00,0.00,2,0
2026-06-13 14:25:06.172,0.00,0.00,0.00,0.00,2,0
2026-06-13 14:25:06.221,0.00,0.00,0.00,0.00,2,0
2026-06-13 14:25:06.272,0.00,0.00,0.00,0.00,2,0
2026-06-13 14:25:06.322,0.00,0.00,0.00,0.00,2,0
2026-06-13 14:25:06.373,0.00,0.00,0.00,0.00,2,0
2026-06-13 14:25:06.423,0.00,0.00,0.00,0.00,2,0
2026-06-13 14:25:06.473,0.00,0.00,0.00,0.00,2,0
2026-06-13 14:25:06.524,0.00,0.00,0.00,0.00,2,0
2026-06-13 14:25:06.574,0.00,0.00,0.00,0.00,2,0
2026-06-13 14:25:06.624,0.00,0.00,0.00,0.00,2,0
2026-06-13 14:25:06.675,0.00,0.00,0.00,0.00,2,0
2026-06-13 14:25:06.725,0.00,0.00,0.00,0.00,2,0
2026-06-13 14:25:06.775,0.00,0.00,0.00,0.00,2,0
2026-06-13 14:25:06.826,0.00,0.00,0.00,0.00,2,0
2026-06-13 14:25:06.876,0.00,0.00,0.00,0.00,2,0
2026-06-13 14:25:06.927,0.00,0.00,0.00,0.00,2,0
2026-06-13 14:25:06.977,0.00,0.00,0.00,0.00,2,0
2026-06-13 14:25:07.027,0.00,0.00,0.00,0.00,2,0
2026-06-13 14:25:07.078,0.00,0.00,0.00,0.00,2,0
2026-06-13 14:25:07.128,0.00,0.00,0.00,0.00,2,0
2026-06-13 14:25:07.178,0.00,0.00,0.00,0.00,2,0
2026-06-13 14:25:07.229,0.00,0.00,0.00,0.00,2,0
2026-06-13 14:25:07.279,0.00,0.00,0.00,0.00,2,0
2026-06-13 14:25:07.330,0.00,0.00,0.00,0.00,2,0
2026-06-13 14:25:07.380,0.00,0.00,0.00,0.00,2,0
2026-06-13 14:25:07.430,0.00,0.00,0.00,0.00,2,0
2026-06-13 14:25:07.481,0.00,0.00,0.00,0.00,2,0
2026-06-13 14:25:07.531,0.00,0.00,0.00,0.00,2,0
2026-06-13 14:25:07.581,0.00,0.00,0.00,0.00,2,0
2026-06-13 14:25:07.632,0.00,0.00,0.00,0.00,2,0
2026-06-13 14:25:07.682,0.00,0.00,0.00,0.00,2,0
2026-06-13 14:25:07.732,0.00,0.00,0.00,0.00,2,0
2026-06-13 14:25:07.783,0.00,0.00,0.00,0.00,2,0
2026-06-13 14:25:07.833,0.00,0.00,0.00,0.00,2,0
2026-06-13 14:25:07.884,0.00,0.00,0.00,0.00,2,0
2026-06-13 14:25:07.934,0.00,0.00,0.00,0.00,2,0
2026-06-13 14:25:07.984,0.00,0.00,0.00,0.00,2,0
2026-06-13 14:25:08.035,0.00,0.00,0.00,0.00,2,0
2026-06-13 14:25:08.085,0.00,0.00,0.00,0.00,2,0
2026-06-13 14:25:08.135,0.00,0.00,0.00,0.00,2,0
2026-06-13 14:25:08.186,0.00,0.00,0.00,0.00,2,0
2026-06-13 14:25:08.236,0.00,0.00,0.00,0.00,2,0
2026-06-13 14:25:08.286,0.00,0.00,0.00,0.00,2,0
2026-06-13 14:25:08.337,0.00,0.00,0.00,0.00,2,0
2026-06-13 14:25:08.387,0.00,0.00,0.00,0.00,2,0
2026-06-13 14:25:08.438,0.00,0.00,0.00,0.00,2,0
2026-06-13 14:25:08.488,0.00,0.00,0.00,0.00,2,0
2026-06-13 14:25:08.538,0.00,0.00,0.00,0.00,2,0
2026-06-13 14:25:08.589,0.00,0.00,0.00,0.00,2,0
2026-06-13 14:25:08.639,0.00,0.00,0.00,0.00,2,0
2026-06-13 14:25:08.689,0.00,0.00,0.00,0.00,2,0
2026-06-13 14:25:08.740,0.00,0.00,0.00,0.00,2,0
2026-06-13 14:25:08.790,0.00,0.00,0.00,0.00,2,0
2026-06-13 14:25:08.841,0.00,0.00,0.00,0.00,2,0
2026-06-13 14:25:08.891,0.00,0.00,0.00,0.00,2,0
2026-06-13 14:25:08.941,0.00,0.00,0.00,0.00,2,0
2026-06-13 14:25:08.992,0.00,0.00,0.00,0.00,2,0
2026-06-13 14:25:09.042,0.00,0.00,0.00,0.00,2,0
2026-06-13 14:25:09.092,0.00,0.00,0.00,0.00,2,0
2026-06-13 14:25:09.143,0.00,0.00,0.00,0.00,2,0
2026-06-13 14:25:09.193,0.00,0.00,0.00,0.00,2,0
2026-06-13 14:25:09.243,0.00,0.00,0.00,0.00,2,0
2026-06-13 14:25:09.294,0.00,0.00,0.00,0.00,2,0
2026-06-13 14:25:09.344,0.00,0.00,0.00,0.00,2,0
2026-06-13 14:25:09.395,0.00,0.00,0.00,0.00,2,0
2026-06-13 14:25:09.445,0.00,0.00,0.00,0.00,2,0
2026-06-13 14:25:09.495,0.00,0.00,0.00,0.00,2,0
2026-06-13 14:25:09.546,0.00,0.00,0.00,0.00,2,0
2026-06-13 14:25:09.596,0.00,0.00,0.00,0.00,2,0
2026-06-13 14:25:09.646,0.00,0.00,0.00,0.00,2,0
2026-06-13 14:25:09.697,0.00,0.00,0.00,0.00,2,0
2026-06-13 14:25:09.747,0.00,0.00,0.00,0.00,2,0
2026-06-13 14:25:09.797,0.00,0.00,0.00,0.00,2,0
2026-06-13 14:25:09.848,0.00,0.00,0.00,0.00,2,0
2026-06-13 14:25:09.898,0.00,0.00,0.00,0.00,2,0
2026-06-13 14:25:09.949,0.00,0.00,0.00,0.00,2,0
2026-06-13 14:25:09.999,0.00,0.00,0.00,0.00,2,0
2026-06-13 14:25:10.049,0.00,0.00,0.00,0.00,2,0
2026-06-13 14:25:10.100,0.00,0.00,0.00,0.00,2,0
2026-06-13 14:25:10.150,0.00,0.00,0.00,0.00,2,0
2026-06-13 14:25:10.201,0.00,0.00,0.00,0.00,2,0
2026-06-13 14:25:10.251,0.00,0.00,0.00,0.00,2,0
2026-06-13 14:25:10.301,0.00,0.00,0.00,0.00,2,0
2026-06-13 14:25:10.352,0.00,0.00,0.00,0.00,2,0
2026-06-13 14:25:10.402,0.00,0.00,0.00,0.00,2,0
2026-06-13 14:25:10.452,0.00,0.00,0.00,0.00,2,0
2026-06-13 14:25:10.503,0.00,0.00,0.00,0.00,2,0
2026-06-13 14:25:10.553,0.00,0.00,0.00,0.00,2,0
2026-06-13 14:25:10.606,0.00,0.00,0.00,0.00,2,0
2026-06-13 14:25:10.654,0.00,0.00,0.00,0.00,2,0
2026-06-13 14:25:10.705,0.00,0.00,0.00,0.00,2,0
2026-06-13 14:25:10.755,0.00,0.00,0.00,0.00,2,0
2026-06-13 14:25:10.805,0.00,0.00,0.00,0.00,2,0
2026-06-13 14:25:10.855,0.00,0.00,0.00,0.00,2,0
2026-06-13 14:25:10.907,0.00,0.00,0.00,0.00,2,0
2026-06-13 14:25:10.956,0.00,0.00,0.00,0.00,2,0
2026-06-13 14:25:11.008,0.00,0.00,0.00,0.00,2,0
2026-06-13 14:25:11.057,0.00,0.00,0.00,0.00,2,0
2026-06-13 14:25:11.107,0.00,0.00,0.00,0.00,2,0
2026-06-13 14:25:11.157,0.00,0.00,0.00,0.00,2,0
2026-06-13 14:25:11.208,0.00,0.00,0.00,0.00,2,0
2026-06-13 14:25:11.258,0.00,0.00,0.00,0.00,2,0
2026-06-13 14:25:11.309,0.00,0.00,0.00,0.00,2,0
2026-06-13 14:25:11.359,0.00,0.00,0.00,0.00,2,0
2026-06-13 14:25:11.409,0.00,0.00,0.00,0.00,2,0
2026-06-13 14:25:11.460,0.00,0.00,0.00,0.00,2,0
2026-06-13 14:25:11.510,0.00,0.00,0.00,0.00,2,0
2026-06-13 14:25:11.560,0.00,0.00,0.00,0.00,2,0
2026-06-13 14:25:11.611,0.00,0.00,0.00,0.00,2,0
2026-06-13 14:25:11.661,0.00,0.00,0.00,0.00,2,0
2026-06-13 14:25:11.711,0.00,0.00,0.00,0.00,2,0
2026-06-13 14:25:11.762,0.00,0.00,0.00,0.00,2,0
2026-06-13 14:25:11.812,0.00,0.00,0.00,0.00,2,0
2026-06-13 14:25:11.863,0.00,0.00,0.00,0.00,2,0
2026-06-13 14:25:11.913,0.00,0.00,0.00,0.00,2,0
2026-06-13 14:25:11.963,0.00,0.00,0.00,0.00,2,0
2026-06-13 14:25:12.014,0.00,0.00,0.00,0.00,2,0
2026-06-13 14:25:12.064,0.00,0.00,0.00,0.00,2,0
2026-06-13 14:25:12.114,0.00,0.00,0.00,0.00,2,0
2026-06-13 14:25:12.165,0.00,0.00,0.00,0.00,2,0
2026-06-13 14:25:12.215,0.00,0.00,0.00,0.00,2,0
2026-06-13 14:25:12.266,0.00,0.00,0.00,0.00,2,0
2026-06-13 14:25:12.316,0.00,0.00,0.00,0.00,2,0
2026-06-13 14:25:12.366,0.00,0.00,0.00,0.00,2,0
2026-06-13 14:25:12.417,0.00,0.00,0.00,0.00,2,0
2026-06-13 14:25:12.467,0.00,0.00,0.00,0.00,2,0
2026-06-13 14:25:12.517,0.00,0.00,0.00,0.00,2,0
2026-06-13 14:25:12.568,0.00,0.00,0.00,0.00,2,0
2026-06-13 14:25:12.618,0.00,0.00,0.00,0.00,2,0
2026-06-13 14:25:12.668,0.00,0.00,0.00,0.00,2,0
2026-06-13 14:25:12.719,0.00,0.00,0.00,0.00,2,0
2026-06-13 14:25:12.769,0.00,0.00,0.00,0.00,2,0
2026-06-13 14:25:12.820,0.00,0.00,0.00,0.00,2,0
2026-06-13 14:25:12.870,0.00,0.00,0.00,0.00,2,0
2026-06-13 14:25:12.920,0.00,0.00,0.00,0.00,2,0
2026-06-13 14:25:12.971,0.00,0.00,0.00,0.00,2,0
2026-06-13 14:25:13.021,0.00,0.00,0.00,0.00,2,0
2026-06-13 14:25:13.071,0.00,0.00,0.00,0.00,2,0
2026-06-13 14:25:13.122,0.00,0.00,0.00,0.00,2,0
2026-06-13 14:25:13.172,0.00,0.00,0.00,0.00,2,0
2026-06-13 14:25:13.222,0.00,0.00,0.00,0.00,2,0
2026-06-13 14:25:13.273,0.00,0.00,0.00,0.00,2,0
2026-06-13 14:25:13.323,0.00,0.00,0.00,0.00,2,0
2026-06-13 14:25:13.374,0.00,0.00,0.00,0.00,2,0
2026-06-13 14:25:13.424,0.00,0.00,0.00,0.00,2,0
2026-06-13 14:25:13.474,0.00,0.00,0.00,0.00,2,0
2026-06-13 14:25:13.525,0.00,0.00,0.00,0.00,2,0
2026-06-13 14:25:13.575,0.00,0.00,0.00,0.00,2,0
2026-06-13 14:25:13.625,0.00,0.00,0.00,0.00,2,0
2026-06-13 14:25:13.676,0.00,0.00,0.00,0.00,2,0
2026-06-13 14:25:13.726,0.00,0.00,0.00,0.00,2,0
2026-06-13 14:25:13.777,0.00,0.00,0.00,0.00,2,0
2026-06-13 14:25:13.827,0.00,0.00,0.00,0.00,2,0
2026-06-13 14:25:13.877,0.00,0.00,0.00,0.00,2,0
2026-06-13 14:25:13.928,0.00,0.00,0.00,0.00,2,0
2026-06-13 14:25:13.978,0.00,0.00,0.00,0.00,2,0
2026-06-13 14:25:14.028,0.00,0.00,0.00,0.00,2,0
2026-06-13 14:25:14.079,0.00,0.00,0.00,0.00,2,0
2026-06-13 14:25:14.129,0.00,0.00,0.00,0.00,2,0
2026-06-13 14:25:14.180,0.00,0.00,0.00,0.00,2,0
2026-06-13 14:25:14.230,0.00,0.00,0.00,0.00,2,0
2026-06-13 14:25:14.280,0.00,0.00,0.00,0.00,2,0
2026-06-13 14:25:14.331,0.00,0.00,0.00,0.00,2,0
2026-06-13 14:25:14.381,0.00,0.00,0.00,0.00,2,0
2026-06-13 14:25:14.431,0.00,0.00,0.00,0.00,2,0
2026-06-13 14:25:14.482,0.00,0.00,0.00,0.00,2,0
2026-06-13 14:25:14.532,0.00,0.00,0.00,0.00,2,0
2026-06-13 14:25:14.583,0.00,0.00,0.00,0.00,2,0
2026-06-13 14:25:14.633,0.00,0.00,0.00,0.00,2,0
2026-06-13 14:25:14.683,0.00,0.00,0.00,0.00,2,0
2026-06-13 14:25:14.734,0.00,0.00,0.00,0.00,2,0
2026-06-13 14:25:14.784,0.00,0.00,0.00,0.00,2,0
2026-06-13 14:25:14.834,0.00,0.00,0.00,0.00,2,0
2026-06-13 14:25:14.885,0.00,0.00,0.00,0.00,2,0
2026-06-13 14:25:14.935,0.00,0.00,0.00,0.00,2,0
2026-06-13 14:25:14.985,0.00,0.00,0.00,0.00,2,0
2026-06-13 14:25:15.036,0.00,0.00,0.00,0.00,2,0
2026-06-13 14:25:15.086,0.00,0.00,0.00,0.00,2,0
2026-06-13 14:25:15.136,0.00,0.00,0.00,0.00,2,0
2026-06-13 14:25:15.187,0.00,0.00,0.00,0.00,2,0
2026-06-13 14:25:15.237,0.00,0.00,0.00,0.00,2,0
2026-06-13 14:25:15.288,0.00,0.00,0.00,0.00,2,0
2026-06-13 14:25:15.338,0.00,0.00,0.00,0.00,2,0
2026-06-13 14:25:15.388,0.00,0.00,0.00,0.00,2,0
2026-06-13 14:25:15.439,0.00,0.00,0.00,0.00,2,0
2026-06-13 14:25:15.489,0.00,0.00,0.00,0.00,2,0
2026-06-13 14:25:15.539,0.00,0.00,0.00,0.00,2,0
2026-06-13 14:25:15.590,0.00,0.00,0.00,0.00,2,0
2026-06-13 14:25:15.640,0.00,0.00,0.00,0.00,2,0
2026-06-13 14:25:15.691,0.00,0.00,0.00,0.00,2,0
2026-06-13 14:25:15.741,0.00,0.00,0.00,0.00,2,0
2026-06-13 14:25:15.791,0.00,0.00,0.00,0.00,2,0
2026-06-13 14:25:15.842,0.00,0.00,0.00,0.00,2,0
2026-06-13 14:25:15.892,0.00,0.00,0.00,0.00,2,0
2026-06-13 14:25:15.943,0.00,0.00,0.00,0.00,2,0
2026-06-13 14:25:15.993,0.00,0.00,0.00,0.00,2,0
2026-06-13 14:25:16.045,0.00,0.00,0.00,0.00,2,0
2026-06-13 14:25:16.097,0.00,0.00,0.00,0.00,2,0
2026-06-13 14:25:16.148,0.00,0.00,0.00,0.00,2,0
2026-06-13 14:25:16.200,0.00,0.00,0.00,0.00,2,0
2026-06-13 14:25:16.252,0.00,0.00,0.00,0.00,2,0
2026-06-13 14:25:16.304,0.00,0.00,0.00,0.00,2,0
2026-06-13 14:25:16.356,0.00,0.00,0.00,0.00,2,0
2026-06-13 14:25:16.408,0.00,0.00,0.00,0.00,2,0
2026-06-13 14:25:16.460,0.00,0.00,0.00,0.00,2,0
2026-06-13 14:25:16.512,0.00,0.00,0.00,0.00,2,0
2026-06-13 14:25:16.563,0.00,0.00,0.00,0.00,2,0
2026-06-13 14:25:16.615,0.00,0.00,0.00,0.00,2,0
2026-06-13 14:25:16.667,0.00,0.00,0.00,0.00,2,0
2026-06-13 14:25:16.719,0.00,0.00,0.00,0.00,2,0
2026-06-13 14:25:16.771,0.00,0.00,0.00,0.00,2,0
2026-06-13 14:25:16.823,0.00,0.00,0.00,0.00,2,0
2026-06-13 14:25:16.875,0.00,0.00,0.00,0.00,2,0
2026-06-13 14:25:16.926,0.00,0.00,0.00,0.00,2,0
2026-06-13 14:25:16.978,0.00,0.00,0.00,0.00,2,0
2026-06-13 14:25:17.030,0.00,0.00,0.00,0.00,2,0
2026-06-13 14:25:17.082,0.00,0.00,0.00,0.00,2,0
2026-06-13 14:25:17.133,0.00,0.00,0.00,0.00,2,0
2026-06-13 14:25:17.185,0.00,0.00,0.00,0.00,2,0
2026-06-13 14:25:17.237,0.00,0.00,0.00,0.00,2,0
2026-06-13 14:25:17.288,0.00,0.00,0.00,0.00,2,0
2026-06-13 14:25:17.340,0.00,0.00,0.00,0.00,2,0
2026-06-13 14:25:17.392,0.00,0.00,0.00,0.00,2,0
2026-06-13 14:25:17.444,0.00,0.00,0.00,0.00,2,0
2026-06-13 14:25:17.495,0.00,0.00,0.00,0.00,2,0
2026-06-13 14:25:17.547,0.00,0.00,0.00,0.00,2,0
2026-06-13 14:25:17.599,0.00,0.00,0.00,0.00,2,0
2026-06-13 14:25:17.650,0.00,0.00,0.00,0.00,2,0
2026-06-13 14:25:17.702,0.00,0.00,0.00,0.00,2,0
2026-06-13 14:25:17.754,0.00,0.00,0.00,0.00,2,0
2026-06-13 14:25:17.805,0.00,0.00,0.00,0.00,2,0
2026-06-13 14:25:17.857,0.00,0.00,0.00,0.00,2,0
2026-06-13 14:25:17.909,0.00,0.00,0.00,0.00,2,0
2026-06-13 14:25:17.960,0.00,0.00,0.00,0.00,2,0
2026-06-13 14:25:18.012,0.00,0.00,0.00,0.00,2,0
2026-06-13 14:25:18.064,0.00,0.00,0.00,0.00,2,0
2026-06-13 14:25:18.115,0.00,0.00,0.00,0.00,2,0
2026-06-13 14:25:18.167,0.00,0.00,0.00,0.00,2,0
2026-06-13 14:25:18.218,0.00,0.00,0.00,0.00,2,0
2026-06-13 14:25:18.270,0.00,0.00,0.00,0.00,2,0
2026-06-13 14:25:18.321,0.00,0.00,0.00,0.00,2,0
2026-06-13 14:25:18.373,0.00,0.00,0.00,0.00,2,0
2026-06-13 14:25:18.424,0.00,0.00,0.00,0.00,2,0
2026-06-13 14:25:18.476,0.00,0.00,0.00,0.00,2,0
2026-06-13 14:25:18.527,0.00,0.00,0.00,0.00,2,0
2026-06-13 14:25:18.579,0.00,0.00,0.00,0.00,2,0
2026-06-13 14:25:18.630,0.00,0.00,0.00,0.00,2,0
2026-06-13 14:25:18.682,0.00,0.00,0.00,0.00,2,0
2026-06-13 14:25:18.733,0.00,0.00,0.00,0.00,2,0
2026-06-13 14:25:18.785,0.00,0.00,0.00,0.00,2,0
2026-06-13 14:25:18.836,0.00,0.00,0.00,0.00,2,0
2026-06-13 14:25:18.888,0.00,0.00,0.00,0.00,2,0
2026-06-13 14:25:18.940,0.00,0.00,0.00,0.00,2,0
2026-06-13 14:25:18.991,0.00,0.00,0.00,0.00,2,0
2026-06-13 14:25:19.043,0.00,0.00,0.00,0.00,2,0
2026-06-13 14:25:19.094,0.00,0.00,0.00,0.00,2,0
2026-06-13 14:25:19.145,0.00,0.00,0.00,0.00,2,0
2026-06-13 14:25:19.197,0.00,0.00,0.00,0.00,2,0
2026-06-13 14:25:19.248,0.00,0.00,0.00,0.00,2,0
2026-06-13 14:25:19.299,0.00,0.00,0.00,0.00,2,0
2026-06-13 14:25:19.351,0.00,0.00,0.00,0.00,2,0
2026-06-13 14:25:19.402,0.00,0.00,0.00,0.00,2,0
2026-06-13 14:25:19.454,0.00,0.00,0.00,0.00,2,0
2026-06-13 14:25:19.505,0.00,0.00,0.00,0.00,2,0
2026-06-13 14:25:19.556,0.00,0.00,0.00,0.00,2,0
2026-06-13 14:25:19.608,0.00,0.00,0.00,0.00,2,0
2026-06-13 14:25:19.659,0.00,0.00,0.00,0.00,2,0
2026-06-13 14:25:19.711,0.00,0.00,0.00,0.00,2,0
2026-06-13 14:25:19.762,0.00,0.00,0.00,0.00,2,0
2026-06-13 14:25:19.813,0.00,0.00,0.00,0.00,2,0
2026-06-13 14:25:19.865,0.00,0.00,0.00,0.00,2,0
2026-06-13 14:25:19.916,0.00,0.00,0.00,0.00,2,0
2026-06-13 14:25:19.967,0.00,0.00,0.00,0.00,2,0
2026-06-13 14:25:20.019,0.00,0.00,0.00,0.00,2,0
2026-06-13 14:25:20.070,0.00,0.00,0.00,0.00,2,0
2026-06-13 14:25:20.121,0.00,0.00,0.00,0.00,2,0
2026-06-13 14:25:20.173,0.00,0.00,0.00,0.00,2,0
2026-06-13 14:25:20.224,0.00,0.00,0.00,0.00,2,0
2026-06-13 14:25:20.275,0.00,0.00,0.00,0.00,2,0
2026-06-13 14:25:20.326,0.00,0.00,0.00,0.00,2,0
2026-06-13 14:25:20.378,0.00,0.00,0.00,0.00,2,0
2026-06-13 14:25:20.429,0.00,0.00,0.00,0.00,2,0
2026-06-13 14:25:20.480,0.00,0.00,0.00,0.00,2,0
2026-06-13 14:25:20.532,0.00,0.00,0.00,0.00,2,0
2026-06-13 14:25:20.583,0.00,0.00,0.00,0.00,2,0
2026-06-13 14:25:20.634,0.00,0.00,0.00,0.00,2,0
2026-06-13 14:25:20.685,0.00,0.00,0.00,0.00,2,0
2026-06-13 14:25:20.737,0.00,0.00,0.00,0.00,2,0
2026-06-13 14:25:20.788,0.00,0.00,0.00,0.00,2,0
2026-06-13 14:25:20.839,0.00,0.00,0.00,0.00,2,0
2026-06-13 14:25:20.890,0.00,0.00,0.00,0.00,2,0
2026-06-13 14:25:20.942,0.00,0.00,0.00,0.00,2,0
2026-06-13 14:25:20.994,0.00,0.00,0.00,0.00,2,0
2026-06-13 14:25:21.044,0.00,0.00,0.00,0.00,2,0
2026-06-13 14:25:21.095,0.00,0.00,0.00,0.00,2,0
2026-06-13 14:25:21.146,0.00,0.00,0.00,0.00,2,0
2026-06-13 14:25:21.198,0.00,0.00,0.00,0.00,2,0
2026-06-13 14:25:21.249,0.00,0.00,0.00,0.00,2,0
2026-06-13 14:25:21.300,0.00,0.00,0.00,0.00,2,0
2026-06-13 14:25:21.351,0.00,0.00,0.00,0.00,2,0
2026-06-13 14:25:21.402,0.00,0.00,0.00,0.00,2,0
2026-06-13 14:25:21.454,0.00,0.00,0.00,0.00,2,0
2026-06-13 14:25:21.505,0.00,0.00,0.00,0.00,2,0
2026-06-13 14:25:21.556,0.00,0.00,0.00,0.00,2,0
2026-06-13 14:25:21.607,0.00,0.00,0.00,0.00,2,0
2026-06-13 14:25:21.658,0.00,0.00,0.00,0.00,2,0
2026-06-13 14:25:21.709,0.00,0.00,0.00,0.00,2,0
2026-06-13 14:25:21.760,0.00,0.00,0.00,0.00,2,0
2026-06-13 14:25:21.812,0.00,0.00,0.00,0.00,2,0
2026-06-13 14:25:21.863,0.00,0.00,0.00,0.00,2,0
2026-06-13 14:25:21.914,0.00,0.00,0.00,0.00,2,0
2026-06-13 14:25:21.965,0.00,0.00,0.00,0.00,2,0
2026-06-13 14:25:22.016,0.00,0.00,0.00,0.00,2,0
2026-06-13 14:25:22.067,0.00,0.00,0.00,0.00,2,0
2026-06-13 14:25:22.118,0.00,0.00,0.00,0.00,2,0
2026-06-13 14:25:22.169,0.00,0.00,0.00,0.00,2,0
2026-06-13 14:25:22.220,0.00,0.00,0.00,0.00,2,0
2026-06-13 14:25:22.272,0.00,0.00,0.00,0.00,2,0
2026-06-13 14:25:22.323,0.00,0.00,0.00,0.00,2,0
2026-06-13 14:25:22.374,0.00,0.00,0.00,0.00,2,0
2026-06-13 14:25:22.425,0.00,0.00,0.00,0.00,2,0
2026-06-13 14:25:22.476,0.00,0.00,0.00,0.00,2,0
2026-06-13 14:25:22.527,0.00,0.00,0.00,0.00,2,0
2026-06-13 14:25:22.578,0.00,0.00,0.00,0.00,2,0
2026-06-13 14:25:22.629,0.00,0.00,0.00,0.00,2,0
2026-06-13 14:25:22.680,0.00,0.00,0.00,0.00,2,0
2026-06-13 14:25:22.731,0.00,0.00,0.00,0.00,2,0
2026-06-13 14:25:22.782,0.00,0.00,0.00,0.00,2,0
2026-06-13 14:25:22.833,0.00,0.00,0.00,0.00,2,0
2026-06-13 14:25:22.885,0.00,0.00,0.00,0.00,2,0
2026-06-13 14:25:22.935,0.00,0.00,0.00,0.00,2,0
2026-06-13 14:25:22.987,0.00,0.00,0.00,0.00,2,0
2026-06-13 14:25:23.038,0.00,0.00,0.00,0.00,2,0
2026-06-13 14:25:23.089,0.00,0.00,0.00,0.00,2,0
2026-06-13 14:25:23.140,0.00,0.00,0.00,0.00,2,0
2026-06-13 14:25:23.191,0.00,0.00,0.00,0.00,2,0
2026-06-13 14:25:23.242,0.00,0.00,0.00,0.00,2,0
2026-06-13 14:25:23.292,0.00,0.00,0.00,0.00,2,0
2026-06-13 14:25:23.344,0.00,0.00,0.00,0.00,2,0
2026-06-13 14:25:23.394,0.00,0.00,0.00,0.00,2,0
2026-06-13 14:25:23.445,0.00,0.00,0.00,0.00,2,0
2026-06-13 14:25:23.496,0.00,0.00,0.00,0.00,2,0
2026-06-13 14:25:23.547,0.00,0.00,0.00,0.00,2,0
2026-06-13 14:25:23.598,0.00,0.00,0.00,0.00,2,0
2026-06-13 14:25:23.649,0.00,0.00,0.00,0.00,2,0
2026-06-13 14:25:23.700,0.00,0.00,0.00,0.00,2,0
2026-06-13 14:25:23.751,0.00,0.00,0.00,0.00,2,0
2026-06-13 14:25:23.802,0.00,0.00,0.00,0.00,2,0
2026-06-13 14:25:23.853,0.00,0.00,0.00,0.00,2,0
2026-06-13 14:25:23.904,0.00,0.00,0.00,0.00,2,0
2026-06-13 14:25:23.955,0.00,0.00,0.00,0.00,2,0
2026-06-13 14:25:24.006,0.00,0.00,0.00,0.00,2,0
2026-06-13 14:25:24.057,0.00,0.00,0.00,0.00,2,0
2026-06-13 14:25:24.108,0.00,0.00,0.00,0.00,2,0
2026-06-13 14:25:24.159,0.00,0.00,0.00,0.00,2,0
2026-06-13 14:25:24.210,0.00,0.00,0.00,0.00,2,0
2026-06-13 14:25:24.261,0.00,0.00,0.00,0.00,2,0
2026-06-13 14:25:24.312,0.00,0.00,0.00,0.00,2,0
2026-06-13 14:25:24.363,0.00,0.00,0.00,0.00,2,0
2026-06-13 14:25:24.414,0.00,0.00,0.00,0.00,2,0
2026-06-13 14:25:24.465,0.00,0.00,0.00,0.00,2,0
2026-06-13 14:25:24.516,0.00,0.00,0.00,0.00,2,0
2026-06-13 14:25:24.566,0.00,0.00,0.00,0.00,2,0
2026-06-13 14:25:24.617,0.00,0.00,0.00,0.00,2,0
2026-06-13 14:25:24.668,0.00,0.00,0.00,0.00,2,0
2026-06-13 14:25:24.719,0.00,0.00,0.00,0.00,2,0
2026-06-13 14:25:24.770,0.00,0.00,0.00,0.00,2,0
2026-06-13 14:25:24.821,0.00,0.00,0.00,0.00,2,0
2026-06-13 14:25:24.872,0.00,0.00,0.00,0.00,2,0
2026-06-13 14:25:24.923,0.00,0.00,0.00,0.00,2,0
2026-06-13 14:25:24.974,0.00,0.00,0.00,0.00,2,0
2026-06-13 14:25:25.025,0.00,0.00,0.00,0.00,2,0
2026-06-13 14:25:25.076,0.00,0.00,0.00,0.00,2,0
2026-06-13 14:25:25.126,0.00,0.00,0.00,0.00,2,0
2026-06-13 14:25:25.177,0.00,0.00,0.00,0.00,2,0
2026-06-13 14:25:25.228,0.00,0.00,0.00,0.00,2,0
2026-06-13 14:25:25.279,0.00,0.00,0.00,0.00,2,0
2026-06-13 14:25:25.330,0.00,0.00,0.00,0.00,2,0
2026-06-13 14:25:25.383,0.00,0.00,0.00,0.00,2,0
2026-06-13 14:25:25.432,0.00,0.00,0.00,0.00,2,0
2026-06-13 14:25:25.482,0.00,0.00,0.00,0.00,2,0
2026-06-13 14:25:25.533,0.00,0.00,0.00,0.00,2,0
2026-06-13 14:25:25.584,0.00,0.00,0.00,0.00,2,0
2026-06-13 14:25:25.635,0.00,0.00,0.00,0.00,2,0
2026-06-13 14:25:25.686,0.00,0.00,0.00,0.00,2,0
2026-06-13 14:25:25.737,0.00,0.00,0.00,0.00,2,0
2026-06-13 14:25:25.788,0.00,0.00,0.00,0.00,2,0
2026-06-13 14:25:25.838,0.00,0.00,0.00,0.00,2,0
2026-06-13 14:25:25.889,0.00,0.00,0.00,0.00,2,0
2026-06-13 14:25:25.940,0.00,0.00,0.00,0.00,2,0
2026-06-13 14:25:25.991,0.00,0.00,0.00,0.00,2,0
2026-06-13 14:25:26.042,0.00,0.00,0.00,0.00,2,0
2026-06-13 14:25:26.093,0.00,0.00,0.00,0.00,2,0
2026-06-13 14:25:26.143,0.00,0.00,0.00,0.00,2,0
2026-06-13 14:25:26.194,0.00,0.00,0.00,0.00,2,0
2026-06-13 14:25:26.245,0.00,0.00,0.00,0.00,2,0
2026-06-13 14:25:26.296,0.00,0.00,0.00,0.00,2,0
2026-06-13 14:25:26.347,0.00,0.00,0.00,0.00,2,0
2026-06-13 14:25:26.397,0.00,0.00,0.00,0.00,2,0
2026-06-13 14:25:26.448,0.00,0.00,0.00,0.00,2,0
2026-06-13 14:25:26.499,0.00,0.00,0.00,0.00,2,0
2026-06-13 14:25:26.550,0.00,0.00,0.00,0.00,2,0
2026-06-13 14:25:26.601,0.00,0.00,0.00,0.00,2,0
2026-06-13 14:25:26.651,0.00,0.00,0.00,0.00,2,0
2026-06-13 14:25:26.702,0.00,0.00,0.00,0.00,2,0
2026-06-13 14:25:26.753,0.00,0.00,0.00,0.00,2,0
2026-06-13 14:25:26.804,0.00,0.00,0.00,0.00,2,0
2026-06-13 14:25:26.855,0.00,0.00,0.00,0.00,2,0
2026-06-13 14:25:26.906,0.00,0.00,0.00,0.00,2,0
2026-06-13 14:25:26.956,0.00,0.00,0.00,0.00,2,0
2026-06-13 14:25:27.007,0.00,0.00,0.00,0.00,2,0
2026-06-13 14:25:27.058,0.00,0.00,0.00,0.00,2,0
2026-06-13 14:25:27.109,0.00,0.00,0.00,0.00,2,0
2026-06-13 14:25:27.159,0.00,0.00,0.00,0.00,2,0
2026-06-13 14:25:27.210,0.00,0.00,0.00,0.00,2,0
2026-06-13 14:25:27.261,0.00,0.00,0.00,0.00,2,0
2026-06-13 14:25:27.312,0.00,0.00,0.00,0.00,2,0
2026-06-13 14:25:27.362,0.00,0.00,0.00,0.00,2,0
2026-06-13 14:25:27.413,0.00,0.00,0.00,0.00,2,0
2026-06-13 14:25:27.464,0.00,0.00,0.00,0.00,2,0
2026-06-13 14:25:27.515,0.00,0.00,0.00,0.00,2,0
2026-06-13 14:25:27.565,0.00,0.00,0.00,0.00,2,0
2026-06-13 14:25:27.616,0.00,0.00,0.00,0.00,2,0
2026-06-13 14:25:27.667,0.00,0.00,0.00,0.00,2,0
2026-06-13 14:25:27.718,0.00,0.00,0.00,0.00,2,0
2026-06-13 14:25:27.768,0.00,0.00,0.00,0.00,2,0
2026-06-13 14:25:27.819,0.00,0.00,0.00,0.00,2,0
2026-06-13 14:25:27.870,0.00,0.00,0.00,0.00,2,0
2026-06-13 14:25:27.921,0.00,0.00,0.00,0.00,2,0
2026-06-13 14:25:27.972,0.00,0.00,0.00,0.00,2,0
2026-06-13 14:25:28.022,0.00,0.00,0.00,0.00,2,0
2026-06-13 14:25:28.073,0.00,0.00,0.00,0.00,2,0
2026-06-13 14:25:28.124,0.00,0.00,0.00,0.00,2,0
2026-06-13 14:25:28.174,0.00,0.00,0.00,0.00,2,0
2026-06-13 14:25:28.225,0.00,0.00,0.00,0.00,2,0
2026-06-13 14:25:28.276,0.00,0.00,0.00,0.00,2,0
2026-06-13 14:25:28.326,0.00,0.00,0.00,0.00,2,0
2026-06-13 14:25:28.377,0.00,0.00,0.00,0.00,2,0
2026-06-13 14:25:28.428,0.00,0.00,0.00,0.00,2,0
2026-06-13 14:25:28.479,0.00,0.00,0.00,0.00,2,0
2026-06-13 14:25:28.529,0.00,0.00,0.00,0.00,2,0
2026-06-13 14:25:28.580,0.00,0.00,0.00,0.00,2,0
2026-06-13 14:25:28.631,0.00,0.00,0.00,0.00,2,0
2026-06-13 14:25:28.682,0.00,0.00,0.00,0.00,2,0
2026-06-13 14:25:28.732,0.00,0.00,0.00,0.00,2,0
2026-06-13 14:25:28.783,0.00,0.00,0.00,0.00,2,0
2026-06-13 14:25:28.834,0.00,0.00,0.00,0.00,2,0
2026-06-13 14:25:28.884,0.00,0.00,0.00,0.00,2,0
2026-06-13 14:25:28.935,0.00,0.00,0.00,0.00,2,0
2026-06-13 14:25:28.986,0.00,0.00,0.00,0.00,2,0
2026-06-13 14:25:29.036,0.00,0.00,0.00,0.00,2,0
2026-06-13 14:25:29.087,0.00,0.00,0.00,0.00,2,0
2026-06-13 14:25:29.138,0.00,0.00,0.00,0.00,2,0
2026-06-13 14:25:29.188,0.00,0.00,0.00,0.00,2,0
2026-06-13 14:25:29.239,0.00,0.00,0.00,0.00,2,0
2026-06-13 14:25:29.290,0.00,0.00,0.00,0.00,2,0
2026-06-13 14:25:29.341,0.00,0.00,0.00,0.00,2,0
2026-06-13 14:25:29.391,0.00,0.00,0.00,0.00,2,0
2026-06-13 14:25:29.442,0.00,0.00,0.00,0.00,2,0
2026-06-13 14:25:29.493,0.00,0.00,0.00,0.00,2,0
2026-06-13 14:25:29.543,0.00,0.00,0.00,0.00,2,0
2026-06-13 14:25:29.594,0.00,0.00,0.00,0.00,2,0
2026-06-13 14:25:29.645,0.00,0.00,0.00,0.00,2,0
2026-06-13 14:25:29.695,0.00,0.00,0.00,0.00,2,0
2026-06-13 14:25:29.746,0.00,0.00,0.00,0.00,2,0
2026-06-13 14:25:29.797,0.00,0.00,0.00,0.00,2,0
2026-06-13 14:25:29.847,0.00,0.00,0.00,0.00,2,0
2026-06-13 14:25:29.898,0.00,0.00,0.00,0.00,2,0
2026-06-13 14:25:29.949,0.00,0.00,0.00,0.00,2,0
2026-06-13 14:25:29.999,0.00,0.00,0.00,0.00,2,0
2026-06-13 14:25:30.050,0.00,0.00,0.00,0.00,2,0
2026-06-13 14:25:30.101,0.00,0.00,0.00,0.00,2,0
2026-06-13 14:25:30.151,0.00,0.00,0.00,0.00,2,0
2026-06-13 14:25:30.202,0.00,0.00,0.00,0.00,2,0
2026-06-13 14:25:30.253,0.00,0.00,0.00,0.00,2,0
2026-06-13 14:25:30.303,0.00,0.00,0.00,0.00,2,0
2026-06-13 14:25:30.354,0.00,0.00,0.00,0.00,2,0
2026-06-13 14:25:30.405,0.00,0.00,0.00,0.00,2,0
2026-06-13 14:25:30.455,0.00,0.00,0.00,0.00,2,0
2026-06-13 14:25:30.506,0.00,0.00,0.00,0.00,2,0
2026-06-13 14:25:30.556,0.00,0.00,0.00,0.00,2,0
2026-06-13 14:25:30.607,0.00,0.00,0.00,0.00,2,0
2026-06-13 14:25:30.658,0.00,0.00,0.00,0.00,2,0
2026-06-13 14:25:30.708,0.00,0.00,0.00,0.00,2,0
2026-06-13 14:25:30.759,0.00,0.00,0.00,0.00,2,0
2026-06-13 14:25:30.810,0.00,0.00,0.00,0.00,2,0
2026-06-13 14:25:30.860,0.00,0.00,0.00,0.00,2,0
2026-06-13 14:25:30.911,0.00,0.00,0.00,0.00,2,0
2026-06-13 14:25:30.962,0.00,0.00,0.00,0.00,2,0
2026-06-13 14:25:31.012,0.00,0.00,0.00,0.00,2,0
2026-06-13 14:25:31.063,0.00,0.00,0.00,0.00,2,0
2026-06-13 14:25:31.113,0.00,0.00,0.00,0.00,2,0
2026-06-13 14:25:31.164,0.00,0.00,0.00,0.00,2,0
2026-06-13 14:25:31.215,0.00,0.00,0.00,0.00,2,0
2026-06-13 14:25:31.265,0.00,0.00,0.00,0.00,2,0
2026-06-13 14:25:31.316,0.00,0.00,0.00,0.00,2,0
2026-06-13 14:25:31.367,0.00,0.00,0.00,0.00,2,0
2026-06-13 14:25:31.417,0.00,0.00,0.00,0.00,2,0
2026-06-13 14:25:31.468,0.00,0.00,0.00,0.00,2,0
2026-06-13 14:25:31.518,0.00,0.00,0.00,0.00,2,0
2026-06-13 14:25:31.569,0.00,0.00,0.00,0.00,2,0
2026-06-13 14:25:31.620,0.00,0.00,0.00,0.00,2,0
2026-06-13 14:25:31.670,0.00,0.00,0.00,0.00,2,0
2026-06-13 14:25:31.721,0.00,0.00,0.00,0.00,2,0
2026-06-13 14:25:31.772,0.00,0.00,0.00,0.00,2,0
2026-06-13 14:25:31.822,0.00,0.00,0.00,0.00,2,0
2026-06-13 14:25:31.873,0.00,0.00,0.00,0.00,2,0
2026-06-13 14:25:31.923,0.00,0.00,0.00,0.00,2,0
2026-06-13 14:25:31.974,0.00,0.00,0.00,0.00,2,0
2026-06-13 14:25:32.025,0.00,0.00,0.00,0.00,2,0
2026-06-13 14:25:32.075,0.00,0.00,0.00,0.00,2,0
2026-06-13 14:25:32.126,0.00,0.00,0.00,0.00,2,0
2026-06-13 14:25:32.176,0.00,0.00,0.00,0.00,2,0
2026-06-13 14:25:32.227,0.00,0.00,0.00,0.00,2,0
2026-06-13 14:25:32.278,0.00,0.00,0.00,0.00,2,0
2026-06-13 14:25:32.328,0.00,0.00,0.00,0.00,2,0
2026-06-13 14:25:32.379,0.00,0.00,0.00,0.00,2,0
2026-06-13 14:25:32.429,0.00,0.00,0.00,0.00,2,0
2026-06-13 14:25:32.480,0.00,0.00,0.00,0.00,2,0
2026-06-13 14:25:32.531,0.00,0.00,0.00,0.00,2,0
2026-06-13 14:25:32.581,0.00,0.00,0.00,0.00,2,0
2026-06-13 14:25:32.632,0.00,0.00,0.00,0.00,2,0
2026-06-13 14:25:32.682,0.00,0.00,0.00,0.00,2,0
2026-06-13 14:25:32.733,0.00,0.00,0.00,0.00,2,0
2026-06-13 14:25:32.783,0.00,0.00,0.00,0.00,2,0
2026-06-13 14:25:32.834,0.00,0.00,0.00,0.00,2,0
2026-06-13 14:25:32.885,0.00,0.00,0.00,0.00,2,0
2026-06-13 14:25:32.935,0.00,0.00,0.00,0.00,2,0
2026-06-13 14:25:32.986,0.00,0.00,0.00,0.00,2,0
2026-06-13 14:25:33.036,0.00,0.00,0.00,0.00,2,0
2026-06-13 14:25:33.087,0.00,0.00,0.00,0.00,2,0
2026-06-13 14:25:33.138,0.00,0.00,0.00,0.00,2,0
2026-06-13 14:25:33.188,0.00,0.00,0.00,0.00,2,0
2026-06-13 14:25:33.239,0.00,0.00,0.00,0.00,2,0
2026-06-13 14:25:33.289,0.00,0.00,0.00,0.00,2,0
2026-06-13 14:25:33.340,0.00,0.00,0.00,0.00,2,0
2026-06-13 14:25:33.390,0.00,0.00,0.00,0.00,2,0
2026-06-13 14:25:33.441,0.00,0.00,0.00,0.00,2,0
2026-06-13 14:25:33.492,0.00,0.00,0.00,0.00,2,0
2026-06-13 14:25:33.542,0.00,0.00,0.00,0.00,2,0
2026-06-13 14:25:33.593,0.00,0.00,0.00,0.00,2,0
2026-06-13 14:25:33.643,0.00,0.00,0.00,0.00,2,0
2026-06-13 14:25:33.694,0.00,0.00,0.00,0.00,2,0
2026-06-13 14:25:33.745,0.00,0.00,0.00,0.00,2,0
2026-06-13 14:25:33.795,0.00,0.00,0.00,0.00,2,0
2026-06-13 14:25:33.846,0.00,0.00,0.00,0.00,2,0
2026-06-13 14:25:33.896,0.00,0.00,0.00,0.00,2,0
2026-06-13 14:25:33.947,0.00,0.00,0.00,0.00,2,0
2026-06-13 14:25:33.997,0.00,0.00,0.00,0.00,2,0
2026-06-13 14:25:34.048,0.00,0.00,0.00,0.00,2,0
2026-06-13 14:25:34.098,0.00,0.00,0.00,0.00,2,0
2026-06-13 14:25:34.149,0.00,0.00,0.00,0.00,2,0
2026-06-13 14:25:34.200,0.00,0.00,0.00,0.00,2,0
2026-06-13 14:25:34.250,0.00,0.00,0.00,0.00,2,0
2026-06-13 14:25:34.301,0.00,0.00,0.00,0.00,2,0
2026-06-13 14:25:34.351,0.00,0.00,0.00,0.00,2,0
2026-06-13 14:25:34.402,0.00,0.00,0.00,0.00,2,0
2026-06-13 14:25:34.452,0.00,0.00,0.00,0.00,2,0
2026-06-13 14:25:34.503,0.00,0.00,0.00,0.00,2,0
2026-06-13 14:25:34.553,0.00,0.00,0.00,0.00,2,0
2026-06-13 14:25:34.604,0.00,0.00,0.00,0.00,2,0
2026-06-13 14:25:34.655,0.00,0.00,0.00,0.00,2,0
2026-06-13 14:25:34.705,0.00,0.00,0.00,0.00,2,0
2026-06-13 14:25:34.756,0.00,0.00,0.00,0.00,2,0
2026-06-13 14:25:34.806,0.00,0.00,0.00,0.00,2,0
2026-06-13 14:25:34.857,0.00,0.00,0.00,0.00,2,0
2026-06-13 14:25:34.907,0.00,0.00,0.00,0.00,2,0
2026-06-13 14:25:34.958,0.00,0.00,0.00,0.00,2,0
2026-06-13 14:25:35.008,0.00,0.00,0.00,0.00,2,0
2026-06-13 14:25:35.059,0.00,0.00,0.00,0.00,2,0
2026-06-13 14:25:35.109,0.00,0.00,0.00,0.00,2,0
2026-06-13 14:25:35.160,0.00,0.00,0.00,0.00,2,0
2026-06-13 14:25:35.211,0.00,0.00,0.00,0.00,2,0
2026-06-13 14:25:35.261,0.00,0.00,0.00,0.00,2,0
2026-06-13 14:25:35.312,0.00,0.00,0.00,0.00,2,0
2026-06-13 14:25:35.362,0.00,0.00,0.00,0.00,2,0
2026-06-13 14:25:35.413,0.00,0.00,0.00,0.00,2,0
2026-06-13 14:25:35.463,0.00,0.00,0.00,0.00,2,0
2026-06-13 14:25:35.514,0.00,0.00,0.00,0.00,2,0
2026-06-13 14:25:35.564,0.00,0.00,0.00,0.00,2,0
2026-06-13 14:25:35.615,0.00,0.00,0.00,0.00,2,0
2026-06-13 14:25:35.665,0.00,0.00,0.00,0.00,2,0
2026-06-13 14:25:35.716,0.00,0.00,0.00,0.00,2,0
2026-06-13 14:25:35.766,0.00,0.00,0.00,0.00,2,0
2026-06-13 14:25:35.817,0.00,0.00,0.00,0.00,2,0
2026-06-13 14:25:35.868,0.00,0.00,0.00,0.00,2,0
2026-06-13 14:25:35.918,0.00,0.00,0.00,0.00,2,0
2026-06-13 14:25:35.969,0.00,0.00,0.00,0.00,2,0
2026-06-13 14:25:36.019,0.00,0.00,0.00,0.00,2,0
2026-06-13 14:25:36.070,0.00,0.00,0.00,0.00,2,0
2026-06-13 14:25:36.120,0.00,0.00,0.00,0.00,2,0
2026-06-13 14:25:36.171,0.00,0.00,0.00,0.00,2,0
2026-06-13 14:25:36.221,0.00,0.00,0.00,0.00,2,0
2026-06-13 14:25:36.272,0.00,0.00,0.00,0.00,2,0
2026-06-13 14:25:36.322,0.00,0.00,0.00,0.00,2,0
2026-06-13 14:25:36.373,0.00,0.00,0.00,0.00,2,0
2026-06-13 14:25:36.423,0.00,0.00,0.00,0.00,2,0
2026-06-13 14:25:36.474,0.00,0.00,0.00,0.00,2,0
2026-06-13 14:25:36.524,0.00,0.00,0.00,0.00,2,0
2026-06-13 14:25:36.575,0.00,0.00,0.00,0.00,2,0
2026-06-13 14:25:36.625,0.00,0.00,0.00,0.00,2,0
2026-06-13 14:25:36.676,0.00,0.00,0.00,0.00,2,0
2026-06-13 14:25:36.726,0.00,0.00,0.00,0.00,2,0
2026-06-13 14:25:36.777,0.00,0.00,0.00,0.00,2,0
2026-06-13 14:25:36.828,0.00,0.00,0.00,0.00,2,0
2026-06-13 14:25:36.878,0.00,0.00,0.00,0.00,2,0
2026-06-13 14:25:36.929,0.00,0.00,0.00,0.00,2,0
2026-06-13 14:25:36.979,0.00,0.00,0.00,0.00,2,0
2026-06-13 14:25:37.030,0.00,0.00,0.00,0.00,2,0
2026-06-13 14:25:37.080,0.00,0.00,0.00,0.00,2,0
2026-06-13 14:25:37.131,0.00,0.00,0.00,0.00,2,0
2026-06-13 14:25:37.181,0.00,0.00,0.00,0.00,2,0
2026-06-13 14:25:37.232,0.00,0.00,0.00,0.00,2,0
2026-06-13 14:25:37.282,0.00,0.00,0.00,0.00,2,0
2026-06-13 14:25:37.333,0.00,0.00,0.00,0.00,2,0
2026-06-13 14:25:37.383,0.00,0.00,0.00,0.00,2,0
2026-06-13 14:25:37.434,0.00,0.00,0.00,0.00,2,0
2026-06-13 14:25:37.484,0.00,0.00,0.00,0.00,2,0
2026-06-13 14:25:37.535,0.00,0.00,0.00,0.00,2,0
2026-06-13 14:25:37.585,0.00,0.00,0.00,0.00,2,0
2026-06-13 14:25:37.636,0.00,0.00,0.00,0.00,2,0
2026-06-13 14:25:37.686,0.00,0.00,0.00,0.00,2,0
2026-06-13 14:25:37.737,0.00,0.00,0.00,0.00,2,0
2026-06-13 14:25:37.787,0.00,0.00,0.00,0.00,2,0
2026-06-13 14:25:37.838,0.00,0.00,0.00,0.00,2,0
2026-06-13 14:25:37.888,0.00,0.00,0.00,0.00,2,0
2026-06-13 14:25:37.939,0.00,0.00,0.00,0.00,2,0
2026-06-13 14:25:37.989,0.00,0.00,0.00,0.00,2,0
2026-06-13 14:25:38.040,0.00,0.00,0.00,0.00,2,0
2026-06-13 14:25:38.090,0.00,0.00,0.00,0.00,2,0
2026-06-13 14:25:38.141,0.00,0.00,0.00,0.00,2,0
2026-06-13 14:25:38.191,0.00,0.00,0.00,0.00,2,0
2026-06-13 14:25:38.242,0.00,0.00,0.00,0.00,2,0
2026-06-13 14:25:38.292,0.00,0.00,0.00,0.00,2,0
2026-06-13 14:25:38.343,0.00,0.00,0.00,0.00,2,0
2026-06-13 14:25:38.393,0.00,0.00,0.00,0.00,2,0
2026-06-13 14:25:38.444,0.00,0.00,0.00,0.00,2,0
2026-06-13 14:25:38.494,0.00,0.00,0.00,0.00,2,0
2026-06-13 14:25:38.545,0.00,0.00,0.00,0.00,2,0
2026-06-13 14:25:38.595,0.00,0.00,0.00,0.00,2,0
2026-06-13 14:25:38.646,0.00,0.00,0.00,0.00,2,0
2026-06-13 14:25:38.696,0.00,0.00,0.00,0.00,2,0
2026-06-13 14:25:38.747,0.00,0.00,0.00,0.00,2,0
2026-06-13 14:25:38.797,0.00,0.00,0.00,0.00,2,0
2026-06-13 14:25:38.848,0.00,0.00,0.00,0.00,2,0
2026-06-13 14:25:38.898,0.00,0.00,0.00,0.00,2,0
2026-06-13 14:25:38.949,0.00,0.00,0.00,0.00,2,0
2026-06-13 14:25:38.999,0.00,0.00,0.00,0.00,2,0
2026-06-13 14:25:39.050,0.00,0.00,0.00,0.00,2,0
2026-06-13 14:25:39.100,0.00,0.00,0.00,0.00,2,0
2026-06-13 14:25:39.151,0.00,0.00,0.00,0.00,2,0
2026-06-13 14:25:39.201,0.00,0.00,0.00,0.00,2,0
2026-06-13 14:25:39.252,0.00,0.00,0.00,0.00,2,0
2026-06-13 14:25:39.302,0.00,0.00,0.00,0.00,2,0
2026-06-13 14:25:39.353,0.00,0.00,0.00,0.00,2,0
2026-06-13 14:25:39.403,0.00,0.00,0.00,0.00,2,0
2026-06-13 14:25:39.454,0.00,0.00,0.00,0.00,2,0
2026-06-13 14:25:39.504,0.00,0.00,0.00,0.00,2,0
2026-06-13 14:25:39.555,0.00,0.00,0.00,0.00,2,0
2026-06-13 14:25:39.605,0.00,0.00,0.00,0.00,2,0
2026-06-13 14:25:39.656,0.00,0.00,0.00,0.00,2,0
2026-06-13 14:25:39.706,0.00,0.00,0.00,0.00,2,0
2026-06-13 14:25:39.757,0.00,0.00,0.00,0.00,2,0
2026-06-13 14:25:39.807,0.00,0.00,0.00,0.00,2,0
2026-06-13 14:25:39.858,0.00,0.00,0.00,0.00,2,0
2026-06-13 14:25:39.908,0.00,0.00,0.00,0.00,2,0
2026-06-13 14:25:39.959,0.00,0.00,0.00,0.00,2,0
2026-06-13 14:25:40.009,0.00,0.00,0.00,0.00,2,0
2026-06-13 14:25:40.060,0.00,0.00,0.00,0.00,2,0
2026-06-13 14:25:40.110,0.00,0.00,0.00,0.00,2,0
2026-06-13 14:25:40.161,0.00,0.00,0.00,0.00,2,0
2026-06-13 14:25:40.211,0.00,0.00,0.00,0.00,2,0
2026-06-13 14:25:40.262,0.00,0.00,0.00,0.00,2,0
2026-06-13 14:25:40.312,0.00,0.00,0.00,0.00,2,0
2026-06-13 14:25:40.363,0.00,0.00,0.00,0.00,2,0
2026-06-13 14:25:40.413,0.00,0.00,0.00,0.00,2,0
2026-06-13 14:25:40.464,0.00,0.00,0.00,0.00,2,0
2026-06-13 14:25:40.515,0.00,0.00,0.00,0.00,2,0
2026-06-13 14:25:40.564,0.00,0.00,0.00,0.00,2,0
2026-06-13 14:25:40.615,0.00,0.00,0.00,0.00,2,0
2026-06-13 14:25:40.665,0.00,0.00,0.00,0.00,2,0
2026-06-13 14:25:40.716,0.00,0.00,0.00,0.00,2,0
2026-06-13 14:25:40.766,0.00,0.00,0.00,0.00,2,0
2026-06-13 14:25:40.817,0.00,0.00,0.00,0.00,2,0
2026-06-13 14:25:40.867,0.00,0.00,0.00,0.00,2,0
2026-06-13 14:25:40.918,0.00,0.00,0.00,0.00,2,0
2026-06-13 14:25:40.968,0.00,0.00,0.00,0.00,2,0
2026-06-13 14:25:41.019,0.00,0.00,0.00,0.00,2,0
2026-06-13 14:25:41.069,0.00,0.00,0.00,0.00,2,0
2026-06-13 14:25:41.120,0.00,0.00,0.00,0.00,2,0
2026-06-13 14:25:41.170,0.00,0.00,0.00,0.00,2,0
2026-06-13 14:25:41.221,0.00,0.00,0.00,0.00,2,0
2026-06-13 14:25:41.272,0.00,0.00,0.00,0.00,2,0
2026-06-13 14:25:41.322,0.00,0.00,0.00,0.00,2,0
2026-06-13 14:25:41.372,0.00,0.00,0.00,0.00,2,0
2026-06-13 14:25:41.423,0.00,0.00,0.00,0.00,2,0
2026-06-13 14:25:41.473,0.00,0.00,0.00,0.00,2,0
2026-06-13 14:25:41.524,0.00,0.00,0.00,0.00,2,0
2026-06-13 14:25:41.574,0.00,0.00,0.00,0.00,2,0
2026-06-13 14:25:41.625,0.00,0.00,0.00,0.00,2,0
2026-06-13 14:25:41.675,0.00,0.00,0.00,0.00,2,0
2026-06-13 14:25:41.725,0.00,0.00,0.00,0.00,2,0
2026-06-13 14:25:41.776,0.00,0.00,0.00,0.00,2,0
2026-06-13 14:25:41.826,0.00,0.00,0.00,0.00,2,0
2026-06-13 14:25:41.877,0.00,0.00,0.00,0.00,2,0
2026-06-13 14:25:41.927,0.00,0.00,0.00,0.00,2,0
2026-06-13 14:25:41.978,0.00,0.00,0.00,0.00,2,0
2026-06-13 14:25:42.028,0.00,0.00,0.00,0.00,2,0
2026-06-13 14:25:42.079,0.00,0.00,0.00,0.00,2,0
2026-06-13 14:25:42.129,0.00,0.00,0.00,0.00,2,0
2026-06-13 14:25:42.180,0.00,0.00,0.00,0.00,2,0
2026-06-13 14:25:42.230,0.00,0.00,0.00,0.00,2,0
2026-06-13 14:25:42.281,0.00,0.00,0.00,0.00,2,0
2026-06-13 14:25:42.331,0.00,0.00,0.00,0.00,2,0
2026-06-13 14:25:42.382,0.00,0.00,0.00,0.00,2,0
2026-06-13 14:25:42.432,0.00,0.00,0.00,0.00,2,0
2026-06-13 14:25:42.483,0.00,0.00,0.00,0.00,2,0
2026-06-13 14:25:42.533,0.00,0.00,0.00,0.00,2,0
2026-06-13 14:25:42.583,0.00,0.00,0.00,0.00,2,0
2026-06-13 14:25:42.634,0.00,0.00,0.00,0.00,2,0
2026-06-13 14:25:42.684,0.00,0.00,0.00,0.00,2,0
2026-06-13 14:25:42.735,0.00,0.00,0.00,0.00,2,0
2026-06-13 14:25:42.785,0.00,0.00,0.00,0.00,2,0
2026-06-13 14:25:42.836,0.00,0.00,0.00,0.00,2,0
2026-06-13 14:25:42.886,0.00,0.00,0.00,0.00,2,0
2026-06-13 14:25:42.937,0.00,0.00,0.00,0.00,2,0
2026-06-13 14:25:42.987,0.00,0.00,0.00,0.00,2,0
2026-06-13 14:25:43.038,0.00,0.00,0.00,0.00,2,0
2026-06-13 14:25:43.088,0.00,0.00,0.00,0.00,2,0
2026-06-13 14:25:43.139,0.00,0.00,0.00,0.00,2,0
2026-06-13 14:25:43.189,0.00,0.00,0.00,0.00,2,0
2026-06-13 14:25:43.240,0.00,0.00,0.00,0.00,2,0
2026-06-13 14:25:43.290,0.00,0.00,0.00,0.00,2,0
2026-06-13 14:25:43.341,0.00,0.00,0.00,0.00,2,0
2026-06-13 14:25:43.391,0.00,0.00,0.00,0.00,2,0
2026-06-13 14:25:43.441,0.00,0.00,0.00,0.00,2,0
2026-06-13 14:25:43.492,0.00,0.00,0.00,0.00,2,0
2026-06-13 14:25:43.542,0.00,0.00,0.00,0.00,2,0
2026-06-13 14:25:43.593,0.00,0.00,0.00,0.00,2,0
2026-06-13 14:25:43.643,0.00,0.00,0.00,0.00,2,0
2026-06-13 14:25:43.694,0.00,0.00,0.00,0.00,2,0
2026-06-13 14:25:43.744,0.00,0.00,0.00,0.00,2,0
2026-06-13 14:25:43.795,0.00,0.00,0.00,0.00,2,0
2026-06-13 14:25:43.845,0.00,0.00,0.00,0.00,2,0
2026-06-13 14:25:43.896,0.00,0.00,0.00,0.00,2,0
2026-06-13 14:25:43.946,0.00,0.00,0.00,0.00,2,0
2026-06-13 14:25:43.997,0.00,0.00,0.00,0.00,2,0
2026-06-13 14:25:44.047,0.00,0.00,0.00,0.00,2,0
2026-06-13 14:25:44.098,0.00,0.00,0.00,0.00,2,0
2026-06-13 14:25:44.148,0.00,0.00,0.00,0.00,2,0
2026-06-13 14:25:44.198,0.00,0.00,0.00,0.00,2,0
2026-06-13 14:25:44.249,0.00,0.00,0.00,0.00,2,0
2026-06-13 14:25:44.299,0.00,0.00,0.00,0.00,2,0
2026-06-13 14:25:44.350,0.00,0.00,0.00,0.00,2,0
2026-06-13 14:25:44.400,0.00,0.00,0.00,0.00,2,0
2026-06-13 14:25:44.451,0.00,0.00,0.00,0.00,2,0
2026-06-13 14:25:44.501,0.00,0.00,0.00,0.00,2,0
2026-06-13 14:25:44.552,0.00,0.00,0.00,0.00,2,0
2026-06-13 14:25:44.602,0.00,0.00,0.00,0.00,2,0
2026-06-13 14:25:44.653,0.00,0.00,0.00,0.00,2,0
2026-06-13 14:25:44.703,0.00,0.00,0.00,0.00,2,0
2026-06-13 14:25:44.753,0.00,0.00,0.00,0.00,2,0
2026-06-13 14:25:44.804,0.00,0.00,0.00,0.00,2,0
2026-06-13 14:25:44.854,0.00,0.00,0.00,0.00,2,0
2026-06-13 14:25:44.905,0.00,0.00,0.00,0.00,2,0
2026-06-13 14:25:44.955,0.00,0.00,0.00,0.00,2,0
2026-06-13 14:25:45.006,0.00,0.00,0.00,0.00,2,0
2026-06-13 14:25:45.056,0.00,0.00,0.00,0.00,2,0
2026-06-13 14:25:45.107,0.00,0.00,0.00,0.00,2,0
2026-06-13 14:25:45.157,0.00,0.00,0.00,0.00,2,0
2026-06-13 14:25:45.208,0.00,0.00,0.00,0.00,2,0
2026-06-13 14:25:45.258,0.00,0.00,0.00,0.00,2,0
2026-06-13 14:25:45.308,0.00,0.00,0.00,0.00,2,0
2026-06-13 14:25:45.359,0.00,0.00,0.00,0.00,2,0
2026-06-13 14:25:45.409,0.00,0.00,0.00,0.00,2,0
2026-06-13 14:25:45.460,0.00,0.00,0.00,0.00,2,0
2026-06-13 14:25:45.510,0.00,0.00,0.00,0.00,2,0
2026-06-13 14:25:45.561,0.00,0.00,0.00,0.00,2,0
2026-06-13 14:25:45.611,0.00,0.00,0.00,0.00,2,0
2026-06-13 14:25:45.662,0.00,0.00,0.00,0.00,2,0
2026-06-13 14:25:45.712,0.00,0.00,0.00,0.00,2,0
2026-06-13 14:25:45.762,0.00,0.00,0.00,0.00,2,0
2026-06-13 14:25:45.813,0.00,0.00,0.00,0.00,2,0
2026-06-13 14:25:45.863,0.00,0.00,0.00,0.00,2,0
2026-06-13 14:25:45.914,0.00,0.00,0.00,0.00,2,0
2026-06-13 14:25:45.964,0.00,0.00,0.00,0.00,2,0
2026-06-13 14:25:46.015,0.00,0.00,0.00,0.00,2,0
2026-06-13 14:25:46.065,0.00,0.00,0.00,0.00,2,0
2026-06-13 14:25:46.116,0.00,0.00,0.00,0.00,2,0
2026-06-13 14:25:46.166,0.00,0.00,0.00,0.00,2,0
2026-06-13 14:25:46.217,0.00,0.00,0.00,0.00,2,0
2026-06-13 14:25:46.267,0.00,0.00,0.00,0.00,2,0
2026-06-13 14:25:46.317,0.00,0.00,0.00,0.00,2,0
2026-06-13 14:25:46.368,0.00,0.00,0.00,0.00,2,0
2026-06-13 14:25:46.418,0.00,0.00,0.00,0.00,2,0
2026-06-13 14:25:46.469,0.00,0.00,0.00,0.00,2,0
2026-06-13 14:25:46.519,0.00,0.00,0.00,0.00,2,0
2026-06-13 14:25:46.570,0.00,0.00,0.00,0.00,2,0
2026-06-13 14:25:46.620,0.00,0.00,0.00,0.00,2,0
2026-06-13 14:25:46.671,0.00,0.00,0.00,0.00,2,0
2026-06-13 14:25:46.721,0.00,0.00,0.00,0.00,2,0
2026-06-13 14:25:46.772,0.00,0.00,0.00,0.00,2,0
2026-06-13 14:25:46.822,0.00,0.00,0.00,0.00,2,0
2026-06-13 14:25:46.872,0.00,0.00,0.00,0.00,2,0
2026-06-13 14:25:46.923,0.00,0.00,0.00,0.00,2,0
2026-06-13 14:25:46.973,0.00,0.00,0.00,0.00,2,0
2026-06-13 14:25:47.024,0.00,0.00,0.00,0.00,2,0
2026-06-13 14:25:47.074,0.00,0.00,0.00,0.00,2,0
2026-06-13 14:25:47.125,0.00,0.00,0.00,0.00,2,0
2026-06-13 14:25:47.175,0.00,0.00,0.00,0.00,2,0
2026-06-13 14:25:47.226,0.00,0.00,0.00,0.00,2,0
2026-06-13 14:25:47.276,0.00,0.00,0.00,0.00,2,0
2026-06-13 14:25:47.326,0.00,0.00,0.00,0.00,2,0
2026-06-13 14:25:47.377,0.00,0.00,0.00,0.00,2,0
2026-06-13 14:25:47.427,0.00,0.00,0.00,0.00,2,0
2026-06-13 14:25:47.478,0.00,0.00,0.00,0.00,2,0
2026-06-13 14:25:47.528,0.00,0.00,0.00,0.00,2,0
2026-06-13 14:25:47.579,0.00,0.00,0.00,0.00,2,0
2026-06-13 14:25:47.629,0.00,0.00,0.00,0.00,2,0
2026-06-13 14:25:47.680,0.00,0.00,0.00,0.00,2,0
2026-06-13 14:25:47.730,0.00,0.00,0.00,0.00,2,0
2026-06-13 14:25:47.780,0.00,0.00,0.00,0.00,2,0
2026-06-13 14:25:47.831,0.00,0.00,0.00,0.00,2,0
2026-06-13 14:25:47.881,0.00,0.00,0.00,0.00,2,0
2026-06-13 14:25:47.932,0.00,0.00,0.00,0.00,2,0
2026-06-13 14:25:47.982,0.00,0.00,0.00,0.00,2,0
2026-06-13 14:25:48.033,0.00,0.00,0.00,0.00,2,0
2026-06-13 14:25:48.083,0.00,0.00,0.00,0.00,2,0
2026-06-13 14:25:48.133,0.00,0.00,0.00,0.00,2,0
2026-06-13 14:25:48.184,0.00,0.00,0.00,0.00,2,0
2026-06-13 14:25:48.234,0.00,0.00,0.00,0.00,2,0
2026-06-13 14:25:48.285,0.00,0.00,0.00,0.00,2,0
2026-06-13 14:25:48.335,0.00,0.00,0.00,0.00,2,0
2026-06-13 14:25:48.385,0.00,0.00,0.00,0.00,2,0
2026-06-13 14:25:48.436,0.00,0.00,0.00,0.00,2,0
2026-06-13 14:25:48.486,0.00,0.00,0.00,0.00,2,0
2026-06-13 14:25:48.537,0.00,0.00,0.00,0.00,2,0
2026-06-13 14:25:48.587,0.00,0.00,0.00,0.00,2,0
2026-06-13 14:25:48.637,0.00,0.00,0.00,0.00,2,0
2026-06-13 14:25:48.688,0.00,0.00,0.00,0.00,2,0
2026-06-13 14:25:48.738,0.00,0.00,0.00,0.00,2,0
2026-06-13 14:25:48.789,0.00,0.00,0.00,0.00,2,0
2026-06-13 14:25:48.839,0.00,0.00,0.00,0.00,2,0
2026-06-13 14:25:48.889,0.00,0.00,0.00,0.00,2,0
2026-06-13 14:25:48.940,0.00,0.00,0.00,0.00,2,0
2026-06-13 14:25:48.990,0.00,0.00,0.00,0.00,2,0
2026-06-13 14:25:49.041,0.00,0.00,0.00,0.00,2,0
2026-06-13 14:25:49.091,0.00,0.00,0.00,0.00,2,0
2026-06-13 14:25:49.142,0.00,0.00,0.00,0.00,2,0
2026-06-13 14:25:49.192,0.00,0.00,0.00,0.00,2,0
2026-06-13 14:25:49.242,0.00,0.00,0.00,0.00,2,0
2026-06-13 14:25:49.293,0.00,0.00,0.00,0.00,2,0
2026-06-13 14:25:49.343,0.00,0.00,0.00,0.00,2,0
2026-06-13 14:25:49.394,0.00,0.00,0.00,0.00,2,0
2026-06-13 14:25:49.444,0.00,0.00,0.00,0.00,2,0
2026-06-13 14:25:49.494,0.00,0.00,0.00,0.00,2,0
2026-06-13 14:25:49.545,0.00,0.00,0.00,0.00,2,0
2026-06-13 14:25:49.595,0.00,0.00,0.00,0.00,2,0
2026-06-13 14:25:49.646,0.00,0.00,0.00,0.00,2,0
2026-06-13 14:25:49.696,0.00,0.00,0.00,0.00,2,0
2026-06-13 14:25:49.746,0.00,0.00,0.00,0.00,2,0
2026-06-13 14:25:49.797,0.00,0.00,0.00,0.00,2,0
2026-06-13 14:25:49.847,0.00,0.00,0.00,0.00,2,0
2026-06-13 14:25:49.898,0.00,0.00,0.00,0.00,2,0
2026-06-13 14:25:49.948,0.00,0.00,0.00,0.00,2,0
2026-06-13 14:25:49.998,0.00,0.00,0.00,0.00,2,0
2026-06-13 14:25:50.049,0.00,0.00,0.00,0.00,2,0
2026-06-13 14:25:50.099,0.00,0.00,0.00,0.00,2,0
2026-06-13 14:25:50.150,0.00,0.00,0.00,0.00,2,0
2026-06-13 14:25:50.200,0.00,0.00,0.00,0.00,2,0
2026-06-13 14:25:50.250,0.00,0.00,0.00,0.00,2,0
2026-06-13 14:25:50.301,0.00,0.00,0.00,0.00,2,0
2026-06-13 14:25:50.351,0.00,0.00,0.00,0.00,2,0
2026-06-13 14:25:50.402,0.00,0.00,0.00,0.00,2,0
2026-06-13 14:25:50.452,0.00,0.00,0.00,0.00,2,0
2026-06-13 14:25:50.502,0.00,0.00,0.00,0.00,2,0
2026-06-13 14:25:50.553,0.00,0.00,0.00,0.00,2,0
2026-06-13 14:25:50.603,0.00,0.00,0.00,0.00,2,0
2026-06-13 14:25:50.654,0.00,0.00,0.00,0.00,2,0
2026-06-13 14:25:50.704,0.00,0.00,0.00,0.00,2,0
2026-06-13 14:25:50.754,0.00,0.00,0.00,0.00,2,0
2026-06-13 14:25:50.805,0.00,0.00,0.00,0.00,2,0
2026-06-13 14:25:50.855,0.00,0.00,0.00,0.00,2,0
2026-06-13 14:25:50.906,0.00,0.00,0.00,0.00,2,0
2026-06-13 14:25:50.956,0.00,0.00,0.00,0.00,2,0
2026-06-13 14:25:51.006,0.00,0.00,0.00,0.00,2,0
2026-06-13 14:25:51.057,0.00,0.00,0.00,0.00,2,0
2026-06-13 14:25:51.107,0.00,0.00,0.00,0.00,2,0
2026-06-13 14:25:51.158,0.00,0.00,0.00,0.00,2,0
2026-06-13 14:25:51.208,0.00,0.00,0.00,0.00,2,0
2026-06-13 14:25:51.258,0.00,0.00,0.00,0.00,2,0
2026-06-13 14:25:51.309,0.00,0.00,0.00,0.00,2,0
2026-06-13 14:25:51.359,0.00,0.00,0.00,0.00,2,0
2026-06-13 14:25:51.410,0.00,0.00,0.00,0.00,2,0
2026-06-13 14:25:51.460,0.00,0.00,0.00,0.00,2,0
2026-06-13 14:25:51.510,0.00,0.00,0.00,0.00,2,0
2026-06-13 14:25:51.561,0.00,0.00,0.00,0.00,2,0
2026-06-13 14:25:51.611,0.00,0.00,0.00,0.00,2,0
2026-06-13 14:25:51.662,0.00,0.00,0.00,0.00,2,0
2026-06-13 14:25:51.712,0.00,0.00,0.00,0.00,2,0
2026-06-13 14:25:51.762,0.00,0.00,0.00,0.00,2,0
2026-06-13 14:25:51.813,0.00,0.00,0.00,0.00,2,0
2026-06-13 14:25:51.863,0.00,0.00,0.00,0.00,2,0
2026-06-13 14:25:51.914,0.00,0.00,0.00,0.00,2,0
2026-06-13 14:25:51.964,0.00,0.00,0.00,0.00,2,0
2026-06-13 14:25:52.015,0.00,0.00,0.00,0.00,2,0
2026-06-13 14:25:52.065,0.00,0.00,0.00,0.00,2,0
2026-06-13 14:25:52.115,0.00,0.00,0.00,0.00,2,0
2026-06-13 14:25:52.166,0.00,0.00,0.00,0.00,2,0
2026-06-13 14:25:52.216,0.00,0.00,0.00,0.00,2,0
2026-06-13 14:25:52.267,0.00,0.00,0.00,0.00,2,0
2026-06-13 14:25:52.317,0.00,0.00,0.00,0.00,2,0
2026-06-13 14:25:52.367,0.00,0.00,0.00,0.00,2,0
2026-06-13 14:25:52.418,0.00,0.00,0.00,0.00,2,0
2026-06-13 14:25:52.468,0.00,0.00,0.00,0.00,2,0
2026-06-13 14:25:52.519,0.00,0.00,0.00,0.00,2,0
2026-06-13 14:25:52.569,0.00,0.00,0.00,0.00,2,0
2026-06-13 14:25:52.620,0.00,0.00,0.00,0.00,2,0
2026-06-13 14:25:52.670,0.00,0.00,0.00,0.00,2,0
2026-06-13 14:25:52.720,0.00,0.00,0.00,0.00,2,0
2026-06-13 14:25:52.771,0.00,0.00,0.00,0.00,2,0
2026-06-13 14:25:52.821,0.00,0.00,0.00,0.00,2,0
2026-06-13 14:25:52.872,0.00,0.00,0.00,0.00,2,0
2026-06-13 14:25:52.922,0.00,0.00,0.00,0.00,2,0
2026-06-13 14:25:52.972,0.00,0.00,0.00,0.00,2,0
2026-06-13 14:25:53.023,0.00,0.00,0.00,0.00,2,0
2026-06-13 14:25:53.073,0.00,0.00,0.00,0.00,2,0
2026-06-13 14:25:53.123,0.00,0.00,0.00,0.00,2,0
2026-06-13 14:25:53.174,0.00,0.00,0.00,0.00,2,0
2026-06-13 14:25:53.224,0.00,0.00,0.00,0.00,2,0
2026-06-13 14:25:53.275,0.00,0.00,0.00,0.00,2,0
2026-06-13 14:25:53.325,0.00,0.00,0.00,0.00,2,0
2026-06-13 14:25:53.376,0.00,0.00,0.00,0.00,2,0
2026-06-13 14:25:53.426,0.00,0.00,0.00,0.00,2,0
2026-06-13 14:25:53.476,0.00,0.00,0.00,0.00,2,0
2026-06-13 14:25:53.527,0.00,0.00,0.00,0.00,2,0
2026-06-13 14:25:53.577,0.00,0.00,0.00,0.00,2,0
2026-06-13 14:25:53.628,0.00,0.00,0.00,0.00,2,0
2026-06-13 14:25:53.678,0.00,0.00,0.00,0.00,2,0
2026-06-13 14:25:53.729,0.00,0.00,0.00,0.00,2,0
2026-06-13 14:25:53.779,0.00,0.00,0.00,0.00,2,0
2026-06-13 14:25:53.829,0.00,0.00,0.00,0.00,2,0
2026-06-13 14:25:53.880,0.00,0.00,0.00,0.00,2,0
2026-06-13 14:25:53.930,0.00,0.00,0.00,0.00,2,0
2026-06-13 14:25:53.981,0.00,0.00,0.00,0.00,2,0
2026-06-13 14:25:54.031,0.00,0.00,0.00,0.00,2,0
2026-06-13 14:25:54.081,0.00,0.00,0.00,0.00,2,0
2026-06-13 14:25:54.132,0.00,0.00,0.00,0.00,2,0
2026-06-13 14:25:54.182,0.00,0.00,0.00,0.00,2,0
2026-06-13 14:25:54.232,0.00,0.00,0.00,0.00,2,0
2026-06-13 14:25:54.283,0.00,0.00,0.00,0.00,2,0
2026-06-13 14:25:54.333,0.00,0.00,0.00,0.00,2,0
2026-06-13 14:25:54.384,0.00,0.00,0.00,0.00,2,0
2026-06-13 14:25:54.434,0.00,0.00,0.00,0.00,2,0
2026-06-13 14:25:54.484,0.00,0.00,0.00,0.00,2,0
2026-06-13 14:25:54.535,0.00,0.00,0.00,0.00,2,0
2026-06-13 14:25:54.585,0.00,0.00,0.00,0.00,2,0
2026-06-13 14:25:54.636,0.00,0.00,0.00,0.00,2,0
2026-06-13 14:25:54.686,0.00,0.00,0.00,0.00,2,0
2026-06-13 14:25:54.737,0.00,0.00,0.00,0.00,2,0
2026-06-13 14:25:54.787,0.00,0.00,0.00,0.00,2,0
2026-06-13 14:25:54.837,0.00,0.00,0.00,0.00,2,0
2026-06-13 14:25:54.888,0.00,0.00,0.00,0.00,2,0
2026-06-13 14:25:54.938,0.00,0.00,0.00,0.00,2,0
2026-06-13 14:25:54.989,0.00,0.00,0.00,0.00,2,0
2026-06-13 14:25:55.039,0.00,0.00,0.00,0.00,2,0
2026-06-13 14:25:55.089,0.00,0.00,0.00,0.00,2,0
2026-06-13 14:25:55.140,0.00,0.00,0.00,0.00,2,0
2026-06-13 14:25:55.190,0.00,0.00,0.00,0.00,2,0
2026-06-13 14:25:55.241,0.00,0.00,0.00,0.00,2,0
2026-06-13 14:25:55.291,0.00,0.00,0.00,0.00,2,0
2026-06-13 14:25:55.342,0.00,0.00,0.00,0.00,2,0
2026-06-13 14:25:55.392,0.00,0.00,0.00,0.00,2,0
2026-06-13 14:25:55.442,0.00,0.00,0.00,0.00,2,0
2026-06-13 14:25:55.493,0.00,0.00,0.00,0.00,2,0
2026-06-13 14:25:55.543,0.00,0.00,0.00,0.00,2,0
2026-06-13 14:25:55.594,0.00,0.00,0.00,0.00,2,0
2026-06-13 14:25:55.644,0.00,0.00,0.00,0.00,2,0
2026-06-13 14:25:55.694,0.00,0.00,0.00,0.00,2,0
2026-06-13 14:25:55.745,0.00,0.00,0.00,0.00,2,0
2026-06-13 14:25:55.795,0.00,0.00,0.00,0.00,2,0
2026-06-13 14:25:55.846,0.00,0.00,0.00,0.00,2,0
2026-06-13 14:25:55.896,0.00,0.00,0.00,0.00,2,0
2026-06-13 14:25:55.946,0.00,0.00,0.00,0.00,2,0
2026-06-13 14:25:55.997,0.00,0.00,0.00,0.00,2,0
2026-06-13 14:25:56.047,0.00,0.00,0.00,0.00,2,0
2026-06-13 14:25:56.098,0.00,0.00,0.00,0.00,2,0
2026-06-13 14:25:56.148,0.00,0.00,0.00,0.00,2,0
2026-06-13 14:25:56.198,0.00,0.00,0.00,0.00,2,0
2026-06-13 14:25:56.249,0.00,0.00,0.00,0.00,2,0
2026-06-13 14:25:56.299,0.00,0.00,0.00,0.00,2,0
2026-06-13 14:25:56.350,0.00,0.00,0.00,0.00,2,0
2026-06-13 14:25:56.400,0.00,0.00,0.00,0.00,2,0
2026-06-13 14:25:56.450,0.00,0.00,0.00,0.00,2,0
2026-06-13 14:25:56.501,0.00,0.00,0.00,0.00,2,0
2026-06-13 14:25:56.551,0.00,0.00,0.00,0.00,2,0
2026-06-13 14:25:56.602,0.00,0.00,0.00,0.00,2,0
2026-06-13 14:25:56.652,0.00,0.00,0.00,0.00,2,0
2026-06-13 14:25:56.703,0.00,0.00,0.00,0.00,2,0
2026-06-13 14:25:56.753,0.00,0.00,0.00,0.00,2,0
2026-06-13 14:25:56.803,0.00,0.00,0.00,0.00,2,0
2026-06-13 14:25:56.854,0.00,0.00,0.00,0.00,2,0
2026-06-13 14:25:56.904,0.00,0.00,0.00,0.00,2,0
2026-06-13 14:25:56.955,0.00,0.00,0.00,0.00,2,0
2026-06-13 14:25:57.005,0.00,0.00,0.00,0.00,2,0
2026-06-13 14:25:57.055,0.00,0.00,0.00,0.00,2,0
2026-06-13 14:25:57.106,0.00,0.00,0.00,0.00,2,0
2026-06-13 14:25:57.156,0.00,0.00,0.00,0.00,2,0
2026-06-13 14:25:57.207,0.00,0.00,0.00,0.00,2,0
2026-06-13 14:25:57.257,0.00,0.00,0.00,0.00,2,0
2026-06-13 14:25:57.307,0.00,0.00,0.00,0.00,2,0
2026-06-13 14:25:57.358,0.00,0.00,0.00,0.00,2,0
2026-06-13 14:25:57.408,0.00,0.00,0.00,0.00,2,0
2026-06-13 14:25:57.459,0.00,0.00,0.00,0.00,2,0
2026-06-13 14:25:57.509,0.00,0.00,0.00,0.00,2,0
2026-06-13 14:25:57.560,0.00,0.00,0.00,0.00,2,0
2026-06-13 14:25:57.610,0.00,0.00,0.00,0.00,2,0
2026-06-13 14:25:57.660,0.00,0.00,0.00,0.00,2,0
2026-06-13 14:25:57.711,0.00,0.00,0.00,0.00,2,0
2026-06-13 14:25:57.761,0.00,0.00,0.00,0.00,2,0
2026-06-13 14:25:57.812,0.00,0.00,0.00,0.00,2,0
2026-06-13 14:25:57.862,0.00,0.00,0.00,0.00,2,0
2026-06-13 14:25:57.912,0.00,0.00,0.00,0.00,2,0
2026-06-13 14:25:57.963,0.00,0.00,0.00,0.00,2,0
2026-06-13 14:25:58.013,0.00,0.00,0.00,0.00,2,0
2026-06-13 14:25:58.064,0.00,0.00,0.00,0.00,2,0
2026-06-13 14:25:58.114,0.00,0.00,0.00,0.00,2,0
2026-06-13 14:25:58.164,0.00,0.00,0.00,0.00,2,0
2026-06-13 14:25:58.215,0.00,0.00,0.00,0.00,2,0
2026-06-13 14:25:58.265,0.00,0.00,0.00,0.00,2,0
2026-06-13 14:25:58.316,0.00,0.00,0.00,0.00,2,0
2026-06-13 14:25:58.366,0.00,0.00,0.00,0.00,2,0
2026-06-13 14:25:58.416,0.00,0.00,0.00,0.00,2,0
2026-06-13 14:25:58.467,0.00,0.00,0.00,0.00,2,0
2026-06-13 14:25:58.517,0.00,0.00,0.00,0.00,2,0
2026-06-13 14:25:58.568,0.00,0.00,0.00,0.00,2,0
2026-06-13 14:25:58.618,0.00,0.00,0.00,0.00,2,0
2026-06-13 14:25:58.668,0.00,0.00,0.00,0.00,2,0
2026-06-13 14:25:58.719,0.00,0.00,0.00,0.00,2,0
2026-06-13 14:25:58.769,0.00,0.00,0.00,0.00,2,0
2026-06-13 14:25:58.820,0.00,0.00,0.00,0.00,2,0
2026-06-13 14:25:58.870,0.00,0.00,0.00,0.00,2,0
2026-06-13 14:25:58.921,0.00,0.00,0.00,0.00,2,0
2026-06-13 14:25:58.971,0.00,0.00,0.00,0.00,2,0
2026-06-13 14:25:59.021,0.00,0.00,0.00,0.00,2,0
2026-06-13 14:25:59.072,0.00,0.00,0.00,0.00,2,0
2026-06-13 14:25:59.122,0.00,0.00,0.00,0.00,2,0
2026-06-13 14:25:59.173,0.00,0.00,0.00,0.00,2,0
2026-06-13 14:25:59.223,0.00,0.00,0.00,0.00,2,0
2026-06-13 14:25:59.273,0.00,0.00,0.00,0.00,2,0
2026-06-13 14:25:59.324,0.00,0.00,0.00,0.00,2,0
2026-06-13 14:25:59.374,0.00,0.00,0.00,0.00,2,0
2026-06-13 14:25:59.425,0.00,0.00,0.00,0.00,2,0
2026-06-13 14:25:59.475,0.00,0.00,0.00,0.00,2,0
2026-06-13 14:25:59.525,0.00,0.00,0.00,0.00,2,0
2026-06-13 14:25:59.576,0.00,0.00,0.00,0.00,2,0
2026-06-13 14:25:59.626,0.00,0.00,0.00,0.00,2,0
2026-06-13 14:25:59.677,0.00,0.00,0.00,0.00,2,0
2026-06-13 14:25:59.727,0.00,0.00,0.00,0.00,2,0
2026-06-13 14:25:59.778,0.00,0.00,0.00,0.00,2,0
2026-06-13 14:25:59.828,0.00,0.00,0.00,0.00,2,0
2026-06-13 14:25:59.878,0.00,0.00,0.00,0.00,2,0
2026-06-13 14:25:59.929,0.00,0.00,0.00,0.00,2,0
2026-06-13 14:25:59.979,0.00,0.00,0.00,0.00,2,0
2026-06-13 14:26:00.030,0.00,0.00,0.00,0.00,2,0
2026-06-13 14:26:00.080,0.00,0.00,0.00,0.00,2,0
2026-06-13 14:26:00.130,0.00,0.00,0.00,0.00,2,0
2026-06-13 14:26:00.181,0.00,0.00,0.00,0.00,2,0
2026-06-13 14:26:00.231,0.00,0.00,0.00,0.00,2,0
2026-06-13 14:26:00.282,0.00,0.00,0.00,0.00,2,0
2026-06-13 14:26:00.332,0.00,0.00,0.00,0.00,2,0
2026-06-13 14:26:00.383,0.00,0.00,0.00,0.00,2,0
2026-06-13 14:26:00.433,0.00,0.00,0.00,0.00,2,0
2026-06-13 14:26:00.483,0.00,0.00,0.00,0.00,2,0
2026-06-13 14:26:00.534,0.00,0.00,0.00,0.00,2,0
2026-06-13 14:26:00.585,0.00,0.00,0.00,0.00,2,0
2026-06-13 14:26:00.635,0.00,0.00,0.00,0.00,2,0
2026-06-13 14:26:00.685,0.00,0.00,0.00,0.00,2,0
2026-06-13 14:26:00.735,0.00,0.00,0.00,0.00,2,0
2026-06-13 14:26:00.786,0.00,0.00,0.00,0.00,2,0
2026-06-13 14:26:00.836,0.00,0.00,0.00,0.00,2,0
2026-06-13 14:26:00.887,0.00,0.00,0.00,0.00,2,0
2026-06-13 14:26:00.937,0.00,0.00,0.00,0.00,2,0
2026-06-13 14:26:00.987,0.00,0.00,0.00,0.00,2,0
2026-06-13 14:26:01.038,0.00,0.00,0.00,0.00,2,0
2026-06-13 14:26:01.088,0.00,0.00,0.00,0.00,2,0
2026-06-13 14:26:01.139,0.00,0.00,0.00,0.00,2,0
2026-06-13 14:26:01.189,0.00,0.00,0.00,0.00,2,0
2026-06-13 14:26:01.239,0.00,0.00,0.00,0.00,2,0
2026-06-13 14:26:01.290,0.00,0.00,0.00,0.00,2,0
2026-06-13 14:26:01.340,0.00,0.00,0.00,0.00,2,0
2026-06-13 14:26:01.391,0.00,0.00,0.00,0.00,2,0
2026-06-13 14:26:01.441,0.00,0.00,0.00,0.00,2,0
2026-06-13 14:26:01.492,0.00,0.00,0.00,0.00,2,0
2026-06-13 14:26:01.542,0.00,0.00,0.00,0.00,2,0
2026-06-13 14:26:01.592,0.00,0.00,0.00,0.00,2,0
2026-06-13 14:26:01.643,0.00,0.00,0.00,0.00,2,0
2026-06-13 14:26:01.693,0.00,0.00,0.00,0.00,2,0
2026-06-13 14:26:01.744,0.00,0.00,0.00,0.00,2,0
2026-06-13 14:26:01.794,0.00,0.00,0.00,0.00,2,0
2026-06-13 14:26:01.844,0.00,0.00,0.00,0.00,2,0
2026-06-13 14:26:01.895,0.00,0.00,0.00,0.00,2,0
2026-06-13 14:26:01.945,0.00,0.00,0.00,0.00,2,0
2026-06-13 14:26:01.996,0.00,0.00,0.00,0.00,2,0
2026-06-13 14:26:02.046,0.00,0.00,0.00,0.00,2,0
2026-06-13 14:26:02.097,0.00,0.00,0.00,0.00,2,0
2026-06-13 14:26:02.147,0.00,0.00,0.00,0.00,2,0
2026-06-13 14:26:02.197,0.00,0.00,0.00,0.00,2,0
2026-06-13 14:26:02.248,0.00,0.00,0.00,0.00,2,0
2026-06-13 14:26:02.298,0.00,0.00,0.00,0.00,2,0
2026-06-13 14:26:02.349,0.00,0.00,0.00,0.00,2,0
2026-06-13 14:26:02.399,0.00,0.00,0.00,0.00,2,0
2026-06-13 14:26:02.449,0.00,0.00,0.00,0.00,2,0
2026-06-13 14:26:02.500,0.00,0.00,0.00,0.00,2,0
2026-06-13 14:26:02.550,0.00,0.00,0.00,0.00,2,0
2026-06-13 14:26:02.601,0.00,0.00,0.00,0.00,2,0
2026-06-13 14:26:02.651,0.00,0.00,0.00,0.00,2,0
2026-06-13 14:26:02.702,0.00,0.00,0.00,0.00,2,0
2026-06-13 14:26:02.752,0.00,0.00,0.00,0.00,2,0
2026-06-13 14:26:02.802,0.00,0.00,0.00,0.00,2,0
2026-06-13 14:26:02.853,0.00,0.00,0.00,0.00,2,0
2026-06-13 14:26:02.903,0.00,0.00,0.00,0.00,2,0
2026-06-13 14:26:02.954,0.00,0.00,0.00,0.00,2,0
2026-06-13 14:26:03.004,0.00,0.00,0.00,0.00,2,0
2026-06-13 14:26:03.054,0.00,0.00,0.00,0.00,2,0
2026-06-13 14:26:03.105,0.00,0.00,0.00,0.00,2,0
2026-06-13 14:26:03.155,0.00,0.00,0.00,0.00,2,0
2026-06-13 14:26:03.206,0.00,0.00,0.00,0.00,2,0
2026-06-13 14:26:03.256,0.00,0.00,0.00,0.00,2,0
2026-06-13 14:26:03.306,0.00,0.00,0.00,0.00,2,0
2026-06-13 14:26:03.357,0.00,0.00,0.00,0.00,2,0
2026-06-13 14:26:03.407,0.00,0.00,0.00,0.00,2,0
2026-06-13 14:26:03.458,0.00,0.00,0.00,0.00,2,0
2026-06-13 14:26:03.508,0.00,0.00,0.00,0.00,2,0
2026-06-13 14:26:03.559,0.00,0.00,0.00,0.00,2,0
2026-06-13 14:26:03.609,0.00,0.00,0.00,0.00,2,0
2026-06-13 14:26:03.659,0.00,0.00,0.00,0.00,2,0
2026-06-13 14:26:03.710,0.00,0.00,0.00,0.00,2,0
2026-06-13 14:26:03.760,0.00,0.00,0.00,0.00,2,0
2026-06-13 14:26:03.811,0.00,0.00,0.00,0.00,2,0
2026-06-13 14:26:03.861,0.00,0.00,0.00,0.00,2,0
2026-06-13 14:26:03.911,0.00,0.00,0.00,0.00,2,0
2026-06-13 14:26:03.962,0.00,0.00,0.00,0.00,2,0
2026-06-13 14:26:04.012,0.00,0.00,0.00,0.00,2,0
2026-06-13 14:26:04.063,0.00,0.00,0.00,0.00,2,0
2026-06-13 14:26:04.113,0.00,0.00,0.00,0.00,2,0
2026-06-13 14:26:04.163,0.00,0.00,0.00,0.00,2,0
2026-06-13 14:26:04.214,0.00,0.00,0.00,0.00,2,0
2026-06-13 14:26:04.264,0.00,0.00,0.00,0.00,2,0
2026-06-13 14:26:04.315,0.00,0.00,0.00,0.00,2,0
2026-06-13 14:26:04.365,0.00,0.00,0.00,0.00,2,0
2026-06-13 14:26:04.415,0.00,0.00,0.00,0.00,2,0
2026-06-13 14:26:04.466,0.00,0.00,0.00,0.00,2,0
2026-06-13 14:26:04.516,0.00,0.00,0.00,0.00,2,0
2026-06-13 14:26:04.567,0.00,0.00,0.00,0.00,2,0
2026-06-13 14:26:04.617,0.00,0.00,0.00,0.00,2,0
2026-06-13 14:26:04.668,0.00,0.00,0.00,0.00,2,0
2026-06-13 14:26:04.718,0.00,0.00,0.00,0.00,2,0
2026-06-13 14:26:04.768,0.00,0.00,0.00,0.00,2,0
2026-06-13 14:26:04.819,0.00,0.00,0.00,0.00,2,0
2026-06-13 14:26:04.869,0.00,0.00,0.00,0.00,2,0
2026-06-13 14:26:04.920,0.00,0.00,0.00,0.00,2,0
2026-06-13 14:26:04.970,0.00,0.00,0.00,0.00,2,0
2026-06-13 14:26:05.021,0.00,0.00,0.00,0.00,2,0
2026-06-13 14:26:05.071,0.00,0.00,0.00,0.00,2,0
2026-06-13 14:26:05.121,0.00,0.00,0.00,0.00,2,0
2026-06-13 14:26:05.172,0.00,0.00,0.00,0.00,2,0
2026-06-13 14:26:05.222,0.00,0.00,0.00,0.00,2,0
2026-06-13 14:26:05.273,0.00,0.00,0.00,0.00,2,0
2026-06-13 14:26:05.323,0.00,0.00,0.00,0.00,2,0
2026-06-13 14:26:05.373,0.00,0.00,0.00,0.00,2,0
2026-06-13 14:26:05.424,0.00,0.00,0.00,0.00,2,0
2026-06-13 14:26:05.474,0.00,0.00,0.00,0.00,2,0
2026-06-13 14:26:05.525,0.00,0.00,0.00,0.00,2,0
2026-06-13 14:26:05.575,0.00,0.00,0.00,0.00,2,0
2026-06-13 14:26:05.625,0.00,0.00,0.00,0.00,2,0
2026-06-13 14:26:05.676,0.00,0.00,0.00,0.00,2,0
2026-06-13 14:26:05.726,0.00,0.00,0.00,0.00,2,0
2026-06-13 14:26:05.777,0.00,0.00,0.00,0.00,2,0
2026-06-13 14:26:05.827,0.00,0.00,0.00,0.00,2,0
2026-06-13 14:26:05.878,0.00,0.00,0.00,0.00,2,0
2026-06-13 14:26:05.928,0.00,0.00,0.00,0.00,2,0
2026-06-13 14:26:05.978,0.00,0.00,0.00,0.00,2,0
2026-06-13 14:26:06.029,0.00,0.00,0.00,0.00,2,0
2026-06-13 14:26:06.079,0.00,0.00,0.00,0.00,2,0
2026-06-13 14:26:06.130,0.00,0.00,0.00,0.00,2,0
2026-06-13 14:26:06.180,0.00,0.00,0.00,0.00,2,0
2026-06-13 14:26:06.230,0.00,0.00,0.00,0.00,2,0
2026-06-13 14:26:06.281,0.00,0.00,0.00,0.00,2,0
2026-06-13 14:26:06.331,0.00,0.00,0.00,0.00,2,0
2026-06-13 14:26:06.382,0.00,0.00,0.00,0.00,2,0
2026-06-13 14:26:06.432,0.00,0.00,0.00,0.00,2,0
2026-06-13 14:26:06.483,0.00,0.00,0.00,0.00,2,0
2026-06-13 14:26:06.533,0.00,0.00,0.00,0.00,2,0
2026-06-13 14:26:06.583,0.00,0.00,0.00,0.00,2,0
2026-06-13 14:26:06.634,0.00,0.00,0.00,0.00,2,0
2026-06-13 14:26:06.684,0.00,0.00,0.00,0.00,2,0
2026-06-13 14:26:06.735,0.00,0.00,0.00,0.00,2,0
2026-06-13 14:26:06.785,0.00,0.00,0.00,0.00,2,0
2026-06-13 14:26:06.835,0.00,0.00,0.00,0.00,2,0
2026-06-13 14:26:06.886,0.00,0.00,0.00,0.00,2,0
2026-06-13 14:26:06.936,0.00,0.00,0.00,0.00,2,0
2026-06-13 14:26:06.987,0.00,0.00,0.00,0.00,2,0
2026-06-13 14:26:07.037,0.00,0.00,0.00,0.00,2,0
2026-06-13 14:26:07.088,0.00,0.00,0.00,0.00,2,0
2026-06-13 14:26:07.138,0.00,0.00,0.00,0.00,2,0
2026-06-13 14:26:07.188,0.00,0.00,0.00,0.00,2,0
2026-06-13 14:26:07.239,0.00,0.00,0.00,0.00,2,0
2026-06-13 14:26:07.289,0.00,0.00,0.00,0.00,2,0
2026-06-13 14:26:07.340,0.00,0.00,0.00,0.00,2,0
2026-06-13 14:26:07.390,0.00,0.00,0.00,0.00,2,0
2026-06-13 14:26:07.440,0.00,0.00,0.00,0.00,2,0
2026-06-13 14:26:07.491,0.00,0.00,0.00,0.00,2,0
2026-06-13 14:26:07.541,0.00,0.00,0.00,0.00,2,0
2026-06-13 14:26:07.592,0.00,0.00,0.00,0.00,2,0
2026-06-13 14:26:07.642,0.00,0.00,0.00,0.00,2,0
2026-06-13 14:26:07.693,0.00,0.00,0.00,0.00,2,0
2026-06-13 14:26:07.743,0.00,0.00,0.00,0.00,2,0
2026-06-13 14:26:07.793,0.00,0.00,0.00,0.00,2,0
2026-06-13 14:26:07.844,0.00,0.00,0.00,0.00,2,0
2026-06-13 14:26:07.894,0.00,0.00,0.00,0.00,2,0
2026-06-13 14:26:07.945,0.00,0.00,0.00,0.00,2,0
2026-06-13 14:26:07.995,0.00,0.00,0.00,0.00,2,0
2026-06-13 14:26:08.045,0.00,0.00,0.00,0.00,2,0
2026-06-13 14:26:08.096,0.00,0.00,0.00,0.00,2,0
2026-06-13 14:26:08.146,0.00,0.00,0.00,0.00,2,0
2026-06-13 14:26:08.197,0.00,0.00,0.00,0.00,2,0
2026-06-13 14:26:08.247,0.00,0.00,0.00,0.00,2,0
2026-06-13 14:26:08.297,0.00,0.00,0.00,0.00,2,0
2026-06-13 14:26:08.348,0.00,0.00,0.00,0.00,2,0
2026-06-13 14:26:08.398,0.00,0.00,0.00,0.00,2,0
2026-06-13 14:26:08.449,0.00,0.00,0.00,0.00,2,0
2026-06-13 14:26:08.499,0.00,0.00,0.00,0.00,2,0
2026-06-13 14:26:08.550,0.00,0.00,0.00,0.00,2,0
2026-06-13 14:26:08.600,0.00,0.00,0.00,0.00,2,0
2026-06-13 14:26:08.650,0.00,0.00,0.00,0.00,2,0
2026-06-13 14:26:08.701,0.00,0.00,0.00,0.00,2,0
2026-06-13 14:26:08.751,0.00,0.00,0.00,0.00,2,0
2026-06-13 14:26:08.802,0.00,0.00,0.00,0.00,2,0
2026-06-13 14:26:08.852,0.00,0.00,0.00,0.00,2,0
2026-06-13 14:26:08.902,0.00,0.00,0.00,0.00,2,0
2026-06-13 14:26:08.953,0.00,0.00,0.00,0.00,2,0
2026-06-13 14:26:09.003,0.00,0.00,0.00,0.00,2,0
2026-06-13 14:26:09.054,0.00,0.00,0.00,0.00,2,0
2026-06-13 14:26:09.104,0.00,0.00,0.00,0.00,2,0
2026-06-13 14:26:09.155,0.00,0.00,0.00,0.00,2,0
2026-06-13 14:26:09.205,0.00,0.00,0.00,0.00,2,0
2026-06-13 14:26:09.255,0.00,0.00,0.00,0.00,2,0
2026-06-13 14:26:09.306,0.00,0.00,0.00,0.00,2,0
2026-06-13 14:26:09.356,0.00,0.00,0.00,0.00,2,0
2026-06-13 14:26:09.407,0.00,0.00,0.00,0.00,2,0
2026-06-13 14:26:09.457,0.00,0.00,0.00,0.00,2,0
2026-06-13 14:26:09.507,0.00,0.00,0.00,0.00,2,0
2026-06-13 14:26:09.558,0.00,0.00,0.00,0.00,2,0
2026-06-13 14:26:09.608,0.00,0.00,0.00,0.00,2,0
2026-06-13 14:26:09.659,0.00,0.00,0.00,0.00,2,0
2026-06-13 14:26:09.709,0.00,0.00,0.00,0.00,2,0
2026-06-13 14:26:09.760,0.00,0.00,0.00,0.00,2,0
2026-06-13 14:26:09.810,0.00,0.00,0.00,0.00,2,0
2026-06-13 14:26:09.860,0.00,0.00,0.00,0.00,2,0
2026-06-13 14:26:09.911,0.00,0.00,0.00,0.00,2,0
2026-06-13 14:26:09.961,0.00,0.00,0.00,0.00,2,0
2026-06-13 14:26:10.012,0.00,0.00,0.00,0.00,2,0
2026-06-13 14:26:10.062,0.00,0.00,0.00,0.00,2,0
2026-06-13 14:26:10.113,0.00,0.00,0.00,0.00,2,0
2026-06-13 14:26:10.163,0.00,0.00,0.00,0.00,2,0
2026-06-13 14:26:10.213,0.00,0.00,0.00,0.00,2,0
2026-06-13 14:26:10.264,0.00,0.00,0.00,0.00,2,0
2026-06-13 14:26:10.314,0.00,0.00,0.00,0.00,2,0
2026-06-13 14:26:10.365,0.00,0.00,0.00,0.00,2,0
2026-06-13 14:26:10.415,0.00,0.00,0.00,0.00,2,0
2026-06-13 14:26:10.465,0.00,0.00,0.00,0.00,2,0
2026-06-13 14:26:10.516,0.00,0.00,0.00,0.00,2,0
2026-06-13 14:26:10.566,0.00,0.00,0.00,0.00,2,0
2026-06-13 14:26:10.617,0.00,0.00,0.00,0.00,2,0
2026-06-13 14:26:10.667,0.00,0.00,0.00,0.00,2,0
2026-06-13 14:26:10.718,0.00,0.00,0.00,0.00,2,0
2026-06-13 14:26:10.768,0.00,0.00,0.00,0.00,2,0
2026-06-13 14:26:10.818,0.00,0.00,0.00,0.00,2,0
2026-06-13 14:26:10.869,0.00,0.00,0.00,0.00,2,0
2026-06-13 14:26:10.919,0.00,0.00,0.00,0.00,2,0
2026-06-13 14:26:10.970,0.00,0.00,0.00,0.00,2,0
2026-06-13 14:26:11.020,0.00,0.00,0.00,0.00,2,0
2026-06-13 14:26:11.070,0.00,0.00,0.00,0.00,2,0
2026-06-13 14:26:11.121,0.00,0.00,0.00,0.00,2,0
2026-06-13 14:26:11.172,0.00,0.00,0.00,0.00,2,0
2026-06-13 14:26:11.222,0.00,0.00,0.00,0.00,2,0
2026-06-13 14:26:11.272,0.00,0.00,0.00,0.00,2,0
2026-06-13 14:26:11.323,0.00,0.00,0.00,0.00,2,0
2026-06-13 14:26:11.373,0.00,0.00,0.00,0.00,2,0
2026-06-13 14:26:11.423,0.00,0.00,0.00,0.00,2,0
2026-06-13 14:26:11.474,0.00,0.00,0.00,0.00,2,0
2026-06-13 14:26:11.524,0.00,0.00,0.00,0.00,2,0
2026-06-13 14:26:11.575,0.00,0.00,0.00,0.00,2,0
2026-06-13 14:26:11.625,0.00,0.00,0.00,0.00,2,0
2026-06-13 14:26:11.675,0.00,0.00,0.00,0.00,2,0
2026-06-13 14:26:11.726,0.00,0.00,0.00,0.00,2,0
2026-06-13 14:26:11.776,0.00,0.00,0.00,0.00,2,0
2026-06-13 14:26:11.827,0.00,0.00,0.00,0.00,2,0
2026-06-13 14:26:11.877,0.00,0.00,0.00,0.00,2,0
2026-06-13 14:26:11.928,0.00,0.00,0.00,0.00,2,0
2026-06-13 14:26:11.978,0.00,0.00,0.00,0.00,2,0
2026-06-13 14:26:12.028,0.00,0.00,0.00,0.00,2,0
2026-06-13 14:26:12.079,0.00,0.00,0.00,0.00,2,0
2026-06-13 14:26:12.129,0.00,0.00,0.00,0.00,2,0
2026-06-13 14:26:12.180,0.00,0.00,0.00,0.00,2,0
2026-06-13 14:26:12.230,0.00,0.00,0.00,0.00,2,0
2026-06-13 14:26:12.280,0.00,0.00,0.00,0.00,2,0
2026-06-13 14:26:12.331,0.00,0.00,0.00,0.00,2,0
2026-06-13 14:26:12.381,0.00,0.00,0.00,0.00,2,0
2026-06-13 14:26:12.432,0.00,0.00,0.00,0.00,2,0
2026-06-13 14:26:12.482,0.00,0.00,0.00,0.00,2,0
2026-06-13 14:26:12.533,0.00,0.00,0.00,0.00,2,0
2026-06-13 14:26:12.583,0.00,0.00,0.00,0.00,2,0
2026-06-13 14:26:12.633,0.00,0.00,0.00,0.00,2,0
2026-06-13 14:26:12.684,0.00,0.00,0.00,0.00,2,0
2026-06-13 14:26:12.734,0.00,0.00,0.00,0.00,2,0
2026-06-13 14:26:12.785,0.00,0.00,0.00,0.00,2,0
2026-06-13 14:26:12.835,0.00,0.00,0.00,0.00,2,0
2026-06-13 14:26:12.885,0.00,0.00,0.00,0.00,2,0
2026-06-13 14:26:12.936,0.00,0.00,0.00,0.00,2,0
2026-06-13 14:26:12.986,0.00,0.00,0.00,0.00,2,0
2026-06-13 14:26:13.037,0.00,0.00,0.00,0.00,2,0
2026-06-13 14:26:13.087,0.00,0.00,0.00,0.00,2,0
2026-06-13 14:26:13.137,0.00,0.00,0.00,0.00,2,0
2026-06-13 14:26:13.188,0.00,0.00,0.00,0.00,2,0
2026-06-13 14:26:13.238,0.00,0.00,0.00,0.00,2,0
2026-06-13 14:26:13.289,0.00,0.00,0.00,0.00,2,0
2026-06-13 14:26:13.339,0.00,0.00,0.00,0.00,2,0
2026-06-13 14:26:13.390,0.00,0.00,0.00,0.00,2,0
2026-06-13 14:26:13.440,0.00,0.00,0.00,0.00,2,0
2026-06-13 14:26:13.490,0.00,0.00,0.00,0.00,2,0
2026-06-13 14:26:13.541,0.00,0.00,0.00,0.00,2,0
2026-06-13 14:26:13.591,0.00,0.00,0.00,0.00,2,0
2026-06-13 14:26:13.642,0.00,0.00,0.00,0.00,2,0
2026-06-13 14:26:13.692,0.00,0.00,0.00,0.00,2,0
2026-06-13 14:26:13.743,0.00,0.00,0.00,0.00,2,0
2026-06-13 14:26:13.793,0.00,0.00,0.00,0.00,2,0
2026-06-13 14:26:13.843,0.00,0.00,0.00,0.00,2,0
2026-06-13 14:26:13.894,0.00,0.00,0.00,0.00,2,0
2026-06-13 14:26:13.945,0.00,0.00,0.00,0.00,2,0
2026-06-13 14:26:13.995,0.00,0.00,0.00,0.00,2,0
2026-06-13 14:26:14.047,0.00,0.00,0.00,0.00,2,0
2026-06-13 14:26:14.096,0.00,0.00,0.00,0.00,2,0
2026-06-13 14:26:14.146,0.00,0.00,0.00,0.00,2,0
2026-06-13 14:26:14.196,0.00,0.00,0.00,0.00,2,0
2026-06-13 14:26:14.247,0.00,0.00,0.00,0.00,2,0
2026-06-13 14:26:14.297,0.00,0.00,0.00,0.00,2,0
2026-06-13 14:26:14.348,0.00,0.00,0.00,0.00,2,0
2026-06-13 14:26:14.398,0.00,0.00,0.00,0.00,2,0
2026-06-13 14:26:14.448,0.00,0.00,0.00,0.00,2,0
2026-06-13 14:26:14.499,0.00,0.00,0.00,0.00,2,0
2026-06-13 14:26:14.549,0.00,0.00,0.00,0.00,2,0
2026-06-13 14:26:14.600,0.00,0.00,0.00,0.00,2,0
2026-06-13 14:26:14.650,0.00,0.00,0.00,0.00,2,0
2026-06-13 14:26:14.701,0.00,0.00,0.00,0.00,2,0
2026-06-13 14:26:14.751,0.00,0.00,0.00,0.00,2,0
2026-06-13 14:26:14.801,0.00,0.00,0.00,0.00,2,0
2026-06-13 14:26:14.852,0.00,0.00,0.00,0.00,2,0
2026-06-13 14:26:14.902,0.00,0.00,0.00,0.00,2,0
2026-06-13 14:26:14.953,0.00,0.00,0.00,0.00,2,0
2026-06-13 14:26:15.003,0.00,0.00,0.00,0.00,2,0
2026-06-13 14:26:15.053,0.00,0.00,0.00,0.00,2,0
2026-06-13 14:26:15.104,0.00,0.00,0.00,0.00,2,0
2026-06-13 14:26:15.155,0.00,0.00,0.00,0.00,2,0
2026-06-13 14:26:15.205,0.00,0.00,0.00,0.00,2,0
2026-06-13 14:26:15.255,0.00,0.00,0.00,0.00,2,0
2026-06-13 14:26:15.305,0.00,0.00,0.00,0.00,2,0
2026-06-13 14:26:15.356,0.00,0.00,0.00,0.00,2,0
2026-06-13 14:26:15.406,0.00,0.00,0.00,0.00,2,0
2026-06-13 14:26:15.457,0.00,0.00,0.00,0.00,2,0
2026-06-13 14:26:15.507,0.00,0.00,0.00,0.00,2,0
2026-06-13 14:26:15.558,0.00,0.00,0.00,0.00,2,0
2026-06-13 14:26:15.608,0.00,0.00,0.00,0.00,2,0
2026-06-13 14:26:15.658,0.00,0.00,0.00,0.00,2,0
2026-06-13 14:26:15.709,0.00,0.00,0.00,0.00,2,0
2026-06-13 14:26:15.759,0.00,0.00,0.00,0.00,2,0
2026-06-13 14:26:15.810,0.00,0.00,0.00,0.00,2,0
2026-06-13 14:26:15.860,0.00,0.00,0.00,0.00,2,0
2026-06-13 14:26:15.912,0.00,0.00,0.00,0.00,2,0
2026-06-13 14:26:15.961,0.00,0.00,0.00,0.00,2,0
2026-06-13 14:26:16.011,0.00,0.00,0.00,0.00,2,0
2026-06-13 14:26:16.062,0.00,0.00,0.00,0.00,2,0
2026-06-13 14:26:16.112,0.00,0.00,0.00,0.00,2,0
2026-06-13 14:26:16.163,0.00,0.00,0.00,0.00,2,0
2026-06-13 14:26:16.213,0.00,0.00,0.00,0.00,2,0
2026-06-13 14:26:16.263,0.00,0.00,0.00,0.00,2,0
2026-06-13 14:26:16.314,0.00,0.00,0.00,0.00,2,0
2026-06-13 14:26:16.364,0.00,0.00,0.00,0.00,2,0
2026-06-13 14:26:16.415,0.00,0.00,0.00,0.00,2,0
2026-06-13 14:26:16.465,0.00,0.00,0.00,0.00,2,0
2026-06-13 14:26:16.515,0.00,0.00,0.00,0.00,2,0
2026-06-13 14:26:16.566,0.00,0.00,0.00,0.00,2,0
2026-06-13 14:26:16.616,0.00,0.00,0.00,0.00,2,0
2026-06-13 14:26:16.667,0.00,0.00,0.00,0.00,2,0
2026-06-13 14:26:16.717,0.00,0.00,0.00,0.00,2,0
2026-06-13 14:26:16.768,0.00,0.00,0.00,0.00,2,0
2026-06-13 14:26:16.818,0.00,0.00,0.00,0.00,2,0
2026-06-13 14:26:16.868,0.00,0.00,0.00,0.00,2,0
2026-06-13 14:26:16.919,0.00,0.00,0.00,0.00,2,0
2026-06-13 14:26:16.969,0.00,0.00,0.00,0.00,2,0
2026-06-13 14:26:17.020,0.00,0.00,0.00,0.00,2,0
2026-06-13 14:26:17.070,0.00,0.00,0.00,0.00,2,0
2026-06-13 14:26:17.121,0.00,0.00,0.00,0.00,2,0
2026-06-13 14:26:17.171,0.00,0.00,0.00,0.00,2,0
2026-06-13 14:26:17.221,0.00,0.00,0.00,0.00,2,0
2026-06-13 14:26:17.272,0.00,0.00,0.00,0.00,2,0
2026-06-13 14:26:17.323,0.00,0.00,0.00,0.00,2,0
2026-06-13 14:26:17.373,0.00,0.00,0.00,0.00,2,0
2026-06-13 14:26:17.423,0.00,0.00,0.00,0.00,2,0
2026-06-13 14:26:17.473,0.00,0.00,0.00,0.00,2,0
2026-06-13 14:26:17.524,0.00,0.00,0.00,0.00,2,0
2026-06-13 14:26:17.574,0.00,0.00,0.00,0.00,2,0
2026-06-13 14:26:17.625,0.00,0.00,0.00,0.00,2,0
2026-06-13 14:26:17.675,0.00,0.00,0.00,0.00,2,0
2026-06-13 14:26:17.726,0.00,0.00,0.00,0.00,2,0
2026-06-13 14:26:17.776,0.00,0.00,0.00,0.00,2,0
2026-06-13 14:26:17.827,0.00,0.00,0.00,0.00,2,0
2026-06-13 14:26:17.877,0.00,0.00,0.00,0.00,2,0
2026-06-13 14:26:17.927,0.00,0.00,0.00,0.00,2,0
2026-06-13 14:26:17.978,0.00,0.00,0.00,0.00,2,0
2026-06-13 14:26:18.028,0.00,0.00,0.00,0.00,2,0
2026-06-13 14:26:18.079,0.00,0.00,0.00,0.00,2,0
2026-06-13 14:26:18.129,0.00,0.00,0.00,0.00,2,0
2026-06-13 14:26:18.179,0.00,0.00,0.00,0.00,2,0
2026-06-13 14:26:18.230,0.00,0.00,0.00,0.00,2,0
2026-06-13 14:26:18.280,0.00,0.00,0.00,0.00,2,0
2026-06-13 14:26:18.331,0.00,0.00,0.00,0.00,2,0
2026-06-13 14:26:18.381,0.00,0.00,0.00,0.00,2,0
2026-06-13 14:26:18.432,0.00,0.00,0.00,0.00,2,0
2026-06-13 14:26:18.482,0.00,0.00,0.00,0.00,2,0
2026-06-13 14:26:18.532,0.00,0.00,0.00,0.00,2,0
2026-06-13 14:26:18.583,0.00,0.00,0.00,0.00,2,0
2026-06-13 14:26:18.633,0.00,0.00,0.00,0.00,2,0
2026-06-13 14:26:18.684,0.00,0.00,0.00,0.00,2,0
2026-06-13 14:26:18.734,0.00,0.00,0.00,0.00,2,0
2026-06-13 14:26:18.784,0.00,0.00,0.00,0.00,2,0
2026-06-13 14:26:18.835,0.00,0.00,0.00,0.00,2,0
2026-06-13 14:26:18.885,0.00,0.00,0.00,0.00,2,0
2026-06-13 14:26:18.936,0.00,0.00,0.00,0.00,2,0
2026-06-13 14:26:18.986,0.00,0.00,0.00,0.00,2,0
2026-06-13 14:26:19.036,0.00,0.00,0.00,0.00,2,0
2026-06-13 14:26:19.087,0.00,0.00,0.00,0.00,2,0
2026-06-13 14:26:19.137,0.00,0.00,0.00,0.00,2,0
2026-06-13 14:26:19.188,0.00,0.00,0.00,0.00,2,0
2026-06-13 14:26:19.238,0.00,0.00,0.00,0.00,2,0
2026-06-13 14:26:19.289,0.00,0.00,0.00,0.00,2,0
2026-06-13 14:26:19.339,0.00,0.00,0.00,0.00,2,0
2026-06-13 14:26:19.389,0.00,0.00,0.00,0.00,2,0
2026-06-13 14:26:19.440,0.00,0.00,0.00,0.00,2,0
2026-06-13 14:26:19.490,0.00,0.00,0.00,0.00,2,0
2026-06-13 14:26:19.541,0.00,0.00,0.00,0.00,2,0
2026-06-13 14:26:19.591,0.00,0.00,0.00,0.00,2,0
2026-06-13 14:26:19.641,0.00,0.00,0.00,0.00,2,0
2026-06-13 14:26:19.692,0.00,0.00,0.00,0.00,2,0
2026-06-13 14:26:19.742,0.00,0.00,0.00,0.00,2,0
2026-06-13 14:26:19.793,0.00,0.00,0.00,0.00,2,0
2026-06-13 14:26:19.843,0.00,0.00,0.00,0.00,2,0
2026-06-13 14:26:19.894,0.00,0.00,0.00,0.00,2,0
2026-06-13 14:26:19.944,0.00,0.00,0.00,0.00,2,0
2026-06-13 14:26:19.994,0.00,0.00,0.00,0.00,2,0
2026-06-13 14:26:20.045,0.00,0.00,0.00,0.00,2,0
2026-06-13 14:26:20.095,0.00,0.00,0.00,0.00,2,0
2026-06-13 14:26:20.146,0.00,0.00,0.00,0.00,2,0
2026-06-13 14:26:20.196,0.00,0.00,0.00,0.00,2,0
2026-06-13 14:26:20.247,0.00,0.00,0.00,0.00,2,0
2026-06-13 14:26:20.297,0.00,0.00,0.00,0.00,2,0
2026-06-13 14:26:20.347,0.00,0.00,0.00,0.00,2,0
2026-06-13 14:26:20.398,0.00,0.00,0.00,0.00,2,0
2026-06-13 14:26:20.448,0.00,0.00,0.00,0.00,2,0
2026-06-13 14:26:20.499,0.00,0.00,0.00,0.00,2,0
2026-06-13 14:26:20.549,0.00,0.00,0.00,0.00,2,0
2026-06-13 14:26:20.599,0.00,0.00,0.00,0.00,2,0
2026-06-13 14:26:20.650,0.00,0.00,0.00,0.00,2,0
2026-06-13 14:26:20.700,0.00,0.00,0.00,0.00,2,0
2026-06-13 14:26:20.751,0.00,0.00,0.00,0.00,2,0
2026-06-13 14:26:20.801,0.00,0.00,0.00,0.00,2,0
2026-06-13 14:26:20.852,0.00,0.00,0.00,0.00,2,0
2026-06-13 14:26:20.902,0.00,0.00,0.00,0.00,2,0
2026-06-13 14:26:20.952,0.00,0.00,0.00,0.00,2,0
2026-06-13 14:26:21.003,0.00,0.00,0.00,0.00,2,0
2026-06-13 14:26:21.053,0.00,0.00,0.00,0.00,2,0
2026-06-13 14:26:21.104,0.00,0.00,0.00,0.00,2,0
2026-06-13 14:26:21.155,0.00,0.00,0.00,0.00,2,0
2026-06-13 14:26:21.204,0.00,0.00,0.00,0.00,2,0
2026-06-13 14:26:21.255,0.00,0.00,0.00,0.00,2,0
2026-06-13 14:26:21.305,0.00,0.00,0.00,0.00,2,0
2026-06-13 14:26:21.356,0.00,0.00,0.00,0.00,2,0
2026-06-13 14:26:21.406,0.00,0.00,0.00,0.00,2,0
2026-06-13 14:26:21.458,0.00,0.00,0.00,0.00,2,0
2026-06-13 14:26:21.507,0.00,0.00,0.00,0.00,2,0
2026-06-13 14:26:21.557,0.00,0.00,0.00,0.00,2,0
2026-06-13 14:26:21.608,0.00,0.00,0.00,0.00,2,0
2026-06-13 14:26:21.658,0.00,0.00,0.00,0.00,2,0
2026-06-13 14:26:21.709,0.00,0.00,0.00,0.00,2,0
2026-06-13 14:26:21.759,0.00,0.00,0.00,0.00,2,0
2026-06-13 14:26:21.810,0.00,0.00,0.00,0.00,2,0
2026-06-13 14:26:21.860,0.00,0.00,0.00,0.00,2,0
2026-06-13 14:26:21.910,0.00,0.00,0.00,0.00,2,0
2026-06-13 14:26:21.962,0.00,0.00,0.00,0.00,2,0
2026-06-13 14:26:22.011,0.00,0.00,0.00,0.00,2,0
2026-06-13 14:26:22.062,0.00,0.00,0.00,0.00,2,0
2026-06-13 14:26:22.112,0.00,0.00,0.00,0.00,2,0
2026-06-13 14:26:22.162,0.00,0.00,0.00,0.00,2,0
2026-06-13 14:26:22.213,0.00,0.00,0.00,0.00,2,0
2026-06-13 14:26:22.263,0.00,0.00,0.00,0.00,2,0
2026-06-13 14:26:22.314,0.00,0.00,0.00,0.00,2,0
2026-06-13 14:26:22.365,0.00,0.00,0.00,0.00,2,0
2026-06-13 14:26:22.415,0.00,0.00,0.00,0.00,2,0
2026-06-13 14:26:22.465,0.00,0.00,0.00,0.00,2,0
2026-06-13 14:26:22.515,0.00,0.00,0.00,0.00,2,0
2026-06-13 14:26:22.566,0.00,0.00,0.00,0.00,2,0
2026-06-13 14:26:22.616,0.00,0.00,0.00,0.00,2,0
2026-06-13 14:26:22.667,0.00,0.00,0.00,0.00,2,0
2026-06-13 14:26:22.717,0.00,0.00,0.00,0.00,2,0
2026-06-13 14:26:22.767,0.00,0.00,0.00,0.00,2,0
2026-06-13 14:26:22.818,0.00,0.00,0.00,0.00,2,0
2026-06-13 14:26:22.868,0.00,0.00,0.00,0.00,2,0
2026-06-13 14:26:22.919,0.00,0.00,0.00,0.00,2,0
2026-06-13 14:26:22.969,0.00,0.00,0.00,0.00,2,0
2026-06-13 14:26:23.020,0.00,0.00,0.00,0.00,2,0
2026-06-13 14:26:23.070,0.00,0.00,0.00,0.00,2,0
2026-06-13 14:26:23.121,0.00,0.00,0.00,0.00,2,0
2026-06-13 14:26:23.171,0.00,0.00,0.00,0.00,2,0
2026-06-13 14:26:23.221,0.00,0.00,0.00,0.00,2,0
2026-06-13 14:26:23.272,0.00,0.00,0.00,0.00,2,0
2026-06-13 14:26:23.322,0.00,0.00,0.00,0.00,2,0
2026-06-13 14:26:23.373,0.00,0.00,0.00,0.00,2,0
2026-06-13 14:26:23.423,0.00,0.00,0.00,0.00,2,0
2026-06-13 14:26:23.473,0.00,0.00,0.00,0.00,2,0
2026-06-13 14:26:23.524,0.00,0.00,0.00,0.00,2,0
2026-06-13 14:26:23.574,0.00,0.00,0.00,0.00,2,0
2026-06-13 14:26:23.625,0.00,0.00,0.00,0.00,2,0
2026-06-13 14:26:23.675,0.00,0.00,0.00,0.00,2,0
2026-06-13 14:26:23.725,0.00,0.00,0.00,0.00,2,0
2026-06-13 14:26:23.776,0.00,0.00,0.00,0.00,2,0
2026-06-13 14:26:23.826,0.00,0.00,0.00,0.00,2,0
2026-06-13 14:26:23.877,0.00,0.00,0.00,0.00,2,0
2026-06-13 14:26:23.927,0.00,0.00,0.00,0.00,2,0
2026-06-13 14:26:23.978,0.00,0.00,0.00,0.00,2,0
2026-06-13 14:26:24.028,0.00,0.00,0.00,0.00,2,0
2026-06-13 14:26:24.078,0.00,0.00,0.00,0.00,2,0
2026-06-13 14:26:24.129,0.00,0.00,0.00,0.00,2,0
2026-06-13 14:26:24.179,0.00,0.00,0.00,0.00,2,0
2026-06-13 14:26:24.230,0.00,0.00,0.00,0.00,2,0
2026-06-13 14:26:24.280,0.00,0.00,0.00,0.00,2,0
2026-06-13 14:26:24.331,0.00,0.00,0.00,0.00,2,0
2026-06-13 14:26:24.381,0.00,0.00,0.00,0.00,1,0
2026-06-13 14:26:24.431,0.00,0.00,0.00,0.00,1,0
2026-06-13 14:26:24.482,0.00,0.00,0.00,0.00,1,0
2026-06-13 14:26:24.532,0.00,0.00,0.00,0.00,1,0
2026-06-13 14:26:24.583,0.00,0.00,0.00,0.00,1,0
2026-06-13 14:26:24.633,0.00,0.00,0.00,0.00,1,0
2026-06-13 14:26:24.684,0.00,0.00,0.00,0.00,1,0
2026-06-13 14:26:24.734,0.00,0.00,0.00,0.00,1,0
2026-06-13 14:26:24.784,0.00,0.00,0.00,0.00,1,0
2026-06-13 14:26:24.836,0.00,0.00,0.00,0.00,1,0
2026-06-13 14:26:24.885,0.00,0.00,0.00,0.00,1,0
2026-06-13 14:26:24.936,0.00,0.00,0.00,0.00,1,0
2026-06-13 14:26:24.986,0.00,0.00,0.00,0.00,1,0
2026-06-13 14:26:25.036,0.00,0.00,0.00,0.00,1,0
2026-06-13 14:26:25.087,0.00,0.00,0.00,0.00,1,0
2026-06-13 14:26:25.137,0.00,0.00,0.00,0.00,1,0
2026-06-13 14:26:25.188,0.00,0.00,0.00,0.00,1,0
2026-06-13 14:26:25.238,0.00,0.00,0.00,0.00,1,0
2026-06-13 14:26:25.289,0.00,0.00,0.00,0.00,1,0
2026-06-13 14:26:25.339,0.00,0.00,0.00,0.00,1,0
2026-06-13 14:26:25.389,0.00,0.00,0.00,0.00,1,0
2026-06-13 14:26:25.440,0.00,0.00,0.00,0.00,1,0
2026-06-13 14:26:25.490,0.00,0.00,0.00,0.00,1,0
2026-06-13 14:26:25.541,0.00,0.00,0.00,0.00,1,0
2026-06-13 14:26:25.591,0.00,0.00,0.00,0.00,1,0
2026-06-13 14:26:25.641,0.00,0.00,0.00,0.00,1,0
2026-06-13 14:26:25.692,0.00,0.00,0.00,0.00,1,0
2026-06-13 14:26:25.742,0.00,0.00,0.00,0.00,1,0
2026-06-13 14:26:25.793,0.00,0.00,0.00,0.00,1,0
2026-06-13 14:26:25.843,0.00,0.00,0.00,0.00,1,0
2026-06-13 14:26:25.894,0.00,0.00,0.00,0.00,1,0
2026-06-13 14:26:25.945,0.00,0.00,0.00,0.00,1,0
2026-06-13 14:26:25.994,0.00,0.00,0.00,0.00,1,0
2026-06-13 14:26:26.045,0.00,0.00,0.00,0.00,1,0
2026-06-13 14:26:26.095,0.00,0.00,0.00,0.00,1,0
2026-06-13 14:26:26.147,0.00,0.00,0.00,0.00,1,0
2026-06-13 14:26:26.196,0.00,0.00,0.00,0.00,1,0
2026-06-13 14:26:26.247,0.00,0.00,0.00,0.00,1,0
2026-06-13 14:26:26.297,0.00,0.00,0.00,0.00,1,0
2026-06-13 14:26:26.347,0.00,0.00,0.00,0.00,1,0
2026-06-13 14:26:26.398,0.00,0.00,0.00,0.00,1,0
2026-06-13 14:26:26.448,0.00,0.00,0.00,0.00,1,0
2026-06-13 14:26:26.499,0.00,0.00,0.00,0.00,1,0
2026-06-13 14:26:26.549,0.00,0.00,0.00,0.00,1,0
2026-06-13 14:26:26.599,0.00,0.00,0.00,0.00,1,0
2026-06-13 14:26:26.650,0.00,0.00,0.00,0.00,1,0
2026-06-13 14:26:26.700,0.00,0.00,0.00,0.00,1,0
2026-06-13 14:26:26.751,0.00,0.00,0.00,0.00,1,0
2026-06-13 14:26:26.801,0.00,0.00,0.00,0.00,1,0
2026-06-13 14:26:26.851,0.00,0.00,0.00,0.00,1,0
2026-06-13 14:26:26.902,0.00,0.00,0.00,0.00,1,0
2026-06-13 14:26:26.952,0.00,0.00,0.00,0.00,1,0
2026-06-13 14:26:27.003,0.00,0.00,0.00,0.00,1,0
2026-06-13 14:26:27.053,0.00,0.00,0.00,0.00,1,0
2026-06-13 14:26:27.104,0.00,0.00,0.00,0.00,1,0
2026-06-13 14:26:27.155,0.00,0.00,0.00,0.00,1,0
2026-06-13 14:26:27.205,0.00,0.00,0.00,0.00,1,0
2026-06-13 14:26:27.255,0.00,0.00,0.00,0.00,1,0
2026-06-13 14:26:27.305,0.00,0.00,0.00,0.00,1,0
2026-06-13 14:26:27.356,0.00,0.00,0.00,0.00,1,0
2026-06-13 14:26:27.406,0.00,0.00,0.00,0.00,1,0
2026-06-13 14:26:27.457,0.00,0.00,0.00,0.00,0,0
2026-06-13 14:26:27.507,0.00,0.00,0.00,0.00,0,0
2026-06-13 14:26:27.557,0.00,0.00,0.00,0.00,0,0
2026-06-13 14:26:27.608,0.00,0.00,0.00,0.00,0,0
2026-06-13 14:26:27.658,0.00,0.00,0.00,0.00,0,0
2026-06-13 14:26:27.709,0.00,0.00,0.00,0.00,0,0
2026-06-13 14:26:27.759,0.00,0.00,0.00,0.00,0,0
2026-06-13 14:26:27.809,0.00,0.00,0.00,0.00,0,0
2026-06-13 14:26:27.860,0.00,0.00,0.00,0.00,0,0
2026-06-13 14:26:27.910,0.00,0.00,0.00,0.00,0,0
2026-06-13 14:26:27.961,0.00,0.00,0.00,0.00,0,0
2026-06-13 14:26:28.011,0.00,0.00,0.00,0.00,0,0
2026-06-13 14:26:28.062,0.00,0.00,0.00,0.00,0,0
2026-06-13 14:26:28.112,0.00,0.00,0.00,0.00,0,0
2026-06-13 14:26:28.162,0.00,0.00,0.00,0.00,0,0
2026-06-13 14:26:28.213,0.00,0.00,0.00,0.00,0,0
2026-06-13 14:26:28.263,0.00,0.00,0.00,0.00,0,0
2026-06-13 14:26:28.314,0.00,0.00,0.00,0.00,0,0
2026-06-13 14:26:28.365,0.00,0.00,0.00,0.00,0,0
2026-06-13 14:26:28.415,0.00,0.00,0.00,0.00,0,0
2026-06-13 14:26:28.465,0.00,0.00,0.00,0.00,0,0
2026-06-13 14:26:28.515,0.00,0.00,0.00,0.00,0,0
2026-06-13 14:26:28.566,0.00,0.00,0.00,0.00,0,0
2026-06-13 14:26:28.616,0.00,0.00,0.00,0.00,0,0
2026-06-13 14:26:28.667,0.00,0.00,0.00,0.00,0,0
2026-06-13 14:26:28.717,0.00,0.00,0.00,0.00,0,0
2026-06-13 14:26:28.767,0.00,0.00,0.00,0.00,0,0
2026-06-13 14:26:28.818,0.00,0.00,0.00,0.00,0,0
2026-06-13 14:26:28.868,0.00,0.00,0.00,0.00,0,0
2026-06-13 14:26:28.919,0.00,0.00,0.00,0.00,0,0
2026-06-13 14:26:28.969,0.00,0.00,0.00,0.00,0,0
2026-06-13 14:26:29.020,0.00,0.00,0.00,0.00,0,0
2026-06-13 14:26:29.070,0.00,0.00,0.00,0.00,0,0
2026-06-13 14:26:29.120,0.00,0.00,0.00,0.00,0,0
2026-06-13 14:26:29.171,0.00,0.00,0.00,0.00,0,0
2026-06-13 14:26:29.221,0.00,0.00,0.00,0.00,0,0
2026-06-13 14:26:29.272,0.00,0.00,0.00,0.00,0,0
2026-06-13 14:26:29.322,0.00,0.00,0.00,0.00,0,0
2026-06-13 14:26:29.373,0.00,0.00,0.00,0.00,0,0
2026-06-13 14:26:29.423,0.00,0.00,0.00,0.00,0,0
2026-06-13 14:26:29.473,0.00,0.00,0.00,0.00,2,0
2026-06-13 14:26:29.524,0.00,0.00,0.00,0.00,2,0
2026-06-13 14:26:29.574,0.00,0.00,0.00,0.00,2,0
2026-06-13 14:26:29.625,0.00,0.00,0.00,0.00,2,0
2026-06-13 14:26:29.675,0.00,0.00,0.00,0.00,2,0
2026-06-13 14:26:29.725,0.00,0.00,0.00,0.00,2,0
2026-06-13 14:26:29.776,0.00,0.00,0.00,0.00,2,0
2026-06-13 14:26:29.826,0.00,0.00,0.00,0.00,2,0
2026-06-13 14:26:29.877,0.00,0.00,0.00,0.00,2,0
2026-06-13 14:26:29.927,0.00,0.00,0.00,0.00,2,0
2026-06-13 14:26:29.978,0.00,0.00,0.00,0.00,2,0
2026-06-13 14:26:30.028,0.00,0.00,0.00,0.00,2,0
2026-06-13 14:26:30.078,0.00,0.00,0.00,0.00,2,0
2026-06-13 14:26:30.129,0.00,0.00,0.00,0.00,2,0
2026-06-13 14:26:30.179,0.00,0.00,0.00,0.00,2,0
2026-06-13 14:26:30.230,0.00,0.00,0.00,0.00,2,0
2026-06-13 14:26:30.280,0.00,0.00,0.00,0.00,2,0
2026-06-13 14:26:30.331,0.00,0.00,0.00,0.00,2,0
2026-06-13 14:26:30.381,0.00,0.00,0.00,0.00,2,0
2026-06-13 14:26:30.431,0.00,0.00,0.00,0.00,2,0
2026-06-13 14:26:30.482,0.00,0.00,0.00,0.00,2,0
2026-06-13 14:26:30.532,0.00,0.00,0.00,0.00,2,0
2026-06-13 14:26:30.583,0.00,0.00,0.00,0.00,2,0
2026-06-13 14:26:30.633,0.00,0.00,0.00,0.00,2,0
2026-06-13 14:26:30.683,0.00,0.00,0.00,0.00,2,0
2026-06-13 14:26:30.734,0.00,0.00,0.00,0.00,2,0
2026-06-13 14:26:30.785,0.00,0.00,0.00,0.00,2,0
2026-06-13 14:26:30.835,0.00,0.00,0.00,0.00,2,0
2026-06-13 14:26:30.885,0.00,0.00,0.00,0.00,2,0
2026-06-13 14:26:30.936,0.00,0.00,0.00,0.00,2,0
2026-06-13 14:26:30.986,0.00,0.00,0.00,0.00,2,0
2026-06-13 14:26:31.036,0.00,0.00,0.00,0.00,2,0
2026-06-13 14:26:31.087,0.00,0.00,0.00,0.00,2,0
2026-06-13 14:26:31.137,0.00,0.00,0.00,0.00,2,0
2026-06-13 14:26:31.188,0.00,0.00,0.00,0.00,2,0
2026-06-13 14:26:31.238,0.00,0.00,0.00,0.00,2,0
2026-06-13 14:26:31.289,0.00,0.00,0.00,0.00,2,0
2026-06-13 14:26:31.339,0.00,0.00,0.00,0.00,2,0
2026-06-13 14:26:31.389,0.00,0.00,0.00,0.00,2,0
2026-06-13 14:26:31.440,0.00,0.00,0.00,0.00,2,0
2026-06-13 14:26:31.490,0.00,0.00,0.00,0.00,2,0
2026-06-13 14:26:31.541,0.00,0.00,0.00,0.00,2,0
2026-06-13 14:26:31.591,0.00,0.00,0.00,0.00,2,0
2026-06-13 14:26:31.641,0.00,0.00,0.00,0.00,2,0
2026-06-13 14:26:31.692,0.00,0.00,0.00,0.00,2,0
2026-06-13 14:26:31.742,0.00,0.00,0.00,0.00,2,0
2026-06-13 14:26:31.793,0.00,0.00,0.00,0.00,2,0
2026-06-13 14:26:31.843,0.00,0.00,0.00,0.00,2,0
2026-06-13 14:26:31.894,0.00,0.00,0.00,0.00,2,0
2026-06-13 14:26:31.944,0.00,0.00,0.00,0.00,2,0
2026-06-13 14:26:31.994,0.00,0.00,0.00,0.00,2,0
2026-06-13 14:26:32.045,0.00,0.00,0.00,0.00,2,0
2026-06-13 14:26:32.095,0.00,0.00,0.00,0.00,2,0
2026-06-13 14:26:32.146,0.00,0.00,0.00,0.00,2,0
2026-06-13 14:26:32.196,0.00,0.00,0.00,0.00,2,0
2026-06-13 14:26:32.247,0.00,0.00,0.00,0.00,2,0
2026-06-13 14:26:32.297,0.00,0.00,0.00,0.00,2,0
2026-06-13 14:26:32.347,0.00,0.00,0.00,0.00,2,0
2026-06-13 14:26:32.398,0.00,0.00,0.00,0.00,2,0
2026-06-13 14:26:32.448,0.00,0.00,0.00,0.00,2,0
2026-06-13 14:26:32.499,0.00,0.00,0.00,0.00,2,0
2026-06-13 14:26:32.549,0.00,0.00,0.00,0.00,2,0
2026-06-13 14:26:32.599,0.00,0.00,0.00,0.00,2,0
2026-06-13 14:26:32.650,0.00,0.00,0.00,0.00,2,0
2026-06-13 14:26:32.700,0.00,0.00,0.00,0.00,2,0
2026-06-13 14:26:32.751,0.00,0.00,0.00,0.00,2,0
2026-06-13 14:26:32.801,0.00,0.00,0.00,0.00,2,0
2026-06-13 14:26:32.852,0.00,0.00,0.00,0.00,2,0
2026-06-13 14:26:32.902,0.00,0.00,0.00,0.00,2,0
2026-06-13 14:26:32.952,0.00,0.00,0.00,0.00,2,0
2026-06-13 14:26:33.003,0.00,0.00,0.00,0.00,2,0
2026-06-13 14:26:33.053,0.00,0.00,0.00,0.00,2,0
2026-06-13 14:26:33.104,0.00,0.00,0.00,0.00,2,0
2026-06-13 14:26:33.154,0.00,0.00,0.00,0.00,2,0
2026-06-13 14:26:33.204,0.00,0.00,0.00,0.00,2,0
2026-06-13 14:26:33.255,0.00,0.00,0.00,0.00,2,0
2026-06-13 14:26:33.305,0.00,0.00,0.00,0.00,2,0
2026-06-13 14:26:33.356,0.00,0.00,0.00,0.00,2,0
2026-06-13 14:26:33.406,0.00,0.00,0.00,0.00,2,0
2026-06-13 14:26:33.457,0.00,0.00,0.00,0.00,2,0
2026-06-13 14:26:33.507,0.00,0.00,0.00,0.00,2,0
2026-06-13 14:26:33.557,0.00,0.00,0.00,0.00,2,0
2026-06-13 14:26:33.608,0.00,0.00,0.00,0.00,2,0
2026-06-13 14:26:33.658,0.00,0.00,0.00,0.00,2,0
2026-06-13 14:26:33.709,0.00,0.00,0.00,0.00,2,0
2026-06-13 14:26:33.759,0.00,0.00,0.00,0.00,2,0
2026-06-13 14:26:33.810,0.00,0.00,0.00,0.00,2,0
2026-06-13 14:26:33.860,0.00,0.00,0.00,0.00,2,0
2026-06-13 14:26:33.910,0.00,0.00,0.00,0.00,2,0
2026-06-13 14:26:33.961,0.00,0.00,0.00,0.00,2,0
2026-06-13 14:26:34.011,0.00,0.00,0.00,0.00,2,0
2026-06-13 14:26:34.062,0.00,0.00,0.00,0.00,2,0
2026-06-13 14:26:34.112,0.00,0.00,0.00,0.00,2,0
2026-06-13 14:26:34.162,0.00,0.00,0.00,0.00,2,0
2026-06-13 14:26:34.213,0.00,0.00,0.00,0.00,2,0
2026-06-13 14:26:34.263,0.00,0.00,0.00,0.00,2,0
2026-06-13 14:26:34.314,0.00,0.00,0.00,0.00,2,0
2026-06-13 14:26:34.364,0.00,0.00,0.00,0.00,2,0
2026-06-13 14:26:34.415,0.00,0.00,0.00,0.00,2,0
2026-06-13 14:26:34.465,0.00,0.00,0.00,0.00,2,0
2026-06-13 14:26:34.515,0.00,0.00,0.00,0.00,2,0
2026-06-13 14:26:34.566,0.00,0.00,0.00,0.00,2,0
2026-06-13 14:26:34.616,0.00,0.00,0.00,0.00,2,0
2026-06-13 14:26:34.667,0.00,0.00,0.00,0.00,2,0
2026-06-13 14:26:34.717,0.00,0.00,0.00,0.00,2,0
2026-06-13 14:26:34.767,0.00,0.00,0.00,0.00,2,0
2026-06-13 14:26:34.818,0.00,0.00,0.00,0.00,2,0
2026-06-13 14:26:34.868,0.00,0.00,0.00,0.00,2,0
2026-06-13 14:26:34.919,0.00,0.00,0.00,0.00,2,0
2026-06-13 14:26:34.969,0.00,0.00,0.00,0.00,2,0
2026-06-13 14:26:35.020,0.00,0.00,0.00,0.00,2,0
2026-06-13 14:26:35.070,0.00,0.00,0.00,0.00,2,0
2026-06-13 14:26:35.120,0.00,0.00,0.00,0.00,2,0
2026-06-13 14:26:35.171,0.00,0.00,0.00,0.00,2,0
2026-06-13 14:26:35.221,0.00,0.00,0.00,0.00,2,0
2026-06-13 14:26:35.272,0.00,0.00,0.00,0.00,2,0
2026-06-13 14:26:35.322,0.00,0.00,0.00,0.00,2,0
2026-06-13 14:26:35.373,0.00,0.00,0.00,0.00,2,0
2026-06-13 14:26:35.423,0.00,0.00,0.00,0.00,2,0
2026-06-13 14:26:35.473,0.00,0.00,0.00,0.00,2,0
2026-06-13 14:26:35.524,0.00,0.00,0.00,0.00,2,0
2026-06-13 14:26:35.574,0.00,0.00,0.00,0.00,2,0
2026-06-13 14:26:35.625,0.00,0.00,0.00,0.00,2,0
2026-06-13 14:26:35.675,0.00,0.00,0.00,0.00,2,0
2026-06-13 14:26:35.725,0.00,0.00,0.00,0.00,2,0
2026-06-13 14:26:35.776,0.00,0.00,0.00,0.00,2,0
2026-06-13 14:26:35.826,0.00,0.00,0.00,0.00,2,0
2026-06-13 14:26:35.877,0.00,0.00,0.00,0.00,2,0
2026-06-13 14:26:35.927,0.00,0.00,0.00,0.00,2,0
2026-06-13 14:26:35.978,0.00,0.00,0.00,0.00,2,0
2026-06-13 14:26:36.028,0.00,0.00,0.00,0.00,2,0
2026-06-13 14:26:36.078,0.00,0.00,0.00,0.00,2,0
2026-06-13 14:26:36.129,0.00,0.00,0.00,0.00,2,0
2026-06-13 14:26:36.179,0.00,0.00,0.00,0.00,2,0
2026-06-13 14:26:36.230,0.00,0.00,0.00,0.00,2,0
2026-06-13 14:26:36.280,0.00,0.00,0.00,0.00,2,0
2026-06-13 14:26:36.331,0.00,0.00,0.00,0.00,2,0
2026-06-13 14:26:36.381,0.00,0.00,0.00,0.00,2,0
2026-06-13 14:26:36.431,0.00,0.00,0.00,0.00,2,0
2026-06-13 14:26:36.482,0.00,0.00,0.00,0.00,2,0
2026-06-13 14:26:36.532,0.00,0.00,0.00,0.00,2,0
2026-06-13 14:26:36.583,0.00,0.00,0.00,0.00,2,0
2026-06-13 14:26:36.633,0.00,0.00,0.00,0.00,2,0
2026-06-13 14:26:36.684,0.00,0.00,0.00,0.00,2,0
2026-06-13 14:26:36.734,0.00,0.00,0.00,0.00,2,0
2026-06-13 14:26:36.784,0.00,0.00,0.00,0.00,2,0
2026-06-13 14:26:36.835,0.00,0.00,0.00,0.00,2,0
2026-06-13 14:26:36.885,0.00,0.00,0.00,0.00,2,0
2026-06-13 14:26:36.936,0.00,0.00,0.00,0.00,2,0
2026-06-13 14:26:36.986,0.00,0.00,0.00,0.00,2,0
2026-06-13 14:26:37.036,0.00,0.00,0.00,0.00,2,0
2026-06-13 14:26:37.087,0.00,0.00,0.00,0.00,2,0
2026-06-13 14:26:37.137,0.00,0.00,0.00,0.00,2,0
2026-06-13 14:26:37.188,0.00,0.00,0.00,0.00,2,0
2026-06-13 14:26:37.238,0.00,0.00,0.00,0.00,2,0
2026-06-13 14:26:37.289,0.00,0.00,0.00,0.00,2,0
2026-06-13 14:26:37.339,0.00,0.00,0.00,0.00,2,0
2026-06-13 14:26:37.389,0.00,0.00,0.00,0.00,2,0
2026-06-13 14:26:37.440,0.00,0.00,0.00,0.00,2,0
2026-06-13 14:26:37.490,0.00,0.00,0.00,0.00,2,0
2026-06-13 14:26:37.541,0.00,0.00,0.00,0.00,2,0
2026-06-13 14:26:37.591,0.00,0.00,0.00,0.00,2,0
2026-06-13 14:26:37.642,0.00,0.00,0.00,0.00,2,0
2026-06-13 14:26:37.692,0.00,0.00,0.00,0.00,2,0
2026-06-13 14:26:37.742,0.00,0.00,0.00,0.00,2,0
2026-06-13 14:26:37.793,0.00,0.00,0.00,0.00,2,0
2026-06-13 14:26:37.843,0.00,0.00,0.00,0.00,2,0
2026-06-13 14:26:37.894,0.00,0.00,0.00,0.00,2,0
2026-06-13 14:26:37.944,0.00,0.00,0.00,0.00,2,0
2026-06-13 14:26:37.994,0.00,0.00,0.00,0.00,2,0
2026-06-13 14:26:38.045,0.00,0.00,0.00,0.00,2,0
2026-06-13 14:26:38.095,0.00,0.00,0.00,0.00,2,0
2026-06-13 14:26:38.146,0.00,0.00,0.00,0.00,2,0
2026-06-13 14:26:38.196,0.00,0.00,0.00,0.00,2,0
2026-06-13 14:26:38.247,0.00,0.00,0.00,0.00,2,0
2026-06-13 14:26:38.297,0.00,0.00,0.00,0.00,2,0
2026-06-13 14:26:38.347,0.00,0.00,0.00,0.00,2,0
2026-06-13 14:26:38.398,0.00,0.00,0.00,0.00,2,0
2026-06-13 14:26:38.448,0.00,0.00,0.00,0.00,2,0
2026-06-13 14:26:38.499,0.00,0.00,0.00,0.00,2,0
2026-06-13 14:26:38.549,0.00,0.00,0.00,0.00,2,0
2026-06-13 14:26:38.599,0.00,0.00,0.00,0.00,2,0
2026-06-13 14:26:38.650,0.00,0.00,0.00,0.00,2,0
2026-06-13 14:26:38.700,0.00,0.00,0.00,0.00,2,0
2026-06-13 14:26:38.751,0.00,0.00,0.00,0.00,2,0
2026-06-13 14:26:38.801,0.00,0.00,0.00,0.00,2,0
2026-06-13 14:26:38.852,0.00,0.00,0.00,0.00,2,0
2026-06-13 14:26:38.902,0.00,0.00,0.00,0.00,2,0
2026-06-13 14:26:38.952,0.00,0.00,0.00,0.00,2,0
2026-06-13 14:26:39.003,0.00,0.00,0.00,0.00,2,0
2026-06-13 14:26:39.053,0.00,0.00,0.00,0.00,2,0
2026-06-13 14:26:39.104,0.00,0.00,0.00,0.00,2,0
2026-06-13 14:26:39.154,0.00,0.00,0.00,0.00,2,0
2026-06-13 14:26:39.205,0.00,0.00,0.00,0.00,2,0
2026-06-13 14:26:39.255,0.00,0.00,0.00,0.00,2,0
2026-06-13 14:26:39.305,0.00,0.00,0.00,0.00,2,0
2026-06-13 14:26:39.356,0.00,0.00,0.00,0.00,2,0
2026-06-13 14:26:39.406,0.00,0.00,0.00,0.00,2,0
2026-06-13 14:26:39.457,0.00,0.00,0.00,0.00,2,0
2026-06-13 14:26:39.507,0.00,0.00,0.00,0.00,2,0
2026-06-13 14:26:39.557,0.00,0.00,0.00,0.00,2,0
2026-06-13 14:26:39.608,0.00,0.00,0.00,0.00,2,0
2026-06-13 14:26:39.658,0.00,0.00,0.00,0.00,2,0
2026-06-13 14:26:39.709,0.00,0.00,0.00,0.00,2,0
2026-06-13 14:26:39.759,0.00,0.00,0.00,0.00,2,0
2026-06-13 14:26:39.810,0.00,0.00,0.00,0.00,2,0
2026-06-13 14:26:39.860,0.00,0.00,0.00,0.00,2,0
2026-06-13 14:26:39.910,0.00,0.00,0.00,0.00,2,0
2026-06-13 14:26:39.961,0.00,0.00,0.00,0.00,2,0
2026-06-13 14:26:40.011,0.00,0.00,0.00,0.00,2,0
2026-06-13 14:26:40.062,0.00,0.00,0.00,0.00,2,0
2026-06-13 14:26:40.112,0.00,0.00,0.00,0.00,2,0
2026-06-13 14:26:40.162,0.00,0.00,0.00,0.00,2,0
2026-06-13 14:26:40.213,0.00,0.00,0.00,0.00,2,0
2026-06-13 14:26:40.263,0.00,0.00,0.00,0.00,2,0
2026-06-13 14:26:40.314,0.00,0.00,0.00,0.00,2,0
2026-06-13 14:26:40.364,0.00,0.00,0.00,0.00,2,0
2026-06-13 14:26:40.415,0.00,0.00,0.00,0.00,2,0
2026-06-13 14:26:40.465,0.00,0.00,0.00,0.00,2,0
2026-06-13 14:26:40.515,0.00,0.00,0.00,0.00,2,0
2026-06-13 14:26:40.566,0.00,0.00,0.00,0.00,2,0
2026-06-13 14:26:40.616,0.00,0.00,0.00,0.00,2,0
2026-06-13 14:26:40.667,0.00,0.00,0.00,0.00,2,0
2026-06-13 14:26:40.717,0.00,0.00,0.00,0.00,2,0
2026-06-13 14:26:40.768,0.00,0.00,0.00,0.00,2,0
2026-06-13 14:26:40.818,0.00,0.00,0.00,0.00,2,0
2026-06-13 14:26:40.868,0.00,0.00,0.00,0.00,2,0
2026-06-13 14:26:40.919,0.00,0.00,0.00,0.00,2,0
2026-06-13 14:26:40.969,0.00,0.00,0.00,0.00,2,0
2026-06-13 14:26:41.020,0.00,0.00,0.00,0.00,2,0
2026-06-13 14:26:41.070,0.00,0.00,0.00,0.00,2,0
2026-06-13 14:26:41.121,0.00,0.00,0.00,0.00,2,0
2026-06-13 14:26:41.171,0.00,0.00,0.00,0.00,2,0
2026-06-13 14:26:41.221,0.00,0.00,0.00,0.00,2,0
2026-06-13 14:26:41.272,0.00,0.00,0.00,0.00,2,0
2026-06-13 14:26:41.322,0.00,0.00,0.00,0.00,2,0
2026-06-13 14:26:41.373,0.00,0.00,0.00,0.00,2,0
2026-06-13 14:26:41.423,0.00,0.00,0.00,0.00,2,0
2026-06-13 14:26:41.473,0.00,0.00,0.00,0.00,2,0
2026-06-13 14:26:41.524,0.00,0.00,0.00,0.00,2,0
2026-06-13 14:26:41.574,0.00,0.00,0.00,0.00,2,0
2026-06-13 14:26:41.625,0.00,0.00,0.00,0.00,2,0
2026-06-13 14:26:41.675,0.00,0.00,0.00,0.00,2,0
2026-06-13 14:26:41.726,0.00,0.00,0.00,0.00,2,0
2026-06-13 14:26:41.776,0.00,0.00,0.00,0.00,2,0
2026-06-13 14:26:41.826,0.00,0.00,0.00,0.00,2,0
2026-06-13 14:26:41.877,0.00,0.00,0.00,0.00,2,0
2026-06-13 14:26:41.927,0.00,0.00,0.00,0.00,2,0
2026-06-13 14:26:41.978,0.00,0.00,0.00,0.00,2,0
2026-06-13 14:26:42.028,0.00,0.00,0.00,0.00,2,0
2026-06-13 14:26:42.078,0.00,0.00,0.00,0.00,2,0
2026-06-13 14:26:42.129,0.00,0.00,0.00,0.00,2,0
2026-06-13 14:26:42.179,0.00,0.00,0.00,0.00,2,0
2026-06-13 14:26:42.230,0.00,0.00,0.00,0.00,2,0
2026-06-13 14:26:42.280,0.00,0.00,0.00,0.00,2,0
2026-06-13 14:26:42.331,0.00,0.00,0.00,0.00,2,0
2026-06-13 14:26:42.381,0.00,0.00,0.00,0.00,2,0
2026-06-13 14:26:42.431,0.00,0.00,0.00,0.00,2,0
2026-06-13 14:26:42.482,0.00,0.00,0.00,0.00,2,0
2026-06-13 14:26:42.532,0.00,0.00,0.00,0.00,2,0
2026-06-13 14:26:42.583,0.00,0.00,0.00,0.00,2,0
2026-06-13 14:26:42.633,0.00,0.00,0.00,0.00,2,0
2026-06-13 14:26:42.684,0.00,0.00,0.00,0.00,2,0
2026-06-13 14:26:42.734,0.00,0.00,0.00,0.00,2,0
2026-06-13 14:26:42.785,0.00,0.00,0.00,0.00,2,0
2026-06-13 14:26:42.835,0.00,0.00,0.00,0.00,2,0
2026-06-13 14:26:42.885,0.00,0.00,0.00,0.00,2,0
2026-06-13 14:26:42.936,0.00,0.00,0.00,0.00,2,0
2026-06-13 14:26:42.986,0.00,0.00,0.00,0.00,2,0
2026-06-13 14:26:43.036,0.00,0.00,0.00,0.00,2,0
2026-06-13 14:26:43.087,0.00,0.00,0.00,0.00,2,0
2026-06-13 14:26:43.137,0.00,0.00,0.00,0.00,2,0
2026-06-13 14:26:43.188,0.00,0.00,0.00,0.00,2,0
2026-06-13 14:26:43.238,0.00,0.00,0.00,0.00,2,0
2026-06-13 14:26:43.289,0.00,0.00,0.00,0.00,2,0
2026-06-13 14:26:43.339,0.00,0.00,0.00,0.00,2,0
2026-06-13 14:26:43.389,0.00,0.00,0.00,0.00,2,0
2026-06-13 14:26:43.440,0.00,0.00,0.00,0.00,2,0
2026-06-13 14:26:43.490,0.00,0.00,0.00,0.00,2,0
2026-06-13 14:26:43.541,0.00,0.00,0.00,0.00,2,0
2026-06-13 14:26:43.591,0.00,0.00,0.00,0.00,2,0
2026-06-13 14:26:43.642,0.00,0.00,0.00,0.00,2,0
2026-06-13 14:26:43.692,0.00,0.00,0.00,0.00,2,0
2026-06-13 14:26:43.742,0.00,0.00,0.00,0.00,2,0
2026-06-13 14:26:43.793,0.00,0.00,0.00,0.00,2,0
2026-06-13 14:26:43.843,0.00,0.00,0.00,0.00,2,0
2026-06-13 14:26:43.894,0.00,0.00,0.00,0.00,2,0
2026-06-13 14:26:43.944,0.00,0.00,0.00,0.00,2,0
2026-06-13 14:26:43.994,0.00,0.00,0.00,0.00,2,0
2026-06-13 14:26:44.045,0.00,0.00,0.00,0.00,2,0
2026-06-13 14:26:44.095,0.00,0.00,0.00,0.00,2,0
2026-06-13 14:26:44.146,0.00,0.00,0.00,0.00,2,0
2026-06-13 14:26:44.196,0.00,0.00,0.00,0.00,2,0
2026-06-13 14:26:44.247,0.00,0.00,0.00,0.00,2,0
2026-06-13 14:26:44.297,0.00,0.00,0.00,0.00,2,0
2026-06-13 14:26:44.347,0.00,0.00,0.00,0.00,2,0
2026-06-13 14:26:44.398,0.00,0.00,0.00,0.00,2,0
2026-06-13 14:26:44.448,0.00,0.00,0.00,0.00,2,0
2026-06-13 14:26:44.499,0.00,0.00,0.00,0.00,2,0
2026-06-13 14:26:44.549,0.00,0.00,0.00,0.00,2,0
2026-06-13 14:26:44.600,0.00,0.00,0.00,0.00,2,0
2026-06-13 14:26:44.650,0.00,0.00,0.00,0.00,2,0
2026-06-13 14:26:44.700,0.00,0.00,0.00,0.00,2,0
2026-06-13 14:26:44.751,0.00,0.00,0.00,0.00,2,0
2026-06-13 14:26:44.801,0.00,0.00,0.00,0.00,2,0
2026-06-13 14:26:44.852,0.00,0.00,0.00,0.00,2,0
2026-06-13 14:26:44.902,0.00,0.00,0.00,0.00,2,0
2026-06-13 14:26:44.952,0.00,0.00,0.00,0.00,2,0
2026-06-13 14:26:45.003,0.00,0.00,0.00,0.00,2,0
2026-06-13 14:26:45.053,0.00,0.00,0.00,0.00,2,0
2026-06-13 14:26:45.104,0.00,0.00,0.00,0.00,2,0
2026-06-13 14:26:45.154,0.00,0.00,0.00,0.00,2,0
2026-06-13 14:26:45.205,0.00,0.00,0.00,0.00,2,0
2026-06-13 14:26:45.255,0.00,0.00,0.00,0.00,2,0
2026-06-13 14:26:45.305,0.00,0.00,0.00,0.00,2,0
2026-06-13 14:26:45.356,0.00,0.00,0.00,0.00,2,0
2026-06-13 14:26:45.406,0.00,0.00,0.00,0.00,2,0
2026-06-13 14:26:45.457,0.00,0.00,0.00,0.00,2,0
2026-06-13 14:26:45.507,0.00,0.00,0.00,0.00,2,0
2026-06-13 14:26:45.557,0.00,0.00,0.00,0.00,2,0
2026-06-13 14:26:45.608,0.00,0.00,0.00,0.00,2,0
2026-06-13 14:26:45.658,0.00,0.00,0.00,0.00,2,0
2026-06-13 14:26:45.709,0.00,0.00,0.00,0.00,2,0
2026-06-13 14:26:45.759,0.00,0.00,0.00,0.00,2,0
2026-06-13 14:26:45.810,0.00,0.00,0.00,0.00,2,0
2026-06-13 14:26:45.860,0.00,0.00,0.00,0.00,2,0
2026-06-13 14:26:45.910,0.00,0.00,0.00,0.00,2,0
2026-06-13 14:26:45.961,0.00,0.00,0.00,0.00,2,0
2026-06-13 14:26:46.011,0.00,0.00,0.00,0.00,2,0
2026-06-13 14:26:46.062,0.00,0.00,0.00,0.00,2,0
2026-06-13 14:26:46.112,0.00,0.00,0.00,0.00,2,0
2026-06-13 14:26:46.163,0.00,0.00,0.00,0.00,2,0
2026-06-13 14:26:46.213,0.00,0.00,0.00,0.00,2,0
2026-06-13 14:26:46.263,0.00,0.00,0.00,0.00,2,0
2026-06-13 14:26:46.314,0.00,0.00,0.00,0.00,2,0
2026-06-13 14:26:46.364,0.00,0.00,0.00,0.00,2,0
2026-06-13 14:26:46.415,0.00,0.00,0.00,0.00,2,0
2026-06-13 14:26:46.465,0.00,0.00,0.00,0.00,2,0
2026-06-13 14:26:46.515,0.00,0.00,0.00,0.00,2,0
2026-06-13 14:26:46.566,0.00,0.00,0.00,0.00,2,0
2026-06-13 14:26:46.616,0.00,0.00,0.00,0.00,2,0
2026-06-13 14:26:46.667,0.00,0.00,0.00,0.00,2,0
2026-06-13 14:26:46.717,0.00,0.00,0.00,0.00,2,0
2026-06-13 14:26:46.768,0.00,0.00,0.00,0.00,2,0
2026-06-13 14:26:46.818,0.00,0.00,0.00,0.00,2,0
2026-06-13 14:26:46.868,0.00,0.00,0.00,0.00,2,0
2026-06-13 14:26:46.919,0.00,0.00,0.00,0.00,2,0
2026-06-13 14:26:46.969,0.00,0.00,0.00,0.00,2,0
2026-06-13 14:26:47.020,0.00,0.00,0.00,0.00,2,0
2026-06-13 14:26:47.070,0.00,0.00,0.00,0.00,2,0
2026-06-13 14:26:47.121,0.00,0.00,0.00,0.00,2,0
2026-06-13 14:26:47.171,0.00,0.00,0.00,0.00,2,0
2026-06-13 14:26:47.221,0.00,0.00,0.00,0.00,2,0
2026-06-13 14:26:47.272,0.00,0.00,0.00,0.00,2,0
2026-06-13 14:26:47.322,0.00,0.00,0.00,0.00,2,0
2026-06-13 14:26:47.373,0.00,0.00,0.00,0.00,2,0
2026-06-13 14:26:47.423,0.00,0.00,0.00,0.00,2,0
2026-06-13 14:26:47.474,0.00,0.00,0.00,0.00,2,0
2026-06-13 14:26:47.524,0.00,0.00,0.00,0.00,2,0
2026-06-13 14:26:47.574,0.00,0.00,0.00,0.00,2,0
2026-06-13 14:26:47.625,0.00,0.00,0.00,0.00,2,0
2026-06-13 14:26:47.675,0.00,0.00,0.00,0.00,2,0
2026-06-13 14:26:47.726,0.00,0.00,0.00,0.00,2,0
2026-06-13 14:26:47.776,0.00,0.00,0.00,0.00,2,0
2026-06-13 14:26:47.826,0.00,0.00,0.00,0.00,2,0
2026-06-13 14:26:47.877,0.00,0.00,0.00,0.00,2,0
2026-06-13 14:26:47.927,0.00,0.00,0.00,0.00,2,0
2026-06-13 14:26:47.978,0.00,0.00,0.00,0.00,2,0
2026-06-13 14:26:48.028,0.00,0.00,0.00,0.00,2,0
2026-06-13 14:26:48.079,0.00,0.00,0.00,0.00,2,0
2026-06-13 14:26:48.129,0.00,0.00,0.00,0.00,2,0
2026-06-13 14:26:48.179,0.00,0.00,0.00,0.00,2,0
2026-06-13 14:26:48.230,0.00,0.00,0.00,0.00,2,0
2026-06-13 14:26:48.280,0.00,0.00,0.00,0.00,2,0
2026-06-13 14:26:48.331,0.00,0.00,0.00,0.00,2,0
2026-06-13 14:26:48.381,0.00,0.00,0.00,0.00,2,0
2026-06-13 14:26:48.432,0.00,0.00,0.00,0.00,2,0
2026-06-13 14:26:48.482,0.00,0.00,0.00,0.00,2,0
2026-06-13 14:26:48.532,0.00,0.00,0.00,0.00,2,0
2026-06-13 14:26:48.583,0.00,0.00,0.00,0.00,2,0
2026-06-13 14:26:48.633,0.00,0.00,0.00,0.00,2,0
2026-06-13 14:26:48.684,0.00,0.00,0.00,0.00,2,0
2026-06-13 14:26:48.734,0.00,0.00,0.00,0.00,2,0
2026-06-13 14:26:48.785,0.00,0.00,0.00,0.00,2,0
2026-06-13 14:26:48.835,0.00,0.00,0.00,0.00,2,0
2026-06-13 14:26:48.885,0.00,0.00,0.00,0.00,2,0
2026-06-13 14:26:48.936,0.00,0.00,0.00,0.00,2,0
2026-06-13 14:26:48.986,0.00,0.00,0.00,0.00,2,0
2026-06-13 14:26:49.036,0.00,0.00,0.00,0.00,2,0
2026-06-13 14:26:49.087,0.00,0.00,0.00,0.00,2,0
2026-06-13 14:26:49.137,0.00,0.00,0.00,0.00,2,0
2026-06-13 14:26:49.188,0.00,0.00,0.00,0.00,2,0
2026-06-13 14:26:49.238,0.00,0.00,0.00,0.00,2,0
2026-06-13 14:26:49.289,0.00,0.00,0.00,0.00,2,0
2026-06-13 14:26:49.339,0.00,0.00,0.00,0.00,2,0
2026-06-13 14:26:49.389,0.00,0.00,0.00,0.00,2,0
2026-06-13 14:26:49.440,0.00,0.00,0.00,0.00,2,0
2026-06-13 14:26:49.490,0.00,0.00,0.00,0.00,2,0
2026-06-13 14:26:49.541,0.00,0.00,0.00,0.00,2,0
2026-06-13 14:26:49.591,0.00,0.00,0.00,0.00,2,0
2026-06-13 14:26:49.642,0.00,0.00,0.00,0.00,2,0
2026-06-13 14:26:49.692,0.00,0.00,0.00,0.00,2,0
2026-06-13 14:26:49.742,0.00,0.00,0.00,0.00,2,0
2026-06-13 14:26:49.793,0.00,0.00,0.00,0.00,2,0
2026-06-13 14:26:49.843,0.00,0.00,0.00,0.00,2,0
2026-06-13 14:26:49.894,0.00,0.00,0.00,0.00,2,0
2026-06-13 14:26:49.944,0.00,0.00,0.00,0.00,2,0
2026-06-13 14:26:49.995,0.00,0.00,0.00,0.00,2,0
2026-06-13 14:26:50.045,0.00,0.00,0.00,0.00,2,0
2026-06-13 14:26:50.095,0.00,0.00,0.00,0.00,1,0
2026-06-13 14:26:50.146,0.00,0.00,0.00,0.00,1,0
2026-06-13 14:26:50.196,0.00,0.00,0.00,0.00,1,0
2026-06-13 14:26:50.247,0.00,0.00,0.00,0.00,1,0
2026-06-13 14:26:50.297,0.00,0.00,0.00,0.00,1,0
2026-06-13 14:26:50.347,0.00,0.00,0.00,0.00,1,0
2026-06-13 14:26:50.398,0.00,0.00,0.00,0.00,1,0
2026-06-13 14:26:50.448,0.00,0.00,0.00,0.00,1,0
2026-06-13 14:26:50.499,0.00,0.00,0.00,0.00,1,0
2026-06-13 14:26:50.549,0.00,0.00,0.00,0.00,1,0
2026-06-13 14:26:50.600,0.00,0.00,0.00,0.00,1,0
2026-06-13 14:26:50.650,0.00,0.00,0.00,0.00,1,0
2026-06-13 14:26:50.700,0.00,0.00,0.00,0.00,1,0
2026-06-13 14:26:50.751,0.00,0.00,0.00,0.00,1,0
2026-06-13 14:26:50.801,0.00,0.00,0.00,0.00,1,0
2026-06-13 14:26:50.852,0.00,0.00,0.00,0.00,1,0
2026-06-13 14:26:50.902,0.00,0.00,0.00,0.00,1,0
2026-06-13 14:26:50.953,0.00,0.00,0.00,0.00,1,0
2026-06-13 14:26:51.003,0.00,0.00,0.00,0.00,1,0
2026-06-13 14:26:51.053,0.00,0.00,0.00,0.00,1,0
2026-06-13 14:26:51.104,0.00,0.00,0.00,0.00,1,0
2026-06-13 14:26:51.154,0.00,0.00,0.00,0.00,1,0
2026-06-13 14:26:51.205,0.00,0.00,0.00,0.00,1,0
2026-06-13 14:26:51.255,0.00,0.00,0.00,0.00,1,0
2026-06-13 14:26:51.306,0.00,0.00,0.00,0.00,1,0
2026-06-13 14:26:51.356,0.00,0.00,0.00,0.00,1,0
2026-06-13 14:26:51.406,0.00,0.00,0.00,0.00,1,0
2026-06-13 14:26:51.457,0.00,0.00,0.00,0.00,1,0
2026-06-13 14:26:51.507,0.00,0.00,0.00,0.00,1,0
2026-06-13 14:26:51.558,0.00,0.00,0.00,0.00,1,0
2026-06-13 14:26:51.611,0.00,0.00,0.00,0.00,1,0
2026-06-13 14:26:51.659,0.00,0.00,0.00,0.00,1,0
2026-06-13 14:26:51.709,0.00,0.00,0.00,0.00,1,0
2026-06-13 14:26:51.759,0.00,0.00,0.00,0.00,1,0
2026-06-13 14:26:51.810,0.00,0.00,0.00,0.00,1,0
2026-06-13 14:26:51.860,0.00,0.00,0.00,0.00,1,0
2026-06-13 14:26:51.911,0.00,0.00,0.00,0.00,1,0
2026-06-13 14:26:51.961,0.00,0.00,0.00,0.00,1,0
2026-06-13 14:26:52.011,0.00,0.00,0.00,0.00,1,0
2026-06-13 14:26:52.062,0.00,0.00,0.00,0.00,1,0
2026-06-13 14:26:52.112,0.00,0.00,0.00,0.00,1,0
2026-06-13 14:26:52.163,0.00,0.00,0.00,0.00,1,0
2026-06-13 14:26:52.213,0.00,0.00,0.00,0.00,1,0
2026-06-13 14:26:52.263,0.00,0.00,0.00,0.00,1,0
2026-06-13 14:26:52.314,0.00,0.00,0.00,0.00,1,0
2026-06-13 14:26:52.364,0.00,0.00,0.00,0.00,1,0
2026-06-13 14:26:52.415,0.00,0.00,0.00,0.00,1,0
2026-06-13 14:26:52.465,0.00,0.00,0.00,0.00,1,0
2026-06-13 14:26:52.516,0.00,0.00,0.00,0.00,1,0
2026-06-13 14:26:52.566,0.00,0.00,0.00,0.00,1,0
2026-06-13 14:26:52.616,0.00,0.00,0.00,0.00,1,0
2026-06-13 14:26:52.667,0.00,0.00,0.00,0.00,1,0
2026-06-13 14:26:52.717,0.00,0.00,0.00,0.00,1,0
2026-06-13 14:26:52.768,0.00,0.00,0.00,0.00,1,0
2026-06-13 14:26:52.818,0.00,0.00,0.00,0.00,1,0
2026-06-13 14:26:52.868,0.00,0.00,0.00,0.00,1,0
2026-06-13 14:26:52.919,0.00,0.00,0.00,0.00,1,0
2026-06-13 14:26:52.969,0.00,0.00,0.00,0.00,1,0
2026-06-13 14:26:53.020,0.00,0.00,0.00,0.00,1,0
2026-06-13 14:26:53.070,0.00,0.00,0.00,0.00,1,0
2026-06-13 14:26:53.121,0.00,0.00,0.00,0.00,0,0
2026-06-13 14:26:53.171,0.00,0.00,0.00,0.00,0,0
2026-06-13 14:26:53.221,0.00,0.00,0.00,0.00,0,0
2026-06-13 14:26:53.272,0.00,0.00,0.00,0.00,0,0
2026-06-13 14:26:53.322,0.00,0.00,0.00,0.00,0,0
2026-06-13 14:26:53.372,0.00,0.00,0.00,0.00,0,0
2026-06-13 14:26:53.423,0.00,0.00,0.00,0.00,0,0
2026-06-13 14:26:53.473,0.00,0.00,0.00,0.00,0,0
2026-06-13 14:26:53.523,0.00,0.00,0.00,0.00,0,0
2026-06-13 14:26:53.574,0.00,0.00,0.00,0.00,0,0
2026-06-13 14:26:53.624,0.00,0.00,0.00,0.00,0,0
2026-06-13 14:26:53.674,0.00,0.00,0.00,0.00,0,0
2026-06-13 14:26:53.725,0.00,0.00,0.00,0.00,0,0
2026-06-13 14:26:53.775,0.00,0.00,0.00,0.00,0,0
2026-06-13 14:26:53.826,0.00,0.00,0.00,0.00,0,0
2026-06-13 14:26:53.876,0.00,0.00,0.00,0.00,0,0
2026-06-13 14:26:53.926,0.00,0.00,0.00,0.00,0,0
2026-06-13 14:26:53.977,0.00,0.00,0.00,0.00,0,0
2026-06-13 14:26:54.027,0.00,0.00,0.00,0.00,0,0
2026-06-13 14:26:54.077,0.00,0.00,0.00,0.00,0,0
2026-06-13 14:26:54.128,0.00,0.00,0.00,0.00,0,0
2026-06-13 14:26:54.178,0.00,0.00,0.00,0.00,0,0
2026-06-13 14:26:54.229,0.00,0.00,0.00,0.00,0,0
2026-06-13 14:26:54.279,0.00,0.00,0.00,0.00,0,0
2026-06-13 14:26:54.329,0.00,0.00,0.00,0.00,0,0
2026-06-13 14:26:54.380,0.00,0.00,0.00,0.00,0,0
2026-06-13 14:26:54.430,0.00,0.00,0.00,0.00,0,0
2026-06-13 14:26:54.480,0.00,0.00,0.00,0.00,0,0
2026-06-13 14:26:54.531,0.00,0.00,0.00,0.00,0,0
2026-06-13 14:26:54.581,0.00,0.00,0.00,0.00,0,0
2026-06-13 14:26:54.631,0.00,0.00,0.00,0.00,0,0
2026-06-13 14:26:54.682,0.00,0.00,0.00,0.00,0,0
2026-06-13 14:26:54.732,0.00,0.00,0.00,0.00,0,0
2026-06-13 14:26:54.783,0.00,0.00,0.00,0.00,0,0
2026-06-13 14:26:54.833,0.00,0.00,0.00,0.00,0,0
2026-06-13 14:26:54.883,0.00,0.00,0.00,0.00,0,0
2026-06-13 14:26:54.934,0.00,0.00,0.00,0.00,0,0
2026-06-13 14:26:54.984,0.00,0.00,0.00,0.00,0,0
2026-06-13 14:26:55.034,0.00,0.00,0.00,0.00,0,0
2026-06-13 14:26:55.085,0.00,0.00,0.00,0.00,0,0
2026-06-13 14:26:55.135,0.00,0.00,0.00,0.00,2,0
2026-06-13 14:26:55.186,0.00,0.00,0.00,0.00,2,0
2026-06-13 14:26:55.236,0.00,0.00,0.00,0.00,2,0
2026-06-13 14:26:55.286,0.00,0.00,0.00,0.00,2,0
2026-06-13 14:26:55.337,0.00,0.00,0.00,0.00,2,0
2026-06-13 14:26:55.387,0.00,0.00,0.00,0.00,2,0
2026-06-13 14:26:55.437,0.00,0.00,0.00,0.00,2,0
2026-06-13 14:26:55.488,0.00,0.00,0.00,0.00,2,0
2026-06-13 14:26:55.538,0.00,0.00,0.00,0.00,2,0
2026-06-13 14:26:55.589,0.00,0.00,0.00,0.00,2,0
2026-06-13 14:26:55.639,0.00,0.00,0.00,0.00,2,0
2026-06-13 14:26:55.689,0.00,0.00,0.00,0.00,2,0
2026-06-13 14:26:55.740,0.00,0.00,0.00,0.00,2,0
2026-06-13 14:26:55.790,0.00,0.00,0.00,0.00,2,0
2026-06-13 14:26:55.840,0.00,0.00,0.00,0.00,2,0
2026-06-13 14:26:55.891,0.00,0.00,0.00,0.00,2,0
2026-06-13 14:26:55.941,0.00,0.00,0.00,0.00,2,0
2026-06-13 14:26:55.991,0.00,0.00,0.00,0.00,2,0
2026-06-13 14:26:56.042,0.00,0.00,0.00,0.00,2,0
2026-06-13 14:26:56.092,0.00,0.00,0.00,0.00,2,0
2026-06-13 14:26:56.143,0.00,0.00,0.00,0.00,2,0
2026-06-13 14:26:56.193,0.00,0.00,0.00,0.00,2,0
2026-06-13 14:26:56.243,0.00,0.00,0.00,0.00,2,0
2026-06-13 14:26:56.294,0.00,0.00,0.00,0.00,2,0
2026-06-13 14:26:56.344,0.00,0.00,0.00,0.00,2,0
2026-06-13 14:26:56.394,0.00,0.00,0.00,0.00,2,0
2026-06-13 14:26:56.445,0.00,0.00,0.00,0.00,2,0
2026-06-13 14:26:56.495,0.00,0.00,0.00,0.00,2,0
2026-06-13 14:26:56.546,0.00,0.00,0.00,0.00,2,0
2026-06-13 14:26:56.596,0.00,0.00,0.00,0.00,2,0
2026-06-13 14:26:56.646,0.00,0.00,0.00,0.00,2,0
2026-06-13 14:26:56.697,0.00,0.00,0.00,0.00,2,0
2026-06-13 14:26:56.747,0.00,0.00,0.00,0.00,2,0
2026-06-13 14:26:56.797,0.00,0.00,0.00,0.00,2,0
2026-06-13 14:26:56.848,0.00,0.00,0.00,0.00,2,0
2026-06-13 14:26:56.898,0.00,0.00,0.00,0.00,2,0
2026-06-13 14:26:56.949,0.00,0.00,0.00,0.00,2,0
2026-06-13 14:26:56.999,0.00,0.00,0.00,0.00,2,0
2026-06-13 14:26:57.049,0.00,0.00,0.00,0.00,2,0
2026-06-13 14:26:57.100,0.00,0.00,0.00,0.00,2,0
2026-06-13 14:26:57.150,0.00,0.00,0.00,0.00,2,0
2026-06-13 14:26:57.200,0.00,0.00,0.00,0.00,2,0
2026-06-13 14:26:57.251,0.00,0.00,0.00,0.00,2,0
2026-06-13 14:26:57.301,0.00,0.00,0.00,0.00,2,0
